,ret
2023-09-29 08:00:00+00:00,-0.01158840237051877
2023-09-29 12:00:00+00:00,-0.0035257317152450843
2023-09-29 16:00:00+00:00,0.01290760478686568
2023-09-29 20:00:00+00:00,-0.007459634106971435
2023-09-30 00:00:00+00:00,0.004829051676825747
2023-09-30 04:00:00+00:00,0.006696111411412575
2023-09-30 08:00:00+00:00,-0.0003922162433630745
2023-09-30 12:00:00+00:00,-0.00030110816261781376
2023-09-30 16:00:00+00:00,-0.0031331993850632896
2023-09-30 20:00:00+00:00,-0.005738069100656239
2023-10-01 00:00:00+00:00,0.0045641770753865
2023-10-01 04:00:00+00:00,-0.0019157440642142204
2023-10-01 08:00:00+00:00,0.0009699387414867637
2023-10-01 12:00:00+00:00,-0.0019874410313026614
2023-10-01 16:00:00+00:00,-0.009561424938168828
2023-10-01 20:00:00+00:00,0.024273203633579057
2023-10-02 00:00:00+00:00,-0.013059158915051272
2023-10-02 04:00:00+00:00,0.007436156316531184
2023-10-02 08:00:00+00:00,-0.009642309273353742
2023-10-02 12:00:00+00:00,-0.007597811223035333
2023-10-02 16:00:00+00:00,-0.012082078319887259
2023-10-02 20:00:00+00:00,-0.0014959501587969105
2023-10-03 00:00:00+00:00,0.00529921631885264
2023-10-03 04:00:00+00:00,-0.005866696935661398
2023-10-03 08:00:00+00:00,-0.00037891688667679354
2023-10-03 12:00:00+00:00,-0.00149509758044062
2023-10-03 16:00:00+00:00,-0.015203736721464956
2023-10-03 20:00:00+00:00,-0.005327865714043867
2023-10-04 00:00:00+00:00,-0.004234262601601536
2023-10-04 04:00:00+00:00,0.0017250245541668768
2023-10-04 08:00:00+00:00,0.0005547862697151244
2023-10-04 12:00:00+00:00,-0.008388398539093124
2023-10-04 16:00:00+00:00,0.005783142424787057
2023-10-04 20:00:00+00:00,0.005901748632486337
2023-10-05 00:00:00+00:00,0.002431363753752614
2023-10-05 04:00:00+00:00,0.016577619975217516
2023-10-05 08:00:00+00:00,-0.005034660531467683
2023-10-05 12:00:00+00:00,-0.005710958953432099
2023-10-05 16:00:00+00:00,-0.0064771782153062
2023-10-05 20:00:00+00:00,-0.00617639790950073
2023-10-06 00:00:00+00:00,0.004680320702303975
2023-10-06 04:00:00+00:00,0.0028784250407404956
2023-10-06 08:00:00+00:00,-0.0009953547196746458
2023-10-06 12:00:00+00:00,0.01430797541722746
2023-10-06 16:00:00+00:00,0.004720567698030487
2023-10-06 20:00:00+00:00,-0.0023768306558672905
2023-10-07 00:00:00+00:00,-0.011704989699543967
2023-10-07 04:00:00+00:00,-0.0012835340987851218
2023-10-07 08:00:00+00:00,0.0032727126854594562
2023-10-07 12:00:00+00:00,-0.0022697652973625135
2023-10-07 16:00:00+00:00,0.00224467153470993
2023-10-07 20:00:00+00:00,-0.0004769499312570428
2023-10-08 00:00:00+00:00,0.0022232164565106458
2023-10-08 04:00:00+00:00,0.0007838855976059602
2023-10-08 08:00:00+00:00,-0.0017220545314343468
2023-10-08 12:00:00+00:00,0.005257541251374654
2023-10-08 16:00:00+00:00,-0.0035291410099224764
2023-10-08 20:00:00+00:00,-0.0010775161620562694
2023-10-09 00:00:00+00:00,0.002060783972603519
2023-10-09 04:00:00+00:00,0.000367733855066786
2023-10-09 08:00:00+00:00,0.005692172731800936
2023-10-09 12:00:00+00:00,-0.0013751777494514176
2023-10-09 16:00:00+00:00,0.0006385896557001169
2023-10-09 20:00:00+00:00,-0.003446737297343261
2023-10-10 00:00:00+00:00,0.002679102402456524
2023-10-10 04:00:00+00:00,-0.0014334633191822816
2023-10-10 08:00:00+00:00,-0.0021520771584516915
2023-10-10 12:00:00+00:00,-0.0017458092191637853
2023-10-10 16:00:00+00:00,-0.0026020324213841704
2023-10-10 20:00:00+00:00,-0.00259464684641324
2023-10-11 00:00:00+00:00,0.00025583398875062
2023-10-11 04:00:00+00:00,0.00011158958228247865
2023-10-11 08:00:00+00:00,-0.0068933986803112685
2023-10-11 12:00:00+00:00,0.005395929964376278
2023-10-11 16:00:00+00:00,0.00011244242519508024
2023-10-11 20:00:00+00:00,-0.007612565464794854
2023-10-12 00:00:00+00:00,0.006421809924385546
2023-10-12 04:00:00+00:00,0.002549492611889437
2023-10-12 08:00:00+00:00,0.006429676347698354
2023-10-12 12:00:00+00:00,0.0012431898821307235
2023-10-12 16:00:00+00:00,0.0027073108196209675
2023-10-12 20:00:00+00:00,0.0030197869319281254
2023-10-13 00:00:00+00:00,0.003148450054488205
2023-10-13 04:00:00+00:00,-0.0017344539463812316
2023-10-13 08:00:00+00:00,-0.0018244189017553756
2023-10-13 12:00:00+00:00,-0.0037548370618077035
2023-10-13 16:00:00+00:00,0.002656190258098023
2023-10-13 20:00:00+00:00,-0.003430185977691647
2023-10-14 00:00:00+00:00,0.005779706796552998
2023-10-14 04:00:00+00:00,-0.0020525200511580135
2023-10-14 08:00:00+00:00,-0.0017771058331743856
2023-10-14 12:00:00+00:00,-0.002765819065232944
2023-10-14 16:00:00+00:00,-0.001243084013748774
2023-10-14 20:00:00+00:00,0.0029187426035738543
2023-10-15 00:00:00+00:00,-0.0007637208033973719
2023-10-15 04:00:00+00:00,-0.005863657131075263
2023-10-15 08:00:00+00:00,-0.004852831155862369
2023-10-15 12:00:00+00:00,0.008868843891702727
2023-10-15 16:00:00+00:00,-0.00936420335335444
2023-10-15 20:00:00+00:00,-0.00016397585502292422
2023-10-16 00:00:00+00:00,-0.0021803435965501946
2023-10-16 04:00:00+00:00,-0.0001910354964288494
2023-10-16 08:00:00+00:00,0.006922907798035883
2023-10-16 12:00:00+00:00,0.011222923154113308
2023-10-16 16:00:00+00:00,-0.0001584595110144301
2023-10-16 20:00:00+00:00,0.002656279790943094
2023-10-17 00:00:00+00:00,0.001274491101893327
2023-10-17 04:00:00+00:00,0.005452490356108354
2023-10-17 08:00:00+00:00,0.003827065710925416
2023-10-17 12:00:00+00:00,0.019435787102941825
2023-10-17 16:00:00+00:00,0.007171589141682366
2023-10-17 20:00:00+00:00,0.0011745560118003647
2023-10-18 00:00:00+00:00,0.012330079340615962
2023-10-18 04:00:00+00:00,-0.0010602539398337106
2023-10-18 08:00:00+00:00,-0.006667338237901844
2023-10-18 12:00:00+00:00,-0.0044523733332814345
2023-10-18 16:00:00+00:00,-0.00012152587069636
2023-10-18 20:00:00+00:00,-0.0032096671430511987
2023-10-19 00:00:00+00:00,-0.0001563258483532337
2023-10-19 04:00:00+00:00,0.01069819767697118
2023-10-19 08:00:00+00:00,0.00545359606090261
2023-10-19 12:00:00+00:00,0.0033672590878064852
2023-10-19 16:00:00+00:00,0.002877121088296764
2023-10-19 20:00:00+00:00,-0.015312303058011147
2023-10-20 00:00:00+00:00,0.0028627396936138803
2023-10-20 04:00:00+00:00,0.014683889494130799
2023-10-20 08:00:00+00:00,0.0012200197541059501
2023-10-20 12:00:00+00:00,0.004031594725761312
2023-10-20 16:00:00+00:00,-0.005109019740435761
2023-10-20 20:00:00+00:00,-0.0002910700778899545
2023-10-21 00:00:00+00:00,-0.001420898076509092
2023-10-21 04:00:00+00:00,-0.000578530205428641
2023-10-21 08:00:00+00:00,0.004573369424880337
2023-10-21 12:00:00+00:00,-0.014856909678399057
2023-10-21 16:00:00+00:00,8.148653618176302e-05
2023-10-21 20:00:00+00:00,0.0031376235307442944
2023-10-22 00:00:00+00:00,0.0060874519695812476
2023-10-22 04:00:00+00:00,-0.016301563399888842
2023-10-22 08:00:00+00:00,0.005239194936124725
2023-10-22 12:00:00+00:00,0.0020867326876551355
2023-10-22 16:00:00+00:00,-0.0023565851431596838
2023-10-22 20:00:00+00:00,0.005946523226770494
2023-10-23 00:00:00+00:00,0.015974083029422985
2023-10-23 04:00:00+00:00,0.009783556008938963
2023-10-23 08:00:00+00:00,-0.007459687833757988
2023-10-23 12:00:00+00:00,-0.00352431275872953
2023-10-23 16:00:00+00:00,-0.002927034395780236
2023-10-23 20:00:00+00:00,0.012326149327307957
2023-10-24 00:00:00+00:00,-0.010388981493878482
2023-10-24 04:00:00+00:00,-0.007651356740917238
2023-10-24 08:00:00+00:00,-0.011367204938778365
2023-10-24 12:00:00+00:00,0.009665592510137256
2023-10-24 16:00:00+00:00,-0.006136196673900394
2023-10-24 20:00:00+00:00,0.00027896265115154805
2023-10-25 00:00:00+00:00,0.01873705707109357
2023-10-25 04:00:00+00:00,0.002536697566638347
2023-10-25 08:00:00+00:00,0.028138330465263133
2023-10-25 12:00:00+00:00,0.03023187243621854
2023-10-25 16:00:00+00:00,-0.004089053734563674
2023-10-25 20:00:00+00:00,0.008090919429690003
2023-10-26 00:00:00+00:00,-0.0084631961656489
2023-10-26 04:00:00+00:00,-0.025024206269363636
2023-10-26 08:00:00+00:00,-0.009997323825527583
2023-10-26 12:00:00+00:00,0.010863053219879348
2023-10-26 16:00:00+00:00,0.00952737059647717
2023-10-26 20:00:00+00:00,0.016618402517553314
2023-10-27 00:00:00+00:00,-0.008721863696876556
2023-10-27 04:00:00+00:00,-0.013030881486147195
2023-10-27 08:00:00+00:00,0.001441658219162667
2023-10-27 12:00:00+00:00,6.045184957874589e-05
2023-10-27 16:00:00+00:00,0.0030459153322752283
2023-10-27 20:00:00+00:00,-0.0016938274679660916
2023-10-28 00:00:00+00:00,0.004358758364137662
2023-10-28 04:00:00+00:00,-0.012712753608911578
2023-10-28 08:00:00+00:00,0.004764487814075414
2023-10-28 12:00:00+00:00,-0.015613849088732736
2023-10-28 16:00:00+00:00,-0.010209776615719847
2023-10-28 20:00:00+00:00,-0.0003725863428681866
2023-10-29 00:00:00+00:00,0.006275951867722207
2023-10-29 04:00:00+00:00,0.0062125303491520345
2023-10-29 08:00:00+00:00,0.0004328845748687863
2023-10-29 12:00:00+00:00,-0.003806057288060517
2023-10-29 16:00:00+00:00,-0.0063163609664368394
2023-10-29 20:00:00+00:00,-0.0061582841770063245
2023-10-30 00:00:00+00:00,0.014334324615801643
2023-10-30 04:00:00+00:00,-0.0019527287782998397
2023-10-30 08:00:00+00:00,0.023922706618702928
2023-10-30 12:00:00+00:00,-0.014522305185661845
2023-10-30 16:00:00+00:00,-0.006976452401260082
2023-10-30 20:00:00+00:00,-0.0010389951256304824
2023-10-31 00:00:00+00:00,0.009587988890581366
2023-10-31 04:00:00+00:00,0.0029988150875588154
2023-10-31 08:00:00+00:00,-0.003034860959531183
2023-10-31 12:00:00+00:00,0.005650460417536897
2023-10-31 16:00:00+00:00,6.656681913415081e-05
2023-10-31 20:00:00+00:00,0.008710921853953989
2023-11-01 00:00:00+00:00,0.007604754560056072
2023-11-01 04:00:00+00:00,0.000400618827904697
2023-11-01 08:00:00+00:00,0.0024983947193376152
2023-11-01 12:00:00+00:00,0.027736931461103276
2023-11-01 16:00:00+00:00,-0.0037087796281349422
2023-11-01 20:00:00+00:00,0.0007309763288495092
2023-11-02 00:00:00+00:00,0.022760154611155017
2023-11-02 04:00:00+00:00,-0.016973019409279644
2023-11-02 08:00:00+00:00,0.005402608772117713
2023-11-02 12:00:00+00:00,-0.02067607613756153
2023-11-02 16:00:00+00:00,0.009171342327140944
2023-11-02 20:00:00+00:00,-0.012002214838752258
2023-11-03 00:00:00+00:00,-0.01777569138684878
2023-11-03 04:00:00+00:00,0.013441887357301185
2023-11-03 08:00:00+00:00,-0.005016577747688889
2023-11-03 12:00:00+00:00,0.007363813035781599
2023-11-03 16:00:00+00:00,-0.007123035761004883
2023-11-03 20:00:00+00:00,-0.00347874352689812
2023-11-04 00:00:00+00:00,0.007043400910356355
2023-11-04 04:00:00+00:00,0.0033078372683078344
2023-11-04 08:00:00+00:00,-0.008020152185230445
2023-11-04 12:00:00+00:00,-0.0018087224075381545
2023-11-04 16:00:00+00:00,0.004615579552601324
2023-11-04 20:00:00+00:00,0.0072211615214123025
2023-11-05 00:00:00+00:00,0.014114972088785871
2023-11-05 04:00:00+00:00,-0.011631181848084026
2023-11-05 08:00:00+00:00,0.008755447983390629
2023-11-05 12:00:00+00:00,-0.012623426610560928
2023-11-05 16:00:00+00:00,-0.0010966279781057912
2023-11-05 20:00:00+00:00,0.006840738385803768
2023-11-06 00:00:00+00:00,0.0005344667976075797
2023-11-06 04:00:00+00:00,0.004313391378044273
2023-11-06 08:00:00+00:00,0.012031237681217503
2023-11-06 12:00:00+00:00,-0.02001455947412183
2023-11-06 16:00:00+00:00,0.0005561013877439136
2023-11-06 20:00:00+00:00,0.012671400794868882
2023-11-07 00:00:00+00:00,-0.012557879784031356
2023-11-07 04:00:00+00:00,-0.0074931350224126895
2023-11-07 08:00:00+00:00,-0.0022241556172446692
2023-11-07 12:00:00+00:00,-0.005691609576203494
2023-11-07 16:00:00+00:00,0.02050325849919594
2023-11-07 20:00:00+00:00,-0.006482546995569272
2023-11-08 00:00:00+00:00,0.007672827142558237
2023-11-08 04:00:00+00:00,-0.008579650724021072
2023-11-08 08:00:00+00:00,0.004212250382905914
2023-11-08 12:00:00+00:00,-0.005967966169404205
2023-11-08 16:00:00+00:00,0.017668313932506452
2023-11-08 20:00:00+00:00,0.005677927713262721
2023-11-09 00:00:00+00:00,0.004985114479007026
2023-11-09 04:00:00+00:00,0.006507819600376807
2023-11-09 08:00:00+00:00,0.010921023566776688
2023-11-09 12:00:00+00:00,-0.004513203331874438
2023-11-09 16:00:00+00:00,-0.032193885785669556
2023-11-09 20:00:00+00:00,0.007740741935310647
2023-11-10 00:00:00+00:00,0.007400757592825701
2023-11-10 04:00:00+00:00,0.00023740958066553785
2023-11-10 08:00:00+00:00,0.02223157385058423
2023-11-10 12:00:00+00:00,0.0038189889622583864
2023-11-10 16:00:00+00:00,0.02402194056812239
2023-11-10 20:00:00+00:00,0.012585793917180753
2023-11-11 00:00:00+00:00,-0.02940707320559382
2023-11-11 04:00:00+00:00,-0.020007765001915968
2023-11-11 08:00:00+00:00,0.0011163454406667894
2023-11-11 12:00:00+00:00,0.05716016050460733
2023-11-11 16:00:00+00:00,-0.0012093086020152468
2023-11-11 20:00:00+00:00,-0.015907203889473573
2023-11-12 00:00:00+00:00,-0.002975938945376932
2023-11-12 04:00:00+00:00,0.020885829343340625
2023-11-12 08:00:00+00:00,0.0025177845172870343
2023-11-12 12:00:00+00:00,-0.01807215364068733
2023-11-12 16:00:00+00:00,0.00513689622743574
2023-11-12 20:00:00+00:00,-0.007616897539547906
2023-11-13 00:00:00+00:00,0.008244269068825805
2023-11-13 04:00:00+00:00,0.0014845470720906248
2023-11-13 08:00:00+00:00,-0.026854034354569036
2023-11-13 12:00:00+00:00,-0.03447984321306316
2023-11-13 16:00:00+00:00,-0.010226870970142188
2023-11-13 20:00:00+00:00,-0.010826100790729341
2023-11-14 00:00:00+00:00,0.023834904585941136
2023-11-14 04:00:00+00:00,-0.003612109372282558
2023-11-14 08:00:00+00:00,-0.023397043734877034
2023-11-14 12:00:00+00:00,0.008848519259413523
2023-11-14 16:00:00+00:00,-0.012566266851014522
2023-11-14 20:00:00+00:00,0.0009008811726268781
2023-11-15 00:00:00+00:00,0.0014007626517690938
2023-11-15 04:00:00+00:00,0.017649303808656834
2023-11-15 08:00:00+00:00,0.02460365017869537
2023-11-15 12:00:00+00:00,-0.008945205899870402
2023-11-15 16:00:00+00:00,0.006107545243469481
2023-11-15 20:00:00+00:00,0.004871336647119296
2023-11-16 00:00:00+00:00,0.014140656913439777
2023-11-16 04:00:00+00:00,0.008125729302203299
2023-11-16 08:00:00+00:00,-0.0016819252286611756
2023-11-16 12:00:00+00:00,-0.027353343438760024
2023-11-16 16:00:00+00:00,0.009024398719365001
2023-11-16 20:00:00+00:00,-0.0236991734087189
2023-11-17 00:00:00+00:00,-0.0022169932149166184
2023-11-17 04:00:00+00:00,-0.013000481738425676
2023-11-17 08:00:00+00:00,-0.009523443140349384
2023-11-17 12:00:00+00:00,-0.006367811718263371
2023-11-17 16:00:00+00:00,0.014459590083517822
2023-11-17 20:00:00+00:00,-0.0048114704312595576
2023-11-18 00:00:00+00:00,-0.013654245940155164
2023-11-18 04:00:00+00:00,-0.0014975986935431554
2023-11-18 08:00:00+00:00,0.0016105886454193877
2023-11-18 12:00:00+00:00,0.0026176271779408513
2023-11-18 16:00:00+00:00,0.0007760796174103523
2023-11-18 20:00:00+00:00,-0.0032231093923155373
2023-11-19 00:00:00+00:00,-0.0008196777949086578
2023-11-19 04:00:00+00:00,0.020029314168125947
2023-11-19 08:00:00+00:00,-0.016173353461788987
2023-11-19 12:00:00+00:00,-0.0027158231410411957
2023-11-19 16:00:00+00:00,0.025064068943854736
2023-11-19 20:00:00+00:00,0.0042186141751698655
2023-11-20 00:00:00+00:00,0.0015951886894555187
2023-11-20 04:00:00+00:00,-0.005929609648832892
2023-11-20 08:00:00+00:00,-0.010591125534648761
2023-11-20 12:00:00+00:00,-0.008941644993758604
2023-11-20 16:00:00+00:00,-0.029566668897196995
2023-11-20 20:00:00+00:00,-0.004718817780420449
2023-11-21 00:00:00+00:00,-0.004648266059003393
2023-11-21 04:00:00+00:00,0.00038226310869717787
2023-11-21 08:00:00+00:00,0.004799741081050146
2023-11-21 12:00:00+00:00,-0.013118349187705826
2023-11-21 16:00:00+00:00,0.0036863648681905365
2023-11-21 20:00:00+00:00,-0.005661239639120355
2023-11-22 00:00:00+00:00,0.025068932779342124
2023-11-22 04:00:00+00:00,-0.0033444682091257733
2023-11-22 08:00:00+00:00,-0.011263581810357847
2023-11-22 12:00:00+00:00,0.0007336791433156576
2023-11-22 16:00:00+00:00,0.0043873179215164985
2023-11-22 20:00:00+00:00,-0.008369009400067661
2023-11-23 00:00:00+00:00,-0.009602332181142925
2023-11-23 04:00:00+00:00,0.00392739437107621
2023-11-23 08:00:00+00:00,-0.004299484935641873
2023-11-23 12:00:00+00:00,-0.002188178908106764
2023-11-23 16:00:00+00:00,0.002455817826747353
2023-11-23 20:00:00+00:00,0.004436884637564531
2023-11-24 00:00:00+00:00,-0.008715976908307143
2023-11-24 04:00:00+00:00,0.0006856605280645573
2023-11-24 08:00:00+00:00,0.010283134777853165
2023-11-24 12:00:00+00:00,-0.009986007779247075
2023-11-24 16:00:00+00:00,0.0018737273694189088
2023-11-24 20:00:00+00:00,-0.0064849873022119215
2023-11-25 00:00:00+00:00,0.008649347773824912
2023-11-25 04:00:00+00:00,0.004885647957341923
2023-11-25 08:00:00+00:00,0.00030354144049109564
2023-11-25 12:00:00+00:00,0.0070193005895054835
2023-11-25 16:00:00+00:00,0.004417117629777499
2023-11-25 20:00:00+00:00,-0.011253551613591518
2023-11-26 00:00:00+00:00,-0.002782087915235799
2023-11-26 04:00:00+00:00,-0.006954342263434366
2023-11-26 08:00:00+00:00,-0.006427082051146594
2023-11-26 12:00:00+00:00,0.0008827511226544341
2023-11-26 16:00:00+00:00,0.019816913127675286
2023-11-26 20:00:00+00:00,-0.0041022375540035625
2023-11-27 00:00:00+00:00,-0.00638135499953929
2023-11-27 04:00:00+00:00,0.0026248500396309324
2023-11-27 08:00:00+00:00,-0.0017065954659557965
2023-11-27 12:00:00+00:00,0.0013925149921909298
2023-11-27 16:00:00+00:00,-0.0014439074797238489
2023-11-27 20:00:00+00:00,0.003297973450716097
2023-11-28 00:00:00+00:00,0.0032849967874040813
2023-11-28 04:00:00+00:00,-0.00848196644302697
2023-11-28 08:00:00+00:00,-0.007780067084606945
2023-11-28 12:00:00+00:00,0.003236018196732737
2023-11-28 16:00:00+00:00,0.0004513912543593348
2023-11-28 20:00:00+00:00,0.008381802260988079
2023-11-29 00:00:00+00:00,0.013316003814085688
2023-11-29 04:00:00+00:00,-0.0030808020666420748
2023-11-29 08:00:00+00:00,0.002670030114785038
2023-11-29 12:00:00+00:00,-0.02065126085102269
2023-11-29 16:00:00+00:00,-0.0029644276644378745
2023-11-29 20:00:00+00:00,-0.01682667043261541
2023-11-30 00:00:00+00:00,0.009173546542873412
2023-11-30 04:00:00+00:00,0.0033926181205508497
2023-11-30 08:00:00+00:00,-0.00257082398173012
2023-11-30 12:00:00+00:00,0.00922719127435443
2023-11-30 16:00:00+00:00,0.0014181343989791313
2023-11-30 20:00:00+00:00,-0.00483565659108074
2023-12-01 00:00:00+00:00,-0.0013092391244106543
2023-12-01 04:00:00+00:00,0.000758256972253668
2023-12-01 08:00:00+00:00,-0.002755016952184252
2023-12-01 12:00:00+00:00,0.00011594796259086805
2023-12-01 16:00:00+00:00,-0.0022399863884236875
2023-12-01 20:00:00+00:00,0.0028885950070834947
2023-12-02 00:00:00+00:00,-0.0003245462241371565
2023-12-02 04:00:00+00:00,-0.006704807491687715
2023-12-02 08:00:00+00:00,-0.006869833713661499
2023-12-02 12:00:00+00:00,-0.001696122160855729
2023-12-02 16:00:00+00:00,0.0011305760128746739
2023-12-02 20:00:00+00:00,0.003518572611682447
2023-12-03 00:00:00+00:00,-0.005827514455738859
2023-12-03 04:00:00+00:00,-0.0004425889466852734
2023-12-03 08:00:00+00:00,-0.009218415265672351
2023-12-03 12:00:00+00:00,-0.003451279424843646
2023-12-03 16:00:00+00:00,-0.005464362966732717
2023-12-03 20:00:00+00:00,-0.00100321129157952
2023-12-04 00:00:00+00:00,0.0019938748439179096
2023-12-04 04:00:00+00:00,-0.03530308987494924
2023-12-04 08:00:00+00:00,0.0036711450298175822
2023-12-04 12:00:00+00:00,0.0033113560215496394
2023-12-04 16:00:00+00:00,-0.013000788334556333
2023-12-04 20:00:00+00:00,-0.002310689386465903
2023-12-05 00:00:00+00:00,-0.009386921741817388
2023-12-05 04:00:00+00:00,0.008281391787113979
2023-12-05 08:00:00+00:00,0.01602030011963831
2023-12-05 12:00:00+00:00,0.01817822490704126
2023-12-05 16:00:00+00:00,0.018946090246856298
2023-12-05 20:00:00+00:00,0.008931264194840895
2023-12-06 00:00:00+00:00,-0.01278645824365312
2023-12-06 04:00:00+00:00,0.014420689379868849
2023-12-06 08:00:00+00:00,-0.012034217641121557
2023-12-06 12:00:00+00:00,-0.01378680337322691
2023-12-06 16:00:00+00:00,0.014399680025956818
2023-12-06 20:00:00+00:00,-0.03153448238656971
2023-12-07 00:00:00+00:00,0.0043632908759985165
2023-12-07 04:00:00+00:00,-0.0004377832382494338
2023-12-07 08:00:00+00:00,-0.007753123638418645
2023-12-07 12:00:00+00:00,-0.00048781451638593167
2023-12-07 16:00:00+00:00,-0.009285388744965874
2023-12-07 20:00:00+00:00,0.006941628490275532
2023-12-08 00:00:00+00:00,-0.007407917264211195
2023-12-08 04:00:00+00:00,0.009967595201924738
2023-12-08 08:00:00+00:00,0.02030203711376107
2023-12-08 12:00:00+00:00,0.02654344180052466
2023-12-08 16:00:00+00:00,-0.005942419653782527
2023-12-08 20:00:00+00:00,0.008331125060375123
2023-12-09 00:00:00+00:00,0.004695964579669743
2023-12-09 04:00:00+00:00,0.015566650146718252
2023-12-09 08:00:00+00:00,0.014167384960199828
2023-12-09 12:00:00+00:00,-0.009027718519631424
2023-12-09 16:00:00+00:00,-0.012630941098168025
2023-12-09 20:00:00+00:00,-0.025954271948183918
2023-12-10 00:00:00+00:00,0.009541922751598018
2023-12-10 04:00:00+00:00,-0.009795401028262285
2023-12-10 08:00:00+00:00,1.3272794729069707e-06
2023-12-10 12:00:00+00:00,0.012012833738006323
2023-12-10 16:00:00+00:00,0.010381428041227835
2023-12-10 20:00:00+00:00,0.003646809259478157
2023-12-11 00:00:00+00:00,-0.013636931200150684
2023-12-11 04:00:00+00:00,-0.00897236212152346
2023-12-11 08:00:00+00:00,0.0009608442097396313
2023-12-11 12:00:00+00:00,-0.019844722287094864
2023-12-11 16:00:00+00:00,-0.004035802281881339
2023-12-11 20:00:00+00:00,-0.001951811242687017
2023-12-12 00:00:00+00:00,0.010421347041356398
2023-12-12 04:00:00+00:00,0.017838510550023945
2023-12-12 08:00:00+00:00,-0.0004073969765178362
2023-12-12 12:00:00+00:00,-0.023546968884332546
2023-12-12 16:00:00+00:00,-0.009876587778570213
2023-12-12 20:00:00+00:00,0.0098388913629595
2023-12-13 00:00:00+00:00,-0.019213887881522673
2023-12-13 04:00:00+00:00,-0.002174571223827582
2023-12-13 08:00:00+00:00,0.012926119799058224
2023-12-13 12:00:00+00:00,0.0055348066760816375
2023-12-13 16:00:00+00:00,0.023552072979803777
2023-12-13 20:00:00+00:00,0.009495065479112653
2023-12-14 00:00:00+00:00,-0.009038317554721464
2023-12-14 04:00:00+00:00,0.004151109694965394
2023-12-14 08:00:00+00:00,-0.0064143644202239595
2023-12-14 12:00:00+00:00,-0.014758459592556663
2023-12-14 16:00:00+00:00,-0.008359199726504361
2023-12-14 20:00:00+00:00,0.001936750448926669
2023-12-15 00:00:00+00:00,-0.012598390306797656
2023-12-15 04:00:00+00:00,-0.012451958865657687
2023-12-15 08:00:00+00:00,-0.009650708407855823
2023-12-15 12:00:00+00:00,-0.007488174190040486
2023-12-15 16:00:00+00:00,-0.00026881825127975665
2023-12-15 20:00:00+00:00,-0.01859631309044814
2023-12-16 00:00:00+00:00,0.017577456487222178
2023-12-16 04:00:00+00:00,0.005116507256517133
2023-12-16 08:00:00+00:00,0.017096264480235074
2023-12-16 12:00:00+00:00,0.01586101819037207
2023-12-16 16:00:00+00:00,-0.012669676236910885
2023-12-16 20:00:00+00:00,0.00349562080700967
2023-12-17 00:00:00+00:00,0.003242220489606962
2023-12-17 04:00:00+00:00,-0.016864817375716167
2023-12-17 08:00:00+00:00,0.0010959953639883243
2023-12-17 12:00:00+00:00,-0.010408610561597786
2023-12-17 16:00:00+00:00,0.0008957847986299055
2023-12-17 20:00:00+00:00,-0.013313921063855759
2023-12-18 00:00:00+00:00,8.376222683171425e-06
2023-12-18 04:00:00+00:00,-0.013440545803686078
2023-12-18 08:00:00+00:00,-0.003998568957502679
2023-12-18 12:00:00+00:00,0.005886520397099537
2023-12-18 16:00:00+00:00,0.004218094244526926
2023-12-18 20:00:00+00:00,0.01433279626376431
2023-12-19 00:00:00+00:00,0.01464143214437965
2023-12-19 04:00:00+00:00,-0.0009219278372180062
2023-12-19 08:00:00+00:00,0.008100929727213881
2023-12-19 12:00:00+00:00,-0.003755100462460282
2023-12-19 16:00:00+00:00,-0.007508137684053272
2023-12-19 20:00:00+00:00,-0.0005382408658313409
2023-12-20 00:00:00+00:00,0.011612214021567157
2023-12-20 04:00:00+00:00,-0.009788926521482113
2023-12-20 08:00:00+00:00,0.014968458811867702
2023-12-20 12:00:00+00:00,0.0034688963774652136
2023-12-20 16:00:00+00:00,-0.0028209827994359225
2023-12-20 20:00:00+00:00,-0.0019169438263862302
2023-12-21 00:00:00+00:00,0.005440625171269309
2023-12-21 04:00:00+00:00,0.024106908189313363
2023-12-21 08:00:00+00:00,0.017670456074064568
2023-12-21 12:00:00+00:00,-0.0023578374127301905
2023-12-21 16:00:00+00:00,0.020536801675661277
2023-12-21 20:00:00+00:00,-0.016640830417851738
2023-12-22 00:00:00+00:00,0.01899358706345855
2023-12-22 04:00:00+00:00,-0.02544741256665364
2023-12-22 08:00:00+00:00,-0.029752833917829322
2023-12-22 12:00:00+00:00,-0.0011756185585214845
2023-12-22 16:00:00+00:00,0.004505985530070557
2023-12-22 20:00:00+00:00,-0.011381200594179176
2023-12-23 00:00:00+00:00,-0.012314418050197572
2023-12-23 04:00:00+00:00,0.014919599802182094
2023-12-23 08:00:00+00:00,-0.005443646626331189
2023-12-23 12:00:00+00:00,-0.001154269199950719
2023-12-23 16:00:00+00:00,0.026692648433201717
2023-12-23 20:00:00+00:00,0.029639441724996555
2023-12-24 00:00:00+00:00,0.019499211765306137
2023-12-24 04:00:00+00:00,0.0019568339408043466
2023-12-24 08:00:00+00:00,-0.02632065661738556
2023-12-24 12:00:00+00:00,-0.008949261073378881
2023-12-24 16:00:00+00:00,-0.006171589570194058
2023-12-24 20:00:00+00:00,0.01221395810791559
2023-12-25 00:00:00+00:00,0.0008439981886002807
2023-12-25 04:00:00+00:00,0.007952344018944601
2023-12-25 08:00:00+00:00,-0.01323907707951404
2023-12-25 12:00:00+00:00,0.032959330110677885
2023-12-25 16:00:00+00:00,0.01233866921015443
2023-12-25 20:00:00+00:00,-0.002057387274371503
2023-12-26 00:00:00+00:00,0.011296116680308254
2023-12-26 04:00:00+00:00,-0.004557275081365009
2023-12-26 08:00:00+00:00,0.020634417729445104
2023-12-26 12:00:00+00:00,-0.009614188054529647
2023-12-26 16:00:00+00:00,-0.001399813023822972
2023-12-26 20:00:00+00:00,0.01713194690866704
2023-12-27 00:00:00+00:00,-0.018906755121523598
2023-12-27 04:00:00+00:00,-0.006763702438250064
2023-12-27 08:00:00+00:00,0.012578812701471853
2023-12-27 12:00:00+00:00,-0.012720869611018017
2023-12-27 16:00:00+00:00,-0.015733615137685474
2023-12-27 20:00:00+00:00,-0.0038802204065079273
2023-12-28 00:00:00+00:00,-0.008983865801189017
2023-12-28 04:00:00+00:00,0.011861332840360641
2023-12-28 08:00:00+00:00,-0.001800724994942948
2023-12-28 12:00:00+00:00,-0.018285838763316114
2023-12-28 16:00:00+00:00,0.017192098764959578
2023-12-28 20:00:00+00:00,-0.007742276187615362
2023-12-29 00:00:00+00:00,0.008084742184527238
2023-12-29 04:00:00+00:00,-0.0054892280060513405
2023-12-29 08:00:00+00:00,0.0062571844048693115
2023-12-29 12:00:00+00:00,-0.01171194593032059
2023-12-29 16:00:00+00:00,-0.004245070376187508
2023-12-29 20:00:00+00:00,0.009359832841824468
2023-12-30 00:00:00+00:00,0.0018405805013127288
2023-12-30 04:00:00+00:00,-0.0018624519783602802
2023-12-30 08:00:00+00:00,0.002029845048095225
2023-12-30 12:00:00+00:00,0.027306766558993844
2023-12-30 16:00:00+00:00,-0.014177227649596369
2023-12-30 20:00:00+00:00,0.002477600789812096
2023-12-31 00:00:00+00:00,0.0068691951230712926
2023-12-31 04:00:00+00:00,0.0037137876675205302
2023-12-31 08:00:00+00:00,0.010941255452499021
2023-12-31 12:00:00+00:00,-0.01112199914407037
2023-12-31 16:00:00+00:00,0.009015357422227656
2023-12-31 20:00:00+00:00,9.953946593485932e-06
2024-01-01 00:00:00+00:00,-0.0020285600165496744
2024-01-01 04:00:00+00:00,-0.005177760896434002
2024-01-01 08:00:00+00:00,0.005044023072150415
2024-01-01 12:00:00+00:00,0.005192236128412799
2024-01-01 16:00:00+00:00,0.02647856375839792
2024-01-01 20:00:00+00:00,-0.005262310505437862
2024-01-02 00:00:00+00:00,0.004292158691481141
2024-01-02 04:00:00+00:00,0.02092403930774487
2024-01-02 08:00:00+00:00,0.003262061679117979
2024-01-02 12:00:00+00:00,-0.016996719812830796
2024-01-02 16:00:00+00:00,0.017997301788088938
2024-01-02 20:00:00+00:00,0.007783771498690006
2024-01-03 00:00:00+00:00,-0.0014932930037043733
2024-01-03 04:00:00+00:00,-0.0014563503622004644
2024-01-03 08:00:00+00:00,0.003891617510637693
2024-01-03 12:00:00+00:00,0.0611231504404539
2024-01-03 16:00:00+00:00,0.011724037790178745
2024-01-03 20:00:00+00:00,0.003929488025202099
2024-01-04 00:00:00+00:00,0.0019789337876042977
2024-01-04 04:00:00+00:00,-0.006659265606341203
2024-01-04 08:00:00+00:00,-0.008311786960555212
2024-01-04 12:00:00+00:00,0.026318516114767612
2024-01-04 16:00:00+00:00,0.0038742103431011372
2024-01-04 20:00:00+00:00,-0.004269336502288647
2024-01-05 00:00:00+00:00,-0.000945481503535817
2024-01-05 04:00:00+00:00,-0.0016180461109115197
2024-01-05 08:00:00+00:00,-0.006716297955485317
2024-01-05 12:00:00+00:00,0.005777531489416575
2024-01-05 16:00:00+00:00,0.010491837310461903
2024-01-05 20:00:00+00:00,0.015525732585454933
2024-01-06 00:00:00+00:00,-0.03311823611040801
2024-01-06 04:00:00+00:00,0.005379483088588667
2024-01-06 08:00:00+00:00,0.006747048963796632
2024-01-06 12:00:00+00:00,-0.010588752258016344
2024-01-06 16:00:00+00:00,0.0013315768864706524
2024-01-06 20:00:00+00:00,-0.006176213492872962
2024-01-07 00:00:00+00:00,-0.0006958887471441694
2024-01-07 04:00:00+00:00,-0.0015247701261839272
2024-01-07 08:00:00+00:00,0.019607887116750145
2024-01-07 12:00:00+00:00,0.006250126498413722
2024-01-07 16:00:00+00:00,0.0061519040577518785
2024-01-07 20:00:00+00:00,-0.0016949696133598683
2024-01-08 00:00:00+00:00,0.004312677078640449
2024-01-08 04:00:00+00:00,-0.0025706944352094294
2024-01-08 08:00:00+00:00,-0.011888322001837625
2024-01-08 12:00:00+00:00,0.0016779611314069924
2024-01-08 16:00:00+00:00,-0.0022540648404030723
2024-01-08 20:00:00+00:00,0.002633615491976071
2024-01-09 00:00:00+00:00,-0.0006082174147645763
2024-01-09 04:00:00+00:00,0.00026913833251582795
2024-01-09 08:00:00+00:00,0.008711150761295406
2024-01-09 12:00:00+00:00,0.015320312947251225
2024-01-09 16:00:00+00:00,-0.001033708110354348
2024-01-09 20:00:00+00:00,0.008048335725063912
2024-01-10 00:00:00+00:00,-8.491048278438332e-05
2024-01-10 04:00:00+00:00,0.008696592803008942
2024-01-10 08:00:00+00:00,-0.0012605992572859005
2024-01-10 12:00:00+00:00,0.007253699071381403
2024-01-10 16:00:00+00:00,0.0026408997696505607
2024-01-10 20:00:00+00:00,-0.018537814345936217
2024-01-11 00:00:00+00:00,0.01156121007161437
2024-01-11 04:00:00+00:00,8.346877711853289e-05
2024-01-11 08:00:00+00:00,0.005141981658353066
2024-01-11 12:00:00+00:00,-0.0030715847882089265
2024-01-11 16:00:00+00:00,-0.005930612907750898
2024-01-11 20:00:00+00:00,-0.0023577313569041144
2024-01-12 00:00:00+00:00,-0.009251778505342466
2024-01-12 04:00:00+00:00,-0.0005296153061074673
2024-01-12 08:00:00+00:00,0.014239337399108015
2024-01-12 12:00:00+00:00,-0.01078779523795699
2024-01-12 16:00:00+00:00,-0.018094575816373505
2024-01-12 20:00:00+00:00,0.00568468591097313
2024-01-13 00:00:00+00:00,0.004168621634846015
2024-01-13 04:00:00+00:00,0.009823766960744763
2024-01-13 08:00:00+00:00,0.010593609089458481
2024-01-13 12:00:00+00:00,-0.004479792654769788
2024-01-13 16:00:00+00:00,0.0029843128901143154
2024-01-13 20:00:00+00:00,-0.002659049092989263
2024-01-14 00:00:00+00:00,-0.006595303754392944
2024-01-14 04:00:00+00:00,-0.003985896091468001
2024-01-14 08:00:00+00:00,-0.006232932108579938
2024-01-14 12:00:00+00:00,0.0047139221837176224
2024-01-14 16:00:00+00:00,0.002972285071305203
2024-01-14 20:00:00+00:00,0.004844831143233818
2024-01-15 00:00:00+00:00,0.00040652160200953594
2024-01-15 04:00:00+00:00,0.020986563167396204
2024-01-15 08:00:00+00:00,-0.0023889288210023
2024-01-15 12:00:00+00:00,-0.0021745896403774015
2024-01-15 16:00:00+00:00,-0.011401304665220336
2024-01-15 20:00:00+00:00,-0.004328235059791385
2024-01-16 00:00:00+00:00,-0.0017001729788254302
2024-01-16 04:00:00+00:00,-0.01056089754480456
2024-01-16 08:00:00+00:00,-0.0029596483369906724
2024-01-16 12:00:00+00:00,-0.008462215014587039
2024-01-16 16:00:00+00:00,0.005021966746481432
2024-01-16 20:00:00+00:00,0.009655022997472607
2024-01-17 00:00:00+00:00,0.008558156406768425
2024-01-17 04:00:00+00:00,-0.006995335314233287
2024-01-17 08:00:00+00:00,-0.01826540671553736
2024-01-17 12:00:00+00:00,0.011034774781750346
2024-01-17 16:00:00+00:00,-0.00045249886070246456
2024-01-17 20:00:00+00:00,-0.007376810476579409
2024-01-18 00:00:00+00:00,-0.00020233803464002505
2024-01-18 04:00:00+00:00,-0.006223114676795216
2024-01-18 08:00:00+00:00,0.0060696516320360785
2024-01-18 12:00:00+00:00,-0.009688198535652172
2024-01-18 16:00:00+00:00,0.005758931895002961
2024-01-18 20:00:00+00:00,0.0013267237464958258
2024-01-19 00:00:00+00:00,0.007706879352359542
2024-01-19 04:00:00+00:00,-0.0038334210278970103
2024-01-19 08:00:00+00:00,0.01041779466001962
2024-01-19 12:00:00+00:00,0.009781749677420739
2024-01-19 16:00:00+00:00,0.0015649057596997182
2024-01-19 20:00:00+00:00,0.0012200901521077778
2024-01-20 00:00:00+00:00,-0.003600792916022533
2024-01-20 04:00:00+00:00,0.005193291502393628
2024-01-20 08:00:00+00:00,-0.007118394721236186
2024-01-20 12:00:00+00:00,-0.00011539076024080688
2024-01-20 16:00:00+00:00,0.002484759405932469
2024-01-20 20:00:00+00:00,-0.01107887821580076
2024-01-21 00:00:00+00:00,-0.008771791293346575
2024-01-21 04:00:00+00:00,0.003789424108061756
2024-01-21 08:00:00+00:00,-0.00230805254620523
2024-01-21 12:00:00+00:00,-0.008386607509598276
2024-01-21 16:00:00+00:00,-0.00012120816083982514
2024-01-21 20:00:00+00:00,0.00137906291602934
2024-01-22 00:00:00+00:00,0.0009436200936673515
2024-01-22 04:00:00+00:00,0.006310018975842269
2024-01-22 08:00:00+00:00,0.00630732407036947
2024-01-22 12:00:00+00:00,0.013585937854362597
2024-01-22 16:00:00+00:00,0.010392786026996982
2024-01-22 20:00:00+00:00,-0.006475888177023671
2024-01-23 00:00:00+00:00,-0.003130382976460888
2024-01-23 04:00:00+00:00,0.00807513264233821
2024-01-23 08:00:00+00:00,0.004641181714516531
2024-01-23 12:00:00+00:00,0.0005207598893854051
2024-01-23 16:00:00+00:00,-0.004862944768966494
2024-01-23 20:00:00+00:00,0.0026696423836567486
2024-01-24 00:00:00+00:00,-0.0016675971213718113
2024-01-24 04:00:00+00:00,0.018786391880029063
2024-01-24 08:00:00+00:00,0.002940857455217706
2024-01-24 12:00:00+00:00,-0.003137450821609522
2024-01-24 16:00:00+00:00,0.002484029168011559
2024-01-24 20:00:00+00:00,-0.01325629353778277
2024-01-25 00:00:00+00:00,-0.003277965371667602
2024-01-25 04:00:00+00:00,0.004276557192018471
2024-01-25 08:00:00+00:00,-0.01797077943947101
2024-01-25 12:00:00+00:00,0.012006405342792426
2024-01-25 16:00:00+00:00,-0.010453063865967272
2024-01-25 20:00:00+00:00,-0.0020685515468748194
2024-01-26 00:00:00+00:00,-0.008125365822168829
2024-01-26 04:00:00+00:00,0.006182712541334001
2024-01-26 08:00:00+00:00,-0.015178207344940665
2024-01-26 12:00:00+00:00,-0.001791644187629094
2024-01-26 16:00:00+00:00,0.028367293462744452
2024-01-26 20:00:00+00:00,-0.0014427606810304863
2024-01-27 00:00:00+00:00,-0.004935714939485658
2024-01-27 04:00:00+00:00,0.008581090485366394
2024-01-27 08:00:00+00:00,-0.0061135099705273074
2024-01-27 12:00:00+00:00,-0.0016070948428729358
2024-01-27 16:00:00+00:00,-0.004478250101635606
2024-01-27 20:00:00+00:00,0.0038147603222175694
2024-01-28 00:00:00+00:00,-0.007373908445964661
2024-01-28 04:00:00+00:00,0.00387426474044612
2024-01-28 08:00:00+00:00,0.0019125736417187071
2024-01-28 12:00:00+00:00,0.003962380253164199
2024-01-28 16:00:00+00:00,-0.0007358441089476476
2024-01-28 20:00:00+00:00,0.012082294797075722
2024-01-29 00:00:00+00:00,0.00798638949638475
2024-01-29 04:00:00+00:00,0.005715888038713369
2024-01-29 08:00:00+00:00,0.00515360843489352
2024-01-29 12:00:00+00:00,0.0055616075424117055
2024-01-29 16:00:00+00:00,0.006531550047317492
2024-01-29 20:00:00+00:00,0.00415078887978968
2024-01-30 00:00:00+00:00,0.009162694961355267
2024-01-30 04:00:00+00:00,0.007969250430638074
2024-01-30 08:00:00+00:00,-0.03550083133314626
2024-01-30 12:00:00+00:00,0.0070594100995671205
2024-01-30 16:00:00+00:00,-0.016912435279958362
2024-01-30 20:00:00+00:00,0.01299843041740856
2024-01-31 00:00:00+00:00,0.014795432037184031
2024-01-31 04:00:00+00:00,0.00032138070145111314
2024-01-31 08:00:00+00:00,0.017887497604473414
2024-01-31 12:00:00+00:00,0.012232213224279455
2024-01-31 16:00:00+00:00,-0.0011844372632918707
2024-01-31 20:00:00+00:00,-0.0022691250735827227
2024-02-01 00:00:00+00:00,0.0022997600560392233
2024-02-01 04:00:00+00:00,0.004377663151895538
2024-02-01 08:00:00+00:00,-0.0011419774414179735
2024-02-01 12:00:00+00:00,0.004401250762286547
2024-02-01 16:00:00+00:00,0.013467495908580894
2024-02-01 20:00:00+00:00,-0.0004461163201211042
2024-02-02 00:00:00+00:00,0.0097711819828445
2024-02-02 04:00:00+00:00,0.0015861505546514551
2024-02-02 08:00:00+00:00,-0.008950022235342515
2024-02-02 12:00:00+00:00,-0.00039368274524551484
2024-02-02 16:00:00+00:00,-0.003667967570236131
2024-02-02 20:00:00+00:00,-0.006373572291122831
2024-02-03 00:00:00+00:00,-0.010220263736625058
2024-02-03 04:00:00+00:00,0.005641751021098829
2024-02-03 08:00:00+00:00,-0.0007176608318397273
2024-02-03 12:00:00+00:00,0.004491483475329616
2024-02-03 16:00:00+00:00,-0.008402601464348215
2024-02-03 20:00:00+00:00,0.0047133275760316675
2024-02-04 00:00:00+00:00,0.017434006789659364
2024-02-04 04:00:00+00:00,0.001911671026312422
2024-02-04 08:00:00+00:00,0.006538327753246965
2024-02-04 12:00:00+00:00,0.006838680254637254
2024-02-04 16:00:00+00:00,0.001266110120201458
2024-02-04 20:00:00+00:00,0.0006451177322605039
2024-02-05 00:00:00+00:00,0.0012434729605043774
2024-02-05 04:00:00+00:00,0.004891478609006918
2024-02-05 08:00:00+00:00,0.0019670120712329785
2024-02-05 12:00:00+00:00,0.0037413227676048617
2024-02-05 16:00:00+00:00,0.0028329573031837586
2024-02-05 20:00:00+00:00,0.0035336527600227097
2024-02-06 00:00:00+00:00,-0.0025313876144734465
2024-02-06 04:00:00+00:00,-0.021779002054031164
2024-02-06 08:00:00+00:00,-0.01188692256050097
2024-02-06 12:00:00+00:00,-0.029860788140284856
2024-02-06 16:00:00+00:00,-0.026199982010651504
2024-02-06 20:00:00+00:00,0.014652992866090743
2024-02-07 00:00:00+00:00,0.014552656046705682
2024-02-07 04:00:00+00:00,0.012624883976704339
2024-02-07 08:00:00+00:00,-0.0019673396254287876
2024-02-07 12:00:00+00:00,0.00017736152471887773
2024-02-07 16:00:00+00:00,-0.0027802625291455394
2024-02-07 20:00:00+00:00,0.013337898843528498
2024-02-08 00:00:00+00:00,0.012065420779675096
2024-02-08 04:00:00+00:00,0.007522594164744925
2024-02-08 08:00:00+00:00,-0.01557213593886897
2024-02-08 12:00:00+00:00,0.0011531690764721159
2024-02-08 16:00:00+00:00,-0.010736027447396945
2024-02-08 20:00:00+00:00,-0.0042920700634724975
2024-02-09 00:00:00+00:00,0.010723404956929694
2024-02-09 04:00:00+00:00,0.0007268761471468151
2024-02-09 08:00:00+00:00,0.0023652406298555256
2024-02-09 12:00:00+00:00,0.01814199000634014
2024-02-09 16:00:00+00:00,0.008623310433247443
2024-02-09 20:00:00+00:00,-0.0018912043683230405
2024-02-10 00:00:00+00:00,0.005178461246659927
2024-02-10 04:00:00+00:00,-0.004454399137245369
2024-02-10 08:00:00+00:00,0.0022403438675287378
2024-02-10 12:00:00+00:00,0.004970231324407414
2024-02-10 16:00:00+00:00,0.002135735894059753
2024-02-10 20:00:00+00:00,0.009414957873977392
2024-02-11 00:00:00+00:00,0.006326994789596018
2024-02-11 04:00:00+00:00,0.0071645459547232246
2024-02-11 08:00:00+00:00,-0.0034592302857758164
2024-02-11 12:00:00+00:00,-0.001542332957291249
2024-02-11 16:00:00+00:00,0.006078846416819772
2024-02-11 20:00:00+00:00,0.0020029339350498884
2024-02-12 00:00:00+00:00,0.001767461784961878
2024-02-12 04:00:00+00:00,-0.0029878071847991854
2024-02-12 08:00:00+00:00,0.006072213737978349
2024-02-12 12:00:00+00:00,0.012915400176883217
2024-02-12 16:00:00+00:00,-0.013660671176000162
2024-02-12 20:00:00+00:00,-0.013881862343809462
2024-02-13 00:00:00+00:00,-0.0006877444739600499
2024-02-13 04:00:00+00:00,0.0018408073456401834
2024-02-13 08:00:00+00:00,0.024017294422453574
2024-02-13 12:00:00+00:00,-0.010581058095040266
2024-02-13 16:00:00+00:00,-0.003826439393565484
2024-02-13 20:00:00+00:00,0.0074014037848078255
2024-02-14 00:00:00+00:00,-0.002569107714294661
2024-02-14 04:00:00+00:00,0.0067453891884124775
2024-02-14 08:00:00+00:00,0.019337404588745336
2024-02-14 12:00:00+00:00,0.002490344418149481
2024-02-14 16:00:00+00:00,0.00038651650422125757
2024-02-14 20:00:00+00:00,0.006876083901009289
2024-02-15 00:00:00+00:00,-0.007673893003726874
2024-02-15 04:00:00+00:00,-0.010096601232509618
2024-02-15 08:00:00+00:00,0.004040276048334635
2024-02-15 12:00:00+00:00,-0.005410537006816997
2024-02-15 16:00:00+00:00,0.003336655165320535
2024-02-15 20:00:00+00:00,0.0004846001906023247
2024-02-16 00:00:00+00:00,-0.007611045176115106
2024-02-16 04:00:00+00:00,-0.004896811807249013
2024-02-16 08:00:00+00:00,0.020378929636663632
2024-02-16 12:00:00+00:00,0.005085776853073008
2024-02-16 16:00:00+00:00,-0.0009255953387099039
2024-02-16 20:00:00+00:00,0.002750402145161913
2024-02-17 00:00:00+00:00,0.004871845634569728
2024-02-17 04:00:00+00:00,-0.0032158524345266455
2024-02-17 08:00:00+00:00,0.01028981431983611
2024-02-17 12:00:00+00:00,-0.006843808873355695
2024-02-17 16:00:00+00:00,-0.0035819664713233838
2024-02-17 20:00:00+00:00,2.120599646171506e-05
2024-02-18 00:00:00+00:00,0.014119233558452413
2024-02-18 04:00:00+00:00,-0.000761052144166996
2024-02-18 08:00:00+00:00,-0.0003652737519029618
2024-02-18 12:00:00+00:00,0.003276331687036561
2024-02-18 16:00:00+00:00,0.016365272438051658
2024-02-18 20:00:00+00:00,0.006555025947079818
2024-02-19 00:00:00+00:00,-0.001750775150101691
2024-02-19 04:00:00+00:00,0.04967110718107483
2024-02-19 08:00:00+00:00,0.006372747215439101
2024-02-19 12:00:00+00:00,-0.014866069916260138
2024-02-19 16:00:00+00:00,0.012253516019416578
2024-02-19 20:00:00+00:00,0.013955703203702052
2024-02-20 00:00:00+00:00,-0.04078754796001598
2024-02-20 04:00:00+00:00,0.0076037538603294765
2024-02-20 08:00:00+00:00,-0.0073466463025104725
2024-02-20 12:00:00+00:00,-0.007858392614900244
2024-02-20 16:00:00+00:00,-0.004139486139711002
2024-02-20 20:00:00+00:00,0.010645288587601828
2024-02-21 00:00:00+00:00,0.0010711240305792736
2024-02-21 04:00:00+00:00,-0.0049007582169976254
2024-02-21 08:00:00+00:00,-0.0018648208498279507
2024-02-21 12:00:00+00:00,-0.015221677758608033
2024-02-21 16:00:00+00:00,0.0020689726446995634
2024-02-21 20:00:00+00:00,0.027014000384996264
2024-02-22 00:00:00+00:00,0.00450248481542077
2024-02-22 04:00:00+00:00,0.029613456433035878
2024-02-22 08:00:00+00:00,0.013634989365222562
2024-02-22 12:00:00+00:00,0.008218764394858514
2024-02-22 16:00:00+00:00,-0.006818188698860417
2024-02-22 20:00:00+00:00,-0.010214746680756816
2024-02-23 00:00:00+00:00,0.009621098230246773
2024-02-23 04:00:00+00:00,-0.008963176143846119
2024-02-23 08:00:00+00:00,0.042197042922037256
2024-02-23 12:00:00+00:00,-0.02307133900034093
2024-02-23 16:00:00+00:00,-0.006633338517226006
2024-02-23 20:00:00+00:00,-0.00573750348692883
2024-02-24 00:00:00+00:00,-0.010052434018784133
2024-02-24 04:00:00+00:00,-0.004432136743859937
2024-02-24 08:00:00+00:00,0.006129224612894936
2024-02-24 12:00:00+00:00,0.009214191567681817
2024-02-24 16:00:00+00:00,0.00498414398913938
2024-02-24 20:00:00+00:00,0.004420637524582658
2024-02-25 00:00:00+00:00,0.022700723737578615
2024-02-25 04:00:00+00:00,0.0037396370871046304
2024-02-25 08:00:00+00:00,0.005558816604845984
2024-02-25 12:00:00+00:00,-0.01332932324014111
2024-02-25 16:00:00+00:00,0.010158167656386751
2024-02-25 20:00:00+00:00,-0.009435013156825912
2024-02-26 00:00:00+00:00,0.007219080552864488
2024-02-26 04:00:00+00:00,0.006767973291411478
2024-02-26 08:00:00+00:00,-0.011614433221165375
2024-02-26 12:00:00+00:00,0.021110312097962013
2024-02-26 16:00:00+00:00,-0.019951981937857233
2024-02-26 20:00:00+00:00,0.012069051146715708
2024-02-27 00:00:00+00:00,0.0251119375762527
2024-02-27 04:00:00+00:00,0.010231149791658867
2024-02-27 08:00:00+00:00,0.005740937336820307
2024-02-27 12:00:00+00:00,-0.010562364090920973
2024-02-27 16:00:00+00:00,0.03718679679163089
2024-02-27 20:00:00+00:00,0.0032009772007316035
2024-02-28 00:00:00+00:00,0.015251917326865105
2024-02-28 04:00:00+00:00,0.0035938908891867366
2024-02-28 08:00:00+00:00,0.016307154658029767
2024-02-28 12:00:00+00:00,0.003865407962061361
2024-02-28 16:00:00+00:00,0.004653594419100715
2024-02-28 20:00:00+00:00,0.00712269513804107
2024-02-29 00:00:00+00:00,-0.01761756674564317
2024-02-29 04:00:00+00:00,-0.019059446962178275
2024-02-29 08:00:00+00:00,-0.017806786391547914
2024-02-29 12:00:00+00:00,-0.002266558251270423
2024-02-29 16:00:00+00:00,-0.0038318585366947863
2024-02-29 20:00:00+00:00,-0.016493945212075985
2024-03-01 00:00:00+00:00,0.0022820414684143996
2024-03-01 04:00:00+00:00,0.00011240118864470677
2024-03-01 08:00:00+00:00,0.02011970121615891
2024-03-01 12:00:00+00:00,0.06388529585835119
2024-03-01 16:00:00+00:00,0.03787394436971563
2024-03-01 20:00:00+00:00,-0.0008296848296801776
2024-03-02 00:00:00+00:00,0.01724543808673118
2024-03-02 04:00:00+00:00,0.03701639064341988
2024-03-02 08:00:00+00:00,-0.02848131769822289
2024-03-02 12:00:00+00:00,-0.014942666865147182
2024-03-02 16:00:00+00:00,0.026308438214042162
2024-03-02 20:00:00+00:00,0.0009591327478713843
2024-03-03 00:00:00+00:00,-0.021399670794582694
2024-03-03 04:00:00+00:00,0.006650632647378771
2024-03-03 08:00:00+00:00,0.0830177235981614
2024-03-03 12:00:00+00:00,0.0054714002150437315
2024-03-03 16:00:00+00:00,0.013664432799938408
2024-03-03 20:00:00+00:00,0.022152009524430683
2024-03-04 00:00:00+00:00,0.028274740343078753
2024-03-04 04:00:00+00:00,0.013296801504008695
2024-03-04 08:00:00+00:00,0.013111808328795065
2024-03-04 12:00:00+00:00,0.025278217073480415
2024-03-04 16:00:00+00:00,-0.003490375184975791
2024-03-04 20:00:00+00:00,-0.00902091154539468
2024-03-05 00:00:00+00:00,0.03449281887024114
2024-03-05 04:00:00+00:00,-0.035688830836645605
2024-03-05 08:00:00+00:00,0.006779958472229363
2024-03-05 12:00:00+00:00,-0.01891366862646808
2024-03-05 16:00:00+00:00,-0.02274824025858462
2024-03-05 20:00:00+00:00,0.03737986888003775
2024-03-06 00:00:00+00:00,0.0020299687556438305
2024-03-06 04:00:00+00:00,0.04600405373971009
2024-03-06 08:00:00+00:00,0.031323911855905225
2024-03-06 12:00:00+00:00,-0.0037272943780964473
2024-03-06 16:00:00+00:00,-0.021874628266686826
2024-03-06 20:00:00+00:00,-0.026204241186332647
2024-03-07 00:00:00+00:00,-0.04011322041117785
2024-03-07 04:00:00+00:00,0.002241626704809097
2024-03-07 08:00:00+00:00,0.013912599654772073
2024-03-07 12:00:00+00:00,0.013685103948613395
2024-03-07 16:00:00+00:00,-0.01781484984811408
2024-03-07 20:00:00+00:00,-0.0074367499465535026
2024-03-08 00:00:00+00:00,0.04690553481085626
2024-03-08 04:00:00+00:00,-0.007360301137184488
2024-03-08 08:00:00+00:00,0.01941032465022836
2024-03-08 12:00:00+00:00,0.004265563598625023
2024-03-08 16:00:00+00:00,0.0038316696128576555
2024-03-08 20:00:00+00:00,0.012555724306530916
2024-03-09 00:00:00+00:00,-0.026839370480379272
2024-03-09 04:00:00+00:00,-0.029070052943641025
2024-03-09 08:00:00+00:00,-0.015615535220312183
2024-03-09 12:00:00+00:00,-0.008051972767840223
2024-03-09 16:00:00+00:00,0.008130348390487985
2024-03-09 20:00:00+00:00,-0.005441501690245043
2024-03-10 00:00:00+00:00,0.008945105268250632
2024-03-10 04:00:00+00:00,0.003967199937740574
2024-03-10 08:00:00+00:00,-0.014446960547009847
2024-03-10 12:00:00+00:00,-0.01268299931767225
2024-03-10 16:00:00+00:00,0.010793557529244959
2024-03-10 20:00:00+00:00,-0.027761449447710994
2024-03-11 00:00:00+00:00,0.02134363589098938
2024-03-11 04:00:00+00:00,0.047442402575983166
2024-03-11 08:00:00+00:00,0.010918317977103234
2024-03-11 12:00:00+00:00,-0.03547016263823919
2024-03-11 16:00:00+00:00,-0.016978084683963626
2024-03-11 20:00:00+00:00,0.01561215282384967
2024-03-12 00:00:00+00:00,-0.005173790990592671
2024-03-12 04:00:00+00:00,0.006987432906684157
2024-03-12 08:00:00+00:00,0.0005167823764478331
2024-03-12 12:00:00+00:00,0.006194525884893088
2024-03-12 16:00:00+00:00,-0.005894269741446511
2024-03-12 20:00:00+00:00,0.012136598294425661
2024-03-13 00:00:00+00:00,0.01521353373872905
2024-03-13 04:00:00+00:00,-0.004279991394338878
2024-03-13 08:00:00+00:00,0.01025671848519254
2024-03-13 12:00:00+00:00,9.528853644520316e-05
2024-03-13 16:00:00+00:00,0.016815294841265007
2024-03-13 20:00:00+00:00,0.0008008337832942972
2024-03-14 00:00:00+00:00,0.03404420775835442
2024-03-14 04:00:00+00:00,0.03109972057975288
2024-03-14 08:00:00+00:00,-0.02146497097879046
2024-03-14 12:00:00+00:00,0.0018866564831358616
2024-03-14 16:00:00+00:00,0.0041577583256035
2024-03-14 20:00:00+00:00,0.024775122152232903
2024-03-15 00:00:00+00:00,-0.0029610244480166043
2024-03-15 04:00:00+00:00,-0.017949326992252827
2024-03-15 08:00:00+00:00,-0.01260252449614401
2024-03-15 12:00:00+00:00,0.01368984662688251
2024-03-15 16:00:00+00:00,0.003076194414005839
2024-03-15 20:00:00+00:00,0.0017121343465052105
2024-03-16 00:00:00+00:00,-0.03951760534207374
2024-03-16 04:00:00+00:00,0.01597755143419799
2024-03-16 08:00:00+00:00,-0.011155807615287163
2024-03-16 12:00:00+00:00,-0.011733397105836076
2024-03-16 16:00:00+00:00,-0.020256748505195526
2024-03-16 20:00:00+00:00,0.0003155621034432346
2024-03-17 00:00:00+00:00,0.03841128494541131
2024-03-17 04:00:00+00:00,0.0022267963800042707
2024-03-17 08:00:00+00:00,0.01462324982989187
2024-03-17 12:00:00+00:00,0.03648308875565069
2024-03-17 16:00:00+00:00,-0.009906930242638223
2024-03-17 20:00:00+00:00,-0.0006770115758267577
2024-03-18 00:00:00+00:00,0.0005498292108074843
2024-03-18 04:00:00+00:00,-0.03760878437992257
2024-03-18 08:00:00+00:00,-0.00898982473948189
2024-03-18 12:00:00+00:00,-0.004205416803204542
2024-03-18 16:00:00+00:00,-0.015104876679741652
2024-03-18 20:00:00+00:00,-0.003761394251615146
2024-03-19 00:00:00+00:00,-0.016185701179458743
2024-03-19 04:00:00+00:00,0.011555925313789017
2024-03-19 08:00:00+00:00,-0.0016007703609166358
2024-03-19 12:00:00+00:00,0.00062403396526869
2024-03-19 16:00:00+00:00,-0.0025815737917393336
2024-03-19 20:00:00+00:00,-0.01876745533133597
2024-03-20 00:00:00+00:00,0.01748349771826603
2024-03-20 04:00:00+00:00,-0.005277897732216809
2024-03-20 08:00:00+00:00,-0.015546582944095966
2024-03-20 12:00:00+00:00,-0.0016551576489725042
2024-03-20 16:00:00+00:00,-0.000648503992191159
2024-03-20 20:00:00+00:00,0.014117594741763415
2024-03-21 00:00:00+00:00,-0.004380308277108756
2024-03-21 04:00:00+00:00,-0.00556425852139173
2024-03-21 08:00:00+00:00,0.003039403485316394
2024-03-21 12:00:00+00:00,-0.014422673142037979
2024-03-21 16:00:00+00:00,-0.0007508744229294927
2024-03-21 20:00:00+00:00,-0.011698366018197005
2024-03-22 00:00:00+00:00,-0.0004811892824852829
2024-03-22 04:00:00+00:00,0.004648524492793736
2024-03-22 08:00:00+00:00,0.005396555760801693
2024-03-22 12:00:00+00:00,-0.011781877130110276
2024-03-22 16:00:00+00:00,-0.002012373898798425
2024-03-22 20:00:00+00:00,0.001618116054444219
2024-03-23 00:00:00+00:00,-0.004071890265711198
2024-03-23 04:00:00+00:00,0.0024908542286782975
2024-03-23 08:00:00+00:00,0.012879583533750185
2024-03-23 12:00:00+00:00,-0.008252851878609269
2024-03-23 16:00:00+00:00,-0.00184368214168149
2024-03-23 20:00:00+00:00,-0.0005842203530935343
2024-03-24 00:00:00+00:00,-0.010557836778435338
2024-03-24 04:00:00+00:00,-0.010789744722403615
2024-03-24 08:00:00+00:00,-0.008462250230275602
2024-03-24 12:00:00+00:00,0.007055196011075871
2024-03-24 16:00:00+00:00,-0.0020570649713475444
2024-03-24 20:00:00+00:00,0.0047592689516671605
2024-03-25 00:00:00+00:00,0.0082416377513038
2024-03-25 04:00:00+00:00,0.01331619086022251
2024-03-25 08:00:00+00:00,0.0026414437646154368
2024-03-25 12:00:00+00:00,-0.02674333869032477
2024-03-25 16:00:00+00:00,-0.0007929868968600713
2024-03-25 20:00:00+00:00,-0.0027935625028417954
2024-03-26 00:00:00+00:00,-0.009237097207000082
2024-03-26 04:00:00+00:00,0.005573820201128377
2024-03-26 08:00:00+00:00,0.003547843801284611
2024-03-26 12:00:00+00:00,0.006041304514971003
2024-03-26 16:00:00+00:00,0.01196328056137881
2024-03-26 20:00:00+00:00,-0.005524871130434227
2024-03-27 00:00:00+00:00,0.007804803960212282
2024-03-27 04:00:00+00:00,-0.0021691244168761544
2024-03-27 08:00:00+00:00,0.010673388602562662
2024-03-27 12:00:00+00:00,0.004889262728860255
2024-03-27 16:00:00+00:00,-0.004917680504445609
2024-03-27 20:00:00+00:00,0.006310972334299579
2024-03-28 00:00:00+00:00,0.0024946324772022518
2024-03-28 04:00:00+00:00,-0.005436674080839366
2024-03-28 08:00:00+00:00,0.006870360093322405
2024-03-28 12:00:00+00:00,-0.0018673380147720795
2024-03-28 16:00:00+00:00,-8.624963477375097e-05
2024-03-28 20:00:00+00:00,0.003559620808576059
2024-03-29 00:00:00+00:00,0.01232737989301682
2024-03-29 04:00:00+00:00,0.00725857169256523
2024-03-29 08:00:00+00:00,-0.02282485410284767
2024-03-29 12:00:00+00:00,0.0014993593322165221
2024-03-29 16:00:00+00:00,0.0058936267590259835
2024-03-29 20:00:00+00:00,-0.006782197102890921
2024-03-30 00:00:00+00:00,0.001890262696209355
2024-03-30 04:00:00+00:00,-0.004488953547559807
2024-03-30 08:00:00+00:00,-0.014751909231441606
2024-03-30 12:00:00+00:00,0.0005603954754052492
2024-03-30 16:00:00+00:00,0.004387210158893119
2024-03-30 20:00:00+00:00,0.003323159434403289
2024-03-31 00:00:00+00:00,0.004684260952208352
2024-03-31 04:00:00+00:00,-0.027701849350923617
2024-03-31 08:00:00+00:00,0.0036275109801285014
2024-03-31 12:00:00+00:00,0.005464256897592956
2024-03-31 16:00:00+00:00,0.02525762260387712
2024-03-31 20:00:00+00:00,-0.005058950302123688
2024-04-01 00:00:00+00:00,-2.192882793348094e-05
2024-04-01 04:00:00+00:00,0.008364923824369399
2024-04-01 08:00:00+00:00,0.003962808042019495
2024-04-01 12:00:00+00:00,-0.003592654921149463
2024-04-01 16:00:00+00:00,0.003394219526204666
2024-04-01 20:00:00+00:00,-0.00017159839538902796
2024-04-02 00:00:00+00:00,-0.011637578541792263
2024-04-02 04:00:00+00:00,-0.010997896586808185
2024-04-02 08:00:00+00:00,-0.005456973582706647
2024-04-02 12:00:00+00:00,-0.00501256927336813
2024-04-02 16:00:00+00:00,0.010975666882969339
2024-04-02 20:00:00+00:00,-0.005558129551679603
2024-04-03 00:00:00+00:00,-0.0018913538195797217
2024-04-03 04:00:00+00:00,-0.019101580805015825
2024-04-03 08:00:00+00:00,-0.0056892711778359075
2024-04-03 12:00:00+00:00,-0.010455295840621371
2024-04-03 16:00:00+00:00,-0.013186997082922704
2024-04-03 20:00:00+00:00,-0.004151038895507277
2024-04-04 00:00:00+00:00,0.008634756937866016
2024-04-04 04:00:00+00:00,-0.0031764899203334807
2024-04-04 08:00:00+00:00,0.007466765848674073
2024-04-04 12:00:00+00:00,-0.003059438075683807
2024-04-04 16:00:00+00:00,-0.008087704498924464
2024-04-04 20:00:00+00:00,-0.0007325748953201045
2024-04-05 00:00:00+00:00,-0.006054533995864064
2024-04-05 04:00:00+00:00,-0.010732484420181333
2024-04-05 08:00:00+00:00,0.006777782563162837
2024-04-05 12:00:00+00:00,0.005805907633510053
2024-04-05 16:00:00+00:00,0.0070082179834566995
2024-04-05 20:00:00+00:00,-0.0031415908540497694
2024-04-06 00:00:00+00:00,-0.014019865112163044
2024-04-06 04:00:00+00:00,0.004555957529695865
2024-04-06 08:00:00+00:00,-0.006400235675748699
2024-04-06 12:00:00+00:00,0.0008194348359910507
2024-04-06 16:00:00+00:00,0.001517249763461259
2024-04-06 20:00:00+00:00,0.0020344295238208686
2024-04-07 00:00:00+00:00,-0.008123248826701769
2024-04-07 04:00:00+00:00,0.008892098068764075
2024-04-07 08:00:00+00:00,-0.01088509183856754
2024-04-07 12:00:00+00:00,0.004418435608556148
2024-04-07 16:00:00+00:00,-0.004205799799203346
2024-04-07 20:00:00+00:00,-0.00988123577337936
2024-04-08 00:00:00+00:00,0.0120572289356228
2024-04-08 04:00:00+00:00,0.008516450933280285
2024-04-08 08:00:00+00:00,0.0024565153957182293
2024-04-08 12:00:00+00:00,-0.0005366245330701742
2024-04-08 16:00:00+00:00,-0.01188606860624688
2024-04-08 20:00:00+00:00,-0.0005407605726432283
2024-04-09 00:00:00+00:00,-0.0007269623215614418
2024-04-09 04:00:00+00:00,-0.001045846564811104
2024-04-09 08:00:00+00:00,-0.0025746276319161135
2024-04-09 12:00:00+00:00,-0.002916270782508557
2024-04-09 16:00:00+00:00,0.006739648804709365
2024-04-09 20:00:00+00:00,0.01034853715895867
2024-04-10 00:00:00+00:00,0.001522319987203603
2024-04-10 04:00:00+00:00,0.0031954715802405605
2024-04-10 08:00:00+00:00,0.006695991974990913
2024-04-10 12:00:00+00:00,0.005291147449111277
2024-04-10 16:00:00+00:00,0.027468658977272555
2024-04-10 20:00:00+00:00,0.006906129670705075
2024-04-11 00:00:00+00:00,0.011757591864121663
2024-04-11 04:00:00+00:00,-0.012583021780232784
2024-04-11 08:00:00+00:00,0.00898813044458895
2024-04-11 12:00:00+00:00,-0.004499174256770267
2024-04-11 16:00:00+00:00,-0.009194409886224953
2024-04-11 20:00:00+00:00,0.004520019334193949
2024-04-12 00:00:00+00:00,0.0013393060042839367
2024-04-12 04:00:00+00:00,0.014507815150718863
2024-04-12 08:00:00+00:00,0.011080950181059925
2024-04-12 12:00:00+00:00,0.00034362191032126684
2024-04-12 16:00:00+00:00,0.07461375692551495
2024-04-12 20:00:00+00:00,-0.023574823373673535
2024-04-13 00:00:00+00:00,0.002863258355399579
2024-04-13 04:00:00+00:00,-0.005300236903284872
2024-04-13 08:00:00+00:00,-0.004728307475775662
2024-04-13 12:00:00+00:00,0.004281929555795051
2024-04-13 16:00:00+00:00,0.049505151130716296
2024-04-13 20:00:00+00:00,-0.01272497931411163
2024-04-14 00:00:00+00:00,-0.01523547197372608
2024-04-14 04:00:00+00:00,-0.034843462034995915
2024-04-14 08:00:00+00:00,0.016155865570307126
2024-04-14 12:00:00+00:00,-0.013606799656868774
2024-04-14 16:00:00+00:00,-0.010996292289877573
2024-04-14 20:00:00+00:00,-0.01273562235031105
2024-04-15 00:00:00+00:00,0.018703424717866367
2024-04-15 04:00:00+00:00,-0.028934193710162592
2024-04-15 08:00:00+00:00,-0.001772556382779422
2024-04-15 12:00:00+00:00,0.018103172458936535
2024-04-15 16:00:00+00:00,0.02130206463829258
2024-04-15 20:00:00+00:00,-0.0007099621594786056
2024-04-16 00:00:00+00:00,0.009622770756298405
2024-04-16 04:00:00+00:00,-0.025620666938828807
2024-04-16 08:00:00+00:00,-0.017942251555293522
2024-04-16 12:00:00+00:00,0.015867132616173077
2024-04-16 16:00:00+00:00,-0.0075081018567952
2024-04-16 20:00:00+00:00,-0.023087867180476708
2024-04-17 00:00:00+00:00,0.018896055724678694
2024-04-17 04:00:00+00:00,-0.004974984395742244
2024-04-17 08:00:00+00:00,0.008738093113076963
2024-04-17 12:00:00+00:00,-0.022471328912611437
2024-04-17 16:00:00+00:00,-0.002070700287357008
2024-04-17 20:00:00+00:00,0.011386252758562644
2024-04-18 00:00:00+00:00,0.0012248921943406313
2024-04-18 04:00:00+00:00,0.008932529010893786
2024-04-18 08:00:00+00:00,-0.016204134481652834
2024-04-18 12:00:00+00:00,-0.0018525118201005997
2024-04-18 16:00:00+00:00,-0.003223555112234178
2024-04-18 20:00:00+00:00,-0.0023810667051723743
2024-04-19 00:00:00+00:00,0.01340531514266299
2024-04-19 04:00:00+00:00,-0.014646805020520362
2024-04-19 08:00:00+00:00,-0.005283712604545077
2024-04-19 12:00:00+00:00,-0.0019414198283919104
2024-04-19 16:00:00+00:00,0.0045964313336819725
2024-04-19 20:00:00+00:00,0.0014394948819701722
2024-04-20 00:00:00+00:00,0.0008806953636644188
2024-04-20 04:00:00+00:00,-0.0006379278648413581
2024-04-20 08:00:00+00:00,-0.003207360787567492
2024-04-20 12:00:00+00:00,-0.022754890242194837
2024-04-20 16:00:00+00:00,-0.020456892761517763
2024-04-20 20:00:00+00:00,-0.006239991379680521
2024-04-21 00:00:00+00:00,0.0018364112850615569
2024-04-21 04:00:00+00:00,-0.016054089773880058
2024-04-21 08:00:00+00:00,0.01030156744611639
2024-04-21 12:00:00+00:00,0.005846036538523226
2024-04-21 16:00:00+00:00,0.00369893387599276
2024-04-21 20:00:00+00:00,-0.005482860175233918
2024-04-22 00:00:00+00:00,-0.011626525260181042
2024-04-22 04:00:00+00:00,-0.0033597770686567777
2024-04-22 08:00:00+00:00,-0.00169165642436182
2024-04-22 12:00:00+00:00,0.0037958275778646297
2024-04-22 16:00:00+00:00,0.004127782062124875
2024-04-22 20:00:00+00:00,-0.006586590938068503
2024-04-23 00:00:00+00:00,-0.0017703870827088693
2024-04-23 04:00:00+00:00,0.009157384075789343
2024-04-23 08:00:00+00:00,0.01511079437838836
2024-04-23 12:00:00+00:00,-0.008733069927788216
2024-04-23 16:00:00+00:00,0.0029274463442322987
2024-04-23 20:00:00+00:00,0.0040196136952137754
2024-04-24 00:00:00+00:00,-0.008206001165950693
2024-04-24 04:00:00+00:00,-0.004201607059865299
2024-04-24 08:00:00+00:00,-0.0007648390308279355
2024-04-24 12:00:00+00:00,0.02464066902769853
2024-04-24 16:00:00+00:00,0.012675604409785171
2024-04-24 20:00:00+00:00,-0.0009946751298521182
2024-04-25 00:00:00+00:00,0.004342686017314778
2024-04-25 04:00:00+00:00,0.004723635792489046
2024-04-25 08:00:00+00:00,0.005357916119496498
2024-04-25 12:00:00+00:00,-0.0009568756591296079
2024-04-25 16:00:00+00:00,0.004948850749006019
2024-04-25 20:00:00+00:00,0.006382438074904595
2024-04-26 00:00:00+00:00,0.014268628026764433
2024-04-26 04:00:00+00:00,-0.0002625783238967564
2024-04-26 08:00:00+00:00,0.003961115290972628
2024-04-26 12:00:00+00:00,-0.010890299211627163
2024-04-26 16:00:00+00:00,-0.0028023947143683836
2024-04-26 20:00:00+00:00,0.0027699854598232767
2024-04-27 00:00:00+00:00,0.008443171209783596
2024-04-27 04:00:00+00:00,-0.011153371319932326
2024-04-27 08:00:00+00:00,-0.014478519050495664
2024-04-27 12:00:00+00:00,0.009317509611762077
2024-04-27 16:00:00+00:00,8.388165764299307e-05
2024-04-27 20:00:00+00:00,-0.013027731691400726
2024-04-28 00:00:00+00:00,-0.0010430968975465573
2024-04-28 04:00:00+00:00,0.007267436942533423
2024-04-28 08:00:00+00:00,0.002821865726783957
2024-04-28 12:00:00+00:00,0.004077729891714977
2024-04-28 16:00:00+00:00,-0.009843381924934547
2024-04-28 20:00:00+00:00,0.004773817103693468
2024-04-29 00:00:00+00:00,-0.003098987030240985
2024-04-29 04:00:00+00:00,0.005018113982419893
2024-04-29 08:00:00+00:00,-0.0055418706261130424
2024-04-29 12:00:00+00:00,-0.0022682958225233914
2024-04-29 16:00:00+00:00,0.004337085156051557
2024-04-29 20:00:00+00:00,-0.0018092531465926606
2024-04-30 00:00:00+00:00,-0.002718913593285222
2024-04-30 04:00:00+00:00,-0.0043943780655459445
2024-04-30 08:00:00+00:00,-0.007595725717195224
2024-04-30 12:00:00+00:00,-0.010832112655979966
2024-04-30 16:00:00+00:00,0.005839652105287186
2024-04-30 20:00:00+00:00,-0.004932766368373275
2024-05-01 00:00:00+00:00,0.008605909247891352
2024-05-01 04:00:00+00:00,-0.005441657662991516
2024-05-01 08:00:00+00:00,-0.003193240242420358
2024-05-01 12:00:00+00:00,-0.0021474936478812724
2024-05-01 16:00:00+00:00,0.01078594977067926
2024-05-01 20:00:00+00:00,0.00136899704298603
2024-05-02 00:00:00+00:00,0.0005420413012849892
2024-05-02 04:00:00+00:00,0.007577882061246632
2024-05-02 08:00:00+00:00,-0.00487424764422926
2024-05-02 12:00:00+00:00,0.011512279378296441
2024-05-02 16:00:00+00:00,0.006177086005488652
2024-05-02 20:00:00+00:00,-0.005053177342901738
2024-05-03 00:00:00+00:00,-0.001921694462563783
2024-05-03 04:00:00+00:00,0.006057730474310972
2024-05-03 08:00:00+00:00,0.003441026387180467
2024-05-03 12:00:00+00:00,-0.007980953119662716
2024-05-03 16:00:00+00:00,0.00044254299549544235
2024-05-03 20:00:00+00:00,-0.010202377690582298
2024-05-04 00:00:00+00:00,0.006121383546322058
2024-05-04 04:00:00+00:00,0.0010288202787040344
2024-05-04 08:00:00+00:00,-0.010818853912305837
2024-05-04 12:00:00+00:00,-0.004718613652665905
2024-05-04 16:00:00+00:00,0.011199876271706866
2024-05-04 20:00:00+00:00,-0.009662179064062616
2024-05-05 00:00:00+00:00,0.0070298030808448875
2024-05-05 04:00:00+00:00,0.00717392765646372
2024-05-05 08:00:00+00:00,-0.0030637031460174487
2024-05-05 12:00:00+00:00,0.0018575603108106798
2024-05-05 16:00:00+00:00,-0.0008398779072839925
2024-05-05 20:00:00+00:00,0.018143846381802355
2024-05-06 00:00:00+00:00,-0.0057422538583842934
2024-05-06 04:00:00+00:00,-0.01796345248531861
2024-05-06 08:00:00+00:00,0.008247811171389154
2024-05-06 12:00:00+00:00,0.0021533857004834914
2024-05-06 16:00:00+00:00,0.003860675638651112
2024-05-06 20:00:00+00:00,0.0032852975788223433
2024-05-07 00:00:00+00:00,-0.0012106068933539266
2024-05-07 04:00:00+00:00,-0.0018883505535233435
2024-05-07 08:00:00+00:00,0.01378292965869905
2024-05-07 12:00:00+00:00,-0.018129589718989883
2024-05-07 16:00:00+00:00,-0.0051992833369305606
2024-05-07 20:00:00+00:00,-0.0028503368306154178
2024-05-08 00:00:00+00:00,0.008870705032411675
2024-05-08 04:00:00+00:00,-0.0023071492917952296
2024-05-08 08:00:00+00:00,-0.00420963806509902
2024-05-08 12:00:00+00:00,-0.024881401124989093
2024-05-08 16:00:00+00:00,-0.0077660271708773106
2024-05-08 20:00:00+00:00,0.010395295020875016
2024-05-09 00:00:00+00:00,0.021730502558294784
2024-05-09 04:00:00+00:00,0.004454474361075844
2024-05-09 08:00:00+00:00,-0.007689809175212537
2024-05-09 12:00:00+00:00,0.0009685171030780594
2024-05-09 16:00:00+00:00,0.0009612119171799274
2024-05-09 20:00:00+00:00,0.0010305719622389665
2024-05-10 00:00:00+00:00,0.011289275783023366
2024-05-10 04:00:00+00:00,-0.013430372090262255
2024-05-10 08:00:00+00:00,0.004382684551419481
2024-05-10 12:00:00+00:00,0.004505788532292757
2024-05-10 16:00:00+00:00,0.0026498902371905123
2024-05-10 20:00:00+00:00,0.006329353154647865
2024-05-11 00:00:00+00:00,0.01022285033332888
2024-05-11 04:00:00+00:00,0.006264841146263711
2024-05-11 08:00:00+00:00,-0.006601522855306907
2024-05-11 12:00:00+00:00,0.006596207866637327
2024-05-11 16:00:00+00:00,0.0019042645320825002
2024-05-11 20:00:00+00:00,0.002680383007368658
2024-05-12 00:00:00+00:00,0.003429978057539063
2024-05-12 04:00:00+00:00,0.0005162227088806315
2024-05-12 08:00:00+00:00,0.001805164359120682
2024-05-12 12:00:00+00:00,-0.0011682562868480907
2024-05-12 16:00:00+00:00,0.004033584580173933
2024-05-12 20:00:00+00:00,-0.00011637852054515764
2024-05-13 00:00:00+00:00,-0.00414160559011254
2024-05-13 04:00:00+00:00,0.004728027396010774
2024-05-13 08:00:00+00:00,0.002363215434911892
2024-05-13 12:00:00+00:00,0.019604256481143813
2024-05-13 16:00:00+00:00,0.01160335218848867
2024-05-13 20:00:00+00:00,-0.0011522541224323404
2024-05-14 00:00:00+00:00,-0.007239907501568776
2024-05-14 04:00:00+00:00,0.015982254274798824
2024-05-14 08:00:00+00:00,-0.005701775070300341
2024-05-14 12:00:00+00:00,-0.01110682002939649
2024-05-14 16:00:00+00:00,0.00023490007911206577
2024-05-14 20:00:00+00:00,0.006563249182542938
2024-05-15 00:00:00+00:00,0.005852542286367933
2024-05-15 04:00:00+00:00,0.007826486188368365
2024-05-15 08:00:00+00:00,-0.003992172971627083
2024-05-15 12:00:00+00:00,-0.02114192351755939
2024-05-15 16:00:00+00:00,-0.0072565603040703145
2024-05-15 20:00:00+00:00,0.017794972557151678
2024-05-16 00:00:00+00:00,-0.00020824528869853743
2024-05-16 04:00:00+00:00,-0.0014102024079800438
2024-05-16 08:00:00+00:00,-0.005125925528740737
2024-05-16 12:00:00+00:00,-0.02317063168563807
2024-05-16 16:00:00+00:00,0.005527414429717293
2024-05-16 20:00:00+00:00,0.0015756738024399698
2024-05-17 00:00:00+00:00,0.0021890575636651192
2024-05-17 04:00:00+00:00,-0.0008176581287460552
2024-05-17 08:00:00+00:00,-0.023599276100493772
2024-05-17 12:00:00+00:00,-0.002089634407633301
2024-05-17 16:00:00+00:00,-0.006527769294948695
2024-05-17 20:00:00+00:00,0.009257872822873582
2024-05-18 00:00:00+00:00,0.00037380562769861976
2024-05-18 04:00:00+00:00,0.001157356125426956
2024-05-18 08:00:00+00:00,-0.003234810103552377
2024-05-18 12:00:00+00:00,-0.011176604115031321
2024-05-18 16:00:00+00:00,-0.003834811757360957
2024-05-18 20:00:00+00:00,0.0010861697863223218
2024-05-19 00:00:00+00:00,0.0063931600420093606
2024-05-19 04:00:00+00:00,0.004608811176844286
2024-05-19 08:00:00+00:00,0.0015724791170506288
2024-05-19 12:00:00+00:00,0.01288434853319542
2024-05-19 16:00:00+00:00,0.004513366139412179
2024-05-19 20:00:00+00:00,0.001119004413620739
2024-05-20 00:00:00+00:00,0.00865522053512553
2024-05-20 04:00:00+00:00,-0.0023958518683498526
2024-05-20 08:00:00+00:00,0.0013445628734302106
2024-05-20 12:00:00+00:00,-0.0030293600178078477
2024-05-20 16:00:00+00:00,-0.0050869656202992865
2024-05-20 20:00:00+00:00,-0.011438396345431067
2024-05-21 00:00:00+00:00,-0.013749825936793572
2024-05-21 04:00:00+00:00,-0.007165114596732526
2024-05-21 08:00:00+00:00,-0.009136637196649899
2024-05-21 12:00:00+00:00,0.012266794740805187
2024-05-21 16:00:00+00:00,0.01087334593561198
2024-05-21 20:00:00+00:00,0.005346586299203684
2024-05-22 00:00:00+00:00,0.010287527329836822
2024-05-22 04:00:00+00:00,0.0006935858770681592
2024-05-22 08:00:00+00:00,-0.005263443123946109
2024-05-22 12:00:00+00:00,-0.0010406663731928646
2024-05-22 16:00:00+00:00,0.001837163073046046
2024-05-22 20:00:00+00:00,0.004877306583445141
2024-05-23 00:00:00+00:00,0.0017792286803807852
2024-05-23 04:00:00+00:00,0.027498355181910218
2024-05-23 08:00:00+00:00,0.0036715667078083053
2024-05-23 12:00:00+00:00,-0.008182515841338375
2024-05-23 16:00:00+00:00,-0.004361178462915616
2024-05-23 20:00:00+00:00,0.018877160069101673
2024-05-24 00:00:00+00:00,-0.0004799117948609551
2024-05-24 04:00:00+00:00,-0.018847328336044498
2024-05-24 08:00:00+00:00,0.008042102295363684
2024-05-24 12:00:00+00:00,-0.0017850311191411217
2024-05-24 16:00:00+00:00,0.017803348899114967
2024-05-24 20:00:00+00:00,0.0015835903527441576
2024-05-25 00:00:00+00:00,0.016708288478130284
2024-05-25 04:00:00+00:00,0.0068886930590195345
2024-05-25 08:00:00+00:00,-0.0042577022667935616
2024-05-25 12:00:00+00:00,-0.0054331748343107835
2024-05-25 16:00:00+00:00,0.011318172605605858
2024-05-25 20:00:00+00:00,0.0010954108905221408
2024-05-26 00:00:00+00:00,0.009567742279386837
2024-05-26 04:00:00+00:00,0.0005818264900033787
2024-05-26 08:00:00+00:00,0.030524933984854296
2024-05-26 12:00:00+00:00,-0.004453488505755665
2024-05-26 16:00:00+00:00,0.010294775652016619
2024-05-26 20:00:00+00:00,-0.008739463465038733
2024-05-27 00:00:00+00:00,0.011331845866934545
2024-05-27 04:00:00+00:00,0.003972876235321764
2024-05-27 08:00:00+00:00,-0.011686205095818128
2024-05-27 12:00:00+00:00,-0.00021821604325584706
2024-05-27 16:00:00+00:00,-0.0024522344814537082
2024-05-27 20:00:00+00:00,0.004047133334905051
2024-05-28 00:00:00+00:00,-0.007778319432770166
2024-05-28 04:00:00+00:00,0.00847767066483065
2024-05-28 08:00:00+00:00,-0.006503793800001033
2024-05-28 12:00:00+00:00,-0.006768231202768038
2024-05-28 16:00:00+00:00,0.011707264352417448
2024-05-28 20:00:00+00:00,-0.0005683093663501724
2024-05-29 00:00:00+00:00,-0.004126367240713714
2024-05-29 04:00:00+00:00,-0.014374148953640975
2024-05-29 08:00:00+00:00,-0.010228848819420168
2024-05-29 12:00:00+00:00,-0.0055152452062977135
2024-05-29 16:00:00+00:00,-0.0036166003238736087
2024-05-29 20:00:00+00:00,-0.00032825312230186935
2024-05-30 00:00:00+00:00,0.005699262944152128
2024-05-30 04:00:00+00:00,-0.011514935741687361
2024-05-30 08:00:00+00:00,-0.006859487590525014
2024-05-30 12:00:00+00:00,0.006774097666738708
2024-05-30 16:00:00+00:00,0.005788422879666944
2024-05-30 20:00:00+00:00,-0.003537994183819149
2024-05-31 00:00:00+00:00,0.0081108564406988
2024-05-31 04:00:00+00:00,0.0017183166415084107
2024-05-31 08:00:00+00:00,0.010228211746678184
2024-05-31 12:00:00+00:00,-0.008278240640210387
2024-05-31 16:00:00+00:00,-0.0013881941982358606
2024-05-31 20:00:00+00:00,0.003964538037505449
2024-06-01 00:00:00+00:00,0.002357629242686121
2024-06-01 04:00:00+00:00,0.0037285958963428675
2024-06-01 08:00:00+00:00,0.0011351521232821247
2024-06-01 12:00:00+00:00,-0.0005922861015877471
2024-06-01 16:00:00+00:00,-0.008186354820835762
2024-06-01 20:00:00+00:00,-0.001146271698736978
2024-06-02 00:00:00+00:00,-0.0029254206477889342
2024-06-02 04:00:00+00:00,-0.007515194599858989
2024-06-02 08:00:00+00:00,0.0001604904220379847
2024-06-02 12:00:00+00:00,-0.0008790584356672682
2024-06-02 16:00:00+00:00,-0.007832943701278471
2024-06-02 20:00:00+00:00,0.009339712333664929
2024-06-03 00:00:00+00:00,-0.004118625819347766
2024-06-03 04:00:00+00:00,0.005354537460918851
2024-06-03 08:00:00+00:00,-0.0030658605518903543
2024-06-03 12:00:00+00:00,-0.005383266230601924
2024-06-03 16:00:00+00:00,-0.015962597553112003
2024-06-03 20:00:00+00:00,0.0008594050593812688
2024-06-04 00:00:00+00:00,0.0003202863576524883
2024-06-04 04:00:00+00:00,-0.001950586444698032
2024-06-04 08:00:00+00:00,-0.0023552742279326685
2024-06-04 12:00:00+00:00,0.012794610277439845
2024-06-04 16:00:00+00:00,0.012194984916373188
2024-06-04 20:00:00+00:00,-0.0010477400674588251
2024-06-05 00:00:00+00:00,0.0004180293053450241
2024-06-05 04:00:00+00:00,-0.00430935033874893
2024-06-05 08:00:00+00:00,-0.004864090805569532
2024-06-05 12:00:00+00:00,-0.004992648807367473
2024-06-05 16:00:00+00:00,0.014799910660245975
2024-06-05 20:00:00+00:00,-0.009845717350052685
2024-06-06 00:00:00+00:00,0.007565294572356529
2024-06-06 04:00:00+00:00,-0.0034463074244235124
2024-06-06 08:00:00+00:00,-0.0026435536550316824
2024-06-06 12:00:00+00:00,0.004144552275882819
2024-06-06 16:00:00+00:00,0.008719606392737922
2024-06-06 20:00:00+00:00,-0.002338935116712348
2024-06-07 00:00:00+00:00,-0.0021949712928044365
2024-06-07 04:00:00+00:00,-0.0013794145517129538
2024-06-07 08:00:00+00:00,-0.012755151230923257
2024-06-07 12:00:00+00:00,-0.0036305741335360903
2024-06-07 16:00:00+00:00,0.026381133737516473
2024-06-07 20:00:00+00:00,-0.010876874087257283
2024-06-08 00:00:00+00:00,0.011201026343521847
2024-06-08 04:00:00+00:00,0.011063483131898689
2024-06-08 08:00:00+00:00,-0.0003833519225391557
2024-06-08 12:00:00+00:00,0.015709255336707327
2024-06-08 16:00:00+00:00,0.0012180638541281475
2024-06-08 20:00:00+00:00,0.002401779433471107
2024-06-09 00:00:00+00:00,-0.005346849027880673
2024-06-09 04:00:00+00:00,0.0007370176359340558
2024-06-09 08:00:00+00:00,-0.0040045944094084795
2024-06-09 12:00:00+00:00,-0.010866539427876343
2024-06-09 16:00:00+00:00,-0.0004504715314403553
2024-06-09 20:00:00+00:00,0.0032270241097188015
2024-06-10 00:00:00+00:00,0.006249422180297603
2024-06-10 04:00:00+00:00,0.005769784949996205
2024-06-10 08:00:00+00:00,-0.012599205724195907
2024-06-10 12:00:00+00:00,-0.007338546917483035
2024-06-10 16:00:00+00:00,0.01115581473522771
2024-06-10 20:00:00+00:00,-0.0004647037219009501
2024-06-11 00:00:00+00:00,0.008631574458998804
2024-06-11 04:00:00+00:00,-0.01182760458456349
2024-06-11 08:00:00+00:00,-0.0020317678238542794
2024-06-11 12:00:00+00:00,-0.005343482777963907
2024-06-11 16:00:00+00:00,-0.012373125171515634
2024-06-11 20:00:00+00:00,0.0013064477560057915
2024-06-12 00:00:00+00:00,-0.0018846010680474198
2024-06-12 04:00:00+00:00,-0.0010399215759275384
2024-06-12 08:00:00+00:00,-0.007265779821899198
2024-06-12 12:00:00+00:00,-0.009056723839036352
2024-06-12 16:00:00+00:00,0.01404871005259105
2024-06-12 20:00:00+00:00,-0.0042455231986139545
2024-06-13 00:00:00+00:00,0.004162533181693974
2024-06-13 04:00:00+00:00,0.010978398992562276
2024-06-13 08:00:00+00:00,0.007269300926211653
2024-06-13 12:00:00+00:00,0.005244010007010136
2024-06-13 16:00:00+00:00,-0.003399597465324434
2024-06-13 20:00:00+00:00,0.0009928871887170624
2024-06-14 00:00:00+00:00,-0.001740207702425201
2024-06-14 04:00:00+00:00,-0.000361052906262805
2024-06-14 08:00:00+00:00,0.0038550898664570393
2024-06-14 12:00:00+00:00,0.009834295898136291
2024-06-14 16:00:00+00:00,0.011894908500313694
2024-06-14 20:00:00+00:00,-0.003379001378599523
2024-06-15 00:00:00+00:00,-0.006143484537362375
2024-06-15 04:00:00+00:00,-0.001891152644304661
2024-06-15 08:00:00+00:00,0.0017322080308658902
2024-06-15 12:00:00+00:00,0.001972313842501938
2024-06-15 16:00:00+00:00,0.011053461491505257
2024-06-15 20:00:00+00:00,0.008061203728597111
2024-06-16 00:00:00+00:00,0.005706158941783636
2024-06-16 04:00:00+00:00,-0.005870730640206114
2024-06-16 08:00:00+00:00,-0.005840781331801769
2024-06-16 12:00:00+00:00,-0.005258070939814341
2024-06-16 16:00:00+00:00,0.00025151382592214586
2024-06-16 20:00:00+00:00,0.011187649102095042
2024-06-17 00:00:00+00:00,-0.003457424263086128
2024-06-17 04:00:00+00:00,0.006196961139150891
2024-06-17 08:00:00+00:00,0.014692813444545852
2024-06-17 12:00:00+00:00,0.01737629581967568
2024-06-17 16:00:00+00:00,-0.007445721370297155
2024-06-17 20:00:00+00:00,0.012890277839676046
2024-06-18 00:00:00+00:00,0.04237129728570262
2024-06-18 04:00:00+00:00,-0.0016491663701380553
2024-06-18 08:00:00+00:00,0.005731487450519167
2024-06-18 12:00:00+00:00,-0.012494692418118448
2024-06-18 16:00:00+00:00,-0.00023598481605848756
2024-06-18 20:00:00+00:00,-0.015457508635039453
2024-06-19 00:00:00+00:00,-0.021200092933678288
2024-06-19 04:00:00+00:00,-0.006069261812437809
2024-06-19 08:00:00+00:00,0.007637420287545373
2024-06-19 12:00:00+00:00,0.0016301935252782903
2024-06-19 16:00:00+00:00,-0.010775834270366857
2024-06-19 20:00:00+00:00,0.0018479786986193682
2024-06-20 00:00:00+00:00,-0.011027126106988416
2024-06-20 04:00:00+00:00,-0.04888538266387759
2024-06-20 08:00:00+00:00,0.00031968274340690234
2024-06-20 12:00:00+00:00,0.02666061188051612
2024-06-20 16:00:00+00:00,-0.01698493542422392
2024-06-20 20:00:00+00:00,0.012672088099823455
2024-06-21 00:00:00+00:00,-0.005033201260035215
2024-06-21 04:00:00+00:00,0.0014342746476655671
2024-06-21 08:00:00+00:00,-0.015045097291449093
2024-06-21 12:00:00+00:00,-0.008307393336137793
2024-06-21 16:00:00+00:00,-0.00466047757803234
2024-06-21 20:00:00+00:00,0.003731597284253052
2024-06-22 00:00:00+00:00,0.004512202749596317
2024-06-22 04:00:00+00:00,0.004636050427123828
2024-06-22 08:00:00+00:00,-0.002494227150905193
2024-06-22 12:00:00+00:00,-0.004831298149021457
2024-06-22 16:00:00+00:00,0.011953180836599197
2024-06-22 20:00:00+00:00,0.003037766822441901
2024-06-23 00:00:00+00:00,-0.016364907575470204
2024-06-23 04:00:00+00:00,-0.00023726201823401924
2024-06-23 08:00:00+00:00,0.0028670989291320176
2024-06-23 12:00:00+00:00,0.008149800961213715
2024-06-23 16:00:00+00:00,0.005662552746956086
2024-06-23 20:00:00+00:00,0.002304588891994386
2024-06-24 00:00:00+00:00,-0.006611004084623118
2024-06-24 04:00:00+00:00,0.007543579005412341
2024-06-24 08:00:00+00:00,-0.021712959493328413
2024-06-24 12:00:00+00:00,-0.0014303118328218073
2024-06-24 16:00:00+00:00,-0.011985501186435488
2024-06-24 20:00:00+00:00,-0.009929902315187002
2024-06-25 00:00:00+00:00,-0.0011907333709310294
2024-06-25 04:00:00+00:00,0.006023426264765687
2024-06-25 08:00:00+00:00,-0.004540719590592301
2024-06-25 12:00:00+00:00,-0.010536813824738147
2024-06-25 16:00:00+00:00,0.010908209673344828
2024-06-25 20:00:00+00:00,0.00701369033008681
2024-06-26 00:00:00+00:00,0.0029195153454655513
2024-06-26 04:00:00+00:00,0.0009224555544628203
2024-06-26 08:00:00+00:00,0.004243063600554576
2024-06-26 12:00:00+00:00,0.001994560274699464
2024-06-26 16:00:00+00:00,0.011017817924437501
2024-06-26 20:00:00+00:00,0.004720264389539674
2024-06-27 00:00:00+00:00,0.0026636752307713568
2024-06-27 04:00:00+00:00,-0.004735603323556671
2024-06-27 08:00:00+00:00,-0.004233634052881486
2024-06-27 12:00:00+00:00,-0.013797321944299858
2024-06-27 16:00:00+00:00,0.0027414030677066718
2024-06-27 20:00:00+00:00,0.0116145935402628
2024-06-28 00:00:00+00:00,0.004394012220651145
2024-06-28 04:00:00+00:00,-0.0015215434251306225
2024-06-28 08:00:00+00:00,0.0016985173049933527
2024-06-28 12:00:00+00:00,-0.004421223315836076
2024-06-28 16:00:00+00:00,0.009534289199431356
2024-06-28 20:00:00+00:00,0.0016336359711474294
2024-06-29 00:00:00+00:00,-0.0013767079739997802
2024-06-29 04:00:00+00:00,0.0023715670335821004
2024-06-29 08:00:00+00:00,6.643753956465741e-05
2024-06-29 12:00:00+00:00,-0.0007495203630197406
2024-06-29 16:00:00+00:00,0.011878023128391037
2024-06-29 20:00:00+00:00,0.00433034976415423
2024-06-30 00:00:00+00:00,-0.0024183034729514654
2024-06-30 04:00:00+00:00,-0.007176521949670267
2024-06-30 08:00:00+00:00,0.006057774768568126
2024-06-30 12:00:00+00:00,0.007598196963820113
2024-06-30 16:00:00+00:00,-0.004122355066649486
2024-06-30 20:00:00+00:00,0.0018247870335313717
2024-07-01 00:00:00+00:00,0.006693138482755657
2024-07-01 04:00:00+00:00,0.006197734801471057
2024-07-01 08:00:00+00:00,0.01160504831010849
2024-07-01 12:00:00+00:00,0.00780032885647466
2024-07-01 16:00:00+00:00,-0.02086692146583955
2024-07-01 20:00:00+00:00,0.01712133172560533
2024-07-02 00:00:00+00:00,0.005889286989833754
2024-07-02 04:00:00+00:00,0.007020169123771681
2024-07-02 08:00:00+00:00,0.002309694657690065
2024-07-02 12:00:00+00:00,-0.006109869961125015
2024-07-02 16:00:00+00:00,-0.0011392806445636328
2024-07-02 20:00:00+00:00,0.0074082942370207626
2024-07-03 00:00:00+00:00,0.00104839493815696
2024-07-03 04:00:00+00:00,-0.029593736697746967
2024-07-03 08:00:00+00:00,-0.019492146564688426
2024-07-03 12:00:00+00:00,-0.01318775179694838
2024-07-03 16:00:00+00:00,0.0017303661114361321
2024-07-03 20:00:00+00:00,0.006283978346248984
2024-07-04 00:00:00+00:00,-0.0007932450846590781
2024-07-04 04:00:00+00:00,-0.01688292560905933
2024-07-04 08:00:00+00:00,-0.005543618133346851
2024-07-04 12:00:00+00:00,0.003582457640104497
2024-07-04 16:00:00+00:00,0.0021855494540991005
2024-07-04 20:00:00+00:00,-0.0027305216471047895
2024-07-05 00:00:00+00:00,0.019051895528499466
2024-07-05 04:00:00+00:00,0.011718424647070935
2024-07-05 08:00:00+00:00,0.0003919502063684477
2024-07-05 12:00:00+00:00,0.0030574573199164687
2024-07-05 16:00:00+00:00,-0.0033968212462415874
2024-07-05 20:00:00+00:00,0.009895868305477708
2024-07-06 00:00:00+00:00,0.0044476751609211496
2024-07-06 04:00:00+00:00,-0.008363228253461474
2024-07-06 08:00:00+00:00,0.0003088676965415495
2024-07-06 12:00:00+00:00,0.002303366637395121
2024-07-06 16:00:00+00:00,-0.013821651329985364
2024-07-06 20:00:00+00:00,-0.00677787565392416
2024-07-07 00:00:00+00:00,0.005873070112068013
2024-07-07 04:00:00+00:00,0.012555933874914806
2024-07-07 08:00:00+00:00,-0.007464981076300846
2024-07-07 12:00:00+00:00,0.009130230042999355
2024-07-07 16:00:00+00:00,-0.007619363563355087
2024-07-07 20:00:00+00:00,0.008181319166620767
2024-07-08 00:00:00+00:00,0.019844844320605383
2024-07-08 04:00:00+00:00,-0.0028242912410613155
2024-07-08 08:00:00+00:00,0.0066154120145785
2024-07-08 12:00:00+00:00,-7.158607443720228e-05
2024-07-08 16:00:00+00:00,-0.007724936246900761
2024-07-08 20:00:00+00:00,0.01765431136636779
2024-07-09 00:00:00+00:00,-0.014990181712250018
2024-07-09 04:00:00+00:00,0.005468846347703815
2024-07-09 08:00:00+00:00,0.01979761193787597
2024-07-09 12:00:00+00:00,-0.0067387066383311385
2024-07-09 16:00:00+00:00,-0.006245256852872915
2024-07-09 20:00:00+00:00,-0.015434523868834772
2024-07-10 00:00:00+00:00,0.0077970905438718326
2024-07-10 04:00:00+00:00,-0.0008061645694581445
2024-07-10 08:00:00+00:00,0.003303231562486044
2024-07-10 12:00:00+00:00,-0.02221641052782146
2024-07-10 16:00:00+00:00,0.01653387649254483
2024-07-10 20:00:00+00:00,0.0026214001582981266
2024-07-11 00:00:00+00:00,0.0027862235715225385
2024-07-11 04:00:00+00:00,-0.0062707200435480285
2024-07-11 08:00:00+00:00,0.012213217552436161
2024-07-11 12:00:00+00:00,0.006838320690590029
2024-07-11 16:00:00+00:00,0.010221207433032432
2024-07-11 20:00:00+00:00,0.014833467171448757
2024-07-12 00:00:00+00:00,-0.0033062996653385746
2024-07-12 04:00:00+00:00,0.007328104100659538
2024-07-12 08:00:00+00:00,0.015888231534532563
2024-07-12 12:00:00+00:00,-0.020207759789436473
2024-07-12 16:00:00+00:00,0.012710551173709629
2024-07-12 20:00:00+00:00,0.006530113980070196
2024-07-13 00:00:00+00:00,-0.006500609703437155
2024-07-13 04:00:00+00:00,0.01573637814170974
2024-07-13 08:00:00+00:00,-0.007131234224345918
2024-07-13 12:00:00+00:00,0.01915932897401402
2024-07-13 16:00:00+00:00,0.02336657237271975
2024-07-13 20:00:00+00:00,-0.018317547300770023
2024-07-14 00:00:00+00:00,-0.011173378112780985
2024-07-14 04:00:00+00:00,-0.005120319160688558
2024-07-14 08:00:00+00:00,0.01093277100739385
2024-07-14 12:00:00+00:00,0.005408036058035971
2024-07-14 16:00:00+00:00,0.010121063705678269
2024-07-14 20:00:00+00:00,-0.02385575852287658
2024-07-15 00:00:00+00:00,-0.014794487175462903
2024-07-15 04:00:00+00:00,0.0011005939848940825
2024-07-15 08:00:00+00:00,0.00741006447571757
2024-07-15 12:00:00+00:00,-0.027470925304960203
2024-07-15 16:00:00+00:00,-0.04405736065968473
2024-07-15 20:00:00+00:00,-0.028455492051521734
2024-07-16 00:00:00+00:00,-0.002794996259228477
2024-07-16 04:00:00+00:00,0.035995979348005074
2024-07-16 08:00:00+00:00,-0.006603061298818492
2024-07-16 12:00:00+00:00,-0.03129119547609403
2024-07-16 16:00:00+00:00,-0.019120685246903205
2024-07-16 20:00:00+00:00,0.0017347345913423463
2024-07-17 00:00:00+00:00,0.010755933942046748
2024-07-17 04:00:00+00:00,-0.006354912033047324
2024-07-17 08:00:00+00:00,-0.006604117090686824
2024-07-17 12:00:00+00:00,0.005485898355082287
2024-07-17 16:00:00+00:00,0.007299441005200436
2024-07-17 20:00:00+00:00,0.006158318162711218
2024-07-18 00:00:00+00:00,0.005010672077310008
2024-07-18 04:00:00+00:00,-0.014366476963380448
2024-07-18 08:00:00+00:00,0.00701841379296131
2024-07-18 12:00:00+00:00,-0.0025181210441058495
2024-07-18 16:00:00+00:00,-0.014981725777166388
2024-07-18 20:00:00+00:00,0.0008496926862669113
2024-07-19 00:00:00+00:00,0.001748989253861511
2024-07-19 04:00:00+00:00,-0.009295909316119478
2024-07-19 08:00:00+00:00,0.002429872585930482
2024-07-19 12:00:00+00:00,0.007697279219858742
2024-07-19 16:00:00+00:00,0.019388828607225045
2024-07-19 20:00:00+00:00,-0.010138656276922365
2024-07-20 00:00:00+00:00,-0.011193190253066398
2024-07-20 04:00:00+00:00,0.0018169765277070934
2024-07-20 08:00:00+00:00,-0.015275092762876597
2024-07-20 12:00:00+00:00,0.003107129307901002
2024-07-20 16:00:00+00:00,-0.010856177353405938
2024-07-20 20:00:00+00:00,0.006478940160841051
2024-07-21 00:00:00+00:00,0.0011451073126973691
2024-07-21 04:00:00+00:00,-0.010665886162964688
2024-07-21 08:00:00+00:00,0.009339717456548113
2024-07-21 12:00:00+00:00,-0.003493664108382433
2024-07-21 16:00:00+00:00,-0.0010802600390519502
2024-07-21 20:00:00+00:00,0.00823056652851273
2024-07-22 00:00:00+00:00,-0.003106135666965092
2024-07-22 04:00:00+00:00,-0.005647400220774168
2024-07-22 08:00:00+00:00,0.00855859421726326
2024-07-22 12:00:00+00:00,-0.001138223526858862
2024-07-22 16:00:00+00:00,0.005299709752843907
2024-07-22 20:00:00+00:00,-0.017397916107385614
2024-07-23 00:00:00+00:00,0.0077203994655447045
2024-07-23 04:00:00+00:00,-0.008496289038395432
2024-07-23 08:00:00+00:00,-0.008875455521650075
2024-07-23 12:00:00+00:00,0.0004633740538165128
2024-07-23 16:00:00+00:00,-4.140675686437056e-06
2024-07-23 20:00:00+00:00,0.004664687652808054
2024-07-24 00:00:00+00:00,-0.00224344318139602
2024-07-24 04:00:00+00:00,0.001937873973637583
2024-07-24 08:00:00+00:00,0.01901278950437051
2024-07-24 12:00:00+00:00,-0.008852305991277731
2024-07-24 16:00:00+00:00,0.004574353502232564
2024-07-24 20:00:00+00:00,0.0029214369532845072
2024-07-25 00:00:00+00:00,0.00786530120263831
2024-07-25 04:00:00+00:00,0.007712983073382218
2024-07-25 08:00:00+00:00,0.00442764046590145
2024-07-25 12:00:00+00:00,-0.003613875377056352
2024-07-25 16:00:00+00:00,-0.02003285865067499
2024-07-25 20:00:00+00:00,-0.004884721274073957
2024-07-26 00:00:00+00:00,0.00428875685945833
2024-07-26 04:00:00+00:00,-0.00561637796648704
2024-07-26 08:00:00+00:00,0.01569621532637604
2024-07-26 12:00:00+00:00,0.0017199858167472166
2024-07-26 16:00:00+00:00,0.0004971930589040552
2024-07-26 20:00:00+00:00,0.008112763292066005
2024-07-27 00:00:00+00:00,-0.008380758517157028
2024-07-27 04:00:00+00:00,-0.0012895093761114082
2024-07-27 08:00:00+00:00,-0.005716189315168951
2024-07-27 12:00:00+00:00,-0.0016119865559474974
2024-07-27 16:00:00+00:00,-0.0016869007222026554
2024-07-27 20:00:00+00:00,0.002263289649688849
2024-07-28 00:00:00+00:00,0.0038286077143047997
2024-07-28 04:00:00+00:00,0.003142181919742671
2024-07-28 08:00:00+00:00,0.005481656480929688
2024-07-28 12:00:00+00:00,0.004405287533318169
2024-07-28 16:00:00+00:00,0.0008796756165066588
2024-07-28 20:00:00+00:00,-0.001142450603459788
2024-07-29 00:00:00+00:00,-0.0020826810781315657
2024-07-29 04:00:00+00:00,-0.001574502002521628
2024-07-29 08:00:00+00:00,0.0036662808333613357
2024-07-29 12:00:00+00:00,-0.0027394715421728446
2024-07-29 16:00:00+00:00,0.0012912954285225317
2024-07-29 20:00:00+00:00,-0.009352503997162299
2024-07-30 00:00:00+00:00,0.0034905548718765726
2024-07-30 04:00:00+00:00,-0.00830625598167365
2024-07-30 08:00:00+00:00,0.008793080545880197
2024-07-30 12:00:00+00:00,-0.0037091820986044906
2024-07-30 16:00:00+00:00,0.0012272420868790542
2024-07-30 20:00:00+00:00,0.0008338238065777712
2024-07-31 00:00:00+00:00,0.003237947601810954
2024-07-31 04:00:00+00:00,0.003391720877712357
2024-07-31 08:00:00+00:00,0.0026533437495415146
2024-07-31 12:00:00+00:00,0.002779476844619322
2024-07-31 16:00:00+00:00,-0.005824807363771578
2024-07-31 20:00:00+00:00,0.008920527703186765
2024-08-01 00:00:00+00:00,-0.009538231995729674
2024-08-01 04:00:00+00:00,0.005830943741871587
2024-08-01 08:00:00+00:00,0.006188542446779444
2024-08-01 12:00:00+00:00,-0.0045807216137131665
2024-08-01 16:00:00+00:00,0.011635390421180804
2024-08-01 20:00:00+00:00,0.0010026042842948635
2024-08-02 00:00:00+00:00,-0.0168292184797741
2024-08-02 04:00:00+00:00,0.01753051245246682
2024-08-02 08:00:00+00:00,0.01707723108131278
2024-08-02 12:00:00+00:00,-0.0027916027935126052
2024-08-02 16:00:00+00:00,0.007504273580787068
2024-08-02 20:00:00+00:00,0.006925328847468859
2024-08-03 00:00:00+00:00,-0.004857497530078004
2024-08-03 04:00:00+00:00,0.009563670924867963
2024-08-03 08:00:00+00:00,0.0016126219241692668
2024-08-03 12:00:00+00:00,0.020508780591568535
2024-08-03 16:00:00+00:00,0.01608833458413768
2024-08-03 20:00:00+00:00,-0.018433009126393386
2024-08-04 00:00:00+00:00,-0.011864878599969165
2024-08-04 04:00:00+00:00,0.021639169625559587
2024-08-04 08:00:00+00:00,-0.00856209982942593
2024-08-04 12:00:00+00:00,0.026571754639584985
2024-08-04 16:00:00+00:00,-0.02745919678088265
2024-08-04 20:00:00+00:00,0.012376989329714183
2024-08-05 00:00:00+00:00,0.038627132417225055
2024-08-05 04:00:00+00:00,0.00911200658571103
2024-08-05 08:00:00+00:00,0.03178084207432271
2024-08-05 12:00:00+00:00,-0.028024426290446238
2024-08-05 16:00:00+00:00,-0.0022624112867306585
2024-08-05 20:00:00+00:00,0.014612833689863568
2024-08-06 00:00:00+00:00,-0.029172244168620267
2024-08-06 04:00:00+00:00,-0.03244011006125416
2024-08-06 08:00:00+00:00,0.03164262483866191
2024-08-06 12:00:00+00:00,-0.007564279884360705
2024-08-06 16:00:00+00:00,0.007813071253204584
2024-08-06 20:00:00+00:00,0.004692869098319185
2024-08-07 00:00:00+00:00,-0.00366468477494699
2024-08-07 04:00:00+00:00,-0.005936822673814968
2024-08-07 08:00:00+00:00,-0.0033304633546810567
2024-08-07 12:00:00+00:00,0.00702518555311997
2024-08-07 16:00:00+00:00,0.029893947386605602
2024-08-07 20:00:00+00:00,0.030263132877598277
2024-08-08 00:00:00+00:00,-0.01562651175117727
2024-08-08 04:00:00+00:00,-0.008914440962410033
2024-08-08 08:00:00+00:00,-0.019437616723006524
2024-08-08 12:00:00+00:00,-0.0010389507567625245
2024-08-08 16:00:00+00:00,-0.00577168229397016
2024-08-08 20:00:00+00:00,-0.015072664677967307
2024-08-09 00:00:00+00:00,-0.00644956351142505
2024-08-09 04:00:00+00:00,0.0060968506037539566
2024-08-09 08:00:00+00:00,0.0018559545087851973
2024-08-09 12:00:00+00:00,0.009597705617343277
2024-08-09 16:00:00+00:00,-0.007603198785185097
2024-08-09 20:00:00+00:00,-0.002094555151475808
2024-08-10 00:00:00+00:00,0.01166811030008472
2024-08-10 04:00:00+00:00,-0.015723453620409743
2024-08-10 08:00:00+00:00,-0.004908789535740121
2024-08-10 12:00:00+00:00,0.020534498446059878
2024-08-10 16:00:00+00:00,-0.019406739087743197
2024-08-10 20:00:00+00:00,0.001410932216331529
2024-08-11 00:00:00+00:00,-0.016217315199327387
2024-08-11 04:00:00+00:00,-0.005627827092654681
2024-08-11 08:00:00+00:00,0.013300635066287049
2024-08-11 12:00:00+00:00,0.033199860965793596
2024-08-11 16:00:00+00:00,0.006584802667176558
2024-08-11 20:00:00+00:00,0.013621852358448415
2024-08-12 00:00:00+00:00,0.006620933129175377
2024-08-12 04:00:00+00:00,-0.02015796716764138
2024-08-12 08:00:00+00:00,0.0009730062921797113
2024-08-12 12:00:00+00:00,0.01655146021380207
2024-08-12 16:00:00+00:00,0.0017075760619606137
2024-08-12 20:00:00+00:00,-0.00815704514149702
2024-08-13 00:00:00+00:00,0.009655843148628752
2024-08-13 04:00:00+00:00,0.01177217509972488
2024-08-13 08:00:00+00:00,-0.006733343509085144
2024-08-13 12:00:00+00:00,-0.013407936987964256
2024-08-13 16:00:00+00:00,-0.024107243396705072
2024-08-13 20:00:00+00:00,0.010943566193832655
2024-08-14 00:00:00+00:00,0.011791532910348845
2024-08-14 04:00:00+00:00,-0.001519444634874767
2024-08-14 08:00:00+00:00,0.003669373202507155
2024-08-14 12:00:00+00:00,0.009538098388064785
2024-08-14 16:00:00+00:00,0.006030821156994581
2024-08-14 20:00:00+00:00,0.011552463006587412
2024-08-15 00:00:00+00:00,0.0042009250360879324
2024-08-15 04:00:00+00:00,0.003002876291526512
2024-08-15 08:00:00+00:00,-0.007602838405901746
2024-08-15 12:00:00+00:00,-0.008723026497983533
2024-08-15 16:00:00+00:00,0.0280760487815924
2024-08-15 20:00:00+00:00,0.0030672641124996685
2024-08-16 00:00:00+00:00,0.006847406156643322
2024-08-16 04:00:00+00:00,-0.005535866104733511
2024-08-16 08:00:00+00:00,0.0034236321290559662
2024-08-16 12:00:00+00:00,0.010793473056655612
2024-08-16 16:00:00+00:00,-0.004406675969212424
2024-08-16 20:00:00+00:00,0.0011045359581473018
2024-08-17 00:00:00+00:00,-0.0007688950373453407
2024-08-17 04:00:00+00:00,0.0042452686122133486
2024-08-17 08:00:00+00:00,-0.0018952630211740433
2024-08-17 12:00:00+00:00,-0.0017866438208998144
2024-08-17 16:00:00+00:00,-0.0024462989208259736
2024-08-17 20:00:00+00:00,-0.003534226363230686
2024-08-18 00:00:00+00:00,0.006445802322048433
2024-08-18 04:00:00+00:00,0.004193895167254169
2024-08-18 08:00:00+00:00,-0.02471790991471461
2024-08-18 12:00:00+00:00,-0.005641017858466602
2024-08-18 16:00:00+00:00,0.004572454722281028
2024-08-18 20:00:00+00:00,0.015999192288495046
2024-08-19 00:00:00+00:00,0.0015690464870329547
2024-08-19 04:00:00+00:00,0.005539573708669886
2024-08-19 08:00:00+00:00,0.006331585146657016
2024-08-19 12:00:00+00:00,0.004241196326740982
2024-08-19 16:00:00+00:00,0.022802558070748803
2024-08-19 20:00:00+00:00,-0.00868500870026867
2024-08-20 00:00:00+00:00,0.008276735226396626
2024-08-20 04:00:00+00:00,-0.010176065145335669
2024-08-20 08:00:00+00:00,-0.008049934803221937
2024-08-20 12:00:00+00:00,0.00175022783155374
2024-08-20 16:00:00+00:00,-0.002517568907987045
2024-08-20 20:00:00+00:00,0.009183161606502144
2024-08-21 00:00:00+00:00,0.002176471626625487
2024-08-21 04:00:00+00:00,-0.0027373381342316247
2024-08-21 08:00:00+00:00,0.008063479322203927
2024-08-21 12:00:00+00:00,-0.004753231377762934
2024-08-21 16:00:00+00:00,-0.018466217264278176
2024-08-21 20:00:00+00:00,-0.0009999485577339758
2024-08-22 00:00:00+00:00,-0.0005741660684352777
2024-08-22 04:00:00+00:00,-0.007626808087619442
2024-08-22 08:00:00+00:00,-0.00895746596026654
2024-08-22 12:00:00+00:00,0.0031017577052988798
2024-08-22 16:00:00+00:00,0.0066137726563396445
2024-08-22 20:00:00+00:00,-0.00674826107175386
2024-08-23 00:00:00+00:00,-0.01527182235579352
2024-08-23 04:00:00+00:00,-0.010876419473656987
2024-08-23 08:00:00+00:00,0.011780462104290023
2024-08-23 12:00:00+00:00,0.0020574694716526394
2024-08-23 16:00:00+00:00,-0.007110731383470938
2024-08-23 20:00:00+00:00,-0.008470634231822195
2024-08-24 00:00:00+00:00,-0.016025648946055605
2024-08-24 04:00:00+00:00,-0.00898334887818044
2024-08-24 08:00:00+00:00,-0.005392890088343093
2024-08-24 12:00:00+00:00,-0.0013268602776306706
2024-08-24 16:00:00+00:00,-0.005730937185022001
2024-08-24 20:00:00+00:00,-0.0022270505184248004
2024-08-25 00:00:00+00:00,0.0029856651095733653
2024-08-25 04:00:00+00:00,0.010862805039028967
2024-08-25 08:00:00+00:00,-0.0013536950978672905
2024-08-25 12:00:00+00:00,0.011859461326578358
2024-08-25 16:00:00+00:00,0.0017869127809122544
2024-08-25 20:00:00+00:00,-0.00655851336409392
2024-08-26 00:00:00+00:00,-0.00833302190434926
2024-08-26 04:00:00+00:00,-0.0037506646446713535
2024-08-26 08:00:00+00:00,-0.000742808029793451
2024-08-26 12:00:00+00:00,0.004936007698657631
2024-08-26 16:00:00+00:00,0.016447225197312787
2024-08-26 20:00:00+00:00,0.0020184575720293197
2024-08-27 00:00:00+00:00,0.0022655764797020693
2024-08-27 04:00:00+00:00,-0.0019002293153983496
2024-08-27 08:00:00+00:00,-0.006507841366774116
2024-08-27 12:00:00+00:00,-0.008546081400786634
2024-08-27 16:00:00+00:00,0.012910513394222334
2024-08-27 20:00:00+00:00,-0.008262071974822009
2024-08-28 00:00:00+00:00,0.005425105180365631
2024-08-28 04:00:00+00:00,-0.007022305472342127
2024-08-28 08:00:00+00:00,0.021413522400957265
2024-08-28 12:00:00+00:00,-0.0009324458840573643
2024-08-28 16:00:00+00:00,0.0006608162674847983
2024-08-28 20:00:00+00:00,-0.007949687503330983
2024-08-29 00:00:00+00:00,-0.008789671661932851
2024-08-29 04:00:00+00:00,-0.004075717653877798
2024-08-29 08:00:00+00:00,0.005100339490551554
2024-08-29 12:00:00+00:00,0.006249160208191419
2024-08-29 16:00:00+00:00,0.0036890110354967053
2024-08-29 20:00:00+00:00,-0.0030157493354745933
2024-08-30 00:00:00+00:00,0.0006096809324689588
2024-08-30 04:00:00+00:00,0.0055795268814760055
2024-08-30 08:00:00+00:00,-0.005050221943202994
2024-08-30 12:00:00+00:00,0.001728106867624835
2024-08-30 16:00:00+00:00,-0.003199924840556312
2024-08-30 20:00:00+00:00,0.0029956995746936114
2024-08-31 00:00:00+00:00,0.0038878848233260713
2024-08-31 04:00:00+00:00,-0.0023398575146833965
2024-08-31 08:00:00+00:00,0.0039450044616034415
2024-08-31 12:00:00+00:00,0.0018089199808562825
2024-08-31 16:00:00+00:00,0.0030559463450797074
2024-08-31 20:00:00+00:00,-0.003103014842777951
2024-09-01 00:00:00+00:00,-0.0045673292553096035
2024-09-01 04:00:00+00:00,0.0013767685895789581
2024-09-01 08:00:00+00:00,0.004234586209103087
2024-09-01 12:00:00+00:00,-0.007370935701065773
2024-09-01 16:00:00+00:00,0.00295753171968085
2024-09-01 20:00:00+00:00,0.009855249966625925
2024-09-02 00:00:00+00:00,-0.0019752667053877905
2024-09-02 04:00:00+00:00,-0.009805344592003907
2024-09-02 08:00:00+00:00,-0.0051605510627280365
2024-09-02 12:00:00+00:00,-0.004407116527298039
2024-09-02 16:00:00+00:00,0.009993428027224626
2024-09-02 20:00:00+00:00,0.007638766175657419
2024-09-03 00:00:00+00:00,-0.007963072000823846
2024-09-03 04:00:00+00:00,-0.013124301293279706
2024-09-03 08:00:00+00:00,-0.002370934245710488
2024-09-03 12:00:00+00:00,-0.0017001596703519976
2024-09-03 16:00:00+00:00,-0.0013423506082261847
2024-09-03 20:00:00+00:00,0.0054366207686177715
2024-09-04 00:00:00+00:00,0.004250982349533695
2024-09-04 04:00:00+00:00,0.010314052832041988
2024-09-04 08:00:00+00:00,0.008982661716951456
2024-09-04 12:00:00+00:00,-0.015294414448805084
2024-09-04 16:00:00+00:00,0.008852137615076017
2024-09-04 20:00:00+00:00,-0.003535607279311015
2024-09-05 00:00:00+00:00,-0.00014202036148625117
2024-09-05 04:00:00+00:00,-0.009983875220198323
2024-09-05 08:00:00+00:00,0.0018291207375656271
2024-09-05 12:00:00+00:00,-0.0008463767681584195
2024-09-05 16:00:00+00:00,0.006476173008989595
2024-09-05 20:00:00+00:00,-0.0017105973475721732
2024-09-06 00:00:00+00:00,0.0008271957251791751
2024-09-06 04:00:00+00:00,0.0040132526927464185
2024-09-06 08:00:00+00:00,0.0051472734458343
2024-09-06 12:00:00+00:00,-0.00601110540162304
2024-09-06 16:00:00+00:00,0.004649070079958984
2024-09-06 20:00:00+00:00,0.00558534466900389
2024-09-07 00:00:00+00:00,-0.007467243041359129
2024-09-07 04:00:00+00:00,-0.004314128945760221
2024-09-07 08:00:00+00:00,0.005613349922028466
2024-09-07 12:00:00+00:00,-0.0029200768385609704
2024-09-07 16:00:00+00:00,0.0034672002231707086
2024-09-07 20:00:00+00:00,0.00011146710653395881
2024-09-08 00:00:00+00:00,0.0005606667750693629
2024-09-08 04:00:00+00:00,-0.0023786061882802305
2024-09-08 08:00:00+00:00,-0.0009606273379582308
2024-09-08 12:00:00+00:00,0.004902424006500784
2024-09-08 16:00:00+00:00,-0.001908553209373221
2024-09-08 20:00:00+00:00,-0.010180736941997016
2024-09-09 00:00:00+00:00,0.005176305751903731
2024-09-09 04:00:00+00:00,0.005314884973937819
2024-09-09 08:00:00+00:00,0.0015695902353759512
2024-09-09 12:00:00+00:00,-0.00528484037089767
2024-09-09 16:00:00+00:00,-0.016211296073142423
2024-09-09 20:00:00+00:00,0.0014896917773708843
2024-09-10 00:00:00+00:00,0.0009268131501567684
2024-09-10 04:00:00+00:00,-0.02180417672474242
2024-09-10 08:00:00+00:00,-0.0073008316487479736
2024-09-10 12:00:00+00:00,0.0118305428590622
2024-09-10 16:00:00+00:00,0.008808507630162988
2024-09-10 20:00:00+00:00,-0.00504510724375653
2024-09-11 00:00:00+00:00,0.015152898315180342
2024-09-11 04:00:00+00:00,0.009777322768656794
2024-09-11 08:00:00+00:00,-0.002140779682528304
2024-09-11 12:00:00+00:00,0.008223161226253084
2024-09-11 16:00:00+00:00,0.008776385833155386
2024-09-11 20:00:00+00:00,0.0034909122277058994
2024-09-12 00:00:00+00:00,0.002280343083585336
2024-09-12 04:00:00+00:00,-0.004801998023474074
2024-09-12 08:00:00+00:00,-0.003880750519637721
2024-09-12 12:00:00+00:00,-0.009715977556077737
2024-09-12 16:00:00+00:00,0.00033422301773540324
2024-09-12 20:00:00+00:00,-0.0016336127720543376
2024-09-13 00:00:00+00:00,-0.006333199331601459
2024-09-13 04:00:00+00:00,-0.00019738564656854914
2024-09-13 08:00:00+00:00,0.007718165716050996
2024-09-13 12:00:00+00:00,-0.00812528022026644
2024-09-13 16:00:00+00:00,-0.003761479645291677
2024-09-13 20:00:00+00:00,-0.004233901068807078
2024-09-14 00:00:00+00:00,-0.013833399471538542
2024-09-14 04:00:00+00:00,0.003644317236296479
2024-09-14 08:00:00+00:00,-0.0033401623785770827
2024-09-14 12:00:00+00:00,-0.004470334297895362
2024-09-14 16:00:00+00:00,0.002860822211825686
2024-09-14 20:00:00+00:00,0.0057709375144870964
2024-09-15 00:00:00+00:00,0.01498417297640642
2024-09-15 04:00:00+00:00,0.004911195936430302
2024-09-15 08:00:00+00:00,0.008956541166257482
2024-09-15 12:00:00+00:00,0.0020932013054690613
2024-09-15 16:00:00+00:00,0.012356172206884565
2024-09-15 20:00:00+00:00,-0.0036834527381848893
2024-09-16 00:00:00+00:00,-0.0012881275244128075
2024-09-16 04:00:00+00:00,0.004574239284113801
2024-09-16 08:00:00+00:00,-0.0010965551851964458
2024-09-16 12:00:00+00:00,-0.008224327764327046
2024-09-16 16:00:00+00:00,-0.005752617284542194
2024-09-16 20:00:00+00:00,-0.003093561530774691
2024-09-17 00:00:00+00:00,0.00479445042867992
2024-09-17 04:00:00+00:00,0.009015043949964687
2024-09-17 08:00:00+00:00,0.012964213097661404
2024-09-17 12:00:00+00:00,-0.004207434337534767
2024-09-17 16:00:00+00:00,-0.003783431942516846
2024-09-17 20:00:00+00:00,0.0002277207188706935
2024-09-18 00:00:00+00:00,-0.006775803254432633
2024-09-18 04:00:00+00:00,-0.0015106838541310231
2024-09-18 08:00:00+00:00,-0.0008193123835340544
2024-09-18 12:00:00+00:00,0.008408806679907867
2024-09-18 16:00:00+00:00,-0.002128412931513957
2024-09-18 20:00:00+00:00,0.0033921737318896904
2024-09-19 00:00:00+00:00,-0.001160921826165495
2024-09-19 04:00:00+00:00,-0.009635407520374752
2024-09-19 08:00:00+00:00,-0.00467740227457567
2024-09-19 12:00:00+00:00,-0.010613996429781248
2024-09-19 16:00:00+00:00,-0.0060673841600234375
2024-09-19 20:00:00+00:00,0.0010650804149522583
2024-09-20 00:00:00+00:00,-0.0012932761143556815
2024-09-20 04:00:00+00:00,-0.005861116661186381
2024-09-20 08:00:00+00:00,0.0024161854802297257
2024-09-20 12:00:00+00:00,-0.005993427346390435
2024-09-20 16:00:00+00:00,-0.0026510315482181305
2024-09-20 20:00:00+00:00,-0.0019965398395677117
2024-09-21 00:00:00+00:00,-0.01252292548089693
2024-09-21 04:00:00+00:00,0.0009904545770812456
2024-09-21 08:00:00+00:00,-0.0004819036639961852
2024-09-21 12:00:00+00:00,0.001956819340870686
2024-09-21 16:00:00+00:00,-0.0015234234435004047
2024-09-21 20:00:00+00:00,0.008814582132611083
2024-09-22 00:00:00+00:00,-0.00038621429578240764
2024-09-22 04:00:00+00:00,-0.00263738474629256
2024-09-22 08:00:00+00:00,-0.0019196596132538656
2024-09-22 12:00:00+00:00,0.0015612385971038205
2024-09-22 16:00:00+00:00,0.024203175441280613
2024-09-22 20:00:00+00:00,-0.0006170376102134111
2024-09-23 00:00:00+00:00,0.016823104069362518
2024-09-23 04:00:00+00:00,0.0012682988792256601
2024-09-23 08:00:00+00:00,0.0021343855328184187
2024-09-23 12:00:00+00:00,0.012575562090750749
2024-09-23 16:00:00+00:00,-0.0010239130179954714
2024-09-23 20:00:00+00:00,-0.0048484601327897225
2024-09-24 00:00:00+00:00,-0.0025246946465121932
2024-09-24 04:00:00+00:00,-0.005454493898156888
2024-09-24 08:00:00+00:00,6.003652677673003e-05
2024-09-24 12:00:00+00:00,0.0025290121659641285
2024-09-24 16:00:00+00:00,0.005501799893271884
2024-09-24 20:00:00+00:00,0.013003992266795831
2024-09-25 00:00:00+00:00,0.011240644391424094
2024-09-25 04:00:00+00:00,-0.007947127875059825
2024-09-25 08:00:00+00:00,-0.005242823165148147
2024-09-25 12:00:00+00:00,0.01916658454707947
2024-09-25 16:00:00+00:00,0.011635161792632511
2024-09-25 20:00:00+00:00,0.005751670392920483
2024-09-26 00:00:00+00:00,-0.005234817241545242
2024-09-26 04:00:00+00:00,-0.004461918277391794
2024-09-26 08:00:00+00:00,0.008910943710059186
2024-09-26 12:00:00+00:00,-0.011142423285029658
2024-09-26 16:00:00+00:00,-0.008651973987509921
2024-09-26 20:00:00+00:00,-0.01718085195842587
2024-09-27 00:00:00+00:00,0.007528771266432987
2024-09-27 04:00:00+00:00,0.004060764902457726
2024-09-27 08:00:00+00:00,-0.0048114070809417
2024-09-27 12:00:00+00:00,-0.003136554282458115
2024-09-27 16:00:00+00:00,-0.008680645738006022
2024-09-27 20:00:00+00:00,0.004957286263365557
2024-09-28 00:00:00+00:00,0.0017536617209247037
2024-09-28 04:00:00+00:00,-0.007208458758272186
2024-09-28 08:00:00+00:00,0.0007410667836155853
2024-09-28 12:00:00+00:00,0.001389324477132514
2024-09-28 16:00:00+00:00,0.005734458130014787
2024-09-28 20:00:00+00:00,0.010135973979993176
2024-09-29 00:00:00+00:00,0.01004472712009441
2024-09-29 04:00:00+00:00,-0.024717678103752985
2024-09-29 08:00:00+00:00,0.012547191733611986
2024-09-29 12:00:00+00:00,0.006328859353379168
2024-09-29 16:00:00+00:00,0.02130368104317455
2024-09-29 20:00:00+00:00,-0.00963710412831229
2024-09-30 00:00:00+00:00,-0.0012415482119890516
2024-09-30 04:00:00+00:00,0.0009686412885657307
2024-09-30 08:00:00+00:00,-0.004929817610319941
2024-09-30 12:00:00+00:00,-0.009469452132608814
2024-09-30 16:00:00+00:00,0.006654910418663418
2024-09-30 20:00:00+00:00,-0.015710654128356705
2024-10-01 00:00:00+00:00,0.031774701795756595
2024-10-01 04:00:00+00:00,-0.007072669155031596
2024-10-01 08:00:00+00:00,0.0011311920786186485
2024-10-01 12:00:00+00:00,-0.0358904843833122
2024-10-01 16:00:00+00:00,-0.017243509614347285
2024-10-01 20:00:00+00:00,0.003214166362022343
2024-10-02 00:00:00+00:00,0.003317136315811319
2024-10-02 04:00:00+00:00,0.0186282614706369
2024-10-02 08:00:00+00:00,-0.012216579185742015
2024-10-02 12:00:00+00:00,0.005103700687451317
2024-10-02 16:00:00+00:00,-0.01910507026670698
2024-10-02 20:00:00+00:00,0.018718477466580622
2024-10-03 00:00:00+00:00,0.019078141092026237
2024-10-03 04:00:00+00:00,-0.01941184152901472
2024-10-03 08:00:00+00:00,-0.0028351927123668515
2024-10-03 12:00:00+00:00,-0.026766652832465647
2024-10-03 16:00:00+00:00,-0.0018166200385356214
2024-10-03 20:00:00+00:00,-0.009873478754482523
2024-10-04 00:00:00+00:00,-0.000242091653713672
2024-10-04 04:00:00+00:00,0.011825168078988346
2024-10-04 08:00:00+00:00,0.013008820551696033
2024-10-04 12:00:00+00:00,0.0012530662829207681
2024-10-04 16:00:00+00:00,0.007206209337196312
2024-10-04 20:00:00+00:00,-0.005797409582334878
2024-10-05 00:00:00+00:00,-0.017654662833830836
2024-10-05 04:00:00+00:00,0.003444314107018712
2024-10-05 08:00:00+00:00,0.001823980158431304
2024-10-05 12:00:00+00:00,-0.0033616422293477836
2024-10-05 16:00:00+00:00,-0.0024052045432842338
2024-10-05 20:00:00+00:00,0.008874798475431779
2024-10-06 00:00:00+00:00,-0.014178066397426182
2024-10-06 04:00:00+00:00,0.00026785620875211555
2024-10-06 08:00:00+00:00,-0.0003714720658610325
2024-10-06 12:00:00+00:00,0.03468494560398225
2024-10-06 16:00:00+00:00,0.01023306016452399
2024-10-06 20:00:00+00:00,0.0037201588265316932
2024-10-07 00:00:00+00:00,0.02154265210278077
2024-10-07 04:00:00+00:00,0.00141625651006465
2024-10-07 08:00:00+00:00,0.002038341410345491
2024-10-07 12:00:00+00:00,0.014877522529189903
2024-10-07 16:00:00+00:00,0.0026601779653072865
2024-10-07 20:00:00+00:00,-0.014469246081753371
2024-10-08 00:00:00+00:00,0.011919276838834448
2024-10-08 04:00:00+00:00,-0.020996165350892857
2024-10-08 08:00:00+00:00,0.008075495588881454
2024-10-08 12:00:00+00:00,-0.01757768908725419
2024-10-08 16:00:00+00:00,-0.00557066733159488
2024-10-08 20:00:00+00:00,0.0013109938773490314
2024-10-09 00:00:00+00:00,-0.005900559016028973
2024-10-09 04:00:00+00:00,-0.0034923352644006477
2024-10-09 08:00:00+00:00,0.006602888705777811
2024-10-09 12:00:00+00:00,0.00676841211581647
2024-10-09 16:00:00+00:00,-0.016828535048612262
2024-10-09 20:00:00+00:00,0.004042505423684583
2024-10-10 00:00:00+00:00,-0.0050986293321549706
2024-10-10 04:00:00+00:00,0.001753175453371236
2024-10-10 08:00:00+00:00,0.0020162214627663885
2024-10-10 12:00:00+00:00,-0.0018081975118731993
2024-10-10 16:00:00+00:00,0.007703871482428126
2024-10-10 20:00:00+00:00,-0.0016655726005020176
2024-10-11 00:00:00+00:00,-0.004102438716086133
2024-10-11 04:00:00+00:00,0.006326479916565475
2024-10-11 08:00:00+00:00,-0.0021934858307071756
2024-10-11 12:00:00+00:00,-0.0023387934255677083
2024-10-11 16:00:00+00:00,-0.0062952834732543875
2024-10-11 20:00:00+00:00,0.005758076923198763
2024-10-12 00:00:00+00:00,-0.002226541556814299
2024-10-12 04:00:00+00:00,-0.020477753393827205
2024-10-12 08:00:00+00:00,0.009241570390636668
2024-10-12 12:00:00+00:00,-0.0005797115237420759
2024-10-12 16:00:00+00:00,0.010423071217788515
2024-10-12 20:00:00+00:00,-0.011295273941024276
2024-10-13 00:00:00+00:00,0.019822873688554222
2024-10-13 04:00:00+00:00,-0.007110430161436444
2024-10-13 08:00:00+00:00,-0.007089365436747741
2024-10-13 12:00:00+00:00,-0.006406752736921128
2024-10-13 16:00:00+00:00,0.018820745744819446
2024-10-13 20:00:00+00:00,0.008733418449858775
2024-10-14 00:00:00+00:00,0.0013265297194509976
2024-10-14 04:00:00+00:00,0.0002972964006545684
2024-10-14 08:00:00+00:00,-0.004344024463711559
2024-10-14 12:00:00+00:00,-0.010492311524510311
2024-10-14 16:00:00+00:00,0.0013255252227497355
2024-10-14 20:00:00+00:00,-0.0034994432182818163
2024-10-15 00:00:00+00:00,0.006135777749971139
2024-10-15 04:00:00+00:00,0.018529293883801423
2024-10-15 08:00:00+00:00,-0.024974812223627185
2024-10-15 12:00:00+00:00,-0.01321332453851394
2024-10-15 16:00:00+00:00,-0.0028226601526968537
2024-10-15 20:00:00+00:00,-0.006264714041357711
2024-10-16 00:00:00+00:00,0.004165059312490541
2024-10-16 04:00:00+00:00,-0.00621806901747808
2024-10-16 08:00:00+00:00,-0.0016417827048669452
2024-10-16 12:00:00+00:00,-0.00523498261485058
2024-10-16 16:00:00+00:00,0.006597106928000173
2024-10-16 20:00:00+00:00,-0.003350832344149101
2024-10-17 00:00:00+00:00,0.009799262526299658
2024-10-17 04:00:00+00:00,-0.011103816924665465
2024-10-17 08:00:00+00:00,0.0055865296172037835
2024-10-17 12:00:00+00:00,0.008995153946578993
2024-10-17 16:00:00+00:00,0.001539677815153051
2024-10-17 20:00:00+00:00,0.008555412136005944
2024-10-18 00:00:00+00:00,-0.0018358026487308669
2024-10-18 04:00:00+00:00,-0.003847050403298448
2024-10-18 08:00:00+00:00,0.001662654742292969
2024-10-18 12:00:00+00:00,0.009633329722022977
2024-10-18 16:00:00+00:00,0.009189676471858333
2024-10-18 20:00:00+00:00,-0.0024940324332623836
2024-10-19 00:00:00+00:00,0.0043805048823612365
2024-10-19 04:00:00+00:00,0.007283976984744145
2024-10-19 08:00:00+00:00,0.00016308257025754506
2024-10-19 12:00:00+00:00,0.011439098136939354
2024-10-19 16:00:00+00:00,-0.0065137508091220216
2024-10-19 20:00:00+00:00,0.006724808619842461
2024-10-20 00:00:00+00:00,-0.00856101970081764
2024-10-20 04:00:00+00:00,-0.006877885758240488
2024-10-20 08:00:00+00:00,-0.0050488319685263235
2024-10-20 12:00:00+00:00,-0.020288594034803077
2024-10-20 16:00:00+00:00,0.0009743727207574215
2024-10-20 20:00:00+00:00,-0.00046664882494122954
2024-10-21 00:00:00+00:00,0.0014678637650098912
2024-10-21 04:00:00+00:00,0.007657432569236367
2024-10-21 08:00:00+00:00,-0.007827753700161911
2024-10-21 12:00:00+00:00,-0.0011969619041013685
2024-10-21 16:00:00+00:00,0.00477093290833528
2024-10-21 20:00:00+00:00,-0.004054120630923121
2024-10-22 00:00:00+00:00,-0.0003212643555664972
2024-10-22 04:00:00+00:00,-0.0020799786481117137
2024-10-22 08:00:00+00:00,0.0032712639230366262
2024-10-22 12:00:00+00:00,-0.004177907227234679
2024-10-22 16:00:00+00:00,0.0005367292635042762
2024-10-22 20:00:00+00:00,0.008537555210015979
2024-10-23 00:00:00+00:00,0.003377337137877712
2024-10-23 04:00:00+00:00,0.0077977414612545376
2024-10-23 08:00:00+00:00,-0.002958513659273975
2024-10-23 12:00:00+00:00,0.00810996171917946
2024-10-23 16:00:00+00:00,0.005640394598288534
2024-10-23 20:00:00+00:00,-0.0030237206312152547
2024-10-24 00:00:00+00:00,0.001953151505996153
2024-10-24 04:00:00+00:00,-0.000336068775542975
2024-10-24 08:00:00+00:00,-0.0014458664570708767
2024-10-24 12:00:00+00:00,-0.002627730698525954
2024-10-24 16:00:00+00:00,0.0041373205666708655
2024-10-24 20:00:00+00:00,0.0009177021316234105
2024-10-25 00:00:00+00:00,0.00020359423045721608
2024-10-25 04:00:00+00:00,-0.00446941419435978
2024-10-25 08:00:00+00:00,-0.004812747561976895
2024-10-25 12:00:00+00:00,0.0023777972006732593
2024-10-25 16:00:00+00:00,-0.005628958295571128
2024-10-25 20:00:00+00:00,0.0077261259852760885
2024-10-26 00:00:00+00:00,-0.003263874879614259
2024-10-26 04:00:00+00:00,0.005893481817577406
2024-10-26 08:00:00+00:00,0.003221238627742684
2024-10-26 12:00:00+00:00,0.009774838314508982
2024-10-26 16:00:00+00:00,0.0011064122655909175
2024-10-26 20:00:00+00:00,-0.003339544258170979
2024-10-27 00:00:00+00:00,-0.005346970479291314
2024-10-27 04:00:00+00:00,0.0008294354698935581
2024-10-27 08:00:00+00:00,0.0065442610579114395
2024-10-27 12:00:00+00:00,0.00034243792162287276
2024-10-27 16:00:00+00:00,0.007610863797426548
2024-10-27 20:00:00+00:00,-0.0018325737340847633
2024-10-28 00:00:00+00:00,0.023496227818516593
2024-10-28 04:00:00+00:00,-0.01370918078227008
2024-10-28 08:00:00+00:00,0.01188985906808795
2024-10-28 12:00:00+00:00,0.015796710078893675
2024-10-28 16:00:00+00:00,0.004542496240736547
2024-10-28 20:00:00+00:00,-0.015468864563869204
2024-10-29 00:00:00+00:00,-0.015239720804850747
2024-10-29 04:00:00+00:00,-0.00010170617515610231
2024-10-29 08:00:00+00:00,-0.00939642383954413
2024-10-29 12:00:00+00:00,0.004509674979313117
2024-10-29 16:00:00+00:00,0.0030625415793255513
2024-10-29 20:00:00+00:00,-0.010582992474535358
2024-10-30 00:00:00+00:00,0.009949093062351056
2024-10-30 04:00:00+00:00,0.0057786915504245435
2024-10-30 08:00:00+00:00,0.006687544480197638
2024-10-30 12:00:00+00:00,-0.009970157338853359
2024-10-30 16:00:00+00:00,-0.0027638284964116577
2024-10-30 20:00:00+00:00,-0.0024657028770493253
2024-10-31 00:00:00+00:00,0.009780587114470473
2024-10-31 04:00:00+00:00,0.0025466718725607683
2024-10-31 08:00:00+00:00,0.0052220038665425905
2024-10-31 12:00:00+00:00,-0.011387595803784034
2024-10-31 16:00:00+00:00,0.010339450747224688
2024-10-31 20:00:00+00:00,-0.008038619426698902
2024-11-01 00:00:00+00:00,-0.008497358627624864
2024-11-01 04:00:00+00:00,0.010205210106958008
2024-11-01 08:00:00+00:00,-0.006139808063553342
2024-11-01 12:00:00+00:00,0.00739064262909297
2024-11-01 16:00:00+00:00,0.004702724853056473
2024-11-01 20:00:00+00:00,0.0016341113397710272
2024-11-02 00:00:00+00:00,0.004435279769588551
2024-11-02 04:00:00+00:00,-0.0053357770877941356
2024-11-02 08:00:00+00:00,0.0007152681304887227
2024-11-02 12:00:00+00:00,0.006928131665218395
2024-11-02 16:00:00+00:00,0.005189927570945585
2024-11-02 20:00:00+00:00,0.004163150664259031
2024-11-03 00:00:00+00:00,0.0005372941992593623
2024-11-03 04:00:00+00:00,0.00027337123319817313
2024-11-03 08:00:00+00:00,0.004059619381262825
2024-11-03 12:00:00+00:00,0.009237746786038503
2024-11-03 16:00:00+00:00,0.00431826114957865
2024-11-03 20:00:00+00:00,-0.0007737043961066449
2024-11-04 00:00:00+00:00,-0.0005716169484219159
2024-11-04 04:00:00+00:00,0.007802333980350172
2024-11-04 08:00:00+00:00,0.0028309760110373002
2024-11-04 12:00:00+00:00,0.019100544745622706
2024-11-04 16:00:00+00:00,0.001274045814844361
2024-11-04 20:00:00+00:00,-0.0030890589650679695
2024-11-05 00:00:00+00:00,-0.008895175064336592
2024-11-05 04:00:00+00:00,0.010532999930736843
2024-11-05 08:00:00+00:00,-0.002180133084461944
2024-11-05 12:00:00+00:00,-0.0065118671550172345
2024-11-05 16:00:00+00:00,-0.0021504379915812544
2024-11-05 20:00:00+00:00,-0.007544313501016119
2024-11-06 00:00:00+00:00,0.00577423527175704
2024-11-06 04:00:00+00:00,-0.008290794542603664
2024-11-06 08:00:00+00:00,0.003991398098766921
2024-11-06 12:00:00+00:00,0.008818034374190112
2024-11-06 16:00:00+00:00,-0.002832849724816098
2024-11-06 20:00:00+00:00,-0.022286436237205807
2024-11-07 00:00:00+00:00,-0.02358205154905544
2024-11-07 04:00:00+00:00,0.018728631152619735
2024-11-07 08:00:00+00:00,-0.0029054418345500826
2024-11-07 12:00:00+00:00,0.011883313909550396
2024-11-07 16:00:00+00:00,-0.004444284192118864
2024-11-07 20:00:00+00:00,-0.013917460522747404
2024-11-08 00:00:00+00:00,0.01573288321897575
2024-11-08 04:00:00+00:00,0.0038618222461290993
2024-11-08 08:00:00+00:00,-0.005438903573659615
2024-11-08 12:00:00+00:00,0.0012806705708724433
2024-11-08 16:00:00+00:00,0.0020464625101723095
2024-11-08 20:00:00+00:00,0.0033043061408733147
2024-11-09 00:00:00+00:00,-0.01056062831114364
2024-11-09 04:00:00+00:00,-0.0077854544247200255
2024-11-09 08:00:00+00:00,-0.004018016100473765
2024-11-09 12:00:00+00:00,0.01557879535676197
2024-11-09 16:00:00+00:00,0.01830727923400939
2024-11-09 20:00:00+00:00,0.03313564210917523
2024-11-10 00:00:00+00:00,0.017230188333365606
2024-11-10 04:00:00+00:00,0.01782958102676519
2024-11-10 08:00:00+00:00,0.018120975389362838
2024-11-10 12:00:00+00:00,-0.008082543850745406
2024-11-10 16:00:00+00:00,0.0302679527611377
2024-11-10 20:00:00+00:00,0.008286978244757881
2024-11-11 00:00:00+00:00,-0.00037850608119989124
2024-11-11 04:00:00+00:00,-0.011473942921502969
2024-11-11 08:00:00+00:00,0.002579184847780747
2024-11-11 12:00:00+00:00,0.02005649650616426
2024-11-11 16:00:00+00:00,-0.02559739344061354
2024-11-11 20:00:00+00:00,0.006626044783921166
2024-11-12 00:00:00+00:00,-0.04036368815553307
2024-11-12 04:00:00+00:00,0.03581504861268093
2024-11-12 08:00:00+00:00,-0.02365064881530401
2024-11-12 12:00:00+00:00,-0.022340684199167418
2024-11-12 16:00:00+00:00,0.014011233191997399
2024-11-12 20:00:00+00:00,0.007065034502412181
2024-11-13 00:00:00+00:00,-0.006922106942281372
2024-11-13 04:00:00+00:00,0.0071511406908427505
2024-11-13 08:00:00+00:00,0.01853352780570488
2024-11-13 12:00:00+00:00,0.12691801471643968
2024-11-13 16:00:00+00:00,-0.02356987168119276
2024-11-13 20:00:00+00:00,0.032675806628441786
2024-11-14 00:00:00+00:00,0.029230474667496842
2024-11-14 04:00:00+00:00,-0.005158273149683978
2024-11-14 08:00:00+00:00,0.0020717856380958917
2024-11-14 12:00:00+00:00,0.008229408529131586
2024-11-14 16:00:00+00:00,0.03366058249325872
2024-11-14 20:00:00+00:00,-0.01379363270343257
2024-11-15 00:00:00+00:00,0.010010025539777255
2024-11-15 04:00:00+00:00,-0.010239057682732478
2024-11-15 08:00:00+00:00,0.028159363147856897
2024-11-15 12:00:00+00:00,0.022667151569666366
2024-11-15 16:00:00+00:00,0.02446358646848286
2024-11-15 20:00:00+00:00,0.02761845322314058
2024-11-16 00:00:00+00:00,0.0052741504768770275
2024-11-16 04:00:00+00:00,-0.005947221633042621
2024-11-16 08:00:00+00:00,-0.0006734472100295962
2024-11-16 12:00:00+00:00,-0.0035381160890080934
2024-11-16 16:00:00+00:00,-0.007417019828111292
2024-11-16 20:00:00+00:00,-0.010814830138368281
2024-11-17 00:00:00+00:00,-0.01357484981865642
2024-11-17 04:00:00+00:00,-0.00545144605755805
2024-11-17 08:00:00+00:00,0.0013593354260775159
2024-11-17 12:00:00+00:00,0.026124593619324045
2024-11-17 16:00:00+00:00,-0.0025928977206578045
2024-11-17 20:00:00+00:00,-0.013873446506264276
2024-11-18 00:00:00+00:00,-0.002613468948352439
2024-11-18 04:00:00+00:00,0.009682006996869452
2024-11-18 08:00:00+00:00,-0.01028233803314107
2024-11-18 12:00:00+00:00,0.020110125008106116
2024-11-18 16:00:00+00:00,-0.03134982894946256
2024-11-18 20:00:00+00:00,0.0033653061307261875
2024-11-19 00:00:00+00:00,0.021615923490928158
2024-11-19 04:00:00+00:00,0.004400408199564177
2024-11-19 08:00:00+00:00,-0.018843231292719077
2024-11-19 12:00:00+00:00,0.00867997674796106
2024-11-19 16:00:00+00:00,0.01971946797114661
2024-11-19 20:00:00+00:00,-0.015965212246269324
2024-11-20 00:00:00+00:00,0.0187279139840453
2024-11-20 04:00:00+00:00,0.013577781269225821
2024-11-20 08:00:00+00:00,0.0042243275232421995
2024-11-20 12:00:00+00:00,-0.005566780565791962
2024-11-20 16:00:00+00:00,-0.02595349258020567
2024-11-20 20:00:00+00:00,0.007699560648763603
2024-11-21 00:00:00+00:00,-0.010594200793033639
2024-11-21 04:00:00+00:00,-0.001999477628194809
2024-11-21 08:00:00+00:00,-0.0014944644714372623
2024-11-21 12:00:00+00:00,-0.011092613714298242
2024-11-21 16:00:00+00:00,0.0125138844405418
2024-11-21 20:00:00+00:00,0.020554181594009017
2024-11-22 00:00:00+00:00,0.035593354531619006
2024-11-22 04:00:00+00:00,-0.006631614457707855
2024-11-22 08:00:00+00:00,0.03050837449016677
2024-11-22 12:00:00+00:00,-0.0032712756248624904
2024-11-22 16:00:00+00:00,0.013341803910626004
2024-11-22 20:00:00+00:00,-0.009332193644585374
2024-11-23 00:00:00+00:00,0.015939340238644916
2024-11-23 04:00:00+00:00,0.0022092533728812922
2024-11-23 08:00:00+00:00,0.004460497726261248
2024-11-23 12:00:00+00:00,-0.026377864393591778
2024-11-23 16:00:00+00:00,-0.022201449282789824
2024-11-23 20:00:00+00:00,0.0027118778933816765
2024-11-24 00:00:00+00:00,-0.027034256648668546
2024-11-24 04:00:00+00:00,-0.012735596072942881
2024-11-24 08:00:00+00:00,-0.0064545320694366646
2024-11-24 12:00:00+00:00,-0.017945144913333433
2024-11-24 16:00:00+00:00,0.016800704497284526
2024-11-24 20:00:00+00:00,0.01045762609146597
2024-11-25 00:00:00+00:00,-0.006996790397048546
2024-11-25 04:00:00+00:00,0.009003478964333133
2024-11-25 08:00:00+00:00,-0.0009505530780121735
2024-11-25 12:00:00+00:00,-0.015725835787417826
2024-11-25 16:00:00+00:00,0.01861239258266714
2024-11-25 20:00:00+00:00,-0.021735644060080637
2024-11-26 00:00:00+00:00,0.014503600422774453
2024-11-26 04:00:00+00:00,-0.004668219871152379
2024-11-26 08:00:00+00:00,-0.019839135850084032
2024-11-26 12:00:00+00:00,-0.02286614003048575
2024-11-26 16:00:00+00:00,0.013080317370615014
2024-11-26 20:00:00+00:00,-0.006152057513246724
2024-11-27 00:00:00+00:00,0.002763583312536121
2024-11-27 04:00:00+00:00,0.013304319638113694
2024-11-27 08:00:00+00:00,0.0011540549821924557
2024-11-27 12:00:00+00:00,0.008166038114052877
2024-11-27 16:00:00+00:00,0.0021169080509838567
2024-11-27 20:00:00+00:00,-0.011122424745268544
2024-11-28 00:00:00+00:00,-0.015141712250691608
2024-11-28 04:00:00+00:00,-0.0036763847823970248
2024-11-28 08:00:00+00:00,-0.005805381734017923
2024-11-28 12:00:00+00:00,-0.02277554778290878
2024-11-28 16:00:00+00:00,0.0035776896977507845
2024-11-28 20:00:00+00:00,0.018916324153154453
2024-11-29 00:00:00+00:00,0.006691768260613352
2024-11-29 04:00:00+00:00,0.0008463397288790862
2024-11-29 08:00:00+00:00,0.002832973975921484
2024-11-29 12:00:00+00:00,0.00431593457028152
2024-11-29 16:00:00+00:00,-0.016204053813233178
2024-11-29 20:00:00+00:00,0.015087722820280479
2024-11-30 00:00:00+00:00,0.019910207108237588
2024-11-30 04:00:00+00:00,0.008744654926688855
2024-11-30 08:00:00+00:00,-0.0002472392869302442
2024-11-30 12:00:00+00:00,-0.001184420901764604
2024-11-30 16:00:00+00:00,0.008838005196842014
2024-11-30 20:00:00+00:00,0.007699008428318122
2024-12-01 00:00:00+00:00,-0.011392776194649203
2024-12-01 04:00:00+00:00,-0.003276293393030039
2024-12-01 08:00:00+00:00,0.0028275291349123106
2024-12-01 12:00:00+00:00,-0.018458076547135632
2024-12-01 16:00:00+00:00,0.031108860141150173
2024-12-01 20:00:00+00:00,0.03642700937839283
2024-12-02 00:00:00+00:00,0.02300611274906242
2024-12-02 04:00:00+00:00,0.01826561464226615
2024-12-02 08:00:00+00:00,-0.01333142798151352
2024-12-02 12:00:00+00:00,0.06681752691028234
2024-12-02 16:00:00+00:00,0.015360782881682855
2024-12-02 20:00:00+00:00,-0.009295455703203049
2024-12-03 00:00:00+00:00,0.030922904511671748
2024-12-03 04:00:00+00:00,-0.02669048128531362
2024-12-03 08:00:00+00:00,0.02476014583380053
2024-12-03 12:00:00+00:00,-0.05571297354022031
2024-12-03 16:00:00+00:00,-0.007364444218344545
2024-12-03 20:00:00+00:00,0.02502187989188516
2024-12-04 00:00:00+00:00,-0.00802114918858954
2024-12-04 04:00:00+00:00,0.006054868389582447
2024-12-04 08:00:00+00:00,-0.00494733184606877
2024-12-04 12:00:00+00:00,-0.0032843150970237166
2024-12-04 16:00:00+00:00,-0.008505387345796289
2024-12-04 20:00:00+00:00,-0.0247535270938998
2024-12-05 00:00:00+00:00,-0.028210987792881715
2024-12-05 04:00:00+00:00,0.020682093499548464
2024-12-05 08:00:00+00:00,-0.0048377073828295356
2024-12-05 12:00:00+00:00,-0.02758640388491769
2024-12-05 16:00:00+00:00,0.01898399267078248
2024-12-05 20:00:00+00:00,-0.019809144965352046
2024-12-06 00:00:00+00:00,0.011518783381502742
2024-12-06 04:00:00+00:00,-0.011108230305676824
2024-12-06 08:00:00+00:00,0.010511843043777678
2024-12-06 12:00:00+00:00,0.01257480477912705
2024-12-06 16:00:00+00:00,0.013882283872191726
2024-12-06 20:00:00+00:00,0.02362477852845759
2024-12-07 00:00:00+00:00,0.011214858421565933
2024-12-07 04:00:00+00:00,-0.021479694690011916
2024-12-07 08:00:00+00:00,-0.02548891322012159
2024-12-07 12:00:00+00:00,0.007266010415002033
2024-12-07 16:00:00+00:00,-0.05347972205441443
2024-12-07 20:00:00+00:00,0.03691596925216591
2024-12-08 00:00:00+00:00,-0.02560982893984849
2024-12-08 04:00:00+00:00,0.014457335431088913
2024-12-08 08:00:00+00:00,0.0030460996030650337
2024-12-08 12:00:00+00:00,-0.0008315906034319641
2024-12-08 16:00:00+00:00,-0.0123106025248948
2024-12-08 20:00:00+00:00,0.011781622443612961
2024-12-09 00:00:00+00:00,-0.01975097917074322
2024-12-09 04:00:00+00:00,-0.009589686587206095
2024-12-09 08:00:00+00:00,-0.020360636271994983
2024-12-09 12:00:00+00:00,0.007478749851973478
2024-12-09 16:00:00+00:00,-0.008173340225759287
2024-12-09 20:00:00+00:00,-0.028687532332257452
2024-12-10 00:00:00+00:00,-0.008620370807333511
2024-12-10 04:00:00+00:00,0.019839778181499533
2024-12-10 08:00:00+00:00,0.019341729693770487
2024-12-10 12:00:00+00:00,-0.027613370097086084
2024-12-10 16:00:00+00:00,-0.0028628972230151824
2024-12-10 20:00:00+00:00,0.0358424278665395
2024-12-11 00:00:00+00:00,-0.008294037642345332
2024-12-11 04:00:00+00:00,-0.0034900149414953904
2024-12-11 08:00:00+00:00,0.009456468234114059
2024-12-11 12:00:00+00:00,0.014355798233628203
2024-12-11 16:00:00+00:00,-0.0003872640884536871
2024-12-11 20:00:00+00:00,0.012040809240108355
2024-12-12 00:00:00+00:00,0.04614512310629112
2024-12-12 04:00:00+00:00,0.018269834074556447
2024-12-12 08:00:00+00:00,0.008732615305925619
2024-12-12 12:00:00+00:00,-0.015133641706324542
2024-12-12 16:00:00+00:00,-0.006187362342041246
2024-12-12 20:00:00+00:00,0.02095985061238359
2024-12-13 00:00:00+00:00,0.012817779755122395
2024-12-13 04:00:00+00:00,-0.012777672674289576
2024-12-13 08:00:00+00:00,0.0011448546601323447
2024-12-13 12:00:00+00:00,-0.0015176812993488824
2024-12-13 16:00:00+00:00,0.00020422218836548922
2024-12-13 20:00:00+00:00,0.012974103994533337
2024-12-14 00:00:00+00:00,0.002044279244562697
2024-12-14 04:00:00+00:00,0.005230710447904618
2024-12-14 08:00:00+00:00,0.0010087209738723238
2024-12-14 12:00:00+00:00,0.0030174771110975
2024-12-14 16:00:00+00:00,-0.0013351165411509495
2024-12-14 20:00:00+00:00,-0.012077074797294984
2024-12-15 00:00:00+00:00,0.004962563942005449
2024-12-15 04:00:00+00:00,-0.006766712014852195
2024-12-15 08:00:00+00:00,-0.008350004010995924
2024-12-15 12:00:00+00:00,0.0065857069089029895
2024-12-15 16:00:00+00:00,0.00658770722594133
2024-12-15 20:00:00+00:00,-0.003078065948018651
2024-12-16 00:00:00+00:00,0.00521395467122685
2024-12-16 04:00:00+00:00,0.005676356568951314
2024-12-16 08:00:00+00:00,0.024822240609853826
2024-12-16 12:00:00+00:00,-0.010803399359657018
2024-12-16 16:00:00+00:00,-0.005544144928386353
2024-12-16 20:00:00+00:00,0.0019326183348385329
2024-12-17 00:00:00+00:00,0.01893712853218959
2024-12-17 04:00:00+00:00,-0.00048490199924449036
2024-12-17 08:00:00+00:00,-0.01321890913865369
2024-12-17 12:00:00+00:00,0.007018517152064384
2024-12-17 16:00:00+00:00,-0.0034140201785060275
2024-12-17 20:00:00+00:00,0.018353688063241475
2024-12-18 00:00:00+00:00,0.014065139130343865
2024-12-18 04:00:00+00:00,0.015285681354903024
2024-12-18 08:00:00+00:00,-0.010285075779966646
2024-12-18 12:00:00+00:00,0.004964902816801576
2024-12-18 16:00:00+00:00,-0.0035437843079814554
2024-12-18 20:00:00+00:00,0.011712641946355374
2024-12-19 00:00:00+00:00,-0.016836010368770228
2024-12-19 04:00:00+00:00,0.007501956063327153
2024-12-19 08:00:00+00:00,-0.0020878892892378428
2024-12-19 12:00:00+00:00,-0.001980142629642412
2024-12-19 16:00:00+00:00,0.012878613394822148
2024-12-19 20:00:00+00:00,0.005132679587013401
2024-12-20 00:00:00+00:00,-0.024235853579545632
2024-12-20 04:00:00+00:00,0.0018231027800371682
2024-12-20 08:00:00+00:00,0.0075213995286291324
2024-12-20 12:00:00+00:00,-0.024330743300044623
2024-12-20 16:00:00+00:00,0.01942861556765647
2024-12-20 20:00:00+00:00,-0.013596701237909393
2024-12-21 00:00:00+00:00,-0.008016081015338239
2024-12-21 04:00:00+00:00,-0.012553375808042055
2024-12-21 08:00:00+00:00,0.013555384006134806
2024-12-21 12:00:00+00:00,0.023452722972429174
2024-12-21 16:00:00+00:00,0.004864028663427144
2024-12-21 20:00:00+00:00,-0.009342076149006284
2024-12-22 00:00:00+00:00,0.013073405927114657
2024-12-22 04:00:00+00:00,-0.0021117844418355528
2024-12-22 08:00:00+00:00,-0.009084984856009904
2024-12-22 12:00:00+00:00,-0.013432496319538136
2024-12-22 16:00:00+00:00,0.018209416034061943
2024-12-22 20:00:00+00:00,0.002653414113060348
2024-12-23 00:00:00+00:00,-0.006340801078870586
2024-12-23 04:00:00+00:00,0.007029168805494715
2024-12-23 08:00:00+00:00,0.011500798106193047
2024-12-23 12:00:00+00:00,0.004335159883302153
2024-12-23 16:00:00+00:00,-0.005292459354389465
2024-12-23 20:00:00+00:00,-0.00040658727674030073
2024-12-24 00:00:00+00:00,-0.0010753003360371334
2024-12-24 04:00:00+00:00,-0.004406345974236326
2024-12-24 08:00:00+00:00,-0.01909780332170301
2024-12-24 12:00:00+00:00,-0.015726669280753884
2024-12-24 16:00:00+00:00,0.018927945949909344
2024-12-24 20:00:00+00:00,-0.010645705884943802
2024-12-25 00:00:00+00:00,0.009109691030603684
2024-12-25 04:00:00+00:00,0.015915880573665955
2024-12-25 08:00:00+00:00,-0.005180542983520509
2024-12-25 12:00:00+00:00,-0.001606072431087346
2024-12-25 16:00:00+00:00,0.003060753777254765
2024-12-25 20:00:00+00:00,-0.011535131892869744
2024-12-26 00:00:00+00:00,-0.001011577238656457
2024-12-26 04:00:00+00:00,0.004133295717805742
2024-12-26 08:00:00+00:00,0.0077165819104213045
2024-12-26 12:00:00+00:00,-0.0019046056701819579
2024-12-26 16:00:00+00:00,-0.0031407794059885594
2024-12-26 20:00:00+00:00,-0.0041557156255029645
2024-12-27 00:00:00+00:00,-0.004154942723365385
2024-12-27 04:00:00+00:00,-0.003931098473765027
2024-12-27 08:00:00+00:00,-0.02353988263139892
2024-12-27 12:00:00+00:00,0.004302519369574863
2024-12-27 16:00:00+00:00,-0.012386595729493455
2024-12-27 20:00:00+00:00,0.006687901721084999
2024-12-28 00:00:00+00:00,0.003919145666665847
2024-12-28 04:00:00+00:00,0.008743400948895252
2024-12-28 08:00:00+00:00,-0.009608166911729011
2024-12-28 12:00:00+00:00,-0.004131192288126018
2024-12-28 16:00:00+00:00,-0.003713298018986279
2024-12-28 20:00:00+00:00,-0.009110743302892878
2024-12-29 00:00:00+00:00,0.0059831230244318245
2024-12-29 04:00:00+00:00,-0.008765127921392012
2024-12-29 08:00:00+00:00,0.00461079193177183
2024-12-29 12:00:00+00:00,0.0022541354143351226
2024-12-29 16:00:00+00:00,0.006127537920031045
2024-12-29 20:00:00+00:00,0.00868670341688087
2024-12-30 00:00:00+00:00,-0.011708952901653058
2024-12-30 04:00:00+00:00,-0.012676070541234498
2024-12-30 08:00:00+00:00,0.0020787269673606676
2024-12-30 12:00:00+00:00,0.022942035655441863
2024-12-30 16:00:00+00:00,-0.010512798625408017
2024-12-30 20:00:00+00:00,0.00212986720039121
2024-12-31 00:00:00+00:00,0.007228262297158029
2024-12-31 04:00:00+00:00,-0.005118800383769018
2024-12-31 08:00:00+00:00,-0.009925335261184245
2024-12-31 12:00:00+00:00,-0.022365694879865727
2024-12-31 16:00:00+00:00,0.008100952309151909
2024-12-31 20:00:00+00:00,0.01054446026394238
2025-01-01 00:00:00+00:00,-0.005293170248933987
2025-01-01 04:00:00+00:00,0.003752435744915795
2025-01-01 08:00:00+00:00,-0.001369868947046781
2025-01-01 12:00:00+00:00,-0.012122327955066892
2025-01-01 16:00:00+00:00,-0.012930962274402668
2025-01-01 20:00:00+00:00,-0.009156626517410116
2025-01-02 00:00:00+00:00,-0.008083872915542866
2025-01-02 04:00:00+00:00,0.0018684221216735512
2025-01-02 08:00:00+00:00,-0.005746386164418559
2025-01-02 12:00:00+00:00,0.00630690721956735
2025-01-02 16:00:00+00:00,-0.002013188314218884
2025-01-02 20:00:00+00:00,-0.0018398110564486372
2025-01-03 00:00:00+00:00,-0.0059711564967004135
2025-01-03 04:00:00+00:00,0.0056307876539671165
2025-01-03 08:00:00+00:00,-0.013407855435517016
2025-01-03 12:00:00+00:00,0.0029763456291369327
2025-01-03 16:00:00+00:00,0.0020295437679823457
2025-01-03 20:00:00+00:00,0.005498452142153853
2025-01-04 00:00:00+00:00,-0.005642541812361479
2025-01-04 04:00:00+00:00,0.005621076885978149
2025-01-04 08:00:00+00:00,-0.003970528194681088
2025-01-04 12:00:00+00:00,-0.007868599161332446
2025-01-04 16:00:00+00:00,-0.003851501972895033
2025-01-04 20:00:00+00:00,-0.0031016695921081364
2025-01-05 00:00:00+00:00,0.0018569075396136722
2025-01-05 04:00:00+00:00,-0.0017241728562811475
2025-01-05 08:00:00+00:00,-0.004376765389364666
2025-01-05 12:00:00+00:00,0.00033878367582438327
2025-01-05 16:00:00+00:00,-0.007394512163309575
2025-01-05 20:00:00+00:00,-0.006155963246719387
2025-01-06 00:00:00+00:00,-0.0074047537773536355
2025-01-06 04:00:00+00:00,-0.005689496239755499
2025-01-06 08:00:00+00:00,0.001415536283562125
2025-01-06 12:00:00+00:00,-0.023169613059797034
2025-01-06 16:00:00+00:00,0.006356802311501531
2025-01-06 20:00:00+00:00,-0.00496620308613518
2025-01-07 00:00:00+00:00,0.002386013355417705
2025-01-07 04:00:00+00:00,0.0018833143657977836
2025-01-07 08:00:00+00:00,0.010501329376678538
2025-01-07 12:00:00+00:00,-0.010633332940629937
2025-01-07 16:00:00+00:00,-0.0005212907802703221
2025-01-07 20:00:00+00:00,-0.014223583556096476
2025-01-08 00:00:00+00:00,0.0028777852092737536
2025-01-08 04:00:00+00:00,-0.008536536424889142
2025-01-08 08:00:00+00:00,0.002391349932344578
2025-01-08 12:00:00+00:00,0.005232105901946093
2025-01-08 16:00:00+00:00,-0.016015048410201117
2025-01-08 20:00:00+00:00,0.007479178802149634
2025-01-09 00:00:00+00:00,-0.0035947338009153723
2025-01-09 04:00:00+00:00,-0.003219304414715074
2025-01-09 08:00:00+00:00,-0.02357829602685275
2025-01-09 12:00:00+00:00,0.005945151708224383
2025-01-09 16:00:00+00:00,0.0004598533759637485
2025-01-09 20:00:00+00:00,-0.010052271627587438
2025-01-10 00:00:00+00:00,0.010472970623617139
2025-01-10 04:00:00+00:00,0.022536034240031214
2025-01-10 08:00:00+00:00,0.0054356986286792095
2025-01-10 12:00:00+00:00,-0.00103590360921433
2025-01-10 16:00:00+00:00,0.01553041508586439
2025-01-10 20:00:00+00:00,-0.007304032410462204
2025-01-11 00:00:00+00:00,0.009881419149196937
2025-01-11 04:00:00+00:00,-0.0034184332971503245
2025-01-11 08:00:00+00:00,-0.003931848554666439
2025-01-11 12:00:00+00:00,-0.003369430840397182
2025-01-11 16:00:00+00:00,0.012428481709899141
2025-01-11 20:00:00+00:00,0.015548118169486118
2025-01-12 00:00:00+00:00,-0.003110480633002166
2025-01-12 04:00:00+00:00,-0.0034245086608140733
2025-01-12 08:00:00+00:00,-0.01743199996860807
2025-01-12 12:00:00+00:00,-0.0020489095801720317
2025-01-12 16:00:00+00:00,0.0030804778179808205
2025-01-12 20:00:00+00:00,-0.0076568968900948544
2025-01-13 00:00:00+00:00,9.810818477851233e-05
2025-01-13 04:00:00+00:00,-0.007170169103069425
2025-01-13 08:00:00+00:00,0.006031717458489491
2025-01-13 12:00:00+00:00,-0.012514700207767016
2025-01-13 16:00:00+00:00,0.01150058136101002
2025-01-13 20:00:00+00:00,-0.006696341461466377
2025-01-14 00:00:00+00:00,-0.010721984790057192
2025-01-14 04:00:00+00:00,-0.004670900997606498
2025-01-14 08:00:00+00:00,-0.002913605290363951
2025-01-14 12:00:00+00:00,0.0023521781109967933
2025-01-14 16:00:00+00:00,-0.0010151266374286661
2025-01-14 20:00:00+00:00,-0.008314448076569492
2025-01-15 00:00:00+00:00,0.015447560183981454
2025-01-15 04:00:00+00:00,0.00747394393932892
2025-01-15 08:00:00+00:00,-0.007259354644607585
2025-01-15 12:00:00+00:00,-0.01051603237043679
2025-01-15 16:00:00+00:00,-0.01935371873203373
2025-01-15 20:00:00+00:00,0.012368384367674023
2025-01-16 00:00:00+00:00,0.006355546303576666
2025-01-16 04:00:00+00:00,0.002103215036392836
2025-01-16 08:00:00+00:00,0.01087199043513958
2025-01-16 12:00:00+00:00,0.019178139946165997
2025-01-16 16:00:00+00:00,0.018390465092225798
2025-01-16 20:00:00+00:00,-0.015613431848352441
2025-01-17 00:00:00+00:00,0.0005998703096471657
2025-01-17 04:00:00+00:00,-0.01294313709797117
2025-01-17 08:00:00+00:00,-0.013284435555982885
2025-01-17 12:00:00+00:00,-0.00123217915977123
2025-01-17 16:00:00+00:00,0.015390797314029859
2025-01-17 20:00:00+00:00,-0.016090631433976422
2025-01-18 00:00:00+00:00,0.004116811446672976
2025-01-18 04:00:00+00:00,0.009889872614509802
2025-01-18 08:00:00+00:00,-0.01053856771955175
2025-01-18 12:00:00+00:00,0.015981945750648156
2025-01-18 16:00:00+00:00,0.015623142946130188
2025-01-18 20:00:00+00:00,-0.0013929468828670414
2025-01-19 00:00:00+00:00,-0.008800836993030959
2025-01-19 04:00:00+00:00,0.015682937888818384
2025-01-19 08:00:00+00:00,0.05560955500044591
2025-01-19 12:00:00+00:00,-0.06885701407490082
2025-01-19 16:00:00+00:00,-0.009750607246821042
2025-01-19 20:00:00+00:00,0.04193834247595249
2025-01-20 00:00:00+00:00,-0.002180662886236463
2025-01-20 04:00:00+00:00,-0.026277548159670254
2025-01-20 08:00:00+00:00,0.026170038741327797
2025-01-20 12:00:00+00:00,-0.009298183128146986
2025-01-20 16:00:00+00:00,-0.01988000349019854
2025-01-20 20:00:00+00:00,0.010756830759792415
2025-01-21 00:00:00+00:00,-2.3958048928363236e-05
2025-01-21 04:00:00+00:00,0.0032754212563686834
2025-01-21 08:00:00+00:00,-0.0003697480905195061
2025-01-21 12:00:00+00:00,-0.0031163757949432607
2025-01-21 16:00:00+00:00,-0.0038495530573682954
2025-01-21 20:00:00+00:00,-9.247675446073583e-05
2025-01-22 00:00:00+00:00,-0.006346011038484778
2025-01-22 04:00:00+00:00,-0.000948920734640079
2025-01-22 08:00:00+00:00,-0.011854334606331896
2025-01-22 12:00:00+00:00,-0.015155163834777727
2025-01-22 16:00:00+00:00,0.020715172576634
2025-01-22 20:00:00+00:00,0.007291651481262785
2025-01-23 00:00:00+00:00,0.004624558672756974
2025-01-23 04:00:00+00:00,-0.010606863583297255
2025-01-23 08:00:00+00:00,-0.0033237243924052256
2025-01-23 12:00:00+00:00,0.0013682889259156719
2025-01-23 16:00:00+00:00,-0.0013039185142353265
2025-01-23 20:00:00+00:00,-0.012023426664390336
2025-01-24 00:00:00+00:00,0.009958874941861385
2025-01-24 04:00:00+00:00,-0.007563295534881619
2025-01-24 08:00:00+00:00,0.0038647408496908855
2025-01-24 12:00:00+00:00,-0.00043870231884248715
2025-01-24 16:00:00+00:00,0.007621538605543488
2025-01-24 20:00:00+00:00,0.004206804422358989
2025-01-25 00:00:00+00:00,-0.004547769886390963
2025-01-25 04:00:00+00:00,-7.036106278586127e-05
2025-01-25 08:00:00+00:00,-0.004580809878393843
2025-01-25 12:00:00+00:00,0.00091972229861299
2025-01-25 16:00:00+00:00,0.0035326144729235683
2025-01-25 20:00:00+00:00,-0.000419785051114575
2025-01-26 00:00:00+00:00,0.0024625797741262734
2025-01-26 04:00:00+00:00,-0.0019104383423246276
2025-01-26 08:00:00+00:00,-0.0031394804462328675
2025-01-26 12:00:00+00:00,0.0024157752883587685
2025-01-26 16:00:00+00:00,0.008166867485412354
2025-01-26 20:00:00+00:00,0.009795233385022459
2025-01-27 00:00:00+00:00,0.017880734842434798
2025-01-27 04:00:00+00:00,0.0029484128372828187
2025-01-27 08:00:00+00:00,-0.006426640080432009
2025-01-27 12:00:00+00:00,-0.0059614037732239455
2025-01-27 16:00:00+00:00,0.005571630011048635
2025-01-27 20:00:00+00:00,-0.0034387313710134496
2025-01-28 00:00:00+00:00,0.00507457357327641
2025-01-28 04:00:00+00:00,0.010587406804983157
2025-01-28 08:00:00+00:00,0.010270160222534686
2025-01-28 12:00:00+00:00,0.005284734710687866
2025-01-28 16:00:00+00:00,0.0008610109825778686
2025-01-28 20:00:00+00:00,0.011875607989391402
2025-01-29 00:00:00+00:00,-0.010237999807559415
2025-01-29 04:00:00+00:00,-0.01235055968803964
2025-01-29 08:00:00+00:00,0.0024764478321606773
2025-01-29 12:00:00+00:00,0.006487210023998968
2025-01-29 16:00:00+00:00,-0.01225834929410232
2025-01-29 20:00:00+00:00,0.015600205916826669
2025-01-30 00:00:00+00:00,-0.013730316712710033
2025-01-30 04:00:00+00:00,-0.00295973639697571
2025-01-30 08:00:00+00:00,-0.013611049305933421
2025-01-30 12:00:00+00:00,-0.002558385503258354
2025-01-30 16:00:00+00:00,0.0008552896564106623
2025-01-30 20:00:00+00:00,0.013690140543811638
2025-01-31 00:00:00+00:00,0.003136523829720295
2025-01-31 04:00:00+00:00,-0.005182516879176081
2025-01-31 08:00:00+00:00,-0.015860452426222273
2025-01-31 12:00:00+00:00,-0.027585555881600766
2025-01-31 16:00:00+00:00,0.01222777823050647
2025-01-31 20:00:00+00:00,0.008945439509051002
2025-02-01 00:00:00+00:00,0.006973565394036375
2025-02-01 04:00:00+00:00,-0.003495769588775356
2025-02-01 08:00:00+00:00,0.008802320969451438
2025-02-01 12:00:00+00:00,0.0008758291538857764
2025-02-01 16:00:00+00:00,0.009623674996497345
2025-02-01 20:00:00+00:00,0.013511015742318232
2025-02-02 00:00:00+00:00,0.00756051711363768
2025-02-02 04:00:00+00:00,-0.004463247285341287
2025-02-02 08:00:00+00:00,0.005155280563183039
2025-02-02 12:00:00+00:00,-0.00421144013524164
2025-02-02 16:00:00+00:00,0.04717125232289174
2025-02-02 20:00:00+00:00,0.008957350041165383
2025-02-03 00:00:00+00:00,0.05610206601656387
2025-02-03 04:00:00+00:00,-0.04615203832957042
2025-02-03 08:00:00+00:00,-0.010396019176581598
2025-02-03 12:00:00+00:00,-0.01999599784527329
2025-02-03 16:00:00+00:00,-0.008743399807314044
2025-02-03 20:00:00+00:00,-0.005234890902275358
2025-02-04 00:00:00+00:00,0.011772485223946097
2025-02-04 04:00:00+00:00,0.038167562182227305
2025-02-04 08:00:00+00:00,-0.017813470594926575
2025-02-04 12:00:00+00:00,-0.004815072511898432
2025-02-04 16:00:00+00:00,-0.0038372311624421673
2025-02-04 20:00:00+00:00,-0.007401047127129212
2025-02-05 00:00:00+00:00,-2.931548625708649e-05
2025-02-05 04:00:00+00:00,-0.006652011649887579
2025-02-05 08:00:00+00:00,-0.009783990515788757
2025-02-05 12:00:00+00:00,0.0037389879148300277
2025-02-05 16:00:00+00:00,0.012080856631706284
2025-02-05 20:00:00+00:00,0.012605229936834174
2025-02-06 00:00:00+00:00,0.007892709098658334
2025-02-06 04:00:00+00:00,-0.0061515670544151965
2025-02-06 08:00:00+00:00,0.006453515350677663
2025-02-06 12:00:00+00:00,0.02942192112746056
2025-02-06 16:00:00+00:00,0.008093786992057962
2025-02-06 20:00:00+00:00,-0.002277708990423877
2025-02-07 00:00:00+00:00,-0.01158354545336604
2025-02-07 04:00:00+00:00,0.01081249288638999
2025-02-07 08:00:00+00:00,-0.012310316309698607
2025-02-07 12:00:00+00:00,-0.009959813359754623
2025-02-07 16:00:00+00:00,-0.002611025755448136
2025-02-07 20:00:00+00:00,0.0151390006279694
2025-02-08 00:00:00+00:00,0.0031690911513784447
2025-02-08 04:00:00+00:00,-0.008886252286500708
2025-02-08 08:00:00+00:00,0.005946947164045202
2025-02-08 12:00:00+00:00,-0.01032149530985147
2025-02-08 16:00:00+00:00,0.0042986409794782965
2025-02-08 20:00:00+00:00,-0.010726361360197846
2025-02-09 00:00:00+00:00,-0.012571254632717865
2025-02-09 04:00:00+00:00,0.004252784928151354
2025-02-09 08:00:00+00:00,0.005529948874068702
2025-02-09 12:00:00+00:00,0.009700498100304579
2025-02-09 16:00:00+00:00,0.014050994170398502
2025-02-09 20:00:00+00:00,-0.005801389173945904
2025-02-10 00:00:00+00:00,0.00402062479596399
2025-02-10 04:00:00+00:00,-0.01317426866974072
2025-02-10 08:00:00+00:00,-0.011737984196882456
2025-02-10 12:00:00+00:00,0.003295481612032747
2025-02-10 16:00:00+00:00,-0.0031723435232483116
2025-02-10 20:00:00+00:00,0.000836749235742396
2025-02-11 00:00:00+00:00,-0.01766715639255019
2025-02-11 04:00:00+00:00,-0.032149496677857714
2025-02-11 08:00:00+00:00,0.007567641053367981
2025-02-11 12:00:00+00:00,0.010917324950208095
2025-02-11 16:00:00+00:00,0.01826394351005023
2025-02-11 20:00:00+00:00,-0.001222855549673739
2025-02-12 00:00:00+00:00,0.001445341613346974
2025-02-12 04:00:00+00:00,-0.0010858001231632609
2025-02-12 08:00:00+00:00,-0.0009208382669788402
2025-02-12 12:00:00+00:00,0.013006531932082167
2025-02-12 16:00:00+00:00,-0.0008598284338230851
2025-02-12 20:00:00+00:00,-0.0071620253277290945
2025-02-13 00:00:00+00:00,-0.00014453987179647914
2025-02-13 04:00:00+00:00,0.010670912962194998
2025-02-13 08:00:00+00:00,0.003046754360112014
2025-02-13 12:00:00+00:00,0.0013678022088873918
2025-02-13 16:00:00+00:00,-0.004126353538674856
2025-02-13 20:00:00+00:00,-0.011304535276553862
2025-02-14 00:00:00+00:00,-0.005300085392563946
2025-02-14 04:00:00+00:00,0.0008998063554240153
2025-02-14 08:00:00+00:00,-0.010559093384013682
2025-02-14 12:00:00+00:00,-0.007725425212981784
2025-02-14 16:00:00+00:00,-0.00735581724267449
2025-02-14 20:00:00+00:00,0.0010390743232935543
2025-02-15 00:00:00+00:00,0.004760035724008715
2025-02-15 04:00:00+00:00,0.0030396342044189057
2025-02-15 08:00:00+00:00,0.009969142352360062
2025-02-15 12:00:00+00:00,0.013762707599838796
2025-02-15 16:00:00+00:00,-0.0021181316377342444
2025-02-15 20:00:00+00:00,-0.003993378248257028
2025-02-16 00:00:00+00:00,0.001734707852444273
2025-02-16 04:00:00+00:00,0.003923053034248914
2025-02-16 08:00:00+00:00,-0.015742673155181408
2025-02-16 12:00:00+00:00,0.008901138158810195
2025-02-16 16:00:00+00:00,-0.008020617264252471
2025-02-16 20:00:00+00:00,-0.0020435182049243217
2025-02-17 00:00:00+00:00,-0.006727639151398401
2025-02-17 04:00:00+00:00,0.005098027882918845
2025-02-17 08:00:00+00:00,-0.01719910550385535
2025-02-17 12:00:00+00:00,-0.006545419803645869
2025-02-17 16:00:00+00:00,0.007815226004119682
2025-02-17 20:00:00+00:00,-0.000741285441103879
2025-02-18 00:00:00+00:00,0.013099836779308194
2025-02-18 04:00:00+00:00,0.010320071366090124
2025-02-18 08:00:00+00:00,-0.0014281118591608073
2025-02-18 12:00:00+00:00,0.009072314766579572
2025-02-18 16:00:00+00:00,-0.005036659049717885
2025-02-18 20:00:00+00:00,-0.004528793526766738
2025-02-19 00:00:00+00:00,0.0024441963333227345
2025-02-19 04:00:00+00:00,0.0024740091664602116
2025-02-19 08:00:00+00:00,-0.005043491389619458
2025-02-19 12:00:00+00:00,0.012998567021736719
2025-02-19 16:00:00+00:00,0.0007092719705140914
2025-02-19 20:00:00+00:00,-0.0010584900421203081
2025-02-20 00:00:00+00:00,-0.011123962560842023
2025-02-20 04:00:00+00:00,0.00019933465420565147
2025-02-20 08:00:00+00:00,-0.021396396015552165
2025-02-20 12:00:00+00:00,0.004166908033346808
2025-02-20 16:00:00+00:00,-0.026199490202723517
2025-02-20 20:00:00+00:00,-0.00792998479201197
2025-02-21 00:00:00+00:00,0.01276270704854594
2025-02-21 04:00:00+00:00,-0.022797430525063136
2025-02-21 08:00:00+00:00,-0.006211597484616726
2025-02-21 12:00:00+00:00,0.009806857264583012
2025-02-21 16:00:00+00:00,0.005582488727059465
2025-02-21 20:00:00+00:00,0.009335365302316979
2025-02-22 00:00:00+00:00,0.002251151496983139
2025-02-22 04:00:00+00:00,-0.0031303324734756506
2025-02-22 08:00:00+00:00,-0.0003280915216058662
2025-02-22 12:00:00+00:00,-0.006760476326390142
2025-02-22 16:00:00+00:00,0.006004253715871522
2025-02-22 20:00:00+00:00,-0.004576612005938797
2025-02-23 00:00:00+00:00,0.0001089556037833896
2025-02-23 04:00:00+00:00,0.007664657958815014
2025-02-23 08:00:00+00:00,0.0006017555343233569
2025-02-23 12:00:00+00:00,-0.00018685012420927016
2025-02-23 16:00:00+00:00,0.004362368801696448
2025-02-23 20:00:00+00:00,-0.0005283935406806828
2025-02-24 00:00:00+00:00,0.015675596721639137
2025-02-24 04:00:00+00:00,0.003831906406204167
2025-02-24 08:00:00+00:00,-0.012138294284988048
2025-02-24 12:00:00+00:00,0.006379822641028611
2025-02-24 16:00:00+00:00,0.007004931071474309
2025-02-24 20:00:00+00:00,0.0018260722547028116
2025-02-25 00:00:00+00:00,0.004358788282153635
2025-02-25 04:00:00+00:00,-0.002211569875616573
2025-02-25 08:00:00+00:00,-0.012575182875247793
2025-02-25 12:00:00+00:00,-0.003529688092100792
2025-02-25 16:00:00+00:00,-0.01577431514049761
2025-02-25 20:00:00+00:00,0.005325094990808999
2025-02-26 00:00:00+00:00,0.008787231365194614
2025-02-26 04:00:00+00:00,0.01332674835822594
2025-02-26 08:00:00+00:00,-0.0012987300138666653
2025-02-26 12:00:00+00:00,-0.011196825383052335
2025-02-26 16:00:00+00:00,0.013182099327619311
2025-02-26 20:00:00+00:00,-0.02331597900538438
2025-02-27 00:00:00+00:00,-0.005667187346009528
2025-02-27 04:00:00+00:00,-0.0036248390546256507
2025-02-27 08:00:00+00:00,-0.0023933542933888045
2025-02-27 12:00:00+00:00,-0.005320237150502471
2025-02-27 16:00:00+00:00,0.01246841570725683
2025-02-27 20:00:00+00:00,-0.0009792464525626662
2025-02-28 00:00:00+00:00,0.042122945413675256
2025-02-28 04:00:00+00:00,0.011055490919093747
2025-02-28 08:00:00+00:00,-0.02126863658953695
2025-02-28 12:00:00+00:00,-0.014936151997022404
2025-02-28 16:00:00+00:00,0.003202125249489262
2025-02-28 20:00:00+00:00,-0.00019874922703779743
2025-03-01 00:00:00+00:00,0.003345656113971152
2025-03-01 04:00:00+00:00,0.005696787395823667
2025-03-01 08:00:00+00:00,0.005224161863491994
2025-03-01 12:00:00+00:00,-0.004338450529986028
2025-03-01 16:00:00+00:00,-0.004400659204766512
2025-03-01 20:00:00+00:00,0.001863193479620762
2025-03-02 00:00:00+00:00,-0.003248582456104443
2025-03-02 04:00:00+00:00,0.006135038486933753
2025-03-02 08:00:00+00:00,0.007641896221531109
2025-03-02 12:00:00+00:00,-0.026246216414549557
2025-03-02 16:00:00+00:00,-0.053481975096061375
2025-03-02 20:00:00+00:00,-0.025882550699476585
2025-03-03 00:00:00+00:00,0.033718708908692815
2025-03-03 04:00:00+00:00,0.01083886753390173
2025-03-03 08:00:00+00:00,0.006181949441220262
2025-03-03 12:00:00+00:00,0.0024576159587265762
2025-03-03 16:00:00+00:00,0.0278256224584007
2025-03-03 20:00:00+00:00,0.002709366064865137
2025-03-04 00:00:00+00:00,0.014153158750627837
2025-03-04 04:00:00+00:00,-0.0016578134399811045
2025-03-04 08:00:00+00:00,-0.0013686942679429937
2025-03-04 12:00:00+00:00,-0.012578167647442084
2025-03-04 16:00:00+00:00,-0.012837790882449695
2025-03-04 20:00:00+00:00,-0.002564069879680208
2025-03-05 00:00:00+00:00,0.005406729395490717
2025-03-05 04:00:00+00:00,-0.01941292900506304
2025-03-05 08:00:00+00:00,0.0004950755679542738
2025-03-05 12:00:00+00:00,-0.003309663982863053
2025-03-05 16:00:00+00:00,0.005507528395458693
2025-03-05 20:00:00+00:00,-0.007911281772904722
2025-03-06 00:00:00+00:00,-0.025655221429880415
2025-03-06 04:00:00+00:00,0.0023349219574106297
2025-03-06 08:00:00+00:00,0.0014862201470023488
2025-03-06 12:00:00+00:00,-0.011413375323758457
2025-03-06 16:00:00+00:00,0.007814998875240108
2025-03-06 20:00:00+00:00,0.01319606129505353
2025-03-07 00:00:00+00:00,-0.015334120004840314
2025-03-07 04:00:00+00:00,-0.011482402448971427
2025-03-07 08:00:00+00:00,-0.016584162263444144
2025-03-07 12:00:00+00:00,-0.008535184213434022
2025-03-07 16:00:00+00:00,0.008337168938486062
2025-03-07 20:00:00+00:00,0.003575378365300065
2025-03-08 00:00:00+00:00,0.000515801025982298
2025-03-08 04:00:00+00:00,0.004512501009268322
2025-03-08 08:00:00+00:00,-0.0016033332094611765
2025-03-08 12:00:00+00:00,0.00491815109463667
2025-03-08 16:00:00+00:00,-0.004680051895753223
2025-03-08 20:00:00+00:00,-0.005181577048647124
2025-03-09 00:00:00+00:00,0.004220291097335349
2025-03-09 04:00:00+00:00,0.004168922407307639
2025-03-09 08:00:00+00:00,0.007195627688210782
2025-03-09 12:00:00+00:00,0.0033932923505801253
2025-03-09 16:00:00+00:00,0.013671059763799433
2025-03-09 20:00:00+00:00,0.0018860859917408492
2025-03-10 00:00:00+00:00,-0.012241289827489666
2025-03-10 04:00:00+00:00,-0.02563290799347697
2025-03-10 08:00:00+00:00,-0.0069051691872776605
2025-03-10 12:00:00+00:00,0.012090964624720542
2025-03-10 16:00:00+00:00,0.03271553403546921
2025-03-10 20:00:00+00:00,0.0017032146890249913
2025-03-11 00:00:00+00:00,0.02163579804732625
2025-03-11 04:00:00+00:00,-0.010359998191342836
2025-03-11 08:00:00+00:00,0.0009107387760231887
2025-03-11 12:00:00+00:00,-0.008287630862346896
2025-03-11 16:00:00+00:00,-0.011700828295878332
2025-03-11 20:00:00+00:00,0.008100643307986832
2025-03-12 00:00:00+00:00,0.0010406809324357003
2025-03-12 04:00:00+00:00,-0.008984997981533429
2025-03-12 08:00:00+00:00,-0.013396843162268787
2025-03-12 12:00:00+00:00,0.0028806311787746616
2025-03-12 16:00:00+00:00,-0.0040117409664372616
2025-03-12 20:00:00+00:00,-0.01153199682857449
2025-03-13 00:00:00+00:00,-0.012259903399566775
2025-03-13 04:00:00+00:00,0.00037382305116486836
2025-03-13 08:00:00+00:00,-0.013160726598544992
2025-03-13 12:00:00+00:00,0.011252797666884097
2025-03-13 16:00:00+00:00,0.018596205235001606
2025-03-13 20:00:00+00:00,-0.007550406214390651
2025-03-14 00:00:00+00:00,-0.0003398797052566408
2025-03-14 04:00:00+00:00,0.0025114568128639546
2025-03-14 08:00:00+00:00,0.0171987644322577
2025-03-14 12:00:00+00:00,-0.010279618694650841
2025-03-14 16:00:00+00:00,-0.005714065888805209
2025-03-14 20:00:00+00:00,-0.016913281011206153
2025-03-15 00:00:00+00:00,0.007233072434632915
2025-03-15 04:00:00+00:00,-0.004843167138445348
2025-03-15 08:00:00+00:00,0.000563424236830779
2025-03-15 12:00:00+00:00,0.0011944235033923174
2025-03-15 16:00:00+00:00,0.0015876322223768113
2025-03-15 20:00:00+00:00,-0.0021953485305179488
2025-03-16 00:00:00+00:00,-0.010222567310467601
2025-03-16 04:00:00+00:00,-0.01280265632795339
2025-03-16 08:00:00+00:00,0.012797375670471242
2025-03-16 12:00:00+00:00,-9.93823379086713e-05
2025-03-16 16:00:00+00:00,-0.0011329997391463786
2025-03-16 20:00:00+00:00,0.004755120292815196
2025-03-17 00:00:00+00:00,-0.010193140507584728
2025-03-17 04:00:00+00:00,0.004815750181241318
2025-03-17 08:00:00+00:00,-0.0008487395512965845
2025-03-17 12:00:00+00:00,-0.0024825883535571254
2025-03-17 16:00:00+00:00,-0.0208169939988869
2025-03-17 20:00:00+00:00,0.00500730720160112
2025-03-18 00:00:00+00:00,0.010210362495094504
2025-03-18 04:00:00+00:00,0.004006614920311825
2025-03-18 08:00:00+00:00,0.0009373270116250331
2025-03-18 12:00:00+00:00,-0.0018530718853263521
2025-03-18 16:00:00+00:00,-0.005348514196683586
2025-03-18 20:00:00+00:00,-0.005625943079681294
2025-03-19 00:00:00+00:00,-0.010252068715010967
2025-03-19 04:00:00+00:00,0.0026676172616480146
2025-03-19 08:00:00+00:00,-0.018918386704979227
2025-03-19 12:00:00+00:00,-0.017889152228882012
2025-03-19 16:00:00+00:00,0.006124528858929334
2025-03-19 20:00:00+00:00,0.0001463092703001042
2025-03-20 00:00:00+00:00,0.009634590014858004
2025-03-20 04:00:00+00:00,0.002082191862754868
2025-03-20 08:00:00+00:00,0.003872501839816845
2025-03-20 12:00:00+00:00,0.004752155144344794
2025-03-20 16:00:00+00:00,-0.0012743723968476443
2025-03-20 20:00:00+00:00,-0.0013475435361572701
2025-03-21 00:00:00+00:00,-0.002512099751679186
2025-03-21 04:00:00+00:00,-0.006056160997091987
2025-03-21 08:00:00+00:00,-0.009666981170369548
2025-03-21 12:00:00+00:00,0.0036484545790521844
2025-03-21 16:00:00+00:00,-0.0027897178714539894
2025-03-21 20:00:00+00:00,-0.0022855581566872734
2025-03-22 00:00:00+00:00,-0.008778918188992058
2025-03-22 04:00:00+00:00,0.005661707452077636
2025-03-22 08:00:00+00:00,-0.004698349195124951
2025-03-22 12:00:00+00:00,-0.00434601563770256
2025-03-22 16:00:00+00:00,-0.0009500195028063979
2025-03-22 20:00:00+00:00,0.0022843007068285895
2025-03-23 00:00:00+00:00,-0.004098033071557049
2025-03-23 04:00:00+00:00,-0.003552432340578382
2025-03-23 08:00:00+00:00,-0.0053938906761273435
2025-03-23 12:00:00+00:00,8.318687946569088e-05
2025-03-23 16:00:00+00:00,0.004475345296785904
2025-03-23 20:00:00+00:00,-0.0034354147138264666
2025-03-24 00:00:00+00:00,-0.0057539989753029545
2025-03-24 04:00:00+00:00,-0.005903500530345229
2025-03-24 08:00:00+00:00,-0.011158752190985633
2025-03-24 12:00:00+00:00,-0.010817240268017449
2025-03-24 16:00:00+00:00,9.70205034191542e-05
2025-03-24 20:00:00+00:00,0.009710339314308359
2025-03-25 00:00:00+00:00,0.004760821037065765
2025-03-25 04:00:00+00:00,0.012060176951091229
2025-03-25 08:00:00+00:00,-0.012865713656371146
2025-03-25 12:00:00+00:00,0.00875229312066368
2025-03-25 16:00:00+00:00,0.003922074257851271
2025-03-25 20:00:00+00:00,-0.0040779926860957
2025-03-26 00:00:00+00:00,0.007082076672818414
2025-03-26 04:00:00+00:00,-0.006464128987703615
2025-03-26 08:00:00+00:00,-0.0019766601470222454
2025-03-26 12:00:00+00:00,-0.005290382784852808
2025-03-26 16:00:00+00:00,-0.00021847982757485776
2025-03-26 20:00:00+00:00,-0.005201598927771944
2025-03-27 00:00:00+00:00,0.003927221835327765
2025-03-27 04:00:00+00:00,-0.012644794591985243
2025-03-27 08:00:00+00:00,-0.0007982612794865897
2025-03-27 12:00:00+00:00,0.0032617644811186127
2025-03-27 16:00:00+00:00,-0.006340078973300867
2025-03-27 20:00:00+00:00,-0.010018675808898838
2025-03-28 00:00:00+00:00,-0.0047052113518274655
2025-03-28 04:00:00+00:00,-0.005993838333645109
2025-03-28 08:00:00+00:00,-0.010145416339754767
2025-03-28 12:00:00+00:00,0.004520708747829682
2025-03-28 16:00:00+00:00,-0.002738121301131091
2025-03-28 20:00:00+00:00,-0.005576562710201927
2025-03-29 00:00:00+00:00,0.007230235154093333
2025-03-29 04:00:00+00:00,-0.010156117865628821
2025-03-29 08:00:00+00:00,-0.01072178251950731
2025-03-29 12:00:00+00:00,-0.003387635974239589
2025-03-29 16:00:00+00:00,-0.0018182489554366967
2025-03-29 20:00:00+00:00,0.003546605227854371
2025-03-30 00:00:00+00:00,-0.0026030794208316
2025-03-30 04:00:00+00:00,-0.002807395107809141
2025-03-30 08:00:00+00:00,-0.0031728069755559973
2025-03-30 12:00:00+00:00,0.00698829564013641
2025-03-30 16:00:00+00:00,0.007059633724530912
2025-03-30 20:00:00+00:00,0.002892886567904251
2025-03-31 00:00:00+00:00,0.005739478504251029
2025-03-31 04:00:00+00:00,0.0009236651315895246
2025-03-31 08:00:00+00:00,-0.004104291531592952
2025-03-31 12:00:00+00:00,-0.007570767089278619
2025-03-31 16:00:00+00:00,0.007374026659418265
2025-03-31 20:00:00+00:00,0.007969011016649463
2025-04-01 00:00:00+00:00,0.0007889310760473833
2025-04-01 04:00:00+00:00,-0.004569318669733823
2025-04-01 08:00:00+00:00,0.016149218205956165
2025-04-01 12:00:00+00:00,0.003444118393068551
2025-04-01 16:00:00+00:00,0.001177099359594513
2025-04-01 20:00:00+00:00,0.004369875684259151
2025-04-02 00:00:00+00:00,0.004452384479335647
2025-04-02 04:00:00+00:00,-0.0030245268640879184
2025-04-02 08:00:00+00:00,-0.0019872055307177615
2025-04-02 12:00:00+00:00,0.003997637987822066
2025-04-02 16:00:00+00:00,0.008259198878643171
2025-04-02 20:00:00+00:00,0.003970075178203957
2025-04-03 00:00:00+00:00,-0.0071924126396429875
2025-04-03 04:00:00+00:00,0.0018441638116002627
2025-04-03 08:00:00+00:00,0.0020771849543578915
2025-04-03 12:00:00+00:00,-0.014496257724834628
2025-04-03 16:00:00+00:00,-0.022916323603957303
2025-04-03 20:00:00+00:00,0.013701761937282921
2025-04-04 00:00:00+00:00,-0.004544368268435606
2025-04-04 04:00:00+00:00,0.010749965473274357
2025-04-04 08:00:00+00:00,0.016143560049252152
2025-04-04 12:00:00+00:00,-0.007493415276782735
2025-04-04 16:00:00+00:00,-0.003510234686837155
2025-04-04 20:00:00+00:00,0.00030326029463716435
2025-04-05 00:00:00+00:00,0.0054234655883173225
2025-04-05 04:00:00+00:00,-0.003751738580585573
2025-04-05 08:00:00+00:00,-0.004398682727216485
2025-04-05 12:00:00+00:00,-0.0049939627353603935
2025-04-05 16:00:00+00:00,-0.0023990790428447097
2025-04-05 20:00:00+00:00,-0.002775858689480248
2025-04-06 00:00:00+00:00,0.005220187852724734
2025-04-06 04:00:00+00:00,-0.0028033061797686732
2025-04-06 08:00:00+00:00,0.010379251148988057
2025-04-06 12:00:00+00:00,0.0039480577098993455
2025-04-06 16:00:00+00:00,0.024400290145722068
2025-04-06 20:00:00+00:00,0.006011772820401506
2025-04-07 00:00:00+00:00,0.009731392144956465
2025-04-07 04:00:00+00:00,-0.013487875054346923
2025-04-07 08:00:00+00:00,-0.020881904696067037
2025-04-07 12:00:00+00:00,-0.003950096156009279
2025-04-07 16:00:00+00:00,0.0170242756141759
2025-04-07 20:00:00+00:00,0.009113004089728993
2025-04-08 00:00:00+00:00,0.002212421002100929
2025-04-08 04:00:00+00:00,0.007454065950026756
2025-04-08 08:00:00+00:00,-0.017378345604851523
2025-04-08 12:00:00+00:00,0.003615736757420506
2025-04-08 16:00:00+00:00,0.021590655042147147
2025-04-08 20:00:00+00:00,0.011795904431489191
2025-04-09 00:00:00+00:00,-0.007676024591540821
2025-04-09 04:00:00+00:00,-0.005959507280548547
2025-04-09 08:00:00+00:00,0.005549046392170088
2025-04-09 12:00:00+00:00,-0.013939810536280281
2025-04-09 16:00:00+00:00,-0.018901673560754128
2025-04-09 20:00:00+00:00,-0.014475392111101316
2025-04-10 00:00:00+00:00,0.0012920714899786502
2025-04-10 04:00:00+00:00,-0.00879524123983291
2025-04-10 08:00:00+00:00,0.005046691437161122
2025-04-10 12:00:00+00:00,0.016929847468771977
2025-04-10 16:00:00+00:00,0.01330553278629947
2025-04-10 20:00:00+00:00,0.005469308121888172
2025-04-11 00:00:00+00:00,0.0037943172988797796
2025-04-11 04:00:00+00:00,-0.015218859353707082
2025-04-11 08:00:00+00:00,0.001873177586789464
2025-04-11 12:00:00+00:00,-0.003012191037862832
2025-04-11 16:00:00+00:00,-0.006336355180698305
2025-04-11 20:00:00+00:00,-0.0002339267404559913
2025-04-12 00:00:00+00:00,0.00782778416099119
2025-04-12 04:00:00+00:00,-0.016253623711653908
2025-04-12 08:00:00+00:00,-0.005186974511654396
2025-04-12 12:00:00+00:00,-0.024136885310472915
2025-04-12 16:00:00+00:00,-0.0017864734405719678
2025-04-12 20:00:00+00:00,0.0035417181972350557
2025-04-13 00:00:00+00:00,0.01574978064089607
2025-04-13 04:00:00+00:00,0.009826670683626061
2025-04-13 08:00:00+00:00,-0.007852573612361047
2025-04-13 12:00:00+00:00,0.004037635537918095
2025-04-13 16:00:00+00:00,-0.0066878773307750055
2025-04-13 20:00:00+00:00,0.004194467264589365
2025-04-14 00:00:00+00:00,-0.007924161954869537
2025-04-14 04:00:00+00:00,-0.0037553777300165956
2025-04-14 08:00:00+00:00,-0.01858376504077885
2025-04-14 12:00:00+00:00,0.009195166691067638
2025-04-14 16:00:00+00:00,0.0026526685209991457
2025-04-14 20:00:00+00:00,-0.0012365307045073097
2025-04-15 00:00:00+00:00,0.0021442890376657258
2025-04-15 04:00:00+00:00,0.0023310813472914083
2025-04-15 08:00:00+00:00,-0.0039182508043559055
2025-04-15 12:00:00+00:00,0.000432856934288052
2025-04-15 16:00:00+00:00,-0.003412594278328629
2025-04-15 20:00:00+00:00,0.0014276304029014805
2025-04-16 00:00:00+00:00,-0.0070771927939704765
2025-04-16 04:00:00+00:00,0.006589315522607064
2025-04-16 08:00:00+00:00,0.002665915700199117
2025-04-16 12:00:00+00:00,0.006175960472066588
2025-04-16 16:00:00+00:00,0.007376179396950766
2025-04-16 20:00:00+00:00,0.0034374191548899534
2025-04-17 00:00:00+00:00,-0.006894129566007479
2025-04-17 04:00:00+00:00,-0.00026551355039017245
2025-04-17 08:00:00+00:00,0.0026341961750686593
2025-04-17 12:00:00+00:00,0.002309645212648537
2025-04-17 16:00:00+00:00,-0.0024100935157921775
2025-04-17 20:00:00+00:00,0.002943046856178478
2025-04-18 00:00:00+00:00,-0.0001740920652623765
2025-04-18 04:00:00+00:00,-0.0014801247718197134
2025-04-18 08:00:00+00:00,0.0009951694755374165
2025-04-18 12:00:00+00:00,-0.004610691392937971
2025-04-18 16:00:00+00:00,-0.0011747232964654853
2025-04-18 20:00:00+00:00,0.004734761811182464
2025-04-19 00:00:00+00:00,-0.004401401879843392
2025-04-19 04:00:00+00:00,-0.005238581312568313
2025-04-19 08:00:00+00:00,0.0014698982328474228
2025-04-19 12:00:00+00:00,-0.0017325525956296993
2025-04-19 16:00:00+00:00,-0.012014271264790821
2025-04-19 20:00:00+00:00,0.00861150878617396
2025-04-20 00:00:00+00:00,-0.002593134501291683
2025-04-20 04:00:00+00:00,0.002195887435461841
2025-04-20 08:00:00+00:00,0.004137431273661552
2025-04-20 12:00:00+00:00,0.008784150128745784
2025-04-20 16:00:00+00:00,-0.0057959087569978696
2025-04-20 20:00:00+00:00,0.002222691108191466
2025-04-21 00:00:00+00:00,-0.0053404794077302805
2025-04-21 04:00:00+00:00,-0.0016351720208995775
2025-04-21 08:00:00+00:00,-0.0016962476547696553
2025-04-21 12:00:00+00:00,0.002290474527955922
2025-04-21 16:00:00+00:00,0.006954976629318724
2025-04-21 20:00:00+00:00,-0.005983483034979399
2025-04-22 00:00:00+00:00,0.01653564181365732
2025-04-22 04:00:00+00:00,-0.008541760521369724
2025-04-22 08:00:00+00:00,0.0012237922427635664
2025-04-22 12:00:00+00:00,0.003597202754648742
2025-04-22 16:00:00+00:00,-0.0058647982539474786
2025-04-22 20:00:00+00:00,0.004569797179947033
2025-04-23 00:00:00+00:00,0.0160113189087989
2025-04-23 04:00:00+00:00,-0.0006840764038926073
2025-04-23 08:00:00+00:00,-0.0002817377190472921
2025-04-23 12:00:00+00:00,-0.01497559557629018
2025-04-23 16:00:00+00:00,-0.0028926023328210483
2025-04-23 20:00:00+00:00,0.0015373384502259005
2025-04-24 00:00:00+00:00,0.0007341435956915495
2025-04-24 04:00:00+00:00,-0.004282148016066501
2025-04-24 08:00:00+00:00,0.0011601743660813583
2025-04-24 12:00:00+00:00,0.03229254142559941
2025-04-24 16:00:00+00:00,0.002623773155378029
2025-04-24 20:00:00+00:00,0.00910742514760048
2025-04-25 00:00:00+00:00,-0.006530962702101318
2025-04-25 04:00:00+00:00,0.03149078309307241
2025-04-25 08:00:00+00:00,0.009988301788166875
2025-04-25 12:00:00+00:00,-0.006863436865784301
2025-04-25 16:00:00+00:00,-0.0036042611738793086
2025-04-25 20:00:00+00:00,0.018885801305972658
2025-04-26 00:00:00+00:00,0.037312724614423816
2025-04-26 04:00:00+00:00,-0.004828589607225519
2025-04-26 08:00:00+00:00,-0.02832333141642114
2025-04-26 12:00:00+00:00,-0.001198500585799934
2025-04-26 16:00:00+00:00,0.012059640032073318
2025-04-26 20:00:00+00:00,0.009485765706907668
2025-04-27 00:00:00+00:00,0.00620200258095589
2025-04-27 04:00:00+00:00,-0.002462072828029838
2025-04-27 08:00:00+00:00,-0.008018718093514243
2025-04-27 12:00:00+00:00,-0.017016791840087375
2025-04-27 16:00:00+00:00,0.0031420517924365837
2025-04-27 20:00:00+00:00,-0.01251923554055201
2025-04-28 00:00:00+00:00,-0.028914170423856404
2025-04-28 04:00:00+00:00,-0.02048273424077447
2025-04-28 08:00:00+00:00,0.0022526102001136704
2025-04-28 12:00:00+00:00,-0.014405260544913671
2025-04-28 16:00:00+00:00,0.018593891672937925
2025-04-28 20:00:00+00:00,-0.0076322335027489314
2025-04-29 00:00:00+00:00,0.0051101013934451885
2025-04-29 04:00:00+00:00,0.005253306023428707
2025-04-29 08:00:00+00:00,-0.016133371665325028
2025-04-29 12:00:00+00:00,1.8556735128916287e-05
2025-04-29 16:00:00+00:00,0.0029813904392012487
2025-04-29 20:00:00+00:00,0.003987135596938262
2025-04-30 00:00:00+00:00,0.002227919610159157
2025-04-30 04:00:00+00:00,-0.0012225938332434349
2025-04-30 08:00:00+00:00,-0.0044951933507833
2025-04-30 12:00:00+00:00,0.0014441350396783986
2025-04-30 16:00:00+00:00,0.006501361641281256
2025-04-30 20:00:00+00:00,0.012952561229430337
2025-05-01 00:00:00+00:00,-0.020714255653546766
2025-05-01 04:00:00+00:00,0.004493990237303081
2025-05-01 08:00:00+00:00,0.011021951422596479
2025-05-01 12:00:00+00:00,-0.00122845660313382
2025-05-01 16:00:00+00:00,-0.0022939074902392784
2025-05-01 20:00:00+00:00,-0.02374600749741225
2025-05-02 00:00:00+00:00,0.00771083162519417
2025-05-02 04:00:00+00:00,-0.0024569038913208694
2025-05-02 08:00:00+00:00,-0.006349094106890863
2025-05-02 12:00:00+00:00,0.00921651616596908
2025-05-02 16:00:00+00:00,-0.007432226094924777
2025-05-02 20:00:00+00:00,-0.0008195040497197106
2025-05-03 00:00:00+00:00,-0.006475752958856652
2025-05-03 04:00:00+00:00,-0.0004495968005681079
2025-05-03 08:00:00+00:00,-0.002765835300630192
2025-05-03 12:00:00+00:00,-0.005349128513251022
2025-05-03 16:00:00+00:00,0.008814208275821956
2025-05-03 20:00:00+00:00,0.0017227635562868213
2025-05-04 00:00:00+00:00,-0.006932890946161651
2025-05-04 04:00:00+00:00,0.001715768479050484
2025-05-04 08:00:00+00:00,-0.009911764973220395
2025-05-04 12:00:00+00:00,0.006057592495700681
2025-05-04 16:00:00+00:00,-0.0003153117507812774
2025-05-04 20:00:00+00:00,0.008574843882449314
2025-05-05 00:00:00+00:00,0.002054014679431871
2025-05-05 04:00:00+00:00,0.010701794620178305
2025-05-05 08:00:00+00:00,0.00028462953236616586
2025-05-05 12:00:00+00:00,-0.011514375605358486
2025-05-05 16:00:00+00:00,-0.005395927698369541
2025-05-05 20:00:00+00:00,0.0014370796777827713
2025-05-06 00:00:00+00:00,-0.0010141409161068535
2025-05-06 04:00:00+00:00,0.007627649119206392
2025-05-06 08:00:00+00:00,-0.007370611491144999
2025-05-06 12:00:00+00:00,0.005255220972518782
2025-05-06 16:00:00+00:00,0.005933220389355443
2025-05-06 20:00:00+00:00,0.019966069740965285
2025-05-07 00:00:00+00:00,0.006885736713143565
2025-05-07 04:00:00+00:00,0.0015021317672130104
2025-05-07 08:00:00+00:00,-0.00886302542261468
2025-05-07 12:00:00+00:00,0.001556546187722498
2025-05-07 16:00:00+00:00,0.0031232185805947447
2025-05-07 20:00:00+00:00,0.0067051846360480115
2025-05-08 00:00:00+00:00,0.0021629449372053255
2025-05-08 04:00:00+00:00,-0.0027725878930972454
2025-05-08 08:00:00+00:00,0.006318516820665754
2025-05-08 12:00:00+00:00,-0.028764813463475657
2025-05-08 16:00:00+00:00,-0.021402858191160747
2025-05-08 20:00:00+00:00,-0.018385587650595794
2025-05-09 00:00:00+00:00,-0.0058235661871797635
2025-05-09 04:00:00+00:00,-0.02596908537861773
2025-05-09 08:00:00+00:00,-0.0027898721097369345
2025-05-09 12:00:00+00:00,0.0011490526211497924
2025-05-09 16:00:00+00:00,0.005249846652440215
2025-05-09 20:00:00+00:00,-0.008604719605920776
2025-05-10 00:00:00+00:00,-0.001040744056897181
2025-05-10 04:00:00+00:00,-0.0036571254522120844
2025-05-10 08:00:00+00:00,0.002956194242020518
2025-05-10 12:00:00+00:00,0.0004872929875271662
2025-05-10 16:00:00+00:00,0.009734386285936302
2025-05-10 20:00:00+00:00,-0.004072339454051031
2025-05-11 00:00:00+00:00,-0.005231608508886043
2025-05-11 04:00:00+00:00,0.0017720088437688701
2025-05-11 08:00:00+00:00,0.010365056161044705
2025-05-11 12:00:00+00:00,0.0030655083710948946
2025-05-11 16:00:00+00:00,-0.004616062491906315
2025-05-11 20:00:00+00:00,0.018931647466659964
2025-05-12 00:00:00+00:00,-0.0012453366439054243
2025-05-12 04:00:00+00:00,0.008071169361903597
2025-05-12 08:00:00+00:00,-0.011550079044603413
2025-05-12 12:00:00+00:00,-0.021201680291526696
2025-05-12 16:00:00+00:00,-0.00033010846577887897
2025-05-12 20:00:00+00:00,0.0008451993350644828
2025-05-13 00:00:00+00:00,0.01014318269823127
2025-05-13 04:00:00+00:00,-0.0058268790511541565
2025-05-13 08:00:00+00:00,0.011713621552331181
2025-05-13 12:00:00+00:00,0.009468696738647323
2025-05-13 16:00:00+00:00,0.024653365417635614
2025-05-13 20:00:00+00:00,-0.0010373667324914183
2025-05-14 00:00:00+00:00,-0.01359317829611211
2025-05-14 04:00:00+00:00,-0.00896869693652702
2025-05-14 08:00:00+00:00,0.0001743594792712257
2025-05-14 12:00:00+00:00,0.005710010593299476
2025-05-14 16:00:00+00:00,-0.0006522556413354646
2025-05-14 20:00:00+00:00,0.0012919552857796781
2025-05-15 00:00:00+00:00,0.001357166585054249
2025-05-15 04:00:00+00:00,0.009755902774420866
2025-05-15 08:00:00+00:00,0.010342263760076055
2025-05-15 12:00:00+00:00,-0.0072600296043756835
2025-05-15 16:00:00+00:00,-0.02088683410827712
2025-05-15 20:00:00+00:00,0.0008127577349823726
2025-05-16 00:00:00+00:00,0.013151679509394665
2025-05-16 04:00:00+00:00,0.015276587403506105
2025-05-16 08:00:00+00:00,0.003954941513200527
2025-05-16 12:00:00+00:00,0.002499696259967467
2025-05-16 16:00:00+00:00,-0.003944463042071522
2025-05-16 20:00:00+00:00,-0.011767840425662347
2025-05-17 00:00:00+00:00,-0.0017355309893125393
2025-05-17 04:00:00+00:00,-0.0028086375572698996
2025-05-17 08:00:00+00:00,0.003674575184704045
2025-05-17 12:00:00+00:00,0.0023458172555566254
2025-05-17 16:00:00+00:00,-0.00469409949384665
2025-05-17 20:00:00+00:00,0.0007812048198218016
2025-05-18 00:00:00+00:00,0.0009941965766970158
2025-05-18 04:00:00+00:00,0.017182124362413773
2025-05-18 08:00:00+00:00,0.000932026671564846
2025-05-18 12:00:00+00:00,0.017225529238376683
2025-05-18 16:00:00+00:00,-0.010351682712641995
2025-05-18 20:00:00+00:00,-0.00457984771769091
2025-05-19 00:00:00+00:00,-0.006069815450418558
2025-05-19 04:00:00+00:00,0.005109614975192334
2025-05-19 08:00:00+00:00,-0.0029079303901842005
2025-05-19 12:00:00+00:00,0.008255691015519616
2025-05-19 16:00:00+00:00,0.008845705097537241
2025-05-19 20:00:00+00:00,0.006847366253629562
2025-05-20 00:00:00+00:00,0.01879758310423907
2025-05-20 04:00:00+00:00,0.002597987503216315
2025-05-20 08:00:00+00:00,-0.004331096051060835
2025-05-20 12:00:00+00:00,-0.0020343854970515714
2025-05-20 16:00:00+00:00,-0.0017569019089844764
2025-05-20 20:00:00+00:00,0.0006077264149288551
2025-05-21 00:00:00+00:00,0.007284309174102543
2025-05-21 04:00:00+00:00,0.007352774865920209
2025-05-21 08:00:00+00:00,-0.005800840329540112
2025-05-21 12:00:00+00:00,0.0006591485224233915
2025-05-21 16:00:00+00:00,-0.01764672383276955
2025-05-21 20:00:00+00:00,-0.0010285989743548329
2025-05-22 00:00:00+00:00,0.01251056933406578
2025-05-22 04:00:00+00:00,0.004482051452552959
2025-05-22 08:00:00+00:00,-0.004463329779515202
2025-05-22 12:00:00+00:00,-0.008920400492578008
2025-05-22 16:00:00+00:00,-0.019353490085813087
2025-05-22 20:00:00+00:00,0.02594429813154453
2025-05-23 00:00:00+00:00,0.018667054993867206
2025-05-23 04:00:00+00:00,-0.012756016896879795
2025-05-23 08:00:00+00:00,-0.007478483729479767
2025-05-23 12:00:00+00:00,0.002743565605307953
2025-05-23 16:00:00+00:00,0.01469352821489811
2025-05-23 20:00:00+00:00,-0.008619717295003014
2025-05-24 00:00:00+00:00,-0.006539840988471425
2025-05-24 04:00:00+00:00,0.0035095560738639844
2025-05-24 08:00:00+00:00,0.009525052530429167
2025-05-24 12:00:00+00:00,0.0005170007074619242
2025-05-24 16:00:00+00:00,-0.005623573964880292
2025-05-24 20:00:00+00:00,0.004223174350790693
2025-05-25 00:00:00+00:00,0.007529926860525849
2025-05-25 04:00:00+00:00,-0.002868889668312091
2025-05-25 08:00:00+00:00,0.007057740105535526
2025-05-25 12:00:00+00:00,0.016155514054152408
2025-05-25 16:00:00+00:00,-0.0012641834134003104
2025-05-25 20:00:00+00:00,0.005423276323379336
2025-05-26 00:00:00+00:00,-0.015512938699652513
2025-05-26 04:00:00+00:00,-0.011932721235286792
2025-05-26 08:00:00+00:00,-0.007366979209629631
2025-05-26 12:00:00+00:00,0.0067764797014817635
2025-05-26 16:00:00+00:00,0.009890319000174942
2025-05-26 20:00:00+00:00,-0.0022162154175260794
2025-05-27 00:00:00+00:00,-0.00042604163941437523
2025-05-27 04:00:00+00:00,-0.00859967240711481
2025-05-27 08:00:00+00:00,-0.014501667305860931
2025-05-27 12:00:00+00:00,-0.010447007078482362
2025-05-27 16:00:00+00:00,0.0062067079563074
2025-05-27 20:00:00+00:00,-0.015240530191864735
2025-05-28 00:00:00+00:00,-0.011769058471729843
2025-05-28 04:00:00+00:00,-0.020883136523858935
2025-05-28 08:00:00+00:00,0.002918584077836984
2025-05-28 12:00:00+00:00,0.012668904746499511
2025-05-28 16:00:00+00:00,0.011118311432186468
2025-05-28 20:00:00+00:00,-0.014238989135736336
2025-05-29 00:00:00+00:00,-0.014625852348883141
2025-05-29 04:00:00+00:00,-7.735249663649515e-05
2025-05-29 08:00:00+00:00,0.006858582795815771
2025-05-29 12:00:00+00:00,0.007474133244411487
2025-05-29 16:00:00+00:00,-0.0007415692942710061
2025-05-29 20:00:00+00:00,0.0032714087936792646
2025-05-30 00:00:00+00:00,0.014622109493263858
2025-05-30 04:00:00+00:00,0.005943214462156687
2025-05-30 08:00:00+00:00,-0.00815145487053468
2025-05-30 12:00:00+00:00,0.0008539935613312453
2025-05-30 16:00:00+00:00,-0.0011722235329117538
2025-05-30 20:00:00+00:00,-0.018965686648810376
2025-05-31 00:00:00+00:00,0.0030164962386216125
2025-05-31 04:00:00+00:00,0.002887832050156681
2025-05-31 08:00:00+00:00,0.0018138893324234136
2025-05-31 12:00:00+00:00,-0.013796662684155293
2025-05-31 16:00:00+00:00,0.012211733076759958
2025-05-31 20:00:00+00:00,-0.002448536283858926
2025-06-01 00:00:00+00:00,-0.00858521797046885
2025-06-01 04:00:00+00:00,0.011785679485940538
2025-06-01 08:00:00+00:00,0.00976236507553805
2025-06-01 12:00:00+00:00,-0.004549697437535017
2025-06-01 16:00:00+00:00,-0.001975548510112613
2025-06-01 20:00:00+00:00,0.005693104364430336
2025-06-02 00:00:00+00:00,-0.0037879046039891004
2025-06-02 04:00:00+00:00,0.0024639812322391655
2025-06-02 08:00:00+00:00,0.003736768954392255
2025-06-02 12:00:00+00:00,0.0009311414708944827
2025-06-02 16:00:00+00:00,0.006431156317407761
2025-06-02 20:00:00+00:00,-0.010910188556881327
2025-06-03 00:00:00+00:00,-0.0041299306454494426
2025-06-03 04:00:00+00:00,-0.000650343352569127
2025-06-03 08:00:00+00:00,-0.003815648840347974
2025-06-03 12:00:00+00:00,0.009270862542930483
2025-06-03 16:00:00+00:00,0.00443018755529263
2025-06-03 20:00:00+00:00,0.01321207243933225
2025-06-04 00:00:00+00:00,-0.011603710364415945
2025-06-04 04:00:00+00:00,-0.0003749996911793789
2025-06-04 08:00:00+00:00,0.0039022180749588536
2025-06-04 12:00:00+00:00,-0.016029634092705768
2025-06-04 16:00:00+00:00,-0.01347552289746248
2025-06-04 20:00:00+00:00,0.005834561478320089
2025-06-05 00:00:00+00:00,-0.001645852660141234
2025-06-05 04:00:00+00:00,0.0057372463405449105
2025-06-05 08:00:00+00:00,-0.006042298935247437
2025-06-05 12:00:00+00:00,0.006002425780075971
2025-06-05 16:00:00+00:00,0.02166381265586294
2025-06-05 20:00:00+00:00,-0.004358240449429985
2025-06-06 00:00:00+00:00,-0.009257157537802652
2025-06-06 04:00:00+00:00,-0.001061365207581843
2025-06-06 08:00:00+00:00,-0.005069478021972706
2025-06-06 12:00:00+00:00,-0.012385141011158575
2025-06-06 16:00:00+00:00,0.0027387141090756684
2025-06-06 20:00:00+00:00,-0.0037862580639568934
2025-06-07 00:00:00+00:00,-0.012533354633631923
2025-06-07 04:00:00+00:00,-0.005049459420038227
2025-06-07 08:00:00+00:00,-0.0024008805436832362
2025-06-07 12:00:00+00:00,0.00921886583493694
2025-06-07 16:00:00+00:00,0.013652686008331052
2025-06-07 20:00:00+00:00,-0.004727288136790819
2025-06-08 00:00:00+00:00,0.004048155058920711
2025-06-08 04:00:00+00:00,0.002336996756538157
2025-06-08 08:00:00+00:00,0.003538651382536351
2025-06-08 12:00:00+00:00,-0.003070458390803621
2025-06-08 16:00:00+00:00,-0.0076233942147758025
2025-06-08 20:00:00+00:00,-0.0011588996271985287
2025-06-09 00:00:00+00:00,0.004198495987495465
2025-06-09 04:00:00+00:00,0.007299708452736243
2025-06-09 08:00:00+00:00,-0.01128957294506374
2025-06-09 12:00:00+00:00,0.01418356801468612
2025-06-09 16:00:00+00:00,0.0010394351401330705
2025-06-09 20:00:00+00:00,-0.0072599305885393765
2025-06-10 00:00:00+00:00,0.015730694089055787
2025-06-10 04:00:00+00:00,0.0003221754668318429
2025-06-10 08:00:00+00:00,0.0009007211260240397
2025-06-10 12:00:00+00:00,0.017658836085881015
2025-06-10 16:00:00+00:00,-0.005148632299224421
2025-06-10 20:00:00+00:00,-0.0007325990998205073
2025-06-11 00:00:00+00:00,-0.00881363698050295
2025-06-11 04:00:00+00:00,-0.003452139702217228
2025-06-11 08:00:00+00:00,0.004112571892716478
2025-06-11 12:00:00+00:00,-0.011032564700835756
2025-06-11 16:00:00+00:00,0.014388696125894974
2025-06-11 20:00:00+00:00,0.0039970461589315266
2025-06-12 00:00:00+00:00,0.003379200307988597
2025-06-12 04:00:00+00:00,-0.0004538942792127621
2025-06-12 08:00:00+00:00,0.008739143661410199
2025-06-12 12:00:00+00:00,0.0010494290167214256
2025-06-12 16:00:00+00:00,0.006338231754165169
2025-06-12 20:00:00+00:00,-0.0025485495902255236
2025-06-13 00:00:00+00:00,0.0123533822503199
2025-06-13 04:00:00+00:00,0.022602290262462476
2025-06-13 08:00:00+00:00,-0.005727553802398177
2025-06-13 12:00:00+00:00,-0.003010013156587489
2025-06-13 16:00:00+00:00,0.005637870790788569
2025-06-13 20:00:00+00:00,-0.006257617189373076
2025-06-14 00:00:00+00:00,-0.006290288248664157
2025-06-14 04:00:00+00:00,-0.009407134067090284
2025-06-14 08:00:00+00:00,-0.002771877421754132
2025-06-14 12:00:00+00:00,0.0056350091363870595
2025-06-14 16:00:00+00:00,0.005071456518977802
2025-06-14 20:00:00+00:00,-0.008203085359343555
2025-06-15 00:00:00+00:00,0.0014891231728007656
2025-06-15 04:00:00+00:00,0.0026526154622751996
2025-06-15 08:00:00+00:00,-0.003710813462273354
2025-06-15 12:00:00+00:00,-0.009623904148062445
2025-06-15 16:00:00+00:00,-0.0008922895471175963
2025-06-15 20:00:00+00:00,-0.0011667092318102816
2025-06-16 00:00:00+00:00,0.0012929085287776147
2025-06-16 04:00:00+00:00,0.011562211702395023
2025-06-16 08:00:00+00:00,-0.0028410281685011356
2025-06-16 12:00:00+00:00,0.00708161775187195
2025-06-16 16:00:00+00:00,-0.0012400077088280614
2025-06-16 20:00:00+00:00,0.0038970707125017146
2025-06-17 00:00:00+00:00,0.016069067025246443
2025-06-17 04:00:00+00:00,1.9568489968513434e-05
2025-06-17 08:00:00+00:00,0.001792957369829874
2025-06-17 12:00:00+00:00,-0.006470178453814433
2025-06-17 16:00:00+00:00,0.005623874162807875
2025-06-17 20:00:00+00:00,0.0030920290382701957
2025-06-18 00:00:00+00:00,7.614694334190342e-05
2025-06-18 04:00:00+00:00,-0.009310239604524395
2025-06-18 08:00:00+00:00,0.001747840903154231
2025-06-18 12:00:00+00:00,0.004338440382326669
2025-06-18 16:00:00+00:00,-0.0034882453473945594
2025-06-18 20:00:00+00:00,-0.017441251077495105
2025-06-19 00:00:00+00:00,0.004758869047946357
2025-06-19 04:00:00+00:00,0.006237955650078232
2025-06-19 08:00:00+00:00,0.004129910278653704
2025-06-19 12:00:00+00:00,-0.012879756875314266
2025-06-19 16:00:00+00:00,0.0033732640057244643
2025-06-19 20:00:00+00:00,0.004660432741551523
2025-06-20 00:00:00+00:00,0.005105415523369316
2025-06-20 04:00:00+00:00,-0.003344863254074461
2025-06-20 08:00:00+00:00,-0.0016073494837009364
2025-06-20 12:00:00+00:00,0.009815859609711541
2025-06-20 16:00:00+00:00,0.002844694059939633
2025-06-20 20:00:00+00:00,-0.001296830597820508
2025-06-21 00:00:00+00:00,-0.004933747129929489
2025-06-21 04:00:00+00:00,-0.0007703594853933456
2025-06-21 08:00:00+00:00,0.005867198910112115
2025-06-21 12:00:00+00:00,0.0014161352629943127
2025-06-21 16:00:00+00:00,0.012996193181937434
2025-06-21 20:00:00+00:00,-0.022375775439185567
2025-06-22 00:00:00+00:00,0.009327697594448249
2025-06-22 04:00:00+00:00,0.0025489626388804257
2025-06-22 08:00:00+00:00,0.0035492210113917903
2025-06-22 12:00:00+00:00,-0.00224369140452221
2025-06-22 16:00:00+00:00,0.004522451610798007
2025-06-22 20:00:00+00:00,-0.00502641095231886
2025-06-23 00:00:00+00:00,-0.0002239239343349239
2025-06-23 04:00:00+00:00,0.0016988340318021323
2025-06-23 08:00:00+00:00,-0.008383290444488956
2025-06-23 12:00:00+00:00,-0.007888057345406098
2025-06-23 16:00:00+00:00,-0.02106058262879165
2025-06-23 20:00:00+00:00,-0.0241945867779112
2025-06-24 00:00:00+00:00,-0.003272038393483935
2025-06-24 04:00:00+00:00,0.0013634745557365097
2025-06-24 08:00:00+00:00,0.006598250835532894
2025-06-24 12:00:00+00:00,0.00044110879281076295
2025-06-24 16:00:00+00:00,0.010722280589569434
2025-06-24 20:00:00+00:00,-0.012757510294924824
2025-06-25 00:00:00+00:00,0.011618546344231317
2025-06-25 04:00:00+00:00,0.000736856239867612
2025-06-25 08:00:00+00:00,0.0023326328311475296
2025-06-25 12:00:00+00:00,0.011326163524569145
2025-06-25 16:00:00+00:00,0.006692153279114988
2025-06-25 20:00:00+00:00,0.005467758123087663
2025-06-26 00:00:00+00:00,-0.0007142222076204959
2025-06-26 04:00:00+00:00,0.004960311493053005
2025-06-26 08:00:00+00:00,0.01196531288229772
2025-06-26 12:00:00+00:00,0.003310770817414887
2025-06-26 16:00:00+00:00,-0.003849638508636754
2025-06-26 20:00:00+00:00,-0.0005689802585464811
2025-06-27 00:00:00+00:00,-0.002923445399984615
2025-06-27 04:00:00+00:00,0.0017978251531303832
2025-06-27 08:00:00+00:00,-0.005127405360536641
2025-06-27 12:00:00+00:00,-0.013687668018262265
2025-06-27 16:00:00+00:00,0.013201816619848586
2025-06-27 20:00:00+00:00,-0.00252986826711541
2025-06-28 00:00:00+00:00,0.010024761493385137
2025-06-28 04:00:00+00:00,-0.003955553374559262
2025-06-28 08:00:00+00:00,3.896837447130489e-05
2025-06-28 12:00:00+00:00,-0.004818676130317322
2025-06-28 16:00:00+00:00,-0.004627587706225112
2025-06-28 20:00:00+00:00,-0.004167300759246562
2025-06-29 00:00:00+00:00,0.0019913744703813577
2025-06-29 04:00:00+00:00,-0.004603968739841102
2025-06-29 08:00:00+00:00,0.0012700974977067465
2025-06-29 12:00:00+00:00,-0.002500559428399396
2025-06-29 16:00:00+00:00,-0.025078326185841777
2025-06-29 20:00:00+00:00,-0.030614616952618197
2025-06-30 00:00:00+00:00,0.011513619732342377
2025-06-30 04:00:00+00:00,-0.00921325275989009
2025-06-30 08:00:00+00:00,0.006497281114088115
2025-06-30 12:00:00+00:00,0.017516416488167954
2025-06-30 16:00:00+00:00,-0.0008564639608702451
2025-06-30 20:00:00+00:00,0.00836190478147316
2025-07-01 00:00:00+00:00,0.004048741129423194
2025-07-01 04:00:00+00:00,0.003865029096616124
2025-07-01 08:00:00+00:00,0.007142889919428264
2025-07-01 12:00:00+00:00,0.005408663016065707
2025-07-01 16:00:00+00:00,0.006948953555738525
2025-07-01 20:00:00+00:00,-0.004721323007527967
2025-07-02 00:00:00+00:00,0.0006832040612957165
2025-07-02 04:00:00+00:00,0.0008018812976544605
2025-07-02 08:00:00+00:00,-0.012346689718791534
2025-07-02 12:00:00+00:00,-0.0123418930185927
2025-07-02 16:00:00+00:00,-0.02102590380357512
2025-07-02 20:00:00+00:00,0.003838922189653337
2025-07-03 00:00:00+00:00,0.0026824101028301694
2025-07-03 04:00:00+00:00,-0.024086438484061688
2025-07-03 08:00:00+00:00,0.003375981035524322
2025-07-03 12:00:00+00:00,0.003791304977937178
2025-07-03 16:00:00+00:00,-0.0023807923759371135
2025-07-03 20:00:00+00:00,-0.0041666112219906236
2025-07-04 00:00:00+00:00,0.003393394776056625
2025-07-04 04:00:00+00:00,0.007925404150251494
2025-07-04 08:00:00+00:00,-0.012286716696614852
2025-07-04 12:00:00+00:00,0.012991519375448644
2025-07-04 16:00:00+00:00,-0.003383091531142491
2025-07-04 20:00:00+00:00,0.0041528439045619425
2025-07-05 00:00:00+00:00,-0.0018068387472698118
2025-07-05 04:00:00+00:00,-0.0011857694011251805
2025-07-05 08:00:00+00:00,0.0075529453230855255
2025-07-05 12:00:00+00:00,0.00284286669752456
2025-07-05 16:00:00+00:00,0.002318186353833452
2025-07-05 20:00:00+00:00,-0.009371183281908736
2025-07-06 00:00:00+00:00,0.005279100197881781
2025-07-06 04:00:00+00:00,-0.0021430483802119316
2025-07-06 08:00:00+00:00,-0.0015746559996876678
2025-07-06 12:00:00+00:00,0.00011571197513737634
2025-07-06 16:00:00+00:00,-0.0019530835596679452
2025-07-06 20:00:00+00:00,0.005578989538956505
2025-07-07 00:00:00+00:00,-0.005738469461188256
2025-07-07 04:00:00+00:00,0.005225216405002665
2025-07-07 08:00:00+00:00,-0.00143766273845014
2025-07-07 12:00:00+00:00,0.0020118751906969654
2025-07-07 16:00:00+00:00,-0.00448837476421593
2025-07-07 20:00:00+00:00,0.0005368400838007717
2025-07-08 00:00:00+00:00,6.920879056122636e-05
2025-07-08 04:00:00+00:00,0.005857747905294629
2025-07-08 08:00:00+00:00,0.009305605352841263
2025-07-08 12:00:00+00:00,-0.006969001220558769
2025-07-08 16:00:00+00:00,0.004003995739809365
2025-07-08 20:00:00+00:00,-0.005894004904288664
2025-07-09 00:00:00+00:00,0.01138927633418969
2025-07-09 04:00:00+00:00,0.013859335907915238
2025-07-09 08:00:00+00:00,0.006418728930568897
2025-07-09 12:00:00+00:00,0.009135435742825205
2025-07-09 16:00:00+00:00,-0.004988224885770174
2025-07-09 20:00:00+00:00,-0.013942308911167902
2025-07-10 00:00:00+00:00,-0.0030228767920775115
2025-07-10 04:00:00+00:00,0.00440715145960029
2025-07-10 08:00:00+00:00,-0.008320485520223863
2025-07-10 12:00:00+00:00,-0.002567055099337034
2025-07-10 16:00:00+00:00,-0.006895102356578153
2025-07-10 20:00:00+00:00,-0.008079128679554421
2025-07-11 00:00:00+00:00,-0.008740256123155342
2025-07-11 04:00:00+00:00,0.006028626490309841
2025-07-11 08:00:00+00:00,0.012731496067181025
2025-07-11 12:00:00+00:00,-0.014828520731088824
2025-07-11 16:00:00+00:00,0.00554480100165322
2025-07-11 20:00:00+00:00,-0.015599990313283539
2025-07-12 00:00:00+00:00,0.0026948024575424775
2025-07-12 04:00:00+00:00,-0.003709121633318246
2025-07-12 08:00:00+00:00,0.004694148947675438
2025-07-12 12:00:00+00:00,-0.01795821091730605
2025-07-12 16:00:00+00:00,0.01002278281242579
2025-07-12 20:00:00+00:00,-0.0008825242541898206
2025-07-13 00:00:00+00:00,0.006981434946381128
2025-07-13 04:00:00+00:00,0.0018883936067843662
2025-07-13 08:00:00+00:00,0.002623544604450512
2025-07-13 12:00:00+00:00,0.001505502630866751
2025-07-13 16:00:00+00:00,0.007287597865412687
2025-07-13 20:00:00+00:00,-0.004215632608292252
2025-07-14 00:00:00+00:00,0.023651252259503288
2025-07-14 04:00:00+00:00,-0.0007541094181571014
2025-07-14 08:00:00+00:00,-0.00687409577688656
2025-07-14 12:00:00+00:00,-0.004783487766181117
2025-07-14 16:00:00+00:00,-0.0009738024431067199
2025-07-14 20:00:00+00:00,0.0059487232286654645
2025-07-15 00:00:00+00:00,-0.00036808326036781146
2025-07-15 04:00:00+00:00,0.005217556691908976
2025-07-15 08:00:00+00:00,0.010268498410581974
2025-07-15 12:00:00+00:00,-0.005865253679574956
2025-07-15 16:00:00+00:00,-0.011730358989699919
2025-07-15 20:00:00+00:00,0.015583555280918465
2025-07-16 00:00:00+00:00,-0.006781360119898318
2025-07-16 04:00:00+00:00,-0.001707190193250718
2025-07-16 08:00:00+00:00,-0.004228778995520077
2025-07-16 12:00:00+00:00,-0.002589224186358984
2025-07-16 16:00:00+00:00,0.01843191762461063
2025-07-16 20:00:00+00:00,-0.014882659308741532
2025-07-17 00:00:00+00:00,-0.011824566675150682
2025-07-17 04:00:00+00:00,0.02328018536955239
2025-07-17 08:00:00+00:00,0.015942006809170017
2025-07-17 12:00:00+00:00,-0.005613025625509916
2025-07-17 16:00:00+00:00,-0.00014494416213548574
2025-07-17 20:00:00+00:00,0.013090934101937492
2025-07-18 00:00:00+00:00,0.032275464713901414
2025-07-18 04:00:00+00:00,0.0034928607275135602
2025-07-18 08:00:00+00:00,-0.0019929261677878118
2025-07-18 12:00:00+00:00,-0.012804771899691203
2025-07-18 16:00:00+00:00,0.0044752829045104255
2025-07-18 20:00:00+00:00,-0.005652524782568525
2025-07-19 00:00:00+00:00,0.006855355828926959
2025-07-19 04:00:00+00:00,-0.0024239091021064363
2025-07-19 08:00:00+00:00,-0.019062148765735976
2025-07-19 12:00:00+00:00,-0.004698334643425417
2025-07-19 16:00:00+00:00,0.0028481991981059492
2025-07-19 20:00:00+00:00,-0.0008700346168678764
2025-07-20 00:00:00+00:00,0.018514096074542928
2025-07-20 04:00:00+00:00,-0.0034405456668141097
2025-07-20 08:00:00+00:00,0.0031864256541211953
2025-07-20 12:00:00+00:00,-0.011731154117087386
2025-07-20 16:00:00+00:00,0.010918465263379827
2025-07-20 20:00:00+00:00,-0.004615267827040804
2025-07-21 00:00:00+00:00,-0.006101402121210265
2025-07-21 04:00:00+00:00,0.007481573222623374
2025-07-21 08:00:00+00:00,0.0014849473176020485
2025-07-21 12:00:00+00:00,0.01762866621944688
2025-07-21 16:00:00+00:00,-0.011601082290769194
2025-07-21 20:00:00+00:00,0.0012042537573235365
2025-07-22 00:00:00+00:00,-0.0030776908734770677
2025-07-22 04:00:00+00:00,-0.006670000633473007
2025-07-22 08:00:00+00:00,-0.000123736885846748
2025-07-22 12:00:00+00:00,0.00620211806135116
2025-07-22 16:00:00+00:00,-0.007039009160787745
2025-07-22 20:00:00+00:00,0.008246228294969394
2025-07-23 00:00:00+00:00,-0.012101829025233404
2025-07-23 04:00:00+00:00,-0.010961284592452894
2025-07-23 08:00:00+00:00,-0.010800627826956411
2025-07-23 12:00:00+00:00,-0.006505977819425523
2025-07-23 16:00:00+00:00,-0.01632081175208
2025-07-23 20:00:00+00:00,0.003996450867620659
2025-07-24 00:00:00+00:00,0.0020567443686751565
2025-07-24 04:00:00+00:00,-0.015216465410506072
2025-07-24 08:00:00+00:00,0.007655725172479992
2025-07-24 12:00:00+00:00,0.008404201607782857
2025-07-24 16:00:00+00:00,2.986285630288653e-05
2025-07-24 20:00:00+00:00,-0.009512842061222562
2025-07-25 00:00:00+00:00,-0.011243325164078069
2025-07-25 04:00:00+00:00,0.0046051133583476355
2025-07-25 08:00:00+00:00,0.0019027208486825284
2025-07-25 12:00:00+00:00,-0.01369931573057417
2025-07-25 16:00:00+00:00,0.00756487404144024
2025-07-25 20:00:00+00:00,0.01394996745291319
2025-07-26 00:00:00+00:00,0.0010235529830887155
2025-07-26 04:00:00+00:00,-0.004896678422091428
2025-07-26 08:00:00+00:00,0.0029331535403368083
2025-07-26 12:00:00+00:00,0.00031714260280812966
2025-07-26 16:00:00+00:00,0.0031904395817900152
2025-07-26 20:00:00+00:00,0.00116158885224027
2025-07-27 00:00:00+00:00,0.0039946437288937995
2025-07-27 04:00:00+00:00,-0.0038910136081869995
2025-07-27 08:00:00+00:00,0.007490113571346881
2025-07-27 12:00:00+00:00,-0.00019910341549123122
2025-07-27 16:00:00+00:00,0.00804274251196986
2025-07-27 20:00:00+00:00,-0.0012599027495900023
2025-07-28 00:00:00+00:00,-0.002781471030352734
2025-07-28 04:00:00+00:00,-0.0020554645997092674
2025-07-28 08:00:00+00:00,-0.009029458552213909
2025-07-28 12:00:00+00:00,-0.005578847310428146
2025-07-28 16:00:00+00:00,0.0004985405093121953
2025-07-28 20:00:00+00:00,0.00020331071292016838
2025-07-29 00:00:00+00:00,-0.0001910351811134749
2025-07-29 04:00:00+00:00,0.0075390588482977085
2025-07-29 08:00:00+00:00,-0.005502715553204738
2025-07-29 12:00:00+00:00,-0.0039653152532798785
2025-07-29 16:00:00+00:00,0.001292952097604916
2025-07-29 20:00:00+00:00,0.004316649483374712
2025-07-30 00:00:00+00:00,0.003952858548516192
2025-07-30 04:00:00+00:00,-0.0018659419706293697
2025-07-30 08:00:00+00:00,-0.0049327526674236115
2025-07-30 12:00:00+00:00,0.009459136045760675
2025-07-30 16:00:00+00:00,-0.0016618276446122029
2025-07-30 20:00:00+00:00,0.00507649654600173
2025-07-31 00:00:00+00:00,0.0020452731970929333
2025-07-31 04:00:00+00:00,-0.003100038402929317
2025-07-31 08:00:00+00:00,0.0008084082175487954
2025-07-31 12:00:00+00:00,0.009215233942132394
2025-07-31 16:00:00+00:00,-0.002899258995234421
2025-07-31 20:00:00+00:00,0.00013346550882869157
2025-08-01 00:00:00+00:00,0.0004498737838131375
2025-08-01 04:00:00+00:00,0.000716205724001882
2025-08-01 08:00:00+00:00,-0.003006726127089587
2025-08-01 12:00:00+00:00,-0.004639162366543182
2025-08-01 16:00:00+00:00,-0.007470909101725921
2025-08-01 20:00:00+00:00,0.004100909183037671
2025-08-02 00:00:00+00:00,0.003367871029396551
2025-08-02 04:00:00+00:00,-0.0044518295770304755
2025-08-02 08:00:00+00:00,0.006759929131793551
2025-08-02 12:00:00+00:00,0.0001372720100325743
2025-08-02 16:00:00+00:00,-0.0010140843546972318
2025-08-02 20:00:00+00:00,-0.006512252418969111
2025-08-03 00:00:00+00:00,-0.0047975527020105435
2025-08-03 04:00:00+00:00,-0.00035270357141825625
2025-08-03 08:00:00+00:00,-0.005899969185247134
2025-08-03 12:00:00+00:00,-0.005807340522869064
2025-08-03 16:00:00+00:00,0.0037335890074033486
2025-08-03 20:00:00+00:00,-0.0008418168440684992
2025-08-04 00:00:00+00:00,-0.0032012612018256005
2025-08-04 04:00:00+00:00,0.00012358637971043832
2025-08-04 08:00:00+00:00,0.0023682318265371375
2025-08-04 12:00:00+00:00,-0.007020179022405639
2025-08-04 16:00:00+00:00,-0.0012678589996370838
2025-08-04 20:00:00+00:00,-0.009796602525713061
2025-08-05 00:00:00+00:00,0.006620242756539031
2025-08-05 04:00:00+00:00,0.011022955184670492
2025-08-05 08:00:00+00:00,-0.01999044498487175
2025-08-05 12:00:00+00:00,0.017772067745453878
2025-08-05 16:00:00+00:00,0.005501357342987534
2025-08-05 20:00:00+00:00,-0.004660861108294779
2025-08-06 00:00:00+00:00,0.007314189982331909
2025-08-06 04:00:00+00:00,-0.009145617472221493
2025-08-06 08:00:00+00:00,0.00264253330932922
2025-08-06 12:00:00+00:00,-0.016724612041247026
2025-08-06 16:00:00+00:00,-0.0004283349852494125
2025-08-06 20:00:00+00:00,-0.002396011550230659
2025-08-07 00:00:00+00:00,0.0013974552051310598
2025-08-07 04:00:00+00:00,-0.0042479635923517115
2025-08-07 08:00:00+00:00,-0.016794057466296076
2025-08-07 12:00:00+00:00,-0.004321939239613082
2025-08-07 16:00:00+00:00,-0.0037878699098225603
2025-08-07 20:00:00+00:00,-0.006259710340546799
2025-08-08 00:00:00+00:00,-0.0006751075477594351
2025-08-08 04:00:00+00:00,-0.0101649429455555
2025-08-08 08:00:00+00:00,-0.005474877149920743
2025-08-08 12:00:00+00:00,-0.003891481541644626
2025-08-08 16:00:00+00:00,-0.00671293321201878
2025-08-08 20:00:00+00:00,-0.008740977906417747
2025-08-09 00:00:00+00:00,0.01041398684479884
2025-08-09 04:00:00+00:00,-0.021203876318562378
2025-08-09 08:00:00+00:00,0.0016438318644910858
2025-08-09 12:00:00+00:00,0.00505118425879627
2025-08-09 16:00:00+00:00,-0.0045785692599010774
2025-08-09 20:00:00+00:00,0.007480571319381447
2025-08-10 00:00:00+00:00,-0.013923075179335198
2025-08-10 04:00:00+00:00,0.018552035186507523
2025-08-10 08:00:00+00:00,-0.0057436091386372954
2025-08-10 12:00:00+00:00,0.016926510182800246
2025-08-10 16:00:00+00:00,-0.012137842448596193
2025-08-10 20:00:00+00:00,6.604033280974706e-05
2025-08-11 00:00:00+00:00,0.006598236108916458
2025-08-11 04:00:00+00:00,-0.0010029523094334351
2025-08-11 08:00:00+00:00,0.0005809916293203504
2025-08-11 12:00:00+00:00,0.011905221403991419
2025-08-11 16:00:00+00:00,0.000616122108464222
2025-08-11 20:00:00+00:00,0.00883322763538812
2025-08-12 00:00:00+00:00,0.014115056141030438
2025-08-12 04:00:00+00:00,0.004038187351982314
2025-08-12 08:00:00+00:00,0.0065624468392365696
2025-08-12 12:00:00+00:00,0.010139197923534266
2025-08-12 16:00:00+00:00,-0.020033448979554194
2025-08-12 20:00:00+00:00,0.019736608830290516
2025-08-13 00:00:00+00:00,0.001694233948739689
2025-08-13 04:00:00+00:00,-0.007902704870611309
2025-08-13 08:00:00+00:00,-0.01110463577189147
2025-08-13 12:00:00+00:00,0.007226505073136071
2025-08-13 16:00:00+00:00,0.003461827284082618
2025-08-13 20:00:00+00:00,0.006101988889634579
2025-08-14 00:00:00+00:00,-0.007625720918524868
2025-08-14 04:00:00+00:00,-0.012107267581274317
2025-08-14 08:00:00+00:00,-0.00037889639757300266
2025-08-14 12:00:00+00:00,0.011219571500005809
2025-08-14 16:00:00+00:00,-0.00015071575934129237
2025-08-14 20:00:00+00:00,0.006820294073335732
2025-08-15 00:00:00+00:00,0.0016968717953955723
2025-08-15 04:00:00+00:00,-0.010905799899683388
2025-08-15 08:00:00+00:00,0.002222374867984134
2025-08-15 12:00:00+00:00,-0.010556114462883005
2025-08-15 16:00:00+00:00,-0.003468202581075986
2025-08-15 20:00:00+00:00,0.005726668649651923
2025-08-16 00:00:00+00:00,0.0021539864060619923
2025-08-16 04:00:00+00:00,0.0018679560956262
2025-08-16 08:00:00+00:00,-0.0294136623144917
2025-08-16 12:00:00+00:00,0.007209255636826929
2025-08-16 16:00:00+00:00,-0.0012483005940491002
2025-08-16 20:00:00+00:00,0.0019572834136095236
2025-08-17 00:00:00+00:00,0.010073185641093453
2025-08-17 04:00:00+00:00,0.020727108171273347
2025-08-17 08:00:00+00:00,0.00708161543700412
2025-08-17 12:00:00+00:00,0.017709416454500193
2025-08-17 16:00:00+00:00,-0.017718443429785416
2025-08-17 20:00:00+00:00,0.009951266903207601
2025-08-18 00:00:00+00:00,-0.010434127678701508
2025-08-18 04:00:00+00:00,-0.011462137470607824
2025-08-18 08:00:00+00:00,-0.010055258233362108
2025-08-18 12:00:00+00:00,0.01883317562385314
2025-08-18 16:00:00+00:00,0.004470014498723751
2025-08-18 20:00:00+00:00,-0.002765112130870005
2025-08-19 00:00:00+00:00,-0.015661663806008818
2025-08-19 04:00:00+00:00,2.9037521270724488e-05
2025-08-19 08:00:00+00:00,0.005242554418884414
2025-08-19 12:00:00+00:00,-0.009486343450258936
2025-08-19 16:00:00+00:00,-0.0030043538552426267
2025-08-19 20:00:00+00:00,0.00028536790704527496
2025-08-20 00:00:00+00:00,0.005145627471651569
2025-08-20 04:00:00+00:00,-0.010276436252658883
2025-08-20 08:00:00+00:00,-0.004940819645766026
2025-08-20 12:00:00+00:00,0.02994023073243457
2025-08-20 16:00:00+00:00,0.0008715983241108557
2025-08-20 20:00:00+00:00,0.004294529922605994
2025-08-21 00:00:00+00:00,-0.005503594133007604
2025-08-21 04:00:00+00:00,-0.008491876568568313
2025-08-21 08:00:00+00:00,0.00054729594402536
2025-08-21 12:00:00+00:00,-0.0021982966815616853
2025-08-21 16:00:00+00:00,0.0007303125587504679
2025-08-21 20:00:00+00:00,0.0027559248864611474
2025-08-22 00:00:00+00:00,0.00682593691139497
2025-08-22 04:00:00+00:00,0.0024954692531258043
2025-08-22 08:00:00+00:00,-0.009529538666373294
2025-08-22 12:00:00+00:00,0.03761332496508541
2025-08-22 16:00:00+00:00,0.031125256600038308
2025-08-22 20:00:00+00:00,-0.005810058968496733
2025-08-23 00:00:00+00:00,-0.002469699994953947
2025-08-23 04:00:00+00:00,-0.005595009235135872
2025-08-23 08:00:00+00:00,0.005250291660918972
2025-08-23 12:00:00+00:00,0.009860056323827627
2025-08-23 16:00:00+00:00,-0.0022788576278087508
2025-08-23 20:00:00+00:00,0.012764505990723074
2025-08-24 00:00:00+00:00,-0.010424149721325304
2025-08-24 04:00:00+00:00,0.0023626058040249
2025-08-24 08:00:00+00:00,-0.0012936030748095457
2025-08-24 12:00:00+00:00,0.001637907016837969
2025-08-24 16:00:00+00:00,-0.006739425884247829
2025-08-24 20:00:00+00:00,0.003320980927833705
2025-08-25 00:00:00+00:00,-0.0053300330750802654
2025-08-25 04:00:00+00:00,-0.034976318305804034
2025-08-25 08:00:00+00:00,0.004147140596387125
2025-08-25 12:00:00+00:00,-0.012476761631190691
2025-08-25 16:00:00+00:00,-0.00048197971284975535
2025-08-25 20:00:00+00:00,0.008038311863662504
2025-08-26 00:00:00+00:00,0.014174508546908228
2025-08-26 04:00:00+00:00,-0.007591615582378709
2025-08-26 08:00:00+00:00,0.006243468800132135
2025-08-26 12:00:00+00:00,0.0014464413890632024
2025-08-26 16:00:00+00:00,-0.010611797637823762
2025-08-26 20:00:00+00:00,0.00026665592468100296
2025-08-27 00:00:00+00:00,-0.0011571283995904795
2025-08-27 04:00:00+00:00,-0.0006694537175193863
2025-08-27 08:00:00+00:00,0.006472259863762587
2025-08-27 12:00:00+00:00,-0.00514016198164371
2025-08-27 16:00:00+00:00,-0.0036420918994505952
2025-08-27 20:00:00+00:00,-0.004764383065639312
2025-08-28 00:00:00+00:00,0.004384164980945869
2025-08-28 04:00:00+00:00,0.010865280325744986
2025-08-28 08:00:00+00:00,-0.009597885732220469
2025-08-28 12:00:00+00:00,0.007379107774555282
2025-08-28 16:00:00+00:00,0.0018241451627941437
2025-08-28 20:00:00+00:00,-0.0052831779516045365
2025-08-29 00:00:00+00:00,-0.008580782217685103
2025-08-29 04:00:00+00:00,0.0075678184779951925
2025-08-29 08:00:00+00:00,0.010104661789661651
2025-08-29 12:00:00+00:00,-0.0009254371849735099
2025-08-29 16:00:00+00:00,-0.007516186649336488
2025-08-29 20:00:00+00:00,-0.0014122655128668612
2025-08-30 00:00:00+00:00,-0.013650400370830275
2025-08-30 04:00:00+00:00,-0.004067724458437039
2025-08-30 08:00:00+00:00,0.006998573508891527
2025-08-30 12:00:00+00:00,-0.005054282533444798
2025-08-30 16:00:00+00:00,0.0027313307183802543
2025-08-30 20:00:00+00:00,0.0033195492922717396
2025-08-31 00:00:00+00:00,-0.007196867535983432
2025-08-31 04:00:00+00:00,0.006125423577957844
2025-08-31 08:00:00+00:00,0.0026673383536784502
2025-08-31 12:00:00+00:00,-0.0010459196814417869
2025-08-31 16:00:00+00:00,0.007384867246261795
2025-08-31 20:00:00+00:00,0.002930476324831765
2025-09-01 00:00:00+00:00,0.0021936553993849636
2025-09-01 04:00:00+00:00,-0.01069579107622318
2025-09-01 08:00:00+00:00,0.000950645452216215
2025-09-01 12:00:00+00:00,0.0028573778522193788
2025-09-01 16:00:00+00:00,0.0036294128614080996
2025-09-01 20:00:00+00:00,0.005201883891293702
2025-09-02 00:00:00+00:00,-0.008182746588534818
2025-09-02 04:00:00+00:00,0.00733132717285674
2025-09-02 08:00:00+00:00,0.002914531369667529
2025-09-02 12:00:00+00:00,0.00031440523061911866
2025-09-02 16:00:00+00:00,-0.002266624616438028
2025-09-02 20:00:00+00:00,-0.006489995964136863
2025-09-03 00:00:00+00:00,-0.00216913144077886
2025-09-03 04:00:00+00:00,0.0031321597559186734
2025-09-03 08:00:00+00:00,0.005537968467730759
2025-09-03 12:00:00+00:00,-7.848595979220263e-06
2025-09-03 16:00:00+00:00,-0.000903148436280144
2025-09-03 20:00:00+00:00,-0.001766810315312185
2025-09-04 00:00:00+00:00,-0.0018046340776230367
2025-09-04 04:00:00+00:00,0.003414272790047558
2025-09-04 08:00:00+00:00,0.005939868036649856
2025-09-04 12:00:00+00:00,-0.004101944821766113
2025-09-04 16:00:00+00:00,0.0016245121361519782
2025-09-04 20:00:00+00:00,-0.004852880265775085
2025-09-05 00:00:00+00:00,-0.0026790563142836915
2025-09-05 04:00:00+00:00,-0.0011695668913953134
2025-09-05 08:00:00+00:00,0.0015623518408531608
2025-09-05 12:00:00+00:00,-0.006577483813761331
2025-09-05 16:00:00+00:00,-0.0016495098977733942
2025-09-05 20:00:00+00:00,-0.004808069498175027
2025-09-06 00:00:00+00:00,0.001455292783778517
2025-09-06 04:00:00+00:00,0.007888501808692161
2025-09-06 08:00:00+00:00,-0.0030659559650024096
2025-09-06 12:00:00+00:00,-0.0014892755991172016
2025-09-06 16:00:00+00:00,-0.0009146982609877564
2025-09-06 20:00:00+00:00,-0.012805870146918431
2025-09-07 00:00:00+00:00,-0.006821341601028765
2025-09-07 04:00:00+00:00,-8.52721864826214e-05
2025-09-07 08:00:00+00:00,-0.0008423322342720351
2025-09-07 12:00:00+00:00,0.005209499200252865
2025-09-07 16:00:00+00:00,0.005443163671393681
2025-09-07 20:00:00+00:00,-0.0031095693175137384
2025-09-08 00:00:00+00:00,-0.0004729357880178366
2025-09-08 04:00:00+00:00,0.002444158913948536
2025-09-08 08:00:00+00:00,-0.011067035270501437
2025-09-08 12:00:00+00:00,0.03190214415852373
2025-09-08 16:00:00+00:00,0.02395577446850925
2025-09-08 20:00:00+00:00,-0.007208025581719269
2025-09-09 00:00:00+00:00,0.03660257566985284
2025-09-09 04:00:00+00:00,-0.011181255828726266
2025-09-09 08:00:00+00:00,0.014961034598540835
2025-09-09 12:00:00+00:00,-0.0048593377790988185
2025-09-09 16:00:00+00:00,-0.004339082734779876
2025-09-09 20:00:00+00:00,0.013733641805544485
2025-09-10 00:00:00+00:00,-0.003440983805465647
2025-09-10 04:00:00+00:00,-0.00451670591668807
2025-09-10 08:00:00+00:00,0.004047461519359465
2025-09-10 12:00:00+00:00,-0.009934632538187162
2025-09-10 16:00:00+00:00,0.003977904574235012
2025-09-10 20:00:00+00:00,0.005893412745559612
2025-09-11 00:00:00+00:00,-0.017082990923951335
2025-09-11 04:00:00+00:00,-0.011689802547859895
2025-09-11 08:00:00+00:00,-0.0017155234886833788
2025-09-11 12:00:00+00:00,-0.006299167460307255
2025-09-11 16:00:00+00:00,0.002130826510456085
2025-09-11 20:00:00+00:00,-0.001876762057895264
2025-09-12 00:00:00+00:00,-0.0023279039261635327
2025-09-12 04:00:00+00:00,0.004612740854727337
2025-09-12 08:00:00+00:00,-0.008361135526256214
2025-09-12 12:00:00+00:00,0.0025507555718501836
2025-09-12 16:00:00+00:00,0.008831558656556961
2025-09-12 20:00:00+00:00,-0.003963946444134403
2025-09-13 00:00:00+00:00,-0.000627773064706783
2025-09-13 04:00:00+00:00,0.0068997264731561975
2025-09-13 08:00:00+00:00,0.005611345391974277
2025-09-13 12:00:00+00:00,0.005081761705644916
2025-09-13 16:00:00+00:00,-0.0036139790483069815
2025-09-13 20:00:00+00:00,0.015733013667186713
2025-09-14 00:00:00+00:00,0.015354077471447016
2025-09-14 04:00:00+00:00,0.014291331315931636
2025-09-14 08:00:00+00:00,-0.011866390764323186
2025-09-14 12:00:00+00:00,-0.011043729126050894
2025-09-14 16:00:00+00:00,0.002646547491549001
2025-09-14 20:00:00+00:00,-0.01084352050462891
2025-09-15 00:00:00+00:00,0.002916001351461084
2025-09-15 04:00:00+00:00,-0.017304298199972548
2025-09-15 08:00:00+00:00,0.013023552464074495
2025-09-15 12:00:00+00:00,-0.015015767328290044
2025-09-15 16:00:00+00:00,0.0021109496310017135
2025-09-15 20:00:00+00:00,-0.00015251445060628826
2025-09-16 00:00:00+00:00,0.008286479442921513
2025-09-16 04:00:00+00:00,0.003138509232436704
2025-09-16 08:00:00+00:00,0.0017756562907876188
2025-09-16 12:00:00+00:00,0.003422884331754416
2025-09-16 16:00:00+00:00,-0.012265187319050066
2025-09-16 20:00:00+00:00,0.003508971780098147
2025-09-17 00:00:00+00:00,-0.0065251898404475655
2025-09-17 04:00:00+00:00,0.0009078248772159004
2025-09-17 08:00:00+00:00,-0.0007296213808514416
2025-09-17 12:00:00+00:00,-0.002539890035549553
2025-09-17 16:00:00+00:00,-0.003048501504557487
2025-09-17 20:00:00+00:00,0.001124416732262112
2025-09-18 00:00:00+00:00,-0.009494948379208812
2025-09-18 04:00:00+00:00,0.0005519393957297732
2025-09-18 08:00:00+00:00,-0.0006630812757203669
2025-09-18 12:00:00+00:00,0.0016660543358376183
2025-09-18 16:00:00+00:00,-0.003543288218901576
2025-09-18 20:00:00+00:00,-0.006676610054424081
2025-09-19 00:00:00+00:00,0.0003064602740108233
2025-09-19 04:00:00+00:00,-0.0036502786685534533
2025-09-19 08:00:00+00:00,0.0017861001917504062
2025-09-19 12:00:00+00:00,0.004620334003706894
2025-09-19 16:00:00+00:00,0.006826143847309595
2025-09-19 20:00:00+00:00,-0.002666387829131401
2025-09-20 00:00:00+00:00,-0.0058858763687457795
2025-09-20 04:00:00+00:00,0.0074821597694953125
2025-09-20 08:00:00+00:00,0.001275371415046368
2025-09-20 12:00:00+00:00,0.0048460973091840175
2025-09-20 16:00:00+00:00,0.0003095106298113269
2025-09-20 20:00:00+00:00,0.0011570659406084927
2025-09-21 00:00:00+00:00,0.0034866608779886565
2025-09-21 04:00:00+00:00,-0.002388099735917515
2025-09-21 08:00:00+00:00,-0.002143834112025988
2025-09-21 12:00:00+00:00,0.003671716854409524
2025-09-21 16:00:00+00:00,0.0014051832971589515
2025-09-21 20:00:00+00:00,0.0025269805755982373
2025-09-22 00:00:00+00:00,-0.0016711072581834857
2025-09-22 04:00:00+00:00,-0.0007505510889363326
2025-09-22 08:00:00+00:00,0.00514413183928817
2025-09-22 12:00:00+00:00,-0.0005249635437914128
2025-09-22 16:00:00+00:00,0.006107606101796548
2025-09-22 20:00:00+00:00,-0.00026318855472000705
2025-09-23 00:00:00+00:00,-0.005373663872623791
2025-09-23 04:00:00+00:00,0.008061830646008317
2025-09-23 08:00:00+00:00,-0.002547622373546332
2025-09-23 12:00:00+00:00,0.001091896323457386
2025-09-23 16:00:00+00:00,-0.010546341454906984
2025-09-23 20:00:00+00:00,-0.0016131037233256592
2025-09-24 00:00:00+00:00,0.0002078983144039731
2025-09-24 04:00:00+00:00,-3.785372870370764e-05
2025-09-24 08:00:00+00:00,-0.0048567507354562375
2025-09-24 12:00:00+00:00,0.00993966470021741
2025-09-24 16:00:00+00:00,-0.0013912810589446153
2025-09-24 20:00:00+00:00,0.000728920573736325
2025-09-25 00:00:00+00:00,0.003761167742367056
2025-09-25 04:00:00+00:00,0.004355844317123259
2025-09-25 08:00:00+00:00,0.008281517712006426
2025-09-25 12:00:00+00:00,-0.008596947711137481
2025-09-25 16:00:00+00:00,-0.006008740543924529
2025-09-25 20:00:00+00:00,-0.007332253567071279
2025-09-26 00:00:00+00:00,-0.009913045067111726
2025-09-26 04:00:00+00:00,0.01130204189501929
2025-09-26 08:00:00+00:00,-0.003827292506995761
2025-09-26 12:00:00+00:00,-0.008472309379614051
2025-09-26 16:00:00+00:00,-0.01222420642858366
2025-09-26 20:00:00+00:00,0.002853010753342189
2025-09-27 00:00:00+00:00,-0.004272698686282261
2025-09-27 04:00:00+00:00,0.0026335391811825436
2025-09-27 08:00:00+00:00,-0.0014739346771069028
2025-09-27 12:00:00+00:00,-0.004139481427963744
2025-09-27 16:00:00+00:00,0.004336023508972375
2025-09-27 20:00:00+00:00,-0.00015141879229065838
2025-09-28 00:00:00+00:00,0.006751684529336345
2025-09-28 04:00:00+00:00,0.007110574317180008
2025-09-28 08:00:00+00:00,0.00881938547226835
2025-09-28 12:00:00+00:00,-0.0030207568289296383
2025-09-28 16:00:00+00:00,-0.003331827287899404
2025-09-28 20:00:00+00:00,-0.0043775574201541535
2025-09-29 00:00:00+00:00,0.021008995739843807
2025-09-29 04:00:00+00:00,0.008782527515421657
2025-09-29 08:00:00+00:00,0.017860153051433916
2025-09-29 12:00:00+00:00,-0.003037659285065053
2025-09-29 16:00:00+00:00,0.0044694786517231804
2025-09-29 20:00:00+00:00,0.012261121493131034
2025-09-30 00:00:00+00:00,-0.00162130351715788
2025-09-30 04:00:00+00:00,-0.003528012222300214
2025-09-30 08:00:00+00:00,-0.010201074642529041
2025-09-30 12:00:00+00:00,0.03075877429097882
2025-09-30 16:00:00+00:00,-0.00641650840708885
2025-09-30 20:00:00+00:00,-0.008511624754452975
2025-10-01 00:00:00+00:00,0.013166805624518354
2025-10-01 04:00:00+00:00,0.03264355914917676
2025-10-01 08:00:00+00:00,-0.003824454755710513
2025-10-01 12:00:00+00:00,-0.007998431860651568
2025-10-01 16:00:00+00:00,0.051278051641545336
2025-10-01 20:00:00+00:00,0.003512571370998208
2025-10-02 00:00:00+00:00,-0.005703271372535835
2025-10-02 04:00:00+00:00,0.03039972879662001
2025-10-02 08:00:00+00:00,0.013677777212438102
2025-10-02 12:00:00+00:00,-0.008808240846844284
2025-10-02 16:00:00+00:00,-0.018932054894159903
2025-10-02 20:00:00+00:00,0.004205285133978554
2025-10-03 00:00:00+00:00,0.0006237651722971419
2025-10-03 04:00:00+00:00,0.030869159696013115
2025-10-03 08:00:00+00:00,0.01800139013900877
2025-10-03 12:00:00+00:00,-0.0027163999144125487
2025-10-03 16:00:00+00:00,-0.00825603133099304
2025-10-03 20:00:00+00:00,-0.010248035733797312
2025-10-04 00:00:00+00:00,0.010747941776039438
2025-10-04 04:00:00+00:00,0.007611943446263881
2025-10-04 08:00:00+00:00,0.017888089754526607
2025-10-04 12:00:00+00:00,0.010717907369580115
2025-10-04 16:00:00+00:00,0.03598593652307365
2025-10-04 20:00:00+00:00,-0.014250959209701765
2025-10-05 00:00:00+00:00,-0.0038154092780504183
2025-10-05 04:00:00+00:00,-0.01078137593786388
2025-10-05 08:00:00+00:00,-0.017559291966717665
2025-10-05 12:00:00+00:00,0.00013995696448865311
2025-10-05 16:00:00+00:00,0.038969901480021156
2025-10-05 20:00:00+00:00,0.005906571160439068
2025-10-06 00:00:00+00:00,-0.010711516925410303
2025-10-06 04:00:00+00:00,-0.0013817093902605878
2025-10-06 08:00:00+00:00,0.016666397670926217
2025-10-06 12:00:00+00:00,-0.03234395615144854
2025-10-06 16:00:00+00:00,-0.007846026781833238
2025-10-06 20:00:00+00:00,-0.0032656618424139463
2025-10-07 00:00:00+00:00,-0.008375744581443478
2025-10-07 04:00:00+00:00,0.01903067473344222
2025-10-07 08:00:00+00:00,0.01025193889977556
2025-10-07 12:00:00+00:00,0.0140270028704933
2025-10-07 16:00:00+00:00,-0.003877654073167181
2025-10-07 20:00:00+00:00,0.002039625189924177
2025-10-08 00:00:00+00:00,0.011809711674061998
2025-10-08 04:00:00+00:00,0.009053672817693315
2025-10-08 08:00:00+00:00,0.01460235219385211
2025-10-08 12:00:00+00:00,0.03725579083211464
2025-10-08 16:00:00+00:00,-0.01699382437352768
2025-10-08 20:00:00+00:00,0.0032151672777855247
2025-10-09 00:00:00+00:00,-0.0007834547449631513
2025-10-09 04:00:00+00:00,0.027954112946429285
2025-10-09 08:00:00+00:00,0.014962207003465023
2025-10-09 12:00:00+00:00,-0.0035288344054692053
2025-10-09 16:00:00+00:00,0.023873875631900802
2025-10-09 20:00:00+00:00,-0.0014428609471590862
2025-10-10 00:00:00+00:00,-0.017222035508930218
2025-10-10 04:00:00+00:00,0.004707273260309621
2025-10-10 08:00:00+00:00,-0.016210233598750536
2025-10-10 12:00:00+00:00,0.011757827420767475
2025-10-10 16:00:00+00:00,0.026079775401791228
2025-10-10 20:00:00+00:00,0.12694151364793108
2025-10-11 00:00:00+00:00,-0.041677006857626826
2025-10-11 04:00:00+00:00,0.024442500868410977
2025-10-11 08:00:00+00:00,-0.015983702449999585
2025-10-11 12:00:00+00:00,0.006577715877133161
2025-10-11 16:00:00+00:00,0.05555705431787241
2025-10-11 20:00:00+00:00,-0.0025357625968189133
2025-10-12 00:00:00+00:00,-0.009739699748342634
2025-10-12 04:00:00+00:00,0.013653941577577735
2025-10-12 08:00:00+00:00,0.005694708326797038
2025-10-12 12:00:00+00:00,-0.06559204698400994
2025-10-12 16:00:00+00:00,-0.020751890509238938
2025-10-12 20:00:00+00:00,0.019387121899952866
2025-10-13 00:00:00+00:00,0.01460283706436958
2025-10-13 04:00:00+00:00,-0.007739098520978694
2025-10-13 08:00:00+00:00,-0.018543189609238907
2025-10-13 12:00:00+00:00,-0.02531049270870107
2025-10-13 16:00:00+00:00,-0.004371036400203021
2025-10-13 20:00:00+00:00,-0.010722387534545044
2025-10-14 00:00:00+00:00,0.009752213234592522
2025-10-14 04:00:00+00:00,0.012456023124548854
2025-10-14 08:00:00+00:00,-0.00635203724038067
2025-10-14 12:00:00+00:00,0.013449254047770245
2025-10-14 16:00:00+00:00,-0.01254901735287144
2025-10-14 20:00:00+00:00,0.00920420047756627
2025-10-15 00:00:00+00:00,0.012066780376759434
2025-10-15 04:00:00+00:00,-0.003473640669633961
2025-10-15 08:00:00+00:00,0.011933839865879994
2025-10-15 12:00:00+00:00,0.0061356181768754455
2025-10-15 16:00:00+00:00,-0.004613289835274514
2025-10-15 20:00:00+00:00,-0.007214078309727312
2025-10-16 00:00:00+00:00,0.0049130395682724926
2025-10-16 04:00:00+00:00,0.0019776294319963977
2025-10-16 08:00:00+00:00,-0.012987558273505308
2025-10-16 12:00:00+00:00,0.007660588444989803
2025-10-16 16:00:00+00:00,0.0025990607434078763
2025-10-16 20:00:00+00:00,-0.011029516582758992
2025-10-17 00:00:00+00:00,0.007524069203209382
2025-10-17 04:00:00+00:00,0.009754626588392393
2025-10-17 08:00:00+00:00,-0.0024298564370984327
2025-10-17 12:00:00+00:00,-0.005619721965606338
2025-10-17 16:00:00+00:00,0.002272085914136413
2025-10-17 20:00:00+00:00,0.0049763184971864495
2025-10-18 00:00:00+00:00,-0.00650815426684046
2025-10-18 04:00:00+00:00,0.009644737263065962
2025-10-18 08:00:00+00:00,0.005299067326579743
2025-10-18 12:00:00+00:00,-0.003820589619467296
2025-10-18 16:00:00+00:00,0.003378441624697648
2025-10-18 20:00:00+00:00,-0.004881049767074175
2025-10-19 00:00:00+00:00,0.00354684822006437
2025-10-19 04:00:00+00:00,-0.0022520190352165017
2025-10-19 08:00:00+00:00,-0.01909414216060379
2025-10-19 12:00:00+00:00,-0.0025699768731025424
2025-10-19 16:00:00+00:00,0.0076194024658514
2025-10-19 20:00:00+00:00,0.009015308260085743
2025-10-20 00:00:00+00:00,-0.00424119801568339
2025-10-20 04:00:00+00:00,-0.004831824422735309
2025-10-20 08:00:00+00:00,0.01135285964824735
2025-10-20 12:00:00+00:00,0.007522992467049728
2025-10-20 16:00:00+00:00,0.008589811514629297
2025-10-20 20:00:00+00:00,-0.0023366287463137962
2025-10-21 00:00:00+00:00,0.006177382769888972
2025-10-21 04:00:00+00:00,-0.0028774209781253337
2025-10-21 08:00:00+00:00,0.021105692470588733
2025-10-21 12:00:00+00:00,-0.023378939003374906
2025-10-21 16:00:00+00:00,-0.00656498988708998
2025-10-21 20:00:00+00:00,0.011152647020420738
2025-10-22 00:00:00+00:00,0.00752818741935104
2025-10-22 04:00:00+00:00,0.01965813590799903
2025-10-22 08:00:00+00:00,-0.004776111246143655
2025-10-22 12:00:00+00:00,-0.00860205899913804
2025-10-22 16:00:00+00:00,-1.5053021641110026e-05
2025-10-22 20:00:00+00:00,0.005872815905893326
2025-10-23 00:00:00+00:00,0.008246164889072394
2025-10-23 04:00:00+00:00,-0.005091081638800365
2025-10-23 08:00:00+00:00,-0.001324131698227982
2025-10-23 12:00:00+00:00,-0.005136626616423955
2025-10-23 16:00:00+00:00,-0.004862067231913847
2025-10-23 20:00:00+00:00,0.00519551727055716
2025-10-24 00:00:00+00:00,0.019318041682545452
2025-10-24 04:00:00+00:00,-0.014202866666183447
2025-10-24 08:00:00+00:00,0.008599584926290515
2025-10-24 12:00:00+00:00,-0.0034364114054949548
2025-10-24 16:00:00+00:00,-0.007245983270428713
2025-10-24 20:00:00+00:00,0.0045049156664147775
2025-10-25 00:00:00+00:00,0.0060090984678886645
2025-10-25 04:00:00+00:00,0.010601542563987132
2025-10-25 08:00:00+00:00,0.0004224260146924011
2025-10-25 12:00:00+00:00,-0.007085820594138158
2025-10-25 16:00:00+00:00,-0.002828350322935203
2025-10-25 20:00:00+00:00,0.005566194449264117
2025-10-26 00:00:00+00:00,0.019701444239002573
2025-10-26 04:00:00+00:00,-0.0031723407655412476
2025-10-26 08:00:00+00:00,-0.014328090541976653
2025-10-26 12:00:00+00:00,0.0018815366283595036
2025-10-26 16:00:00+00:00,0.0011512144682255697
2025-10-26 20:00:00+00:00,-0.0011275691451489325
2025-10-27 00:00:00+00:00,0.0008919911418556304
2025-10-27 04:00:00+00:00,0.0007802738792602957
2025-10-27 08:00:00+00:00,0.004650930868833948
2025-10-27 12:00:00+00:00,0.014636766892196796
2025-10-27 16:00:00+00:00,-0.010431167129041042
2025-10-27 20:00:00+00:00,0.003222675444955381
2025-10-28 00:00:00+00:00,0.0013453958537536625
2025-10-28 04:00:00+00:00,-0.0030766416133578118
2025-10-28 08:00:00+00:00,-0.008511854076390457
2025-10-28 12:00:00+00:00,-0.0032593717366079084
2025-10-28 16:00:00+00:00,0.0008964286791130352
2025-10-28 20:00:00+00:00,0.0054359688966240105
2025-10-29 00:00:00+00:00,0.005740916957546638
2025-10-29 04:00:00+00:00,0.00015098302628429173
2025-10-29 08:00:00+00:00,0.0043515851673648475
2025-10-29 12:00:00+00:00,0.0062474246923279984
2025-10-29 16:00:00+00:00,-0.013887586079015767
2025-10-29 20:00:00+00:00,0.009191289242804525
2025-10-30 00:00:00+00:00,0.0039295663315065624
2025-10-30 04:00:00+00:00,0.005977854191501675
2025-10-30 08:00:00+00:00,0.01337718134721122
2025-10-30 12:00:00+00:00,0.014188172023219335
2025-10-30 16:00:00+00:00,0.0062700190332480865
2025-10-30 20:00:00+00:00,0.003580708449693184
2025-10-31 00:00:00+00:00,0.007066987377237276
2025-10-31 04:00:00+00:00,0.01366921530778904
2025-10-31 08:00:00+00:00,-0.0006705685058736345
2025-10-31 12:00:00+00:00,0.012040807417637467
2025-10-31 16:00:00+00:00,0.0006481124789926349
2025-10-31 20:00:00+00:00,0.01612845222951389
2025-11-01 00:00:00+00:00,0.007270759350172495
2025-11-01 04:00:00+00:00,-0.00680823826263348
2025-11-01 08:00:00+00:00,-0.009324442079192653
2025-11-01 12:00:00+00:00,-0.009187570460559447
2025-11-01 16:00:00+00:00,-0.0029848350182047905
2025-11-01 20:00:00+00:00,-0.0016817504216194877
2025-11-02 00:00:00+00:00,0.011004624989137925
2025-11-02 04:00:00+00:00,-0.0009203326220404332
2025-11-02 08:00:00+00:00,0.0017907244716022462
2025-11-02 12:00:00+00:00,-0.011304023114151773
2025-11-02 16:00:00+00:00,0.017490817197954513
2025-11-02 20:00:00+00:00,0.004610732587027535
2025-11-03 00:00:00+00:00,0.0019508546859578584
2025-11-03 04:00:00+00:00,0.003909043311619231
2025-11-03 08:00:00+00:00,0.006082416231352728
2025-11-03 12:00:00+00:00,0.023203823975228462
2025-11-03 16:00:00+00:00,0.007992107000609818
2025-11-03 20:00:00+00:00,0.007141675459136533
2025-11-04 00:00:00+00:00,0.011312948034180436
2025-11-04 04:00:00+00:00,0.014765218108367817
2025-11-04 08:00:00+00:00,-0.054059507316483305
2025-11-04 12:00:00+00:00,0.0031679951861347967
2025-11-04 16:00:00+00:00,0.013758876581769715
2025-11-04 20:00:00+00:00,0.0008944411569573839
2025-11-05 00:00:00+00:00,-0.015035577248284436
2025-11-05 04:00:00+00:00,0.012237807822423608
2025-11-05 08:00:00+00:00,0.010599364883965647
2025-11-05 12:00:00+00:00,0.004487478905462038
2025-11-05 16:00:00+00:00,0.0041716441582803744
2025-11-05 20:00:00+00:00,-0.008843579148774783
2025-11-06 00:00:00+00:00,0.008535896084800387
2025-11-06 04:00:00+00:00,0.03179117654482792
2025-11-06 08:00:00+00:00,0.006598248908307137
2025-11-06 12:00:00+00:00,-0.0005120379939295393
2025-11-06 16:00:00+00:00,-0.0035143139766517836
2025-11-06 20:00:00+00:00,0.0026521285300708194
2025-11-07 00:00:00+00:00,0.0034581264176480418
2025-11-07 04:00:00+00:00,-0.0052330023982011045
2025-11-07 08:00:00+00:00,0.008453261193272187
2025-11-07 12:00:00+00:00,-0.018738373094936644
2025-11-07 16:00:00+00:00,-0.028960550587733648
2025-11-07 20:00:00+00:00,-0.0077911298092864685
2025-11-08 00:00:00+00:00,-0.021155978398739863
2025-11-08 04:00:00+00:00,-0.004210909302111254
2025-11-08 08:00:00+00:00,0.017080181120352197
2025-11-08 12:00:00+00:00,-0.0053987510787179005
2025-11-08 16:00:00+00:00,0.029146009159264175
2025-11-08 20:00:00+00:00,0.004349249222823959
2025-11-09 00:00:00+00:00,0.02235943192177013
2025-11-09 04:00:00+00:00,-0.002434951035700638
2025-11-09 08:00:00+00:00,0.0418927599823477
2025-11-09 12:00:00+00:00,-0.0008611538598209695
2025-11-09 16:00:00+00:00,0.0006659795956414546
2025-11-09 20:00:00+00:00,-0.012502375552640199
2025-11-10 00:00:00+00:00,0.002573749007490767
2025-11-10 04:00:00+00:00,0.005345721411878235
2025-11-10 08:00:00+00:00,-0.015663249373153467
2025-11-10 12:00:00+00:00,-0.012890861597320492
2025-11-10 16:00:00+00:00,-0.00937879237955408
2025-11-10 20:00:00+00:00,0.03338676758441565
2025-11-11 00:00:00+00:00,-0.005916079430707777
2025-11-11 04:00:00+00:00,-0.02843030360640364
2025-11-11 08:00:00+00:00,0.0053713546994071945
2025-11-11 12:00:00+00:00,0.03636167126929357
2025-11-11 16:00:00+00:00,-0.011301184329522986
2025-11-11 20:00:00+00:00,-0.0246503192895706
2025-11-12 00:00:00+00:00,0.023779661122476696
2025-11-12 04:00:00+00:00,-0.0074021735551473185
2025-11-12 08:00:00+00:00,-0.0017882810016873955
2025-11-12 12:00:00+00:00,-0.017219536681502404
2025-11-12 16:00:00+00:00,0.021168736175729033
2025-11-12 20:00:00+00:00,0.012010091885088593
2025-11-13 00:00:00+00:00,0.011799257518759057
2025-11-13 04:00:00+00:00,-0.014982803251635372
2025-11-13 08:00:00+00:00,-0.0042531893146099614
2025-11-13 12:00:00+00:00,0.005984994125186049
2025-11-13 16:00:00+00:00,0.03722729587613011
2025-11-13 20:00:00+00:00,0.01101345083487746
2025-11-14 00:00:00+00:00,-0.005136710180041715
2025-11-14 04:00:00+00:00,0.0008418388289988196
2025-11-14 08:00:00+00:00,0.010237721486001395
2025-11-14 12:00:00+00:00,0.03220921771229144
2025-11-14 16:00:00+00:00,-0.00688764043209973
2025-11-14 20:00:00+00:00,0.020254876162642325
2025-11-15 00:00:00+00:00,0.03716602208893045
2025-11-15 04:00:00+00:00,0.00827040280254876
2025-11-15 08:00:00+00:00,-0.010298628801929511
2025-11-15 12:00:00+00:00,0.008508687581758224
2025-11-15 16:00:00+00:00,-0.010035182964557278
2025-11-15 20:00:00+00:00,0.00010444038217354262
2025-11-16 00:00:00+00:00,0.01079142251955396
2025-11-16 04:00:00+00:00,0.006918588263385938
2025-11-16 08:00:00+00:00,0.01793563354955099
2025-11-16 12:00:00+00:00,-0.013146639385670712
2025-11-16 16:00:00+00:00,-0.014740994598095638
2025-11-16 20:00:00+00:00,0.010257849914861407
2025-11-17 00:00:00+00:00,-0.011986533652642288
2025-11-17 04:00:00+00:00,0.005898541886624086
2025-11-17 08:00:00+00:00,0.004814441172243433
2025-11-17 12:00:00+00:00,0.017166552563381333
2025-11-17 16:00:00+00:00,-0.006764128189037067
2025-11-17 20:00:00+00:00,-0.0016286279251519035
2025-11-18 00:00:00+00:00,-0.0012034306051434294
2025-11-18 04:00:00+00:00,-0.02909276342601308
2025-11-18 08:00:00+00:00,-0.01556786094731917
2025-11-18 12:00:00+00:00,0.005294500159295624
2025-11-18 16:00:00+00:00,0.011319133069366338
2025-11-18 20:00:00+00:00,-0.004838565401461791
2025-11-19 00:00:00+00:00,-0.01003768522705455
2025-11-19 04:00:00+00:00,-0.01985684246580155
2025-11-19 08:00:00+00:00,0.022105077218744114
2025-11-19 12:00:00+00:00,0.0033878191899055846
2025-11-19 16:00:00+00:00,0.009102835184503544
2025-11-19 20:00:00+00:00,0.007021795409362498
2025-11-20 00:00:00+00:00,0.0013035770273722947
2025-11-20 04:00:00+00:00,-0.009833091487869105
2025-11-20 08:00:00+00:00,0.0009521730061529791
2025-11-20 12:00:00+00:00,0.0085489632393291
2025-11-20 16:00:00+00:00,0.010033495681945094
2025-11-20 20:00:00+00:00,-0.014906523339299517
2025-11-21 00:00:00+00:00,0.006640735904851681
2025-11-21 04:00:00+00:00,0.020645512234219912
2025-11-21 08:00:00+00:00,-0.008847294766497862
2025-11-21 12:00:00+00:00,-0.0011295982586628128
2025-11-21 16:00:00+00:00,-0.018092801792074245
2025-11-21 20:00:00+00:00,-0.01290736630996483
2025-11-22 00:00:00+00:00,0.00230362306953631
2025-11-22 04:00:00+00:00,-0.007647097729980046
2025-11-22 08:00:00+00:00,-0.002805915970567452
2025-11-22 12:00:00+00:00,0.014217184259317705
2025-11-22 16:00:00+00:00,-0.014714739646830989
2025-11-22 20:00:00+00:00,0.010303139025614262
2025-11-23 00:00:00+00:00,0.029851269721159434
2025-11-23 04:00:00+00:00,0.00874613653041072
2025-11-23 08:00:00+00:00,-0.00727814669372442
2025-11-23 12:00:00+00:00,0.0024053598292127732
2025-11-23 16:00:00+00:00,0.008707201621027318
2025-11-23 20:00:00+00:00,-0.00500388895770172
2025-11-24 00:00:00+00:00,-0.01070818072332389
2025-11-24 04:00:00+00:00,-0.012953468933978883
2025-11-24 08:00:00+00:00,0.003540294337844485
2025-11-24 12:00:00+00:00,-0.00816082611443061
2025-11-24 16:00:00+00:00,-0.029280643498905985
2025-11-24 20:00:00+00:00,-0.01081342167018875
2025-11-25 00:00:00+00:00,0.004452851966219541
2025-11-25 04:00:00+00:00,0.00384688930156145
2025-11-25 08:00:00+00:00,-0.0033667026864277146
2025-11-25 12:00:00+00:00,-0.004357825167487083
2025-11-25 16:00:00+00:00,-0.003202064284694916
2025-11-25 20:00:00+00:00,-0.010113848926730815
2025-11-26 00:00:00+00:00,0.011147455108871029
2025-11-26 04:00:00+00:00,0.0002245156001254413
2025-11-26 08:00:00+00:00,0.009440818123990224
2025-11-26 12:00:00+00:00,0.010483198014763183
2025-11-26 16:00:00+00:00,-0.02904271427623895
2025-11-26 20:00:00+00:00,0.013009528602380228
2025-11-27 00:00:00+00:00,-0.002058343399955897
2025-11-27 04:00:00+00:00,-0.003432243484483566
2025-11-27 08:00:00+00:00,-0.0003449661207863161
2025-11-27 12:00:00+00:00,-0.011347549311625184
2025-11-27 16:00:00+00:00,-0.0032103648787748414
2025-11-27 20:00:00+00:00,0.011735514098312062
2025-11-28 00:00:00+00:00,-0.0033870711784973256
2025-11-28 04:00:00+00:00,0.007463718486422134
2025-11-28 08:00:00+00:00,-0.008890223296863375
2025-11-28 12:00:00+00:00,-0.017132981574977047
2025-11-28 16:00:00+00:00,0.010451037210400218
2025-11-28 20:00:00+00:00,0.005279320038941894
2025-11-29 00:00:00+00:00,0.015143227715479757
2025-11-29 04:00:00+00:00,0.010943689823898707
2025-11-29 08:00:00+00:00,0.0031082294618761225
2025-11-29 12:00:00+00:00,-0.006018156556147169
2025-11-29 16:00:00+00:00,0.0015078877375003456
2025-11-29 20:00:00+00:00,-0.003740849030583271
2025-11-30 00:00:00+00:00,0.0005776497246470667
2025-11-30 04:00:00+00:00,-0.008087653692852515
2025-11-30 08:00:00+00:00,-0.0021256774755231897
2025-11-30 12:00:00+00:00,0.0044811582877499765
2025-11-30 16:00:00+00:00,0.008624635179248897
2025-11-30 20:00:00+00:00,0.031339042050241225
2025-12-01 00:00:00+00:00,0.04228947895953184
2025-12-01 04:00:00+00:00,0.005616995247607437
2025-12-01 08:00:00+00:00,0.005722799522059339
2025-12-01 12:00:00+00:00,0.0018336643472143467
2025-12-01 16:00:00+00:00,0.008094242418478092
2025-12-01 20:00:00+00:00,0.014328422250698433
2025-12-02 00:00:00+00:00,-0.012243070560224358
2025-12-02 04:00:00+00:00,-0.005071064818333259
2025-12-02 08:00:00+00:00,-0.00667014403548496
2025-12-02 12:00:00+00:00,-0.060549807584441735
2025-12-02 16:00:00+00:00,0.04071902297578274
2025-12-02 20:00:00+00:00,0.016432403054601363
2025-12-03 00:00:00+00:00,-0.012394917279140412
2025-12-03 04:00:00+00:00,-0.0329984442697074
2025-12-03 08:00:00+00:00,-0.005446564067293425
2025-12-03 12:00:00+00:00,-0.000548762591050478
2025-12-03 16:00:00+00:00,-0.02631216488059909
2025-12-03 20:00:00+00:00,0.0098278182264814
2025-12-04 00:00:00+00:00,-0.019333865896227653
2025-12-04 04:00:00+00:00,-0.009124386938851117
2025-12-04 08:00:00+00:00,0.002388631916231733
2025-12-04 12:00:00+00:00,0.0099693861218483
2025-12-04 16:00:00+00:00,-0.008426223535930677
2025-12-04 20:00:00+00:00,-0.002085491546126649
2025-12-05 00:00:00+00:00,-0.010430782370779457
2025-12-05 04:00:00+00:00,-0.0077854452423384395
2025-12-05 08:00:00+00:00,0.0304980034071795
2025-12-05 12:00:00+00:00,0.006805041666284418
2025-12-05 16:00:00+00:00,0.010248994545371228
2025-12-05 20:00:00+00:00,0.006150007047894479
2025-12-06 00:00:00+00:00,-0.007138571320364731
2025-12-06 04:00:00+00:00,-0.0005998054729872807
2025-12-06 08:00:00+00:00,0.008554611382460255
2025-12-06 12:00:00+00:00,0.007700932027618968
2025-12-06 16:00:00+00:00,0.0031881898552540205
2025-12-06 20:00:00+00:00,-0.004279155737912288
2025-12-07 00:00:00+00:00,0.0032403301516886317
2025-12-07 04:00:00+00:00,-0.003185673535246858
2025-12-07 08:00:00+00:00,-0.0037856680285372813
2025-12-07 12:00:00+00:00,-0.0026055359239819387
2025-12-07 16:00:00+00:00,0.006794222827780907
2025-12-07 20:00:00+00:00,-0.006327394813966511
2025-12-08 00:00:00+00:00,0.0007232721510772137
2025-12-08 04:00:00+00:00,-0.01689953376511144
2025-12-08 08:00:00+00:00,-0.004532326807709806
2025-12-08 12:00:00+00:00,-0.010034670847411454
2025-12-08 16:00:00+00:00,-0.004186380852356098
2025-12-08 20:00:00+00:00,-0.007141644575715444
2025-12-09 00:00:00+00:00,-0.001149569230642445
2025-12-09 04:00:00+00:00,-0.00041900409346908897
2025-12-09 08:00:00+00:00,-0.0015347094836789974
2025-12-09 12:00:00+00:00,-0.008457775065994341
2025-12-09 16:00:00+00:00,0.015117926952903728
2025-12-09 20:00:00+00:00,-0.0019322407979474278
2025-12-10 00:00:00+00:00,-0.00818220480189964
2025-12-10 04:00:00+00:00,0.0020708199625748764
2025-12-10 08:00:00+00:00,0.005906574848263781
2025-12-10 12:00:00+00:00,-6.058196181095692e-05
2025-12-10 16:00:00+00:00,0.007038232877601459
2025-12-10 20:00:00+00:00,0.007277372640401802
2025-12-11 00:00:00+00:00,-0.004995224011147868
2025-12-11 04:00:00+00:00,-0.012049549766763468
2025-12-11 08:00:00+00:00,-0.010484024049767714
2025-12-11 12:00:00+00:00,-0.005344299167141121
2025-12-11 16:00:00+00:00,-0.00014013568707404913
2025-12-11 20:00:00+00:00,0.0203903897369625
2025-12-12 00:00:00+00:00,-0.0022567559208658714
2025-12-12 04:00:00+00:00,0.003999874722895247
2025-12-12 08:00:00+00:00,-0.0006690645895537132
2025-12-12 12:00:00+00:00,-0.010021069926418758
2025-12-12 16:00:00+00:00,-0.002626284219500175
2025-12-12 20:00:00+00:00,-0.006836223909650175
2025-12-13 00:00:00+00:00,0.0018279513797282657
2025-12-13 04:00:00+00:00,0.0022475897544260047
2025-12-13 08:00:00+00:00,0.001931244234084084
2025-12-13 12:00:00+00:00,-0.0026477760367282777
2025-12-13 16:00:00+00:00,-0.0005336935430802824
2025-12-13 20:00:00+00:00,-0.0017172986928356113
2025-12-14 00:00:00+00:00,0.0018061337908539257
2025-12-14 04:00:00+00:00,0.0049014098565222305
2025-12-14 08:00:00+00:00,0.0027939300447250796
2025-12-14 12:00:00+00:00,0.004883157991931465
2025-12-14 16:00:00+00:00,0.004913270876867216
2025-12-14 20:00:00+00:00,-0.003511183523689243
2025-12-15 00:00:00+00:00,0.0004678046299782402
2025-12-15 04:00:00+00:00,0.006966257878957927
2025-12-15 08:00:00+00:00,-0.0020630809922628
2025-12-15 12:00:00+00:00,-0.01762484384707841
2025-12-15 16:00:00+00:00,-0.002710111277240812
2025-12-15 20:00:00+00:00,0.011655564397887553
2025-12-16 00:00:00+00:00,-0.001190374030544939
2025-12-16 04:00:00+00:00,0.013829640234134445
2025-12-16 08:00:00+00:00,-0.0005629929331381967
2025-12-16 12:00:00+00:00,-0.0030349903992806584
2025-12-16 16:00:00+00:00,-0.009712213935396919
2025-12-16 20:00:00+00:00,0.004394070034001962
2025-12-17 00:00:00+00:00,-0.002474741787860536
2025-12-17 04:00:00+00:00,-0.002871569543517816
2025-12-17 08:00:00+00:00,-0.003211517897412852
2025-12-17 12:00:00+00:00,0.0005743165179300731
2025-12-17 16:00:00+00:00,0.0021042882463708336
2025-12-17 20:00:00+00:00,-0.0018676261341533447
2025-12-18 00:00:00+00:00,0.008533009284069993
2025-12-18 04:00:00+00:00,0.005668822241968319
2025-12-18 08:00:00+00:00,-0.008550676383879942
2025-12-18 12:00:00+00:00,-0.018239349445349502
2025-12-18 16:00:00+00:00,0.026598080364749685
2025-12-18 20:00:00+00:00,0.002481425089149613
2025-12-19 00:00:00+00:00,-0.008570659575596908
2025-12-19 04:00:00+00:00,-0.002131471123262554
2025-12-19 08:00:00+00:00,0.012541953507168026
2025-12-19 12:00:00+00:00,-0.01565699014649393
2025-12-19 16:00:00+00:00,-0.01470659515641608
2025-12-19 20:00:00+00:00,0.0061424149070046456
2025-12-20 00:00:00+00:00,0.010917645701539502
2025-12-20 04:00:00+00:00,-0.00030368348555473977
2025-12-20 08:00:00+00:00,0.000615358880670769
2025-12-20 12:00:00+00:00,0.003306775574480336
2025-12-20 16:00:00+00:00,-0.00016238800047894129
2025-12-20 20:00:00+00:00,0.007500965191807787
2025-12-21 00:00:00+00:00,-0.0021865783122424496
2025-12-21 04:00:00+00:00,-0.007306831548688786
2025-12-21 08:00:00+00:00,0.002626114734480156
2025-12-21 12:00:00+00:00,0.011170670485008749
2025-12-21 16:00:00+00:00,-0.0004761694121355308
2025-12-21 20:00:00+00:00,-0.02146237918032843
2025-12-22 00:00:00+00:00,-0.005243197240355933
2025-12-22 04:00:00+00:00,-0.010481038316913249
2025-12-22 08:00:00+00:00,-0.006176861272904798
2025-12-22 12:00:00+00:00,-0.013297429311972087
2025-12-22 16:00:00+00:00,0.009879509940760124
2025-12-22 20:00:00+00:00,-0.005468757006602165
2025-12-23 00:00:00+00:00,-0.0008561972963576636
2025-12-23 04:00:00+00:00,-0.005177196021836395
2025-12-23 08:00:00+00:00,-0.00911186349441635
2025-12-23 12:00:00+00:00,0.006986981671990191
2025-12-23 16:00:00+00:00,-0.005538676411235756
2025-12-23 20:00:00+00:00,0.008046598464717314
2025-12-24 00:00:00+00:00,-0.0034953148388980016
2025-12-24 04:00:00+00:00,0.00021588282494917508
2025-12-24 08:00:00+00:00,0.004873215318670267
2025-12-24 12:00:00+00:00,0.007380978009429894
2025-12-24 16:00:00+00:00,0.008793195047485458
2025-12-24 20:00:00+00:00,0.0005425260779968301
2025-12-25 00:00:00+00:00,-0.012821610263479746
2025-12-25 04:00:00+00:00,-0.002265844201100342
2025-12-25 08:00:00+00:00,0.012754750095523735
2025-12-25 12:00:00+00:00,-0.011717720572569302
2025-12-25 16:00:00+00:00,-0.004709235046432525
2025-12-25 20:00:00+00:00,0.030526966739562057
2025-12-26 00:00:00+00:00,-0.022402380175565374
2025-12-26 04:00:00+00:00,-0.001230419061303789
2025-12-26 08:00:00+00:00,-0.004722421698481493
2025-12-26 12:00:00+00:00,0.0013026201941994887
2025-12-26 16:00:00+00:00,-0.00639248028501418
2025-12-26 20:00:00+00:00,0.005799375468835022
2025-12-27 00:00:00+00:00,0.007505158707854509
2025-12-27 04:00:00+00:00,0.00787854935518122
2025-12-27 08:00:00+00:00,0.012900889125812753
2025-12-27 12:00:00+00:00,-0.005469710636607061
2025-12-27 16:00:00+00:00,-0.000959714313706361
2025-12-27 20:00:00+00:00,-0.019336440975238633
2025-12-28 00:00:00+00:00,0.007339410893761289
2025-12-28 04:00:00+00:00,0.00811566877755765
2025-12-28 08:00:00+00:00,-0.0011862788386260762
2025-12-28 12:00:00+00:00,0.015705497202536244
2025-12-28 16:00:00+00:00,0.002621296505109915
2025-12-28 20:00:00+00:00,-0.004374350454512954
2025-12-29 00:00:00+00:00,-0.011737016305702452
2025-12-29 04:00:00+00:00,-0.004006284284886453
2025-12-29 08:00:00+00:00,0.0003201179603624423
2025-12-29 12:00:00+00:00,0.002754232832118864
2025-12-29 16:00:00+00:00,0.010919565385199382
2025-12-29 20:00:00+00:00,-0.0028805141108178226
2025-12-30 00:00:00+00:00,-0.010815701373143161
2025-12-30 04:00:00+00:00,-0.0043002041618969145
2025-12-30 08:00:00+00:00,0.0031646184644479325
2025-12-30 12:00:00+00:00,0.011091098852627669
2025-12-30 16:00:00+00:00,0.0066240426809320635
2025-12-30 20:00:00+00:00,0.0043044388111450615
2025-12-31 00:00:00+00:00,0.010023739645943499
2025-12-31 04:00:00+00:00,-0.00018954490584179864
2025-12-31 08:00:00+00:00,-0.00615170801844478
2025-12-31 12:00:00+00:00,0.00748908800678838
2025-12-31 16:00:00+00:00,0.016110983071277316
2025-12-31 20:00:00+00:00,-0.007213094186186786
2026-01-01 00:00:00+00:00,-0.004043896509446875
2026-01-01 04:00:00+00:00,0.0042909762822844755
2026-01-01 08:00:00+00:00,-0.011470893188019037
2026-01-01 12:00:00+00:00,-0.018819563620820712
2026-01-01 16:00:00+00:00,-0.0173167006882605
2026-01-01 20:00:00+00:00,-0.001272300790101233
2026-01-02 00:00:00+00:00,-0.018729118755338826
2026-01-02 04:00:00+00:00,0.007959882221480386
2026-01-02 08:00:00+00:00,-0.007771915346884883
2026-01-02 12:00:00+00:00,-0.014294503617489806
2026-01-02 16:00:00+00:00,0.00021090926318352365
2026-01-02 20:00:00+00:00,-0.014406890768258407
2026-01-03 00:00:00+00:00,-0.0011542499060190892
2026-01-03 04:00:00+00:00,-0.004424590344247691
2026-01-03 08:00:00+00:00,0.010270194993163794
2026-01-03 12:00:00+00:00,0.002975909036139002
2026-01-03 16:00:00+00:00,-0.00037666381578300664
2026-01-03 20:00:00+00:00,-0.0017948810958098747
2026-01-04 00:00:00+00:00,-0.011110739007092498
2026-01-04 04:00:00+00:00,-0.0008669501709240857
2026-01-04 08:00:00+00:00,0.016359524226415765
2026-01-04 12:00:00+00:00,-0.0017031706670917134
2026-01-04 16:00:00+00:00,0.008307728734720101
2026-01-04 20:00:00+00:00,0.0008484249378914563
2026-01-05 00:00:00+00:00,-0.004342845126441497
2026-01-05 04:00:00+00:00,-0.015340560645213852
2026-01-05 08:00:00+00:00,-0.017928425831278117
2026-01-05 12:00:00+00:00,0.008703630042135459
2026-01-05 16:00:00+00:00,0.025029904279564086
2026-01-05 20:00:00+00:00,0.004195934736021201
2026-01-06 00:00:00+00:00,0.00492616587838426
2026-01-06 04:00:00+00:00,-0.00732316685579042
2026-01-06 08:00:00+00:00,0.0066463113217912545
2026-01-06 12:00:00+00:00,-0.008850897704918027
2026-01-06 16:00:00+00:00,-0.013188347842352299
2026-01-06 20:00:00+00:00,0.009391255617847552
2026-01-07 00:00:00+00:00,-0.00586396834133982
2026-01-07 04:00:00+00:00,0.012407517502587662
2026-01-07 08:00:00+00:00,-0.004192399668131275
2026-01-07 12:00:00+00:00,-0.0054926272235449325
2026-01-07 16:00:00+00:00,0.00906867588529503
2026-01-07 20:00:00+00:00,-0.000990406962535562
2026-01-08 00:00:00+00:00,-0.007710370896730302
2026-01-08 04:00:00+00:00,-0.001830180738070819
2026-01-08 08:00:00+00:00,-0.017423558505618365
2026-01-08 12:00:00+00:00,0.01183172312301073
2026-01-08 16:00:00+00:00,-0.010094712913076044
2026-01-08 20:00:00+00:00,0.00045830584496491184
2026-01-09 00:00:00+00:00,0.002218617664064171
2026-01-09 04:00:00+00:00,-0.0017259901124869305
2026-01-09 08:00:00+00:00,-0.003547658141069121
2026-01-09 12:00:00+00:00,0.014248136455301453
2026-01-09 16:00:00+00:00,-0.010410481989464062
2026-01-09 20:00:00+00:00,0.009398250822695785
2026-01-10 00:00:00+00:00,0.0023701631447904156
2026-01-10 04:00:00+00:00,0.0031562491767071817
2026-01-10 08:00:00+00:00,0.00497732098012409
2026-01-10 12:00:00+00:00,-0.004265661832474565
2026-01-10 16:00:00+00:00,-0.001875243629977486
2026-01-10 20:00:00+00:00,-0.004199269766047409
2026-01-11 00:00:00+00:00,-0.0056228360249375615
2026-01-11 04:00:00+00:00,0.003011820958372314
2026-01-11 08:00:00+00:00,-0.008354745649491256
2026-01-11 12:00:00+00:00,-0.021838879740400757
2026-01-11 16:00:00+00:00,0.0031659394138657147
2026-01-11 20:00:00+00:00,-0.0217605970525846
2026-01-12 00:00:00+00:00,-0.013041220415532708
2026-01-12 04:00:00+00:00,-9.371307169190549e-05
2026-01-12 08:00:00+00:00,0.002300478695463948
2026-01-12 12:00:00+00:00,0.010537593828463044
2026-01-12 16:00:00+00:00,-0.010471081601054654
2026-01-12 20:00:00+00:00,-0.005934755811624238
2026-01-13 00:00:00+00:00,0.0070148982665151575
2026-01-13 04:00:00+00:00,0.0026754410479154184
2026-01-13 08:00:00+00:00,0.004354058904642445
2026-01-13 12:00:00+00:00,0.020258871712553986
2026-01-13 16:00:00+00:00,-0.008300315762180778
2026-01-13 20:00:00+00:00,0.011228485387483732
2026-01-14 00:00:00+00:00,0.0038222970643067887
2026-01-14 04:00:00+00:00,-0.003821522995835692
2026-01-14 08:00:00+00:00,-0.008116279352472921
2026-01-14 12:00:00+00:00,-0.008088734180344637
2026-01-14 16:00:00+00:00,0.0007216950629786341
2026-01-14 20:00:00+00:00,-0.024472264239421927
2026-01-15 00:00:00+00:00,0.0005168969255771472
2026-01-15 04:00:00+00:00,0.00039018877045910935
2026-01-15 08:00:00+00:00,-0.0015200135637578158
2026-01-15 12:00:00+00:00,0.0016148948727747973
2026-01-15 16:00:00+00:00,-0.0012964019167617923
2026-01-15 20:00:00+00:00,-0.006665005313316553
2026-01-16 00:00:00+00:00,0.006581442139958926
2026-01-16 04:00:00+00:00,0.006688483390946987
2026-01-16 08:00:00+00:00,-0.00262052441020042
2026-01-16 12:00:00+00:00,-0.010385551224480684
2026-01-16 16:00:00+00:00,-0.017292012293806214
2026-01-16 20:00:00+00:00,-0.0016536052884969623
2026-01-17 00:00:00+00:00,0.00044442711069230326
2026-01-17 04:00:00+00:00,-0.0023090425502587443
2026-01-17 08:00:00+00:00,0.004743127570542006
2026-01-17 12:00:00+00:00,-0.010854503910595947
2026-01-17 16:00:00+00:00,-7.307019784068584e-05
2026-01-17 20:00:00+00:00,-0.004596497548916202
2026-01-18 00:00:00+00:00,0.0025994768531745873
2026-01-18 04:00:00+00:00,0.004677022172240575
2026-01-18 08:00:00+00:00,-4.358051792729273e-06
2026-01-18 12:00:00+00:00,0.0072543302197598525
2026-01-18 16:00:00+00:00,0.000628656904170577
2026-01-18 20:00:00+00:00,0.005901646594061252
2026-01-19 00:00:00+00:00,0.01636516588591821
2026-01-19 04:00:00+00:00,0.0034151993764983024
2026-01-19 08:00:00+00:00,-0.00016211036914051035
2026-01-19 12:00:00+00:00,-0.008994595236161794
2026-01-19 16:00:00+00:00,-0.007575241329872661
2026-01-19 20:00:00+00:00,0.0038158638902980433
2026-01-20 00:00:00+00:00,0.0051206233803580805
2026-01-20 04:00:00+00:00,-0.009619879351548375
2026-01-20 08:00:00+00:00,-0.005768339422795332
2026-01-20 12:00:00+00:00,-0.011088426921997407
2026-01-20 16:00:00+00:00,-0.006424082291236723
2026-01-20 20:00:00+00:00,-0.008544161592108359
2026-01-21 00:00:00+00:00,-0.015496449366552279
2026-01-21 04:00:00+00:00,-0.00021369776165258713
2026-01-21 08:00:00+00:00,0.00629726963279238
2026-01-21 12:00:00+00:00,-0.0006399468693080376
2026-01-21 16:00:00+00:00,0.0030531543250668317
2026-01-21 20:00:00+00:00,0.005100738789898539
2026-01-22 00:00:00+00:00,-0.004688653108490515
2026-01-22 04:00:00+00:00,-0.0026442704013611264
2026-01-22 08:00:00+00:00,0.00044816439181662995
2026-01-22 12:00:00+00:00,0.007772063791837503
2026-01-22 16:00:00+00:00,0.002611792170815352
2026-01-22 20:00:00+00:00,-0.0009136768322103746
2026-01-23 00:00:00+00:00,-0.003482081938086346
2026-01-23 04:00:00+00:00,0.0009943055947551072
2026-01-23 08:00:00+00:00,-0.0077116745399822715
2026-01-23 12:00:00+00:00,0.003640520462071261
2026-01-23 16:00:00+00:00,-0.0025972913531097323
2026-01-23 20:00:00+00:00,0.001228655767218423
2026-01-24 00:00:00+00:00,-0.012354429773244057
2026-01-24 04:00:00+00:00,0.012761098730236854
2026-01-24 08:00:00+00:00,-0.004903243096072751
2026-01-24 12:00:00+00:00,0.0030547717808889537
2026-01-24 16:00:00+00:00,0.00220225037592654
2026-01-24 20:00:00+00:00,-0.001672178197644447
2026-01-25 00:00:00+00:00,-0.001562425924881584
2026-01-25 04:00:00+00:00,-0.0012904003957297187
2026-01-25 08:00:00+00:00,-0.00658102857348133
2026-01-25 12:00:00+00:00,0.00741699080149898
2026-01-25 16:00:00+00:00,0.010495715060275908
2026-01-25 20:00:00+00:00,-0.01601924558924872
2026-01-26 00:00:00+00:00,-0.0016870912213991836
2026-01-26 04:00:00+00:00,0.0039957165628874865
2026-01-26 08:00:00+00:00,-0.0014758655758113637
2026-01-26 12:00:00+00:00,-0.0026833356794053746
2026-01-26 16:00:00+00:00,0.008181329663324213
2026-01-26 20:00:00+00:00,-0.0009982292692404479
2026-01-27 00:00:00+00:00,0.0026020198910627467
2026-01-27 04:00:00+00:00,0.01729014071085542
2026-01-27 08:00:00+00:00,-0.0024159510615206375
2026-01-27 12:00:00+00:00,0.003592734036730505
2026-01-27 16:00:00+00:00,0.008128993223064951
2026-01-27 20:00:00+00:00,0.005308690906868652
2026-01-28 00:00:00+00:00,0.0010285373519273834
2026-01-28 04:00:00+00:00,-0.004238021890457211
2026-01-28 08:00:00+00:00,0.004991840544549332
2026-01-28 12:00:00+00:00,0.008660460356528166
2026-01-28 16:00:00+00:00,-0.0008992971944941535
2026-01-28 20:00:00+00:00,-0.05923016809667971
2026-01-29 00:00:00+00:00,0.015821364371593982
2026-01-29 04:00:00+00:00,0.01010831680897517
2026-01-29 08:00:00+00:00,0.011675744513163598
2026-01-29 12:00:00+00:00,0.0014704841911116866
2026-01-29 16:00:00+00:00,-0.010657717675535028
2026-01-29 20:00:00+00:00,-0.0004601644795902962
2026-01-30 00:00:00+00:00,0.0022832288348510164
2026-01-30 04:00:00+00:00,-0.0017765017046163173
2026-01-30 08:00:00+00:00,-0.0024866088515189456
2026-01-30 12:00:00+00:00,0.0018194988406796226
2026-01-30 16:00:00+00:00,-0.010996479095789803
2026-01-30 20:00:00+00:00,0.0040674768015151125
2026-01-31 00:00:00+00:00,0.004387369560533982
2026-01-31 04:00:00+00:00,-0.0038674873159129765
2026-01-31 08:00:00+00:00,0.0017451467924741505
2026-01-31 12:00:00+00:00,-0.0012495309447272847
2026-01-31 16:00:00+00:00,0.010013437257845334
2026-01-31 20:00:00+00:00,-0.003724120374249072
2026-02-01 00:00:00+00:00,0.004870530256099136
2026-02-01 04:00:00+00:00,0.00881010376643594
2026-02-01 08:00:00+00:00,-4.473411272491604e-08
2026-02-01 12:00:00+00:00,0.0060322450566676865
2026-02-01 16:00:00+00:00,-0.001297636558030102
2026-02-01 20:00:00+00:00,0.005152746312163069
2026-02-02 00:00:00+00:00,-0.010642632730772417
2026-02-02 04:00:00+00:00,0.010132448142333429
2026-02-02 08:00:00+00:00,-0.0020555533853562785
2026-02-02 12:00:00+00:00,-0.010337313032171159
2026-02-02 16:00:00+00:00,0.0019874774184451393
2026-02-02 20:00:00+00:00,0.0028003350567428423
2026-02-03 00:00:00+00:00,0.0015761404182407016
2026-02-03 04:00:00+00:00,0.011079167998178518
2026-02-03 08:00:00+00:00,-0.009569465111423203
2026-02-03 12:00:00+00:00,0.007379673716401093
2026-02-03 16:00:00+00:00,-0.004191541747774942
2026-02-03 20:00:00+00:00,-0.006308316033846318
2026-02-04 00:00:00+00:00,-0.0026472738901655458
2026-02-04 04:00:00+00:00,-0.0028668352794768647
2026-02-04 08:00:00+00:00,-0.007103158308137792
2026-02-04 12:00:00+00:00,0.00583984578073762
2026-02-04 16:00:00+00:00,-0.020204837793410337
2026-02-04 20:00:00+00:00,0.0032768157644604175
2026-02-05 00:00:00+00:00,-0.0017199352528415104
2026-02-05 04:00:00+00:00,0.006158501270204076
2026-02-05 08:00:00+00:00,-0.002023731561262276
2026-02-05 12:00:00+00:00,0.010344305185188675
2026-02-05 16:00:00+00:00,0.004544188066486798
2026-02-05 20:00:00+00:00,0.0028911669072664917
2026-02-06 00:00:00+00:00,0.010232369660003472
2026-02-06 04:00:00+00:00,-0.004600704950346656
2026-02-06 08:00:00+00:00,0.0010190121773720588
2026-02-06 12:00:00+00:00,0.0011918901231010842
2026-02-06 16:00:00+00:00,-0.00953788709730801
2026-02-06 20:00:00+00:00,0.0003697262762944577
2026-02-07 00:00:00+00:00,0.003729538986643855
2026-02-07 04:00:00+00:00,0.00044006558557309686
2026-02-07 08:00:00+00:00,-0.00605258182729509
2026-02-07 12:00:00+00:00,-0.014652167767761081
2026-02-07 16:00:00+00:00,0.009226966183664677
2026-02-07 20:00:00+00:00,-0.005714491612716643
2026-02-08 00:00:00+00:00,0.00042865882889284645
2026-02-08 04:00:00+00:00,0.0021682805169215055
2026-02-08 08:00:00+00:00,0.006933863439328114
2026-02-08 12:00:00+00:00,-0.006887580255713545
2026-02-08 16:00:00+00:00,0.0023166454128442206
2026-02-08 20:00:00+00:00,0.0007951678323762537
2026-02-09 00:00:00+00:00,-0.003798707345217034
2026-02-09 04:00:00+00:00,0.007005944362476369
2026-02-09 08:00:00+00:00,0.002468788916079026
2026-02-09 12:00:00+00:00,0.0036489317719784033
2026-02-09 16:00:00+00:00,-0.005461235447207135
2026-02-09 20:00:00+00:00,-0.0036065105046838796
2026-02-10 00:00:00+00:00,-0.0009896158148408269
2026-02-10 04:00:00+00:00,-0.0035569535597422377
2026-02-10 08:00:00+00:00,-0.001001254578765409
2026-02-10 12:00:00+00:00,0.0032799766514100444
2026-02-10 16:00:00+00:00,0.01623345317097791
2026-02-10 20:00:00+00:00,-0.009629720716381641
2026-02-11 00:00:00+00:00,-0.0024396860711904506
2026-02-11 04:00:00+00:00,0.006483057566144287
2026-02-11 08:00:00+00:00,-0.0005006094098090047
2026-02-11 12:00:00+00:00,8.167104632741278e-05
2026-02-11 16:00:00+00:00,-0.010334958206192436
2026-02-11 20:00:00+00:00,0.0022938372799568675
2026-02-12 00:00:00+00:00,-0.0007217505366409192
2026-02-12 04:00:00+00:00,-0.003563972336175892
2026-02-12 08:00:00+00:00,0.009140781622522454
2026-02-12 12:00:00+00:00,0.005967083284232256
2026-02-12 16:00:00+00:00,0.003306701362443043
2026-02-12 20:00:00+00:00,-0.0007019499085008985
2026-02-13 00:00:00+00:00,-5.282063967881911e-05
2026-02-13 04:00:00+00:00,-0.0031607995825108978
2026-02-13 08:00:00+00:00,-0.0021144481853918587
2026-02-13 12:00:00+00:00,-0.014696049478641983
2026-02-13 16:00:00+00:00,-0.03058226804325792
2026-02-13 20:00:00+00:00,0.009435658321883644
2026-02-14 00:00:00+00:00,-0.004113244291170059
2026-02-14 04:00:00+00:00,-0.008483478410315737
2026-02-14 08:00:00+00:00,0.011513829145272172
2026-02-14 12:00:00+00:00,0.026719664748064934
2026-02-14 16:00:00+00:00,0.019522022326764886
2026-02-14 20:00:00+00:00,-0.0009842248888719323
2026-02-15 00:00:00+00:00,0.017029286458490868
2026-02-15 04:00:00+00:00,-0.0025393332202664712
2026-02-15 08:00:00+00:00,-0.006060506377710606
2026-02-15 12:00:00+00:00,-0.005255065524425253
2026-02-15 16:00:00+00:00,-0.003769742433950829
2026-02-15 20:00:00+00:00,0.002510780026373482
2026-02-16 00:00:00+00:00,0.004438927892735256
2026-02-16 04:00:00+00:00,-0.002069310193828145
2026-02-16 08:00:00+00:00,-0.006922441988409613
2026-02-16 12:00:00+00:00,-0.0012142676524314437
2026-02-16 16:00:00+00:00,-0.0022054085075619684
2026-02-16 20:00:00+00:00,-0.002997292304345844
2026-02-17 00:00:00+00:00,-0.01386723013710487
2026-02-17 04:00:00+00:00,-0.003931156098456357
2026-02-17 08:00:00+00:00,-0.0007261700904782392
2026-02-17 12:00:00+00:00,0.011816651559278316
2026-02-17 16:00:00+00:00,-0.0004225444259908788
2026-02-17 20:00:00+00:00,-0.0018931300336629158
2026-02-18 00:00:00+00:00,-0.00040017579994480203
2026-02-18 04:00:00+00:00,-0.007301570879501341
2026-02-18 08:00:00+00:00,0.005265079986528167
2026-02-18 12:00:00+00:00,0.0029432441834216006
2026-02-18 16:00:00+00:00,-0.0076423651722312465
2026-02-18 20:00:00+00:00,-0.007847933761680427
2026-02-19 00:00:00+00:00,-0.0013025238937791172
2026-02-19 04:00:00+00:00,-0.0008396165457983383
2026-02-19 08:00:00+00:00,-0.0033696562783450904
2026-02-19 12:00:00+00:00,0.015980373040357286
2026-02-19 16:00:00+00:00,-0.003372936274250195
2026-02-19 20:00:00+00:00,-0.003375049338148117
2026-02-20 00:00:00+00:00,0.0033104390199772296
2026-02-20 04:00:00+00:00,-0.0055962445644712755
2026-02-20 08:00:00+00:00,0.004529040560041199
2026-02-20 12:00:00+00:00,-0.0049393680748623485
2026-02-20 16:00:00+00:00,-0.011838705761339786
2026-02-20 20:00:00+00:00,0.0009165116976182834
2026-02-21 00:00:00+00:00,0.005191969030344556
2026-02-21 04:00:00+00:00,-0.0022162303005338166
2026-02-21 08:00:00+00:00,-0.006810266598354529
2026-02-21 12:00:00+00:00,0.0010876691251570534
2026-02-21 16:00:00+00:00,0.006674176298259526
2026-02-21 20:00:00+00:00,-0.0030360858420652058
2026-02-22 00:00:00+00:00,-0.0012347815710011872
2026-02-22 04:00:00+00:00,-0.0028842095120876323
2026-02-22 08:00:00+00:00,-0.004291121252305574
2026-02-22 12:00:00+00:00,0.0033856206218840774
2026-02-22 16:00:00+00:00,-0.0038810881216866603
2026-02-22 20:00:00+00:00,0.0011163120156463477
2026-02-23 00:00:00+00:00,0.015420932360928098
2026-02-23 04:00:00+00:00,0.00330069705982292
2026-02-23 08:00:00+00:00,-0.0018876685455238692
2026-02-23 12:00:00+00:00,0.008679801607049776
2026-02-23 16:00:00+00:00,-0.0013289763084479251
2026-02-23 20:00:00+00:00,-0.009346365210859698
2026-02-24 00:00:00+00:00,-0.004276411212648079
2026-02-24 04:00:00+00:00,0.008893452535231926
2026-02-24 08:00:00+00:00,-0.001039939254453181
2026-02-24 12:00:00+00:00,0.0027909519632240984
2026-02-24 16:00:00+00:00,-0.0023180542024400673
2026-02-24 20:00:00+00:00,-4.6248404027159854e-05
2026-02-25 00:00:00+00:00,-0.008020686074944727
2026-02-25 04:00:00+00:00,-0.007652362030191195
2026-02-25 08:00:00+00:00,-0.003958938230153297
2026-02-25 12:00:00+00:00,0.018044360134228034
2026-02-25 16:00:00+00:00,-0.0033656951209363887
2026-02-25 20:00:00+00:00,-0.011265210447376005
2026-02-26 00:00:00+00:00,0.0036266110684415103
2026-02-26 04:00:00+00:00,-0.01069699504138222
2026-02-26 08:00:00+00:00,-0.001979163071532208
2026-02-26 12:00:00+00:00,-0.013877912024357309
2026-02-26 16:00:00+00:00,-0.0009234082816080628
2026-02-26 20:00:00+00:00,-0.0023699525041062986
2026-02-27 00:00:00+00:00,0.0007337738776881156
2026-02-27 04:00:00+00:00,-0.0077582062512063345
2026-02-27 08:00:00+00:00,-0.009425148823646892
2026-02-27 12:00:00+00:00,0.0003397253296375082
2026-02-27 16:00:00+00:00,-0.0012052117836816034
2026-02-27 20:00:00+00:00,-0.0010162789800346908
2026-02-28 00:00:00+00:00,0.0020870248515762364
2026-02-28 04:00:00+00:00,-0.008998145762194975
2026-02-28 08:00:00+00:00,0.008721267479845009
2026-02-28 12:00:00+00:00,0.003496428229047721
2026-02-28 16:00:00+00:00,0.0067681304600836
2026-02-28 20:00:00+00:00,0.006261131508838715
2026-03-01 00:00:00+00:00,-0.00777443924020982
2026-03-01 04:00:00+00:00,0.005997120374617482
2026-03-01 08:00:00+00:00,-0.0004526734768219837
2026-03-01 12:00:00+00:00,0.003707810060196804
2026-03-01 16:00:00+00:00,0.005861799557707491
2026-03-01 20:00:00+00:00,-0.000802367388315784
2026-03-02 00:00:00+00:00,-0.0006358932973888013
2026-03-02 04:00:00+00:00,0.013290178643251063
2026-03-02 08:00:00+00:00,-0.005830262961970622
2026-03-02 12:00:00+00:00,0.0011077115274712671
2026-03-02 16:00:00+00:00,0.005365436094052978
2026-03-02 20:00:00+00:00,0.013436952118604606
2026-03-03 00:00:00+00:00,0.009830130288137642
2026-03-03 04:00:00+00:00,-0.008221186878015964
2026-03-03 08:00:00+00:00,0.018441791359639727
2026-03-03 12:00:00+00:00,0.008718451821496533
2026-03-03 16:00:00+00:00,-0.0026196063861978485
2026-03-03 20:00:00+00:00,-0.004665364926473759
2026-03-04 00:00:00+00:00,0.010595919632929052
2026-03-04 04:00:00+00:00,-0.007092732130577751
2026-03-04 08:00:00+00:00,-0.012404537018796133
2026-03-04 12:00:00+00:00,-0.02302015037230714
2026-03-04 16:00:00+00:00,-0.015164913278872195
2026-03-04 20:00:00+00:00,0.0075223704448547785
2026-03-05 00:00:00+00:00,0.013836377080505294
2026-03-05 04:00:00+00:00,0.011877267183364593
2026-03-05 08:00:00+00:00,0.002721000238155536
2026-03-05 12:00:00+00:00,-0.003821979692772559
2026-03-05 16:00:00+00:00,-0.0054200186520946495
2026-03-05 20:00:00+00:00,0.0058543521129993835
2026-03-06 00:00:00+00:00,-0.0063362185857976485
2026-03-06 04:00:00+00:00,-0.0017924707928007161
2026-03-06 08:00:00+00:00,0.004033298600492043
2026-03-06 12:00:00+00:00,0.002513795627869642
2026-03-06 16:00:00+00:00,0.006947950345969025
2026-03-06 20:00:00+00:00,-0.0011138446158404538
2026-03-07 00:00:00+00:00,0.0017465155921131401
2026-03-07 04:00:00+00:00,0.0012524119768416273
2026-03-07 08:00:00+00:00,-0.003347921252753072
2026-03-07 12:00:00+00:00,0.003866094507101626
2026-03-07 16:00:00+00:00,0.004221258055949617
2026-03-07 20:00:00+00:00,0.0025920881928612753
2026-03-08 00:00:00+00:00,-0.0030864000037589263
2026-03-08 04:00:00+00:00,-0.003604560562920933
2026-03-08 08:00:00+00:00,0.0015398260261043418
2026-03-08 12:00:00+00:00,-0.0020900037169402355
2026-03-08 16:00:00+00:00,-0.005984200768067404
2026-03-08 20:00:00+00:00,-0.0013496730889172694
2026-03-09 00:00:00+00:00,0.0035856831985738857
2026-03-09 04:00:00+00:00,0.0015571432737844894
2026-03-09 08:00:00+00:00,0.0005836089066075137
2026-03-09 12:00:00+00:00,0.004349510794728872
2026-03-09 16:00:00+00:00,-0.010342197154941736
2026-03-09 20:00:00+00:00,-0.004706541173432055
2026-03-10 00:00:00+00:00,-0.0053807413771141295
2026-03-10 04:00:00+00:00,0.004782918985442896
2026-03-10 08:00:00+00:00,-0.010886400149897633
2026-03-10 12:00:00+00:00,-0.01746315137686232
2026-03-10 16:00:00+00:00,0.008543640191439605
2026-03-10 20:00:00+00:00,0.006185770011971514
2026-03-11 00:00:00+00:00,0.013628419740710829
2026-03-11 04:00:00+00:00,-0.00034806570980934156
2026-03-11 08:00:00+00:00,-0.0010971896531713147
2026-03-11 12:00:00+00:00,0.00061646491639129
2026-03-11 16:00:00+00:00,0.0003460796427210422
2026-03-11 20:00:00+00:00,0.004418997350995779
2026-03-12 00:00:00+00:00,0.005581490406247825
2026-03-12 04:00:00+00:00,0.005978922446723667
2026-03-12 08:00:00+00:00,-0.005599626706844596
2026-03-12 12:00:00+00:00,0.004833794471641296
2026-03-12 16:00:00+00:00,-0.005949674147519813
2026-03-12 20:00:00+00:00,0.009251162792209968
2026-03-13 00:00:00+00:00,-0.005503372006656226
2026-03-13 04:00:00+00:00,0.0014831470029555319
2026-03-13 08:00:00+00:00,-0.017535396511885872
2026-03-13 12:00:00+00:00,0.008416184296471129
2026-03-13 16:00:00+00:00,0.011434848166952082
2026-03-13 20:00:00+00:00,0.003842492028121103
2026-03-14 00:00:00+00:00,-0.0004577885040402572
2026-03-14 04:00:00+00:00,0.010962563512414604
2026-03-14 08:00:00+00:00,-0.0036567726802794634
2026-03-14 12:00:00+00:00,-0.00041058716149693363
2026-03-14 16:00:00+00:00,0.002885691368990617
2026-03-14 20:00:00+00:00,-0.00031174912049198884
2026-03-15 00:00:00+00:00,-0.0014354322680090845
2026-03-15 04:00:00+00:00,-0.009810594960172205
2026-03-15 08:00:00+00:00,-0.0017527616172621887
2026-03-15 12:00:00+00:00,-0.0016924264242404118
2026-03-15 16:00:00+00:00,0.002686302982153755
2026-03-15 20:00:00+00:00,0.007026869162615853
2026-03-16 00:00:00+00:00,-0.006114248610015373
2026-03-16 04:00:00+00:00,-0.03002531658290626
2026-03-16 08:00:00+00:00,0.0041221786885284216
2026-03-16 12:00:00+00:00,0.0015647739358565231
2026-03-16 16:00:00+00:00,-0.004805616624103946
2026-03-16 20:00:00+00:00,0.006819582325187402
2026-03-17 00:00:00+00:00,-2.1897001357329502e-05
2026-03-17 04:00:00+00:00,0.005102449836875023
2026-03-17 08:00:00+00:00,-0.014545935447455683
2026-03-17 12:00:00+00:00,-0.0010566866776445802
2026-03-17 16:00:00+00:00,-0.0003355096870240273
2026-03-17 20:00:00+00:00,0.00488636224168757
2026-03-18 00:00:00+00:00,0.0013240520488693175
2026-03-18 04:00:00+00:00,-0.007190443152032211
2026-03-18 08:00:00+00:00,-0.00020558792351621415
2026-03-18 12:00:00+00:00,-0.0012353978648945718
2026-03-18 16:00:00+00:00,-0.0073518726683869055
2026-03-18 20:00:00+00:00,-0.002455793927587147
2026-03-19 00:00:00+00:00,0.005222956902702803
2026-03-19 04:00:00+00:00,0.005932857706702023
2026-03-19 08:00:00+00:00,0.0014414503709910826
2026-03-19 12:00:00+00:00,-0.0032968590911589993
2026-03-19 16:00:00+00:00,0.005482972336652471
2026-03-19 20:00:00+00:00,-0.0028907365708573446
2026-03-20 00:00:00+00:00,0.0003396660099034498
2026-03-20 04:00:00+00:00,0.0012606101948489544
2026-03-20 08:00:00+00:00,-0.003900344729326676
2026-03-20 12:00:00+00:00,-0.00016347224599482218
2026-03-20 16:00:00+00:00,-0.007346719359422594
2026-03-20 20:00:00+00:00,0.0039251588088345295
2026-03-21 00:00:00+00:00,-0.0016524620919870392
2026-03-21 04:00:00+00:00,-0.0007406839129649122
2026-03-21 08:00:00+00:00,0.0038167791499580618
2026-03-21 12:00:00+00:00,-0.006866296103439118
2026-03-21 16:00:00+00:00,-0.00020879677097023245
2026-03-21 20:00:00+00:00,-0.005548681947129674
2026-03-22 00:00:00+00:00,0.0047504086906439156
2026-03-22 04:00:00+00:00,4.732368350164411e-05
2026-03-22 08:00:00+00:00,-0.005508405831518814
2026-03-22 12:00:00+00:00,0.001585722500804508
2026-03-22 16:00:00+00:00,-0.001253860103379911
2026-03-22 20:00:00+00:00,-0.008866609439799689
2026-03-23 00:00:00+00:00,-0.0025457424981825353
2026-03-23 04:00:00+00:00,0.0030829972426756
2026-03-23 08:00:00+00:00,0.01123965930583597
2026-03-23 12:00:00+00:00,0.010418242540943236
2026-03-23 16:00:00+00:00,0.0012977333060785856
2026-03-23 20:00:00+00:00,-0.005927678977564921
2026-03-24 00:00:00+00:00,-0.001544112973758316
2026-03-24 04:00:00+00:00,0.011290686791050454
2026-03-24 08:00:00+00:00,-0.005667759744201395
2026-03-24 12:00:00+00:00,-0.008748038326634688
2026-03-24 16:00:00+00:00,0.0034741930576522185
2026-03-24 20:00:00+00:00,0.00578668648688241
2026-03-25 00:00:00+00:00,-0.0030171744593537665
2026-03-25 04:00:00+00:00,0.0009625892628014384
2026-03-25 08:00:00+00:00,-0.0063316624501454696
2026-03-25 12:00:00+00:00,-0.002454172102780894
2026-03-25 16:00:00+00:00,-0.0007703918752926421
2026-03-25 20:00:00+00:00,-0.007739148249107863
2026-03-26 00:00:00+00:00,0.005872536444302303
2026-03-26 04:00:00+00:00,0.0009002623150017532
2026-03-26 08:00:00+00:00,-0.009230540783552387
2026-03-26 12:00:00+00:00,0.014323900223753874
2026-03-26 16:00:00+00:00,-0.0031399361541242445
2026-03-26 20:00:00+00:00,-0.0011611407546106443
2026-03-27 00:00:00+00:00,0.0007814806979305813
2026-03-27 04:00:00+00:00,-0.0018808406135033318
2026-03-27 08:00:00+00:00,-0.0009405988894039891
2026-03-27 12:00:00+00:00,0.009887889188779453
2026-03-27 16:00:00+00:00,-0.000763141070836393
2026-03-27 20:00:00+00:00,0.01157490755192565
2026-03-28 00:00:00+00:00,-0.0021701500727815846
2026-03-28 04:00:00+00:00,-0.003388370795550745
2026-03-28 08:00:00+00:00,-0.008393456429407163
2026-03-28 12:00:00+00:00,0.0019209323980112988
2026-03-28 16:00:00+00:00,-0.009209315358887693
2026-03-28 20:00:00+00:00,0.0025148705872551896
2026-03-29 00:00:00+00:00,0.005552819723315072
2026-03-29 04:00:00+00:00,-0.0018052608677137766
2026-03-29 08:00:00+00:00,0.001290360515301937
2026-03-29 12:00:00+00:00,-0.0027388234641023907
2026-03-29 16:00:00+00:00,0.0041532218401721934
2026-03-29 20:00:00+00:00,-0.0010300751139052265
2026-03-30 00:00:00+00:00,-0.006467371478341423
2026-03-30 04:00:00+00:00,0.00405143252076292
2026-03-30 08:00:00+00:00,-0.00562226522831124
2026-03-30 12:00:00+00:00,0.005638764243619066
2026-03-30 16:00:00+00:00,0.004312075400289616
2026-03-30 20:00:00+00:00,-0.0005439703003391916
2026-03-31 00:00:00+00:00,-0.00010039843013647312
2026-03-31 04:00:00+00:00,-0.0032424123492083012
2026-03-31 08:00:00+00:00,0.025489709358763674
2026-03-31 12:00:00+00:00,-0.0023082807594329013
2026-03-31 16:00:00+00:00,0.003031247287077667
2026-03-31 20:00:00+00:00,-0.0008641422716589176
2026-04-01 00:00:00+00:00,-0.0066859176797186455
2026-04-01 04:00:00+00:00,-0.009087324809872576
2026-04-01 08:00:00+00:00,-0.0007263380681431497
2026-04-01 12:00:00+00:00,-0.003281259442646722
2026-04-01 16:00:00+00:00,0.009850674849444642
2026-04-01 20:00:00+00:00,-0.000579885937940827
2026-04-02 00:00:00+00:00,0.004166306710417069
2026-04-02 04:00:00+00:00,0.00014973142799949994
2026-04-02 08:00:00+00:00,0.0034360768944937223
2026-04-02 12:00:00+00:00,-0.009042805610246752
2026-04-02 16:00:00+00:00,-0.0028600397619860775
2026-04-02 20:00:00+00:00,0.0024174363828812105
2026-04-03 00:00:00+00:00,-0.0019946375512292173
2026-04-03 04:00:00+00:00,-0.0005440533484448729
2026-04-03 08:00:00+00:00,-0.0062092084114304886
2026-04-03 12:00:00+00:00,-0.002438396932848642
2026-04-03 16:00:00+00:00,-0.0015233280916694628
2026-04-03 20:00:00+00:00,-0.0007157679297516981
2026-04-04 00:00:00+00:00,-0.0032882984185091946
2026-04-04 04:00:00+00:00,0.0038152039470400467
2026-04-04 08:00:00+00:00,0.007660137456591976
2026-04-04 12:00:00+00:00,-0.002725261277665215
2026-04-04 16:00:00+00:00,0.006352607627747121
2026-04-04 20:00:00+00:00,0.010140498930838193
2026-04-05 00:00:00+00:00,-0.004913523040937973
2026-04-05 04:00:00+00:00,0.0069755950862924855
2026-04-05 08:00:00+00:00,0.002154122882106191
2026-04-05 12:00:00+00:00,0.0009419632022289461
2026-04-05 16:00:00+00:00,0.0008796917688683959
2026-04-05 20:00:00+00:00,0.00442534092083622
2026-04-06 00:00:00+00:00,0.006732451988796352
2026-04-06 04:00:00+00:00,-0.0015881230691068282
2026-04-06 08:00:00+00:00,-0.008571341748173934
2026-04-06 12:00:00+00:00,-0.0002867252179024507
2026-04-06 16:00:00+00:00,0.00687825029800575
2026-04-06 20:00:00+00:00,0.004712258729118957
2026-04-07 00:00:00+00:00,0.006013632716851559
2026-04-07 04:00:00+00:00,0.007458634508853068
2026-04-07 08:00:00+00:00,0.010057807589409752
2026-04-07 12:00:00+00:00,0.002895119205235775
2026-04-07 16:00:00+00:00,-0.004313532684143961
2026-04-07 20:00:00+00:00,0.027487277688129683
2026-04-08 00:00:00+00:00,0.013169249316328704
2026-04-08 04:00:00+00:00,0.0034789742330261003
2026-04-08 08:00:00+00:00,0.004370010451374774
2026-04-08 12:00:00+00:00,-0.00019702455518333357
2026-04-08 16:00:00+00:00,0.003092403256497067
2026-04-08 20:00:00+00:00,0.01516041303035771
2026-04-09 00:00:00+00:00,-0.0009610581221743968
2026-04-09 04:00:00+00:00,-0.005999616092983007
2026-04-09 08:00:00+00:00,-0.01111218908722702
2026-04-09 12:00:00+00:00,0.009283811466418612
2026-04-09 16:00:00+00:00,0.020272894615167816
2026-04-09 20:00:00+00:00,0.014657407654830435
2026-04-10 00:00:00+00:00,0.001866121424365663
2026-04-10 04:00:00+00:00,0.0035382328938012185
2026-04-10 08:00:00+00:00,0.0032725292781113024
2026-04-10 12:00:00+00:00,-0.00915612997699684
2026-04-10 16:00:00+00:00,-0.005043749308921529
2026-04-10 20:00:00+00:00,0.00882513089635295
2026-04-11 00:00:00+00:00,0.0036786103731987867
2026-04-11 04:00:00+00:00,-0.008196107789456588
2026-04-11 08:00:00+00:00,0.005096821254030082
2026-04-11 12:00:00+00:00,-0.007606551837623776
2026-04-11 16:00:00+00:00,-0.0028458129728826226
2026-04-11 20:00:00+00:00,0.0005861025184290556
2026-04-12 00:00:00+00:00,0.00085617472201731
2026-04-12 04:00:00+00:00,0.00037319808457820787
2026-04-12 08:00:00+00:00,0.001424148879429521
2026-04-12 12:00:00+00:00,-0.0007848015939757591
2026-04-12 16:00:00+00:00,0.005374092304594358
2026-04-12 20:00:00+00:00,-0.0033532579273742426
2026-04-13 00:00:00+00:00,-0.00868601066800272
2026-04-13 04:00:00+00:00,-0.0056677972580489785
2026-04-13 08:00:00+00:00,0.00843318835425262
2026-04-13 12:00:00+00:00,-0.016513853964980174
2026-04-13 16:00:00+00:00,0.012115969294019726
2026-04-13 20:00:00+00:00,-0.013573701194912946
2026-04-14 00:00:00+00:00,0.0012268843724680956
2026-04-14 04:00:00+00:00,0.01508155283992896
2026-04-14 08:00:00+00:00,-0.009657149486690164
2026-04-14 12:00:00+00:00,-0.009207557854213323
2026-04-14 16:00:00+00:00,0.00014345969231308563
2026-04-14 20:00:00+00:00,-0.000891392098912069
2026-04-15 00:00:00+00:00,0.00336402469557977
2026-04-15 04:00:00+00:00,-0.002825623342860517
2026-04-15 08:00:00+00:00,0.0016029821770579002
2026-04-15 12:00:00+00:00,-0.013276500688391835
2026-04-15 16:00:00+00:00,-0.0002870409693857207
2026-04-15 20:00:00+00:00,0.0019208706914003665
2026-04-16 00:00:00+00:00,-0.004571711368226895
2026-04-16 04:00:00+00:00,0.004854059835999358
2026-04-16 08:00:00+00:00,-0.0017015441270278094
2026-04-16 12:00:00+00:00,-0.017131262581588237
2026-04-16 16:00:00+00:00,-0.010051289671822382
2026-04-16 20:00:00+00:00,-0.002087815057961451
2026-04-17 00:00:00+00:00,0.004011802141546128
2026-04-17 04:00:00+00:00,0.00737512597458998
2026-04-17 08:00:00+00:00,-0.009517209852714849
2026-04-17 12:00:00+00:00,-0.010481180953033943
2026-04-17 16:00:00+00:00,-0.004664323662386405
2026-04-17 20:00:00+00:00,-0.009845532882116715
2026-04-18 00:00:00+00:00,0.00598550136272904
2026-04-18 04:00:00+00:00,0.0035080503677217046
2026-04-18 08:00:00+00:00,-0.012161391866256132
2026-04-18 12:00:00+00:00,0.002536846557990846
2026-04-18 16:00:00+00:00,-0.024741359289840295
2026-04-18 20:00:00+00:00,-0.005341250964255751
2026-04-19 00:00:00+00:00,-0.013092230250209138
2026-04-19 04:00:00+00:00,-0.003907370261302744
2026-04-19 08:00:00+00:00,-0.0005807863693638489
2026-04-19 12:00:00+00:00,0.0010912545458577
2026-04-19 16:00:00+00:00,-0.017107795918004664
2026-04-19 20:00:00+00:00,-0.0013203768441444324
2026-04-20 00:00:00+00:00,0.01001548182077601
2026-04-20 04:00:00+00:00,-0.00045317682257899365
2026-04-20 08:00:00+00:00,0.008083245583353783
2026-04-20 12:00:00+00:00,0.00940759321913842
2026-04-20 16:00:00+00:00,-0.0032204367460599856
2026-04-20 20:00:00+00:00,-0.008352551674332576
2026-04-21 00:00:00+00:00,-0.004019769372258386
2026-04-21 04:00:00+00:00,0.0029538675841687123
2026-04-21 08:00:00+00:00,0.005310482747262535
2026-04-21 12:00:00+00:00,-7.601627256865768e-05
2026-04-21 16:00:00+00:00,-0.0057283461463252475
2026-04-21 20:00:00+00:00,0.0018506113461501006
2026-04-22 00:00:00+00:00,0.0030456533797171377
2026-04-22 04:00:00+00:00,0.002416906080537551
2026-04-22 08:00:00+00:00,-0.0007200872496267994
2026-04-22 12:00:00+00:00,0.0046291385829235095
2026-04-22 16:00:00+00:00,0.001234178878359948
2026-04-22 20:00:00+00:00,-0.002161499099691699
2026-04-23 00:00:00+00:00,-0.004599767728989246
2026-04-23 04:00:00+00:00,0.009034707207874715
2026-04-23 08:00:00+00:00,-0.009543166369028501
2026-04-23 12:00:00+00:00,-0.003934771818509675
2026-04-23 16:00:00+00:00,-0.0011377888217179782
2026-04-23 20:00:00+00:00,-0.006194133594866536
2026-04-24 00:00:00+00:00,-0.0025429843719560813
2026-04-24 04:00:00+00:00,0.0024352386287337826
2026-04-24 08:00:00+00:00,-0.010497926410102143
2026-04-24 12:00:00+00:00,-0.006181256492168186
2026-04-24 16:00:00+00:00,-0.0032797059246749906
2026-04-24 20:00:00+00:00,-0.0004927696596435104
2026-04-25 00:00:00+00:00,0.002099162642261555
2026-04-25 04:00:00+00:00,0.005636279616537943
2026-04-25 08:00:00+00:00,-0.00433137002820354
2026-04-25 12:00:00+00:00,0.0023577504181808706
2026-04-25 16:00:00+00:00,0.0034439071167290834
2026-04-25 20:00:00+00:00,-0.0016446039140867843
2026-04-26 00:00:00+00:00,0.002034488337696705
2026-04-26 04:00:00+00:00,0.0038699519561496295
2026-04-26 08:00:00+00:00,0.00600302159429127
2026-04-26 12:00:00+00:00,0.000853307691341221
2026-04-26 16:00:00+00:00,-0.0027642442744996386
2026-04-26 20:00:00+00:00,-0.00044031332921541373
2026-04-27 00:00:00+00:00,-0.0007270386376480246
2026-04-27 04:00:00+00:00,0.0013468907148987536
2026-04-27 08:00:00+00:00,0.004235746302262911
2026-04-27 12:00:00+00:00,-0.003247412549422647
2026-04-27 16:00:00+00:00,0.0005495078649901063
2026-04-27 20:00:00+00:00,-0.0009524332799918824
2026-04-28 00:00:00+00:00,0.0013298549328583991
2026-04-28 04:00:00+00:00,0.010448750755862069
2026-04-28 08:00:00+00:00,-0.002204674306512721
2026-04-28 12:00:00+00:00,0.00720250095091346
2026-04-28 16:00:00+00:00,-0.004297165685927462
2026-04-28 20:00:00+00:00,-0.0015996275795156834
2026-04-29 00:00:00+00:00,0.007356918391849443
2026-04-29 04:00:00+00:00,0.013559513942980583
2026-04-29 08:00:00+00:00,0.02473087375817293
2026-04-29 12:00:00+00:00,-0.012422280546040446
2026-04-29 16:00:00+00:00,-0.0022148323808829813
2026-04-29 20:00:00+00:00,0.002680589474468321
2026-04-30 00:00:00+00:00,0.0066063963251428385
2026-04-30 04:00:00+00:00,0.00328470040516995
2026-04-30 08:00:00+00:00,0.004572621587349236
2026-04-30 12:00:00+00:00,-0.003958079668276526
2026-04-30 16:00:00+00:00,-0.017018815810907407
2026-04-30 20:00:00+00:00,0.0030204259861346338
2026-05-01 00:00:00+00:00,0.011579349832288343
2026-05-01 04:00:00+00:00,0.003063865036968606
2026-05-01 08:00:00+00:00,-0.0014707213321343722
2026-05-01 12:00:00+00:00,-0.0005271060303160945
2026-05-01 16:00:00+00:00,0.001212204898070879
2026-05-01 20:00:00+00:00,0.0031556168317242736
2026-05-02 00:00:00+00:00,-2.0824577328127053e-05
2026-05-02 04:00:00+00:00,0.0015580754478421222
2026-05-02 08:00:00+00:00,-0.005069879090090023
2026-05-02 12:00:00+00:00,-0.0017511888032081919
2026-05-02 16:00:00+00:00,-0.0008939340247882789
2026-05-02 20:00:00+00:00,0.001146285185187912
2026-05-03 00:00:00+00:00,0.006930054581266409
2026-05-03 04:00:00+00:00,0.0019337728068550054
2026-05-03 08:00:00+00:00,0.008470093551184044
2026-05-03 12:00:00+00:00,0.004755724447765064
2026-05-03 16:00:00+00:00,-0.0028522259226887005
2026-05-03 20:00:00+00:00,0.007385385222646312
2026-05-04 00:00:00+00:00,0.009041845857110431
2026-05-04 04:00:00+00:00,-0.0016961907611356738
2026-05-04 08:00:00+00:00,-0.0003637970001456823
2026-05-04 12:00:00+00:00,0.006723736177371497
2026-05-04 16:00:00+00:00,-0.006973834594588668
2026-05-04 20:00:00+00:00,0.014165292512181616
2026-05-05 00:00:00+00:00,-0.0015653807962149986
2026-05-05 04:00:00+00:00,-0.00590762352465537
2026-05-05 08:00:00+00:00,-0.004729800409525753
2026-05-05 12:00:00+00:00,0.009248414366324977
2026-05-05 16:00:00+00:00,0.006744213945235788
2026-05-05 20:00:00+00:00,0.028377667149369578
2026-05-06 00:00:00+00:00,-0.011583768373775082
2026-05-06 04:00:00+00:00,0.021431053195511928
2026-05-06 08:00:00+00:00,-0.02622392151108275
2026-05-06 12:00:00+00:00,-0.01070867991862634
2026-05-06 16:00:00+00:00,-0.012309822621988632
2026-05-06 20:00:00+00:00,-0.004329286168713886
2026-05-07 00:00:00+00:00,0.002331764496373445
2026-05-07 04:00:00+00:00,-0.0004252614046698529
2026-05-07 08:00:00+00:00,0.007343238262549213
2026-05-07 12:00:00+00:00,-0.004829604728844439
2026-05-07 16:00:00+00:00,-0.0010635360747619288
2026-05-07 20:00:00+00:00,0.0011865909441549638
2026-05-08 00:00:00+00:00,-0.015631095451778522
2026-05-08 04:00:00+00:00,-0.008459497912698533
2026-05-08 08:00:00+00:00,-0.005168802976816166
2026-05-08 12:00:00+00:00,-0.004661159737848709
2026-05-08 16:00:00+00:00,-0.012843984078309887
2026-05-08 20:00:00+00:00,0.01958766832234267
2026-05-09 00:00:00+00:00,0.0033403782628540933
2026-05-09 04:00:00+00:00,-0.00030804521015272954
2026-05-09 08:00:00+00:00,-0.00014329572303319857
2026-05-09 12:00:00+00:00,-0.009155645085255017
2026-05-09 16:00:00+00:00,-0.0011641068897125801
2026-05-09 20:00:00+00:00,-0.0012540083825836493
2026-05-10 00:00:00+00:00,0.003426545337922749
2026-05-10 04:00:00+00:00,-0.0007659675765313125
2026-05-10 08:00:00+00:00,0.005177903921030014
2026-05-10 12:00:00+00:00,0.0067117130645307785
2026-05-10 16:00:00+00:00,0.021038139053214763
2026-05-10 20:00:00+00:00,-0.011058390202350266
2026-05-11 00:00:00+00:00,-0.0019868036902499935
2026-05-11 04:00:00+00:00,-0.011513297028448633
2026-05-11 08:00:00+00:00,-0.005418703817771008
2026-05-11 12:00:00+00:00,-0.019096259399199726
2026-05-11 16:00:00+00:00,0.012913645197036507
2026-05-11 20:00:00+00:00,-0.0035876492771888873
2026-05-12 00:00:00+00:00,0.0013402092806112046
2026-05-12 04:00:00+00:00,0.010138880702290588
2026-05-12 08:00:00+00:00,-0.014506110313075892
2026-05-12 12:00:00+00:00,0.004657449282820634
2026-05-12 16:00:00+00:00,0.010506767680817618
2026-05-12 20:00:00+00:00,0.0044087166856059175
2026-05-13 00:00:00+00:00,0.008416775330529268
2026-05-13 04:00:00+00:00,-0.01895117729160725
2026-05-13 08:00:00+00:00,-0.0080283894378407
2026-05-13 12:00:00+00:00,-0.008553390961247211
2026-05-13 16:00:00+00:00,-0.0005447668326205033
2026-05-13 20:00:00+00:00,-0.00377950191172074
2026-05-14 00:00:00+00:00,-0.005057391448575931
2026-05-14 04:00:00+00:00,-0.001154835158998924
2026-05-14 08:00:00+00:00,-0.0006065976213929013
2026-05-14 12:00:00+00:00,0.012648380235907999
2026-05-14 16:00:00+00:00,-0.015891812197723575
2026-05-14 20:00:00+00:00,0.009661979567447165
2026-05-15 00:00:00+00:00,-0.0061942793997485255
2026-05-15 04:00:00+00:00,0.0013601167403492374
2026-05-15 08:00:00+00:00,-0.009028943114036325
2026-05-15 12:00:00+00:00,0.0006401582088163106
2026-05-15 16:00:00+00:00,0.004867406432213438
2026-05-15 20:00:00+00:00,-0.0006691013880731014
2026-05-16 00:00:00+00:00,-0.0015471773436151366
2026-05-16 04:00:00+00:00,0.0015738368413157145
2026-05-16 08:00:00+00:00,-0.006383494193621252
2026-05-16 12:00:00+00:00,0.00021997901404742243
2026-05-16 16:00:00+00:00,0.006302205336473432
2026-05-16 20:00:00+00:00,-0.002978087858312262
2026-05-17 00:00:00+00:00,-0.0007031817071545543
2026-05-17 04:00:00+00:00,0.008824515875782124
2026-05-17 08:00:00+00:00,-0.0009276356722613511
2026-05-17 12:00:00+00:00,0.000300135515882083
2026-05-17 16:00:00+00:00,0.008636050519365779
2026-05-17 20:00:00+00:00,0.004239770988193949
2026-05-18 00:00:00+00:00,0.0010117851868067349
2026-05-18 04:00:00+00:00,-0.003804230018940125
2026-05-18 08:00:00+00:00,0.001194160081892015
2026-05-18 12:00:00+00:00,0.003865338561271448
2026-05-18 16:00:00+00:00,0.017981788255923583
2026-05-18 20:00:00+00:00,0.01765423345609689
2026-05-19 00:00:00+00:00,0.0012614547242942196
2026-05-19 04:00:00+00:00,0.005721105297993101
2026-05-19 08:00:00+00:00,-0.01343763087098415
2026-05-19 12:00:00+00:00,0.004317420859687693
2026-05-19 16:00:00+00:00,0.005005195934487939
2026-05-19 20:00:00+00:00,-0.006193324201483952
2026-05-20 00:00:00+00:00,0.005706764428266031
2026-05-20 04:00:00+00:00,0.004157544944063618
2026-05-20 08:00:00+00:00,-0.0002542512770117742
2026-05-20 12:00:00+00:00,0.027351487481244854
2026-05-20 16:00:00+00:00,0.009659861824574168
2026-05-20 20:00:00+00:00,0.0016260233373634582
2026-05-21 00:00:00+00:00,0.008382540359721413
2026-05-21 04:00:00+00:00,-0.005088030294739943
2026-05-21 08:00:00+00:00,-6.468034861877313e-05
2026-05-21 12:00:00+00:00,0.004370402417226968
2026-05-21 16:00:00+00:00,0.01686259275882258
2026-05-21 20:00:00+00:00,-0.0015094458997514156
2026-05-22 00:00:00+00:00,0.016976326736843284
2026-05-22 04:00:00+00:00,0.0110307556573068
2026-05-22 08:00:00+00:00,-0.005888665235414404
2026-05-22 12:00:00+00:00,-0.003318569838686125
2026-05-22 16:00:00+00:00,-0.005214102661094257
2026-05-22 20:00:00+00:00,-0.007386400641680236
2026-05-23 00:00:00+00:00,0.0025713445361446492
2026-05-23 04:00:00+00:00,-0.004724135269939667
2026-05-23 08:00:00+00:00,0.012372552426541719
2026-05-23 12:00:00+00:00,0.027885177226190196
2026-05-23 16:00:00+00:00,0.020942196343139007
2026-05-23 20:00:00+00:00,0.005541575295959468
2026-05-24 00:00:00+00:00,-0.0017551740853199772
2026-05-24 04:00:00+00:00,-0.00347037623769122
2026-05-24 08:00:00+00:00,0.010354427978558858
2026-05-24 12:00:00+00:00,0.018109408575082874
2026-05-24 16:00:00+00:00,-0.00451442567525222
2026-05-24 20:00:00+00:00,-0.001432983754606543
2026-05-25 00:00:00+00:00,-0.006239039525751867
2026-05-25 04:00:00+00:00,-0.00026673758835662597
2026-05-25 08:00:00+00:00,0.010302373476096085
2026-05-25 12:00:00+00:00,0.01933737297816598
2026-05-25 16:00:00+00:00,0.015315347507773417
2026-05-25 20:00:00+00:00,0.00804764673274505
2026-05-26 00:00:00+00:00,-0.006745813176397909
2026-05-26 04:00:00+00:00,0.013520087015618111
2026-05-26 08:00:00+00:00,0.0163209275311635
2026-05-26 12:00:00+00:00,0.004528404972056777
2026-05-26 16:00:00+00:00,-0.018267497281704556
2026-05-26 20:00:00+00:00,-0.012475029209383637
2026-05-27 00:00:00+00:00,-0.014793118610024702
2026-05-27 04:00:00+00:00,0.001576066508842411
2026-05-27 08:00:00+00:00,0.0033796691037830673
2026-05-27 12:00:00+00:00,-0.005721294856176896
2026-05-27 16:00:00+00:00,0.001610933081951105
2026-05-27 20:00:00+00:00,0.0002791115236117983
2026-05-28 00:00:00+00:00,-0.000867332190314142
2026-05-28 04:00:00+00:00,-0.00815170532156666
2026-05-28 08:00:00+00:00,-0.012224761925014694
2026-05-28 12:00:00+00:00,-0.02252481997507809
2026-05-28 16:00:00+00:00,-0.002804291211735665
2026-05-28 20:00:00+00:00,0.002589988705201907
2026-05-29 00:00:00+00:00,0.0063441450972880455
2026-05-29 04:00:00+00:00,0.022472699981261356
2026-05-29 08:00:00+00:00,-0.002415760949514789
2026-05-29 12:00:00+00:00,-0.003653667387850446
2026-05-29 16:00:00+00:00,0.009371389741979975
2026-05-29 20:00:00+00:00,-0.0023813463320120822
2026-05-30 00:00:00+00:00,-0.005537261588125196
2026-05-30 04:00:00+00:00,0.009960304224429683
2026-05-30 08:00:00+00:00,0.004611582819693715
2026-05-30 12:00:00+00:00,0.024397087282857388
2026-05-30 16:00:00+00:00,0.007600827426360879
2026-05-30 20:00:00+00:00,-0.01204423825194239
2026-05-31 00:00:00+00:00,0.007591371619393162
2026-05-31 04:00:00+00:00,0.00615002074118647
2026-05-31 08:00:00+00:00,-0.01119495598788165
2026-05-31 12:00:00+00:00,0.015343570430448273
2026-05-31 16:00:00+00:00,-0.002493925691942889
2026-05-31 20:00:00+00:00,0.010938996094414621
2026-06-01 00:00:00+00:00,0.023755176419943295
2026-06-01 04:00:00+00:00,0.0007108150043471321
2026-06-01 08:00:00+00:00,-0.0017885999235006448
2026-06-01 12:00:00+00:00,0.0121630379039628
2026-06-01 16:00:00+00:00,0.029060236300079065
2026-06-01 20:00:00+00:00,-0.002802543506178146
2026-06-02 00:00:00+00:00,0.0350072115485887
2026-06-02 04:00:00+00:00,-0.0051935185555985995
2026-06-02 08:00:00+00:00,0.007423224244473193
2026-06-02 12:00:00+00:00,0.005588608775857963
2026-06-02 16:00:00+00:00,0.016013167609618927
2026-06-02 20:00:00+00:00,0.005874497015187363
2026-06-03 00:00:00+00:00,0.010724070392032693
2026-06-03 04:00:00+00:00,0.018124691206889053
2026-06-03 08:00:00+00:00,0.016980999103335444
2026-06-03 12:00:00+00:00,0.021868255267360717
2026-06-03 16:00:00+00:00,0.0026653148632508343
2026-06-03 20:00:00+00:00,0.014951793864513441
2026-06-04 00:00:00+00:00,-0.01062666587795549
2026-06-04 04:00:00+00:00,-0.024702905828015778
2026-06-04 08:00:00+00:00,-0.007001456669118511
2026-06-04 12:00:00+00:00,0.03306543999670164
2026-06-04 16:00:00+00:00,-0.02224362770834134
2026-06-04 20:00:00+00:00,-0.04969271835511995
2026-06-05 00:00:00+00:00,-0.005361726825272913
2026-06-05 04:00:00+00:00,-0.020438862114755943
2026-06-05 08:00:00+00:00,0.006254779895038889
2026-06-05 12:00:00+00:00,0.016531366359367916
2026-06-05 16:00:00+00:00,0.01390578310141093
2026-06-05 20:00:00+00:00,0.027814476623974984
2026-06-06 00:00:00+00:00,-0.03797993186394386
2026-06-06 04:00:00+00:00,0.0010657200549216046
2026-06-06 08:00:00+00:00,-0.006567119335661477
2026-06-06 12:00:00+00:00,-0.007063806254846772
2026-06-06 16:00:00+00:00,-0.0016716573836037304
2026-06-06 20:00:00+00:00,-0.011384849877162751
2026-06-07 00:00:00+00:00,-0.009506208931882209
2026-06-07 04:00:00+00:00,0.0026039095006329394
2026-06-07 08:00:00+00:00,-0.01013567286749315
2026-06-07 12:00:00+00:00,0.03968239334465607
2026-06-07 16:00:00+00:00,-0.0017811304860690042
2026-06-07 20:00:00+00:00,-0.01574868886692431
2026-06-08 00:00:00+00:00,0.01222064649111725
2026-06-08 04:00:00+00:00,-0.00034647406898633546
2026-06-08 08:00:00+00:00,-0.003294839347888435
2026-06-08 12:00:00+00:00,-0.0013397180896344008
2026-06-08 16:00:00+00:00,0.021831012975283514
2026-06-08 20:00:00+00:00,-0.015336285263347807
2026-06-09 00:00:00+00:00,0.007207087384348811
2026-06-09 04:00:00+00:00,-0.002925439108537641
2026-06-09 08:00:00+00:00,-0.002336896970175317
2026-06-09 12:00:00+00:00,0.011438167457324289
2026-06-09 16:00:00+00:00,-0.0009403562933874903
2026-06-09 20:00:00+00:00,0.0052838336189052985
2026-06-10 00:00:00+00:00,-0.004781642359495209
2026-06-10 04:00:00+00:00,-0.00713575706000771
2026-06-10 08:00:00+00:00,0.005991652305432859
2026-06-10 12:00:00+00:00,-0.02354485296560918
2026-06-10 16:00:00+00:00,0.009302120336284928
2026-06-10 20:00:00+00:00,0.017154434187107492
2026-06-11 00:00:00+00:00,-0.013812258499932728
2026-06-11 04:00:00+00:00,0.017167785439864212
2026-06-11 08:00:00+00:00,0.0011628274394520416
2026-06-11 12:00:00+00:00,-0.00980230724734965
2026-06-11 16:00:00+00:00,-0.00031441465998609513
2026-06-11 20:00:00+00:00,0.0036757054750967467
2026-06-12 00:00:00+00:00,-0.000501790325594609
2026-06-12 04:00:00+00:00,0.002242021109210968
2026-06-12 08:00:00+00:00,-0.014952589248989435
2026-06-12 12:00:00+00:00,-0.00937302192732943
2026-06-12 16:00:00+00:00,-0.0035389808872995135
2026-06-12 20:00:00+00:00,-0.0006410455822815294
2026-06-13 00:00:00+00:00,-2.064181194261173e-06
2026-06-13 04:00:00+00:00,-0.006955676788988074
2026-06-13 08:00:00+00:00,-0.0006464458473647962
2026-06-13 12:00:00+00:00,0.0154703054295535
2026-06-13 16:00:00+00:00,-0.000125981990818791
2026-06-13 20:00:00+00:00,-0.008564871268592001
2026-06-14 00:00:00+00:00,0.0044966677419548745
2026-06-14 04:00:00+00:00,0.0004467869515884853
2026-06-14 08:00:00+00:00,0.004960839182290445
2026-06-14 12:00:00+00:00,0.002418242165173612
2026-06-14 16:00:00+00:00,-0.001086185470391543
2026-06-14 20:00:00+00:00,-0.04036598685321362
2026-06-15 00:00:00+00:00,0.012863882691428023
2026-06-15 04:00:00+00:00,-0.0033430534434590433
2026-06-15 08:00:00+00:00,-0.008126142408484706
2026-06-15 12:00:00+00:00,-0.030997679036627514
2026-06-15 16:00:00+00:00,0.02991983932624165
2026-06-15 20:00:00+00:00,-0.0007609240257733466
2026-06-16 00:00:00+00:00,0.0036629433966646856
2026-06-16 04:00:00+00:00,0.008698523877377864
2026-06-16 08:00:00+00:00,0.003584580900674574
2026-06-16 12:00:00+00:00,-0.010241211487566737
2026-06-16 16:00:00+00:00,0.00689955779212459
2026-06-16 20:00:00+00:00,0.007616603386964595
2026-06-17 00:00:00+00:00,-0.0051342978883495375
2026-06-17 04:00:00+00:00,0.00805274290824165
2026-06-17 08:00:00+00:00,-0.030638912540597054
2026-06-17 12:00:00+00:00,-0.005985582209224023
2026-06-17 16:00:00+00:00,0.0024669049754825626
2026-06-17 20:00:00+00:00,0.000561335607430368
2026-06-18 00:00:00+00:00,-0.008987440440761007
2026-06-18 04:00:00+00:00,-0.002217016259466597
2026-06-18 08:00:00+00:00,0.005739305663850414
2026-06-18 12:00:00+00:00,0.0028314850524002507
2026-06-18 16:00:00+00:00,-0.003450316422166267
2026-06-18 20:00:00+00:00,0.009109475485774388
2026-06-19 00:00:00+00:00,0.006023967569342781
2026-06-19 04:00:00+00:00,0.008666597846362057
2026-06-19 08:00:00+00:00,-0.009544530985413456
2026-06-19 12:00:00+00:00,0.0028959582335667867
2026-06-19 16:00:00+00:00,0.005493119145640169
2026-06-19 20:00:00+00:00,-0.01045372533310771
2026-06-20 00:00:00+00:00,0.00013547339243633657
2026-06-20 04:00:00+00:00,0.003634157804107252
2026-06-20 08:00:00+00:00,0.002401671136250273
2026-06-20 12:00:00+00:00,0.01169494934919102
2026-06-20 16:00:00+00:00,-0.011439328867885835
2026-06-20 20:00:00+00:00,0.005267444032043068
2026-06-21 00:00:00+00:00,-0.0009052879856529696
2026-06-21 04:00:00+00:00,-0.0009544192711323121
2026-06-21 08:00:00+00:00,-0.00419607842399632
2026-06-21 12:00:00+00:00,0.02447471674613097
2026-06-21 16:00:00+00:00,-0.00528482133822743
2026-06-21 20:00:00+00:00,-0.01715016327896575
2026-06-22 00:00:00+00:00,0.010108581870761357
2026-06-22 04:00:00+00:00,0.0033219139112690595
2026-06-22 08:00:00+00:00,-0.010018648521775165
2026-06-22 12:00:00+00:00,0.004710696908315959
2026-06-22 16:00:00+00:00,-0.000747652208755567
2026-06-22 20:00:00+00:00,-0.008082150082640883
2026-06-23 00:00:00+00:00,-0.005147463671077369
2026-06-23 04:00:00+00:00,-0.016792715813091167
2026-06-23 08:00:00+00:00,-0.005130823382449991
2026-06-23 12:00:00+00:00,0.001702883176128056
2026-06-23 16:00:00+00:00,0.0018220657026102097
2026-06-23 20:00:00+00:00,0.0014643536672602762
2026-06-24 00:00:00+00:00,-0.01097341375836767
2026-06-24 04:00:00+00:00,0.002952572763926398
2026-06-24 08:00:00+00:00,0.017687499569461584
2026-06-24 12:00:00+00:00,0.008881511816145046
2026-06-24 16:00:00+00:00,-0.002447594699172195
2026-06-24 20:00:00+00:00,0.006144815693967007
2026-06-25 00:00:00+00:00,0.005622731707071527
2026-06-25 04:00:00+00:00,-0.008063051139910703
2026-06-25 08:00:00+00:00,0.007569518266799702
2026-06-25 12:00:00+00:00,0.005028693093257548
2026-06-25 16:00:00+00:00,0.0003279115097629681
2026-06-25 20:00:00+00:00,0.004377090829381869
2026-06-26 00:00:00+00:00,0.0020983392665364876
2026-06-26 04:00:00+00:00,0.003944510620415762
2026-06-26 08:00:00+00:00,-0.004763142713121549
2026-06-26 12:00:00+00:00,0.01021321455738726
2026-06-26 16:00:00+00:00,0.013163741654811378
2026-06-26 20:00:00+00:00,-0.010583325047388615
2026-06-27 00:00:00+00:00,-0.007702423214070686
2026-06-27 04:00:00+00:00,0.008926895398148971
2026-06-27 08:00:00+00:00,0.0014258967105765135
2026-06-27 12:00:00+00:00,-0.007294805808165239
2026-06-27 16:00:00+00:00,-0.008699211264062482
2026-06-27 20:00:00+00:00,-0.003837171919765981
2026-06-28 00:00:00+00:00,-0.006159895445777974
2026-06-28 04:00:00+00:00,-0.00294560624033744
2026-06-28 08:00:00+00:00,-0.005165141910313808
2026-06-28 12:00:00+00:00,0.002059784236268137
2026-06-28 16:00:00+00:00,-0.001765988078102864
2026-06-28 20:00:00+00:00,0.006155336940278144
2026-06-29 00:00:00+00:00,0.0015759870006189832
2026-06-29 04:00:00+00:00,-0.007315564894430259
2026-06-29 08:00:00+00:00,-0.0018884910911089344
2026-06-29 12:00:00+00:00,0.0008680746252684333
2026-06-29 16:00:00+00:00,0.006524429469662876
2026-06-29 20:00:00+00:00,-0.00344364607451819
2026-06-30 00:00:00+00:00,-0.0011637905502583056
2026-06-30 04:00:00+00:00,0.0028341506783054137
2026-06-30 08:00:00+00:00,-0.005396872825407196
2026-06-30 12:00:00+00:00,-0.014285054772725724
2026-06-30 16:00:00+00:00,0.005959415802568024
2026-06-30 20:00:00+00:00,0.000757020717381507
2026-07-01 00:00:00+00:00,0.0033198802997731055
2026-07-01 04:00:00+00:00,0.006521405045852853
2026-07-01 08:00:00+00:00,0.00012409881500117246
2026-07-01 12:00:00+00:00,-0.015165685117903217
2026-07-01 16:00:00+00:00,0.024560960512633703
2026-07-01 20:00:00+00:00,-0.007154073500661351
2026-07-02 00:00:00+00:00,-0.015362813433290512
2026-07-02 04:00:00+00:00,-0.0025555738215659266
2026-07-02 08:00:00+00:00,-0.01185655596970332
2026-07-02 12:00:00+00:00,-0.0007720392842166524
2026-07-02 16:00:00+00:00,-0.00898893524129145
2026-07-02 20:00:00+00:00,-0.005732629336709195
2026-07-03 00:00:00+00:00,-0.013412004456810922
2026-07-03 04:00:00+00:00,0.0029843147543020523
2026-07-03 08:00:00+00:00,-0.014380389265874084
2026-07-03 12:00:00+00:00,0.003960507391960877
2026-07-03 16:00:00+00:00,0.00025956531423167997
2026-07-03 20:00:00+00:00,-0.018116462840515577
2026-07-04 00:00:00+00:00,-0.0020795822782974987
2026-07-04 04:00:00+00:00,0.02018795834338978
2026-07-04 08:00:00+00:00,0.004345400993100436
2026-07-04 12:00:00+00:00,0.0024167557402352104
2026-07-04 16:00:00+00:00,0.006302941389950845
2026-07-04 20:00:00+00:00,0.0016112633948174528
2026-07-05 00:00:00+00:00,0.00519195284056757
2026-07-05 04:00:00+00:00,0.004985868645985981
2026-07-05 08:00:00+00:00,-0.001766713773053884
2026-07-05 12:00:00+00:00,0.0050170776956692375
2026-07-05 16:00:00+00:00,-0.007958800801905652
2026-07-05 20:00:00+00:00,-0.007909186846828667
2026-07-06 00:00:00+00:00,-0.0030017216179234704
2026-07-06 04:00:00+00:00,0.004952272328507036
2026-07-06 08:00:00+00:00,0.003971542421246955
2026-07-06 12:00:00+00:00,0.004628555196504649
2026-07-06 16:00:00+00:00,0.003497437562533778
2026-07-06 20:00:00+00:00,-0.002575600831400871
2026-07-07 00:00:00+00:00,0.0030441344792095718
2026-07-07 04:00:00+00:00,0.005310899450293816
2026-07-07 08:00:00+00:00,-0.0009389100232897851
2026-07-07 12:00:00+00:00,-0.0022749546711732004
2026-07-07 16:00:00+00:00,0.008250822441390348
2026-07-07 20:00:00+00:00,0.0005328091183604217
2026-07-08 00:00:00+00:00,0.0010458139055501857
2026-07-08 04:00:00+00:00,0.005161477559310956
2026-07-08 08:00:00+00:00,-0.0006659311112171324
2026-07-08 12:00:00+00:00,-0.004571863399252551
2026-07-08 16:00:00+00:00,-0.005023409393629708
2026-07-08 20:00:00+00:00,-0.004657919864692795
2026-07-09 00:00:00+00:00,-0.005610966748379177
2026-07-09 04:00:00+00:00,-0.0037423110883810567
2026-07-09 08:00:00+00:00,0.003610526816413718
2026-07-09 12:00:00+00:00,0.0022856127493892544
2026-07-09 16:00:00+00:00,0.002269056957383952
2026-07-09 20:00:00+00:00,0.0060871779704342105
2026-07-10 00:00:00+00:00,0.005312929715075843
2026-07-10 04:00:00+00:00,0.008588614350797032
2026-07-10 08:00:00+00:00,0.006260844285515787
2026-07-10 12:00:00+00:00,-0.006238781820140727
2026-07-10 16:00:00+00:00,0.0029842383195645807
2026-07-10 20:00:00+00:00,-0.0004810049163809227
2026-07-11 00:00:00+00:00,-0.014608159304880644
2026-07-11 04:00:00+00:00,0.006348872530336424
2026-07-11 08:00:00+00:00,0.0026571496248310113
2026-07-11 12:00:00+00:00,0.01734222486428578
2026-07-11 16:00:00+00:00,0.004567853533668553
2026-07-11 20:00:00+00:00,-0.006404331906426529
2026-07-12 00:00:00+00:00,0.007766428542238078
2026-07-12 04:00:00+00:00,-0.0029083362548020693
2026-07-12 08:00:00+00:00,-0.02052884950087728
2026-07-12 12:00:00+00:00,0.005099124769348507
2026-07-12 16:00:00+00:00,-0.0070033981227831
2026-07-12 20:00:00+00:00,0.009350852537659082
2026-07-13 00:00:00+00:00,-0.01066272497332885
2026-07-13 04:00:00+00:00,0.0060826199032206546
2026-07-13 08:00:00+00:00,-0.011227454575502338
2026-07-13 12:00:00+00:00,0.005870422220162563
2026-07-13 16:00:00+00:00,0.0035305367462434407
2026-07-13 20:00:00+00:00,-0.0009454879663032489
2026-07-14 00:00:00+00:00,0.0019345321754878466
2026-07-14 04:00:00+00:00,-0.013670426650159518
2026-07-14 08:00:00+00:00,0.007077671801146647
2026-07-14 12:00:00+00:00,0.010258620379630969
2026-07-14 16:00:00+00:00,0.00048567798298055926
2026-07-14 20:00:00+00:00,0.011001820491510396
2026-07-15 00:00:00+00:00,-0.005517104087232494
2026-07-15 04:00:00+00:00,-0.011222818533559177
2026-07-15 08:00:00+00:00,0.009136909608235478
2026-07-15 12:00:00+00:00,0.00933628191971039
2026-07-15 16:00:00+00:00,-0.004918014127914373
2026-07-15 20:00:00+00:00,0.002647389224397334
2026-07-16 00:00:00+00:00,0.003362490613259773
2026-07-16 04:00:00+00:00,-0.0008028305077007134
2026-07-16 08:00:00+00:00,-0.007976728542791056
2026-07-16 12:00:00+00:00,-0.0011903057123078264
2026-07-16 16:00:00+00:00,0.00370151496717488
2026-07-16 20:00:00+00:00,-0.007657572378038946
2026-07-17 00:00:00+00:00,0.008023726787287067
2026-07-17 04:00:00+00:00,-0.005980481980192099
2026-07-17 08:00:00+00:00,-0.002137412945538731
2026-07-17 12:00:00+00:00,-0.0011796928316099016
2026-07-17 16:00:00+00:00,0.004371059878092121
2026-07-17 20:00:00+00:00,0.009529856688322891
2026-07-18 00:00:00+00:00,-0.0077769264981371496
2026-07-18 04:00:00+00:00,-0.000546520717621712
2026-07-18 08:00:00+00:00,0.00013259127444527135
2026-07-18 12:00:00+00:00,0.01078158473694939
2026-07-18 16:00:00+00:00,-0.001066568050483041
2026-07-18 20:00:00+00:00,-0.0008844728239546293
2026-07-19 00:00:00+00:00,-0.0039623764133769335
2026-07-19 04:00:00+00:00,0.00821196923330445
2026-07-19 08:00:00+00:00,0.0017566941624211243
2026-07-19 12:00:00+00:00,-0.0010065887209321999
2026-07-19 16:00:00+00:00,0.0025893722493529393
2026-07-19 20:00:00+00:00,0.0019928419549435587
2026-07-20 00:00:00+00:00,-0.011070764387649269
2026-07-20 04:00:00+00:00,0.003154555903590861
2026-07-20 08:00:00+00:00,0.0006395260558492042
2026-07-20 12:00:00+00:00,0.003235466269058352
2026-07-20 16:00:00+00:00,0.0035579810028902206
2026-07-20 20:00:00+00:00,-0.0032432353701820297
2026-07-21 00:00:00+00:00,0.0006522270853083862
2026-07-21 04:00:00+00:00,-0.0038466135484061634
2026-07-21 08:00:00+00:00,-0.0025915416888785186
2026-07-21 12:00:00+00:00,-0.0029137275334743416
2026-07-21 16:00:00+00:00,-0.0025224790666218636
2026-07-21 20:00:00+00:00,0.0035933628654147174
2026-07-22 00:00:00+00:00,-0.004138127150487848
2026-07-22 04:00:00+00:00,0.004806242067187027
2026-07-22 08:00:00+00:00,0.0005071839609087848
2026-07-22 12:00:00+00:00,-0.006255655963609642
2026-07-22 16:00:00+00:00,0.0013556501297006694
2026-07-22 20:00:00+00:00,0.0010021208703387958
2026-07-23 00:00:00+00:00,0.0021839613274212692
2026-07-23 04:00:00+00:00,0.0015781216612847258
2026-07-23 08:00:00+00:00,-0.0024644999561324044
2026-07-23 12:00:00+00:00,-0.0033392228833932563
2026-07-23 16:00:00+00:00,0.0007318775496983902
2026-07-23 20:00:00+00:00,-0.0014993757512207885
2026-07-24 00:00:00+00:00,-0.004221073707142353
2026-07-24 04:00:00+00:00,0.00804846229500109
2026-07-24 08:00:00+00:00,0.0011603980216656996
2026-07-24 12:00:00+00:00,0.006594276402131949
2026-07-24 16:00:00+00:00,0.0014294457621368613
2026-07-24 20:00:00+00:00,0.004197886416650242
2026-07-25 00:00:00+00:00,-0.0068169027487407835
2026-07-25 04:00:00+00:00,-0.003760903556608741
2026-07-25 08:00:00+00:00,-0.004801513049334627
2026-07-25 12:00:00+00:00,-0.006746212149707208
2026-07-25 16:00:00+00:00,0.0003724179985508336
2026-07-25 20:00:00+00:00,0.0024460721646619053
2026-07-26 00:00:00+00:00,0.008966984928802569
2026-07-26 04:00:00+00:00,-0.0015153755712995045
2026-07-26 08:00:00+00:00,0.014397280737654474
2026-07-26 12:00:00+00:00,0.0085991608688051
2026-07-26 16:00:00+00:00,-0.007973839863652523
2026-07-26 20:00:00+00:00,0.0001179048401584986
2026-07-27 00:00:00+00:00,0.00629848163937261
2026-07-27 04:00:00+00:00,0.0040014351777285075
2026-07-27 08:00:00+00:00,0.00010828798724833537
2026-07-27 12:00:00+00:00,0.005413235745350154
2026-07-27 16:00:00+00:00,-0.0008438659271311705
2026-07-27 20:00:00+00:00,-0.00772266936924646
2026-07-28 00:00:00+00:00,-0.014984890054723832
2026-07-28 04:00:00+00:00,0.010600691550490239
2026-07-28 08:00:00+00:00,0.010547811108007553
2026-07-28 12:00:00+00:00,0.016830184364814336
2026-07-28 16:00:00+00:00,0.011926306004182074
2026-07-28 20:00:00+00:00,0.0008218335919281557
2026-07-29 00:00:00+00:00,0.01181760713899005
2026-07-29 04:00:00+00:00,-0.005384912257631159
2026-07-29 08:00:00+00:00,0.013854177101013044
2026-07-29 12:00:00+00:00,-0.007964494709082871
2026-07-29 16:00:00+00:00,-0.0013732937468311727
2026-07-29 20:00:00+00:00,-0.006205390443766622
2026-07-30 00:00:00+00:00,0.0016953636266432421
2026-07-30 04:00:00+00:00,-0.0004096610401946639
2026-07-30 08:00:00+00:00,0.013948590035381627
2026-07-30 12:00:00+00:00,0.009462059558251034
2026-07-30 16:00:00+00:00,0.00038188331765618355
2026-07-30 20:00:00+00:00,0.0061950211612257
2026-07-31 00:00:00+00:00,-0.0020105326359530105
2026-07-31 04:00:00+00:00,-0.006593439209346253
2026-07-31 08:00:00+00:00,0.0018546375176961233
2026-07-31 12:00:00+00:00,-0.01066969355912073
2026-07-31 16:00:00+00:00,0.0016848357792261352
2026-07-31 20:00:00+00:00,-0.0023854391575490958
2026-08-01 00:00:00+00:00,-0.0027318288295901556
2026-08-01 04:00:00+00:00,-0.009570182575384069
2026-08-01 08:00:00+00:00,-0.005311818539407187
2026-08-01 12:00:00+00:00,-0.0019497178966101595
2026-08-01 16:00:00+00:00,0.001692038196682667
2026-08-01 20:00:00+00:00,0.0044488083560656035
2026-08-02 00:00:00+00:00,-0.007331583706856248
2026-08-02 04:00:00+00:00,-0.0007662838963293348
2026-08-02 08:00:00+00:00,0.009410892573068576
2026-08-02 12:00:00+00:00,0.008922305846381562
2026-08-02 16:00:00+00:00,-0.010164641386593478
2026-08-02 20:00:00+00:00,-0.006062289636012052
2026-08-03 00:00:00+00:00,-0.0002663632861162439
2026-08-03 04:00:00+00:00,0.0022069712294040525
2026-08-03 08:00:00+00:00,-0.0015078343365926277
2026-08-03 12:00:00+00:00,-0.011488446648165595
2026-08-03 16:00:00+00:00,-0.00020729449100542773
2026-08-03 20:00:00+00:00,0.0009200693711951314
2026-08-04 00:00:00+00:00,-0.0066351169126368514
2026-08-04 04:00:00+00:00,0.007953528161990887
2026-08-04 08:00:00+00:00,-0.0049180249588559825
2026-08-04 12:00:00+00:00,-0.009791789380726269
2026-08-04 16:00:00+00:00,-0.0055462941867777445
2026-08-04 20:00:00+00:00,0.0019472431333492411
2026-08-05 00:00:00+00:00,0.00837537017391452
2026-08-05 04:00:00+00:00,-0.0016405080286465037
2026-08-05 08:00:00+00:00,0.006520773833949534
2026-08-05 12:00:00+00:00,0.0013458803355820728
2026-08-05 16:00:00+00:00,0.007966920099381047
2026-08-05 20:00:00+00:00,0.0017409087018988468
2026-08-06 00:00:00+00:00,-0.0016028609313540232
2026-08-06 04:00:00+00:00,0.0005140875235265074
2026-08-06 08:00:00+00:00,0.010249669865159473
2026-08-06 12:00:00+00:00,0.019630948935668836
2026-08-06 16:00:00+00:00,-0.004113569133893647
2026-08-06 20:00:00+00:00,0.004959276965988347
2026-08-07 00:00:00+00:00,0.005314394563389491
2026-08-07 04:00:00+00:00,-0.002803333816916798
2026-08-07 08:00:00+00:00,0.0010017953094513703
2026-08-07 12:00:00+00:00,-0.0016994630991442826
2026-08-07 16:00:00+00:00,0.0012432765409844835
2026-08-07 20:00:00+00:00,0.001530533503773035
2026-08-08 00:00:00+00:00,0.0018418573912998273
2026-08-08 04:00:00+00:00,-0.0023021888918925318
2026-08-08 08:00:00+00:00,-0.009704781749982972
2026-08-08 12:00:00+00:00,0.0006990928390506745
2026-08-08 16:00:00+00:00,0.004072121492522274
2026-08-08 20:00:00+00:00,-0.0013746810663037845
2026-08-09 00:00:00+00:00,-0.015056733212066265
2026-08-09 04:00:00+00:00,0.009036626984264084
2026-08-09 08:00:00+00:00,0.005715429690745833
2026-08-09 12:00:00+00:00,-0.008473067037722748
2026-08-09 16:00:00+00:00,-0.0007651742239219049
2026-08-09 20:00:00+00:00,0.0050781282453610695
2026-08-10 00:00:00+00:00,-0.005676088951967072
2026-08-10 04:00:00+00:00,-0.02264815317461775
2026-08-10 08:00:00+00:00,0.006738116118471373
2026-08-10 12:00:00+00:00,-0.0061466669344815384
2026-08-10 16:00:00+00:00,0.0019046223259050698
2026-08-10 20:00:00+00:00,0.0017885071259182489
2026-08-11 00:00:00+00:00,0.005150364046452083
2026-08-11 04:00:00+00:00,8.089714196051227e-05
2026-08-11 08:00:00+00:00,-0.00413208127541549
2026-08-11 12:00:00+00:00,-0.006542446741600339
2026-08-11 16:00:00+00:00,-0.00988339524174502
2026-08-11 20:00:00+00:00,-0.008966364445821374
2026-08-12 00:00:00+00:00,-0.004557189716971831
2026-08-12 04:00:00+00:00,-0.004920676594170906
2026-08-12 08:00:00+00:00,0.0052768215122755546
2026-08-12 12:00:00+00:00,0.0004912245596681913
2026-08-12 16:00:00+00:00,0.007661119425443053
2026-08-12 20:00:00+00:00,0.0019287970057366714
2026-08-13 00:00:00+00:00,0.00034927909124726807
2026-08-13 04:00:00+00:00,-0.0012347015714121229
2026-08-13 08:00:00+00:00,0.010984450438487683
2026-08-13 12:00:00+00:00,0.0073163999698905085
2026-08-13 16:00:00+00:00,-0.006736307688918419
2026-08-13 20:00:00+00:00,-0.0008994390169443369
2026-08-14 00:00:00+00:00,0.003104533586931147
2026-08-14 04:00:00+00:00,-0.002126487696418832
2026-08-14 08:00:00+00:00,0.02041003906977721
2026-08-14 12:00:00+00:00,0.00029245923042950925
2026-08-14 16:00:00+00:00,0.0054267273333683756
2026-08-14 20:00:00+00:00,-0.002348356534756868
2026-08-15 00:00:00+00:00,0.008470400026545111
2026-08-15 04:00:00+00:00,0.0031946542711025483
2026-08-15 08:00:00+00:00,-0.006985727562369769
2026-08-15 12:00:00+00:00,0.0035767911625986127
2026-08-15 16:00:00+00:00,0.007212069644687991
2026-08-15 20:00:00+00:00,-0.0004402575383862579
2026-08-16 00:00:00+00:00,0.0014179571945984514
2026-08-16 04:00:00+00:00,-0.0039492805541511584
2026-08-16 08:00:00+00:00,0.0010810730798422653
2026-08-16 12:00:00+00:00,0.0020343426072707118
2026-08-16 16:00:00+00:00,0.007418491871420185
2026-08-16 20:00:00+00:00,-0.002545084506086637
2026-08-17 00:00:00+00:00,0.007671369792677997
2026-08-17 04:00:00+00:00,0.005773346863910334
2026-08-17 08:00:00+00:00,0.008187878441696196
2026-08-17 12:00:00+00:00,-0.007012619230484418
2026-08-17 16:00:00+00:00,-0.003183492915501107
2026-08-17 20:00:00+00:00,-0.0006736045826592613
2026-08-18 00:00:00+00:00,-0.0017063551206657702
2026-08-18 04:00:00+00:00,-0.0049762645256381305
2026-08-18 08:00:00+00:00,-0.006167569037458565
2026-08-18 12:00:00+00:00,0.0017041805030316491
2026-08-18 16:00:00+00:00,0.001513376108768472
2026-08-18 20:00:00+00:00,-0.0031770633641181826
2026-08-19 00:00:00+00:00,-0.004859792154158438
2026-08-19 04:00:00+00:00,0.0007865462435679318
2026-08-19 08:00:00+00:00,-0.001987137225833191
2026-08-19 12:00:00+00:00,0.005135593967269526
2026-08-19 16:00:00+00:00,-0.011760092863579973
2026-08-19 20:00:00+00:00,-0.013120336042169799
2026-08-20 00:00:00+00:00,0.003477832206780219
2026-08-20 04:00:00+00:00,-0.008720692105323337
2026-08-20 08:00:00+00:00,-0.012946898447648845
2026-08-20 12:00:00+00:00,-0.0025090333243616763
2026-08-20 16:00:00+00:00,0.004871705713858353
2026-08-20 20:00:00+00:00,-0.019218839519629438
2026-08-21 00:00:00+00:00,-0.0031328443268632267
2026-08-21 04:00:00+00:00,-0.019088208365394887
2026-08-21 08:00:00+00:00,0.0024772822582259
2026-08-21 12:00:00+00:00,-0.014276219945017557
2026-08-21 16:00:00+00:00,0.004495405195916912
2026-08-21 20:00:00+00:00,-0.014538091145320167
2026-08-22 00:00:00+00:00,-0.014500972146797537
2026-08-22 04:00:00+00:00,0.012194416040200974
2026-08-22 08:00:00+00:00,-0.003603421627475955
2026-08-22 12:00:00+00:00,-0.00869990719451057
2026-08-22 16:00:00+00:00,0.009434672278474788
2026-08-22 20:00:00+00:00,-0.019651988130640466
2026-08-23 00:00:00+00:00,0.010370305437298952
2026-08-23 04:00:00+00:00,0.0032711332712433983
2026-08-23 08:00:00+00:00,0.006272622121339257
2026-08-23 12:00:00+00:00,0.01651822970277146
2026-08-23 16:00:00+00:00,-0.003647860479754162
2026-08-23 20:00:00+00:00,0.007456527778863674
2026-08-24 00:00:00+00:00,-0.0023796615113100394
2026-08-24 04:00:00+00:00,0.0038286682045634455
2026-08-24 08:00:00+00:00,0.003363705156833552
2026-08-24 12:00:00+00:00,-0.0038710213054548256
2026-08-24 16:00:00+00:00,-0.014232891500298873
2026-08-24 20:00:00+00:00,-0.0037848495671235494
2026-08-25 00:00:00+00:00,0.002189256780225568
2026-08-25 04:00:00+00:00,0.001091549442505268
2026-08-25 08:00:00+00:00,-0.008993469756999464
2026-08-25 12:00:00+00:00,-0.002024925173663217
2026-08-25 16:00:00+00:00,-0.0024067558935466637
2026-08-25 20:00:00+00:00,-0.006616035509683238
2026-08-26 00:00:00+00:00,0.00021112874144932911
2026-08-26 04:00:00+00:00,-0.002749397682674392
2026-08-26 08:00:00+00:00,-0.005453584754777574
2026-08-26 12:00:00+00:00,-0.006012318421044306
2026-08-26 16:00:00+00:00,0.002965386767150813
2026-08-26 20:00:00+00:00,0.0050933454674746016
2026-08-27 00:00:00+00:00,-0.015578817961444781
2026-08-27 04:00:00+00:00,0.006693231720075078
2026-08-27 08:00:00+00:00,-0.007225636332001773
2026-08-27 12:00:00+00:00,0.0025827699506465237
2026-08-27 16:00:00+00:00,0.006267288380736048
2026-08-27 20:00:00+00:00,-0.0023925788537424225
2026-08-28 00:00:00+00:00,-0.004308751727002517
2026-08-28 04:00:00+00:00,0.0011289418714211848
2026-08-28 08:00:00+00:00,-0.0014797589099517124
2026-08-28 12:00:00+00:00,-0.003194017718768238
2026-08-28 16:00:00+00:00,-0.0003942629842773157
2026-08-28 20:00:00+00:00,-0.002973417617286244
2026-08-29 00:00:00+00:00,0.0020453182127823993
2026-08-29 04:00:00+00:00,0.0005527341995903658
2026-08-29 08:00:00+00:00,0.0033503117494340768
2026-08-29 12:00:00+00:00,0.00484749513978393
2026-08-29 16:00:00+00:00,-0.001406742704417119
2026-08-29 20:00:00+00:00,0.005813584886868294
2026-08-30 00:00:00+00:00,-0.004817906386015736
2026-08-30 04:00:00+00:00,-0.003903515320473284
2026-08-30 08:00:00+00:00,0.0014792011601338917
2026-08-30 12:00:00+00:00,0.009061199375566532
2026-08-30 16:00:00+00:00,-0.0030840677964919295
2026-08-30 20:00:00+00:00,0.0031125057180356255
2026-08-31 00:00:00+00:00,-0.009292465406989293
2026-08-31 04:00:00+00:00,0.0034832092651619915
2026-08-31 08:00:00+00:00,0.007709018948188894
2026-08-31 12:00:00+00:00,0.005180513453612301
2026-08-31 16:00:00+00:00,-0.0012006666457933237
2026-08-31 20:00:00+00:00,-0.003016985929034899
2026-09-01 00:00:00+00:00,0.0016080750968948884
2026-09-01 04:00:00+00:00,0.01701829818392846
2026-09-01 08:00:00+00:00,-0.008128918071085666
2026-09-01 12:00:00+00:00,-0.011564685564467036
2026-09-01 16:00:00+00:00,0.006302528331349787
2026-09-01 20:00:00+00:00,0.008376493225557405
2026-09-02 00:00:00+00:00,0.012133837992617247
2026-09-02 04:00:00+00:00,0.01042550529486821
2026-09-02 08:00:00+00:00,-0.03825373191808579
2026-09-02 12:00:00+00:00,0.024978210832630902
2026-09-02 16:00:00+00:00,0.012097564393552585
2026-09-02 20:00:00+00:00,-0.012279851121430242
2026-09-03 00:00:00+00:00,-0.011153347063364374
2026-09-03 04:00:00+00:00,0.012387441296139268
2026-09-03 08:00:00+00:00,0.017504144960671857
2026-09-03 12:00:00+00:00,0.004559968262500845
2026-09-03 16:00:00+00:00,0.006371162957597921
2026-09-03 20:00:00+00:00,0.0041755515227431365
2026-09-04 00:00:00+00:00,-0.0017649940342059347
2026-09-04 04:00:00+00:00,0.012726611497073815
2026-09-04 08:00:00+00:00,-0.0046460214153894765
2026-09-04 12:00:00+00:00,0.013595444147039814
2026-09-04 16:00:00+00:00,-0.024588785282601625
2026-09-04 20:00:00+00:00,-0.007165850812746722
2026-09-05 00:00:00+00:00,0.0018600513932958366
2026-09-05 04:00:00+00:00,-0.013323112540886584
2026-09-05 08:00:00+00:00,-0.0038506653226062274
2026-09-05 12:00:00+00:00,0.0035080922029480325
2026-09-05 16:00:00+00:00,0.04390226039772442
2026-09-05 20:00:00+00:00,0.038152586812922176
2026-09-06 00:00:00+00:00,0.008609321271496473
2026-09-06 04:00:00+00:00,-0.0007375675805087814
2026-09-06 08:00:00+00:00,-3.0401046320613573e-05
2026-09-06 12:00:00+00:00,-0.004525395649620156
2026-09-06 16:00:00+00:00,0.0062314208941375085
2026-09-06 20:00:00+00:00,0.004097858887679972
2026-09-07 00:00:00+00:00,-0.016142270650728333
2026-09-07 04:00:00+00:00,-0.00917805682099395
2026-09-07 08:00:00+00:00,-0.003513387365813835
2026-09-07 12:00:00+00:00,-0.012766534120548867
2026-09-07 16:00:00+00:00,0.018730761790996128
2026-09-07 20:00:00+00:00,-0.016002232969724053
2026-09-08 00:00:00+00:00,0.02962589846828661
2026-09-08 04:00:00+00:00,-0.006007871286457878
2026-09-08 08:00:00+00:00,-0.00989431679827928
2026-09-08 12:00:00+00:00,-0.02094801391881846
2026-09-08 16:00:00+00:00,-0.0074557631655312265
2026-09-08 20:00:00+00:00,-0.0049227729985459765
2026-09-09 00:00:00+00:00,0.007909624296938556
2026-09-09 04:00:00+00:00,0.07204975690128759
2026-09-09 08:00:00+00:00,0.021542888166808764
2026-09-09 12:00:00+00:00,0.0729762267473896
2026-09-09 16:00:00+00:00,0.03468591745135741
2026-09-09 20:00:00+00:00,-0.02111270211107448
2026-09-10 00:00:00+00:00,-0.0694996547763994
2026-09-10 04:00:00+00:00,-0.03812848475989384
2026-09-10 08:00:00+00:00,0.013087267246696156
2026-09-10 12:00:00+00:00,0.012360468045127382
2026-09-10 16:00:00+00:00,-0.022662817621570564
2026-09-10 20:00:00+00:00,-0.01402171959068086
2026-09-11 00:00:00+00:00,-0.014462145194458188
2026-09-11 04:00:00+00:00,0.0038462740527629227
2026-09-11 08:00:00+00:00,-0.004891929509446302
2026-09-11 12:00:00+00:00,0.010531461195636107
2026-09-11 16:00:00+00:00,-0.010189335817147004
2026-09-11 20:00:00+00:00,-0.014516475769860239
2026-09-12 00:00:00+00:00,-0.011058233378866111
2026-09-12 04:00:00+00:00,0.0181577481908803
2026-09-12 08:00:00+00:00,-0.008801829595844678
2026-09-12 12:00:00+00:00,0.005522705039970856
2026-09-12 16:00:00+00:00,-0.018552079463987292
2026-09-12 20:00:00+00:00,0.011782623060207342
2026-09-13 00:00:00+00:00,-0.013247453825837453
