ts,open,high,low,close,volume,dt
1694664000000,53.92,53.93,53.3,53.8,49162.9,2023-09-14 04:00:00+00:00
1694678400000,53.81,54.08,53.43,54.06,32285.5,2023-09-14 08:00:00+00:00
1694692800000,54.06,54.96,53.63,54.53,102030.6,2023-09-14 12:00:00+00:00
1694707200000,54.54,55.06,54.23,54.75,80118.7,2023-09-14 16:00:00+00:00
1694721600000,54.75,54.84,54.12,54.32,29245.1,2023-09-14 20:00:00+00:00
1694736000000,54.32,54.92,53.86,54.68,48934.8,2023-09-15 00:00:00+00:00
1694750400000,54.69,54.93,54.33,54.55,39292.7,2023-09-15 04:00:00+00:00
1694764800000,54.54,55.37,54.43,54.7,62063.0,2023-09-15 08:00:00+00:00
1694779200000,54.7,54.84,54.03,54.41,63976.2,2023-09-15 12:00:00+00:00
1694793600000,54.41,54.74,54.27,54.6,27568.0,2023-09-15 16:00:00+00:00
1694808000000,54.61,56.1,54.5,55.84,88569.2,2023-09-15 20:00:00+00:00
1694822400000,55.84,62.9,55.75,59.14,748962.4,2023-09-16 00:00:00+00:00
1694836800000,59.14,61.12,58.8,59.27,266814.7,2023-09-16 04:00:00+00:00
1694851200000,59.27,59.81,58.81,59.37,142566.2,2023-09-16 08:00:00+00:00
1694865600000,59.36,60.03,58.32,58.69,173750.0,2023-09-16 12:00:00+00:00
1694880000000,58.7,59.61,58.59,59.07,99683.5,2023-09-16 16:00:00+00:00
1694894400000,59.07,59.6,58.89,59.14,58052.5,2023-09-16 20:00:00+00:00
1694908800000,59.13,59.95,57.53,59.74,206125.0,2023-09-17 00:00:00+00:00
1694923200000,59.75,61.46,59.37,60.84,287522.8,2023-09-17 04:00:00+00:00
1694937600000,60.85,61.6,60.66,60.84,240260.1,2023-09-17 08:00:00+00:00
1694952000000,60.85,61.33,60.33,60.59,145835.6,2023-09-17 12:00:00+00:00
1694966400000,60.59,60.74,59.36,59.47,174623.6,2023-09-17 16:00:00+00:00
1694980800000,59.46,59.61,58.48,59.33,154683.2,2023-09-17 20:00:00+00:00
1694995200000,59.34,59.84,58.07,59.69,192640.1,2023-09-18 00:00:00+00:00
1695009600000,59.7,61.18,59.69,60.62,169272.8,2023-09-18 04:00:00+00:00
1695024000000,60.62,62.1,60.4,61.81,198018.6,2023-09-18 08:00:00+00:00
1695038400000,61.81,62.48,61.24,61.63,139950.4,2023-09-18 12:00:00+00:00
1695052800000,61.62,61.94,60.46,60.74,158575.3,2023-09-18 16:00:00+00:00
1695067200000,60.75,60.86,60.36,60.48,60389.0,2023-09-18 20:00:00+00:00
1695081600000,60.48,62.2,60.45,61.57,199525.5,2023-09-19 00:00:00+00:00
1695096000000,61.57,62.3,61.43,62.07,81708.7,2023-09-19 04:00:00+00:00
1695110400000,62.07,64.47,61.91,62.86,241030.7,2023-09-19 08:00:00+00:00
1695124800000,62.88,62.94,61.61,62.43,151127.1,2023-09-19 12:00:00+00:00
1695139200000,62.44,62.52,61.62,61.75,68192.7,2023-09-19 16:00:00+00:00
1695153600000,61.74,62.07,61.34,61.8,60195.1,2023-09-19 20:00:00+00:00
1695168000000,61.81,62.82,61.34,61.59,111676.3,2023-09-20 00:00:00+00:00
1695182400000,61.58,61.82,61.2,61.53,55548.3,2023-09-20 04:00:00+00:00
1695196800000,61.53,62.59,61.4,62.12,137193.4,2023-09-20 08:00:00+00:00
1695211200000,62.11,64.0,62.02,63.63,356384.3,2023-09-20 12:00:00+00:00
1695225600000,63.63,64.93,63.15,64.45,282425.3,2023-09-20 16:00:00+00:00
1695240000000,64.44,65.92,64.32,65.42,225523.5,2023-09-20 20:00:00+00:00
1695254400000,65.42,66.1,64.81,65.27,179991.5,2023-09-21 00:00:00+00:00
1695268800000,65.28,65.43,63.45,63.8,172551.9,2023-09-21 04:00:00+00:00
1695283200000,63.78,64.08,62.23,62.68,229427.0,2023-09-21 08:00:00+00:00
1695297600000,62.67,63.66,62.0,63.4,160356.0,2023-09-21 12:00:00+00:00
1695312000000,63.4,63.64,62.9,62.98,73366.7,2023-09-21 16:00:00+00:00
1695326400000,62.98,62.99,62.25,62.46,62647.5,2023-09-21 20:00:00+00:00
1695340800000,62.47,63.77,61.66,63.69,125286.7,2023-09-22 00:00:00+00:00
1695355200000,63.7,63.87,63.16,63.62,69448.6,2023-09-22 04:00:00+00:00
1695369600000,63.63,64.07,63.37,63.77,68672.2,2023-09-22 08:00:00+00:00
1695384000000,63.77,63.95,63.26,63.33,85806.6,2023-09-22 12:00:00+00:00
1695398400000,63.33,63.94,62.84,63.64,114759.8,2023-09-22 16:00:00+00:00
1695412800000,63.65,64.53,63.42,64.36,76906.8,2023-09-22 20:00:00+00:00
1695427200000,64.36,64.92,63.48,63.77,98606.3,2023-09-23 00:00:00+00:00
1695441600000,63.77,64.23,63.46,63.8,51655.9,2023-09-23 04:00:00+00:00
1695456000000,63.81,63.92,63.13,63.25,58445.7,2023-09-23 08:00:00+00:00
1695470400000,63.26,63.38,62.5,62.56,66972.8,2023-09-23 12:00:00+00:00
1695484800000,62.56,63.13,62.25,62.9,88235.1,2023-09-23 16:00:00+00:00
1695499200000,62.9,63.12,62.62,62.94,32826.2,2023-09-23 20:00:00+00:00
1695513600000,62.93,63.19,62.4,62.85,56456.3,2023-09-24 00:00:00+00:00
1695528000000,62.85,63.0,62.46,62.5,33708.9,2023-09-24 04:00:00+00:00
1695542400000,62.51,62.78,62.09,62.62,54127.6,2023-09-24 08:00:00+00:00
1695556800000,62.62,62.96,62.02,62.21,75028.1,2023-09-24 12:00:00+00:00
1695571200000,62.2,62.83,61.71,62.09,74174.6,2023-09-24 16:00:00+00:00
1695585600000,62.08,62.64,61.36,61.68,84741.4,2023-09-24 20:00:00+00:00
1695600000000,61.69,62.84,61.0,61.97,138533.1,2023-09-25 00:00:00+00:00
1695614400000,61.98,62.39,61.69,62.18,68737.0,2023-09-25 04:00:00+00:00
1695628800000,62.19,62.39,61.83,61.92,72150.5,2023-09-25 08:00:00+00:00
1695643200000,61.92,62.78,61.5,62.56,134513.7,2023-09-25 12:00:00+00:00
1695657600000,62.58,62.95,62.41,62.56,56540.6,2023-09-25 16:00:00+00:00
1695672000000,62.57,62.71,62.03,62.22,34880.1,2023-09-25 20:00:00+00:00
1695686400000,62.21,62.31,61.62,61.73,51167.6,2023-09-26 00:00:00+00:00
1695700800000,61.74,61.9,61.45,61.73,68978.2,2023-09-26 04:00:00+00:00
1695715200000,61.73,62.16,61.56,61.93,54841.7,2023-09-26 08:00:00+00:00
1695729600000,61.93,61.96,60.67,60.74,127074.0,2023-09-26 12:00:00+00:00
1695744000000,60.74,61.23,60.68,61.16,44320.2,2023-09-26 16:00:00+00:00
1695758400000,61.18,61.25,60.22,61.11,61182.3,2023-09-26 20:00:00+00:00
1695772800000,61.1,61.34,60.71,61.1,47247.9,2023-09-27 00:00:00+00:00
1695787200000,61.1,61.12,60.72,60.91,35388.4,2023-09-27 04:00:00+00:00
1695801600000,60.9,63.08,60.55,62.57,208565.9,2023-09-27 08:00:00+00:00
1695816000000,62.57,62.88,60.4,60.72,172065.3,2023-09-27 12:00:00+00:00
1695830400000,60.72,60.92,59.82,60.49,97954.7,2023-09-27 16:00:00+00:00
1695844800000,60.49,60.75,60.01,60.68,55467.6,2023-09-27 20:00:00+00:00
1695859200000,60.68,61.26,60.45,60.8,94124.9,2023-09-28 00:00:00+00:00
1695873600000,60.81,61.74,60.55,61.57,129475.2,2023-09-28 04:00:00+00:00
1695888000000,61.56,63.49,61.22,62.75,230072.6,2023-09-28 08:00:00+00:00
1695902400000,62.76,64.55,62.42,64.47,262020.6,2023-09-28 12:00:00+00:00
1695916800000,64.47,66.86,64.47,66.6,471693.3,2023-09-28 16:00:00+00:00
1695931200000,66.61,66.8,65.55,65.66,125914.7,2023-09-28 20:00:00+00:00
1695945600000,65.67,66.25,64.92,66.07,182077.3,2023-09-29 00:00:00+00:00
1695960000000,66.07,67.89,65.84,67.41,263301.8,2023-09-29 04:00:00+00:00
1695974400000,67.41,67.53,65.52,65.58,139514.1,2023-09-29 08:00:00+00:00
1695988800000,65.58,66.21,64.98,65.8,146750.7,2023-09-29 12:00:00+00:00
1696003200000,65.8,65.98,65.37,65.8,59881.0,2023-09-29 16:00:00+00:00
1696017600000,65.78,66.18,65.63,66.04,46288.4,2023-09-29 20:00:00+00:00
1696032000000,66.05,66.64,65.98,66.15,70046.0,2023-09-30 00:00:00+00:00
1696046400000,66.15,67.81,66.04,66.96,130071.6,2023-09-30 04:00:00+00:00
1696060800000,66.97,67.56,66.67,67.29,89171.3,2023-09-30 08:00:00+00:00
1696075200000,67.29,68.64,67.14,68.37,182481.6,2023-09-30 12:00:00+00:00
1696089600000,68.38,68.52,67.62,67.79,74885.2,2023-09-30 16:00:00+00:00
1696104000000,67.78,67.91,67.42,67.53,62314.3,2023-09-30 20:00:00+00:00
1696118400000,67.53,67.88,67.3,67.47,63198.6,2023-10-01 00:00:00+00:00
1696132800000,67.47,69.51,67.33,68.99,177169.7,2023-10-01 04:00:00+00:00
1696147200000,69.0,70.46,68.56,69.37,138902.9,2023-10-01 08:00:00+00:00
1696161600000,69.36,69.48,68.77,69.04,82713.1,2023-10-01 12:00:00+00:00
1696176000000,69.04,69.56,68.63,69.33,74424.7,2023-10-01 16:00:00+00:00
1696190400000,69.32,72.4,69.01,72.22,237862.6,2023-10-01 20:00:00+00:00
1696204800000,72.23,72.37,71.16,71.31,119704.0,2023-10-02 00:00:00+00:00
1696219200000,71.3,71.31,70.07,71.03,83148.3,2023-10-02 04:00:00+00:00
1696233600000,71.03,71.11,69.68,69.7,72591.6,2023-10-02 08:00:00+00:00
1696248000000,69.7,70.02,68.27,68.81,146308.1,2023-10-02 12:00:00+00:00
1696262400000,68.81,69.99,67.87,69.76,161214.8,2023-10-02 16:00:00+00:00
1696276800000,69.76,69.91,68.26,69.15,94161.9,2023-10-02 20:00:00+00:00
1696291200000,69.14,70.06,69.08,69.62,70090.9,2023-10-03 00:00:00+00:00
1696305600000,69.62,69.83,69.13,69.34,55975.8,2023-10-03 04:00:00+00:00
1696320000000,69.34,70.25,68.86,69.03,93628.3,2023-10-03 08:00:00+00:00
1696334400000,69.03,69.05,64.79,64.98,575446.9,2023-10-03 12:00:00+00:00
1696348800000,64.98,65.84,64.57,64.75,118670.9,2023-10-03 16:00:00+00:00
1696363200000,64.75,65.39,64.44,65.04,81739.1,2023-10-03 20:00:00+00:00
1696377600000,65.04,65.04,62.95,64.56,210238.7,2023-10-04 00:00:00+00:00
1696392000000,64.56,64.76,63.94,64.6,89785.5,2023-10-04 04:00:00+00:00
1696406400000,64.61,65.59,64.48,65.03,94451.7,2023-10-04 08:00:00+00:00
1696420800000,65.04,65.5,64.33,64.41,219464.6,2023-10-04 12:00:00+00:00
1696435200000,64.41,65.7,64.35,65.11,145502.6,2023-10-04 16:00:00+00:00
1696449600000,65.12,66.78,64.99,66.64,142826.1,2023-10-04 20:00:00+00:00
1696464000000,66.64,67.69,66.13,66.8,170027.9,2023-10-05 00:00:00+00:00
1696478400000,66.79,72.86,66.72,69.98,1048178.5,2023-10-05 04:00:00+00:00
1696492800000,69.98,70.36,68.65,68.74,357676.5,2023-10-05 08:00:00+00:00
1696507200000,68.74,70.02,68.22,68.96,393305.3,2023-10-05 12:00:00+00:00
1696521600000,68.96,69.58,67.44,67.66,315631.4,2023-10-05 16:00:00+00:00
1696536000000,67.66,68.01,66.39,66.85,205748.6,2023-10-05 20:00:00+00:00
1696550400000,66.86,68.58,66.86,67.59,260680.2,2023-10-06 00:00:00+00:00
1696564800000,67.58,68.06,66.84,67.81,161391.4,2023-10-06 04:00:00+00:00
1696579200000,67.82,68.32,67.41,67.61,105844.6,2023-10-06 08:00:00+00:00
1696593600000,67.62,69.33,66.88,69.28,207832.9,2023-10-06 12:00:00+00:00
1696608000000,69.28,69.51,68.8,69.24,79287.3,2023-10-06 16:00:00+00:00
1696622400000,69.23,69.74,68.81,68.85,60519.9,2023-10-06 20:00:00+00:00
1696636800000,68.85,69.2,65.85,66.53,214652.6,2023-10-07 00:00:00+00:00
1696651200000,66.52,67.3,65.92,66.03,203881.2,2023-10-07 04:00:00+00:00
1696665600000,66.02,66.71,65.82,66.39,147447.0,2023-10-07 08:00:00+00:00
1696680000000,66.39,67.7,66.32,66.88,125463.6,2023-10-07 12:00:00+00:00
1696694400000,66.89,67.11,66.52,66.63,63927.5,2023-10-07 16:00:00+00:00
1696708800000,66.63,67.06,66.55,66.67,47975.3,2023-10-07 20:00:00+00:00
1696723200000,66.68,67.36,66.34,66.93,66611.6,2023-10-08 00:00:00+00:00
1696737600000,66.94,66.99,66.08,66.16,59783.9,2023-10-08 04:00:00+00:00
1696752000000,66.17,66.19,65.06,65.45,100926.0,2023-10-08 08:00:00+00:00
1696766400000,65.46,65.98,65.13,65.56,66477.3,2023-10-08 12:00:00+00:00
1696780800000,65.57,66.22,65.48,66.19,42158.1,2023-10-08 16:00:00+00:00
1696795200000,66.2,66.3,65.64,65.98,48430.4,2023-10-08 20:00:00+00:00
1696809600000,65.99,66.07,65.37,65.78,55064.1,2023-10-09 00:00:00+00:00
1696824000000,65.79,66.08,64.82,65.04,81378.9,2023-10-09 04:00:00+00:00
1696838400000,65.06,65.15,62.3,63.6,225093.5,2023-10-09 08:00:00+00:00
1696852800000,63.6,64.27,63.43,63.7,107573.1,2023-10-09 12:00:00+00:00
1696867200000,63.71,63.82,61.87,63.49,180909.7,2023-10-09 16:00:00+00:00
1696881600000,63.5,63.85,62.95,63.24,56897.5,2023-10-09 20:00:00+00:00
1696896000000,63.25,64.98,63.0,64.03,210708.9,2023-10-10 00:00:00+00:00
1696910400000,64.04,64.6,63.78,64.3,61629.6,2023-10-10 04:00:00+00:00
1696924800000,64.3,64.59,63.8,63.83,77963.6,2023-10-10 08:00:00+00:00
1696939200000,63.83,64.65,63.63,63.92,106639.1,2023-10-10 12:00:00+00:00
1696953600000,63.92,64.19,63.67,63.94,85126.4,2023-10-10 16:00:00+00:00
1696968000000,63.94,64.33,63.1,64.07,62082.9,2023-10-10 20:00:00+00:00
1696982400000,64.07,64.49,62.5,63.05,124470.5,2023-10-11 00:00:00+00:00
1696996800000,63.06,63.39,62.74,63.04,50253.1,2023-10-11 04:00:00+00:00
1697011200000,63.05,64.07,62.89,63.63,103250.6,2023-10-11 08:00:00+00:00
1697025600000,63.64,63.85,62.73,63.09,76992.7,2023-10-11 12:00:00+00:00
1697040000000,63.1,63.35,62.58,63.14,92282.9,2023-10-11 16:00:00+00:00
1697054400000,63.13,63.38,62.96,63.24,34497.0,2023-10-11 20:00:00+00:00
1697068800000,63.25,63.35,62.43,63.09,53130.5,2023-10-12 00:00:00+00:00
1697083200000,63.09,64.16,63.0,63.39,62192.7,2023-10-12 04:00:00+00:00
1697097600000,63.39,63.54,62.03,62.99,82772.6,2023-10-12 08:00:00+00:00
1697112000000,63.0,63.32,62.26,62.4,83727.7,2023-10-12 12:00:00+00:00
1697126400000,62.4,62.64,61.68,62.3,94057.9,2023-10-12 16:00:00+00:00
1697140800000,62.3,63.09,62.22,62.92,39320.5,2023-10-12 20:00:00+00:00
1697155200000,62.92,63.46,62.88,62.95,61229.0,2023-10-13 00:00:00+00:00
1697169600000,62.95,63.77,62.89,63.56,46006.3,2023-10-13 04:00:00+00:00
1697184000000,63.56,63.73,63.07,63.49,42721.6,2023-10-13 08:00:00+00:00
1697198400000,63.49,63.91,62.94,63.06,57403.0,2023-10-13 12:00:00+00:00
1697212800000,63.05,63.42,62.97,63.33,46743.9,2023-10-13 16:00:00+00:00
1697227200000,63.32,64.67,63.29,63.67,88907.7,2023-10-13 20:00:00+00:00
1697241600000,63.67,65.02,63.53,64.42,97402.6,2023-10-14 00:00:00+00:00
1697256000000,64.41,64.54,64.01,64.05,33199.2,2023-10-14 04:00:00+00:00
1697270400000,64.05,64.7,64.05,64.31,48198.6,2023-10-14 08:00:00+00:00
1697284800000,64.3,64.67,64.12,64.65,43382.1,2023-10-14 12:00:00+00:00
1697299200000,64.65,64.85,64.41,64.62,33168.3,2023-10-14 16:00:00+00:00
1697313600000,64.61,64.7,64.22,64.22,27718.9,2023-10-14 20:00:00+00:00
1697328000000,64.23,64.75,63.78,64.39,58135.8,2023-10-15 00:00:00+00:00
1697342400000,64.4,64.46,64.16,64.43,25202.6,2023-10-15 04:00:00+00:00
1697356800000,64.42,64.58,64.01,64.04,32630.3,2023-10-15 08:00:00+00:00
1697371200000,64.04,64.24,63.72,63.94,60807.5,2023-10-15 12:00:00+00:00
1697385600000,63.93,64.23,63.86,63.95,30544.2,2023-10-15 16:00:00+00:00
1697400000000,63.96,64.44,63.81,63.91,43330.8,2023-10-15 20:00:00+00:00
1697414400000,63.92,64.54,63.78,64.38,54100.5,2023-10-16 00:00:00+00:00
1697428800000,64.39,66.31,64.18,65.24,143615.4,2023-10-16 04:00:00+00:00
1697443200000,65.24,65.46,64.03,64.11,101154.2,2023-10-16 08:00:00+00:00
1697457600000,64.12,67.12,63.41,63.56,337775.7,2023-10-16 12:00:00+00:00
1697472000000,63.56,64.9,63.52,64.58,76071.8,2023-10-16 16:00:00+00:00
1697486400000,64.59,65.16,64.12,64.74,38766.4,2023-10-16 20:00:00+00:00
1697500800000,64.75,64.8,64.04,64.09,63530.4,2023-10-17 00:00:00+00:00
1697515200000,64.09,64.3,63.86,64.19,53764.2,2023-10-17 04:00:00+00:00
1697529600000,64.18,64.3,62.52,62.67,164334.1,2023-10-17 08:00:00+00:00
1697544000000,62.67,62.76,61.0,62.49,147360.5,2023-10-17 12:00:00+00:00
1697558400000,62.49,62.96,62.29,62.75,121808.9,2023-10-17 16:00:00+00:00
1697572800000,62.74,62.81,62.24,62.56,35089.5,2023-10-17 20:00:00+00:00
1697587200000,62.56,62.8,62.22,62.74,50377.5,2023-10-18 00:00:00+00:00
1697601600000,62.73,63.56,62.6,62.62,77752.8,2023-10-18 04:00:00+00:00
1697616000000,62.63,63.28,62.51,62.59,96344.1,2023-10-18 08:00:00+00:00
1697630400000,62.59,62.84,61.96,62.1,73446.3,2023-10-18 12:00:00+00:00
1697644800000,62.1,62.44,61.9,62.07,34041.3,2023-10-18 16:00:00+00:00
1697659200000,62.07,62.26,61.8,62.0,25013.7,2023-10-18 20:00:00+00:00
1697673600000,61.99,62.2,61.0,61.61,76935.8,2023-10-19 00:00:00+00:00
1697688000000,61.6,61.95,61.45,61.86,26695.0,2023-10-19 04:00:00+00:00
1697702400000,61.85,62.01,61.6,61.71,28075.9,2023-10-19 08:00:00+00:00
1697716800000,61.71,65.46,61.58,63.84,606457.1,2023-10-19 12:00:00+00:00
1697731200000,63.84,64.49,63.54,64.13,136973.3,2023-10-19 16:00:00+00:00
1697745600000,64.13,64.34,63.69,63.87,56720.6,2023-10-19 20:00:00+00:00
1697760000000,63.87,65.25,63.31,64.75,122922.1,2023-10-20 00:00:00+00:00
1697774400000,64.75,64.96,64.38,64.53,65873.2,2023-10-20 04:00:00+00:00
1697788800000,64.53,69.96,64.49,66.9,1036782.6,2023-10-20 08:00:00+00:00
1697803200000,66.9,67.14,64.91,65.62,474765.7,2023-10-20 12:00:00+00:00
1697817600000,65.62,66.06,65.27,66.04,78023.0,2023-10-20 16:00:00+00:00
1697832000000,66.03,66.1,65.68,65.86,48823.1,2023-10-20 20:00:00+00:00
1697846400000,65.87,66.0,65.15,65.64,105689.3,2023-10-21 00:00:00+00:00
1697860800000,65.64,66.52,65.47,66.29,242708.9,2023-10-21 04:00:00+00:00
1697875200000,66.29,67.52,66.03,67.45,167821.0,2023-10-21 08:00:00+00:00
1697889600000,67.46,70.23,67.31,69.94,264262.7,2023-10-21 12:00:00+00:00
1697904000000,69.94,70.92,69.27,69.63,210917.0,2023-10-21 16:00:00+00:00
1697918400000,69.62,70.11,69.03,70.03,102364.6,2023-10-21 20:00:00+00:00
1697932800000,70.03,72.5,68.88,72.44,539092.6,2023-10-22 00:00:00+00:00
1697947200000,72.44,79.79,71.95,77.1,1275469.9,2023-10-22 04:00:00+00:00
1697961600000,77.1,77.37,74.71,75.19,454149.9,2023-10-22 08:00:00+00:00
1697976000000,75.2,76.4,74.14,74.62,267240.3,2023-10-22 12:00:00+00:00
1697990400000,74.62,76.65,74.54,76.06,276214.2,2023-10-22 16:00:00+00:00
1698004800000,76.06,80.25,75.87,79.27,427886.2,2023-10-22 20:00:00+00:00
1698019200000,79.28,81.37,78.28,79.29,682747.9,2023-10-23 00:00:00+00:00
1698033600000,79.3,86.19,79.0,83.94,803845.7,2023-10-23 04:00:00+00:00
1698048000000,83.95,85.96,82.55,84.79,622599.9,2023-10-23 08:00:00+00:00
1698062400000,84.78,85.99,82.33,84.09,597560.7,2023-10-23 12:00:00+00:00
1698076800000,84.09,85.47,81.86,83.52,404632.9,2023-10-23 16:00:00+00:00
1698091200000,83.51,88.0,82.25,84.9,389729.5,2023-10-23 20:00:00+00:00
1698105600000,84.92,90.95,84.61,85.22,799212.7,2023-10-24 00:00:00+00:00
1698120000000,85.22,86.37,83.02,83.98,280225.6,2023-10-24 04:00:00+00:00
1698134400000,83.99,86.16,83.72,85.65,232609.6,2023-10-24 08:00:00+00:00
1698148800000,85.65,87.35,80.65,81.99,497775.9,2023-10-24 12:00:00+00:00
1698163200000,81.99,83.8,81.58,83.16,188663.1,2023-10-24 16:00:00+00:00
1698177600000,83.16,84.09,82.24,83.5,113903.8,2023-10-24 20:00:00+00:00
1698192000000,83.5,86.53,82.65,83.38,334283.2,2023-10-25 00:00:00+00:00
1698206400000,83.39,83.96,81.25,82.17,172133.4,2023-10-25 04:00:00+00:00
1698220800000,82.18,83.46,81.41,82.93,130831.1,2023-10-25 08:00:00+00:00
1698235200000,82.93,85.08,82.82,84.64,313336.1,2023-10-25 12:00:00+00:00
1698249600000,84.65,85.62,81.91,83.2,231015.8,2023-10-25 16:00:00+00:00
1698264000000,83.21,86.16,82.5,86.15,180572.8,2023-10-25 20:00:00+00:00
1698278400000,86.14,89.04,84.46,86.03,268423.2,2023-10-26 00:00:00+00:00
1698292800000,86.02,86.12,81.95,83.53,348304.4,2023-10-26 04:00:00+00:00
1698307200000,83.55,84.1,80.14,80.75,268761.3,2023-10-26 08:00:00+00:00
1698321600000,80.74,82.43,76.69,78.98,351994.8,2023-10-26 12:00:00+00:00
1698336000000,78.98,80.0,78.19,79.84,111775.9,2023-10-26 16:00:00+00:00
1698350400000,79.83,81.15,79.69,80.73,72958.4,2023-10-26 20:00:00+00:00
1698364800000,80.73,80.77,78.33,79.98,123549.8,2023-10-27 00:00:00+00:00
1698379200000,79.99,80.12,77.76,77.88,140897.8,2023-10-27 04:00:00+00:00
1698393600000,77.87,78.43,77.02,77.78,136102.2,2023-10-27 08:00:00+00:00
1698408000000,77.75,79.32,76.77,78.07,158277.3,2023-10-27 12:00:00+00:00
1698422400000,78.08,78.22,75.42,78.21,175516.0,2023-10-27 16:00:00+00:00
1698436800000,78.21,78.76,77.97,78.38,64112.6,2023-10-27 20:00:00+00:00
1698451200000,78.38,80.45,78.22,80.16,118427.3,2023-10-28 00:00:00+00:00
1698465600000,80.17,80.6,79.66,80.29,71227.5,2023-10-28 04:00:00+00:00
1698480000000,80.29,81.68,80.03,80.4,107437.8,2023-10-28 08:00:00+00:00
1698494400000,80.39,80.71,79.01,80.68,82984.0,2023-10-28 12:00:00+00:00
1698508800000,80.68,80.7,79.91,79.99,45391.0,2023-10-28 16:00:00+00:00
1698523200000,79.99,80.56,79.8,80.02,47008.7,2023-10-28 20:00:00+00:00
1698537600000,80.03,80.65,79.2,80.41,104236.1,2023-10-29 00:00:00+00:00
1698552000000,80.4,83.94,80.13,81.62,243735.7,2023-10-29 04:00:00+00:00
1698566400000,81.64,82.65,81.36,82.14,90066.9,2023-10-29 08:00:00+00:00
1698580800000,82.13,84.82,81.78,84.72,197901.5,2023-10-29 12:00:00+00:00
1698595200000,84.72,85.97,84.56,85.37,116867.4,2023-10-29 16:00:00+00:00
1698609600000,85.38,85.91,84.56,84.57,76839.3,2023-10-29 20:00:00+00:00
1698624000000,84.57,85.07,83.85,84.19,117462.6,2023-10-30 00:00:00+00:00
1698638400000,84.2,85.87,83.62,84.24,114487.4,2023-10-30 04:00:00+00:00
1698652800000,84.25,87.55,83.96,86.63,195155.1,2023-10-30 08:00:00+00:00
1698667200000,86.62,86.81,82.3,83.37,311438.9,2023-10-30 12:00:00+00:00
1698681600000,83.36,83.44,81.14,83.43,118623.8,2023-10-30 16:00:00+00:00
1698696000000,83.43,84.37,83.08,83.67,74062.2,2023-10-30 20:00:00+00:00
1698710400000,83.68,84.85,81.77,81.84,171650.4,2023-10-31 00:00:00+00:00
1698724800000,81.85,82.92,81.37,81.8,94132.3,2023-10-31 04:00:00+00:00
1698739200000,81.81,83.45,80.62,82.82,144990.7,2023-10-31 08:00:00+00:00
1698753600000,82.82,83.39,78.87,80.21,201264.9,2023-10-31 12:00:00+00:00
1698768000000,80.2,81.58,79.85,81.03,98823.4,2023-10-31 16:00:00+00:00
1698782400000,81.0,81.82,80.38,81.46,64434.7,2023-10-31 20:00:00+00:00
1698796800000,81.45,82.21,81.05,81.8,83981.0,2023-11-01 00:00:00+00:00
1698811200000,81.83,83.38,80.76,82.31,186229.5,2023-11-01 04:00:00+00:00
1698825600000,82.34,82.84,81.0,81.9,109988.7,2023-11-01 08:00:00+00:00
1698840000000,81.9,86.15,81.26,85.8,471368.2,2023-11-01 12:00:00+00:00
1698854400000,85.8,91.28,85.15,89.85,551873.1,2023-11-01 16:00:00+00:00
1698868800000,89.83,91.9,88.28,89.26,242025.6,2023-11-01 20:00:00+00:00
1698883200000,89.25,101.28,87.63,99.0,1027275.0,2023-11-02 00:00:00+00:00
1698897600000,98.99,102.75,93.01,93.65,1110452.4,2023-11-02 04:00:00+00:00
1698912000000,93.64,96.88,92.35,95.71,484631.3,2023-11-02 08:00:00+00:00
1698926400000,95.72,95.72,90.58,91.4,468823.5,2023-11-02 12:00:00+00:00
1698940800000,91.39,93.26,90.19,93.24,247716.6,2023-11-02 16:00:00+00:00
1698955200000,93.23,93.34,90.8,92.03,117575.9,2023-11-02 20:00:00+00:00
1698969600000,92.03,92.22,87.74,90.25,226848.2,2023-11-03 00:00:00+00:00
1698984000000,90.24,91.72,88.67,90.99,153754.4,2023-11-03 04:00:00+00:00
1698998400000,90.97,91.88,89.47,89.51,132215.1,2023-11-03 08:00:00+00:00
1699012800000,89.51,93.21,89.02,92.89,253844.1,2023-11-03 12:00:00+00:00
1699027200000,92.9,93.25,90.01,90.5,128258.1,2023-11-03 16:00:00+00:00
1699041600000,90.51,91.69,89.62,90.22,114482.6,2023-11-03 20:00:00+00:00
1699056000000,90.23,90.26,88.52,89.47,102937.0,2023-11-04 00:00:00+00:00
1699070400000,89.48,92.96,88.87,90.68,186092.8,2023-11-04 04:00:00+00:00
1699084800000,90.68,91.69,90.01,90.72,125675.8,2023-11-04 08:00:00+00:00
1699099200000,90.72,91.08,88.33,89.03,169749.1,2023-11-04 12:00:00+00:00
1699113600000,89.04,89.89,88.09,88.98,159333.2,2023-11-04 16:00:00+00:00
1699128000000,88.98,91.13,88.79,90.13,98649.7,2023-11-04 20:00:00+00:00
1699142400000,90.13,91.4,88.11,90.73,189191.7,2023-11-05 00:00:00+00:00
1699156800000,90.71,91.33,89.67,90.13,111565.9,2023-11-05 04:00:00+00:00
1699171200000,90.13,92.4,89.11,91.43,178984.8,2023-11-05 08:00:00+00:00
1699185600000,91.45,92.1,86.02,88.12,286070.5,2023-11-05 12:00:00+00:00
1699200000000,88.13,90.54,88.02,89.04,142690.8,2023-11-05 16:00:00+00:00
1699214400000,89.02,89.7,86.9,89.15,110261.3,2023-11-05 20:00:00+00:00
1699228800000,89.15,90.76,88.75,89.18,188922.9,2023-11-06 00:00:00+00:00
1699243200000,89.19,93.43,87.56,93.37,247688.0,2023-11-06 04:00:00+00:00
1699257600000,93.38,98.37,92.56,98.31,709088.1,2023-11-06 08:00:00+00:00
1699272000000,98.3,99.72,95.81,95.93,317624.3,2023-11-06 12:00:00+00:00
1699286400000,95.9,96.96,95.06,96.32,125113.3,2023-11-06 16:00:00+00:00
1699300800000,96.32,100.99,95.03,100.33,258967.5,2023-11-06 20:00:00+00:00
1699315200000,100.34,104.87,96.64,102.06,524699.5,2023-11-07 00:00:00+00:00
1699329600000,102.06,103.64,96.32,97.66,600883.3,2023-11-07 04:00:00+00:00
1699344000000,97.66,98.92,96.52,97.79,216369.0,2023-11-07 08:00:00+00:00
1699358400000,97.8,99.2,95.51,96.65,217740.1,2023-11-07 12:00:00+00:00
1699372800000,96.64,98.72,95.64,97.23,178454.4,2023-11-07 16:00:00+00:00
1699387200000,97.24,98.55,96.46,97.49,87751.8,2023-11-07 20:00:00+00:00
1699401600000,97.5,100.5,95.63,96.26,190672.6,2023-11-08 00:00:00+00:00
1699416000000,96.26,97.07,95.14,96.12,108308.0,2023-11-08 04:00:00+00:00
1699430400000,96.11,97.98,95.81,97.09,83720.6,2023-11-08 08:00:00+00:00
1699444800000,97.1,98.6,96.9,98.15,104922.6,2023-11-08 12:00:00+00:00
1699459200000,98.14,101.49,97.97,99.35,189443.2,2023-11-08 16:00:00+00:00
1699473600000,99.34,100.46,98.14,100.38,90178.4,2023-11-08 20:00:00+00:00
1699488000000,100.39,107.86,98.44,107.73,404483.4,2023-11-09 00:00:00+00:00
1699502400000,107.73,110.0,105.49,106.35,455152.3,2023-11-09 04:00:00+00:00
1699516800000,106.34,107.25,103.82,104.82,158149.3,2023-11-09 08:00:00+00:00
1699531200000,104.83,107.0,100.0,100.27,625519.3,2023-11-09 12:00:00+00:00
1699545600000,100.26,101.55,92.0,95.39,613993.7,2023-11-09 16:00:00+00:00
1699560000000,95.38,101.0,93.92,100.84,229106.5,2023-11-09 20:00:00+00:00
1699574400000,100.83,100.99,97.98,98.75,210456.5,2023-11-10 00:00:00+00:00
1699588800000,98.76,99.77,97.29,97.83,121781.9,2023-11-10 04:00:00+00:00
1699603200000,97.83,99.0,95.96,98.68,176658.8,2023-11-10 08:00:00+00:00
1699617600000,98.67,98.68,95.36,97.3,149985.0,2023-11-10 12:00:00+00:00
1699632000000,97.73,99.99,97.67,98.51,116822.9,2023-11-10 16:00:00+00:00
1699646400000,98.53,100.69,97.75,100.37,93813.7,2023-11-10 20:00:00+00:00
1699660800000,100.38,100.51,96.37,96.58,222678.3,2023-11-11 00:00:00+00:00
1699675200000,96.58,96.72,94.0,96.09,199620.6,2023-11-11 04:00:00+00:00
1699689600000,96.1,97.26,95.5,96.35,83602.4,2023-11-11 08:00:00+00:00
1699704000000,96.35,99.79,95.85,98.53,156242.9,2023-11-11 12:00:00+00:00
1699718400000,98.53,100.68,98.26,99.26,146327.5,2023-11-11 16:00:00+00:00
1699732800000,99.26,99.3,95.31,96.95,150338.4,2023-11-11 20:00:00+00:00
1699747200000,96.96,97.34,93.0,95.93,192658.5,2023-11-12 00:00:00+00:00
1699761600000,95.93,98.55,94.82,98.18,111596.6,2023-11-12 04:00:00+00:00
1699776000000,98.18,99.07,96.36,97.22,120888.2,2023-11-12 08:00:00+00:00
1699790400000,97.2,97.38,94.79,96.31,111744.2,2023-11-12 12:00:00+00:00
1699804800000,96.31,96.72,95.09,95.61,63692.7,2023-11-12 16:00:00+00:00
1699819200000,95.62,99.88,95.36,99.76,128088.9,2023-11-12 20:00:00+00:00
1699833600000,99.77,104.82,96.55,96.81,405762.8,2023-11-13 00:00:00+00:00
1699848000000,96.81,98.05,96.01,97.79,121241.6,2023-11-13 04:00:00+00:00
1699862400000,97.79,98.35,95.52,96.37,128913.3,2023-11-13 08:00:00+00:00
1699876800000,96.37,97.59,94.03,97.24,187512.9,2023-11-13 12:00:00+00:00
1699891200000,97.24,98.7,95.15,96.94,114308.8,2023-11-13 16:00:00+00:00
1699905600000,96.94,97.09,92.05,92.94,171549.4,2023-11-13 20:00:00+00:00
1699920000000,92.91,93.84,90.79,93.55,133119.4,2023-11-14 00:00:00+00:00
1699934400000,93.53,95.21,93.08,94.9,54858.0,2023-11-14 04:00:00+00:00
1699948800000,94.89,95.52,91.06,91.94,100597.4,2023-11-14 08:00:00+00:00
1699963200000,91.95,94.86,91.42,92.93,173262.9,2023-11-14 12:00:00+00:00
1699977600000,92.93,93.81,85.06,88.75,268093.5,2023-11-14 16:00:00+00:00
1699992000000,88.73,91.03,88.47,90.8,82915.9,2023-11-14 20:00:00+00:00
1700006400000,90.8,92.5,90.08,90.18,123853.4,2023-11-15 00:00:00+00:00
1700020800000,90.18,93.99,90.14,93.48,110762.8,2023-11-15 04:00:00+00:00
1700035200000,93.49,94.98,92.71,94.9,80793.6,2023-11-15 08:00:00+00:00
1700049600000,94.89,95.08,92.79,94.66,94173.8,2023-11-15 12:00:00+00:00
1700064000000,94.66,95.85,93.58,95.5,140005.1,2023-11-15 16:00:00+00:00
1700078400000,95.49,95.86,94.5,95.49,71047.8,2023-11-15 20:00:00+00:00
1700092800000,95.49,97.13,94.74,96.86,111541.4,2023-11-16 00:00:00+00:00
1700107200000,96.85,98.15,96.2,97.56,108572.3,2023-11-16 04:00:00+00:00
1700121600000,97.56,97.85,94.41,95.29,192996.8,2023-11-16 08:00:00+00:00
1700136000000,95.28,95.41,91.22,92.38,210769.8,2023-11-16 12:00:00+00:00
1700150400000,92.39,98.29,90.2,91.96,501147.3,2023-11-16 16:00:00+00:00
1700164800000,91.97,92.56,90.03,91.1,109413.6,2023-11-16 20:00:00+00:00
1700179200000,91.11,93.61,90.73,92.61,133557.4,2023-11-17 00:00:00+00:00
1700193600000,92.62,92.8,90.25,90.64,84974.6,2023-11-17 04:00:00+00:00
1700208000000,90.64,91.29,87.61,88.47,136280.8,2023-11-17 08:00:00+00:00
1700222400000,88.47,89.5,84.96,85.4,178398.0,2023-11-17 12:00:00+00:00
1700236800000,85.41,87.96,84.93,87.19,138692.1,2023-11-17 16:00:00+00:00
1700251200000,87.2,89.04,86.97,88.71,62375.2,2023-11-17 20:00:00+00:00
1700265600000,88.71,88.96,86.39,86.57,74734.7,2023-11-18 00:00:00+00:00
1700280000000,86.57,87.4,82.7,84.98,161828.2,2023-11-18 04:00:00+00:00
1700294400000,84.97,86.88,84.69,85.63,111417.4,2023-11-18 08:00:00+00:00
1700308800000,85.63,87.4,84.63,87.32,98350.4,2023-11-18 12:00:00+00:00
1700323200000,87.32,88.19,86.79,87.95,68995.8,2023-11-18 16:00:00+00:00
1700337600000,87.95,88.17,87.16,88.14,40494.1,2023-11-18 20:00:00+00:00
1700352000000,88.13,88.13,86.0,87.85,67487.9,2023-11-19 00:00:00+00:00
1700366400000,87.85,88.88,87.53,88.72,54003.6,2023-11-19 04:00:00+00:00
1700380800000,88.72,89.25,87.8,88.44,64091.6,2023-11-19 08:00:00+00:00
1700395200000,88.44,88.87,87.9,88.84,51698.8,2023-11-19 12:00:00+00:00
1700409600000,88.83,90.35,88.53,90.3,65104.8,2023-11-19 16:00:00+00:00
1700424000000,90.3,91.77,89.6,91.51,69816.2,2023-11-19 20:00:00+00:00
1700438400000,91.51,91.64,90.18,90.85,65547.9,2023-11-20 00:00:00+00:00
1700452800000,90.84,92.29,90.47,92.24,90397.4,2023-11-20 04:00:00+00:00
1700467200000,92.25,93.21,91.47,92.19,98351.5,2023-11-20 08:00:00+00:00
1700481600000,92.18,92.38,89.71,91.75,134005.9,2023-11-20 12:00:00+00:00
1700496000000,91.75,92.7,90.12,90.96,98624.7,2023-11-20 16:00:00+00:00
1700510400000,90.94,91.48,88.6,90.28,81334.6,2023-11-20 20:00:00+00:00
1700524800000,90.28,92.65,88.81,90.31,163280.5,2023-11-21 00:00:00+00:00
1700539200000,90.3,90.67,88.77,88.84,83959.2,2023-11-21 04:00:00+00:00
1700553600000,88.85,90.14,88.8,88.93,57722.1,2023-11-21 08:00:00+00:00
1700568000000,88.94,89.54,86.0,88.45,180367.6,2023-11-21 12:00:00+00:00
1700582400000,88.46,89.86,85.24,88.2,228635.2,2023-11-21 16:00:00+00:00
1700596800000,88.2,88.95,83.36,84.47,139723.0,2023-11-21 20:00:00+00:00
1700611200000,84.46,88.13,84.22,87.89,69052.5,2023-11-22 00:00:00+00:00
1700625600000,87.89,89.45,87.79,88.77,76856.5,2023-11-22 04:00:00+00:00
1700640000000,88.78,91.14,88.73,89.65,151845.1,2023-11-22 08:00:00+00:00
1700654400000,89.67,94.79,89.59,92.31,327893.5,2023-11-22 12:00:00+00:00
1700668800000,92.31,95.0,92.16,94.92,152511.6,2023-11-22 16:00:00+00:00
1700683200000,94.91,96.2,94.47,95.43,103546.4,2023-11-22 20:00:00+00:00
1700697600000,95.43,101.1,95.16,96.83,303973.3,2023-11-23 00:00:00+00:00
1700712000000,96.84,97.04,95.07,95.81,84562.2,2023-11-23 04:00:00+00:00
1700726400000,95.8,96.41,95.04,96.28,107589.3,2023-11-23 08:00:00+00:00
1700740800000,96.3,97.09,95.16,95.66,102574.0,2023-11-23 12:00:00+00:00
1700755200000,95.68,97.17,95.37,96.01,64773.0,2023-11-23 16:00:00+00:00
1700769600000,96.0,96.47,95.73,96.05,31753.3,2023-11-23 20:00:00+00:00
1700784000000,96.05,100.09,95.66,97.78,177088.9,2023-11-24 00:00:00+00:00
1700798400000,97.78,97.99,96.61,97.3,72413.5,2023-11-24 04:00:00+00:00
1700812800000,97.32,98.29,96.58,96.68,91488.6,2023-11-24 08:00:00+00:00
1700827200000,96.7,98.02,96.01,97.64,77682.6,2023-11-24 12:00:00+00:00
1700841600000,97.62,98.12,96.32,97.08,70509.9,2023-11-24 16:00:00+00:00
1700856000000,97.09,99.25,96.78,99.23,80601.6,2023-11-24 20:00:00+00:00
1700870400000,99.24,100.62,98.38,99.1,96571.8,2023-11-25 00:00:00+00:00
1700884800000,99.11,99.37,98.29,99.26,42979.2,2023-11-25 04:00:00+00:00
1700899200000,99.26,99.51,97.19,97.84,57193.6,2023-11-25 08:00:00+00:00
1700913600000,97.84,101.94,97.72,100.05,182781.9,2023-11-25 12:00:00+00:00
1700928000000,100.05,100.23,98.87,99.1,48159.2,2023-11-25 16:00:00+00:00
1700942400000,99.09,99.69,98.96,99.65,29002.8,2023-11-25 20:00:00+00:00
1700956800000,99.64,102.57,99.15,101.7,95036.6,2023-11-26 00:00:00+00:00
1700971200000,101.69,103.31,100.78,102.18,101421.2,2023-11-26 04:00:00+00:00
1700985600000,102.2,102.47,100.91,101.64,83031.3,2023-11-26 08:00:00+00:00
1701000000000,101.65,101.76,98.49,98.62,124091.5,2023-11-26 12:00:00+00:00
1701014400000,98.63,99.13,96.08,98.48,137157.2,2023-11-26 16:00:00+00:00
1701028800000,98.47,99.25,97.79,97.96,63620.3,2023-11-26 20:00:00+00:00
1701043200000,97.97,99.17,95.61,96.41,68875.8,2023-11-27 00:00:00+00:00
1701057600000,96.42,97.0,94.56,95.77,80212.6,2023-11-27 04:00:00+00:00
1701072000000,95.76,96.36,94.37,95.28,69227.2,2023-11-27 08:00:00+00:00
1701086400000,95.29,95.7,94.08,94.53,59814.9,2023-11-27 12:00:00+00:00
1701100800000,94.55,95.62,93.32,94.28,57247.5,2023-11-27 16:00:00+00:00
1701115200000,94.28,96.49,93.77,96.28,48834.2,2023-11-27 20:00:00+00:00
1701129600000,96.29,98.46,94.83,95.13,143300.0,2023-11-28 00:00:00+00:00
1701144000000,95.13,95.35,93.5,94.3,58850.2,2023-11-28 04:00:00+00:00
1701158400000,94.3,94.39,93.26,94.14,76575.1,2023-11-28 08:00:00+00:00
1701172800000,94.16,95.02,92.88,94.76,109867.4,2023-11-28 12:00:00+00:00
1701187200000,94.77,99.2,94.44,98.18,355280.6,2023-11-28 16:00:00+00:00
1701201600000,98.18,98.31,96.81,96.96,167476.0,2023-11-28 20:00:00+00:00
1701216000000,96.96,97.58,96.05,97.34,62911.3,2023-11-29 00:00:00+00:00
1701230400000,97.34,98.44,96.52,98.03,64773.1,2023-11-29 04:00:00+00:00
1701244800000,98.05,98.91,96.39,97.31,91127.9,2023-11-29 08:00:00+00:00
1701259200000,97.3,98.4,96.01,96.69,139333.1,2023-11-29 12:00:00+00:00
1701273600000,96.7,97.21,95.37,97.15,95407.5,2023-11-29 16:00:00+00:00
1701288000000,97.15,97.24,96.18,96.53,33656.5,2023-11-29 20:00:00+00:00
1701302400000,96.54,96.77,95.0,96.5,57361.2,2023-11-30 00:00:00+00:00
1701316800000,96.5,96.74,95.71,95.93,37147.6,2023-11-30 04:00:00+00:00
1701331200000,95.93,96.3,95.0,96.16,51136.0,2023-11-30 08:00:00+00:00
1701345600000,96.16,97.47,95.79,96.87,86902.4,2023-11-30 12:00:00+00:00
1701360000000,96.87,97.95,96.5,97.87,38457.7,2023-11-30 16:00:00+00:00
1701374400000,97.88,98.42,97.34,98.35,35893.7,2023-11-30 20:00:00+00:00
1701388800000,98.35,100.47,98.04,99.78,116100.2,2023-12-01 00:00:00+00:00
1701403200000,99.78,100.73,99.67,99.83,45212.2,2023-12-01 04:00:00+00:00
1701417600000,99.83,100.74,99.62,99.89,52667.0,2023-12-01 08:00:00+00:00
1701432000000,99.9,101.14,99.64,100.7,51610.3,2023-12-01 12:00:00+00:00
1701446400000,100.71,101.83,100.37,100.99,82566.4,2023-12-01 16:00:00+00:00
1701460800000,100.99,101.1,100.07,100.18,30485.5,2023-12-01 20:00:00+00:00
1701475200000,100.18,101.41,99.76,100.96,34817.3,2023-12-02 00:00:00+00:00
1701489600000,100.96,102.68,100.73,102.08,52678.4,2023-12-02 04:00:00+00:00
1701504000000,102.09,103.28,102.08,102.69,67544.9,2023-12-02 08:00:00+00:00
1701518400000,102.7,103.0,100.77,101.56,97601.4,2023-12-02 12:00:00+00:00
1701532800000,101.54,104.2,101.3,103.06,92723.3,2023-12-02 16:00:00+00:00
1701547200000,103.06,104.92,102.96,104.27,55883.8,2023-12-02 20:00:00+00:00
1701561600000,104.28,106.16,103.71,103.87,79980.0,2023-12-03 00:00:00+00:00
1701576000000,103.87,104.22,103.28,103.62,27061.9,2023-12-03 04:00:00+00:00
1701590400000,103.63,103.67,101.9,102.53,42082.5,2023-12-03 08:00:00+00:00
1701604800000,102.51,103.22,101.27,102.28,71224.8,2023-12-03 12:00:00+00:00
1701619200000,102.28,103.34,101.87,102.45,42559.1,2023-12-03 16:00:00+00:00
1701633600000,102.45,104.11,102.33,102.83,51134.0,2023-12-03 20:00:00+00:00
1701648000000,102.84,105.08,99.32,101.4,307065.9,2023-12-04 00:00:00+00:00
1701662400000,101.4,103.2,101.27,102.63,126216.4,2023-12-04 04:00:00+00:00
1701676800000,102.63,103.15,97.1,100.08,220852.8,2023-12-04 08:00:00+00:00
1701691200000,100.07,101.24,97.7,98.51,146596.1,2023-12-04 12:00:00+00:00
1701705600000,98.52,99.45,98.23,99.04,54176.3,2023-12-04 16:00:00+00:00
1701720000000,99.04,100.08,98.45,100.05,62135.8,2023-12-04 20:00:00+00:00
1701734400000,100.05,100.79,98.02,98.66,83021.8,2023-12-05 00:00:00+00:00
1701748800000,98.66,99.46,95.8,96.94,206328.2,2023-12-05 04:00:00+00:00
1701763200000,96.94,97.3,95.3,96.32,116582.7,2023-12-05 08:00:00+00:00
1701777600000,96.34,97.22,95.81,97.01,80657.0,2023-12-05 12:00:00+00:00
1701792000000,97.02,99.65,96.01,98.15,204006.1,2023-12-05 16:00:00+00:00
1701806400000,98.16,99.48,97.39,98.79,73876.3,2023-12-05 20:00:00+00:00
1701820800000,98.76,100.52,97.08,97.96,129676.8,2023-12-06 00:00:00+00:00
1701835200000,97.96,98.22,95.51,97.52,117812.1,2023-12-06 04:00:00+00:00
1701849600000,97.51,98.92,95.29,96.89,115445.7,2023-12-06 08:00:00+00:00
1701864000000,96.87,98.1,96.37,97.65,94653.9,2023-12-06 12:00:00+00:00
1701878400000,97.66,98.53,97.38,98.4,66008.7,2023-12-06 16:00:00+00:00
1701892800000,98.39,98.48,95.82,96.28,59916.3,2023-12-06 20:00:00+00:00
1701907200000,96.28,97.96,96.23,97.94,46056.7,2023-12-07 00:00:00+00:00
1701921600000,97.93,99.03,97.84,98.48,73437.3,2023-12-07 04:00:00+00:00
1701936000000,98.48,98.89,94.42,96.18,196008.2,2023-12-07 08:00:00+00:00
1701950400000,96.18,98.9,95.79,98.38,96142.6,2023-12-07 12:00:00+00:00
1701964800000,98.39,99.77,97.66,97.97,132629.5,2023-12-07 16:00:00+00:00
1701979200000,97.97,99.63,97.58,98.72,104603.9,2023-12-07 20:00:00+00:00
1701993600000,98.72,100.38,98.27,99.49,93756.4,2023-12-08 00:00:00+00:00
1702008000000,99.48,100.95,98.74,99.6,97310.0,2023-12-08 04:00:00+00:00
1702022400000,99.6,100.49,98.5,100.22,147978.5,2023-12-08 08:00:00+00:00
1702036800000,100.21,100.74,96.88,96.94,273446.6,2023-12-08 12:00:00+00:00
1702051200000,96.95,98.09,95.72,97.89,267467.6,2023-12-08 16:00:00+00:00
1702065600000,97.88,99.56,97.55,99.47,104851.5,2023-12-08 20:00:00+00:00
1702080000000,99.49,101.55,98.89,101.35,171166.1,2023-12-09 00:00:00+00:00
1702094400000,101.35,103.16,100.35,103.0,152193.1,2023-12-09 04:00:00+00:00
1702108800000,103.01,105.08,100.0,101.29,389733.7,2023-12-09 08:00:00+00:00
1702123200000,101.29,102.55,99.11,100.43,211576.5,2023-12-09 12:00:00+00:00
1702137600000,100.45,101.93,98.42,99.73,205567.7,2023-12-09 16:00:00+00:00
1702152000000,99.73,100.71,97.35,98.65,118836.2,2023-12-09 20:00:00+00:00
1702166400000,98.66,99.98,97.87,98.57,83125.5,2023-12-10 00:00:00+00:00
1702180800000,98.56,99.63,98.05,99.06,95411.9,2023-12-10 04:00:00+00:00
1702195200000,99.03,99.37,95.3,96.97,162216.3,2023-12-10 08:00:00+00:00
1702209600000,96.98,98.45,96.82,98.06,73873.6,2023-12-10 12:00:00+00:00
1702224000000,98.05,98.26,96.48,97.7,79482.6,2023-12-10 16:00:00+00:00
1702238400000,97.71,98.66,97.13,97.97,81382.0,2023-12-10 20:00:00+00:00
1702252800000,97.97,98.45,86.0,92.62,455981.9,2023-12-11 00:00:00+00:00
1702267200000,92.64,92.75,90.05,90.75,277161.9,2023-12-11 04:00:00+00:00
1702281600000,90.76,91.72,90.14,91.48,105255.1,2023-12-11 08:00:00+00:00
1702296000000,91.47,91.54,89.16,90.45,182705.7,2023-12-11 12:00:00+00:00
1702310400000,90.45,90.88,87.65,90.09,205938.8,2023-12-11 16:00:00+00:00
1702324800000,90.09,91.72,89.67,91.57,95832.1,2023-12-11 20:00:00+00:00
1702339200000,91.55,92.64,91.31,92.12,94766.7,2023-12-12 00:00:00+00:00
1702353600000,92.12,93.24,91.11,92.76,96805.6,2023-12-12 04:00:00+00:00
1702368000000,92.75,92.89,91.47,91.54,82303.1,2023-12-12 08:00:00+00:00
1702382400000,91.54,93.81,91.01,92.56,198035.8,2023-12-12 12:00:00+00:00
1702396800000,92.55,92.79,90.43,92.01,122346.8,2023-12-12 16:00:00+00:00
1702411200000,92.01,92.99,90.91,92.66,76138.4,2023-12-12 20:00:00+00:00
1702425600000,92.67,92.81,89.0,89.6,145267.8,2023-12-13 00:00:00+00:00
1702440000000,89.61,90.6,88.15,89.99,123103.4,2023-12-13 04:00:00+00:00
1702454400000,90.0,90.84,89.42,89.64,71758.6,2023-12-13 08:00:00+00:00
1702468800000,89.65,93.89,89.36,93.2,207185.1,2023-12-13 12:00:00+00:00
1702483200000,93.2,94.76,91.96,94.48,217065.6,2023-12-13 16:00:00+00:00
1702497600000,94.48,95.3,93.82,94.78,84376.1,2023-12-13 20:00:00+00:00
1702512000000,94.79,95.08,94.08,94.54,53821.4,2023-12-14 00:00:00+00:00
1702526400000,94.54,95.48,93.85,95.29,62456.6,2023-12-14 04:00:00+00:00
1702540800000,95.28,97.93,94.86,97.79,129960.0,2023-12-14 08:00:00+00:00
1702555200000,97.82,97.97,91.91,97.47,257735.3,2023-12-14 12:00:00+00:00
1702569600000,97.46,101.55,96.99,99.42,275305.6,2023-12-14 16:00:00+00:00
1702584000000,99.43,107.72,99.17,107.21,445735.5,2023-12-14 20:00:00+00:00
1702598400000,107.2,108.0,103.91,104.32,264061.4,2023-12-15 00:00:00+00:00
1702612800000,104.33,109.32,104.08,107.69,358498.8,2023-12-15 04:00:00+00:00
1702627200000,107.7,115.84,107.69,113.76,675700.1,2023-12-15 08:00:00+00:00
1702641600000,113.76,118.8,109.13,111.2,1082495.9,2023-12-15 12:00:00+00:00
1702656000000,111.2,112.53,108.31,111.76,354893.4,2023-12-15 16:00:00+00:00
1702670400000,111.75,112.8,107.66,108.25,286993.4,2023-12-15 20:00:00+00:00
1702684800000,108.26,109.2,105.51,107.26,242935.0,2023-12-16 00:00:00+00:00
1702699200000,107.25,108.95,104.71,105.13,200208.3,2023-12-16 04:00:00+00:00
1702713600000,105.14,107.96,104.77,107.85,192750.2,2023-12-16 08:00:00+00:00
1702728000000,107.84,108.61,106.56,107.58,162276.9,2023-12-16 12:00:00+00:00
1702742400000,107.59,108.52,104.37,104.9,176423.9,2023-12-16 16:00:00+00:00
1702756800000,104.9,105.55,103.59,104.84,131339.3,2023-12-16 20:00:00+00:00
1702771200000,104.83,105.59,102.82,103.71,135161.8,2023-12-17 00:00:00+00:00
1702785600000,103.7,104.5,102.27,102.56,105787.8,2023-12-17 04:00:00+00:00
1702800000000,102.57,105.42,102.55,104.51,97511.7,2023-12-17 08:00:00+00:00
1702814400000,104.5,104.89,101.4,103.41,142364.6,2023-12-17 12:00:00+00:00
1702828800000,103.41,105.08,102.86,104.01,107144.9,2023-12-17 16:00:00+00:00
1702843200000,104.01,104.38,99.7,100.17,112513.4,2023-12-17 20:00:00+00:00
1702857600000,100.17,101.05,96.74,97.85,173469.4,2023-12-18 00:00:00+00:00
1702872000000,97.86,98.41,96.55,96.86,100152.1,2023-12-18 04:00:00+00:00
1702886400000,96.86,97.32,93.18,96.46,242032.0,2023-12-18 08:00:00+00:00
1702900800000,96.46,98.23,94.82,95.36,134142.4,2023-12-18 12:00:00+00:00
1702915200000,95.36,98.13,94.8,97.16,164096.1,2023-12-18 16:00:00+00:00
1702929600000,97.17,99.5,96.58,99.38,86616.8,2023-12-18 20:00:00+00:00
1702944000000,99.38,106.28,98.67,105.07,335247.4,2023-12-19 00:00:00+00:00
1702958400000,105.08,108.0,104.35,106.0,226951.9,2023-12-19 04:00:00+00:00
1702972800000,106.0,106.5,103.11,103.16,124033.0,2023-12-19 08:00:00+00:00
1702987200000,103.17,103.44,101.02,102.59,139508.4,2023-12-19 12:00:00+00:00
1703001600000,102.57,103.08,98.65,102.71,288198.9,2023-12-19 16:00:00+00:00
1703016000000,102.71,102.9,100.25,101.43,89743.0,2023-12-19 20:00:00+00:00
1703030400000,101.41,101.98,99.78,101.19,78823.6,2023-12-20 00:00:00+00:00
1703044800000,101.18,103.4,100.46,102.01,186100.4,2023-12-20 04:00:00+00:00
1703059200000,102.0,104.72,101.76,102.96,97832.4,2023-12-20 08:00:00+00:00
1703073600000,102.95,105.91,102.16,104.16,143594.0,2023-12-20 12:00:00+00:00
1703088000000,104.15,104.36,101.45,101.54,106549.4,2023-12-20 16:00:00+00:00
1703102400000,101.55,101.81,99.26,100.18,131568.0,2023-12-20 20:00:00+00:00
1703116800000,100.17,100.73,98.84,99.22,82596.5,2023-12-21 00:00:00+00:00
1703131200000,99.21,100.59,99.0,100.42,68529.6,2023-12-21 04:00:00+00:00
1703145600000,100.42,101.35,99.34,100.3,132241.7,2023-12-21 08:00:00+00:00
1703160000000,100.29,102.24,98.6,99.44,187162.1,2023-12-21 12:00:00+00:00
1703174400000,99.42,100.69,98.93,100.15,100060.7,2023-12-21 16:00:00+00:00
1703188800000,100.15,101.88,99.62,101.79,77903.3,2023-12-21 20:00:00+00:00
1703203200000,101.8,102.73,99.69,100.37,112987.4,2023-12-22 00:00:00+00:00
1703217600000,100.38,100.67,98.25,99.13,144133.3,2023-12-22 04:00:00+00:00
1703232000000,99.13,100.56,98.79,100.04,133942.3,2023-12-22 08:00:00+00:00
1703246400000,100.03,100.77,98.86,100.18,120744.8,2023-12-22 12:00:00+00:00
1703260800000,100.18,100.67,99.37,99.8,88428.4,2023-12-22 16:00:00+00:00
1703275200000,99.79,100.51,99.64,100.16,67798.1,2023-12-22 20:00:00+00:00
1703289600000,100.16,102.25,96.47,96.94,261468.8,2023-12-23 00:00:00+00:00
1703304000000,96.93,97.98,95.9,96.27,149875.0,2023-12-23 04:00:00+00:00
1703318400000,96.28,97.48,94.92,96.45,232943.1,2023-12-23 08:00:00+00:00
1703332800000,96.45,98.15,96.33,98.06,124837.8,2023-12-23 12:00:00+00:00
1703347200000,98.07,98.78,97.16,98.07,97772.2,2023-12-23 16:00:00+00:00
1703361600000,98.07,99.78,97.95,99.44,94640.2,2023-12-23 20:00:00+00:00
1703376000000,99.42,101.36,98.24,101.09,120815.1,2023-12-24 00:00:00+00:00
1703390400000,101.09,103.86,99.39,102.03,275850.6,2023-12-24 04:00:00+00:00
1703404800000,102.03,103.09,100.0,101.79,163852.9,2023-12-24 08:00:00+00:00
1703419200000,101.8,103.09,100.53,101.58,134942.6,2023-12-24 12:00:00+00:00
1703433600000,101.58,102.92,101.46,102.71,97599.4,2023-12-24 16:00:00+00:00
1703448000000,102.72,102.92,97.34,99.65,201863.5,2023-12-24 20:00:00+00:00
1703462400000,99.64,101.98,98.32,101.89,112029.6,2023-12-25 00:00:00+00:00
1703476800000,101.9,105.25,101.84,103.11,252877.6,2023-12-25 04:00:00+00:00
1703491200000,103.1,105.0,99.01,99.93,204073.3,2023-12-25 08:00:00+00:00
1703505600000,99.93,102.36,99.61,101.78,174275.9,2023-12-25 12:00:00+00:00
1703520000000,101.78,102.38,100.65,101.23,111213.4,2023-12-25 16:00:00+00:00
1703534400000,101.23,103.53,100.08,102.81,98690.2,2023-12-25 20:00:00+00:00
1703548800000,102.81,104.08,102.11,102.68,107867.7,2023-12-26 00:00:00+00:00
1703563200000,102.68,103.32,97.69,100.35,260979.0,2023-12-26 04:00:00+00:00
1703577600000,100.35,101.36,98.66,101.28,152696.7,2023-12-26 08:00:00+00:00
1703592000000,101.29,111.19,101.26,105.12,807110.8,2023-12-26 12:00:00+00:00
1703606400000,105.12,105.79,97.0,102.56,343081.1,2023-12-26 16:00:00+00:00
1703620800000,102.54,103.43,102.12,102.97,93641.2,2023-12-26 20:00:00+00:00
1703635200000,102.98,103.35,99.02,99.67,161232.1,2023-12-27 00:00:00+00:00
1703649600000,99.67,102.12,99.58,101.35,144525.4,2023-12-27 04:00:00+00:00
1703664000000,101.35,112.54,101.2,106.97,526831.6,2023-12-27 08:00:00+00:00
1703678400000,106.97,111.11,106.73,110.71,270842.5,2023-12-27 12:00:00+00:00
1703692800000,110.72,113.12,108.57,110.57,242153.1,2023-12-27 16:00:00+00:00
1703707200000,110.56,113.46,110.44,112.08,116519.8,2023-12-27 20:00:00+00:00
1703721600000,112.09,126.74,112.09,125.91,967180.5,2023-12-28 00:00:00+00:00
1703736000000,125.89,129.99,120.8,122.21,698022.3,2023-12-28 04:00:00+00:00
1703750400000,122.22,123.76,118.94,120.73,312382.3,2023-12-28 08:00:00+00:00
1703764800000,120.73,120.98,113.09,114.23,478692.7,2023-12-28 12:00:00+00:00
1703779200000,114.22,118.96,113.52,118.77,243340.8,2023-12-28 16:00:00+00:00
1703793600000,118.77,121.96,116.3,119.03,301206.7,2023-12-28 20:00:00+00:00
1703808000000,119.03,122.45,111.46,114.13,441042.6,2023-12-29 00:00:00+00:00
1703822400000,114.12,115.35,108.0,109.38,307334.9,2023-12-29 04:00:00+00:00
1703836800000,109.38,113.75,109.1,112.56,213539.5,2023-12-29 08:00:00+00:00
1703851200000,112.55,115.22,110.12,111.49,290238.4,2023-12-29 12:00:00+00:00
1703865600000,111.52,112.26,109.05,111.78,245660.5,2023-12-29 16:00:00+00:00
1703880000000,111.77,113.04,108.27,112.53,120006.4,2023-12-29 20:00:00+00:00
1703894400000,112.52,115.14,111.35,113.37,156307.4,2023-12-30 00:00:00+00:00
1703908800000,113.36,117.64,112.91,115.5,287741.9,2023-12-30 04:00:00+00:00
1703923200000,115.49,115.68,112.77,113.14,245296.3,2023-12-30 08:00:00+00:00
1703937600000,113.14,114.25,110.89,112.64,177082.3,2023-12-30 12:00:00+00:00
1703952000000,112.63,114.17,111.3,112.03,132286.1,2023-12-30 16:00:00+00:00
1703966400000,112.03,113.14,111.0,111.12,91214.3,2023-12-30 20:00:00+00:00
1703980800000,111.11,115.98,110.59,114.69,235288.8,2023-12-31 00:00:00+00:00
1703995200000,114.68,114.7,112.0,113.63,115296.4,2023-12-31 04:00:00+00:00
1704009600000,113.63,118.4,112.41,116.8,177130.7,2023-12-31 08:00:00+00:00
1704024000000,116.81,119.05,115.55,116.3,265918.3,2023-12-31 12:00:00+00:00
1704038400000,116.29,116.72,113.61,114.1,194708.1,2023-12-31 16:00:00+00:00
1704052800000,114.11,114.2,106.0,108.78,206813.5,2023-12-31 20:00:00+00:00
1704067200000,108.77,111.75,108.58,108.84,101843.8,2024-01-01 00:00:00+00:00
1704081600000,108.83,109.81,107.73,109.75,87426.0,2024-01-01 04:00:00+00:00
1704096000000,109.73,110.8,109.39,110.75,57746.9,2024-01-01 08:00:00+00:00
1704110400000,110.76,112.98,110.03,112.55,94764.1,2024-01-01 12:00:00+00:00
1704124800000,112.56,114.55,111.96,114.0,100277.8,2024-01-01 16:00:00+00:00
1704139200000,113.99,116.35,113.27,116.32,97803.7,2024-01-01 20:00:00+00:00
1704153600000,116.32,120.07,115.7,118.2,206960.9,2024-01-02 00:00:00+00:00
1704168000000,118.21,118.97,115.79,116.11,92363.9,2024-01-02 04:00:00+00:00
1704182400000,116.11,119.04,115.36,116.26,98620.6,2024-01-02 08:00:00+00:00
1704196800000,116.27,116.84,111.63,112.77,136326.1,2024-01-02 12:00:00+00:00
1704211200000,112.78,113.52,111.03,111.76,112883.1,2024-01-02 16:00:00+00:00
1704225600000,111.77,112.69,108.17,110.4,184906.0,2024-01-02 20:00:00+00:00
1704240000000,110.39,111.81,109.93,110.67,134523.2,2024-01-03 00:00:00+00:00
1704254400000,110.67,113.02,110.53,111.15,108286.2,2024-01-03 04:00:00+00:00
1704268800000,111.15,113.21,107.55,108.48,187585.8,2024-01-03 08:00:00+00:00
1704283200000,108.48,108.51,88.87,101.68,670061.0,2024-01-03 12:00:00+00:00
1704297600000,101.7,102.53,98.45,100.17,183207.1,2024-01-03 16:00:00+00:00
1704312000000,100.16,103.52,100.11,102.54,97524.0,2024-01-03 20:00:00+00:00
1704326400000,102.53,103.95,101.41,103.34,99612.8,2024-01-04 00:00:00+00:00
1704340800000,103.36,103.91,102.15,102.36,72963.8,2024-01-04 04:00:00+00:00
1704355200000,102.37,103.15,101.08,102.75,91069.6,2024-01-04 08:00:00+00:00
1704369600000,102.76,105.27,102.23,105.12,129187.2,2024-01-04 12:00:00+00:00
1704384000000,105.12,105.41,103.75,104.22,74465.8,2024-01-04 16:00:00+00:00
1704398400000,104.22,105.53,103.42,103.81,51055.5,2024-01-04 20:00:00+00:00
1704412800000,103.82,108.61,101.51,102.82,278487.3,2024-01-05 00:00:00+00:00
1704427200000,102.79,105.13,102.06,104.35,85672.1,2024-01-05 04:00:00+00:00
1704441600000,104.35,105.8,102.14,102.6,99795.7,2024-01-05 08:00:00+00:00
1704456000000,102.58,103.25,99.71,101.79,146783.5,2024-01-05 12:00:00+00:00
1704470400000,101.77,102.44,98.98,100.96,104330.1,2024-01-05 16:00:00+00:00
1704484800000,100.96,103.05,100.83,102.94,75501.4,2024-01-05 20:00:00+00:00
1704499200000,102.94,103.29,101.02,101.41,58992.4,2024-01-06 00:00:00+00:00
1704513600000,101.41,101.74,96.83,98.95,153945.3,2024-01-06 04:00:00+00:00
1704528000000,98.94,100.01,98.27,99.85,46476.1,2024-01-06 08:00:00+00:00
1704542400000,99.85,100.56,98.47,99.91,57148.8,2024-01-06 12:00:00+00:00
1704556800000,99.91,100.87,99.25,99.93,48757.5,2024-01-06 16:00:00+00:00
1704571200000,99.95,100.27,98.02,99.38,45477.0,2024-01-06 20:00:00+00:00
1704585600000,99.38,100.54,98.56,99.27,59056.7,2024-01-07 00:00:00+00:00
1704600000000,99.27,100.25,98.94,99.89,46603.2,2024-01-07 04:00:00+00:00
1704614400000,99.91,100.19,97.41,98.42,97841.5,2024-01-07 08:00:00+00:00
1704628800000,98.41,99.68,97.32,97.86,59186.2,2024-01-07 12:00:00+00:00
1704643200000,97.85,98.59,96.13,98.4,69317.8,2024-01-07 16:00:00+00:00
1704657600000,98.4,98.57,93.55,94.86,120611.3,2024-01-07 20:00:00+00:00
1704672000000,94.87,94.94,88.33,90.47,205877.4,2024-01-08 00:00:00+00:00
1704686400000,90.47,94.99,90.18,93.75,131016.4,2024-01-08 04:00:00+00:00
1704700800000,93.75,95.39,93.46,95.28,65915.0,2024-01-08 08:00:00+00:00
1704715200000,95.29,97.21,94.91,95.57,138600.2,2024-01-08 12:00:00+00:00
1704729600000,95.58,100.34,94.6,99.36,154605.5,2024-01-08 16:00:00+00:00
1704744000000,99.37,99.7,97.79,99.01,78811.4,2024-01-08 20:00:00+00:00
1704758400000,99.02,99.26,96.35,97.07,92729.8,2024-01-09 00:00:00+00:00
1704772800000,97.07,98.3,96.76,97.35,47337.6,2024-01-09 04:00:00+00:00
1704787200000,97.34,97.43,94.59,95.2,75447.2,2024-01-09 08:00:00+00:00
1704801600000,95.21,95.69,91.82,93.45,147290.9,2024-01-09 12:00:00+00:00
1704816000000,93.45,95.32,92.53,94.26,79477.2,2024-01-09 16:00:00+00:00
1704830400000,94.27,96.9,92.28,96.43,223262.5,2024-01-09 20:00:00+00:00
1704844800000,96.43,99.08,96.0,97.97,96337.8,2024-01-10 00:00:00+00:00
1704859200000,97.97,99.46,97.39,98.63,61633.6,2024-01-10 04:00:00+00:00
1704873600000,98.64,103.83,97.41,101.47,267813.5,2024-01-10 08:00:00+00:00
1704888000000,101.48,102.7,97.6,102.44,224468.2,2024-01-10 12:00:00+00:00
1704902400000,102.38,103.77,100.21,103.57,122764.0,2024-01-10 16:00:00+00:00
1704916800000,103.58,110.21,100.58,106.99,472573.0,2024-01-10 20:00:00+00:00
1704931200000,106.99,110.78,106.16,109.68,178605.1,2024-01-11 00:00:00+00:00
1704945600000,109.67,111.3,107.56,108.85,134113.5,2024-01-11 04:00:00+00:00
1704960000000,108.84,116.54,108.7,116.42,207690.0,2024-01-11 08:00:00+00:00
1704974400000,116.41,118.1,108.01,109.47,478202.7,2024-01-11 12:00:00+00:00
1704988800000,109.46,110.69,106.47,110.27,222203.4,2024-01-11 16:00:00+00:00
1705003200000,110.26,110.89,107.73,109.58,141867.1,2024-01-11 20:00:00+00:00
1705017600000,109.57,110.03,107.42,108.31,86145.5,2024-01-12 00:00:00+00:00
1705032000000,108.3,110.41,107.56,109.13,83480.1,2024-01-12 04:00:00+00:00
1705046400000,109.14,111.5,107.45,111.47,106905.4,2024-01-12 08:00:00+00:00
1705060800000,111.46,113.91,108.09,109.01,256989.9,2024-01-12 12:00:00+00:00
1705075200000,108.99,110.3,103.58,105.69,207522.3,2024-01-12 16:00:00+00:00
1705089600000,105.67,106.38,99.21,102.99,171924.4,2024-01-12 20:00:00+00:00
1705104000000,102.98,103.7,100.62,102.87,71930.9,2024-01-13 00:00:00+00:00
1705118400000,102.9,104.74,102.61,104.28,44104.7,2024-01-13 04:00:00+00:00
1705132800000,104.3,105.46,103.54,103.97,54519.6,2024-01-13 08:00:00+00:00
1705147200000,103.97,106.14,103.8,105.84,87655.7,2024-01-13 12:00:00+00:00
1705161600000,105.83,107.69,105.28,106.48,67111.9,2024-01-13 16:00:00+00:00
1705176000000,106.48,106.97,105.77,105.97,44812.9,2024-01-13 20:00:00+00:00
1705190400000,105.96,106.1,103.38,103.48,57808.4,2024-01-14 00:00:00+00:00
1705204800000,103.47,104.23,102.44,103.77,37537.6,2024-01-14 04:00:00+00:00
1705219200000,103.77,104.07,102.72,102.88,33844.7,2024-01-14 08:00:00+00:00
1705233600000,102.88,103.68,102.33,103.61,40381.7,2024-01-14 12:00:00+00:00
1705248000000,103.61,103.92,100.96,101.15,68558.9,2024-01-14 16:00:00+00:00
1705262400000,101.14,102.48,99.05,99.36,89560.5,2024-01-14 20:00:00+00:00
1705276800000,99.36,101.74,99.24,101.31,48432.6,2024-01-15 00:00:00+00:00
1705291200000,101.33,102.19,100.89,101.34,49592.7,2024-01-15 04:00:00+00:00
1705305600000,101.35,102.62,100.77,102.35,63970.2,2024-01-15 08:00:00+00:00
1705320000000,102.35,102.93,100.36,101.1,99018.4,2024-01-15 12:00:00+00:00
1705334400000,101.11,103.31,100.98,102.42,58499.8,2024-01-15 16:00:00+00:00
1705348800000,102.43,103.16,101.25,101.82,37211.0,2024-01-15 20:00:00+00:00
1705363200000,101.82,114.94,101.72,108.28,482233.0,2024-01-16 00:00:00+00:00
1705377600000,108.26,109.39,105.23,106.3,142250.9,2024-01-16 04:00:00+00:00
1705392000000,106.32,107.52,105.29,105.71,156389.1,2024-01-16 08:00:00+00:00
1705406400000,105.71,106.38,102.31,105.04,134632.7,2024-01-16 12:00:00+00:00
1705420800000,105.04,105.36,102.79,103.43,56088.0,2024-01-16 16:00:00+00:00
1705435200000,103.43,104.97,102.48,103.51,125277.7,2024-01-16 20:00:00+00:00
1705449600000,103.51,104.12,101.84,101.93,92069.8,2024-01-17 00:00:00+00:00
1705464000000,101.93,102.43,100.66,101.04,112338.6,2024-01-17 04:00:00+00:00
1705478400000,101.06,102.53,100.49,101.68,75303.9,2024-01-17 08:00:00+00:00
1705492800000,101.68,102.32,100.72,101.01,90960.4,2024-01-17 12:00:00+00:00
1705507200000,101.02,101.58,100.16,100.86,45962.2,2024-01-17 16:00:00+00:00
1705521600000,100.87,101.31,99.79,101.28,47077.8,2024-01-17 20:00:00+00:00
1705536000000,101.29,101.54,99.85,100.84,42690.9,2024-01-18 00:00:00+00:00
1705550400000,100.84,101.57,100.39,101.49,30224.0,2024-01-18 04:00:00+00:00
1705564800000,101.48,101.67,99.8,100.32,44575.3,2024-01-18 08:00:00+00:00
1705579200000,100.3,100.33,98.55,99.84,71475.1,2024-01-18 12:00:00+00:00
1705593600000,99.84,100.12,95.21,95.89,155956.3,2024-01-18 16:00:00+00:00
1705608000000,95.9,97.75,95.79,96.84,72519.3,2024-01-18 20:00:00+00:00
1705622400000,96.84,97.14,94.52,96.09,86543.2,2024-01-19 00:00:00+00:00
1705636800000,96.08,97.22,95.99,96.35,42440.4,2024-01-19 04:00:00+00:00
1705651200000,96.35,97.85,95.95,97.25,49166.7,2024-01-19 08:00:00+00:00
1705665600000,97.25,97.45,94.59,94.99,74347.1,2024-01-19 12:00:00+00:00
1705680000000,95.0,96.42,91.32,96.21,183892.4,2024-01-19 16:00:00+00:00
1705694400000,96.22,97.02,95.75,97.0,46201.5,2024-01-19 20:00:00+00:00
1705708800000,96.99,98.26,96.56,97.84,59708.8,2024-01-20 00:00:00+00:00
1705723200000,97.86,98.56,97.11,97.57,43894.6,2024-01-20 04:00:00+00:00
1705737600000,97.57,98.09,96.32,96.88,51176.8,2024-01-20 08:00:00+00:00
1705752000000,96.88,97.48,96.01,96.66,41637.5,2024-01-20 12:00:00+00:00
1705766400000,96.65,96.94,95.94,96.7,35050.4,2024-01-20 16:00:00+00:00
1705780800000,96.7,97.55,96.45,97.36,26622.9,2024-01-20 20:00:00+00:00
1705795200000,97.36,97.94,96.53,97.57,47903.5,2024-01-21 00:00:00+00:00
1705809600000,97.56,97.94,96.93,97.36,23594.0,2024-01-21 04:00:00+00:00
1705824000000,97.34,97.82,97.01,97.22,23891.5,2024-01-21 08:00:00+00:00
1705838400000,97.21,98.58,97.13,97.54,52266.6,2024-01-21 12:00:00+00:00
1705852800000,97.54,98.44,96.71,97.55,36436.4,2024-01-21 16:00:00+00:00
1705867200000,97.55,97.82,96.29,96.42,39262.2,2024-01-21 20:00:00+00:00
1705881600000,96.42,97.21,94.79,95.24,71269.2,2024-01-22 00:00:00+00:00
1705896000000,95.23,95.3,93.56,94.41,56203.6,2024-01-22 04:00:00+00:00
1705910400000,94.43,94.43,92.46,93.77,73051.8,2024-01-22 08:00:00+00:00
1705924800000,93.77,94.9,91.9,93.21,95501.6,2024-01-22 12:00:00+00:00
1705939200000,93.22,93.49,90.21,91.7,103387.2,2024-01-22 16:00:00+00:00
1705953600000,91.72,93.64,91.35,91.72,58573.8,2024-01-22 20:00:00+00:00
1705968000000,91.74,93.11,91.17,92.69,36857.0,2024-01-23 00:00:00+00:00
1705982400000,92.69,93.54,91.08,91.42,34291.9,2024-01-23 04:00:00+00:00
1705996800000,91.41,91.84,86.42,87.19,198543.2,2024-01-23 08:00:00+00:00
1706011200000,87.18,87.71,84.22,86.88,176855.5,2024-01-23 12:00:00+00:00
1706025600000,86.88,87.82,85.7,86.38,80493.9,2024-01-23 16:00:00+00:00
1706040000000,86.38,89.62,86.23,89.57,55542.3,2024-01-23 20:00:00+00:00
1706054400000,89.59,90.5,88.35,88.58,49285.3,2024-01-24 00:00:00+00:00
1706068800000,88.58,89.52,88.47,88.7,60082.9,2024-01-24 04:00:00+00:00
1706083200000,88.71,90.71,88.44,89.74,56403.2,2024-01-24 08:00:00+00:00
1706097600000,89.74,90.21,88.42,89.41,51776.9,2024-01-24 12:00:00+00:00
1706112000000,89.43,89.79,88.27,89.08,37558.0,2024-01-24 16:00:00+00:00
1706126400000,89.08,90.17,88.27,89.95,27714.8,2024-01-24 20:00:00+00:00
1706140800000,89.95,89.96,88.2,88.69,30020.9,2024-01-25 00:00:00+00:00
1706155200000,88.69,89.26,87.86,89.16,26843.2,2024-01-25 04:00:00+00:00
1706169600000,89.16,89.39,87.93,88.94,35285.3,2024-01-25 08:00:00+00:00
1706184000000,88.94,89.24,87.31,87.53,71360.4,2024-01-25 12:00:00+00:00
1706198400000,87.53,88.93,86.83,88.58,46141.8,2024-01-25 16:00:00+00:00
1706212800000,88.59,89.08,87.98,88.79,27795.9,2024-01-25 20:00:00+00:00
1706227200000,88.79,89.24,87.53,88.96,33447.4,2024-01-26 00:00:00+00:00
1706241600000,88.97,89.21,87.54,87.66,26709.2,2024-01-26 04:00:00+00:00
1706256000000,87.66,90.77,87.44,90.46,58645.1,2024-01-26 08:00:00+00:00
1706270400000,90.48,91.08,89.92,91.02,55324.0,2024-01-26 12:00:00+00:00
1706284800000,91.04,91.65,90.79,91.11,49809.9,2024-01-26 16:00:00+00:00
1706299200000,91.11,91.56,90.41,91.27,35804.7,2024-01-26 20:00:00+00:00
1706313600000,91.27,92.09,91.15,91.85,38475.4,2024-01-27 00:00:00+00:00
1706328000000,91.86,92.07,90.23,90.6,28580.2,2024-01-27 04:00:00+00:00
1706342400000,90.62,91.31,90.27,91.08,28846.6,2024-01-27 08:00:00+00:00
1706356800000,91.08,91.48,90.66,91.27,27604.2,2024-01-27 12:00:00+00:00
1706371200000,91.26,92.15,91.15,91.78,26812.1,2024-01-27 16:00:00+00:00
1706385600000,91.78,92.14,91.3,91.53,26197.3,2024-01-27 20:00:00+00:00
1706400000000,91.53,93.09,91.31,92.98,37942.6,2024-01-28 00:00:00+00:00
1706414400000,92.99,93.45,91.79,91.87,45296.6,2024-01-28 04:00:00+00:00
1706428800000,91.87,93.29,91.43,92.61,49803.3,2024-01-28 08:00:00+00:00
1706443200000,92.61,92.73,90.91,91.33,51933.8,2024-01-28 12:00:00+00:00
1706457600000,91.32,92.0,89.96,90.52,44183.1,2024-01-28 16:00:00+00:00
1706472000000,90.52,91.42,90.0,91.14,29572.9,2024-01-28 20:00:00+00:00
1706486400000,91.14,92.83,90.7,92.33,40521.4,2024-01-29 00:00:00+00:00
1706500800000,92.33,92.74,91.85,91.93,29706.9,2024-01-29 04:00:00+00:00
1706515200000,91.95,92.7,91.52,91.71,36000.3,2024-01-29 08:00:00+00:00
1706529600000,91.7,92.05,90.2,92.05,43373.1,2024-01-29 12:00:00+00:00
1706544000000,92.05,93.61,91.71,93.1,70342.7,2024-01-29 16:00:00+00:00
1706558400000,93.1,93.85,93.02,93.58,32530.1,2024-01-29 20:00:00+00:00
1706572800000,93.58,94.15,92.84,93.09,35323.5,2024-01-30 00:00:00+00:00
1706587200000,93.09,93.38,92.14,92.64,35029.1,2024-01-30 04:00:00+00:00
1706601600000,92.64,93.97,92.38,93.6,45584.4,2024-01-30 08:00:00+00:00
1706616000000,93.59,94.17,92.16,93.58,61092.0,2024-01-30 12:00:00+00:00
1706630400000,93.6,95.22,93.56,94.29,74507.5,2024-01-30 16:00:00+00:00
1706644800000,94.29,95.35,92.43,92.98,79689.4,2024-01-30 20:00:00+00:00
1706659200000,92.97,93.34,88.28,88.46,289902.3,2024-01-31 00:00:00+00:00
1706673600000,88.44,88.58,87.23,88.35,217982.3,2024-01-31 04:00:00+00:00
1706688000000,88.34,88.45,86.4,86.98,164142.6,2024-01-31 08:00:00+00:00
1706702400000,86.98,87.34,85.17,87.33,203390.3,2024-01-31 12:00:00+00:00
1706716800000,87.34,87.96,86.6,87.33,120940.4,2024-01-31 16:00:00+00:00
1706731200000,87.33,87.41,85.03,85.82,140080.7,2024-01-31 20:00:00+00:00
1706745600000,85.82,86.07,83.55,83.75,218538.8,2024-02-01 00:00:00+00:00
1706760000000,83.75,84.07,83.02,83.53,109601.9,2024-02-01 04:00:00+00:00
1706774400000,83.53,84.28,82.74,83.06,102242.7,2024-02-01 08:00:00+00:00
1706788800000,83.05,84.56,82.8,83.82,151748.0,2024-02-01 12:00:00+00:00
1706803200000,83.83,84.59,83.05,84.03,121163.6,2024-02-01 16:00:00+00:00
1706817600000,84.03,84.29,83.16,83.84,112235.0,2024-02-01 20:00:00+00:00
1706832000000,83.84,84.98,82.25,83.02,501128.5,2024-02-02 00:00:00+00:00
1706846400000,83.02,84.2,82.72,83.69,228374.2,2024-02-02 04:00:00+00:00
1706860800000,83.69,84.57,82.74,84.03,127424.2,2024-02-02 08:00:00+00:00
1706875200000,84.04,86.5,83.15,86.42,213522.3,2024-02-02 12:00:00+00:00
1706889600000,86.42,86.48,84.69,85.48,111664.6,2024-02-02 16:00:00+00:00
1706904000000,85.49,85.9,84.66,85.84,64099.3,2024-02-02 20:00:00+00:00
1706918400000,85.83,86.0,85.14,85.18,47572.2,2024-02-03 00:00:00+00:00
1706932800000,85.19,85.8,84.81,85.42,46146.3,2024-02-03 04:00:00+00:00
1706947200000,85.42,86.44,85.4,85.72,103836.1,2024-02-03 08:00:00+00:00
1706961600000,85.73,86.49,85.22,86.05,89041.8,2024-02-03 12:00:00+00:00
1706976000000,86.06,86.63,85.83,86.54,59919.9,2024-02-03 16:00:00+00:00
1706990400000,86.55,86.82,85.4,85.62,44537.8,2024-02-03 20:00:00+00:00
1707004800000,85.61,85.76,84.36,85.39,66295.6,2024-02-04 00:00:00+00:00
1707019200000,85.38,85.39,83.78,84.23,55142.0,2024-02-04 04:00:00+00:00
1707033600000,84.23,85.24,83.74,85.18,43719.3,2024-02-04 08:00:00+00:00
1707048000000,85.17,85.45,84.41,84.9,52308.2,2024-02-04 12:00:00+00:00
1707062400000,84.89,84.9,83.5,84.13,75885.1,2024-02-04 16:00:00+00:00
1707076800000,84.13,84.92,82.54,83.2,73208.1,2024-02-04 20:00:00+00:00
1707091200000,83.21,83.64,81.36,83.63,102484.5,2024-02-05 00:00:00+00:00
1707105600000,83.62,84.52,83.1,84.4,60881.7,2024-02-05 04:00:00+00:00
1707120000000,84.4,85.37,84.4,85.04,93678.6,2024-02-05 08:00:00+00:00
1707134400000,85.05,85.93,84.0,84.2,89630.4,2024-02-05 12:00:00+00:00
1707148800000,84.21,84.95,83.94,84.18,91549.4,2024-02-05 16:00:00+00:00
1707163200000,84.18,84.25,83.01,84.16,56183.3,2024-02-05 20:00:00+00:00
1707177600000,84.16,85.26,83.64,84.5,54131.4,2024-02-06 00:00:00+00:00
1707192000000,84.51,84.78,83.68,83.77,49986.5,2024-02-06 04:00:00+00:00
1707206400000,83.77,84.33,82.63,83.13,88031.9,2024-02-06 08:00:00+00:00
1707220800000,83.12,84.09,82.46,83.93,75436.1,2024-02-06 12:00:00+00:00
1707235200000,83.92,85.08,83.66,84.99,63813.1,2024-02-06 16:00:00+00:00
1707249600000,84.99,85.37,84.34,84.46,43608.2,2024-02-06 20:00:00+00:00
1707264000000,84.46,84.99,83.92,83.96,42024.7,2024-02-07 00:00:00+00:00
1707278400000,83.95,84.15,83.26,83.57,37943.1,2024-02-07 04:00:00+00:00
1707292800000,83.57,83.77,82.61,82.94,53545.6,2024-02-07 08:00:00+00:00
1707307200000,82.94,83.27,82.22,82.94,74982.6,2024-02-07 12:00:00+00:00
1707321600000,82.93,84.71,82.65,83.23,123105.7,2024-02-07 16:00:00+00:00
1707336000000,83.23,84.98,83.22,84.18,127177.8,2024-02-07 20:00:00+00:00
1707350400000,84.19,85.19,84.01,84.91,91840.4,2024-02-08 00:00:00+00:00
1707364800000,84.91,85.67,84.21,85.34,86557.6,2024-02-08 04:00:00+00:00
1707379200000,85.34,85.95,84.72,84.95,123688.7,2024-02-08 08:00:00+00:00
1707393600000,84.96,86.7,84.42,86.52,130661.3,2024-02-08 12:00:00+00:00
1707408000000,86.53,86.71,84.87,85.23,109389.4,2024-02-08 16:00:00+00:00
1707422400000,85.23,85.95,85.07,85.16,52098.5,2024-02-08 20:00:00+00:00
1707436800000,85.16,87.5,85.12,86.82,75499.9,2024-02-09 00:00:00+00:00
1707451200000,86.83,87.57,86.72,87.14,50557.9,2024-02-09 04:00:00+00:00
1707465600000,87.14,88.5,87.1,88.28,92947.7,2024-02-09 08:00:00+00:00
1707480000000,88.29,89.88,86.51,86.74,270050.4,2024-02-09 12:00:00+00:00
1707494400000,86.76,87.77,85.71,86.99,165851.3,2024-02-09 16:00:00+00:00
1707508800000,86.98,88.32,86.95,87.61,84914.5,2024-02-09 20:00:00+00:00
1707523200000,87.61,88.88,87.13,88.84,75358.8,2024-02-10 00:00:00+00:00
1707537600000,88.84,89.0,88.11,88.22,44982.0,2024-02-10 04:00:00+00:00
1707552000000,88.22,88.35,86.03,87.14,88501.9,2024-02-10 08:00:00+00:00
1707566400000,87.15,88.78,86.65,88.06,70994.5,2024-02-10 12:00:00+00:00
1707580800000,88.06,88.98,87.88,88.35,61379.2,2024-02-10 16:00:00+00:00
1707595200000,88.35,89.26,88.19,88.38,58279.2,2024-02-10 20:00:00+00:00
1707609600000,88.38,89.61,87.72,89.52,58377.1,2024-02-11 00:00:00+00:00
1707624000000,89.52,89.88,88.85,89.45,59974.4,2024-02-11 04:00:00+00:00
1707638400000,89.44,89.65,88.8,89.26,58491.2,2024-02-11 08:00:00+00:00
1707652800000,89.25,89.56,87.3,87.85,94531.4,2024-02-11 12:00:00+00:00
1707667200000,87.85,88.44,87.09,87.76,84330.8,2024-02-11 16:00:00+00:00
1707681600000,87.75,87.88,86.61,87.24,46899.0,2024-02-11 20:00:00+00:00
1707696000000,87.24,88.29,86.03,86.72,75154.5,2024-02-12 00:00:00+00:00
1707710400000,86.71,86.9,85.46,86.75,53509.9,2024-02-12 04:00:00+00:00
1707724800000,86.74,86.77,85.02,86.12,101808.2,2024-02-12 08:00:00+00:00
1707739200000,86.11,88.43,85.88,88.24,125325.9,2024-02-12 12:00:00+00:00
1707753600000,88.24,91.07,87.58,89.27,218834.7,2024-02-12 16:00:00+00:00
1707768000000,89.28,91.07,89.27,90.86,59870.7,2024-02-12 20:00:00+00:00
1707782400000,90.87,91.44,89.22,89.49,77333.8,2024-02-13 00:00:00+00:00
1707796800000,89.5,90.36,89.49,90.32,35672.6,2024-02-13 04:00:00+00:00
1707811200000,90.32,91.11,89.52,90.45,76735.6,2024-02-13 08:00:00+00:00
1707825600000,90.46,90.57,87.8,89.31,291937.9,2024-02-13 12:00:00+00:00
1707840000000,89.31,89.94,88.92,89.33,93251.3,2024-02-13 16:00:00+00:00
1707854400000,89.32,90.0,89.03,89.63,66494.6,2024-02-13 20:00:00+00:00
1707868800000,89.64,90.28,89.05,89.98,62662.7,2024-02-14 00:00:00+00:00
1707883200000,89.97,90.47,89.33,90.33,48949.1,2024-02-14 04:00:00+00:00
1707897600000,90.34,92.83,90.01,91.96,180683.2,2024-02-14 08:00:00+00:00
1707912000000,91.97,92.14,90.25,91.23,158349.7,2024-02-14 12:00:00+00:00
1707926400000,91.23,91.24,90.0,90.89,90223.4,2024-02-14 16:00:00+00:00
1707940800000,90.88,91.29,90.53,91.12,58382.6,2024-02-14 20:00:00+00:00
1707955200000,91.12,92.27,90.36,91.74,111738.4,2024-02-15 00:00:00+00:00
1707969600000,91.73,91.87,90.05,91.41,77481.0,2024-02-15 04:00:00+00:00
1707984000000,91.42,93.71,91.28,92.24,173744.8,2024-02-15 08:00:00+00:00
1707998400000,92.22,93.55,91.59,92.25,186758.6,2024-02-15 12:00:00+00:00
1708012800000,92.25,92.77,91.18,92.39,112961.5,2024-02-15 16:00:00+00:00
1708027200000,92.39,92.59,90.72,92.37,84159.3,2024-02-15 20:00:00+00:00
1708041600000,92.37,93.15,91.59,93.07,74796.1,2024-02-16 00:00:00+00:00
1708056000000,93.06,95.08,92.92,93.0,150728.3,2024-02-16 04:00:00+00:00
1708070400000,93.0,93.86,91.99,93.48,124246.0,2024-02-16 08:00:00+00:00
1708084800000,93.47,94.64,90.2,91.96,188330.7,2024-02-16 12:00:00+00:00
1708099200000,91.96,93.28,91.09,92.25,135541.6,2024-02-16 16:00:00+00:00
1708113600000,92.24,94.89,92.06,94.63,110753.3,2024-02-16 20:00:00+00:00
1708128000000,94.63,94.91,92.83,93.56,95576.6,2024-02-17 00:00:00+00:00
1708142400000,93.55,94.79,92.91,94.68,88349.7,2024-02-17 04:00:00+00:00
1708156800000,94.67,94.72,92.36,93.36,121070.0,2024-02-17 08:00:00+00:00
1708171200000,93.35,93.73,91.1,92.56,207118.4,2024-02-17 12:00:00+00:00
1708185600000,92.56,93.48,92.03,93.42,68482.1,2024-02-17 16:00:00+00:00
1708200000000,93.42,94.42,93.23,93.99,55068.3,2024-02-17 20:00:00+00:00
1708214400000,94.0,94.37,92.68,93.46,78629.9,2024-02-18 00:00:00+00:00
1708228800000,93.47,94.37,92.86,93.71,61692.4,2024-02-18 04:00:00+00:00
1708243200000,93.7,94.69,93.32,94.45,64812.4,2024-02-18 08:00:00+00:00
1708257600000,94.44,95.6,93.63,95.0,176500.7,2024-02-18 12:00:00+00:00
1708272000000,94.99,95.35,93.51,94.1,119685.6,2024-02-18 16:00:00+00:00
1708286400000,94.11,95.26,93.52,94.73,71333.4,2024-02-18 20:00:00+00:00
1708300800000,94.73,96.59,94.3,96.31,83664.1,2024-02-19 00:00:00+00:00
1708315200000,96.32,98.08,95.78,98.01,121785.8,2024-02-19 04:00:00+00:00
1708329600000,98.0,98.12,95.64,96.42,105372.1,2024-02-19 08:00:00+00:00
1708344000000,96.42,97.29,95.57,97.15,115073.9,2024-02-19 12:00:00+00:00
1708358400000,97.15,97.71,95.39,97.54,128545.8,2024-02-19 16:00:00+00:00
1708372800000,97.54,98.13,95.98,96.3,103248.6,2024-02-19 20:00:00+00:00
1708387200000,96.29,97.22,94.32,94.86,167006.7,2024-02-20 00:00:00+00:00
1708401600000,94.86,96.87,94.56,96.07,81086.4,2024-02-20 04:00:00+00:00
1708416000000,96.08,96.48,93.7,96.04,142008.8,2024-02-20 08:00:00+00:00
1708430400000,96.03,96.95,90.0,92.28,364311.8,2024-02-20 12:00:00+00:00
1708444800000,92.29,93.07,90.04,93.01,181990.1,2024-02-20 16:00:00+00:00
1708459200000,93.02,94.7,92.65,93.93,92936.6,2024-02-20 20:00:00+00:00
1708473600000,93.94,94.31,92.74,92.9,53895.7,2024-02-21 00:00:00+00:00
1708488000000,92.89,93.18,90.51,91.15,83439.3,2024-02-21 04:00:00+00:00
1708502400000,91.15,91.5,88.8,90.08,173170.6,2024-02-21 08:00:00+00:00
1708516800000,90.09,91.07,88.48,90.06,160429.1,2024-02-21 12:00:00+00:00
1708531200000,90.06,90.66,88.02,89.82,100315.4,2024-02-21 16:00:00+00:00
1708545600000,89.81,92.85,89.11,91.79,123803.5,2024-02-21 20:00:00+00:00
1708560000000,91.8,91.82,90.13,91.09,66252.1,2024-02-22 00:00:00+00:00
1708574400000,91.09,93.17,90.64,93.03,73132.0,2024-02-22 04:00:00+00:00
1708588800000,93.03,93.94,92.56,92.95,103857.3,2024-02-22 08:00:00+00:00
1708603200000,92.96,93.34,90.61,92.85,103095.5,2024-02-22 12:00:00+00:00
1708617600000,92.84,93.38,91.69,92.91,66218.2,2024-02-22 16:00:00+00:00
1708632000000,92.9,94.0,91.71,92.01,87829.1,2024-02-22 20:00:00+00:00
1708646400000,92.01,92.89,90.35,90.88,82196.7,2024-02-23 00:00:00+00:00
1708660800000,90.88,92.08,90.1,91.06,65379.6,2024-02-23 04:00:00+00:00
1708675200000,91.06,91.44,89.84,90.83,79438.9,2024-02-23 08:00:00+00:00
1708689600000,90.84,102.0,89.51,97.73,894818.5,2024-02-23 12:00:00+00:00
1708704000000,97.74,97.92,93.4,96.0,521403.7,2024-02-23 16:00:00+00:00
1708718400000,96.01,96.46,93.6,94.71,117459.7,2024-02-23 20:00:00+00:00
1708732800000,94.7,98.76,93.77,98.22,344366.7,2024-02-24 00:00:00+00:00
1708747200000,98.22,103.15,97.5,102.6,319499.5,2024-02-24 04:00:00+00:00
1708761600000,102.61,104.14,101.02,101.31,413145.8,2024-02-24 08:00:00+00:00
1708776000000,101.31,101.46,97.4,97.5,265695.7,2024-02-24 12:00:00+00:00
1708790400000,97.51,100.5,97.37,99.27,210252.7,2024-02-24 16:00:00+00:00
1708804800000,99.27,102.0,98.73,101.22,122642.4,2024-02-24 20:00:00+00:00
1708819200000,101.2,101.83,97.49,98.66,164068.5,2024-02-25 00:00:00+00:00
1708833600000,98.66,100.0,97.81,99.52,89092.4,2024-02-25 04:00:00+00:00
1708848000000,99.52,100.41,98.01,99.51,100108.2,2024-02-25 08:00:00+00:00
1708862400000,99.51,99.7,97.86,98.18,100258.7,2024-02-25 12:00:00+00:00
1708876800000,98.18,100.2,97.59,99.97,101566.5,2024-02-25 16:00:00+00:00
1708891200000,99.97,100.58,99.16,100.47,71363.0,2024-02-25 20:00:00+00:00
1708905600000,100.47,102.65,100.0,102.64,148092.2,2024-02-26 00:00:00+00:00
1708920000000,102.63,102.79,99.88,100.01,98690.8,2024-02-26 04:00:00+00:00
1708934400000,100.0,100.63,97.94,99.61,147062.0,2024-02-26 08:00:00+00:00
1708948800000,99.62,103.99,99.16,103.26,193871.1,2024-02-26 12:00:00+00:00
1708963200000,103.28,104.08,101.41,103.03,198250.1,2024-02-26 16:00:00+00:00
1708977600000,103.03,103.44,102.26,102.92,69010.1,2024-02-26 20:00:00+00:00
1708992000000,102.91,104.52,101.66,103.19,135147.0,2024-02-27 00:00:00+00:00
1709006400000,103.21,103.71,101.06,101.6,88119.6,2024-02-27 04:00:00+00:00
1709020800000,101.6,105.39,101.46,104.98,119136.8,2024-02-27 08:00:00+00:00
1709035200000,104.97,106.11,101.74,102.1,196295.2,2024-02-27 12:00:00+00:00
1709049600000,102.11,104.59,101.68,104.05,134916.8,2024-02-27 16:00:00+00:00
1709064000000,104.11,105.88,103.47,104.9,81432.2,2024-02-27 20:00:00+00:00
1709078400000,104.89,106.3,103.64,103.91,75698.5,2024-02-28 00:00:00+00:00
1709092800000,103.91,107.49,103.79,107.03,114111.7,2024-02-28 04:00:00+00:00
1709107200000,107.0,108.23,104.0,105.09,204188.4,2024-02-28 08:00:00+00:00
1709121600000,105.09,107.19,104.6,105.84,172424.1,2024-02-28 12:00:00+00:00
1709136000000,105.81,108.94,96.0,102.66,530005.7,2024-02-28 16:00:00+00:00
1709150400000,102.66,105.63,101.64,104.53,124741.8,2024-02-28 20:00:00+00:00
1709164800000,104.53,106.75,103.6,106.24,113391.3,2024-02-29 00:00:00+00:00
1709179200000,106.25,110.42,105.87,110.07,170859.6,2024-02-29 04:00:00+00:00
1709193600000,110.07,113.97,108.96,112.48,267928.3,2024-02-29 08:00:00+00:00
1709208000000,112.46,115.05,110.76,112.37,211736.6,2024-02-29 12:00:00+00:00
1709222400000,112.39,112.48,107.83,109.64,209315.2,2024-02-29 16:00:00+00:00
1709236800000,109.63,109.96,103.11,105.88,167664.9,2024-02-29 20:00:00+00:00
1709251200000,105.88,110.07,105.86,108.76,140699.4,2024-03-01 00:00:00+00:00
1709265600000,108.75,110.41,108.33,108.55,79885.3,2024-03-01 04:00:00+00:00
1709280000000,108.54,109.84,108.14,108.82,59862.6,2024-03-01 08:00:00+00:00
1709294400000,108.82,110.12,106.8,107.33,118722.0,2024-03-01 12:00:00+00:00
1709308800000,107.33,109.39,106.97,108.56,72514.5,2024-03-01 16:00:00+00:00
1709323200000,108.56,110.72,108.04,110.64,75300.2,2024-03-01 20:00:00+00:00
1709337600000,110.65,114.57,109.86,114.56,140440.4,2024-03-02 00:00:00+00:00
1709352000000,114.56,114.89,112.3,113.64,97224.8,2024-03-02 04:00:00+00:00
1709366400000,113.64,114.35,111.28,113.97,98990.9,2024-03-02 08:00:00+00:00
1709380800000,113.98,117.28,112.89,116.9,199069.6,2024-03-02 12:00:00+00:00
1709395200000,116.91,118.78,114.83,116.87,154811.1,2024-03-02 16:00:00+00:00
1709409600000,116.86,117.65,115.5,116.27,67344.1,2024-03-02 20:00:00+00:00
1709424000000,116.29,119.29,114.97,115.97,181377.9,2024-03-03 00:00:00+00:00
1709438400000,115.96,117.21,104.0,110.99,221290.2,2024-03-03 04:00:00+00:00
1709452800000,111.0,114.02,109.63,113.8,158027.1,2024-03-03 08:00:00+00:00
1709467200000,113.79,114.66,111.8,112.92,85042.7,2024-03-03 12:00:00+00:00
1709481600000,112.92,113.9,111.62,112.39,80979.8,2024-03-03 16:00:00+00:00
1709496000000,112.35,113.55,111.35,112.72,56282.5,2024-03-03 20:00:00+00:00
1709510400000,112.71,114.61,110.17,110.8,130814.7,2024-03-04 00:00:00+00:00
1709524800000,110.79,113.03,105.06,111.44,114676.5,2024-03-04 04:00:00+00:00
1709539200000,111.45,114.44,111.19,114.37,185072.3,2024-03-04 08:00:00+00:00
1709553600000,114.38,115.6,111.51,114.46,222200.0,2024-03-04 12:00:00+00:00
1709568000000,114.47,115.44,110.35,114.21,242515.9,2024-03-04 16:00:00+00:00
1709582400000,114.22,115.0,113.15,114.35,94533.7,2024-03-04 20:00:00+00:00
1709596800000,114.36,118.07,113.35,117.98,206363.0,2024-03-05 00:00:00+00:00
1709611200000,117.97,119.98,112.57,115.19,290756.0,2024-03-05 04:00:00+00:00
1709625600000,115.18,119.16,113.87,117.28,144564.5,2024-03-05 08:00:00+00:00
1709640000000,117.29,118.6,114.11,115.66,223565.4,2024-03-05 12:00:00+00:00
1709654400000,115.67,116.67,88.47,99.08,485482.6,2024-03-05 16:00:00+00:00
1709668800000,99.11,106.6,97.25,105.75,359880.4,2024-03-05 20:00:00+00:00
1709683200000,105.76,106.64,102.07,104.1,114152.2,2024-03-06 00:00:00+00:00
1709697600000,104.1,113.19,104.03,112.62,178835.4,2024-03-06 04:00:00+00:00
1709712000000,112.63,114.54,111.99,113.78,170436.5,2024-03-06 08:00:00+00:00
1709726400000,113.77,121.09,112.92,121.03,616349.2,2024-03-06 12:00:00+00:00
1709740800000,121.06,127.82,120.19,124.43,466513.0,2024-03-06 16:00:00+00:00
1709755200000,124.43,128.25,123.41,127.71,218066.7,2024-03-06 20:00:00+00:00
1709769600000,127.72,128.19,121.36,122.31,220738.4,2024-03-07 00:00:00+00:00
1709784000000,122.31,125.41,120.71,124.9,161188.3,2024-03-07 04:00:00+00:00
1709798400000,124.9,127.41,122.77,123.87,163116.4,2024-03-07 08:00:00+00:00
1709812800000,123.89,129.25,122.9,128.63,234897.9,2024-03-07 12:00:00+00:00
1709827200000,128.64,130.27,126.82,129.39,195133.4,2024-03-07 16:00:00+00:00
1709841600000,129.39,134.26,128.69,134.11,160174.1,2024-03-07 20:00:00+00:00
1709856000000,134.1,137.3,128.59,129.17,219275.0,2024-03-08 00:00:00+00:00
1709870400000,129.17,130.27,127.79,129.42,90319.3,2024-03-08 04:00:00+00:00
1709884800000,129.42,133.63,129.28,133.29,121679.4,2024-03-08 08:00:00+00:00
1709899200000,133.33,138.29,126.7,131.3,327213.5,2024-03-08 12:00:00+00:00
1709913600000,131.3,133.8,129.05,131.46,219188.7,2024-03-08 16:00:00+00:00
1709928000000,131.47,133.14,130.36,132.75,100419.3,2024-03-08 20:00:00+00:00
1709942400000,132.76,132.76,129.25,131.07,80838.3,2024-03-09 00:00:00+00:00
1709956800000,131.07,132.16,129.69,131.83,61093.9,2024-03-09 04:00:00+00:00
1709971200000,131.82,134.28,128.73,134.13,122405.5,2024-03-09 08:00:00+00:00
1709985600000,134.1,135.34,131.79,132.45,136798.3,2024-03-09 12:00:00+00:00
1710000000000,132.45,132.57,129.99,130.21,84349.6,2024-03-09 16:00:00+00:00
1710014400000,130.22,131.66,130.12,131.48,41543.8,2024-03-09 20:00:00+00:00
1710028800000,131.48,132.65,130.12,130.72,82798.7,2024-03-10 00:00:00+00:00
1710043200000,130.72,133.16,129.77,132.87,53941.4,2024-03-10 04:00:00+00:00
1710057600000,132.89,133.8,130.41,130.83,121731.8,2024-03-10 08:00:00+00:00
1710072000000,130.85,131.59,124.11,125.36,203324.8,2024-03-10 12:00:00+00:00
1710086400000,125.37,127.48,125.01,126.59,56609.8,2024-03-10 16:00:00+00:00
1710100800000,126.59,127.0,122.6,126.97,93981.0,2024-03-10 20:00:00+00:00
1710115200000,126.99,130.11,120.0,129.93,203357.5,2024-03-11 00:00:00+00:00
1710129600000,129.92,133.48,128.69,132.93,195448.5,2024-03-11 04:00:00+00:00
1710144000000,132.96,138.83,132.96,135.87,213085.2,2024-03-11 08:00:00+00:00
1710158400000,135.86,138.4,132.62,132.82,216896.4,2024-03-11 12:00:00+00:00
1710172800000,132.82,135.99,131.98,134.36,126395.8,2024-03-11 16:00:00+00:00
1710187200000,134.36,137.15,134.16,136.97,71672.2,2024-03-11 20:00:00+00:00
1710201600000,136.98,138.95,134.11,134.32,122365.1,2024-03-12 00:00:00+00:00
1710216000000,134.33,135.77,131.62,132.6,124885.4,2024-03-12 04:00:00+00:00
1710230400000,132.61,132.95,128.79,130.05,145239.7,2024-03-12 08:00:00+00:00
1710244800000,130.06,132.67,128.1,131.31,173941.0,2024-03-12 12:00:00+00:00
1710259200000,131.31,134.97,123.08,134.72,326178.4,2024-03-12 16:00:00+00:00
1710273600000,134.72,135.55,131.95,135.49,103232.1,2024-03-12 20:00:00+00:00
1710288000000,135.51,140.42,134.02,139.41,141392.1,2024-03-13 00:00:00+00:00
1710302400000,139.42,148.25,139.38,146.92,250183.2,2024-03-13 04:00:00+00:00
1710316800000,146.96,151.59,146.53,150.92,246550.1,2024-03-13 08:00:00+00:00
1710331200000,150.93,154.05,141.03,141.63,477019.1,2024-03-13 12:00:00+00:00
1710345600000,141.64,145.1,141.26,143.29,135053.6,2024-03-13 16:00:00+00:00
1710360000000,143.29,143.86,142.02,142.81,61800.7,2024-03-13 20:00:00+00:00
1710374400000,142.84,146.1,140.09,142.2,191886.8,2024-03-14 00:00:00+00:00
1710388800000,142.2,142.3,139.43,140.49,92238.3,2024-03-14 04:00:00+00:00
1710403200000,140.49,143.38,139.03,140.48,94583.3,2024-03-14 08:00:00+00:00
1710417600000,140.47,141.47,135.01,137.04,209588.0,2024-03-14 12:00:00+00:00
1710432000000,137.05,140.75,132.02,135.5,220579.3,2024-03-14 16:00:00+00:00
1710446400000,135.51,139.96,135.38,139.55,94499.9,2024-03-14 20:00:00+00:00
1710460800000,139.57,141.78,125.5,130.8,272007.9,2024-03-15 00:00:00+00:00
1710475200000,130.82,133.43,128.52,132.8,154052.8,2024-03-15 04:00:00+00:00
1710489600000,132.79,133.4,122.0,127.24,317729.9,2024-03-15 08:00:00+00:00
1710504000000,127.23,129.07,125.3,127.5,125514.7,2024-03-15 12:00:00+00:00
1710518400000,127.5,132.48,125.18,127.53,151809.5,2024-03-15 16:00:00+00:00
1710532800000,127.54,129.61,124.01,129.25,105451.7,2024-03-15 20:00:00+00:00
1710547200000,129.28,130.5,126.97,128.13,68209.3,2024-03-16 00:00:00+00:00
1710561600000,128.15,128.95,125.28,128.92,74764.0,2024-03-16 04:00:00+00:00
1710576000000,128.92,129.79,124.71,125.9,85619.8,2024-03-16 08:00:00+00:00
1710590400000,125.88,126.03,121.04,124.23,145790.6,2024-03-16 12:00:00+00:00
1710604800000,124.22,124.24,116.66,118.71,225994.3,2024-03-16 16:00:00+00:00
1710619200000,118.71,120.82,116.13,118.83,129372.7,2024-03-16 20:00:00+00:00
1710633600000,118.83,121.92,116.93,121.84,104077.7,2024-03-17 00:00:00+00:00
1710648000000,121.83,121.92,113.34,116.47,157709.9,2024-03-17 04:00:00+00:00
1710662400000,116.45,122.59,116.03,121.34,120852.4,2024-03-17 08:00:00+00:00
1710676800000,121.35,127.21,119.63,126.55,181191.7,2024-03-17 12:00:00+00:00
1710691200000,126.54,127.78,125.11,126.74,88331.0,2024-03-17 16:00:00+00:00
1710705600000,126.77,129.67,125.72,127.0,89975.4,2024-03-17 20:00:00+00:00
1710720000000,126.99,128.94,123.0,128.27,110819.5,2024-03-18 00:00:00+00:00
1710734400000,128.28,129.58,126.35,127.24,82060.8,2024-03-18 04:00:00+00:00
1710748800000,127.25,127.5,123.27,126.12,102069.4,2024-03-18 08:00:00+00:00
1710763200000,126.13,126.39,120.33,122.73,167431.7,2024-03-18 12:00:00+00:00
1710777600000,122.71,124.33,118.92,120.49,135272.4,2024-03-18 16:00:00+00:00
1710792000000,120.51,125.19,120.47,123.55,89452.3,2024-03-18 20:00:00+00:00
1710806400000,123.52,124.8,114.84,117.65,224815.9,2024-03-19 00:00:00+00:00
1710820800000,117.65,118.3,109.63,114.33,204824.1,2024-03-19 04:00:00+00:00
1710835200000,114.35,114.36,108.0,112.47,227949.3,2024-03-19 08:00:00+00:00
1710849600000,112.48,116.03,110.63,115.78,170782.8,2024-03-19 12:00:00+00:00
1710864000000,115.78,117.12,114.54,115.83,105233.7,2024-03-19 16:00:00+00:00
1710878400000,115.85,116.08,107.18,109.41,140846.0,2024-03-19 20:00:00+00:00
1710892800000,109.39,113.12,108.57,109.76,132563.7,2024-03-20 00:00:00+00:00
1710907200000,109.78,113.7,105.0,112.88,233454.3,2024-03-20 04:00:00+00:00
1710921600000,112.88,113.98,111.44,113.17,113968.7,2024-03-20 08:00:00+00:00
1710936000000,113.17,115.1,111.83,112.16,134106.3,2024-03-20 12:00:00+00:00
1710950400000,112.17,117.77,107.46,117.37,252015.2,2024-03-20 16:00:00+00:00
1710964800000,117.37,120.99,116.94,120.25,100049.8,2024-03-20 20:00:00+00:00
1710979200000,120.23,121.38,118.92,119.5,77418.8,2024-03-21 00:00:00+00:00
1710993600000,119.51,120.24,116.27,119.54,88629.8,2024-03-21 04:00:00+00:00
1711008000000,119.55,121.76,119.41,120.84,89065.4,2024-03-21 08:00:00+00:00
1711022400000,120.85,121.35,119.05,120.44,80138.1,2024-03-21 12:00:00+00:00
1711036800000,120.47,124.97,118.01,120.82,214317.7,2024-03-21 16:00:00+00:00
1711051200000,120.81,124.69,119.17,123.45,112770.6,2024-03-21 20:00:00+00:00
1711065600000,123.45,124.6,120.05,124.04,98434.0,2024-03-22 00:00:00+00:00
1711080000000,124.0,125.24,123.17,124.03,68109.1,2024-03-22 04:00:00+00:00
1711094400000,124.02,124.34,118.33,118.85,98430.4,2024-03-22 08:00:00+00:00
1711108800000,118.84,119.79,114.59,117.87,182425.1,2024-03-22 12:00:00+00:00
1711123200000,117.87,118.42,115.68,117.79,88746.9,2024-03-22 16:00:00+00:00
1711137600000,117.81,119.05,114.96,119.05,77045.4,2024-03-22 20:00:00+00:00
1711152000000,119.05,121.96,118.11,120.55,111065.6,2024-03-23 00:00:00+00:00
1711166400000,120.54,123.12,120.27,122.07,62905.1,2024-03-23 04:00:00+00:00
1711180800000,122.07,123.18,121.08,121.68,58873.9,2024-03-23 08:00:00+00:00
1711195200000,121.68,124.78,121.64,123.64,78272.5,2024-03-23 12:00:00+00:00
1711209600000,123.64,124.59,122.57,122.67,52319.8,2024-03-23 16:00:00+00:00
1711224000000,122.65,124.15,121.3,121.48,54083.4,2024-03-23 20:00:00+00:00
1711238400000,121.47,123.63,120.78,120.8,55389.9,2024-03-24 00:00:00+00:00
1711252800000,120.82,123.14,120.37,121.66,48402.8,2024-03-24 04:00:00+00:00
1711267200000,121.68,125.44,121.34,123.77,85584.2,2024-03-24 08:00:00+00:00
1711281600000,123.76,124.05,122.09,122.32,52956.3,2024-03-24 12:00:00+00:00
1711296000000,122.31,122.87,120.07,122.54,68205.5,2024-03-24 16:00:00+00:00
1711310400000,122.54,125.76,121.98,124.95,61113.6,2024-03-24 20:00:00+00:00
1711324800000,124.99,126.4,123.89,126.06,54893.3,2024-03-25 00:00:00+00:00
1711339200000,126.07,127.14,125.02,125.31,52729.5,2024-03-25 04:00:00+00:00
1711353600000,125.31,127.69,125.09,125.28,73343.4,2024-03-25 08:00:00+00:00
1711368000000,125.27,129.39,124.47,128.73,95244.4,2024-03-25 12:00:00+00:00
1711382400000,128.74,130.42,128.28,129.89,74007.0,2024-03-25 16:00:00+00:00
1711396800000,129.89,130.36,126.59,127.13,58101.9,2024-03-25 20:00:00+00:00
1711411200000,127.13,130.14,126.79,130.11,51296.0,2024-03-26 00:00:00+00:00
1711425600000,130.11,131.89,129.37,129.91,62036.4,2024-03-26 04:00:00+00:00
1711440000000,129.95,131.08,129.24,129.74,56739.0,2024-03-26 08:00:00+00:00
1711454400000,129.73,130.68,125.53,129.07,120519.4,2024-03-26 12:00:00+00:00
1711468800000,129.08,129.73,126.14,128.2,90461.7,2024-03-26 16:00:00+00:00
1711483200000,128.2,132.12,128.15,130.96,63742.7,2024-03-26 20:00:00+00:00
1711497600000,130.94,132.35,130.06,130.28,58988.1,2024-03-27 00:00:00+00:00
1711512000000,130.28,131.05,127.49,128.13,54245.7,2024-03-27 04:00:00+00:00
1711526400000,128.18,130.52,126.59,128.51,72821.0,2024-03-27 08:00:00+00:00
1711540800000,128.51,131.81,124.2,125.48,202920.8,2024-03-27 12:00:00+00:00
1711555200000,125.51,127.96,123.91,124.19,84402.2,2024-03-27 16:00:00+00:00
1711569600000,124.19,125.87,124.18,125.09,34042.8,2024-03-27 20:00:00+00:00
1711584000000,125.1,126.49,122.61,123.65,60812.0,2024-03-28 00:00:00+00:00
1711598400000,123.65,126.44,123.52,126.4,41720.4,2024-03-28 04:00:00+00:00
1711612800000,126.4,127.49,125.28,126.27,57712.9,2024-03-28 08:00:00+00:00
1711627200000,126.25,127.19,124.19,126.38,68927.3,2024-03-28 12:00:00+00:00
1711641600000,126.41,127.2,125.37,126.93,39862.5,2024-03-28 16:00:00+00:00
1711656000000,126.94,128.55,126.52,127.99,43080.4,2024-03-28 20:00:00+00:00
1711670400000,128.0,128.6,126.07,127.98,39623.2,2024-03-29 00:00:00+00:00
1711684800000,127.98,129.89,124.56,124.99,80739.4,2024-03-29 04:00:00+00:00
1711699200000,124.99,128.75,124.88,128.47,61956.6,2024-03-29 08:00:00+00:00
1711713600000,128.48,130.63,126.27,127.37,112426.8,2024-03-29 12:00:00+00:00
1711728000000,127.4,129.0,126.06,126.83,63855.0,2024-03-29 16:00:00+00:00
1711742400000,126.82,127.97,125.76,127.63,46049.9,2024-03-29 20:00:00+00:00
1711756800000,127.64,128.67,126.44,127.51,45370.6,2024-03-30 00:00:00+00:00
1711771200000,127.51,129.24,125.92,125.96,52246.9,2024-03-30 04:00:00+00:00
1711785600000,125.96,127.11,125.17,127.03,45630.1,2024-03-30 08:00:00+00:00
1711800000000,127.04,127.31,125.6,126.07,34536.5,2024-03-30 12:00:00+00:00
1711814400000,126.09,126.64,124.57,125.45,43882.2,2024-03-30 16:00:00+00:00
1711828800000,125.46,125.79,123.3,124.04,40727.7,2024-03-30 20:00:00+00:00
1711843200000,124.04,125.45,123.55,124.99,45170.1,2024-03-31 00:00:00+00:00
1711857600000,125.01,127.64,124.51,126.78,60341.6,2024-03-31 04:00:00+00:00
1711872000000,126.76,127.6,126.51,126.97,33144.9,2024-03-31 08:00:00+00:00
1711886400000,126.97,127.32,126.15,126.48,32310.4,2024-03-31 12:00:00+00:00
1711900800000,126.49,127.67,126.33,127.09,48443.2,2024-03-31 16:00:00+00:00
1711915200000,127.09,128.58,125.94,128.49,43483.5,2024-03-31 20:00:00+00:00
1711929600000,128.47,129.99,127.33,128.43,78289.5,2024-04-01 00:00:00+00:00
1711944000000,128.43,128.78,121.88,125.33,202129.1,2024-04-01 04:00:00+00:00
1711958400000,125.34,126.31,123.42,125.91,93762.1,2024-04-01 08:00:00+00:00
1711972800000,125.91,131.85,124.64,124.94,334478.4,2024-04-01 12:00:00+00:00
1711987200000,124.94,125.33,121.12,125.12,168639.6,2024-04-01 16:00:00+00:00
1712001600000,125.13,131.03,124.64,129.5,131270.0,2024-04-01 20:00:00+00:00
1712016000000,129.5,129.99,119.83,120.53,313994.8,2024-04-02 00:00:00+00:00
1712030400000,120.56,120.6,117.51,117.73,154393.3,2024-04-02 04:00:00+00:00
1712044800000,117.74,118.09,113.39,115.26,178199.2,2024-04-02 08:00:00+00:00
1712059200000,115.25,117.05,112.87,113.97,163640.3,2024-04-02 12:00:00+00:00
1712073600000,113.99,116.16,113.09,115.36,85693.4,2024-04-02 16:00:00+00:00
1712088000000,115.36,116.82,114.51,115.54,57163.9,2024-04-02 20:00:00+00:00
1712102400000,115.55,117.22,111.48,116.75,135432.6,2024-04-03 00:00:00+00:00
1712116800000,116.75,118.36,115.92,117.77,72240.7,2024-04-03 04:00:00+00:00
1712131200000,117.77,119.1,115.6,116.37,99120.9,2024-04-03 08:00:00+00:00
1712145600000,116.37,117.77,114.35,115.92,114987.4,2024-04-03 12:00:00+00:00
1712160000000,115.92,117.22,113.73,114.6,90298.3,2024-04-03 16:00:00+00:00
1712174400000,114.6,115.84,112.77,114.59,69376.2,2024-04-03 20:00:00+00:00
1712188800000,114.59,116.25,113.11,113.21,62492.1,2024-04-04 00:00:00+00:00
1712203200000,113.21,115.99,112.14,115.58,54617.1,2024-04-04 04:00:00+00:00
1712217600000,115.6,116.24,115.1,115.78,39808.8,2024-04-04 08:00:00+00:00
1712232000000,115.78,118.33,115.65,117.53,63703.3,2024-04-04 12:00:00+00:00
1712246400000,117.54,119.74,117.13,117.33,71057.5,2024-04-04 16:00:00+00:00
1712260800000,117.32,117.44,114.74,116.44,84431.8,2024-04-04 20:00:00+00:00
1712275200000,116.46,116.77,113.0,115.21,60298.5,2024-04-05 00:00:00+00:00
1712289600000,115.19,115.21,112.21,113.89,61792.9,2024-04-05 04:00:00+00:00
1712304000000,113.89,114.78,110.15,110.3,105019.1,2024-04-05 08:00:00+00:00
1712318400000,110.31,114.32,109.45,114.24,109698.7,2024-04-05 12:00:00+00:00
1712332800000,114.24,115.06,113.51,114.12,53763.4,2024-04-05 16:00:00+00:00
1712347200000,114.12,115.09,113.71,113.76,32952.0,2024-04-05 20:00:00+00:00
1712361600000,113.76,115.51,113.13,115.43,38418.6,2024-04-06 00:00:00+00:00
1712376000000,115.44,115.88,114.9,115.62,37266.9,2024-04-06 04:00:00+00:00
1712390400000,115.62,116.62,115.17,115.41,40396.5,2024-04-06 08:00:00+00:00
1712404800000,115.41,116.09,114.61,115.54,35430.3,2024-04-06 12:00:00+00:00
1712419200000,115.53,121.57,115.43,117.39,702293.2,2024-04-06 16:00:00+00:00
1712433600000,117.39,119.5,116.4,118.65,83621.1,2024-04-06 20:00:00+00:00
1712448000000,118.65,121.16,118.35,120.69,83158.0,2024-04-07 00:00:00+00:00
1712462400000,120.7,121.5,120.16,120.75,53275.0,2024-04-07 04:00:00+00:00
1712476800000,120.74,121.14,119.75,120.82,41468.9,2024-04-07 08:00:00+00:00
1712491200000,120.83,122.46,119.98,121.07,73438.9,2024-04-07 12:00:00+00:00
1712505600000,121.08,122.1,120.25,120.67,47618.0,2024-04-07 16:00:00+00:00
1712520000000,120.69,123.13,120.64,122.91,41283.4,2024-04-07 20:00:00+00:00
1712534400000,122.91,123.72,121.36,122.94,69955.3,2024-04-08 00:00:00+00:00
1712548800000,122.93,124.48,121.45,124.09,60746.3,2024-04-08 04:00:00+00:00
1712563200000,124.1,127.82,123.9,126.56,123874.7,2024-04-08 08:00:00+00:00
1712577600000,126.56,128.11,126.02,127.93,84236.8,2024-04-08 12:00:00+00:00
1712592000000,127.92,128.88,127.04,128.84,62831.1,2024-04-08 16:00:00+00:00
1712606400000,128.87,129.97,128.36,129.23,44444.5,2024-04-08 20:00:00+00:00
1712620800000,129.22,130.12,127.21,127.93,67108.9,2024-04-09 00:00:00+00:00
1712635200000,127.93,129.72,127.09,128.49,99755.7,2024-04-09 04:00:00+00:00
1712649600000,128.52,132.97,126.1,131.49,222620.2,2024-04-09 08:00:00+00:00
1712664000000,131.49,134.08,127.1,129.86,281126.5,2024-04-09 12:00:00+00:00
1712678400000,129.87,130.67,127.15,129.98,118191.7,2024-04-09 16:00:00+00:00
1712692800000,129.98,130.63,125.29,126.59,91377.9,2024-04-09 20:00:00+00:00
1712707200000,126.57,128.78,122.14,124.4,217111.7,2024-04-10 00:00:00+00:00
1712721600000,124.42,128.09,124.03,127.01,125516.0,2024-04-10 04:00:00+00:00
1712736000000,127.02,129.6,125.45,128.88,155049.8,2024-04-10 08:00:00+00:00
1712750400000,128.9,129.21,122.94,125.12,244430.3,2024-04-10 12:00:00+00:00
1712764800000,125.11,128.83,122.33,125.36,202669.9,2024-04-10 16:00:00+00:00
1712779200000,125.37,128.75,125.26,128.55,117266.7,2024-04-10 20:00:00+00:00
1712793600000,128.58,132.94,127.78,128.03,203122.9,2024-04-11 00:00:00+00:00
1712808000000,128.03,128.2,124.14,125.05,137702.0,2024-04-11 04:00:00+00:00
1712822400000,125.05,125.22,118.95,119.45,156848.2,2024-04-11 08:00:00+00:00
1712836800000,119.44,121.25,116.56,117.12,232239.8,2024-04-11 12:00:00+00:00
1712851200000,117.12,118.59,115.52,117.92,127439.2,2024-04-11 16:00:00+00:00
1712865600000,117.91,118.77,117.52,117.69,60539.4,2024-04-11 20:00:00+00:00
1712880000000,117.69,119.65,117.4,119.63,64994.5,2024-04-12 00:00:00+00:00
1712894400000,119.61,120.15,117.31,118.05,62585.0,2024-04-12 04:00:00+00:00
1712908800000,118.06,118.97,116.47,116.47,82816.7,2024-04-12 08:00:00+00:00
1712923200000,116.48,116.49,111.4,111.4,189708.1,2024-04-12 12:00:00+00:00
1712937600000,111.41,111.96,86.53,98.17,720221.6,2024-04-12 16:00:00+00:00
1712952000000,98.17,100.9,97.68,99.81,149488.1,2024-04-12 20:00:00+00:00
1712966400000,99.8,99.97,95.54,97.15,166502.8,2024-04-13 00:00:00+00:00
1712980800000,97.15,99.41,96.67,97.7,83319.2,2024-04-13 04:00:00+00:00
1712995200000,97.7,99.06,96.75,97.22,83740.4,2024-04-13 08:00:00+00:00
1713009600000,97.21,98.46,94.82,95.01,116710.0,2024-04-13 12:00:00+00:00
1713024000000,95.0,95.43,81.15,83.81,691909.9,2024-04-13 16:00:00+00:00
1713038400000,83.78,84.8,67.07,82.45,1110110.2,2024-04-13 20:00:00+00:00
1713052800000,82.44,83.04,79.67,81.94,333919.3,2024-04-14 00:00:00+00:00
1713067200000,81.95,86.65,81.55,86.4,159895.8,2024-04-14 04:00:00+00:00
1713081600000,86.4,87.31,82.53,83.03,133363.0,2024-04-14 08:00:00+00:00
1713096000000,83.01,84.74,81.51,83.58,182845.8,2024-04-14 12:00:00+00:00
1713110400000,83.59,85.18,79.92,83.92,280836.7,2024-04-14 16:00:00+00:00
1713124800000,83.91,89.17,82.85,87.86,187817.9,2024-04-14 20:00:00+00:00
1713139200000,87.86,87.86,85.17,86.39,152693.4,2024-04-15 00:00:00+00:00
1713153600000,86.4,91.55,85.18,90.08,180926.5,2024-04-15 04:00:00+00:00
1713168000000,90.08,91.05,88.73,88.8,116260.9,2024-04-15 08:00:00+00:00
1713182400000,88.8,90.14,84.49,86.69,236958.8,2024-04-15 12:00:00+00:00
1713196800000,86.69,87.07,80.84,84.65,299694.7,2024-04-15 16:00:00+00:00
1713211200000,84.66,85.64,82.71,84.82,92750.2,2024-04-15 20:00:00+00:00
1713225600000,84.83,85.38,82.62,83.3,124476.4,2024-04-16 00:00:00+00:00
1713240000000,83.31,86.44,80.78,86.25,131026.8,2024-04-16 04:00:00+00:00
1713254400000,86.24,86.41,81.96,85.55,122339.8,2024-04-16 08:00:00+00:00
1713268800000,85.55,85.68,81.74,82.0,142765.2,2024-04-16 12:00:00+00:00
1713283200000,81.99,85.56,81.54,84.62,113526.9,2024-04-16 16:00:00+00:00
1713297600000,84.61,89.35,84.52,86.65,101105.8,2024-04-16 20:00:00+00:00
1713312000000,86.65,87.49,84.65,85.88,96266.9,2024-04-17 00:00:00+00:00
1713326400000,85.87,87.2,84.94,85.74,73920.8,2024-04-17 04:00:00+00:00
1713340800000,85.74,86.23,83.65,83.69,66878.0,2024-04-17 08:00:00+00:00
1713355200000,83.7,85.36,81.43,81.81,166403.9,2024-04-17 12:00:00+00:00
1713369600000,81.82,86.21,80.99,84.64,146672.4,2024-04-17 16:00:00+00:00
1713384000000,84.63,85.29,83.26,83.61,70687.7,2024-04-17 20:00:00+00:00
1713398400000,83.61,85.81,81.89,85.05,115907.0,2024-04-18 00:00:00+00:00
1713412800000,85.04,85.37,82.4,82.98,82495.5,2024-04-18 04:00:00+00:00
1713427200000,83.01,86.53,82.22,85.57,89488.0,2024-04-18 08:00:00+00:00
1713441600000,85.56,86.67,83.37,86.02,110318.9,2024-04-18 12:00:00+00:00
1713456000000,86.01,86.42,83.72,85.57,62723.9,2024-04-18 16:00:00+00:00
1713470400000,85.59,86.02,85.02,85.39,38265.9,2024-04-18 20:00:00+00:00
1713484800000,85.39,85.39,78.57,83.27,235938.9,2024-04-19 00:00:00+00:00
1713499200000,83.28,88.87,83.16,86.79,156027.5,2024-04-19 04:00:00+00:00
1713513600000,86.79,88.09,86.39,86.77,96261.8,2024-04-19 08:00:00+00:00
1713528000000,86.74,87.38,85.45,86.92,78552.4,2024-04-19 12:00:00+00:00
1713542400000,86.91,87.31,85.4,86.94,65483.4,2024-04-19 16:00:00+00:00
1713556800000,86.94,86.94,84.09,85.72,72786.5,2024-04-19 20:00:00+00:00
1713571200000,85.71,87.63,84.68,86.33,92803.9,2024-04-20 00:00:00+00:00
1713585600000,86.33,87.23,85.99,86.43,51389.1,2024-04-20 04:00:00+00:00
1713600000000,86.48,87.06,85.18,86.61,74402.5,2024-04-20 08:00:00+00:00
1713614400000,86.63,89.13,86.43,89.08,74502.3,2024-04-20 12:00:00+00:00
1713628800000,89.08,91.96,88.42,91.29,118481.2,2024-04-20 16:00:00+00:00
1713643200000,91.29,92.32,90.98,91.75,64269.0,2024-04-20 20:00:00+00:00
1713657600000,91.76,93.2,90.22,92.37,74999.3,2024-04-21 00:00:00+00:00
1713672000000,92.38,92.87,91.85,92.69,39859.1,2024-04-21 04:00:00+00:00
1713686400000,92.7,92.89,91.64,92.01,86331.4,2024-04-21 08:00:00+00:00
1713700800000,92.01,92.28,90.55,91.14,65769.7,2024-04-21 12:00:00+00:00
1713715200000,91.15,91.25,89.01,90.5,86032.9,2024-04-21 16:00:00+00:00
1713729600000,90.47,92.1,90.22,91.03,44853.9,2024-04-21 20:00:00+00:00
1713744000000,91.02,93.79,90.38,93.06,92132.9,2024-04-22 00:00:00+00:00
1713758400000,93.07,95.12,92.9,94.21,70346.9,2024-04-22 04:00:00+00:00
1713772800000,94.22,96.02,93.84,95.2,67683.2,2024-04-22 08:00:00+00:00
1713787200000,95.19,96.45,94.09,95.08,82079.2,2024-04-22 12:00:00+00:00
1713801600000,95.09,96.62,94.64,96.04,62080.8,2024-04-22 16:00:00+00:00
1713816000000,96.02,97.39,95.82,96.31,54364.9,2024-04-22 20:00:00+00:00
1713830400000,96.31,97.4,95.61,95.61,44503.5,2024-04-23 00:00:00+00:00
1713844800000,95.6,96.13,94.0,94.55,48798.1,2024-04-23 04:00:00+00:00
1713859200000,94.55,94.93,93.55,94.06,47092.7,2024-04-23 08:00:00+00:00
1713873600000,94.05,96.6,93.72,95.82,80425.7,2024-04-23 12:00:00+00:00
1713888000000,95.85,96.45,94.35,94.91,53357.0,2024-04-23 16:00:00+00:00
1713902400000,94.89,95.41,93.89,94.57,39011.6,2024-04-23 20:00:00+00:00
1713916800000,94.56,96.13,93.88,95.42,46454.9,2024-04-24 00:00:00+00:00
1713931200000,95.41,97.1,95.27,96.38,47863.5,2024-04-24 04:00:00+00:00
1713945600000,96.38,96.93,95.12,96.43,54428.5,2024-04-24 08:00:00+00:00
1713960000000,96.44,96.74,91.99,92.37,136790.7,2024-04-24 12:00:00+00:00
1713974400000,92.35,93.63,90.71,91.9,91217.7,2024-04-24 16:00:00+00:00
1713988800000,91.89,92.37,89.7,90.69,65500.9,2024-04-24 20:00:00+00:00
1714003200000,90.69,91.66,89.25,89.43,66672.0,2024-04-25 00:00:00+00:00
1714017600000,89.45,90.26,88.15,89.41,58353.8,2024-04-25 04:00:00+00:00
1714032000000,89.42,90.21,87.9,89.53,74854.5,2024-04-25 08:00:00+00:00
1714046400000,89.53,91.28,88.08,91.08,89300.2,2024-04-25 12:00:00+00:00
1714060800000,91.07,91.5,90.44,91.27,56587.6,2024-04-25 16:00:00+00:00
1714075200000,91.26,91.9,90.92,91.46,31409.2,2024-04-25 20:00:00+00:00
1714089600000,91.45,91.6,88.99,89.74,65678.8,2024-04-26 00:00:00+00:00
1714104000000,89.74,90.63,89.26,89.81,44149.5,2024-04-26 04:00:00+00:00
1714118400000,89.83,90.34,88.92,89.29,37101.5,2024-04-26 08:00:00+00:00
1714132800000,89.29,91.6,88.06,89.96,75586.1,2024-04-26 12:00:00+00:00
1714147200000,89.96,91.27,89.69,90.48,31519.4,2024-04-26 16:00:00+00:00
1714161600000,90.47,91.29,89.24,89.52,29213.3,2024-04-26 20:00:00+00:00
1714176000000,89.52,90.03,86.0,88.82,113339.2,2024-04-27 00:00:00+00:00
1714190400000,88.79,89.64,88.14,88.66,34818.1,2024-04-27 04:00:00+00:00
1714204800000,88.66,89.13,88.01,88.66,46596.9,2024-04-27 08:00:00+00:00
1714219200000,88.68,89.76,88.48,88.83,38976.8,2024-04-27 12:00:00+00:00
1714233600000,88.85,93.05,88.53,91.51,86481.8,2024-04-27 16:00:00+00:00
1714248000000,91.51,92.05,91.3,91.7,27016.1,2024-04-27 20:00:00+00:00
1714262400000,91.71,93.13,91.54,92.56,38163.6,2024-04-28 00:00:00+00:00
1714276800000,92.56,93.23,91.96,92.51,26184.2,2024-04-28 04:00:00+00:00
1714291200000,92.52,92.74,90.64,90.85,48129.3,2024-04-28 08:00:00+00:00
1714305600000,90.85,92.44,90.77,92.04,37026.9,2024-04-28 12:00:00+00:00
1714320000000,92.05,92.55,91.58,91.63,25445.0,2024-04-28 16:00:00+00:00
1714334400000,91.63,92.0,89.8,90.2,42985.0,2024-04-28 20:00:00+00:00
1714348800000,90.21,91.81,88.8,88.99,61338.2,2024-04-29 00:00:00+00:00
1714363200000,89.02,90.55,87.36,88.82,90051.8,2024-04-29 04:00:00+00:00
1714377600000,88.8,89.0,87.36,87.66,43675.8,2024-04-29 08:00:00+00:00
1714392000000,87.64,88.86,86.64,88.69,57975.3,2024-04-29 12:00:00+00:00
1714406400000,88.7,89.12,87.64,88.36,34390.8,2024-04-29 16:00:00+00:00
1714420800000,88.36,90.12,87.32,89.33,36938.4,2024-04-29 20:00:00+00:00
1714435200000,89.34,90.35,87.42,89.0,51717.4,2024-04-30 00:00:00+00:00
1714449600000,89.02,89.17,87.85,88.45,25985.5,2024-04-30 04:00:00+00:00
1714464000000,88.45,88.69,82.63,82.64,140651.9,2024-04-30 08:00:00+00:00
1714478400000,82.66,83.19,81.28,82.28,117356.8,2024-04-30 12:00:00+00:00
1714492800000,82.28,82.84,80.66,81.05,111116.5,2024-04-30 16:00:00+00:00
1714507200000,81.05,84.11,81.05,83.3,70605.6,2024-04-30 20:00:00+00:00
1714521600000,83.29,83.67,82.2,83.43,47883.5,2024-05-01 00:00:00+00:00
1714536000000,83.44,83.78,80.0,80.62,110608.8,2024-05-01 04:00:00+00:00
1714550400000,80.64,81.05,78.45,80.79,105843.5,2024-05-01 08:00:00+00:00
1714564800000,80.78,81.89,79.3,79.93,82224.8,2024-05-01 12:00:00+00:00
1714579200000,79.93,84.44,79.25,81.38,197993.5,2024-05-01 16:00:00+00:00
1714593600000,81.39,84.1,80.81,83.59,71407.3,2024-05-01 20:00:00+00:00
1714608000000,83.62,83.97,80.93,83.43,73412.6,2024-05-02 00:00:00+00:00
1714622400000,83.42,83.74,82.12,82.32,59807.3,2024-05-02 04:00:00+00:00
1714636800000,82.31,85.38,81.99,85.02,62581.9,2024-05-02 08:00:00+00:00
1714651200000,85.01,85.33,83.8,84.83,70735.7,2024-05-02 12:00:00+00:00
1714665600000,84.83,85.42,84.19,85.14,47420.7,2024-05-02 16:00:00+00:00
1714680000000,85.15,85.96,84.09,84.84,42286.1,2024-05-02 20:00:00+00:00
1714694400000,84.84,86.42,84.66,85.77,48014.2,2024-05-03 00:00:00+00:00
1714708800000,85.77,86.12,84.46,84.7,28757.7,2024-05-03 04:00:00+00:00
1714723200000,84.68,85.33,83.52,84.51,47210.5,2024-05-03 08:00:00+00:00
1714737600000,84.52,87.85,84.34,87.61,92405.2,2024-05-03 12:00:00+00:00
1714752000000,87.63,88.18,87.4,87.9,38244.4,2024-05-03 16:00:00+00:00
1714766400000,87.9,89.2,87.61,88.72,41898.3,2024-05-03 20:00:00+00:00
1714780800000,88.71,89.55,87.92,88.26,46390.1,2024-05-04 00:00:00+00:00
1714795200000,88.25,88.6,87.73,87.78,23825.8,2024-05-04 04:00:00+00:00
1714809600000,87.78,89.92,87.62,88.89,37528.5,2024-05-04 08:00:00+00:00
1714824000000,88.88,89.69,88.23,89.13,37734.6,2024-05-04 12:00:00+00:00
1714838400000,89.12,89.73,88.61,89.63,26637.2,2024-05-04 16:00:00+00:00
1714852800000,89.64,89.81,88.65,88.94,24222.2,2024-05-04 20:00:00+00:00
1714867200000,88.95,89.15,87.26,88.21,57708.3,2024-05-05 00:00:00+00:00
1714881600000,88.22,88.65,87.59,88.32,21119.9,2024-05-05 04:00:00+00:00
1714896000000,88.33,89.48,88.19,88.84,30931.0,2024-05-05 08:00:00+00:00
1714910400000,88.85,90.23,88.13,90.1,49273.3,2024-05-05 12:00:00+00:00
1714924800000,90.11,90.18,88.79,89.38,35654.4,2024-05-05 16:00:00+00:00
1714939200000,89.37,90.34,88.91,89.94,28486.5,2024-05-05 20:00:00+00:00
1714953600000,89.95,90.57,88.93,89.07,36841.6,2024-05-06 00:00:00+00:00
1714968000000,89.06,91.52,88.81,91.41,45455.3,2024-05-06 04:00:00+00:00
1714982400000,91.41,92.82,89.68,90.73,76161.7,2024-05-06 08:00:00+00:00
1714996800000,90.74,90.88,87.71,89.12,86983.2,2024-05-06 12:00:00+00:00
1715011200000,89.11,89.24,87.7,88.48,44181.2,2024-05-06 16:00:00+00:00
1715025600000,88.49,89.0,87.78,87.83,22865.5,2024-05-06 20:00:00+00:00
1715040000000,87.84,88.57,86.02,86.97,54708.4,2024-05-07 00:00:00+00:00
1715054400000,86.97,87.92,86.72,87.74,32202.4,2024-05-07 04:00:00+00:00
1715068800000,87.74,90.13,87.64,88.31,46801.5,2024-05-07 08:00:00+00:00
1715083200000,88.33,90.48,88.12,89.64,59937.6,2024-05-07 12:00:00+00:00
1715097600000,89.62,91.41,89.51,89.88,92414.6,2024-05-07 16:00:00+00:00
1715112000000,89.88,90.7,87.79,87.86,72217.9,2024-05-07 20:00:00+00:00
1715126400000,87.86,89.17,87.07,88.21,69341.6,2024-05-08 00:00:00+00:00
1715140800000,88.21,88.5,86.04,86.28,58745.6,2024-05-08 04:00:00+00:00
1715155200000,86.27,87.19,85.67,86.29,56592.3,2024-05-08 08:00:00+00:00
1715169600000,86.29,88.61,85.93,88.08,94412.7,2024-05-08 12:00:00+00:00
1715184000000,88.08,88.69,87.03,87.65,62903.0,2024-05-08 16:00:00+00:00
1715198400000,87.65,88.07,85.45,86.1,76092.2,2024-05-08 20:00:00+00:00
1715212800000,86.09,87.83,86.08,87.68,47438.6,2024-05-09 00:00:00+00:00
1715227200000,87.68,87.96,86.17,86.3,45974.0,2024-05-09 04:00:00+00:00
1715241600000,86.3,86.54,84.93,86.42,61020.4,2024-05-09 08:00:00+00:00
1715256000000,86.43,89.09,85.92,88.91,95252.3,2024-05-09 12:00:00+00:00
1715270400000,88.91,89.48,87.93,89.28,55194.1,2024-05-09 16:00:00+00:00
1715284800000,89.29,90.61,88.82,89.87,42898.9,2024-05-09 20:00:00+00:00
1715299200000,89.87,90.3,89.3,89.93,27746.3,2024-05-10 00:00:00+00:00
1715313600000,89.94,90.7,89.61,90.56,23036.4,2024-05-10 04:00:00+00:00
1715328000000,90.57,90.63,89.35,89.99,23993.9,2024-05-10 08:00:00+00:00
1715342400000,89.98,90.29,85.27,85.35,111846.2,2024-05-10 12:00:00+00:00
1715356800000,85.33,85.54,83.63,84.66,96441.8,2024-05-10 16:00:00+00:00
1715371200000,84.64,84.98,83.69,83.73,60194.2,2024-05-10 20:00:00+00:00
1715385600000,83.72,84.56,83.3,83.54,72762.5,2024-05-11 00:00:00+00:00
1715400000000,83.55,84.05,83.37,83.78,40153.8,2024-05-11 04:00:00+00:00
1715414400000,83.79,83.84,82.46,83.06,47705.7,2024-05-11 08:00:00+00:00
1715428800000,83.07,84.27,82.88,83.77,50519.6,2024-05-11 12:00:00+00:00
1715443200000,83.77,84.08,82.9,83.19,27582.6,2024-05-11 16:00:00+00:00
1715457600000,83.18,83.18,82.01,82.21,34317.7,2024-05-11 20:00:00+00:00
1715472000000,82.22,83.17,82.14,82.78,28428.5,2024-05-12 00:00:00+00:00
1715486400000,82.78,83.18,82.16,82.39,27201.6,2024-05-12 04:00:00+00:00
1715500800000,82.39,83.59,82.16,83.45,40800.7,2024-05-12 08:00:00+00:00
1715515200000,83.45,83.87,83.1,83.76,28626.7,2024-05-12 12:00:00+00:00
1715529600000,83.77,84.31,82.91,83.19,29246.7,2024-05-12 16:00:00+00:00
1715544000000,83.19,83.27,82.32,82.95,24080.1,2024-05-12 20:00:00+00:00
1715558400000,82.96,83.67,80.09,81.29,103227.9,2024-05-13 00:00:00+00:00
1715572800000,81.27,83.1,80.42,83.1,70146.1,2024-05-13 04:00:00+00:00
1715587200000,83.09,85.93,83.09,84.08,102773.7,2024-05-13 08:00:00+00:00
1715601600000,84.08,84.68,83.41,84.41,56860.6,2024-05-13 12:00:00+00:00
1715616000000,84.41,85.27,82.34,83.36,59053.3,2024-05-13 16:00:00+00:00
1715630400000,83.35,83.52,82.41,82.76,25256.8,2024-05-13 20:00:00+00:00
1715644800000,82.76,82.89,81.45,81.59,50425.0,2024-05-14 00:00:00+00:00
1715659200000,81.59,82.49,80.0,81.94,59303.7,2024-05-14 04:00:00+00:00
1715673600000,81.93,82.07,81.33,81.91,29557.1,2024-05-14 08:00:00+00:00
1715688000000,81.91,82.38,80.28,81.68,62820.3,2024-05-14 12:00:00+00:00
1715702400000,81.69,81.72,80.34,81.12,39598.4,2024-05-14 16:00:00+00:00
1715716800000,81.12,81.22,80.07,80.38,25714.0,2024-05-14 20:00:00+00:00
1715731200000,80.39,81.35,79.86,81.27,32873.6,2024-05-15 00:00:00+00:00
1715745600000,81.27,81.78,80.94,81.64,25184.6,2024-05-15 04:00:00+00:00
1715760000000,81.64,82.09,80.52,80.83,36090.1,2024-05-15 08:00:00+00:00
1715774400000,80.82,86.01,80.61,85.24,128984.0,2024-05-15 12:00:00+00:00
1715788800000,85.27,86.49,84.94,86.47,52064.3,2024-05-15 16:00:00+00:00
1715803200000,86.48,86.75,85.74,86.02,39538.9,2024-05-15 20:00:00+00:00
1715817600000,86.02,86.8,85.54,86.59,34048.1,2024-05-16 00:00:00+00:00
1715832000000,86.59,86.82,85.85,86.41,26266.2,2024-05-16 04:00:00+00:00
1715846400000,86.41,86.77,85.59,86.11,30336.4,2024-05-16 08:00:00+00:00
1715860800000,86.1,86.17,83.87,85.03,75773.9,2024-05-16 12:00:00+00:00
1715875200000,85.02,85.92,84.71,85.42,46070.8,2024-05-16 16:00:00+00:00
1715889600000,85.42,86.18,85.11,85.88,25684.3,2024-05-16 20:00:00+00:00
1715904000000,85.88,86.28,84.83,86.1,29567.0,2024-05-17 00:00:00+00:00
1715918400000,86.09,88.76,85.68,88.41,49452.6,2024-05-17 04:00:00+00:00
1715932800000,88.4,88.55,86.86,87.03,44209.8,2024-05-17 08:00:00+00:00
1715947200000,87.01,89.12,86.66,88.97,58759.2,2024-05-17 12:00:00+00:00
1715961600000,88.97,89.35,88.02,88.6,33745.8,2024-05-17 16:00:00+00:00
1715976000000,88.6,88.72,87.99,88.17,17276.0,2024-05-17 20:00:00+00:00
1715990400000,88.18,89.0,87.6,88.95,53642.1,2024-05-18 00:00:00+00:00
1716004800000,88.94,89.03,88.19,88.59,27017.6,2024-05-18 04:00:00+00:00
1716019200000,88.59,90.02,88.46,89.28,59625.5,2024-05-18 08:00:00+00:00
1716033600000,89.28,89.63,87.82,88.53,81481.2,2024-05-18 12:00:00+00:00
1716048000000,88.53,89.14,88.13,88.25,32509.6,2024-05-18 16:00:00+00:00
1716062400000,88.24,88.45,87.92,88.17,15825.8,2024-05-18 20:00:00+00:00
1716076800000,88.17,88.73,87.67,88.2,35392.3,2024-05-19 00:00:00+00:00
1716091200000,88.22,88.28,87.27,87.72,26791.1,2024-05-19 04:00:00+00:00
1716105600000,87.71,88.03,86.61,87.12,43051.2,2024-05-19 08:00:00+00:00
1716120000000,87.12,87.24,85.5,86.08,63428.4,2024-05-19 12:00:00+00:00
1716134400000,86.08,86.3,85.03,85.11,42125.9,2024-05-19 16:00:00+00:00
1716148800000,85.12,85.64,84.39,85.26,30829.5,2024-05-19 20:00:00+00:00
1716163200000,85.26,86.59,84.08,85.87,64028.7,2024-05-20 00:00:00+00:00
1716177600000,85.87,87.58,84.89,86.16,68103.8,2024-05-20 04:00:00+00:00
1716192000000,86.16,86.71,85.82,86.1,35047.9,2024-05-20 08:00:00+00:00
1716206400000,86.12,87.11,85.61,87.04,43321.3,2024-05-20 12:00:00+00:00
1716220800000,87.03,94.02,86.51,93.24,217927.5,2024-05-20 16:00:00+00:00
1716235200000,93.24,98.09,92.83,98.05,199443.9,2024-05-20 20:00:00+00:00
1716249600000,98.07,100.04,96.59,98.45,134722.0,2024-05-21 00:00:00+00:00
1716264000000,98.44,99.03,96.99,98.31,64003.6,2024-05-21 04:00:00+00:00
1716278400000,98.31,99.88,97.71,98.47,64872.0,2024-05-21 08:00:00+00:00
1716292800000,98.48,99.11,96.37,96.87,145037.6,2024-05-21 12:00:00+00:00
1716307200000,96.87,98.09,95.43,96.25,86619.8,2024-05-21 16:00:00+00:00
1716321600000,96.24,97.45,95.75,97.13,57837.7,2024-05-21 20:00:00+00:00
1716336000000,97.13,97.93,96.22,96.38,45977.3,2024-05-22 00:00:00+00:00
1716350400000,96.38,97.37,94.91,96.35,57841.1,2024-05-22 04:00:00+00:00
1716364800000,96.35,97.2,95.04,95.08,44206.0,2024-05-22 08:00:00+00:00
1716379200000,95.05,96.27,92.95,95.86,117959.0,2024-05-22 12:00:00+00:00
1716393600000,95.85,96.48,94.05,94.71,51653.9,2024-05-22 16:00:00+00:00
1716408000000,94.71,95.52,93.69,94.44,41932.2,2024-05-22 20:00:00+00:00
1716422400000,94.44,97.02,94.16,95.74,78788.5,2024-05-23 00:00:00+00:00
1716436800000,95.74,97.04,95.13,96.17,55986.3,2024-05-23 04:00:00+00:00
1716451200000,96.17,98.7,94.7,98.17,74475.0,2024-05-23 08:00:00+00:00
1716465600000,98.17,99.96,93.21,94.84,231998.8,2024-05-23 12:00:00+00:00
1716480000000,94.81,95.99,92.24,94.16,121338.8,2024-05-23 16:00:00+00:00
1716494400000,94.17,98.91,91.13,97.96,190889.3,2024-05-23 20:00:00+00:00
1716508800000,97.95,100.98,97.53,99.07,106715.7,2024-05-24 00:00:00+00:00
1716523200000,99.06,105.03,95.61,96.52,384704.5,2024-05-24 04:00:00+00:00
1716537600000,96.53,99.29,95.09,98.83,145645.1,2024-05-24 08:00:00+00:00
1716552000000,98.84,99.74,96.73,97.13,109215.5,2024-05-24 12:00:00+00:00
1716566400000,97.14,98.68,95.63,98.35,81322.2,2024-05-24 16:00:00+00:00
1716580800000,98.36,99.67,98.05,99.43,58374.3,2024-05-24 20:00:00+00:00
1716595200000,99.43,108.01,99.22,106.48,307634.5,2024-05-25 00:00:00+00:00
1716609600000,106.5,107.99,104.71,105.77,172258.0,2024-05-25 04:00:00+00:00
1716624000000,105.77,108.57,105.54,107.51,127585.7,2024-05-25 08:00:00+00:00
1716638400000,107.52,108.08,103.79,105.84,118501.8,2024-05-25 12:00:00+00:00
1716652800000,105.84,107.32,105.57,106.23,48874.4,2024-05-25 16:00:00+00:00
1716667200000,106.24,106.45,104.72,105.23,37759.2,2024-05-25 20:00:00+00:00
1716681600000,105.23,106.05,103.63,105.16,94529.3,2024-05-26 00:00:00+00:00
1716696000000,105.15,106.5,104.28,105.27,82909.8,2024-05-26 04:00:00+00:00
1716710400000,105.26,110.39,104.54,108.25,203917.5,2024-05-26 08:00:00+00:00
1716724800000,108.25,110.5,106.33,109.18,129961.8,2024-05-26 12:00:00+00:00
1716739200000,109.19,112.04,109.0,111.29,143284.9,2024-05-26 16:00:00+00:00
1716753600000,111.3,112.94,109.31,109.65,203067.0,2024-05-26 20:00:00+00:00
1716768000000,109.64,114.73,108.7,113.54,189112.9,2024-05-27 00:00:00+00:00
1716782400000,113.54,114.26,110.26,110.45,109925.5,2024-05-27 04:00:00+00:00
1716796800000,110.45,111.48,109.13,109.59,78361.7,2024-05-27 08:00:00+00:00
1716811200000,109.58,110.28,108.07,109.15,92704.3,2024-05-27 12:00:00+00:00
1716825600000,109.14,110.53,107.3,107.57,134197.8,2024-05-27 16:00:00+00:00
1716840000000,107.57,109.07,107.4,108.64,44758.6,2024-05-27 20:00:00+00:00
1716854400000,108.65,109.11,106.1,106.96,135642.9,2024-05-28 00:00:00+00:00
1716868800000,106.95,107.5,105.12,106.92,98692.1,2024-05-28 04:00:00+00:00
1716883200000,106.93,108.82,105.61,105.81,97123.1,2024-05-28 08:00:00+00:00
1716897600000,105.8,106.56,103.69,105.29,112417.9,2024-05-28 12:00:00+00:00
1716912000000,105.28,106.42,103.82,106.14,60964.7,2024-05-28 16:00:00+00:00
1716926400000,106.14,107.04,105.21,106.45,53501.3,2024-05-28 20:00:00+00:00
1716940800000,106.44,107.02,105.01,106.02,57786.2,2024-05-29 00:00:00+00:00
1716955200000,106.0,107.58,105.32,105.34,70837.1,2024-05-29 04:00:00+00:00
1716969600000,105.35,107.78,103.95,106.47,104588.0,2024-05-29 08:00:00+00:00
1716984000000,106.48,106.94,103.34,103.66,115225.6,2024-05-29 12:00:00+00:00
1716998400000,103.68,104.13,102.62,102.83,68720.7,2024-05-29 16:00:00+00:00
1717012800000,102.84,104.73,102.59,103.83,41582.7,2024-05-29 20:00:00+00:00
1717027200000,103.81,105.85,103.8,105.42,43224.4,2024-05-30 00:00:00+00:00
1717041600000,105.42,105.73,102.62,103.09,58325.7,2024-05-30 04:00:00+00:00
1717056000000,103.08,104.56,102.13,102.57,56634.5,2024-05-30 08:00:00+00:00
1717070400000,102.57,104.5,102.36,103.77,81632.5,2024-05-30 12:00:00+00:00
1717084800000,103.77,107.41,103.71,105.06,74194.1,2024-05-30 16:00:00+00:00
1717099200000,105.05,105.05,102.5,102.93,52874.8,2024-05-30 20:00:00+00:00
1717113600000,102.93,104.3,101.2,103.26,86827.5,2024-05-31 00:00:00+00:00
1717128000000,103.27,103.55,101.9,102.46,37496.1,2024-05-31 04:00:00+00:00
1717142400000,102.47,103.81,102.28,103.66,53126.8,2024-05-31 08:00:00+00:00
1717156800000,103.66,104.81,100.76,100.79,95240.2,2024-05-31 12:00:00+00:00
1717171200000,100.8,103.72,100.09,103.56,63511.6,2024-05-31 16:00:00+00:00
1717185600000,103.57,104.76,103.16,103.82,58024.7,2024-05-31 20:00:00+00:00
1717200000000,103.82,105.33,103.61,104.9,42700.0,2024-06-01 00:00:00+00:00
1717214400000,104.89,105.29,104.16,104.21,30693.8,2024-06-01 04:00:00+00:00
1717228800000,104.21,105.09,104.17,104.77,26639.4,2024-06-01 08:00:00+00:00
1717243200000,104.78,105.5,104.37,104.44,39024.2,2024-06-01 12:00:00+00:00
1717257600000,104.45,104.69,104.02,104.19,29203.5,2024-06-01 16:00:00+00:00
1717272000000,104.19,105.16,104.05,104.14,26291.5,2024-06-01 20:00:00+00:00
1717286400000,104.12,105.02,103.81,104.54,27492.9,2024-06-02 00:00:00+00:00
1717300800000,104.54,104.97,103.41,103.55,28133.5,2024-06-02 04:00:00+00:00
1717315200000,103.56,105.28,103.26,105.13,39364.2,2024-06-02 08:00:00+00:00
1717329600000,105.14,105.39,104.21,104.78,29119.5,2024-06-02 12:00:00+00:00
1717344000000,104.79,105.37,102.08,103.01,59033.7,2024-06-02 16:00:00+00:00
1717358400000,103.02,103.89,102.06,103.2,31030.4,2024-06-02 20:00:00+00:00
1717372800000,103.18,104.6,102.03,103.97,36441.0,2024-06-03 00:00:00+00:00
1717387200000,103.97,105.62,103.15,104.72,45520.6,2024-06-03 04:00:00+00:00
1717401600000,104.73,105.47,103.62,103.73,28926.2,2024-06-03 08:00:00+00:00
1717416000000,103.74,104.79,102.08,103.44,47681.4,2024-06-03 12:00:00+00:00
1717430400000,103.45,103.57,101.87,102.26,38337.2,2024-06-03 16:00:00+00:00
1717444800000,102.25,102.78,100.75,101.13,32597.6,2024-06-03 20:00:00+00:00
1717459200000,101.13,101.95,100.73,101.23,28732.4,2024-06-04 00:00:00+00:00
1717473600000,101.23,101.67,100.19,101.49,39418.1,2024-06-04 04:00:00+00:00
1717488000000,101.48,101.94,100.46,100.87,33905.7,2024-06-04 08:00:00+00:00
1717502400000,100.88,102.47,99.76,102.04,83951.4,2024-06-04 12:00:00+00:00
1717516800000,102.04,104.37,101.1,102.87,96140.9,2024-06-04 16:00:00+00:00
1717531200000,102.84,103.46,102.21,103.1,38049.6,2024-06-04 20:00:00+00:00
1717545600000,103.1,104.52,102.56,103.03,49856.1,2024-06-05 00:00:00+00:00
1717560000000,103.03,103.62,102.21,102.98,41669.0,2024-06-05 04:00:00+00:00
1717574400000,102.98,103.0,102.3,102.69,28966.9,2024-06-05 08:00:00+00:00
1717588800000,102.69,103.55,102.4,103.49,46998.0,2024-06-05 12:00:00+00:00
1717603200000,103.49,105.59,103.39,104.8,54156.0,2024-06-05 16:00:00+00:00
1717617600000,104.82,105.18,103.91,104.45,24587.2,2024-06-05 20:00:00+00:00
1717632000000,104.47,104.55,103.24,103.29,29092.7,2024-06-06 00:00:00+00:00
1717646400000,103.29,103.57,102.36,102.95,26143.1,2024-06-06 04:00:00+00:00
1717660800000,102.96,103.27,102.49,102.71,25051.4,2024-06-06 08:00:00+00:00
1717675200000,102.73,104.19,102.56,103.62,42966.4,2024-06-06 12:00:00+00:00
1717689600000,103.61,104.03,101.75,101.98,37387.0,2024-06-06 16:00:00+00:00
1717704000000,101.98,103.07,101.05,102.49,47172.7,2024-06-06 20:00:00+00:00
1717718400000,102.48,103.09,101.86,102.21,31239.7,2024-06-07 00:00:00+00:00
1717732800000,102.22,103.99,102.15,103.3,28479.1,2024-06-07 04:00:00+00:00
1717747200000,103.33,103.55,102.05,103.1,30406.5,2024-06-07 08:00:00+00:00
1717761600000,103.1,104.97,100.58,104.23,151642.5,2024-06-07 12:00:00+00:00
1717776000000,104.23,104.52,87.91,96.09,351176.7,2024-06-07 16:00:00+00:00
1717790400000,96.12,98.88,95.64,97.47,116738.0,2024-06-07 20:00:00+00:00
1717804800000,97.46,98.14,96.73,97.66,41477.0,2024-06-08 00:00:00+00:00
1717819200000,97.64,97.66,96.56,97.27,27214.6,2024-06-08 04:00:00+00:00
1717833600000,97.26,97.34,94.03,94.3,48613.8,2024-06-08 08:00:00+00:00
1717848000000,94.3,94.87,92.62,93.7,68417.6,2024-06-08 12:00:00+00:00
1717862400000,93.69,94.18,92.08,92.76,47148.2,2024-06-08 16:00:00+00:00
1717876800000,92.77,93.17,92.21,92.85,30360.1,2024-06-08 20:00:00+00:00
1717891200000,92.84,93.5,91.92,92.53,29376.5,2024-06-09 00:00:00+00:00
1717905600000,92.52,93.38,91.87,93.15,27787.0,2024-06-09 04:00:00+00:00
1717920000000,93.15,93.72,92.94,93.22,18210.3,2024-06-09 08:00:00+00:00
1717934400000,93.23,93.97,92.77,93.52,32630.1,2024-06-09 12:00:00+00:00
1717948800000,93.5,94.21,93.37,93.85,19572.2,2024-06-09 16:00:00+00:00
1717963200000,93.85,93.96,93.28,93.44,16703.8,2024-06-09 20:00:00+00:00
1717977600000,93.43,93.6,92.48,92.74,22022.3,2024-06-10 00:00:00+00:00
1717992000000,92.74,93.06,90.38,90.63,74170.7,2024-06-10 04:00:00+00:00
1718006400000,90.63,92.92,90.61,92.19,48525.6,2024-06-10 08:00:00+00:00
1718020800000,92.19,93.93,91.02,93.5,101852.7,2024-06-10 12:00:00+00:00
1718035200000,93.5,93.6,91.44,91.64,49772.4,2024-06-10 16:00:00+00:00
1718049600000,91.64,91.65,90.5,90.83,36710.5,2024-06-10 20:00:00+00:00
1718064000000,90.82,91.12,88.13,89.65,108537.2,2024-06-11 00:00:00+00:00
1718078400000,89.64,89.78,87.56,88.6,49441.2,2024-06-11 04:00:00+00:00
1718092800000,88.61,89.07,87.65,87.73,47780.8,2024-06-11 08:00:00+00:00
1718107200000,87.74,88.14,84.57,85.96,133407.9,2024-06-11 12:00:00+00:00
1718121600000,85.95,87.17,84.92,87.07,75505.8,2024-06-11 16:00:00+00:00
1718136000000,87.06,87.89,86.77,87.7,39398.1,2024-06-11 20:00:00+00:00
1718150400000,87.71,88.75,86.67,88.62,57495.5,2024-06-12 00:00:00+00:00
1718164800000,88.58,88.8,87.55,88.39,33395.1,2024-06-12 04:00:00+00:00
1718179200000,88.37,90.0,88.06,88.97,38661.6,2024-06-12 08:00:00+00:00
1718193600000,88.98,93.7,88.83,92.59,105445.8,2024-06-12 12:00:00+00:00
1718208000000,92.59,92.99,88.14,88.81,165035.0,2024-06-12 16:00:00+00:00
1718222400000,88.81,90.23,88.5,89.98,36016.3,2024-06-12 20:00:00+00:00
1718236800000,89.99,90.06,86.02,87.43,97013.3,2024-06-13 00:00:00+00:00
1718251200000,87.43,88.16,86.73,87.35,48212.2,2024-06-13 04:00:00+00:00
1718265600000,87.35,87.68,85.14,85.42,71442.7,2024-06-13 08:00:00+00:00
1718280000000,85.42,86.89,83.27,83.56,146968.1,2024-06-13 12:00:00+00:00
1718294400000,83.55,85.02,83.04,84.44,52383.3,2024-06-13 16:00:00+00:00
1718308800000,84.44,84.6,83.38,83.73,34458.6,2024-06-13 20:00:00+00:00
1718323200000,83.73,85.41,83.09,84.57,91515.6,2024-06-14 00:00:00+00:00
1718337600000,84.57,86.18,84.51,85.39,46348.4,2024-06-14 04:00:00+00:00
1718352000000,85.38,86.01,84.59,85.83,46760.1,2024-06-14 08:00:00+00:00
1718366400000,85.81,86.14,83.63,84.0,66003.0,2024-06-14 12:00:00+00:00
1718380800000,84.01,84.56,80.33,81.91,142023.7,2024-06-14 16:00:00+00:00
1718395200000,81.92,84.58,81.86,83.63,43801.7,2024-06-14 20:00:00+00:00
1718409600000,83.63,84.82,83.36,84.65,48651.9,2024-06-15 00:00:00+00:00
1718424000000,84.65,85.8,84.05,85.23,43879.4,2024-06-15 04:00:00+00:00
1718438400000,85.23,85.63,84.7,85.52,26233.1,2024-06-15 08:00:00+00:00
1718452800000,85.52,87.12,85.13,86.42,55165.8,2024-06-15 12:00:00+00:00
1718467200000,86.43,86.79,85.35,85.77,29748.2,2024-06-15 16:00:00+00:00
1718481600000,85.77,86.35,85.21,85.88,23449.7,2024-06-15 20:00:00+00:00
1718496000000,85.88,86.82,84.44,84.85,85122.7,2024-06-16 00:00:00+00:00
1718510400000,84.85,85.5,84.18,85.13,28761.0,2024-06-16 04:00:00+00:00
1718524800000,85.14,85.36,84.42,84.62,31094.6,2024-06-16 08:00:00+00:00
1718539200000,84.62,85.61,84.51,85.57,39457.2,2024-06-16 12:00:00+00:00
1718553600000,85.57,85.88,84.98,85.59,46113.1,2024-06-16 16:00:00+00:00
1718568000000,85.61,86.34,85.03,85.74,34787.5,2024-06-16 20:00:00+00:00
1718582400000,85.74,87.94,83.84,84.11,174816.6,2024-06-17 00:00:00+00:00
1718596800000,84.13,87.82,83.83,84.98,255319.5,2024-06-17 04:00:00+00:00
1718611200000,84.98,86.11,82.11,83.55,127850.1,2024-06-17 08:00:00+00:00
1718625600000,83.56,84.45,81.95,83.24,102657.7,2024-06-17 12:00:00+00:00
1718640000000,83.26,86.99,81.31,86.5,167310.1,2024-06-17 16:00:00+00:00
1718654400000,86.51,86.54,84.75,84.92,80909.4,2024-06-17 20:00:00+00:00
1718668800000,84.91,85.56,73.0,79.82,371343.7,2024-06-18 00:00:00+00:00
1718683200000,79.81,80.68,79.36,80.08,66172.4,2024-06-18 04:00:00+00:00
1718697600000,80.08,80.33,77.86,78.12,94225.3,2024-06-18 08:00:00+00:00
1718712000000,78.11,79.62,76.77,79.19,129491.7,2024-06-18 12:00:00+00:00
1718726400000,79.17,80.41,78.08,80.34,103891.4,2024-06-18 16:00:00+00:00
1718740800000,80.34,82.24,79.72,81.96,77349.8,2024-06-18 20:00:00+00:00
1718755200000,81.96,86.19,81.39,86.09,126373.6,2024-06-19 00:00:00+00:00
1718769600000,86.09,87.63,84.63,87.6,110416.0,2024-06-19 04:00:00+00:00
1718784000000,87.6,88.87,86.37,87.27,140997.7,2024-06-19 08:00:00+00:00
1718798400000,87.29,88.5,85.3,86.38,131022.6,2024-06-19 12:00:00+00:00
1718812800000,86.35,88.65,85.92,87.46,84117.9,2024-06-19 16:00:00+00:00
1718827200000,87.47,88.66,87.04,87.3,55222.4,2024-06-19 20:00:00+00:00
1718841600000,87.29,89.17,86.17,86.76,98594.2,2024-06-20 00:00:00+00:00
1718856000000,86.74,88.97,86.22,88.9,79475.0,2024-06-20 04:00:00+00:00
1718870400000,88.91,90.1,88.13,88.36,101391.8,2024-06-20 08:00:00+00:00
1718884800000,88.36,88.45,85.42,85.61,118282.1,2024-06-20 12:00:00+00:00
1718899200000,85.6,86.98,84.58,86.43,77666.6,2024-06-20 16:00:00+00:00
1718913600000,86.43,86.57,84.7,84.78,31097.8,2024-06-20 20:00:00+00:00
1718928000000,84.77,85.91,84.04,85.04,72228.7,2024-06-21 00:00:00+00:00
1718942400000,85.06,86.68,84.52,85.01,73107.5,2024-06-21 04:00:00+00:00
1718956800000,85.03,86.21,83.66,85.23,81957.4,2024-06-21 08:00:00+00:00
1718971200000,85.22,86.54,84.22,85.38,76036.6,2024-06-21 12:00:00+00:00
1718985600000,85.38,85.4,82.27,82.59,144140.6,2024-06-21 16:00:00+00:00
1719000000000,82.55,83.11,81.69,81.94,54798.1,2024-06-21 20:00:00+00:00
1719014400000,81.95,82.35,80.74,80.77,55253.4,2024-06-22 00:00:00+00:00
1719028800000,80.77,80.79,79.58,79.84,59433.7,2024-06-22 04:00:00+00:00
1719043200000,79.85,80.51,79.64,79.89,38882.3,2024-06-22 08:00:00+00:00
1719057600000,79.89,81.5,79.87,81.27,49789.0,2024-06-22 12:00:00+00:00
1719072000000,81.27,81.72,80.55,80.97,30949.3,2024-06-22 16:00:00+00:00
1719086400000,80.98,81.92,80.52,81.6,29035.6,2024-06-22 20:00:00+00:00
1719100800000,81.6,82.46,81.55,82.36,36087.8,2024-06-23 00:00:00+00:00
1719115200000,82.36,82.53,81.73,81.89,26262.5,2024-06-23 04:00:00+00:00
1719129600000,81.89,82.76,81.68,82.6,33048.0,2024-06-23 08:00:00+00:00
1719144000000,82.6,82.81,80.95,81.32,51093.7,2024-06-23 12:00:00+00:00
1719158400000,81.3,82.74,80.04,81.53,86806.4,2024-06-23 16:00:00+00:00
1719172800000,81.54,82.01,80.08,80.7,58507.0,2024-06-23 20:00:00+00:00
1719187200000,80.7,81.18,79.04,80.3,78919.9,2024-06-24 00:00:00+00:00
1719201600000,80.3,80.54,78.2,79.51,77559.7,2024-06-24 04:00:00+00:00
1719216000000,79.5,80.46,76.18,79.34,127654.1,2024-06-24 08:00:00+00:00
1719230400000,79.32,81.77,79.2,80.96,95099.6,2024-06-24 12:00:00+00:00
1719244800000,80.96,90.49,80.62,86.46,641109.4,2024-06-24 16:00:00+00:00
1719259200000,86.46,87.45,84.8,86.24,174188.9,2024-06-24 20:00:00+00:00
1719273600000,86.23,90.24,86.14,89.36,180859.6,2024-06-25 00:00:00+00:00
1719288000000,89.37,91.65,89.36,90.68,154680.4,2024-06-25 04:00:00+00:00
1719302400000,90.69,93.08,90.07,92.16,221321.4,2024-06-25 08:00:00+00:00
1719316800000,92.16,95.3,91.26,91.6,336396.1,2024-06-25 12:00:00+00:00
1719331200000,91.6,93.04,90.75,91.77,226682.9,2024-06-25 16:00:00+00:00
1719345600000,91.78,92.5,91.65,92.01,70324.7,2024-06-25 20:00:00+00:00
1719360000000,92.0,92.5,91.38,91.39,90034.6,2024-06-26 00:00:00+00:00
1719374400000,91.38,92.31,90.94,91.33,62090.2,2024-06-26 04:00:00+00:00
1719388800000,91.33,91.44,90.0,91.2,66330.8,2024-06-26 08:00:00+00:00
1719403200000,91.2,91.8,90.41,91.27,83440.8,2024-06-26 12:00:00+00:00
1719417600000,91.27,94.31,90.66,93.16,178074.6,2024-06-26 16:00:00+00:00
1719432000000,93.17,95.62,92.95,94.45,137605.5,2024-06-26 20:00:00+00:00
1719446400000,94.46,94.56,92.38,93.44,100928.0,2024-06-27 00:00:00+00:00
1719460800000,93.43,94.69,92.6,92.7,83816.2,2024-06-27 04:00:00+00:00
1719475200000,92.7,94.82,92.26,94.38,82060.6,2024-06-27 08:00:00+00:00
1719489600000,94.39,96.48,91.07,91.36,344461.3,2024-06-27 12:00:00+00:00
1719504000000,91.37,92.79,90.94,91.87,122534.0,2024-06-27 16:00:00+00:00
1719518400000,91.88,94.25,91.54,93.42,80205.1,2024-06-27 20:00:00+00:00
1719532800000,93.42,94.7,92.82,93.66,83954.1,2024-06-28 00:00:00+00:00
1719547200000,93.66,95.32,93.03,94.91,102114.3,2024-06-28 04:00:00+00:00
1719561600000,94.92,96.29,94.38,95.88,76273.9,2024-06-28 08:00:00+00:00
1719576000000,95.88,96.95,94.73,95.37,132548.1,2024-06-28 12:00:00+00:00
1719590400000,95.36,95.53,93.81,94.83,120638.6,2024-06-28 16:00:00+00:00
1719604800000,94.84,95.24,93.49,93.53,64794.2,2024-06-28 20:00:00+00:00
1719619200000,93.53,96.22,93.51,95.99,87735.9,2024-06-29 00:00:00+00:00
1719633600000,95.96,96.95,95.06,96.03,64865.5,2024-06-29 04:00:00+00:00
1719648000000,96.03,96.47,94.82,95.03,55266.1,2024-06-29 08:00:00+00:00
1719662400000,95.03,96.17,94.47,96.09,60521.2,2024-06-29 12:00:00+00:00
1719676800000,96.09,96.9,95.31,96.06,74335.3,2024-06-29 16:00:00+00:00
1719691200000,96.05,97.45,95.77,96.53,61399.4,2024-06-29 20:00:00+00:00
1719705600000,96.53,96.79,94.4,94.92,81604.5,2024-06-30 00:00:00+00:00
1719720000000,94.92,96.5,94.55,96.11,73491.2,2024-06-30 04:00:00+00:00
1719734400000,96.11,98.12,95.59,96.62,87286.9,2024-06-30 08:00:00+00:00
1719748800000,96.62,96.85,95.53,96.48,51729.9,2024-06-30 12:00:00+00:00
1719763200000,96.48,96.97,95.32,95.4,63917.8,2024-06-30 16:00:00+00:00
1719777600000,95.42,97.51,94.97,97.41,72985.8,2024-06-30 20:00:00+00:00
1719792000000,97.42,99.92,96.28,99.72,99845.8,2024-07-01 00:00:00+00:00
1719806400000,99.73,99.92,97.34,97.9,54437.0,2024-07-01 04:00:00+00:00
1719820800000,97.93,99.94,97.9,98.16,102161.4,2024-07-01 08:00:00+00:00
1719835200000,98.15,99.66,97.18,98.06,89298.1,2024-07-01 12:00:00+00:00
1719849600000,98.06,99.66,97.52,99.1,55641.2,2024-07-01 16:00:00+00:00
1719864000000,99.1,99.74,98.09,98.28,40755.8,2024-07-01 20:00:00+00:00
1719878400000,98.27,99.6,97.51,98.81,72366.5,2024-07-02 00:00:00+00:00
1719892800000,98.81,98.99,97.26,97.4,49408.2,2024-07-02 04:00:00+00:00
1719907200000,97.41,97.8,95.41,96.21,101167.0,2024-07-02 08:00:00+00:00
1719921600000,96.21,97.0,94.65,94.9,85214.9,2024-07-02 12:00:00+00:00
1719936000000,94.89,95.01,88.36,90.95,630206.9,2024-07-02 16:00:00+00:00
1719950400000,90.95,91.9,90.12,91.45,110919.3,2024-07-02 20:00:00+00:00
1719964800000,91.46,92.35,88.1,89.38,281071.6,2024-07-03 00:00:00+00:00
1719979200000,89.39,90.35,88.82,89.94,111965.4,2024-07-03 04:00:00+00:00
1719993600000,89.93,90.17,87.45,88.53,137106.0,2024-07-03 08:00:00+00:00
1720008000000,88.53,89.18,87.06,89.12,103286.7,2024-07-03 12:00:00+00:00
1720022400000,89.12,89.69,84.87,84.9,189017.4,2024-07-03 16:00:00+00:00
1720036800000,84.89,85.33,83.8,84.22,136319.5,2024-07-03 20:00:00+00:00
1720051200000,84.23,85.81,81.46,85.29,219490.6,2024-07-04 00:00:00+00:00
1720065600000,85.29,85.87,83.45,83.88,102867.2,2024-07-04 04:00:00+00:00
1720080000000,83.87,84.55,81.52,81.56,154469.0,2024-07-04 08:00:00+00:00
1720094400000,81.56,82.99,79.11,82.78,196927.9,2024-07-04 12:00:00+00:00
1720108800000,82.77,82.78,81.09,81.15,85234.1,2024-07-04 16:00:00+00:00
1720123200000,81.15,82.18,78.69,79.53,90403.1,2024-07-04 20:00:00+00:00
1720137600000,79.53,79.71,70.74,73.73,439880.6,2024-07-05 00:00:00+00:00
1720152000000,73.71,77.68,71.28,76.58,345563.7,2024-07-05 04:00:00+00:00
1720166400000,76.59,78.64,74.2,78.5,194708.3,2024-07-05 08:00:00+00:00
1720180800000,78.51,80.37,77.31,79.55,138626.8,2024-07-05 12:00:00+00:00
1720195200000,79.56,80.36,78.63,79.67,87298.3,2024-07-05 16:00:00+00:00
1720209600000,79.65,80.24,78.96,79.83,73510.9,2024-07-05 20:00:00+00:00
1720224000000,79.83,81.23,78.38,79.04,80772.8,2024-07-06 00:00:00+00:00
1720238400000,79.04,81.34,78.51,80.93,75245.6,2024-07-06 04:00:00+00:00
1720252800000,80.91,81.37,79.9,81.02,54251.7,2024-07-06 08:00:00+00:00
1720267200000,81.02,82.03,80.07,81.64,62525.6,2024-07-06 12:00:00+00:00
1720281600000,81.63,83.51,81.58,82.4,64421.6,2024-07-06 16:00:00+00:00
1720296000000,82.4,83.57,82.23,83.1,53969.4,2024-07-06 20:00:00+00:00
1720310400000,83.1,83.32,81.27,82.31,57420.9,2024-07-07 00:00:00+00:00
1720324800000,82.31,82.31,80.36,80.95,67421.7,2024-07-07 04:00:00+00:00
1720339200000,80.95,82.21,80.82,82.1,84246.4,2024-07-07 08:00:00+00:00
1720353600000,82.11,82.2,78.34,79.09,105263.2,2024-07-07 12:00:00+00:00
1720368000000,79.1,80.7,78.9,79.85,54298.7,2024-07-07 16:00:00+00:00
1720382400000,79.85,80.33,77.87,78.23,62478.7,2024-07-07 20:00:00+00:00
1720396800000,78.23,78.91,75.39,78.18,144305.2,2024-07-08 00:00:00+00:00
1720411200000,78.18,80.63,78.04,79.44,71278.1,2024-07-08 04:00:00+00:00
1720425600000,79.44,84.15,79.28,82.71,118306.4,2024-07-08 08:00:00+00:00
1720440000000,82.71,83.27,79.1,80.41,135922.9,2024-07-08 12:00:00+00:00
1720454400000,80.42,82.47,80.34,81.28,103985.6,2024-07-08 16:00:00+00:00
1720468800000,81.29,82.29,80.91,81.98,48445.6,2024-07-08 20:00:00+00:00
1720483200000,81.97,83.17,81.21,82.67,57070.3,2024-07-09 00:00:00+00:00
1720497600000,82.68,82.91,81.98,82.07,33944.1,2024-07-09 04:00:00+00:00
1720512000000,82.09,83.45,81.6,82.69,90080.8,2024-07-09 08:00:00+00:00
1720526400000,82.69,84.36,82.14,83.27,127044.0,2024-07-09 12:00:00+00:00
1720540800000,83.29,85.29,83.12,84.82,82687.4,2024-07-09 16:00:00+00:00
1720555200000,84.82,86.17,84.54,85.23,72797.2,2024-07-09 20:00:00+00:00
1720569600000,85.23,86.42,83.75,85.8,69163.2,2024-07-10 00:00:00+00:00
1720584000000,85.81,87.84,85.79,87.01,71633.2,2024-07-10 04:00:00+00:00
1720598400000,87.01,88.26,86.45,87.87,63112.5,2024-07-10 08:00:00+00:00
1720612800000,87.85,88.05,86.31,87.73,68737.5,2024-07-10 12:00:00+00:00
1720627200000,87.72,90.0,87.54,89.92,63493.9,2024-07-10 16:00:00+00:00
1720641600000,89.94,91.16,89.01,91.08,67261.1,2024-07-10 20:00:00+00:00
1720656000000,91.08,91.28,88.45,88.83,106982.7,2024-07-11 00:00:00+00:00
1720670400000,88.83,90.7,88.62,90.41,43505.9,2024-07-11 04:00:00+00:00
1720684800000,90.41,92.92,90.07,92.51,90636.3,2024-07-11 08:00:00+00:00
1720699200000,92.5,95.9,92.28,92.59,272591.1,2024-07-11 12:00:00+00:00
1720713600000,92.6,95.3,92.0,93.42,169960.0,2024-07-11 16:00:00+00:00
1720728000000,93.42,93.74,92.41,92.74,77271.7,2024-07-11 20:00:00+00:00
1720742400000,92.73,94.49,91.86,93.23,146205.8,2024-07-12 00:00:00+00:00
1720756800000,93.24,95.0,92.28,94.08,126737.3,2024-07-12 04:00:00+00:00
1720771200000,94.08,95.0,92.54,93.7,101298.7,2024-07-12 08:00:00+00:00
1720785600000,93.7,96.97,93.52,96.88,154674.9,2024-07-12 12:00:00+00:00
1720800000000,96.85,98.36,96.05,97.01,132115.8,2024-07-12 16:00:00+00:00
1720814400000,97.01,97.99,96.07,97.4,75069.3,2024-07-12 20:00:00+00:00
1720828800000,97.39,97.84,96.36,96.97,54389.1,2024-07-13 00:00:00+00:00
1720843200000,96.97,98.78,96.53,97.8,57842.1,2024-07-13 04:00:00+00:00
1720857600000,97.8,98.07,96.37,96.43,66202.3,2024-07-13 08:00:00+00:00
1720872000000,96.42,98.01,95.52,97.8,90910.5,2024-07-13 12:00:00+00:00
1720886400000,97.8,99.82,97.56,99.61,130552.4,2024-07-13 16:00:00+00:00
1720900800000,99.61,101.7,98.82,99.23,134314.4,2024-07-13 20:00:00+00:00
1720915200000,99.22,101.31,99.05,100.58,82478.7,2024-07-14 00:00:00+00:00
1720929600000,100.59,102.0,100.01,100.65,80922.6,2024-07-14 04:00:00+00:00
1720944000000,100.65,102.67,100.65,102.57,89209.9,2024-07-14 08:00:00+00:00
1720958400000,102.58,103.19,101.53,102.64,89108.7,2024-07-14 12:00:00+00:00
1720972800000,102.63,104.48,102.31,103.81,81306.1,2024-07-14 16:00:00+00:00
1720987200000,103.81,104.99,103.03,104.35,98902.8,2024-07-14 20:00:00+00:00
1721001600000,104.34,105.47,103.98,104.49,97741.2,2024-07-15 00:00:00+00:00
1721016000000,104.49,105.8,103.22,105.31,87373.9,2024-07-15 04:00:00+00:00
1721030400000,105.32,106.62,103.31,104.67,132434.0,2024-07-15 08:00:00+00:00
1721044800000,104.67,105.31,101.69,101.94,116685.4,2024-07-15 12:00:00+00:00
1721059200000,101.9,103.1,101.2,101.69,141379.1,2024-07-15 16:00:00+00:00
1721073600000,101.7,105.76,101.65,103.94,134094.0,2024-07-15 20:00:00+00:00
1721088000000,103.95,105.7,103.24,103.66,130052.0,2024-07-16 00:00:00+00:00
1721102400000,103.67,104.15,100.99,101.91,123975.7,2024-07-16 04:00:00+00:00
1721116800000,101.9,106.75,101.2,104.95,179613.9,2024-07-16 08:00:00+00:00
1721131200000,104.94,105.49,103.23,104.17,121031.7,2024-07-16 12:00:00+00:00
1721145600000,104.19,104.45,101.3,102.37,132991.7,2024-07-16 16:00:00+00:00
1721160000000,102.37,102.59,99.24,100.6,118102.9,2024-07-16 20:00:00+00:00
1721174400000,100.58,103.6,100.41,101.66,86595.2,2024-07-17 00:00:00+00:00
1721188800000,101.67,102.21,100.85,101.81,78040.3,2024-07-17 04:00:00+00:00
1721203200000,101.81,102.24,98.8,99.19,150492.6,2024-07-17 08:00:00+00:00
1721217600000,99.17,100.75,98.22,98.43,156072.9,2024-07-17 12:00:00+00:00
1721232000000,98.42,99.25,97.3,98.77,98505.9,2024-07-17 16:00:00+00:00
1721246400000,98.76,99.49,97.73,98.01,46059.2,2024-07-17 20:00:00+00:00
1721260800000,98.0,99.89,97.1,99.79,89683.3,2024-07-18 00:00:00+00:00
1721275200000,99.79,99.87,97.99,98.56,53573.2,2024-07-18 04:00:00+00:00
1721289600000,98.57,100.36,98.25,100.22,77194.2,2024-07-18 08:00:00+00:00
1721304000000,100.22,100.42,95.98,96.3,116503.8,2024-07-18 12:00:00+00:00
1721318400000,96.29,98.32,95.33,97.76,84776.4,2024-07-18 16:00:00+00:00
1721332800000,97.77,98.57,97.15,98.5,43321.1,2024-07-18 20:00:00+00:00
1721347200000,98.5,98.6,96.45,98.31,36315.4,2024-07-19 00:00:00+00:00
1721361600000,98.3,99.41,96.47,96.97,48882.2,2024-07-19 04:00:00+00:00
1721376000000,96.96,97.03,95.62,96.59,39090.8,2024-07-19 08:00:00+00:00
1721390400000,96.59,99.79,96.43,99.64,78995.9,2024-07-19 12:00:00+00:00
1721404800000,99.63,101.29,99.49,100.9,66916.8,2024-07-19 16:00:00+00:00
1721419200000,100.9,101.08,99.9,100.7,34337.6,2024-07-19 20:00:00+00:00
1721433600000,100.7,100.78,99.22,99.84,30328.9,2024-07-20 00:00:00+00:00
1721448000000,99.84,100.58,99.57,99.57,24419.8,2024-07-20 04:00:00+00:00
1721462400000,99.58,99.77,98.68,99.29,41042.0,2024-07-20 08:00:00+00:00
1721476800000,99.31,100.45,99.12,100.24,35344.1,2024-07-20 12:00:00+00:00
1721491200000,100.24,100.64,98.99,99.35,54142.4,2024-07-20 16:00:00+00:00
1721505600000,99.34,99.5,98.43,98.92,30659.0,2024-07-20 20:00:00+00:00
1721520000000,98.91,99.91,98.5,99.42,32955.5,2024-07-21 00:00:00+00:00
1721534400000,99.41,99.5,97.29,97.69,29833.2,2024-07-21 04:00:00+00:00
1721548800000,97.69,98.54,97.38,97.56,32492.6,2024-07-21 08:00:00+00:00
1721563200000,97.56,97.85,95.75,97.26,70928.2,2024-07-21 12:00:00+00:00
1721577600000,97.26,98.27,94.14,97.51,99352.5,2024-07-21 16:00:00+00:00
1721592000000,97.51,100.15,97.17,98.27,85269.1,2024-07-21 20:00:00+00:00
1721606400000,98.27,99.56,96.45,96.89,91758.4,2024-07-22 00:00:00+00:00
1721620800000,96.88,97.0,94.14,94.4,83690.4,2024-07-22 04:00:00+00:00
1721635200000,94.4,95.85,93.86,95.73,60734.3,2024-07-22 08:00:00+00:00
1721649600000,95.73,96.46,94.06,94.89,70593.9,2024-07-22 12:00:00+00:00
1721664000000,94.91,95.53,94.7,95.49,28338.7,2024-07-22 16:00:00+00:00
1721678400000,95.5,95.57,93.42,94.1,46403.8,2024-07-22 20:00:00+00:00
1721692800000,94.08,96.21,93.97,94.77,52758.4,2024-07-23 00:00:00+00:00
1721707200000,94.78,95.16,92.59,93.25,73663.5,2024-07-23 04:00:00+00:00
1721721600000,93.25,96.25,93.09,95.23,94366.8,2024-07-23 08:00:00+00:00
1721736000000,95.21,96.24,93.56,95.04,93387.5,2024-07-23 12:00:00+00:00
1721750400000,95.02,95.37,91.52,94.6,125251.9,2024-07-23 16:00:00+00:00
1721764800000,94.58,95.02,92.75,94.42,48719.9,2024-07-23 20:00:00+00:00
1721779200000,94.4,94.75,92.89,93.67,34730.0,2024-07-24 00:00:00+00:00
1721793600000,93.67,93.83,92.34,93.76,24980.1,2024-07-24 04:00:00+00:00
1721808000000,93.76,93.98,93.23,93.34,27984.3,2024-07-24 08:00:00+00:00
1721822400000,93.34,94.4,92.71,92.78,52395.3,2024-07-24 12:00:00+00:00
1721836800000,92.79,93.31,91.14,91.44,51939.4,2024-07-24 16:00:00+00:00
1721851200000,91.44,91.96,89.2,89.85,71952.4,2024-07-24 20:00:00+00:00
1721865600000,89.85,90.65,86.33,87.19,142529.2,2024-07-25 00:00:00+00:00
1721880000000,87.18,88.67,86.83,87.99,59737.9,2024-07-25 04:00:00+00:00
1721894400000,87.98,88.43,86.02,87.27,70183.3,2024-07-25 08:00:00+00:00
1721908800000,87.29,96.0,85.61,95.08,863761.4,2024-07-25 12:00:00+00:00
1721923200000,95.08,97.16,92.82,93.2,381378.6,2024-07-25 16:00:00+00:00
1721937600000,93.19,94.03,91.2,92.71,325954.2,2024-07-25 20:00:00+00:00
1721952000000,92.71,97.71,92.58,97.59,226200.7,2024-07-26 00:00:00+00:00
1721966400000,97.59,103.18,97.57,100.86,462494.6,2024-07-26 04:00:00+00:00
1721980800000,100.86,101.51,98.69,99.08,200681.2,2024-07-26 08:00:00+00:00
1721995200000,99.08,101.32,96.85,98.02,283462.6,2024-07-26 12:00:00+00:00
1722009600000,98.02,98.68,97.56,98.18,77234.2,2024-07-26 16:00:00+00:00
1722024000000,98.17,98.41,97.12,97.67,75350.2,2024-07-26 20:00:00+00:00
1722038400000,97.66,98.13,97.02,97.47,59538.5,2024-07-27 00:00:00+00:00
1722052800000,97.47,100.42,97.4,99.94,79605.2,2024-07-27 04:00:00+00:00
1722067200000,99.94,100.75,99.4,100.15,70648.5,2024-07-27 08:00:00+00:00
1722081600000,100.15,101.35,98.74,99.86,121778.2,2024-07-27 12:00:00+00:00
1722096000000,99.86,101.49,99.53,101.28,108090.4,2024-07-27 16:00:00+00:00
1722110400000,101.28,102.92,99.17,101.08,167540.6,2024-07-27 20:00:00+00:00
1722124800000,101.07,101.14,99.63,100.47,74689.5,2024-07-28 00:00:00+00:00
1722139200000,100.5,100.66,99.2,99.91,63110.5,2024-07-28 04:00:00+00:00
1722153600000,99.9,100.46,99.22,100.05,47555.8,2024-07-28 08:00:00+00:00
1722168000000,100.04,101.03,99.41,99.64,60437.1,2024-07-28 12:00:00+00:00
1722182400000,99.65,100.3,98.45,99.06,47830.5,2024-07-28 16:00:00+00:00
1722196800000,99.06,99.23,97.86,98.66,64800.7,2024-07-28 20:00:00+00:00
1722211200000,98.67,103.32,98.66,101.86,154661.7,2024-07-29 00:00:00+00:00
1722225600000,101.87,102.6,100.83,102.57,60459.4,2024-07-29 04:00:00+00:00
1722240000000,102.57,103.85,101.92,103.0,76140.9,2024-07-29 08:00:00+00:00
1722254400000,102.99,103.23,100.87,102.13,99147.8,2024-07-29 12:00:00+00:00
1722268800000,102.13,103.35,100.08,103.0,106848.7,2024-07-29 16:00:00+00:00
1722283200000,103.01,106.34,102.44,104.92,177896.4,2024-07-29 20:00:00+00:00
1722297600000,104.93,106.36,102.67,104.8,144889.9,2024-07-30 00:00:00+00:00
1722312000000,104.8,105.88,102.54,105.46,92205.2,2024-07-30 04:00:00+00:00
1722326400000,105.46,106.66,104.06,106.13,123740.5,2024-07-30 08:00:00+00:00
1722340800000,106.13,106.5,103.8,105.19,169154.1,2024-07-30 12:00:00+00:00
1722355200000,105.19,105.47,102.59,104.12,141026.1,2024-07-30 16:00:00+00:00
1722369600000,104.13,105.5,102.68,105.12,101956.6,2024-07-30 20:00:00+00:00
1722384000000,105.13,107.63,103.98,106.3,148701.5,2024-07-31 00:00:00+00:00
1722398400000,106.3,107.43,104.31,106.83,126955.3,2024-07-31 04:00:00+00:00
1722412800000,106.83,108.0,106.06,106.91,121389.4,2024-07-31 08:00:00+00:00
1722427200000,106.91,109.59,105.89,108.48,182437.3,2024-07-31 12:00:00+00:00
1722441600000,108.46,112.32,108.03,108.93,348359.1,2024-07-31 16:00:00+00:00
1722456000000,108.91,109.41,106.62,107.44,232471.4,2024-07-31 20:00:00+00:00
1722470400000,107.44,108.5,104.72,105.22,217079.2,2024-08-01 00:00:00+00:00
1722484800000,105.19,106.65,103.55,105.15,182883.3,2024-08-01 04:00:00+00:00
1722499200000,105.14,115.43,104.95,113.39,545794.0,2024-08-01 08:00:00+00:00
1722513600000,113.4,115.68,109.57,110.66,737385.3,2024-08-01 12:00:00+00:00
1722528000000,110.66,111.14,104.16,110.71,634115.3,2024-08-01 16:00:00+00:00
1722542400000,110.71,117.35,109.68,116.67,411968.5,2024-08-01 20:00:00+00:00
1722556800000,116.69,117.51,112.35,114.7,352864.8,2024-08-02 00:00:00+00:00
1722571200000,114.7,117.15,113.73,116.01,432899.9,2024-08-02 04:00:00+00:00
1722585600000,116.01,117.45,114.58,116.7,472374.6,2024-08-02 08:00:00+00:00
1722600000000,116.7,118.0,106.8,110.6,884485.9,2024-08-02 12:00:00+00:00
1722614400000,110.6,112.05,107.94,109.2,355604.8,2024-08-02 16:00:00+00:00
1722628800000,109.22,111.69,108.72,110.3,268939.4,2024-08-02 20:00:00+00:00
1722643200000,110.3,111.5,105.9,109.28,331041.2,2024-08-03 00:00:00+00:00
1722657600000,109.27,114.48,108.23,113.8,261757.6,2024-08-03 04:00:00+00:00
1722672000000,113.82,116.62,112.09,115.32,276781.0,2024-08-03 08:00:00+00:00
1722686400000,115.32,116.78,112.75,113.26,424579.9,2024-08-03 12:00:00+00:00
1722700800000,113.26,115.18,105.5,106.1,676479.7,2024-08-03 16:00:00+00:00
1722715200000,106.1,107.39,102.98,105.48,742156.0,2024-08-03 20:00:00+00:00
1722729600000,105.47,108.0,102.46,102.97,627144.2,2024-08-04 00:00:00+00:00
1722744000000,102.96,108.63,102.69,106.91,379816.2,2024-08-04 04:00:00+00:00
1722758400000,106.91,112.05,106.13,110.15,328343.9,2024-08-04 08:00:00+00:00
1722772800000,110.15,110.75,103.16,103.83,481985.8,2024-08-04 12:00:00+00:00
1722787200000,103.84,104.8,97.7,100.8,739267.9,2024-08-04 16:00:00+00:00
1722801600000,100.8,101.88,96.76,97.09,289188.2,2024-08-04 20:00:00+00:00
1722816000000,97.1,97.75,82.57,84.6,1172499.2,2024-08-05 00:00:00+00:00
1722830400000,84.58,85.9,76.16,84.58,912699.0,2024-08-05 04:00:00+00:00
1722844800000,84.57,85.4,78.05,81.05,488581.0,2024-08-05 08:00:00+00:00
1722859200000,81.05,93.74,77.27,92.65,857240.5,2024-08-05 12:00:00+00:00
1722873600000,92.62,94.87,89.22,91.89,431986.4,2024-08-05 16:00:00+00:00
1722888000000,91.9,98.9,91.87,95.57,361304.9,2024-08-05 20:00:00+00:00
1722902400000,95.58,104.48,95.25,101.9,440094.8,2024-08-06 00:00:00+00:00
1722916800000,101.9,103.76,98.81,100.09,289659.6,2024-08-06 04:00:00+00:00
1722931200000,100.1,100.37,97.21,97.89,208971.1,2024-08-06 08:00:00+00:00
1722945600000,97.89,107.4,97.72,102.92,557826.4,2024-08-06 12:00:00+00:00
1722960000000,102.92,104.22,99.56,100.74,239265.7,2024-08-06 16:00:00+00:00
1722974400000,100.74,107.88,99.76,103.52,306861.6,2024-08-06 20:00:00+00:00
1722988800000,103.54,105.89,100.29,104.23,272893.0,2024-08-07 00:00:00+00:00
1723003200000,104.23,106.39,101.55,102.87,195522.5,2024-08-07 04:00:00+00:00
1723017600000,102.88,104.06,99.76,99.92,209404.5,2024-08-07 08:00:00+00:00
1723032000000,99.92,102.79,97.94,101.77,495383.5,2024-08-07 12:00:00+00:00
1723046400000,101.76,102.55,98.63,99.25,285329.3,2024-08-07 16:00:00+00:00
1723060800000,99.26,101.28,96.5,98.32,265336.2,2024-08-07 20:00:00+00:00
1723075200000,98.31,103.86,96.87,101.85,228252.5,2024-08-08 00:00:00+00:00
1723089600000,101.86,103.02,98.33,98.43,205457.2,2024-08-08 04:00:00+00:00
1723104000000,98.44,99.38,95.14,96.2,283364.6,2024-08-08 08:00:00+00:00
1723118400000,96.19,98.85,95.67,96.66,327355.3,2024-08-08 12:00:00+00:00
1723132800000,96.67,99.41,96.5,97.0,336023.6,2024-08-08 16:00:00+00:00
1723147200000,97.01,102.43,96.35,101.38,283816.9,2024-08-08 20:00:00+00:00
1723161600000,101.38,101.46,97.92,99.13,226289.7,2024-08-09 00:00:00+00:00
1723176000000,99.12,99.45,97.23,97.67,138738.1,2024-08-09 04:00:00+00:00
1723190400000,97.67,98.41,95.49,96.06,181065.3,2024-08-09 08:00:00+00:00
1723204800000,96.06,96.92,93.79,93.88,214876.2,2024-08-09 12:00:00+00:00
1723219200000,93.88,96.09,93.56,96.04,132134.1,2024-08-09 16:00:00+00:00
1723233600000,96.03,96.58,94.5,96.29,111406.1,2024-08-09 20:00:00+00:00
1723248000000,96.29,97.1,94.88,95.26,101474.1,2024-08-10 00:00:00+00:00
1723262400000,95.25,95.73,94.68,95.61,52608.7,2024-08-10 04:00:00+00:00
1723276800000,95.6,95.65,94.42,94.6,65786.3,2024-08-10 08:00:00+00:00
1723291200000,94.6,95.17,93.92,93.97,127554.3,2024-08-10 12:00:00+00:00
1723305600000,93.97,94.31,92.44,92.79,130085.2,2024-08-10 16:00:00+00:00
1723320000000,92.79,94.14,92.64,93.25,69802.2,2024-08-10 20:00:00+00:00
1723334400000,93.26,95.59,93.03,94.72,126311.2,2024-08-11 00:00:00+00:00
1723348800000,94.71,95.4,94.09,95.02,95147.1,2024-08-11 04:00:00+00:00
1723363200000,95.01,96.13,93.07,93.55,108602.3,2024-08-11 08:00:00+00:00
1723377600000,93.54,94.41,92.0,93.33,156098.8,2024-08-11 12:00:00+00:00
1723392000000,93.32,94.32,91.67,92.03,122147.2,2024-08-11 16:00:00+00:00
1723406400000,92.03,92.92,90.76,91.14,157543.4,2024-08-11 20:00:00+00:00
1723420800000,91.13,91.75,90.16,91.51,149108.7,2024-08-12 00:00:00+00:00
1723435200000,91.49,93.87,91.41,92.64,165387.4,2024-08-12 04:00:00+00:00
1723449600000,92.62,97.07,92.0,95.82,218594.8,2024-08-12 08:00:00+00:00
1723464000000,95.84,96.7,91.97,95.31,312270.0,2024-08-12 12:00:00+00:00
1723478400000,95.32,95.71,92.95,93.72,112433.5,2024-08-12 16:00:00+00:00
1723492800000,93.75,95.96,92.9,95.57,101759.0,2024-08-12 20:00:00+00:00
1723507200000,95.58,98.47,95.07,95.86,202767.9,2024-08-13 00:00:00+00:00
1723521600000,95.85,98.77,94.87,97.38,230914.2,2024-08-13 04:00:00+00:00
1723536000000,97.38,97.96,95.12,95.73,145487.5,2024-08-13 08:00:00+00:00
1723550400000,95.75,96.94,93.61,95.07,200511.3,2024-08-13 12:00:00+00:00
1723564800000,95.06,97.81,94.97,96.68,150035.3,2024-08-13 16:00:00+00:00
1723579200000,96.69,98.42,96.52,97.7,87289.2,2024-08-13 20:00:00+00:00
1723593600000,97.69,98.08,96.15,96.55,83565.3,2024-08-14 00:00:00+00:00
1723608000000,96.54,98.92,96.44,98.35,91350.3,2024-08-14 04:00:00+00:00
1723622400000,98.34,104.62,98.11,103.76,286998.5,2024-08-14 08:00:00+00:00
1723636800000,103.78,106.1,99.75,104.98,544917.7,2024-08-14 12:00:00+00:00
1723651200000,104.99,105.73,103.57,104.7,375166.0,2024-08-14 16:00:00+00:00
1723665600000,104.69,106.72,103.91,105.94,269599.7,2024-08-14 20:00:00+00:00
1723680000000,105.94,107.25,104.6,106.23,429960.3,2024-08-15 00:00:00+00:00
1723694400000,106.25,106.8,104.45,105.72,443815.4,2024-08-15 04:00:00+00:00
1723708800000,105.71,109.02,104.12,107.82,487148.0,2024-08-15 08:00:00+00:00
1723723200000,107.81,111.33,106.18,110.99,793083.8,2024-08-15 12:00:00+00:00
1723737600000,110.98,112.0,106.18,107.51,735623.8,2024-08-15 16:00:00+00:00
1723752000000,107.51,108.84,105.52,107.74,399428.4,2024-08-15 20:00:00+00:00
1723766400000,107.75,109.65,106.52,108.29,329703.1,2024-08-16 00:00:00+00:00
1723780800000,108.28,111.5,107.61,111.03,374696.9,2024-08-16 04:00:00+00:00
1723795200000,111.03,111.42,108.29,108.57,255896.0,2024-08-16 08:00:00+00:00
1723809600000,108.56,112.92,105.8,106.05,824227.6,2024-08-16 12:00:00+00:00
1723824000000,106.03,114.54,105.65,113.49,691714.8,2024-08-16 16:00:00+00:00
1723838400000,113.49,114.82,111.25,112.59,334212.9,2024-08-16 20:00:00+00:00
1723852800000,112.6,114.72,111.45,114.01,248888.4,2024-08-17 00:00:00+00:00
1723867200000,114.01,114.39,112.88,114.08,132312.4,2024-08-17 04:00:00+00:00
1723881600000,114.08,116.66,110.0,110.36,409712.9,2024-08-17 08:00:00+00:00
1723896000000,110.36,112.24,109.4,110.52,301995.4,2024-08-17 12:00:00+00:00
1723910400000,110.51,111.72,109.48,111.53,216652.5,2024-08-17 16:00:00+00:00
1723924800000,111.54,111.92,110.48,110.84,145178.8,2024-08-17 20:00:00+00:00
1723939200000,110.84,113.06,110.52,111.06,184816.3,2024-08-18 00:00:00+00:00
1723953600000,111.05,113.33,110.59,111.52,199114.2,2024-08-18 04:00:00+00:00
1723968000000,111.51,113.12,109.93,110.72,265313.9,2024-08-18 08:00:00+00:00
1723982400000,110.72,111.39,109.26,110.72,202552.9,2024-08-18 12:00:00+00:00
1723996800000,110.72,111.44,110.0,111.35,116987.1,2024-08-18 16:00:00+00:00
1724011200000,111.35,112.62,110.73,111.31,136320.8,2024-08-18 20:00:00+00:00
1724025600000,111.3,112.5,110.63,112.04,225565.6,2024-08-19 00:00:00+00:00
1724040000000,112.04,114.76,111.81,112.86,250640.3,2024-08-19 04:00:00+00:00
1724054400000,112.86,113.26,109.26,110.68,305442.8,2024-08-19 08:00:00+00:00
1724068800000,110.67,111.02,107.5,109.61,269814.5,2024-08-19 12:00:00+00:00
1724083200000,109.6,122.49,109.6,117.83,967224.9,2024-08-19 16:00:00+00:00
1724097600000,117.8,119.78,117.27,118.03,299965.5,2024-08-19 20:00:00+00:00
1724112000000,118.04,126.43,117.51,126.15,499229.9,2024-08-20 00:00:00+00:00
1724126400000,126.15,129.88,125.26,129.69,539025.8,2024-08-20 04:00:00+00:00
1724140800000,129.7,129.79,127.54,127.95,364609.9,2024-08-20 08:00:00+00:00
1724155200000,127.94,128.75,123.65,124.71,542224.1,2024-08-20 12:00:00+00:00
1724169600000,124.71,125.82,123.08,124.39,277490.1,2024-08-20 16:00:00+00:00
1724184000000,124.39,132.2,124.35,128.8,477428.5,2024-08-20 20:00:00+00:00
1724198400000,128.79,133.0,127.66,131.88,507941.4,2024-08-21 00:00:00+00:00
1724212800000,131.88,142.29,131.16,137.78,710145.7,2024-08-21 04:00:00+00:00
1724227200000,137.78,139.4,135.14,138.89,415141.9,2024-08-21 08:00:00+00:00
1724241600000,138.89,139.39,133.59,137.22,598758.8,2024-08-21 12:00:00+00:00
1724256000000,137.2,143.65,135.74,141.62,558841.4,2024-08-21 16:00:00+00:00
1724270400000,141.62,142.24,138.61,140.08,245919.7,2024-08-21 20:00:00+00:00
1724284800000,140.07,141.89,136.65,138.99,359187.2,2024-08-22 00:00:00+00:00
1724299200000,138.99,139.56,136.99,137.52,182090.6,2024-08-22 04:00:00+00:00
1724313600000,137.51,138.32,133.17,134.21,370830.8,2024-08-22 08:00:00+00:00
1724328000000,134.21,136.57,133.96,134.84,274954.9,2024-08-22 12:00:00+00:00
1724342400000,134.82,136.3,134.18,135.65,145294.7,2024-08-22 16:00:00+00:00
1724356800000,135.66,136.98,135.18,135.73,101274.1,2024-08-22 20:00:00+00:00
1724371200000,135.73,136.13,132.01,132.5,177712.3,2024-08-23 00:00:00+00:00
1724385600000,132.49,135.96,132.03,134.52,202805.0,2024-08-23 04:00:00+00:00
1724400000000,134.53,134.87,132.5,133.54,150567.0,2024-08-23 08:00:00+00:00
1724414400000,133.55,139.64,133.55,135.75,600983.6,2024-08-23 12:00:00+00:00
1724428800000,135.74,140.83,135.17,138.99,283209.9,2024-08-23 16:00:00+00:00
1724443200000,139.01,148.89,138.39,143.25,554375.2,2024-08-23 20:00:00+00:00
1724457600000,143.25,143.37,138.74,138.8,177995.9,2024-08-24 00:00:00+00:00
1724472000000,138.8,140.74,137.01,137.68,168381.2,2024-08-24 04:00:00+00:00
1724486400000,137.67,139.56,137.0,137.49,167831.9,2024-08-24 08:00:00+00:00
1724500800000,137.49,139.22,137.08,137.27,153517.2,2024-08-24 12:00:00+00:00
1724515200000,137.27,139.62,136.75,138.88,178848.9,2024-08-24 16:00:00+00:00
1724529600000,138.88,139.55,135.18,136.99,198721.8,2024-08-24 20:00:00+00:00
1724544000000,136.99,137.54,134.45,136.53,168018.0,2024-08-25 00:00:00+00:00
1724558400000,136.54,137.86,133.5,134.57,166628.6,2024-08-25 04:00:00+00:00
1724572800000,134.57,135.35,134.02,134.61,69491.5,2024-08-25 08:00:00+00:00
1724587200000,134.61,138.51,134.44,136.8,132308.0,2024-08-25 12:00:00+00:00
1724601600000,136.8,139.82,135.87,137.89,154503.2,2024-08-25 16:00:00+00:00
1724616000000,137.89,138.75,135.16,135.41,93128.9,2024-08-25 20:00:00+00:00
1724630400000,135.41,136.76,134.1,134.42,108720.6,2024-08-26 00:00:00+00:00
1724644800000,134.43,135.54,132.58,132.91,133652.5,2024-08-26 04:00:00+00:00
1724659200000,132.92,133.08,130.56,132.03,178739.5,2024-08-26 08:00:00+00:00
1724673600000,132.03,132.62,130.51,131.79,147124.7,2024-08-26 12:00:00+00:00
1724688000000,131.78,133.79,128.8,129.03,243756.7,2024-08-26 16:00:00+00:00
1724702400000,129.03,130.13,127.8,128.63,124693.6,2024-08-26 20:00:00+00:00
1724716800000,128.63,130.13,128.3,128.49,123102.0,2024-08-27 00:00:00+00:00
1724731200000,128.5,130.3,128.2,128.7,91335.1,2024-08-27 04:00:00+00:00
1724745600000,128.7,131.66,126.35,127.15,254790.1,2024-08-27 08:00:00+00:00
1724760000000,127.14,127.58,123.53,123.69,222630.3,2024-08-27 12:00:00+00:00
1724774400000,123.69,124.36,122.45,122.87,148370.9,2024-08-27 16:00:00+00:00
1724788800000,122.86,122.95,117.05,119.9,331595.0,2024-08-27 20:00:00+00:00
1724803200000,119.9,123.0,118.21,122.34,213263.9,2024-08-28 00:00:00+00:00
1724817600000,122.34,122.56,120.72,120.78,125083.7,2024-08-28 04:00:00+00:00
1724832000000,120.77,128.9,120.15,127.47,299923.8,2024-08-28 08:00:00+00:00
1724846400000,127.46,127.81,122.75,124.05,270260.2,2024-08-28 12:00:00+00:00
1724860800000,124.03,125.8,121.26,124.25,289567.1,2024-08-28 16:00:00+00:00
1724875200000,124.25,127.09,124.05,125.45,181277.6,2024-08-28 20:00:00+00:00
1724889600000,125.44,125.54,122.24,122.66,147620.3,2024-08-29 00:00:00+00:00
1724904000000,122.66,124.68,122.05,122.47,122094.9,2024-08-29 04:00:00+00:00
1724918400000,122.47,124.21,121.56,123.32,105388.9,2024-08-29 08:00:00+00:00
1724932800000,123.33,127.55,123.18,127.12,180393.7,2024-08-29 12:00:00+00:00
1724947200000,127.12,128.23,122.95,124.51,215541.0,2024-08-29 16:00:00+00:00
1724961600000,124.52,125.17,121.7,123.18,103398.9,2024-08-29 20:00:00+00:00
1724976000000,123.18,123.29,120.6,121.69,128448.7,2024-08-30 00:00:00+00:00
1724990400000,121.68,123.8,121.01,123.44,103795.5,2024-08-30 04:00:00+00:00
1725004800000,123.44,125.74,122.62,124.91,109528.3,2024-08-30 08:00:00+00:00
1725019200000,124.93,127.44,118.41,118.66,361890.9,2024-08-30 12:00:00+00:00
1725033600000,118.65,127.01,118.25,126.85,243716.2,2024-08-30 16:00:00+00:00
1725048000000,126.86,131.85,126.8,131.12,244449.7,2024-08-30 20:00:00+00:00
1725062400000,131.12,132.41,129.54,130.57,158055.6,2024-08-31 00:00:00+00:00
1725076800000,130.58,133.33,130.36,132.51,141059.9,2024-08-31 04:00:00+00:00
1725091200000,132.52,134.0,130.57,131.59,246776.7,2024-08-31 08:00:00+00:00
1725105600000,131.58,132.43,129.31,129.75,144782.8,2024-08-31 12:00:00+00:00
1725120000000,129.76,130.97,128.79,129.34,158616.9,2024-08-31 16:00:00+00:00
1725134400000,129.33,130.66,127.91,129.6,111445.5,2024-08-31 20:00:00+00:00
1725148800000,129.59,130.0,126.81,127.33,118876.9,2024-09-01 00:00:00+00:00
1725163200000,127.34,128.04,125.54,126.11,124367.5,2024-09-01 04:00:00+00:00
1725177600000,126.1,127.88,125.34,126.69,119691.2,2024-09-01 08:00:00+00:00
1725192000000,126.68,126.98,122.39,124.37,262493.1,2024-09-01 12:00:00+00:00
1725206400000,124.37,125.44,121.94,123.97,170549.4,2024-09-01 16:00:00+00:00
1725220800000,123.97,125.39,120.09,120.57,240204.6,2024-09-01 20:00:00+00:00
1725235200000,120.56,121.72,119.0,120.84,157983.7,2024-09-02 00:00:00+00:00
1725249600000,120.83,121.25,117.68,117.95,132155.1,2024-09-02 04:00:00+00:00
1725264000000,117.95,124.46,117.91,121.82,237661.3,2024-09-02 08:00:00+00:00
1725278400000,121.83,124.02,120.15,122.69,165705.0,2024-09-02 12:00:00+00:00
1725292800000,122.7,131.52,122.41,129.4,456153.7,2024-09-02 16:00:00+00:00
1725307200000,129.4,135.26,128.68,134.82,284111.8,2024-09-02 20:00:00+00:00
1725321600000,134.84,135.25,131.88,132.84,177832.2,2024-09-03 00:00:00+00:00
1725336000000,132.84,133.55,131.13,132.35,112636.1,2024-09-03 04:00:00+00:00
1725350400000,132.34,132.41,130.5,131.99,121859.0,2024-09-03 08:00:00+00:00
1725364800000,131.98,132.68,120.87,121.2,564804.4,2024-09-03 12:00:00+00:00
1725379200000,121.2,123.33,120.75,121.6,234589.8,2024-09-03 16:00:00+00:00
1725393600000,121.6,130.38,118.6,118.72,821479.1,2024-09-03 20:00:00+00:00
1725408000000,118.74,123.71,116.0,121.29,583256.4,2024-09-04 00:00:00+00:00
1725422400000,121.31,130.78,119.35,130.52,562256.5,2024-09-04 04:00:00+00:00
1725436800000,130.52,136.8,128.45,129.93,873407.0,2024-09-04 08:00:00+00:00
1725451200000,129.93,135.32,127.8,134.62,926679.7,2024-09-04 12:00:00+00:00
1725465600000,134.61,138.83,134.0,135.86,650745.5,2024-09-04 16:00:00+00:00
1725480000000,135.87,137.97,134.89,135.14,254235.6,2024-09-04 20:00:00+00:00
1725494400000,135.13,137.19,130.38,130.53,451605.9,2024-09-05 00:00:00+00:00
1725508800000,130.52,133.84,130.37,132.25,370222.8,2024-09-05 04:00:00+00:00
1725523200000,132.24,133.1,130.27,132.86,296303.0,2024-09-05 08:00:00+00:00
1725537600000,132.85,133.49,129.39,130.86,369223.0,2024-09-05 12:00:00+00:00
1725552000000,130.88,131.76,128.42,128.85,231369.7,2024-09-05 16:00:00+00:00
1725566400000,128.84,129.98,127.34,128.81,162698.3,2024-09-05 20:00:00+00:00
1725580800000,128.82,130.66,127.62,128.7,240141.8,2024-09-06 00:00:00+00:00
1725595200000,128.69,128.99,124.82,126.59,475592.7,2024-09-06 04:00:00+00:00
1725609600000,126.59,127.15,125.14,126.43,205517.1,2024-09-06 08:00:00+00:00
1725624000000,126.41,128.14,122.42,123.73,592789.3,2024-09-06 12:00:00+00:00
1725638400000,123.73,124.0,121.04,122.32,341803.2,2024-09-06 16:00:00+00:00
1725652800000,122.32,127.05,119.47,126.78,402758.9,2024-09-06 20:00:00+00:00
1725667200000,126.77,127.44,124.03,126.65,194547.8,2024-09-07 00:00:00+00:00
1725681600000,126.65,128.28,125.68,126.32,182756.6,2024-09-07 04:00:00+00:00
1725696000000,126.32,129.15,125.29,129.08,212757.8,2024-09-07 08:00:00+00:00
1725710400000,129.07,130.74,127.62,128.02,227284.7,2024-09-07 12:00:00+00:00
1725724800000,128.02,128.88,127.04,127.15,148338.2,2024-09-07 16:00:00+00:00
1725739200000,127.15,127.42,124.0,125.05,193327.8,2024-09-07 20:00:00+00:00
1725753600000,125.05,127.4,124.15,125.87,140761.5,2024-09-08 00:00:00+00:00
1725768000000,125.87,126.77,124.53,125.24,114717.9,2024-09-08 04:00:00+00:00
1725782400000,125.24,126.99,124.72,125.58,131554.3,2024-09-08 08:00:00+00:00
1725796800000,125.58,126.78,123.56,123.84,177425.9,2024-09-08 12:00:00+00:00
1725811200000,123.83,125.97,123.09,124.51,140184.0,2024-09-08 16:00:00+00:00
1725825600000,124.51,127.32,123.95,125.84,153090.4,2024-09-08 20:00:00+00:00
1725840000000,125.84,127.66,123.99,127.04,215645.3,2024-09-09 00:00:00+00:00
1725854400000,127.04,134.35,125.52,133.59,359909.8,2024-09-09 04:00:00+00:00
1725868800000,133.58,137.0,133.53,134.39,477634.7,2024-09-09 08:00:00+00:00
1725883200000,134.4,137.87,134.05,136.94,487141.9,2024-09-09 12:00:00+00:00
1725897600000,136.94,142.24,136.77,141.2,489535.1,2024-09-09 16:00:00+00:00
1725912000000,141.21,142.05,139.26,139.93,229887.7,2024-09-09 20:00:00+00:00
1725926400000,139.93,140.15,137.19,137.26,190915.7,2024-09-10 00:00:00+00:00
1725940800000,137.26,138.17,136.12,137.18,179133.8,2024-09-10 04:00:00+00:00
1725955200000,137.18,140.12,136.32,139.02,230810.0,2024-09-10 08:00:00+00:00
1725969600000,139.04,143.54,138.13,140.72,355918.6,2024-09-10 12:00:00+00:00
1725984000000,140.72,152.9,140.05,151.34,911609.9,2024-09-10 16:00:00+00:00
1725998400000,151.34,152.15,148.96,150.49,278653.9,2024-09-10 20:00:00+00:00
1726012800000,150.49,152.76,147.76,152.59,493324.7,2024-09-11 00:00:00+00:00
1726027200000,152.59,159.0,148.53,153.99,1084939.6,2024-09-11 04:00:00+00:00
1726041600000,153.98,153.99,147.36,148.41,762810.1,2024-09-11 08:00:00+00:00
1726056000000,148.43,150.71,144.92,148.46,868429.0,2024-09-11 12:00:00+00:00
1726070400000,148.46,149.96,147.28,149.05,315428.4,2024-09-11 16:00:00+00:00
1726084800000,149.05,149.91,147.83,149.35,161507.0,2024-09-11 20:00:00+00:00
1726099200000,149.35,151.4,147.87,150.32,370263.0,2024-09-12 00:00:00+00:00
1726113600000,150.32,151.8,147.81,151.12,276686.5,2024-09-12 04:00:00+00:00
1726128000000,151.13,151.13,147.06,147.25,232657.8,2024-09-12 08:00:00+00:00
1726142400000,147.24,148.87,143.07,143.88,531539.9,2024-09-12 12:00:00+00:00
1726156800000,143.87,149.47,141.8,146.64,696535.5,2024-09-12 16:00:00+00:00
1726171200000,146.64,146.85,144.33,144.95,220875.1,2024-09-12 20:00:00+00:00
1726185600000,144.94,146.37,142.42,142.44,259377.0,2024-09-13 00:00:00+00:00
1726200000000,142.45,143.28,140.73,141.19,209621.3,2024-09-13 04:00:00+00:00
1726214400000,141.18,143.13,140.0,142.29,249755.9,2024-09-13 08:00:00+00:00
1726228800000,142.28,143.27,139.2,141.6,503919.2,2024-09-13 12:00:00+00:00
1726243200000,141.6,143.72,140.94,142.87,272612.1,2024-09-13 16:00:00+00:00
1726257600000,142.87,145.52,142.28,144.21,205554.4,2024-09-13 20:00:00+00:00
1726272000000,144.22,144.24,139.76,140.97,179609.0,2024-09-14 00:00:00+00:00
1726286400000,140.96,141.15,138.31,139.12,174591.7,2024-09-14 04:00:00+00:00
1726300800000,139.12,140.37,137.4,138.2,209924.1,2024-09-14 08:00:00+00:00
1726315200000,138.21,139.63,138.12,139.27,130373.2,2024-09-14 12:00:00+00:00
1726329600000,139.27,139.98,137.66,139.74,131284.2,2024-09-14 16:00:00+00:00
1726344000000,139.74,140.7,139.55,139.98,80522.3,2024-09-14 20:00:00+00:00
1726358400000,139.99,146.7,139.77,146.11,268104.3,2024-09-15 00:00:00+00:00
1726372800000,146.11,146.72,143.4,146.28,257756.8,2024-09-15 04:00:00+00:00
1726387200000,146.29,147.59,144.66,146.49,253099.9,2024-09-15 08:00:00+00:00
1726401600000,146.48,149.84,145.64,146.96,318209.1,2024-09-15 12:00:00+00:00
1726416000000,146.96,147.66,144.22,144.86,255941.1,2024-09-15 16:00:00+00:00
1726430400000,144.86,145.18,142.0,143.29,180665.1,2024-09-15 20:00:00+00:00
1726444800000,143.29,143.66,137.56,140.7,324493.2,2024-09-16 00:00:00+00:00
1726459200000,140.7,142.6,139.55,142.5,170997.8,2024-09-16 04:00:00+00:00
1726473600000,142.5,143.73,139.43,140.97,218014.5,2024-09-16 08:00:00+00:00
1726488000000,140.97,142.57,138.0,141.92,234177.4,2024-09-16 12:00:00+00:00
1726502400000,141.93,142.98,139.4,141.4,203335.9,2024-09-16 16:00:00+00:00
1726516800000,141.39,141.93,139.77,140.21,115268.3,2024-09-16 20:00:00+00:00
1726531200000,140.2,141.05,136.64,139.73,287302.4,2024-09-17 00:00:00+00:00
1726545600000,139.74,142.27,139.28,140.91,159506.7,2024-09-17 04:00:00+00:00
1726560000000,140.92,142.93,140.25,140.86,189453.5,2024-09-17 08:00:00+00:00
1726574400000,140.86,147.44,140.7,146.11,395653.0,2024-09-17 12:00:00+00:00
1726588800000,146.1,146.34,141.4,142.24,250226.3,2024-09-17 16:00:00+00:00
1726603200000,142.24,142.8,139.94,140.48,133269.7,2024-09-17 20:00:00+00:00
1726617600000,140.49,140.68,138.51,139.89,159014.7,2024-09-18 00:00:00+00:00
1726632000000,139.87,139.87,136.85,137.94,194330.9,2024-09-18 04:00:00+00:00
1726646400000,137.94,137.94,134.5,135.37,239963.7,2024-09-18 08:00:00+00:00
1726660800000,135.38,136.61,134.03,134.47,196061.2,2024-09-18 12:00:00+00:00
1726675200000,134.47,138.9,134.08,136.73,370290.1,2024-09-18 16:00:00+00:00
1726689600000,136.74,141.89,135.77,141.65,158227.3,2024-09-18 20:00:00+00:00
1726704000000,141.66,145.61,141.0,143.29,343488.9,2024-09-19 00:00:00+00:00
1726718400000,143.3,146.98,142.91,146.96,160741.0,2024-09-19 04:00:00+00:00
1726732800000,146.96,147.64,144.27,144.69,150274.5,2024-09-19 08:00:00+00:00
1726747200000,144.69,150.15,144.29,149.53,319916.3,2024-09-19 12:00:00+00:00
1726761600000,149.54,153.12,149.54,151.58,273069.4,2024-09-19 16:00:00+00:00
1726776000000,151.59,152.15,148.4,150.25,145842.4,2024-09-19 20:00:00+00:00
1726790400000,150.26,151.85,147.51,151.84,145305.5,2024-09-20 00:00:00+00:00
1726804800000,151.84,158.09,151.56,155.98,302911.3,2024-09-20 04:00:00+00:00
1726819200000,155.99,156.56,152.87,153.65,175803.6,2024-09-20 08:00:00+00:00
1726833600000,153.65,154.1,150.77,152.1,186116.5,2024-09-20 12:00:00+00:00
1726848000000,152.1,153.56,150.59,153.18,138372.5,2024-09-20 16:00:00+00:00
1726862400000,153.18,153.81,152.26,153.34,57940.7,2024-09-20 20:00:00+00:00
1726876800000,153.33,153.99,151.04,151.3,93912.4,2024-09-21 00:00:00+00:00
1726891200000,151.3,151.61,149.75,151.28,85802.3,2024-09-21 04:00:00+00:00
1726905600000,151.29,151.37,150.19,150.96,59764.5,2024-09-21 08:00:00+00:00
1726920000000,150.96,152.59,150.23,150.82,95282.6,2024-09-21 12:00:00+00:00
1726934400000,150.82,152.1,150.54,151.68,60799.8,2024-09-21 16:00:00+00:00
1726948800000,151.69,154.67,150.55,154.51,107143.0,2024-09-21 20:00:00+00:00
1726963200000,154.51,161.82,154.24,159.01,514789.1,2024-09-22 00:00:00+00:00
1726977600000,159.02,160.34,157.12,157.64,151211.4,2024-09-22 04:00:00+00:00
1726992000000,157.62,159.06,156.21,156.93,149172.4,2024-09-22 08:00:00+00:00
1727006400000,156.93,161.15,156.25,156.45,370428.9,2024-09-22 12:00:00+00:00
1727020800000,156.44,159.59,155.04,158.32,196318.4,2024-09-22 16:00:00+00:00
1727035200000,158.32,162.89,154.04,162.06,287590.9,2024-09-22 20:00:00+00:00
1727049600000,162.08,185.24,158.46,173.79,794240.9,2024-09-23 00:00:00+00:00
1727064000000,173.79,174.11,168.66,169.73,243383.4,2024-09-23 04:00:00+00:00
1727078400000,169.75,173.0,169.05,171.83,179526.2,2024-09-23 08:00:00+00:00
1727092800000,171.81,176.0,170.73,174.03,257580.8,2024-09-23 12:00:00+00:00
1727107200000,174.04,177.89,172.75,176.22,246893.9,2024-09-23 16:00:00+00:00
1727121600000,176.23,178.59,171.37,171.89,187538.3,2024-09-23 20:00:00+00:00
1727136000000,171.9,173.56,168.0,168.18,263392.8,2024-09-24 00:00:00+00:00
1727150400000,168.18,169.85,166.82,169.1,147079.8,2024-09-24 04:00:00+00:00
1727164800000,169.1,169.65,167.38,167.89,117012.4,2024-09-24 08:00:00+00:00
1727179200000,167.89,168.77,163.62,165.54,246834.7,2024-09-24 12:00:00+00:00
1727193600000,165.56,166.08,164.17,165.46,146680.5,2024-09-24 16:00:00+00:00
1727208000000,165.46,169.22,164.86,166.07,232522.0,2024-09-24 20:00:00+00:00
1727222400000,166.06,170.12,164.45,169.62,224448.8,2024-09-25 00:00:00+00:00
1727236800000,169.63,173.8,166.83,169.55,301593.8,2024-09-25 04:00:00+00:00
1727251200000,169.54,171.18,166.11,166.96,160370.2,2024-09-25 08:00:00+00:00
1727265600000,166.95,168.55,165.5,165.8,126646.9,2024-09-25 12:00:00+00:00
1727280000000,165.79,169.15,164.88,165.03,140476.0,2024-09-25 16:00:00+00:00
1727294400000,165.03,166.38,164.12,165.02,82414.5,2024-09-25 20:00:00+00:00
1727308800000,165.01,166.94,162.93,165.23,142628.6,2024-09-26 00:00:00+00:00
1727323200000,165.23,168.43,164.16,168.36,113639.8,2024-09-26 04:00:00+00:00
1727337600000,168.36,170.0,166.65,168.24,127027.2,2024-09-26 08:00:00+00:00
1727352000000,168.24,169.66,164.46,168.96,255181.0,2024-09-26 12:00:00+00:00
1727366400000,168.98,169.6,164.18,164.75,163964.6,2024-09-26 16:00:00+00:00
1727380800000,164.75,166.28,163.11,165.08,105732.5,2024-09-26 20:00:00+00:00
1727395200000,165.09,166.08,163.41,165.71,104957.7,2024-09-27 00:00:00+00:00
1727409600000,165.72,168.63,165.68,166.79,176352.5,2024-09-27 04:00:00+00:00
1727424000000,166.8,168.0,163.62,165.46,170805.2,2024-09-27 08:00:00+00:00
1727438400000,165.45,172.43,164.74,170.02,364019.0,2024-09-27 12:00:00+00:00
1727452800000,170.03,172.02,167.15,167.72,164803.7,2024-09-27 16:00:00+00:00
1727467200000,167.7,174.0,167.12,170.28,145718.7,2024-09-27 20:00:00+00:00
1727481600000,170.28,171.1,167.59,168.41,153524.7,2024-09-28 00:00:00+00:00
1727496000000,168.39,168.77,165.34,165.6,106941.1,2024-09-28 04:00:00+00:00
1727510400000,165.6,166.31,164.13,165.27,115287.0,2024-09-28 08:00:00+00:00
1727524800000,165.28,165.87,163.91,164.85,101321.6,2024-09-28 12:00:00+00:00
1727539200000,164.83,165.36,163.8,164.23,60316.0,2024-09-28 16:00:00+00:00
1727553600000,164.22,164.38,161.64,163.82,92870.0,2024-09-28 20:00:00+00:00
1727568000000,163.82,164.95,161.91,163.58,107459.2,2024-09-29 00:00:00+00:00
1727582400000,163.58,163.69,158.5,159.08,141953.3,2024-09-29 04:00:00+00:00
1727596800000,159.08,161.54,158.61,161.31,105249.3,2024-09-29 08:00:00+00:00
1727611200000,161.31,162.33,159.97,160.7,106169.9,2024-09-29 12:00:00+00:00
1727625600000,160.7,162.58,159.78,162.45,92246.8,2024-09-29 16:00:00+00:00
1727640000000,162.44,163.15,160.25,161.41,105630.4,2024-09-29 20:00:00+00:00
1727654400000,161.43,161.64,156.85,158.38,222236.6,2024-09-30 00:00:00+00:00
1727668800000,158.38,159.78,157.46,159.41,99062.5,2024-09-30 04:00:00+00:00
1727683200000,159.4,160.07,154.61,157.51,260377.4,2024-09-30 08:00:00+00:00
1727697600000,157.52,158.16,154.65,154.76,103716.8,2024-09-30 12:00:00+00:00
1727712000000,154.74,156.95,154.6,156.73,99641.1,2024-09-30 16:00:00+00:00
1727726400000,156.76,157.7,155.22,156.61,94142.6,2024-09-30 20:00:00+00:00
1727740800000,156.62,159.44,155.0,159.12,108054.3,2024-10-01 00:00:00+00:00
1727755200000,159.13,164.21,158.75,163.99,167718.7,2024-10-01 04:00:00+00:00
1727769600000,163.99,164.09,161.8,163.15,96916.3,2024-10-01 08:00:00+00:00
1727784000000,163.15,163.74,147.69,151.19,472823.7,2024-10-01 12:00:00+00:00
1727798400000,151.2,152.1,143.12,148.4,396073.7,2024-10-01 16:00:00+00:00
1727812800000,148.4,148.53,143.38,144.72,209468.6,2024-10-01 20:00:00+00:00
1727827200000,144.71,149.6,143.76,149.07,133999.5,2024-10-02 00:00:00+00:00
1727841600000,149.06,150.13,147.08,149.05,96003.7,2024-10-02 04:00:00+00:00
1727856000000,149.05,149.44,144.58,144.87,156660.9,2024-10-02 08:00:00+00:00
1727870400000,144.87,144.94,137.8,144.08,461924.7,2024-10-02 12:00:00+00:00
1727884800000,144.08,146.27,137.04,138.92,271663.1,2024-10-02 16:00:00+00:00
1727899200000,138.9,140.79,136.7,139.06,141889.2,2024-10-02 20:00:00+00:00
1727913600000,139.07,143.21,138.45,142.6,174456.7,2024-10-03 00:00:00+00:00
1727928000000,142.61,142.7,138.68,139.09,103720.0,2024-10-03 04:00:00+00:00
1727942400000,139.09,139.43,134.56,138.03,256654.7,2024-10-03 08:00:00+00:00
1727956800000,138.03,146.84,135.85,139.5,911705.4,2024-10-03 12:00:00+00:00
1727971200000,139.5,143.03,137.78,142.98,245886.0,2024-10-03 16:00:00+00:00
1727985600000,142.97,143.74,141.22,143.6,130170.4,2024-10-03 20:00:00+00:00
1728000000000,143.6,147.1,141.42,146.78,263982.0,2024-10-04 00:00:00+00:00
1728014400000,146.78,152.33,146.12,149.57,384889.6,2024-10-04 04:00:00+00:00
1728028800000,149.55,150.82,146.63,147.93,237612.2,2024-10-04 08:00:00+00:00
1728043200000,147.93,150.7,145.63,149.31,362490.2,2024-10-04 12:00:00+00:00
1728057600000,149.32,152.78,148.55,152.48,186515.8,2024-10-04 16:00:00+00:00
1728072000000,152.51,152.7,150.5,151.23,76669.8,2024-10-04 20:00:00+00:00
1728086400000,151.22,151.77,148.24,149.2,101192.5,2024-10-05 00:00:00+00:00
1728100800000,149.21,151.55,149.02,149.82,74524.1,2024-10-05 04:00:00+00:00
1728115200000,149.82,150.85,149.27,149.56,76168.0,2024-10-05 08:00:00+00:00
1728129600000,149.57,150.8,147.82,148.42,96612.5,2024-10-05 12:00:00+00:00
1728144000000,148.42,148.47,146.67,147.18,79334.1,2024-10-05 16:00:00+00:00
1728158400000,147.18,149.24,145.92,148.39,68105.7,2024-10-05 20:00:00+00:00
1728172800000,148.4,148.87,146.68,146.81,74052.6,2024-10-06 00:00:00+00:00
1728187200000,146.82,147.57,146.1,147.24,61155.0,2024-10-06 04:00:00+00:00
1728201600000,147.24,148.07,146.64,147.6,55844.7,2024-10-06 08:00:00+00:00
1728216000000,147.6,150.15,147.04,148.92,130435.6,2024-10-06 12:00:00+00:00
1728230400000,148.92,149.87,147.73,147.91,112224.6,2024-10-06 16:00:00+00:00
1728244800000,147.91,150.5,147.01,150.06,75027.3,2024-10-06 20:00:00+00:00
1728259200000,150.06,154.79,148.98,152.15,190823.9,2024-10-07 00:00:00+00:00
1728273600000,152.19,152.73,149.71,150.1,131487.5,2024-10-07 04:00:00+00:00
1728288000000,150.1,151.32,145.38,148.29,230450.4,2024-10-07 08:00:00+00:00
1728302400000,148.28,152.09,147.13,150.4,244239.8,2024-10-07 12:00:00+00:00
1728316800000,150.4,151.88,146.76,148.91,185117.9,2024-10-07 16:00:00+00:00
1728331200000,148.91,149.26,145.66,146.62,115041.5,2024-10-07 20:00:00+00:00
1728345600000,146.61,147.65,145.01,146.9,125488.4,2024-10-08 00:00:00+00:00
1728360000000,146.91,147.2,143.38,144.32,169829.6,2024-10-08 04:00:00+00:00
1728374400000,144.32,145.93,143.12,145.68,134661.5,2024-10-08 08:00:00+00:00
1728388800000,145.68,146.12,141.72,143.02,183167.3,2024-10-08 12:00:00+00:00
1728403200000,143.02,144.69,141.66,143.32,109617.9,2024-10-08 16:00:00+00:00
1728417600000,143.36,144.45,142.04,143.05,54535.0,2024-10-08 20:00:00+00:00
1728432000000,143.05,143.94,141.74,142.24,91387.1,2024-10-09 00:00:00+00:00
1728446400000,142.23,143.76,141.24,142.38,103087.3,2024-10-09 04:00:00+00:00
1728460800000,142.37,142.74,141.24,141.74,94114.6,2024-10-09 08:00:00+00:00
1728475200000,141.74,144.13,139.8,143.65,173941.4,2024-10-09 12:00:00+00:00
1728489600000,143.64,143.95,140.5,141.38,168446.4,2024-10-09 16:00:00+00:00
1728504000000,141.38,142.49,138.39,139.37,307884.6,2024-10-09 20:00:00+00:00
1728518400000,139.37,141.94,138.82,140.96,99594.2,2024-10-10 00:00:00+00:00
1728532800000,140.96,142.69,140.44,141.79,101171.7,2024-10-10 04:00:00+00:00
1728547200000,141.79,144.0,139.89,142.92,212750.1,2024-10-10 08:00:00+00:00
1728561600000,142.92,144.16,140.09,144.16,254557.3,2024-10-10 12:00:00+00:00
1728576000000,144.16,145.15,136.24,138.47,436279.7,2024-10-10 16:00:00+00:00
1728590400000,138.45,141.22,137.77,140.61,130022.1,2024-10-10 20:00:00+00:00
1728604800000,140.61,142.51,140.24,141.86,91482.3,2024-10-11 00:00:00+00:00
1728619200000,141.86,142.45,140.99,141.63,72278.6,2024-10-11 04:00:00+00:00
1728633600000,141.62,142.78,141.02,141.3,96109.3,2024-10-11 08:00:00+00:00
1728648000000,141.31,144.09,141.17,143.72,177504.7,2024-10-11 12:00:00+00:00
1728662400000,143.73,145.38,143.03,145.18,143491.4,2024-10-11 16:00:00+00:00
1728676800000,145.15,145.74,143.64,143.84,80637.1,2024-10-11 20:00:00+00:00
1728691200000,143.84,145.33,143.19,143.8,73425.1,2024-10-12 00:00:00+00:00
1728705600000,143.81,145.43,143.81,145.32,54025.2,2024-10-12 04:00:00+00:00
1728720000000,145.32,147.56,144.91,146.57,81458.3,2024-10-12 08:00:00+00:00
1728734400000,146.56,149.32,145.82,147.39,139157.1,2024-10-12 12:00:00+00:00
1728748800000,147.39,153.44,147.39,151.64,267340.9,2024-10-12 16:00:00+00:00
1728763200000,151.63,157.02,151.43,154.69,213098.7,2024-10-12 20:00:00+00:00
1728777600000,154.69,155.96,152.13,153.73,131729.0,2024-10-13 00:00:00+00:00
1728792000000,153.73,154.59,152.29,153.43,82712.1,2024-10-13 04:00:00+00:00
1728806400000,153.44,153.69,151.75,152.51,107839.4,2024-10-13 08:00:00+00:00
1728820800000,152.51,153.66,150.43,150.85,144741.5,2024-10-13 12:00:00+00:00
1728835200000,150.84,153.29,150.5,152.5,111036.2,2024-10-13 16:00:00+00:00
1728849600000,152.5,155.0,151.97,154.53,87124.1,2024-10-13 20:00:00+00:00
1728864000000,154.53,159.84,152.93,159.18,213582.5,2024-10-14 00:00:00+00:00
1728878400000,159.18,162.98,157.07,162.63,263896.6,2024-10-14 04:00:00+00:00
1728892800000,162.64,164.15,161.23,161.74,146883.6,2024-10-14 08:00:00+00:00
1728907200000,161.74,164.91,160.63,162.96,238099.6,2024-10-14 12:00:00+00:00
1728921600000,162.97,165.36,162.33,163.01,113970.6,2024-10-14 16:00:00+00:00
1728936000000,163.01,163.72,161.59,162.85,86680.2,2024-10-14 20:00:00+00:00
1728950400000,162.86,164.75,161.99,163.55,134540.1,2024-10-15 00:00:00+00:00
1728964800000,163.55,165.93,161.43,162.65,171401.3,2024-10-15 04:00:00+00:00
1728979200000,162.65,163.05,157.29,157.78,182753.2,2024-10-15 08:00:00+00:00
1728993600000,157.76,163.84,152.71,155.36,470797.0,2024-10-15 12:00:00+00:00
1729008000000,155.38,159.19,155.07,155.82,142020.0,2024-10-15 16:00:00+00:00
1729022400000,155.79,157.16,153.12,156.7,117683.1,2024-10-15 20:00:00+00:00
1729036800000,156.68,157.78,153.41,155.6,144315.1,2024-10-16 00:00:00+00:00
1729051200000,155.59,156.47,154.13,154.82,80326.1,2024-10-16 04:00:00+00:00
1729065600000,154.81,159.24,154.5,158.43,145011.5,2024-10-16 08:00:00+00:00
1729080000000,158.46,159.87,155.18,155.44,132898.9,2024-10-16 12:00:00+00:00
1729094400000,155.46,157.34,154.15,156.41,62368.7,2024-10-16 16:00:00+00:00
1729108800000,156.41,157.82,155.56,155.7,52903.8,2024-10-16 20:00:00+00:00
1729123200000,155.72,157.41,155.11,156.91,60706.5,2024-10-17 00:00:00+00:00
1729137600000,156.9,156.95,154.61,156.34,65699.3,2024-10-17 04:00:00+00:00
1729152000000,156.33,157.67,153.21,153.6,110016.6,2024-10-17 08:00:00+00:00
1729166400000,153.61,156.43,152.46,155.92,135613.5,2024-10-17 12:00:00+00:00
1729180800000,155.92,156.23,150.01,151.82,158173.1,2024-10-17 16:00:00+00:00
1729195200000,151.83,153.67,151.78,153.05,68012.0,2024-10-17 20:00:00+00:00
1729209600000,153.06,158.0,151.94,155.66,121610.8,2024-10-18 00:00:00+00:00
1729224000000,155.65,156.85,154.41,156.03,65518.0,2024-10-18 04:00:00+00:00
1729238400000,156.02,156.56,154.56,154.75,56455.1,2024-10-18 08:00:00+00:00
1729252800000,154.74,157.07,153.7,156.33,113340.3,2024-10-18 12:00:00+00:00
1729267200000,156.32,157.73,155.34,156.96,87907.0,2024-10-18 16:00:00+00:00
1729281600000,156.95,159.06,156.63,158.97,55198.0,2024-10-18 20:00:00+00:00
1729296000000,158.96,159.33,157.02,157.64,61123.8,2024-10-19 00:00:00+00:00
1729310400000,157.64,158.09,156.01,156.16,38886.6,2024-10-19 04:00:00+00:00
1729324800000,156.17,157.61,155.7,156.4,82455.2,2024-10-19 08:00:00+00:00
1729339200000,156.4,159.89,156.39,158.47,99403.7,2024-10-19 12:00:00+00:00
1729353600000,158.47,159.58,158.02,158.22,61214.7,2024-10-19 16:00:00+00:00
1729368000000,158.22,159.36,157.79,158.12,36769.1,2024-10-19 20:00:00+00:00
1729382400000,158.12,158.42,156.32,156.69,50016.6,2024-10-20 00:00:00+00:00
1729396800000,156.69,157.8,155.9,157.58,54539.8,2024-10-20 04:00:00+00:00
1729411200000,157.58,158.74,157.5,158.46,47048.1,2024-10-20 08:00:00+00:00
1729425600000,158.47,160.54,157.76,158.72,108647.4,2024-10-20 12:00:00+00:00
1729440000000,158.71,158.91,156.93,157.32,49097.8,2024-10-20 16:00:00+00:00
1729454400000,157.31,160.02,157.31,158.87,85346.6,2024-10-20 20:00:00+00:00
1729468800000,158.87,159.87,156.27,157.2,107107.7,2024-10-21 00:00:00+00:00
1729483200000,157.18,157.18,154.78,155.1,87379.6,2024-10-21 04:00:00+00:00
1729497600000,155.09,155.54,153.69,154.87,70054.2,2024-10-21 08:00:00+00:00
1729512000000,154.87,155.42,151.64,152.93,123745.2,2024-10-21 12:00:00+00:00
1729526400000,152.92,154.01,151.4,153.7,57695.2,2024-10-21 16:00:00+00:00
1729540800000,153.69,154.44,153.16,153.19,33072.6,2024-10-21 20:00:00+00:00
1729555200000,153.2,154.38,151.44,154.23,65881.9,2024-10-22 00:00:00+00:00
1729569600000,154.23,155.35,153.16,153.81,53736.4,2024-10-22 04:00:00+00:00
1729584000000,153.8,153.82,150.6,152.14,84887.3,2024-10-22 08:00:00+00:00
1729598400000,152.14,152.92,149.95,152.23,92401.2,2024-10-22 12:00:00+00:00
1729612800000,152.23,153.13,150.85,152.72,46599.7,2024-10-22 16:00:00+00:00
1729627200000,152.73,153.69,152.2,152.64,35949.0,2024-10-22 20:00:00+00:00
1729641600000,152.62,152.99,150.35,151.47,38077.1,2024-10-23 00:00:00+00:00
1729656000000,151.48,151.66,149.65,149.94,52585.0,2024-10-23 04:00:00+00:00
1729670400000,149.92,150.57,147.61,148.4,85717.5,2024-10-23 08:00:00+00:00
1729684800000,148.4,150.09,146.95,147.42,82083.3,2024-10-23 12:00:00+00:00
1729699200000,147.44,147.76,143.84,147.03,118183.4,2024-10-23 16:00:00+00:00
1729713600000,147.04,149.73,146.65,149.52,48198.8,2024-10-23 20:00:00+00:00
1729728000000,149.53,153.07,149.29,151.66,116682.2,2024-10-24 00:00:00+00:00
1729742400000,151.64,151.65,149.34,149.5,53099.5,2024-10-24 04:00:00+00:00
1729756800000,149.5,149.84,147.43,149.02,48325.8,2024-10-24 08:00:00+00:00
1729771200000,149.05,149.88,146.67,147.07,76581.7,2024-10-24 12:00:00+00:00
1729785600000,147.07,147.74,145.84,147.74,73718.2,2024-10-24 16:00:00+00:00
1729800000000,147.73,148.82,146.9,147.4,46311.5,2024-10-24 20:00:00+00:00
1729814400000,147.4,147.97,146.56,147.6,46700.8,2024-10-25 00:00:00+00:00
1729828800000,147.59,147.66,143.76,144.9,73431.6,2024-10-25 04:00:00+00:00
1729843200000,144.91,148.23,144.13,147.93,58022.8,2024-10-25 08:00:00+00:00
1729857600000,147.92,149.61,146.45,147.49,77187.8,2024-10-25 12:00:00+00:00
1729872000000,147.49,148.96,141.2,142.64,232866.5,2024-10-25 16:00:00+00:00
1729886400000,142.64,143.12,131.5,137.98,261774.6,2024-10-25 20:00:00+00:00
1729900800000,137.99,141.6,136.51,141.4,122730.0,2024-10-26 00:00:00+00:00
1729915200000,141.41,141.69,140.39,140.47,46397.1,2024-10-26 04:00:00+00:00
1729929600000,140.46,141.45,140.02,140.23,46628.2,2024-10-26 08:00:00+00:00
1729944000000,140.23,141.14,138.95,140.32,74954.7,2024-10-26 12:00:00+00:00
1729958400000,140.32,143.03,139.86,142.96,59315.5,2024-10-26 16:00:00+00:00
1729972800000,142.97,143.8,142.18,142.59,33481.1,2024-10-26 20:00:00+00:00
1729987200000,142.58,143.98,142.46,143.97,37090.0,2024-10-27 00:00:00+00:00
1730001600000,143.97,144.19,142.7,142.93,26660.8,2024-10-27 04:00:00+00:00
1730016000000,142.93,142.99,141.71,142.62,48749.2,2024-10-27 08:00:00+00:00
1730030400000,142.63,145.34,142.57,145.28,61837.2,2024-10-27 12:00:00+00:00
1730044800000,145.28,146.53,144.21,144.6,56274.3,2024-10-27 16:00:00+00:00
1730059200000,144.61,147.97,144.22,147.85,41935.6,2024-10-27 20:00:00+00:00
1730073600000,147.86,148.85,146.27,147.34,69234.8,2024-10-28 00:00:00+00:00
1730088000000,147.34,150.39,146.42,150.26,87282.6,2024-10-28 04:00:00+00:00
1730102400000,150.27,153.74,149.53,152.8,163184.2,2024-10-28 08:00:00+00:00
1730116800000,152.79,153.86,149.02,149.28,178617.6,2024-10-28 12:00:00+00:00
1730131200000,149.24,150.9,148.23,149.2,104139.4,2024-10-28 16:00:00+00:00
1730145600000,150.93,154.27,150.78,151.54,89723.6,2024-10-28 20:00:00+00:00
1730160000000,151.53,155.34,150.88,153.8,102678.0,2024-10-29 00:00:00+00:00
1730174400000,153.8,154.42,153.08,153.96,44458.0,2024-10-29 04:00:00+00:00
1730188800000,153.96,155.03,153.6,153.89,50110.3,2024-10-29 08:00:00+00:00
1730203200000,153.89,154.33,150.32,151.57,111979.4,2024-10-29 12:00:00+00:00
1730217600000,151.56,154.19,150.56,151.02,129825.2,2024-10-29 16:00:00+00:00
1730232000000,151.04,151.46,149.08,151.42,83217.1,2024-10-29 20:00:00+00:00
1730246400000,151.42,152.22,148.57,151.72,67541.9,2024-10-30 00:00:00+00:00
1730260800000,151.72,154.41,151.11,152.8,74598.5,2024-10-30 04:00:00+00:00
1730275200000,152.8,154.85,151.98,152.11,88068.6,2024-10-30 08:00:00+00:00
1730289600000,152.12,158.32,151.45,156.88,239611.1,2024-10-30 12:00:00+00:00
1730304000000,156.9,158.29,154.84,156.16,82552.1,2024-10-30 16:00:00+00:00
1730318400000,156.13,157.42,155.17,156.18,57370.0,2024-10-30 20:00:00+00:00
1730332800000,156.18,157.7,154.14,154.83,69297.3,2024-10-31 00:00:00+00:00
1730347200000,154.84,154.94,152.08,152.73,56367.4,2024-10-31 04:00:00+00:00
1730361600000,152.73,152.79,149.87,150.16,70115.4,2024-10-31 08:00:00+00:00
1730376000000,150.16,150.6,145.63,145.88,137417.2,2024-10-31 12:00:00+00:00
1730390400000,145.88,145.88,140.8,140.97,205255.9,2024-10-31 16:00:00+00:00
1730404800000,140.95,144.19,140.77,143.39,81743.2,2024-10-31 20:00:00+00:00
1730419200000,143.39,144.09,140.75,143.54,94884.8,2024-11-01 00:00:00+00:00
1730433600000,143.54,144.79,141.11,142.4,63226.7,2024-11-01 04:00:00+00:00
1730448000000,142.4,144.11,142.07,142.93,60003.2,2024-11-01 08:00:00+00:00
1730462400000,142.95,147.0,139.87,142.08,164576.1,2024-11-01 12:00:00+00:00
1730476800000,142.08,144.2,140.6,141.78,96017.0,2024-11-01 16:00:00+00:00
1730491200000,141.78,142.63,140.55,141.34,47200.1,2024-11-01 20:00:00+00:00
1730505600000,141.34,143.71,141.34,142.03,41879.6,2024-11-02 00:00:00+00:00
1730520000000,142.02,142.79,141.32,141.38,28973.5,2024-11-02 04:00:00+00:00
1730534400000,141.37,142.11,140.47,140.6,36105.6,2024-11-02 08:00:00+00:00
1730548800000,140.59,140.59,137.3,137.92,106025.0,2024-11-02 12:00:00+00:00
1730563200000,137.91,139.28,136.82,138.65,66284.8,2024-11-02 16:00:00+00:00
1730577600000,138.66,139.38,137.85,138.36,30385.2,2024-11-02 20:00:00+00:00
1730592000000,138.36,138.6,133.11,135.48,123381.7,2024-11-03 00:00:00+00:00
1730606400000,135.48,136.43,134.42,135.22,67210.6,2024-11-03 04:00:00+00:00
1730620800000,135.2,135.43,133.18,134.3,81611.8,2024-11-03 08:00:00+00:00
1730635200000,134.31,134.75,130.7,132.41,126542.5,2024-11-03 12:00:00+00:00
1730649600000,132.4,132.94,128.5,131.97,169632.5,2024-11-03 16:00:00+00:00
1730664000000,131.96,133.89,131.3,132.78,58413.8,2024-11-03 20:00:00+00:00
1730678400000,132.8,134.81,130.85,133.35,79732.1,2024-11-04 00:00:00+00:00
1730692800000,133.36,133.71,129.58,129.6,62758.0,2024-11-04 04:00:00+00:00
1730707200000,129.59,131.08,128.18,130.84,108082.4,2024-11-04 08:00:00+00:00
1730721600000,130.84,132.0,129.02,129.69,73934.2,2024-11-04 12:00:00+00:00
1730736000000,129.7,129.94,127.44,129.37,88090.4,2024-11-04 16:00:00+00:00
1730750400000,129.36,130.05,125.64,128.23,130914.9,2024-11-04 20:00:00+00:00
1730764800000,128.23,132.99,127.81,132.99,116482.7,2024-11-05 00:00:00+00:00
1730779200000,132.99,133.6,129.93,130.53,109146.6,2024-11-05 04:00:00+00:00
1730793600000,130.56,131.04,129.15,130.81,114858.1,2024-11-05 08:00:00+00:00
1730808000000,130.81,133.67,129.57,131.79,177869.3,2024-11-05 12:00:00+00:00
1730822400000,131.78,135.5,131.66,132.97,133961.0,2024-11-05 16:00:00+00:00
1730836800000,132.97,136.81,132.42,135.73,121649.5,2024-11-05 20:00:00+00:00
1730851200000,135.73,151.36,135.7,148.75,406238.2,2024-11-06 00:00:00+00:00
1730865600000,148.75,161.81,146.43,156.56,451312.6,2024-11-06 04:00:00+00:00
1730880000000,156.55,162.47,152.65,160.5,471645.1,2024-11-06 08:00:00+00:00
1730894400000,160.5,164.64,160.19,163.92,360837.5,2024-11-06 12:00:00+00:00
1730908800000,163.92,171.5,163.76,170.65,474107.3,2024-11-06 16:00:00+00:00
1730923200000,170.67,176.41,168.12,173.69,292993.3,2024-11-06 20:00:00+00:00
1730937600000,173.69,191.0,173.27,184.14,648481.8,2024-11-07 00:00:00+00:00
1730952000000,184.15,186.8,180.05,181.4,347874.3,2024-11-07 04:00:00+00:00
1730966400000,181.4,187.94,181.1,184.37,317378.0,2024-11-07 08:00:00+00:00
1730980800000,184.37,189.99,178.51,185.44,487253.5,2024-11-07 12:00:00+00:00
1730995200000,185.42,188.49,182.75,186.58,266218.7,2024-11-07 16:00:00+00:00
1731009600000,186.58,186.58,181.21,183.55,148147.9,2024-11-07 20:00:00+00:00
1731024000000,183.58,185.5,178.74,180.04,176737.3,2024-11-08 00:00:00+00:00
1731038400000,180.04,181.8,178.6,180.98,102625.4,2024-11-08 04:00:00+00:00
1731052800000,180.96,183.99,179.5,182.55,117111.5,2024-11-08 08:00:00+00:00
1731067200000,182.56,183.63,176.12,179.36,203083.1,2024-11-08 12:00:00+00:00
1731081600000,179.34,182.0,176.14,180.44,217110.9,2024-11-08 16:00:00+00:00
1731096000000,180.44,182.25,177.75,182.01,75892.3,2024-11-08 20:00:00+00:00
1731110400000,182.02,184.85,181.04,181.77,115794.8,2024-11-09 00:00:00+00:00
1731124800000,181.77,195.7,181.76,192.13,307298.8,2024-11-09 04:00:00+00:00
1731139200000,192.14,193.83,187.12,193.6,211128.8,2024-11-09 08:00:00+00:00
1731153600000,193.61,193.61,188.5,191.51,194204.2,2024-11-09 12:00:00+00:00
1731168000000,191.51,196.49,188.06,196.27,196979.1,2024-11-09 16:00:00+00:00
1731182400000,196.25,199.65,192.64,195.3,212508.2,2024-11-09 20:00:00+00:00
1731196800000,195.29,196.95,192.55,195.09,138832.5,2024-11-10 00:00:00+00:00
1731211200000,195.09,198.86,190.66,192.51,223218.1,2024-11-10 04:00:00+00:00
1731225600000,192.52,194.82,190.85,194.02,153384.2,2024-11-10 08:00:00+00:00
1731240000000,194.03,197.92,190.43,193.06,282871.2,2024-11-10 12:00:00+00:00
1731254400000,193.06,197.26,187.16,189.53,244888.7,2024-11-10 16:00:00+00:00
1731268800000,189.54,193.53,181.5,190.19,298762.4,2024-11-10 20:00:00+00:00
1731283200000,190.21,192.97,188.09,189.7,156656.7,2024-11-11 00:00:00+00:00
1731297600000,189.7,191.07,183.29,186.8,185583.8,2024-11-11 04:00:00+00:00
1731312000000,186.79,189.82,184.8,189.39,127743.8,2024-11-11 08:00:00+00:00
1731326400000,189.37,190.6,184.07,188.22,193422.6,2024-11-11 12:00:00+00:00
1731340800000,188.23,192.97,186.52,188.35,198403.3,2024-11-11 16:00:00+00:00
1731355200000,188.35,195.4,186.26,193.66,227866.2,2024-11-11 20:00:00+00:00
1731369600000,193.67,197.0,184.2,193.27,396100.4,2024-11-12 00:00:00+00:00
1731384000000,193.25,193.73,187.01,189.08,202581.1,2024-11-12 04:00:00+00:00
1731398400000,189.07,194.0,174.96,180.6,459294.1,2024-11-12 08:00:00+00:00
1731412800000,180.57,181.86,172.7,177.55,319678.5,2024-11-12 12:00:00+00:00
1731427200000,177.56,182.76,174.83,181.41,165348.8,2024-11-12 16:00:00+00:00
1731441600000,181.41,182.89,178.68,179.43,119438.9,2024-11-12 20:00:00+00:00
1731456000000,179.44,181.46,173.12,173.34,184605.5,2024-11-13 00:00:00+00:00
1731470400000,173.36,176.82,168.14,172.67,244450.9,2024-11-13 04:00:00+00:00
1731484800000,172.68,175.78,170.51,174.11,137375.0,2024-11-13 08:00:00+00:00
1731499200000,174.1,188.01,172.08,183.95,353088.5,2024-11-13 12:00:00+00:00
1731513600000,183.91,184.21,170.99,171.54,240600.6,2024-11-13 16:00:00+00:00
1731528000000,171.54,173.87,167.31,173.4,174944.6,2024-11-13 20:00:00+00:00
1731542400000,173.4,173.46,169.27,172.85,124397.7,2024-11-14 00:00:00+00:00
1731556800000,172.83,177.05,171.79,174.82,129761.0,2024-11-14 04:00:00+00:00
1731571200000,174.86,175.66,168.9,171.36,146423.2,2024-11-14 08:00:00+00:00
1731585600000,171.33,171.37,162.5,163.7,247688.5,2024-11-14 12:00:00+00:00
1731600000000,163.7,167.77,162.37,164.14,156667.8,2024-11-14 16:00:00+00:00
1731614400000,164.13,164.13,155.74,158.3,217420.7,2024-11-14 20:00:00+00:00
1731628800000,158.33,160.07,155.42,155.89,157061.2,2024-11-15 00:00:00+00:00
1731643200000,155.88,157.75,150.63,156.71,242477.6,2024-11-15 04:00:00+00:00
1731657600000,156.73,164.72,154.92,160.9,289962.0,2024-11-15 08:00:00+00:00
1731672000000,160.89,161.38,153.18,154.43,246943.8,2024-11-15 12:00:00+00:00
1731686400000,154.43,164.15,154.05,160.72,277847.3,2024-11-15 16:00:00+00:00
1731700800000,160.72,166.54,160.5,164.54,151012.4,2024-11-15 20:00:00+00:00
1731715200000,164.54,169.6,163.1,169.32,176167.5,2024-11-16 00:00:00+00:00
1731729600000,169.33,169.99,165.63,167.23,108575.2,2024-11-16 04:00:00+00:00
1731744000000,167.22,174.94,166.31,174.63,175436.8,2024-11-16 08:00:00+00:00
1731758400000,174.64,175.91,165.2,167.13,222612.6,2024-11-16 12:00:00+00:00
1731772800000,167.11,171.65,166.5,169.76,98602.0,2024-11-16 16:00:00+00:00
1731787200000,169.74,170.84,167.01,169.07,85265.7,2024-11-16 20:00:00+00:00
1731801600000,169.07,171.5,160.58,164.35,191158.8,2024-11-17 00:00:00+00:00
1731816000000,164.35,172.65,163.93,172.29,137911.8,2024-11-17 04:00:00+00:00
1731830400000,172.25,172.45,165.81,165.84,137539.4,2024-11-17 08:00:00+00:00
1731844800000,165.84,168.29,164.0,165.14,93513.7,2024-11-17 12:00:00+00:00
1731859200000,165.13,166.37,161.6,163.35,109222.6,2024-11-17 16:00:00+00:00
1731873600000,163.33,164.13,159.5,162.13,126448.2,2024-11-17 20:00:00+00:00
1731888000000,162.13,167.7,161.31,167.4,122643.6,2024-11-18 00:00:00+00:00
1731902400000,167.39,171.38,165.41,170.36,108347.8,2024-11-18 04:00:00+00:00
1731916800000,170.37,171.28,164.33,164.81,145312.1,2024-11-18 08:00:00+00:00
1731931200000,164.79,170.25,161.67,169.54,211357.8,2024-11-18 12:00:00+00:00
1731945600000,169.52,172.98,164.81,166.63,231354.2,2024-11-18 16:00:00+00:00
1731960000000,166.6,172.39,166.09,170.89,143621.7,2024-11-18 20:00:00+00:00
1731974400000,170.89,173.67,166.61,166.96,120170.3,2024-11-19 00:00:00+00:00
1731988800000,166.98,167.32,163.89,164.52,96956.3,2024-11-19 04:00:00+00:00
1732003200000,164.52,166.67,163.12,166.21,138593.3,2024-11-19 08:00:00+00:00
1732017600000,166.24,169.14,162.46,164.69,172391.3,2024-11-19 12:00:00+00:00
1732032000000,164.69,165.0,160.07,162.29,175411.8,2024-11-19 16:00:00+00:00
1732046400000,162.31,162.75,158.64,162.1,198311.1,2024-11-19 20:00:00+00:00
1732060800000,162.08,162.37,156.82,158.89,149716.2,2024-11-20 00:00:00+00:00
1732075200000,158.86,162.48,157.63,162.0,76635.7,2024-11-20 04:00:00+00:00
1732089600000,162.0,168.32,161.52,163.25,198394.1,2024-11-20 08:00:00+00:00
1732104000000,163.28,165.49,159.2,162.6,168910.8,2024-11-20 12:00:00+00:00
1732118400000,162.61,162.96,153.29,154.29,219696.1,2024-11-20 16:00:00+00:00
1732132800000,154.28,159.26,153.3,156.83,103789.5,2024-11-20 20:00:00+00:00
1732147200000,156.83,158.99,151.85,154.42,139942.6,2024-11-21 00:00:00+00:00
1732161600000,154.44,159.98,154.26,159.32,139826.9,2024-11-21 04:00:00+00:00
1732176000000,159.33,159.69,155.9,158.74,97675.9,2024-11-21 08:00:00+00:00
1732190400000,158.72,171.07,158.6,163.8,431793.8,2024-11-21 12:00:00+00:00
1732204800000,163.81,170.12,163.63,166.59,223916.6,2024-11-21 16:00:00+00:00
1732219200000,166.59,169.71,165.48,169.39,80349.6,2024-11-21 20:00:00+00:00
1732233600000,169.41,170.07,165.18,169.04,113302.8,2024-11-22 00:00:00+00:00
1732248000000,169.04,171.92,167.4,167.56,171482.2,2024-11-22 04:00:00+00:00
1732262400000,167.56,169.24,164.4,167.83,124736.4,2024-11-22 08:00:00+00:00
1732276800000,167.82,170.09,162.14,166.53,260105.6,2024-11-22 12:00:00+00:00
1732291200000,166.51,166.59,161.37,163.04,127337.3,2024-11-22 16:00:00+00:00
1732305600000,163.03,173.69,162.4,173.68,134184.4,2024-11-22 20:00:00+00:00
1732320000000,173.68,175.57,170.02,174.72,268988.5,2024-11-23 00:00:00+00:00
1732334400000,174.73,179.14,172.8,177.96,194711.7,2024-11-23 04:00:00+00:00
1732348800000,177.97,182.36,175.12,176.11,161324.9,2024-11-23 08:00:00+00:00
1732363200000,176.11,184.45,175.03,181.68,252020.5,2024-11-23 12:00:00+00:00
1732377600000,181.66,182.87,173.01,174.43,299012.3,2024-11-23 16:00:00+00:00
1732392000000,174.44,176.4,170.28,174.52,164716.4,2024-11-23 20:00:00+00:00
1732406400000,174.51,181.3,174.0,180.94,156023.8,2024-11-24 00:00:00+00:00
1732420800000,180.94,183.8,177.91,181.31,172532.5,2024-11-24 04:00:00+00:00
1732435200000,181.31,182.0,167.29,167.66,316916.1,2024-11-24 08:00:00+00:00
1732449600000,167.66,169.35,160.0,163.57,342645.5,2024-11-24 12:00:00+00:00
1732464000000,163.6,168.17,162.6,166.73,133831.2,2024-11-24 16:00:00+00:00
1732478400000,166.72,172.19,166.22,171.29,128363.0,2024-11-24 20:00:00+00:00
1732492800000,171.27,171.84,166.0,169.65,165621.7,2024-11-25 00:00:00+00:00
1732507200000,169.64,176.75,169.0,175.13,144083.0,2024-11-25 04:00:00+00:00
1732521600000,175.13,185.91,175.03,181.48,331785.6,2024-11-25 08:00:00+00:00
1732536000000,181.47,187.69,174.12,186.74,495103.8,2024-11-25 12:00:00+00:00
1732550400000,186.75,190.09,177.65,182.68,374587.9,2024-11-25 16:00:00+00:00
1732564800000,182.63,186.7,176.67,181.54,298652.8,2024-11-25 20:00:00+00:00
1732579200000,181.55,184.46,179.58,180.29,187865.4,2024-11-26 00:00:00+00:00
1732593600000,180.28,181.73,173.93,175.27,162832.9,2024-11-26 04:00:00+00:00
1732608000000,175.26,175.91,165.55,169.26,387733.7,2024-11-26 08:00:00+00:00
1732622400000,169.25,176.14,167.82,171.72,280437.7,2024-11-26 12:00:00+00:00
1732636800000,171.73,175.06,169.27,171.84,205530.6,2024-11-26 16:00:00+00:00
1732651200000,171.82,182.06,171.4,181.75,220383.6,2024-11-26 20:00:00+00:00
1732665600000,181.75,190.97,180.72,187.49,352170.7,2024-11-27 00:00:00+00:00
1732680000000,187.48,196.67,187.16,192.27,427753.9,2024-11-27 04:00:00+00:00
1732694400000,192.25,194.18,187.93,193.57,244973.6,2024-11-27 08:00:00+00:00
1732708800000,193.57,207.17,190.59,202.94,477192.7,2024-11-27 12:00:00+00:00
1732723200000,202.98,206.03,198.79,200.85,256007.9,2024-11-27 16:00:00+00:00
1732737600000,200.86,211.0,199.85,210.66,342754.6,2024-11-27 20:00:00+00:00
1732752000000,210.66,211.52,201.94,203.73,224969.5,2024-11-28 00:00:00+00:00
1732766400000,203.73,206.15,201.36,202.0,100866.3,2024-11-28 04:00:00+00:00
1732780800000,201.99,207.21,201.01,205.13,136584.2,2024-11-28 08:00:00+00:00
1732795200000,205.13,207.98,198.91,199.16,216208.6,2024-11-28 12:00:00+00:00
1732809600000,199.16,203.5,197.7,202.09,121967.4,2024-11-28 16:00:00+00:00
1732824000000,202.08,203.68,200.02,200.3,81826.3,2024-11-28 20:00:00+00:00
1732838400000,200.31,202.53,198.0,198.86,112533.0,2024-11-29 00:00:00+00:00
1732852800000,198.87,200.74,194.88,196.33,124941.9,2024-11-29 04:00:00+00:00
1732867200000,196.37,200.9,196.33,200.83,99225.9,2024-11-29 08:00:00+00:00
1732881600000,200.88,202.38,198.08,198.36,147688.6,2024-11-29 12:00:00+00:00
1732896000000,198.36,200.56,196.81,199.15,92586.3,2024-11-29 16:00:00+00:00
1732910400000,199.15,200.71,198.8,199.12,62985.8,2024-11-29 20:00:00+00:00
1732924800000,199.12,204.53,197.71,203.46,181590.9,2024-11-30 00:00:00+00:00
1732939200000,203.46,206.88,199.58,204.16,189878.1,2024-11-30 04:00:00+00:00
1732953600000,204.19,207.05,201.1,204.86,190281.0,2024-11-30 08:00:00+00:00
1732968000000,204.87,210.23,204.7,205.07,183578.5,2024-11-30 12:00:00+00:00
1732982400000,205.07,209.52,202.61,209.11,119599.9,2024-11-30 16:00:00+00:00
1732996800000,209.11,212.99,207.71,211.99,144458.1,2024-11-30 20:00:00+00:00
1733011200000,212.0,214.93,206.12,211.73,199521.1,2024-12-01 00:00:00+00:00
1733025600000,211.72,211.73,204.59,204.8,122758.5,2024-12-01 04:00:00+00:00
1733040000000,204.82,208.39,203.09,205.9,150594.0,2024-12-01 08:00:00+00:00
1733054400000,205.9,209.3,203.37,207.44,116607.5,2024-12-01 12:00:00+00:00
1733068800000,207.5,208.36,204.77,205.83,94691.5,2024-12-01 16:00:00+00:00
1733083200000,205.81,210.72,202.74,209.41,107459.6,2024-12-01 20:00:00+00:00
1733097600000,209.44,217.59,208.98,210.1,218947.6,2024-12-02 00:00:00+00:00
1733112000000,210.09,216.96,205.47,214.9,256158.0,2024-12-02 04:00:00+00:00
1733126400000,214.91,225.0,204.0,221.84,643790.9,2024-12-02 08:00:00+00:00
1733140800000,221.82,237.93,218.77,235.85,691381.2,2024-12-02 12:00:00+00:00
1733155200000,235.88,236.69,223.7,234.4,353971.4,2024-12-02 16:00:00+00:00
1733169600000,234.39,241.66,230.63,235.63,265780.4,2024-12-02 20:00:00+00:00
1733184000000,235.63,235.94,227.25,227.37,202303.6,2024-12-03 00:00:00+00:00
1733198400000,227.37,239.06,226.57,233.03,283337.6,2024-12-03 04:00:00+00:00
1733212800000,233.05,240.1,230.65,239.97,212461.7,2024-12-03 08:00:00+00:00
1733227200000,239.95,248.23,221.84,242.55,789225.2,2024-12-03 12:00:00+00:00
1733241600000,242.5,249.68,234.82,236.15,318943.0,2024-12-03 16:00:00+00:00
1733256000000,236.14,243.9,234.26,240.58,193996.7,2024-12-03 20:00:00+00:00
1733270400000,240.6,247.17,236.21,240.69,262507.7,2024-12-04 00:00:00+00:00
1733284800000,240.67,249.71,239.73,248.86,164164.5,2024-12-04 04:00:00+00:00
1733299200000,248.86,256.22,246.04,252.31,229239.8,2024-12-04 08:00:00+00:00
1733313600000,252.28,265.0,245.58,260.83,432536.0,2024-12-04 12:00:00+00:00
1733328000000,260.84,271.47,249.73,270.8,435151.7,2024-12-04 16:00:00+00:00
1733342400000,270.81,273.75,252.5,256.5,276698.0,2024-12-04 20:00:00+00:00
1733356800000,256.52,257.16,242.63,246.58,304938.0,2024-12-05 00:00:00+00:00
1733371200000,246.57,252.03,241.67,250.23,174305.1,2024-12-05 04:00:00+00:00
1733385600000,250.23,259.87,249.51,259.44,174677.1,2024-12-05 08:00:00+00:00
1733400000000,259.43,267.24,254.48,255.44,289885.7,2024-12-05 12:00:00+00:00
1733414400000,255.47,262.25,249.24,250.48,171405.2,2024-12-05 16:00:00+00:00
1733428800000,250.46,252.72,240.58,247.86,259759.5,2024-12-05 20:00:00+00:00
1733443200000,247.87,263.7,246.69,262.53,209344.8,2024-12-06 00:00:00+00:00
1733457600000,262.49,262.49,255.69,256.56,102976.1,2024-12-06 04:00:00+00:00
1733472000000,256.58,261.25,252.12,260.44,154619.5,2024-12-06 08:00:00+00:00
1733486400000,260.44,277.5,257.08,269.33,428732.2,2024-12-06 12:00:00+00:00
1733500800000,269.32,288.42,267.73,287.46,337311.0,2024-12-06 16:00:00+00:00
1733515200000,287.45,291.39,279.7,281.95,192032.7,2024-12-06 20:00:00+00:00
1733529600000,281.94,288.46,279.23,288.18,129433.6,2024-12-07 00:00:00+00:00
1733544000000,288.17,297.61,285.57,285.78,236204.8,2024-12-07 04:00:00+00:00
1733558400000,285.82,288.41,280.16,282.44,148025.1,2024-12-07 08:00:00+00:00
1733572800000,282.43,285.89,280.27,284.24,114275.8,2024-12-07 12:00:00+00:00
1733587200000,284.3,284.69,278.32,280.77,101297.7,2024-12-07 16:00:00+00:00
1733601600000,280.78,283.99,278.75,282.46,90740.9,2024-12-07 20:00:00+00:00
1733616000000,282.45,285.4,279.2,279.83,80449.4,2024-12-08 00:00:00+00:00
1733630400000,279.82,280.35,276.21,279.94,107275.8,2024-12-08 04:00:00+00:00
1733644800000,279.94,283.25,274.01,282.44,151557.0,2024-12-08 08:00:00+00:00
1733659200000,282.47,285.4,276.2,279.49,127792.1,2024-12-08 12:00:00+00:00
1733673600000,279.51,281.66,275.6,277.4,73143.0,2024-12-08 16:00:00+00:00
1733688000000,277.43,284.94,275.89,282.99,76470.1,2024-12-08 20:00:00+00:00
1733702400000,282.99,284.38,271.81,275.47,159262.0,2024-12-09 00:00:00+00:00
1733716800000,275.47,276.9,266.01,271.3,129071.0,2024-12-09 04:00:00+00:00
1733731200000,271.32,271.53,260.68,262.69,197011.7,2024-12-09 08:00:00+00:00
1733745600000,262.69,280.6,260.83,272.01,245741.3,2024-12-09 12:00:00+00:00
1733760000000,272.0,275.48,266.76,267.0,159492.7,2024-12-09 16:00:00+00:00
1733774400000,267.01,268.2,220.0,260.53,807431.6,2024-12-09 20:00:00+00:00
1733788800000,260.52,269.79,247.56,255.87,341122.4,2024-12-10 00:00:00+00:00
1733803200000,255.88,273.56,249.73,270.39,251259.3,2024-12-10 04:00:00+00:00
1733817600000,270.38,288.04,265.29,285.76,349103.4,2024-12-10 08:00:00+00:00
1733832000000,285.77,287.18,259.63,260.7,637854.5,2024-12-10 12:00:00+00:00
1733846400000,260.74,270.81,250.86,266.7,599866.1,2024-12-10 16:00:00+00:00
1733860800000,266.68,276.76,264.41,276.47,261867.0,2024-12-10 20:00:00+00:00
1733875200000,276.47,277.0,259.56,269.04,260744.4,2024-12-11 00:00:00+00:00
1733889600000,269.12,275.23,264.55,268.04,163250.7,2024-12-11 04:00:00+00:00
1733904000000,268.05,281.67,267.73,279.93,193885.3,2024-12-11 08:00:00+00:00
1733918400000,279.92,294.51,275.56,290.84,315875.0,2024-12-11 12:00:00+00:00
1733932800000,290.88,293.89,282.68,288.84,177472.3,2024-12-11 16:00:00+00:00
1733947200000,288.84,307.47,288.83,302.76,257445.1,2024-12-11 20:00:00+00:00
1733961600000,302.76,345.05,294.65,344.69,554938.0,2024-12-12 00:00:00+00:00
1733976000000,344.66,359.55,340.91,354.31,750544.1,2024-12-12 04:00:00+00:00
1733990400000,354.33,369.27,348.01,364.27,691599.8,2024-12-12 08:00:00+00:00
1734004800000,364.29,388.58,362.29,370.18,1168019.9,2024-12-12 12:00:00+00:00
1734019200000,370.18,372.41,358.11,358.52,594615.9,2024-12-12 16:00:00+00:00
1734033600000,358.51,369.72,358.08,367.14,397523.8,2024-12-12 20:00:00+00:00
1734048000000,367.13,384.8,360.15,380.36,684819.6,2024-12-13 00:00:00+00:00
1734062400000,380.35,390.88,366.25,367.23,606970.9,2024-12-13 04:00:00+00:00
1734076800000,367.21,378.66,363.61,371.02,427845.7,2024-12-13 08:00:00+00:00
1734091200000,371.01,374.66,358.34,361.55,379672.0,2024-12-13 12:00:00+00:00
1734105600000,361.54,362.85,352.98,361.04,337218.8,2024-12-13 16:00:00+00:00
1734120000000,361.04,379.18,359.72,377.55,284772.4,2024-12-13 20:00:00+00:00
1734134400000,377.57,396.23,377.26,378.47,512023.6,2024-12-14 00:00:00+00:00
1734148800000,378.43,385.5,375.62,383.79,204243.8,2024-12-14 04:00:00+00:00
1734163200000,383.78,391.88,379.82,380.97,325865.9,2024-12-14 08:00:00+00:00
1734177600000,380.96,382.47,360.12,373.98,554473.3,2024-12-14 12:00:00+00:00
1734192000000,373.94,374.85,363.0,369.82,268716.3,2024-12-14 16:00:00+00:00
1734206400000,369.84,371.98,364.0,365.56,141243.9,2024-12-14 20:00:00+00:00
1734220800000,365.56,381.4,361.84,371.44,319367.0,2024-12-15 00:00:00+00:00
1734235200000,371.44,377.8,361.55,364.54,202684.3,2024-12-15 04:00:00+00:00
1734249600000,364.55,366.5,359.0,359.2,194080.1,2024-12-15 08:00:00+00:00
1734264000000,359.26,375.0,354.9,371.44,351068.2,2024-12-15 12:00:00+00:00
1734278400000,371.42,379.62,362.65,366.88,280034.2,2024-12-15 16:00:00+00:00
1734292800000,366.88,374.38,357.71,368.47,275588.3,2024-12-15 20:00:00+00:00
1734307200000,368.46,378.93,362.87,364.13,371273.3,2024-12-16 00:00:00+00:00
1734321600000,364.12,384.89,361.58,384.23,363150.5,2024-12-16 04:00:00+00:00
1734336000000,384.31,395.81,375.65,382.37,560528.3,2024-12-16 08:00:00+00:00
1734350400000,382.41,391.76,372.62,384.14,625638.1,2024-12-16 12:00:00+00:00
1734364800000,384.13,398.82,373.68,393.89,499850.2,2024-12-16 16:00:00+00:00
1734379200000,393.86,399.95,377.91,379.1,381158.9,2024-12-16 20:00:00+00:00
1734393600000,379.09,387.32,371.23,383.4,337319.1,2024-12-17 00:00:00+00:00
1734408000000,383.41,383.5,371.0,372.66,209738.9,2024-12-17 04:00:00+00:00
1734422400000,372.66,376.37,370.03,371.08,187204.1,2024-12-17 08:00:00+00:00
1734436800000,371.07,374.5,360.0,363.47,313355.7,2024-12-17 12:00:00+00:00
1734451200000,363.49,367.41,360.27,361.35,156065.1,2024-12-17 16:00:00+00:00
1734465600000,361.36,371.42,356.53,361.24,256658.8,2024-12-17 20:00:00+00:00
1734480000000,361.26,371.59,356.0,364.58,284506.5,2024-12-18 00:00:00+00:00
1734494400000,364.6,374.89,361.85,370.78,293174.8,2024-12-18 04:00:00+00:00
1734508800000,370.77,380.22,366.31,377.83,277472.2,2024-12-18 08:00:00+00:00
1734523200000,377.84,380.33,362.75,365.07,337429.7,2024-12-18 12:00:00+00:00
1734537600000,365.07,376.73,357.0,357.18,374466.2,2024-12-18 16:00:00+00:00
1734552000000,357.16,363.08,333.32,339.53,687866.7,2024-12-18 20:00:00+00:00
1734566400000,339.53,345.12,321.49,336.46,599752.9,2024-12-19 00:00:00+00:00
1734580800000,336.45,346.98,334.24,344.21,237729.7,2024-12-19 04:00:00+00:00
1734595200000,344.21,350.5,335.65,349.4,204586.1,2024-12-19 08:00:00+00:00
1734609600000,349.4,349.4,321.0,325.4,418119.0,2024-12-19 12:00:00+00:00
1734624000000,325.4,327.78,301.65,305.49,707710.6,2024-12-19 16:00:00+00:00
1734638400000,305.49,324.72,298.83,314.83,430723.5,2024-12-19 20:00:00+00:00
1734652800000,314.84,323.8,310.32,314.98,249347.7,2024-12-20 00:00:00+00:00
1734667200000,314.95,318.05,297.06,308.36,310708.5,2024-12-20 04:00:00+00:00
1734681600000,308.35,308.73,271.44,271.96,727988.9,2024-12-20 08:00:00+00:00
1734696000000,271.98,307.82,271.42,303.99,594646.0,2024-12-20 12:00:00+00:00
1734710400000,303.99,340.79,302.04,336.1,422395.0,2024-12-20 16:00:00+00:00
1734724800000,336.11,336.56,320.56,329.2,286890.5,2024-12-20 20:00:00+00:00
1734739200000,329.21,336.4,321.84,329.68,201010.1,2024-12-21 00:00:00+00:00
1734753600000,329.68,343.89,327.32,336.71,215307.8,2024-12-21 04:00:00+00:00
1734768000000,336.72,338.68,318.92,321.48,226954.1,2024-12-21 08:00:00+00:00
1734782400000,321.47,321.47,301.72,309.18,351053.6,2024-12-21 12:00:00+00:00
1734796800000,309.18,310.15,297.58,301.18,244588.6,2024-12-21 16:00:00+00:00
1734811200000,301.18,303.87,294.47,299.0,180858.3,2024-12-21 20:00:00+00:00
1734825600000,299.0,303.67,293.63,298.58,183208.4,2024-12-22 00:00:00+00:00
1734840000000,298.56,299.9,290.85,297.11,144990.8,2024-12-22 04:00:00+00:00
1734854400000,297.1,310.84,296.95,306.88,191493.9,2024-12-22 08:00:00+00:00
1734868800000,306.89,312.38,294.5,301.51,254079.6,2024-12-22 12:00:00+00:00
1734883200000,301.53,312.86,298.89,301.61,215105.3,2024-12-22 16:00:00+00:00
1734897600000,301.62,323.65,297.95,318.88,342194.7,2024-12-22 20:00:00+00:00
1734912000000,318.88,330.88,308.7,328.92,383389.1,2024-12-23 00:00:00+00:00
1734926400000,328.92,335.15,318.56,327.28,302632.3,2024-12-23 04:00:00+00:00
1734940800000,327.28,342.47,326.18,336.93,339111.8,2024-12-23 08:00:00+00:00
1734955200000,336.92,341.83,328.2,333.53,370620.5,2024-12-23 12:00:00+00:00
1734969600000,333.52,360.86,332.0,357.58,610434.0,2024-12-23 16:00:00+00:00
1734984000000,357.61,388.94,356.14,383.43,545088.3,2024-12-23 20:00:00+00:00
1734998400000,383.43,390.06,371.2,381.48,369145.7,2024-12-24 00:00:00+00:00
1735012800000,381.49,384.64,375.25,375.93,213763.0,2024-12-24 04:00:00+00:00
1735027200000,375.95,377.83,365.05,374.07,249676.5,2024-12-24 08:00:00+00:00
1735041600000,374.06,381.17,372.82,375.32,286294.7,2024-12-24 12:00:00+00:00
1735056000000,375.31,380.58,373.68,377.48,193915.7,2024-12-24 16:00:00+00:00
1735070400000,377.49,379.2,371.86,374.94,116354.9,2024-12-24 20:00:00+00:00
1735084800000,374.96,376.97,364.38,369.31,186194.0,2024-12-25 00:00:00+00:00
1735099200000,369.34,384.99,367.67,380.64,210213.7,2024-12-25 04:00:00+00:00
1735113600000,380.64,385.98,371.55,371.93,215118.3,2024-12-25 08:00:00+00:00
1735128000000,371.94,376.35,367.67,368.71,135494.7,2024-12-25 12:00:00+00:00
1735142400000,368.71,373.21,365.0,371.85,105333.2,2024-12-25 16:00:00+00:00
1735156800000,371.86,372.26,366.01,369.87,75414.3,2024-12-25 20:00:00+00:00
1735171200000,369.87,371.76,356.57,357.05,164314.7,2024-12-26 00:00:00+00:00
1735185600000,357.03,357.03,347.32,347.87,160979.5,2024-12-26 04:00:00+00:00
1735200000000,347.87,348.99,337.29,340.56,252562.1,2024-12-26 08:00:00+00:00
1735214400000,340.57,341.21,335.06,336.44,147592.6,2024-12-26 12:00:00+00:00
1735228800000,336.43,339.29,332.27,336.05,103811.6,2024-12-26 16:00:00+00:00
1735243200000,336.03,341.59,330.31,337.56,131822.4,2024-12-26 20:00:00+00:00
1735257600000,337.58,350.48,334.36,342.89,216651.6,2024-12-27 00:00:00+00:00
1735272000000,342.9,346.43,332.68,335.66,146142.5,2024-12-27 04:00:00+00:00
1735286400000,335.66,352.0,335.6,342.86,221417.2,2024-12-27 08:00:00+00:00
1735300800000,342.85,343.14,320.85,325.67,270307.7,2024-12-27 12:00:00+00:00
1735315200000,325.66,330.4,320.27,326.79,198194.8,2024-12-27 16:00:00+00:00
1735329600000,326.8,326.9,321.64,323.84,85662.2,2024-12-27 20:00:00+00:00
1735344000000,323.84,328.31,321.12,323.99,103147.7,2024-12-28 00:00:00+00:00
1735358400000,324.04,325.26,319.05,324.65,68129.7,2024-12-28 04:00:00+00:00
1735372800000,324.66,330.98,322.06,330.53,96813.2,2024-12-28 08:00:00+00:00
1735387200000,330.54,339.66,329.49,331.12,223381.7,2024-12-28 12:00:00+00:00
1735401600000,331.12,344.55,330.62,343.07,128057.9,2024-12-28 16:00:00+00:00
1735416000000,343.07,362.19,343.06,354.38,221938.9,2024-12-28 20:00:00+00:00
1735430400000,354.39,355.74,342.01,343.27,151094.1,2024-12-29 00:00:00+00:00
1735444800000,343.25,347.35,336.91,340.55,124437.3,2024-12-29 04:00:00+00:00
1735459200000,340.55,341.7,337.33,340.11,77005.3,2024-12-29 08:00:00+00:00
1735473600000,340.12,341.7,333.51,333.74,119714.7,2024-12-29 12:00:00+00:00
1735488000000,333.74,334.29,328.47,330.39,108371.8,2024-12-29 16:00:00+00:00
1735502400000,330.38,333.4,326.32,332.53,99001.5,2024-12-29 20:00:00+00:00
1735516800000,332.53,344.89,332.26,336.82,159038.4,2024-12-30 00:00:00+00:00
1735531200000,336.79,341.45,333.63,338.51,113010.0,2024-12-30 04:00:00+00:00
1735545600000,338.5,341.67,331.77,340.44,107912.2,2024-12-30 08:00:00+00:00
1735560000000,340.45,340.77,320.96,327.34,245343.1,2024-12-30 12:00:00+00:00
1735574400000,327.32,335.69,325.68,329.22,204699.1,2024-12-30 16:00:00+00:00
1735588800000,329.23,334.77,318.94,321.89,149766.8,2024-12-30 20:00:00+00:00
1735603200000,321.89,322.0,310.59,313.66,185859.4,2024-12-31 00:00:00+00:00
1735617600000,313.66,315.09,308.06,310.94,112546.2,2024-12-31 04:00:00+00:00
1735632000000,310.96,320.19,310.45,312.33,153714.4,2024-12-31 08:00:00+00:00
1735646400000,312.34,328.2,312.0,318.07,259164.5,2024-12-31 12:00:00+00:00
1735660800000,318.08,318.73,305.74,309.42,164087.5,2024-12-31 16:00:00+00:00
1735675200000,309.42,311.66,307.34,308.7,66909.9,2024-12-31 20:00:00+00:00
1735689600000,308.73,316.92,308.72,312.22,89827.7,2025-01-01 00:00:00+00:00
1735704000000,312.2,315.5,308.52,313.35,83218.3,2025-01-01 04:00:00+00:00
1735718400000,313.35,314.77,306.51,309.86,144210.4,2025-01-01 08:00:00+00:00
1735732800000,309.86,319.59,308.65,318.91,133125.2,2025-01-01 12:00:00+00:00
1735747200000,318.92,320.49,311.23,318.59,125808.6,2025-01-01 16:00:00+00:00
1735761600000,318.59,322.95,317.13,319.72,92376.5,2025-01-01 20:00:00+00:00
1735776000000,319.7,330.39,318.65,322.82,155272.0,2025-01-02 00:00:00+00:00
1735790400000,322.82,336.32,322.14,333.72,145458.3,2025-01-02 04:00:00+00:00
1735804800000,333.73,337.68,329.97,333.69,130648.2,2025-01-02 08:00:00+00:00
1735819200000,333.7,339.78,330.66,331.15,189425.0,2025-01-02 12:00:00+00:00
1735833600000,331.16,339.9,328.97,335.34,147249.7,2025-01-02 16:00:00+00:00
1735848000000,335.35,336.97,329.05,333.48,69149.2,2025-01-02 20:00:00+00:00
1735862400000,333.49,335.13,326.13,327.77,89948.9,2025-01-03 00:00:00+00:00
1735876800000,327.78,328.13,318.72,318.98,91367.7,2025-01-03 04:00:00+00:00
1735891200000,318.97,329.8,317.04,329.57,135297.5,2025-01-03 08:00:00+00:00
1735905600000,329.57,348.9,328.44,347.25,320510.0,2025-01-03 12:00:00+00:00
1735920000000,347.23,356.32,347.16,352.86,188170.3,2025-01-03 16:00:00+00:00
1735934400000,352.87,353.16,349.01,350.83,61352.6,2025-01-03 20:00:00+00:00
1735948800000,350.83,351.39,340.7,341.83,110859.3,2025-01-04 00:00:00+00:00
1735963200000,341.84,345.99,339.16,344.27,78332.8,2025-01-04 04:00:00+00:00
1735977600000,344.27,344.81,339.0,342.11,66659.1,2025-01-04 08:00:00+00:00
1735992000000,342.13,361.35,341.87,348.17,341197.3,2025-01-04 12:00:00+00:00
1736006400000,348.18,356.94,348.14,355.78,126819.0,2025-01-04 16:00:00+00:00
1736020800000,355.79,358.36,351.0,351.57,65009.2,2025-01-04 20:00:00+00:00
1736035200000,351.59,352.7,343.01,347.61,86007.1,2025-01-05 00:00:00+00:00
1736049600000,347.61,352.17,345.42,346.31,65169.1,2025-01-05 04:00:00+00:00
1736064000000,346.32,347.24,342.39,344.88,87311.4,2025-01-05 08:00:00+00:00
1736078400000,344.84,346.93,340.45,342.16,84519.9,2025-01-05 12:00:00+00:00
1736092800000,342.17,344.93,339.2,341.9,82374.0,2025-01-05 16:00:00+00:00
1736107200000,341.91,344.3,339.56,341.7,53839.7,2025-01-05 20:00:00+00:00
1736121600000,341.72,346.66,335.63,346.0,126977.9,2025-01-06 00:00:00+00:00
1736136000000,346.0,349.17,339.8,340.04,87549.5,2025-01-06 04:00:00+00:00
1736150400000,340.04,343.24,336.13,343.11,113751.6,2025-01-06 08:00:00+00:00
1736164800000,343.11,350.9,338.87,348.96,189280.2,2025-01-06 12:00:00+00:00
1736179200000,348.97,355.29,340.6,346.14,138991.3,2025-01-06 16:00:00+00:00
1736193600000,346.13,346.49,337.26,341.37,80170.0,2025-01-06 20:00:00+00:00
1736208000000,341.38,343.26,336.45,339.18,88169.7,2025-01-07 00:00:00+00:00
1736222400000,339.17,340.34,336.83,337.46,47901.1,2025-01-07 04:00:00+00:00
1736236800000,337.47,339.58,330.25,333.23,108248.9,2025-01-07 08:00:00+00:00
1736251200000,333.23,334.73,310.92,315.71,344259.6,2025-01-07 12:00:00+00:00
1736265600000,315.69,318.23,306.89,308.22,175538.2,2025-01-07 16:00:00+00:00
1736280000000,308.22,311.88,305.09,306.76,109694.2,2025-01-07 20:00:00+00:00
1736294400000,306.76,312.4,300.86,302.37,148618.0,2025-01-08 00:00:00+00:00
1736308800000,302.37,304.19,291.82,298.44,182551.4,2025-01-08 04:00:00+00:00
1736323200000,298.43,302.25,294.15,295.59,113609.5,2025-01-08 08:00:00+00:00
1736337600000,295.59,298.88,291.57,293.64,138467.7,2025-01-08 12:00:00+00:00
1736352000000,293.64,295.53,275.6,292.4,403759.5,2025-01-08 16:00:00+00:00
1736366400000,292.39,295.41,286.76,293.1,91685.6,2025-01-08 20:00:00+00:00
1736380800000,293.1,299.72,290.66,291.21,123499.2,2025-01-09 00:00:00+00:00
1736395200000,291.2,292.32,282.25,282.92,104084.1,2025-01-09 04:00:00+00:00
1736409600000,282.92,288.1,282.09,284.31,104136.9,2025-01-09 08:00:00+00:00
1736424000000,284.3,290.77,273.43,287.91,228843.4,2025-01-09 12:00:00+00:00
1736438400000,287.94,292.33,276.7,277.44,194684.1,2025-01-09 16:00:00+00:00
1736452800000,277.41,284.28,273.07,281.01,145653.3,2025-01-09 20:00:00+00:00
1736467200000,281.01,288.83,280.91,288.09,111347.5,2025-01-10 00:00:00+00:00
1736481600000,288.09,300.77,284.34,297.37,162287.3,2025-01-10 04:00:00+00:00
1736496000000,297.36,298.28,289.0,290.79,115386.0,2025-01-10 08:00:00+00:00
1736510400000,290.82,291.64,277.01,281.44,349036.1,2025-01-10 12:00:00+00:00
1736524800000,281.45,290.46,278.04,287.13,163191.5,2025-01-10 16:00:00+00:00
1736539200000,287.13,287.94,283.71,285.58,56424.2,2025-01-10 20:00:00+00:00
1736553600000,285.61,287.23,280.55,281.2,57694.4,2025-01-11 00:00:00+00:00
1736568000000,281.2,284.94,279.93,282.45,58923.7,2025-01-11 04:00:00+00:00
1736582400000,282.43,288.54,280.23,287.65,55933.6,2025-01-11 08:00:00+00:00
1736596800000,287.65,288.26,283.24,286.79,56119.3,2025-01-11 12:00:00+00:00
1736611200000,286.8,288.41,283.58,285.64,49663.6,2025-01-11 16:00:00+00:00
1736625600000,285.65,293.7,285.04,287.12,100750.9,2025-01-11 20:00:00+00:00
1736640000000,287.12,289.74,285.67,288.11,44695.8,2025-01-12 00:00:00+00:00
1736654400000,288.1,291.62,286.45,289.98,51929.5,2025-01-12 04:00:00+00:00
1736668800000,289.98,291.5,284.57,291.01,88729.6,2025-01-12 08:00:00+00:00
1736683200000,291.0,295.95,288.62,292.83,108295.8,2025-01-12 12:00:00+00:00
1736697600000,292.83,295.13,290.57,291.51,44156.5,2025-01-12 16:00:00+00:00
1736712000000,291.51,292.38,284.68,287.75,65291.1,2025-01-12 20:00:00+00:00
1736726400000,287.76,296.81,277.46,278.36,188645.3,2025-01-13 00:00:00+00:00
1736740800000,278.35,283.04,270.23,273.77,149041.0,2025-01-13 04:00:00+00:00
1736755200000,273.77,274.51,256.32,256.53,275038.5,2025-01-13 08:00:00+00:00
1736769600000,256.52,276.54,256.24,273.66,478437.8,2025-01-13 12:00:00+00:00
1736784000000,273.66,275.0,263.45,268.03,189652.9,2025-01-13 16:00:00+00:00
1736798400000,268.02,295.96,265.77,289.42,341351.5,2025-01-13 20:00:00+00:00
1736812800000,289.42,296.37,285.57,291.06,148527.2,2025-01-14 00:00:00+00:00
1736827200000,291.06,293.12,285.35,285.55,102611.4,2025-01-14 04:00:00+00:00
1736841600000,285.55,299.78,285.33,290.55,194325.7,2025-01-14 08:00:00+00:00
1736856000000,290.54,295.99,286.17,291.02,182115.8,2025-01-14 12:00:00+00:00
1736870400000,291.01,294.75,288.25,292.7,101678.9,2025-01-14 16:00:00+00:00
1736884800000,292.69,301.4,290.36,295.33,109241.8,2025-01-14 20:00:00+00:00
1736899200000,295.33,299.34,292.06,295.48,122189.6,2025-01-15 00:00:00+00:00
1736913600000,295.51,297.72,291.46,294.44,83588.1,2025-01-15 04:00:00+00:00
1736928000000,294.47,295.52,285.65,287.83,141765.3,2025-01-15 08:00:00+00:00
1736942400000,287.85,317.7,285.88,314.32,414017.1,2025-01-15 12:00:00+00:00
1736956800000,314.33,323.22,310.83,322.08,182320.8,2025-01-15 16:00:00+00:00
1736971200000,322.08,323.8,315.66,319.73,106011.3,2025-01-15 20:00:00+00:00
1736985600000,319.73,321.33,309.67,310.64,110585.2,2025-01-16 00:00:00+00:00
1737000000000,310.63,314.1,310.52,312.64,62993.3,2025-01-16 04:00:00+00:00
1737014400000,312.65,313.53,304.93,312.95,144124.3,2025-01-16 08:00:00+00:00
1737028800000,312.95,320.57,307.25,316.08,273743.9,2025-01-16 12:00:00+00:00
1737043200000,316.1,320.3,312.0,318.36,132301.7,2025-01-16 16:00:00+00:00
1737057600000,318.36,319.14,307.13,311.0,96486.9,2025-01-16 20:00:00+00:00
1737072000000,310.99,327.95,310.7,317.88,187987.8,2025-01-17 00:00:00+00:00
1737086400000,317.89,324.4,316.12,322.5,90242.1,2025-01-17 04:00:00+00:00
1737100800000,322.5,329.31,321.73,326.57,133629.6,2025-01-17 08:00:00+00:00
1737115200000,326.56,333.68,323.17,327.18,181502.3,2025-01-17 12:00:00+00:00
1737129600000,327.2,330.19,323.13,326.56,94735.7,2025-01-17 16:00:00+00:00
1737144000000,326.57,336.45,325.89,334.95,117801.5,2025-01-17 20:00:00+00:00
1737158400000,334.94,341.91,323.44,325.58,173481.6,2025-01-18 00:00:00+00:00
1737172800000,325.53,327.04,311.7,313.27,257751.4,2025-01-18 04:00:00+00:00
1737187200000,313.27,316.34,306.04,315.38,182296.3,2025-01-18 08:00:00+00:00
1737201600000,315.36,320.06,310.59,317.14,149280.5,2025-01-18 12:00:00+00:00
1737216000000,317.15,319.09,308.03,315.32,153587.5,2025-01-18 16:00:00+00:00
1737230400000,315.33,318.83,309.47,315.39,68828.4,2025-01-18 20:00:00+00:00
1737244800000,315.4,326.38,313.39,317.27,139371.0,2025-01-19 00:00:00+00:00
1737259200000,317.24,317.38,305.43,308.68,122734.5,2025-01-19 04:00:00+00:00
1737273600000,308.74,309.18,292.47,294.48,324993.6,2025-01-19 08:00:00+00:00
1737288000000,294.49,339.84,294.06,330.88,538674.6,2025-01-19 12:00:00+00:00
1737302400000,330.88,348.19,330.62,341.36,270461.6,2025-01-19 16:00:00+00:00
1737316800000,341.4,346.06,302.62,309.27,587841.7,2025-01-19 20:00:00+00:00
1737331200000,309.28,317.27,296.33,312.09,482913.1,2025-01-20 00:00:00+00:00
1737345600000,312.08,361.87,309.24,354.44,603915.2,2025-01-20 04:00:00+00:00
1737360000000,354.45,365.46,342.2,343.46,433864.4,2025-01-20 08:00:00+00:00
1737374400000,343.45,356.45,329.1,347.17,709893.5,2025-01-20 12:00:00+00:00
1737388800000,347.19,364.93,319.37,355.42,994546.4,2025-01-20 16:00:00+00:00
1737403200000,355.43,356.2,334.57,337.37,286978.2,2025-01-20 20:00:00+00:00
1737417600000,337.38,349.87,326.82,345.94,424498.1,2025-01-21 00:00:00+00:00
1737432000000,345.95,346.11,332.73,341.56,273653.3,2025-01-21 04:00:00+00:00
1737446400000,341.53,370.0,338.13,362.48,576143.9,2025-01-21 08:00:00+00:00
1737460800000,362.49,371.73,354.9,357.56,485721.7,2025-01-21 12:00:00+00:00
1737475200000,357.57,378.28,355.97,371.64,352455.7,2025-01-21 16:00:00+00:00
1737489600000,371.63,378.63,365.32,370.74,251820.1,2025-01-21 20:00:00+00:00
1737504000000,370.73,372.41,359.74,364.79,222928.4,2025-01-22 00:00:00+00:00
1737518400000,364.79,366.25,356.25,356.94,114691.0,2025-01-22 04:00:00+00:00
1737532800000,356.93,365.75,353.74,360.16,194713.0,2025-01-22 08:00:00+00:00
1737547200000,360.19,360.68,351.35,353.24,180109.4,2025-01-22 12:00:00+00:00
1737561600000,353.23,354.51,348.31,349.72,135483.0,2025-01-22 16:00:00+00:00
1737576000000,349.72,354.65,345.35,346.53,124178.4,2025-01-22 20:00:00+00:00
1737590400000,346.57,350.35,335.13,336.48,173969.7,2025-01-23 00:00:00+00:00
1737604800000,336.49,338.64,331.35,338.03,153514.7,2025-01-23 04:00:00+00:00
1737619200000,338.07,339.3,330.82,334.44,128414.9,2025-01-23 08:00:00+00:00
1737633600000,334.42,346.5,330.1,337.18,281781.7,2025-01-23 12:00:00+00:00
1737648000000,337.18,345.4,328.03,328.9,186617.1,2025-01-23 16:00:00+00:00
1737662400000,328.89,342.92,324.26,337.21,288089.6,2025-01-23 20:00:00+00:00
1737676800000,337.24,340.86,327.8,334.78,131340.7,2025-01-24 00:00:00+00:00
1737691200000,334.75,354.48,330.68,348.2,224882.6,2025-01-24 04:00:00+00:00
1737705600000,348.21,352.3,345.68,351.32,118233.6,2025-01-24 08:00:00+00:00
1737720000000,351.32,357.49,344.71,348.57,185753.6,2025-01-24 12:00:00+00:00
1737734400000,348.57,354.87,348.0,350.92,107910.2,2025-01-24 16:00:00+00:00
1737748800000,350.89,350.9,332.95,334.8,146646.7,2025-01-24 20:00:00+00:00
1737763200000,334.8,338.31,330.36,337.78,111220.3,2025-01-25 00:00:00+00:00
1737777600000,337.77,337.81,330.7,331.04,67347.2,2025-01-25 04:00:00+00:00
1737792000000,331.04,334.48,328.68,333.63,65682.9,2025-01-25 08:00:00+00:00
1737806400000,333.63,337.55,329.4,334.7,83246.4,2025-01-25 12:00:00+00:00
1737820800000,334.7,336.54,326.7,328.54,143045.9,2025-01-25 16:00:00+00:00
1737835200000,328.55,331.61,325.74,326.25,55410.7,2025-01-25 20:00:00+00:00
1737849600000,326.25,331.86,324.34,329.89,78245.3,2025-01-26 00:00:00+00:00
1737864000000,329.92,336.16,328.61,329.77,77201.9,2025-01-26 04:00:00+00:00
1737878400000,329.76,331.75,324.14,328.54,97008.3,2025-01-26 08:00:00+00:00
1737892800000,328.56,329.81,324.9,329.21,56780.7,2025-01-26 12:00:00+00:00
1737907200000,329.21,334.28,328.02,333.96,65777.1,2025-01-26 16:00:00+00:00
1737921600000,333.96,334.32,315.63,316.35,156426.1,2025-01-26 20:00:00+00:00
1737936000000,316.31,320.26,301.51,305.52,228471.2,2025-01-27 00:00:00+00:00
1737950400000,305.51,305.51,287.48,296.82,298043.9,2025-01-27 04:00:00+00:00
1737964800000,296.81,297.62,289.54,293.67,143960.2,2025-01-27 08:00:00+00:00
1737979200000,293.66,305.31,292.1,301.33,216581.7,2025-01-27 12:00:00+00:00
1737993600000,301.33,306.73,291.54,294.26,218630.5,2025-01-27 16:00:00+00:00
1738008000000,294.28,310.46,294.24,304.88,161794.5,2025-01-27 20:00:00+00:00
1738022400000,304.9,307.62,297.86,302.7,100718.8,2025-01-28 00:00:00+00:00
1738036800000,302.67,306.77,299.35,301.92,86477.4,2025-01-28 04:00:00+00:00
1738051200000,301.93,302.58,297.21,298.73,123610.0,2025-01-28 08:00:00+00:00
1738065600000,298.73,300.5,293.43,297.88,154934.3,2025-01-28 12:00:00+00:00
1738080000000,297.89,298.04,287.18,291.15,217891.0,2025-01-28 16:00:00+00:00
1738094400000,291.16,292.34,280.0,283.95,169210.2,2025-01-28 20:00:00+00:00
1738108800000,283.96,292.05,282.32,291.48,111379.7,2025-01-29 00:00:00+00:00
1738123200000,291.48,300.55,290.36,300.32,154276.6,2025-01-29 04:00:00+00:00
1738137600000,300.3,301.0,293.64,295.92,119507.2,2025-01-29 08:00:00+00:00
1738152000000,295.91,297.25,286.83,289.57,148357.9,2025-01-29 12:00:00+00:00
1738166400000,289.57,298.52,283.16,294.46,205569.6,2025-01-29 16:00:00+00:00
1738180800000,294.46,301.81,289.81,290.79,198070.6,2025-01-29 20:00:00+00:00
1738195200000,290.79,300.44,286.67,300.17,139087.5,2025-01-30 00:00:00+00:00
1738209600000,300.17,306.12,298.23,302.88,106733.3,2025-01-30 04:00:00+00:00
1738224000000,302.88,311.91,300.22,310.64,124185.2,2025-01-30 08:00:00+00:00
1738238400000,310.64,318.81,305.35,315.86,226471.5,2025-01-30 12:00:00+00:00
1738252800000,315.86,320.57,313.14,320.12,91697.7,2025-01-30 16:00:00+00:00
1738267200000,320.12,322.26,313.92,315.36,83931.2,2025-01-30 20:00:00+00:00
1738281600000,315.36,320.75,313.26,315.92,87636.3,2025-01-31 00:00:00+00:00
1738296000000,315.91,325.32,312.29,319.56,128107.6,2025-01-31 04:00:00+00:00
1738310400000,319.57,327.46,314.99,325.65,133392.5,2025-01-31 08:00:00+00:00
1738324800000,325.66,343.01,323.29,338.18,271150.3,2025-01-31 12:00:00+00:00
1738339200000,338.17,349.15,330.7,338.03,870760.8,2025-01-31 16:00:00+00:00
1738353600000,338.06,340.05,329.87,332.6,117896.8,2025-01-31 20:00:00+00:00
1738368000000,332.6,333.47,325.1,326.0,87439.4,2025-02-01 00:00:00+00:00
1738382400000,326.01,328.2,321.5,322.52,86146.3,2025-02-01 04:00:00+00:00
1738396800000,322.48,323.01,308.36,314.87,214251.1,2025-02-01 08:00:00+00:00
1738411200000,314.86,318.42,311.09,314.86,97577.4,2025-02-01 12:00:00+00:00
1738425600000,314.87,318.5,305.93,306.1,119165.4,2025-02-01 16:00:00+00:00
1738440000000,306.1,309.58,294.92,295.95,182730.1,2025-02-01 20:00:00+00:00
1738454400000,295.96,304.54,287.38,288.56,182883.0,2025-02-02 00:00:00+00:00
1738468800000,288.56,296.99,287.68,291.19,104839.5,2025-02-02 04:00:00+00:00
1738483200000,291.2,295.74,283.94,284.32,126553.5,2025-02-02 08:00:00+00:00
1738497600000,284.31,289.23,282.05,285.05,147338.8,2025-02-02 12:00:00+00:00
1738512000000,285.06,285.21,257.9,268.51,443532.7,2025-02-02 16:00:00+00:00
1738526400000,268.54,271.92,245.16,258.22,347684.5,2025-02-02 20:00:00+00:00
1738540800000,258.26,258.36,191.99,229.63,1222247.3,2025-02-03 00:00:00+00:00
1738555200000,229.64,246.07,220.43,244.91,408689.1,2025-02-03 04:00:00+00:00
1738569600000,244.97,245.05,233.83,238.72,266847.7,2025-02-03 08:00:00+00:00
1738584000000,238.74,263.77,228.59,260.7,500193.8,2025-02-03 12:00:00+00:00
1738598400000,260.67,278.13,254.1,276.0,358625.2,2025-02-03 16:00:00+00:00
1738612800000,275.99,285.0,263.46,276.29,310520.9,2025-02-03 20:00:00+00:00
1738627200000,276.3,278.19,265.23,268.05,140573.0,2025-02-04 00:00:00+00:00
1738641600000,268.04,270.96,248.9,250.56,288365.4,2025-02-04 04:00:00+00:00
1738656000000,250.56,264.96,249.19,260.13,194196.5,2025-02-04 08:00:00+00:00
1738670400000,260.13,272.12,259.84,265.12,362271.3,2025-02-04 12:00:00+00:00
1738684800000,265.13,274.57,261.82,261.93,192105.1,2025-02-04 16:00:00+00:00
1738699200000,261.94,273.84,251.86,271.99,405867.1,2025-02-04 20:00:00+00:00
1738713600000,272.0,274.43,264.67,265.93,145440.4,2025-02-05 00:00:00+00:00
1738728000000,265.92,276.34,264.41,274.36,136537.8,2025-02-05 04:00:00+00:00
1738742400000,274.35,283.13,270.12,279.19,155544.9,2025-02-05 08:00:00+00:00
1738756800000,279.18,280.1,266.62,269.39,196084.6,2025-02-05 12:00:00+00:00
1738771200000,269.36,270.4,258.48,261.8,217471.2,2025-02-05 16:00:00+00:00
1738785600000,261.78,262.65,255.85,259.57,108297.9,2025-02-05 20:00:00+00:00
1738800000000,259.57,264.2,256.54,262.43,90084.0,2025-02-06 00:00:00+00:00
1738814400000,262.43,266.69,261.23,262.92,83248.7,2025-02-06 04:00:00+00:00
1738828800000,262.92,266.52,259.11,262.45,122842.9,2025-02-06 08:00:00+00:00
1738843200000,262.43,263.01,246.54,247.63,242615.3,2025-02-06 12:00:00+00:00
1738857600000,247.61,250.42,241.12,242.41,180705.0,2025-02-06 16:00:00+00:00
1738872000000,242.42,247.63,239.0,241.32,106344.3,2025-02-06 20:00:00+00:00
1738886400000,241.32,248.54,240.35,246.03,122143.4,2025-02-07 00:00:00+00:00
1738900800000,246.04,247.76,238.09,242.71,103559.3,2025-02-07 04:00:00+00:00
1738915200000,242.75,254.35,241.36,254.11,119909.4,2025-02-07 08:00:00+00:00
1738929600000,254.1,262.01,248.5,250.24,293075.9,2025-02-07 12:00:00+00:00
1738944000000,250.24,251.08,241.8,243.31,170430.8,2025-02-07 16:00:00+00:00
1738958400000,243.31,243.59,230.89,237.93,205709.6,2025-02-07 20:00:00+00:00
1738972800000,237.93,241.77,235.81,236.53,110086.3,2025-02-08 00:00:00+00:00
1738987200000,236.53,237.92,232.7,236.09,80231.9,2025-02-08 04:00:00+00:00
1739001600000,236.08,236.8,231.55,233.6,95812.7,2025-02-08 08:00:00+00:00
1739016000000,233.6,236.62,230.91,232.35,118543.3,2025-02-08 12:00:00+00:00
1739030400000,232.34,240.85,231.24,240.46,127952.5,2025-02-08 16:00:00+00:00
1739044800000,240.45,241.16,236.52,238.66,67342.8,2025-02-08 20:00:00+00:00
1739059200000,238.65,252.6,238.02,251.22,145929.7,2025-02-09 00:00:00+00:00
1739073600000,251.21,251.24,244.02,246.76,114809.5,2025-02-09 04:00:00+00:00
1739088000000,246.75,249.97,243.55,243.69,92255.4,2025-02-09 08:00:00+00:00
1739102400000,243.71,246.47,238.0,244.94,143107.4,2025-02-09 12:00:00+00:00
1739116800000,244.97,247.84,239.73,240.11,85567.3,2025-02-09 16:00:00+00:00
1739131200000,240.11,243.8,229.64,241.13,204418.0,2025-02-09 20:00:00+00:00
1739145600000,241.13,246.93,234.28,242.49,201816.9,2025-02-10 00:00:00+00:00
1739160000000,242.49,249.56,240.0,246.6,120774.9,2025-02-10 04:00:00+00:00
1739174400000,246.6,252.56,246.4,248.57,146690.6,2025-02-10 08:00:00+00:00
1739188800000,248.56,255.71,245.84,248.55,138380.0,2025-02-10 12:00:00+00:00
1739203200000,248.48,256.72,247.69,254.13,121333.5,2025-02-10 16:00:00+00:00
1739217600000,254.12,258.07,248.81,252.48,94842.4,2025-02-10 20:00:00+00:00
1739232000000,252.49,260.73,252.34,258.03,111928.5,2025-02-11 00:00:00+00:00
1739246400000,258.03,262.53,257.31,260.1,100376.0,2025-02-11 04:00:00+00:00
1739260800000,260.09,261.45,257.14,258.09,118565.4,2025-02-11 08:00:00+00:00
1739275200000,258.09,258.52,247.29,250.52,181970.2,2025-02-11 12:00:00+00:00
1739289600000,250.51,251.35,241.77,243.06,110853.3,2025-02-11 16:00:00+00:00
1739304000000,243.04,248.04,242.19,243.56,79415.7,2025-02-11 20:00:00+00:00
1739318400000,243.57,245.53,239.44,240.83,81306.3,2025-02-12 00:00:00+00:00
1739332800000,240.82,244.58,238.66,243.77,74147.6,2025-02-12 04:00:00+00:00
1739347200000,243.77,246.37,242.0,243.84,74431.8,2025-02-12 08:00:00+00:00
1739361600000,243.85,247.92,231.57,239.92,314575.6,2025-02-12 12:00:00+00:00
1739376000000,239.94,249.75,236.87,248.26,143751.0,2025-02-12 16:00:00+00:00
1739390400000,248.27,260.97,246.81,252.69,117990.2,2025-02-12 20:00:00+00:00
1739404800000,252.7,255.27,250.1,254.45,70069.5,2025-02-13 00:00:00+00:00
1739419200000,254.46,254.92,247.87,248.25,76407.2,2025-02-13 04:00:00+00:00
1739433600000,248.24,258.07,246.31,252.11,174633.9,2025-02-13 08:00:00+00:00
1739448000000,252.11,253.86,247.23,251.47,162223.5,2025-02-13 12:00:00+00:00
1739462400000,251.46,254.69,247.12,250.84,102327.0,2025-02-13 16:00:00+00:00
1739476800000,250.87,257.41,250.87,256.24,139227.0,2025-02-13 20:00:00+00:00
1739491200000,256.24,260.35,252.9,260.04,76240.5,2025-02-14 00:00:00+00:00
1739505600000,260.04,260.2,255.21,257.83,55302.6,2025-02-14 04:00:00+00:00
1739520000000,257.82,263.77,257.45,258.78,132500.6,2025-02-14 08:00:00+00:00
1739534400000,258.78,264.95,257.41,263.33,105348.8,2025-02-14 12:00:00+00:00
1739548800000,263.33,269.96,260.59,264.43,118562.7,2025-02-14 16:00:00+00:00
1739563200000,264.42,266.54,259.85,262.47,82769.2,2025-02-14 20:00:00+00:00
1739577600000,262.47,263.54,258.76,262.08,55527.4,2025-02-15 00:00:00+00:00
1739592000000,262.09,262.99,257.23,258.16,51725.8,2025-02-15 04:00:00+00:00
1739606400000,258.15,259.05,255.34,256.52,44330.0,2025-02-15 08:00:00+00:00
1739620800000,256.53,257.88,252.31,254.39,69949.3,2025-02-15 12:00:00+00:00
1739635200000,254.39,255.29,251.03,251.94,46354.6,2025-02-15 16:00:00+00:00
1739649600000,251.94,253.8,249.48,253.23,35537.1,2025-02-15 20:00:00+00:00
1739664000000,253.23,254.42,250.3,252.25,37089.0,2025-02-16 00:00:00+00:00
1739678400000,252.26,254.28,249.82,250.75,46627.5,2025-02-16 04:00:00+00:00
1739692800000,250.74,256.24,249.8,256.1,57751.0,2025-02-16 08:00:00+00:00
1739707200000,256.1,258.09,251.59,255.48,94756.9,2025-02-16 12:00:00+00:00
1739721600000,255.53,258.92,251.37,255.88,96095.5,2025-02-16 16:00:00+00:00
1739736000000,255.87,257.81,252.7,253.72,81700.1,2025-02-16 20:00:00+00:00
1739750400000,253.75,260.26,253.63,256.7,104050.0,2025-02-17 00:00:00+00:00
1739764800000,256.72,262.42,249.36,257.49,198904.5,2025-02-17 04:00:00+00:00
1739779200000,257.48,274.5,256.36,267.82,316563.1,2025-02-17 08:00:00+00:00
1739793600000,267.82,278.52,267.12,267.97,237676.5,2025-02-17 12:00:00+00:00
1739808000000,267.95,270.49,259.71,260.97,180339.9,2025-02-17 16:00:00+00:00
1739822400000,260.97,269.38,260.42,264.45,114455.5,2025-02-17 20:00:00+00:00
1739836800000,264.45,266.02,257.89,259.26,91264.2,2025-02-18 00:00:00+00:00
1739851200000,259.27,259.73,250.4,252.28,145976.0,2025-02-18 04:00:00+00:00
1739865600000,252.27,258.86,248.96,255.74,143173.3,2025-02-18 08:00:00+00:00
1739880000000,255.74,260.57,247.78,249.85,170115.3,2025-02-18 12:00:00+00:00
1739894400000,249.87,252.11,241.53,244.02,196784.4,2025-02-18 16:00:00+00:00
1739908800000,244.02,251.77,241.73,249.42,139761.4,2025-02-18 20:00:00+00:00
1739923200000,249.44,254.25,246.67,251.52,85509.6,2025-02-19 00:00:00+00:00
1739937600000,251.52,255.36,246.57,254.21,92834.0,2025-02-19 04:00:00+00:00
1739952000000,254.2,258.27,251.96,256.37,88293.9,2025-02-19 08:00:00+00:00
1739966400000,256.38,257.75,249.82,252.29,102269.9,2025-02-19 12:00:00+00:00
1739980800000,252.29,255.71,249.63,251.71,127457.5,2025-02-19 16:00:00+00:00
1739995200000,251.71,256.45,250.0,252.88,126556.7,2025-02-19 20:00:00+00:00
1740009600000,252.89,257.53,250.9,255.44,107456.2,2025-02-20 00:00:00+00:00
1740024000000,255.42,258.5,253.47,254.29,66511.3,2025-02-20 04:00:00+00:00
1740038400000,254.27,259.6,253.76,258.8,101296.9,2025-02-20 08:00:00+00:00
1740052800000,258.79,262.75,253.29,253.77,133807.5,2025-02-20 12:00:00+00:00
1740067200000,253.77,263.18,253.28,261.55,113354.5,2025-02-20 16:00:00+00:00
1740081600000,261.56,263.35,259.43,261.14,68418.0,2025-02-20 20:00:00+00:00
1740096000000,261.14,262.53,258.28,261.21,57525.1,2025-02-21 00:00:00+00:00
1740110400000,261.22,264.11,259.97,260.76,88335.7,2025-02-21 04:00:00+00:00
1740124800000,260.77,268.0,259.26,263.81,107592.1,2025-02-21 08:00:00+00:00
1740139200000,263.8,268.99,251.29,255.09,214036.9,2025-02-21 12:00:00+00:00
1740153600000,255.08,258.83,239.26,240.64,304527.2,2025-02-21 16:00:00+00:00
1740168000000,240.64,244.28,238.3,242.6,146160.9,2025-02-21 20:00:00+00:00
1740182400000,242.59,246.38,238.8,240.73,113880.1,2025-02-22 00:00:00+00:00
1740196800000,240.71,245.86,240.15,243.66,79712.1,2025-02-22 04:00:00+00:00
1740211200000,243.65,246.72,241.54,245.13,100925.4,2025-02-22 08:00:00+00:00
1740225600000,245.14,248.75,243.56,248.69,73473.0,2025-02-22 12:00:00+00:00
1740240000000,248.67,251.49,247.47,247.88,84742.7,2025-02-22 16:00:00+00:00
1740254400000,247.88,249.35,246.68,246.98,40574.7,2025-02-22 20:00:00+00:00
1740268800000,246.97,248.98,245.08,246.16,55813.0,2025-02-23 00:00:00+00:00
1740283200000,246.16,253.96,244.95,253.78,66951.2,2025-02-23 04:00:00+00:00
1740297600000,253.78,254.16,246.79,247.71,72573.4,2025-02-23 08:00:00+00:00
1740312000000,247.72,248.8,242.83,243.61,96800.8,2025-02-23 12:00:00+00:00
1740326400000,243.61,247.79,243.53,245.3,43286.2,2025-02-23 16:00:00+00:00
1740340800000,245.29,248.8,243.75,247.49,41091.5,2025-02-23 20:00:00+00:00
1740355200000,247.5,249.2,237.51,238.48,95188.4,2025-02-24 00:00:00+00:00
1740369600000,238.49,240.16,234.16,237.56,102057.9,2025-02-24 04:00:00+00:00
1740384000000,237.56,237.71,231.61,236.15,125241.8,2025-02-24 08:00:00+00:00
1740398400000,236.15,236.66,227.44,229.9,155785.8,2025-02-24 12:00:00+00:00
1740412800000,229.91,231.72,222.41,224.34,150265.6,2025-02-24 16:00:00+00:00
1740427200000,224.35,227.52,205.0,210.63,385975.4,2025-02-24 20:00:00+00:00
1740441600000,210.62,213.46,203.42,204.49,247651.4,2025-02-25 00:00:00+00:00
1740456000000,204.48,206.28,189.37,195.31,447344.0,2025-02-25 04:00:00+00:00
1740470400000,195.32,201.65,191.5,200.62,330926.8,2025-02-25 08:00:00+00:00
1740484800000,200.62,202.21,193.28,197.29,290291.7,2025-02-25 12:00:00+00:00
1740499200000,197.3,201.33,194.18,199.26,237194.8,2025-02-25 16:00:00+00:00
1740513600000,199.26,207.69,197.7,205.04,182484.7,2025-02-25 20:00:00+00:00
1740528000000,205.04,208.82,201.59,207.08,115615.1,2025-02-26 00:00:00+00:00
1740542400000,207.09,209.11,202.8,205.03,94751.8,2025-02-26 04:00:00+00:00
1740556800000,205.03,211.5,202.95,208.97,176212.9,2025-02-26 08:00:00+00:00
1740571200000,208.97,209.63,198.46,205.84,356617.2,2025-02-26 12:00:00+00:00
1740585600000,205.85,206.99,192.78,194.85,289159.9,2025-02-26 16:00:00+00:00
1740600000000,194.85,209.63,192.01,202.48,248221.5,2025-02-26 20:00:00+00:00
1740614400000,202.49,208.16,200.82,205.3,144546.0,2025-02-27 00:00:00+00:00
1740628800000,205.29,209.26,202.02,207.34,101289.3,2025-02-27 04:00:00+00:00
1740643200000,207.33,210.0,205.31,205.84,155556.6,2025-02-27 08:00:00+00:00
1740657600000,205.84,208.24,200.5,204.41,132866.1,2025-02-27 12:00:00+00:00
1740672000000,204.42,205.63,200.34,201.3,87994.0,2025-02-27 16:00:00+00:00
1740686400000,201.31,204.18,196.54,203.86,128437.7,2025-02-27 20:00:00+00:00
1740700800000,203.86,204.42,186.34,186.83,319182.4,2025-02-28 00:00:00+00:00
1740715200000,186.84,187.57,181.12,182.13,254772.6,2025-02-28 04:00:00+00:00
1740729600000,182.12,185.43,178.1,182.79,251579.5,2025-02-28 08:00:00+00:00
1740744000000,182.78,192.51,180.64,191.17,283576.4,2025-02-28 12:00:00+00:00
1740758400000,191.16,192.83,186.46,190.61,189222.0,2025-02-28 16:00:00+00:00
1740772800000,190.61,193.25,187.82,192.13,124726.5,2025-02-28 20:00:00+00:00
1740787200000,192.14,195.31,187.88,193.78,140732.3,2025-03-01 00:00:00+00:00
1740801600000,193.77,195.64,188.67,189.99,94336.9,2025-03-01 04:00:00+00:00
1740816000000,189.99,191.97,185.0,186.26,115625.5,2025-03-01 08:00:00+00:00
1740830400000,186.27,188.1,183.33,187.63,112537.6,2025-03-01 12:00:00+00:00
1740844800000,187.63,194.88,186.46,193.85,151480.9,2025-03-01 16:00:00+00:00
1740859200000,193.85,196.96,192.3,194.94,109714.1,2025-03-01 20:00:00+00:00
1740873600000,194.94,195.55,192.51,194.19,82128.1,2025-03-02 00:00:00+00:00
1740888000000,194.19,196.27,193.3,193.94,84212.7,2025-03-02 04:00:00+00:00
1740902400000,193.93,197.19,192.75,194.55,81504.3,2025-03-02 08:00:00+00:00
1740916800000,194.56,202.81,190.0,197.86,272619.2,2025-03-02 12:00:00+00:00
1740931200000,197.87,225.77,196.93,219.87,623713.3,2025-03-02 16:00:00+00:00
1740945600000,219.86,226.93,219.3,223.38,151259.1,2025-03-02 20:00:00+00:00
1740960000000,223.39,224.34,212.52,215.37,164823.7,2025-03-03 00:00:00+00:00
1740974400000,215.37,215.97,205.43,209.65,165309.1,2025-03-03 04:00:00+00:00
1740988800000,209.65,209.75,202.66,207.46,173019.6,2025-03-03 08:00:00+00:00
1741003200000,207.45,212.54,200.85,200.99,305282.8,2025-03-03 12:00:00+00:00
1741017600000,201.0,201.7,181.0,181.58,347106.3,2025-03-03 16:00:00+00:00
1741032000000,181.59,183.94,177.64,180.85,221708.7,2025-03-03 20:00:00+00:00
1741046400000,180.86,182.65,167.39,171.81,320956.2,2025-03-04 00:00:00+00:00
1741060800000,171.82,176.93,171.49,173.88,133746.6,2025-03-04 04:00:00+00:00
1741075200000,173.87,176.93,172.75,174.79,145247.3,2025-03-04 08:00:00+00:00
1741089600000,174.78,197.87,173.37,192.84,1350037.7,2025-03-04 12:00:00+00:00
1741104000000,192.84,216.79,181.59,210.34,884371.3,2025-03-04 16:00:00+00:00
1741118400000,210.33,211.88,202.67,206.53,354377.9,2025-03-04 20:00:00+00:00
1741132800000,206.53,211.12,204.19,208.27,281294.0,2025-03-05 00:00:00+00:00
1741147200000,208.28,217.68,208.1,217.51,402127.5,2025-03-05 04:00:00+00:00
1741161600000,217.5,226.24,214.79,216.83,653996.4,2025-03-05 08:00:00+00:00
1741176000000,216.83,219.51,212.44,214.38,366542.8,2025-03-05 12:00:00+00:00
1741190400000,214.35,218.15,211.98,216.06,203676.3,2025-03-05 16:00:00+00:00
1741204800000,216.09,223.98,215.28,220.74,176595.9,2025-03-05 20:00:00+00:00
1741219200000,220.75,239.55,219.34,234.2,515905.7,2025-03-06 00:00:00+00:00
1741233600000,234.19,238.95,228.11,229.21,311233.6,2025-03-06 04:00:00+00:00
1741248000000,229.21,232.25,225.91,228.16,201512.8,2025-03-06 08:00:00+00:00
1741262400000,228.17,228.35,214.32,216.41,471157.6,2025-03-06 12:00:00+00:00
1741276800000,216.4,217.69,210.0,211.75,250559.0,2025-03-06 16:00:00+00:00
1741291200000,211.77,214.94,208.06,208.4,188797.7,2025-03-06 20:00:00+00:00
1741305600000,208.4,212.02,200.18,206.03,434593.3,2025-03-07 00:00:00+00:00
1741320000000,206.03,210.78,205.62,209.8,201635.0,2025-03-07 04:00:00+00:00
1741334400000,209.79,210.06,204.58,206.79,211091.9,2025-03-07 08:00:00+00:00
1741348800000,206.81,210.16,202.18,204.58,293320.0,2025-03-07 12:00:00+00:00
1741363200000,204.56,208.65,199.17,204.1,273076.3,2025-03-07 16:00:00+00:00
1741377600000,204.09,205.4,195.17,196.54,218460.8,2025-03-07 20:00:00+00:00
1741392000000,196.54,197.64,192.58,193.83,108186.5,2025-03-08 00:00:00+00:00
1741406400000,193.83,194.47,189.16,189.28,121149.3,2025-03-08 04:00:00+00:00
1741420800000,189.28,191.72,185.01,188.01,258968.5,2025-03-08 08:00:00+00:00
1741435200000,188.02,195.53,187.21,188.81,282637.3,2025-03-08 12:00:00+00:00
1741449600000,188.81,198.22,186.54,197.62,229108.2,2025-03-08 16:00:00+00:00
1741464000000,197.62,199.21,194.27,195.64,106793.1,2025-03-08 20:00:00+00:00
1741478400000,195.64,197.58,193.55,195.72,111009.6,2025-03-09 00:00:00+00:00
1741492800000,195.68,198.11,194.2,195.75,97363.9,2025-03-09 04:00:00+00:00
1741507200000,195.74,195.74,187.59,190.32,198830.5,2025-03-09 08:00:00+00:00
1741521600000,190.32,195.23,186.84,190.72,304795.2,2025-03-09 12:00:00+00:00
1741536000000,190.71,191.65,176.56,181.58,480359.6,2025-03-09 16:00:00+00:00
1741550400000,181.58,183.64,176.18,178.49,209988.0,2025-03-09 20:00:00+00:00
1741564800000,178.5,190.19,176.19,189.18,312368.4,2025-03-10 00:00:00+00:00
1741579200000,189.17,195.96,189.0,194.2,211526.5,2025-03-10 04:00:00+00:00
1741593600000,194.21,201.91,191.1,197.48,329156.9,2025-03-10 08:00:00+00:00
1741608000000,197.47,198.65,180.64,185.59,479514.2,2025-03-10 12:00:00+00:00
1741622400000,185.56,187.59,175.16,183.27,574509.6,2025-03-10 16:00:00+00:00
1741636800000,183.28,184.76,177.74,180.27,257184.3,2025-03-10 20:00:00+00:00
1741651200000,180.28,182.61,166.4,173.97,616485.8,2025-03-11 00:00:00+00:00
1741665600000,173.96,184.26,173.4,182.12,268180.7,2025-03-11 04:00:00+00:00
1741680000000,182.11,183.39,177.51,178.18,211953.3,2025-03-11 08:00:00+00:00
1741694400000,178.18,179.18,167.4,175.96,613067.3,2025-03-11 12:00:00+00:00
1741708800000,175.95,185.93,171.09,184.75,321298.3,2025-03-11 16:00:00+00:00
1741723200000,184.74,184.92,180.83,181.98,143270.1,2025-03-11 20:00:00+00:00
1741737600000,181.97,184.24,171.54,171.8,256730.5,2025-03-12 00:00:00+00:00
1741752000000,171.79,175.8,169.59,174.96,282918.8,2025-03-12 04:00:00+00:00
1741766400000,174.96,177.93,170.4,173.64,288374.1,2025-03-12 08:00:00+00:00
1741780800000,173.64,181.15,163.7,169.01,633896.7,2025-03-12 12:00:00+00:00
1741795200000,169.02,173.57,168.01,170.03,270214.3,2025-03-12 16:00:00+00:00
1741809600000,170.01,175.06,169.33,174.72,138696.5,2025-03-12 20:00:00+00:00
1741824000000,174.72,176.22,171.67,171.91,174011.0,2025-03-13 00:00:00+00:00
1741838400000,171.91,172.6,169.16,171.4,127539.8,2025-03-13 04:00:00+00:00
1741852800000,171.4,174.99,168.67,174.19,263866.8,2025-03-13 08:00:00+00:00
1741867200000,174.19,176.4,168.27,169.06,499984.4,2025-03-13 12:00:00+00:00
1741881600000,169.06,169.62,160.54,161.03,401755.7,2025-03-13 16:00:00+00:00
1741896000000,161.0,164.88,160.01,162.74,150176.5,2025-03-13 20:00:00+00:00
1741910400000,162.73,167.3,161.92,166.14,150079.4,2025-03-14 00:00:00+00:00
1741924800000,166.13,167.51,163.06,163.8,143770.1,2025-03-14 04:00:00+00:00
1741939200000,163.81,168.46,163.6,167.01,187046.7,2025-03-14 08:00:00+00:00
1741953600000,167.01,175.24,165.68,173.12,372601.6,2025-03-14 12:00:00+00:00
1741968000000,173.13,177.24,171.61,172.96,208376.3,2025-03-14 16:00:00+00:00
1741982400000,172.98,175.57,171.75,173.06,104215.7,2025-03-14 20:00:00+00:00
1741996800000,173.06,175.04,172.39,174.71,133134.2,2025-03-15 00:00:00+00:00
1742011200000,174.72,177.28,173.06,173.21,109184.7,2025-03-15 04:00:00+00:00
1742025600000,173.22,175.19,172.8,174.61,96787.5,2025-03-15 08:00:00+00:00
1742040000000,174.61,175.09,171.67,173.31,133935.5,2025-03-15 12:00:00+00:00
1742054400000,173.31,175.72,171.69,172.58,115581.8,2025-03-15 16:00:00+00:00
1742068800000,172.58,175.04,172.52,172.87,81014.5,2025-03-15 20:00:00+00:00
1742083200000,172.87,173.69,169.25,171.97,135804.2,2025-03-16 00:00:00+00:00
1742097600000,171.98,173.94,171.47,173.71,110968.6,2025-03-16 04:00:00+00:00
1742112000000,173.71,173.97,164.43,164.95,213392.4,2025-03-16 08:00:00+00:00
1742126400000,164.95,166.42,163.55,165.27,173179.4,2025-03-16 12:00:00+00:00
1742140800000,165.26,169.16,163.71,164.77,152370.1,2025-03-16 16:00:00+00:00
1742155200000,164.76,166.51,163.15,164.59,95368.3,2025-03-16 20:00:00+00:00
1742169600000,164.59,169.73,164.4,169.23,97876.5,2025-03-17 00:00:00+00:00
1742184000000,169.22,169.89,165.07,167.93,89447.2,2025-03-17 04:00:00+00:00
1742198400000,167.94,172.53,166.66,170.58,155683.6,2025-03-17 08:00:00+00:00
1742212800000,170.59,172.22,167.51,170.4,201095.0,2025-03-17 12:00:00+00:00
1742227200000,170.4,177.14,170.01,176.37,181289.1,2025-03-17 16:00:00+00:00
1742241600000,176.37,176.82,173.78,174.63,115182.4,2025-03-17 20:00:00+00:00
1742256000000,174.63,175.24,169.86,171.0,138015.1,2025-03-18 00:00:00+00:00
1742270400000,171.0,173.38,169.71,171.65,116134.4,2025-03-18 04:00:00+00:00
1742284800000,171.64,173.44,168.52,169.17,128561.6,2025-03-18 08:00:00+00:00
1742299200000,169.16,169.82,165.9,166.28,164370.2,2025-03-18 12:00:00+00:00
1742313600000,166.29,169.82,164.57,169.58,128887.2,2025-03-18 16:00:00+00:00
1742328000000,169.57,170.36,168.05,170.0,109498.6,2025-03-18 20:00:00+00:00
1742342400000,170.0,173.32,169.55,172.68,117367.1,2025-03-19 00:00:00+00:00
1742356800000,172.69,172.87,169.75,169.84,94273.6,2025-03-19 04:00:00+00:00
1742371200000,169.83,181.42,169.79,180.59,255415.0,2025-03-19 08:00:00+00:00
1742385600000,180.59,182.47,176.46,181.67,288175.1,2025-03-19 12:00:00+00:00
1742400000000,181.71,182.36,176.06,180.52,310973.4,2025-03-19 16:00:00+00:00
1742414400000,180.53,184.58,179.57,182.42,150635.7,2025-03-19 20:00:00+00:00
1742428800000,182.43,183.05,176.74,177.74,149728.7,2025-03-20 00:00:00+00:00
1742443200000,177.75,178.25,176.1,176.52,79050.9,2025-03-20 04:00:00+00:00
1742457600000,176.52,178.75,172.65,175.33,183905.3,2025-03-20 08:00:00+00:00
1742472000000,175.33,179.28,173.93,174.06,282000.8,2025-03-20 12:00:00+00:00
1742486400000,174.05,175.29,171.42,174.72,160660.4,2025-03-20 16:00:00+00:00
1742500800000,174.73,178.77,174.35,178.71,96145.6,2025-03-20 20:00:00+00:00
1742515200000,178.71,183.12,178.54,179.95,171946.4,2025-03-21 00:00:00+00:00
1742529600000,179.94,181.19,177.51,179.08,112255.8,2025-03-21 04:00:00+00:00
1742544000000,179.08,179.31,176.03,177.07,93181.5,2025-03-21 08:00:00+00:00
1742558400000,177.07,178.79,173.89,175.0,132001.4,2025-03-21 12:00:00+00:00
1742572800000,174.99,180.03,174.2,178.99,120631.2,2025-03-21 16:00:00+00:00
1742587200000,178.99,180.74,177.07,178.19,76502.5,2025-03-21 20:00:00+00:00
1742601600000,178.2,181.42,178.14,180.9,97295.4,2025-03-22 00:00:00+00:00
1742616000000,180.9,181.79,179.74,179.77,70953.3,2025-03-22 04:00:00+00:00
1742630400000,179.78,183.64,179.64,180.84,102069.6,2025-03-22 08:00:00+00:00
1742644800000,180.84,181.77,179.21,179.72,77601.0,2025-03-22 12:00:00+00:00
1742659200000,179.74,182.16,179.09,181.71,70160.5,2025-03-22 16:00:00+00:00
1742673600000,181.71,182.9,179.16,179.66,86351.7,2025-03-22 20:00:00+00:00
1742688000000,179.66,183.58,179.3,183.28,86375.8,2025-03-23 00:00:00+00:00
1742702400000,183.3,185.98,181.14,184.73,112453.1,2025-03-23 04:00:00+00:00
1742716800000,184.73,186.0,183.64,184.97,122675.8,2025-03-23 08:00:00+00:00
1742731200000,184.97,186.46,182.71,183.35,120672.7,2025-03-23 12:00:00+00:00
1742745600000,183.34,183.37,181.14,183.0,81897.4,2025-03-23 16:00:00+00:00
1742760000000,182.99,186.0,181.39,185.01,105849.6,2025-03-23 20:00:00+00:00
1742774400000,185.0,186.33,181.12,185.47,160614.0,2025-03-24 00:00:00+00:00
1742788800000,185.48,192.26,185.48,190.52,186996.1,2025-03-24 04:00:00+00:00
1742803200000,190.51,194.94,190.5,193.6,132448.1,2025-03-24 08:00:00+00:00
1742817600000,193.61,194.31,190.72,192.76,149801.5,2025-03-24 12:00:00+00:00
1742832000000,192.76,193.59,190.37,191.5,102433.8,2025-03-24 16:00:00+00:00
1742846400000,191.49,192.92,188.88,190.66,80345.5,2025-03-24 20:00:00+00:00
1742860800000,190.66,192.54,185.78,186.65,126949.7,2025-03-25 00:00:00+00:00
1742875200000,186.65,189.03,186.0,187.22,104932.0,2025-03-25 04:00:00+00:00
1742889600000,187.22,190.8,187.04,188.76,92799.8,2025-03-25 08:00:00+00:00
1742904000000,188.79,190.43,186.09,187.15,146214.2,2025-03-25 12:00:00+00:00
1742918400000,187.17,188.39,185.99,188.01,93695.5,2025-03-25 16:00:00+00:00
1742932800000,187.98,189.06,185.17,186.56,80030.6,2025-03-25 20:00:00+00:00
1742947200000,186.58,187.77,182.29,182.82,122344.4,2025-03-26 00:00:00+00:00
1742961600000,182.82,188.69,182.5,187.75,134950.4,2025-03-26 04:00:00+00:00
1742976000000,187.73,189.7,186.24,189.27,134327.5,2025-03-26 08:00:00+00:00
1742990400000,189.27,190.25,180.1,180.88,280315.8,2025-03-26 12:00:00+00:00
1743004800000,180.85,182.07,175.08,177.08,203858.5,2025-03-26 16:00:00+00:00
1743019200000,177.06,179.56,176.01,177.33,97861.8,2025-03-26 20:00:00+00:00
1743033600000,177.33,183.78,176.94,183.53,111701.7,2025-03-27 00:00:00+00:00
1743048000000,183.54,185.15,182.1,184.35,98576.3,2025-03-27 04:00:00+00:00
1743062400000,184.34,186.07,181.59,182.12,138477.9,2025-03-27 08:00:00+00:00
1743076800000,182.12,185.78,179.62,182.89,216835.1,2025-03-27 12:00:00+00:00
1743091200000,182.87,185.1,181.02,182.99,101242.3,2025-03-27 16:00:00+00:00
1743105600000,182.98,185.86,182.5,184.65,73714.6,2025-03-27 20:00:00+00:00
1743120000000,184.66,186.9,183.02,185.27,145093.9,2025-03-28 00:00:00+00:00
1743134400000,185.28,185.53,174.85,175.11,278376.8,2025-03-28 04:00:00+00:00
1743148800000,175.1,176.63,172.4,173.65,152577.6,2025-03-28 08:00:00+00:00
1743163200000,173.64,174.24,169.55,169.7,176651.8,2025-03-28 12:00:00+00:00
1743177600000,169.72,173.0,168.27,171.21,127459.8,2025-03-28 16:00:00+00:00
1743192000000,171.22,175.91,170.14,175.76,97755.7,2025-03-28 20:00:00+00:00
1743206400000,175.75,177.91,172.83,175.38,123058.2,2025-03-29 00:00:00+00:00
1743220800000,175.37,179.9,174.35,179.34,188036.5,2025-03-29 04:00:00+00:00
1743235200000,179.35,180.61,172.52,173.82,290484.8,2025-03-29 08:00:00+00:00
1743249600000,173.83,176.56,171.56,171.87,161622.8,2025-03-29 12:00:00+00:00
1743264000000,171.87,173.03,166.97,169.83,209990.7,2025-03-29 16:00:00+00:00
1743278400000,169.84,169.85,165.66,168.02,108215.9,2025-03-29 20:00:00+00:00
1743292800000,168.02,169.5,165.76,166.39,162910.2,2025-03-30 00:00:00+00:00
1743307200000,166.38,167.72,164.62,164.93,121030.2,2025-03-30 04:00:00+00:00
1743321600000,164.94,167.73,164.27,165.15,122948.9,2025-03-30 08:00:00+00:00
1743336000000,165.17,165.83,162.19,163.84,157240.7,2025-03-30 12:00:00+00:00
1743350400000,163.85,167.14,161.2,164.85,170599.2,2025-03-30 16:00:00+00:00
1743364800000,164.86,166.94,161.62,163.53,107816.3,2025-03-30 20:00:00+00:00
1743379200000,163.55,164.54,159.55,159.75,172555.0,2025-03-31 00:00:00+00:00
1743393600000,159.75,161.97,156.0,156.8,182958.5,2025-03-31 04:00:00+00:00
1743408000000,156.81,157.43,151.65,156.21,360563.4,2025-03-31 08:00:00+00:00
1743422400000,156.19,162.92,154.95,161.38,305227.9,2025-03-31 12:00:00+00:00
1743436800000,161.39,162.43,157.28,159.47,154750.4,2025-03-31 16:00:00+00:00
1743451200000,159.46,160.32,157.77,159.57,81405.2,2025-03-31 20:00:00+00:00
1743465600000,159.56,162.18,159.06,161.57,102729.7,2025-04-01 00:00:00+00:00
1743480000000,161.58,165.88,160.79,165.58,148205.1,2025-04-01 04:00:00+00:00
1743494400000,165.59,169.27,164.89,165.46,242326.2,2025-04-01 08:00:00+00:00
1743508800000,165.45,171.43,162.75,169.93,242025.2,2025-04-01 12:00:00+00:00
1743523200000,169.93,170.89,166.18,167.23,135741.2,2025-04-01 16:00:00+00:00
1743537600000,167.22,168.83,165.85,165.95,80535.5,2025-04-01 20:00:00+00:00
1743552000000,165.96,166.57,161.08,161.38,124557.3,2025-04-02 00:00:00+00:00
1743566400000,161.37,165.67,157.37,159.17,307941.2,2025-04-02 04:00:00+00:00
1743580800000,159.17,161.61,158.24,158.39,151172.4,2025-04-02 08:00:00+00:00
1743595200000,158.4,164.56,155.73,162.74,317458.7,2025-04-02 12:00:00+00:00
1743609600000,162.73,165.41,160.79,163.89,174068.3,2025-04-02 16:00:00+00:00
1743624000000,163.89,168.92,149.42,150.16,492458.8,2025-04-02 20:00:00+00:00
1743638400000,150.13,155.89,149.39,155.03,165581.9,2025-04-03 00:00:00+00:00
1743652800000,155.04,157.2,151.78,153.24,112316.5,2025-04-03 04:00:00+00:00
1743667200000,153.24,154.52,149.66,150.71,163926.7,2025-04-03 08:00:00+00:00
1743681600000,150.71,151.05,146.22,149.92,309212.7,2025-04-03 12:00:00+00:00
1743696000000,149.93,151.49,147.98,150.27,130627.1,2025-04-03 16:00:00+00:00
1743710400000,150.3,152.55,149.29,151.06,114663.9,2025-04-03 20:00:00+00:00
1743724800000,151.06,151.96,147.17,148.85,126299.7,2025-04-04 00:00:00+00:00
1743739200000,148.87,152.39,147.58,151.8,124796.8,2025-04-04 04:00:00+00:00
1743753600000,151.81,153.85,144.27,147.23,264710.9,2025-04-04 08:00:00+00:00
1743768000000,147.23,152.12,144.73,149.4,372885.7,2025-04-04 12:00:00+00:00
1743782400000,149.4,153.31,148.99,151.44,245357.5,2025-04-04 16:00:00+00:00
1743796800000,151.44,153.99,150.5,151.92,89437.4,2025-04-04 20:00:00+00:00
1743811200000,151.93,153.9,151.3,152.54,64257.7,2025-04-05 00:00:00+00:00
1743825600000,152.53,153.0,150.62,151.79,65632.6,2025-04-05 04:00:00+00:00
1743840000000,151.79,155.45,151.34,153.92,128349.2,2025-04-05 08:00:00+00:00
1743854400000,153.92,154.42,149.91,150.43,141590.5,2025-04-05 12:00:00+00:00
1743868800000,150.42,152.61,150.29,150.87,107980.9,2025-04-05 16:00:00+00:00
1743883200000,150.88,153.0,149.41,152.45,91297.3,2025-04-05 20:00:00+00:00
1743897600000,152.45,152.55,149.72,150.33,66325.8,2025-04-06 00:00:00+00:00
1743912000000,150.33,151.13,148.2,148.32,74869.1,2025-04-06 04:00:00+00:00
1743926400000,148.33,148.55,146.0,146.69,109928.8,2025-04-06 08:00:00+00:00
1743940800000,146.69,147.24,141.8,143.95,212790.2,2025-04-06 12:00:00+00:00
1743955200000,143.94,144.04,131.34,132.65,558280.5,2025-04-06 16:00:00+00:00
1743969600000,132.64,133.13,126.26,128.96,469640.5,2025-04-06 20:00:00+00:00
1743984000000,128.95,131.68,121.86,123.33,390429.9,2025-04-07 00:00:00+00:00
1743998400000,123.34,125.48,114.02,116.14,659857.6,2025-04-07 04:00:00+00:00
1744012800000,116.12,125.4,115.65,122.22,523574.8,2025-04-07 08:00:00+00:00
1744027200000,122.21,136.18,121.76,131.45,852946.1,2025-04-07 12:00:00+00:00
1744041600000,131.44,133.32,128.16,130.81,284316.0,2025-04-07 16:00:00+00:00
1744056000000,130.81,135.47,130.77,131.97,176908.7,2025-04-07 20:00:00+00:00
1744070400000,131.96,136.09,130.23,133.53,155233.7,2025-04-08 00:00:00+00:00
1744084800000,133.53,135.85,129.75,130.78,168799.8,2025-04-08 04:00:00+00:00
1744099200000,130.77,134.14,129.29,133.59,157566.6,2025-04-08 08:00:00+00:00
1744113600000,133.6,135.4,129.84,131.21,551073.9,2025-04-08 12:00:00+00:00
1744128000000,131.21,131.72,124.16,125.89,462453.7,2025-04-08 16:00:00+00:00
1744142400000,125.91,127.42,123.45,125.26,183917.5,2025-04-08 20:00:00+00:00
1744156800000,125.27,127.07,119.77,124.43,294572.7,2025-04-09 00:00:00+00:00
1744171200000,124.42,129.5,124.21,129.02,230418.4,2025-04-09 04:00:00+00:00
1744185600000,129.02,130.36,125.19,126.1,211859.4,2025-04-09 08:00:00+00:00
1744200000000,126.08,130.05,124.42,128.48,293923.8,2025-04-09 12:00:00+00:00
1744214400000,128.49,143.93,128.0,141.63,593448.0,2025-04-09 16:00:00+00:00
1744228800000,141.64,145.06,141.64,143.06,170941.9,2025-04-09 20:00:00+00:00
1744243200000,143.09,143.31,137.6,139.21,196637.6,2025-04-10 00:00:00+00:00
1744257600000,139.22,140.78,137.18,137.77,141813.5,2025-04-10 04:00:00+00:00
1744272000000,137.77,138.72,136.42,137.11,142648.5,2025-04-10 08:00:00+00:00
1744286400000,137.09,140.0,129.0,129.48,379076.6,2025-04-10 12:00:00+00:00
1744300800000,129.48,131.97,128.12,130.92,270288.0,2025-04-10 16:00:00+00:00
1744315200000,130.9,133.13,130.84,131.84,92036.0,2025-04-10 20:00:00+00:00
1744329600000,131.84,136.44,131.25,134.55,185785.4,2025-04-11 00:00:00+00:00
1744344000000,134.54,136.9,133.91,135.96,125524.8,2025-04-11 04:00:00+00:00
1744358400000,135.96,137.31,134.11,134.73,269254.1,2025-04-11 08:00:00+00:00
1744372800000,134.74,136.82,133.17,135.28,191761.9,2025-04-11 12:00:00+00:00
1744387200000,135.29,138.21,134.15,136.24,142543.4,2025-04-11 16:00:00+00:00
1744401600000,136.24,139.36,135.35,136.37,107644.8,2025-04-11 20:00:00+00:00
1744416000000,136.38,136.71,133.99,134.4,89685.2,2025-04-12 00:00:00+00:00
1744430400000,134.4,137.51,133.67,137.22,93884.8,2025-04-12 04:00:00+00:00
1744444800000,137.21,140.19,137.08,139.49,144209.4,2025-04-12 08:00:00+00:00
1744459200000,139.5,148.99,139.19,147.35,276865.5,2025-04-12 12:00:00+00:00
1744473600000,147.33,149.48,146.4,148.24,164769.2,2025-04-12 16:00:00+00:00
1744488000000,148.23,150.14,147.51,148.0,88472.7,2025-04-12 20:00:00+00:00
1744502400000,148.01,148.28,144.56,145.42,142137.8,2025-04-13 00:00:00+00:00
1744516800000,145.42,145.47,142.82,143.48,130079.4,2025-04-13 04:00:00+00:00
1744531200000,143.47,145.9,142.43,143.15,107322.6,2025-04-13 08:00:00+00:00
1744545600000,143.16,144.03,139.78,140.77,135591.2,2025-04-13 12:00:00+00:00
1744560000000,140.76,146.17,138.38,139.79,232567.6,2025-04-13 16:00:00+00:00
1744574400000,139.8,142.11,136.41,139.04,176631.2,2025-04-13 20:00:00+00:00
1744588800000,139.05,146.54,138.69,141.92,197025.4,2025-04-14 00:00:00+00:00
1744603200000,141.94,143.84,139.75,142.0,101760.2,2025-04-14 04:00:00+00:00
1744617600000,141.99,147.19,141.28,145.52,171555.1,2025-04-14 08:00:00+00:00
1744632000000,145.52,146.4,138.6,139.11,241117.3,2025-04-14 12:00:00+00:00
1744646400000,139.11,141.02,137.88,139.58,168817.4,2025-04-14 16:00:00+00:00
1744660800000,139.61,139.92,136.73,137.56,104591.9,2025-04-14 20:00:00+00:00
1744675200000,137.56,139.14,136.0,138.6,130196.2,2025-04-15 00:00:00+00:00
1744689600000,138.6,139.85,137.24,139.29,110011.2,2025-04-15 04:00:00+00:00
1744704000000,139.28,141.61,138.74,139.75,192711.0,2025-04-15 08:00:00+00:00
1744718400000,139.74,142.13,135.27,136.36,217834.8,2025-04-15 12:00:00+00:00
1744732800000,136.36,137.81,134.16,135.16,157597.0,2025-04-15 16:00:00+00:00
1744747200000,135.17,135.89,133.45,134.11,92023.9,2025-04-15 20:00:00+00:00
1744761600000,134.11,136.43,133.34,135.74,99172.7,2025-04-16 00:00:00+00:00
1744776000000,135.74,136.07,133.01,133.27,101101.7,2025-04-16 04:00:00+00:00
1744790400000,133.28,136.27,132.43,135.37,129741.0,2025-04-16 08:00:00+00:00
1744804800000,135.37,137.4,132.81,135.08,216759.3,2025-04-16 12:00:00+00:00
1744819200000,135.09,137.15,129.64,135.34,356268.7,2025-04-16 16:00:00+00:00
1744833600000,135.36,136.7,133.3,133.91,108295.0,2025-04-16 20:00:00+00:00
1744848000000,133.91,136.29,133.74,135.31,86621.8,2025-04-17 00:00:00+00:00
1744862400000,135.31,140.02,135.16,138.95,119590.0,2025-04-17 04:00:00+00:00
1744876800000,138.96,139.5,136.3,137.73,103965.9,2025-04-17 08:00:00+00:00
1744891200000,137.73,139.0,134.85,137.19,138944.6,2025-04-17 12:00:00+00:00
1744905600000,137.2,141.51,136.6,137.42,155743.4,2025-04-17 16:00:00+00:00
1744920000000,137.4,139.49,137.4,138.85,70222.2,2025-04-17 20:00:00+00:00
1744934400000,138.86,139.34,137.43,139.15,72533.2,2025-04-18 00:00:00+00:00
1744948800000,139.15,139.72,137.72,139.52,81193.9,2025-04-18 04:00:00+00:00
1744963200000,139.49,141.09,138.16,139.18,134091.7,2025-04-18 08:00:00+00:00
1744977600000,139.17,139.56,137.07,137.81,94151.3,2025-04-18 12:00:00+00:00
1744992000000,137.81,139.23,137.42,138.67,88097.0,2025-04-18 16:00:00+00:00
1745006400000,138.65,139.47,137.98,138.3,55287.5,2025-04-18 20:00:00+00:00
1745020800000,138.3,139.92,137.83,139.3,82078.1,2025-04-19 00:00:00+00:00
1745035200000,139.3,140.58,138.87,140.04,81025.9,2025-04-19 04:00:00+00:00
1745049600000,140.05,140.34,138.43,138.59,72773.8,2025-04-19 08:00:00+00:00
1745064000000,138.6,140.85,138.2,140.17,102154.3,2025-04-19 12:00:00+00:00
1745078400000,140.16,141.97,139.14,140.77,111073.8,2025-04-19 16:00:00+00:00
1745092800000,140.77,142.9,140.54,141.9,58416.5,2025-04-19 20:00:00+00:00
1745107200000,141.9,143.09,141.36,142.76,61445.0,2025-04-20 00:00:00+00:00
1745121600000,142.75,143.48,140.11,140.63,86675.9,2025-04-20 04:00:00+00:00
1745136000000,140.61,140.78,136.69,137.43,124529.5,2025-04-20 08:00:00+00:00
1745150400000,137.43,138.78,137.0,137.4,82183.6,2025-04-20 12:00:00+00:00
1745164800000,137.39,140.62,137.1,140.5,76017.0,2025-04-20 16:00:00+00:00
1745179200000,140.49,143.38,139.28,140.87,135394.4,2025-04-20 20:00:00+00:00
1745193600000,140.87,145.94,140.87,143.98,187190.2,2025-04-21 00:00:00+00:00
1745208000000,143.99,145.64,143.54,145.08,94557.3,2025-04-21 04:00:00+00:00
1745222400000,145.09,145.98,143.37,144.27,95204.6,2025-04-21 08:00:00+00:00
1745236800000,144.27,145.73,142.42,143.68,178549.0,2025-04-21 12:00:00+00:00
1745251200000,143.68,144.76,138.96,141.02,183600.2,2025-04-21 16:00:00+00:00
1745265600000,141.03,142.98,140.47,142.79,85587.8,2025-04-21 20:00:00+00:00
1745280000000,142.8,144.87,139.63,143.25,144162.0,2025-04-22 00:00:00+00:00
1745294400000,143.24,147.64,143.0,147.3,146738.7,2025-04-22 04:00:00+00:00
1745308800000,147.3,148.42,145.87,148.13,184927.5,2025-04-22 08:00:00+00:00
1745323200000,148.13,155.03,147.64,152.01,368017.5,2025-04-22 12:00:00+00:00
1745337600000,152.02,153.6,149.98,152.81,164002.1,2025-04-22 16:00:00+00:00
1745352000000,152.81,159.16,152.09,158.1,187897.0,2025-04-22 20:00:00+00:00
1745366400000,158.11,163.29,157.68,163.25,235241.9,2025-04-23 00:00:00+00:00
1745380800000,163.25,165.23,161.44,163.39,213852.4,2025-04-23 04:00:00+00:00
1745395200000,163.39,166.38,162.36,165.3,165616.6,2025-04-23 08:00:00+00:00
1745409600000,165.29,168.77,162.06,166.4,410123.8,2025-04-23 12:00:00+00:00
1745424000000,166.42,168.4,163.89,164.98,192419.9,2025-04-23 16:00:00+00:00
1745438400000,164.95,168.75,164.75,168.0,91842.5,2025-04-23 20:00:00+00:00
1745452800000,168.0,170.67,164.76,164.84,208989.6,2025-04-24 00:00:00+00:00
1745467200000,164.84,166.21,161.54,162.18,181522.8,2025-04-24 04:00:00+00:00
1745481600000,162.19,163.1,158.27,160.87,203089.8,2025-04-24 08:00:00+00:00
1745496000000,160.88,167.44,159.76,166.82,287119.1,2025-04-24 12:00:00+00:00
1745510400000,166.84,169.34,164.27,167.44,190031.8,2025-04-24 16:00:00+00:00
1745524800000,167.44,168.62,165.53,167.83,98972.9,2025-04-24 20:00:00+00:00
1745539200000,167.83,170.01,163.35,166.14,169649.6,2025-04-25 00:00:00+00:00
1745553600000,166.14,167.98,165.78,167.48,143077.5,2025-04-25 04:00:00+00:00
1745568000000,167.48,168.26,165.34,166.98,209538.2,2025-04-25 08:00:00+00:00
1745582400000,166.99,168.96,162.79,167.15,399013.7,2025-04-25 12:00:00+00:00
1745596800000,167.14,170.56,165.41,167.68,210912.5,2025-04-25 16:00:00+00:00
1745611200000,167.7,169.27,166.24,166.39,85032.8,2025-04-25 20:00:00+00:00
1745625600000,166.4,172.26,166.4,168.76,196712.7,2025-04-26 00:00:00+00:00
1745640000000,168.75,171.14,167.0,169.78,141477.2,2025-04-26 04:00:00+00:00
1745654400000,169.76,172.97,165.75,166.18,195858.4,2025-04-26 08:00:00+00:00
1745668800000,166.19,168.11,164.32,167.79,145154.6,2025-04-26 12:00:00+00:00
1745683200000,167.79,171.26,166.34,171.06,102716.0,2025-04-26 16:00:00+00:00
1745697600000,171.06,173.25,169.54,172.87,124411.3,2025-04-26 20:00:00+00:00
1745712000000,172.88,179.28,170.19,170.66,362200.5,2025-04-27 00:00:00+00:00
1745726400000,170.66,171.07,167.61,169.08,128298.8,2025-04-27 04:00:00+00:00
1745740800000,169.07,170.9,168.4,168.65,98925.9,2025-04-27 08:00:00+00:00
1745755200000,168.64,171.33,166.0,166.46,256417.7,2025-04-27 12:00:00+00:00
1745769600000,166.46,171.05,165.3,170.98,115778.9,2025-04-27 16:00:00+00:00
1745784000000,170.97,171.19,166.42,166.49,93494.1,2025-04-27 20:00:00+00:00
1745798400000,166.49,167.98,161.5,167.82,253177.2,2025-04-28 00:00:00+00:00
1745812800000,167.82,174.81,167.82,174.11,205227.8,2025-04-28 04:00:00+00:00
1745827200000,174.12,174.79,168.79,170.44,312094.3,2025-04-28 08:00:00+00:00
1745841600000,170.45,170.55,163.24,164.55,247873.1,2025-04-28 12:00:00+00:00
1745856000000,164.55,168.54,163.07,167.75,189747.9,2025-04-28 16:00:00+00:00
1745870400000,167.73,167.97,164.22,166.16,134984.2,2025-04-28 20:00:00+00:00
1745884800000,166.17,168.24,165.41,166.67,106498.3,2025-04-29 00:00:00+00:00
1745899200000,166.67,169.69,163.77,169.27,122870.4,2025-04-29 04:00:00+00:00
1745913600000,169.26,171.19,167.61,168.14,147794.2,2025-04-29 08:00:00+00:00
1745928000000,168.14,169.93,165.87,167.79,159295.9,2025-04-29 12:00:00+00:00
1745942400000,167.8,170.29,166.67,169.31,111482.2,2025-04-29 16:00:00+00:00
1745956800000,169.33,169.86,163.21,165.48,147664.7,2025-04-29 20:00:00+00:00
1745971200000,165.48,166.91,163.07,166.23,104696.1,2025-04-30 00:00:00+00:00
1745985600000,166.22,166.66,163.11,163.48,76800.5,2025-04-30 04:00:00+00:00
1746000000000,163.47,165.56,162.61,164.9,75379.7,2025-04-30 08:00:00+00:00
1746014400000,164.9,165.23,155.34,159.26,272479.2,2025-04-30 12:00:00+00:00
1746028800000,159.24,164.5,157.93,163.83,120100.6,2025-04-30 16:00:00+00:00
1746043200000,163.87,166.86,163.67,164.1,99295.3,2025-04-30 20:00:00+00:00
1746057600000,164.1,168.63,164.07,167.98,104770.1,2025-05-01 00:00:00+00:00
1746072000000,167.96,170.22,167.16,169.24,104675.5,2025-05-01 04:00:00+00:00
1746086400000,169.23,173.86,168.61,172.67,156733.1,2025-05-01 08:00:00+00:00
1746100800000,172.66,179.23,172.37,175.99,265867.6,2025-05-01 12:00:00+00:00
1746115200000,176.0,177.8,173.74,174.63,177905.4,2025-05-01 16:00:00+00:00
1746129600000,174.63,175.48,172.01,172.88,96057.6,2025-05-01 20:00:00+00:00
1746144000000,172.89,176.15,172.17,174.21,101941.6,2025-05-02 00:00:00+00:00
1746158400000,174.22,174.96,171.88,172.05,82412.7,2025-05-02 04:00:00+00:00
1746172800000,172.07,174.3,171.89,172.55,78582.9,2025-05-02 08:00:00+00:00
1746187200000,172.56,176.7,171.79,175.19,174337.8,2025-05-02 12:00:00+00:00
1746201600000,175.19,179.1,173.68,174.38,134798.1,2025-05-02 16:00:00+00:00
1746216000000,174.43,175.43,173.06,174.53,57761.4,2025-05-02 20:00:00+00:00
1746230400000,174.53,174.84,172.74,173.42,66658.0,2025-05-03 00:00:00+00:00
1746244800000,173.41,174.49,172.49,173.62,51792.5,2025-05-03 04:00:00+00:00
1746259200000,173.62,174.99,171.23,172.06,145903.8,2025-05-03 08:00:00+00:00
1746273600000,172.05,174.6,172.05,172.87,83987.6,2025-05-03 12:00:00+00:00
1746288000000,172.87,174.77,169.38,174.77,131941.4,2025-05-03 16:00:00+00:00
1746302400000,174.76,181.05,174.42,177.97,271348.3,2025-05-03 20:00:00+00:00
1746316800000,177.98,178.65,174.9,176.14,168544.5,2025-05-04 00:00:00+00:00
1746331200000,176.13,178.92,175.0,178.28,142042.1,2025-05-04 04:00:00+00:00
1746345600000,178.27,178.32,174.11,174.45,160242.9,2025-05-04 08:00:00+00:00
1746360000000,174.45,175.92,172.5,173.56,162244.0,2025-05-04 12:00:00+00:00
1746374400000,173.56,174.35,171.0,173.29,123689.7,2025-05-04 16:00:00+00:00
1746388800000,173.3,175.55,170.75,170.99,133829.2,2025-05-04 20:00:00+00:00
1746403200000,171.0,174.82,169.53,173.73,173485.5,2025-05-05 00:00:00+00:00
1746417600000,173.74,180.32,173.67,180.12,170903.6,2025-05-05 04:00:00+00:00
1746432000000,180.1,180.71,175.69,175.89,204124.5,2025-05-05 08:00:00+00:00
1746446400000,175.89,177.25,173.32,174.14,194368.4,2025-05-05 12:00:00+00:00
1746460800000,174.15,180.0,174.07,177.53,184490.5,2025-05-05 16:00:00+00:00
1746475200000,177.54,181.01,174.84,176.79,165407.1,2025-05-05 20:00:00+00:00
1746489600000,176.78,178.2,171.59,173.21,209582.6,2025-05-06 00:00:00+00:00
1746504000000,173.23,173.74,170.85,171.1,102743.5,2025-05-06 04:00:00+00:00
1746518400000,171.08,171.08,164.54,166.0,213423.7,2025-05-06 08:00:00+00:00
1746532800000,166.0,169.55,163.08,168.2,237270.4,2025-05-06 12:00:00+00:00
1746547200000,168.2,173.91,166.65,172.69,247682.9,2025-05-06 16:00:00+00:00
1746561600000,172.71,178.93,168.69,177.79,278283.8,2025-05-06 20:00:00+00:00
1746576000000,177.81,179.96,173.14,174.74,259610.1,2025-05-07 00:00:00+00:00
1746590400000,174.74,175.57,173.1,174.35,100908.6,2025-05-07 04:00:00+00:00
1746604800000,174.34,175.62,172.13,172.38,123108.6,2025-05-07 08:00:00+00:00
1746619200000,172.38,172.68,169.35,169.69,164867.3,2025-05-07 12:00:00+00:00
1746633600000,169.69,170.57,167.33,168.66,198800.4,2025-05-07 16:00:00+00:00
1746648000000,168.67,174.22,168.23,171.94,136989.6,2025-05-07 20:00:00+00:00
1746662400000,171.95,186.71,171.9,186.08,283246.3,2025-05-08 00:00:00+00:00
1746676800000,186.1,188.68,182.0,187.48,251611.8,2025-05-08 04:00:00+00:00
1746691200000,187.5,190.0,185.87,188.01,229603.9,2025-05-08 08:00:00+00:00
1746705600000,188.01,196.19,186.24,192.24,330304.6,2025-05-08 12:00:00+00:00
1746720000000,192.23,199.76,189.06,198.48,408855.4,2025-05-08 16:00:00+00:00
1746734400000,198.49,208.6,195.84,206.18,369341.3,2025-05-08 20:00:00+00:00
1746748800000,206.18,208.27,202.46,204.71,278559.9,2025-05-09 00:00:00+00:00
1746763200000,204.71,214.71,203.5,212.04,297143.8,2025-05-09 04:00:00+00:00
1746777600000,212.05,220.56,206.29,209.72,366006.5,2025-05-09 08:00:00+00:00
1746792000000,209.72,213.0,204.1,208.78,259710.8,2025-05-09 12:00:00+00:00
1746806400000,208.79,210.97,205.48,210.26,149874.2,2025-05-09 16:00:00+00:00
1746820800000,210.28,211.71,209.18,211.18,78915.3,2025-05-09 20:00:00+00:00
1746835200000,211.18,214.62,208.75,211.45,144473.5,2025-05-10 00:00:00+00:00
1746849600000,211.44,220.2,209.53,218.34,192340.7,2025-05-10 04:00:00+00:00
1746864000000,218.35,223.22,215.56,215.74,303789.7,2025-05-10 08:00:00+00:00
1746878400000,215.8,223.45,215.78,220.29,159451.2,2025-05-10 12:00:00+00:00
1746892800000,220.29,228.93,219.75,225.29,233785.2,2025-05-10 16:00:00+00:00
1746907200000,225.3,230.21,222.52,228.45,179753.4,2025-05-10 20:00:00+00:00
1746921600000,228.44,230.41,220.67,223.92,265932.1,2025-05-11 00:00:00+00:00
1746936000000,223.92,225.09,215.95,217.8,191029.8,2025-05-11 04:00:00+00:00
1746950400000,217.8,222.7,217.54,222.26,142185.8,2025-05-11 08:00:00+00:00
1746964800000,222.27,222.96,214.41,216.45,151981.1,2025-05-11 12:00:00+00:00
1746979200000,216.44,221.4,213.76,219.88,134176.3,2025-05-11 16:00:00+00:00
1746993600000,219.9,221.87,217.94,221.05,67970.5,2025-05-11 20:00:00+00:00
1747008000000,221.05,223.0,216.71,221.27,122793.0,2025-05-12 00:00:00+00:00
1747022400000,221.27,229.56,218.41,223.54,245627.1,2025-05-12 04:00:00+00:00
1747036800000,223.55,225.7,218.22,219.05,197863.3,2025-05-12 08:00:00+00:00
1747051200000,219.04,225.75,217.94,218.36,310613.1,2025-05-12 12:00:00+00:00
1747065600000,218.35,223.43,211.91,218.07,305252.0,2025-05-12 16:00:00+00:00
1747080000000,218.07,222.8,217.32,221.81,111046.0,2025-05-12 20:00:00+00:00
1747094400000,221.81,221.88,210.36,210.75,186192.5,2025-05-13 00:00:00+00:00
1747108800000,210.73,217.79,210.28,215.1,100155.0,2025-05-13 04:00:00+00:00
1747123200000,215.1,219.64,213.73,218.26,113592.3,2025-05-13 08:00:00+00:00
1747137600000,218.25,226.93,216.27,226.82,239549.4,2025-05-13 12:00:00+00:00
1747152000000,226.83,238.27,225.85,235.13,258113.5,2025-05-13 16:00:00+00:00
1747166400000,235.1,237.99,230.79,236.27,146578.0,2025-05-13 20:00:00+00:00
1747180800000,236.27,239.14,229.8,231.27,179365.3,2025-05-14 00:00:00+00:00
1747195200000,231.28,235.44,230.11,232.77,110722.0,2025-05-14 04:00:00+00:00
1747209600000,232.79,233.78,227.11,230.22,162107.7,2025-05-14 08:00:00+00:00
1747224000000,230.21,232.45,225.05,228.79,169557.8,2025-05-14 12:00:00+00:00
1747238400000,228.79,230.18,223.78,229.08,107319.0,2025-05-14 16:00:00+00:00
1747252800000,229.1,229.95,226.58,229.42,59368.6,2025-05-14 20:00:00+00:00
1747267200000,229.43,232.86,225.65,225.95,122713.2,2025-05-15 00:00:00+00:00
1747281600000,225.95,229.17,221.61,222.58,160336.7,2025-05-15 04:00:00+00:00
1747296000000,222.57,230.97,222.51,225.96,219088.4,2025-05-15 08:00:00+00:00
1747310400000,225.96,227.7,216.58,226.49,335165.8,2025-05-15 12:00:00+00:00
1747324800000,226.47,235.27,220.88,222.74,356792.4,2025-05-15 16:00:00+00:00
1747339200000,222.75,225.52,219.06,223.74,146520.4,2025-05-15 20:00:00+00:00
1747353600000,223.76,230.11,221.35,229.39,155926.9,2025-05-16 00:00:00+00:00
1747368000000,229.38,238.73,228.23,237.55,241885.8,2025-05-16 04:00:00+00:00
1747382400000,237.58,245.08,234.69,241.81,362883.7,2025-05-16 08:00:00+00:00
1747396800000,241.82,242.83,233.49,235.7,240352.7,2025-05-16 12:00:00+00:00
1747411200000,235.71,237.43,231.36,234.83,142147.9,2025-05-16 16:00:00+00:00
1747425600000,234.83,235.14,228.14,230.83,133874.3,2025-05-16 20:00:00+00:00
1747440000000,230.81,231.95,221.33,227.26,258122.8,2025-05-17 00:00:00+00:00
1747454400000,227.28,229.99,224.55,225.62,150309.3,2025-05-17 04:00:00+00:00
1747468800000,225.6,228.47,223.45,225.08,121232.2,2025-05-17 08:00:00+00:00
1747483200000,225.08,225.78,220.86,223.16,122182.2,2025-05-17 12:00:00+00:00
1747497600000,223.16,224.49,220.35,221.04,105564.2,2025-05-17 16:00:00+00:00
1747512000000,221.04,225.41,219.62,222.05,103430.8,2025-05-17 20:00:00+00:00
1747526400000,222.06,223.58,219.63,220.22,74114.6,2025-05-18 00:00:00+00:00
1747540800000,220.22,227.58,220.12,227.02,131533.7,2025-05-18 04:00:00+00:00
1747555200000,227.03,229.2,224.28,225.19,124501.8,2025-05-18 08:00:00+00:00
1747569600000,225.19,242.08,224.18,241.99,224598.3,2025-05-18 12:00:00+00:00
1747584000000,241.99,244.0,223.17,223.3,393309.4,2025-05-18 16:00:00+00:00
1747598400000,223.29,233.56,218.32,231.97,336465.0,2025-05-18 20:00:00+00:00
1747612800000,231.97,234.53,216.92,217.28,226195.8,2025-05-19 00:00:00+00:00
1747627200000,217.3,219.62,211.8,218.51,237794.5,2025-05-19 04:00:00+00:00
1747641600000,218.49,221.69,216.65,220.15,162159.8,2025-05-19 08:00:00+00:00
1747656000000,220.18,229.49,217.28,228.52,249193.7,2025-05-19 12:00:00+00:00
1747670400000,228.54,240.67,226.25,240.28,409432.8,2025-05-19 16:00:00+00:00
1747684800000,240.26,249.85,237.61,247.68,305253.4,2025-05-19 20:00:00+00:00
1747699200000,247.69,267.85,246.31,266.09,706538.9,2025-05-20 00:00:00+00:00
1747713600000,266.08,270.49,263.47,266.14,683384.9,2025-05-20 04:00:00+00:00
1747728000000,266.18,267.81,260.0,263.19,490859.4,2025-05-20 08:00:00+00:00
1747742400000,263.18,264.15,258.5,263.14,526298.9,2025-05-20 12:00:00+00:00
1747756800000,263.1,265.4,254.06,258.41,424306.5,2025-05-20 16:00:00+00:00
1747771200000,258.41,261.54,256.5,259.3,283365.0,2025-05-20 20:00:00+00:00
1747785600000,259.31,261.75,257.06,259.66,181427.1,2025-05-21 00:00:00+00:00
1747800000000,259.66,261.96,256.28,260.5,292872.0,2025-05-21 04:00:00+00:00
1747814400000,260.5,261.52,252.81,253.9,260112.5,2025-05-21 08:00:00+00:00
1747828800000,253.89,257.12,250.73,254.37,277295.4,2025-05-21 12:00:00+00:00
1747843200000,254.38,260.49,243.08,248.66,566484.1,2025-05-21 16:00:00+00:00
1747857600000,248.64,254.77,246.04,247.42,220360.3,2025-05-21 20:00:00+00:00
1747872000000,247.44,257.0,246.38,255.95,244481.4,2025-05-22 00:00:00+00:00
1747886400000,255.96,256.26,250.44,252.88,192513.4,2025-05-22 04:00:00+00:00
1747900800000,252.88,259.9,251.22,255.06,313490.4,2025-05-22 08:00:00+00:00
1747915200000,255.1,258.72,251.74,256.62,211106.9,2025-05-22 12:00:00+00:00
1747929600000,256.63,259.02,254.04,256.18,141868.2,2025-05-22 16:00:00+00:00
1747944000000,256.19,257.9,253.71,256.77,113602.4,2025-05-22 20:00:00+00:00
1747958400000,256.77,264.09,254.0,262.29,242047.0,2025-05-23 00:00:00+00:00
1747972800000,262.32,262.72,253.56,255.08,199253.4,2025-05-23 04:00:00+00:00
1747987200000,255.09,260.52,245.82,247.11,294203.5,2025-05-23 08:00:00+00:00
1748001600000,247.16,262.99,239.1,253.1,700481.1,2025-05-23 12:00:00+00:00
1748016000000,253.09,262.35,252.01,260.66,234538.2,2025-05-23 16:00:00+00:00
1748030400000,260.65,262.0,253.0,256.03,238419.1,2025-05-23 20:00:00+00:00
1748044800000,256.05,260.0,250.34,254.36,254634.5,2025-05-24 00:00:00+00:00
1748059200000,254.36,262.12,253.46,259.26,287899.5,2025-05-24 04:00:00+00:00
1748073600000,259.25,267.15,257.21,263.47,269008.6,2025-05-24 08:00:00+00:00
1748088000000,263.47,273.9,261.76,272.01,443613.6,2025-05-24 12:00:00+00:00
1748102400000,272.01,276.86,265.46,266.0,392617.6,2025-05-24 16:00:00+00:00
1748116800000,266.0,266.04,259.62,261.68,201700.7,2025-05-24 20:00:00+00:00
1748131200000,261.68,270.48,256.23,269.36,336735.4,2025-05-25 00:00:00+00:00
1748145600000,269.37,270.6,264.13,266.43,282996.1,2025-05-25 04:00:00+00:00
1748160000000,266.42,268.49,261.13,264.49,281318.2,2025-05-25 08:00:00+00:00
1748174400000,264.49,266.44,259.53,264.51,283084.0,2025-05-25 12:00:00+00:00
1748188800000,264.51,266.2,260.12,264.93,151224.7,2025-05-25 16:00:00+00:00
1748203200000,264.94,269.89,261.76,269.14,212250.3,2025-05-25 20:00:00+00:00
1748217600000,269.15,276.16,268.65,270.1,307995.9,2025-05-26 00:00:00+00:00
1748232000000,270.08,273.87,266.0,270.1,209520.5,2025-05-26 04:00:00+00:00
1748246400000,270.1,270.55,261.71,263.78,231117.0,2025-05-26 08:00:00+00:00
1748260800000,263.76,265.19,259.08,264.72,242231.6,2025-05-26 12:00:00+00:00
1748275200000,264.73,268.38,262.17,267.76,232765.8,2025-05-26 16:00:00+00:00
1748289600000,267.77,269.38,265.73,267.36,98167.6,2025-05-26 20:00:00+00:00
1748304000000,267.39,267.83,262.84,265.39,156616.2,2025-05-27 00:00:00+00:00
1748318400000,265.39,273.94,265.0,272.92,217401.7,2025-05-27 04:00:00+00:00
1748332800000,272.94,280.47,272.84,279.95,311065.6,2025-05-27 08:00:00+00:00
1748347200000,279.94,282.84,276.31,277.37,304639.7,2025-05-27 12:00:00+00:00
1748361600000,277.31,280.35,273.8,275.48,167323.7,2025-05-27 16:00:00+00:00
1748376000000,275.49,276.8,270.71,271.47,127530.9,2025-05-27 20:00:00+00:00
1748390400000,271.46,273.36,267.38,273.17,166682.5,2025-05-28 00:00:00+00:00
1748404800000,273.15,274.54,268.55,268.73,180696.3,2025-05-28 04:00:00+00:00
1748419200000,268.72,271.08,266.81,269.73,132580.2,2025-05-28 08:00:00+00:00
1748433600000,269.74,270.92,263.86,264.01,211812.4,2025-05-28 12:00:00+00:00
1748448000000,264.02,266.55,260.97,261.05,150008.9,2025-05-28 16:00:00+00:00
1748462400000,261.05,265.29,260.18,264.88,152180.0,2025-05-28 20:00:00+00:00
1748476800000,264.88,274.27,262.75,271.07,288739.6,2025-05-29 00:00:00+00:00
1748491200000,271.07,273.78,265.68,269.62,228369.6,2025-05-29 04:00:00+00:00
1748505600000,269.64,269.74,265.15,266.24,111293.5,2025-05-29 08:00:00+00:00
1748520000000,266.24,266.24,252.49,255.27,380873.3,2025-05-29 12:00:00+00:00
1748534400000,255.27,258.51,253.13,253.22,155442.4,2025-05-29 16:00:00+00:00
1748548800000,253.2,255.58,248.82,249.97,144365.6,2025-05-29 20:00:00+00:00
1748563200000,249.96,252.87,240.02,249.63,311793.1,2025-05-30 00:00:00+00:00
1748577600000,249.64,253.99,248.88,250.22,162840.5,2025-05-30 04:00:00+00:00
1748592000000,250.23,251.44,247.29,249.53,145523.8,2025-05-30 08:00:00+00:00
1748606400000,249.54,251.9,244.71,246.53,183758.6,2025-05-30 12:00:00+00:00
1748620800000,246.54,255.18,239.8,253.74,301730.9,2025-05-30 16:00:00+00:00
1748635200000,253.73,256.24,248.5,250.79,225143.6,2025-05-30 20:00:00+00:00
1748649600000,250.79,251.93,242.0,250.18,365235.9,2025-05-31 00:00:00+00:00
1748664000000,250.18,253.66,247.11,248.54,201807.3,2025-05-31 04:00:00+00:00
1748678400000,248.55,251.19,247.14,247.2,149015.7,2025-05-31 08:00:00+00:00
1748692800000,247.2,252.45,246.11,248.5,217653.1,2025-05-31 12:00:00+00:00
1748707200000,248.51,253.95,247.54,253.6,130379.9,2025-05-31 16:00:00+00:00
1748721600000,253.58,254.33,246.66,246.94,108904.2,2025-05-31 20:00:00+00:00
1748736000000,246.93,246.94,237.43,241.11,269619.1,2025-06-01 00:00:00+00:00
1748750400000,241.1,245.42,240.84,241.32,134042.0,2025-06-01 04:00:00+00:00
1748764800000,241.31,242.8,238.19,240.02,121916.5,2025-06-01 08:00:00+00:00
1748779200000,240.06,250.28,239.07,250.19,164025.4,2025-06-01 12:00:00+00:00
1748793600000,250.16,254.44,243.96,245.14,322853.2,2025-06-01 16:00:00+00:00
1748808000000,245.14,249.11,244.04,245.97,89269.8,2025-06-01 20:00:00+00:00
1748822400000,245.99,246.55,240.97,241.13,117058.9,2025-06-02 00:00:00+00:00
1748836800000,241.13,243.53,239.35,243.43,117094.6,2025-06-02 04:00:00+00:00
1748851200000,243.43,244.48,239.04,241.97,124687.2,2025-06-02 08:00:00+00:00
1748865600000,241.97,253.23,241.9,251.81,357958.7,2025-06-02 12:00:00+00:00
1748880000000,251.84,254.57,249.21,250.83,172885.0,2025-06-02 16:00:00+00:00
1748894400000,250.84,258.02,250.16,257.66,162721.1,2025-06-02 20:00:00+00:00
1748908800000,257.64,259.86,254.4,256.36,184190.5,2025-06-03 00:00:00+00:00
1748923200000,256.33,258.6,254.1,258.27,96085.5,2025-06-03 04:00:00+00:00
1748937600000,258.28,260.24,255.88,259.14,133338.8,2025-06-03 08:00:00+00:00
1748952000000,259.14,272.95,258.94,269.12,395370.1,2025-06-03 12:00:00+00:00
1748966400000,269.12,270.52,266.38,268.56,167186.3,2025-06-03 16:00:00+00:00
1748980800000,268.59,268.93,263.15,266.33,132565.5,2025-06-03 20:00:00+00:00
1748995200000,266.3,268.36,262.68,266.63,139943.4,2025-06-04 00:00:00+00:00
1749009600000,266.64,268.02,262.71,265.38,112060.0,2025-06-04 04:00:00+00:00
1749024000000,265.4,272.8,265.31,268.86,233248.6,2025-06-04 08:00:00+00:00
1749038400000,268.87,275.82,266.55,273.25,342430.9,2025-06-04 12:00:00+00:00
1749052800000,273.25,273.58,265.45,266.12,182523.6,2025-06-04 16:00:00+00:00
1749067200000,266.1,266.4,263.0,263.97,145778.8,2025-06-04 20:00:00+00:00
1749081600000,263.98,266.28,262.09,264.22,118760.1,2025-06-05 00:00:00+00:00
1749096000000,264.21,266.39,260.36,260.93,174875.6,2025-06-05 04:00:00+00:00
1749110400000,260.94,263.83,259.51,261.2,141988.8,2025-06-05 08:00:00+00:00
1749124800000,261.19,266.82,258.04,260.3,304859.4,2025-06-05 12:00:00+00:00
1749139200000,260.3,260.69,248.97,251.25,333067.6,2025-06-05 16:00:00+00:00
1749153600000,251.24,251.96,240.0,241.55,389260.4,2025-06-05 20:00:00+00:00
1749168000000,241.55,248.83,239.64,248.7,173276.6,2025-06-06 00:00:00+00:00
1749182400000,248.69,249.09,245.16,248.0,135130.9,2025-06-06 04:00:00+00:00
1749196800000,248.0,251.92,247.77,250.13,159267.8,2025-06-06 08:00:00+00:00
1749211200000,250.13,254.18,247.83,252.83,262824.1,2025-06-06 12:00:00+00:00
1749225600000,252.83,254.96,250.25,250.32,183461.3,2025-06-06 16:00:00+00:00
1749240000000,250.31,254.34,249.8,250.79,97471.6,2025-06-06 20:00:00+00:00
1749254400000,250.79,254.45,249.2,253.45,104772.2,2025-06-07 00:00:00+00:00
1749268800000,253.44,254.82,251.73,253.52,99584.7,2025-06-07 04:00:00+00:00
1749283200000,253.52,254.36,251.71,252.97,72487.3,2025-06-07 08:00:00+00:00
1749297600000,252.96,258.57,252.82,258.25,152766.0,2025-06-07 12:00:00+00:00
1749312000000,258.23,259.78,255.93,257.43,108757.9,2025-06-07 16:00:00+00:00
1749326400000,257.41,260.44,257.2,257.36,82800.6,2025-06-07 20:00:00+00:00
1749340800000,257.36,257.46,254.28,255.88,74957.3,2025-06-08 00:00:00+00:00
1749355200000,255.89,255.89,253.87,254.43,57302.7,2025-06-08 04:00:00+00:00
1749369600000,254.43,255.12,252.09,254.23,101962.8,2025-06-08 08:00:00+00:00
1749384000000,254.24,255.2,252.04,252.97,95276.5,2025-06-08 12:00:00+00:00
1749398400000,252.97,257.16,252.76,255.61,119135.0,2025-06-08 16:00:00+00:00
1749412800000,255.61,257.07,253.33,253.68,92399.8,2025-06-08 20:00:00+00:00
1749427200000,253.68,254.3,250.18,251.62,124432.3,2025-06-09 00:00:00+00:00
1749441600000,251.61,255.37,250.9,254.15,107753.3,2025-06-09 04:00:00+00:00
1749456000000,254.16,260.92,252.23,260.08,264254.1,2025-06-09 08:00:00+00:00
1749470400000,260.09,263.58,258.37,262.23,200866.5,2025-06-09 12:00:00+00:00
1749484800000,262.25,268.73,261.7,268.24,204694.5,2025-06-09 16:00:00+00:00
1749499200000,268.22,285.61,267.0,283.24,276423.1,2025-06-09 20:00:00+00:00
1749513600000,283.25,292.0,282.69,290.04,330085.5,2025-06-10 00:00:00+00:00
1749528000000,290.04,294.31,288.32,290.74,294332.2,2025-06-10 04:00:00+00:00
1749542400000,290.75,317.84,288.77,313.7,731518.8,2025-06-10 08:00:00+00:00
1749556800000,313.68,317.52,300.16,304.91,691667.3,2025-06-10 12:00:00+00:00
1749571200000,304.95,310.67,302.15,306.19,328967.9,2025-06-10 16:00:00+00:00
1749585600000,306.21,311.46,300.76,308.17,342771.5,2025-06-10 20:00:00+00:00
1749600000000,308.16,309.96,304.11,309.42,185876.2,2025-06-11 00:00:00+00:00
1749614400000,309.46,312.93,307.85,310.42,171311.4,2025-06-11 04:00:00+00:00
1749628800000,310.42,310.76,305.17,308.25,169876.0,2025-06-11 08:00:00+00:00
1749643200000,308.26,325.43,307.02,315.53,575663.7,2025-06-11 12:00:00+00:00
1749657600000,315.53,315.6,305.22,305.6,274282.2,2025-06-11 16:00:00+00:00
1749672000000,305.59,309.47,300.19,303.65,216799.8,2025-06-11 20:00:00+00:00
1749686400000,303.66,305.75,295.6,297.45,266703.9,2025-06-12 00:00:00+00:00
1749700800000,297.44,301.22,294.82,295.79,171859.5,2025-06-12 04:00:00+00:00
1749715200000,295.78,297.49,292.4,293.4,215267.9,2025-06-12 08:00:00+00:00
1749729600000,293.42,301.28,292.04,297.04,277130.2,2025-06-12 12:00:00+00:00
1749744000000,297.05,309.08,295.48,297.03,314101.0,2025-06-12 16:00:00+00:00
1749758400000,297.0,298.71,288.14,293.8,344157.2,2025-06-12 20:00:00+00:00
1749772800000,293.81,294.1,262.51,272.31,884698.7,2025-06-13 00:00:00+00:00
1749787200000,272.31,285.68,266.0,280.67,502366.0,2025-06-13 04:00:00+00:00
1749801600000,280.66,288.1,279.58,284.54,446025.6,2025-06-13 08:00:00+00:00
1749816000000,284.55,287.95,276.73,284.6,470728.0,2025-06-13 12:00:00+00:00
1749830400000,284.61,289.0,277.3,281.11,345532.0,2025-06-13 16:00:00+00:00
1749844800000,281.12,291.3,278.28,290.99,211693.9,2025-06-13 20:00:00+00:00
1749859200000,290.98,291.05,285.17,286.68,210226.0,2025-06-14 00:00:00+00:00
1749873600000,286.7,287.19,277.48,277.87,233405.6,2025-06-14 04:00:00+00:00
1749888000000,277.87,278.29,273.16,277.61,239047.6,2025-06-14 08:00:00+00:00
1749902400000,277.6,278.23,270.77,272.19,214558.0,2025-06-14 12:00:00+00:00
1749916800000,272.19,274.27,268.0,272.57,230675.3,2025-06-14 16:00:00+00:00
1749931200000,272.55,278.71,271.17,275.04,157964.5,2025-06-14 20:00:00+00:00
1749945600000,275.05,278.14,274.18,275.22,100155.1,2025-06-15 00:00:00+00:00
1749960000000,275.21,277.43,271.46,272.77,152248.7,2025-06-15 04:00:00+00:00
1749974400000,272.76,276.65,270.3,275.65,143335.4,2025-06-15 08:00:00+00:00
1749988800000,275.66,278.82,273.51,273.92,168318.7,2025-06-15 12:00:00+00:00
1750003200000,273.93,275.12,271.39,272.86,111605.8,2025-06-15 16:00:00+00:00
1750017600000,272.86,275.05,266.29,274.82,192602.3,2025-06-15 20:00:00+00:00
1750032000000,274.82,280.36,271.65,277.64,224461.9,2025-06-16 00:00:00+00:00
1750046400000,277.65,291.83,277.17,289.31,369311.6,2025-06-16 04:00:00+00:00
1750060800000,289.33,291.41,281.61,285.44,290664.7,2025-06-16 08:00:00+00:00
1750075200000,285.43,293.72,283.38,288.86,346742.3,2025-06-16 12:00:00+00:00
1750089600000,288.86,290.36,285.69,288.89,138269.2,2025-06-16 16:00:00+00:00
1750104000000,288.88,289.78,274.14,275.05,276723.2,2025-06-16 20:00:00+00:00
1750118400000,275.04,283.62,271.57,281.71,372031.1,2025-06-17 00:00:00+00:00
1750132800000,281.76,283.33,275.43,275.85,154226.0,2025-06-17 04:00:00+00:00
1750147200000,275.82,278.15,267.15,270.28,245646.0,2025-06-17 08:00:00+00:00
1750161600000,270.3,272.63,263.6,266.4,341693.7,2025-06-17 12:00:00+00:00
1750176000000,266.36,273.63,261.99,271.04,334224.9,2025-06-17 16:00:00+00:00
1750190400000,271.05,271.9,266.27,266.46,201065.9,2025-06-17 20:00:00+00:00
1750204800000,266.47,269.57,264.32,267.62,120500.6,2025-06-18 00:00:00+00:00
1750219200000,267.63,269.93,263.69,265.41,133856.1,2025-06-18 04:00:00+00:00
1750233600000,265.43,267.99,258.17,261.3,272900.4,2025-06-18 08:00:00+00:00
1750248000000,261.29,264.23,255.21,259.76,349891.9,2025-06-18 12:00:00+00:00
1750262400000,259.76,261.0,255.0,257.47,250000.9,2025-06-18 16:00:00+00:00
1750276800000,257.44,263.98,256.21,258.9,162418.2,2025-06-18 20:00:00+00:00
1750291200000,258.9,262.84,257.28,259.15,146669.6,2025-06-19 00:00:00+00:00
1750305600000,259.15,260.85,256.16,259.69,164120.6,2025-06-19 04:00:00+00:00
1750320000000,259.69,266.31,259.57,263.23,241096.0,2025-06-19 08:00:00+00:00
1750334400000,263.23,264.6,248.67,250.07,423505.5,2025-06-19 12:00:00+00:00
1750348800000,250.07,254.6,249.38,252.56,178141.9,2025-06-19 16:00:00+00:00
1750363200000,252.57,257.54,251.3,255.46,140259.1,2025-06-19 20:00:00+00:00
1750377600000,255.5,257.25,253.86,254.68,99562.9,2025-06-20 00:00:00+00:00
1750392000000,254.67,259.63,251.06,259.63,168061.2,2025-06-20 04:00:00+00:00
1750406400000,259.63,262.56,257.77,260.75,203089.4,2025-06-20 08:00:00+00:00
1750420800000,260.75,264.34,253.85,254.83,330531.9,2025-06-20 12:00:00+00:00
1750435200000,254.84,255.08,241.88,247.76,549266.8,2025-06-20 16:00:00+00:00
1750449600000,247.75,252.24,245.04,247.22,163781.4,2025-06-20 20:00:00+00:00
1750464000000,247.22,248.63,245.78,246.8,111322.3,2025-06-21 00:00:00+00:00
1750478400000,246.8,249.93,246.31,247.14,97903.6,2025-06-21 04:00:00+00:00
1750492800000,247.14,249.43,246.15,248.84,126046.8,2025-06-21 08:00:00+00:00
1750507200000,248.86,249.77,242.54,244.53,189766.4,2025-06-21 12:00:00+00:00
1750521600000,244.53,245.63,240.35,242.48,198991.8,2025-06-21 16:00:00+00:00
1750536000000,242.48,246.3,226.77,234.55,398729.9,2025-06-21 20:00:00+00:00
1750550400000,234.58,238.82,229.33,231.07,315926.8,2025-06-22 00:00:00+00:00
1750564800000,231.08,236.63,230.55,232.52,182838.1,2025-06-22 04:00:00+00:00
1750579200000,232.53,232.75,225.78,229.67,225844.3,2025-06-22 08:00:00+00:00
1750593600000,229.67,233.0,218.73,222.08,585745.4,2025-06-22 12:00:00+00:00
1750608000000,222.06,224.89,216.73,217.92,245467.6,2025-06-22 16:00:00+00:00
1750622400000,217.93,227.79,212.82,227.78,405018.2,2025-06-22 20:00:00+00:00
1750636800000,227.78,231.37,226.03,230.12,178374.8,2025-06-23 00:00:00+00:00
1750651200000,230.15,234.39,228.45,232.03,223708.6,2025-06-23 04:00:00+00:00
1750665600000,232.04,232.71,228.73,229.68,142784.4,2025-06-23 08:00:00+00:00
1750680000000,229.67,236.26,226.78,228.59,340697.1,2025-06-23 12:00:00+00:00
1750694400000,228.6,244.76,221.61,244.28,558114.9,2025-06-23 16:00:00+00:00
1750708800000,244.28,258.18,241.84,256.89,497649.6,2025-06-23 20:00:00+00:00
1750723200000,256.86,260.4,252.87,259.33,221703.4,2025-06-24 00:00:00+00:00
1750737600000,259.32,264.09,257.36,257.54,301129.7,2025-06-24 04:00:00+00:00
1750752000000,257.54,264.88,255.4,260.96,311257.5,2025-06-24 08:00:00+00:00
1750766400000,260.96,263.08,257.73,260.95,188524.4,2025-06-24 12:00:00+00:00
1750780800000,260.97,269.5,260.35,264.48,314243.7,2025-06-24 16:00:00+00:00
1750795200000,264.44,266.44,261.73,263.95,122107.2,2025-06-24 20:00:00+00:00
1750809600000,263.95,270.87,262.24,265.69,184601.0,2025-06-25 00:00:00+00:00
1750824000000,265.69,266.3,262.7,265.02,97356.5,2025-06-25 04:00:00+00:00
1750838400000,265.02,265.78,259.24,260.59,191967.1,2025-06-25 08:00:00+00:00
1750852800000,260.6,265.07,255.73,256.96,339358.0,2025-06-25 12:00:00+00:00
1750867200000,256.96,259.68,255.36,258.03,140770.6,2025-06-25 16:00:00+00:00
1750881600000,258.09,260.19,254.19,255.81,96771.6,2025-06-25 20:00:00+00:00
1750896000000,255.81,265.4,254.65,262.47,203907.8,2025-06-26 00:00:00+00:00
1750910400000,262.47,264.36,258.2,261.75,146299.8,2025-06-26 04:00:00+00:00
1750924800000,261.74,264.39,255.54,255.87,192648.1,2025-06-26 08:00:00+00:00
1750939200000,255.87,256.81,250.84,253.56,274557.0,2025-06-26 12:00:00+00:00
1750953600000,253.53,254.74,250.02,253.52,172571.8,2025-06-26 16:00:00+00:00
1750968000000,253.51,258.74,248.93,250.19,204372.2,2025-06-26 20:00:00+00:00
1750982400000,250.19,256.45,248.53,255.94,141687.0,2025-06-27 00:00:00+00:00
1750996800000,255.93,259.57,254.9,256.33,139472.5,2025-06-27 04:00:00+00:00
1751011200000,256.33,263.47,256.33,261.24,250089.9,2025-06-27 08:00:00+00:00
1751025600000,261.23,266.03,257.76,264.78,245803.8,2025-06-27 12:00:00+00:00
1751040000000,264.8,266.56,252.92,256.84,350723.7,2025-06-27 16:00:00+00:00
1751054400000,256.84,259.3,255.27,259.12,111105.8,2025-06-27 20:00:00+00:00
1751068800000,259.12,259.54,255.58,257.0,97871.8,2025-06-28 00:00:00+00:00
1751083200000,257.0,257.1,254.87,256.37,78544.5,2025-06-28 04:00:00+00:00
1751097600000,256.37,256.97,253.71,254.9,97131.4,2025-06-28 08:00:00+00:00
1751112000000,254.91,257.24,252.98,256.94,104515.1,2025-06-28 12:00:00+00:00
1751126400000,256.93,258.71,255.17,257.26,116984.9,2025-06-28 16:00:00+00:00
1751140800000,257.28,261.8,256.86,259.76,84768.0,2025-06-28 20:00:00+00:00
1751155200000,259.77,260.94,257.13,257.16,87112.9,2025-06-29 00:00:00+00:00
1751169600000,257.17,264.48,256.26,264.47,115747.8,2025-06-29 04:00:00+00:00
1751184000000,264.47,273.82,263.18,272.35,295161.3,2025-06-29 08:00:00+00:00
1751198400000,272.35,274.65,269.73,271.74,221657.5,2025-06-29 12:00:00+00:00
1751212800000,271.74,277.41,270.22,275.0,161025.6,2025-06-29 16:00:00+00:00
1751227200000,274.99,280.69,271.03,278.42,234065.9,2025-06-29 20:00:00+00:00
1751241600000,278.4,280.84,274.87,275.53,203770.4,2025-06-30 00:00:00+00:00
1751256000000,275.53,276.72,270.22,273.26,131198.5,2025-06-30 04:00:00+00:00
1751270400000,273.25,273.6,268.87,269.95,146700.2,2025-06-30 08:00:00+00:00
1751284800000,269.93,276.42,268.35,275.74,255357.1,2025-06-30 12:00:00+00:00
1751299200000,275.75,283.55,271.76,282.89,200346.6,2025-06-30 16:00:00+00:00
1751313600000,282.88,284.82,272.37,274.3,221881.4,2025-06-30 20:00:00+00:00
1751328000000,274.32,277.31,273.17,274.45,130496.9,2025-07-01 00:00:00+00:00
1751342400000,274.47,274.47,267.6,271.04,183160.7,2025-07-01 04:00:00+00:00
1751356800000,271.04,271.04,267.01,267.88,104635.0,2025-07-01 08:00:00+00:00
1751371200000,267.89,268.07,262.56,265.04,227686.0,2025-07-01 12:00:00+00:00
1751385600000,265.03,266.44,261.73,261.98,122425.5,2025-07-01 16:00:00+00:00
1751400000000,261.98,264.35,259.36,259.76,95816.0,2025-07-01 20:00:00+00:00
1751414400000,259.76,261.23,257.02,260.5,149866.6,2025-07-02 00:00:00+00:00
1751428800000,260.49,263.89,258.88,262.41,177505.3,2025-07-02 04:00:00+00:00
1751443200000,262.45,265.58,262.45,264.15,143673.5,2025-07-02 08:00:00+00:00
1751457600000,264.15,273.89,262.13,273.82,238517.1,2025-07-02 12:00:00+00:00
1751472000000,273.81,283.41,272.71,279.67,405760.4,2025-07-02 16:00:00+00:00
1751486400000,279.66,281.87,275.7,276.05,182239.1,2025-07-02 20:00:00+00:00
1751500800000,276.04,277.15,272.8,273.01,127097.8,2025-07-03 00:00:00+00:00
1751515200000,273.0,282.56,272.72,282.56,202289.5,2025-07-03 04:00:00+00:00
1751529600000,282.55,284.85,278.1,280.77,205332.5,2025-07-03 08:00:00+00:00
1751544000000,280.76,285.54,274.45,275.56,461620.7,2025-07-03 12:00:00+00:00
1751558400000,275.54,280.67,275.38,278.97,130294.1,2025-07-03 16:00:00+00:00
1751572800000,278.97,281.76,278.71,279.27,90142.8,2025-07-03 20:00:00+00:00
1751587200000,279.25,282.85,276.26,276.65,147983.6,2025-07-04 00:00:00+00:00
1751601600000,276.65,277.39,269.66,270.07,195667.8,2025-07-04 04:00:00+00:00
1751616000000,270.07,271.9,268.03,268.46,157994.8,2025-07-04 08:00:00+00:00
1751630400000,268.46,269.4,260.5,261.72,283188.1,2025-07-04 12:00:00+00:00
1751644800000,261.72,262.97,258.38,261.49,165005.1,2025-07-04 16:00:00+00:00
1751659200000,261.5,267.63,261.03,265.84,122239.8,2025-07-04 20:00:00+00:00
1751673600000,265.84,269.82,264.86,268.15,96810.9,2025-07-05 00:00:00+00:00
1751688000000,268.15,271.19,266.83,270.31,84830.6,2025-07-05 04:00:00+00:00
1751702400000,270.3,275.53,268.08,273.5,141954.2,2025-07-05 08:00:00+00:00
1751716800000,273.5,274.16,269.81,269.96,123576.7,2025-07-05 12:00:00+00:00
1751731200000,269.98,271.97,267.11,271.09,131076.2,2025-07-05 16:00:00+00:00
1751745600000,271.08,276.58,270.06,273.37,127891.6,2025-07-05 20:00:00+00:00
1751760000000,273.38,274.19,271.59,273.49,71890.7,2025-07-06 00:00:00+00:00
1751774400000,273.48,273.98,271.14,271.28,65498.0,2025-07-06 04:00:00+00:00
1751788800000,271.28,272.53,269.69,271.09,93432.3,2025-07-06 08:00:00+00:00
1751803200000,271.09,278.71,270.14,275.96,204365.7,2025-07-06 12:00:00+00:00
1751817600000,275.95,277.25,273.33,276.49,76644.8,2025-07-06 16:00:00+00:00
1751832000000,276.49,291.71,276.42,287.18,258479.9,2025-07-06 20:00:00+00:00
1751846400000,287.18,288.97,283.14,287.17,141839.8,2025-07-07 00:00:00+00:00
1751860800000,287.17,290.0,285.22,287.15,131943.2,2025-07-07 04:00:00+00:00
1751875200000,287.15,288.39,285.3,287.16,120438.4,2025-07-07 08:00:00+00:00
1751889600000,287.16,290.67,284.73,286.53,249452.2,2025-07-07 12:00:00+00:00
1751904000000,286.51,287.68,279.06,280.95,281710.3,2025-07-07 16:00:00+00:00
1751918400000,280.92,283.52,277.41,283.06,123146.9,2025-07-07 20:00:00+00:00
1751932800000,283.06,284.79,277.31,279.38,153400.5,2025-07-08 00:00:00+00:00
1751947200000,279.39,283.0,278.92,282.81,96536.0,2025-07-08 04:00:00+00:00
1751961600000,282.81,288.28,280.61,288.19,136974.3,2025-07-08 08:00:00+00:00
1751976000000,288.19,290.8,284.63,285.34,232964.3,2025-07-08 12:00:00+00:00
1751990400000,285.36,295.0,283.66,290.78,241305.9,2025-07-08 16:00:00+00:00
1752004800000,290.76,293.79,289.0,292.85,77362.3,2025-07-08 20:00:00+00:00
1752019200000,292.85,294.88,289.99,290.43,112291.2,2025-07-09 00:00:00+00:00
1752033600000,290.43,303.38,290.25,298.79,233102.7,2025-07-09 04:00:00+00:00
1752048000000,298.78,301.36,296.77,298.79,146510.4,2025-07-09 08:00:00+00:00
1752062400000,298.79,302.39,295.84,297.91,226560.2,2025-07-09 12:00:00+00:00
1752076800000,297.91,304.8,294.66,302.61,275652.8,2025-07-09 16:00:00+00:00
1752091200000,302.6,306.59,295.64,301.47,275027.5,2025-07-09 20:00:00+00:00
1752105600000,301.48,302.29,297.8,298.58,135423.6,2025-07-10 00:00:00+00:00
1752120000000,298.57,299.63,295.77,297.13,219698.9,2025-07-10 04:00:00+00:00
1752134400000,297.12,297.63,293.13,294.54,176836.7,2025-07-10 08:00:00+00:00
1752148800000,294.53,296.41,292.15,295.98,205401.4,2025-07-10 12:00:00+00:00
1752163200000,295.99,307.98,295.61,305.53,408385.8,2025-07-10 16:00:00+00:00
1752177600000,305.52,315.95,304.4,308.68,325209.0,2025-07-10 20:00:00+00:00
1752192000000,308.69,309.09,302.75,306.11,207062.0,2025-07-11 00:00:00+00:00
1752206400000,306.11,315.52,303.87,308.24,334599.1,2025-07-11 04:00:00+00:00
1752220800000,308.25,318.09,308.15,314.28,306522.9,2025-07-11 08:00:00+00:00
1752235200000,314.29,315.06,302.68,304.25,356633.9,2025-07-11 12:00:00+00:00
1752249600000,304.28,309.91,303.69,308.54,236102.0,2025-07-11 16:00:00+00:00
1752264000000,308.53,308.8,294.13,297.37,301679.7,2025-07-11 20:00:00+00:00
1752278400000,297.37,302.18,292.51,300.77,198568.1,2025-07-12 00:00:00+00:00
1752292800000,300.76,302.7,296.78,301.96,121519.5,2025-07-12 04:00:00+00:00
1752307200000,301.96,306.79,301.55,303.43,145359.1,2025-07-12 08:00:00+00:00
1752321600000,303.44,304.11,292.68,295.51,288413.1,2025-07-12 12:00:00+00:00
1752336000000,295.52,301.82,294.65,301.1,147660.5,2025-07-12 16:00:00+00:00
1752350400000,301.12,303.0,298.07,302.15,106598.6,2025-07-12 20:00:00+00:00
1752364800000,302.15,303.28,299.84,302.56,98301.3,2025-07-13 00:00:00+00:00
1752379200000,302.54,305.56,300.45,304.51,95975.4,2025-07-13 04:00:00+00:00
1752393600000,304.51,305.16,300.88,302.54,95348.0,2025-07-13 08:00:00+00:00
1752408000000,302.53,317.7,302.32,311.48,417136.6,2025-07-13 12:00:00+00:00
1752422400000,311.49,314.86,307.64,311.79,181069.8,2025-07-13 16:00:00+00:00
1752436800000,311.79,312.62,303.2,305.59,155866.0,2025-07-13 20:00:00+00:00
1752451200000,305.6,325.19,305.07,324.04,311575.0,2025-07-14 00:00:00+00:00
1752465600000,324.05,327.77,318.63,324.4,319716.2,2025-07-14 04:00:00+00:00
1752480000000,324.42,331.73,320.01,323.83,314498.3,2025-07-14 08:00:00+00:00
1752494400000,323.83,327.81,316.66,319.94,323114.7,2025-07-14 12:00:00+00:00
1752508800000,319.93,321.72,312.31,313.96,200628.7,2025-07-14 16:00:00+00:00
1752523200000,313.95,317.27,310.78,315.05,119471.0,2025-07-14 20:00:00+00:00
1752537600000,315.07,316.61,305.52,308.2,296275.7,2025-07-15 00:00:00+00:00
1752552000000,308.19,317.92,306.19,313.46,219991.1,2025-07-15 04:00:00+00:00
1752566400000,313.47,315.69,308.59,310.43,175508.1,2025-07-15 08:00:00+00:00
1752580800000,310.44,324.33,308.25,323.4,484185.8,2025-07-15 12:00:00+00:00
1752595200000,323.41,331.64,317.27,317.56,419803.9,2025-07-15 16:00:00+00:00
1752609600000,317.53,330.25,316.22,327.5,223066.0,2025-07-15 20:00:00+00:00
1752624000000,327.5,330.83,321.41,323.32,199650.7,2025-07-16 00:00:00+00:00
1752638400000,323.34,335.14,321.07,332.58,267338.7,2025-07-16 04:00:00+00:00
1752652800000,332.57,333.59,328.26,329.22,134952.9,2025-07-16 08:00:00+00:00
1752667200000,329.21,335.0,323.2,326.46,270974.2,2025-07-16 12:00:00+00:00
1752681600000,326.47,333.96,324.1,330.16,226303.5,2025-07-16 16:00:00+00:00
1752696000000,330.12,333.36,321.26,323.15,240660.7,2025-07-16 20:00:00+00:00
1752710400000,323.18,327.46,316.25,317.38,223025.2,2025-07-17 00:00:00+00:00
1752724800000,317.37,326.42,316.48,324.3,218336.5,2025-07-17 04:00:00+00:00
1752739200000,324.31,331.85,321.01,322.1,274322.2,2025-07-17 08:00:00+00:00
1752753600000,322.1,326.02,317.35,324.56,226019.7,2025-07-17 12:00:00+00:00
1752768000000,324.51,325.49,315.2,316.89,310147.2,2025-07-17 16:00:00+00:00
1752782400000,316.87,324.81,312.26,321.69,356124.5,2025-07-17 20:00:00+00:00
1752796800000,321.68,330.03,316.83,328.18,448444.8,2025-07-18 00:00:00+00:00
1752811200000,328.17,338.15,325.65,327.66,512300.4,2025-07-18 04:00:00+00:00
1752825600000,327.66,333.06,324.57,328.37,341655.8,2025-07-18 08:00:00+00:00
1752840000000,328.38,334.82,314.17,317.56,559673.4,2025-07-18 12:00:00+00:00
1752854400000,317.59,324.72,315.28,317.93,263722.9,2025-07-18 16:00:00+00:00
1752868800000,317.96,326.12,311.25,324.35,314849.5,2025-07-18 20:00:00+00:00
1752883200000,324.4,325.83,315.83,321.39,149894.1,2025-07-19 00:00:00+00:00
1752897600000,321.4,323.35,315.72,316.34,108800.5,2025-07-19 04:00:00+00:00
1752912000000,316.33,316.98,312.95,314.12,130137.6,2025-07-19 08:00:00+00:00
1752926400000,314.11,316.75,311.66,315.4,135316.5,2025-07-19 12:00:00+00:00
1752940800000,315.41,318.22,313.19,316.3,115768.6,2025-07-19 16:00:00+00:00
1752955200000,316.29,319.38,312.58,319.14,107618.6,2025-07-19 20:00:00+00:00
1752969600000,319.15,324.5,317.15,322.05,153145.9,2025-07-20 00:00:00+00:00
1752984000000,322.07,327.91,320.79,325.78,117278.5,2025-07-20 04:00:00+00:00
1752998400000,325.78,329.21,324.15,327.91,201160.8,2025-07-20 08:00:00+00:00
1753012800000,327.9,334.79,324.67,333.85,167601.5,2025-07-20 12:00:00+00:00
1753027200000,333.86,335.42,325.02,327.28,239720.5,2025-07-20 16:00:00+00:00
1753041600000,327.29,328.11,318.77,324.32,201900.2,2025-07-20 20:00:00+00:00
1753056000000,324.32,331.73,318.61,330.5,215621.2,2025-07-21 00:00:00+00:00
1753070400000,330.51,334.65,328.24,330.49,164240.8,2025-07-21 04:00:00+00:00
1753084800000,330.49,333.48,328.03,330.71,170831.2,2025-07-21 08:00:00+00:00
1753099200000,330.71,334.89,326.85,327.0,327619.5,2025-07-21 12:00:00+00:00
1753113600000,327.0,327.26,318.02,320.62,346137.7,2025-07-21 16:00:00+00:00
1753128000000,320.6,324.0,318.93,322.14,103809.7,2025-07-21 20:00:00+00:00
1753142400000,322.15,324.48,313.32,316.36,295289.7,2025-07-22 00:00:00+00:00
1753156800000,316.34,316.93,307.0,309.63,338910.7,2025-07-22 04:00:00+00:00
1753171200000,309.61,312.62,304.4,311.08,252270.6,2025-07-22 08:00:00+00:00
1753185600000,311.07,311.83,302.15,307.12,329745.7,2025-07-22 12:00:00+00:00
1753200000000,307.12,309.34,300.04,301.5,260172.0,2025-07-22 16:00:00+00:00
1753214400000,301.5,311.08,300.47,310.55,180624.9,2025-07-22 20:00:00+00:00
1753228800000,310.55,311.78,305.25,305.85,202181.3,2025-07-23 00:00:00+00:00
1753243200000,305.85,308.51,300.93,301.78,190799.2,2025-07-23 04:00:00+00:00
1753257600000,301.79,304.07,298.55,300.02,176686.6,2025-07-23 08:00:00+00:00
1753272000000,300.02,300.07,285.78,293.86,475427.4,2025-07-23 12:00:00+00:00
1753286400000,293.86,294.59,283.86,290.05,254196.7,2025-07-23 16:00:00+00:00
1753300800000,290.04,291.75,282.0,290.22,263454.9,2025-07-23 20:00:00+00:00
1753315200000,290.24,293.94,288.71,290.55,113246.1,2025-07-24 00:00:00+00:00
1753329600000,290.57,291.61,276.03,284.81,385857.0,2025-07-24 04:00:00+00:00
1753344000000,284.81,290.78,282.58,289.71,217978.0,2025-07-24 08:00:00+00:00
1753358400000,289.71,295.22,283.78,290.99,286042.2,2025-07-24 12:00:00+00:00
1753372800000,290.99,294.31,285.55,292.24,198762.3,2025-07-24 16:00:00+00:00
1753387200000,292.23,295.4,284.91,286.0,159528.0,2025-07-24 20:00:00+00:00
1753401600000,286.0,288.94,279.95,284.1,222316.2,2025-07-25 00:00:00+00:00
1753416000000,284.08,288.04,280.98,285.82,187922.3,2025-07-25 04:00:00+00:00
1753430400000,285.83,295.0,285.51,293.46,251582.1,2025-07-25 08:00:00+00:00
1753444800000,293.46,295.18,284.58,288.34,262094.9,2025-07-25 12:00:00+00:00
1753459200000,288.31,291.08,286.3,289.46,114803.9,2025-07-25 16:00:00+00:00
1753473600000,289.47,294.62,287.68,293.99,133651.8,2025-07-25 20:00:00+00:00
1753488000000,294.0,299.0,292.18,297.88,121410.7,2025-07-26 00:00:00+00:00
1753502400000,297.87,299.65,295.8,295.92,79784.8,2025-07-26 04:00:00+00:00
1753516800000,295.94,298.99,295.94,296.36,88335.3,2025-07-26 08:00:00+00:00
1753531200000,296.36,297.95,293.21,294.83,98528.7,2025-07-26 12:00:00+00:00
1753545600000,294.84,297.52,292.98,297.35,70456.6,2025-07-26 16:00:00+00:00
1753560000000,297.34,298.99,294.43,294.84,66975.8,2025-07-26 20:00:00+00:00
1753574400000,294.84,298.07,294.16,295.81,68524.2,2025-07-27 00:00:00+00:00
1753588800000,295.82,299.3,294.92,295.76,81819.4,2025-07-27 04:00:00+00:00
1753603200000,295.76,298.71,293.85,295.88,126438.3,2025-07-27 08:00:00+00:00
1753617600000,295.87,297.89,294.26,296.88,82596.9,2025-07-27 12:00:00+00:00
1753632000000,296.9,301.66,296.59,298.08,162971.1,2025-07-27 16:00:00+00:00
1753646400000,298.08,305.58,297.23,304.76,150365.2,2025-07-27 20:00:00+00:00
1753660800000,304.77,307.1,300.85,303.9,162329.1,2025-07-28 00:00:00+00:00
1753675200000,303.9,308.92,302.64,305.87,162147.3,2025-07-28 04:00:00+00:00
1753689600000,305.83,307.2,302.72,303.91,88390.6,2025-07-28 08:00:00+00:00
1753704000000,303.91,304.53,291.01,291.98,288540.7,2025-07-28 12:00:00+00:00
1753718400000,291.97,293.76,286.73,289.32,169997.8,2025-07-28 16:00:00+00:00
1753732800000,289.34,290.14,285.59,288.82,132180.9,2025-07-28 20:00:00+00:00
1753747200000,288.82,291.63,284.14,290.11,132602.0,2025-07-29 00:00:00+00:00
1753761600000,290.12,295.43,286.83,295.26,105263.9,2025-07-29 04:00:00+00:00
1753776000000,295.27,295.5,285.07,286.2,145290.8,2025-07-29 08:00:00+00:00
1753790400000,286.2,291.72,280.2,282.55,244986.0,2025-07-29 12:00:00+00:00
1753804800000,282.55,285.62,279.04,281.72,136182.2,2025-07-29 16:00:00+00:00
1753819200000,281.71,283.95,279.25,282.22,90486.7,2025-07-29 20:00:00+00:00
1753833600000,282.22,284.63,278.23,283.33,87908.4,2025-07-30 00:00:00+00:00
1753848000000,283.33,284.22,279.64,281.69,67983.7,2025-07-30 04:00:00+00:00
1753862400000,281.7,283.22,272.0,273.7,170916.8,2025-07-30 08:00:00+00:00
1753876800000,273.7,279.79,271.93,276.1,198986.0,2025-07-30 12:00:00+00:00
1753891200000,276.11,279.45,263.58,272.96,286377.4,2025-07-30 16:00:00+00:00
1753905600000,272.95,276.1,269.21,274.51,124780.0,2025-07-30 20:00:00+00:00
1753920000000,274.52,280.14,273.09,278.97,94191.4,2025-07-31 00:00:00+00:00
1753934400000,278.97,279.9,277.12,277.57,66785.3,2025-07-31 04:00:00+00:00
1753948800000,277.58,279.21,274.19,274.93,92304.3,2025-07-31 08:00:00+00:00
1753963200000,274.92,275.24,265.64,268.69,241045.1,2025-07-31 12:00:00+00:00
1753977600000,268.68,272.0,265.51,266.86,169016.7,2025-07-31 16:00:00+00:00
1753992000000,266.85,268.71,259.65,260.88,214698.1,2025-07-31 20:00:00+00:00
1754006400000,260.88,262.72,254.61,260.93,207277.4,2025-08-01 00:00:00+00:00
1754020800000,260.92,260.92,255.79,258.13,127719.5,2025-08-01 04:00:00+00:00
1754035200000,258.12,259.31,252.34,259.04,140414.1,2025-08-01 08:00:00+00:00
1754049600000,259.04,261.91,252.63,259.32,234053.9,2025-08-01 12:00:00+00:00
1754064000000,259.31,261.01,253.83,259.38,170453.7,2025-08-01 16:00:00+00:00
1754078400000,259.37,259.96,248.97,255.29,203055.6,2025-08-01 20:00:00+00:00
1754092800000,255.29,257.95,254.77,256.58,61006.3,2025-08-02 00:00:00+00:00
1754107200000,256.57,257.83,249.71,255.55,88746.8,2025-08-02 04:00:00+00:00
1754121600000,255.55,255.96,251.48,254.67,66431.0,2025-08-02 08:00:00+00:00
1754136000000,254.66,256.29,250.98,251.9,89966.9,2025-08-02 12:00:00+00:00
1754150400000,251.89,253.61,244.81,247.92,181555.6,2025-08-02 16:00:00+00:00
1754164800000,247.93,252.36,247.57,249.33,98999.6,2025-08-02 20:00:00+00:00
1754179200000,249.33,254.52,246.42,253.8,88968.5,2025-08-03 00:00:00+00:00
1754193600000,253.81,255.87,252.86,255.77,51015.6,2025-08-03 04:00:00+00:00
1754208000000,255.77,259.54,255.71,257.19,96618.3,2025-08-03 08:00:00+00:00
1754222400000,257.2,258.2,255.8,257.43,68965.8,2025-08-03 12:00:00+00:00
1754236800000,257.44,259.54,256.58,258.57,50193.2,2025-08-03 16:00:00+00:00
1754251200000,258.57,260.88,257.86,259.89,57043.6,2025-08-03 20:00:00+00:00
1754265600000,259.89,264.55,259.41,263.52,107076.8,2025-08-04 00:00:00+00:00
1754280000000,263.52,264.48,260.28,261.61,66257.9,2025-08-04 04:00:00+00:00
1754294400000,261.61,263.17,260.62,262.1,70448.3,2025-08-04 08:00:00+00:00
1754308800000,262.11,267.77,261.53,265.26,169040.5,2025-08-04 12:00:00+00:00
1754323200000,265.25,271.03,265.15,265.99,114071.6,2025-08-04 16:00:00+00:00
1754337600000,265.99,270.08,265.54,267.73,67440.0,2025-08-04 20:00:00+00:00
1754352000000,267.73,268.25,261.48,261.57,97078.2,2025-08-05 00:00:00+00:00
1754366400000,261.58,262.53,256.66,257.26,105437.4,2025-08-05 04:00:00+00:00
1754380800000,257.25,263.65,256.15,262.96,98268.9,2025-08-05 08:00:00+00:00
1754395200000,262.96,263.29,252.46,253.73,182132.7,2025-08-05 12:00:00+00:00
1754409600000,253.71,255.28,251.82,252.57,81496.7,2025-08-05 16:00:00+00:00
1754424000000,252.58,255.96,250.35,255.25,105661.4,2025-08-05 20:00:00+00:00
1754438400000,255.24,255.48,251.2,251.98,63269.8,2025-08-06 00:00:00+00:00
1754452800000,251.97,259.09,251.06,258.44,105365.4,2025-08-06 04:00:00+00:00
1754467200000,258.43,258.69,255.01,255.66,73858.3,2025-08-06 08:00:00+00:00
1754481600000,255.65,263.06,253.14,262.89,148939.7,2025-08-06 12:00:00+00:00
1754496000000,262.89,264.43,259.53,263.18,87998.2,2025-08-06 16:00:00+00:00
1754510400000,263.18,263.92,261.67,263.42,47392.3,2025-08-06 20:00:00+00:00
1754524800000,263.42,266.03,262.33,263.01,64494.8,2025-08-07 00:00:00+00:00
1754539200000,263.0,266.41,262.36,265.83,54592.1,2025-08-07 04:00:00+00:00
1754553600000,265.84,273.53,265.74,272.82,190466.8,2025-08-07 08:00:00+00:00
1754568000000,272.81,275.74,271.36,273.1,165708.9,2025-08-07 12:00:00+00:00
1754582400000,273.1,280.42,269.31,280.37,157355.3,2025-08-07 16:00:00+00:00
1754596800000,280.38,286.37,278.97,284.98,170219.8,2025-08-07 20:00:00+00:00
1754611200000,284.98,287.88,279.4,282.75,348276.9,2025-08-08 00:00:00+00:00
1754625600000,282.75,284.57,279.16,283.36,91870.4,2025-08-08 04:00:00+00:00
1754640000000,283.36,285.42,280.72,283.19,87093.2,2025-08-08 08:00:00+00:00
1754654400000,283.18,288.42,280.86,283.82,182091.0,2025-08-08 12:00:00+00:00
1754668800000,283.84,294.56,283.52,294.55,209003.4,2025-08-08 16:00:00+00:00
1754683200000,294.56,294.99,290.16,290.82,84984.9,2025-08-08 20:00:00+00:00
1754697600000,290.83,293.64,289.89,292.92,69466.4,2025-08-09 00:00:00+00:00
1754712000000,292.92,303.38,292.4,299.47,209804.4,2025-08-09 04:00:00+00:00
1754726400000,299.48,304.6,299.05,302.43,132198.7,2025-08-09 08:00:00+00:00
1754740800000,302.44,304.42,297.0,302.61,159722.5,2025-08-09 12:00:00+00:00
1754755200000,302.61,308.69,302.59,306.48,132001.9,2025-08-09 16:00:00+00:00
1754769600000,306.47,311.43,305.35,307.69,140450.2,2025-08-09 20:00:00+00:00
1754784000000,307.69,311.45,303.62,304.86,136285.9,2025-08-10 00:00:00+00:00
1754798400000,304.86,307.92,299.6,300.19,156316.4,2025-08-10 04:00:00+00:00
1754812800000,300.18,306.24,297.87,302.04,144958.3,2025-08-10 08:00:00+00:00
1754827200000,302.05,309.29,299.52,307.68,147033.3,2025-08-10 12:00:00+00:00
1754841600000,307.67,307.99,303.63,305.66,81074.0,2025-08-10 16:00:00+00:00
1754856000000,305.65,308.95,302.48,306.17,77324.0,2025-08-10 20:00:00+00:00
1754870400000,306.17,311.07,305.47,310.18,143386.5,2025-08-11 00:00:00+00:00
1754884800000,310.18,312.79,304.74,305.15,113150.7,2025-08-11 04:00:00+00:00
1754899200000,305.15,308.03,296.15,296.98,154570.2,2025-08-11 08:00:00+00:00
1754913600000,296.98,302.18,294.82,298.45,242758.0,2025-08-11 12:00:00+00:00
1754928000000,298.48,302.42,295.0,296.96,188290.1,2025-08-11 16:00:00+00:00
1754942400000,296.96,297.95,290.9,293.04,107063.7,2025-08-11 20:00:00+00:00
1754956800000,293.04,303.83,292.66,297.47,113542.8,2025-08-12 00:00:00+00:00
1754971200000,297.48,299.79,295.38,297.62,89347.3,2025-08-12 04:00:00+00:00
1754985600000,297.64,299.98,292.17,296.1,117613.2,2025-08-12 08:00:00+00:00
1755000000000,296.11,313.47,294.87,313.19,388675.9,2025-08-12 12:00:00+00:00
1755014400000,313.19,320.12,311.5,314.03,297597.3,2025-08-12 16:00:00+00:00
1755028800000,314.07,324.25,313.02,322.19,202583.8,2025-08-12 20:00:00+00:00
1755043200000,322.15,325.58,316.78,325.05,173057.9,2025-08-13 00:00:00+00:00
1755057600000,325.04,327.61,318.65,322.96,140811.9,2025-08-13 04:00:00+00:00
1755072000000,322.96,329.87,321.0,328.85,187151.1,2025-08-13 08:00:00+00:00
1755086400000,328.84,335.0,320.01,323.25,352835.6,2025-08-13 12:00:00+00:00
1755100800000,323.25,329.98,322.93,326.03,202753.3,2025-08-13 16:00:00+00:00
1755115200000,326.03,335.73,324.6,332.2,137396.9,2025-08-13 20:00:00+00:00
1755129600000,332.2,340.43,328.06,339.7,185578.0,2025-08-14 00:00:00+00:00
1755144000000,339.7,340.48,329.1,331.05,236561.8,2025-08-14 04:00:00+00:00
1755158400000,331.06,331.33,323.13,324.41,210037.9,2025-08-14 08:00:00+00:00
1755172800000,324.41,325.45,305.62,315.43,531123.6,2025-08-14 12:00:00+00:00
1755187200000,315.43,315.72,306.76,310.2,237821.7,2025-08-14 16:00:00+00:00
1755201600000,310.18,314.94,303.51,312.4,170113.9,2025-08-14 20:00:00+00:00
1755216000000,312.4,316.77,310.28,316.19,99654.6,2025-08-15 00:00:00+00:00
1755230400000,316.19,317.61,309.6,310.83,99766.1,2025-08-15 04:00:00+00:00
1755244800000,310.83,313.85,308.89,310.16,93459.9,2025-08-15 08:00:00+00:00
1755259200000,310.16,313.26,294.3,295.18,318396.0,2025-08-15 12:00:00+00:00
1755273600000,295.17,299.27,293.54,295.59,164983.1,2025-08-15 16:00:00+00:00
1755288000000,295.58,302.7,294.46,299.79,92353.8,2025-08-15 20:00:00+00:00
1755302400000,299.78,303.46,299.01,300.33,62402.1,2025-08-16 00:00:00+00:00
1755316800000,300.36,301.54,297.72,298.8,43659.0,2025-08-16 04:00:00+00:00
1755331200000,298.83,299.43,291.2,291.36,114729.9,2025-08-16 08:00:00+00:00
1755345600000,291.37,294.25,290.04,293.34,98053.2,2025-08-16 12:00:00+00:00
1755360000000,293.33,296.55,292.49,295.06,58841.5,2025-08-16 16:00:00+00:00
1755374400000,295.06,296.86,294.17,295.47,36152.9,2025-08-16 20:00:00+00:00
1755388800000,295.47,298.08,293.86,297.52,59644.2,2025-08-17 00:00:00+00:00
1755403200000,297.55,301.83,297.4,301.2,88660.4,2025-08-17 04:00:00+00:00
1755417600000,301.2,309.11,300.82,308.95,145757.8,2025-08-17 08:00:00+00:00
1755432000000,308.94,310.35,303.11,310.11,130904.9,2025-08-17 12:00:00+00:00
1755446400000,310.11,310.59,299.55,301.32,138488.9,2025-08-17 16:00:00+00:00
1755460800000,301.33,305.64,300.54,303.01,69926.6,2025-08-17 20:00:00+00:00
1755475200000,303.03,304.29,289.0,290.0,233238.1,2025-08-18 00:00:00+00:00
1755489600000,290.0,292.86,284.94,286.21,156276.8,2025-08-18 04:00:00+00:00
1755504000000,286.2,289.73,284.1,286.24,113694.6,2025-08-18 08:00:00+00:00
1755518400000,286.23,293.43,285.4,290.13,166507.9,2025-08-18 12:00:00+00:00
1755532800000,290.12,294.73,286.78,291.32,116920.9,2025-08-18 16:00:00+00:00
1755547200000,291.32,295.13,288.29,288.47,91564.9,2025-08-18 20:00:00+00:00
1755561600000,288.47,292.66,281.03,281.6,148447.6,2025-08-19 00:00:00+00:00
1755576000000,281.59,284.72,279.7,283.5,107313.5,2025-08-19 04:00:00+00:00
1755590400000,283.48,289.38,281.97,288.05,101672.5,2025-08-19 08:00:00+00:00
1755604800000,288.07,288.07,278.02,280.47,187765.5,2025-08-19 12:00:00+00:00
1755619200000,280.52,281.92,275.67,278.02,133556.2,2025-08-19 16:00:00+00:00
1755633600000,278.01,281.42,276.17,277.25,80181.2,2025-08-19 20:00:00+00:00
1755648000000,277.23,285.02,276.65,283.29,100758.0,2025-08-20 00:00:00+00:00
1755662400000,283.29,288.71,283.25,287.55,96202.5,2025-08-20 04:00:00+00:00
1755676800000,287.55,292.18,285.82,289.08,132832.7,2025-08-20 08:00:00+00:00
1755691200000,289.07,294.54,282.63,289.74,252658.5,2025-08-20 12:00:00+00:00
1755705600000,289.71,297.81,289.56,297.25,187730.5,2025-08-20 16:00:00+00:00
1755720000000,297.25,299.45,296.42,299.2,81940.1,2025-08-20 20:00:00+00:00
1755734400000,299.21,303.63,297.04,298.76,125335.3,2025-08-21 00:00:00+00:00
1755748800000,298.74,302.54,296.9,301.73,98339.3,2025-08-21 04:00:00+00:00
1755763200000,301.73,303.17,298.58,299.9,116148.2,2025-08-21 08:00:00+00:00
1755777600000,299.9,304.99,296.58,297.11,233298.8,2025-08-21 12:00:00+00:00
1755792000000,297.12,303.54,293.65,297.74,172209.1,2025-08-21 16:00:00+00:00
1755806400000,297.73,302.9,297.73,299.94,118412.3,2025-08-21 20:00:00+00:00
1755820800000,299.93,307.98,298.14,300.72,177509.1,2025-08-22 00:00:00+00:00
1755835200000,300.72,305.49,300.2,303.48,134195.5,2025-08-22 04:00:00+00:00
1755849600000,303.49,308.31,297.35,297.46,165582.8,2025-08-22 08:00:00+00:00
1755864000000,297.48,324.39,294.0,319.53,600092.9,2025-08-22 12:00:00+00:00
1755878400000,319.54,339.31,319.54,337.79,412605.9,2025-08-22 16:00:00+00:00
1755892800000,337.8,346.85,335.26,345.8,216931.4,2025-08-22 20:00:00+00:00
1755907200000,345.81,355.21,344.34,346.91,322662.6,2025-08-23 00:00:00+00:00
1755921600000,346.91,355.99,342.81,343.03,188718.4,2025-08-23 04:00:00+00:00
1755936000000,343.04,357.29,339.78,352.91,309131.4,2025-08-23 08:00:00+00:00
1755950400000,352.92,386.24,351.67,361.76,1378610.2,2025-08-23 12:00:00+00:00
1755964800000,361.77,366.36,351.49,355.3,502987.0,2025-08-23 16:00:00+00:00
1755979200000,355.29,360.0,352.97,357.77,144032.0,2025-08-23 20:00:00+00:00
1755993600000,357.77,358.67,348.94,351.17,158838.7,2025-08-24 00:00:00+00:00
1756008000000,351.18,352.99,347.59,347.61,112601.6,2025-08-24 04:00:00+00:00
1756022400000,347.65,355.86,344.96,346.57,208747.0,2025-08-24 08:00:00+00:00
1756036800000,346.57,355.57,345.92,351.7,162763.0,2025-08-24 12:00:00+00:00
1756051200000,351.7,360.67,345.0,353.81,341581.0,2025-08-24 16:00:00+00:00
1756065600000,353.81,354.16,343.23,348.66,252365.7,2025-08-24 20:00:00+00:00
1756080000000,348.67,350.6,342.58,344.7,140497.8,2025-08-25 00:00:00+00:00
1756094400000,344.69,345.16,329.37,329.82,227867.7,2025-08-25 04:00:00+00:00
1756108800000,329.83,332.31,325.81,328.25,180906.9,2025-08-25 08:00:00+00:00
1756123200000,328.25,329.38,323.72,325.62,159902.2,2025-08-25 12:00:00+00:00
1756137600000,325.62,327.24,316.2,316.22,171810.5,2025-08-25 16:00:00+00:00
1756152000000,316.23,318.79,310.14,318.35,252018.4,2025-08-25 20:00:00+00:00
1756166400000,318.36,328.69,314.15,326.07,293017.2,2025-08-26 00:00:00+00:00
1756180800000,326.08,333.21,325.41,328.26,166807.3,2025-08-26 04:00:00+00:00
1756195200000,328.23,333.9,326.58,330.29,132324.0,2025-08-26 08:00:00+00:00
1756209600000,330.3,338.91,326.8,327.45,327551.4,2025-08-26 12:00:00+00:00
1756224000000,327.44,334.43,326.83,333.79,133063.3,2025-08-26 16:00:00+00:00
1756238400000,333.77,338.27,332.33,335.59,154492.8,2025-08-26 20:00:00+00:00
1756252800000,335.61,336.3,329.05,332.8,131106.3,2025-08-27 00:00:00+00:00
1756267200000,332.79,335.56,328.36,329.89,135005.2,2025-08-27 04:00:00+00:00
1756281600000,329.9,331.83,327.05,331.03,92899.6,2025-08-27 08:00:00+00:00
1756296000000,331.03,331.74,323.56,326.36,210269.9,2025-08-27 12:00:00+00:00
1756310400000,326.34,328.37,321.44,324.96,131296.9,2025-08-27 16:00:00+00:00
1756324800000,324.95,326.47,319.25,320.46,218341.2,2025-08-27 20:00:00+00:00
1756339200000,320.45,326.56,318.72,325.69,93370.6,2025-08-28 00:00:00+00:00
1756353600000,325.69,327.66,323.74,325.91,127713.9,2025-08-28 04:00:00+00:00
1756368000000,325.91,328.74,317.76,320.57,136055.0,2025-08-28 08:00:00+00:00
1756382400000,320.57,321.35,313.81,316.14,222732.1,2025-08-28 12:00:00+00:00
1756396800000,316.15,318.73,312.65,313.24,105806.8,2025-08-28 16:00:00+00:00
1756411200000,313.25,318.91,312.92,317.37,64671.2,2025-08-28 20:00:00+00:00
1756425600000,317.37,318.45,314.64,315.8,65045.6,2025-08-29 00:00:00+00:00
1756440000000,315.8,316.31,305.89,306.56,202349.1,2025-08-29 04:00:00+00:00
1756454400000,306.55,310.54,303.92,310.01,126530.2,2025-08-29 08:00:00+00:00
1756468800000,310.01,317.36,305.25,311.71,246415.5,2025-08-29 12:00:00+00:00
1756483200000,311.72,314.12,309.26,311.81,114642.2,2025-08-29 16:00:00+00:00
1756497600000,311.8,321.42,311.32,318.99,129227.5,2025-08-29 20:00:00+00:00
1756512000000,319.0,319.12,310.34,313.29,132494.3,2025-08-30 00:00:00+00:00
1756526400000,313.28,319.16,312.85,316.8,90460.1,2025-08-30 04:00:00+00:00
1756540800000,316.79,317.77,314.25,317.36,65316.1,2025-08-30 08:00:00+00:00
1756555200000,317.39,317.53,312.64,314.47,84840.7,2025-08-30 12:00:00+00:00
1756569600000,314.42,317.3,313.93,315.74,59016.3,2025-08-30 16:00:00+00:00
1756584000000,315.73,319.6,315.06,319.18,46861.9,2025-08-30 20:00:00+00:00
1756598400000,319.18,324.26,317.9,322.99,102910.1,2025-08-31 00:00:00+00:00
1756612800000,322.99,324.98,319.14,320.77,69684.1,2025-08-31 04:00:00+00:00
1756627200000,320.77,324.7,319.51,324.56,66567.0,2025-08-31 08:00:00+00:00
1756641600000,324.54,324.82,317.37,319.97,98910.5,2025-08-31 12:00:00+00:00
1756656000000,319.94,322.63,317.42,321.25,73358.1,2025-08-31 16:00:00+00:00
1756670400000,321.26,322.51,315.06,315.57,75846.5,2025-08-31 20:00:00+00:00
1756684800000,315.57,316.49,309.92,311.66,131997.1,2025-09-01 00:00:00+00:00
1756699200000,311.63,316.38,308.43,316.34,110878.4,2025-09-01 04:00:00+00:00
1756713600000,316.34,319.4,307.81,308.14,143098.0,2025-09-01 08:00:00+00:00
1756728000000,308.15,310.82,306.04,306.69,127490.4,2025-09-01 12:00:00+00:00
1756742400000,306.69,308.33,303.4,307.8,95571.6,2025-09-01 16:00:00+00:00
1756756800000,307.81,307.9,298.94,304.68,158610.8,2025-09-01 20:00:00+00:00
1756771200000,304.68,310.99,303.66,310.72,105442.0,2025-09-02 00:00:00+00:00
1756785600000,310.72,317.13,310.39,310.93,113624.6,2025-09-02 04:00:00+00:00
1756800000000,310.92,313.6,309.6,311.33,75646.7,2025-09-02 08:00:00+00:00
1756814400000,311.3,315.3,304.76,308.96,226444.8,2025-09-02 12:00:00+00:00
1756828800000,308.92,314.12,307.15,312.67,122945.1,2025-09-02 16:00:00+00:00
1756843200000,312.63,318.14,312.11,315.54,87952.7,2025-09-02 20:00:00+00:00
1756857600000,315.54,317.75,312.66,316.61,69252.2,2025-09-03 00:00:00+00:00
1756872000000,316.6,317.88,313.67,315.45,68681.4,2025-09-03 04:00:00+00:00
1756886400000,315.44,323.0,315.13,321.17,98555.0,2025-09-03 08:00:00+00:00
1756900800000,321.2,328.68,319.42,325.38,167104.7,2025-09-03 12:00:00+00:00
1756915200000,325.39,328.76,324.02,327.64,83766.5,2025-09-03 16:00:00+00:00
1756929600000,327.64,328.8,326.22,327.78,66793.8,2025-09-03 20:00:00+00:00
1756944000000,327.79,331.66,323.36,324.29,123708.1,2025-09-04 00:00:00+00:00
1756958400000,324.29,324.68,317.52,317.69,99267.1,2025-09-04 04:00:00+00:00
1756972800000,317.7,324.58,317.53,322.12,110743.2,2025-09-04 08:00:00+00:00
1756987200000,322.14,324.98,308.3,308.61,279808.9,2025-09-04 12:00:00+00:00
1757001600000,308.61,310.36,305.83,306.85,143544.3,2025-09-04 16:00:00+00:00
1757016000000,306.85,310.9,306.23,306.29,81149.4,2025-09-04 20:00:00+00:00
1757030400000,306.29,308.81,305.41,308.66,91299.3,2025-09-05 00:00:00+00:00
1757044800000,308.66,312.14,306.98,311.15,110203.9,2025-09-05 04:00:00+00:00
1757059200000,311.12,311.22,307.74,310.25,112595.9,2025-09-05 08:00:00+00:00
1757073600000,310.24,313.57,298.11,301.53,372304.3,2025-09-05 12:00:00+00:00
1757088000000,301.54,305.19,300.85,305.15,80917.5,2025-09-05 16:00:00+00:00
1757102400000,305.14,307.04,301.87,302.18,79921.5,2025-09-05 20:00:00+00:00
1757116800000,302.18,304.54,301.35,302.16,52028.4,2025-09-06 00:00:00+00:00
1757131200000,302.16,302.68,299.68,301.95,55856.1,2025-09-06 04:00:00+00:00
1757145600000,301.96,302.11,298.75,299.04,57089.1,2025-09-06 08:00:00+00:00
1757160000000,299.04,301.36,298.32,298.68,70006.3,2025-09-06 12:00:00+00:00
1757174400000,298.68,301.24,297.21,297.46,69574.9,2025-09-06 16:00:00+00:00
1757188800000,297.47,299.49,297.47,298.21,34567.0,2025-09-06 20:00:00+00:00
1757203200000,298.21,301.68,298.02,301.16,72813.6,2025-09-07 00:00:00+00:00
1757217600000,301.17,302.51,300.94,301.4,51825.3,2025-09-07 04:00:00+00:00
1757232000000,301.39,303.43,299.82,302.37,66540.0,2025-09-07 08:00:00+00:00
1757246400000,302.37,302.44,298.8,299.67,93811.8,2025-09-07 12:00:00+00:00
1757260800000,299.66,300.52,297.76,300.24,59399.5,2025-09-07 16:00:00+00:00
1757275200000,300.24,304.0,299.33,301.36,70037.7,2025-09-07 20:00:00+00:00
1757289600000,301.36,303.77,299.43,302.33,103153.9,2025-09-08 00:00:00+00:00
1757304000000,302.33,302.77,298.3,299.53,99117.0,2025-09-08 04:00:00+00:00
1757318400000,299.55,304.29,299.43,301.12,148163.0,2025-09-08 08:00:00+00:00
1757332800000,301.13,307.85,300.8,306.19,199326.9,2025-09-08 12:00:00+00:00
1757347200000,306.19,307.97,300.64,300.84,118971.3,2025-09-08 16:00:00+00:00
1757361600000,300.85,305.27,300.03,302.81,76991.2,2025-09-08 20:00:00+00:00
1757376000000,302.8,304.81,298.5,300.47,111496.9,2025-09-09 00:00:00+00:00
1757390400000,300.47,309.92,299.41,308.6,177355.1,2025-09-09 04:00:00+00:00
1757404800000,308.6,309.94,305.24,305.33,123270.6,2025-09-09 08:00:00+00:00
1757419200000,305.33,307.88,294.65,296.28,340893.5,2025-09-09 12:00:00+00:00
1757433600000,296.29,299.58,295.52,298.87,92049.5,2025-09-09 16:00:00+00:00
1757448000000,298.88,299.11,297.21,297.85,58241.8,2025-09-09 20:00:00+00:00
1757462400000,297.85,300.41,295.65,298.44,92922.7,2025-09-10 00:00:00+00:00
1757476800000,298.44,299.0,295.75,298.34,88823.3,2025-09-10 04:00:00+00:00
1757491200000,298.34,299.32,297.41,298.0,70101.6,2025-09-10 08:00:00+00:00
1757505600000,297.99,306.44,297.42,303.55,286717.6,2025-09-10 12:00:00+00:00
1757520000000,303.56,304.69,297.45,298.32,121501.5,2025-09-10 16:00:00+00:00
1757534400000,298.31,300.92,297.59,300.07,78259.7,2025-09-10 20:00:00+00:00
1757548800000,300.07,305.25,299.29,304.55,93648.1,2025-09-11 00:00:00+00:00
1757563200000,304.56,308.82,303.8,305.99,148682.9,2025-09-11 04:00:00+00:00
1757577600000,306.0,306.37,303.51,304.04,74362.3,2025-09-11 08:00:00+00:00
1757592000000,304.05,307.88,300.15,302.38,187596.2,2025-09-11 12:00:00+00:00
1757606400000,302.37,306.34,302.15,305.97,60349.5,2025-09-11 16:00:00+00:00
1757620800000,305.98,310.2,305.2,309.45,98290.5,2025-09-11 20:00:00+00:00
1757635200000,309.47,313.23,307.94,309.83,106848.1,2025-09-12 00:00:00+00:00
1757649600000,309.83,315.74,308.64,311.83,132721.9,2025-09-12 04:00:00+00:00
1757664000000,311.83,315.33,308.47,313.64,134131.4,2025-09-12 08:00:00+00:00
1757678400000,313.64,316.01,311.5,312.26,137811.6,2025-09-12 12:00:00+00:00
1757692800000,312.26,320.81,311.56,320.09,158760.5,2025-09-12 16:00:00+00:00
1757707200000,320.08,321.61,317.01,321.34,102025.4,2025-09-12 20:00:00+00:00
1757721600000,321.34,321.49,317.28,319.64,84310.0,2025-09-13 00:00:00+00:00
1757736000000,319.64,319.76,314.88,315.46,96743.4,2025-09-13 04:00:00+00:00
1757750400000,315.46,320.84,315.36,319.68,120194.1,2025-09-13 08:00:00+00:00
1757764800000,319.68,321.29,313.34,314.18,188323.0,2025-09-13 12:00:00+00:00
1757779200000,314.19,315.44,309.41,313.45,132598.6,2025-09-13 16:00:00+00:00
1757793600000,313.46,315.54,313.32,314.86,42486.4,2025-09-13 20:00:00+00:00
1757808000000,314.86,315.34,310.65,311.64,88613.5,2025-09-14 00:00:00+00:00
1757822400000,311.65,312.42,308.64,310.35,75488.5,2025-09-14 04:00:00+00:00
1757836800000,310.35,312.31,306.94,307.25,75688.5,2025-09-14 08:00:00+00:00
1757851200000,307.25,309.0,302.0,303.16,161737.5,2025-09-14 12:00:00+00:00
1757865600000,303.14,308.57,302.54,307.62,82163.7,2025-09-14 16:00:00+00:00
1757880000000,307.63,309.71,305.69,306.0,62975.4,2025-09-14 20:00:00+00:00
1757894400000,306.0,308.1,303.67,307.56,57945.1,2025-09-15 00:00:00+00:00
1757908800000,307.57,310.09,303.26,304.09,105597.5,2025-09-15 04:00:00+00:00
1757923200000,304.08,304.13,297.07,299.21,217717.0,2025-09-15 08:00:00+00:00
1757937600000,299.21,300.17,295.2,297.3,125492.8,2025-09-15 12:00:00+00:00
1757952000000,297.28,298.72,295.03,297.84,72693.4,2025-09-15 16:00:00+00:00
1757966400000,297.87,300.13,297.56,299.19,44355.3,2025-09-15 20:00:00+00:00
1757980800000,299.18,299.53,296.05,296.12,55113.5,2025-09-16 00:00:00+00:00
1757995200000,296.13,296.48,293.02,295.38,121256.4,2025-09-16 04:00:00+00:00
1758009600000,295.38,298.12,293.63,294.69,102145.3,2025-09-16 08:00:00+00:00
1758024000000,294.7,296.78,289.35,293.4,199400.3,2025-09-16 12:00:00+00:00
1758038400000,293.39,299.31,292.08,298.75,153162.9,2025-09-16 16:00:00+00:00
1758052800000,298.75,301.75,297.86,298.74,79111.8,2025-09-16 20:00:00+00:00
1758067200000,298.74,300.84,296.35,296.58,82068.4,2025-09-17 00:00:00+00:00
1758081600000,296.6,299.69,293.68,298.84,99745.3,2025-09-17 04:00:00+00:00
1758096000000,298.84,299.04,294.05,295.83,58073.3,2025-09-17 08:00:00+00:00
1758110400000,295.84,297.24,292.2,293.12,84963.9,2025-09-17 12:00:00+00:00
1758124800000,293.11,299.41,290.5,298.51,288637.7,2025-09-17 16:00:00+00:00
1758139200000,298.5,308.48,295.55,305.96,171645.4,2025-09-17 20:00:00+00:00
1758153600000,305.98,309.49,304.24,308.48,96702.2,2025-09-18 00:00:00+00:00
1758168000000,308.48,308.9,302.6,304.75,108880.8,2025-09-18 04:00:00+00:00
1758182400000,304.76,308.98,304.66,306.67,82331.7,2025-09-18 08:00:00+00:00
1758196800000,306.67,310.76,305.62,309.21,123494.1,2025-09-18 12:00:00+00:00
1758211200000,309.21,312.81,308.36,309.89,116468.6,2025-09-18 16:00:00+00:00
1758225600000,309.91,311.23,307.12,309.15,57670.6,2025-09-18 20:00:00+00:00
1758240000000,309.16,312.05,304.4,305.1,96435.2,2025-09-19 00:00:00+00:00
1758254400000,305.11,307.07,303.01,305.9,88555.4,2025-09-19 04:00:00+00:00
1758268800000,305.9,308.79,303.47,304.82,91952.8,2025-09-19 08:00:00+00:00
1758283200000,304.85,307.98,298.73,301.56,201068.4,2025-09-19 12:00:00+00:00
1758297600000,301.57,302.63,296.54,297.11,91370.7,2025-09-19 16:00:00+00:00
1758312000000,297.11,299.65,296.35,298.43,44408.3,2025-09-19 20:00:00+00:00
1758326400000,298.44,300.65,296.98,299.5,55719.8,2025-09-20 00:00:00+00:00
1758340800000,299.5,300.86,298.75,299.95,46837.9,2025-09-20 04:00:00+00:00
1758355200000,299.95,299.95,294.75,296.13,100985.9,2025-09-20 08:00:00+00:00
1758369600000,296.13,299.56,294.54,298.04,62874.6,2025-09-20 12:00:00+00:00
1758384000000,298.04,299.2,296.0,296.91,51158.7,2025-09-20 16:00:00+00:00
1758398400000,296.9,299.25,296.13,296.7,26961.1,2025-09-20 20:00:00+00:00
1758412800000,296.7,297.95,295.59,297.66,34714.9,2025-09-21 00:00:00+00:00
1758427200000,297.66,299.02,296.42,298.1,32999.9,2025-09-21 04:00:00+00:00
1758441600000,298.1,298.45,292.97,294.46,58474.3,2025-09-21 08:00:00+00:00
1758456000000,294.46,297.64,294.37,295.46,48956.2,2025-09-21 12:00:00+00:00
1758470400000,295.46,298.87,292.6,298.0,74655.7,2025-09-21 16:00:00+00:00
1758484800000,298.0,298.08,293.19,293.88,48824.9,2025-09-21 20:00:00+00:00
1758499200000,293.87,295.48,281.76,284.05,253712.0,2025-09-22 00:00:00+00:00
1758513600000,284.05,284.58,241.76,266.05,518713.9,2025-09-22 04:00:00+00:00
1758528000000,266.08,267.87,261.42,265.76,325203.1,2025-09-22 08:00:00+00:00
1758542400000,265.77,270.46,264.93,265.28,148618.2,2025-09-22 12:00:00+00:00
1758556800000,265.26,267.45,263.02,263.46,126729.5,2025-09-22 16:00:00+00:00
1758571200000,263.47,270.61,263.14,270.12,71745.4,2025-09-22 20:00:00+00:00
1758585600000,270.13,271.1,262.97,268.28,121140.8,2025-09-23 00:00:00+00:00
1758600000000,268.28,271.9,265.8,269.57,105550.7,2025-09-23 04:00:00+00:00
1758614400000,269.57,272.71,268.61,270.52,75517.8,2025-09-23 08:00:00+00:00
1758628800000,270.51,279.88,270.34,278.01,197010.3,2025-09-23 12:00:00+00:00
1758643200000,278.02,280.27,272.76,274.11,126212.0,2025-09-23 16:00:00+00:00
1758657600000,274.1,277.85,273.36,274.41,63473.6,2025-09-23 20:00:00+00:00
1758672000000,274.42,278.18,270.38,271.66,120027.8,2025-09-24 00:00:00+00:00
1758686400000,271.66,278.66,268.16,277.06,180964.2,2025-09-24 04:00:00+00:00
1758700800000,277.06,279.68,275.2,279.12,143361.6,2025-09-24 08:00:00+00:00
1758715200000,279.1,281.17,277.43,277.94,116508.8,2025-09-24 12:00:00+00:00
1758729600000,277.93,279.78,277.22,278.48,51448.6,2025-09-24 16:00:00+00:00
1758744000000,278.48,279.13,276.11,278.04,49012.6,2025-09-24 20:00:00+00:00
1758758400000,278.04,279.35,269.77,270.91,146846.8,2025-09-25 00:00:00+00:00
1758772800000,270.88,272.02,265.06,266.46,159762.0,2025-09-25 04:00:00+00:00
1758787200000,266.45,271.78,265.13,265.37,119333.0,2025-09-25 08:00:00+00:00
1758801600000,265.37,269.98,259.68,268.52,250770.4,2025-09-25 12:00:00+00:00
1758816000000,268.52,268.84,255.6,263.32,372387.2,2025-09-25 16:00:00+00:00
1758830400000,263.33,263.92,257.48,260.12,113083.6,2025-09-25 20:00:00+00:00
1758844800000,260.13,267.28,259.49,266.12,100286.8,2025-09-26 00:00:00+00:00
1758859200000,266.13,266.32,259.84,261.71,152366.6,2025-09-26 04:00:00+00:00
1758873600000,261.71,262.61,256.17,258.82,135948.2,2025-09-26 08:00:00+00:00
1758888000000,258.82,265.63,256.52,264.96,179646.6,2025-09-26 12:00:00+00:00
1758902400000,265.01,272.58,264.69,269.36,134867.2,2025-09-26 16:00:00+00:00
1758916800000,269.36,271.18,268.46,270.6,47998.6,2025-09-26 20:00:00+00:00
1758931200000,270.6,272.13,270.03,270.61,37380.2,2025-09-27 00:00:00+00:00
1758945600000,270.6,271.07,268.91,270.17,38980.1,2025-09-27 04:00:00+00:00
1758960000000,270.17,270.27,266.52,268.11,61367.4,2025-09-27 08:00:00+00:00
1758974400000,268.12,269.4,266.19,267.96,52884.0,2025-09-27 12:00:00+00:00
1758988800000,267.97,268.14,265.38,266.24,51978.0,2025-09-27 16:00:00+00:00
1759003200000,266.24,268.86,266.03,266.32,31876.5,2025-09-27 20:00:00+00:00
1759017600000,266.33,267.12,264.42,266.08,49767.9,2025-09-28 00:00:00+00:00
1759032000000,266.09,267.36,264.46,266.34,43802.9,2025-09-28 04:00:00+00:00
1759046400000,266.34,266.78,261.07,262.5,89537.9,2025-09-28 08:00:00+00:00
1759060800000,262.49,266.25,260.86,266.1,73186.1,2025-09-28 12:00:00+00:00
1759075200000,266.11,268.99,266.11,268.73,52663.3,2025-09-28 16:00:00+00:00
1759089600000,268.73,277.0,268.62,274.93,101991.5,2025-09-28 20:00:00+00:00
1759104000000,274.93,276.17,273.47,274.1,74011.6,2025-09-29 00:00:00+00:00
1759118400000,274.1,274.38,270.3,271.73,39841.6,2025-09-29 04:00:00+00:00
1759132800000,271.71,275.5,270.21,271.19,79552.4,2025-09-29 08:00:00+00:00
1759147200000,271.19,278.37,268.32,275.15,137465.2,2025-09-29 12:00:00+00:00
1759161600000,275.15,276.9,271.9,276.58,105657.2,2025-09-29 16:00:00+00:00
1759176000000,276.57,280.28,276.44,276.86,81412.4,2025-09-29 20:00:00+00:00
1759190400000,276.86,277.93,273.48,274.1,81061.7,2025-09-30 00:00:00+00:00
1759204800000,274.11,275.57,271.89,273.04,56604.3,2025-09-30 04:00:00+00:00
1759219200000,273.04,273.67,269.23,272.12,82609.5,2025-09-30 08:00:00+00:00
1759233600000,272.13,273.25,266.32,268.1,107458.9,2025-09-30 12:00:00+00:00
1759248000000,268.09,274.84,266.02,274.59,87934.3,2025-09-30 16:00:00+00:00
1759262400000,274.59,279.06,273.19,274.27,99900.7,2025-09-30 20:00:00+00:00
1759276800000,274.28,274.72,269.75,269.88,70553.2,2025-10-01 00:00:00+00:00
1759291200000,269.88,273.27,269.64,272.05,60159.4,2025-10-01 04:00:00+00:00
1759305600000,272.01,286.28,271.78,284.88,209884.8,2025-10-01 08:00:00+00:00
1759320000000,284.86,287.9,283.2,286.12,93687.0,2025-10-01 12:00:00+00:00
1759334400000,286.13,287.94,284.31,286.32,68140.8,2025-10-01 16:00:00+00:00
1759348800000,286.31,286.87,282.62,286.65,72348.2,2025-10-01 20:00:00+00:00
1759363200000,286.62,289.08,284.6,287.21,82490.6,2025-10-02 00:00:00+00:00
1759377600000,287.21,288.84,285.39,285.72,59831.4,2025-10-02 04:00:00+00:00
1759392000000,285.73,286.55,282.47,282.8,64524.3,2025-10-02 08:00:00+00:00
1759406400000,282.8,284.54,278.53,283.76,173563.4,2025-10-02 12:00:00+00:00
1759420800000,283.75,294.24,283.11,291.73,173670.4,2025-10-02 16:00:00+00:00
1759435200000,291.74,292.5,287.13,288.77,76626.2,2025-10-02 20:00:00+00:00
1759449600000,288.76,293.07,287.04,289.58,90565.0,2025-10-03 00:00:00+00:00
1759464000000,289.59,291.34,285.02,285.41,58365.9,2025-10-03 04:00:00+00:00
1759478400000,285.4,286.31,283.68,284.43,62167.1,2025-10-03 08:00:00+00:00
1759492800000,284.44,291.95,284.1,291.62,168520.1,2025-10-03 12:00:00+00:00
1759507200000,291.65,299.59,286.48,291.16,234554.7,2025-10-03 16:00:00+00:00
1759521600000,291.17,292.87,289.58,290.44,46921.2,2025-10-03 20:00:00+00:00
1759536000000,290.44,291.86,286.6,286.97,54537.7,2025-10-04 00:00:00+00:00
1759550400000,286.97,287.52,285.21,285.53,44291.0,2025-10-04 04:00:00+00:00
1759564800000,285.52,285.96,282.29,282.43,74774.5,2025-10-04 08:00:00+00:00
1759579200000,282.43,284.8,279.79,280.35,100541.4,2025-10-04 12:00:00+00:00
1759593600000,280.36,283.31,280.05,282.91,50259.7,2025-10-04 16:00:00+00:00
1759608000000,282.92,284.03,282.6,283.05,31395.2,2025-10-04 20:00:00+00:00
1759622400000,283.05,289.32,280.93,287.49,88011.9,2025-10-05 00:00:00+00:00
1759636800000,287.49,293.61,286.52,293.47,99249.0,2025-10-05 04:00:00+00:00
1759651200000,293.48,296.1,288.17,289.37,123313.8,2025-10-05 08:00:00+00:00
1759665600000,289.37,291.36,286.83,290.14,78529.7,2025-10-05 12:00:00+00:00
1759680000000,290.15,291.36,283.99,284.27,89053.8,2025-10-05 16:00:00+00:00
1759694400000,284.25,286.55,283.65,285.52,46274.1,2025-10-05 20:00:00+00:00
1759708800000,285.52,288.32,282.69,287.84,74042.4,2025-10-06 00:00:00+00:00
1759723200000,287.85,291.48,285.45,288.64,64162.6,2025-10-06 04:00:00+00:00
1759737600000,288.64,291.99,288.53,290.18,45557.1,2025-10-06 08:00:00+00:00
1759752000000,290.18,298.42,290.0,296.27,161034.5,2025-10-06 12:00:00+00:00
1759766400000,296.27,301.49,295.77,300.32,99318.7,2025-10-06 16:00:00+00:00
1759780800000,300.32,301.75,297.08,297.13,60538.7,2025-10-06 20:00:00+00:00
1759795200000,297.14,297.86,294.79,295.29,51273.0,2025-10-07 00:00:00+00:00
1759809600000,295.28,298.23,291.21,292.17,88043.0,2025-10-07 04:00:00+00:00
1759824000000,292.18,292.41,288.14,291.13,97809.8,2025-10-07 08:00:00+00:00
1759838400000,291.13,292.61,277.42,278.93,282613.1,2025-10-07 12:00:00+00:00
1759852800000,278.92,281.72,276.24,276.79,129763.3,2025-10-07 16:00:00+00:00
1759867200000,276.8,278.97,275.3,275.99,55147.6,2025-10-07 20:00:00+00:00
1759881600000,276.0,279.69,274.47,275.46,70696.6,2025-10-08 00:00:00+00:00
1759896000000,275.46,278.48,274.4,278.44,53548.3,2025-10-08 04:00:00+00:00
1759910400000,278.44,281.17,277.12,279.86,58438.4,2025-10-08 08:00:00+00:00
1759924800000,279.86,284.12,277.87,278.07,108066.6,2025-10-08 12:00:00+00:00
1759939200000,278.07,286.33,277.58,283.9,102259.7,2025-10-08 16:00:00+00:00
1759953600000,283.92,287.19,283.71,285.4,57069.4,2025-10-08 20:00:00+00:00
1759968000000,285.4,286.63,278.71,282.09,94024.3,2025-10-09 00:00:00+00:00
1759982400000,282.09,283.86,278.71,279.56,57764.7,2025-10-09 04:00:00+00:00
1759996800000,279.55,279.83,273.0,274.84,122484.4,2025-10-09 08:00:00+00:00
1760011200000,274.83,276.42,270.16,270.93,167315.3,2025-10-09 12:00:00+00:00
1760025600000,270.92,273.46,268.41,271.85,97328.9,2025-10-09 16:00:00+00:00
1760040000000,271.85,275.56,271.41,273.52,47404.9,2025-10-09 20:00:00+00:00
1760054400000,273.52,279.45,272.99,276.67,73998.9,2025-10-10 00:00:00+00:00
1760068800000,276.67,278.38,273.23,273.67,61408.0,2025-10-10 04:00:00+00:00
1760083200000,273.68,277.55,273.16,277.16,59072.1,2025-10-10 08:00:00+00:00
1760097600000,277.17,279.52,262.4,264.26,291263.0,2025-10-10 12:00:00+00:00
1760112000000,264.25,267.47,255.33,257.88,231542.3,2025-10-10 16:00:00+00:00
1760126400000,257.87,260.03,80.01,223.93,1714097.3,2025-10-10 20:00:00+00:00
1760140800000,223.94,234.89,216.65,227.55,533810.8,2025-10-11 00:00:00+00:00
1760155200000,227.55,236.37,226.91,231.7,228047.6,2025-10-11 04:00:00+00:00
1760169600000,231.69,244.05,230.68,241.78,227875.8,2025-10-11 08:00:00+00:00
1760184000000,241.78,244.28,232.08,238.76,214791.5,2025-10-11 12:00:00+00:00
1760198400000,238.76,241.6,229.03,231.21,167448.2,2025-10-11 16:00:00+00:00
1760212800000,231.2,234.29,222.83,234.14,183681.5,2025-10-11 20:00:00+00:00
1760227200000,234.15,234.39,225.04,229.37,139594.1,2025-10-12 00:00:00+00:00
1760241600000,229.37,234.26,228.93,233.55,97210.5,2025-10-12 04:00:00+00:00
1760256000000,233.56,234.81,228.5,229.18,115888.8,2025-10-12 08:00:00+00:00
1760270400000,229.17,245.21,227.3,244.98,309052.9,2025-10-12 12:00:00+00:00
1760284800000,244.99,256.14,244.99,254.56,240042.7,2025-10-12 16:00:00+00:00
1760299200000,254.53,255.13,247.64,250.86,168242.9,2025-10-12 20:00:00+00:00
1760313600000,250.85,253.37,246.81,248.17,147552.3,2025-10-13 00:00:00+00:00
1760328000000,248.18,255.63,246.48,252.63,99564.3,2025-10-13 04:00:00+00:00
1760342400000,252.66,255.15,243.92,247.55,169734.8,2025-10-13 08:00:00+00:00
1760356800000,247.55,254.26,245.97,252.25,254281.4,2025-10-13 12:00:00+00:00
1760371200000,252.25,261.41,250.67,260.37,171616.8,2025-10-13 16:00:00+00:00
1760385600000,260.37,262.84,259.46,260.97,79877.3,2025-10-13 20:00:00+00:00
1760400000000,260.97,263.36,253.22,254.23,127568.4,2025-10-14 00:00:00+00:00
1760414400000,254.23,254.75,239.17,242.86,300187.5,2025-10-14 04:00:00+00:00
1760428800000,242.85,245.91,238.63,244.66,191580.2,2025-10-14 08:00:00+00:00
1760443200000,244.66,251.27,237.96,251.1,221506.6,2025-10-14 12:00:00+00:00
1760457600000,251.1,255.15,247.45,251.49,212259.1,2025-10-14 16:00:00+00:00
1760472000000,251.5,256.69,249.83,255.2,75092.9,2025-10-14 20:00:00+00:00
1760486400000,255.19,256.42,251.12,252.19,75847.7,2025-10-15 00:00:00+00:00
1760500800000,252.2,256.9,251.62,256.56,69781.2,2025-10-15 04:00:00+00:00
1760515200000,256.56,262.53,251.77,253.46,139248.0,2025-10-15 08:00:00+00:00
1760529600000,253.46,254.22,241.88,243.02,232821.1,2025-10-15 12:00:00+00:00
1760544000000,243.0,244.9,238.95,240.74,127015.2,2025-10-15 16:00:00+00:00
1760558400000,240.74,242.65,236.34,242.12,110958.5,2025-10-15 20:00:00+00:00
1760572800000,242.12,243.95,239.57,239.81,73870.2,2025-10-16 00:00:00+00:00
1760587200000,239.81,243.05,238.17,241.13,77964.7,2025-10-16 04:00:00+00:00
1760601600000,241.11,245.7,232.0,244.17,154362.8,2025-10-16 08:00:00+00:00
1760616000000,244.17,246.21,234.74,235.7,192497.6,2025-10-16 12:00:00+00:00
1760630400000,235.7,239.95,230.37,232.44,243637.9,2025-10-16 16:00:00+00:00
1760644800000,232.44,233.53,222.43,223.09,191057.4,2025-10-16 20:00:00+00:00
1760659200000,223.09,227.39,221.83,222.81,205691.2,2025-10-17 00:00:00+00:00
1760673600000,222.82,223.01,208.05,208.5,295595.1,2025-10-17 04:00:00+00:00
1760688000000,208.5,212.93,202.57,209.99,431847.3,2025-10-17 08:00:00+00:00
1760702400000,209.97,211.48,200.03,205.64,439749.2,2025-10-17 12:00:00+00:00
1760716800000,205.62,208.73,201.22,202.9,275127.6,2025-10-17 16:00:00+00:00
1760731200000,202.91,209.73,202.44,206.47,154630.3,2025-10-17 20:00:00+00:00
1760745600000,206.48,210.68,205.28,210.22,94196.8,2025-10-18 00:00:00+00:00
1760760000000,210.21,211.32,207.28,208.45,92916.7,2025-10-18 04:00:00+00:00
1760774400000,208.45,210.21,207.89,210.1,77024.7,2025-10-18 08:00:00+00:00
1760788800000,210.1,210.86,206.79,209.46,102549.5,2025-10-18 12:00:00+00:00
1760803200000,209.48,215.37,207.69,215.31,108015.8,2025-10-18 16:00:00+00:00
1760817600000,215.3,216.85,213.88,214.73,85637.5,2025-10-18 20:00:00+00:00
1760832000000,214.72,216.69,212.37,216.64,81403.3,2025-10-19 00:00:00+00:00
1760846400000,216.64,217.8,213.64,214.51,71197.6,2025-10-19 04:00:00+00:00
1760860800000,214.51,221.03,211.47,220.49,236793.0,2025-10-19 08:00:00+00:00
1760875200000,220.49,226.36,219.32,224.58,161535.6,2025-10-19 12:00:00+00:00
1760889600000,224.58,225.83,222.45,224.22,91285.4,2025-10-19 16:00:00+00:00
1760904000000,224.21,225.51,222.1,222.33,61315.2,2025-10-19 20:00:00+00:00
1760918400000,222.33,228.36,217.72,227.57,144395.3,2025-10-20 00:00:00+00:00
1760932800000,227.58,234.45,227.03,233.54,149589.5,2025-10-20 04:00:00+00:00
1760947200000,233.53,235.76,230.79,231.63,112906.3,2025-10-20 08:00:00+00:00
1760961600000,231.64,231.9,228.03,228.42,97619.2,2025-10-20 12:00:00+00:00
1760976000000,228.42,229.87,224.1,229.05,138709.3,2025-10-20 16:00:00+00:00
1760990400000,229.04,230.59,227.39,228.79,53681.7,2025-10-20 20:00:00+00:00
1761004800000,228.8,229.08,222.65,223.17,79318.5,2025-10-21 00:00:00+00:00
1761019200000,223.17,223.34,217.91,221.16,143432.5,2025-10-21 04:00:00+00:00
1761033600000,221.15,223.04,219.16,221.42,78840.5,2025-10-21 08:00:00+00:00
1761048000000,221.42,236.55,220.01,235.48,257412.7,2025-10-21 12:00:00+00:00
1761062400000,235.48,236.69,228.51,229.35,177074.4,2025-10-21 16:00:00+00:00
1761076800000,229.36,229.86,218.08,218.63,160076.4,2025-10-21 20:00:00+00:00
1761091200000,218.62,220.47,216.46,218.71,115789.3,2025-10-22 00:00:00+00:00
1761105600000,218.71,220.79,216.54,218.26,119055.2,2025-10-22 04:00:00+00:00
1761120000000,218.25,225.59,213.08,219.67,268562.6,2025-10-22 08:00:00+00:00
1761134400000,219.66,224.79,218.18,223.31,332091.9,2025-10-22 12:00:00+00:00
1761148800000,223.32,223.86,215.37,218.04,173377.7,2025-10-22 16:00:00+00:00
1761163200000,218.04,218.74,207.89,216.36,240891.9,2025-10-22 20:00:00+00:00
1761177600000,216.36,219.33,215.83,218.66,73078.2,2025-10-23 00:00:00+00:00
1761192000000,218.67,222.91,218.32,221.26,91372.3,2025-10-23 04:00:00+00:00
1761206400000,221.28,223.44,219.93,220.28,71668.7,2025-10-23 08:00:00+00:00
1761220800000,220.28,223.84,218.38,223.03,119560.2,2025-10-23 12:00:00+00:00
1761235200000,223.04,228.28,222.95,224.64,125971.9,2025-10-23 16:00:00+00:00
1761249600000,224.63,225.0,220.92,224.44,68652.2,2025-10-23 20:00:00+00:00
1761264000000,224.45,225.9,223.14,225.9,59986.9,2025-10-24 00:00:00+00:00
1761278400000,225.9,235.0,225.04,230.3,141108.1,2025-10-24 04:00:00+00:00
1761292800000,230.29,231.47,227.73,229.27,63210.7,2025-10-24 08:00:00+00:00
1761307200000,229.28,237.08,225.39,226.04,171137.5,2025-10-24 12:00:00+00:00
1761321600000,226.03,229.3,224.37,228.04,58218.6,2025-10-24 16:00:00+00:00
1761336000000,228.05,229.49,227.72,228.82,33508.3,2025-10-24 20:00:00+00:00
1761350400000,228.82,229.01,226.57,226.72,46047.8,2025-10-25 00:00:00+00:00
1761364800000,226.72,228.1,226.07,226.33,44753.9,2025-10-25 04:00:00+00:00
1761379200000,226.33,228.83,225.56,226.2,50459.8,2025-10-25 08:00:00+00:00
1761393600000,226.2,228.29,225.94,226.7,53506.2,2025-10-25 12:00:00+00:00
1761408000000,226.7,227.79,224.52,227.39,75420.2,2025-10-25 16:00:00+00:00
1761422400000,227.4,227.58,225.66,226.14,41460.0,2025-10-25 20:00:00+00:00
1761436800000,226.14,226.79,223.33,224.02,49538.3,2025-10-26 00:00:00+00:00
1761451200000,224.02,227.76,223.89,227.39,36774.1,2025-10-26 04:00:00+00:00
1761465600000,227.4,235.92,227.16,235.91,111806.7,2025-10-26 08:00:00+00:00
1761480000000,235.91,240.9,234.11,237.71,131441.2,2025-10-26 12:00:00+00:00
1761494400000,237.72,237.99,235.43,237.47,53783.5,2025-10-26 16:00:00+00:00
1761508800000,237.46,242.5,235.0,240.62,92020.4,2025-10-26 20:00:00+00:00
1761523200000,240.62,245.08,240.01,243.78,96131.0,2025-10-27 00:00:00+00:00
1761537600000,243.79,248.93,242.37,243.53,102777.2,2025-10-27 04:00:00+00:00
1761552000000,243.52,244.84,236.66,238.81,119152.3,2025-10-27 08:00:00+00:00
1761566400000,238.81,239.34,235.24,237.34,116906.0,2025-10-27 12:00:00+00:00
1761580800000,237.33,242.27,237.26,238.91,83003.7,2025-10-27 16:00:00+00:00
1761595200000,238.91,238.93,233.02,234.99,89304.9,2025-10-27 20:00:00+00:00
1761609600000,234.99,237.42,233.66,235.08,70180.3,2025-10-28 00:00:00+00:00
1761624000000,235.08,239.06,232.69,236.09,79678.9,2025-10-28 04:00:00+00:00
1761638400000,236.09,238.3,233.48,233.77,77494.2,2025-10-28 08:00:00+00:00
1761652800000,233.77,237.45,228.8,233.74,144916.9,2025-10-28 12:00:00+00:00
1761667200000,233.74,237.25,229.56,230.85,92433.4,2025-10-28 16:00:00+00:00
1761681600000,230.83,230.83,224.32,228.25,146382.9,2025-10-28 20:00:00+00:00
1761696000000,228.25,230.76,227.93,228.47,51679.2,2025-10-29 00:00:00+00:00
1761710400000,228.46,230.74,228.3,229.67,39448.0,2025-10-29 04:00:00+00:00
1761724800000,229.68,231.65,226.71,231.13,75372.5,2025-10-29 08:00:00+00:00
1761739200000,231.13,232.34,225.82,227.22,98331.4,2025-10-29 12:00:00+00:00
1761753600000,227.22,233.29,221.66,230.22,292132.3,2025-10-29 16:00:00+00:00
1761768000000,230.24,235.3,226.34,227.52,104061.2,2025-10-29 20:00:00+00:00
1761782400000,227.53,231.14,226.07,228.56,68468.8,2025-10-30 00:00:00+00:00
1761796800000,228.56,230.32,219.15,229.84,229436.3,2025-10-30 04:00:00+00:00
1761811200000,229.84,230.1,222.84,222.91,76767.2,2025-10-30 08:00:00+00:00
1761825600000,222.91,223.28,212.42,212.82,232554.3,2025-10-30 12:00:00+00:00
1761840000000,212.81,214.5,207.37,208.03,145638.5,2025-10-30 16:00:00+00:00
1761854400000,208.03,215.19,207.27,215.02,105277.7,2025-10-30 20:00:00+00:00
1761868800000,215.03,219.15,214.44,217.45,92202.2,2025-10-31 00:00:00+00:00
1761883200000,217.45,219.76,216.42,217.12,64604.6,2025-10-31 04:00:00+00:00
1761897600000,217.13,220.01,216.16,219.8,56999.6,2025-10-31 08:00:00+00:00
1761912000000,219.79,221.0,217.16,218.47,110869.2,2025-10-31 12:00:00+00:00
1761926400000,218.47,234.69,212.2,233.53,357541.3,2025-10-31 16:00:00+00:00
1761940800000,233.53,235.66,228.14,228.39,208220.1,2025-10-31 20:00:00+00:00
1761955200000,228.38,229.27,225.15,228.02,90040.2,2025-11-01 00:00:00+00:00
1761969600000,228.03,228.04,224.74,226.46,61616.0,2025-11-01 04:00:00+00:00
1761984000000,226.46,227.15,224.68,225.2,53122.5,2025-11-01 08:00:00+00:00
1761998400000,225.21,225.72,221.58,222.65,92752.1,2025-11-01 12:00:00+00:00
1762012800000,222.65,223.9,221.95,223.32,47341.3,2025-11-01 16:00:00+00:00
1762027200000,223.33,224.78,221.25,222.84,49710.4,2025-11-01 20:00:00+00:00
1762041600000,222.84,224.2,221.68,222.51,42629.3,2025-11-02 00:00:00+00:00
1762056000000,222.5,226.61,222.24,225.9,48903.8,2025-11-02 04:00:00+00:00
1762070400000,225.91,226.18,220.1,223.73,77000.1,2025-11-02 08:00:00+00:00
1762084800000,223.73,224.11,218.16,220.14,84925.5,2025-11-02 12:00:00+00:00
1762099200000,220.14,237.08,218.59,224.87,386765.2,2025-11-02 16:00:00+00:00
1762113600000,224.88,231.65,223.76,231.24,74424.1,2025-11-02 20:00:00+00:00
1762128000000,231.24,232.91,216.3,216.77,222795.0,2025-11-03 00:00:00+00:00
1762142400000,216.76,219.25,208.84,211.91,181029.4,2025-11-03 04:00:00+00:00
1762156800000,211.91,215.2,208.74,213.91,167592.6,2025-11-03 08:00:00+00:00
1762171200000,213.92,215.42,194.57,200.36,375145.8,2025-11-03 12:00:00+00:00
1762185600000,200.37,207.12,199.23,202.69,269476.7,2025-11-03 16:00:00+00:00
1762200000000,202.68,203.93,197.14,199.57,145448.9,2025-11-03 20:00:00+00:00
1762214400000,199.57,205.99,197.79,204.51,119539.8,2025-11-04 00:00:00+00:00
1762228800000,204.52,205.09,192.31,193.5,289888.4,2025-11-04 04:00:00+00:00
1762243200000,193.49,198.85,192.61,197.62,129327.0,2025-11-04 08:00:00+00:00
1762257600000,197.63,204.16,194.31,199.72,202163.2,2025-11-04 12:00:00+00:00
1762272000000,199.72,201.03,184.61,185.96,402656.7,2025-11-04 16:00:00+00:00
1762286400000,185.96,191.0,176.46,188.02,524142.7,2025-11-04 20:00:00+00:00
1762300800000,188.03,200.03,180.58,198.6,435170.3,2025-11-05 00:00:00+00:00
1762315200000,198.59,201.95,196.27,198.09,115548.4,2025-11-05 04:00:00+00:00
1762329600000,198.08,198.49,193.75,197.96,132648.5,2025-11-05 08:00:00+00:00
1762344000000,197.96,200.02,195.05,199.82,150541.8,2025-11-05 12:00:00+00:00
1762358400000,199.83,205.37,198.83,203.22,156187.8,2025-11-05 16:00:00+00:00
1762372800000,203.21,204.83,201.48,201.9,71885.0,2025-11-05 20:00:00+00:00
1762387200000,201.89,205.2,198.66,204.56,101598.9,2025-11-06 00:00:00+00:00
1762401600000,204.56,205.89,198.42,199.54,95351.9,2025-11-06 04:00:00+00:00
1762416000000,199.52,201.85,198.76,200.27,81840.9,2025-11-06 08:00:00+00:00
1762430400000,200.27,202.05,194.31,195.15,160503.9,2025-11-06 12:00:00+00:00
1762444800000,195.16,200.33,192.65,198.91,168088.9,2025-11-06 16:00:00+00:00
1762459200000,198.92,199.52,195.61,197.16,102580.1,2025-11-06 20:00:00+00:00
1762473600000,197.16,201.55,195.81,198.68,117059.1,2025-11-07 00:00:00+00:00
1762488000000,198.67,202.47,196.99,202.47,66791.3,2025-11-07 04:00:00+00:00
1762502400000,202.42,203.04,193.55,193.6,138842.9,2025-11-07 08:00:00+00:00
1762516800000,193.6,200.03,189.76,198.59,268716.6,2025-11-07 12:00:00+00:00
1762531200000,198.63,210.97,197.45,210.41,263904.1,2025-11-07 16:00:00+00:00
1762545600000,210.4,212.64,207.27,207.99,110204.1,2025-11-07 20:00:00+00:00
1762560000000,207.99,211.07,206.12,207.27,110221.0,2025-11-08 00:00:00+00:00
1762574400000,207.27,209.45,203.0,205.89,98723.9,2025-11-08 04:00:00+00:00
1762588800000,205.89,207.75,204.55,205.3,73716.1,2025-11-08 08:00:00+00:00
1762603200000,205.3,205.67,198.62,199.37,113772.2,2025-11-08 12:00:00+00:00
1762617600000,199.38,209.16,198.35,201.2,546232.7,2025-11-08 16:00:00+00:00
1762632000000,201.2,203.38,200.13,202.69,35324.5,2025-11-08 20:00:00+00:00
1762646400000,202.7,202.74,196.52,197.5,72503.8,2025-11-09 00:00:00+00:00
1762660800000,197.5,200.86,196.8,200.23,70099.9,2025-11-09 04:00:00+00:00
1762675200000,200.22,202.72,197.83,202.2,60824.6,2025-11-09 08:00:00+00:00
1762689600000,202.2,210.16,201.79,208.03,141324.1,2025-11-09 12:00:00+00:00
1762704000000,208.04,214.4,207.78,213.75,149140.3,2025-11-09 16:00:00+00:00
1762718400000,213.76,214.96,211.5,212.17,71514.5,2025-11-09 20:00:00+00:00
1762732800000,212.17,221.17,210.55,219.88,157798.6,2025-11-10 00:00:00+00:00
1762747200000,219.87,222.41,218.61,220.07,71925.0,2025-11-10 04:00:00+00:00
1762761600000,220.07,225.46,218.56,223.95,154299.6,2025-11-10 08:00:00+00:00
1762776000000,223.95,225.55,217.53,219.09,156407.8,2025-11-10 12:00:00+00:00
1762790400000,219.08,223.59,216.07,221.4,96471.1,2025-11-10 16:00:00+00:00
1762804800000,221.39,229.29,219.32,228.23,169797.2,2025-11-10 20:00:00+00:00
1762819200000,228.23,232.15,224.54,230.08,201844.4,2025-11-11 00:00:00+00:00
1762833600000,230.07,230.76,216.09,216.54,247400.0,2025-11-11 04:00:00+00:00
1762848000000,216.53,219.86,216.16,218.6,83284.5,2025-11-11 08:00:00+00:00
1762862400000,218.61,219.92,213.7,214.34,177666.5,2025-11-11 12:00:00+00:00
1762876800000,214.34,216.13,211.09,211.58,87741.8,2025-11-11 16:00:00+00:00
1762891200000,211.59,212.42,206.83,207.6,104901.2,2025-11-11 20:00:00+00:00
1762905600000,207.61,212.51,206.84,212.21,86646.1,2025-11-12 00:00:00+00:00
1762920000000,212.2,212.23,207.8,208.31,58547.9,2025-11-12 04:00:00+00:00
1762934400000,208.32,218.15,208.31,217.63,117863.2,2025-11-12 08:00:00+00:00
1762948800000,217.62,219.41,206.54,207.49,248887.5,2025-11-12 12:00:00+00:00
1762963200000,207.49,207.75,202.76,204.87,151503.2,2025-11-12 16:00:00+00:00
1762977600000,204.87,207.17,204.04,205.01,67245.8,2025-11-12 20:00:00+00:00
1762992000000,205.01,211.38,204.11,209.12,104116.0,2025-11-13 00:00:00+00:00
1763006400000,209.12,216.71,207.64,213.9,106668.4,2025-11-13 04:00:00+00:00
1763020800000,213.89,215.52,211.62,213.43,68412.6,2025-11-13 08:00:00+00:00
1763035200000,213.43,214.08,207.04,208.35,155268.2,2025-11-13 12:00:00+00:00
1763049600000,208.36,208.67,191.04,192.32,287433.7,2025-11-13 16:00:00+00:00
1763064000000,192.32,202.09,190.51,198.64,225520.2,2025-11-13 20:00:00+00:00
1763078400000,198.64,199.8,192.53,192.95,197953.5,2025-11-14 00:00:00+00:00
1763092800000,192.95,193.02,185.04,185.67,347501.8,2025-11-14 04:00:00+00:00
1763107200000,185.67,186.19,178.96,179.85,251457.2,2025-11-14 08:00:00+00:00
1763121600000,179.86,180.88,172.98,179.03,410111.6,2025-11-14 12:00:00+00:00
1763136000000,179.02,183.12,176.3,180.35,187233.4,2025-11-14 16:00:00+00:00
1763150400000,180.35,180.52,172.73,173.81,186411.6,2025-11-14 20:00:00+00:00
1763164800000,173.79,180.05,173.7,178.95,137549.1,2025-11-15 00:00:00+00:00
1763179200000,178.96,180.57,177.37,179.17,76141.3,2025-11-15 04:00:00+00:00
1763193600000,179.18,180.91,175.79,178.32,98016.1,2025-11-15 08:00:00+00:00
1763208000000,178.33,180.93,177.76,178.98,99575.2,2025-11-15 12:00:00+00:00
1763222400000,178.98,182.71,177.84,180.35,111212.7,2025-11-15 16:00:00+00:00
1763236800000,180.35,180.44,177.46,178.42,70117.9,2025-11-15 20:00:00+00:00
1763251200000,178.42,179.58,175.22,179.45,91025.4,2025-11-16 00:00:00+00:00
1763265600000,179.45,181.72,178.52,181.22,57720.7,2025-11-16 04:00:00+00:00
1763280000000,181.22,182.11,176.0,176.29,105440.3,2025-11-16 08:00:00+00:00
1763294400000,176.29,177.7,172.8,173.21,126121.9,2025-11-16 12:00:00+00:00
1763308800000,173.2,175.05,167.67,172.73,286598.6,2025-11-16 16:00:00+00:00
1763323200000,172.73,174.3,168.61,172.78,138048.0,2025-11-16 20:00:00+00:00
1763337600000,172.78,177.31,170.68,176.95,114837.2,2025-11-17 00:00:00+00:00
1763352000000,176.95,178.98,175.85,178.71,76107.2,2025-11-17 04:00:00+00:00
1763366400000,178.71,180.18,177.28,178.99,77060.9,2025-11-17 08:00:00+00:00
1763380800000,178.99,182.57,172.22,174.19,391865.8,2025-11-17 12:00:00+00:00
1763395200000,174.18,176.65,165.04,165.67,278663.3,2025-11-17 16:00:00+00:00
1763409600000,165.67,169.38,164.74,169.04,148375.3,2025-11-17 20:00:00+00:00
1763424000000,169.05,171.12,165.08,169.96,229235.4,2025-11-18 00:00:00+00:00
1763438400000,169.96,172.28,167.02,171.06,149986.5,2025-11-18 04:00:00+00:00
1763452800000,171.06,172.9,170.06,171.68,119205.5,2025-11-18 08:00:00+00:00
1763467200000,171.69,177.33,170.04,176.0,189140.2,2025-11-18 12:00:00+00:00
1763481600000,175.99,179.79,175.08,177.93,139391.0,2025-11-18 16:00:00+00:00
1763496000000,177.92,179.42,176.39,178.19,82703.3,2025-11-18 20:00:00+00:00
1763510400000,178.19,179.0,174.99,175.44,111722.9,2025-11-19 00:00:00+00:00
1763524800000,175.43,176.07,170.06,175.23,142997.8,2025-11-19 04:00:00+00:00
1763539200000,175.22,176.94,173.43,174.22,90268.0,2025-11-19 08:00:00+00:00
1763553600000,174.23,175.62,167.61,168.25,184881.6,2025-11-19 12:00:00+00:00
1763568000000,168.24,169.8,163.4,164.62,209345.3,2025-11-19 16:00:00+00:00
1763582400000,164.65,175.02,164.24,174.41,199697.5,2025-11-19 20:00:00+00:00
1763596800000,174.4,176.71,173.25,176.14,90485.6,2025-11-20 00:00:00+00:00
1763611200000,176.14,178.65,174.95,178.52,82492.2,2025-11-20 04:00:00+00:00
1763625600000,178.52,179.08,175.84,177.76,79808.9,2025-11-20 08:00:00+00:00
1763640000000,177.77,179.61,172.95,173.14,174491.8,2025-11-20 12:00:00+00:00
1763654400000,173.14,173.4,159.27,163.81,441379.2,2025-11-20 16:00:00+00:00
1763668800000,163.8,167.26,161.93,164.55,136836.6,2025-11-20 20:00:00+00:00
1763683200000,164.56,167.93,161.76,163.26,150746.9,2025-11-21 00:00:00+00:00
1763697600000,163.25,164.46,145.0,156.13,279688.7,2025-11-21 04:00:00+00:00
1763712000000,156.13,158.86,152.29,152.91,226055.7,2025-11-21 08:00:00+00:00
1763726400000,152.92,157.5,148.85,152.5,336338.9,2025-11-21 12:00:00+00:00
1763740800000,152.5,159.52,151.02,156.56,233625.8,2025-11-21 16:00:00+00:00
1763755200000,156.55,158.87,153.61,157.72,160840.5,2025-11-21 20:00:00+00:00
1763769600000,157.73,160.42,157.52,159.18,113893.1,2025-11-22 00:00:00+00:00
1763784000000,159.18,160.24,156.54,158.88,105030.5,2025-11-22 04:00:00+00:00
1763798400000,158.88,159.13,155.07,157.05,112076.2,2025-11-22 08:00:00+00:00
1763812800000,157.05,158.8,155.06,157.86,102397.1,2025-11-22 12:00:00+00:00
1763827200000,157.86,160.41,157.61,159.17,91157.4,2025-11-22 16:00:00+00:00
1763841600000,159.18,163.48,158.12,161.05,85006.0,2025-11-22 20:00:00+00:00
1763856000000,161.05,164.1,160.23,163.86,94172.1,2025-11-23 00:00:00+00:00
1763870400000,163.85,165.63,162.08,163.27,92664.3,2025-11-23 04:00:00+00:00
1763884800000,163.27,165.03,162.51,163.37,60559.5,2025-11-23 08:00:00+00:00
1763899200000,163.38,165.24,162.16,164.9,103451.3,2025-11-23 12:00:00+00:00
1763913600000,164.9,170.37,163.86,168.4,134416.0,2025-11-23 16:00:00+00:00
1763928000000,168.41,171.45,166.56,167.35,132475.4,2025-11-23 20:00:00+00:00
1763942400000,167.36,173.44,165.42,172.05,132061.4,2025-11-24 00:00:00+00:00
1763956800000,172.04,174.12,169.95,170.56,115958.4,2025-11-24 04:00:00+00:00
1763971200000,170.55,171.98,167.76,170.72,100271.1,2025-11-24 08:00:00+00:00
1763985600000,170.71,172.14,167.05,171.23,150526.9,2025-11-24 12:00:00+00:00
1764000000000,171.22,177.99,170.83,177.7,187802.3,2025-11-24 16:00:00+00:00
1764014400000,177.71,180.08,177.21,178.41,100233.5,2025-11-24 20:00:00+00:00
1764028800000,178.41,180.27,177.14,178.08,97038.9,2025-11-25 00:00:00+00:00
1764043200000,178.08,180.71,177.86,178.74,89004.5,2025-11-25 04:00:00+00:00
1764057600000,178.74,179.85,176.32,177.32,142326.9,2025-11-25 08:00:00+00:00
1764072000000,177.33,180.13,173.95,176.1,143508.2,2025-11-25 12:00:00+00:00
1764086400000,176.1,178.87,174.28,177.63,107479.6,2025-11-25 16:00:00+00:00
1764100800000,177.63,181.33,175.47,178.89,94838.6,2025-11-25 20:00:00+00:00
1764115200000,178.9,180.82,176.55,176.85,82019.5,2025-11-26 00:00:00+00:00
1764129600000,176.85,178.91,176.46,178.51,61900.0,2025-11-26 04:00:00+00:00
1764144000000,178.5,178.5,175.45,176.53,68709.5,2025-11-26 08:00:00+00:00
1764158400000,176.53,178.89,174.63,177.61,102831.3,2025-11-26 12:00:00+00:00
1764172800000,177.6,188.7,177.55,187.49,199273.1,2025-11-26 16:00:00+00:00
1764187200000,187.5,188.0,184.61,185.67,111753.6,2025-11-26 20:00:00+00:00
1764201600000,185.66,187.76,184.8,185.52,71756.5,2025-11-27 00:00:00+00:00
1764216000000,185.53,187.08,185.12,185.83,45773.6,2025-11-27 04:00:00+00:00
1764230400000,185.84,185.84,181.84,182.99,93385.1,2025-11-27 08:00:00+00:00
1764244800000,182.98,185.49,181.9,185.17,79185.9,2025-11-27 12:00:00+00:00
1764259200000,185.16,187.7,184.79,186.74,76464.9,2025-11-27 16:00:00+00:00
1764273600000,186.75,187.9,185.36,185.85,44883.1,2025-11-27 20:00:00+00:00
1764288000000,185.85,186.4,182.44,186.32,99488.0,2025-11-28 00:00:00+00:00
1764302400000,186.32,187.09,184.5,184.88,63956.5,2025-11-28 04:00:00+00:00
1764316800000,184.88,189.42,184.83,185.52,91573.4,2025-11-28 08:00:00+00:00
1764331200000,185.52,187.71,184.57,185.91,107068.5,2025-11-28 12:00:00+00:00
1764345600000,185.92,186.65,182.12,186.3,126434.6,2025-11-28 16:00:00+00:00
1764360000000,186.3,186.84,184.69,185.18,43219.8,2025-11-28 20:00:00+00:00
1764374400000,185.18,186.33,183.75,183.96,53486.6,2025-11-29 00:00:00+00:00
1764388800000,183.97,186.56,182.92,183.83,60310.5,2025-11-29 04:00:00+00:00
1764403200000,183.83,184.49,182.54,183.97,40809.2,2025-11-29 08:00:00+00:00
1764417600000,183.97,184.75,182.23,183.77,52833.0,2025-11-29 12:00:00+00:00
1764432000000,183.78,183.8,180.78,182.96,78067.6,2025-11-29 16:00:00+00:00
1764446400000,182.96,183.63,181.35,181.98,38386.4,2025-11-29 20:00:00+00:00
1764460800000,181.97,190.0,180.99,189.87,127410.1,2025-11-30 00:00:00+00:00
1764475200000,189.87,190.81,184.23,185.41,143843.6,2025-11-30 04:00:00+00:00
1764489600000,185.41,186.34,176.6,177.65,228932.2,2025-11-30 08:00:00+00:00
1764504000000,177.65,181.44,177.48,180.15,117584.5,2025-11-30 12:00:00+00:00
1764518400000,180.14,181.91,179.72,180.21,57909.6,2025-11-30 16:00:00+00:00
1764532800000,180.21,180.83,177.14,177.32,62206.5,2025-11-30 20:00:00+00:00
1764547200000,177.32,178.01,166.54,166.78,282568.3,2025-12-01 00:00:00+00:00
1764561600000,166.78,167.58,165.24,166.41,96963.1,2025-12-01 04:00:00+00:00
1764576000000,166.42,168.48,164.87,167.89,102332.4,2025-12-01 08:00:00+00:00
1764590400000,167.9,169.32,162.19,164.53,241043.0,2025-12-01 12:00:00+00:00
1764604800000,164.53,165.24,162.57,164.3,143167.7,2025-12-01 16:00:00+00:00
1764619200000,164.29,172.52,164.24,171.28,145312.3,2025-12-01 20:00:00+00:00
1764633600000,171.27,173.24,168.3,169.31,93832.6,2025-12-02 00:00:00+00:00
1764648000000,169.31,170.56,168.42,168.8,50192.1,2025-12-02 04:00:00+00:00
1764662400000,168.79,171.39,167.13,170.55,100345.8,2025-12-02 08:00:00+00:00
1764676800000,170.56,184.92,169.5,184.0,242398.5,2025-12-02 12:00:00+00:00
1764691200000,184.0,190.06,182.78,187.12,177918.0,2025-12-02 16:00:00+00:00
1764705600000,187.12,190.73,184.83,189.78,104626.0,2025-12-02 20:00:00+00:00
1764720000000,189.78,191.91,189.28,190.3,105581.1,2025-12-03 00:00:00+00:00
1764734400000,190.29,193.84,190.29,193.42,128628.0,2025-12-03 04:00:00+00:00
1764748800000,193.43,194.7,191.12,192.46,113063.5,2025-12-03 08:00:00+00:00
1764763200000,192.47,195.72,190.22,192.84,158814.4,2025-12-03 12:00:00+00:00
1764777600000,192.83,195.64,191.09,195.42,80843.2,2025-12-03 16:00:00+00:00
1764792000000,195.41,200.51,195.07,197.74,145037.5,2025-12-03 20:00:00+00:00
1764806400000,197.74,199.3,195.84,197.55,89234.1,2025-12-04 00:00:00+00:00
1764820800000,197.55,197.78,192.75,193.13,91654.4,2025-12-04 04:00:00+00:00
1764835200000,193.13,194.36,192.21,194.26,59974.6,2025-12-04 08:00:00+00:00
1764849600000,194.25,196.8,192.19,195.54,98485.1,2025-12-04 12:00:00+00:00
1764864000000,195.56,195.97,187.29,190.41,119294.7,2025-12-04 16:00:00+00:00
1764878400000,190.41,191.92,189.65,190.42,51279.1,2025-12-04 20:00:00+00:00
1764892800000,190.42,193.48,190.1,191.93,54762.9,2025-12-05 00:00:00+00:00
1764907200000,191.92,192.78,190.07,191.77,46654.1,2025-12-05 04:00:00+00:00
1764921600000,191.78,191.78,187.84,189.2,76399.7,2025-12-05 08:00:00+00:00
1764936000000,189.2,192.98,187.08,188.43,138601.0,2025-12-05 12:00:00+00:00
1764950400000,188.42,188.59,181.19,184.37,179758.2,2025-12-05 16:00:00+00:00
1764964800000,184.37,185.07,182.77,183.37,49445.7,2025-12-05 20:00:00+00:00
1764979200000,183.38,184.9,182.12,183.73,34976.1,2025-12-06 00:00:00+00:00
1764993600000,183.74,185.1,182.77,183.28,32285.2,2025-12-06 04:00:00+00:00
1765008000000,183.29,184.57,182.02,184.5,42014.8,2025-12-06 08:00:00+00:00
1765022400000,184.49,187.93,183.84,187.22,77815.0,2025-12-06 12:00:00+00:00
1765036800000,187.23,191.42,186.5,187.03,84011.3,2025-12-06 16:00:00+00:00
1765051200000,187.04,189.0,186.32,187.31,41410.1,2025-12-06 20:00:00+00:00
1765065600000,187.3,190.94,187.07,189.98,67717.2,2025-12-07 00:00:00+00:00
1765080000000,189.98,190.12,187.49,189.47,64798.1,2025-12-07 04:00:00+00:00
1765094400000,189.47,190.31,187.2,188.6,52252.2,2025-12-07 08:00:00+00:00
1765108800000,188.6,189.92,181.77,188.11,149136.3,2025-12-07 12:00:00+00:00
1765123200000,188.11,194.94,185.3,193.75,143337.0,2025-12-07 16:00:00+00:00
1765137600000,193.76,194.07,184.26,187.39,119669.5,2025-12-07 20:00:00+00:00
1765152000000,187.4,192.59,185.69,189.99,98993.9,2025-12-08 00:00:00+00:00
1765166400000,189.99,193.33,189.93,193.02,65916.9,2025-12-08 04:00:00+00:00
1765180800000,193.02,197.29,192.03,197.13,89357.9,2025-12-08 08:00:00+00:00
1765195200000,197.13,199.98,192.18,192.61,218554.9,2025-12-08 12:00:00+00:00
1765209600000,192.61,193.84,189.16,191.27,124076.0,2025-12-08 16:00:00+00:00
1765224000000,191.28,194.22,190.68,191.42,73517.4,2025-12-08 20:00:00+00:00
1765238400000,191.42,192.48,188.64,190.42,110460.0,2025-12-09 00:00:00+00:00
1765252800000,190.43,190.56,187.5,190.11,70875.3,2025-12-09 04:00:00+00:00
1765267200000,190.12,190.41,187.09,188.65,59569.0,2025-12-09 08:00:00+00:00
1765281600000,188.65,197.22,187.13,196.3,199105.8,2025-12-09 12:00:00+00:00
1765296000000,196.3,206.28,196.21,204.8,265260.8,2025-12-09 16:00:00+00:00
1765310400000,204.79,206.22,200.87,202.29,133417.9,2025-12-09 20:00:00+00:00
1765324800000,202.29,203.34,198.32,200.32,94738.3,2025-12-10 00:00:00+00:00
1765339200000,200.32,201.31,198.59,200.17,66745.9,2025-12-10 04:00:00+00:00
1765353600000,200.18,202.64,196.09,197.42,103251.6,2025-12-10 08:00:00+00:00
1765368000000,197.43,199.81,196.63,198.04,98136.5,2025-12-10 12:00:00+00:00
1765382400000,198.05,205.14,197.49,202.7,199494.4,2025-12-10 16:00:00+00:00
1765396800000,202.71,207.05,196.19,196.81,173655.6,2025-12-10 20:00:00+00:00
1765411200000,196.82,197.21,187.22,187.51,141993.6,2025-12-11 00:00:00+00:00
1765425600000,187.5,191.61,186.85,189.43,95823.7,2025-12-11 04:00:00+00:00
1765440000000,189.42,190.61,188.0,190.13,57922.0,2025-12-11 08:00:00+00:00
1765454400000,190.13,192.92,188.32,190.8,137772.7,2025-12-11 12:00:00+00:00
1765468800000,190.79,195.86,189.24,193.7,126832.5,2025-12-11 16:00:00+00:00
1765483200000,193.69,203.23,193.56,202.33,182668.3,2025-12-11 20:00:00+00:00
1765497600000,202.34,206.8,200.9,204.36,159913.2,2025-12-12 00:00:00+00:00
1765512000000,204.35,206.16,202.18,204.27,84151.5,2025-12-12 04:00:00+00:00
1765526400000,204.28,206.6,203.18,205.66,95347.5,2025-12-12 08:00:00+00:00
1765540800000,205.66,205.68,191.09,192.76,239828.0,2025-12-12 12:00:00+00:00
1765555200000,192.77,194.04,189.16,191.13,272483.3,2025-12-12 16:00:00+00:00
1765569600000,191.12,192.75,190.18,191.25,78121.5,2025-12-12 20:00:00+00:00
1765584000000,191.25,194.87,191.14,194.28,65555.7,2025-12-13 00:00:00+00:00
1765598400000,194.28,195.58,193.25,195.58,51013.5,2025-12-13 04:00:00+00:00
1765612800000,195.57,202.61,195.54,198.95,148721.2,2025-12-13 08:00:00+00:00
1765627200000,198.95,199.98,197.01,198.38,88040.4,2025-12-13 12:00:00+00:00
1765641600000,198.38,199.24,196.21,197.89,58942.6,2025-12-13 16:00:00+00:00
1765656000000,197.9,198.01,195.36,197.41,62285.2,2025-12-13 20:00:00+00:00
1765670400000,197.4,198.03,195.86,195.92,43856.1,2025-12-14 00:00:00+00:00
1765684800000,195.95,196.08,193.01,194.52,62017.5,2025-12-14 04:00:00+00:00
1765699200000,194.52,195.61,191.06,193.51,73182.7,2025-12-14 08:00:00+00:00
1765713600000,193.49,194.9,190.89,191.41,80426.0,2025-12-14 12:00:00+00:00
1765728000000,191.4,192.69,189.32,189.86,73963.3,2025-12-14 16:00:00+00:00
1765742400000,189.85,190.95,184.95,188.49,95723.2,2025-12-14 20:00:00+00:00
1765756800000,188.49,196.15,187.94,193.08,112007.4,2025-12-15 00:00:00+00:00
1765771200000,193.09,196.65,192.09,194.71,64007.7,2025-12-15 04:00:00+00:00
1765785600000,194.72,196.23,193.79,195.49,61389.6,2025-12-15 08:00:00+00:00
1765800000000,195.49,195.9,182.8,184.43,266976.3,2025-12-15 12:00:00+00:00
1765814400000,184.44,184.98,179.06,183.37,219057.1,2025-12-15 16:00:00+00:00
1765828800000,183.37,195.47,180.95,192.8,230099.9,2025-12-15 20:00:00+00:00
1765843200000,192.8,193.18,186.41,186.88,140586.1,2025-12-16 00:00:00+00:00
1765857600000,186.89,188.67,183.21,186.75,103532.3,2025-12-16 04:00:00+00:00
1765872000000,186.75,189.76,185.31,188.06,79769.6,2025-12-16 08:00:00+00:00
1765886400000,188.06,191.16,183.89,189.35,181428.2,2025-12-16 12:00:00+00:00
1765900800000,189.34,191.74,184.7,185.27,245124.7,2025-12-16 16:00:00+00:00
1765915200000,185.26,186.44,184.44,186.11,74226.2,2025-12-16 20:00:00+00:00
1765929600000,186.11,188.0,184.99,186.35,80900.6,2025-12-17 00:00:00+00:00
1765944000000,186.36,186.45,183.17,185.29,94323.7,2025-12-17 04:00:00+00:00
1765958400000,185.28,185.29,182.66,184.05,93874.3,2025-12-17 08:00:00+00:00
1765972800000,184.05,192.69,181.7,182.95,274014.8,2025-12-17 12:00:00+00:00
1765987200000,182.95,184.68,176.67,179.91,266928.9,2025-12-17 16:00:00+00:00
1766001600000,179.91,181.28,177.5,179.9,91302.3,2025-12-17 20:00:00+00:00
1766016000000,179.89,180.09,177.17,177.91,62465.8,2025-12-18 00:00:00+00:00
1766030400000,177.92,179.02,175.81,177.13,67918.1,2025-12-18 04:00:00+00:00
1766044800000,177.13,180.51,176.51,176.77,97387.7,2025-12-18 08:00:00+00:00
1766059200000,176.78,185.17,176.16,183.12,249966.2,2025-12-18 12:00:00+00:00
1766073600000,183.12,183.19,169.36,169.77,268100.5,2025-12-18 16:00:00+00:00
1766088000000,169.76,175.02,169.7,173.46,114033.1,2025-12-18 20:00:00+00:00
1766102400000,173.47,179.77,171.63,178.33,134806.6,2025-12-19 00:00:00+00:00
1766116800000,178.33,183.54,177.59,181.99,120745.1,2025-12-19 04:00:00+00:00
1766131200000,181.98,182.74,180.33,181.41,66100.8,2025-12-19 08:00:00+00:00
1766145600000,181.42,185.87,180.8,183.1,136764.1,2025-12-19 12:00:00+00:00
1766160000000,183.1,186.93,181.56,185.28,138717.0,2025-12-19 16:00:00+00:00
1766174400000,185.29,187.47,181.2,181.53,110256.0,2025-12-19 20:00:00+00:00
1766188800000,181.53,182.38,180.1,181.42,67502.3,2025-12-20 00:00:00+00:00
1766203200000,181.42,182.66,181.15,182.25,48160.3,2025-12-20 04:00:00+00:00
1766217600000,182.25,183.2,180.76,182.09,52173.4,2025-12-20 08:00:00+00:00
1766232000000,182.08,182.29,180.01,182.08,58819.8,2025-12-20 12:00:00+00:00
1766246400000,182.09,182.34,180.81,181.14,40897.5,2025-12-20 16:00:00+00:00
1766260800000,181.15,181.52,179.64,179.8,44054.8,2025-12-20 20:00:00+00:00
1766275200000,179.8,180.03,176.66,177.92,78750.4,2025-12-21 00:00:00+00:00
1766289600000,177.92,178.57,177.09,177.63,41257.3,2025-12-21 04:00:00+00:00
1766304000000,177.62,179.96,177.14,177.97,76125.4,2025-12-21 08:00:00+00:00
1766318400000,177.98,178.56,173.09,175.23,135262.6,2025-12-21 12:00:00+00:00
1766332800000,175.23,177.14,174.95,176.54,70022.5,2025-12-21 16:00:00+00:00
1766347200000,176.54,176.7,156.12,165.08,620370.7,2025-12-21 20:00:00+00:00
1766361600000,165.08,166.54,160.48,162.52,321626.9,2025-12-22 00:00:00+00:00
1766376000000,162.51,162.79,159.26,160.45,193088.7,2025-12-22 04:00:00+00:00
1766390400000,160.45,163.02,157.96,159.02,233421.5,2025-12-22 08:00:00+00:00
1766404800000,159.03,159.24,153.27,154.23,470322.9,2025-12-22 12:00:00+00:00
1766419200000,154.23,158.46,152.64,153.16,352005.8,2025-12-22 16:00:00+00:00
1766433600000,153.16,153.81,148.06,150.5,321889.4,2025-12-22 20:00:00+00:00
1766448000000,150.51,153.58,148.38,152.23,282405.6,2025-12-23 00:00:00+00:00
1766462400000,152.23,155.47,151.61,152.59,214261.1,2025-12-23 04:00:00+00:00
1766476800000,152.6,153.26,150.81,151.15,123248.4,2025-12-23 08:00:00+00:00
1766491200000,151.15,152.99,147.56,150.22,304609.6,2025-12-23 12:00:00+00:00
1766505600000,150.22,151.73,149.15,150.75,121582.5,2025-12-23 16:00:00+00:00
1766520000000,150.75,152.42,150.0,150.71,89841.7,2025-12-23 20:00:00+00:00
1766534400000,150.71,151.73,148.81,149.79,106040.9,2025-12-24 00:00:00+00:00
1766548800000,149.78,150.08,147.28,147.4,113375.7,2025-12-24 04:00:00+00:00
1766563200000,147.41,149.37,146.33,148.95,130504.9,2025-12-24 08:00:00+00:00
1766577600000,148.94,149.59,147.31,148.22,123631.6,2025-12-24 12:00:00+00:00
1766592000000,148.21,149.96,147.56,148.23,91212.3,2025-12-24 16:00:00+00:00
1766606400000,148.23,149.6,147.49,148.64,79916.4,2025-12-24 20:00:00+00:00
1766620800000,148.64,151.37,147.96,150.46,102440.6,2025-12-25 00:00:00+00:00
1766635200000,150.46,150.89,149.84,150.39,52753.1,2025-12-25 04:00:00+00:00
1766649600000,150.39,151.7,149.4,149.94,89795.3,2025-12-25 08:00:00+00:00
1766664000000,149.94,153.78,149.83,153.52,127026.3,2025-12-25 12:00:00+00:00
1766678400000,153.52,154.49,152.04,152.69,82726.2,2025-12-25 16:00:00+00:00
1766692800000,152.68,152.84,148.07,148.99,110222.0,2025-12-25 20:00:00+00:00
1766707200000,148.99,153.87,148.46,152.35,131327.1,2025-12-26 00:00:00+00:00
1766721600000,152.34,154.41,151.34,152.61,80308.0,2025-12-26 04:00:00+00:00
1766736000000,152.61,154.92,152.5,153.92,79033.8,2025-12-26 08:00:00+00:00
1766750400000,153.92,157.27,151.72,154.63,224292.9,2025-12-26 12:00:00+00:00
1766764800000,154.64,156.53,154.07,155.13,110392.9,2025-12-26 16:00:00+00:00
1766779200000,155.12,155.26,153.16,154.23,45284.3,2025-12-26 20:00:00+00:00
1766793600000,154.24,156.1,153.78,155.87,61796.3,2025-12-27 00:00:00+00:00
1766808000000,155.87,156.75,154.57,156.65,42475.8,2025-12-27 04:00:00+00:00
1766822400000,156.66,157.11,155.63,156.73,60327.4,2025-12-27 08:00:00+00:00
1766836800000,156.74,157.03,155.41,156.55,67568.7,2025-12-27 12:00:00+00:00
1766851200000,156.56,156.67,155.16,156.02,43249.8,2025-12-27 16:00:00+00:00
1766865600000,156.03,157.61,155.82,157.01,43627.9,2025-12-27 20:00:00+00:00
1766880000000,157.01,157.28,155.47,156.04,42643.4,2025-12-28 00:00:00+00:00
1766894400000,156.03,156.09,153.89,155.16,80060.8,2025-12-28 04:00:00+00:00
1766908800000,155.17,156.1,154.37,154.95,48324.1,2025-12-28 08:00:00+00:00
1766923200000,154.94,155.86,154.17,154.75,44082.9,2025-12-28 12:00:00+00:00
1766937600000,154.76,155.29,153.04,153.15,61737.1,2025-12-28 16:00:00+00:00
1766952000000,153.16,154.15,152.52,153.54,58802.7,2025-12-28 20:00:00+00:00
1766966400000,153.55,157.78,152.79,157.39,130354.4,2025-12-29 00:00:00+00:00
1766980800000,157.38,159.16,153.52,153.96,184834.2,2025-12-29 04:00:00+00:00
1766995200000,153.97,154.11,150.56,151.86,195011.4,2025-12-29 08:00:00+00:00
1767009600000,151.87,152.3,149.71,151.06,149356.5,2025-12-29 12:00:00+00:00
1767024000000,151.05,151.56,149.2,149.55,80655.1,2025-12-29 16:00:00+00:00
1767038400000,149.54,150.0,148.53,149.38,62883.4,2025-12-29 20:00:00+00:00
1767052800000,149.38,151.22,149.2,151.02,59905.0,2025-12-30 00:00:00+00:00
1767067200000,151.03,151.93,150.0,150.89,59962.8,2025-12-30 04:00:00+00:00
1767081600000,150.89,152.54,149.54,149.95,113363.4,2025-12-30 08:00:00+00:00
1767096000000,149.95,151.8,149.54,150.82,89051.1,2025-12-30 12:00:00+00:00
1767110400000,150.83,151.61,149.08,150.12,60964.7,2025-12-30 16:00:00+00:00
1767124800000,150.11,150.26,148.82,149.41,45134.5,2025-12-30 20:00:00+00:00
1767139200000,149.42,150.18,148.65,149.43,54908.1,2025-12-31 00:00:00+00:00
1767153600000,149.43,150.87,149.11,150.09,52146.2,2025-12-31 04:00:00+00:00
1767168000000,150.09,150.59,149.0,149.59,55011.5,2025-12-31 08:00:00+00:00
1767182400000,149.59,150.29,146.65,147.32,155093.3,2025-12-31 12:00:00+00:00
1767196800000,147.33,147.98,142.57,144.28,140751.5,2025-12-31 16:00:00+00:00
1767211200000,144.28,147.13,143.38,145.93,92500.4,2025-12-31 20:00:00+00:00
1767225600000,145.94,146.62,145.59,146.08,37841.2,2026-01-01 00:00:00+00:00
1767240000000,146.09,146.62,145.33,145.95,40788.4,2026-01-01 04:00:00+00:00
1767254400000,145.95,146.42,145.69,146.25,31482.2,2026-01-01 08:00:00+00:00
1767268800000,146.25,146.92,144.96,146.43,73161.3,2026-01-01 12:00:00+00:00
1767283200000,146.43,148.63,146.1,148.57,78087.5,2026-01-01 16:00:00+00:00
1767297600000,148.57,149.48,147.23,148.83,74003.5,2026-01-01 20:00:00+00:00
1767312000000,148.84,151.23,147.83,150.76,85686.5,2026-01-02 00:00:00+00:00
1767326400000,150.76,151.11,149.25,149.55,66238.2,2026-01-02 04:00:00+00:00
1767340800000,149.55,153.06,149.44,150.63,128196.0,2026-01-02 08:00:00+00:00
1767355200000,150.62,155.07,149.78,154.04,188662.7,2026-01-02 12:00:00+00:00
1767369600000,154.04,157.27,152.9,156.76,171657.7,2026-01-02 16:00:00+00:00
1767384000000,156.76,165.9,156.55,165.12,444666.8,2026-01-02 20:00:00+00:00
1767398400000,165.13,166.04,163.88,165.05,118767.1,2026-01-03 00:00:00+00:00
1767412800000,165.04,167.8,160.95,161.68,180223.5,2026-01-03 04:00:00+00:00
1767427200000,161.66,162.33,158.05,158.42,159360.4,2026-01-03 08:00:00+00:00
1767441600000,158.43,160.84,157.74,159.75,116783.7,2026-01-03 12:00:00+00:00
1767456000000,159.74,160.99,159.61,160.48,54495.9,2026-01-03 16:00:00+00:00
1767470400000,160.48,163.06,159.28,163.03,75551.5,2026-01-03 20:00:00+00:00
1767484800000,163.04,164.81,162.44,164.29,97229.9,2026-01-04 00:00:00+00:00
1767499200000,164.29,164.84,160.99,161.48,79912.0,2026-01-04 04:00:00+00:00
1767513600000,161.48,164.28,160.61,164.07,102419.8,2026-01-04 08:00:00+00:00
1767528000000,164.07,166.11,163.13,164.49,146345.6,2026-01-04 12:00:00+00:00
1767542400000,164.5,166.07,161.75,162.46,85370.0,2026-01-04 16:00:00+00:00
1767556800000,162.46,165.18,162.21,164.1,83779.0,2026-01-04 20:00:00+00:00
1767571200000,164.09,167.77,163.54,165.69,130171.2,2026-01-05 00:00:00+00:00
1767585600000,165.68,165.9,161.51,164.49,117862.4,2026-01-05 04:00:00+00:00
1767600000000,164.49,166.53,162.64,166.03,122838.2,2026-01-05 08:00:00+00:00
1767614400000,166.04,169.99,163.53,169.16,171113.5,2026-01-05 12:00:00+00:00
1767628800000,169.16,174.66,168.05,173.43,238277.4,2026-01-05 16:00:00+00:00
1767643200000,173.43,175.21,169.66,170.77,192949.9,2026-01-05 20:00:00+00:00
1767657600000,170.77,173.82,170.51,173.13,86561.1,2026-01-06 00:00:00+00:00
1767672000000,173.12,174.54,170.92,171.55,113066.2,2026-01-06 04:00:00+00:00
1767686400000,171.55,174.78,171.48,174.65,104199.4,2026-01-06 08:00:00+00:00
1767700800000,174.64,176.87,171.86,172.75,191237.6,2026-01-06 12:00:00+00:00
1767715200000,172.75,173.16,167.59,169.73,202719.3,2026-01-06 16:00:00+00:00
1767729600000,169.73,176.72,169.73,176.15,122882.6,2026-01-06 20:00:00+00:00
1767744000000,176.15,176.17,171.29,172.08,81754.9,2026-01-07 00:00:00+00:00
1767758400000,172.08,173.41,170.61,173.4,45319.0,2026-01-07 04:00:00+00:00
1767772800000,173.41,174.6,169.52,171.95,107204.8,2026-01-07 08:00:00+00:00
1767787200000,171.95,172.02,166.33,166.86,129231.1,2026-01-07 12:00:00+00:00
1767801600000,166.86,168.57,166.07,167.07,97967.9,2026-01-07 16:00:00+00:00
1767816000000,167.08,168.55,165.7,167.74,67793.8,2026-01-07 20:00:00+00:00
1767830400000,167.74,169.16,166.06,166.52,60856.4,2026-01-08 00:00:00+00:00
1767844800000,166.52,168.05,162.02,165.45,130317.9,2026-01-08 04:00:00+00:00
1767859200000,165.46,166.29,162.88,164.26,114077.6,2026-01-08 08:00:00+00:00
1767873600000,164.27,165.93,161.06,165.83,142218.3,2026-01-08 12:00:00+00:00
1767888000000,165.82,167.37,163.92,164.27,99297.9,2026-01-08 16:00:00+00:00
1767902400000,164.26,166.05,162.67,164.22,53034.0,2026-01-08 20:00:00+00:00
1767916800000,164.23,166.58,163.48,166.14,67164.7,2026-01-09 00:00:00+00:00
1767931200000,166.14,166.61,164.86,164.94,41171.5,2026-01-09 04:00:00+00:00
1767945600000,164.95,165.52,162.55,165.18,70845.6,2026-01-09 08:00:00+00:00
1767960000000,165.19,169.85,163.68,167.83,161287.8,2026-01-09 12:00:00+00:00
1767974400000,167.83,170.35,163.65,164.27,108300.8,2026-01-09 16:00:00+00:00
1767988800000,164.27,166.49,164.09,165.61,48030.9,2026-01-09 20:00:00+00:00
1768003200000,165.6,165.6,163.81,164.67,32102.8,2026-01-10 00:00:00+00:00
1768017600000,164.67,165.49,163.29,165.09,35128.5,2026-01-10 04:00:00+00:00
1768032000000,165.09,166.52,164.84,166.46,35599.9,2026-01-10 08:00:00+00:00
1768046400000,166.46,167.21,165.77,165.84,39955.2,2026-01-10 12:00:00+00:00
1768060800000,165.83,166.19,164.78,165.65,36785.3,2026-01-10 16:00:00+00:00
1768075200000,165.66,165.85,163.73,164.82,35275.1,2026-01-10 20:00:00+00:00
1768089600000,164.82,165.95,164.54,165.38,42419.6,2026-01-11 00:00:00+00:00
1768104000000,165.39,165.96,164.85,165.96,22176.8,2026-01-11 04:00:00+00:00
1768118400000,165.95,167.21,165.6,166.76,32603.4,2026-01-11 08:00:00+00:00
1768132800000,166.76,168.27,166.25,166.85,53651.4,2026-01-11 12:00:00+00:00
1768147200000,166.85,171.63,166.79,168.75,113689.0,2026-01-11 16:00:00+00:00
1768161600000,168.74,168.74,165.23,167.82,88821.0,2026-01-11 20:00:00+00:00
1768176000000,167.82,171.48,165.62,169.0,117189.0,2026-01-12 00:00:00+00:00
1768190400000,169.01,170.67,166.09,166.31,66000.6,2026-01-12 04:00:00+00:00
1768204800000,166.3,167.21,163.16,164.47,95644.8,2026-01-12 08:00:00+00:00
1768219200000,164.47,165.26,160.73,164.69,140346.5,2026-01-12 12:00:00+00:00
1768233600000,164.68,167.12,162.52,166.63,131137.7,2026-01-12 16:00:00+00:00
1768248000000,166.63,167.59,163.69,164.89,69525.0,2026-01-12 20:00:00+00:00
1768262400000,164.9,167.47,164.64,167.16,63239.0,2026-01-13 00:00:00+00:00
1768276800000,167.16,171.21,166.87,169.2,102971.9,2026-01-13 04:00:00+00:00
1768291200000,169.2,171.92,168.89,169.53,92810.6,2026-01-13 08:00:00+00:00
1768305600000,169.53,172.86,168.94,172.48,153928.1,2026-01-13 12:00:00+00:00
1768320000000,172.48,175.44,171.55,174.96,140213.1,2026-01-13 16:00:00+00:00
1768334400000,174.97,180.1,173.27,177.67,145736.5,2026-01-13 20:00:00+00:00
1768348800000,177.67,179.7,177.02,178.53,97581.7,2026-01-14 00:00:00+00:00
1768363200000,178.53,179.05,176.08,177.03,74839.0,2026-01-14 04:00:00+00:00
1768377600000,177.04,178.35,174.28,174.6,67708.8,2026-01-14 08:00:00+00:00
1768392000000,174.59,178.07,174.0,177.33,119439.2,2026-01-14 12:00:00+00:00
1768406400000,177.33,180.38,175.42,178.39,175427.6,2026-01-14 16:00:00+00:00
1768420800000,178.4,179.55,177.45,178.33,57015.5,2026-01-14 20:00:00+00:00
1768435200000,178.33,178.43,172.02,172.68,105543.5,2026-01-15 00:00:00+00:00
1768449600000,172.67,175.95,172.55,175.56,67349.3,2026-01-15 04:00:00+00:00
1768464000000,175.57,178.4,173.74,174.56,119350.2,2026-01-15 08:00:00+00:00
1768478400000,174.55,176.76,170.65,173.72,126074.7,2026-01-15 12:00:00+00:00
1768492800000,173.7,174.38,169.22,170.39,125353.9,2026-01-15 16:00:00+00:00
1768507200000,170.38,171.68,168.93,171.62,53456.1,2026-01-15 20:00:00+00:00
1768521600000,171.63,172.58,170.45,170.91,47327.7,2026-01-16 00:00:00+00:00
1768536000000,170.91,173.2,169.9,172.74,60692.4,2026-01-16 04:00:00+00:00
1768550400000,172.75,174.19,172.17,172.87,48202.7,2026-01-16 08:00:00+00:00
1768564800000,172.87,173.23,168.22,169.19,92412.3,2026-01-16 12:00:00+00:00
1768579200000,169.19,172.35,168.74,171.95,62130.9,2026-01-16 16:00:00+00:00
1768593600000,171.95,176.4,171.44,175.26,73397.8,2026-01-16 20:00:00+00:00
1768608000000,175.25,177.32,173.81,174.74,110954.2,2026-01-17 00:00:00+00:00
1768622400000,174.74,175.9,173.97,174.02,31596.8,2026-01-17 04:00:00+00:00
1768636800000,174.02,175.7,173.53,174.58,47660.2,2026-01-17 08:00:00+00:00
1768651200000,174.57,176.43,174.47,176.39,46712.3,2026-01-17 12:00:00+00:00
1768665600000,176.39,176.59,174.36,174.96,37523.3,2026-01-17 16:00:00+00:00
1768680000000,174.95,175.46,173.29,173.72,40750.2,2026-01-17 20:00:00+00:00
1768694400000,173.72,174.77,171.79,173.82,83840.1,2026-01-18 00:00:00+00:00
1768708800000,173.82,173.91,172.29,172.69,25652.2,2026-01-18 04:00:00+00:00
1768723200000,172.71,173.56,172.44,172.99,22064.5,2026-01-18 08:00:00+00:00
1768737600000,172.98,174.49,172.05,174.34,44777.7,2026-01-18 12:00:00+00:00
1768752000000,174.33,177.23,174.01,175.16,74667.5,2026-01-18 16:00:00+00:00
1768766400000,175.17,176.02,168.45,168.67,144729.6,2026-01-18 20:00:00+00:00
1768780800000,168.67,168.67,156.51,163.4,274177.8,2026-01-19 00:00:00+00:00
1768795200000,163.39,163.59,161.32,162.33,64714.9,2026-01-19 04:00:00+00:00
1768809600000,162.34,164.4,161.96,163.51,52650.9,2026-01-19 08:00:00+00:00
1768824000000,163.51,164.05,162.27,162.47,42441.1,2026-01-19 12:00:00+00:00
1768838400000,162.47,165.67,162.35,165.33,85529.3,2026-01-19 16:00:00+00:00
1768852800000,165.32,166.1,162.73,163.84,58490.6,2026-01-19 20:00:00+00:00
1768867200000,163.84,164.42,162.82,163.92,47293.1,2026-01-20 00:00:00+00:00
1768881600000,163.91,164.2,160.69,160.76,78013.1,2026-01-20 04:00:00+00:00
1768896000000,160.75,161.22,158.82,159.46,71543.2,2026-01-20 08:00:00+00:00
1768910400000,159.46,160.09,155.26,157.0,134720.0,2026-01-20 12:00:00+00:00
1768924800000,156.99,157.25,153.44,154.85,114838.5,2026-01-20 16:00:00+00:00
1768939200000,154.84,155.76,151.38,153.2,84677.0,2026-01-20 20:00:00+00:00
1768953600000,153.2,156.64,152.95,156.16,51992.7,2026-01-21 00:00:00+00:00
1768968000000,156.15,158.17,155.81,156.9,52194.0,2026-01-21 04:00:00+00:00
1768982400000,156.89,157.94,155.66,156.12,82044.8,2026-01-21 08:00:00+00:00
1768996800000,156.12,160.38,153.75,159.1,150501.5,2026-01-21 12:00:00+00:00
1769011200000,159.1,162.12,151.82,162.03,181672.3,2026-01-21 16:00:00+00:00
1769025600000,162.02,163.43,158.82,159.38,86434.5,2026-01-21 20:00:00+00:00
1769040000000,159.38,161.83,159.34,159.85,47919.2,2026-01-22 00:00:00+00:00
1769054400000,159.84,160.89,159.12,159.26,30045.6,2026-01-22 04:00:00+00:00
1769068800000,159.24,160.6,158.64,158.98,41846.5,2026-01-22 08:00:00+00:00
1769083200000,158.98,159.96,155.03,156.31,99083.9,2026-01-22 12:00:00+00:00
1769097600000,156.32,158.5,156.08,157.89,57571.2,2026-01-22 16:00:00+00:00
1769112000000,157.88,158.05,156.06,157.15,35942.9,2026-01-22 20:00:00+00:00
1769126400000,157.16,158.87,156.77,158.52,34042.4,2026-01-23 00:00:00+00:00
1769140800000,158.52,159.58,157.32,158.24,35436.7,2026-01-23 04:00:00+00:00
1769155200000,158.23,158.46,156.28,157.99,58608.6,2026-01-23 08:00:00+00:00
1769169600000,158.0,158.53,154.69,158.23,66852.7,2026-01-23 12:00:00+00:00
1769184000000,158.24,161.34,156.92,157.36,95267.0,2026-01-23 16:00:00+00:00
1769198400000,157.37,157.78,155.38,156.96,47750.2,2026-01-23 20:00:00+00:00
1769212800000,156.96,157.53,156.6,157.2,22359.2,2026-01-24 00:00:00+00:00
1769227200000,157.2,158.04,156.9,157.58,21726.3,2026-01-24 04:00:00+00:00
1769241600000,157.58,157.64,155.72,155.85,33172.6,2026-01-24 08:00:00+00:00
1769256000000,155.84,156.77,155.37,155.57,32886.9,2026-01-24 12:00:00+00:00
1769270400000,155.58,156.44,155.24,155.66,22255.9,2026-01-24 16:00:00+00:00
1769284800000,155.67,156.82,155.65,156.12,15440.3,2026-01-24 20:00:00+00:00
1769299200000,156.12,156.68,154.61,154.88,29718.2,2026-01-25 00:00:00+00:00
1769313600000,154.87,155.59,154.48,155.1,25271.1,2026-01-25 04:00:00+00:00
1769328000000,155.1,155.63,154.17,154.63,35148.2,2026-01-25 08:00:00+00:00
1769342400000,154.63,155.0,152.82,153.27,40926.8,2026-01-25 12:00:00+00:00
1769356800000,153.27,153.27,145.4,146.14,180417.6,2026-01-25 16:00:00+00:00
1769371200000,146.14,148.01,145.49,147.83,76675.9,2026-01-25 20:00:00+00:00
1769385600000,147.83,152.1,147.5,149.87,75092.0,2026-01-26 00:00:00+00:00
1769400000000,149.87,152.57,149.87,152.26,45871.1,2026-01-26 04:00:00+00:00
1769414400000,152.26,153.45,150.75,151.55,59090.1,2026-01-26 08:00:00+00:00
1769428800000,151.56,154.83,151.11,152.56,111092.1,2026-01-26 12:00:00+00:00
1769443200000,152.57,154.7,151.5,153.51,88333.5,2026-01-26 16:00:00+00:00
1769457600000,153.52,155.2,152.4,154.13,55062.8,2026-01-26 20:00:00+00:00
1769472000000,154.13,154.85,153.41,154.32,41969.7,2026-01-27 00:00:00+00:00
1769486400000,154.32,155.27,153.57,153.93,27776.0,2026-01-27 04:00:00+00:00
1769500800000,153.93,154.87,153.0,153.67,56587.7,2026-01-27 08:00:00+00:00
1769515200000,153.67,156.32,153.07,154.7,125999.4,2026-01-27 12:00:00+00:00
1769529600000,154.7,157.83,152.79,156.18,140451.6,2026-01-27 16:00:00+00:00
1769544000000,156.18,159.77,156.1,158.94,91112.7,2026-01-27 20:00:00+00:00
1769558400000,158.94,159.52,157.33,158.31,80693.0,2026-01-28 00:00:00+00:00
1769572800000,158.3,159.14,156.42,158.21,128522.9,2026-01-28 04:00:00+00:00
1769587200000,158.22,162.84,157.82,162.79,92479.5,2026-01-28 08:00:00+00:00
1769601600000,162.78,163.82,159.77,160.37,136668.1,2026-01-28 12:00:00+00:00
1769616000000,160.38,161.69,158.66,159.99,81210.2,2026-01-28 16:00:00+00:00
1769630400000,159.98,161.43,158.42,160.11,55708.3,2026-01-28 20:00:00+00:00
1769644800000,160.11,160.25,156.54,156.73,85126.3,2026-01-29 00:00:00+00:00
1769659200000,156.73,157.28,155.59,156.7,43809.7,2026-01-29 04:00:00+00:00
1769673600000,156.71,157.23,153.57,153.88,71477.9,2026-01-29 08:00:00+00:00
1769688000000,153.87,155.09,145.12,147.14,215191.0,2026-01-29 12:00:00+00:00
1769702400000,147.13,149.42,143.0,145.12,209647.6,2026-01-29 16:00:00+00:00
1769716800000,145.13,147.95,144.8,147.13,75815.7,2026-01-29 20:00:00+00:00
1769731200000,147.13,147.72,139.74,142.5,181817.0,2026-01-30 00:00:00+00:00
1769745600000,142.49,144.4,139.76,141.85,85050.4,2026-01-30 04:00:00+00:00
1769760000000,141.85,143.47,139.89,142.79,92749.4,2026-01-30 08:00:00+00:00
1769774400000,142.79,142.98,138.54,139.71,141695.7,2026-01-30 12:00:00+00:00
1769788800000,139.7,141.78,135.36,140.24,224937.9,2026-01-30 16:00:00+00:00
1769803200000,140.24,140.28,137.26,137.92,118141.5,2026-01-30 20:00:00+00:00
1769817600000,137.93,138.49,137.04,137.76,56106.5,2026-01-31 00:00:00+00:00
1769832000000,137.77,138.45,135.4,136.24,55071.0,2026-01-31 04:00:00+00:00
1769846400000,136.25,136.71,132.87,134.5,117910.4,2026-01-31 08:00:00+00:00
1769860800000,134.49,134.58,126.83,132.07,291009.9,2026-01-31 12:00:00+00:00
1769875200000,132.06,132.8,115.55,123.4,573858.5,2026-01-31 16:00:00+00:00
1769889600000,123.4,129.67,122.47,129.03,174101.3,2026-01-31 20:00:00+00:00
1769904000000,129.03,130.4,128.36,129.0,102327.5,2026-02-01 00:00:00+00:00
1769918400000,129.01,129.76,126.5,127.28,72434.6,2026-02-01 04:00:00+00:00
1769932800000,127.28,128.17,125.32,127.08,87465.3,2026-02-01 08:00:00+00:00
1769947200000,127.08,127.24,122.28,123.96,190189.5,2026-02-01 12:00:00+00:00
1769961600000,123.95,126.84,122.89,124.64,142862.5,2026-02-01 16:00:00+00:00
1769976000000,124.63,126.52,121.41,124.16,151118.4,2026-02-01 20:00:00+00:00
1769990400000,124.17,127.39,120.32,124.99,215294.9,2026-02-02 00:00:00+00:00
1770004800000,124.99,126.68,120.52,124.8,197568.3,2026-02-02 04:00:00+00:00
1770019200000,124.81,127.88,124.7,126.99,125388.5,2026-02-02 08:00:00+00:00
1770033600000,127.0,130.94,126.99,129.59,201029.2,2026-02-02 12:00:00+00:00
1770048000000,129.59,130.25,127.67,127.83,78468.3,2026-02-02 16:00:00+00:00
1770062400000,127.85,128.88,126.58,128.28,57799.7,2026-02-02 20:00:00+00:00
1770076800000,128.28,128.56,125.54,128.0,95912.7,2026-02-03 00:00:00+00:00
1770091200000,127.99,128.95,126.6,128.34,72852.5,2026-02-03 04:00:00+00:00
1770105600000,128.34,129.03,125.64,126.58,94001.6,2026-02-03 08:00:00+00:00
1770120000000,126.58,129.33,125.53,128.94,145747.9,2026-02-03 12:00:00+00:00
1770134400000,128.94,128.98,120.79,127.35,303877.3,2026-02-03 16:00:00+00:00
1770148800000,127.34,130.96,124.1,125.2,209000.5,2026-02-03 20:00:00+00:00
1770163200000,125.2,128.58,124.45,127.93,82170.8,2026-02-04 00:00:00+00:00
1770177600000,127.93,128.33,126.62,127.81,48424.8,2026-02-04 04:00:00+00:00
1770192000000,127.82,128.68,125.35,126.82,76375.2,2026-02-04 08:00:00+00:00
1770206400000,126.83,126.97,120.96,122.56,166400.4,2026-02-04 12:00:00+00:00
1770220800000,122.57,125.48,119.42,125.2,249331.4,2026-02-04 16:00:00+00:00
1770235200000,125.18,125.4,121.01,123.66,102537.1,2026-02-04 20:00:00+00:00
1770249600000,123.66,125.42,121.31,121.64,122548.1,2026-02-05 00:00:00+00:00
1770264000000,121.65,122.44,119.04,119.98,152250.3,2026-02-05 04:00:00+00:00
1770278400000,119.99,122.72,116.77,118.26,188115.9,2026-02-05 08:00:00+00:00
1770292800000,118.26,120.27,110.26,112.48,440574.2,2026-02-05 12:00:00+00:00
1770307200000,112.49,115.89,109.26,109.72,501965.1,2026-02-05 16:00:00+00:00
1770321600000,109.73,110.49,98.53,100.93,1269285.3,2026-02-05 20:00:00+00:00
1770336000000,100.92,106.59,91.85,104.37,1100342.5,2026-02-06 00:00:00+00:00
1770350400000,104.36,107.78,102.61,102.88,437359.3,2026-02-06 04:00:00+00:00
1770364800000,102.88,107.42,101.87,106.34,370661.8,2026-02-06 08:00:00+00:00
1770379200000,106.33,110.71,105.71,110.17,344121.8,2026-02-06 12:00:00+00:00
1770393600000,110.16,115.32,109.75,114.23,293778.5,2026-02-06 16:00:00+00:00
1770408000000,114.23,115.32,112.96,113.95,139174.2,2026-02-06 20:00:00+00:00
1770422400000,113.94,114.94,112.19,114.56,105470.8,2026-02-07 00:00:00+00:00
1770436800000,114.55,116.34,110.1,111.46,166620.8,2026-02-07 04:00:00+00:00
1770451200000,111.47,112.57,110.07,110.93,107809.2,2026-02-07 08:00:00+00:00
1770465600000,110.92,114.63,110.79,113.2,121054.9,2026-02-07 12:00:00+00:00
1770480000000,113.2,115.73,112.46,114.36,262357.8,2026-02-07 16:00:00+00:00
1770494400000,114.35,115.46,113.44,113.89,46335.7,2026-02-07 20:00:00+00:00
1770508800000,113.9,114.12,112.22,112.3,45011.2,2026-02-08 00:00:00+00:00
1770523200000,112.31,113.22,112.01,112.47,39300.2,2026-02-08 04:00:00+00:00
1770537600000,112.46,115.06,112.03,114.88,91803.1,2026-02-08 08:00:00+00:00
1770552000000,114.88,114.98,112.64,113.1,70344.6,2026-02-08 12:00:00+00:00
1770566400000,113.1,114.87,110.9,114.66,87494.9,2026-02-08 16:00:00+00:00
1770580800000,114.66,115.18,111.39,112.42,82547.1,2026-02-08 20:00:00+00:00
1770595200000,112.42,114.69,111.45,114.39,97609.0,2026-02-09 00:00:00+00:00
1770609600000,114.39,114.85,112.16,112.37,117738.7,2026-02-09 04:00:00+00:00
1770624000000,112.36,112.59,108.85,110.18,96828.4,2026-02-09 08:00:00+00:00
1770638400000,110.18,112.68,109.27,112.49,114578.7,2026-02-09 12:00:00+00:00
1770652800000,112.48,115.09,111.46,114.4,122973.8,2026-02-09 16:00:00+00:00
1770667200000,114.39,114.71,111.86,112.65,84918.6,2026-02-09 20:00:00+00:00
1770681600000,112.66,113.18,110.37,110.89,73335.9,2026-02-10 00:00:00+00:00
1770696000000,110.89,111.75,107.85,108.7,131360.8,2026-02-10 04:00:00+00:00
1770710400000,108.71,109.8,108.22,108.37,85068.3,2026-02-10 08:00:00+00:00
1770724800000,108.38,109.99,107.79,109.51,116001.7,2026-02-10 12:00:00+00:00
1770739200000,109.51,110.74,107.97,108.83,135586.1,2026-02-10 16:00:00+00:00
1770753600000,108.83,109.62,108.09,109.38,52252.1,2026-02-10 20:00:00+00:00
1770768000000,109.38,110.0,108.34,109.35,51546.8,2026-02-11 00:00:00+00:00
1770782400000,109.35,109.45,105.42,106.02,96641.4,2026-02-11 04:00:00+00:00
1770796800000,106.04,106.17,104.61,105.58,70478.5,2026-02-11 08:00:00+00:00
1770811200000,105.57,113.9,104.71,106.08,452980.2,2026-02-11 12:00:00+00:00
1770825600000,106.07,108.21,105.2,107.78,170130.9,2026-02-11 16:00:00+00:00
1770840000000,107.77,109.94,106.82,107.45,101319.6,2026-02-11 20:00:00+00:00
1770854400000,107.46,109.53,107.46,108.98,59803.2,2026-02-12 00:00:00+00:00
1770868800000,108.97,110.1,107.84,109.59,58419.0,2026-02-12 04:00:00+00:00
1770883200000,109.59,110.63,109.25,109.78,88628.8,2026-02-12 08:00:00+00:00
1770897600000,109.78,110.45,107.64,107.8,122225.3,2026-02-12 12:00:00+00:00
1770912000000,107.81,115.13,105.53,110.92,573702.7,2026-02-12 16:00:00+00:00
1770926400000,110.91,115.53,109.09,114.87,186594.4,2026-02-12 20:00:00+00:00
1770940800000,114.88,115.48,111.12,112.14,137780.4,2026-02-13 00:00:00+00:00
1770955200000,112.13,112.18,109.64,110.64,74179.1,2026-02-13 04:00:00+00:00
1770969600000,110.64,113.3,110.58,112.19,98017.9,2026-02-13 08:00:00+00:00
1770984000000,112.19,118.69,111.77,116.67,224596.1,2026-02-13 12:00:00+00:00
1770998400000,116.66,119.66,115.91,119.27,174438.6,2026-02-13 16:00:00+00:00
1771012800000,119.27,120.54,118.62,118.81,96832.5,2026-02-13 20:00:00+00:00
1771027200000,118.81,120.42,118.33,120.3,55849.2,2026-02-14 00:00:00+00:00
1771041600000,120.29,124.94,119.86,123.86,96647.7,2026-02-14 04:00:00+00:00
1771056000000,123.85,128.78,123.53,128.29,177391.2,2026-02-14 08:00:00+00:00
1771070400000,128.3,129.91,125.63,129.5,163612.9,2026-02-14 12:00:00+00:00
1771084800000,129.5,130.62,128.1,129.77,107453.8,2026-02-14 16:00:00+00:00
1771099200000,129.76,130.88,128.11,128.18,62512.8,2026-02-14 20:00:00+00:00
1771113600000,128.18,128.84,127.05,128.84,89011.0,2026-02-15 00:00:00+00:00
1771128000000,128.83,131.88,128.51,130.96,136587.7,2026-02-15 04:00:00+00:00
1771142400000,130.96,131.46,128.15,128.69,79670.4,2026-02-15 08:00:00+00:00
1771156800000,128.68,129.27,124.42,126.51,129264.0,2026-02-15 12:00:00+00:00
1771171200000,126.5,126.98,122.87,123.53,108753.5,2026-02-15 16:00:00+00:00
1771185600000,123.53,126.11,122.48,125.68,62728.5,2026-02-15 20:00:00+00:00
1771200000000,125.67,126.52,125.19,126.34,49138.5,2026-02-16 00:00:00+00:00
1771214400000,126.34,127.58,124.73,126.55,53421.8,2026-02-16 04:00:00+00:00
1771228800000,126.56,127.95,124.91,126.21,68166.9,2026-02-16 08:00:00+00:00
1771243200000,126.21,129.18,123.09,123.72,142839.7,2026-02-16 12:00:00+00:00
1771257600000,123.73,125.87,123.59,124.86,58377.6,2026-02-16 16:00:00+00:00
1771272000000,124.85,127.17,124.36,126.92,57043.1,2026-02-16 20:00:00+00:00
1771286400000,126.92,127.74,125.73,126.36,45169.2,2026-02-17 00:00:00+00:00
1771300800000,126.36,126.58,123.6,125.42,91922.3,2026-02-17 04:00:00+00:00
1771315200000,125.41,126.01,123.74,124.47,59579.0,2026-02-17 08:00:00+00:00
1771329600000,124.47,128.94,124.4,126.73,168442.3,2026-02-17 12:00:00+00:00
1771344000000,126.74,130.75,125.75,127.47,157559.3,2026-02-17 16:00:00+00:00
1771358400000,127.47,127.67,126.15,126.53,50398.1,2026-02-17 20:00:00+00:00
1771372800000,126.54,127.32,124.69,127.1,51994.0,2026-02-18 00:00:00+00:00
1771387200000,127.1,128.26,126.24,127.63,125366.3,2026-02-18 04:00:00+00:00
1771401600000,127.64,129.42,125.45,126.89,187760.5,2026-02-18 08:00:00+00:00
1771416000000,126.9,128.59,124.74,127.47,111890.8,2026-02-18 12:00:00+00:00
1771430400000,127.46,127.47,121.1,121.56,154100.7,2026-02-18 16:00:00+00:00
1771444800000,121.56,123.21,120.66,122.88,104752.4,2026-02-18 20:00:00+00:00
1771459200000,122.88,124.27,122.22,123.76,48701.3,2026-02-19 00:00:00+00:00
1771473600000,123.76,124.57,122.53,123.65,47745.0,2026-02-19 04:00:00+00:00
1771488000000,123.65,123.65,121.72,122.44,66438.2,2026-02-19 08:00:00+00:00
1771502400000,122.44,123.12,119.88,122.33,109903.1,2026-02-19 12:00:00+00:00
1771516800000,122.33,123.89,121.01,123.35,93745.2,2026-02-19 16:00:00+00:00
1771531200000,123.35,125.17,122.63,124.76,61062.1,2026-02-19 20:00:00+00:00
1771545600000,124.75,126.85,123.57,123.69,90190.0,2026-02-20 00:00:00+00:00
1771560000000,123.7,124.98,122.48,123.94,63170.2,2026-02-20 04:00:00+00:00
1771574400000,123.94,126.5,123.86,124.58,77445.7,2026-02-20 08:00:00+00:00
1771588800000,124.58,124.68,114.35,117.51,516986.4,2026-02-20 12:00:00+00:00
1771603200000,117.5,119.07,115.04,116.89,235067.4,2026-02-20 16:00:00+00:00
1771617600000,116.88,117.43,115.48,115.81,83654.4,2026-02-20 20:00:00+00:00
1771632000000,115.82,116.79,114.54,116.08,129286.4,2026-02-21 00:00:00+00:00
1771646400000,116.08,119.83,115.77,118.84,105232.1,2026-02-21 04:00:00+00:00
1771660800000,118.84,122.9,118.28,122.24,147754.8,2026-02-21 08:00:00+00:00
1771675200000,122.25,124.87,121.51,121.62,175326.8,2026-02-21 12:00:00+00:00
1771689600000,121.62,124.17,120.7,123.32,96255.7,2026-02-21 16:00:00+00:00
1771704000000,123.31,123.65,121.32,121.38,61435.6,2026-02-21 20:00:00+00:00
1771718400000,121.37,121.52,119.13,119.31,103540.4,2026-02-22 00:00:00+00:00
1771732800000,119.3,119.5,118.7,118.82,51575.4,2026-02-22 04:00:00+00:00
1771747200000,118.83,119.82,118.33,119.5,46089.3,2026-02-22 08:00:00+00:00
1771761600000,119.51,119.6,117.42,118.38,82196.7,2026-02-22 12:00:00+00:00
1771776000000,118.38,118.5,117.15,117.88,39911.2,2026-02-22 16:00:00+00:00
1771790400000,117.88,118.36,117.01,117.88,38212.4,2026-02-22 20:00:00+00:00
1771804800000,117.88,118.31,111.2,112.07,194064.4,2026-02-23 00:00:00+00:00
1771819200000,112.08,115.78,111.83,114.59,106365.9,2026-02-23 04:00:00+00:00
1771833600000,114.59,118.11,114.13,117.28,84718.2,2026-02-23 08:00:00+00:00
1771848000000,117.27,119.75,116.61,117.0,126400.7,2026-02-23 12:00:00+00:00
1771862400000,117.01,117.06,113.22,114.38,156269.3,2026-02-23 16:00:00+00:00
1771876800000,114.37,115.6,113.47,114.52,61196.3,2026-02-23 20:00:00+00:00
1771891200000,114.52,115.42,112.0,112.59,111012.7,2026-02-24 00:00:00+00:00
1771905600000,112.59,113.61,111.53,112.82,80864.8,2026-02-24 04:00:00+00:00
1771920000000,112.83,113.83,112.24,113.25,57352.9,2026-02-24 08:00:00+00:00
1771934400000,113.26,115.25,111.43,114.94,128804.5,2026-02-24 12:00:00+00:00
1771948800000,114.94,116.43,114.2,114.52,95615.5,2026-02-24 16:00:00+00:00
1771963200000,114.53,114.89,112.92,114.31,77586.1,2026-02-24 20:00:00+00:00
1771977600000,114.31,119.68,113.8,117.34,130381.2,2026-02-25 00:00:00+00:00
1771992000000,117.33,118.49,115.45,116.53,71465.2,2026-02-25 04:00:00+00:00
1772006400000,116.53,118.65,115.32,115.72,101459.0,2026-02-25 08:00:00+00:00
1772020800000,115.75,122.21,115.56,120.94,227571.0,2026-02-25 12:00:00+00:00
1772035200000,120.93,124.18,120.76,122.9,184996.5,2026-02-25 16:00:00+00:00
1772049600000,122.91,124.26,117.61,119.04,136264.2,2026-02-25 20:00:00+00:00
1772064000000,119.03,120.5,117.79,118.29,99548.0,2026-02-26 00:00:00+00:00
1772078400000,118.29,119.53,114.17,114.37,152737.5,2026-02-26 04:00:00+00:00
1772092800000,114.37,117.5,113.9,114.67,177371.0,2026-02-26 08:00:00+00:00
1772107200000,114.66,115.88,112.42,114.08,265683.4,2026-02-26 12:00:00+00:00
1772121600000,114.09,115.47,110.65,113.91,241865.2,2026-02-26 16:00:00+00:00
1772136000000,113.9,116.09,113.84,114.49,77324.5,2026-02-26 20:00:00+00:00
1772150400000,114.49,117.13,113.93,116.87,68917.2,2026-02-27 00:00:00+00:00
1772164800000,116.87,119.76,116.71,119.57,174952.7,2026-02-27 04:00:00+00:00
1772179200000,119.57,121.53,115.84,116.43,196680.1,2026-02-27 08:00:00+00:00
1772193600000,116.42,116.88,113.56,114.01,228921.4,2026-02-27 12:00:00+00:00
1772208000000,114.0,114.45,111.82,112.32,140273.5,2026-02-27 16:00:00+00:00
1772222400000,112.31,113.09,110.09,112.89,82886.6,2026-02-27 20:00:00+00:00
1772236800000,112.89,113.39,111.58,111.78,54146.4,2026-02-28 00:00:00+00:00
1772251200000,111.77,112.06,105.57,106.83,210487.2,2026-02-28 04:00:00+00:00
1772265600000,106.83,106.94,104.64,105.92,130363.7,2026-02-28 08:00:00+00:00
1772280000000,105.92,109.64,105.86,107.51,163578.2,2026-02-28 12:00:00+00:00
1772294400000,107.5,111.56,106.93,110.82,124690.4,2026-02-28 16:00:00+00:00
1772308800000,110.82,113.59,110.48,111.84,115804.6,2026-02-28 20:00:00+00:00
1772323200000,111.83,118.67,110.76,116.13,159038.9,2026-03-01 00:00:00+00:00
1772337600000,116.13,116.7,113.87,115.29,75934.1,2026-03-01 04:00:00+00:00
1772352000000,115.29,115.87,112.6,113.04,111202.6,2026-03-01 08:00:00+00:00
1772366400000,113.03,116.15,112.23,114.99,124888.0,2026-03-01 12:00:00+00:00
1772380800000,115.0,116.25,112.08,112.64,129855.0,2026-03-01 16:00:00+00:00
1772395200000,112.63,114.66,110.53,113.54,128587.4,2026-03-01 20:00:00+00:00
1772409600000,113.54,116.51,113.34,116.26,118245.2,2026-03-02 00:00:00+00:00
1772424000000,116.26,116.45,112.55,113.21,92905.9,2026-03-02 04:00:00+00:00
1772438400000,113.22,115.24,112.13,114.57,91986.7,2026-03-02 08:00:00+00:00
1772452800000,114.56,123.87,113.66,122.87,256095.2,2026-03-02 12:00:00+00:00
1772467200000,122.87,126.96,122.42,123.44,240691.4,2026-03-02 16:00:00+00:00
1772481600000,123.44,124.91,121.11,122.13,136307.7,2026-03-02 20:00:00+00:00
1772496000000,122.13,122.92,119.41,119.79,87085.8,2026-03-03 00:00:00+00:00
1772510400000,119.8,120.54,118.77,119.77,76571.9,2026-03-03 04:00:00+00:00
1772524800000,119.76,120.06,110.63,111.66,426588.2,2026-03-03 08:00:00+00:00
1772539200000,111.65,112.95,108.28,109.9,277439.0,2026-03-03 12:00:00+00:00
1772553600000,109.9,111.77,108.45,109.81,266749.9,2026-03-03 16:00:00+00:00
1772568000000,109.82,112.78,107.79,111.06,217677.3,2026-03-03 20:00:00+00:00
1772582400000,111.06,111.44,109.2,110.97,132411.5,2026-03-04 00:00:00+00:00
1772596800000,110.96,112.69,110.03,112.6,123094.5,2026-03-04 04:00:00+00:00
1772611200000,112.6,116.07,112.06,115.72,304880.1,2026-03-04 08:00:00+00:00
1772625600000,115.72,118.13,112.87,118.04,252218.4,2026-03-04 12:00:00+00:00
1772640000000,118.03,118.89,116.19,117.59,168309.2,2026-03-04 16:00:00+00:00
1772654400000,117.59,118.54,114.82,115.81,100786.4,2026-03-04 20:00:00+00:00
1772668800000,115.81,116.99,115.07,115.49,100727.3,2026-03-05 00:00:00+00:00
1772683200000,115.49,116.33,114.19,114.4,88985.0,2026-03-05 04:00:00+00:00
1772697600000,114.41,118.74,113.98,117.68,127257.2,2026-03-05 08:00:00+00:00
1772712000000,117.67,119.0,116.04,116.39,169936.5,2026-03-05 12:00:00+00:00
1772726400000,116.39,119.86,113.87,118.65,210620.4,2026-03-05 16:00:00+00:00
1772740800000,118.64,119.76,116.56,116.75,87966.5,2026-03-05 20:00:00+00:00
1772755200000,116.75,118.44,116.28,118.31,67410.1,2026-03-06 00:00:00+00:00
1772769600000,118.31,118.55,116.52,118.4,81942.3,2026-03-06 04:00:00+00:00
1772784000000,118.4,118.46,114.25,114.41,111780.7,2026-03-06 08:00:00+00:00
1772798400000,114.42,115.04,109.79,110.77,233123.4,2026-03-06 12:00:00+00:00
1772812800000,110.77,111.66,109.22,111.25,94773.6,2026-03-06 16:00:00+00:00
1772827200000,111.25,112.06,110.51,110.92,48163.8,2026-03-06 20:00:00+00:00
1772841600000,110.93,111.4,110.09,110.23,46352.9,2026-03-07 00:00:00+00:00
1772856000000,110.23,110.55,109.42,110.16,36668.8,2026-03-07 04:00:00+00:00
1772870400000,110.17,110.82,109.73,109.94,36106.7,2026-03-07 08:00:00+00:00
1772884800000,109.93,110.43,109.3,109.67,48308.1,2026-03-07 12:00:00+00:00
1772899200000,109.66,110.04,108.19,108.37,47746.2,2026-03-07 16:00:00+00:00
1772913600000,108.38,109.28,108.12,108.73,33997.6,2026-03-07 20:00:00+00:00
1772928000000,108.73,108.98,106.88,107.72,62789.8,2026-03-08 00:00:00+00:00
1772942400000,107.72,108.11,106.63,107.77,47852.0,2026-03-08 04:00:00+00:00
1772956800000,107.78,109.52,107.13,108.06,91449.8,2026-03-08 08:00:00+00:00
1772971200000,108.05,108.55,105.85,106.37,104518.1,2026-03-08 12:00:00+00:00
1772985600000,106.36,107.53,105.49,107.19,74830.5,2026-03-08 16:00:00+00:00
1773000000000,107.18,107.71,103.61,105.47,121361.8,2026-03-08 20:00:00+00:00
1773014400000,105.48,108.56,105.26,106.92,111911.2,2026-03-09 00:00:00+00:00
1773028800000,106.93,109.05,105.54,106.48,94950.2,2026-03-09 04:00:00+00:00
1773043200000,106.49,107.89,104.82,106.0,106776.8,2026-03-09 08:00:00+00:00
1773057600000,106.01,107.99,104.89,105.12,172254.3,2026-03-09 12:00:00+00:00
1773072000000,105.11,109.31,104.92,107.84,145425.7,2026-03-09 16:00:00+00:00
1773086400000,107.84,108.31,106.29,106.6,66007.2,2026-03-09 20:00:00+00:00
1773100800000,106.6,109.84,106.35,107.6,133179.1,2026-03-10 00:00:00+00:00
1773115200000,107.59,110.86,107.48,110.83,78915.9,2026-03-10 04:00:00+00:00
1773129600000,110.82,112.95,110.8,111.28,146254.1,2026-03-10 08:00:00+00:00
1773144000000,111.29,114.66,109.59,114.37,205247.2,2026-03-10 12:00:00+00:00
1773158400000,114.37,114.75,110.69,111.45,147150.4,2026-03-10 16:00:00+00:00
1773172800000,111.45,112.32,110.22,111.66,70329.7,2026-03-10 20:00:00+00:00
1773187200000,111.66,112.09,109.61,109.82,79140.7,2026-03-11 00:00:00+00:00
1773201600000,109.81,110.75,108.82,108.99,67170.0,2026-03-11 04:00:00+00:00
1773216000000,109.0,110.35,108.99,109.66,56356.1,2026-03-11 08:00:00+00:00
1773230400000,109.67,113.94,109.35,111.28,206458.4,2026-03-11 12:00:00+00:00
1773244800000,111.27,112.99,110.73,112.17,91237.8,2026-03-11 16:00:00+00:00
1773259200000,112.17,112.2,109.84,110.22,57073.8,2026-03-11 20:00:00+00:00
1773273600000,110.22,110.46,107.8,107.9,105720.9,2026-03-12 00:00:00+00:00
1773288000000,107.91,109.03,107.43,108.94,68559.7,2026-03-12 04:00:00+00:00
1773302400000,108.94,111.05,108.62,110.48,112344.7,2026-03-12 08:00:00+00:00
1773316800000,110.49,110.98,106.89,109.65,197256.3,2026-03-12 12:00:00+00:00
1773331200000,109.65,111.74,108.6,111.62,127464.9,2026-03-12 16:00:00+00:00
1773345600000,111.61,112.87,110.45,111.58,84119.2,2026-03-12 20:00:00+00:00
1773360000000,111.57,115.93,111.1,115.52,170760.4,2026-03-13 00:00:00+00:00
1773374400000,115.53,115.74,113.25,114.21,90580.6,2026-03-13 04:00:00+00:00
1773388800000,114.21,116.17,113.48,115.83,89045.8,2026-03-13 08:00:00+00:00
1773403200000,115.82,119.08,113.72,113.94,218850.2,2026-03-13 12:00:00+00:00
1773417600000,113.95,114.84,112.31,112.82,139399.8,2026-03-13 16:00:00+00:00
1773432000000,112.83,113.83,111.32,112.24,66289.8,2026-03-13 20:00:00+00:00
1773446400000,112.23,112.89,111.45,112.61,66983.5,2026-03-14 00:00:00+00:00
1773460800000,112.61,113.36,110.67,111.23,88254.1,2026-03-14 04:00:00+00:00
1773475200000,111.25,111.64,109.78,110.44,101381.2,2026-03-14 08:00:00+00:00
1773489600000,110.44,110.89,109.75,110.56,63213.9,2026-03-14 12:00:00+00:00
1773504000000,110.55,110.93,110.08,110.18,42407.7,2026-03-14 16:00:00+00:00
1773518400000,110.18,111.31,110.06,111.1,39405.5,2026-03-14 20:00:00+00:00
1773532800000,111.11,111.92,109.86,111.1,98816.2,2026-03-15 00:00:00+00:00
1773547200000,111.1,111.79,110.56,111.18,51262.9,2026-03-15 04:00:00+00:00
1773561600000,111.18,114.06,111.18,113.67,122313.2,2026-03-15 08:00:00+00:00
1773576000000,113.68,113.88,112.12,112.8,83643.4,2026-03-15 12:00:00+00:00
1773590400000,112.79,115.45,112.62,114.76,106980.9,2026-03-15 16:00:00+00:00
1773604800000,114.75,117.82,114.67,116.28,138796.6,2026-03-15 20:00:00+00:00
1773619200000,116.27,118.92,115.84,118.05,129599.6,2026-03-16 00:00:00+00:00
1773633600000,118.04,119.89,117.96,119.14,131090.6,2026-03-16 04:00:00+00:00
1773648000000,119.14,120.13,118.07,118.62,84160.5,2026-03-16 08:00:00+00:00
1773662400000,118.61,122.94,118.26,119.91,219800.3,2026-03-16 12:00:00+00:00
1773676800000,119.91,122.99,119.55,122.05,111988.6,2026-03-16 16:00:00+00:00
1773691200000,122.05,124.82,120.32,122.22,127239.0,2026-03-16 20:00:00+00:00
1773705600000,122.23,123.57,120.6,121.31,120481.1,2026-03-17 00:00:00+00:00
1773720000000,121.32,121.64,119.32,120.67,61511.3,2026-03-17 04:00:00+00:00
1773734400000,120.68,123.1,120.0,122.01,87668.0,2026-03-17 08:00:00+00:00
1773748800000,122.02,122.17,119.96,121.41,107204.1,2026-03-17 12:00:00+00:00
1773763200000,121.41,122.32,120.62,121.31,76215.8,2026-03-17 16:00:00+00:00
1773777600000,121.32,122.26,119.5,119.6,60633.2,2026-03-17 20:00:00+00:00
1773792000000,119.61,122.05,118.8,121.5,73461.7,2026-03-18 00:00:00+00:00
1773806400000,121.5,122.1,120.09,120.54,50548.5,2026-03-18 04:00:00+00:00
1773820800000,120.55,120.96,116.82,117.32,104145.3,2026-03-18 08:00:00+00:00
1773835200000,117.32,117.69,112.5,113.54,217789.2,2026-03-18 12:00:00+00:00
1773849600000,113.54,115.18,112.76,113.67,106659.1,2026-03-18 16:00:00+00:00
1773864000000,113.67,115.43,112.66,115.23,54587.3,2026-03-18 20:00:00+00:00
1773878400000,115.24,119.08,114.48,117.99,116799.6,2026-03-19 00:00:00+00:00
1773892800000,117.99,117.99,113.35,114.11,101690.0,2026-03-19 04:00:00+00:00
1773907200000,114.11,115.69,113.43,114.27,64354.4,2026-03-19 08:00:00+00:00
1773921600000,114.27,114.33,110.66,111.67,136199.1,2026-03-19 12:00:00+00:00
1773936000000,111.68,113.09,110.6,111.45,83343.7,2026-03-19 16:00:00+00:00
1773950400000,111.45,112.36,110.76,111.54,61377.6,2026-03-19 20:00:00+00:00
1773964800000,111.53,112.68,111.02,112.11,57557.6,2026-03-20 00:00:00+00:00
1773979200000,112.12,112.94,111.11,112.16,57278.5,2026-03-20 04:00:00+00:00
1773993600000,112.16,113.3,111.31,111.56,58184.7,2026-03-20 08:00:00+00:00
1774008000000,111.57,112.06,108.38,110.07,127549.1,2026-03-20 12:00:00+00:00
1774022400000,110.08,110.73,109.45,110.45,56982.4,2026-03-20 16:00:00+00:00
1774036800000,110.45,112.59,109.75,111.17,67022.5,2026-03-20 20:00:00+00:00
1774051200000,111.18,111.94,111.03,111.54,35423.0,2026-03-21 00:00:00+00:00
1774065600000,111.55,111.93,111.18,111.34,27797.9,2026-03-21 04:00:00+00:00
1774080000000,111.34,112.05,111.15,111.39,36916.3,2026-03-21 08:00:00+00:00
1774094400000,111.39,112.57,111.35,112.5,49122.9,2026-03-21 12:00:00+00:00
1774108800000,112.5,112.54,111.39,111.72,24626.6,2026-03-21 16:00:00+00:00
1774123200000,111.71,112.1,107.55,108.29,75739.9,2026-03-21 20:00:00+00:00
1774137600000,108.28,109.94,106.77,109.17,125400.7,2026-03-22 00:00:00+00:00
1774152000000,109.17,110.14,108.13,108.17,56023.0,2026-03-22 04:00:00+00:00
1774166400000,108.17,108.56,106.64,106.67,75689.2,2026-03-22 08:00:00+00:00
1774180800000,106.68,107.68,106.62,107.32,48738.3,2026-03-22 12:00:00+00:00
1774195200000,107.32,107.4,105.69,106.26,47127.6,2026-03-22 16:00:00+00:00
1774209600000,106.27,107.24,104.89,106.25,76316.7,2026-03-22 20:00:00+00:00
1774224000000,106.24,108.06,105.64,107.13,76134.9,2026-03-23 00:00:00+00:00
1774238400000,107.13,108.16,104.83,105.65,78852.2,2026-03-23 04:00:00+00:00
1774252800000,105.66,112.21,104.56,109.27,278162.3,2026-03-23 08:00:00+00:00
1774267200000,109.28,111.97,108.48,109.46,167960.6,2026-03-23 12:00:00+00:00
1774281600000,109.46,111.44,108.94,110.06,91822.2,2026-03-23 16:00:00+00:00
1774296000000,110.05,110.61,109.4,110.23,48358.1,2026-03-23 20:00:00+00:00
1774310400000,110.23,110.55,108.86,110.16,65253.9,2026-03-24 00:00:00+00:00
1774324800000,110.16,110.65,108.73,110.39,64644.4,2026-03-24 04:00:00+00:00
1774339200000,110.39,110.99,109.86,110.62,61447.4,2026-03-24 08:00:00+00:00
1774353600000,110.63,110.95,107.91,109.37,104196.5,2026-03-24 12:00:00+00:00
1774368000000,109.36,109.86,107.87,108.93,51831.9,2026-03-24 16:00:00+00:00
1774382400000,108.92,112.44,108.9,112.24,94747.1,2026-03-24 20:00:00+00:00
1774396800000,112.24,113.32,111.18,111.88,86903.4,2026-03-25 00:00:00+00:00
1774411200000,111.88,113.22,111.67,112.62,66429.6,2026-03-25 04:00:00+00:00
1774425600000,112.62,115.8,112.62,115.35,106583.4,2026-03-25 08:00:00+00:00
1774440000000,115.35,116.43,113.31,114.75,146510.6,2026-03-25 12:00:00+00:00
1774454400000,114.75,115.9,112.16,112.29,134809.7,2026-03-25 16:00:00+00:00
1774468800000,112.3,113.35,111.56,112.53,52236.6,2026-03-25 20:00:00+00:00
1774483200000,112.54,112.74,110.3,110.68,74101.9,2026-03-26 00:00:00+00:00
1774497600000,110.68,110.68,107.62,108.09,101736.6,2026-03-26 04:00:00+00:00
1774512000000,108.1,108.35,106.18,106.54,95349.8,2026-03-26 08:00:00+00:00
1774526400000,106.54,107.52,105.15,105.49,122481.8,2026-03-26 12:00:00+00:00
1774540800000,105.49,105.75,104.09,104.15,103862.5,2026-03-26 16:00:00+00:00
1774555200000,104.15,106.28,103.91,105.13,99018.5,2026-03-26 20:00:00+00:00
1774569600000,105.13,106.69,105.01,105.95,63904.8,2026-03-27 00:00:00+00:00
1774584000000,105.95,106.26,105.15,106.2,48229.6,2026-03-27 04:00:00+00:00
1774598400000,106.2,106.49,101.18,101.28,163076.9,2026-03-27 08:00:00+00:00
1774612800000,101.28,101.81,99.86,100.52,138544.0,2026-03-27 12:00:00+00:00
1774627200000,100.52,100.8,97.61,98.68,136773.4,2026-03-27 16:00:00+00:00
1774641600000,98.68,99.05,97.68,98.62,56314.5,2026-03-27 20:00:00+00:00
1774656000000,98.63,98.67,96.61,96.64,77326.7,2026-03-28 00:00:00+00:00
1774670400000,96.64,97.91,96.32,97.88,144079.9,2026-03-28 04:00:00+00:00
1774684800000,97.87,98.35,96.4,96.95,63225.2,2026-03-28 08:00:00+00:00
1774699200000,96.95,98.46,96.47,97.84,127533.4,2026-03-28 12:00:00+00:00
1774713600000,97.85,98.68,97.66,98.36,63784.0,2026-03-28 16:00:00+00:00
1774728000000,98.35,98.66,96.13,96.78,60760.4,2026-03-28 20:00:00+00:00
1774742400000,96.77,97.93,96.16,97.71,54306.0,2026-03-29 00:00:00+00:00
1774756800000,97.7,97.79,96.27,96.63,49370.5,2026-03-29 04:00:00+00:00
1774771200000,96.63,96.73,95.32,95.73,75611.2,2026-03-29 08:00:00+00:00
1774785600000,95.73,95.99,94.81,95.46,67098.0,2026-03-29 12:00:00+00:00
1774800000000,95.45,96.09,94.57,95.06,63944.1,2026-03-29 16:00:00+00:00
1774814400000,95.06,96.05,92.59,95.35,130157.9,2026-03-29 20:00:00+00:00
1774828800000,95.36,98.94,95.17,98.17,154107.6,2026-03-30 00:00:00+00:00
1774843200000,98.17,98.9,97.52,98.72,90744.7,2026-03-30 04:00:00+00:00
1774857600000,98.71,99.4,97.61,98.46,99213.7,2026-03-30 08:00:00+00:00
1774872000000,98.47,99.93,98.02,98.56,192622.8,2026-03-30 12:00:00+00:00
1774886400000,98.56,98.75,96.06,96.62,115354.5,2026-03-30 16:00:00+00:00
1774900800000,96.61,98.07,96.07,96.82,73153.3,2026-03-30 20:00:00+00:00
1774915200000,96.81,99.29,96.32,98.07,108472.3,2026-03-31 00:00:00+00:00
1774929600000,98.07,98.35,96.98,97.63,65336.5,2026-03-31 04:00:00+00:00
1774944000000,97.64,97.94,95.33,96.58,97866.8,2026-03-31 08:00:00+00:00
1774958400000,96.58,98.64,96.34,96.38,147455.2,2026-03-31 12:00:00+00:00
1774972800000,96.37,98.52,95.78,97.98,135094.6,2026-03-31 16:00:00+00:00
1774987200000,97.98,99.12,97.15,98.14,69008.6,2026-03-31 20:00:00+00:00
1775001600000,98.14,98.34,96.9,97.88,67327.0,2026-04-01 00:00:00+00:00
1775016000000,97.88,100.92,97.81,100.21,110536.8,2026-04-01 04:00:00+00:00
1775030400000,100.2,100.44,98.79,99.07,80635.9,2026-04-01 08:00:00+00:00
1775044800000,99.06,100.14,98.29,99.92,102570.2,2026-04-01 12:00:00+00:00
1775059200000,99.92,101.11,98.73,99.45,96393.6,2026-04-01 16:00:00+00:00
1775073600000,99.45,99.58,97.87,98.04,67429.7,2026-04-01 20:00:00+00:00
1775088000000,98.05,98.98,93.91,94.23,194945.1,2026-04-02 00:00:00+00:00
1775102400000,94.23,94.99,93.53,94.37,102610.6,2026-04-02 04:00:00+00:00
1775116800000,94.38,94.48,93.16,93.39,85080.5,2026-04-02 08:00:00+00:00
1775131200000,93.39,95.43,92.27,94.37,175007.5,2026-04-02 12:00:00+00:00
1775145600000,94.37,95.48,93.97,94.81,83088.5,2026-04-02 16:00:00+00:00
1775160000000,94.81,95.4,93.72,94.28,54994.9,2026-04-02 20:00:00+00:00
1775174400000,94.29,95.05,94.08,94.89,48417.8,2026-04-03 00:00:00+00:00
1775188800000,94.88,95.8,94.66,95.26,54124.5,2026-04-03 04:00:00+00:00
1775203200000,95.26,95.77,94.99,95.31,47260.8,2026-04-03 08:00:00+00:00
1775217600000,95.31,96.14,94.47,94.78,83514.3,2026-04-03 12:00:00+00:00
1775232000000,94.79,95.34,93.87,94.28,60065.5,2026-04-03 16:00:00+00:00
1775246400000,94.27,94.88,94.2,94.75,33888.8,2026-04-03 20:00:00+00:00
1775260800000,94.75,95.06,94.5,94.98,30444.8,2026-04-04 00:00:00+00:00
1775275200000,94.97,95.18,94.3,94.92,33092.9,2026-04-04 04:00:00+00:00
1775289600000,94.93,95.09,94.43,94.72,26512.5,2026-04-04 08:00:00+00:00
1775304000000,94.71,95.47,94.21,94.88,43237.0,2026-04-04 12:00:00+00:00
1775318400000,94.88,95.38,94.17,94.66,50011.7,2026-04-04 16:00:00+00:00
1775332800000,94.66,94.88,94.28,94.43,24701.7,2026-04-04 20:00:00+00:00
1775347200000,94.43,94.7,93.88,94.04,42113.3,2026-04-05 00:00:00+00:00
1775361600000,94.05,94.22,92.39,92.63,72140.6,2026-04-05 04:00:00+00:00
1775376000000,92.62,93.11,91.59,91.95,82370.5,2026-04-05 08:00:00+00:00
1775390400000,91.94,92.67,90.56,91.59,143869.5,2026-04-05 12:00:00+00:00
1775404800000,91.58,92.06,90.94,91.67,59806.3,2026-04-05 16:00:00+00:00
1775419200000,91.67,94.26,91.63,94.11,110597.4,2026-04-05 20:00:00+00:00
1775433600000,94.11,96.4,93.86,95.74,139797.4,2026-04-06 00:00:00+00:00
1775448000000,95.74,96.04,94.68,95.69,71284.1,2026-04-06 04:00:00+00:00
1775462400000,95.69,98.0,95.67,97.04,113377.5,2026-04-06 08:00:00+00:00
1775476800000,97.04,97.87,96.33,97.6,89906.4,2026-04-06 12:00:00+00:00
1775491200000,97.6,97.73,94.67,95.02,212313.6,2026-04-06 16:00:00+00:00
1775505600000,95.03,95.51,92.51,92.91,119422.4,2026-04-06 20:00:00+00:00
1775520000000,92.91,93.52,92.3,92.67,78191.1,2026-04-07 00:00:00+00:00
1775534400000,92.67,93.33,91.41,91.46,78779.2,2026-04-07 04:00:00+00:00
1775548800000,91.46,92.47,85.85,86.26,366802.4,2026-04-07 08:00:00+00:00
1775563200000,86.26,88.07,85.67,86.08,293916.2,2026-04-07 12:00:00+00:00
1775577600000,86.07,89.53,86.03,89.41,190491.8,2026-04-07 16:00:00+00:00
1775592000000,89.42,97.09,88.8,95.76,385294.8,2026-04-07 20:00:00+00:00
1775606400000,95.75,96.2,93.82,94.83,177936.0,2026-04-08 00:00:00+00:00
1775620800000,94.84,95.94,94.74,95.94,132423.6,2026-04-08 04:00:00+00:00
1775635200000,95.94,96.33,94.58,95.49,97694.5,2026-04-08 08:00:00+00:00
1775649600000,95.49,96.43,93.09,94.33,188623.0,2026-04-08 12:00:00+00:00
1775664000000,94.32,95.13,92.88,93.42,94757.5,2026-04-08 16:00:00+00:00
1775678400000,93.41,94.06,91.34,91.89,106648.7,2026-04-08 20:00:00+00:00
1775692800000,91.9,92.12,89.6,89.64,117354.5,2026-04-09 00:00:00+00:00
1775707200000,89.64,91.01,89.43,90.5,104277.6,2026-04-09 04:00:00+00:00
1775721600000,90.5,90.85,89.58,89.82,84560.0,2026-04-09 08:00:00+00:00
1775736000000,89.82,91.87,89.34,91.5,150088.5,2026-04-09 12:00:00+00:00
1775750400000,91.5,92.23,90.2,91.05,163553.0,2026-04-09 16:00:00+00:00
1775764800000,91.06,93.22,90.27,90.5,130430.8,2026-04-09 20:00:00+00:00
1775779200000,90.5,91.02,89.4,89.92,86210.8,2026-04-10 00:00:00+00:00
1775793600000,89.92,90.95,89.43,89.63,64799.3,2026-04-10 04:00:00+00:00
1775808000000,89.64,90.57,89.11,90.02,104712.9,2026-04-10 08:00:00+00:00
1775822400000,90.02,92.7,89.73,91.63,156302.4,2026-04-10 12:00:00+00:00
1775836800000,91.64,94.59,91.64,94.51,123550.5,2026-04-10 16:00:00+00:00
1775851200000,94.51,95.42,93.33,93.56,98591.9,2026-04-10 20:00:00+00:00
1775865600000,93.55,93.75,92.52,92.55,63256.8,2026-04-11 00:00:00+00:00
1775880000000,92.56,92.73,91.3,91.58,76776.0,2026-04-11 04:00:00+00:00
1775894400000,91.58,92.29,91.38,91.79,52637.1,2026-04-11 08:00:00+00:00
1775908800000,91.79,92.43,90.87,92.29,115490.4,2026-04-11 12:00:00+00:00
1775923200000,92.3,96.62,92.2,96.08,151959.1,2026-04-11 16:00:00+00:00
1775937600000,96.08,96.35,93.85,94.45,101988.0,2026-04-11 20:00:00+00:00
1775952000000,94.46,94.67,89.57,89.94,161162.2,2026-04-12 00:00:00+00:00
1775966400000,89.94,90.2,89.32,89.76,79592.3,2026-04-12 04:00:00+00:00
1775980800000,89.77,90.15,89.22,89.85,66087.4,2026-04-12 08:00:00+00:00
1775995200000,89.84,90.4,88.63,89.13,102871.9,2026-04-12 12:00:00+00:00
1776009600000,89.12,91.48,89.01,90.24,96691.4,2026-04-12 16:00:00+00:00
1776024000000,90.23,91.71,89.26,89.76,101983.2,2026-04-12 20:00:00+00:00
1776038400000,89.77,94.8,89.59,94.53,167114.3,2026-04-13 00:00:00+00:00
1776052800000,94.53,98.37,94.31,95.98,371777.2,2026-04-13 04:00:00+00:00
1776067200000,95.99,95.99,93.3,93.84,165968.3,2026-04-13 08:00:00+00:00
1776081600000,93.84,95.32,92.92,94.19,227442.7,2026-04-13 12:00:00+00:00
1776096000000,94.19,96.97,93.57,96.78,146008.2,2026-04-13 16:00:00+00:00
1776110400000,96.77,103.73,96.04,103.2,279328.1,2026-04-13 20:00:00+00:00
1776124800000,103.21,104.15,100.22,101.45,199031.1,2026-04-14 00:00:00+00:00
1776139200000,101.45,101.65,99.28,99.95,109690.4,2026-04-14 04:00:00+00:00
1776153600000,99.94,101.49,99.83,100.27,81599.0,2026-04-14 08:00:00+00:00
1776168000000,100.27,101.29,98.79,99.56,247401.0,2026-04-14 12:00:00+00:00
1776182400000,99.55,100.09,97.08,98.2,124000.2,2026-04-14 16:00:00+00:00
1776196800000,98.2,100.34,97.81,99.91,83896.3,2026-04-14 20:00:00+00:00
1776211200000,99.92,101.13,99.78,100.13,95216.5,2026-04-15 00:00:00+00:00
1776225600000,100.14,101.02,98.91,99.23,92277.6,2026-04-15 04:00:00+00:00
1776240000000,99.24,102.15,99.13,101.38,144398.7,2026-04-15 08:00:00+00:00
1776254400000,101.38,108.6,101.26,108.03,519999.0,2026-04-15 12:00:00+00:00
1776268800000,108.03,108.8,105.85,107.72,294812.6,2026-04-15 16:00:00+00:00
1776283200000,107.7,107.72,104.67,105.45,121797.6,2026-04-15 20:00:00+00:00
1776297600000,105.45,106.92,105.14,106.74,118744.1,2026-04-16 00:00:00+00:00
1776312000000,106.73,108.06,105.88,106.12,152762.7,2026-04-16 04:00:00+00:00
1776326400000,106.1,106.78,105.01,106.1,107341.0,2026-04-16 08:00:00+00:00
1776340800000,106.11,109.91,102.99,109.83,453949.7,2026-04-16 12:00:00+00:00
1776355200000,109.83,117.5,107.91,116.52,447861.6,2026-04-16 16:00:00+00:00
1776369600000,116.53,117.5,113.3,115.41,241378.6,2026-04-16 20:00:00+00:00
1776384000000,115.41,115.71,112.74,113.64,122974.2,2026-04-17 00:00:00+00:00
1776398400000,113.65,114.1,111.47,113.2,114148.6,2026-04-17 04:00:00+00:00
1776412800000,113.21,117.4,112.96,117.28,208304.0,2026-04-17 08:00:00+00:00
1776427200000,117.29,118.5,115.39,116.45,338712.2,2026-04-17 12:00:00+00:00
1776441600000,116.45,118.79,116.15,116.95,175805.1,2026-04-17 16:00:00+00:00
1776456000000,116.95,117.3,114.42,114.78,120382.0,2026-04-17 20:00:00+00:00
1776470400000,114.78,115.99,113.8,114.07,112109.8,2026-04-18 00:00:00+00:00
1776484800000,114.08,115.45,113.85,114.83,48282.3,2026-04-18 04:00:00+00:00
1776499200000,114.83,115.08,110.75,111.22,204422.4,2026-04-18 08:00:00+00:00
1776513600000,111.22,113.41,110.48,112.96,130343.1,2026-04-18 12:00:00+00:00
1776528000000,112.96,113.11,98.76,103.67,1333518.2,2026-04-18 16:00:00+00:00
1776542400000,103.67,107.88,101.0,101.09,709137.0,2026-04-18 20:00:00+00:00
1776556800000,101.09,101.23,94.32,95.32,703467.9,2026-04-19 00:00:00+00:00
1776571200000,95.32,95.39,91.31,92.48,626666.2,2026-04-19 04:00:00+00:00
1776585600000,92.47,93.95,90.21,90.96,796196.5,2026-04-19 08:00:00+00:00
1776600000000,90.95,94.13,89.39,91.88,668561.4,2026-04-19 12:00:00+00:00
1776614400000,91.88,93.5,88.76,91.0,601795.0,2026-04-19 16:00:00+00:00
1776628800000,90.99,91.14,88.61,90.21,299843.2,2026-04-19 20:00:00+00:00
1776643200000,90.22,94.42,89.89,93.14,557568.4,2026-04-20 00:00:00+00:00
1776657600000,93.14,93.7,90.64,92.37,314708.0,2026-04-20 04:00:00+00:00
1776672000000,92.37,92.47,88.9,90.39,319021.8,2026-04-20 08:00:00+00:00
1776686400000,90.39,91.07,86.35,87.15,539568.1,2026-04-20 12:00:00+00:00
1776700800000,87.16,90.53,86.62,89.93,400384.0,2026-04-20 16:00:00+00:00
1776715200000,89.93,94.98,89.65,90.58,644853.6,2026-04-20 20:00:00+00:00
1776729600000,90.58,94.84,90.13,93.55,389545.3,2026-04-21 00:00:00+00:00
1776744000000,93.55,95.61,91.76,92.4,480489.0,2026-04-21 04:00:00+00:00
1776758400000,92.4,94.44,92.06,93.02,222108.5,2026-04-21 08:00:00+00:00
1776772800000,93.01,93.23,90.82,92.17,307505.4,2026-04-21 12:00:00+00:00
1776787200000,92.17,92.84,89.89,90.38,248552.2,2026-04-21 16:00:00+00:00
1776801600000,90.38,92.36,90.29,91.82,143633.2,2026-04-21 20:00:00+00:00
1776816000000,91.83,93.54,91.45,92.47,207925.6,2026-04-22 00:00:00+00:00
1776830400000,92.48,94.32,92.26,93.32,173333.9,2026-04-22 04:00:00+00:00
1776844800000,93.33,94.18,92.55,93.45,120151.6,2026-04-22 08:00:00+00:00
1776859200000,93.45,96.21,92.87,94.09,424405.2,2026-04-22 12:00:00+00:00
1776873600000,94.1,95.4,93.4,94.46,161346.6,2026-04-22 16:00:00+00:00
1776888000000,94.47,95.55,93.81,93.92,110091.9,2026-04-22 20:00:00+00:00
1776902400000,93.93,94.33,91.54,91.94,205959.6,2026-04-23 00:00:00+00:00
1776916800000,91.93,92.85,91.26,91.53,148653.2,2026-04-23 04:00:00+00:00
1776931200000,91.53,92.43,90.83,91.96,114853.3,2026-04-23 08:00:00+00:00
1776945600000,91.96,94.46,91.84,93.78,180186.4,2026-04-23 12:00:00+00:00
1776960000000,93.78,94.0,91.07,92.46,250608.5,2026-04-23 16:00:00+00:00
1776974400000,92.46,95.33,92.4,94.24,241971.8,2026-04-23 20:00:00+00:00
1776988800000,94.24,96.77,93.21,93.92,540026.7,2026-04-24 00:00:00+00:00
1777003200000,93.93,94.02,92.79,93.36,148476.4,2026-04-24 04:00:00+00:00
1777017600000,93.36,95.29,92.33,94.95,171165.9,2026-04-24 08:00:00+00:00
1777032000000,94.96,96.0,92.88,94.33,281237.6,2026-04-24 12:00:00+00:00
1777046400000,94.32,95.48,93.28,94.91,159388.2,2026-04-24 16:00:00+00:00
1777060800000,94.92,95.75,93.63,94.25,85574.0,2026-04-24 20:00:00+00:00
1777075200000,94.24,94.99,94.04,94.8,64861.0,2026-04-25 00:00:00+00:00
1777089600000,94.81,95.05,93.93,94.53,85043.3,2026-04-25 04:00:00+00:00
1777104000000,94.52,96.23,94.51,95.39,128434.8,2026-04-25 08:00:00+00:00
1777118400000,95.38,96.3,94.38,94.73,181969.0,2026-04-25 12:00:00+00:00
1777132800000,94.72,94.9,93.81,93.85,100927.5,2026-04-25 16:00:00+00:00
1777147200000,93.85,94.44,93.35,94.09,89502.6,2026-04-25 20:00:00+00:00
1777161600000,94.09,94.1,93.0,93.49,97960.8,2026-04-26 00:00:00+00:00
1777176000000,93.49,95.17,93.07,94.7,170291.3,2026-04-26 04:00:00+00:00
1777190400000,94.7,95.92,94.34,95.75,76174.5,2026-04-26 08:00:00+00:00
1777204800000,95.76,95.98,94.5,95.96,103388.4,2026-04-26 12:00:00+00:00
1777219200000,95.96,97.73,95.11,96.89,266213.4,2026-04-26 16:00:00+00:00
1777233600000,96.89,97.22,95.53,96.43,101874.2,2026-04-26 20:00:00+00:00
1777248000000,96.44,100.81,96.01,99.26,261070.8,2026-04-27 00:00:00+00:00
1777262400000,99.27,99.54,95.26,95.62,268564.3,2026-04-27 04:00:00+00:00
1777276800000,95.61,96.71,95.43,96.08,105996.7,2026-04-27 08:00:00+00:00
1777291200000,96.08,99.28,95.48,97.13,535967.7,2026-04-27 12:00:00+00:00
1777305600000,97.12,97.54,95.12,95.57,165882.4,2026-04-27 16:00:00+00:00
1777320000000,95.58,97.94,95.56,97.59,168675.2,2026-04-27 20:00:00+00:00
1777334400000,97.59,97.65,96.22,97.03,112462.9,2026-04-28 00:00:00+00:00
1777348800000,97.03,98.43,96.39,97.69,127453.6,2026-04-28 04:00:00+00:00
1777363200000,97.69,98.35,96.24,96.45,106898.1,2026-04-28 08:00:00+00:00
1777377600000,96.46,97.56,95.53,96.52,223515.2,2026-04-28 12:00:00+00:00
1777392000000,96.52,97.48,95.92,96.83,120656.2,2026-04-28 16:00:00+00:00
1777406400000,96.83,96.96,96.16,96.42,47009.3,2026-04-28 20:00:00+00:00
1777420800000,96.41,97.22,96.05,97.2,88053.3,2026-04-29 00:00:00+00:00
1777435200000,97.21,98.66,96.59,97.24,174387.9,2026-04-29 04:00:00+00:00
1777449600000,97.25,98.43,96.35,96.84,204653.0,2026-04-29 08:00:00+00:00
1777464000000,96.83,96.9,92.86,93.75,464304.6,2026-04-29 12:00:00+00:00
1777478400000,93.75,94.88,91.89,93.29,280791.3,2026-04-29 16:00:00+00:00
1777492800000,93.29,94.2,93.07,93.24,102340.6,2026-04-29 20:00:00+00:00
1777507200000,93.24,93.66,91.62,92.51,177189.7,2026-04-30 00:00:00+00:00
1777521600000,92.51,92.8,91.87,92.76,108044.5,2026-04-30 04:00:00+00:00
1777536000000,92.77,93.08,92.1,92.66,70307.4,2026-04-30 08:00:00+00:00
1777550400000,92.66,93.89,92.09,93.59,115165.6,2026-04-30 12:00:00+00:00
1777564800000,93.6,93.66,92.65,93.06,98344.5,2026-04-30 16:00:00+00:00
1777579200000,93.07,93.42,92.2,92.8,52657.6,2026-04-30 20:00:00+00:00
1777593600000,92.81,94.45,92.45,93.24,105875.8,2026-05-01 00:00:00+00:00
1777608000000,93.24,93.65,92.17,92.35,90959.9,2026-05-01 04:00:00+00:00
1777622400000,92.35,92.92,91.82,92.75,79161.7,2026-05-01 08:00:00+00:00
1777636800000,92.74,93.97,92.57,93.39,187630.1,2026-05-01 12:00:00+00:00
1777651200000,93.38,93.72,91.87,92.41,147102.6,2026-05-01 16:00:00+00:00
1777665600000,92.42,92.76,91.3,91.98,83737.5,2026-05-01 20:00:00+00:00
1777680000000,91.99,92.81,91.85,92.49,49988.1,2026-05-02 00:00:00+00:00
1777694400000,92.5,92.64,91.54,91.93,56374.0,2026-05-02 04:00:00+00:00
1777708800000,91.94,92.59,91.77,92.1,70203.8,2026-05-02 08:00:00+00:00
1777723200000,92.1,92.69,91.89,92.63,50449.9,2026-05-02 12:00:00+00:00
1777737600000,92.63,93.2,92.17,92.96,80598.2,2026-05-02 16:00:00+00:00
1777752000000,92.97,93.95,92.7,93.26,93621.8,2026-05-02 20:00:00+00:00
1777766400000,93.27,93.32,91.75,91.97,109847.7,2026-05-03 00:00:00+00:00
1777780800000,91.97,92.81,91.83,92.41,65847.3,2026-05-03 04:00:00+00:00
1777795200000,92.41,93.46,92.19,93.12,113849.9,2026-05-03 08:00:00+00:00
1777809600000,93.12,93.55,92.27,92.63,85699.0,2026-05-03 12:00:00+00:00
1777824000000,92.64,93.15,92.36,92.89,58289.1,2026-05-03 16:00:00+00:00
1777838400000,92.89,93.54,92.19,92.39,136613.9,2026-05-03 20:00:00+00:00
1777852800000,92.38,94.6,91.65,94.21,184705.9,2026-05-04 00:00:00+00:00
1777867200000,94.21,95.04,93.27,93.56,162654.4,2026-05-04 04:00:00+00:00
1777881600000,93.55,93.98,90.92,92.05,250798.5,2026-05-04 08:00:00+00:00
1777896000000,92.05,93.84,91.68,92.58,192509.2,2026-05-04 12:00:00+00:00
1777910400000,92.57,93.82,91.92,92.53,115671.8,2026-05-04 16:00:00+00:00
1777924800000,92.54,92.96,91.77,92.18,70222.8,2026-05-04 20:00:00+00:00
1777939200000,92.19,93.35,92.06,92.82,89883.9,2026-05-05 00:00:00+00:00
1777953600000,92.81,93.5,92.49,93.07,62096.8,2026-05-05 04:00:00+00:00
1777968000000,93.07,93.54,92.6,93.49,86531.4,2026-05-05 08:00:00+00:00
1777982400000,93.49,94.26,92.93,93.06,139107.7,2026-05-05 12:00:00+00:00
1777996800000,93.07,93.68,92.82,93.19,84882.3,2026-05-05 16:00:00+00:00
1778011200000,93.19,94.19,92.89,93.4,101725.2,2026-05-05 20:00:00+00:00
1778025600000,93.4,94.33,93.11,94.12,100979.9,2026-05-06 00:00:00+00:00
1778040000000,94.12,94.68,93.1,94.4,116374.4,2026-05-06 04:00:00+00:00
1778054400000,94.39,96.57,94.34,95.64,235794.4,2026-05-06 08:00:00+00:00
1778068800000,95.64,95.72,92.18,93.46,348460.3,2026-05-06 12:00:00+00:00
1778083200000,93.45,94.02,92.73,93.6,124051.8,2026-05-06 16:00:00+00:00
1778097600000,93.61,94.54,93.1,94.28,78999.9,2026-05-06 20:00:00+00:00
1778112000000,94.27,94.31,91.93,92.08,137421.0,2026-05-07 00:00:00+00:00
1778126400000,92.09,94.24,91.95,94.09,128113.0,2026-05-07 04:00:00+00:00
1778140800000,94.1,94.34,92.73,93.77,122192.2,2026-05-07 08:00:00+00:00
1778155200000,93.76,94.33,91.57,92.32,197189.5,2026-05-07 12:00:00+00:00
1778169600000,92.31,93.07,91.84,92.46,91147.1,2026-05-07 16:00:00+00:00
1778184000000,92.47,93.08,91.63,92.35,73340.5,2026-05-07 20:00:00+00:00
1778198400000,92.35,92.91,91.85,92.5,92436.8,2026-05-08 00:00:00+00:00
1778212800000,92.51,92.99,91.98,92.5,62251.8,2026-05-08 04:00:00+00:00
1778227200000,92.49,93.13,92.17,92.59,105867.1,2026-05-08 08:00:00+00:00
1778241600000,92.59,94.26,92.03,94.19,154610.6,2026-05-08 12:00:00+00:00
1778256000000,94.19,95.89,93.76,95.2,217569.0,2026-05-08 16:00:00+00:00
1778270400000,95.2,96.51,94.88,95.78,131801.0,2026-05-08 20:00:00+00:00
1778284800000,95.78,99.55,95.57,98.14,278476.7,2026-05-09 00:00:00+00:00
1778299200000,98.14,98.62,96.34,96.53,164398.6,2026-05-09 04:00:00+00:00
1778313600000,96.54,97.05,95.33,95.78,137390.5,2026-05-09 08:00:00+00:00
1778328000000,95.78,96.07,93.91,94.69,268015.9,2026-05-09 12:00:00+00:00
1778342400000,94.69,96.17,94.46,96.05,110476.0,2026-05-09 16:00:00+00:00
1778356800000,96.05,96.18,95.41,95.72,76590.3,2026-05-09 20:00:00+00:00
1778371200000,95.72,96.31,94.76,95.59,83269.6,2026-05-10 00:00:00+00:00
1778385600000,95.59,97.48,95.44,97.29,149033.1,2026-05-10 04:00:00+00:00
1778400000000,97.29,97.95,95.72,96.68,187622.4,2026-05-10 08:00:00+00:00
1778414400000,96.69,100.07,96.34,99.04,327869.3,2026-05-10 12:00:00+00:00
1778428800000,99.04,103.3,98.86,102.1,365549.1,2026-05-10 16:00:00+00:00
1778443200000,102.1,103.45,97.3,102.08,463157.2,2026-05-10 20:00:00+00:00
1778457600000,102.09,102.5,98.83,99.75,273711.2,2026-05-11 00:00:00+00:00
1778472000000,99.74,101.15,98.97,100.64,151059.5,2026-05-11 04:00:00+00:00
1778486400000,100.64,101.9,99.67,100.08,164351.2,2026-05-11 08:00:00+00:00
1778500800000,100.07,101.88,98.55,101.76,254333.0,2026-05-11 12:00:00+00:00
1778515200000,101.76,102.83,100.93,101.88,203893.5,2026-05-11 16:00:00+00:00
1778529600000,101.89,102.55,100.21,101.13,123374.2,2026-05-11 20:00:00+00:00
1778544000000,101.13,101.32,98.96,99.77,161175.1,2026-05-12 00:00:00+00:00
1778558400000,99.76,100.57,99.13,99.6,93472.4,2026-05-12 04:00:00+00:00
1778572800000,99.59,99.64,97.28,97.98,167490.6,2026-05-12 08:00:00+00:00
1778587200000,97.98,98.25,94.42,95.39,371198.3,2026-05-12 12:00:00+00:00
1778601600000,95.39,96.55,95.1,96.38,127525.9,2026-05-12 16:00:00+00:00
1778616000000,96.38,97.4,96.33,96.62,104535.6,2026-05-12 20:00:00+00:00
1778630400000,96.63,98.67,96.32,98.61,107074.3,2026-05-13 00:00:00+00:00
1778644800000,98.62,98.89,97.51,98.15,76556.5,2026-05-13 04:00:00+00:00
1778659200000,98.15,99.92,97.43,97.66,168163.8,2026-05-13 08:00:00+00:00
1778673600000,97.66,97.92,94.33,94.5,301877.7,2026-05-13 12:00:00+00:00
1778688000000,94.5,96.37,94.31,95.83,121759.2,2026-05-13 16:00:00+00:00
1778702400000,95.83,96.38,94.89,96.35,70083.4,2026-05-13 20:00:00+00:00
1778716800000,96.36,97.77,95.37,95.48,148492.2,2026-05-14 00:00:00+00:00
1778731200000,95.49,97.48,95.34,96.3,98797.3,2026-05-14 04:00:00+00:00
1778745600000,96.3,96.92,96.0,96.15,69019.6,2026-05-14 08:00:00+00:00
1778760000000,96.15,99.65,96.07,99.09,243337.0,2026-05-14 12:00:00+00:00
1778774400000,99.1,101.25,98.67,99.9,225677.8,2026-05-14 16:00:00+00:00
1778788800000,99.9,100.1,98.13,98.3,86411.3,2026-05-14 20:00:00+00:00
1778803200000,98.29,99.12,97.3,98.07,120555.1,2026-05-15 00:00:00+00:00
1778817600000,98.08,98.21,95.66,97.06,152294.8,2026-05-15 04:00:00+00:00
1778832000000,97.06,97.09,95.72,96.09,101079.2,2026-05-15 08:00:00+00:00
1778846400000,96.09,96.23,92.18,93.31,362527.2,2026-05-15 12:00:00+00:00
1778860800000,93.32,94.23,92.66,92.68,131413.8,2026-05-15 16:00:00+00:00
1778875200000,92.68,93.09,92.29,92.82,74644.7,2026-05-15 20:00:00+00:00
1778889600000,92.83,93.39,91.92,92.0,108025.3,2026-05-16 00:00:00+00:00
1778904000000,91.99,92.16,87.94,89.05,287765.5,2026-05-16 04:00:00+00:00
1778918400000,89.05,89.55,87.77,89.03,176245.7,2026-05-16 08:00:00+00:00
1778932800000,89.03,90.61,88.9,90.44,128880.3,2026-05-16 12:00:00+00:00
1778947200000,90.43,90.91,90.24,90.35,73994.4,2026-05-16 16:00:00+00:00
1778961600000,90.36,90.51,89.91,89.97,39692.1,2026-05-16 20:00:00+00:00
1778976000000,89.98,90.2,88.96,89.85,105349.2,2026-05-17 00:00:00+00:00
1778990400000,89.85,91.15,89.8,90.79,133478.5,2026-05-17 04:00:00+00:00
1779004800000,90.79,91.6,90.58,90.96,91728.2,2026-05-17 08:00:00+00:00
1779019200000,90.96,91.35,90.12,90.49,78982.6,2026-05-17 12:00:00+00:00
1779033600000,90.49,90.83,89.94,90.59,58302.5,2026-05-17 16:00:00+00:00
1779048000000,90.59,90.8,86.52,89.14,185053.1,2026-05-17 20:00:00+00:00
1779062400000,89.14,89.3,88.18,88.34,162766.8,2026-05-18 00:00:00+00:00
1779076800000,88.35,88.88,87.79,88.38,129286.0,2026-05-18 04:00:00+00:00
1779091200000,88.39,89.69,87.74,89.16,108776.3,2026-05-18 08:00:00+00:00
1779105600000,89.17,89.9,87.14,87.85,209597.6,2026-05-18 12:00:00+00:00
1779120000000,87.85,88.95,87.03,88.73,113393.7,2026-05-18 16:00:00+00:00
1779134400000,88.73,89.82,88.64,89.43,66910.8,2026-05-18 20:00:00+00:00
1779148800000,89.42,90.08,88.65,89.08,67646.7,2026-05-19 00:00:00+00:00
1779163200000,89.08,89.74,88.71,89.5,52588.7,2026-05-19 04:00:00+00:00
1779177600000,89.51,89.53,87.98,88.11,73609.1,2026-05-19 08:00:00+00:00
1779192000000,88.1,88.82,87.36,88.15,99447.6,2026-05-19 12:00:00+00:00
1779206400000,88.16,89.09,87.77,87.92,94037.7,2026-05-19 16:00:00+00:00
1779220800000,87.92,88.35,87.18,87.38,60345.8,2026-05-19 20:00:00+00:00
1779235200000,87.37,87.49,86.57,87.02,94547.8,2026-05-20 00:00:00+00:00
1779249600000,87.02,88.28,86.78,87.67,79376.5,2026-05-20 04:00:00+00:00
1779264000000,87.67,88.05,87.08,87.3,86130.3,2026-05-20 08:00:00+00:00
1779278400000,87.3,88.99,86.86,88.57,151900.5,2026-05-20 12:00:00+00:00
1779292800000,88.57,89.18,88.08,88.86,102738.4,2026-05-20 16:00:00+00:00
1779307200000,88.85,89.04,87.57,88.0,73645.5,2026-05-20 20:00:00+00:00
1779321600000,88.01,90.03,87.92,89.94,112280.9,2026-05-21 00:00:00+00:00
1779336000000,89.94,90.15,88.44,89.28,108810.9,2026-05-21 04:00:00+00:00
1779350400000,89.29,89.96,87.63,87.91,144986.9,2026-05-21 08:00:00+00:00
1779364800000,87.91,89.0,87.62,88.52,138052.5,2026-05-21 12:00:00+00:00
1779379200000,88.53,89.7,87.97,88.97,182341.8,2026-05-21 16:00:00+00:00
1779393600000,88.98,89.11,87.82,88.11,87940.2,2026-05-21 20:00:00+00:00
1779408000000,88.1,88.16,87.38,88.08,92666.0,2026-05-22 00:00:00+00:00
1779422400000,88.08,88.44,87.28,87.82,105189.3,2026-05-22 04:00:00+00:00
1779436800000,87.82,88.55,87.65,88.51,98587.3,2026-05-22 08:00:00+00:00
1779451200000,88.51,89.57,87.34,88.09,246201.2,2026-05-22 12:00:00+00:00
1779465600000,88.08,88.49,84.68,85.43,346654.0,2026-05-22 16:00:00+00:00
1779480000000,85.44,86.85,85.27,86.12,136754.0,2026-05-22 20:00:00+00:00
1779494400000,86.13,86.5,85.58,86.02,108253.4,2026-05-23 00:00:00+00:00
1779508800000,86.02,86.07,82.46,83.39,255850.5,2026-05-23 04:00:00+00:00
1779523200000,83.39,83.71,82.94,83.29,137851.0,2026-05-23 08:00:00+00:00
1779537600000,83.28,85.54,83.01,85.35,109103.2,2026-05-23 12:00:00+00:00
1779552000000,85.35,86.75,85.19,86.49,96004.7,2026-05-23 16:00:00+00:00
1779566400000,86.49,89.1,86.32,86.62,184125.3,2026-05-23 20:00:00+00:00
1779580800000,86.63,86.83,85.8,86.07,83010.4,2026-05-24 00:00:00+00:00
1779595200000,86.08,86.76,85.92,86.56,82116.0,2026-05-24 04:00:00+00:00
1779609600000,86.57,87.86,86.24,87.84,124798.1,2026-05-24 08:00:00+00:00
1779624000000,87.83,87.89,84.39,85.78,181781.9,2026-05-24 12:00:00+00:00
1779638400000,85.79,86.28,85.26,85.56,76799.2,2026-05-24 16:00:00+00:00
1779652800000,85.57,85.75,83.75,85.53,94580.4,2026-05-24 20:00:00+00:00
1779667200000,85.54,86.09,85.12,85.4,72448.8,2026-05-25 00:00:00+00:00
1779681600000,85.41,86.81,85.37,86.58,79463.4,2026-05-25 04:00:00+00:00
1779696000000,86.58,87.12,86.26,86.44,58064.2,2026-05-25 08:00:00+00:00
1779710400000,86.45,87.16,86.2,86.82,72369.7,2026-05-25 12:00:00+00:00
1779724800000,86.83,87.26,86.53,87.12,83013.7,2026-05-25 16:00:00+00:00
1779739200000,87.12,87.35,85.74,86.32,85407.2,2026-05-25 20:00:00+00:00
1779753600000,86.32,86.47,84.96,85.56,84526.6,2026-05-26 00:00:00+00:00
1779768000000,85.56,86.63,85.51,86.03,62608.8,2026-05-26 04:00:00+00:00
1779782400000,86.04,88.37,86.01,87.49,126326.1,2026-05-26 08:00:00+00:00
1779796800000,87.48,88.47,86.08,86.59,271972.5,2026-05-26 12:00:00+00:00
1779811200000,86.58,87.05,85.36,86.43,143636.0,2026-05-26 16:00:00+00:00
1779825600000,86.44,86.67,85.45,85.74,54368.8,2026-05-26 20:00:00+00:00
1779840000000,85.75,86.49,85.18,85.19,86651.0,2026-05-27 00:00:00+00:00
1779854400000,85.19,85.55,83.77,85.52,134822.4,2026-05-27 04:00:00+00:00
1779868800000,85.52,85.89,84.66,85.07,59494.3,2026-05-27 08:00:00+00:00
1779883200000,85.08,86.99,84.33,86.2,167227.4,2026-05-27 12:00:00+00:00
1779897600000,86.2,86.52,84.17,85.15,111964.9,2026-05-27 16:00:00+00:00
1779912000000,85.15,85.4,82.67,83.21,142028.3,2026-05-27 20:00:00+00:00
1779926400000,83.22,83.42,80.65,80.87,182571.4,2026-05-28 00:00:00+00:00
1779940800000,80.87,81.36,79.87,81.33,167700.0,2026-05-28 04:00:00+00:00
1779955200000,81.34,81.35,80.11,80.37,83317.2,2026-05-28 08:00:00+00:00
1779969600000,80.36,80.82,78.01,79.36,345708.0,2026-05-28 12:00:00+00:00
1779984000000,79.36,81.43,79.02,80.95,168019.6,2026-05-28 16:00:00+00:00
1779998400000,80.96,81.69,80.42,80.77,78322.1,2026-05-28 20:00:00+00:00
1780012800000,80.77,81.37,80.48,80.53,76264.4,2026-05-29 00:00:00+00:00
1780027200000,80.54,81.99,80.15,81.71,101352.0,2026-05-29 04:00:00+00:00
1780041600000,81.71,82.41,81.12,81.53,115923.5,2026-05-29 08:00:00+00:00
1780056000000,81.54,83.83,80.17,82.88,242557.3,2026-05-29 12:00:00+00:00
1780070400000,82.88,83.71,81.52,82.29,159402.5,2026-05-29 16:00:00+00:00
1780084800000,82.29,82.99,81.92,82.43,62123.9,2026-05-29 20:00:00+00:00
1780099200000,82.43,83.95,82.22,82.98,76487.8,2026-05-30 00:00:00+00:00
1780113600000,82.98,83.22,81.97,82.56,71985.5,2026-05-30 04:00:00+00:00
1780128000000,82.55,83.08,82.49,82.88,36985.9,2026-05-30 08:00:00+00:00
1780142400000,82.87,83.45,82.76,83.01,56598.6,2026-05-30 12:00:00+00:00
1780156800000,83.01,83.54,82.85,83.3,46775.7,2026-05-30 16:00:00+00:00
1780171200000,83.3,83.52,82.43,82.74,37383.2,2026-05-30 20:00:00+00:00
1780185600000,82.75,83.61,82.62,83.52,55083.1,2026-05-31 00:00:00+00:00
1780200000000,83.52,83.58,82.66,82.85,41327.0,2026-05-31 04:00:00+00:00
1780214400000,82.85,83.22,82.26,82.77,63425.7,2026-05-31 08:00:00+00:00
1780228800000,82.76,82.92,81.29,81.68,92134.5,2026-05-31 12:00:00+00:00
1780243200000,81.68,81.79,80.85,81.32,59903.2,2026-05-31 16:00:00+00:00
1780257600000,81.33,82.78,81.33,82.11,64111.6,2026-05-31 20:00:00+00:00
1780272000000,82.11,83.0,81.35,82.68,90577.5,2026-06-01 00:00:00+00:00
1780286400000,82.68,82.85,80.57,80.64,80818.7,2026-06-01 04:00:00+00:00
1780300800000,80.66,81.5,80.42,80.9,105253.5,2026-06-01 08:00:00+00:00
1780315200000,80.9,81.04,78.74,79.06,307829.5,2026-06-01 12:00:00+00:00
1780329600000,79.06,80.83,78.31,80.65,186631.1,2026-06-01 16:00:00+00:00
1780344000000,80.66,80.71,79.43,80.24,74482.7,2026-06-01 20:00:00+00:00
1780358400000,80.25,80.34,77.77,79.68,162225.5,2026-06-02 00:00:00+00:00
1780372800000,79.69,79.84,77.27,77.7,171423.4,2026-06-02 04:00:00+00:00
1780387200000,77.7,78.16,77.23,77.38,107500.3,2026-06-02 08:00:00+00:00
1780401600000,77.39,77.91,74.21,75.25,384382.5,2026-06-02 12:00:00+00:00
1780416000000,75.25,77.87,73.67,75.09,374854.4,2026-06-02 16:00:00+00:00
1780430400000,75.1,75.6,72.08,73.62,219026.1,2026-06-02 20:00:00+00:00
1780444800000,73.63,74.49,72.22,72.75,165515.4,2026-06-03 00:00:00+00:00
1780459200000,72.76,76.2,72.75,76.06,154196.5,2026-06-03 04:00:00+00:00
1780473600000,76.06,76.93,75.46,76.39,106308.7,2026-06-03 08:00:00+00:00
1780488000000,76.38,76.62,75.11,75.4,169446.8,2026-06-03 12:00:00+00:00
1780502400000,75.41,75.87,74.23,74.5,181348.4,2026-06-03 16:00:00+00:00
1780516800000,74.49,75.95,73.28,74.35,148937.5,2026-06-03 20:00:00+00:00
1780531200000,74.34,74.96,68.09,73.02,412942.7,2026-06-04 00:00:00+00:00
1780545600000,73.02,73.27,71.01,71.04,161121.5,2026-06-04 04:00:00+00:00
1780560000000,71.03,71.43,69.41,70.62,192545.8,2026-06-04 08:00:00+00:00
1780574400000,70.62,72.83,70.15,72.44,176038.0,2026-06-04 12:00:00+00:00
1780588800000,72.44,72.74,71.28,72.05,122547.4,2026-06-04 16:00:00+00:00
1780603200000,72.05,72.11,69.78,71.26,99731.5,2026-06-04 20:00:00+00:00
1780617600000,71.26,71.72,68.71,68.89,137559.6,2026-06-05 00:00:00+00:00
1780632000000,68.89,70.12,64.04,69.39,1235785.3,2026-06-05 04:00:00+00:00
1780646400000,69.39,69.42,66.06,66.1,326413.6,2026-06-05 08:00:00+00:00
1780660800000,66.1,66.46,60.39,62.21,742823.8,2026-06-05 12:00:00+00:00
1780675200000,62.2,63.6,59.21,60.24,499070.6,2026-06-05 16:00:00+00:00
1780689600000,60.23,63.63,59.77,62.21,315107.1,2026-06-05 20:00:00+00:00
1780704000000,62.22,63.25,59.61,59.91,222086.1,2026-06-06 00:00:00+00:00
1780718400000,59.9,61.94,57.73,61.23,349898.4,2026-06-06 04:00:00+00:00
1780732800000,61.23,62.45,59.88,61.3,183688.2,2026-06-06 08:00:00+00:00
1780747200000,61.3,62.29,59.56,60.33,223599.9,2026-06-06 12:00:00+00:00
1780761600000,60.32,61.01,59.85,59.9,112910.1,2026-06-06 16:00:00+00:00
1780776000000,59.9,60.98,59.68,60.9,91919.3,2026-06-06 20:00:00+00:00
1780790400000,60.91,62.52,60.6,62.06,155848.3,2026-06-07 00:00:00+00:00
1780804800000,62.05,63.81,61.67,63.45,193657.5,2026-06-07 04:00:00+00:00
1780819200000,63.45,64.25,62.77,63.29,154854.2,2026-06-07 08:00:00+00:00
1780833600000,63.3,63.56,61.82,63.01,158189.8,2026-06-07 12:00:00+00:00
1780848000000,63.01,63.2,61.01,61.39,155959.9,2026-06-07 16:00:00+00:00
1780862400000,61.39,65.43,61.17,63.68,209779.7,2026-06-07 20:00:00+00:00
1780876800000,63.68,64.35,62.47,63.02,116771.6,2026-06-08 00:00:00+00:00
1780891200000,63.03,63.13,61.76,62.67,111398.1,2026-06-08 04:00:00+00:00
1780905600000,62.66,64.52,62.29,64.23,121004.0,2026-06-08 08:00:00+00:00
1780920000000,64.24,65.06,63.39,64.14,151510.7,2026-06-08 12:00:00+00:00
1780934400000,64.14,64.72,63.6,64.03,99168.4,2026-06-08 16:00:00+00:00
1780948800000,64.04,64.88,63.13,63.42,76676.1,2026-06-08 20:00:00+00:00
1780963200000,63.41,63.52,61.59,62.02,118774.8,2026-06-09 00:00:00+00:00
1780977600000,62.02,63.29,61.55,62.94,114299.6,2026-06-09 04:00:00+00:00
1780992000000,62.94,62.98,61.83,62.32,129875.8,2026-06-09 08:00:00+00:00
1781006400000,62.31,62.7,60.07,60.15,214225.5,2026-06-09 12:00:00+00:00
1781020800000,60.14,62.07,59.62,61.86,178461.0,2026-06-09 16:00:00+00:00
1781035200000,61.87,62.77,61.67,62.06,80979.4,2026-06-09 20:00:00+00:00
1781049600000,62.06,62.61,61.29,61.59,73784.5,2026-06-10 00:00:00+00:00
1781064000000,61.6,62.09,60.94,62.01,74922.9,2026-06-10 04:00:00+00:00
1781078400000,62.01,62.02,60.3,60.58,105561.9,2026-06-10 08:00:00+00:00
1781092800000,60.58,63.88,60.38,63.42,260976.9,2026-06-10 12:00:00+00:00
1781107200000,63.43,63.67,61.4,61.63,162980.0,2026-06-10 16:00:00+00:00
1781121600000,61.62,61.91,60.05,61.26,136557.8,2026-06-10 20:00:00+00:00
1781136000000,61.25,63.93,61.23,63.73,134433.0,2026-06-11 00:00:00+00:00
1781150400000,63.74,63.77,62.74,63.4,86003.6,2026-06-11 04:00:00+00:00
1781164800000,63.41,64.08,62.91,63.14,113430.2,2026-06-11 08:00:00+00:00
1781179200000,63.14,63.72,62.21,63.72,112871.1,2026-06-11 12:00:00+00:00
1781193600000,63.73,65.0,62.58,64.61,158816.1,2026-06-11 16:00:00+00:00
1781208000000,64.62,64.79,64.0,64.3,74728.1,2026-06-11 20:00:00+00:00
1781222400000,64.3,64.64,63.83,64.52,52292.4,2026-06-12 00:00:00+00:00
1781236800000,64.52,64.86,63.02,63.69,101883.2,2026-06-12 04:00:00+00:00
1781251200000,63.68,65.29,63.65,64.67,105229.4,2026-06-12 08:00:00+00:00
1781265600000,64.67,65.53,63.6,64.07,162889.1,2026-06-12 12:00:00+00:00
1781280000000,64.07,65.28,63.85,64.8,70611.4,2026-06-12 16:00:00+00:00
1781294400000,64.8,65.02,63.93,64.18,45241.3,2026-06-12 20:00:00+00:00
1781308800000,64.18,65.58,64.07,65.24,81509.4,2026-06-13 00:00:00+00:00
1781323200000,65.24,66.36,64.9,66.18,97740.8,2026-06-13 04:00:00+00:00
1781337600000,66.18,67.24,65.97,66.82,104313.5,2026-06-13 08:00:00+00:00
1781352000000,66.83,67.54,66.66,66.99,88696.9,2026-06-13 12:00:00+00:00
1781366400000,66.99,67.04,65.77,66.39,97246.2,2026-06-13 16:00:00+00:00
1781380800000,66.4,67.38,66.15,67.08,55451.6,2026-06-13 20:00:00+00:00
1781395200000,67.08,67.74,66.88,67.09,68983.1,2026-06-14 00:00:00+00:00
1781409600000,67.09,67.14,65.92,66.07,63516.9,2026-06-14 04:00:00+00:00
1781424000000,66.08,66.52,65.81,65.98,43680.6,2026-06-14 08:00:00+00:00
1781438400000,65.99,66.49,65.23,65.53,92402.2,2026-06-14 12:00:00+00:00
1781452800000,65.52,65.9,65.21,65.45,56921.4,2026-06-14 16:00:00+00:00
1781467200000,65.45,68.33,65.32,68.28,149156.6,2026-06-14 20:00:00+00:00
1781481600000,68.27,69.06,67.81,68.94,100612.8,2026-06-15 00:00:00+00:00
1781496000000,68.94,70.69,68.73,70.09,131012.3,2026-06-15 04:00:00+00:00
1781510400000,70.09,74.58,70.07,74.14,438286.5,2026-06-15 08:00:00+00:00
1781524800000,74.15,77.58,73.49,77.58,324726.9,2026-06-15 12:00:00+00:00
1781539200000,77.57,77.7,73.96,74.46,195811.4,2026-06-15 16:00:00+00:00
1781553600000,74.46,74.64,72.93,73.69,132875.6,2026-06-15 20:00:00+00:00
1781568000000,73.68,74.23,72.25,73.63,133377.3,2026-06-16 00:00:00+00:00
1781582400000,73.63,75.9,73.29,75.71,153082.1,2026-06-16 04:00:00+00:00
1781596800000,75.71,75.9,74.68,75.4,138155.3,2026-06-16 08:00:00+00:00
1781611200000,75.4,76.35,72.61,74.24,252032.9,2026-06-16 12:00:00+00:00
1781625600000,74.23,76.5,73.89,76.0,143220.3,2026-06-16 16:00:00+00:00
1781640000000,76.0,76.95,75.6,75.87,105480.6,2026-06-16 20:00:00+00:00
1781654400000,75.87,77.94,75.77,76.36,156633.4,2026-06-17 00:00:00+00:00
1781668800000,76.37,76.7,75.82,76.44,106447.5,2026-06-17 04:00:00+00:00
1781683200000,76.44,76.48,74.3,74.48,185443.3,2026-06-17 08:00:00+00:00
1781697600000,74.48,76.5,74.11,76.4,150656.2,2026-06-17 12:00:00+00:00
1781712000000,76.39,77.77,73.32,73.66,264746.7,2026-06-17 16:00:00+00:00
1781726400000,73.67,74.18,72.5,73.84,97034.8,2026-06-17 20:00:00+00:00
1781740800000,73.85,75.96,73.74,73.87,106573.8,2026-06-18 00:00:00+00:00
1781755200000,73.88,74.96,72.64,74.26,157149.9,2026-06-18 04:00:00+00:00
1781769600000,74.27,74.98,73.23,73.43,101811.3,2026-06-18 08:00:00+00:00
1781784000000,73.43,74.4,70.64,70.93,228376.0,2026-06-18 12:00:00+00:00
1781798400000,70.92,73.7,70.79,73.5,181468.9,2026-06-18 16:00:00+00:00
1781812800000,73.51,74.93,73.51,74.82,128174.2,2026-06-18 20:00:00+00:00
1781827200000,74.82,76.41,72.47,73.12,200217.0,2026-06-19 00:00:00+00:00
1781841600000,73.11,73.68,71.9,72.26,182177.1,2026-06-19 04:00:00+00:00
1781856000000,72.27,72.84,72.06,72.31,71354.7,2026-06-19 08:00:00+00:00
1781870400000,72.32,73.99,71.95,73.25,120044.9,2026-06-19 12:00:00+00:00
1781884800000,73.24,73.61,71.76,72.16,130582.6,2026-06-19 16:00:00+00:00
1781899200000,72.17,73.77,71.9,73.6,75986.7,2026-06-19 20:00:00+00:00
1781913600000,73.61,75.09,72.74,73.44,125075.3,2026-06-20 00:00:00+00:00
1781928000000,73.44,75.38,73.23,74.25,94159.6,2026-06-20 04:00:00+00:00
1781942400000,74.25,75.29,73.9,74.67,66686.4,2026-06-20 08:00:00+00:00
1781956800000,74.67,76.11,73.57,75.76,135383.6,2026-06-20 12:00:00+00:00
1781971200000,75.77,75.78,73.04,74.0,113590.4,2026-06-20 16:00:00+00:00
1781985600000,74.0,77.07,73.97,75.92,135677.8,2026-06-20 20:00:00+00:00
1782000000000,75.93,76.44,75.41,76.24,71010.0,2026-06-21 00:00:00+00:00
1782014400000,76.24,76.74,75.45,75.82,50914.7,2026-06-21 04:00:00+00:00
1782028800000,75.82,75.99,73.82,74.0,109619.2,2026-06-21 08:00:00+00:00
1782043200000,74.0,75.28,73.7,75.05,64083.7,2026-06-21 12:00:00+00:00
1782057600000,75.04,75.09,73.93,74.66,59264.8,2026-06-21 16:00:00+00:00
1782072000000,74.66,74.9,73.28,73.92,126224.3,2026-06-21 20:00:00+00:00
1782086400000,73.92,77.09,73.92,74.85,166474.3,2026-06-22 00:00:00+00:00
1782100800000,74.85,76.23,74.74,75.81,75635.8,2026-06-22 04:00:00+00:00
1782115200000,75.82,76.83,74.96,76.63,106393.1,2026-06-22 08:00:00+00:00
1782129600000,76.63,77.02,74.64,75.7,202218.7,2026-06-22 12:00:00+00:00
1782144000000,75.7,76.28,74.98,75.24,105121.9,2026-06-22 16:00:00+00:00
1782158400000,75.25,75.57,74.45,75.01,67456.5,2026-06-22 20:00:00+00:00
1782172800000,75.0,76.03,74.87,75.85,75654.4,2026-06-23 00:00:00+00:00
1782187200000,75.85,76.0,71.14,72.14,206985.0,2026-06-23 04:00:00+00:00
1782201600000,72.15,73.41,70.57,72.75,207661.7,2026-06-23 08:00:00+00:00
1782216000000,72.75,73.91,71.6,72.04,221405.7,2026-06-23 12:00:00+00:00
1782230400000,72.05,72.41,71.46,72.03,132083.6,2026-06-23 16:00:00+00:00
1782244800000,72.04,73.03,71.97,72.42,56012.8,2026-06-23 20:00:00+00:00
1782259200000,72.41,72.87,71.38,72.07,93676.1,2026-06-24 00:00:00+00:00
1782273600000,72.07,72.17,71.1,71.5,70334.1,2026-06-24 04:00:00+00:00
1782288000000,71.51,78.45,71.37,75.86,449448.7,2026-06-24 08:00:00+00:00
1782302400000,75.86,77.58,73.57,75.69,641009.0,2026-06-24 12:00:00+00:00
1782316800000,75.7,77.26,72.03,75.37,694230.7,2026-06-24 16:00:00+00:00
1782331200000,75.37,80.6,74.94,80.31,500673.1,2026-06-24 20:00:00+00:00
1782345600000,80.31,83.68,78.6,82.93,538212.2,2026-06-25 00:00:00+00:00
1782360000000,82.93,85.12,80.86,81.94,758657.5,2026-06-25 04:00:00+00:00
1782374400000,81.93,83.13,80.95,82.15,434490.6,2026-06-25 08:00:00+00:00
1782388800000,82.16,84.69,77.4,82.12,953900.0,2026-06-25 12:00:00+00:00
1782403200000,82.12,88.66,78.87,80.86,1230952.9,2026-06-25 16:00:00+00:00
1782417600000,80.86,83.1,80.52,82.39,267835.7,2026-06-25 20:00:00+00:00
1782432000000,82.4,83.95,80.63,83.42,453980.4,2026-06-26 00:00:00+00:00
1782446400000,83.41,87.99,82.39,86.27,471992.4,2026-06-26 04:00:00+00:00
1782460800000,86.28,86.75,83.45,86.21,442946.3,2026-06-26 08:00:00+00:00
1782475200000,86.2,93.33,85.52,92.93,916149.8,2026-06-26 12:00:00+00:00
1782489600000,92.94,98.18,92.18,95.01,1033996.3,2026-06-26 16:00:00+00:00
1782504000000,95.03,96.48,92.23,95.12,555893.8,2026-06-26 20:00:00+00:00
1782518400000,95.13,97.61,92.42,92.61,497930.4,2026-06-27 00:00:00+00:00
1782532800000,92.6,96.4,92.4,96.19,346729.3,2026-06-27 04:00:00+00:00
1782547200000,96.19,97.44,94.5,97.0,278589.6,2026-06-27 08:00:00+00:00
1782561600000,97.0,99.29,95.54,96.14,530991.2,2026-06-27 12:00:00+00:00
1782576000000,96.13,96.27,93.32,93.76,323870.0,2026-06-27 16:00:00+00:00
1782590400000,93.77,95.74,92.69,93.97,249245.7,2026-06-27 20:00:00+00:00
1782604800000,93.96,95.29,93.08,94.72,226396.8,2026-06-28 00:00:00+00:00
1782619200000,94.72,95.27,90.21,90.9,345291.6,2026-06-28 04:00:00+00:00
1782633600000,90.89,91.92,88.33,89.24,381040.5,2026-06-28 08:00:00+00:00
1782648000000,89.23,90.29,88.09,89.07,266600.6,2026-06-28 12:00:00+00:00
1782662400000,89.07,90.95,88.18,90.1,234763.0,2026-06-28 16:00:00+00:00
1782676800000,90.09,92.35,89.72,91.65,244655.3,2026-06-28 20:00:00+00:00
1782691200000,91.65,94.68,90.21,94.06,296236.7,2026-06-29 00:00:00+00:00
1782705600000,94.06,94.42,91.27,91.55,327606.3,2026-06-29 04:00:00+00:00
1782720000000,91.56,92.98,90.64,92.36,223158.9,2026-06-29 08:00:00+00:00
1782734400000,92.37,94.09,88.89,90.62,388973.2,2026-06-29 12:00:00+00:00
1782748800000,90.62,93.43,90.53,93.19,281257.3,2026-06-29 16:00:00+00:00
1782763200000,93.2,93.27,90.93,91.44,99348.8,2026-06-29 20:00:00+00:00
1782777600000,91.44,91.62,89.58,89.77,152411.0,2026-06-30 00:00:00+00:00
1782792000000,89.78,91.74,89.7,90.16,148753.5,2026-06-30 04:00:00+00:00
1782806400000,90.16,90.31,88.21,88.37,198012.8,2026-06-30 08:00:00+00:00
1782820800000,88.38,88.61,84.77,85.33,414544.7,2026-06-30 12:00:00+00:00
1782835200000,85.32,86.42,84.79,85.18,137730.7,2026-06-30 16:00:00+00:00
1782849600000,85.17,85.93,84.58,85.09,91547.6,2026-06-30 20:00:00+00:00
1782864000000,85.09,87.82,84.24,87.17,243283.1,2026-07-01 00:00:00+00:00
1782878400000,87.15,87.75,85.27,85.49,151475.7,2026-07-01 04:00:00+00:00
1782892800000,85.48,87.69,85.28,86.23,167136.2,2026-07-01 08:00:00+00:00
1782907200000,86.23,87.83,85.35,86.91,242497.3,2026-07-01 12:00:00+00:00
1782921600000,86.91,87.03,84.91,85.42,155652.4,2026-07-01 16:00:00+00:00
1782936000000,85.41,86.59,82.87,83.16,225261.3,2026-07-01 20:00:00+00:00
1782950400000,83.16,85.92,82.7,85.58,155484.3,2026-07-02 00:00:00+00:00
1782964800000,85.57,85.6,84.34,84.62,111170.6,2026-07-02 04:00:00+00:00
1782979200000,84.63,87.96,84.28,87.39,207779.3,2026-07-02 08:00:00+00:00
1782993600000,87.39,88.49,85.75,86.07,323606.4,2026-07-02 12:00:00+00:00
1783008000000,86.07,87.89,85.87,86.89,130286.8,2026-07-02 16:00:00+00:00
1783022400000,86.89,87.55,85.82,86.17,90516.3,2026-07-02 20:00:00+00:00
1783036800000,86.17,86.65,85.62,86.13,97928.9,2026-07-03 00:00:00+00:00
1783051200000,86.14,86.73,85.07,85.99,109776.8,2026-07-03 04:00:00+00:00
1783065600000,85.99,87.36,85.75,86.79,176797.6,2026-07-03 08:00:00+00:00
1783080000000,86.79,91.05,86.55,88.65,428986.7,2026-07-03 12:00:00+00:00
1783094400000,88.65,89.3,86.81,86.95,203307.8,2026-07-03 16:00:00+00:00
1783108800000,86.96,88.22,86.84,87.55,135210.2,2026-07-03 20:00:00+00:00
1783123200000,87.55,89.16,87.49,88.88,167479.9,2026-07-04 00:00:00+00:00
1783137600000,88.88,89.12,86.85,87.61,148895.7,2026-07-04 04:00:00+00:00
1783152000000,87.61,88.48,86.91,87.93,102456.3,2026-07-04 08:00:00+00:00
1783166400000,87.93,89.85,87.5,89.56,163635.5,2026-07-04 12:00:00+00:00
1783180800000,89.56,90.24,88.64,89.26,122453.6,2026-07-04 16:00:00+00:00
1783195200000,89.26,89.87,87.91,88.59,70252.8,2026-07-04 20:00:00+00:00
1783209600000,88.59,88.88,87.01,87.48,111529.1,2026-07-05 00:00:00+00:00
1783224000000,87.47,88.0,86.95,87.85,91795.1,2026-07-05 04:00:00+00:00
1783238400000,87.85,88.73,87.17,88.06,98282.4,2026-07-05 08:00:00+00:00
1783252800000,88.07,89.75,87.56,89.4,145450.9,2026-07-05 12:00:00+00:00
1783267200000,89.4,90.17,88.32,88.46,86923.9,2026-07-05 16:00:00+00:00
1783281600000,88.46,89.84,88.04,89.04,78039.0,2026-07-05 20:00:00+00:00
1783296000000,89.05,89.5,87.9,88.42,115228.1,2026-07-06 00:00:00+00:00
1783310400000,88.41,90.88,88.0,90.74,184298.7,2026-07-06 04:00:00+00:00
1783324800000,90.75,93.25,89.17,91.56,302870.0,2026-07-06 08:00:00+00:00
1783339200000,91.56,96.65,89.7,96.4,651184.9,2026-07-06 12:00:00+00:00
1783353600000,96.4,97.4,95.01,96.29,233236.6,2026-07-06 16:00:00+00:00
1783368000000,96.29,96.78,93.4,94.21,181059.8,2026-07-06 20:00:00+00:00
1783382400000,94.21,94.36,91.22,91.76,201273.0,2026-07-07 00:00:00+00:00
1783396800000,91.76,94.27,90.97,93.41,216345.0,2026-07-07 04:00:00+00:00
1783411200000,93.41,94.58,92.03,93.29,191364.8,2026-07-07 08:00:00+00:00
1783425600000,93.28,93.94,89.86,92.33,321520.3,2026-07-07 12:00:00+00:00
1783440000000,92.34,92.98,89.29,91.14,210998.1,2026-07-07 16:00:00+00:00
1783454400000,91.15,91.56,89.7,89.89,108559.9,2026-07-07 20:00:00+00:00
1783468800000,89.9,90.28,87.53,87.96,202736.7,2026-07-08 00:00:00+00:00
1783483200000,87.96,89.37,87.78,88.96,117011.5,2026-07-08 04:00:00+00:00
1783497600000,88.97,89.23,86.32,87.9,203327.2,2026-07-08 08:00:00+00:00
1783512000000,87.91,88.27,85.81,87.03,195594.6,2026-07-08 12:00:00+00:00
1783526400000,87.03,88.71,87.02,87.95,118176.9,2026-07-08 16:00:00+00:00
1783540800000,87.96,88.62,87.43,88.27,60634.7,2026-07-08 20:00:00+00:00
1783555200000,88.26,88.85,86.76,87.11,136601.4,2026-07-09 00:00:00+00:00
1783569600000,87.1,88.89,87.07,88.49,88097.1,2026-07-09 04:00:00+00:00
1783584000000,88.48,89.94,88.05,89.07,140583.4,2026-07-09 08:00:00+00:00
1783598400000,89.09,93.1,88.84,92.3,263992.9,2026-07-09 12:00:00+00:00
1783612800000,92.3,92.41,90.76,90.91,139312.8,2026-07-09 16:00:00+00:00
1783627200000,90.91,91.63,90.48,91.28,72633.5,2026-07-09 20:00:00+00:00
1783641600000,91.28,93.73,90.74,93.61,148942.6,2026-07-10 00:00:00+00:00
1783656000000,93.62,94.96,92.33,94.19,185348.8,2026-07-10 04:00:00+00:00
1783670400000,94.19,98.28,93.97,96.33,289109.5,2026-07-10 08:00:00+00:00
1783684800000,96.33,96.73,94.02,95.56,232218.7,2026-07-10 12:00:00+00:00
1783699200000,95.56,96.97,94.57,96.11,118217.9,2026-07-10 16:00:00+00:00
1783713600000,96.1,97.48,95.47,95.71,113106.2,2026-07-10 20:00:00+00:00
1783728000000,95.71,95.72,94.41,94.7,98915.5,2026-07-11 00:00:00+00:00
1783742400000,94.7,96.26,94.51,96.03,90403.3,2026-07-11 04:00:00+00:00
1783756800000,96.02,97.4,95.63,97.33,106353.5,2026-07-11 08:00:00+00:00
1783771200000,97.32,100.62,97.05,99.96,393412.1,2026-07-11 12:00:00+00:00
1783785600000,99.96,101.97,99.08,101.7,251978.5,2026-07-11 16:00:00+00:00
1783800000000,101.71,102.14,98.01,98.05,204208.7,2026-07-11 20:00:00+00:00
1783814400000,98.04,99.43,97.33,98.34,174388.7,2026-07-12 00:00:00+00:00
1783828800000,98.35,98.92,96.56,97.34,134674.0,2026-07-12 04:00:00+00:00
1783843200000,97.33,98.52,97.25,97.65,110504.5,2026-07-12 08:00:00+00:00
1783857600000,97.64,100.95,97.34,98.65,215677.8,2026-07-12 12:00:00+00:00
1783872000000,98.64,99.19,97.7,98.46,93108.8,2026-07-12 16:00:00+00:00
1783886400000,98.46,99.3,96.85,96.86,111092.3,2026-07-12 20:00:00+00:00
1783900800000,96.87,97.93,94.52,95.07,210634.3,2026-07-13 00:00:00+00:00
1783915200000,95.06,95.27,93.36,95.2,165465.4,2026-07-13 04:00:00+00:00
1783929600000,95.2,96.63,95.03,95.61,138466.8,2026-07-13 08:00:00+00:00
1783944000000,95.61,96.04,94.25,94.91,175389.7,2026-07-13 12:00:00+00:00
1783958400000,94.91,95.41,93.44,94.81,155764.3,2026-07-13 16:00:00+00:00
1783972800000,94.8,94.84,93.21,94.47,71695.3,2026-07-13 20:00:00+00:00
1783987200000,94.47,96.34,94.24,96.0,111501.3,2026-07-14 00:00:00+00:00
1784001600000,96.01,96.78,95.08,95.21,108911.5,2026-07-14 04:00:00+00:00
1784016000000,95.21,96.67,95.1,96.56,87666.9,2026-07-14 08:00:00+00:00
1784030400000,96.56,101.03,96.03,99.78,323860.8,2026-07-14 12:00:00+00:00
1784044800000,99.78,100.62,98.32,98.97,153508.8,2026-07-14 16:00:00+00:00
1784059200000,98.96,99.61,98.24,98.89,83986.5,2026-07-14 20:00:00+00:00
1784073600000,98.9,99.85,97.78,98.6,88816.1,2026-07-15 00:00:00+00:00
1784088000000,98.61,99.23,96.83,97.03,125135.7,2026-07-15 04:00:00+00:00
1784102400000,97.02,98.8,96.98,98.3,98689.4,2026-07-15 08:00:00+00:00
1784116800000,98.29,100.1,96.39,97.07,273118.1,2026-07-15 12:00:00+00:00
1784131200000,97.08,97.17,95.52,96.8,142840.2,2026-07-15 16:00:00+00:00
1784145600000,96.8,96.99,95.62,95.72,63065.0,2026-07-15 20:00:00+00:00
1784160000000,95.72,96.7,95.25,96.24,82873.6,2026-07-16 00:00:00+00:00
1784174400000,96.24,96.56,94.25,94.52,137978.7,2026-07-16 04:00:00+00:00
1784188800000,94.51,94.96,93.61,94.03,135810.0,2026-07-16 08:00:00+00:00
1784203200000,94.03,94.63,92.22,92.44,200065.7,2026-07-16 12:00:00+00:00
1784217600000,92.45,92.72,91.66,92.37,152573.6,2026-07-16 16:00:00+00:00
1784232000000,92.38,92.41,90.81,91.14,98195.2,2026-07-16 20:00:00+00:00
1784246400000,91.14,91.78,90.08,90.67,136268.9,2026-07-17 00:00:00+00:00
1784260800000,90.67,91.34,90.15,90.43,103392.7,2026-07-17 04:00:00+00:00
1784275200000,90.43,91.09,89.73,90.73,97464.7,2026-07-17 08:00:00+00:00
1784289600000,90.74,91.8,89.83,91.43,174793.8,2026-07-17 12:00:00+00:00
1784304000000,91.43,91.71,90.04,90.48,116587.9,2026-07-17 16:00:00+00:00
1784318400000,90.48,90.95,89.24,89.95,91858.3,2026-07-17 20:00:00+00:00
1784332800000,89.95,90.23,89.12,89.48,73889.7,2026-07-18 00:00:00+00:00
1784347200000,89.48,89.48,87.55,87.94,157953.9,2026-07-18 04:00:00+00:00
1784361600000,87.94,88.47,87.39,87.8,111107.1,2026-07-18 08:00:00+00:00
1784376000000,87.79,88.99,87.56,88.79,125013.5,2026-07-18 12:00:00+00:00
1784390400000,88.79,89.92,88.65,89.51,89669.7,2026-07-18 16:00:00+00:00
1784404800000,89.5,90.18,89.5,89.92,52880.7,2026-07-18 20:00:00+00:00
1784419200000,89.91,90.42,89.61,90.05,75976.2,2026-07-19 00:00:00+00:00
1784433600000,90.04,90.96,89.83,90.73,62864.8,2026-07-19 04:00:00+00:00
1784448000000,90.73,90.95,89.22,89.26,71501.7,2026-07-19 08:00:00+00:00
1784462400000,89.27,89.78,88.98,89.61,75636.6,2026-07-19 12:00:00+00:00
1784476800000,89.6,89.7,88.55,89.07,76625.4,2026-07-19 16:00:00+00:00
1784491200000,89.08,89.54,88.67,89.52,41142.9,2026-07-19 20:00:00+00:00
1784505600000,89.51,90.34,88.59,89.76,87909.8,2026-07-20 00:00:00+00:00
1784520000000,89.76,90.58,88.86,90.18,91138.6,2026-07-20 04:00:00+00:00
1784534400000,90.18,91.3,89.64,90.94,102118.2,2026-07-20 08:00:00+00:00
1784548800000,90.93,90.98,88.15,89.59,214645.5,2026-07-20 12:00:00+00:00
1784563200000,89.59,90.05,88.95,89.57,128773.8,2026-07-20 16:00:00+00:00
1784577600000,89.57,90.0,89.19,89.81,54281.1,2026-07-20 20:00:00+00:00
1784592000000,89.8,92.72,89.61,92.52,126463.4,2026-07-21 00:00:00+00:00
1784606400000,92.51,94.95,92.07,94.87,203445.8,2026-07-21 04:00:00+00:00
1784620800000,94.87,95.56,94.13,94.77,170697.6,2026-07-21 08:00:00+00:00
1784635200000,94.77,96.24,93.78,96.09,198327.6,2026-07-21 12:00:00+00:00
1784649600000,96.09,96.58,94.88,95.26,151630.3,2026-07-21 16:00:00+00:00
1784664000000,95.26,95.81,94.63,95.62,71309.3,2026-07-21 20:00:00+00:00
1784678400000,95.62,97.52,95.48,96.02,161639.0,2026-07-22 00:00:00+00:00
1784692800000,96.02,98.35,94.71,95.54,244685.3,2026-07-22 04:00:00+00:00
1784707200000,95.55,96.58,95.11,95.99,154324.8,2026-07-22 08:00:00+00:00
1784721600000,95.98,98.68,95.49,97.47,299448.0,2026-07-22 12:00:00+00:00
1784736000000,97.48,98.57,97.05,97.75,178541.3,2026-07-22 16:00:00+00:00
1784750400000,97.75,98.94,96.76,97.36,115204.2,2026-07-22 20:00:00+00:00
1784764800000,97.37,98.66,96.58,96.88,112809.1,2026-07-23 00:00:00+00:00
1784779200000,96.88,97.67,96.21,97.1,89301.9,2026-07-23 04:00:00+00:00
1784793600000,97.1,98.19,96.52,96.58,90315.8,2026-07-23 08:00:00+00:00
1784808000000,96.58,96.95,95.28,95.82,149141.6,2026-07-23 12:00:00+00:00
1784822400000,95.83,96.34,95.02,95.37,92092.5,2026-07-23 16:00:00+00:00
1784836800000,95.36,96.37,94.87,94.91,49505.6,2026-07-23 20:00:00+00:00
1784851200000,94.91,95.67,94.42,95.4,69490.9,2026-07-24 00:00:00+00:00
1784865600000,95.41,96.77,95.05,96.27,71933.0,2026-07-24 04:00:00+00:00
1784880000000,96.27,96.36,95.27,95.68,72360.3,2026-07-24 08:00:00+00:00
1784894400000,95.68,95.79,93.36,94.71,156572.0,2026-07-24 12:00:00+00:00
1784908800000,94.71,95.06,93.65,93.76,60869.9,2026-07-24 16:00:00+00:00
1784923200000,93.75,93.94,92.55,93.08,60765.6,2026-07-24 20:00:00+00:00
1784937600000,93.09,93.11,90.77,91.52,104140.7,2026-07-25 00:00:00+00:00
1784952000000,91.51,92.09,90.71,90.92,62251.0,2026-07-25 04:00:00+00:00
1784966400000,90.93,91.38,90.69,90.83,54981.4,2026-07-25 08:00:00+00:00
1784980800000,90.83,92.07,90.66,91.75,70602.9,2026-07-25 12:00:00+00:00
1784995200000,91.75,92.6,91.46,91.73,55008.4,2026-07-25 16:00:00+00:00
1785009600000,91.72,92.39,91.2,91.97,48441.2,2026-07-25 20:00:00+00:00
1785024000000,91.96,92.77,91.92,92.35,53115.9,2026-07-26 00:00:00+00:00
1785038400000,92.36,93.86,91.8,93.15,121405.8,2026-07-26 04:00:00+00:00
1785052800000,93.15,96.27,92.9,95.8,158590.1,2026-07-26 08:00:00+00:00
1785067200000,95.8,97.9,95.13,97.73,205817.5,2026-07-26 12:00:00+00:00
1785081600000,97.73,98.12,96.05,96.35,100843.2,2026-07-26 16:00:00+00:00
1785096000000,96.36,101.8,96.01,101.42,241971.6,2026-07-26 20:00:00+00:00
1785110400000,101.43,101.84,99.63,99.85,147089.0,2026-07-27 00:00:00+00:00
1785124800000,99.85,102.55,99.24,101.84,197909.8,2026-07-27 04:00:00+00:00
1785139200000,101.85,102.15,100.5,100.65,148827.0,2026-07-27 08:00:00+00:00
1785153600000,100.65,101.33,98.34,98.91,274944.3,2026-07-27 12:00:00+00:00
1785168000000,98.92,100.0,98.59,99.55,108193.5,2026-07-27 16:00:00+00:00
1785182400000,99.55,99.96,96.74,97.94,154865.8,2026-07-27 20:00:00+00:00
1785196800000,97.94,98.7,96.71,98.0,130480.9,2026-07-28 00:00:00+00:00
1785211200000,98.0,98.28,96.94,97.18,87968.7,2026-07-28 04:00:00+00:00
1785225600000,97.17,97.74,96.36,96.68,107551.1,2026-07-28 08:00:00+00:00
1785240000000,96.67,100.53,96.39,100.25,242691.0,2026-07-28 12:00:00+00:00
1785254400000,100.24,101.91,99.8,101.65,192486.4,2026-07-28 16:00:00+00:00
1785268800000,101.65,101.71,99.52,100.81,92394.0,2026-07-28 20:00:00+00:00
1785283200000,100.8,102.08,97.98,98.31,176802.7,2026-07-29 00:00:00+00:00
1785297600000,98.31,98.66,97.44,98.13,129570.0,2026-07-29 04:00:00+00:00
1785312000000,98.12,99.47,96.8,98.13,177792.3,2026-07-29 08:00:00+00:00
1785326400000,98.14,99.18,97.5,98.61,229649.5,2026-07-29 12:00:00+00:00
1785340800000,98.62,100.67,96.94,97.01,215141.2,2026-07-29 16:00:00+00:00
1785355200000,97.01,97.21,94.34,96.01,245443.8,2026-07-29 20:00:00+00:00
1785369600000,96.02,96.97,94.05,96.21,159443.9,2026-07-30 00:00:00+00:00
1785384000000,96.22,97.34,95.28,96.61,100650.5,2026-07-30 04:00:00+00:00
1785398400000,96.61,98.6,96.43,98.44,161145.0,2026-07-30 08:00:00+00:00
1785412800000,98.44,99.79,98.17,99.11,158399.6,2026-07-30 12:00:00+00:00
1785427200000,99.12,100.46,98.97,99.52,134844.7,2026-07-30 16:00:00+00:00
1785441600000,99.52,100.09,98.61,99.45,75520.7,2026-07-30 20:00:00+00:00
1785456000000,99.44,101.55,98.84,99.77,188378.3,2026-07-31 00:00:00+00:00
1785470400000,99.76,100.49,97.64,98.4,135227.7,2026-07-31 04:00:00+00:00
1785484800000,98.4,99.08,97.16,97.27,149153.6,2026-07-31 08:00:00+00:00
1785499200000,97.28,98.02,96.0,96.3,191855.3,2026-07-31 12:00:00+00:00
1785513600000,96.31,97.43,96.07,96.16,101337.4,2026-07-31 16:00:00+00:00
1785528000000,96.16,96.34,92.77,93.65,229227.1,2026-07-31 20:00:00+00:00
1785542400000,93.66,94.04,91.45,92.58,232888.3,2026-08-01 00:00:00+00:00
1785556800000,92.58,92.85,90.72,91.33,200813.9,2026-08-01 04:00:00+00:00
1785571200000,91.33,91.77,90.18,91.44,121701.6,2026-08-01 08:00:00+00:00
1785585600000,91.44,92.26,90.92,92.05,121746.7,2026-08-01 12:00:00+00:00
1785600000000,92.05,92.14,89.31,90.17,232196.8,2026-08-01 16:00:00+00:00
1785614400000,90.16,90.73,88.91,90.59,147722.3,2026-08-01 20:00:00+00:00
1785628800000,90.58,92.66,90.42,92.12,119383.0,2026-08-02 00:00:00+00:00
1785643200000,92.12,92.77,91.69,92.12,102023.0,2026-08-02 04:00:00+00:00
1785657600000,92.13,92.78,91.3,91.98,103671.2,2026-08-02 08:00:00+00:00
1785672000000,91.99,92.33,90.77,92.18,124565.2,2026-08-02 12:00:00+00:00
1785686400000,92.18,93.25,91.79,92.93,67686.6,2026-08-02 16:00:00+00:00
1785700800000,92.93,93.46,91.91,92.09,91493.0,2026-08-02 20:00:00+00:00
1785715200000,92.09,92.18,90.77,91.6,123706.5,2026-08-03 00:00:00+00:00
1785729600000,91.6,92.31,91.27,91.31,84031.7,2026-08-03 04:00:00+00:00
1785744000000,91.3,92.66,90.99,92.2,100358.3,2026-08-03 08:00:00+00:00
1785758400000,92.21,94.0,91.77,93.39,181404.3,2026-08-03 12:00:00+00:00
1785772800000,93.39,93.74,92.38,92.86,95012.6,2026-08-03 16:00:00+00:00
1785787200000,92.87,93.37,91.7,92.35,83802.6,2026-08-03 20:00:00+00:00
1785801600000,92.34,93.15,91.72,92.4,101716.6,2026-08-04 00:00:00+00:00
1785816000000,92.39,93.14,92.02,92.73,65393.4,2026-08-04 04:00:00+00:00
1785830400000,92.73,93.1,91.46,92.27,124481.0,2026-08-04 08:00:00+00:00
1785844800000,92.26,92.26,89.61,90.24,209697.5,2026-08-04 12:00:00+00:00
1785859200000,90.24,90.9,89.41,90.51,135527.7,2026-08-04 16:00:00+00:00
1785873600000,90.5,90.82,89.9,90.43,76269.4,2026-08-04 20:00:00+00:00
1785888000000,90.42,91.39,89.55,90.83,137001.9,2026-08-05 00:00:00+00:00
1785902400000,90.82,92.14,90.82,91.79,85307.2,2026-08-05 04:00:00+00:00
1785916800000,91.8,92.0,90.78,91.1,96494.8,2026-08-05 08:00:00+00:00
1785931200000,91.11,92.18,89.95,90.01,177095.7,2026-08-05 12:00:00+00:00
1785945600000,90.01,91.15,89.7,89.8,111947.1,2026-08-05 16:00:00+00:00
1785960000000,89.8,90.35,89.53,89.77,71490.7,2026-08-05 20:00:00+00:00
1785974400000,89.76,90.46,88.03,88.6,208742.7,2026-08-06 00:00:00+00:00
1785988800000,88.6,89.71,88.24,88.36,109289.1,2026-08-06 04:00:00+00:00
1786003200000,88.36,88.84,87.26,88.41,147745.8,2026-08-06 08:00:00+00:00
1786017600000,88.41,89.47,87.75,88.43,127169.0,2026-08-06 12:00:00+00:00
1786032000000,88.42,89.36,88.34,89.05,88349.7,2026-08-06 16:00:00+00:00
1786046400000,89.05,89.76,88.73,89.7,69086.4,2026-08-06 20:00:00+00:00
1786060800000,89.7,91.24,89.3,90.33,137981.2,2026-08-07 00:00:00+00:00
1786075200000,90.33,90.57,89.33,90.27,91895.0,2026-08-07 04:00:00+00:00
1786089600000,90.27,91.2,89.61,89.67,136190.9,2026-08-07 08:00:00+00:00
1786104000000,89.67,90.75,88.84,89.55,134448.9,2026-08-07 12:00:00+00:00
1786118400000,89.56,90.45,89.01,90.45,83332.5,2026-08-07 16:00:00+00:00
1786132800000,90.45,90.68,89.51,89.86,50438.3,2026-08-07 20:00:00+00:00
1786147200000,89.85,89.96,89.15,89.9,44659.1,2026-08-08 00:00:00+00:00
1786161600000,89.9,90.69,89.71,90.33,59154.5,2026-08-08 04:00:00+00:00
1786176000000,90.33,90.54,89.97,90.34,53858.6,2026-08-08 08:00:00+00:00
1786190400000,90.33,91.73,90.24,91.22,92913.6,2026-08-08 12:00:00+00:00
1786204800000,91.21,91.63,91.04,91.43,37133.1,2026-08-08 16:00:00+00:00
1786219200000,91.43,92.13,91.09,91.2,65496.1,2026-08-08 20:00:00+00:00
1786233600000,91.2,91.37,90.38,90.64,42728.5,2026-08-09 00:00:00+00:00
1786248000000,90.63,91.81,90.52,91.71,53797.7,2026-08-09 04:00:00+00:00
1786262400000,91.71,91.88,90.8,91.08,49489.5,2026-08-09 08:00:00+00:00
1786276800000,91.09,91.83,90.93,91.8,46443.2,2026-08-09 12:00:00+00:00
1786291200000,91.8,91.9,90.93,91.27,43069.9,2026-08-09 16:00:00+00:00
1786305600000,91.28,92.31,90.05,90.58,74134.6,2026-08-09 20:00:00+00:00
1786320000000,90.57,92.17,90.37,91.37,80812.8,2026-08-10 00:00:00+00:00
1786334400000,91.37,92.84,91.29,92.14,61715.6,2026-08-10 04:00:00+00:00
1786348800000,92.14,92.37,91.04,91.48,56098.4,2026-08-10 08:00:00+00:00
1786363200000,91.49,91.69,89.5,90.02,121996.0,2026-08-10 12:00:00+00:00
1786377600000,90.02,90.09,88.88,89.71,82431.2,2026-08-10 16:00:00+00:00
1786392000000,89.72,89.92,88.89,89.27,37395.9,2026-08-10 20:00:00+00:00
1786406400000,89.27,89.55,88.75,89.05,50158.8,2026-08-11 00:00:00+00:00
1786420800000,89.05,89.19,88.16,88.67,70631.8,2026-08-11 04:00:00+00:00
1786435200000,88.68,89.33,88.48,89.0,46325.6,2026-08-11 08:00:00+00:00
1786449600000,89.0,89.19,86.11,86.39,180873.6,2026-08-11 12:00:00+00:00
1786464000000,86.39,88.38,86.09,88.3,80188.6,2026-08-11 16:00:00+00:00
1786478400000,88.3,88.59,87.99,88.21,38119.8,2026-08-11 20:00:00+00:00
1786492800000,88.23,90.02,88.14,89.98,98495.8,2026-08-12 00:00:00+00:00
1786507200000,89.98,90.35,88.82,89.15,91622.7,2026-08-12 04:00:00+00:00
1786521600000,89.15,89.91,88.84,89.88,49332.2,2026-08-12 08:00:00+00:00
1786536000000,89.88,90.33,88.33,89.4,141246.7,2026-08-12 12:00:00+00:00
1786550400000,89.39,89.6,88.32,88.47,53121.8,2026-08-12 16:00:00+00:00
1786564800000,88.46,88.87,87.52,87.94,73923.3,2026-08-12 20:00:00+00:00
1786579200000,87.94,88.49,87.54,88.2,57273.4,2026-08-13 00:00:00+00:00
1786593600000,88.19,89.6,88.14,89.19,64296.3,2026-08-13 04:00:00+00:00
1786608000000,89.19,89.23,88.14,88.21,62439.9,2026-08-13 08:00:00+00:00
1786622400000,88.2,88.93,86.89,87.05,157731.5,2026-08-13 12:00:00+00:00
1786636800000,87.05,87.89,86.82,87.61,89776.2,2026-08-13 16:00:00+00:00
1786651200000,87.61,88.7,87.35,87.87,86504.5,2026-08-13 20:00:00+00:00
1786665600000,87.87,88.52,87.32,87.33,43785.4,2026-08-14 00:00:00+00:00
1786680000000,87.33,87.99,87.01,87.26,40743.9,2026-08-14 04:00:00+00:00
1786694400000,87.26,87.49,86.06,86.12,113179.0,2026-08-14 08:00:00+00:00
1786708800000,86.12,86.35,85.04,86.16,127456.1,2026-08-14 12:00:00+00:00
1786723200000,86.17,86.84,85.61,86.26,67016.4,2026-08-14 16:00:00+00:00
1786737600000,86.26,86.47,85.22,86.43,47672.2,2026-08-14 20:00:00+00:00
1786752000000,86.43,86.9,86.22,86.82,50909.6,2026-08-15 00:00:00+00:00
1786766400000,86.83,87.2,86.51,86.58,47119.9,2026-08-15 04:00:00+00:00
1786780800000,86.58,87.24,86.45,86.8,42416.3,2026-08-15 08:00:00+00:00
1786795200000,86.8,87.16,86.07,87.03,60462.8,2026-08-15 12:00:00+00:00
1786809600000,87.02,87.2,86.46,86.64,37585.6,2026-08-15 16:00:00+00:00
1786824000000,86.63,86.68,86.06,86.13,30228.3,2026-08-15 20:00:00+00:00
1786838400000,86.13,86.48,85.92,86.3,39940.8,2026-08-16 00:00:00+00:00
1786852800000,86.3,86.42,85.69,86.06,33977.7,2026-08-16 04:00:00+00:00
1786867200000,86.07,86.22,85.61,86.2,34474.2,2026-08-16 08:00:00+00:00
1786881600000,86.21,86.96,85.55,86.82,80062.9,2026-08-16 12:00:00+00:00
1786896000000,86.82,87.27,86.41,86.8,57019.1,2026-08-16 16:00:00+00:00
1786910400000,86.81,86.84,85.25,85.98,62671.0,2026-08-16 20:00:00+00:00
1786924800000,85.98,87.03,85.6,86.68,70018.9,2026-08-17 00:00:00+00:00
1786939200000,86.68,86.89,86.13,86.2,47778.6,2026-08-17 04:00:00+00:00
1786953600000,86.2,86.8,85.66,86.62,63292.7,2026-08-17 08:00:00+00:00
1786968000000,86.61,88.36,86.28,88.12,144427.8,2026-08-17 12:00:00+00:00
1786982400000,88.13,88.51,87.56,87.84,72643.9,2026-08-17 16:00:00+00:00
1786996800000,87.84,89.52,87.59,89.21,101750.6,2026-08-17 20:00:00+00:00
1787011200000,89.21,89.4,87.57,88.12,87747.9,2026-08-18 00:00:00+00:00
1787025600000,88.12,89.14,87.95,88.51,50168.3,2026-08-18 04:00:00+00:00
1787040000000,88.51,89.43,87.99,89.03,67957.5,2026-08-18 08:00:00+00:00
1787054400000,89.03,89.97,88.84,89.46,115660.3,2026-08-18 12:00:00+00:00
1787068800000,89.47,89.74,89.08,89.36,60417.5,2026-08-18 16:00:00+00:00
1787083200000,89.36,89.42,86.7,87.48,105497.7,2026-08-18 20:00:00+00:00
1787097600000,87.48,87.73,86.94,87.7,63000.9,2026-08-19 00:00:00+00:00
1787112000000,87.7,88.38,87.22,88.06,47305.2,2026-08-19 04:00:00+00:00
1787126400000,88.06,89.12,87.62,89.07,85957.8,2026-08-19 08:00:00+00:00
1787140800000,89.07,94.45,88.91,92.87,398527.1,2026-08-19 12:00:00+00:00
1787155200000,92.86,93.45,91.85,92.9,142817.3,2026-08-19 16:00:00+00:00
1787169600000,92.91,97.64,92.89,95.29,285774.4,2026-08-19 20:00:00+00:00
1787184000000,95.3,97.19,94.9,95.33,118532.5,2026-08-20 00:00:00+00:00
1787198400000,95.33,97.16,95.3,97.13,79584.3,2026-08-20 04:00:00+00:00
1787212800000,97.14,98.78,96.99,97.99,179909.3,2026-08-20 08:00:00+00:00
1787227200000,97.99,98.07,95.91,97.08,157312.5,2026-08-20 12:00:00+00:00
1787241600000,97.08,97.86,96.07,96.81,137478.8,2026-08-20 16:00:00+00:00
1787256000000,96.82,99.4,96.73,99.2,91074.3,2026-08-20 20:00:00+00:00
1787270400000,99.19,101.61,98.48,100.94,219843.5,2026-08-21 00:00:00+00:00
1787284800000,100.95,105.92,100.11,105.82,257854.4,2026-08-21 04:00:00+00:00
1787299200000,105.82,113.61,105.07,109.43,809753.6,2026-08-21 08:00:00+00:00
1787313600000,109.42,113.29,108.16,110.52,310672.8,2026-08-21 12:00:00+00:00
1787328000000,110.52,112.65,108.65,110.05,191130.9,2026-08-21 16:00:00+00:00
1787342400000,110.05,123.19,109.87,122.78,529692.2,2026-08-21 20:00:00+00:00
1787356800000,122.79,129.18,121.57,126.33,440669.2,2026-08-22 00:00:00+00:00
1787371200000,126.33,128.23,110.93,122.91,629614.4,2026-08-22 04:00:00+00:00
1787385600000,122.92,125.26,118.58,124.34,375105.6,2026-08-22 08:00:00+00:00
1787400000000,124.34,127.2,121.03,122.0,344253.5,2026-08-22 12:00:00+00:00
1787414400000,122.0,127.75,121.32,125.99,261966.0,2026-08-22 16:00:00+00:00
1787428800000,126.0,128.35,124.28,126.55,237548.2,2026-08-22 20:00:00+00:00
1787443200000,126.54,128.22,122.95,124.14,227824.9,2026-08-23 00:00:00+00:00
1787457600000,124.15,124.74,120.96,121.25,241489.8,2026-08-23 04:00:00+00:00
1787472000000,121.26,129.56,121.14,127.85,315966.4,2026-08-23 08:00:00+00:00
1787486400000,127.83,142.46,127.15,139.94,1083390.0,2026-08-23 12:00:00+00:00
1787500800000,139.96,141.87,137.79,139.3,309902.4,2026-08-23 16:00:00+00:00
1787515200000,139.31,145.35,138.43,141.61,335698.1,2026-08-23 20:00:00+00:00
1787529600000,141.61,142.25,135.75,139.41,303421.3,2026-08-24 00:00:00+00:00
1787544000000,139.4,144.68,138.16,139.89,468243.6,2026-08-24 04:00:00+00:00
1787558400000,139.89,141.78,133.53,137.31,545919.9,2026-08-24 08:00:00+00:00
1787572800000,137.31,138.23,133.06,134.59,520739.1,2026-08-24 12:00:00+00:00
1787587200000,134.59,136.77,132.56,134.51,228246.4,2026-08-24 16:00:00+00:00
1787601600000,134.51,135.34,130.31,132.29,155688.4,2026-08-24 20:00:00+00:00
1787616000000,132.29,136.39,126.2,127.93,418928.0,2026-08-25 00:00:00+00:00
1787630400000,127.94,132.64,127.71,129.76,240384.5,2026-08-25 04:00:00+00:00
1787644800000,129.76,131.49,127.86,128.19,173204.3,2026-08-25 08:00:00+00:00
1787659200000,128.2,130.99,127.41,129.35,188164.1,2026-08-25 12:00:00+00:00
1787673600000,129.36,129.84,126.16,127.43,152490.7,2026-08-25 16:00:00+00:00
1787688000000,127.44,127.84,124.25,126.53,101884.2,2026-08-25 20:00:00+00:00
1787702400000,126.53,128.7,125.51,128.19,91805.2,2026-08-26 00:00:00+00:00
1787716800000,128.18,129.28,126.34,127.3,104018.9,2026-08-26 04:00:00+00:00
1787731200000,127.3,127.66,124.52,126.37,130886.5,2026-08-26 08:00:00+00:00
1787745600000,126.37,127.23,121.95,123.26,209559.0,2026-08-26 12:00:00+00:00
1787760000000,123.26,124.55,121.31,123.49,110356.5,2026-08-26 16:00:00+00:00
1787774400000,123.49,127.35,122.19,126.97,144046.1,2026-08-26 20:00:00+00:00
1787788800000,126.97,126.97,124.37,124.69,107059.8,2026-08-27 00:00:00+00:00
1787803200000,124.69,127.59,123.73,126.69,123410.5,2026-08-27 04:00:00+00:00
1787817600000,126.7,130.35,125.43,126.49,250663.8,2026-08-27 08:00:00+00:00
1787832000000,126.48,129.17,125.56,127.94,180775.2,2026-08-27 12:00:00+00:00
1787846400000,127.93,130.43,126.65,127.64,177812.5,2026-08-27 16:00:00+00:00
1787860800000,127.65,129.03,126.82,128.01,69282.1,2026-08-27 20:00:00+00:00
1787875200000,128.01,131.67,125.05,125.88,213320.6,2026-08-28 00:00:00+00:00
1787889600000,125.88,127.1,125.34,125.68,100490.1,2026-08-28 04:00:00+00:00
1787904000000,125.69,126.46,123.93,125.41,134885.4,2026-08-28 08:00:00+00:00
1787918400000,125.41,126.74,122.69,123.15,216525.4,2026-08-28 12:00:00+00:00
1787932800000,123.15,123.37,119.51,121.46,227239.5,2026-08-28 16:00:00+00:00
1787947200000,121.45,122.3,120.55,122.15,53568.5,2026-08-28 20:00:00+00:00
1787961600000,122.15,122.55,120.24,120.63,95933.9,2026-08-29 00:00:00+00:00
1787976000000,120.64,122.45,120.55,121.73,58345.7,2026-08-29 04:00:00+00:00
1787990400000,121.72,122.09,121.01,121.61,45924.6,2026-08-29 08:00:00+00:00
1788004800000,121.62,124.86,121.61,123.13,105905.8,2026-08-29 12:00:00+00:00
1788019200000,123.12,124.4,122.59,124.28,54709.5,2026-08-29 16:00:00+00:00
1788033600000,124.28,126.92,124.1,126.68,64820.4,2026-08-29 20:00:00+00:00
1788048000000,126.68,126.94,124.93,125.94,69248.9,2026-08-30 00:00:00+00:00
1788062400000,125.94,126.27,123.78,124.05,52859.6,2026-08-30 04:00:00+00:00
1788076800000,124.06,126.59,123.23,126.55,78573.7,2026-08-30 08:00:00+00:00
1788091200000,126.54,127.58,125.42,125.87,114869.5,2026-08-30 12:00:00+00:00
1788105600000,125.87,130.43,125.82,127.61,179315.7,2026-08-30 16:00:00+00:00
1788120000000,127.61,128.19,120.74,122.32,189961.3,2026-08-30 20:00:00+00:00
1788134400000,122.32,124.46,121.1,122.34,102265.7,2026-08-31 00:00:00+00:00
1788148800000,122.35,123.74,121.71,123.53,68308.6,2026-08-31 04:00:00+00:00
1788163200000,123.54,124.4,122.84,123.01,63993.3,2026-08-31 08:00:00+00:00
1788177600000,123.01,125.16,122.27,123.68,121904.1,2026-08-31 12:00:00+00:00
1788192000000,123.69,124.56,122.36,124.11,102323.9,2026-08-31 16:00:00+00:00
1788206400000,124.11,124.9,123.7,124.05,53160.7,2026-08-31 20:00:00+00:00
1788220800000,124.05,126.26,123.9,125.46,95593.4,2026-09-01 00:00:00+00:00
1788235200000,125.47,127.59,125.46,126.93,90870.3,2026-09-01 04:00:00+00:00
1788249600000,126.94,128.98,124.52,128.22,142260.1,2026-09-01 08:00:00+00:00
1788264000000,128.23,128.46,124.13,127.11,168730.2,2026-09-01 12:00:00+00:00
1788278400000,127.11,127.25,124.58,125.94,175320.4,2026-09-01 16:00:00+00:00
1788292800000,125.94,127.99,124.91,127.86,101119.5,2026-09-01 20:00:00+00:00
1788307200000,127.86,130.3,125.02,129.24,164945.6,2026-09-02 00:00:00+00:00
1788321600000,129.25,135.43,129.1,131.4,319934.3,2026-09-02 04:00:00+00:00
1788336000000,131.41,131.7,125.61,126.19,230168.9,2026-09-02 08:00:00+00:00
1788350400000,126.19,128.13,125.81,127.12,131814.3,2026-09-02 12:00:00+00:00
1788364800000,127.12,128.2,125.75,126.75,92442.7,2026-09-02 16:00:00+00:00
1788379200000,126.75,127.48,126.03,127.12,48581.0,2026-09-02 20:00:00+00:00
1788393600000,127.11,127.79,125.89,127.03,94403.5,2026-09-03 00:00:00+00:00
1788408000000,127.03,128.18,126.38,127.5,110961.1,2026-09-03 04:00:00+00:00
1788422400000,127.5,130.59,127.48,129.98,181684.7,2026-09-03 08:00:00+00:00
1788436800000,129.99,134.41,129.87,134.16,248090.7,2026-09-03 12:00:00+00:00
1788451200000,134.16,135.45,131.39,134.05,171333.2,2026-09-03 16:00:00+00:00
1788465600000,134.05,135.4,131.44,132.65,146435.4,2026-09-03 20:00:00+00:00
1788480000000,132.64,134.22,132.12,133.26,101055.7,2026-09-04 00:00:00+00:00
1788494400000,133.25,135.05,132.44,133.7,96473.8,2026-09-04 04:00:00+00:00
1788508800000,133.7,136.2,132.73,133.88,145953.8,2026-09-04 08:00:00+00:00
1788523200000,133.87,135.77,128.87,131.24,311914.7,2026-09-04 12:00:00+00:00
1788537600000,131.24,132.07,129.93,130.5,60779.7,2026-09-04 16:00:00+00:00
1788552000000,130.5,130.65,129.34,130.28,44647.7,2026-09-04 20:00:00+00:00
1788566400000,130.28,131.51,129.73,130.22,67031.3,2026-09-05 00:00:00+00:00
1788580800000,130.21,130.69,128.36,129.81,77439.8,2026-09-05 04:00:00+00:00
1788595200000,129.82,131.21,129.15,129.51,72685.1,2026-09-05 08:00:00+00:00
1788609600000,129.52,132.2,129.25,131.9,101733.9,2026-09-05 12:00:00+00:00
1788624000000,131.9,135.86,131.17,134.76,177360.4,2026-09-05 16:00:00+00:00
1788638400000,134.77,135.55,133.14,134.37,87153.2,2026-09-05 20:00:00+00:00
1788652800000,134.36,140.15,134.33,135.68,240366.8,2026-09-06 00:00:00+00:00
1788667200000,135.67,137.24,133.65,134.69,134206.4,2026-09-06 04:00:00+00:00
1788681600000,134.68,135.82,133.61,135.47,74309.8,2026-09-06 08:00:00+00:00
1788696000000,135.48,136.07,131.86,133.6,120906.3,2026-09-06 12:00:00+00:00
1788710400000,133.6,134.16,132.43,132.48,64806.4,2026-09-06 16:00:00+00:00
1788724800000,132.48,136.95,132.39,136.79,100339.5,2026-09-06 20:00:00+00:00
1788739200000,136.79,136.91,132.83,133.43,126116.2,2026-09-07 00:00:00+00:00
1788753600000,133.44,136.37,131.22,132.52,158726.4,2026-09-07 04:00:00+00:00
1788768000000,132.53,135.0,132.44,133.67,89042.3,2026-09-07 08:00:00+00:00
1788782400000,133.67,135.43,130.17,130.52,171324.4,2026-09-07 12:00:00+00:00
1788796800000,130.52,132.54,130.48,132.4,62786.0,2026-09-07 16:00:00+00:00
1788811200000,132.4,132.84,130.36,132.07,59591.0,2026-09-07 20:00:00+00:00
1788825600000,132.07,132.97,130.57,130.99,73166.0,2026-09-08 00:00:00+00:00
1788840000000,130.98,132.09,130.49,131.07,70844.7,2026-09-08 04:00:00+00:00
1788854400000,131.07,132.13,129.32,129.9,99662.0,2026-09-08 08:00:00+00:00
1788868800000,129.89,130.92,126.32,130.9,193712.4,2026-09-08 12:00:00+00:00
1788883200000,130.89,130.96,128.39,128.93,79655.3,2026-09-08 16:00:00+00:00
1788897600000,128.93,129.6,128.21,128.74,53531.3,2026-09-08 20:00:00+00:00
1788912000000,128.73,129.45,127.72,128.19,67013.9,2026-09-09 00:00:00+00:00
1788926400000,128.19,130.37,128.18,129.75,85031.1,2026-09-09 04:00:00+00:00
1788940800000,129.76,131.12,128.08,129.37,112655.2,2026-09-09 08:00:00+00:00
1788955200000,129.37,130.6,127.08,128.81,143726.5,2026-09-09 12:00:00+00:00
1788969600000,128.8,129.87,125.76,126.0,112943.3,2026-09-09 16:00:00+00:00
1788984000000,126.01,126.35,124.07,125.73,137412.3,2026-09-09 20:00:00+00:00
1788998400000,125.73,125.89,123.6,125.47,109091.8,2026-09-10 00:00:00+00:00
1789012800000,125.48,125.74,123.18,124.07,68798.6,2026-09-10 04:00:00+00:00
1789027200000,124.06,124.6,122.54,122.81,92292.8,2026-09-10 08:00:00+00:00
1789041600000,122.8,123.33,120.7,122.14,149077.0,2026-09-10 12:00:00+00:00
1789056000000,122.14,123.58,120.04,122.87,126260.7,2026-09-10 16:00:00+00:00
1789070400000,122.87,123.32,120.41,120.55,48063.9,2026-09-10 20:00:00+00:00
1789084800000,120.56,122.43,120.5,121.91,63424.0,2026-09-11 00:00:00+00:00
1789099200000,121.9,123.54,121.8,122.8,56891.2,2026-09-11 04:00:00+00:00
1789113600000,122.79,123.34,121.08,122.09,60865.1,2026-09-11 08:00:00+00:00
1789128000000,122.09,130.15,121.09,125.73,336764.7,2026-09-11 12:00:00+00:00
1789142400000,125.72,126.99,123.28,124.4,123601.8,2026-09-11 16:00:00+00:00
1789156800000,124.4,125.98,123.56,125.0,61178.0,2026-09-11 20:00:00+00:00
1789171200000,125.01,125.66,124.47,125.64,45368.0,2026-09-12 00:00:00+00:00
1789185600000,125.64,126.52,124.79,126.22,53181.6,2026-09-12 04:00:00+00:00
1789200000000,126.23,127.96,125.8,127.46,60361.5,2026-09-12 08:00:00+00:00
1789214400000,127.46,127.87,125.43,126.01,91693.3,2026-09-12 12:00:00+00:00
1789228800000,126.0,126.62,125.58,126.02,47419.0,2026-09-12 16:00:00+00:00
1789243200000,126.02,126.48,125.03,125.46,33103.2,2026-09-12 20:00:00+00:00
1789257600000,125.47,126.43,125.42,126.22,22894.7,2026-09-13 00:00:00+00:00
