ts,open,high,low,close,volume,dt
1758888000000,0.001475,0.0018893,0.0008716,0.0013701,56536641606.0,2025-09-26 12:00:00+00:00
1758902400000,0.0013701,0.0017483,0.00125,0.0014834,19709450843.0,2025-09-26 16:00:00+00:00
1758916800000,0.0014853,0.0026788,0.0013227,0.0024259,22458841531.0,2025-09-26 20:00:00+00:00
1758931200000,0.0024237,0.003294,0.002133,0.0023005,54360409885.0,2025-09-27 00:00:00+00:00
1758945600000,0.0023015,0.0023998,0.00195,0.0022184,31648995435.0,2025-09-27 04:00:00+00:00
1758960000000,0.002217,0.0025797,0.001835,0.0019286,43630700133.0,2025-09-27 08:00:00+00:00
1758974400000,0.001929,0.0020239,0.001628,0.0016643,26351702978.0,2025-09-27 12:00:00+00:00
1758988800000,0.0016647,0.001688,0.0014833,0.001646,15038445024.0,2025-09-27 16:00:00+00:00
1759003200000,0.0016465,0.0017284,0.0015379,0.0016096,11464794146.0,2025-09-27 20:00:00+00:00
1759017600000,0.0016093,0.0016978,0.0015291,0.0016752,11547873545.0,2025-09-28 00:00:00+00:00
1759032000000,0.0016752,0.0018068,0.0015044,0.0015858,15434977109.0,2025-09-28 04:00:00+00:00
1759046400000,0.0015863,0.0017181,0.0015076,0.0015716,10581330429.0,2025-09-28 08:00:00+00:00
1759060800000,0.0015716,0.0016614,0.0015254,0.001619,6614506877.0,2025-09-28 12:00:00+00:00
1759075200000,0.0016182,0.0017881,0.0016182,0.00165,9986291109.0,2025-09-28 16:00:00+00:00
1759089600000,0.0016498,0.0018066,0.0016234,0.0016568,8174307100.0,2025-09-28 20:00:00+00:00
1759104000000,0.0016576,0.0022193,0.0016079,0.0021711,28946574416.0,2025-09-29 00:00:00+00:00
1759118400000,0.0021708,0.002244,0.0018432,0.0021445,28534781169.0,2025-09-29 04:00:00+00:00
1759132800000,0.0021439,0.0022308,0.0017233,0.0017533,20475471212.0,2025-09-29 08:00:00+00:00
1759147200000,0.0017534,0.0017775,0.0016272,0.0016632,8479497527.0,2025-09-29 12:00:00+00:00
1759161600000,0.0016633,0.00175,0.0016102,0.0016499,5214901901.0,2025-09-29 16:00:00+00:00
1759176000000,0.0016493,0.0016843,0.0015187,0.0016093,4663137243.0,2025-09-29 20:00:00+00:00
1759190400000,0.001609,0.0016607,0.0015476,0.001583,5117516142.0,2025-09-30 00:00:00+00:00
1759204800000,0.001583,0.0016278,0.0014625,0.0015759,6963590560.0,2025-09-30 04:00:00+00:00
1759219200000,0.001577,0.0016211,0.0015,0.0015842,4429761381.0,2025-09-30 08:00:00+00:00
1759233600000,0.0015841,0.0015841,0.0013216,0.0013277,6599238706.0,2025-09-30 12:00:00+00:00
1759248000000,0.0013284,0.0013439,0.0012177,0.0012512,5183976881.0,2025-09-30 16:00:00+00:00
1759262400000,0.0012514,0.0012733,0.0011883,0.0012281,3587225372.0,2025-09-30 20:00:00+00:00
1759276800000,0.0012278,0.0014184,0.0012071,0.0013053,5599081328.0,2025-10-01 00:00:00+00:00
1759291200000,0.0013054,0.0013157,0.001014,0.0012504,12018286534.0,2025-10-01 04:00:00+00:00
1759305600000,0.0012504,0.0014681,0.0012426,0.0014187,5997138127.0,2025-10-01 08:00:00+00:00
1759320000000,0.0014182,0.0014869,0.0013183,0.0013235,4962624059.0,2025-10-01 12:00:00+00:00
1759334400000,0.0013238,0.0016068,0.0013234,0.0014187,10839102901.0,2025-10-01 16:00:00+00:00
1759348800000,0.0014186,0.0014252,0.0012573,0.0012972,4601027334.0,2025-10-01 20:00:00+00:00
1759363200000,0.0012973,0.0013698,0.0012874,0.0013005,3006708359.0,2025-10-02 00:00:00+00:00
1759377600000,0.0013007,0.0013645,0.0012651,0.0013536,2957013650.0,2025-10-02 04:00:00+00:00
1759392000000,0.0013534,0.0013639,0.0012797,0.0013375,2400367243.0,2025-10-02 08:00:00+00:00
1759406400000,0.0013374,0.0014766,0.001263,0.0013848,5053365074.0,2025-10-02 12:00:00+00:00
1759420800000,0.0013851,0.0014093,0.001283,0.0013154,4889770458.0,2025-10-02 16:00:00+00:00
1759435200000,0.001315,0.001665,0.0012912,0.0015709,7454850160.0,2025-10-02 20:00:00+00:00
1759449600000,0.0015703,0.0019531,0.0013358,0.0014731,19757568183.0,2025-10-03 00:00:00+00:00
1759464000000,0.0014734,0.0018478,0.0014232,0.0017882,21408762269.0,2025-10-03 04:00:00+00:00
1759478400000,0.0017876,0.00243,0.00165,0.0017358,76861963723.0,2025-10-03 08:00:00+00:00
1759492800000,0.0017359,0.0018495,0.0015244,0.001689,21035069120.0,2025-10-03 12:00:00+00:00
1759507200000,0.0016889,0.0018426,0.0016454,0.0018272,10541861630.0,2025-10-03 16:00:00+00:00
1759521600000,0.0018268,0.0018456,0.0015846,0.0017172,7817514726.0,2025-10-03 20:00:00+00:00
1759536000000,0.0017169,0.0018988,0.0017066,0.001868,9654115475.0,2025-10-04 00:00:00+00:00
1759550400000,0.0018678,0.0020126,0.0017571,0.0018966,8416851183.0,2025-10-04 04:00:00+00:00
1759564800000,0.0018979,0.0020106,0.0018305,0.001964,6927456657.0,2025-10-04 08:00:00+00:00
1759579200000,0.0019637,0.0020012,0.0018386,0.001873,5766444212.0,2025-10-04 12:00:00+00:00
1759593600000,0.0018731,0.0020189,0.0017734,0.0019889,6213617502.0,2025-10-04 16:00:00+00:00
1759608000000,0.001989,0.002159,0.0018985,0.0019458,9146361903.0,2025-10-04 20:00:00+00:00
1759622400000,0.0019448,0.0019741,0.0017949,0.0018835,3617554775.0,2025-10-05 00:00:00+00:00
1759636800000,0.0018834,0.0018923,0.0017209,0.0018181,3059576329.0,2025-10-05 04:00:00+00:00
1759651200000,0.0018172,0.00194,0.0017693,0.0017919,4105456872.0,2025-10-05 08:00:00+00:00
1759665600000,0.001792,0.001792,0.0016587,0.0017058,3943381753.0,2025-10-05 12:00:00+00:00
1759680000000,0.0017055,0.0017811,0.0016659,0.0017088,2830929231.0,2025-10-05 16:00:00+00:00
1759694400000,0.0017095,0.0017113,0.0015433,0.0016041,4689410292.0,2025-10-05 20:00:00+00:00
1759708800000,0.0016044,0.00162,0.001505,0.0015138,3763193795.0,2025-10-06 00:00:00+00:00
1759723200000,0.0015135,0.00169,0.0014651,0.0016608,6426684606.0,2025-10-06 04:00:00+00:00
1759737600000,0.0016606,0.0017272,0.0016079,0.0016923,5019029103.0,2025-10-06 08:00:00+00:00
1759752000000,0.0016912,0.0016998,0.0016138,0.0016309,3876653599.0,2025-10-06 12:00:00+00:00
1759766400000,0.0016313,0.0016585,0.0015401,0.0015805,3006232481.0,2025-10-06 16:00:00+00:00
1759780800000,0.0015812,0.0016185,0.0015418,0.0015655,1817033022.0,2025-10-06 20:00:00+00:00
1759795200000,0.0015655,0.0016476,0.0015519,0.0016324,2030385657.0,2025-10-07 00:00:00+00:00
1759809600000,0.0016329,0.0016499,0.0015008,0.0015192,3319130585.0,2025-10-07 04:00:00+00:00
1759824000000,0.00152,0.0016233,0.0014616,0.0015251,3566304565.0,2025-10-07 08:00:00+00:00
1759838400000,0.001525,0.0015595,0.0014733,0.0015079,3281077336.0,2025-10-07 12:00:00+00:00
1759852800000,0.0015079,0.0015442,0.0014345,0.0014702,3411370901.0,2025-10-07 16:00:00+00:00
1759867200000,0.0014708,0.0015665,0.0014591,0.0014885,1642076435.0,2025-10-07 20:00:00+00:00
1759881600000,0.0014882,0.00154,0.0014416,0.0014667,2157241081.0,2025-10-08 00:00:00+00:00
1759896000000,0.0014668,0.0015232,0.0014407,0.001457,1751651894.0,2025-10-08 04:00:00+00:00
1759910400000,0.0014567,0.0014603,0.0013136,0.0013485,3447434513.0,2025-10-08 08:00:00+00:00
1759924800000,0.0013482,0.0014462,0.0013273,0.0014111,2243874724.0,2025-10-08 12:00:00+00:00
1759939200000,0.0014111,0.0014413,0.0013664,0.0014222,1559032082.0,2025-10-08 16:00:00+00:00
1759953600000,0.001422,0.0014475,0.001402,0.0014185,902760796.0,2025-10-08 20:00:00+00:00
1759968000000,0.0014187,0.0014245,0.0013378,0.0013728,1477438972.0,2025-10-09 00:00:00+00:00
1759982400000,0.0013728,0.0014463,0.00135,0.0013608,1533804064.0,2025-10-09 04:00:00+00:00
1759996800000,0.0013607,0.0013662,0.001262,0.0013602,2553154423.0,2025-10-09 08:00:00+00:00
1760011200000,0.0013602,0.0013966,0.0011092,0.0011717,4347883630.0,2025-10-09 12:00:00+00:00
1760025600000,0.0011716,0.00156,0.0011592,0.0014677,5533896437.0,2025-10-09 16:00:00+00:00
1760040000000,0.001468,0.0017727,0.001309,0.0015901,17640854319.0,2025-10-09 20:00:00+00:00
1760054400000,0.0015904,0.0017687,0.001557,0.0017114,10054989077.0,2025-10-10 00:00:00+00:00
1760068800000,0.0017121,0.0017278,0.001526,0.0016068,6520449574.0,2025-10-10 04:00:00+00:00
1760083200000,0.0016068,0.0018128,0.0015555,0.0017698,7971550038.0,2025-10-10 08:00:00+00:00
1760097600000,0.0017704,0.0021296,0.001493,0.0015115,32937295474.0,2025-10-10 12:00:00+00:00
1760112000000,0.0015114,0.00165,0.0014114,0.0016377,12636995585.0,2025-10-10 16:00:00+00:00
1760126400000,0.0016373,0.0016759,0.0009817,0.0015231,9373413369.0,2025-10-10 20:00:00+00:00
1760140800000,0.0015229,0.0017577,0.0014671,0.0015426,3563997823.0,2025-10-11 00:00:00+00:00
1760155200000,0.0015429,0.0016278,0.001459,0.0015487,3285249585.0,2025-10-11 04:00:00+00:00
1760169600000,0.0015492,0.0016366,0.00144,0.0015168,3414144087.0,2025-10-11 08:00:00+00:00
1760184000000,0.0015165,0.0016551,0.0014313,0.0016268,2568607951.0,2025-10-11 12:00:00+00:00
1760198400000,0.0016264,0.0019496,0.0014611,0.0015381,11872392408.0,2025-10-11 16:00:00+00:00
1760212800000,0.001538,0.001683,0.0014911,0.0015551,3044778568.0,2025-10-11 20:00:00+00:00
1760227200000,0.001555,0.0016596,0.0015252,0.0015979,2330200255.0,2025-10-12 00:00:00+00:00
1760241600000,0.001598,0.0017988,0.001578,0.001705,3714085775.0,2025-10-12 04:00:00+00:00
1760256000000,0.0017051,0.0017576,0.0016547,0.0016966,2977212482.0,2025-10-12 08:00:00+00:00
1760270400000,0.0016969,0.0018013,0.00165,0.0017105,4350843714.0,2025-10-12 12:00:00+00:00
1760284800000,0.0017111,0.001789,0.0016642,0.0016925,2224013828.0,2025-10-12 16:00:00+00:00
1760299200000,0.0016926,0.0017307,0.00165,0.0016846,1500673700.0,2025-10-12 20:00:00+00:00
1760313600000,0.0016854,0.001773,0.0016756,0.0017376,2029973295.0,2025-10-13 00:00:00+00:00
1760328000000,0.0017371,0.0017903,0.0016731,0.0016846,1815674862.0,2025-10-13 04:00:00+00:00
1760342400000,0.0016849,0.0017846,0.0016654,0.0017238,2361003417.0,2025-10-13 08:00:00+00:00
1760356800000,0.0017244,0.0018508,0.0016516,0.001682,3859978593.0,2025-10-13 12:00:00+00:00
1760371200000,0.0016828,0.0017282,0.001652,0.0017056,1266677600.0,2025-10-13 16:00:00+00:00
1760385600000,0.0017067,0.0018187,0.0016909,0.0018113,857880418.0,2025-10-13 20:00:00+00:00
1760400000000,0.0018113,0.0020057,0.0016805,0.0016939,3512197125.0,2025-10-14 00:00:00+00:00
1760414400000,0.0016927,0.001745,0.0014416,0.0015227,3356801159.0,2025-10-14 04:00:00+00:00
1760428800000,0.0015227,0.0015759,0.0014758,0.0015334,1590944295.0,2025-10-14 08:00:00+00:00
1760443200000,0.0015341,0.0015963,0.0014994,0.0015906,1398395726.0,2025-10-14 12:00:00+00:00
1760457600000,0.0015935,0.0016084,0.0015325,0.0015377,887400836.0,2025-10-14 16:00:00+00:00
1760472000000,0.0015379,0.001583,0.0015338,0.0015759,573815066.0,2025-10-14 20:00:00+00:00
1760486400000,0.0015751,0.0015825,0.0015077,0.0015183,867139528.0,2025-10-15 00:00:00+00:00
1760500800000,0.0015186,0.0015604,0.0015126,0.0015512,550115468.0,2025-10-15 04:00:00+00:00
1760515200000,0.0015512,0.0016007,0.0015297,0.0015441,1042992625.0,2025-10-15 08:00:00+00:00
1760529600000,0.0015441,0.0015638,0.0014857,0.0015155,1101656382.0,2025-10-15 12:00:00+00:00
1760544000000,0.0015153,0.001843,0.0014641,0.0017764,3884034988.0,2025-10-15 16:00:00+00:00
1760558400000,0.0017767,0.0022754,0.001723,0.0019049,10546927758.0,2025-10-15 20:00:00+00:00
1760572800000,0.0019052,0.0020144,0.0018077,0.001848,4259044035.0,2025-10-16 00:00:00+00:00
1760587200000,0.0018482,0.0018517,0.0016584,0.0017211,3031368114.0,2025-10-16 04:00:00+00:00
1760601600000,0.0017209,0.0018075,0.0016585,0.0017465,3140034113.0,2025-10-16 08:00:00+00:00
1760616000000,0.0017461,0.00187,0.0015764,0.0016095,5008578238.0,2025-10-16 12:00:00+00:00
1760630400000,0.0016095,0.0016249,0.0014781,0.001603,2904162644.0,2025-10-16 16:00:00+00:00
1760644800000,0.0016023,0.0016529,0.0015765,0.0016145,940739921.0,2025-10-16 20:00:00+00:00
1760659200000,0.001615,0.001687,0.0016002,0.0016655,892663722.0,2025-10-17 00:00:00+00:00
1760673600000,0.0016652,0.0016901,0.0015337,0.0015627,1758774665.0,2025-10-17 04:00:00+00:00
1760688000000,0.0015627,0.0017255,0.0015573,0.0017078,1972880290.0,2025-10-17 08:00:00+00:00
1760702400000,0.0017078,0.00173,0.0016121,0.0016855,1431511887.0,2025-10-17 12:00:00+00:00
1760716800000,0.0016851,0.0017037,0.0015727,0.0015867,1237444638.0,2025-10-17 16:00:00+00:00
1760731200000,0.0015866,0.0016316,0.0015759,0.0015839,728114968.0,2025-10-17 20:00:00+00:00
1760745600000,0.0015849,0.0016475,0.0015744,0.0016231,838087314.0,2025-10-18 00:00:00+00:00
1760760000000,0.0016228,0.0016865,0.0016139,0.001643,984047369.0,2025-10-18 04:00:00+00:00
1760774400000,0.0016443,0.0016618,0.00158,0.0016023,901822611.0,2025-10-18 08:00:00+00:00
1760788800000,0.001602,0.0016252,0.0015373,0.0016002,1302192512.0,2025-10-18 12:00:00+00:00
1760803200000,0.0015997,0.0016164,0.0015535,0.0015883,717596642.0,2025-10-18 16:00:00+00:00
1760817600000,0.0015873,0.0016751,0.0015727,0.0016304,608667497.0,2025-10-18 20:00:00+00:00
1760832000000,0.001631,0.0016479,0.0015659,0.0015808,611644860.0,2025-10-19 00:00:00+00:00
1760846400000,0.0015808,0.0016544,0.0015629,0.0016289,909917266.0,2025-10-19 04:00:00+00:00
1760860800000,0.0016299,0.00165,0.00157,0.0015795,826605330.0,2025-10-19 08:00:00+00:00
1760875200000,0.0015791,0.0016957,0.0015602,0.0016839,829082186.0,2025-10-19 12:00:00+00:00
1760889600000,0.001684,0.00173,0.0016681,0.0016892,870899092.0,2025-10-19 16:00:00+00:00
1760904000000,0.00169,0.0016958,0.0016337,0.0016447,433838952.0,2025-10-19 20:00:00+00:00
1760918400000,0.0016433,0.0016446,0.0015643,0.0016425,796249661.0,2025-10-20 00:00:00+00:00
1760932800000,0.0016437,0.0016594,0.0015924,0.0016034,707357438.0,2025-10-20 04:00:00+00:00
1760947200000,0.0016032,0.0016159,0.0015638,0.0015824,803314970.0,2025-10-20 08:00:00+00:00
1760961600000,0.0015822,0.0016225,0.0015626,0.0015629,667135736.0,2025-10-20 12:00:00+00:00
1760976000000,0.001563,0.0015842,0.0015215,0.0015766,885913552.0,2025-10-20 16:00:00+00:00
1760990400000,0.0015778,0.0016471,0.0015738,0.001602,439827175.0,2025-10-20 20:00:00+00:00
1761004800000,0.001602,0.0016852,0.0015602,0.0015841,1325437643.0,2025-10-21 00:00:00+00:00
1761019200000,0.001582,0.0016194,0.001538,0.0015955,741130742.0,2025-10-21 04:00:00+00:00
1761033600000,0.0015949,0.0016295,0.0015713,0.0016073,715288728.0,2025-10-21 08:00:00+00:00
1761048000000,0.0016067,0.0017209,0.0015894,0.0017067,1042732159.0,2025-10-21 12:00:00+00:00
1761062400000,0.0017048,0.0017387,0.001615,0.0016253,1105735659.0,2025-10-21 16:00:00+00:00
1761076800000,0.0016264,0.0016722,0.0015004,0.0015094,933120577.0,2025-10-21 20:00:00+00:00
1761091200000,0.0015093,0.0015306,0.0014229,0.0014683,1194643415.0,2025-10-22 00:00:00+00:00
1761105600000,0.0014676,0.0015095,0.0014625,0.0014965,531023021.0,2025-10-22 04:00:00+00:00
1761120000000,0.0014958,0.0015294,0.0014819,0.0015011,450756943.0,2025-10-22 08:00:00+00:00
1761134400000,0.0015009,0.0015493,0.0014835,0.0015179,533602331.0,2025-10-22 12:00:00+00:00
1761148800000,0.0015181,0.0015543,0.001493,0.0015243,473315568.0,2025-10-22 16:00:00+00:00
1761163200000,0.0015244,0.0015711,0.0014751,0.0015362,708843786.0,2025-10-22 20:00:00+00:00
1761177600000,0.0015362,0.00158,0.001507,0.0015614,343067297.0,2025-10-23 00:00:00+00:00
1761192000000,0.001562,0.0016346,0.0015605,0.0016066,711320621.0,2025-10-23 04:00:00+00:00
1761206400000,0.0016068,0.0017763,0.0016008,0.0017288,2414603699.0,2025-10-23 08:00:00+00:00
1761220800000,0.0017281,0.0018253,0.0017067,0.0017871,3387768121.0,2025-10-23 12:00:00+00:00
1761235200000,0.0017901,0.001827,0.0017415,0.0017439,1351107803.0,2025-10-23 16:00:00+00:00
1761249600000,0.0017449,0.001777,0.0017382,0.0017706,490231594.0,2025-10-23 20:00:00+00:00
1761264000000,0.0017709,0.0018078,0.0016563,0.0016751,1053642831.0,2025-10-24 00:00:00+00:00
1761278400000,0.0016742,0.0017081,0.001648,0.0016717,772600597.0,2025-10-24 04:00:00+00:00
1761292800000,0.0016712,0.0017131,0.0016303,0.0016628,709821007.0,2025-10-24 08:00:00+00:00
1761307200000,0.0016635,0.00171,0.0016287,0.0016839,820502767.0,2025-10-24 12:00:00+00:00
1761321600000,0.0016834,0.0017717,0.001675,0.0017474,876182921.0,2025-10-24 16:00:00+00:00
1761336000000,0.0017469,0.001806,0.0017419,0.0017808,417744932.0,2025-10-24 20:00:00+00:00
1761350400000,0.001781,0.0018181,0.0017448,0.00176,603134741.0,2025-10-25 00:00:00+00:00
1761364800000,0.001761,0.001825,0.0017416,0.0017979,639771053.0,2025-10-25 04:00:00+00:00
1761379200000,0.0017982,0.0018242,0.0017675,0.0017996,615081625.0,2025-10-25 08:00:00+00:00
1761393600000,0.0017999,0.0018004,0.0017001,0.0017802,719493099.0,2025-10-25 12:00:00+00:00
1761408000000,0.0017803,0.0018096,0.001742,0.0017867,492774803.0,2025-10-25 16:00:00+00:00
1761422400000,0.0017867,0.0017997,0.0017147,0.0017186,396397835.0,2025-10-25 20:00:00+00:00
1761436800000,0.0017192,0.0017683,0.0017023,0.0017363,417936842.0,2025-10-26 00:00:00+00:00
1761451200000,0.0017363,0.0017988,0.001735,0.0017608,325436792.0,2025-10-26 04:00:00+00:00
1761465600000,0.0017604,0.0018055,0.0017333,0.0017958,439286631.0,2025-10-26 08:00:00+00:00
1761480000000,0.0017954,0.0018041,0.0017361,0.001757,466078329.0,2025-10-26 12:00:00+00:00
1761494400000,0.0017566,0.0017614,0.0017208,0.0017306,363062073.0,2025-10-26 16:00:00+00:00
1761508800000,0.0017306,0.0017508,0.0017133,0.0017229,294265634.0,2025-10-26 20:00:00+00:00
1761523200000,0.0017241,0.0017443,0.00168,0.0017395,446324762.0,2025-10-27 00:00:00+00:00
1761537600000,0.0017393,0.0017463,0.0016707,0.0016888,414491531.0,2025-10-27 04:00:00+00:00
1761552000000,0.0016883,0.001713,0.0015595,0.0016446,1394280615.0,2025-10-27 08:00:00+00:00
1761566400000,0.001644,0.0016739,0.0016326,0.0016476,507938928.0,2025-10-27 12:00:00+00:00
1761580800000,0.0016476,0.001662,0.0015933,0.0016199,567856191.0,2025-10-27 16:00:00+00:00
1761595200000,0.0016182,0.0016281,0.001598,0.0016228,248143350.0,2025-10-27 20:00:00+00:00
1761609600000,0.0016223,0.0016255,0.0015961,0.0016194,286090309.0,2025-10-28 00:00:00+00:00
1761624000000,0.0016185,0.0016452,0.0016127,0.0016251,252513131.0,2025-10-28 04:00:00+00:00
1761638400000,0.0016246,0.0016348,0.001606,0.0016211,203032346.0,2025-10-28 08:00:00+00:00
1761652800000,0.0016205,0.0016376,0.001577,0.0016226,385314710.0,2025-10-28 12:00:00+00:00
1761667200000,0.0016231,0.0016258,0.001585,0.0016005,224420028.0,2025-10-28 16:00:00+00:00
1761681600000,0.0016003,0.0016079,0.0015616,0.0015815,310652018.0,2025-10-28 20:00:00+00:00
1761696000000,0.0015806,0.0015866,0.0015359,0.0015567,234789600.0,2025-10-29 00:00:00+00:00
1761710400000,0.0015566,0.0015652,0.0015317,0.0015372,192123203.0,2025-10-29 04:00:00+00:00
1761724800000,0.0015372,0.0015472,0.0015165,0.0015257,195465471.0,2025-10-29 08:00:00+00:00
1761739200000,0.0015256,0.001547,0.0014803,0.0014969,325852463.0,2025-10-29 12:00:00+00:00
1761753600000,0.0014958,0.0015384,0.0014808,0.0014935,483924198.0,2025-10-29 16:00:00+00:00
1761768000000,0.0014939,0.0015289,0.0014689,0.001477,357257033.0,2025-10-29 20:00:00+00:00
1761782400000,0.001477,0.0014881,0.001445,0.0014725,311212863.0,2025-10-30 00:00:00+00:00
1761796800000,0.001471,0.0014725,0.0013955,0.0014412,533718721.0,2025-10-30 04:00:00+00:00
1761811200000,0.0014412,0.001442,0.0013811,0.0013915,289428680.0,2025-10-30 08:00:00+00:00
1761825600000,0.0013918,0.0014034,0.0013345,0.0013469,559812439.0,2025-10-30 12:00:00+00:00
1761840000000,0.0013475,0.00138,0.0013057,0.0013724,673405539.0,2025-10-30 16:00:00+00:00
1761854400000,0.0013715,0.0014266,0.0013666,0.0014232,431873596.0,2025-10-30 20:00:00+00:00
1761868800000,0.0014233,0.0014663,0.001419,0.0014654,384411941.0,2025-10-31 00:00:00+00:00
1761883200000,0.0014653,0.0015695,0.0014587,0.0014911,997088979.0,2025-10-31 04:00:00+00:00
1761897600000,0.0014908,0.0014993,0.0014728,0.0014903,240755253.0,2025-10-31 08:00:00+00:00
1761912000000,0.0014906,0.0014906,0.0014523,0.0014615,278496458.0,2025-10-31 12:00:00+00:00
1761926400000,0.0014606,0.0014681,0.0014257,0.0014587,409624331.0,2025-10-31 16:00:00+00:00
1761940800000,0.0014585,0.0014611,0.0014402,0.0014542,135204659.0,2025-10-31 20:00:00+00:00
1761955200000,0.0014544,0.0014599,0.00142,0.0014418,191907111.0,2025-11-01 00:00:00+00:00
1761969600000,0.0014423,0.001449,0.0014239,0.0014399,169872013.0,2025-11-01 04:00:00+00:00
1761984000000,0.0014394,0.0014526,0.0014132,0.0014201,189826120.0,2025-11-01 08:00:00+00:00
1761998400000,0.0014203,0.0014272,0.001383,0.0013953,274348182.0,2025-11-01 12:00:00+00:00
1762012800000,0.001395,0.0014098,0.0013822,0.0013905,160336004.0,2025-11-01 16:00:00+00:00
1762027200000,0.0013907,0.0014156,0.001385,0.0014125,150321528.0,2025-11-01 20:00:00+00:00
1762041600000,0.0014125,0.0014174,0.0013413,0.0013445,334271638.0,2025-11-02 00:00:00+00:00
1762056000000,0.0013445,0.0013789,0.0013406,0.0013702,241721690.0,2025-11-02 04:00:00+00:00
1762070400000,0.0013703,0.001378,0.0013066,0.001309,415437692.0,2025-11-02 08:00:00+00:00
1762084800000,0.0013092,0.0013301,0.0012847,0.0012889,362163287.0,2025-11-02 12:00:00+00:00
1762099200000,0.0012889,0.0013097,0.0012666,0.0012869,322819461.0,2025-11-02 16:00:00+00:00
1762113600000,0.0012869,0.001331,0.0012798,0.0013119,257786318.0,2025-11-02 20:00:00+00:00
1762128000000,0.0013123,0.0013479,0.0012365,0.0012365,497211822.0,2025-11-03 00:00:00+00:00
1762142400000,0.0012364,0.0012573,0.0012069,0.0012322,345607884.0,2025-11-03 04:00:00+00:00
1762156800000,0.0012323,0.0012491,0.0012113,0.0012115,429914311.0,2025-11-03 08:00:00+00:00
1762171200000,0.0012118,0.001224,0.0010689,0.0011546,794852173.0,2025-11-03 12:00:00+00:00
1762185600000,0.001155,0.001199,0.0011472,0.0011562,341642009.0,2025-11-03 16:00:00+00:00
1762200000000,0.0011562,0.001183,0.0011449,0.0011801,228088793.0,2025-11-03 20:00:00+00:00
1762214400000,0.0011811,0.0011919,0.0011555,0.0011585,197889645.0,2025-11-04 00:00:00+00:00
1762228800000,0.0011579,0.001177,0.0011219,0.0011448,550929274.0,2025-11-04 04:00:00+00:00
1762243200000,0.0011448,0.0011826,0.0011349,0.0011695,322613515.0,2025-11-04 08:00:00+00:00
1762257600000,0.0011698,0.0011969,0.0011487,0.0011802,430968895.0,2025-11-04 12:00:00+00:00
1762272000000,0.0011802,0.0011868,0.0011249,0.0011596,509887786.0,2025-11-04 16:00:00+00:00
1762286400000,0.0011586,0.001217,0.0011362,0.0011993,627713166.0,2025-11-04 20:00:00+00:00
1762300800000,0.0011988,0.0011991,0.0011144,0.0011862,407708390.0,2025-11-05 00:00:00+00:00
1762315200000,0.0011867,0.0011927,0.0011508,0.0011688,220124135.0,2025-11-05 04:00:00+00:00
1762329600000,0.0011679,0.0011684,0.0011308,0.0011562,180394792.0,2025-11-05 08:00:00+00:00
1762344000000,0.0011564,0.0011788,0.0011401,0.0011588,233971876.0,2025-11-05 12:00:00+00:00
1762358400000,0.0011596,0.0011743,0.0011376,0.0011424,227773786.0,2025-11-05 16:00:00+00:00
1762372800000,0.0011422,0.001169,0.0011351,0.0011487,154933783.0,2025-11-05 20:00:00+00:00
1762387200000,0.0011489,0.001153,0.001111,0.0011429,268699677.0,2025-11-06 00:00:00+00:00
1762401600000,0.001142,0.001149,0.001111,0.0011161,199703012.0,2025-11-06 04:00:00+00:00
1762416000000,0.0011156,0.0011349,0.0011002,0.0011034,237598634.0,2025-11-06 08:00:00+00:00
1762430400000,0.0011035,0.0011233,0.0010839,0.0010885,360101502.0,2025-11-06 12:00:00+00:00
1762444800000,0.0010885,0.0010953,0.0010733,0.001082,206418603.0,2025-11-06 16:00:00+00:00
1762459200000,0.0010812,0.0010841,0.0010407,0.0010558,197071320.0,2025-11-06 20:00:00+00:00
1762473600000,0.0010558,0.001098,0.001049,0.0010837,287730430.0,2025-11-07 00:00:00+00:00
1762488000000,0.0010836,0.0011089,0.0010807,0.0011011,246484436.0,2025-11-07 04:00:00+00:00
1762502400000,0.0011009,0.0011122,0.0010574,0.0010688,306476551.0,2025-11-07 08:00:00+00:00
1762516800000,0.0010687,0.0011018,0.0010423,0.0010997,380763501.0,2025-11-07 12:00:00+00:00
1762531200000,0.0010997,0.0011822,0.0010996,0.0011813,358574552.0,2025-11-07 16:00:00+00:00
1762545600000,0.0011803,0.0011908,0.0011462,0.0011512,126274706.0,2025-11-07 20:00:00+00:00
1762560000000,0.0011515,0.0011764,0.0011066,0.0011106,186827055.0,2025-11-08 00:00:00+00:00
1762574400000,0.0011094,0.0011232,0.0010878,0.0011036,241474731.0,2025-11-08 04:00:00+00:00
1762588800000,0.0011031,0.0011204,0.0010891,0.0011113,298421402.0,2025-11-08 08:00:00+00:00
1762603200000,0.0011125,0.0011191,0.0010557,0.0010834,301136605.0,2025-11-08 12:00:00+00:00
1762617600000,0.0010822,0.0011154,0.001072,0.0011059,225494916.0,2025-11-08 16:00:00+00:00
1762632000000,0.0011062,0.0011204,0.0010977,0.001115,134411003.0,2025-11-08 20:00:00+00:00
1762646400000,0.001116,0.0011163,0.00106,0.0010732,169263950.0,2025-11-09 00:00:00+00:00
1762660800000,0.0010736,0.001098,0.0010712,0.0010956,112170615.0,2025-11-09 04:00:00+00:00
1762675200000,0.001095,0.0010976,0.0010752,0.0010932,100842231.0,2025-11-09 08:00:00+00:00
1762689600000,0.0010929,0.0011145,0.0010914,0.0011067,237319471.0,2025-11-09 12:00:00+00:00
1762704000000,0.0011064,0.0011126,0.0010896,0.0011022,120539610.0,2025-11-09 16:00:00+00:00
1762718400000,0.0011011,0.0011026,0.001065,0.0010667,162717103.0,2025-11-09 20:00:00+00:00
1762732800000,0.001066,0.0010995,0.0010208,0.001024,513843720.0,2025-11-10 00:00:00+00:00
1762747200000,0.0010245,0.001039,0.0009959,0.0010111,448895374.0,2025-11-10 04:00:00+00:00
1762761600000,0.0010111,0.0010254,0.0009908,0.0009975,427463320.0,2025-11-10 08:00:00+00:00
1762776000000,0.0009974,0.0010151,0.0009644,0.0009708,680172280.0,2025-11-10 12:00:00+00:00
1762790400000,0.0009695,0.0010068,0.0009621,0.0009971,386289910.0,2025-11-10 16:00:00+00:00
1762804800000,0.0009979,0.0010375,0.0009918,0.0010083,356013022.0,2025-11-10 20:00:00+00:00
1762819200000,0.0010084,0.0010232,0.0009886,0.0010178,249830282.0,2025-11-11 00:00:00+00:00
1762833600000,0.0010178,0.0010186,0.0009279,0.0009335,461719952.0,2025-11-11 04:00:00+00:00
1762848000000,0.0009342,0.0009473,0.0008852,0.0008991,604195571.0,2025-11-11 08:00:00+00:00
1762862400000,0.0008983,0.0009181,0.0008935,0.0008965,493018325.0,2025-11-11 12:00:00+00:00
1762876800000,0.0008966,0.0009022,0.0008303,0.0008532,908744134.0,2025-11-11 16:00:00+00:00
1762891200000,0.0008531,0.0008739,0.0008315,0.0008401,432027156.0,2025-11-11 20:00:00+00:00
1762905600000,0.0008404,0.0008451,0.0007401,0.0007496,2543103550.0,2025-11-12 00:00:00+00:00
1762920000000,0.0007496,0.0007823,0.0007378,0.0007641,1936896913.0,2025-11-12 04:00:00+00:00
1762934400000,0.0007639,0.0008122,0.00076,0.0007954,1664880035.0,2025-11-12 08:00:00+00:00
1762948800000,0.0007954,0.0007979,0.0007244,0.0007362,2553588002.0,2025-11-12 12:00:00+00:00
1762963200000,0.0007361,0.0007767,0.0007017,0.0007686,2544885196.0,2025-11-12 16:00:00+00:00
1762977600000,0.0007691,0.000785,0.0007375,0.0007551,724808479.0,2025-11-12 20:00:00+00:00
1762992000000,0.0007551,0.0007799,0.0007253,0.0007555,744041690.0,2025-11-13 00:00:00+00:00
1763006400000,0.0007555,0.0007672,0.0007345,0.0007371,410310921.0,2025-11-13 04:00:00+00:00
1763020800000,0.0007368,0.0007915,0.00072,0.0007294,1005868560.0,2025-11-13 08:00:00+00:00
1763035200000,0.0007289,0.000776,0.000723,0.0007565,853757923.0,2025-11-13 12:00:00+00:00
1763049600000,0.0007563,0.0007574,0.0007034,0.0007261,616592553.0,2025-11-13 16:00:00+00:00
1763064000000,0.000727,0.0007604,0.0007186,0.000742,538009855.0,2025-11-13 20:00:00+00:00
1763078400000,0.000742,0.0007464,0.00067,0.0006714,874945072.0,2025-11-14 00:00:00+00:00
1763092800000,0.0006711,0.0006764,0.00061,0.0006128,1094331478.0,2025-11-14 04:00:00+00:00
1763107200000,0.0006127,0.0006165,0.0005607,0.0005828,2242292729.0,2025-11-14 08:00:00+00:00
1763121600000,0.0005817,0.0006104,0.000564,0.000601,1654352388.0,2025-11-14 12:00:00+00:00
1763136000000,0.0006017,0.0006248,0.0005929,0.0006027,876950663.0,2025-11-14 16:00:00+00:00
1763150400000,0.0006024,0.0006137,0.0005673,0.0005829,1019847273.0,2025-11-14 20:00:00+00:00
1763164800000,0.0005835,0.0006291,0.0005808,0.000612,743965743.0,2025-11-15 00:00:00+00:00
1763179200000,0.000612,0.0006174,0.0005703,0.0005816,981899883.0,2025-11-15 04:00:00+00:00
1763193600000,0.0005813,0.000583,0.0005389,0.0005517,1286937981.0,2025-11-15 08:00:00+00:00
1763208000000,0.000552,0.0005555,0.0005139,0.0005234,1773449388.0,2025-11-15 12:00:00+00:00
1763222400000,0.0005235,0.0005429,0.0005163,0.0005399,908260306.0,2025-11-15 16:00:00+00:00
1763236800000,0.0005401,0.000561,0.0005398,0.0005528,962663352.0,2025-11-15 20:00:00+00:00
1763251200000,0.0005526,0.0005665,0.000534,0.0005578,687665417.0,2025-11-16 00:00:00+00:00
1763265600000,0.0005578,0.0005618,0.0005484,0.0005494,369578307.0,2025-11-16 04:00:00+00:00
1763280000000,0.0005494,0.000557,0.0005299,0.0005334,778100022.0,2025-11-16 08:00:00+00:00
1763294400000,0.000534,0.0005357,0.0005115,0.0005141,523293136.0,2025-11-16 12:00:00+00:00
1763308800000,0.0005142,0.0005193,0.000485,0.0004875,959440848.0,2025-11-16 16:00:00+00:00
1763323200000,0.0004874,0.0004926,0.0004737,0.0004911,908099402.0,2025-11-16 20:00:00+00:00
1763337600000,0.0004913,0.0004984,0.0004802,0.0004877,670171259.0,2025-11-17 00:00:00+00:00
1763352000000,0.0004877,0.000488,0.0004446,0.0004547,1728576522.0,2025-11-17 04:00:00+00:00
1763366400000,0.0004541,0.0004794,0.0004406,0.0004782,2131621894.0,2025-11-17 08:00:00+00:00
1763380800000,0.0004785,0.0004994,0.0004574,0.0004839,1555841906.0,2025-11-17 12:00:00+00:00
1763395200000,0.0004839,0.0004952,0.0004728,0.0004919,753212821.0,2025-11-17 16:00:00+00:00
1763409600000,0.0004917,0.0005289,0.000486,0.0004875,4344002424.0,2025-11-17 20:00:00+00:00
1763424000000,0.0004877,0.0004982,0.0004755,0.0004932,774546447.0,2025-11-18 00:00:00+00:00
1763438400000,0.0004929,0.0007367,0.0004883,0.0007151,119682164645.0,2025-11-18 04:00:00+00:00
1763452800000,0.000716,0.0007638,0.0004147,0.0004321,192142181648.0,2025-11-18 08:00:00+00:00
1763467200000,0.000432,0.0004355,0.000328,0.0003776,122255683256.0,2025-11-18 12:00:00+00:00
1763481600000,0.0003777,0.000416,0.0003669,0.0003958,36673267244.0,2025-11-18 16:00:00+00:00
1763496000000,0.0003957,0.0004023,0.000356,0.0003583,16437024919.0,2025-11-18 20:00:00+00:00
1763510400000,0.0003584,0.0003881,0.0003447,0.0003784,17821331609.0,2025-11-19 00:00:00+00:00
1763524800000,0.0003784,0.0004095,0.0003526,0.0003986,25995577354.0,2025-11-19 04:00:00+00:00
1763539200000,0.0003985,0.0004091,0.0003567,0.0003692,35753037601.0,2025-11-19 08:00:00+00:00
1763553600000,0.0003693,0.0003736,0.0003302,0.0003571,26030553125.0,2025-11-19 12:00:00+00:00
1763568000000,0.0003569,0.0003966,0.0003521,0.0003936,13274250655.0,2025-11-19 16:00:00+00:00
1763582400000,0.0003935,0.0004318,0.0003856,0.0004195,14885873412.0,2025-11-19 20:00:00+00:00
1763596800000,0.0004196,0.0005147,0.0004078,0.0004119,71730827071.0,2025-11-20 00:00:00+00:00
1763611200000,0.0004122,0.000473,0.000369,0.0004325,46059399773.0,2025-11-20 04:00:00+00:00
1763625600000,0.0004323,0.0004618,0.0004172,0.0004598,16683444671.0,2025-11-20 08:00:00+00:00
1763640000000,0.00046,0.0005257,0.0003957,0.000432,29644815535.0,2025-11-20 12:00:00+00:00
1763654400000,0.0004313,0.0004368,0.0003873,0.0003909,10007130061.0,2025-11-20 16:00:00+00:00
1763668800000,0.0003908,0.0004334,0.0003717,0.0004175,6225389941.0,2025-11-20 20:00:00+00:00
1763683200000,0.0004174,0.0004234,0.0003866,0.0004128,5624387857.0,2025-11-21 00:00:00+00:00
1763697600000,0.0004129,0.0004177,0.0003701,0.0003921,4977300208.0,2025-11-21 04:00:00+00:00
1763712000000,0.000392,0.0003928,0.0003732,0.0003747,4330209858.0,2025-11-21 08:00:00+00:00
1763726400000,0.0003749,0.0004032,0.000364,0.0003814,4650296353.0,2025-11-21 12:00:00+00:00
1763740800000,0.0003815,0.0003967,0.0003661,0.0003715,4033066715.0,2025-11-21 16:00:00+00:00
1763755200000,0.0003714,0.0003855,0.0003532,0.000362,3903215780.0,2025-11-21 20:00:00+00:00
1763769600000,0.0003619,0.0003672,0.000345,0.000347,3453381372.0,2025-11-22 00:00:00+00:00
1763784000000,0.0003471,0.0003553,0.0003331,0.0003532,3539601712.0,2025-11-22 04:00:00+00:00
1763798400000,0.0003532,0.0003583,0.0003371,0.0003421,2983842401.0,2025-11-22 08:00:00+00:00
1763812800000,0.000342,0.000354,0.0003383,0.0003405,2920685559.0,2025-11-22 12:00:00+00:00
1763827200000,0.0003405,0.0003496,0.0003286,0.0003357,3848305094.0,2025-11-22 16:00:00+00:00
1763841600000,0.0003356,0.000345,0.0003211,0.0003282,2517560569.0,2025-11-22 20:00:00+00:00
1763856000000,0.0003282,0.0003519,0.0003275,0.0003475,2098374364.0,2025-11-23 00:00:00+00:00
1763870400000,0.0003475,0.0003528,0.0003336,0.0003364,1676621425.0,2025-11-23 04:00:00+00:00
1763884800000,0.0003364,0.0003417,0.0003321,0.0003374,1762657507.0,2025-11-23 08:00:00+00:00
1763899200000,0.0003374,0.0003441,0.0003204,0.0003278,2011848517.0,2025-11-23 12:00:00+00:00
1763913600000,0.0003278,0.0003502,0.0003228,0.0003406,2021776135.0,2025-11-23 16:00:00+00:00
1763928000000,0.0003403,0.0003511,0.0003359,0.0003372,1393987786.0,2025-11-23 20:00:00+00:00
1763942400000,0.0003372,0.0003649,0.0003356,0.0003541,1881140126.0,2025-11-24 00:00:00+00:00
1763956800000,0.0003542,0.0003561,0.0003335,0.0003381,1919147667.0,2025-11-24 04:00:00+00:00
1763971200000,0.0003381,0.0003465,0.0003274,0.0003375,1929835585.0,2025-11-24 08:00:00+00:00
1763985600000,0.0003374,0.0003587,0.000329,0.000356,2034081847.0,2025-11-24 12:00:00+00:00
1764000000000,0.0003556,0.0004146,0.0003539,0.0003969,12388049698.0,2025-11-24 16:00:00+00:00
1764014400000,0.0003969,0.0004016,0.0003729,0.0003761,1873972324.0,2025-11-24 20:00:00+00:00
1764028800000,0.0003759,0.0003776,0.0003642,0.000366,1771795164.0,2025-11-25 00:00:00+00:00
1764043200000,0.0003657,0.0003668,0.000345,0.0003464,2389465193.0,2025-11-25 04:00:00+00:00
1764057600000,0.0003464,0.0003562,0.0003366,0.0003397,2517751578.0,2025-11-25 08:00:00+00:00
1764072000000,0.0003396,0.0003474,0.0003367,0.0003425,1536083155.0,2025-11-25 12:00:00+00:00
1764086400000,0.0003423,0.000349,0.0003373,0.0003409,1900634592.0,2025-11-25 16:00:00+00:00
1764100800000,0.0003409,0.0003506,0.000338,0.0003467,981883493.0,2025-11-25 20:00:00+00:00
1764115200000,0.0003465,0.0003554,0.000344,0.0003458,1384682114.0,2025-11-26 00:00:00+00:00
1764129600000,0.0003455,0.0003533,0.000339,0.0003498,1532743946.0,2025-11-26 04:00:00+00:00
1764144000000,0.0003495,0.000354,0.0003425,0.0003446,1982570449.0,2025-11-26 08:00:00+00:00
1764158400000,0.0003446,0.0004108,0.0003425,0.0003458,9304425421.0,2025-11-26 12:00:00+00:00
1764172800000,0.0003458,0.0003819,0.0003443,0.0003716,2716759630.0,2025-11-26 16:00:00+00:00
1764187200000,0.0003716,0.0003817,0.0003676,0.0003775,1371047426.0,2025-11-26 20:00:00+00:00
1764201600000,0.0003775,0.0005052,0.0003738,0.0004159,31568924441.0,2025-11-27 00:00:00+00:00
1764216000000,0.0004163,0.00049,0.0004073,0.000478,47300573234.0,2025-11-27 04:00:00+00:00
1764230400000,0.0004779,0.0004814,0.0004125,0.0004268,21521315811.0,2025-11-27 08:00:00+00:00
1764244800000,0.0004267,0.000462,0.0004191,0.0004338,10427263041.0,2025-11-27 12:00:00+00:00
1764259200000,0.0004336,0.0004556,0.0004292,0.0004459,5938824980.0,2025-11-27 16:00:00+00:00
1764273600000,0.0004461,0.0004476,0.0004239,0.0004301,2930843795.0,2025-11-27 20:00:00+00:00
1764288000000,0.0004299,0.0004429,0.000385,0.0004078,5567071767.0,2025-11-28 00:00:00+00:00
1764302400000,0.0004078,0.0004114,0.0003906,0.0003957,1651049133.0,2025-11-28 04:00:00+00:00
1764316800000,0.0003956,0.0004063,0.0003952,0.0004014,1312597550.0,2025-11-28 08:00:00+00:00
1764331200000,0.0004014,0.0004406,0.0004013,0.0004323,3033827920.0,2025-11-28 12:00:00+00:00
1764345600000,0.0004322,0.0004358,0.0004126,0.0004343,1440163465.0,2025-11-28 16:00:00+00:00
1764360000000,0.0004347,0.0004474,0.0004281,0.0004304,732600595.0,2025-11-28 20:00:00+00:00
1764374400000,0.0004304,0.0004483,0.0004216,0.0004252,855498708.0,2025-11-29 00:00:00+00:00
1764388800000,0.000425,0.0004369,0.0003958,0.0004041,1213101141.0,2025-11-29 04:00:00+00:00
1764403200000,0.0004039,0.0004145,0.0004006,0.0004109,783544874.0,2025-11-29 08:00:00+00:00
1764417600000,0.0004108,0.0004121,0.000386,0.000398,996993312.0,2025-11-29 12:00:00+00:00
1764432000000,0.0003978,0.0003978,0.0003832,0.0003904,875559262.0,2025-11-29 16:00:00+00:00
1764446400000,0.0003903,0.0004013,0.0003867,0.0003964,511860002.0,2025-11-29 20:00:00+00:00
1764460800000,0.0003967,0.0004058,0.000395,0.0004015,564744469.0,2025-11-30 00:00:00+00:00
1764475200000,0.0004015,0.0004154,0.0003988,0.000411,811631380.0,2025-11-30 04:00:00+00:00
1764489600000,0.000411,0.000431,0.0004109,0.0004237,1568835735.0,2025-11-30 08:00:00+00:00
1764504000000,0.0004231,0.0004345,0.000414,0.0004255,1256996538.0,2025-11-30 12:00:00+00:00
1764518400000,0.0004257,0.0004416,0.0004242,0.0004355,1013896809.0,2025-11-30 16:00:00+00:00
1764532800000,0.0004355,0.0004502,0.0004308,0.0004348,1019495559.0,2025-11-30 20:00:00+00:00
1764547200000,0.0004349,0.0004353,0.0003855,0.0003904,2768137703.0,2025-12-01 00:00:00+00:00
1764561600000,0.00039,0.000391,0.000359,0.0003784,2012249587.0,2025-12-01 04:00:00+00:00
1764576000000,0.0003784,0.0003914,0.0003742,0.0003814,773889347.0,2025-12-01 08:00:00+00:00
1764590400000,0.0003814,0.0003879,0.0003601,0.0003853,1095004860.0,2025-12-01 12:00:00+00:00
1764604800000,0.0003849,0.0003952,0.0003786,0.0003933,722144641.0,2025-12-01 16:00:00+00:00
1764619200000,0.0003933,0.0004299,0.0003925,0.0004152,1270918302.0,2025-12-01 20:00:00+00:00
1764633600000,0.0004152,0.0004188,0.0004017,0.0004058,695868990.0,2025-12-02 00:00:00+00:00
1764648000000,0.0004061,0.0004297,0.0004023,0.0004207,1190899928.0,2025-12-02 04:00:00+00:00
1764662400000,0.0004203,0.0004214,0.000397,0.0004021,13981245912.0,2025-12-02 08:00:00+00:00
1764676800000,0.0004024,0.0005171,0.0003977,0.0005026,5184220611.0,2025-12-02 12:00:00+00:00
1764691200000,0.0005028,0.000504,0.0004533,0.0004568,3702362192.0,2025-12-02 16:00:00+00:00
1764705600000,0.0004571,0.0004621,0.0004356,0.0004451,854327819.0,2025-12-02 20:00:00+00:00
1764720000000,0.0004446,0.0004531,0.0004388,0.0004424,645695790.0,2025-12-03 00:00:00+00:00
1764734400000,0.0004421,0.000444,0.0004275,0.0004285,693268484.0,2025-12-03 04:00:00+00:00
1764748800000,0.0004281,0.0004312,0.0004173,0.0004205,721222895.0,2025-12-03 08:00:00+00:00
1764763200000,0.0004205,0.0004292,0.0004135,0.0004234,834470765.0,2025-12-03 12:00:00+00:00
1764777600000,0.0004235,0.0004238,0.0004062,0.0004083,646751920.0,2025-12-03 16:00:00+00:00
1764792000000,0.0004083,0.0004092,0.0003916,0.0003933,908471030.0,2025-12-03 20:00:00+00:00
1764806400000,0.0003936,0.000397,0.0003813,0.0003842,933273092.0,2025-12-04 00:00:00+00:00
1764820800000,0.0003841,0.0003937,0.0003821,0.0003881,743658253.0,2025-12-04 04:00:00+00:00
1764835200000,0.0003878,0.0003979,0.0003833,0.0003949,672336043.0,2025-12-04 08:00:00+00:00
1764849600000,0.0003951,0.0004088,0.0003947,0.0004069,1223390217.0,2025-12-04 12:00:00+00:00
1764864000000,0.0004058,0.0004124,0.0003932,0.0003975,711754266.0,2025-12-04 16:00:00+00:00
1764878400000,0.0003979,0.000399,0.0003827,0.0003851,588672341.0,2025-12-04 20:00:00+00:00
1764892800000,0.0003849,0.000404,0.0003826,0.0003888,770230620.0,2025-12-05 00:00:00+00:00
1764907200000,0.0003888,0.0004015,0.0003815,0.0003917,828876159.0,2025-12-05 04:00:00+00:00
1764921600000,0.0003918,0.0003935,0.0003673,0.0003709,1013786939.0,2025-12-05 08:00:00+00:00
1764936000000,0.0003708,0.0003807,0.0003652,0.0003696,843123544.0,2025-12-05 12:00:00+00:00
1764950400000,0.0003699,0.0003701,0.0003474,0.0003538,958355273.0,2025-12-05 16:00:00+00:00
1764964800000,0.0003538,0.0003723,0.0003492,0.0003685,622820355.0,2025-12-05 20:00:00+00:00
1764979200000,0.0003684,0.0003851,0.0003666,0.0003792,533408145.0,2025-12-06 00:00:00+00:00
1764993600000,0.0003791,0.0003835,0.000374,0.0003759,332267537.0,2025-12-06 04:00:00+00:00
1765008000000,0.0003762,0.0003775,0.0003654,0.0003679,561175677.0,2025-12-06 08:00:00+00:00
1765022400000,0.000368,0.0003809,0.000365,0.0003744,667476976.0,2025-12-06 12:00:00+00:00
1765036800000,0.0003743,0.0003832,0.0003731,0.00038,393662910.0,2025-12-06 16:00:00+00:00
1765051200000,0.00038,0.0003861,0.0003757,0.0003802,421501700.0,2025-12-06 20:00:00+00:00
1765065600000,0.0003804,0.0003838,0.0003633,0.0003765,1336420704.0,2025-12-07 00:00:00+00:00
1765080000000,0.0003764,0.0003811,0.0003733,0.0003789,395823494.0,2025-12-07 04:00:00+00:00
1765094400000,0.0003789,0.0003845,0.0003752,0.0003759,311044024.0,2025-12-07 08:00:00+00:00
1765108800000,0.0003762,0.0003973,0.0003676,0.0003964,935053943.0,2025-12-07 12:00:00+00:00
1765123200000,0.0003969,0.0004958,0.0003942,0.0004349,13963530471.0,2025-12-07 16:00:00+00:00
1765137600000,0.0004352,0.0004579,0.0004165,0.0004184,4377099022.0,2025-12-07 20:00:00+00:00
1765152000000,0.0004191,0.0004429,0.0004032,0.0004194,3849370506.0,2025-12-08 00:00:00+00:00
1765166400000,0.0004191,0.0004252,0.0004054,0.0004137,1584241682.0,2025-12-08 04:00:00+00:00
1765180800000,0.0004137,0.000419,0.0004,0.000404,1438275398.0,2025-12-08 08:00:00+00:00
1765195200000,0.0004043,0.0004073,0.0003893,0.0003937,1132704404.0,2025-12-08 12:00:00+00:00
1765209600000,0.0003937,0.0004028,0.0003877,0.0003952,805773761.0,2025-12-08 16:00:00+00:00
1765224000000,0.0003954,0.0004023,0.0003916,0.0003997,515925872.0,2025-12-08 20:00:00+00:00
1765238400000,0.0003997,0.000407,0.0003922,0.0003945,571152222.0,2025-12-09 00:00:00+00:00
1765252800000,0.0003948,0.0003957,0.0003807,0.000384,432511444.0,2025-12-09 04:00:00+00:00
1765267200000,0.000384,0.0003916,0.0003823,0.0003892,357172635.0,2025-12-09 08:00:00+00:00
1765281600000,0.0003895,0.0003959,0.0003857,0.0003954,439817990.0,2025-12-09 12:00:00+00:00
1765296000000,0.0003958,0.0004019,0.0003955,0.0004009,505641577.0,2025-12-09 16:00:00+00:00
1765310400000,0.0004008,0.0004024,0.0003932,0.000396,461367066.0,2025-12-09 20:00:00+00:00
1765324800000,0.0003958,0.0004003,0.0003922,0.0003985,377843769.0,2025-12-10 00:00:00+00:00
1765339200000,0.0003986,0.0004005,0.0003958,0.0004003,214693293.0,2025-12-10 04:00:00+00:00
1765353600000,0.0004002,0.0004125,0.0003962,0.0004043,558288226.0,2025-12-10 08:00:00+00:00
1765368000000,0.0004044,0.0004218,0.0003812,0.0003832,1657214679.0,2025-12-10 12:00:00+00:00
1765382400000,0.0003833,0.0004003,0.000382,0.0003977,506917776.0,2025-12-10 16:00:00+00:00
1765396800000,0.0003975,0.0004029,0.0003828,0.0003858,606832554.0,2025-12-10 20:00:00+00:00
1765411200000,0.0003858,0.000388,0.000363,0.0003747,1023253276.0,2025-12-11 00:00:00+00:00
1765425600000,0.0003746,0.0003748,0.0003618,0.0003648,818925543.0,2025-12-11 04:00:00+00:00
1765440000000,0.0003646,0.000368,0.0003601,0.0003604,422991955.0,2025-12-11 08:00:00+00:00
1765454400000,0.0003602,0.0003666,0.0003571,0.0003603,625769339.0,2025-12-11 12:00:00+00:00
1765468800000,0.0003603,0.0003709,0.0003603,0.0003663,775604293.0,2025-12-11 16:00:00+00:00
1765483200000,0.0003666,0.0003708,0.0003627,0.00037,685718232.0,2025-12-11 20:00:00+00:00
1765497600000,0.00037,0.0003927,0.0003637,0.0003647,1870088375.0,2025-12-12 00:00:00+00:00
1765512000000,0.0003648,0.0003678,0.0003519,0.0003553,890923682.0,2025-12-12 04:00:00+00:00
1765526400000,0.0003553,0.0003554,0.0003375,0.0003478,678180908.0,2025-12-12 08:00:00+00:00
1765540800000,0.0003476,0.0003501,0.0003325,0.0003377,746760256.0,2025-12-12 12:00:00+00:00
1765555200000,0.0003372,0.0003436,0.000333,0.0003425,560282562.0,2025-12-12 16:00:00+00:00
1765569600000,0.0003425,0.0003432,0.0003389,0.0003403,211500139.0,2025-12-12 20:00:00+00:00
1765584000000,0.0003403,0.0003578,0.00034,0.0003468,1968635660.0,2025-12-13 00:00:00+00:00
1765598400000,0.0003469,0.0003526,0.0003437,0.0003505,283070005.0,2025-12-13 04:00:00+00:00
1765612800000,0.0003504,0.0003516,0.0003466,0.0003481,351683059.0,2025-12-13 08:00:00+00:00
1765627200000,0.0003482,0.0003523,0.0003455,0.0003478,312203950.0,2025-12-13 12:00:00+00:00
1765641600000,0.0003477,0.0003496,0.0003465,0.0003471,196278234.0,2025-12-13 16:00:00+00:00
1765656000000,0.0003472,0.0003478,0.0003428,0.0003457,210232499.0,2025-12-13 20:00:00+00:00
1765670400000,0.0003457,0.0003494,0.0003437,0.000347,348793851.0,2025-12-14 00:00:00+00:00
1765684800000,0.0003471,0.0003471,0.000333,0.0003382,581107718.0,2025-12-14 04:00:00+00:00
1765699200000,0.0003381,0.0003416,0.0003288,0.0003354,745667395.0,2025-12-14 08:00:00+00:00
1765713600000,0.0003352,0.0003371,0.0003261,0.0003305,544640818.0,2025-12-14 12:00:00+00:00
1765728000000,0.0003305,0.0003367,0.00033,0.0003335,546341421.0,2025-12-14 16:00:00+00:00
1765742400000,0.0003336,0.0003355,0.0003263,0.0003299,345212309.0,2025-12-14 20:00:00+00:00
1765756800000,0.0003299,0.0003387,0.0003285,0.0003339,427777303.0,2025-12-15 00:00:00+00:00
1765771200000,0.0003341,0.0003395,0.0003341,0.0003368,327013701.0,2025-12-15 04:00:00+00:00
1765785600000,0.000337,0.0003383,0.0003337,0.0003354,427194792.0,2025-12-15 08:00:00+00:00
1765800000000,0.0003353,0.0003357,0.000322,0.0003273,885988705.0,2025-12-15 12:00:00+00:00
1765814400000,0.0003272,0.0003286,0.0003154,0.000323,772375278.0,2025-12-15 16:00:00+00:00
1765828800000,0.000323,0.0003296,0.0003186,0.0003278,271822586.0,2025-12-15 20:00:00+00:00
1765843200000,0.0003278,0.0003284,0.000323,0.0003246,282128192.0,2025-12-16 00:00:00+00:00
1765857600000,0.0003248,0.0003289,0.0003196,0.0003219,545584230.0,2025-12-16 04:00:00+00:00
1765872000000,0.0003221,0.0003291,0.000322,0.0003286,381688933.0,2025-12-16 08:00:00+00:00
1765886400000,0.0003286,0.0003296,0.0003217,0.0003264,507377182.0,2025-12-16 12:00:00+00:00
1765900800000,0.0003265,0.0003269,0.0003202,0.0003243,414022701.0,2025-12-16 16:00:00+00:00
1765915200000,0.0003243,0.0003276,0.0003236,0.0003261,271630499.0,2025-12-16 20:00:00+00:00
1765929600000,0.0003261,0.0003276,0.0003206,0.0003222,619439447.0,2025-12-17 00:00:00+00:00
1765944000000,0.0003224,0.0003241,0.0003177,0.0003206,397463276.0,2025-12-17 04:00:00+00:00
1765958400000,0.0003204,0.0003204,0.0003124,0.0003155,453696260.0,2025-12-17 08:00:00+00:00
1765972800000,0.0003155,0.0003286,0.0003127,0.0003144,961013062.0,2025-12-17 12:00:00+00:00
1765987200000,0.0003141,0.0003162,0.000298,0.0003052,1293173317.0,2025-12-17 16:00:00+00:00
1766001600000,0.0003051,0.0003288,0.0003038,0.00031,942874285.0,2025-12-17 20:00:00+00:00
1766016000000,0.00031,0.0003147,0.0003016,0.0003047,513141271.0,2025-12-18 00:00:00+00:00
1766030400000,0.000305,0.0003074,0.000298,0.0003025,478900372.0,2025-12-18 04:00:00+00:00
1766044800000,0.0003024,0.0003288,0.0002991,0.0003247,1959148794.0,2025-12-18 08:00:00+00:00
1766059200000,0.0003251,0.00041,0.0003216,0.0003683,13242219289.0,2025-12-18 12:00:00+00:00
1766073600000,0.000368,0.0003862,0.00035,0.0003573,4955800817.0,2025-12-18 16:00:00+00:00
1766088000000,0.0003578,0.000384,0.0003527,0.0003717,3590411415.0,2025-12-18 20:00:00+00:00
1766102400000,0.0003715,0.0003948,0.0003614,0.0003842,5460266011.0,2025-12-19 00:00:00+00:00
1766116800000,0.0003842,0.0003999,0.000366,0.0003721,10132063199.0,2025-12-19 04:00:00+00:00
1766131200000,0.0003721,0.0003773,0.0003575,0.0003706,5038512907.0,2025-12-19 08:00:00+00:00
1766145600000,0.0003707,0.0003841,0.0003642,0.0003691,2533562808.0,2025-12-19 12:00:00+00:00
1766160000000,0.000369,0.0003772,0.000364,0.0003718,1203536370.0,2025-12-19 16:00:00+00:00
1766174400000,0.0003717,0.000377,0.0003699,0.000375,592053795.0,2025-12-19 20:00:00+00:00
1766188800000,0.0003748,0.0003818,0.0003701,0.0003815,699319290.0,2025-12-20 00:00:00+00:00
1766203200000,0.0003814,0.0003875,0.0003706,0.000384,714781050.0,2025-12-20 04:00:00+00:00
1766217600000,0.0003842,0.0003929,0.0003806,0.0003857,595971092.0,2025-12-20 08:00:00+00:00
1766232000000,0.0003854,0.0004058,0.000383,0.0004043,1288573447.0,2025-12-20 12:00:00+00:00
1766246400000,0.0004047,0.0004526,0.0003985,0.000438,4285608832.0,2025-12-20 16:00:00+00:00
1766260800000,0.0004382,0.0004434,0.0004174,0.0004312,1345200530.0,2025-12-20 20:00:00+00:00
1766275200000,0.0004312,0.0004397,0.0003364,0.0003523,6677711691.0,2025-12-21 00:00:00+00:00
1766289600000,0.0003524,0.0003669,0.0003388,0.0003444,2509467990.0,2025-12-21 04:00:00+00:00
1766304000000,0.0003441,0.0003506,0.0003284,0.0003308,1904315416.0,2025-12-21 08:00:00+00:00
1766318400000,0.0003308,0.0003427,0.0003278,0.0003398,1930965330.0,2025-12-21 12:00:00+00:00
1766332800000,0.0003398,0.0003927,0.0003391,0.0003767,2371774073.0,2025-12-21 16:00:00+00:00
1766347200000,0.0003766,0.0003805,0.000358,0.0003732,1101294215.0,2025-12-21 20:00:00+00:00
1766361600000,0.0003732,0.0004177,0.0003732,0.000381,1799059452.0,2025-12-22 00:00:00+00:00
1766376000000,0.0003811,0.0004166,0.0003799,0.0004117,3117168006.0,2025-12-22 04:00:00+00:00
1766390400000,0.0004118,0.0004286,0.0003892,0.0003973,5257543011.0,2025-12-22 08:00:00+00:00
1766404800000,0.000397,0.0004039,0.0003766,0.0003813,1869681390.0,2025-12-22 12:00:00+00:00
1766419200000,0.0003811,0.0003908,0.0003772,0.0003813,620036925.0,2025-12-22 16:00:00+00:00
1766433600000,0.0003813,0.0003835,0.0003766,0.0003821,246216745.0,2025-12-22 20:00:00+00:00
1766448000000,0.0003821,0.0003822,0.0003657,0.0003676,530574423.0,2025-12-23 00:00:00+00:00
1766462400000,0.0003676,0.0003748,0.0003616,0.0003637,449250837.0,2025-12-23 04:00:00+00:00
1766476800000,0.0003637,0.0003683,0.0003511,0.0003656,867111987.0,2025-12-23 08:00:00+00:00
1766491200000,0.0003658,0.0003685,0.0003571,0.0003636,346430350.0,2025-12-23 12:00:00+00:00
1766505600000,0.0003638,0.0003718,0.0003626,0.0003676,359300782.0,2025-12-23 16:00:00+00:00
1766520000000,0.0003676,0.0003709,0.0003653,0.0003679,219080666.0,2025-12-23 20:00:00+00:00
1766534400000,0.0003679,0.0003702,0.0003558,0.0003609,381463945.0,2025-12-24 00:00:00+00:00
1766548800000,0.0003609,0.0003643,0.0003527,0.0003602,268809774.0,2025-12-24 04:00:00+00:00
1766563200000,0.0003602,0.0003662,0.0003518,0.0003537,465778275.0,2025-12-24 08:00:00+00:00
1766577600000,0.0003537,0.0003633,0.0003511,0.0003572,405844753.0,2025-12-24 12:00:00+00:00
1766592000000,0.0003569,0.00036,0.0003508,0.0003526,325615245.0,2025-12-24 16:00:00+00:00
1766606400000,0.0003528,0.0003577,0.0003528,0.0003568,240907555.0,2025-12-24 20:00:00+00:00
1766620800000,0.0003568,0.0003619,0.0003563,0.0003599,144420057.0,2025-12-25 00:00:00+00:00
1766635200000,0.0003597,0.0003652,0.0003573,0.000365,249045861.0,2025-12-25 04:00:00+00:00
1766649600000,0.0003646,0.0004213,0.0003645,0.0004056,7774254300.0,2025-12-25 08:00:00+00:00
1766664000000,0.0004056,0.000415,0.0003959,0.0004058,2514008266.0,2025-12-25 12:00:00+00:00
1766678400000,0.0004059,0.0004077,0.0003851,0.0004013,1216567191.0,2025-12-25 16:00:00+00:00
1766692800000,0.0004013,0.0004079,0.0003901,0.0003912,707638512.0,2025-12-25 20:00:00+00:00
1766707200000,0.0003911,0.0004149,0.00039,0.0004039,1231802705.0,2025-12-26 00:00:00+00:00
1766721600000,0.0004038,0.0004101,0.000396,0.0003993,777296996.0,2025-12-26 04:00:00+00:00
1766736000000,0.0003993,0.0004127,0.0003991,0.0004101,556166305.0,2025-12-26 08:00:00+00:00
1766750400000,0.0004098,0.0004225,0.0004054,0.0004224,739742021.0,2025-12-26 12:00:00+00:00
1766764800000,0.0004223,0.0004484,0.0004167,0.00043,2037943616.0,2025-12-26 16:00:00+00:00
1766779200000,0.0004296,0.0004327,0.0004157,0.0004185,438521710.0,2025-12-26 20:00:00+00:00
1766793600000,0.0004186,0.000426,0.0004102,0.0004144,338648704.0,2025-12-27 00:00:00+00:00
1766808000000,0.0004145,0.000415,0.0004037,0.0004083,338729909.0,2025-12-27 04:00:00+00:00
1766822400000,0.0004083,0.0004106,0.0004028,0.0004075,279126020.0,2025-12-27 08:00:00+00:00
1766836800000,0.0004072,0.0004225,0.0004057,0.0004135,363034258.0,2025-12-27 12:00:00+00:00
1766851200000,0.0004138,0.0004299,0.0004128,0.0004247,201970781.0,2025-12-27 16:00:00+00:00
1766865600000,0.0004248,0.000426,0.0004162,0.0004202,148555064.0,2025-12-27 20:00:00+00:00
1766880000000,0.0004205,0.0004214,0.0004158,0.0004186,111090301.0,2025-12-28 00:00:00+00:00
1766894400000,0.0004186,0.0004254,0.0004162,0.0004189,151352408.0,2025-12-28 04:00:00+00:00
1766908800000,0.0004189,0.0004895,0.0004164,0.0004267,8908757478.0,2025-12-28 08:00:00+00:00
1766923200000,0.000427,0.0004299,0.0004108,0.000422,1126859819.0,2025-12-28 12:00:00+00:00
1766937600000,0.000422,0.0004277,0.0004018,0.0004041,695336393.0,2025-12-28 16:00:00+00:00
1766952000000,0.000404,0.0004059,0.0003929,0.0004043,534151836.0,2025-12-28 20:00:00+00:00
1766966400000,0.0004042,0.0004171,0.000403,0.0004127,466244149.0,2025-12-29 00:00:00+00:00
1766980800000,0.000413,0.0004295,0.0004106,0.0004275,421435337.0,2025-12-29 04:00:00+00:00
1766995200000,0.0004276,0.0004314,0.0004143,0.0004238,571867831.0,2025-12-29 08:00:00+00:00
1767009600000,0.0004235,0.0004335,0.0004167,0.0004285,691901383.0,2025-12-29 12:00:00+00:00
1767024000000,0.0004285,0.0004349,0.0004231,0.0004314,366482063.0,2025-12-29 16:00:00+00:00
1767038400000,0.0004312,0.0004381,0.000425,0.0004269,423351237.0,2025-12-29 20:00:00+00:00
1767052800000,0.0004269,0.0004355,0.0004191,0.0004349,446526287.0,2025-12-30 00:00:00+00:00
1767067200000,0.0004349,0.0004386,0.0004257,0.0004303,392566678.0,2025-12-30 04:00:00+00:00
1767081600000,0.0004303,0.000445,0.0004269,0.000439,441476963.0,2025-12-30 08:00:00+00:00
1767096000000,0.0004387,0.0004444,0.0004247,0.0004285,524191788.0,2025-12-30 12:00:00+00:00
1767110400000,0.0004285,0.0004403,0.0004273,0.0004371,230756963.0,2025-12-30 16:00:00+00:00
1767124800000,0.0004367,0.0004413,0.0004276,0.0004383,222229647.0,2025-12-30 20:00:00+00:00
1767139200000,0.0004379,0.0004507,0.0004201,0.0004345,1571514057.0,2025-12-31 00:00:00+00:00
1767153600000,0.0004345,0.0004347,0.0004246,0.0004329,244791909.0,2025-12-31 04:00:00+00:00
1767168000000,0.000433,0.0004399,0.0004244,0.0004317,221671605.0,2025-12-31 08:00:00+00:00
1767182400000,0.0004312,0.0004386,0.000427,0.000428,188876595.0,2025-12-31 12:00:00+00:00
1767196800000,0.0004275,0.0004351,0.0004079,0.0004255,607785876.0,2025-12-31 16:00:00+00:00
1767211200000,0.000425,0.0004353,0.0004208,0.000429,228929437.0,2025-12-31 20:00:00+00:00
1767225600000,0.0004293,0.0004304,0.0004212,0.0004236,230291454.0,2026-01-01 00:00:00+00:00
1767240000000,0.0004236,0.0004322,0.0004231,0.0004276,172360779.0,2026-01-01 04:00:00+00:00
1767254400000,0.0004276,0.0004341,0.0004257,0.0004334,146504676.0,2026-01-01 08:00:00+00:00
1767268800000,0.0004333,0.0004337,0.000421,0.0004229,269637829.0,2026-01-01 12:00:00+00:00
1767283200000,0.0004233,0.000425,0.0004211,0.0004226,194595180.0,2026-01-01 16:00:00+00:00
1767297600000,0.0004229,0.000425,0.0004194,0.0004249,147244772.0,2026-01-01 20:00:00+00:00
1767312000000,0.0004249,0.0004249,0.0004028,0.0004106,353329725.0,2026-01-02 00:00:00+00:00
1767326400000,0.0004105,0.0004135,0.0004,0.0004052,322664633.0,2026-01-02 04:00:00+00:00
1767340800000,0.0004049,0.0004246,0.0004011,0.0004143,587909982.0,2026-01-02 08:00:00+00:00
1767355200000,0.0004147,0.000421,0.0004074,0.0004088,326847436.0,2026-01-02 12:00:00+00:00
1767369600000,0.0004093,0.0004158,0.0004022,0.0004064,245142847.0,2026-01-02 16:00:00+00:00
1767384000000,0.0004065,0.0004158,0.000405,0.0004104,241536936.0,2026-01-02 20:00:00+00:00
1767398400000,0.0004099,0.0004147,0.0004064,0.0004112,251382585.0,2026-01-03 00:00:00+00:00
1767412800000,0.0004109,0.000417,0.0004043,0.0004066,221528305.0,2026-01-03 04:00:00+00:00
1767427200000,0.0004066,0.0004216,0.0004037,0.0004173,239380774.0,2026-01-03 08:00:00+00:00
1767441600000,0.0004172,0.0004209,0.0004102,0.0004156,188049933.0,2026-01-03 12:00:00+00:00
1767456000000,0.0004154,0.0004236,0.0004106,0.0004148,300995542.0,2026-01-03 16:00:00+00:00
1767470400000,0.0004145,0.0004249,0.0004114,0.000423,143895051.0,2026-01-03 20:00:00+00:00
1767484800000,0.000423,0.0004395,0.0004164,0.0004325,382321410.0,2026-01-04 00:00:00+00:00
1767499200000,0.0004323,0.0004641,0.0004182,0.0004211,1353859726.0,2026-01-04 04:00:00+00:00
1767513600000,0.0004212,0.0004274,0.0004202,0.0004227,226931025.0,2026-01-04 08:00:00+00:00
1767528000000,0.0004229,0.0004287,0.0004208,0.0004257,186962332.0,2026-01-04 12:00:00+00:00
1767542400000,0.000426,0.0004328,0.0004175,0.0004232,211812032.0,2026-01-04 16:00:00+00:00
1767556800000,0.0004232,0.0004289,0.0004223,0.000426,98763378.0,2026-01-04 20:00:00+00:00
1767571200000,0.0004258,0.000451,0.0004234,0.0004406,511151755.0,2026-01-05 00:00:00+00:00
1767585600000,0.0004408,0.0004507,0.0004367,0.0004441,357047999.0,2026-01-05 04:00:00+00:00
1767600000000,0.000444,0.0004512,0.0004267,0.0004412,430005342.0,2026-01-05 08:00:00+00:00
1767614400000,0.0004412,0.0004619,0.0004298,0.0004407,1225180733.0,2026-01-05 12:00:00+00:00
1767628800000,0.0004408,0.0004439,0.0004321,0.0004399,266658476.0,2026-01-05 16:00:00+00:00
1767643200000,0.0004397,0.0004436,0.0004287,0.0004323,442478646.0,2026-01-05 20:00:00+00:00
1767657600000,0.0004319,0.0004699,0.0004305,0.0004589,631651015.0,2026-01-06 00:00:00+00:00
1767672000000,0.0004587,0.000476,0.0004572,0.0004666,462119550.0,2026-01-06 04:00:00+00:00
1767686400000,0.0004666,0.0005035,0.0004641,0.0004828,1091930001.0,2026-01-06 08:00:00+00:00
1767700800000,0.0004825,0.0004944,0.0004748,0.0004828,489212329.0,2026-01-06 12:00:00+00:00
1767715200000,0.0004821,0.0005396,0.0004756,0.000512,9292762163.0,2026-01-06 16:00:00+00:00
1767729600000,0.000512,0.0005337,0.0005061,0.0005155,3129626976.0,2026-01-06 20:00:00+00:00
1767744000000,0.0005151,0.0005225,0.0004655,0.0004741,2762041307.0,2026-01-07 00:00:00+00:00
1767758400000,0.0004742,0.0004926,0.0004735,0.0004909,466059952.0,2026-01-07 04:00:00+00:00
1767772800000,0.000491,0.000506,0.000481,0.0005043,791376953.0,2026-01-07 08:00:00+00:00
1767787200000,0.000504,0.0005214,0.0004945,0.0005101,1103920634.0,2026-01-07 12:00:00+00:00
1767801600000,0.0005101,0.0005896,0.0005089,0.0005848,2310816343.0,2026-01-07 16:00:00+00:00
1767816000000,0.0005845,0.0006031,0.0005663,0.0005692,3169625242.0,2026-01-07 20:00:00+00:00
1767830400000,0.00057,0.000592,0.0005508,0.0005622,3619263074.0,2026-01-08 00:00:00+00:00
1767844800000,0.0005625,0.0005919,0.0005551,0.0005835,4466253163.0,2026-01-08 04:00:00+00:00
1767859200000,0.0005835,0.0005983,0.000558,0.0005856,6816308988.0,2026-01-08 08:00:00+00:00
1767873600000,0.0005857,0.0006172,0.0005724,0.0005812,4118856694.0,2026-01-08 12:00:00+00:00
1767888000000,0.0005819,0.0006072,0.000568,0.0005741,2122692019.0,2026-01-08 16:00:00+00:00
1767902400000,0.0005742,0.0005846,0.0005176,0.0005206,1600734483.0,2026-01-08 20:00:00+00:00
1767916800000,0.0005208,0.0005524,0.0005186,0.00053,1543041703.0,2026-01-09 00:00:00+00:00
1767931200000,0.00053,0.0005334,0.000515,0.0005218,600948384.0,2026-01-09 04:00:00+00:00
1767945600000,0.000522,0.0005392,0.0005109,0.000528,1122594598.0,2026-01-09 08:00:00+00:00
1767960000000,0.000528,0.0005376,0.0005118,0.0005276,696463812.0,2026-01-09 12:00:00+00:00
1767974400000,0.0005278,0.000552,0.0005234,0.0005302,588530575.0,2026-01-09 16:00:00+00:00
1767988800000,0.0005309,0.0005421,0.0005242,0.000535,226204529.0,2026-01-09 20:00:00+00:00
1768003200000,0.0005348,0.0005372,0.0005,0.0005059,546075767.0,2026-01-10 00:00:00+00:00
1768017600000,0.0005058,0.0005194,0.000503,0.0005126,409930157.0,2026-01-10 04:00:00+00:00
1768032000000,0.0005127,0.0005196,0.0005058,0.0005121,263250863.0,2026-01-10 08:00:00+00:00
1768046400000,0.0005121,0.000515,0.0005033,0.0005049,205654895.0,2026-01-10 12:00:00+00:00
1768060800000,0.0005048,0.0005064,0.0004896,0.0004934,474420486.0,2026-01-10 16:00:00+00:00
1768075200000,0.0004936,0.0005028,0.0004609,0.0004746,810882263.0,2026-01-10 20:00:00+00:00
1768089600000,0.0004747,0.000512,0.0004676,0.0004809,1018544497.0,2026-01-11 00:00:00+00:00
1768104000000,0.0004806,0.00051,0.0004759,0.0005039,426982736.0,2026-01-11 04:00:00+00:00
1768118400000,0.0005038,0.0005064,0.000495,0.0005013,200711377.0,2026-01-11 08:00:00+00:00
1768132800000,0.0005009,0.0005266,0.000497,0.0005102,417054179.0,2026-01-11 12:00:00+00:00
1768147200000,0.0005104,0.0005566,0.0005067,0.0005356,1594033817.0,2026-01-11 16:00:00+00:00
1768161600000,0.0005357,0.0005373,0.0005202,0.0005237,438386329.0,2026-01-11 20:00:00+00:00
1768176000000,0.0005237,0.0005628,0.0005205,0.0005358,1364306722.0,2026-01-12 00:00:00+00:00
1768190400000,0.0005354,0.0005433,0.0005147,0.0005158,447810672.0,2026-01-12 04:00:00+00:00
1768204800000,0.0005159,0.0005223,0.0005051,0.0005221,350499309.0,2026-01-12 08:00:00+00:00
1768219200000,0.0005215,0.0005374,0.0005168,0.0005312,596757685.0,2026-01-12 12:00:00+00:00
1768233600000,0.0005316,0.000539,0.0005139,0.0005175,224382656.0,2026-01-12 16:00:00+00:00
1768248000000,0.0005173,0.0005209,0.0005071,0.0005113,178094452.0,2026-01-12 20:00:00+00:00
1768262400000,0.0005107,0.0005197,0.0005058,0.0005136,169567215.0,2026-01-13 00:00:00+00:00
1768276800000,0.0005136,0.0005224,0.0005084,0.0005164,169614500.0,2026-01-13 04:00:00+00:00
1768291200000,0.0005164,0.0005178,0.0005008,0.0005108,207699445.0,2026-01-13 08:00:00+00:00
1768305600000,0.0005106,0.0005187,0.0004981,0.0005,275541437.0,2026-01-13 12:00:00+00:00
1768320000000,0.0005001,0.0005142,0.0004958,0.00051,307382246.0,2026-01-13 16:00:00+00:00
1768334400000,0.0005099,0.0005224,0.000507,0.000517,235722057.0,2026-01-13 20:00:00+00:00
1768348800000,0.0005172,0.0005343,0.0005148,0.0005322,340668247.0,2026-01-14 00:00:00+00:00
1768363200000,0.0005321,0.0005382,0.0005185,0.0005317,390228789.0,2026-01-14 04:00:00+00:00
1768377600000,0.0005316,0.0005597,0.0005293,0.000537,508259544.0,2026-01-14 08:00:00+00:00
1768392000000,0.0005373,0.000565,0.0005343,0.0005463,656383120.0,2026-01-14 12:00:00+00:00
1768406400000,0.0005461,0.0005615,0.000515,0.0005388,839479033.0,2026-01-14 16:00:00+00:00
1768420800000,0.0005387,0.0005505,0.0005294,0.0005336,274474000.0,2026-01-14 20:00:00+00:00
1768435200000,0.0005338,0.0005472,0.0005153,0.0005208,414819534.0,2026-01-15 00:00:00+00:00
1768449600000,0.0005204,0.0005374,0.0005127,0.000526,356413139.0,2026-01-15 04:00:00+00:00
1768464000000,0.0005263,0.0005295,0.0005179,0.0005223,185654750.0,2026-01-15 08:00:00+00:00
1768478400000,0.0005224,0.0005228,0.0005035,0.0005106,632748055.0,2026-01-15 12:00:00+00:00
1768492800000,0.0005109,0.0005117,0.0004936,0.0004938,314044873.0,2026-01-15 16:00:00+00:00
1768507200000,0.000494,0.0004958,0.0004843,0.0004898,358988139.0,2026-01-15 20:00:00+00:00
1768521600000,0.0004898,0.000497,0.0004874,0.0004893,215883899.0,2026-01-16 00:00:00+00:00
1768536000000,0.0004894,0.0004942,0.0004761,0.0004772,234415804.0,2026-01-16 04:00:00+00:00
1768550400000,0.0004772,0.000485,0.0004703,0.0004724,400815608.0,2026-01-16 08:00:00+00:00
1768564800000,0.0004727,0.0004782,0.0004567,0.000462,345009536.0,2026-01-16 12:00:00+00:00
1768579200000,0.0004619,0.0004687,0.0004501,0.0004565,295810734.0,2026-01-16 16:00:00+00:00
1768593600000,0.0004567,0.0004714,0.0004546,0.000468,429231943.0,2026-01-16 20:00:00+00:00
1768608000000,0.000468,0.0004739,0.0004653,0.0004699,177342826.0,2026-01-17 00:00:00+00:00
1768622400000,0.0004697,0.0004739,0.0004642,0.0004671,192599582.0,2026-01-17 04:00:00+00:00
1768636800000,0.0004669,0.0004683,0.0004574,0.000462,195306429.0,2026-01-17 08:00:00+00:00
1768651200000,0.0004618,0.0004666,0.0004552,0.00046,269307806.0,2026-01-17 12:00:00+00:00
1768665600000,0.00046,0.00046,0.000453,0.0004565,195329854.0,2026-01-17 16:00:00+00:00
1768680000000,0.0004564,0.0004572,0.0004404,0.0004439,365418587.0,2026-01-17 20:00:00+00:00
1768694400000,0.0004437,0.000447,0.0004228,0.000429,604367557.0,2026-01-18 00:00:00+00:00
1768708800000,0.0004293,0.0004403,0.0004258,0.0004371,272561437.0,2026-01-18 04:00:00+00:00
1768723200000,0.0004372,0.0004519,0.0004369,0.0004483,140166705.0,2026-01-18 08:00:00+00:00
1768737600000,0.0004483,0.0004558,0.0004476,0.0004498,157617088.0,2026-01-18 12:00:00+00:00
1768752000000,0.0004498,0.0004529,0.0004434,0.0004449,144520898.0,2026-01-18 16:00:00+00:00
1768766400000,0.000445,0.0004522,0.0004276,0.0004298,226502113.0,2026-01-18 20:00:00+00:00
1768780800000,0.0004298,0.00043,0.0003418,0.0003924,1526913427.0,2026-01-19 00:00:00+00:00
1768795200000,0.0003923,0.000403,0.0003915,0.000402,286845247.0,2026-01-19 04:00:00+00:00
1768809600000,0.0004019,0.0004169,0.0003952,0.0004014,571526009.0,2026-01-19 08:00:00+00:00
1768824000000,0.0004014,0.0004094,0.00039,0.0004001,562776099.0,2026-01-19 12:00:00+00:00
1768838400000,0.0004,0.0004048,0.000399,0.0004001,149450789.0,2026-01-19 16:00:00+00:00
1768852800000,0.0003999,0.0004045,0.000399,0.000401,128842762.0,2026-01-19 20:00:00+00:00
1768867200000,0.000401,0.0004059,0.0003971,0.0004044,185204104.0,2026-01-20 00:00:00+00:00
1768881600000,0.0004044,0.0004218,0.0004038,0.0004176,452733040.0,2026-01-20 04:00:00+00:00
1768896000000,0.0004173,0.0004186,0.0004005,0.0004012,303343186.0,2026-01-20 08:00:00+00:00
1768910400000,0.0004013,0.0004055,0.0003954,0.0004014,231368744.0,2026-01-20 12:00:00+00:00
1768924800000,0.0004016,0.0004076,0.0003924,0.0004015,388122933.0,2026-01-20 16:00:00+00:00
1768939200000,0.0004015,0.0004021,0.0003876,0.0003928,200840313.0,2026-01-20 20:00:00+00:00
1768953600000,0.0003927,0.0004128,0.0003893,0.0004005,381739944.0,2026-01-21 00:00:00+00:00
1768968000000,0.0004001,0.000408,0.0003974,0.0003999,171662189.0,2026-01-21 04:00:00+00:00
1768982400000,0.0004,0.0004028,0.0003946,0.000395,172272674.0,2026-01-21 08:00:00+00:00
1768996800000,0.000395,0.0003974,0.0003861,0.0003947,312671879.0,2026-01-21 12:00:00+00:00
1769011200000,0.0003949,0.0004037,0.000371,0.0004005,499145385.0,2026-01-21 16:00:00+00:00
1769025600000,0.0004004,0.000403,0.0003966,0.0003989,206669224.0,2026-01-21 20:00:00+00:00
1769040000000,0.0003989,0.0004006,0.0003931,0.0003941,163281460.0,2026-01-22 00:00:00+00:00
1769054400000,0.0003941,0.0003998,0.0003937,0.0003949,132442508.0,2026-01-22 04:00:00+00:00
1769068800000,0.0003949,0.0003968,0.0003909,0.0003928,96549562.0,2026-01-22 08:00:00+00:00
1769083200000,0.0003929,0.0003996,0.0003878,0.0003901,232992177.0,2026-01-22 12:00:00+00:00
1769097600000,0.0003899,0.000395,0.0003855,0.0003876,884158914.0,2026-01-22 16:00:00+00:00
1769112000000,0.0003876,0.0003876,0.000383,0.0003834,84148848.0,2026-01-22 20:00:00+00:00
1769126400000,0.0003835,0.0003957,0.000383,0.0003922,133908534.0,2026-01-23 00:00:00+00:00
1769140800000,0.0003923,0.0004009,0.0003916,0.0003937,113992344.0,2026-01-23 04:00:00+00:00
1769155200000,0.0003938,0.000394,0.000387,0.0003902,284635701.0,2026-01-23 08:00:00+00:00
1769169600000,0.0003902,0.0003986,0.0003742,0.0003866,641135602.0,2026-01-23 12:00:00+00:00
1769184000000,0.0003868,0.0004008,0.0003799,0.0003808,550060113.0,2026-01-23 16:00:00+00:00
1769198400000,0.0003809,0.0003852,0.0003771,0.0003832,159914078.0,2026-01-23 20:00:00+00:00
1769212800000,0.0003831,0.0003888,0.000379,0.0003888,123205053.0,2026-01-24 00:00:00+00:00
1769227200000,0.0003882,0.000395,0.0003837,0.0003878,201596757.0,2026-01-24 04:00:00+00:00
1769241600000,0.0003878,0.0003935,0.0003864,0.0003916,249585871.0,2026-01-24 08:00:00+00:00
1769256000000,0.0003916,0.0003954,0.0003818,0.0003823,237673184.0,2026-01-24 12:00:00+00:00
1769270400000,0.0003824,0.0003831,0.0003771,0.0003804,195126978.0,2026-01-24 16:00:00+00:00
1769284800000,0.0003807,0.0003839,0.000378,0.0003793,106759271.0,2026-01-24 20:00:00+00:00
1769299200000,0.0003792,0.000388,0.0003772,0.0003791,170778536.0,2026-01-25 00:00:00+00:00
1769313600000,0.000379,0.0003838,0.0003754,0.0003799,159644806.0,2026-01-25 04:00:00+00:00
1769328000000,0.0003797,0.000391,0.0003767,0.0003806,275547338.0,2026-01-25 08:00:00+00:00
1769342400000,0.0003803,0.0003812,0.0003637,0.0003695,327165649.0,2026-01-25 12:00:00+00:00
1769356800000,0.0003699,0.0003703,0.0003541,0.0003547,377820589.0,2026-01-25 16:00:00+00:00
1769371200000,0.0003549,0.0003597,0.0003524,0.0003557,155721872.0,2026-01-25 20:00:00+00:00
1769385600000,0.0003555,0.0003667,0.0003535,0.0003651,137339243.0,2026-01-26 00:00:00+00:00
1769400000000,0.0003652,0.0003739,0.0003644,0.0003698,165040055.0,2026-01-26 04:00:00+00:00
1769414400000,0.0003698,0.0003744,0.0003678,0.0003721,137490994.0,2026-01-26 08:00:00+00:00
1769428800000,0.0003719,0.000373,0.0003648,0.0003692,432275453.0,2026-01-26 12:00:00+00:00
1769443200000,0.0003692,0.0003718,0.0003659,0.000368,266096702.0,2026-01-26 16:00:00+00:00
1769457600000,0.0003679,0.0003786,0.0003664,0.0003776,185612747.0,2026-01-26 20:00:00+00:00
1769472000000,0.0003772,0.0003775,0.0003671,0.0003689,179115404.0,2026-01-27 00:00:00+00:00
1769486400000,0.0003689,0.0003725,0.0003659,0.0003708,112885439.0,2026-01-27 04:00:00+00:00
1769500800000,0.0003702,0.0003727,0.000361,0.0003621,270169763.0,2026-01-27 08:00:00+00:00
1769515200000,0.0003618,0.0003662,0.0003583,0.0003639,358477723.0,2026-01-27 12:00:00+00:00
1769529600000,0.0003638,0.0003722,0.000361,0.0003706,327643449.0,2026-01-27 16:00:00+00:00
1769544000000,0.0003705,0.000404,0.0003705,0.0003908,884281447.0,2026-01-27 20:00:00+00:00
1769558400000,0.0003911,0.0003947,0.0003828,0.0003829,266843943.0,2026-01-28 00:00:00+00:00
1769572800000,0.0003833,0.0003876,0.0003772,0.0003803,226841306.0,2026-01-28 04:00:00+00:00
1769587200000,0.0003799,0.0003968,0.0003788,0.0003908,428669806.0,2026-01-28 08:00:00+00:00
1769601600000,0.0003906,0.0003907,0.000375,0.000376,267046935.0,2026-01-28 12:00:00+00:00
1769616000000,0.0003762,0.0003793,0.00037,0.0003736,403138196.0,2026-01-28 16:00:00+00:00
1769630400000,0.0003738,0.000395,0.0003733,0.000387,415897839.0,2026-01-28 20:00:00+00:00
1769644800000,0.000387,0.0003907,0.0003758,0.0003788,227478515.0,2026-01-29 00:00:00+00:00
1769659200000,0.0003786,0.000379,0.0003704,0.0003756,163588489.0,2026-01-29 04:00:00+00:00
1769673600000,0.0003759,0.0003783,0.000372,0.0003725,162946672.0,2026-01-29 08:00:00+00:00
1769688000000,0.0003726,0.0003753,0.0003547,0.0003581,443236945.0,2026-01-29 12:00:00+00:00
1769702400000,0.0003576,0.0003663,0.00035,0.0003532,303429342.0,2026-01-29 16:00:00+00:00
1769716800000,0.0003534,0.0003587,0.0003517,0.0003563,166338945.0,2026-01-29 20:00:00+00:00
1769731200000,0.0003566,0.0003581,0.0003399,0.0003515,375284027.0,2026-01-30 00:00:00+00:00
1769745600000,0.0003515,0.0003695,0.0003488,0.0003686,310305019.0,2026-01-30 04:00:00+00:00
1769760000000,0.0003685,0.0003794,0.0003618,0.0003793,447267059.0,2026-01-30 08:00:00+00:00
1769774400000,0.0003792,0.000396,0.0003747,0.0003852,888844999.0,2026-01-30 12:00:00+00:00
1769788800000,0.0003851,0.0004146,0.000384,0.0004031,1213106172.0,2026-01-30 16:00:00+00:00
1769803200000,0.0004032,0.0004216,0.0004025,0.0004095,1575961583.0,2026-01-30 20:00:00+00:00
1769817600000,0.0004098,0.0004173,0.0004026,0.0004155,960736497.0,2026-01-31 00:00:00+00:00
1769832000000,0.0004155,0.0004417,0.000389,0.0003939,4010048448.0,2026-01-31 04:00:00+00:00
1769846400000,0.0003943,0.0003949,0.000353,0.000357,1494723426.0,2026-01-31 08:00:00+00:00
1769860800000,0.000357,0.0003617,0.0003381,0.0003399,1090736280.0,2026-01-31 12:00:00+00:00
1769875200000,0.0003396,0.0003455,0.0003047,0.0003159,1740245299.0,2026-01-31 16:00:00+00:00
1769889600000,0.0003156,0.0003353,0.0003156,0.0003335,454107227.0,2026-01-31 20:00:00+00:00
1769904000000,0.0003337,0.0003367,0.0003271,0.0003359,449383622.0,2026-02-01 00:00:00+00:00
1769918400000,0.000336,0.0003418,0.0003286,0.0003327,417080316.0,2026-02-01 04:00:00+00:00
1769932800000,0.0003328,0.000337,0.00032,0.0003305,893785814.0,2026-02-01 08:00:00+00:00
1769947200000,0.0003305,0.0003309,0.0003139,0.000323,1022300618.0,2026-02-01 12:00:00+00:00
1769961600000,0.0003228,0.000325,0.0003151,0.0003199,371365317.0,2026-02-01 16:00:00+00:00
1769976000000,0.0003197,0.0003265,0.0003139,0.0003248,452207320.0,2026-02-01 20:00:00+00:00
1769990400000,0.0003249,0.0003312,0.0003141,0.0003257,441246990.0,2026-02-02 00:00:00+00:00
1770004800000,0.0003257,0.0003289,0.0003147,0.0003246,366828184.0,2026-02-02 04:00:00+00:00
1770019200000,0.000324,0.0003332,0.000323,0.0003274,335907198.0,2026-02-02 08:00:00+00:00
1770033600000,0.0003275,0.0003349,0.000324,0.0003318,273169287.0,2026-02-02 12:00:00+00:00
1770048000000,0.000332,0.0003351,0.0003273,0.0003274,296432268.0,2026-02-02 16:00:00+00:00
1770062400000,0.000327,0.0003291,0.0003243,0.0003256,119499317.0,2026-02-02 20:00:00+00:00
1770076800000,0.0003253,0.000326,0.0003133,0.0003206,213570726.0,2026-02-03 00:00:00+00:00
1770091200000,0.0003205,0.0003229,0.0003109,0.0003198,329364207.0,2026-02-03 04:00:00+00:00
1770105600000,0.0003198,0.0003267,0.0003121,0.0003168,612331428.0,2026-02-03 08:00:00+00:00
1770120000000,0.000317,0.000319,0.0002917,0.0002992,1215779363.0,2026-02-03 12:00:00+00:00
1770134400000,0.0002993,0.0003109,0.0002848,0.0003049,1083281075.0,2026-02-03 16:00:00+00:00
1770148800000,0.0003049,0.0003194,0.0003018,0.0003089,441904494.0,2026-02-03 20:00:00+00:00
1770163200000,0.0003089,0.0003195,0.0003082,0.0003156,255820383.0,2026-02-04 00:00:00+00:00
1770177600000,0.0003154,0.0003164,0.0003049,0.0003055,438057059.0,2026-02-04 04:00:00+00:00
1770192000000,0.0003056,0.0003069,0.0002972,0.0002999,258702902.0,2026-02-04 08:00:00+00:00
1770206400000,0.0003,0.0003011,0.0002768,0.0002778,1378449745.0,2026-02-04 12:00:00+00:00
1770220800000,0.0002778,0.0002865,0.0002731,0.0002861,709373065.0,2026-02-04 16:00:00+00:00
1770235200000,0.0002862,0.0002878,0.0002756,0.0002847,568826203.0,2026-02-04 20:00:00+00:00
1770249600000,0.000285,0.0002908,0.0002831,0.0002866,312862642.0,2026-02-05 00:00:00+00:00
1770264000000,0.0002868,0.0002873,0.0002758,0.0002766,563941965.0,2026-02-05 04:00:00+00:00
1770278400000,0.0002765,0.0002795,0.0002672,0.00027,715345422.0,2026-02-05 08:00:00+00:00
1770292800000,0.0002699,0.0002723,0.0002458,0.0002529,2701675528.0,2026-02-05 12:00:00+00:00
1770307200000,0.0002527,0.0002576,0.000247,0.0002521,952532299.0,2026-02-05 16:00:00+00:00
1770321600000,0.0002521,0.0002522,0.0002193,0.0002203,2132191368.0,2026-02-05 20:00:00+00:00
1770336000000,0.0002208,0.0002208,0.000187,0.0002052,4535116677.0,2026-02-06 00:00:00+00:00
1770350400000,0.000205,0.0002194,0.0002025,0.0002077,2016538745.0,2026-02-06 04:00:00+00:00
1770364800000,0.0002076,0.0002078,0.000194,0.000197,2071837835.0,2026-02-06 08:00:00+00:00
1770379200000,0.0001971,0.0002209,0.000196,0.0002146,2938144840.0,2026-02-06 12:00:00+00:00
1770393600000,0.0002146,0.0002232,0.0002121,0.000216,1178852735.0,2026-02-06 16:00:00+00:00
1770408000000,0.000216,0.0002267,0.0002154,0.000221,1122302570.0,2026-02-06 20:00:00+00:00
1770422400000,0.0002207,0.0002259,0.0002166,0.0002244,521703614.0,2026-02-07 00:00:00+00:00
1770436800000,0.0002243,0.0002256,0.0002041,0.0002067,1100552164.0,2026-02-07 04:00:00+00:00
1770451200000,0.0002063,0.0002098,0.000204,0.0002057,345130002.0,2026-02-07 08:00:00+00:00
1770465600000,0.0002055,0.0002148,0.0002053,0.0002127,1445659408.0,2026-02-07 12:00:00+00:00
1770480000000,0.0002129,0.0002164,0.000201,0.0002052,1089485557.0,2026-02-07 16:00:00+00:00
1770494400000,0.0002053,0.0002085,0.0001998,0.0002023,709621535.0,2026-02-07 20:00:00+00:00
1770508800000,0.0002021,0.0002052,0.0001993,0.0002028,545411589.0,2026-02-08 00:00:00+00:00
1770523200000,0.0002031,0.0002035,0.0001958,0.0001982,422677932.0,2026-02-08 04:00:00+00:00
1770537600000,0.0001983,0.0002008,0.0001948,0.0001991,527136981.0,2026-02-08 08:00:00+00:00
1770552000000,0.0001992,0.000201,0.0001895,0.0001933,646496311.0,2026-02-08 12:00:00+00:00
1770566400000,0.0001933,0.0002023,0.0001917,0.0001996,1149452636.0,2026-02-08 16:00:00+00:00
1770580800000,0.0001996,0.0002022,0.0001956,0.0001991,229153076.0,2026-02-08 20:00:00+00:00
1770595200000,0.000199,0.0002028,0.0001972,0.000202,359687025.0,2026-02-09 00:00:00+00:00
1770609600000,0.000202,0.0002065,0.0001998,0.0002003,485627853.0,2026-02-09 04:00:00+00:00
1770624000000,0.0002003,0.0002015,0.0001918,0.0001946,397398358.0,2026-02-09 08:00:00+00:00
1770638400000,0.0001947,0.0001983,0.0001927,0.0001946,522270820.0,2026-02-09 12:00:00+00:00
1770652800000,0.0001946,0.0002028,0.000193,0.0002013,965319636.0,2026-02-09 16:00:00+00:00
1770667200000,0.0002013,0.0002024,0.0001983,0.0002012,398471665.0,2026-02-09 20:00:00+00:00
1770681600000,0.0002014,0.0002045,0.0001973,0.0002003,631951895.0,2026-02-10 00:00:00+00:00
1770696000000,0.0002,0.0002028,0.0001977,0.0002013,312268668.0,2026-02-10 04:00:00+00:00
1770710400000,0.0002013,0.0002052,0.0001998,0.0002019,756612025.0,2026-02-10 08:00:00+00:00
1770724800000,0.000202,0.0002121,0.0002,0.0002096,1429559263.0,2026-02-10 12:00:00+00:00
1770739200000,0.0002095,0.0002149,0.0002084,0.0002118,767492437.0,2026-02-10 16:00:00+00:00
1770753600000,0.0002116,0.0002129,0.0002084,0.0002111,348243296.0,2026-02-10 20:00:00+00:00
1770768000000,0.0002112,0.0002154,0.0002071,0.0002096,435825771.0,2026-02-11 00:00:00+00:00
1770782400000,0.0002097,0.0002107,0.0002001,0.0002005,570248210.0,2026-02-11 04:00:00+00:00
1770796800000,0.0002005,0.0002041,0.0001992,0.0002027,676163593.0,2026-02-11 08:00:00+00:00
1770811200000,0.0002026,0.0002087,0.0001992,0.0002032,536930077.0,2026-02-11 12:00:00+00:00
1770825600000,0.0002032,0.0002189,0.0002,0.0002111,1619913110.0,2026-02-11 16:00:00+00:00
1770840000000,0.0002108,0.0002187,0.0002102,0.0002123,791300606.0,2026-02-11 20:00:00+00:00
1770854400000,0.0002121,0.0002208,0.0002115,0.0002196,336052550.0,2026-02-12 00:00:00+00:00
1770868800000,0.0002195,0.0002274,0.0002171,0.0002199,692252161.0,2026-02-12 04:00:00+00:00
1770883200000,0.00022,0.0002292,0.0002167,0.0002239,429683303.0,2026-02-12 08:00:00+00:00
1770897600000,0.0002236,0.0002496,0.0002228,0.0002327,2629326496.0,2026-02-12 12:00:00+00:00
1770912000000,0.0002329,0.0002402,0.0002271,0.0002371,1017534522.0,2026-02-12 16:00:00+00:00
1770926400000,0.0002371,0.0002494,0.0002365,0.0002458,1235563280.0,2026-02-12 20:00:00+00:00
1770940800000,0.0002459,0.000261,0.0002405,0.0002515,4255469549.0,2026-02-13 00:00:00+00:00
1770955200000,0.0002515,0.0003187,0.0002501,0.000293,44806805632.0,2026-02-13 04:00:00+00:00
1770969600000,0.000293,0.0003105,0.000288,0.0002921,21098454768.0,2026-02-13 08:00:00+00:00
1770984000000,0.000292,0.0003188,0.0002914,0.000306,15276574311.0,2026-02-13 12:00:00+00:00
1770998400000,0.000306,0.0003287,0.0003055,0.0003135,13414465537.0,2026-02-13 16:00:00+00:00
1771012800000,0.0003137,0.0003237,0.0003083,0.0003084,4422206943.0,2026-02-13 20:00:00+00:00
1771027200000,0.0003088,0.0003237,0.000264,0.0002725,9985211341.0,2026-02-14 00:00:00+00:00
1771041600000,0.0002727,0.0002736,0.0002616,0.000268,3589632686.0,2026-02-14 04:00:00+00:00
1771056000000,0.0002681,0.0002851,0.0002651,0.0002818,2619867262.0,2026-02-14 08:00:00+00:00
1771070400000,0.000282,0.0002897,0.0002763,0.0002844,1377707887.0,2026-02-14 12:00:00+00:00
1771084800000,0.0002843,0.0003082,0.0002842,0.000305,1323966973.0,2026-02-14 16:00:00+00:00
1771099200000,0.0003049,0.000308,0.0002932,0.0002943,690587377.0,2026-02-14 20:00:00+00:00
1771113600000,0.0002941,0.0003071,0.0002912,0.0002977,903915650.0,2026-02-15 00:00:00+00:00
1771128000000,0.0002978,0.0002981,0.0002933,0.0002952,390066170.0,2026-02-15 04:00:00+00:00
1771142400000,0.0002952,0.0002956,0.0002831,0.0002838,606549904.0,2026-02-15 08:00:00+00:00
1771156800000,0.0002837,0.0002856,0.0002703,0.0002713,809404689.0,2026-02-15 12:00:00+00:00
1771171200000,0.0002713,0.0002809,0.0002665,0.0002796,758282339.0,2026-02-15 16:00:00+00:00
1771185600000,0.0002791,0.000281,0.0002728,0.000276,435969551.0,2026-02-15 20:00:00+00:00
1771200000000,0.0002762,0.0002774,0.0002705,0.0002752,330228795.0,2026-02-16 00:00:00+00:00
1771214400000,0.0002751,0.0002762,0.0002713,0.0002754,238022860.0,2026-02-16 04:00:00+00:00
1771228800000,0.0002754,0.0002803,0.0002735,0.0002799,768638941.0,2026-02-16 08:00:00+00:00
1771243200000,0.0002797,0.000287,0.0002776,0.0002845,795973160.0,2026-02-16 12:00:00+00:00
1771257600000,0.0002843,0.0002914,0.0002831,0.0002867,418716932.0,2026-02-16 16:00:00+00:00
1771272000000,0.0002867,0.0002916,0.0002839,0.000287,250064795.0,2026-02-16 20:00:00+00:00
1771286400000,0.000287,0.000289,0.0002832,0.0002841,274040434.0,2026-02-17 00:00:00+00:00
1771300800000,0.0002842,0.0002862,0.00028,0.0002844,298672012.0,2026-02-17 04:00:00+00:00
1771315200000,0.0002844,0.000286,0.000275,0.0002783,366120856.0,2026-02-17 08:00:00+00:00
1771329600000,0.0002783,0.0002802,0.0002701,0.0002714,444474792.0,2026-02-17 12:00:00+00:00
1771344000000,0.0002715,0.0002795,0.0002711,0.0002758,366669216.0,2026-02-17 16:00:00+00:00
1771358400000,0.0002758,0.0002772,0.0002677,0.0002705,665210835.0,2026-02-17 20:00:00+00:00
1771372800000,0.0002706,0.0002836,0.0002651,0.0002725,2227096506.0,2026-02-18 00:00:00+00:00
1771387200000,0.0002726,0.0002772,0.0002689,0.0002731,708054731.0,2026-02-18 04:00:00+00:00
1771401600000,0.0002729,0.0002789,0.0002702,0.0002737,860396869.0,2026-02-18 08:00:00+00:00
1771416000000,0.0002737,0.0002756,0.0002665,0.0002691,596382136.0,2026-02-18 12:00:00+00:00
1771430400000,0.0002691,0.0002717,0.0002613,0.0002624,361780074.0,2026-02-18 16:00:00+00:00
1771444800000,0.0002623,0.0002638,0.0002523,0.0002534,1118962820.0,2026-02-18 20:00:00+00:00
1771459200000,0.0002534,0.0002595,0.0002514,0.0002582,372995671.0,2026-02-19 00:00:00+00:00
1771473600000,0.0002585,0.0002592,0.0002534,0.0002548,345072658.0,2026-02-19 04:00:00+00:00
1771488000000,0.0002548,0.0002559,0.0002506,0.0002536,310095561.0,2026-02-19 08:00:00+00:00
1771502400000,0.0002535,0.0002586,0.0002491,0.0002567,523178964.0,2026-02-19 12:00:00+00:00
1771516800000,0.0002567,0.0002628,0.0002561,0.0002607,308697484.0,2026-02-19 16:00:00+00:00
1771531200000,0.0002608,0.0002635,0.0002572,0.0002628,493058872.0,2026-02-19 20:00:00+00:00
1771545600000,0.0002626,0.000265,0.0002597,0.0002644,393700192.0,2026-02-20 00:00:00+00:00
1771560000000,0.0002644,0.0002696,0.0002625,0.0002684,305651620.0,2026-02-20 04:00:00+00:00
1771574400000,0.0002684,0.0002812,0.0002681,0.0002727,623463116.0,2026-02-20 08:00:00+00:00
1771588800000,0.0002729,0.0002784,0.000264,0.0002723,713993021.0,2026-02-20 12:00:00+00:00
1771603200000,0.0002721,0.0002735,0.0002641,0.0002699,474523109.0,2026-02-20 16:00:00+00:00
1771617600000,0.0002698,0.000279,0.0002687,0.0002757,236357979.0,2026-02-20 20:00:00+00:00
1771632000000,0.0002757,0.0002875,0.0002753,0.0002809,377012117.0,2026-02-21 00:00:00+00:00
1771646400000,0.000281,0.0002818,0.0002731,0.0002744,261519279.0,2026-02-21 04:00:00+00:00
1771660800000,0.0002744,0.0002801,0.0002738,0.0002777,172336041.0,2026-02-21 08:00:00+00:00
1771675200000,0.0002775,0.0002827,0.0002756,0.0002765,188122260.0,2026-02-21 12:00:00+00:00
1771689600000,0.0002767,0.0002767,0.0002687,0.0002709,260489434.0,2026-02-21 16:00:00+00:00
1771704000000,0.0002708,0.0002718,0.0002675,0.0002683,123618487.0,2026-02-21 20:00:00+00:00
1771718400000,0.0002683,0.0002696,0.0002653,0.0002682,208212173.0,2026-02-22 00:00:00+00:00
1771732800000,0.000268,0.0002715,0.0002653,0.0002704,179874077.0,2026-02-22 04:00:00+00:00
1771747200000,0.0002707,0.0002719,0.0002678,0.0002703,100308324.0,2026-02-22 08:00:00+00:00
1771761600000,0.0002703,0.0002707,0.000265,0.0002674,194159842.0,2026-02-22 12:00:00+00:00
1771776000000,0.0002674,0.0002695,0.0002628,0.0002635,227214572.0,2026-02-22 16:00:00+00:00
1771790400000,0.0002632,0.0002848,0.000261,0.0002701,1958687844.0,2026-02-22 20:00:00+00:00
1771804800000,0.0002701,0.0002704,0.0002529,0.000257,654158358.0,2026-02-23 00:00:00+00:00
1771819200000,0.000257,0.0002659,0.0002545,0.0002655,394964298.0,2026-02-23 04:00:00+00:00
1771833600000,0.0002656,0.000308,0.000264,0.0002927,5545643170.0,2026-02-23 08:00:00+00:00
1771848000000,0.0002923,0.0003078,0.0002901,0.0003028,1907120245.0,2026-02-23 12:00:00+00:00
1771862400000,0.0003025,0.0003533,0.0002995,0.0003168,15977860089.0,2026-02-23 16:00:00+00:00
1771876800000,0.0003164,0.000327,0.0002904,0.000308,4846937856.0,2026-02-23 20:00:00+00:00
1771891200000,0.0003079,0.0003083,0.0002885,0.0002933,1925795349.0,2026-02-24 00:00:00+00:00
1771905600000,0.0002934,0.0003199,0.0002896,0.0003045,5191567885.0,2026-02-24 04:00:00+00:00
1771920000000,0.0003043,0.0003123,0.0002943,0.0002981,1566444891.0,2026-02-24 08:00:00+00:00
1771934400000,0.0002982,0.000319,0.0002959,0.0003132,1803139248.0,2026-02-24 12:00:00+00:00
1771948800000,0.0003133,0.0004402,0.0003115,0.0004299,11852711711.0,2026-02-24 16:00:00+00:00
1771963200000,0.0004304,0.0005212,0.000422,0.0004476,45072719290.0,2026-02-24 20:00:00+00:00
1771977600000,0.0004473,0.0004901,0.000306,0.000345,49451574755.0,2026-02-25 00:00:00+00:00
1771992000000,0.0003443,0.0004036,0.0003334,0.0003536,16716301402.0,2026-02-25 04:00:00+00:00
1772006400000,0.0003536,0.0003658,0.0003356,0.0003505,5845827875.0,2026-02-25 08:00:00+00:00
1772020800000,0.0003503,0.0003663,0.0003466,0.00036,3676651465.0,2026-02-25 12:00:00+00:00
1772035200000,0.0003599,0.0004331,0.0003526,0.000369,19789268884.0,2026-02-25 16:00:00+00:00
1772049600000,0.000369,0.0003713,0.0003411,0.0003459,3126868494.0,2026-02-25 20:00:00+00:00
1772064000000,0.000346,0.0003559,0.0003025,0.0003184,5274782629.0,2026-02-26 00:00:00+00:00
1772078400000,0.0003187,0.0003258,0.0003105,0.0003133,2792855480.0,2026-02-26 04:00:00+00:00
1772092800000,0.0003135,0.0003309,0.000313,0.0003185,1801336692.0,2026-02-26 08:00:00+00:00
1772107200000,0.0003184,0.0003221,0.0003,0.0003042,1875795050.0,2026-02-26 12:00:00+00:00
1772121600000,0.0003043,0.0003064,0.0002905,0.0002959,2448522077.0,2026-02-26 16:00:00+00:00
1772136000000,0.000296,0.0002979,0.0002757,0.0002803,1979493293.0,2026-02-26 20:00:00+00:00
1772150400000,0.0002805,0.0002893,0.0002779,0.0002889,1299564100.0,2026-02-27 00:00:00+00:00
1772164800000,0.0002889,0.0002937,0.0002822,0.0002924,1358851692.0,2026-02-27 04:00:00+00:00
1772179200000,0.0002928,0.0002997,0.0002872,0.0002897,1071913228.0,2026-02-27 08:00:00+00:00
1772193600000,0.0002897,0.000297,0.0002816,0.0002858,866977899.0,2026-02-27 12:00:00+00:00
1772208000000,0.0002857,0.0002904,0.0002789,0.0002822,568254409.0,2026-02-27 16:00:00+00:00
1772222400000,0.0002822,0.0002847,0.0002729,0.0002736,610129647.0,2026-02-27 20:00:00+00:00
1772236800000,0.0002735,0.0002757,0.0002601,0.0002653,1139030960.0,2026-02-28 00:00:00+00:00
1772251200000,0.0002653,0.000267,0.0002232,0.0002303,5287437292.0,2026-02-28 04:00:00+00:00
1772265600000,0.00023,0.000245,0.0002285,0.0002363,2066204445.0,2026-02-28 08:00:00+00:00
1772280000000,0.0002361,0.0002422,0.0002346,0.000238,1256444770.0,2026-02-28 12:00:00+00:00
1772294400000,0.000238,0.0002407,0.0002343,0.0002391,1128725336.0,2026-02-28 16:00:00+00:00
1772308800000,0.0002393,0.0002496,0.0002375,0.0002466,1508059529.0,2026-02-28 20:00:00+00:00
1772323200000,0.0002468,0.0002526,0.000245,0.0002481,1424191701.0,2026-03-01 00:00:00+00:00
1772337600000,0.0002482,0.0002562,0.000232,0.000236,2780468930.0,2026-03-01 04:00:00+00:00
1772352000000,0.0002359,0.0002496,0.0002356,0.0002465,1031185355.0,2026-03-01 08:00:00+00:00
1772366400000,0.0002464,0.0002519,0.0002325,0.0002469,2173833657.0,2026-03-01 12:00:00+00:00
1772380800000,0.0002472,0.0002501,0.0002252,0.0002459,1747666899.0,2026-03-01 16:00:00+00:00
1772395200000,0.0002461,0.0002473,0.0002381,0.0002468,682625919.0,2026-03-01 20:00:00+00:00
1772409600000,0.0002468,0.0002504,0.0002423,0.0002459,505906394.0,2026-03-02 00:00:00+00:00
1772424000000,0.0002457,0.0002477,0.0002416,0.0002431,366035430.0,2026-03-02 04:00:00+00:00
1772438400000,0.0002431,0.0002444,0.0002393,0.000241,384514910.0,2026-03-02 08:00:00+00:00
1772452800000,0.0002411,0.0002465,0.0002394,0.0002443,464043552.0,2026-03-02 12:00:00+00:00
1772467200000,0.0002445,0.0002464,0.000228,0.0002339,1095379665.0,2026-03-02 16:00:00+00:00
1772481600000,0.000234,0.0002389,0.0002303,0.0002366,748392129.0,2026-03-02 20:00:00+00:00
1772496000000,0.0002366,0.0002433,0.0002363,0.00024,482231695.0,2026-03-03 00:00:00+00:00
1772510400000,0.0002401,0.0002449,0.000239,0.0002431,300853506.0,2026-03-03 04:00:00+00:00
1772524800000,0.0002432,0.000244,0.0002276,0.0002338,1184603249.0,2026-03-03 08:00:00+00:00
1772539200000,0.0002339,0.0002378,0.0002309,0.0002371,573448860.0,2026-03-03 12:00:00+00:00
1772553600000,0.0002373,0.0002405,0.0002325,0.0002405,695811252.0,2026-03-03 16:00:00+00:00
1772568000000,0.0002404,0.0002413,0.0002372,0.0002386,354502015.0,2026-03-03 20:00:00+00:00
1772582400000,0.0002386,0.0002404,0.0002335,0.0002385,517304947.0,2026-03-04 00:00:00+00:00
1772596800000,0.0002385,0.0002428,0.0002365,0.0002419,411530944.0,2026-03-04 04:00:00+00:00
1772611200000,0.0002421,0.0002532,0.00024,0.0002526,660464555.0,2026-03-04 08:00:00+00:00
1772625600000,0.0002528,0.0002602,0.0002478,0.0002538,1747427161.0,2026-03-04 12:00:00+00:00
1772640000000,0.0002536,0.0002566,0.0002508,0.0002531,364797761.0,2026-03-04 16:00:00+00:00
1772654400000,0.0002531,0.0002554,0.000241,0.0002439,560855651.0,2026-03-04 20:00:00+00:00
1772668800000,0.0002439,0.0002492,0.000241,0.0002453,465585464.0,2026-03-05 00:00:00+00:00
1772683200000,0.0002459,0.0002493,0.0002426,0.0002454,381398722.0,2026-03-05 04:00:00+00:00
1772697600000,0.0002454,0.0002514,0.0002442,0.0002489,567285956.0,2026-03-05 08:00:00+00:00
1772712000000,0.0002489,0.0003059,0.0002484,0.0003024,7225705144.0,2026-03-05 12:00:00+00:00
1772726400000,0.0003024,0.0003121,0.0002755,0.0002853,10426530275.0,2026-03-05 16:00:00+00:00
1772740800000,0.0002853,0.0003037,0.0002755,0.0002894,6461333369.0,2026-03-05 20:00:00+00:00
1772755200000,0.00029,0.0002939,0.0002522,0.0002596,6144106874.0,2026-03-06 00:00:00+00:00
1772769600000,0.0002598,0.0002923,0.0002541,0.0002558,6413307897.0,2026-03-06 04:00:00+00:00
1772784000000,0.000256,0.0002596,0.0002501,0.0002583,1164370849.0,2026-03-06 08:00:00+00:00
1772798400000,0.0002586,0.000284,0.000257,0.0002776,2944544678.0,2026-03-06 12:00:00+00:00
1772812800000,0.0002777,0.0002799,0.0002662,0.0002696,2709575165.0,2026-03-06 16:00:00+00:00
1772827200000,0.0002695,0.0002827,0.000257,0.0002794,2642673591.0,2026-03-06 20:00:00+00:00
1772841600000,0.0002794,0.0002865,0.0002551,0.0002602,2529500113.0,2026-03-07 00:00:00+00:00
1772856000000,0.0002602,0.0004266,0.0002184,0.0003262,59976464915.0,2026-03-07 04:00:00+00:00
1772870400000,0.0003262,0.0003848,0.0003036,0.000307,73265953921.0,2026-03-07 08:00:00+00:00
1772884800000,0.0003069,0.000316,0.0002488,0.0002657,25884946219.0,2026-03-07 12:00:00+00:00
1772899200000,0.0002658,0.0002696,0.0002543,0.0002629,5878465448.0,2026-03-07 16:00:00+00:00
1772913600000,0.0002629,0.0002633,0.00022,0.0002296,8747222964.0,2026-03-07 20:00:00+00:00
1772928000000,0.0002296,0.0002396,0.0002144,0.0002346,9772194975.0,2026-03-08 00:00:00+00:00
1772942400000,0.0002344,0.0002634,0.0002308,0.000259,5892393776.0,2026-03-08 04:00:00+00:00
1772956800000,0.0002591,0.0002598,0.0002438,0.0002472,5587495877.0,2026-03-08 08:00:00+00:00
1772971200000,0.0002471,0.0002488,0.0002383,0.0002444,4477046666.0,2026-03-08 12:00:00+00:00
1772985600000,0.0002445,0.0002451,0.0002184,0.0002243,6166052665.0,2026-03-08 16:00:00+00:00
1773000000000,0.0002243,0.000231,0.0002201,0.0002262,2756971175.0,2026-03-08 20:00:00+00:00
1773014400000,0.0002261,0.0002353,0.0002244,0.0002273,2213466690.0,2026-03-09 00:00:00+00:00
1773028800000,0.0002271,0.0002449,0.0002201,0.0002256,4480755741.0,2026-03-09 04:00:00+00:00
1773043200000,0.0002256,0.0002424,0.0002255,0.0002315,2594168434.0,2026-03-09 08:00:00+00:00
1773057600000,0.0002315,0.0002404,0.0002281,0.0002335,1321708039.0,2026-03-09 12:00:00+00:00
1773072000000,0.0002335,0.0002344,0.0002184,0.0002196,1477450078.0,2026-03-09 16:00:00+00:00
1773086400000,0.0002195,0.0002207,0.000211,0.0002156,4953502860.0,2026-03-09 20:00:00+00:00
1773100800000,0.0002155,0.0002323,0.0002136,0.0002265,2555425921.0,2026-03-10 00:00:00+00:00
1773115200000,0.0002265,0.000239,0.0002258,0.0002374,1578710710.0,2026-03-10 04:00:00+00:00
1773129600000,0.0002373,0.000241,0.0002251,0.0002274,2017559269.0,2026-03-10 08:00:00+00:00
1773144000000,0.0002271,0.0002276,0.0002147,0.0002182,2112409099.0,2026-03-10 12:00:00+00:00
1773158400000,0.0002183,0.0002206,0.0002111,0.0002149,1456505592.0,2026-03-10 16:00:00+00:00
1773172800000,0.000215,0.0002213,0.0002148,0.0002184,927263520.0,2026-03-10 20:00:00+00:00
1773187200000,0.0002183,0.0002257,0.0002149,0.0002156,1372177499.0,2026-03-11 00:00:00+00:00
1773201600000,0.0002156,0.0002179,0.0002139,0.0002161,649764688.0,2026-03-11 04:00:00+00:00
1773216000000,0.0002161,0.0002183,0.0002057,0.0002082,1338654650.0,2026-03-11 08:00:00+00:00
1773230400000,0.000208,0.0002119,0.0002051,0.0002108,1416934012.0,2026-03-11 12:00:00+00:00
1773244800000,0.0002109,0.0002114,0.0002063,0.0002087,735013100.0,2026-03-11 16:00:00+00:00
1773259200000,0.0002087,0.0002092,0.0002021,0.0002054,1202771155.0,2026-03-11 20:00:00+00:00
1773273600000,0.0002054,0.0002118,0.0002048,0.0002115,722847676.0,2026-03-12 00:00:00+00:00
1773288000000,0.0002114,0.0002172,0.00021,0.0002151,1340023333.0,2026-03-12 04:00:00+00:00
1773302400000,0.0002149,0.0002169,0.0002096,0.0002137,820432014.0,2026-03-12 08:00:00+00:00
1773316800000,0.0002137,0.000215,0.0002095,0.0002111,821067454.0,2026-03-12 12:00:00+00:00
1773331200000,0.000211,0.0002152,0.0002086,0.0002149,484796767.0,2026-03-12 16:00:00+00:00
1773345600000,0.0002149,0.0002164,0.000201,0.0002047,2198817878.0,2026-03-12 20:00:00+00:00
1773360000000,0.0002046,0.0002098,0.0001931,0.0001997,4364709415.0,2026-03-13 00:00:00+00:00
1773374400000,0.0001997,0.000206,0.0001968,0.000201,1421837341.0,2026-03-13 04:00:00+00:00
1773388800000,0.0002011,0.0002013,0.0001954,0.0001957,863255776.0,2026-03-13 08:00:00+00:00
1773403200000,0.0001958,0.0002017,0.000195,0.000198,1470186039.0,2026-03-13 12:00:00+00:00
1773417600000,0.0001979,0.0002052,0.0001918,0.0002047,1992618401.0,2026-03-13 16:00:00+00:00
1773432000000,0.000205,0.0002071,0.0001924,0.0001951,2486535974.0,2026-03-13 20:00:00+00:00
1773446400000,0.0001951,0.0002007,0.0001935,0.0001969,2374426409.0,2026-03-14 00:00:00+00:00
1773460800000,0.0001969,0.0002096,0.0001961,0.0002064,1910165034.0,2026-03-14 04:00:00+00:00
1773475200000,0.0002064,0.0002179,0.0002044,0.000211,2523342811.0,2026-03-14 08:00:00+00:00
1773489600000,0.0002111,0.0002145,0.0002039,0.000211,3312518677.0,2026-03-14 12:00:00+00:00
1773504000000,0.0002108,0.0002193,0.0002072,0.0002141,2419550333.0,2026-03-14 16:00:00+00:00
1773518400000,0.0002141,0.0002143,0.0002097,0.0002128,729280878.0,2026-03-14 20:00:00+00:00
1773532800000,0.0002129,0.0002142,0.0002091,0.000211,782773713.0,2026-03-15 00:00:00+00:00
1773547200000,0.000211,0.0002284,0.0002109,0.0002201,2652795906.0,2026-03-15 04:00:00+00:00
1773561600000,0.0002198,0.0002252,0.0002131,0.000215,1704849219.0,2026-03-15 08:00:00+00:00
1773576000000,0.0002149,0.0002229,0.0002123,0.0002162,1376074655.0,2026-03-15 12:00:00+00:00
1773590400000,0.000216,0.0002195,0.000213,0.0002182,565884146.0,2026-03-15 16:00:00+00:00
1773604800000,0.0002182,0.0002229,0.0002154,0.0002211,3836474909.0,2026-03-15 20:00:00+00:00
1773619200000,0.0002211,0.0002217,0.0002086,0.0002143,1191775399.0,2026-03-16 00:00:00+00:00
1773633600000,0.0002145,0.0002174,0.0002113,0.0002128,352086622.0,2026-03-16 04:00:00+00:00
1773648000000,0.0002128,0.000215,0.000211,0.0002121,354136615.0,2026-03-16 08:00:00+00:00
1773662400000,0.0002122,0.0002151,0.0002084,0.0002129,558369045.0,2026-03-16 12:00:00+00:00
1773676800000,0.000213,0.000219,0.0002043,0.0002069,1386373036.0,2026-03-16 16:00:00+00:00
1773691200000,0.0002067,0.000211,0.0002006,0.0002087,1019315712.0,2026-03-16 20:00:00+00:00
1773705600000,0.0002089,0.0002149,0.0002059,0.0002083,627408271.0,2026-03-17 00:00:00+00:00
1773720000000,0.0002081,0.0002094,0.0002048,0.0002072,442770092.0,2026-03-17 04:00:00+00:00
1773734400000,0.0002072,0.000219,0.0002062,0.0002159,1740974605.0,2026-03-17 08:00:00+00:00
1773748800000,0.0002159,0.0002166,0.000211,0.0002126,768166201.0,2026-03-17 12:00:00+00:00
1773763200000,0.0002126,0.0002141,0.0002077,0.0002125,1082892961.0,2026-03-17 16:00:00+00:00
1773777600000,0.0002126,0.0002187,0.00021,0.0002161,1293905818.0,2026-03-17 20:00:00+00:00
1773792000000,0.0002161,0.000225,0.0002092,0.0002211,981847997.0,2026-03-18 00:00:00+00:00
1773806400000,0.0002212,0.000225,0.0002183,0.000224,961661997.0,2026-03-18 04:00:00+00:00
1773820800000,0.0002242,0.0002268,0.0002106,0.0002144,2507936374.0,2026-03-18 08:00:00+00:00
1773835200000,0.0002144,0.0002194,0.0002096,0.000214,2432689981.0,2026-03-18 12:00:00+00:00
1773849600000,0.000214,0.0002171,0.0002082,0.0002112,881022366.0,2026-03-18 16:00:00+00:00
1773864000000,0.0002112,0.0002144,0.0002088,0.0002125,905811062.0,2026-03-18 20:00:00+00:00
1773878400000,0.0002124,0.0002257,0.000212,0.0002184,884653599.0,2026-03-19 00:00:00+00:00
1773892800000,0.0002182,0.0002223,0.0002164,0.0002176,678240968.0,2026-03-19 04:00:00+00:00
1773907200000,0.0002176,0.0002215,0.0002168,0.0002184,408013753.0,2026-03-19 08:00:00+00:00
1773921600000,0.0002184,0.0002421,0.0002146,0.0002388,3875640089.0,2026-03-19 12:00:00+00:00
1773936000000,0.0002388,0.0002424,0.0002302,0.0002381,1825538833.0,2026-03-19 16:00:00+00:00
1773950400000,0.0002382,0.0002397,0.0002326,0.0002349,581492839.0,2026-03-19 20:00:00+00:00
1773964800000,0.000235,0.0002424,0.0002293,0.0002334,1244100251.0,2026-03-20 00:00:00+00:00
1773979200000,0.0002334,0.0002383,0.0002307,0.0002329,1099718182.0,2026-03-20 04:00:00+00:00
1773993600000,0.0002329,0.0002329,0.0002207,0.0002265,936918606.0,2026-03-20 08:00:00+00:00
1774008000000,0.0002264,0.0002313,0.0002257,0.0002273,535270279.0,2026-03-20 12:00:00+00:00
1774022400000,0.0002274,0.0002309,0.000224,0.0002257,324406499.0,2026-03-20 16:00:00+00:00
1774036800000,0.0002258,0.0002276,0.0002235,0.0002245,253331178.0,2026-03-20 20:00:00+00:00
1774051200000,0.0002245,0.0002298,0.0002222,0.0002252,725436261.0,2026-03-21 00:00:00+00:00
1774065600000,0.000225,0.0002258,0.0002218,0.0002231,255509815.0,2026-03-21 04:00:00+00:00
1774080000000,0.0002231,0.0002237,0.0002102,0.0002112,893545129.0,2026-03-21 08:00:00+00:00
1774094400000,0.0002111,0.0002149,0.0002081,0.0002128,711725892.0,2026-03-21 12:00:00+00:00
1774108800000,0.000213,0.0002148,0.00021,0.0002141,363486299.0,2026-03-21 16:00:00+00:00
1774123200000,0.0002141,0.000217,0.0002124,0.0002138,303677855.0,2026-03-21 20:00:00+00:00
1774137600000,0.000214,0.0002171,0.0002106,0.0002145,443885364.0,2026-03-22 00:00:00+00:00
1774152000000,0.0002145,0.0002183,0.0002139,0.0002171,523019393.0,2026-03-22 04:00:00+00:00
1774166400000,0.0002176,0.0002199,0.0002163,0.0002169,448849631.0,2026-03-22 08:00:00+00:00
1774180800000,0.0002168,0.0002189,0.0002129,0.0002171,1228307835.0,2026-03-22 12:00:00+00:00
1774195200000,0.000217,0.00022,0.0002152,0.0002165,799123211.0,2026-03-22 16:00:00+00:00
1774209600000,0.0002165,0.0002189,0.0002144,0.0002154,556344727.0,2026-03-22 20:00:00+00:00
1774224000000,0.0002154,0.00022,0.0002151,0.000218,340657185.0,2026-03-23 00:00:00+00:00
1774238400000,0.0002181,0.0002192,0.0002122,0.0002155,485195502.0,2026-03-23 04:00:00+00:00
1774252800000,0.0002155,0.0002173,0.0002121,0.0002162,440082783.0,2026-03-23 08:00:00+00:00
1774267200000,0.0002163,0.0002239,0.000215,0.0002162,1778007793.0,2026-03-23 12:00:00+00:00
1774281600000,0.0002163,0.0002181,0.00021,0.0002105,665220441.0,2026-03-23 16:00:00+00:00
1774296000000,0.0002104,0.0002166,0.0002102,0.0002128,320045745.0,2026-03-23 20:00:00+00:00
1774310400000,0.0002128,0.0002132,0.0002047,0.0002062,500177911.0,2026-03-24 00:00:00+00:00
1774324800000,0.000206,0.0002077,0.0002017,0.0002067,431858987.0,2026-03-24 04:00:00+00:00
1774339200000,0.0002066,0.0002116,0.0002044,0.0002056,840580535.0,2026-03-24 08:00:00+00:00
1774353600000,0.0002057,0.0002142,0.0002051,0.0002113,561981586.0,2026-03-24 12:00:00+00:00
1774368000000,0.0002111,0.0002136,0.0002073,0.0002084,332961792.0,2026-03-24 16:00:00+00:00
1774382400000,0.0002086,0.0002197,0.0002076,0.0002148,659009330.0,2026-03-24 20:00:00+00:00
1774396800000,0.0002149,0.0002187,0.0002127,0.0002181,411743233.0,2026-03-25 00:00:00+00:00
1774411200000,0.0002181,0.00022,0.0002132,0.0002163,468328974.0,2026-03-25 04:00:00+00:00
1774425600000,0.0002163,0.0002168,0.0002085,0.0002113,803954995.0,2026-03-25 08:00:00+00:00
1774440000000,0.0002116,0.0002144,0.0002092,0.0002114,340771158.0,2026-03-25 12:00:00+00:00
1774454400000,0.0002111,0.0002167,0.0002102,0.0002118,636657429.0,2026-03-25 16:00:00+00:00
1774468800000,0.0002119,0.0002141,0.0002085,0.00021,651943733.0,2026-03-25 20:00:00+00:00
1774483200000,0.00021,0.000216,0.0002092,0.0002138,344330248.0,2026-03-26 00:00:00+00:00
1774497600000,0.0002141,0.0002141,0.0002097,0.00021,441576435.0,2026-03-26 04:00:00+00:00
1774512000000,0.00021,0.0002111,0.0002037,0.000207,892224872.0,2026-03-26 08:00:00+00:00
1774526400000,0.0002071,0.0002086,0.0001975,0.0002033,2522958116.0,2026-03-26 12:00:00+00:00
1774540800000,0.0002032,0.0002052,0.000199,0.0001999,890675415.0,2026-03-26 16:00:00+00:00
1774555200000,0.0001999,0.0002054,0.0001973,0.0002038,466139372.0,2026-03-26 20:00:00+00:00
1774569600000,0.0002039,0.0002057,0.0002015,0.0002045,330941992.0,2026-03-27 00:00:00+00:00
1774584000000,0.0002047,0.0002074,0.0002034,0.0002057,213976253.0,2026-03-27 04:00:00+00:00
1774598400000,0.0002059,0.0002059,0.0001995,0.0002035,443163914.0,2026-03-27 08:00:00+00:00
1774612800000,0.0002037,0.0002092,0.0002023,0.0002063,833237822.0,2026-03-27 12:00:00+00:00
1774627200000,0.0002061,0.0002084,0.0002032,0.0002048,465000321.0,2026-03-27 16:00:00+00:00
1774641600000,0.0002047,0.0002055,0.0002002,0.0002005,272597392.0,2026-03-27 20:00:00+00:00
1774656000000,0.0002004,0.000207,0.0001974,0.0002034,602432595.0,2026-03-28 00:00:00+00:00
1774670400000,0.0002033,0.0002049,0.0002017,0.0002037,273359068.0,2026-03-28 04:00:00+00:00
1774684800000,0.0002038,0.0002087,0.0002035,0.0002081,690628151.0,2026-03-28 08:00:00+00:00
1774699200000,0.0002082,0.0002121,0.0002048,0.0002104,1802164438.0,2026-03-28 12:00:00+00:00
1774713600000,0.0002103,0.0002113,0.0002073,0.0002079,287485327.0,2026-03-28 16:00:00+00:00
1774728000000,0.000208,0.000209,0.0002045,0.0002056,228385812.0,2026-03-28 20:00:00+00:00
1774742400000,0.0002056,0.0002058,0.0001993,0.0002015,505578093.0,2026-03-29 00:00:00+00:00
1774756800000,0.0002014,0.0002024,0.000199,0.0002002,241110320.0,2026-03-29 04:00:00+00:00
1774771200000,0.0002001,0.0002013,0.0001983,0.0001999,325470687.0,2026-03-29 08:00:00+00:00
1774785600000,0.0001999,0.0002019,0.0001993,0.0002001,177902441.0,2026-03-29 12:00:00+00:00
1774800000000,0.0002,0.0002012,0.0001939,0.0001999,696317760.0,2026-03-29 16:00:00+00:00
1774814400000,0.0001999,0.0002029,0.0001974,0.0002004,214602584.0,2026-03-29 20:00:00+00:00
1774828800000,0.0002005,0.0002021,0.0001995,0.0002006,177702918.0,2026-03-30 00:00:00+00:00
1774843200000,0.0002006,0.0002021,0.0001995,0.0002017,170498848.0,2026-03-30 04:00:00+00:00
1774857600000,0.0002016,0.0002044,0.0002013,0.0002036,196465221.0,2026-03-30 08:00:00+00:00
1774872000000,0.0002036,0.0002049,0.0002016,0.0002037,228022611.0,2026-03-30 12:00:00+00:00
1774886400000,0.0002037,0.000204,0.0001944,0.000196,372915791.0,2026-03-30 16:00:00+00:00
1774900800000,0.000196,0.0001964,0.0001847,0.0001867,1612894164.0,2026-03-30 20:00:00+00:00
1774915200000,0.0001869,0.0001914,0.0001863,0.0001907,432209284.0,2026-03-31 00:00:00+00:00
1774929600000,0.0001908,0.0002088,0.0001904,0.0002023,1536042288.0,2026-03-31 04:00:00+00:00
1774944000000,0.0002023,0.0002045,0.0001988,0.0002026,466016052.0,2026-03-31 08:00:00+00:00
1774958400000,0.0002026,0.0002039,0.0001985,0.0001994,543523264.0,2026-03-31 12:00:00+00:00
1774972800000,0.0001994,0.0002036,0.0001977,0.0002027,498496930.0,2026-03-31 16:00:00+00:00
1774987200000,0.0002028,0.0002029,0.0001979,0.0001986,335497039.0,2026-03-31 20:00:00+00:00
1775001600000,0.0001986,0.0002025,0.0001978,0.0001993,522476106.0,2026-04-01 00:00:00+00:00
1775016000000,0.0001991,0.0002041,0.0001985,0.0002036,329214597.0,2026-04-01 04:00:00+00:00
1775030400000,0.0002035,0.0002066,0.0002017,0.0002056,509993407.0,2026-04-01 08:00:00+00:00
1775044800000,0.0002054,0.0002061,0.0002026,0.0002054,251176882.0,2026-04-01 12:00:00+00:00
1775059200000,0.0002053,0.0002119,0.0002053,0.0002091,519852637.0,2026-04-01 16:00:00+00:00
1775073600000,0.0002091,0.000211,0.0002081,0.0002103,201909262.0,2026-04-01 20:00:00+00:00
1775088000000,0.0002104,0.0002115,0.000204,0.0002057,697647397.0,2026-04-02 00:00:00+00:00
1775102400000,0.0002057,0.0002065,0.0002012,0.0002047,311914041.0,2026-04-02 04:00:00+00:00
1775116800000,0.0002046,0.0002095,0.0002042,0.0002055,574017468.0,2026-04-02 08:00:00+00:00
1775131200000,0.0002055,0.0002263,0.0002043,0.0002238,3025237959.0,2026-04-02 12:00:00+00:00
1775145600000,0.0002239,0.0002426,0.0002237,0.0002388,2796733348.0,2026-04-02 16:00:00+00:00
1775160000000,0.0002388,0.000263,0.0002386,0.0002541,4213244336.0,2026-04-02 20:00:00+00:00
1775174400000,0.0002543,0.0002685,0.0002265,0.0002378,5336925259.0,2026-04-03 00:00:00+00:00
1775188800000,0.0002377,0.0002397,0.0002261,0.0002321,1429474292.0,2026-04-03 04:00:00+00:00
1775203200000,0.0002323,0.0002414,0.0002291,0.0002358,804246508.0,2026-04-03 08:00:00+00:00
1775217600000,0.0002359,0.0002522,0.0002342,0.0002496,1622496919.0,2026-04-03 12:00:00+00:00
1775232000000,0.0002498,0.000259,0.0002475,0.0002559,1315765298.0,2026-04-03 16:00:00+00:00
1775246400000,0.000256,0.0002567,0.0002498,0.0002523,377738516.0,2026-04-03 20:00:00+00:00
1775260800000,0.0002524,0.0002655,0.0002483,0.0002616,737237655.0,2026-04-04 00:00:00+00:00
1775275200000,0.0002615,0.0002848,0.0002592,0.0002719,2536808944.0,2026-04-04 04:00:00+00:00
1775289600000,0.0002717,0.0002941,0.0002683,0.0002873,5007807220.0,2026-04-04 08:00:00+00:00
1775304000000,0.0002875,0.0002963,0.0002824,0.0002919,2386077781.0,2026-04-04 12:00:00+00:00
1775318400000,0.0002918,0.0002955,0.0002836,0.0002891,1010473841.0,2026-04-04 16:00:00+00:00
1775332800000,0.0002894,0.0003018,0.000285,0.0002915,1524340304.0,2026-04-04 20:00:00+00:00
1775347200000,0.0002915,0.0003027,0.00029,0.0002918,981888771.0,2026-04-05 00:00:00+00:00
1775361600000,0.0002916,0.0003021,0.0002879,0.0002961,1006516932.0,2026-04-05 04:00:00+00:00
1775376000000,0.0002958,0.0002987,0.0002596,0.0002714,2044308882.0,2026-04-05 08:00:00+00:00
1775390400000,0.0002715,0.000281,0.0002646,0.0002705,660178509.0,2026-04-05 12:00:00+00:00
1775404800000,0.0002704,0.0002727,0.0002431,0.0002458,1578463001.0,2026-04-05 16:00:00+00:00
1775419200000,0.0002458,0.0002499,0.0002424,0.0002475,672880333.0,2026-04-05 20:00:00+00:00
1775433600000,0.0002477,0.0002555,0.0002465,0.000252,598752193.0,2026-04-06 00:00:00+00:00
1775448000000,0.000252,0.0002559,0.000246,0.0002494,647061783.0,2026-04-06 04:00:00+00:00
1775462400000,0.0002494,0.0002572,0.0002475,0.000253,835055719.0,2026-04-06 08:00:00+00:00
1775476800000,0.0002529,0.0002534,0.0002438,0.0002484,611592763.0,2026-04-06 12:00:00+00:00
1775491200000,0.0002481,0.0002507,0.0002433,0.0002468,353526156.0,2026-04-06 16:00:00+00:00
1775505600000,0.0002465,0.0002487,0.0002377,0.0002484,477335961.0,2026-04-06 20:00:00+00:00
1775520000000,0.0002484,0.0002497,0.0002387,0.0002458,406264728.0,2026-04-07 00:00:00+00:00
1775534400000,0.000246,0.0002528,0.0002442,0.0002507,446943270.0,2026-04-07 04:00:00+00:00
1775548800000,0.0002502,0.0002528,0.0002327,0.000236,1249591411.0,2026-04-07 08:00:00+00:00
1775563200000,0.0002357,0.0002458,0.0002332,0.0002412,640475053.0,2026-04-07 12:00:00+00:00
1775577600000,0.0002414,0.0002415,0.0002372,0.0002415,259155380.0,2026-04-07 16:00:00+00:00
1775592000000,0.0002412,0.0002626,0.0002341,0.0002442,1117406740.0,2026-04-07 20:00:00+00:00
1775606400000,0.0002439,0.000246,0.0002419,0.000246,280540847.0,2026-04-08 00:00:00+00:00
1775620800000,0.0002459,0.0002459,0.0002234,0.0002327,1537813748.0,2026-04-08 04:00:00+00:00
1775635200000,0.0002326,0.0002372,0.0002238,0.0002296,1008524098.0,2026-04-08 08:00:00+00:00
1775649600000,0.0002292,0.0002299,0.0002218,0.0002262,483727446.0,2026-04-08 12:00:00+00:00
1775664000000,0.0002261,0.0002308,0.0002248,0.0002276,270326809.0,2026-04-08 16:00:00+00:00
1775678400000,0.0002275,0.0002288,0.000224,0.0002272,213518922.0,2026-04-08 20:00:00+00:00
1775692800000,0.0002268,0.0002428,0.0002203,0.0002358,1685770476.0,2026-04-09 00:00:00+00:00
1775707200000,0.0002361,0.000245,0.0002327,0.0002374,1408408994.0,2026-04-09 04:00:00+00:00
1775721600000,0.0002371,0.0002589,0.000236,0.0002509,2072340758.0,2026-04-09 08:00:00+00:00
1775736000000,0.0002508,0.0002638,0.0002468,0.000263,1810391917.0,2026-04-09 12:00:00+00:00
1775750400000,0.0002632,0.0003848,0.0002595,0.0003753,51229170957.0,2026-04-09 16:00:00+00:00
1775764800000,0.0003754,0.000475,0.0003724,0.0004132,31316938492.0,2026-04-09 20:00:00+00:00
1775779200000,0.0004134,0.000462,0.0003312,0.0004076,36138848846.0,2026-04-10 00:00:00+00:00
1775793600000,0.0004073,0.0004265,0.0003883,0.0004175,16889463782.0,2026-04-10 04:00:00+00:00
1775808000000,0.0004175,0.00044,0.0003844,0.000416,17172037350.0,2026-04-10 08:00:00+00:00
1775822400000,0.000416,0.0004515,0.0003954,0.0004067,18317284020.0,2026-04-10 12:00:00+00:00
1775836800000,0.0004067,0.00048,0.000401,0.0004468,17980204692.0,2026-04-10 16:00:00+00:00
1775851200000,0.0004464,0.0004916,0.0004439,0.0004528,7718642012.0,2026-04-10 20:00:00+00:00
1775865600000,0.0004524,0.0004831,0.000441,0.0004639,5388322907.0,2026-04-11 00:00:00+00:00
1775880000000,0.0004634,0.0004998,0.0004563,0.0004937,6542845511.0,2026-04-11 04:00:00+00:00
1775894400000,0.0004937,0.00067,0.0004924,0.0006597,34610240746.0,2026-04-11 08:00:00+00:00
1775908800000,0.0006605,0.0006869,0.0004585,0.0004713,41658350652.0,2026-04-11 12:00:00+00:00
1775923200000,0.0004713,0.0004959,0.0004474,0.0004719,7313140915.0,2026-04-11 16:00:00+00:00
1775937600000,0.0004723,0.0005358,0.000467,0.000517,3675739628.0,2026-04-11 20:00:00+00:00
1775952000000,0.0005171,0.0005699,0.0003902,0.0004811,19254240230.0,2026-04-12 00:00:00+00:00
1775966400000,0.0004812,0.0005416,0.0004777,0.0005095,5125754506.0,2026-04-12 04:00:00+00:00
1775980800000,0.0005099,0.0005408,0.0005026,0.000522,3053671709.0,2026-04-12 08:00:00+00:00
1775995200000,0.0005223,0.0006752,0.000516,0.0005623,15410117891.0,2026-04-12 12:00:00+00:00
1776009600000,0.0005631,0.0006656,0.0005404,0.0006066,11672408510.0,2026-04-12 16:00:00+00:00
1776024000000,0.0006066,0.0006229,0.0005971,0.0006198,2425882902.0,2026-04-12 20:00:00+00:00
1776038400000,0.0006198,0.0006667,0.0005816,0.0006,6704123686.0,2026-04-13 00:00:00+00:00
1776052800000,0.0006002,0.0006344,0.000545,0.0005808,8712770775.0,2026-04-13 04:00:00+00:00
1776067200000,0.0005812,0.0005917,0.00049,0.0005202,7889820584.0,2026-04-13 08:00:00+00:00
1776081600000,0.0005203,0.0005715,0.0005107,0.0005485,3099049695.0,2026-04-13 12:00:00+00:00
1776096000000,0.000549,0.000564,0.0005319,0.0005354,1902133149.0,2026-04-13 16:00:00+00:00
1776110400000,0.0005353,0.0005579,0.0005291,0.000531,1169410435.0,2026-04-13 20:00:00+00:00
1776124800000,0.0005314,0.000767,0.0005286,0.0007647,13614463101.0,2026-04-14 00:00:00+00:00
1776139200000,0.0007651,0.0008565,0.000703,0.0007808,12087081382.0,2026-04-14 04:00:00+00:00
1776153600000,0.0007807,0.0008258,0.0007113,0.0007739,6058582409.0,2026-04-14 08:00:00+00:00
1776168000000,0.000774,0.0008245,0.0007414,0.0007772,6260710044.0,2026-04-14 12:00:00+00:00
1776182400000,0.0007772,0.0007979,0.0005588,0.0006932,9535117715.0,2026-04-14 16:00:00+00:00
1776196800000,0.0006932,0.0007003,0.0006463,0.0006542,1343990473.0,2026-04-14 20:00:00+00:00
1776211200000,0.0006547,0.0008672,0.0006509,0.0008389,6882866811.0,2026-04-15 00:00:00+00:00
1776225600000,0.0008387,0.0008847,0.0007985,0.0008622,4005008035.0,2026-04-15 04:00:00+00:00
1776240000000,0.0008621,0.0008982,0.0007421,0.0007551,4580125882.0,2026-04-15 08:00:00+00:00
1776254400000,0.0007551,0.0007983,0.0007129,0.0007734,3303010147.0,2026-04-15 12:00:00+00:00
1776268800000,0.0007734,0.0008206,0.0007609,0.0008114,2655667837.0,2026-04-15 16:00:00+00:00
1776283200000,0.0008114,0.000833,0.0007976,0.0008174,854877414.0,2026-04-15 20:00:00+00:00
1776297600000,0.0008178,0.0012966,0.0008142,0.0009566,19225937377.0,2026-04-16 00:00:00+00:00
1776312000000,0.0009564,0.0010795,0.0009007,0.0009659,10058932530.0,2026-04-16 04:00:00+00:00
1776326400000,0.0009661,0.0009857,0.0004649,0.0005844,30205283703.0,2026-04-16 08:00:00+00:00
1776340800000,0.0005844,0.0006637,0.000436,0.0005732,24838682309.0,2026-04-16 12:00:00+00:00
1776355200000,0.0005732,0.0006304,0.0005342,0.0005449,8694447226.0,2026-04-16 16:00:00+00:00
1776369600000,0.0005453,0.0005561,0.0005408,0.0005467,1734178052.0,2026-04-16 20:00:00+00:00
1776384000000,0.0005467,0.0005734,0.0005254,0.0005479,3478268486.0,2026-04-17 00:00:00+00:00
1776398400000,0.0005488,0.000558,0.0004284,0.0004381,8510287922.0,2026-04-17 04:00:00+00:00
1776412800000,0.0004381,0.000475,0.0003727,0.0004618,9572711347.0,2026-04-17 08:00:00+00:00
1776427200000,0.0004618,0.0004782,0.0004141,0.0004244,3793731782.0,2026-04-17 12:00:00+00:00
1776441600000,0.000424,0.0005144,0.0004142,0.0004757,6873480271.0,2026-04-17 16:00:00+00:00
1776456000000,0.0004757,0.0005198,0.0004692,0.0004745,2377292657.0,2026-04-17 20:00:00+00:00
1776470400000,0.0004749,0.000551,0.0004739,0.0005482,3383979961.0,2026-04-18 00:00:00+00:00
1776484800000,0.0005482,0.0007646,0.0004733,0.0005009,18090795267.0,2026-04-18 04:00:00+00:00
1776499200000,0.0005009,0.0005764,0.0004503,0.0004571,11451706346.0,2026-04-18 08:00:00+00:00
1776513600000,0.000458,0.0004894,0.0004237,0.0004757,4880576565.0,2026-04-18 12:00:00+00:00
1776528000000,0.0004757,0.00055,0.0004246,0.0005235,6510004686.0,2026-04-18 16:00:00+00:00
1776542400000,0.0005236,0.0005503,0.0005131,0.0005397,2375220018.0,2026-04-18 20:00:00+00:00
1776556800000,0.0005397,0.0005493,0.0004919,0.0005118,2783030163.0,2026-04-19 00:00:00+00:00
1776571200000,0.0005114,0.0005485,0.0004763,0.0004924,2712894126.0,2026-04-19 04:00:00+00:00
1776585600000,0.0004923,0.0005155,0.0004835,0.0004871,1719441823.0,2026-04-19 08:00:00+00:00
1776600000000,0.0004871,0.0004951,0.000471,0.0004801,1238418230.0,2026-04-19 12:00:00+00:00
1776614400000,0.00048,0.0005072,0.000457,0.0004617,1339211041.0,2026-04-19 16:00:00+00:00
1776628800000,0.0004622,0.0005072,0.000452,0.0005041,1159364236.0,2026-04-19 20:00:00+00:00
1776643200000,0.0005039,0.0005102,0.0004662,0.0004862,1071734679.0,2026-04-20 00:00:00+00:00
1776657600000,0.0004863,0.000507,0.0004783,0.00049,926124795.0,2026-04-20 04:00:00+00:00
1776672000000,0.0004901,0.0004944,0.0004461,0.0004909,1616131627.0,2026-04-20 08:00:00+00:00
1776686400000,0.0004909,0.0004967,0.000455,0.0004587,782787748.0,2026-04-20 12:00:00+00:00
1776700800000,0.0004593,0.00057,0.0004583,0.0005199,4817568620.0,2026-04-20 16:00:00+00:00
1776715200000,0.0005201,0.0005349,0.0004974,0.0005166,1270316222.0,2026-04-20 20:00:00+00:00
1776729600000,0.0005163,0.000561,0.0004921,0.0005485,1540424382.0,2026-04-21 00:00:00+00:00
1776744000000,0.0005485,0.0005638,0.0004982,0.000535,1690276989.0,2026-04-21 04:00:00+00:00
1776758400000,0.000535,0.0005463,0.0005152,0.000532,1070375651.0,2026-04-21 08:00:00+00:00
1776772800000,0.0005314,0.0005554,0.000501,0.0005137,2408756950.0,2026-04-21 12:00:00+00:00
1776787200000,0.0005135,0.0005195,0.0004842,0.0004967,1134044213.0,2026-04-21 16:00:00+00:00
1776801600000,0.0004967,0.0005149,0.0004841,0.0005052,763224927.0,2026-04-21 20:00:00+00:00
1776816000000,0.0005051,0.0005148,0.000486,0.0005008,786742511.0,2026-04-22 00:00:00+00:00
1776830400000,0.0005011,0.0005196,0.0004947,0.0005047,983949504.0,2026-04-22 04:00:00+00:00
1776844800000,0.0005045,0.000522,0.0004942,0.0004995,882960653.0,2026-04-22 08:00:00+00:00
1776859200000,0.0004994,0.0005178,0.0004889,0.0005147,775605268.0,2026-04-22 12:00:00+00:00
1776873600000,0.0005152,0.0005177,0.0004772,0.0004869,958890976.0,2026-04-22 16:00:00+00:00
1776888000000,0.0004867,0.0005114,0.0004767,0.0004794,741848028.0,2026-04-22 20:00:00+00:00
1776902400000,0.0004795,0.000515,0.000476,0.0005006,1073320871.0,2026-04-23 00:00:00+00:00
1776916800000,0.0005013,0.0005209,0.0004647,0.0004746,1492166499.0,2026-04-23 04:00:00+00:00
1776931200000,0.0004756,0.000477,0.0004051,0.0004095,4179949705.0,2026-04-23 08:00:00+00:00
1776945600000,0.0004095,0.0004243,0.0003705,0.0003911,5205512060.0,2026-04-23 12:00:00+00:00
1776960000000,0.0003915,0.000398,0.0003644,0.0003917,4806384724.0,2026-04-23 16:00:00+00:00
1776974400000,0.0003921,0.0003992,0.00037,0.0003814,1747302171.0,2026-04-23 20:00:00+00:00
1776988800000,0.000382,0.0004442,0.000365,0.0003925,5767689210.0,2026-04-24 00:00:00+00:00
1777003200000,0.0003925,0.0004017,0.0003791,0.0003968,1430676192.0,2026-04-24 04:00:00+00:00
1777017600000,0.0003963,0.0004144,0.0003897,0.0003981,905674526.0,2026-04-24 08:00:00+00:00
1777032000000,0.0003982,0.000448,0.000371,0.0003979,5242408170.0,2026-04-24 12:00:00+00:00
1777046400000,0.0003969,0.000405,0.0003671,0.0003735,2038373725.0,2026-04-24 16:00:00+00:00
1777060800000,0.000373,0.0003735,0.0003538,0.000357,771794254.0,2026-04-24 20:00:00+00:00
1777075200000,0.000357,0.000364,0.0003536,0.0003605,654260103.0,2026-04-25 00:00:00+00:00
1777089600000,0.0003605,0.0003684,0.0003237,0.0003343,3032020643.0,2026-04-25 04:00:00+00:00
1777104000000,0.0003338,0.0003417,0.0003266,0.0003287,1198446612.0,2026-04-25 08:00:00+00:00
1777118400000,0.0003282,0.0003342,0.0003245,0.0003285,643309060.0,2026-04-25 12:00:00+00:00
1777132800000,0.0003285,0.0003323,0.0003152,0.0003267,1101744502.0,2026-04-25 16:00:00+00:00
1777147200000,0.0003262,0.0003397,0.0003256,0.0003345,530481554.0,2026-04-25 20:00:00+00:00
1777161600000,0.0003345,0.0003373,0.0003256,0.0003265,382229560.0,2026-04-26 00:00:00+00:00
1777176000000,0.000326,0.0003322,0.0003245,0.0003245,297104159.0,2026-04-26 04:00:00+00:00
1777190400000,0.0003246,0.0003253,0.0002975,0.0003006,1731625285.0,2026-04-26 08:00:00+00:00
1777204800000,0.0003001,0.000305,0.0002912,0.0003019,1133804885.0,2026-04-26 12:00:00+00:00
1777219200000,0.0003013,0.0003047,0.0002959,0.0003005,695141970.0,2026-04-26 16:00:00+00:00
1777233600000,0.0003003,0.000306,0.0002986,0.0003027,618438458.0,2026-04-26 20:00:00+00:00
1777248000000,0.0003028,0.0003157,0.0003025,0.0003093,654175573.0,2026-04-27 00:00:00+00:00
1777262400000,0.0003096,0.0003195,0.0003076,0.0003126,660034078.0,2026-04-27 04:00:00+00:00
1777276800000,0.0003121,0.000321,0.0003079,0.0003174,613857213.0,2026-04-27 08:00:00+00:00
1777291200000,0.0003177,0.0003321,0.0003087,0.0003294,1401332991.0,2026-04-27 12:00:00+00:00
1777305600000,0.0003288,0.0003289,0.0003132,0.0003183,1143728615.0,2026-04-27 16:00:00+00:00
1777320000000,0.0003187,0.0003192,0.0003038,0.0003074,484358028.0,2026-04-27 20:00:00+00:00
1777334400000,0.0003077,0.00031,0.0003017,0.0003088,352847186.0,2026-04-28 00:00:00+00:00
1777348800000,0.0003088,0.0003106,0.0003045,0.0003065,351070504.0,2026-04-28 04:00:00+00:00
1777363200000,0.0003068,0.0003114,0.0003037,0.0003051,412916173.0,2026-04-28 08:00:00+00:00
1777377600000,0.0003051,0.0003099,0.000301,0.0003067,595231993.0,2026-04-28 12:00:00+00:00
1777392000000,0.0003067,0.0003086,0.0002978,0.0003056,532942404.0,2026-04-28 16:00:00+00:00
1777406400000,0.000306,0.0003138,0.0003031,0.0003126,407072214.0,2026-04-28 20:00:00+00:00
1777420800000,0.0003124,0.0003136,0.0003013,0.0003071,636551041.0,2026-04-29 00:00:00+00:00
1777435200000,0.0003069,0.0003185,0.0003035,0.0003159,1092358293.0,2026-04-29 04:00:00+00:00
1777449600000,0.000316,0.000316,0.0002962,0.0003035,1353076343.0,2026-04-29 08:00:00+00:00
1777464000000,0.0003035,0.0003053,0.0002761,0.0002787,1971747762.0,2026-04-29 12:00:00+00:00
1777478400000,0.0002785,0.0002787,0.0002604,0.0002616,2137732172.0,2026-04-29 16:00:00+00:00
1777492800000,0.0002618,0.0003508,0.0002573,0.0002989,7116187245.0,2026-04-29 20:00:00+00:00
1777507200000,0.0002994,0.0003226,0.0002974,0.0003158,2992565881.0,2026-04-30 00:00:00+00:00
1777521600000,0.0003157,0.0003285,0.0003096,0.0003191,1721429871.0,2026-04-30 04:00:00+00:00
1777536000000,0.0003195,0.000354,0.0003142,0.0003496,4956174438.0,2026-04-30 08:00:00+00:00
1777550400000,0.0003491,0.0003942,0.0003309,0.0003413,46616512335.0,2026-04-30 12:00:00+00:00
1777564800000,0.0003416,0.0003491,0.0003131,0.0003245,10574687074.0,2026-04-30 16:00:00+00:00
1777579200000,0.0003243,0.0003266,0.0003125,0.0003181,2754656221.0,2026-04-30 20:00:00+00:00
1777593600000,0.0003184,0.0003309,0.0003135,0.0003255,2696591439.0,2026-05-01 00:00:00+00:00
1777608000000,0.0003255,0.000329,0.000313,0.0003195,1594872621.0,2026-05-01 04:00:00+00:00
1777622400000,0.0003196,0.0003247,0.0003165,0.000318,1081651628.0,2026-05-01 08:00:00+00:00
1777636800000,0.0003178,0.0003228,0.000311,0.000319,1798025469.0,2026-05-01 12:00:00+00:00
1777651200000,0.000319,0.0003276,0.0003185,0.0003268,1135483740.0,2026-05-01 16:00:00+00:00
1777665600000,0.0003266,0.0003466,0.0003241,0.0003366,1326636245.0,2026-05-01 20:00:00+00:00
1777680000000,0.0003367,0.0003489,0.0003306,0.0003376,1231346888.0,2026-05-02 00:00:00+00:00
1777694400000,0.000338,0.0003529,0.0003312,0.0003403,1360540928.0,2026-05-02 04:00:00+00:00
1777708800000,0.0003404,0.0003621,0.0003364,0.000347,1837405635.0,2026-05-02 08:00:00+00:00
1777723200000,0.0003471,0.0003515,0.0003338,0.0003391,1176369427.0,2026-05-02 12:00:00+00:00
1777737600000,0.000339,0.0003424,0.0003286,0.0003335,877425103.0,2026-05-02 16:00:00+00:00
1777752000000,0.0003337,0.0003354,0.0003242,0.0003294,621921841.0,2026-05-02 20:00:00+00:00
1777766400000,0.0003296,0.0003467,0.0003277,0.0003343,517202104.0,2026-05-03 00:00:00+00:00
1777780800000,0.0003345,0.000343,0.0003311,0.0003334,469428864.0,2026-05-03 04:00:00+00:00
1777795200000,0.0003334,0.0003435,0.0003328,0.0003414,496355616.0,2026-05-03 08:00:00+00:00
1777809600000,0.0003413,0.0003449,0.0003286,0.0003325,669769086.0,2026-05-03 12:00:00+00:00
1777824000000,0.0003327,0.0003356,0.0003286,0.0003297,525886755.0,2026-05-03 16:00:00+00:00
1777838400000,0.0003297,0.000336,0.0003254,0.0003294,392786521.0,2026-05-03 20:00:00+00:00
1777852800000,0.0003294,0.0003374,0.0003282,0.0003335,404813767.0,2026-05-04 00:00:00+00:00
1777867200000,0.0003333,0.0003357,0.000327,0.0003314,538210613.0,2026-05-04 04:00:00+00:00
1777881600000,0.0003314,0.0003409,0.00033,0.000337,611159265.0,2026-05-04 08:00:00+00:00
1777896000000,0.0003372,0.0003375,0.0003299,0.0003335,555885817.0,2026-05-04 12:00:00+00:00
1777910400000,0.0003334,0.0003472,0.0003311,0.000339,669641395.0,2026-05-04 16:00:00+00:00
1777924800000,0.0003393,0.0003472,0.0003368,0.0003393,556128447.0,2026-05-04 20:00:00+00:00
1777939200000,0.0003393,0.0003481,0.0003351,0.0003404,766150459.0,2026-05-05 00:00:00+00:00
1777953600000,0.0003406,0.0003421,0.0003288,0.0003323,697118214.0,2026-05-05 04:00:00+00:00
1777968000000,0.0003321,0.000338,0.0003302,0.0003352,543388177.0,2026-05-05 08:00:00+00:00
1777982400000,0.0003351,0.0003405,0.0003301,0.0003333,627016039.0,2026-05-05 12:00:00+00:00
1777996800000,0.0003335,0.0003358,0.00033,0.0003345,359881646.0,2026-05-05 16:00:00+00:00
1778011200000,0.0003349,0.0003415,0.0003323,0.0003372,295472465.0,2026-05-05 20:00:00+00:00
1778025600000,0.0003373,0.0003409,0.0003336,0.0003399,327682310.0,2026-05-06 00:00:00+00:00
1778040000000,0.0003396,0.00034,0.0003327,0.0003362,317817041.0,2026-05-06 04:00:00+00:00
1778054400000,0.0003363,0.000339,0.00033,0.0003359,504915904.0,2026-05-06 08:00:00+00:00
1778068800000,0.0003358,0.0003423,0.0003337,0.0003367,462343397.0,2026-05-06 12:00:00+00:00
1778083200000,0.0003365,0.0003432,0.000333,0.0003347,624231278.0,2026-05-06 16:00:00+00:00
1778097600000,0.0003347,0.0003359,0.0003311,0.0003346,344408095.0,2026-05-06 20:00:00+00:00
1778112000000,0.0003346,0.0003354,0.0003063,0.0003143,1655658661.0,2026-05-07 00:00:00+00:00
1778126400000,0.0003143,0.000319,0.0003105,0.0003155,503136238.0,2026-05-07 04:00:00+00:00
1778140800000,0.0003154,0.000322,0.0003132,0.0003149,593564236.0,2026-05-07 08:00:00+00:00
1778155200000,0.0003148,0.000317,0.0003103,0.0003114,559871870.0,2026-05-07 12:00:00+00:00
1778169600000,0.0003114,0.0003129,0.0003031,0.0003083,575427904.0,2026-05-07 16:00:00+00:00
1778184000000,0.0003081,0.0003094,0.0003053,0.0003086,286913154.0,2026-05-07 20:00:00+00:00
1778198400000,0.0003084,0.0003097,0.000305,0.0003082,350016334.0,2026-05-08 00:00:00+00:00
1778212800000,0.000308,0.00031,0.0003071,0.0003079,245511656.0,2026-05-08 04:00:00+00:00
1778227200000,0.0003079,0.0003117,0.0003053,0.0003085,398611404.0,2026-05-08 08:00:00+00:00
1778241600000,0.0003085,0.0003179,0.0003044,0.0003139,602652232.0,2026-05-08 12:00:00+00:00
1778256000000,0.0003142,0.0003267,0.0003137,0.0003201,1056439044.0,2026-05-08 16:00:00+00:00
1778270400000,0.0003199,0.0003255,0.0003172,0.0003207,243739351.0,2026-05-08 20:00:00+00:00
1778284800000,0.0003211,0.0003236,0.0003168,0.0003205,535083430.0,2026-05-09 00:00:00+00:00
1778299200000,0.0003205,0.0003291,0.0003183,0.0003249,499545796.0,2026-05-09 04:00:00+00:00
1778313600000,0.000325,0.0003289,0.0003205,0.0003279,392996937.0,2026-05-09 08:00:00+00:00
1778328000000,0.0003281,0.0003318,0.0003215,0.000326,514612808.0,2026-05-09 12:00:00+00:00
1778342400000,0.0003261,0.0003295,0.0003226,0.0003267,460430602.0,2026-05-09 16:00:00+00:00
1778356800000,0.0003266,0.0003291,0.0003219,0.0003287,285640397.0,2026-05-09 20:00:00+00:00
1778371200000,0.0003287,0.0003506,0.0003265,0.0003403,1747048930.0,2026-05-10 00:00:00+00:00
1778385600000,0.0003407,0.0003408,0.0003334,0.0003355,455733893.0,2026-05-10 04:00:00+00:00
1778400000000,0.0003352,0.000358,0.0003311,0.0003452,1826924491.0,2026-05-10 08:00:00+00:00
1778414400000,0.0003457,0.0003611,0.0003423,0.0003465,1428510347.0,2026-05-10 12:00:00+00:00
1778428800000,0.0003462,0.0003579,0.000341,0.0003472,1009014830.0,2026-05-10 16:00:00+00:00
1778443200000,0.0003472,0.0003483,0.0003352,0.0003409,608917474.0,2026-05-10 20:00:00+00:00
1778457600000,0.0003409,0.0003536,0.0003372,0.0003486,804474049.0,2026-05-11 00:00:00+00:00
1778472000000,0.0003482,0.0003537,0.0003402,0.0003423,720247330.0,2026-05-11 04:00:00+00:00
1778486400000,0.0003425,0.000357,0.0003401,0.000349,467390908.0,2026-05-11 08:00:00+00:00
1778500800000,0.000349,0.0003895,0.0003474,0.0003659,3038564721.0,2026-05-11 12:00:00+00:00
1778515200000,0.0003659,0.0004036,0.0003595,0.0003853,3464272343.0,2026-05-11 16:00:00+00:00
1778529600000,0.0003858,0.0004,0.0003849,0.0003944,923063805.0,2026-05-11 20:00:00+00:00
1778544000000,0.0003948,0.0004552,0.0003912,0.00041,9083913304.0,2026-05-12 00:00:00+00:00
1778558400000,0.0004105,0.0004473,0.0004064,0.0004378,4028672255.0,2026-05-12 04:00:00+00:00
1778572800000,0.0004378,0.0004383,0.0003734,0.0003861,4818124206.0,2026-05-12 08:00:00+00:00
1778587200000,0.0003857,0.0003921,0.0003546,0.0003603,3151474746.0,2026-05-12 12:00:00+00:00
1778601600000,0.0003603,0.0003697,0.0003455,0.0003619,1663384862.0,2026-05-12 16:00:00+00:00
1778616000000,0.0003618,0.0003631,0.0003549,0.0003555,572608903.0,2026-05-12 20:00:00+00:00
1778630400000,0.0003555,0.0003695,0.0003545,0.0003606,1057946084.0,2026-05-13 00:00:00+00:00
1778644800000,0.0003607,0.0003729,0.000359,0.000371,1045094370.0,2026-05-13 04:00:00+00:00
1778659200000,0.0003711,0.0003787,0.0003418,0.0003476,2050700307.0,2026-05-13 08:00:00+00:00
1778673600000,0.0003476,0.0003478,0.0003063,0.0003138,2895137285.0,2026-05-13 12:00:00+00:00
1778688000000,0.0003134,0.0003165,0.0003058,0.000306,820153142.0,2026-05-13 16:00:00+00:00
1778702400000,0.0003062,0.0003175,0.000306,0.0003118,511341840.0,2026-05-13 20:00:00+00:00
1778716800000,0.0003118,0.0003325,0.0003113,0.0003285,869102190.0,2026-05-14 00:00:00+00:00
1778731200000,0.0003282,0.0003334,0.0003159,0.0003175,626480326.0,2026-05-14 04:00:00+00:00
1778745600000,0.0003171,0.0003206,0.0003016,0.0003076,1424033169.0,2026-05-14 08:00:00+00:00
1778760000000,0.0003076,0.0003195,0.0003062,0.0003172,596569312.0,2026-05-14 12:00:00+00:00
1778774400000,0.0003166,0.0003208,0.0003087,0.0003099,543512415.0,2026-05-14 16:00:00+00:00
1778788800000,0.0003099,0.0003148,0.0003086,0.0003127,377117281.0,2026-05-14 20:00:00+00:00
1778803200000,0.0003124,0.0003241,0.0003105,0.0003238,566331535.0,2026-05-15 00:00:00+00:00
1778817600000,0.000324,0.0003522,0.0003217,0.000344,3117023674.0,2026-05-15 04:00:00+00:00
1778832000000,0.000344,0.0003568,0.000338,0.0003535,1320010097.0,2026-05-15 08:00:00+00:00
1778846400000,0.000353,0.0003757,0.0003483,0.0003718,18923767036.0,2026-05-15 12:00:00+00:00
1778860800000,0.0003717,0.0003792,0.0003591,0.0003723,12153294530.0,2026-05-15 16:00:00+00:00
1778875200000,0.0003725,0.000379,0.0003657,0.0003704,6172420045.0,2026-05-15 20:00:00+00:00
1778889600000,0.0003704,0.0003942,0.0003623,0.0003794,9667202736.0,2026-05-16 00:00:00+00:00
1778904000000,0.000379,0.0004044,0.000376,0.0003927,10126372236.0,2026-05-16 04:00:00+00:00
1778918400000,0.0003927,0.0004045,0.0003154,0.0003219,15327672359.0,2026-05-16 08:00:00+00:00
1778932800000,0.0003215,0.000343,0.0003215,0.0003296,2241318806.0,2026-05-16 12:00:00+00:00
1778947200000,0.0003291,0.0003376,0.0003282,0.0003357,810132691.0,2026-05-16 16:00:00+00:00
1778961600000,0.0003356,0.000339,0.0003303,0.0003308,566598597.0,2026-05-16 20:00:00+00:00
1778976000000,0.0003307,0.0003424,0.0003207,0.0003405,1219370439.0,2026-05-17 00:00:00+00:00
1778990400000,0.0003406,0.0003497,0.0003331,0.0003425,1256427783.0,2026-05-17 04:00:00+00:00
1779004800000,0.0003423,0.0003468,0.0003348,0.0003381,869926139.0,2026-05-17 08:00:00+00:00
1779019200000,0.0003381,0.0003431,0.000334,0.0003391,648184499.0,2026-05-17 12:00:00+00:00
1779033600000,0.0003391,0.0003465,0.0003351,0.0003416,591525909.0,2026-05-17 16:00:00+00:00
1779048000000,0.0003418,0.0003441,0.0003081,0.0003209,1321216466.0,2026-05-17 20:00:00+00:00
1779062400000,0.0003214,0.0003284,0.0003186,0.0003211,454833838.0,2026-05-18 00:00:00+00:00
1779076800000,0.0003209,0.0003358,0.000319,0.0003229,703720041.0,2026-05-18 04:00:00+00:00
1779091200000,0.0003226,0.0003247,0.000315,0.0003172,464578779.0,2026-05-18 08:00:00+00:00
1779105600000,0.0003172,0.0003447,0.0003162,0.000332,1797595490.0,2026-05-18 12:00:00+00:00
1779120000000,0.000332,0.0003336,0.0003183,0.000329,1034418550.0,2026-05-18 16:00:00+00:00
1779134400000,0.0003289,0.0003319,0.0003255,0.000327,282526629.0,2026-05-18 20:00:00+00:00
1779148800000,0.0003272,0.0003346,0.0003264,0.0003299,413774588.0,2026-05-19 00:00:00+00:00
1779163200000,0.0003299,0.0003313,0.0003207,0.0003243,325171948.0,2026-05-19 04:00:00+00:00
1779177600000,0.0003244,0.0003301,0.0003187,0.0003275,446567558.0,2026-05-19 08:00:00+00:00
1779192000000,0.0003273,0.0003291,0.000313,0.0003168,498886937.0,2026-05-19 12:00:00+00:00
1779206400000,0.0003168,0.0003176,0.00031,0.0003119,314001280.0,2026-05-19 16:00:00+00:00
1779220800000,0.0003118,0.0003141,0.0003087,0.0003121,193705013.0,2026-05-19 20:00:00+00:00
1779235200000,0.0003119,0.0003173,0.0003101,0.0003129,250122471.0,2026-05-20 00:00:00+00:00
1779249600000,0.0003127,0.0003172,0.000312,0.000316,256119978.0,2026-05-20 04:00:00+00:00
1779264000000,0.0003158,0.0003217,0.0003139,0.0003185,340126537.0,2026-05-20 08:00:00+00:00
1779278400000,0.0003185,0.0003288,0.0003154,0.00032,822202931.0,2026-05-20 12:00:00+00:00
1779292800000,0.0003201,0.0003254,0.00032,0.0003221,234711516.0,2026-05-20 16:00:00+00:00
1779307200000,0.0003221,0.0003244,0.0003144,0.0003168,254934026.0,2026-05-20 20:00:00+00:00
1779321600000,0.0003166,0.0003219,0.0003142,0.0003196,280172032.0,2026-05-21 00:00:00+00:00
1779336000000,0.0003194,0.000322,0.0003127,0.0003192,360128808.0,2026-05-21 04:00:00+00:00
1779350400000,0.0003197,0.0003324,0.0003156,0.0003259,590773069.0,2026-05-21 08:00:00+00:00
1779364800000,0.0003258,0.0003424,0.0003211,0.0003378,1096679400.0,2026-05-21 12:00:00+00:00
1779379200000,0.0003383,0.0003499,0.0003353,0.0003489,541761916.0,2026-05-21 16:00:00+00:00
1779393600000,0.0003486,0.0003509,0.000342,0.0003448,365151230.0,2026-05-21 20:00:00+00:00
1779408000000,0.000345,0.0003564,0.00034,0.0003517,832856893.0,2026-05-22 00:00:00+00:00
1779422400000,0.0003514,0.0003755,0.0003494,0.0003693,3734809403.0,2026-05-22 04:00:00+00:00
1779436800000,0.000369,0.0003816,0.0003636,0.0003678,2568859743.0,2026-05-22 08:00:00+00:00
1779451200000,0.000368,0.0003783,0.0003636,0.0003692,1575025581.0,2026-05-22 12:00:00+00:00
1779465600000,0.0003692,0.0003726,0.0003446,0.000353,1530216004.0,2026-05-22 16:00:00+00:00
1779480000000,0.0003528,0.0003619,0.0003482,0.00035,822022764.0,2026-05-22 20:00:00+00:00
1779494400000,0.0003501,0.0003888,0.0003464,0.0003855,1412740951.0,2026-05-23 00:00:00+00:00
1779508800000,0.000386,0.000395,0.0003409,0.0003497,2552003181.0,2026-05-23 04:00:00+00:00
1779523200000,0.0003503,0.0003577,0.0003456,0.0003566,508705187.0,2026-05-23 08:00:00+00:00
1779537600000,0.0003566,0.0003697,0.0003536,0.0003628,793018477.0,2026-05-23 12:00:00+00:00
1779552000000,0.0003629,0.0003659,0.0003598,0.000363,240286935.0,2026-05-23 16:00:00+00:00
1779566400000,0.0003629,0.0003651,0.000354,0.0003558,285747431.0,2026-05-23 20:00:00+00:00
1779580800000,0.0003559,0.0003585,0.0003495,0.0003503,400432583.0,2026-05-24 00:00:00+00:00
1779595200000,0.0003501,0.0003526,0.0003391,0.0003414,778745830.0,2026-05-24 04:00:00+00:00
1779609600000,0.0003414,0.0003488,0.0003408,0.0003452,401457628.0,2026-05-24 08:00:00+00:00
1779624000000,0.0003452,0.0003458,0.0003306,0.000337,723376948.0,2026-05-24 12:00:00+00:00
1779638400000,0.000337,0.0003491,0.0003335,0.0003386,1009535974.0,2026-05-24 16:00:00+00:00
1779652800000,0.0003386,0.000343,0.0003352,0.0003369,256912135.0,2026-05-24 20:00:00+00:00
1779667200000,0.0003369,0.0003422,0.000333,0.0003344,375743440.0,2026-05-25 00:00:00+00:00
1779681600000,0.0003346,0.0003423,0.0003338,0.0003399,492874278.0,2026-05-25 04:00:00+00:00
1779696000000,0.0003401,0.0003429,0.0003288,0.000332,490954255.0,2026-05-25 08:00:00+00:00
1779710400000,0.0003322,0.0003331,0.0003179,0.0003226,982769706.0,2026-05-25 12:00:00+00:00
1779724800000,0.0003225,0.000329,0.000321,0.000326,288328181.0,2026-05-25 16:00:00+00:00
1779739200000,0.0003262,0.0003266,0.0003155,0.0003167,371973353.0,2026-05-25 20:00:00+00:00
1779753600000,0.0003167,0.0003183,0.0003027,0.0003121,810593186.0,2026-05-26 00:00:00+00:00
1779768000000,0.0003124,0.0003161,0.0003106,0.0003134,225060108.0,2026-05-26 04:00:00+00:00
1779782400000,0.0003131,0.000322,0.0003128,0.0003156,540361196.0,2026-05-26 08:00:00+00:00
1779796800000,0.0003154,0.0003189,0.0003074,0.0003096,433631013.0,2026-05-26 12:00:00+00:00
1779811200000,0.0003095,0.0003125,0.0003046,0.0003102,408226274.0,2026-05-26 16:00:00+00:00
1779825600000,0.0003102,0.0003105,0.000306,0.0003079,300610712.0,2026-05-26 20:00:00+00:00
1779840000000,0.000308,0.0003099,0.0003063,0.0003071,204433656.0,2026-05-27 00:00:00+00:00
1779854400000,0.0003071,0.0003088,0.0003051,0.0003071,159144654.0,2026-05-27 04:00:00+00:00
1779868800000,0.0003071,0.000314,0.000306,0.0003097,600607000.0,2026-05-27 08:00:00+00:00
1779883200000,0.0003095,0.0003318,0.000308,0.0003285,874933965.0,2026-05-27 12:00:00+00:00
1779897600000,0.0003286,0.0003387,0.0003271,0.0003292,658909134.0,2026-05-27 16:00:00+00:00
1779912000000,0.0003293,0.0003386,0.0003197,0.0003278,670790847.0,2026-05-27 20:00:00+00:00
1779926400000,0.0003278,0.0003341,0.00031,0.0003124,1041258880.0,2026-05-28 00:00:00+00:00
1779940800000,0.0003124,0.000323,0.0003072,0.0003213,562454045.0,2026-05-28 04:00:00+00:00
1779955200000,0.0003213,0.0003373,0.0003206,0.000334,1153728945.0,2026-05-28 08:00:00+00:00
1779969600000,0.0003344,0.0003406,0.00033,0.0003366,899075242.0,2026-05-28 12:00:00+00:00
1779984000000,0.0003366,0.0003472,0.0003324,0.0003428,512947748.0,2026-05-28 16:00:00+00:00
1779998400000,0.0003428,0.00035,0.0003403,0.0003438,319028623.0,2026-05-28 20:00:00+00:00
1780012800000,0.0003434,0.0003483,0.0003325,0.0003413,748062234.0,2026-05-29 00:00:00+00:00
1780027200000,0.0003414,0.0003505,0.00034,0.0003496,564726453.0,2026-05-29 04:00:00+00:00
1780041600000,0.0003493,0.0003555,0.000336,0.0003415,887301652.0,2026-05-29 08:00:00+00:00
1780056000000,0.0003411,0.0003479,0.0003385,0.0003449,481504173.0,2026-05-29 12:00:00+00:00
1780070400000,0.0003449,0.0003514,0.000336,0.0003401,430468836.0,2026-05-29 16:00:00+00:00
1780084800000,0.00034,0.0003426,0.0003255,0.0003367,587809291.0,2026-05-29 20:00:00+00:00
1780099200000,0.0003364,0.000341,0.0003257,0.0003316,610212626.0,2026-05-30 00:00:00+00:00
1780113600000,0.0003311,0.000341,0.0003305,0.0003387,291630860.0,2026-05-30 04:00:00+00:00
1780128000000,0.0003385,0.0003468,0.0003339,0.000343,414186918.0,2026-05-30 08:00:00+00:00
1780142400000,0.0003429,0.0003444,0.0003371,0.0003381,374421696.0,2026-05-30 12:00:00+00:00
1780156800000,0.0003382,0.0003404,0.0003347,0.0003363,194113396.0,2026-05-30 16:00:00+00:00
1780171200000,0.0003364,0.0003387,0.0003273,0.0003285,185830903.0,2026-05-30 20:00:00+00:00
1780185600000,0.0003286,0.0003306,0.0003243,0.0003276,288776561.0,2026-05-31 00:00:00+00:00
1780200000000,0.0003275,0.0003339,0.0003214,0.0003271,393016346.0,2026-05-31 04:00:00+00:00
1780214400000,0.0003272,0.000332,0.0003258,0.000331,197943654.0,2026-05-31 08:00:00+00:00
1780228800000,0.0003313,0.0003318,0.0003247,0.0003283,286825990.0,2026-05-31 12:00:00+00:00
1780243200000,0.0003283,0.0003309,0.0003185,0.0003209,486254284.0,2026-05-31 16:00:00+00:00
1780257600000,0.0003212,0.0003279,0.0003205,0.0003272,214225360.0,2026-05-31 20:00:00+00:00
1780272000000,0.0003266,0.0003352,0.0003265,0.0003313,301777172.0,2026-06-01 00:00:00+00:00
1780286400000,0.0003315,0.0003324,0.0003192,0.0003199,352881307.0,2026-06-01 04:00:00+00:00
1780300800000,0.0003195,0.0003253,0.0003185,0.0003219,568282075.0,2026-06-01 08:00:00+00:00
1780315200000,0.0003217,0.0003284,0.0003166,0.0003267,485217489.0,2026-06-01 12:00:00+00:00
1780329600000,0.0003268,0.0003488,0.0003238,0.0003448,674912046.0,2026-06-01 16:00:00+00:00
1780344000000,0.0003445,0.0003506,0.0003347,0.0003453,703544573.0,2026-06-01 20:00:00+00:00
1780358400000,0.0003452,0.0003543,0.0003351,0.0003425,864152327.0,2026-06-02 00:00:00+00:00
1780372800000,0.000342,0.0003442,0.0003286,0.0003332,661910712.0,2026-06-02 04:00:00+00:00
1780387200000,0.0003332,0.0003337,0.0003232,0.0003281,422321702.0,2026-06-02 08:00:00+00:00
1780401600000,0.000328,0.0003363,0.00032,0.000329,842081936.0,2026-06-02 12:00:00+00:00
1780416000000,0.0003292,0.0003376,0.0003153,0.0003212,626098652.0,2026-06-02 16:00:00+00:00
1780430400000,0.0003211,0.0003241,0.0003101,0.0003157,464323122.0,2026-06-02 20:00:00+00:00
1780444800000,0.0003155,0.0003185,0.0003092,0.0003105,516570170.0,2026-06-03 00:00:00+00:00
1780459200000,0.0003109,0.0003267,0.0003098,0.0003266,504770727.0,2026-06-03 04:00:00+00:00
1780473600000,0.0003265,0.0003359,0.0003215,0.0003272,732840540.0,2026-06-03 08:00:00+00:00
1780488000000,0.0003274,0.0003307,0.000324,0.0003286,377840779.0,2026-06-03 12:00:00+00:00
1780502400000,0.0003286,0.0003336,0.0003143,0.0003149,742244216.0,2026-06-03 16:00:00+00:00
1780516800000,0.0003144,0.000319,0.0003068,0.000312,428056980.0,2026-06-03 20:00:00+00:00
1780531200000,0.0003119,0.0003157,0.0002509,0.0002914,3239736377.0,2026-06-04 00:00:00+00:00
1780545600000,0.0002913,0.0002941,0.0002849,0.0002878,740928995.0,2026-06-04 04:00:00+00:00
1780560000000,0.0002878,0.0002922,0.0002824,0.0002855,672924578.0,2026-06-04 08:00:00+00:00
1780574400000,0.0002853,0.0003011,0.0002839,0.0002918,1080085235.0,2026-06-04 12:00:00+00:00
1780588800000,0.0002916,0.0002982,0.0002855,0.0002867,779230549.0,2026-06-04 16:00:00+00:00
1780603200000,0.0002863,0.0002898,0.0002773,0.0002831,463231448.0,2026-06-04 20:00:00+00:00
1780617600000,0.000283,0.0002922,0.0002802,0.0002828,628834516.0,2026-06-05 00:00:00+00:00
1780632000000,0.0002828,0.0002886,0.0002631,0.0002724,1104988086.0,2026-06-05 04:00:00+00:00
1780646400000,0.0002722,0.0002742,0.000264,0.0002664,456625073.0,2026-06-05 08:00:00+00:00
1780660800000,0.0002666,0.0002863,0.0002616,0.00028,1140309419.0,2026-06-05 12:00:00+00:00
1780675200000,0.0002799,0.0002928,0.0002681,0.0002727,942285804.0,2026-06-05 16:00:00+00:00
1780689600000,0.0002727,0.0002795,0.0002669,0.0002695,290314992.0,2026-06-05 20:00:00+00:00
1780704000000,0.00027,0.0002736,0.0002602,0.0002617,496825158.0,2026-06-06 00:00:00+00:00
1780718400000,0.0002618,0.0002628,0.0002424,0.0002616,1270918483.0,2026-06-06 04:00:00+00:00
1780732800000,0.0002613,0.0002718,0.0002583,0.0002625,826395476.0,2026-06-06 08:00:00+00:00
1780747200000,0.0002632,0.0002727,0.0002604,0.0002636,773729909.0,2026-06-06 12:00:00+00:00
1780761600000,0.0002636,0.0002671,0.0002611,0.0002632,361902763.0,2026-06-06 16:00:00+00:00
1780776000000,0.0002631,0.000268,0.0002628,0.0002678,170342346.0,2026-06-06 20:00:00+00:00
1780790400000,0.0002678,0.0002751,0.0002674,0.0002727,324155499.0,2026-06-07 00:00:00+00:00
1780804800000,0.0002724,0.0002818,0.0002716,0.0002813,522000207.0,2026-06-07 04:00:00+00:00
1780819200000,0.0002809,0.0002847,0.0002784,0.000282,338261489.0,2026-06-07 08:00:00+00:00
1780833600000,0.0002819,0.0003121,0.0002776,0.0003011,2476150493.0,2026-06-07 12:00:00+00:00
1780848000000,0.0003011,0.0003079,0.000292,0.0003029,1224971558.0,2026-06-07 16:00:00+00:00
1780862400000,0.0003029,0.0003145,0.0002979,0.0002991,845422000.0,2026-06-07 20:00:00+00:00
1780876800000,0.000299,0.0003098,0.000298,0.0003014,1024275833.0,2026-06-08 00:00:00+00:00
1780891200000,0.0003016,0.0003027,0.0002912,0.0002974,618609867.0,2026-06-08 04:00:00+00:00
1780905600000,0.0002971,0.0003118,0.0002941,0.0003072,514861803.0,2026-06-08 08:00:00+00:00
1780920000000,0.0003073,0.0003101,0.0002991,0.0003038,740688507.0,2026-06-08 12:00:00+00:00
1780934400000,0.0003041,0.0003073,0.0002996,0.0003019,423876831.0,2026-06-08 16:00:00+00:00
1780948800000,0.0003024,0.000305,0.0002867,0.0002908,829566392.0,2026-06-08 20:00:00+00:00
1780963200000,0.0002909,0.0002924,0.0002818,0.0002883,440129237.0,2026-06-09 00:00:00+00:00
1780977600000,0.0002887,0.0002965,0.0002872,0.0002914,499693642.0,2026-06-09 04:00:00+00:00
1780992000000,0.0002911,0.0002936,0.0002745,0.0002828,685403565.0,2026-06-09 08:00:00+00:00
1781006400000,0.0002828,0.0002855,0.0002674,0.0002709,853088586.0,2026-06-09 12:00:00+00:00
1781020800000,0.0002705,0.0002723,0.0002625,0.0002646,641392455.0,2026-06-09 16:00:00+00:00
1781035200000,0.0002648,0.0002673,0.0002573,0.0002616,553985800.0,2026-06-09 20:00:00+00:00
1781049600000,0.0002616,0.0002711,0.0002611,0.0002664,476300610.0,2026-06-10 00:00:00+00:00
1781064000000,0.0002669,0.0002692,0.000262,0.0002647,416221751.0,2026-06-10 04:00:00+00:00
1781078400000,0.0002647,0.0002686,0.0002622,0.0002643,374985687.0,2026-06-10 08:00:00+00:00
1781092800000,0.0002648,0.0002795,0.0002622,0.0002741,1177492391.0,2026-06-10 12:00:00+00:00
1781107200000,0.0002746,0.0002819,0.0002699,0.0002728,547942323.0,2026-06-10 16:00:00+00:00
1781121600000,0.0002732,0.0002741,0.0002638,0.0002693,468451945.0,2026-06-10 20:00:00+00:00
1781136000000,0.0002694,0.0002725,0.0002633,0.0002703,429720901.0,2026-06-11 00:00:00+00:00
1781150400000,0.0002703,0.0002732,0.0002664,0.0002717,279419867.0,2026-06-11 04:00:00+00:00
1781164800000,0.0002717,0.0002744,0.0002691,0.0002744,452568769.0,2026-06-11 08:00:00+00:00
1781179200000,0.0002744,0.0002771,0.0002694,0.0002771,341756477.0,2026-06-11 12:00:00+00:00
1781193600000,0.0002764,0.0002853,0.00027,0.0002786,1095799369.0,2026-06-11 16:00:00+00:00
1781208000000,0.0002782,0.0002789,0.0002689,0.0002737,693086569.0,2026-06-11 20:00:00+00:00
1781222400000,0.0002737,0.0002787,0.0002676,0.0002686,585612788.0,2026-06-12 00:00:00+00:00
1781236800000,0.0002686,0.0002802,0.0002683,0.0002718,1850324129.0,2026-06-12 04:00:00+00:00
1781251200000,0.0002718,0.0002791,0.0002706,0.0002766,460917914.0,2026-06-12 08:00:00+00:00
1781265600000,0.0002764,0.0002819,0.0002739,0.0002757,596879655.0,2026-06-12 12:00:00+00:00
1781280000000,0.0002757,0.0002813,0.0002741,0.000277,520986961.0,2026-06-12 16:00:00+00:00
1781294400000,0.0002765,0.0002778,0.000268,0.0002714,460345236.0,2026-06-12 20:00:00+00:00
1781308800000,0.000271,0.000274,0.0002686,0.0002687,305347408.0,2026-06-13 00:00:00+00:00
1781323200000,0.0002686,0.0002738,0.0002655,0.000271,530516896.0,2026-06-13 04:00:00+00:00
1781337600000,0.0002711,0.0002739,0.0002694,0.0002705,269614613.0,2026-06-13 08:00:00+00:00
1781352000000,0.0002705,0.0002758,0.0002691,0.0002754,286123428.0,2026-06-13 12:00:00+00:00
1781366400000,0.0002755,0.0002767,0.0002694,0.0002721,408207919.0,2026-06-13 16:00:00+00:00
1781380800000,0.0002721,0.000273,0.0002676,0.000268,231351168.0,2026-06-13 20:00:00+00:00
1781395200000,0.000268,0.0002721,0.0002676,0.0002705,160675611.0,2026-06-14 00:00:00+00:00
1781409600000,0.0002701,0.0002807,0.0002673,0.0002762,526360191.0,2026-06-14 04:00:00+00:00
1781424000000,0.0002759,0.0002879,0.0002711,0.0002784,1294383418.0,2026-06-14 08:00:00+00:00
1781438400000,0.0002787,0.0002816,0.0002759,0.0002763,425946498.0,2026-06-14 12:00:00+00:00
1781452800000,0.0002764,0.0002883,0.0002754,0.000284,887662518.0,2026-06-14 16:00:00+00:00
1781467200000,0.0002839,0.0003025,0.0002805,0.0002954,1194849688.0,2026-06-14 20:00:00+00:00
1781481600000,0.0002954,0.0003198,0.0002946,0.0003032,1815023122.0,2026-06-15 00:00:00+00:00
1781496000000,0.0003038,0.0003182,0.0002993,0.0003081,1152760498.0,2026-06-15 04:00:00+00:00
1781510400000,0.0003087,0.0003139,0.0003024,0.0003108,709791952.0,2026-06-15 08:00:00+00:00
1781524800000,0.000311,0.0003145,0.0003056,0.0003124,776220660.0,2026-06-15 12:00:00+00:00
1781539200000,0.0003125,0.0003152,0.0003058,0.0003076,904251448.0,2026-06-15 16:00:00+00:00
1781553600000,0.0003078,0.0003168,0.0003077,0.0003126,375725859.0,2026-06-15 20:00:00+00:00
1781568000000,0.0003125,0.0003186,0.0003086,0.0003171,514140609.0,2026-06-16 00:00:00+00:00
1781582400000,0.0003171,0.0003328,0.0003156,0.0003301,957747417.0,2026-06-16 04:00:00+00:00
1781596800000,0.0003307,0.000337,0.0003252,0.0003319,791856421.0,2026-06-16 08:00:00+00:00
1781611200000,0.0003321,0.0003535,0.0003295,0.0003507,1501181280.0,2026-06-16 12:00:00+00:00
1781625600000,0.0003511,0.0003731,0.0003473,0.0003605,2698814652.0,2026-06-16 16:00:00+00:00
1781640000000,0.0003603,0.0003738,0.0003574,0.0003699,738704945.0,2026-06-16 20:00:00+00:00
1781654400000,0.0003706,0.000381,0.0003631,0.0003783,1365463926.0,2026-06-17 00:00:00+00:00
1781668800000,0.0003787,0.0004017,0.0003721,0.0003987,2318517700.0,2026-06-17 04:00:00+00:00
1781683200000,0.0003979,0.0003992,0.0003092,0.0003185,4649402417.0,2026-06-17 08:00:00+00:00
1781697600000,0.0003185,0.0003439,0.0003172,0.0003355,1152612853.0,2026-06-17 12:00:00+00:00
1781712000000,0.0003355,0.0003472,0.0003332,0.0003403,546870734.0,2026-06-17 16:00:00+00:00
1781726400000,0.0003404,0.0003408,0.0003297,0.0003317,337479209.0,2026-06-17 20:00:00+00:00
1781740800000,0.0003318,0.000345,0.0003288,0.0003367,465493885.0,2026-06-18 00:00:00+00:00
1781755200000,0.0003367,0.0003633,0.0003336,0.0003601,1134543959.0,2026-06-18 04:00:00+00:00
1781769600000,0.0003604,0.0003677,0.0003502,0.0003576,1299842738.0,2026-06-18 08:00:00+00:00
1781784000000,0.0003576,0.0003727,0.0003318,0.0003368,1912638779.0,2026-06-18 12:00:00+00:00
1781798400000,0.0003368,0.0003451,0.0003283,0.0003307,987734409.0,2026-06-18 16:00:00+00:00
1781812800000,0.0003305,0.0003313,0.0003177,0.0003222,462726245.0,2026-06-18 20:00:00+00:00
1781827200000,0.0003222,0.0003375,0.0003214,0.0003299,760371648.0,2026-06-19 00:00:00+00:00
1781841600000,0.0003301,0.0003346,0.0003216,0.0003244,411749627.0,2026-06-19 04:00:00+00:00
1781856000000,0.0003242,0.0003288,0.0003206,0.000325,460925218.0,2026-06-19 08:00:00+00:00
1781870400000,0.0003245,0.0003295,0.0003221,0.0003253,450174102.0,2026-06-19 12:00:00+00:00
1781884800000,0.0003251,0.0003389,0.0003244,0.0003277,725068087.0,2026-06-19 16:00:00+00:00
1781899200000,0.0003278,0.0003313,0.0003245,0.0003279,315522034.0,2026-06-19 20:00:00+00:00
1781913600000,0.0003275,0.0003553,0.0003267,0.0003492,810452434.0,2026-06-20 00:00:00+00:00
1781928000000,0.0003488,0.0003756,0.0003475,0.0003726,1085171983.0,2026-06-20 04:00:00+00:00
1781942400000,0.0003732,0.0003971,0.0003618,0.0003848,2088291487.0,2026-06-20 08:00:00+00:00
1781956800000,0.0003848,0.000416,0.0003711,0.000406,4668397482.0,2026-06-20 12:00:00+00:00
1781971200000,0.0004069,0.0004083,0.0003911,0.0003975,1941801614.0,2026-06-20 16:00:00+00:00
1781985600000,0.000397,0.0004324,0.0003911,0.0004305,4490582681.0,2026-06-20 20:00:00+00:00
1782000000000,0.000431,0.0004563,0.0003911,0.0004265,5870289181.0,2026-06-21 00:00:00+00:00
1782014400000,0.0004267,0.0004374,0.0004024,0.0004059,2132685257.0,2026-06-21 04:00:00+00:00
1782028800000,0.0004055,0.0004191,0.0003912,0.0004034,1208998819.0,2026-06-21 08:00:00+00:00
1782043200000,0.0004034,0.0004128,0.0003941,0.0004094,929873520.0,2026-06-21 12:00:00+00:00
1782057600000,0.0004096,0.000416,0.0004073,0.0004108,502931140.0,2026-06-21 16:00:00+00:00
1782072000000,0.0004109,0.0004182,0.0004072,0.0004096,474511014.0,2026-06-21 20:00:00+00:00
1782086400000,0.00041,0.0004276,0.0004089,0.0004232,559432769.0,2026-06-22 00:00:00+00:00
1782100800000,0.0004233,0.0004278,0.0003594,0.0003663,3482779565.0,2026-06-22 04:00:00+00:00
1782115200000,0.0003662,0.0003765,0.0003618,0.0003694,726070707.0,2026-06-22 08:00:00+00:00
1782129600000,0.0003693,0.0003818,0.00035,0.0003585,1668802656.0,2026-06-22 12:00:00+00:00
1782144000000,0.0003584,0.0003665,0.0003566,0.0003664,455242994.0,2026-06-22 16:00:00+00:00
1782158400000,0.0003664,0.0003683,0.0003622,0.0003643,316083650.0,2026-06-22 20:00:00+00:00
1782172800000,0.0003643,0.000366,0.0003604,0.0003638,188497849.0,2026-06-23 00:00:00+00:00
1782187200000,0.0003638,0.0003644,0.0003502,0.0003565,582398342.0,2026-06-23 04:00:00+00:00
1782201600000,0.0003567,0.0003683,0.0003549,0.0003599,659671796.0,2026-06-23 08:00:00+00:00
1782216000000,0.0003599,0.0003611,0.0003544,0.0003548,406518124.0,2026-06-23 12:00:00+00:00
1782230400000,0.0003548,0.0003585,0.000325,0.0003478,2037238570.0,2026-06-23 16:00:00+00:00
1782244800000,0.0003477,0.0003506,0.0003384,0.0003435,366714383.0,2026-06-23 20:00:00+00:00
1782259200000,0.0003435,0.0003543,0.000343,0.0003521,347079995.0,2026-06-24 00:00:00+00:00
1782273600000,0.0003524,0.0003896,0.0003495,0.0003618,901915597.0,2026-06-24 04:00:00+00:00
1782288000000,0.0003618,0.0003732,0.0003497,0.0003723,562351911.0,2026-06-24 08:00:00+00:00
1782302400000,0.0003727,0.0003848,0.0003616,0.0003813,775788830.0,2026-06-24 12:00:00+00:00
1782316800000,0.0003815,0.0004061,0.0003661,0.0003845,4278959508.0,2026-06-24 16:00:00+00:00
1782331200000,0.0003845,0.0003872,0.000366,0.0003746,1607983612.0,2026-06-24 20:00:00+00:00
1782345600000,0.0003744,0.000383,0.0003673,0.0003725,750778019.0,2026-06-25 00:00:00+00:00
1782360000000,0.0003725,0.0003776,0.0003616,0.000376,747329026.0,2026-06-25 04:00:00+00:00
1782374400000,0.000376,0.0003796,0.0003648,0.0003766,504845579.0,2026-06-25 08:00:00+00:00
1782388800000,0.0003766,0.0003806,0.000349,0.0003648,1208414189.0,2026-06-25 12:00:00+00:00
1782403200000,0.0003647,0.000393,0.0003515,0.000383,1578220910.0,2026-06-25 16:00:00+00:00
1782417600000,0.0003828,0.000384,0.0003741,0.0003752,248284612.0,2026-06-25 20:00:00+00:00
1782432000000,0.0003753,0.0003816,0.000372,0.000378,455778222.0,2026-06-26 00:00:00+00:00
1782446400000,0.0003789,0.0003792,0.0003659,0.0003764,470788514.0,2026-06-26 04:00:00+00:00
1782460800000,0.0003764,0.0003764,0.0003575,0.0003718,702519938.0,2026-06-26 08:00:00+00:00
1782475200000,0.0003718,0.00039,0.0003591,0.00036,812535468.0,2026-06-26 12:00:00+00:00
1782489600000,0.0003599,0.0003729,0.0003565,0.0003695,405688484.0,2026-06-26 16:00:00+00:00
1782504000000,0.0003699,0.0003699,0.0003617,0.0003642,205085207.0,2026-06-26 20:00:00+00:00
1782518400000,0.0003642,0.000365,0.0003533,0.0003614,507682801.0,2026-06-27 00:00:00+00:00
1782532800000,0.0003614,0.0003637,0.0003587,0.0003618,175085688.0,2026-06-27 04:00:00+00:00
1782547200000,0.0003618,0.00037,0.0003555,0.0003661,558015498.0,2026-06-27 08:00:00+00:00
1782561600000,0.0003658,0.000368,0.0003583,0.000359,316318782.0,2026-06-27 12:00:00+00:00
1782576000000,0.000359,0.0003595,0.0003445,0.000347,731378431.0,2026-06-27 16:00:00+00:00
1782590400000,0.0003471,0.0003478,0.0003403,0.0003437,284436845.0,2026-06-27 20:00:00+00:00
1782604800000,0.0003435,0.0003682,0.0003416,0.0003626,1081510423.0,2026-06-28 00:00:00+00:00
1782619200000,0.000363,0.0003888,0.0003584,0.0003791,1590581966.0,2026-06-28 04:00:00+00:00
1782633600000,0.0003792,0.0003828,0.0003738,0.0003791,493292629.0,2026-06-28 08:00:00+00:00
1782648000000,0.000379,0.0004144,0.0003728,0.000402,1038878218.0,2026-06-28 12:00:00+00:00
1782662400000,0.0004029,0.0004036,0.0003634,0.0003824,1977644825.0,2026-06-28 16:00:00+00:00
1782676800000,0.0003826,0.0003839,0.000376,0.0003777,329175431.0,2026-06-28 20:00:00+00:00
1782691200000,0.0003776,0.0003935,0.0003767,0.0003898,495471754.0,2026-06-29 00:00:00+00:00
1782705600000,0.0003903,0.0003925,0.0003692,0.0003791,705784517.0,2026-06-29 04:00:00+00:00
1782720000000,0.0003796,0.000385,0.0003738,0.0003757,245077834.0,2026-06-29 08:00:00+00:00
1782734400000,0.0003754,0.0003805,0.0003703,0.0003745,373685910.0,2026-06-29 12:00:00+00:00
1782748800000,0.0003746,0.000376,0.0003664,0.0003726,353061587.0,2026-06-29 16:00:00+00:00
1782763200000,0.0003719,0.0003737,0.0003682,0.0003713,171718949.0,2026-06-29 20:00:00+00:00
1782777600000,0.0003712,0.0003802,0.0003623,0.0003765,490482737.0,2026-06-30 00:00:00+00:00
1782792000000,0.000376,0.0003842,0.0003696,0.0003822,407064055.0,2026-06-30 04:00:00+00:00
1782806400000,0.0003822,0.0003949,0.0003743,0.0003877,763744708.0,2026-06-30 08:00:00+00:00
1782820800000,0.0003877,0.0003891,0.0003729,0.0003817,492386498.0,2026-06-30 12:00:00+00:00
1782835200000,0.000381,0.000385,0.0003784,0.0003801,328814365.0,2026-06-30 16:00:00+00:00
1782849600000,0.0003799,0.0004,0.0003783,0.0003824,415640062.0,2026-06-30 20:00:00+00:00
1782864000000,0.0003827,0.0003957,0.0003752,0.0003834,433228270.0,2026-07-01 00:00:00+00:00
1782878400000,0.0003833,0.0003919,0.0003764,0.0003806,499515790.0,2026-07-01 04:00:00+00:00
1782892800000,0.0003801,0.0003864,0.0003787,0.0003857,205248421.0,2026-07-01 08:00:00+00:00
1782907200000,0.0003853,0.0004108,0.0003825,0.0003901,3572440468.0,2026-07-01 12:00:00+00:00
1782921600000,0.0003899,0.000395,0.0003854,0.0003942,364502895.0,2026-07-01 16:00:00+00:00
1782936000000,0.0003936,0.0003983,0.0003647,0.0003766,1083635179.0,2026-07-01 20:00:00+00:00
1782950400000,0.0003764,0.0003939,0.000367,0.0003899,703999297.0,2026-07-02 00:00:00+00:00
1782964800000,0.0003899,0.0004023,0.0003873,0.0003925,1349491134.0,2026-07-02 04:00:00+00:00
1782979200000,0.0003922,0.0004044,0.0003918,0.0003998,491650794.0,2026-07-02 08:00:00+00:00
1782993600000,0.0003996,0.0004107,0.0003983,0.0004035,647616297.0,2026-07-02 12:00:00+00:00
1783008000000,0.0004033,0.0004037,0.0003945,0.0003989,313099079.0,2026-07-02 16:00:00+00:00
1783022400000,0.0003989,0.0004059,0.0003967,0.0004028,248868160.0,2026-07-02 20:00:00+00:00
1783036800000,0.0004028,0.0004147,0.0003978,0.0004128,3713307296.0,2026-07-03 00:00:00+00:00
1783051200000,0.0004128,0.0004615,0.0004004,0.000448,6964192422.0,2026-07-03 04:00:00+00:00
1783065600000,0.000448,0.000492,0.0004177,0.0004866,8002212847.0,2026-07-03 08:00:00+00:00
1783080000000,0.0004866,0.0005185,0.0004512,0.0004777,12932895292.0,2026-07-03 12:00:00+00:00
1783094400000,0.0004783,0.0005196,0.0004695,0.0005007,4341710850.0,2026-07-03 16:00:00+00:00
1783108800000,0.0005007,0.0005078,0.0004,0.0004341,7968879466.0,2026-07-03 20:00:00+00:00
1783123200000,0.000434,0.0004356,0.0003987,0.000404,2481392871.0,2026-07-04 00:00:00+00:00
1783137600000,0.000404,0.0004139,0.0003302,0.0003357,13098944905.0,2026-07-04 04:00:00+00:00
1783152000000,0.0003351,0.000342,0.0002937,0.0003074,26531781165.0,2026-07-04 08:00:00+00:00
1783166400000,0.0003072,0.0003468,0.0003035,0.0003221,8783262357.0,2026-07-04 12:00:00+00:00
1783180800000,0.0003221,0.0003327,0.000302,0.0003083,9323940209.0,2026-07-04 16:00:00+00:00
1783195200000,0.0003083,0.0003169,0.000305,0.0003134,3657971137.0,2026-07-04 20:00:00+00:00
1783209600000,0.0003134,0.000315,0.0003,0.000301,3914475053.0,2026-07-05 00:00:00+00:00
1783224000000,0.000301,0.0003086,0.0002888,0.0003023,4927394473.0,2026-07-05 04:00:00+00:00
1783238400000,0.0003025,0.0003074,0.0003,0.0003016,1818357829.0,2026-07-05 08:00:00+00:00
1783252800000,0.0003015,0.0003043,0.0003,0.0003004,1142439780.0,2026-07-05 12:00:00+00:00
1783267200000,0.0003004,0.0003036,0.0003,0.000301,1027524202.0,2026-07-05 16:00:00+00:00
1783281600000,0.000301,0.0003067,0.0003,0.0003011,1503702830.0,2026-07-05 20:00:00+00:00
1783296000000,0.000301,0.000303,0.0003,0.0003007,888415774.0,2026-07-06 00:00:00+00:00
1783310400000,0.0003005,0.0003124,0.0003005,0.0003105,1780605846.0,2026-07-06 04:00:00+00:00
1783324800000,0.0003105,0.0003183,0.0003003,0.0003027,2256878044.0,2026-07-06 08:00:00+00:00
1783339200000,0.0003027,0.0003073,0.0003,0.0003036,1368967563.0,2026-07-06 12:00:00+00:00
1783353600000,0.0003035,0.0003103,0.0003017,0.0003083,884718616.0,2026-07-06 16:00:00+00:00
1783368000000,0.0003083,0.0003131,0.000302,0.0003024,1064416698.0,2026-07-06 20:00:00+00:00
1783382400000,0.0003027,0.0003072,0.0003,0.0003012,1387179975.0,2026-07-07 00:00:00+00:00
1783396800000,0.0003008,0.0003032,0.0002761,0.0002792,6142920385.0,2026-07-07 04:00:00+00:00
1783411200000,0.0002797,0.00028,0.0002011,0.0002025,45543920166.0,2026-07-07 08:00:00+00:00
1783425600000,0.0002027,0.0002151,0.0001857,0.0002063,36991719388.0,2026-07-07 12:00:00+00:00
1783440000000,0.000206,0.0002076,0.0001856,0.00019,8737217956.0,2026-07-07 16:00:00+00:00
1783454400000,0.0001902,0.0001998,0.0001898,0.0001974,4037440367.0,2026-07-07 20:00:00+00:00
1783468800000,0.0001974,0.0002009,0.0001886,0.0001901,4627896450.0,2026-07-08 00:00:00+00:00
1783483200000,0.0001899,0.0001978,0.0001881,0.0001929,4492435556.0,2026-07-08 04:00:00+00:00
1783497600000,0.0001928,0.0001978,0.0001801,0.0001911,11804017871.0,2026-07-08 08:00:00+00:00
1783512000000,0.0001912,0.0001966,0.000187,0.0001899,3624973535.0,2026-07-08 12:00:00+00:00
1783526400000,0.00019,0.0001987,0.0001886,0.0001968,1713802114.0,2026-07-08 16:00:00+00:00
1783540800000,0.0001969,0.0001989,0.000191,0.0001926,1257886074.0,2026-07-08 20:00:00+00:00
1783555200000,0.0001924,0.0001984,0.0001904,0.0001918,1331110198.0,2026-07-09 00:00:00+00:00
1783569600000,0.0001918,0.0001952,0.0001905,0.0001926,1509943314.0,2026-07-09 04:00:00+00:00
1783584000000,0.0001926,0.000195,0.0001888,0.00019,3846713951.0,2026-07-09 08:00:00+00:00
1783598400000,0.0001903,0.0001921,0.00019,0.0001907,2497942116.0,2026-07-09 12:00:00+00:00
1783612800000,0.0001909,0.0002024,0.0001907,0.0001942,3046077813.0,2026-07-09 16:00:00+00:00
1783627200000,0.0001941,0.0001958,0.0001904,0.0001938,986794806.0,2026-07-09 20:00:00+00:00
1783641600000,0.0001939,0.0001961,0.0001891,0.0001901,1858785016.0,2026-07-10 00:00:00+00:00
1783656000000,0.0001902,0.0001919,0.000188,0.0001891,2825633099.0,2026-07-10 04:00:00+00:00
1783670400000,0.0001894,0.0001907,0.0001879,0.0001888,1298520237.0,2026-07-10 08:00:00+00:00
1783684800000,0.0001891,0.0002026,0.0001729,0.0001909,11972010524.0,2026-07-10 12:00:00+00:00
1783699200000,0.0001907,0.0001954,0.0001866,0.0001926,1882771535.0,2026-07-10 16:00:00+00:00
1783713600000,0.0001927,0.0001957,0.0001898,0.0001937,838466854.0,2026-07-10 20:00:00+00:00
1783728000000,0.0001938,0.0002111,0.0001931,0.0002003,6382930886.0,2026-07-11 00:00:00+00:00
1783742400000,0.0002003,0.000207,0.000195,0.0002043,2478637392.0,2026-07-11 04:00:00+00:00
1783756800000,0.0002042,0.0002285,0.0001978,0.0002129,7477993704.0,2026-07-11 08:00:00+00:00
1783771200000,0.0002129,0.0002209,0.0002057,0.0002105,7246448447.0,2026-07-11 12:00:00+00:00
1783785600000,0.0002105,0.0002139,0.0002029,0.0002059,2227328470.0,2026-07-11 16:00:00+00:00
1783800000000,0.0002059,0.0002071,0.0002015,0.0002034,691211103.0,2026-07-11 20:00:00+00:00
1783814400000,0.0002035,0.0002081,0.0001865,0.0002024,5483959943.0,2026-07-12 00:00:00+00:00
1783828800000,0.0002021,0.0002024,0.0001965,0.0001967,889354546.0,2026-07-12 04:00:00+00:00
1783843200000,0.0001966,0.0001995,0.0001951,0.0001981,852212768.0,2026-07-12 08:00:00+00:00
1783857600000,0.0001981,0.0001989,0.000196,0.0001967,911600572.0,2026-07-12 12:00:00+00:00
1783872000000,0.0001965,0.0001973,0.0001884,0.000193,1674570929.0,2026-07-12 16:00:00+00:00
1783886400000,0.0001929,0.0001999,0.0001845,0.0001928,2964518129.0,2026-07-12 20:00:00+00:00
1783900800000,0.0001927,0.0001953,0.0001866,0.0001899,1282652532.0,2026-07-13 00:00:00+00:00
1783915200000,0.0001902,0.0001944,0.0001832,0.0001917,1362177139.0,2026-07-13 04:00:00+00:00
1783929600000,0.0001918,0.000192,0.0001871,0.0001903,2097399268.0,2026-07-13 08:00:00+00:00
1783944000000,0.0001901,0.0001916,0.0001884,0.0001901,832628971.0,2026-07-13 12:00:00+00:00
1783958400000,0.00019,0.0001916,0.0001868,0.0001902,1175796390.0,2026-07-13 16:00:00+00:00
1783972800000,0.00019,0.0001911,0.000186,0.0001888,688288849.0,2026-07-13 20:00:00+00:00
1783987200000,0.0001886,0.000197,0.0001879,0.0001969,3436326388.0,2026-07-14 00:00:00+00:00
1784001600000,0.0001965,0.0001987,0.0001823,0.0001929,10482626928.0,2026-07-14 04:00:00+00:00
1784016000000,0.0001926,0.0001953,0.0001888,0.0001902,1070792779.0,2026-07-14 08:00:00+00:00
1784030400000,0.00019,0.000194,0.0001873,0.0001924,949058919.0,2026-07-14 12:00:00+00:00
1784044800000,0.0001927,0.0001932,0.000183,0.0001893,1131148172.0,2026-07-14 16:00:00+00:00
1784059200000,0.0001895,0.000191,0.0001886,0.0001898,310865247.0,2026-07-14 20:00:00+00:00
1784073600000,0.0001898,0.000192,0.0001873,0.0001894,878944838.0,2026-07-15 00:00:00+00:00
1784088000000,0.0001892,0.000562,0.0001853,0.0005596,401413665859.0,2026-07-15 04:00:00+00:00
1784102400000,0.0005596,0.0007693,0.0005056,0.0005437,374664205351.0,2026-07-15 08:00:00+00:00
1784116800000,0.0005443,0.00092,0.0005216,0.0007547,459512800273.0,2026-07-15 12:00:00+00:00
1784131200000,0.0007551,0.0008126,0.000561,0.0006685,230665947529.0,2026-07-15 16:00:00+00:00
1784145600000,0.0006684,0.0007274,0.000641,0.0006777,75178523610.0,2026-07-15 20:00:00+00:00
1784160000000,0.000678,0.0007877,0.0006737,0.0007611,92791308832.0,2026-07-16 00:00:00+00:00
1784174400000,0.0007612,0.0009502,0.0007001,0.0008398,186738544198.0,2026-07-16 04:00:00+00:00
1784188800000,0.0008402,0.0009388,0.000763,0.0009024,171990710066.0,2026-07-16 08:00:00+00:00
1784203200000,0.000902,0.000996,0.000898,0.0009774,144193034036.0,2026-07-16 12:00:00+00:00
1784217600000,0.0009774,0.00118,0.0008228,0.0009169,207072973174.0,2026-07-16 16:00:00+00:00
1784232000000,0.0009169,0.0010286,0.0009033,0.0010236,49606641483.0,2026-07-16 20:00:00+00:00
1784246400000,0.0010237,0.0010747,0.0008425,0.0008759,126628560244.0,2026-07-17 00:00:00+00:00
1784260800000,0.0008759,0.0010565,0.000834,0.0010308,118970356667.0,2026-07-17 04:00:00+00:00
1784275200000,0.001031,0.0012248,0.001004,0.0011683,144488912639.0,2026-07-17 08:00:00+00:00
1784289600000,0.0011687,0.0013944,0.0011401,0.001238,144507345616.0,2026-07-17 12:00:00+00:00
1784304000000,0.0012381,0.0014885,0.0012279,0.0014847,93480967742.0,2026-07-17 16:00:00+00:00
1784318400000,0.0014855,0.001955,0.00121,0.001441,207979301555.0,2026-07-17 20:00:00+00:00
1784332800000,0.0014408,0.0016358,0.0013701,0.0016206,54709973944.0,2026-07-18 00:00:00+00:00
1784347200000,0.0016206,0.0019778,0.0015908,0.0018227,94338788932.0,2026-07-18 04:00:00+00:00
1784361600000,0.0018227,0.00212,0.0014226,0.0017548,171379158051.0,2026-07-18 08:00:00+00:00
1784376000000,0.0017548,0.001853,0.0014645,0.00171,100362253008.0,2026-07-18 12:00:00+00:00
1784390400000,0.0017108,0.0020999,0.0016231,0.0020202,69830800629.0,2026-07-18 16:00:00+00:00
1784404800000,0.00202,0.0021424,0.0018113,0.0020039,46933281303.0,2026-07-18 20:00:00+00:00
1784419200000,0.0020038,0.0021728,0.0018312,0.0019066,41431453161.0,2026-07-19 00:00:00+00:00
1784433600000,0.0019066,0.0019772,0.001818,0.0018669,24824392821.0,2026-07-19 04:00:00+00:00
1784448000000,0.0018668,0.0019466,0.0017521,0.0018196,35511832907.0,2026-07-19 08:00:00+00:00
1784462400000,0.0018197,0.0020519,0.0016822,0.0018926,41140038973.0,2026-07-19 12:00:00+00:00
1784476800000,0.0018926,0.00202,0.0017901,0.0018459,24257963458.0,2026-07-19 16:00:00+00:00
1784491200000,0.0018458,0.0020075,0.0018295,0.0019813,12261824230.0,2026-07-19 20:00:00+00:00
1784505600000,0.0019814,0.0025142,0.0014312,0.0017827,87044954227.0,2026-07-20 00:00:00+00:00
1784520000000,0.0017835,0.0018563,0.0015724,0.0016872,30272868110.0,2026-07-20 04:00:00+00:00
1784534400000,0.0016872,0.0017536,0.0015556,0.0015858,24187621640.0,2026-07-20 08:00:00+00:00
1784548800000,0.0015855,0.0018586,0.0015574,0.0016585,28204743506.0,2026-07-20 12:00:00+00:00
1784563200000,0.0016586,0.001745,0.0016126,0.0016921,11200891772.0,2026-07-20 16:00:00+00:00
1784577600000,0.001692,0.0017551,0.0016583,0.0016934,6045964064.0,2026-07-20 20:00:00+00:00
1784592000000,0.0016931,0.002022,0.001668,0.0017584,24896388021.0,2026-07-21 00:00:00+00:00
1784606400000,0.0017589,0.0018379,0.0015715,0.0016385,22123212339.0,2026-07-21 04:00:00+00:00
1784620800000,0.0016386,0.0018234,0.001354,0.0016291,35043385600.0,2026-07-21 08:00:00+00:00
1784635200000,0.001629,0.0016725,0.0015593,0.0015944,11329647000.0,2026-07-21 12:00:00+00:00
1784649600000,0.0015945,0.0017398,0.001521,0.0017082,16615908118.0,2026-07-21 16:00:00+00:00
1784664000000,0.0017083,0.001785,0.0016261,0.0016898,9344669857.0,2026-07-21 20:00:00+00:00
1784678400000,0.0016899,0.0017017,0.0015341,0.0016022,11131751796.0,2026-07-22 00:00:00+00:00
1784692800000,0.0016023,0.0018751,0.0016,0.0018363,20943903929.0,2026-07-22 04:00:00+00:00
1784707200000,0.0018363,0.001895,0.0015909,0.0018271,25496299143.0,2026-07-22 08:00:00+00:00
1784721600000,0.0018267,0.001968,0.0017511,0.0019185,26600044342.0,2026-07-22 12:00:00+00:00
1784736000000,0.0019188,0.0019274,0.0017132,0.0017356,12410731844.0,2026-07-22 16:00:00+00:00
1784750400000,0.0017354,0.0017969,0.001655,0.0017065,9029204490.0,2026-07-22 20:00:00+00:00
1784764800000,0.0017061,0.0018255,0.0016833,0.0017629,8307210619.0,2026-07-23 00:00:00+00:00
1784779200000,0.0017629,0.0018977,0.0017473,0.0018772,12387260411.0,2026-07-23 04:00:00+00:00
1784793600000,0.0018771,0.0020705,0.001845,0.0020033,19823471090.0,2026-07-23 08:00:00+00:00
1784808000000,0.0020032,0.0021472,0.0019434,0.0021059,17851253197.0,2026-07-23 12:00:00+00:00
1784822400000,0.0021056,0.00275,0.00206,0.0021748,75400274522.0,2026-07-23 16:00:00+00:00
1784836800000,0.0021748,0.002597,0.0021193,0.0025,35875301271.0,2026-07-23 20:00:00+00:00
1784851200000,0.0025,0.0025,0.0018564,0.0022841,33879922470.0,2026-07-24 00:00:00+00:00
1784865600000,0.0022841,0.0027999,0.0021701,0.0024984,46641795367.0,2026-07-24 04:00:00+00:00
1784880000000,0.0024986,0.0029123,0.002282,0.0028748,34228510049.0,2026-07-24 08:00:00+00:00
1784894400000,0.0028749,0.0028917,0.0024329,0.0025012,37242756966.0,2026-07-24 12:00:00+00:00
1784908800000,0.0025012,0.0031942,0.0022363,0.0025863,79773940777.0,2026-07-24 16:00:00+00:00
1784923200000,0.0025851,0.0028367,0.0025034,0.0027192,14466117597.0,2026-07-24 20:00:00+00:00
1784937600000,0.002719,0.0028228,0.0025929,0.0027116,9698485241.0,2026-07-25 00:00:00+00:00
1784952000000,0.0027109,0.0033456,0.002556,0.0031895,26871011759.0,2026-07-25 04:00:00+00:00
1784966400000,0.0031885,0.00347,0.0030002,0.0032898,23293645531.0,2026-07-25 08:00:00+00:00
1784980800000,0.0032886,0.0034869,0.0030912,0.0032073,18802695286.0,2026-07-25 12:00:00+00:00
1784995200000,0.0032074,0.003294,0.0030769,0.0031412,10079294729.0,2026-07-25 16:00:00+00:00
1785009600000,0.0031413,0.0031985,0.0029196,0.0030449,10033387463.0,2026-07-25 20:00:00+00:00
1785024000000,0.0030436,0.003478,0.00301,0.0034023,12031543639.0,2026-07-26 00:00:00+00:00
1785038400000,0.0034023,0.0034373,0.0030425,0.0031933,14641148421.0,2026-07-26 04:00:00+00:00
1785052800000,0.0031941,0.0032372,0.0031145,0.0031537,5533046348.0,2026-07-26 08:00:00+00:00
1785067200000,0.003154,0.0031635,0.00281,0.0028728,13016865065.0,2026-07-26 12:00:00+00:00
1785081600000,0.0028719,0.0032943,0.0028245,0.0031943,12225172130.0,2026-07-26 16:00:00+00:00
1785096000000,0.0031942,0.0032291,0.0030717,0.0031325,3178765505.0,2026-07-26 20:00:00+00:00
1785110400000,0.0031326,0.00346,0.0030902,0.0033784,8998818653.0,2026-07-27 00:00:00+00:00
1785124800000,0.0033783,0.0069,0.002986,0.0039526,59469097688.0,2026-07-27 04:00:00+00:00
1785139200000,0.0039501,0.0046,0.003353,0.0042745,33760751773.0,2026-07-27 08:00:00+00:00
1785153600000,0.0042757,0.00445,0.0040726,0.0044104,12186647102.0,2026-07-27 12:00:00+00:00
1785168000000,0.0044105,0.004529,0.0041356,0.00422,9105083418.0,2026-07-27 16:00:00+00:00
1785182400000,0.0042202,0.0053886,0.0038575,0.0040316,26248430502.0,2026-07-27 20:00:00+00:00
1785196800000,0.0040324,0.00477,0.0039,0.0046914,14172822545.0,2026-07-28 00:00:00+00:00
1785211200000,0.0046914,0.0054059,0.0042701,0.0044619,16861605890.0,2026-07-28 04:00:00+00:00
1785225600000,0.0044606,0.005015,0.0044334,0.0048766,12339127935.0,2026-07-28 08:00:00+00:00
1785240000000,0.004875,0.00508,0.004083,0.0041678,18646388265.0,2026-07-28 12:00:00+00:00
1785254400000,0.0041676,0.0042859,0.0038502,0.0039895,6991948253.0,2026-07-28 16:00:00+00:00
1785268800000,0.0039896,0.0042888,0.0038223,0.0040867,6553860337.0,2026-07-28 20:00:00+00:00
1785283200000,0.0040873,0.00432,0.0038313,0.0039384,8533785355.0,2026-07-29 00:00:00+00:00
1785297600000,0.0039361,0.0039876,0.0034129,0.00344,11519581880.0,2026-07-29 04:00:00+00:00
1785312000000,0.003441,0.00435,0.003209,0.0041739,20326763909.0,2026-07-29 08:00:00+00:00
1785326400000,0.004174,0.0045499,0.0039502,0.0040781,10857308167.0,2026-07-29 12:00:00+00:00
1785340800000,0.0040784,0.0041376,0.0035131,0.003769,8174669896.0,2026-07-29 16:00:00+00:00
1785355200000,0.0037691,0.0039446,0.0037415,0.0038123,3021755010.0,2026-07-29 20:00:00+00:00
1785369600000,0.0038127,0.0041347,0.003593,0.0039861,8298407339.0,2026-07-30 00:00:00+00:00
1785384000000,0.0039861,0.0042182,0.003828,0.0041322,6875668607.0,2026-07-30 04:00:00+00:00
1785398400000,0.0041323,0.0044265,0.0038002,0.0044182,10755206624.0,2026-07-30 08:00:00+00:00
1785412800000,0.0044184,0.0047337,0.0042002,0.0043199,12408871588.0,2026-07-30 12:00:00+00:00
1785427200000,0.0043173,0.0044893,0.0042628,0.0044056,3613891782.0,2026-07-30 16:00:00+00:00
1785441600000,0.0044056,0.0045408,0.0042812,0.0044984,3085139815.0,2026-07-30 20:00:00+00:00
1785456000000,0.0044986,0.0046462,0.0043307,0.0044438,4537050677.0,2026-07-31 00:00:00+00:00
1785470400000,0.0044442,0.0044775,0.0038002,0.0039324,8463942317.0,2026-07-31 04:00:00+00:00
1785484800000,0.0039324,0.0041387,0.0037158,0.0037745,5561745817.0,2026-07-31 08:00:00+00:00
1785499200000,0.003775,0.0040103,0.0036712,0.0039031,6543057283.0,2026-07-31 12:00:00+00:00
1785513600000,0.0039025,0.0044289,0.0038938,0.0043464,4613027170.0,2026-07-31 16:00:00+00:00
1785528000000,0.0043464,0.0044498,0.0042628,0.0043744,2256325614.0,2026-07-31 20:00:00+00:00
1785542400000,0.0043742,0.0044899,0.0041411,0.0041696,3461668569.0,2026-08-01 00:00:00+00:00
1785556800000,0.0041711,0.0042242,0.003775,0.003932,4633868082.0,2026-08-01 04:00:00+00:00
1785571200000,0.0039323,0.0042497,0.0038836,0.0042031,4987826083.0,2026-08-01 08:00:00+00:00
1785585600000,0.0042031,0.0046729,0.0041907,0.0045647,7409896081.0,2026-08-01 12:00:00+00:00
1785600000000,0.0045651,0.0063635,0.0045073,0.0054678,34918662231.0,2026-08-01 16:00:00+00:00
1785614400000,0.0054677,0.0060867,0.0053661,0.0059678,8692019872.0,2026-08-01 20:00:00+00:00
1785628800000,0.0059687,0.006541,0.0041304,0.0042331,46523921335.0,2026-08-02 00:00:00+00:00
1785643200000,0.0042305,0.0045263,0.0038556,0.0042448,18642655806.0,2026-08-02 04:00:00+00:00
1785657600000,0.0042425,0.00455,0.0041204,0.0043694,9075624079.0,2026-08-02 08:00:00+00:00
1785672000000,0.0043694,0.0051707,0.0039277,0.0051344,16711727586.0,2026-08-02 12:00:00+00:00
1785686400000,0.0051329,0.00519,0.0043114,0.0046123,13861627310.0,2026-08-02 16:00:00+00:00
1785700800000,0.0046123,0.0049062,0.0044511,0.0048072,3970287268.0,2026-08-02 20:00:00+00:00
1785715200000,0.0048076,0.00499,0.0046225,0.0048108,5143503675.0,2026-08-03 00:00:00+00:00
1785729600000,0.0048106,0.0050402,0.0041753,0.0044317,9212896899.0,2026-08-03 04:00:00+00:00
1785744000000,0.0044334,0.0048704,0.0044326,0.0047879,5490550617.0,2026-08-03 08:00:00+00:00
1785758400000,0.0047879,0.0048382,0.0046333,0.0047098,3526837429.0,2026-08-03 12:00:00+00:00
1785772800000,0.0047099,0.0047968,0.0044501,0.0045193,2999927239.0,2026-08-03 16:00:00+00:00
1785787200000,0.004519,0.00461,0.0044029,0.0044227,1975928194.0,2026-08-03 20:00:00+00:00
1785801600000,0.0044226,0.0045359,0.0041998,0.0043008,4423881264.0,2026-08-04 00:00:00+00:00
1785816000000,0.0043009,0.0044237,0.0040455,0.0041316,5066164219.0,2026-08-04 04:00:00+00:00
1785830400000,0.0041321,0.0045774,0.0040359,0.0044608,5011519143.0,2026-08-04 08:00:00+00:00
1785844800000,0.00446,0.0045293,0.0041127,0.0041661,3809408860.0,2026-08-04 12:00:00+00:00
1785859200000,0.0041661,0.0042887,0.0040569,0.0042364,2402242734.0,2026-08-04 16:00:00+00:00
1785873600000,0.0042361,0.0044444,0.0042011,0.0042902,1670036173.0,2026-08-04 20:00:00+00:00
1785888000000,0.0042905,0.004388,0.0041883,0.0042267,1791898271.0,2026-08-05 00:00:00+00:00
1785902400000,0.0042268,0.004441,0.0039524,0.0042728,3991462590.0,2026-08-05 04:00:00+00:00
1785916800000,0.0042729,0.0043168,0.0040743,0.0041502,2389035741.0,2026-08-05 08:00:00+00:00
1785931200000,0.0041499,0.0041677,0.00402,0.004056,1947842721.0,2026-08-05 12:00:00+00:00
1785945600000,0.004056,0.0041971,0.0039079,0.0040121,3307541071.0,2026-08-05 16:00:00+00:00
1785960000000,0.0040119,0.0041096,0.0039257,0.0040489,1212341728.0,2026-08-05 20:00:00+00:00
1785974400000,0.004049,0.0040756,0.0038528,0.0039224,1729251738.0,2026-08-06 00:00:00+00:00
1785988800000,0.0039226,0.0041057,0.0038504,0.0039533,2767676078.0,2026-08-06 04:00:00+00:00
1786003200000,0.0039534,0.0043283,0.0039002,0.0041777,3291003657.0,2026-08-06 08:00:00+00:00
1786017600000,0.0041779,0.0043572,0.004109,0.004288,2542888136.0,2026-08-06 12:00:00+00:00
1786032000000,0.0042883,0.0043208,0.0041106,0.0042293,1810227789.0,2026-08-06 16:00:00+00:00
1786046400000,0.0042291,0.0042378,0.0041263,0.0041361,868591212.0,2026-08-06 20:00:00+00:00
1786060800000,0.0041362,0.0042833,0.0040783,0.0040968,1438882863.0,2026-08-07 00:00:00+00:00
1786075200000,0.0040966,0.00426,0.0040474,0.0041968,1354302926.0,2026-08-07 04:00:00+00:00
1786089600000,0.0041981,0.0042324,0.0040823,0.0040899,1011081226.0,2026-08-07 08:00:00+00:00
1786104000000,0.0040895,0.0041515,0.00392,0.0039951,1594358380.0,2026-08-07 12:00:00+00:00
1786118400000,0.0039951,0.0042298,0.0039585,0.0042141,1275945390.0,2026-08-07 16:00:00+00:00
1786132800000,0.0042145,0.00424,0.0039739,0.0039856,924072858.0,2026-08-07 20:00:00+00:00
1786147200000,0.0039865,0.0040936,0.0039512,0.0040014,994556787.0,2026-08-08 00:00:00+00:00
1786161600000,0.0040014,0.0040721,0.00398,0.0040145,772052825.0,2026-08-08 04:00:00+00:00
1786176000000,0.0040136,0.0041671,0.0040098,0.004052,923920185.0,2026-08-08 08:00:00+00:00
1786190400000,0.0040517,0.0041746,0.0040493,0.0041099,878547998.0,2026-08-08 12:00:00+00:00
1786204800000,0.0041099,0.0041364,0.0039896,0.0040168,708991961.0,2026-08-08 16:00:00+00:00
1786219200000,0.0040168,0.0040254,0.0038839,0.0039331,821485296.0,2026-08-08 20:00:00+00:00
1786233600000,0.0039332,0.0040469,0.0039001,0.0039433,843262847.0,2026-08-09 00:00:00+00:00
1786248000000,0.0039434,0.0041449,0.0038298,0.0040812,2251078344.0,2026-08-09 04:00:00+00:00
1786262400000,0.0040812,0.004129,0.0039689,0.0040094,1052426713.0,2026-08-09 08:00:00+00:00
1786276800000,0.0040093,0.0041414,0.0039955,0.0040143,978488220.0,2026-08-09 12:00:00+00:00
1786291200000,0.0040138,0.0043931,0.0040138,0.0041938,1713388904.0,2026-08-09 16:00:00+00:00
1786305600000,0.0041936,0.0042857,0.0041612,0.0041639,553938868.0,2026-08-09 20:00:00+00:00
1786320000000,0.0041642,0.0043751,0.00405,0.0042707,1393956596.0,2026-08-10 00:00:00+00:00
1786334400000,0.0042707,0.0042976,0.003951,0.0040479,2144259761.0,2026-08-10 04:00:00+00:00
1786348800000,0.0040477,0.0040735,0.0039603,0.0039946,639145305.0,2026-08-10 08:00:00+00:00
1786363200000,0.0039946,0.004003,0.0039129,0.0039666,915584756.0,2026-08-10 12:00:00+00:00
1786377600000,0.0039664,0.0039779,0.0038016,0.0038313,1089946534.0,2026-08-10 16:00:00+00:00
1786392000000,0.0038312,0.00409,0.0038225,0.0039654,1038939959.0,2026-08-10 20:00:00+00:00
1786406400000,0.0039655,0.0039975,0.0038836,0.0038929,527708095.0,2026-08-11 00:00:00+00:00
1786420800000,0.0038929,0.0039267,0.0038194,0.0038401,758278590.0,2026-08-11 04:00:00+00:00
1786435200000,0.0038402,0.0040439,0.0038109,0.0040084,1367752931.0,2026-08-11 08:00:00+00:00
1786449600000,0.0040084,0.0041398,0.0039301,0.0040005,1176185812.0,2026-08-11 12:00:00+00:00
1786464000000,0.0040004,0.0043999,0.004,0.0043461,2367774582.0,2026-08-11 16:00:00+00:00
1786478400000,0.0043454,0.004488,0.0040509,0.0042654,2210506582.0,2026-08-11 20:00:00+00:00
1786492800000,0.0042654,0.00438,0.0042159,0.0043084,946851945.0,2026-08-12 00:00:00+00:00
1786507200000,0.0043105,0.0043739,0.0041853,0.004218,1066498882.0,2026-08-12 04:00:00+00:00
1786521600000,0.0042177,0.0043666,0.0041252,0.0041815,1379392483.0,2026-08-12 08:00:00+00:00
1786536000000,0.0041818,0.004205,0.0040774,0.0040976,722719557.0,2026-08-12 12:00:00+00:00
1786550400000,0.0040979,0.004196,0.0040624,0.0040834,650515016.0,2026-08-12 16:00:00+00:00
1786564800000,0.0040833,0.0041338,0.0040145,0.0040716,665790741.0,2026-08-12 20:00:00+00:00
1786579200000,0.0040716,0.0041489,0.0040376,0.0040616,592609398.0,2026-08-13 00:00:00+00:00
1786593600000,0.0040616,0.0040836,0.0040111,0.0040305,556923260.0,2026-08-13 04:00:00+00:00
1786608000000,0.0040306,0.0060855,0.003989,0.006058,17674783815.0,2026-08-13 08:00:00+00:00
1786622400000,0.0060579,0.0066296,0.0047103,0.00652,33231836681.0,2026-08-13 12:00:00+00:00
1786636800000,0.00652,0.009333,0.0058603,0.0082788,27174983841.0,2026-08-13 16:00:00+00:00
1786651200000,0.0082788,0.008378,0.0060013,0.0067701,25013205891.0,2026-08-13 20:00:00+00:00
1786665600000,0.0067701,0.0076601,0.0065022,0.0075296,11892932694.0,2026-08-14 00:00:00+00:00
1786680000000,0.0075315,0.0083333,0.0072286,0.0076118,14978288610.0,2026-08-14 04:00:00+00:00
1786694400000,0.0076118,0.0118,0.0073247,0.0110536,30876989217.0,2026-08-14 08:00:00+00:00
1786708800000,0.0110525,0.0128203,0.0100945,0.0108413,24856481615.0,2026-08-14 12:00:00+00:00
1786723200000,0.0108448,0.0163,0.0077,0.0100027,33790583730.0,2026-08-14 16:00:00+00:00
1786737600000,0.0100011,0.010833,0.00936,0.0105821,5661411968.0,2026-08-14 20:00:00+00:00
1786752000000,0.0105829,0.0108989,0.00906,0.010319,6384286058.0,2026-08-15 00:00:00+00:00
1786766400000,0.0103188,0.0107309,0.009006,0.009495,5184044830.0,2026-08-15 04:00:00+00:00
1786780800000,0.009495,0.011482,0.0094,0.010288,5437673452.0,2026-08-15 08:00:00+00:00
1786795200000,0.010286,0.010808,0.009623,0.010566,2716640988.0,2026-08-15 12:00:00+00:00
1786809600000,0.010566,0.011851,0.009677,0.011226,4382153592.0,2026-08-15 16:00:00+00:00
1786824000000,0.011225,0.01128,0.009961,0.010134,2665720321.0,2026-08-15 20:00:00+00:00
1786838400000,0.010134,0.010971,0.009804,0.010155,2404690933.0,2026-08-16 00:00:00+00:00
1786852800000,0.010149,0.010674,0.009507,0.00972,3366621820.0,2026-08-16 04:00:00+00:00
1786867200000,0.009721,0.0099428,0.008592,0.009371,4608159801.0,2026-08-16 08:00:00+00:00
1786881600000,0.00937,0.010111,0.008976,0.010076,3101258828.0,2026-08-16 12:00:00+00:00
1786896000000,0.010079,0.010385,0.009669,0.009894,2141040358.0,2026-08-16 16:00:00+00:00
1786910400000,0.009894,0.010224,0.009726,0.009801,1329113423.0,2026-08-16 20:00:00+00:00
1786924800000,0.009801,0.010462,0.009583,0.010119,1776675437.0,2026-08-17 00:00:00+00:00
1786939200000,0.010116,0.010498,0.009838,0.010363,1689611565.0,2026-08-17 04:00:00+00:00
1786953600000,0.010363,0.010754,0.009841,0.010122,2224902712.0,2026-08-17 08:00:00+00:00
1786968000000,0.010118,0.010275,0.009673,0.009767,1401078997.0,2026-08-17 12:00:00+00:00
1786982400000,0.009767,0.010286,0.009643,0.010021,1177766327.0,2026-08-17 16:00:00+00:00
1786996800000,0.010024,0.010052,0.008138,0.008872,5463038405.0,2026-08-17 20:00:00+00:00
1787011200000,0.008872,0.009272,0.008501,0.008873,1863517275.0,2026-08-18 00:00:00+00:00
1787025600000,0.008873,0.010151,0.008271,0.009485,3464438840.0,2026-08-18 04:00:00+00:00
1787040000000,0.009484,0.009957,0.0089164,0.009815,2882215862.0,2026-08-18 08:00:00+00:00
1787054400000,0.009815,0.01015,0.009189,0.009289,2047431132.0,2026-08-18 12:00:00+00:00
1787068800000,0.00929,0.009399,0.009018,0.009228,1219279714.0,2026-08-18 16:00:00+00:00
1787083200000,0.009227,0.009255,0.0089126,0.009015,605350157.0,2026-08-18 20:00:00+00:00
1787097600000,0.009014,0.009426,0.008844,0.009342,1117486842.0,2026-08-19 00:00:00+00:00
1787112000000,0.009341,0.009369,0.008706,0.009145,1118139478.0,2026-08-19 04:00:00+00:00
1787126400000,0.009143,0.00921,0.008753,0.008775,864000576.0,2026-08-19 08:00:00+00:00
1787140800000,0.008773,0.009039,0.008337,0.008519,1551844763.0,2026-08-19 12:00:00+00:00
1787155200000,0.00852,0.008843,0.008309,0.008683,1144230131.0,2026-08-19 16:00:00+00:00
1787169600000,0.008682,0.009145,0.008565,0.008632,828642240.0,2026-08-19 20:00:00+00:00
1787184000000,0.008633,0.00894,0.008424,0.008526,651334811.0,2026-08-20 00:00:00+00:00
1787198400000,0.008528,0.00876,0.008164,0.008571,939987363.0,2026-08-20 04:00:00+00:00
1787212800000,0.008572,0.009133,0.008467,0.008482,1146882162.0,2026-08-20 08:00:00+00:00
1787227200000,0.008483,0.008649,0.008341,0.008477,808812874.0,2026-08-20 12:00:00+00:00
1787241600000,0.008476,0.008739,0.008064,0.008673,1342894552.0,2026-08-20 16:00:00+00:00
1787256000000,0.008676,0.008842,0.008364,0.00854,511318259.0,2026-08-20 20:00:00+00:00
1787270400000,0.00854,0.0088242,0.008346,0.008617,609709247.0,2026-08-21 00:00:00+00:00
1787284800000,0.008619,0.008802,0.008387,0.008536,678350058.0,2026-08-21 04:00:00+00:00
1787299200000,0.008536,0.008548,0.0081,0.008236,908384819.0,2026-08-21 08:00:00+00:00
1787313600000,0.008235,0.008553,0.00818,0.008429,657672690.0,2026-08-21 12:00:00+00:00
1787328000000,0.008429,0.008553,0.008295,0.008404,372033226.0,2026-08-21 16:00:00+00:00
1787342400000,0.008403,0.008468,0.0082066,0.00826,360605431.0,2026-08-21 20:00:00+00:00
1787356800000,0.008259,0.008517,0.008186,0.008373,497519392.0,2026-08-22 00:00:00+00:00
1787371200000,0.008374,0.00975,0.008088,0.00858,2260203928.0,2026-08-22 04:00:00+00:00
1787385600000,0.00858,0.009131,0.008415,0.008858,963807811.0,2026-08-22 08:00:00+00:00
1787400000000,0.008858,0.009333,0.008718,0.008778,1045035952.0,2026-08-22 12:00:00+00:00
1787414400000,0.008779,0.008834,0.00858,0.008759,464029037.0,2026-08-22 16:00:00+00:00
1787428800000,0.008758,0.008973,0.008539,0.008704,499395094.0,2026-08-22 20:00:00+00:00
1787443200000,0.0087,0.008842,0.008458,0.008565,535249159.0,2026-08-23 00:00:00+00:00
1787457600000,0.008565,0.008718,0.008331,0.008561,605801508.0,2026-08-23 04:00:00+00:00
1787472000000,0.008561,0.008831,0.008431,0.00861,587679900.0,2026-08-23 08:00:00+00:00
1787486400000,0.008611,0.008623,0.00845,0.008608,389703363.0,2026-08-23 12:00:00+00:00
1787500800000,0.008609,0.008647,0.008401,0.008427,335319041.0,2026-08-23 16:00:00+00:00
1787515200000,0.008427,0.00866,0.008426,0.008488,305866295.0,2026-08-23 20:00:00+00:00
1787529600000,0.008489,0.008687,0.008365,0.008562,496892994.0,2026-08-24 00:00:00+00:00
1787544000000,0.008563,0.0088,0.008523,0.008544,411858650.0,2026-08-24 04:00:00+00:00
1787558400000,0.008545,0.00883,0.008524,0.008676,420103108.0,2026-08-24 08:00:00+00:00
1787572800000,0.008678,0.008688,0.00853,0.008644,425597508.0,2026-08-24 12:00:00+00:00
1787587200000,0.008644,0.008874,0.008534,0.008842,458828439.0,2026-08-24 16:00:00+00:00
1787601600000,0.008843,0.00889,0.00856,0.008595,298127909.0,2026-08-24 20:00:00+00:00
1787616000000,0.008596,0.008685,0.00816,0.008501,1067656200.0,2026-08-25 00:00:00+00:00
1787630400000,0.008501,0.008746,0.008499,0.008673,340518721.0,2026-08-25 04:00:00+00:00
1787644800000,0.008674,0.009019,0.008618,0.008832,772398666.0,2026-08-25 08:00:00+00:00
1787659200000,0.008831,0.009746,0.00875,0.009123,1326544529.0,2026-08-25 12:00:00+00:00
1787673600000,0.009123,0.009276,0.008744,0.008931,621406533.0,2026-08-25 16:00:00+00:00
1787688000000,0.008932,0.009,0.008553,0.008611,342699321.0,2026-08-25 20:00:00+00:00
1787702400000,0.00861,0.008843,0.008602,0.008693,307445153.0,2026-08-26 00:00:00+00:00
1787716800000,0.008693,0.00935,0.008643,0.009228,601633397.0,2026-08-26 04:00:00+00:00
1787731200000,0.009229,0.009297,0.00732,0.008815,3127116126.0,2026-08-26 08:00:00+00:00
1787745600000,0.008817,0.009043,0.008441,0.008671,1037635810.0,2026-08-26 12:00:00+00:00
1787760000000,0.008672,0.00909,0.00486,0.007926,5995385869.0,2026-08-26 16:00:00+00:00
1787774400000,0.007926,0.008099,0.007151,0.007659,2013926374.0,2026-08-26 20:00:00+00:00
1787788800000,0.007658,0.00882,0.007593,0.008203,1727266205.0,2026-08-27 00:00:00+00:00
1787803200000,0.0082,0.00844,0.007564,0.007625,795274822.0,2026-08-27 04:00:00+00:00
1787817600000,0.007621,0.007914,0.007266,0.007487,1066932719.0,2026-08-27 08:00:00+00:00
1787832000000,0.007486,0.007564,0.006994,0.00714,1154295708.0,2026-08-27 12:00:00+00:00
1787846400000,0.007141,0.009039,0.005955,0.007606,9478654827.0,2026-08-27 16:00:00+00:00
1787860800000,0.007608,0.007663,0.006581,0.006855,1681635026.0,2026-08-27 20:00:00+00:00
1787875200000,0.006854,0.007974,0.006651,0.007486,2305592619.0,2026-08-28 00:00:00+00:00
1787889600000,0.007485,0.008682,0.007426,0.008254,2212002194.0,2026-08-28 04:00:00+00:00
1787904000000,0.008255,0.008415,0.007888,0.007903,984462956.0,2026-08-28 08:00:00+00:00
1787918400000,0.007903,0.008195,0.007824,0.008007,769601044.0,2026-08-28 12:00:00+00:00
1787932800000,0.008006,0.009509,0.007935,0.009456,3822089998.0,2026-08-28 16:00:00+00:00
1787947200000,0.009457,0.011292,0.00925,0.011164,4689979020.0,2026-08-28 20:00:00+00:00
1787961600000,0.011166,0.011941,0.01015,0.011489,5373637018.0,2026-08-29 00:00:00+00:00
1787976000000,0.01149,0.0123,0.00808,0.008701,11249032221.0,2026-08-29 04:00:00+00:00
1787990400000,0.008697,0.009275,0.008654,0.008995,1817089645.0,2026-08-29 08:00:00+00:00
1788004800000,0.008997,0.009025,0.008355,0.00844,1670855567.0,2026-08-29 12:00:00+00:00
1788019200000,0.008439,0.008497,0.008052,0.008359,1182861566.0,2026-08-29 16:00:00+00:00
1788033600000,0.008359,0.008389,0.007904,0.008102,727438371.0,2026-08-29 20:00:00+00:00
1788048000000,0.008102,0.00832,0.008013,0.008089,837254939.0,2026-08-30 00:00:00+00:00
1788062400000,0.008095,0.008211,0.007802,0.007972,847643676.0,2026-08-30 04:00:00+00:00
1788076800000,0.007972,0.008086,0.007718,0.007847,738709698.0,2026-08-30 08:00:00+00:00
1788091200000,0.007848,0.008854,0.007827,0.007964,1925540436.0,2026-08-30 12:00:00+00:00
1788105600000,0.007964,0.008226,0.007892,0.007922,368320126.0,2026-08-30 16:00:00+00:00
1788120000000,0.007922,0.008034,0.00773,0.007935,417706259.0,2026-08-30 20:00:00+00:00
1788134400000,0.007936,0.008215,0.007909,0.00801,445477412.0,2026-08-31 00:00:00+00:00
1788148800000,0.008008,0.008193,0.007797,0.008023,520577284.0,2026-08-31 04:00:00+00:00
1788163200000,0.008024,0.008221,0.007523,0.007995,1099051096.0,2026-08-31 08:00:00+00:00
1788177600000,0.007994,0.008049,0.0078,0.008007,389295175.0,2026-08-31 12:00:00+00:00
1788192000000,0.00801,0.008056,0.0078,0.00782,348409712.0,2026-08-31 16:00:00+00:00
1788206400000,0.00782,0.008147,0.007601,0.008111,561932784.0,2026-08-31 20:00:00+00:00
1788220800000,0.008114,0.008798,0.007917,0.008653,1036703219.0,2026-09-01 00:00:00+00:00
1788235200000,0.008655,0.009038,0.008329,0.008917,907960179.0,2026-09-01 04:00:00+00:00
1788249600000,0.008918,0.009065,0.00828,0.008623,2125872791.0,2026-09-01 08:00:00+00:00
1788264000000,0.008625,0.008795,0.008511,0.008611,462668597.0,2026-09-01 12:00:00+00:00
1788278400000,0.008608,0.008929,0.008606,0.008806,441699542.0,2026-09-01 16:00:00+00:00
1788292800000,0.008806,0.009004,0.0086,0.008744,405377163.0,2026-09-01 20:00:00+00:00
1788307200000,0.008744,0.00892,0.008621,0.008637,403004024.0,2026-09-02 00:00:00+00:00
1788321600000,0.008638,0.008747,0.008505,0.008628,373660340.0,2026-09-02 04:00:00+00:00
1788336000000,0.008627,0.00893,0.008011,0.008646,1453561881.0,2026-09-02 08:00:00+00:00
1788350400000,0.008644,0.011321,0.0076,0.010476,11424607383.0,2026-09-02 12:00:00+00:00
1788364800000,0.010476,0.0189999,0.01033,0.018864,21641494644.0,2026-09-02 16:00:00+00:00
1788379200000,0.018869,0.044859,0.014003,0.016551,29725390319.0,2026-09-02 20:00:00+00:00
1788393600000,0.01655,0.016753,0.013424,0.013771,6788416165.0,2026-09-03 00:00:00+00:00
1788408000000,0.013778,0.014243,0.012445,0.012906,4912403756.0,2026-09-03 04:00:00+00:00
1788422400000,0.012902,0.01357,0.012401,0.013155,2857265577.0,2026-09-03 08:00:00+00:00
1788436800000,0.013155,0.013446,0.012783,0.013303,1984050359.0,2026-09-03 12:00:00+00:00
1788451200000,0.013303,0.017755,0.0126,0.016319,6091387369.0,2026-09-03 16:00:00+00:00
1788465600000,0.016325,0.016859,0.01429,0.014898,1971721729.0,2026-09-03 20:00:00+00:00
1788480000000,0.014901,0.015192,0.014012,0.01479,1008621269.0,2026-09-04 00:00:00+00:00
1788494400000,0.014791,0.015432,0.013682,0.013935,1176459446.0,2026-09-04 04:00:00+00:00
1788508800000,0.013938,0.01406,0.01326,0.01345,820227674.0,2026-09-04 08:00:00+00:00
1788523200000,0.013452,0.013857,0.013019,0.013559,934834195.0,2026-09-04 12:00:00+00:00
1788537600000,0.01356,0.013576,0.012956,0.013264,544334193.0,2026-09-04 16:00:00+00:00
1788552000000,0.013264,0.013389,0.012694,0.013253,416433066.0,2026-09-04 20:00:00+00:00
1788566400000,0.013254,0.02015,0.012775,0.0196,6522337110.0,2026-09-05 00:00:00+00:00
1788580800000,0.019607,0.021675,0.01559,0.016656,5420192098.0,2026-09-05 04:00:00+00:00
1788595200000,0.016656,0.019739,0.016457,0.019532,3086519345.0,2026-09-05 08:00:00+00:00
1788609600000,0.019533,0.020767,0.018045,0.018664,4639544911.0,2026-09-05 12:00:00+00:00
1788624000000,0.018657,0.02142,0.017008,0.019453,3377155963.0,2026-09-05 16:00:00+00:00
1788638400000,0.01946,0.019609,0.01819,0.018618,811162971.0,2026-09-05 20:00:00+00:00
1788652800000,0.018611,0.018654,0.016589,0.017914,1311218431.0,2026-09-06 00:00:00+00:00
1788667200000,0.01792,0.018376,0.013051,0.014576,3120088395.0,2026-09-06 04:00:00+00:00
1788681600000,0.014579,0.014884,0.01371,0.013939,1082188196.0,2026-09-06 08:00:00+00:00
1788696000000,0.013944,0.014776,0.013468,0.014004,1562197730.0,2026-09-06 12:00:00+00:00
1788710400000,0.014004,0.015485,0.01375,0.014584,1219674614.0,2026-09-06 16:00:00+00:00
1788724800000,0.014584,0.015132,0.013668,0.013832,672587954.0,2026-09-06 20:00:00+00:00
1788739200000,0.013833,0.014661,0.011333,0.014172,2719980211.0,2026-09-07 00:00:00+00:00
1788753600000,0.014169,0.016253,0.013672,0.015006,2733063113.0,2026-09-07 04:00:00+00:00
1788768000000,0.015006,0.01765,0.014327,0.017216,2462483021.0,2026-09-07 08:00:00+00:00
1788782400000,0.017219,0.017274,0.016006,0.016237,1543930336.0,2026-09-07 12:00:00+00:00
1788796800000,0.016237,0.01641,0.0152,0.015965,953295453.0,2026-09-07 16:00:00+00:00
1788811200000,0.015965,0.02,0.015959,0.016469,3776917206.0,2026-09-07 20:00:00+00:00
1788825600000,0.016472,0.018317,0.015888,0.018034,1550665589.0,2026-09-08 00:00:00+00:00
1788840000000,0.018033,0.019118,0.017435,0.01864,1743275024.0,2026-09-08 04:00:00+00:00
1788854400000,0.018643,0.019067,0.018207,0.018837,887104752.0,2026-09-08 08:00:00+00:00
1788868800000,0.018837,0.020326,0.018303,0.019699,1858502632.0,2026-09-08 12:00:00+00:00
1788883200000,0.0197,0.021661,0.01331,0.015774,4702766485.0,2026-09-08 16:00:00+00:00
1788897600000,0.015776,0.016645,0.015401,0.016269,622095864.0,2026-09-08 20:00:00+00:00
1788912000000,0.016269,0.016394,0.015315,0.01536,512224257.0,2026-09-09 00:00:00+00:00
1788926400000,0.01536,0.016676,0.014893,0.01633,984780954.0,2026-09-09 04:00:00+00:00
1788940800000,0.016326,0.016328,0.015141,0.015319,650772570.0,2026-09-09 08:00:00+00:00
1788955200000,0.015319,0.015796,0.015151,0.015576,625002535.0,2026-09-09 12:00:00+00:00
1788969600000,0.015577,0.015635,0.014856,0.01507,398274095.0,2026-09-09 16:00:00+00:00
1788984000000,0.01507,0.016298,0.014382,0.016057,644906578.0,2026-09-09 20:00:00+00:00
1788998400000,0.016057,0.016118,0.015013,0.015061,398022475.0,2026-09-10 00:00:00+00:00
1789012800000,0.015065,0.015656,0.014994,0.015388,298759529.0,2026-09-10 04:00:00+00:00
1789027200000,0.015388,0.01615,0.015217,0.015772,376366368.0,2026-09-10 08:00:00+00:00
1789041600000,0.015771,0.016459,0.015419,0.015675,656543578.0,2026-09-10 12:00:00+00:00
1789056000000,0.015675,0.015784,0.015326,0.015345,239897659.0,2026-09-10 16:00:00+00:00
1789070400000,0.015345,0.015487,0.015041,0.015204,242740568.0,2026-09-10 20:00:00+00:00
1789084800000,0.015204,0.015615,0.013887,0.014556,504379648.0,2026-09-11 00:00:00+00:00
1789099200000,0.014556,0.0155,0.0093,0.014189,5050305446.0,2026-09-11 04:00:00+00:00
1789113600000,0.014188,0.014785,0.014041,0.014321,520512205.0,2026-09-11 08:00:00+00:00
1789128000000,0.014319,0.014703,0.014045,0.014421,707088190.0,2026-09-11 12:00:00+00:00
1789142400000,0.014418,0.014418,0.013744,0.014019,432485431.0,2026-09-11 16:00:00+00:00
1789156800000,0.014018,0.014508,0.013715,0.013839,390500288.0,2026-09-11 20:00:00+00:00
1789171200000,0.01384,0.014275,0.013722,0.01402,346548155.0,2026-09-12 00:00:00+00:00
1789185600000,0.01402,0.01532,0.013653,0.014721,1049033209.0,2026-09-12 04:00:00+00:00
1789200000000,0.014719,0.015241,0.014407,0.014776,399783678.0,2026-09-12 08:00:00+00:00
1789214400000,0.014776,0.015699,0.014754,0.015333,550436333.0,2026-09-12 12:00:00+00:00
1789228800000,0.015326,0.016435,0.01532,0.016336,573843048.0,2026-09-12 16:00:00+00:00
1789243200000,0.016335,0.016666,0.01601,0.016295,402746437.0,2026-09-12 20:00:00+00:00
1789257600000,0.016295,0.016361,0.015885,0.015935,162734193.0,2026-09-13 00:00:00+00:00
