ts,open,high,low,close,volume,dt
1694664000000,0.8072,0.8107,0.7952,0.8067,23652289.1,2023-09-14 04:00:00+00:00
1694678400000,0.8067,0.812,0.798,0.8049,22440531.3,2023-09-14 08:00:00+00:00
1694692800000,0.805,0.8173,0.797,0.8089,38345830.4,2023-09-14 12:00:00+00:00
1694707200000,0.809,0.8143,0.8012,0.8088,22268087.7,2023-09-14 16:00:00+00:00
1694721600000,0.8088,0.8103,0.8002,0.8034,12874051.4,2023-09-14 20:00:00+00:00
1694736000000,0.8034,0.81,0.7912,0.8079,27998693.1,2023-09-15 00:00:00+00:00
1694750400000,0.8079,0.8125,0.8019,0.8049,18562866.7,2023-09-15 04:00:00+00:00
1694764800000,0.805,0.806,0.793,0.7946,19279093.2,2023-09-15 08:00:00+00:00
1694779200000,0.7946,0.7973,0.7827,0.7913,37711107.9,2023-09-15 12:00:00+00:00
1694793600000,0.7913,0.794,0.7858,0.7899,21574444.8,2023-09-15 16:00:00+00:00
1694808000000,0.79,0.8148,0.7882,0.8076,27279430.9,2023-09-15 20:00:00+00:00
1694822400000,0.8075,0.8377,0.806,0.8255,49455412.3,2023-09-16 00:00:00+00:00
1694836800000,0.8256,0.83,0.8186,0.8235,25260980.2,2023-09-16 04:00:00+00:00
1694851200000,0.8235,0.827,0.8187,0.8246,18789601.3,2023-09-16 08:00:00+00:00
1694865600000,0.8247,0.8312,0.8149,0.8169,27133898.7,2023-09-16 12:00:00+00:00
1694880000000,0.8169,0.8222,0.8121,0.8206,15633601.5,2023-09-16 16:00:00+00:00
1694894400000,0.8206,0.8291,0.8197,0.8276,12808081.9,2023-09-16 20:00:00+00:00
1694908800000,0.8276,0.8279,0.8102,0.8193,24145269.6,2023-09-17 00:00:00+00:00
1694923200000,0.8193,0.8221,0.811,0.8121,14252979.3,2023-09-17 04:00:00+00:00
1694937600000,0.8121,0.8173,0.8061,0.8122,16796491.7,2023-09-17 08:00:00+00:00
1694952000000,0.8122,0.8152,0.8082,0.8106,9797727.6,2023-09-17 12:00:00+00:00
1694966400000,0.8105,0.8122,0.7914,0.7948,27411813.8,2023-09-17 16:00:00+00:00
1694980800000,0.7947,0.7978,0.7798,0.7943,29999277.6,2023-09-17 20:00:00+00:00
1694995200000,0.7944,0.813,0.7834,0.8103,28358737.0,2023-09-18 00:00:00+00:00
1695009600000,0.8102,0.8212,0.8062,0.8154,24320792.8,2023-09-18 04:00:00+00:00
1695024000000,0.8154,0.8297,0.812,0.8294,30046560.3,2023-09-18 08:00:00+00:00
1695038400000,0.8293,0.8374,0.822,0.8334,31153576.9,2023-09-18 12:00:00+00:00
1695052800000,0.8334,0.8409,0.8202,0.8317,42011346.4,2023-09-18 16:00:00+00:00
1695067200000,0.8317,0.8349,0.8214,0.8232,16209873.0,2023-09-18 20:00:00+00:00
1695081600000,0.8232,0.8336,0.8178,0.8304,19526629.8,2023-09-19 00:00:00+00:00
1695096000000,0.8304,0.8393,0.828,0.8356,15505035.8,2023-09-19 04:00:00+00:00
1695110400000,0.8356,0.8522,0.8354,0.8454,39729992.6,2023-09-19 08:00:00+00:00
1695124800000,0.8453,0.851,0.8336,0.8451,30956512.8,2023-09-19 12:00:00+00:00
1695139200000,0.8451,0.8503,0.8372,0.8493,20052167.2,2023-09-19 16:00:00+00:00
1695153600000,0.8494,0.8644,0.8435,0.8637,23341630.2,2023-09-19 20:00:00+00:00
1695168000000,0.8636,0.8706,0.8504,0.8545,30066420.4,2023-09-20 00:00:00+00:00
1695182400000,0.8545,0.86,0.8485,0.8499,24628172.2,2023-09-20 04:00:00+00:00
1695196800000,0.8499,0.8557,0.8354,0.8427,32537014.7,2023-09-20 08:00:00+00:00
1695211200000,0.8426,0.8516,0.8331,0.8484,31438030.4,2023-09-20 12:00:00+00:00
1695225600000,0.8486,0.8543,0.835,0.8413,38133750.1,2023-09-20 16:00:00+00:00
1695240000000,0.8412,0.8609,0.841,0.8601,16162986.2,2023-09-20 20:00:00+00:00
1695254400000,0.8601,0.8657,0.8434,0.8489,22751073.6,2023-09-21 00:00:00+00:00
1695268800000,0.849,0.8493,0.8347,0.8369,26073760.0,2023-09-21 04:00:00+00:00
1695283200000,0.8369,0.841,0.8128,0.8196,45324385.1,2023-09-21 08:00:00+00:00
1695297600000,0.8195,0.8256,0.8081,0.8237,28855604.9,2023-09-21 12:00:00+00:00
1695312000000,0.8238,0.8316,0.821,0.8309,14363633.9,2023-09-21 16:00:00+00:00
1695326400000,0.8309,0.8312,0.8213,0.8217,10538504.7,2023-09-21 20:00:00+00:00
1695340800000,0.8217,0.8355,0.8147,0.8352,20056662.0,2023-09-22 00:00:00+00:00
1695355200000,0.8352,0.8398,0.8307,0.8386,13394835.2,2023-09-22 04:00:00+00:00
1695369600000,0.8387,0.8445,0.8357,0.8423,21997827.7,2023-09-22 08:00:00+00:00
1695384000000,0.8423,0.848,0.8375,0.8385,24184152.2,2023-09-22 12:00:00+00:00
1695398400000,0.8385,0.8425,0.8316,0.8388,20023170.3,2023-09-22 16:00:00+00:00
1695412800000,0.839,0.8435,0.8333,0.8397,12035398.9,2023-09-22 20:00:00+00:00
1695427200000,0.8397,0.8487,0.8321,0.8343,23915658.6,2023-09-23 00:00:00+00:00
1695441600000,0.8343,0.8381,0.8303,0.8332,10640560.5,2023-09-23 04:00:00+00:00
1695456000000,0.8333,0.8334,0.8284,0.8305,11419448.3,2023-09-23 08:00:00+00:00
1695470400000,0.8306,0.8316,0.8188,0.8208,16658920.3,2023-09-23 12:00:00+00:00
1695484800000,0.8208,0.8266,0.8163,0.8226,14162184.7,2023-09-23 16:00:00+00:00
1695499200000,0.8226,0.8232,0.8184,0.8202,7081069.6,2023-09-23 20:00:00+00:00
1695513600000,0.8203,0.8214,0.8142,0.8173,10068745.4,2023-09-24 00:00:00+00:00
1695528000000,0.8173,0.8247,0.8153,0.8233,8324211.1,2023-09-24 04:00:00+00:00
1695542400000,0.8233,0.8291,0.8233,0.8291,12173272.7,2023-09-24 08:00:00+00:00
1695556800000,0.8291,0.8318,0.8172,0.8197,25124946.8,2023-09-24 12:00:00+00:00
1695571200000,0.8198,0.8277,0.8118,0.8151,18359006.5,2023-09-24 16:00:00+00:00
1695585600000,0.8151,0.82,0.8003,0.8068,18607614.2,2023-09-24 20:00:00+00:00
1695600000000,0.8068,0.8195,0.7973,0.8105,25371921.3,2023-09-25 00:00:00+00:00
1695614400000,0.8105,0.8155,0.8057,0.8154,15134307.7,2023-09-25 04:00:00+00:00
1695628800000,0.8153,0.8183,0.8075,0.8095,17915354.9,2023-09-25 08:00:00+00:00
1695643200000,0.8095,0.8145,0.8047,0.8111,20906970.1,2023-09-25 12:00:00+00:00
1695657600000,0.8112,0.8175,0.809,0.8108,14936124.6,2023-09-25 16:00:00+00:00
1695672000000,0.811,0.8134,0.8023,0.8065,11654412.2,2023-09-25 20:00:00+00:00
1695686400000,0.8066,0.8218,0.8046,0.8184,17263432.4,2023-09-26 00:00:00+00:00
1695700800000,0.8183,0.8208,0.8141,0.8158,11469704.7,2023-09-26 04:00:00+00:00
1695715200000,0.8159,0.8235,0.811,0.8174,23714013.5,2023-09-26 08:00:00+00:00
1695729600000,0.8174,0.8255,0.8129,0.8146,39090947.1,2023-09-26 12:00:00+00:00
1695744000000,0.8147,0.8236,0.8136,0.8225,13624764.0,2023-09-26 16:00:00+00:00
1695758400000,0.8226,0.8265,0.8139,0.826,15973968.9,2023-09-26 20:00:00+00:00
1695772800000,0.826,0.8316,0.8204,0.8243,16048657.8,2023-09-27 00:00:00+00:00
1695787200000,0.8244,0.8255,0.82,0.8248,10355111.3,2023-09-27 04:00:00+00:00
1695801600000,0.8249,0.8435,0.821,0.8435,36887392.1,2023-09-27 08:00:00+00:00
1695816000000,0.8434,0.8439,0.8165,0.8227,43568069.3,2023-09-27 12:00:00+00:00
1695830400000,0.8227,0.8247,0.81,0.8211,20858962.2,2023-09-27 16:00:00+00:00
1695844800000,0.8211,0.8228,0.8133,0.8182,11247512.6,2023-09-27 20:00:00+00:00
1695859200000,0.8182,0.8295,0.8156,0.8192,16715198.7,2023-09-28 00:00:00+00:00
1695873600000,0.8191,0.833,0.8166,0.8324,14880069.1,2023-09-28 04:00:00+00:00
1695888000000,0.8324,0.8405,0.8269,0.8326,19194867.3,2023-09-28 08:00:00+00:00
1695902400000,0.8327,0.8811,0.8324,0.8768,64340221.1,2023-09-28 12:00:00+00:00
1695916800000,0.877,0.9027,0.8767,0.8916,101989224.0,2023-09-28 16:00:00+00:00
1695931200000,0.8917,0.8959,0.8802,0.8922,27392498.8,2023-09-28 20:00:00+00:00
1695945600000,0.8923,0.9069,0.8813,0.893,47561130.8,2023-09-29 00:00:00+00:00
1695960000000,0.8929,0.9137,0.8898,0.911,64339247.8,2023-09-29 04:00:00+00:00
1695974400000,0.911,0.9124,0.8874,0.8891,39754639.8,2023-09-29 08:00:00+00:00
1695988800000,0.8891,0.9121,0.8857,0.9,77164156.5,2023-09-29 12:00:00+00:00
1696003200000,0.9001,0.9064,0.8909,0.904,28448653.7,2023-09-29 16:00:00+00:00
1696017600000,0.9038,0.9081,0.8984,0.9015,20592231.5,2023-09-29 20:00:00+00:00
1696032000000,0.9016,0.9159,0.8932,0.8984,28991804.9,2023-09-30 00:00:00+00:00
1696046400000,0.8985,0.8996,0.891,0.8953,13252732.2,2023-09-30 04:00:00+00:00
1696060800000,0.8952,0.9064,0.8919,0.9005,17496718.0,2023-09-30 08:00:00+00:00
1696075200000,0.9004,0.9234,0.9002,0.9159,43951247.7,2023-09-30 12:00:00+00:00
1696089600000,0.9158,0.9242,0.9116,0.9138,28939673.1,2023-09-30 16:00:00+00:00
1696104000000,0.9138,0.9172,0.905,0.907,16083419.9,2023-09-30 20:00:00+00:00
1696118400000,0.9072,0.924,0.9056,0.9236,17725112.9,2023-10-01 00:00:00+00:00
1696132800000,0.9235,0.9456,0.9205,0.9295,38846671.0,2023-10-01 04:00:00+00:00
1696147200000,0.9296,0.968,0.927,0.951,77203913.1,2023-10-01 08:00:00+00:00
1696161600000,0.951,0.9533,0.938,0.9472,31598102.8,2023-10-01 12:00:00+00:00
1696176000000,0.9472,0.9486,0.9305,0.9388,25117979.7,2023-10-01 16:00:00+00:00
1696190400000,0.9388,0.9857,0.9325,0.9688,58212215.7,2023-10-01 20:00:00+00:00
1696204800000,0.9687,0.972,0.9546,0.9637,26943922.1,2023-10-02 00:00:00+00:00
1696219200000,0.9637,0.9705,0.9446,0.9673,37094295.1,2023-10-02 04:00:00+00:00
1696233600000,0.9673,0.9847,0.9621,0.9726,54127725.6,2023-10-02 08:00:00+00:00
1696248000000,0.9727,0.9885,0.9447,0.9511,67529937.3,2023-10-02 12:00:00+00:00
1696262400000,0.951,0.9551,0.9031,0.9343,73323320.8,2023-10-02 16:00:00+00:00
1696276800000,0.9344,0.9345,0.9152,0.9309,22504305.5,2023-10-02 20:00:00+00:00
1696291200000,0.931,0.9444,0.9279,0.9369,20692147.3,2023-10-03 00:00:00+00:00
1696305600000,0.9369,0.9386,0.9201,0.9215,24465965.2,2023-10-03 04:00:00+00:00
1696320000000,0.9214,0.9323,0.9141,0.9213,27081541.4,2023-10-03 08:00:00+00:00
1696334400000,0.9214,0.9262,0.9006,0.9049,42701575.8,2023-10-03 12:00:00+00:00
1696348800000,0.9049,0.9144,0.9018,0.9044,20879341.1,2023-10-03 16:00:00+00:00
1696363200000,0.9045,0.9127,0.8973,0.9049,23305759.7,2023-10-03 20:00:00+00:00
1696377600000,0.9049,0.907,0.8518,0.879,90041528.6,2023-10-04 00:00:00+00:00
1696392000000,0.879,0.8872,0.8752,0.885,18724365.8,2023-10-04 04:00:00+00:00
1696406400000,0.885,0.8921,0.8808,0.8826,21647085.3,2023-10-04 08:00:00+00:00
1696420800000,0.8826,0.8892,0.867,0.8678,37615281.1,2023-10-04 12:00:00+00:00
1696435200000,0.8678,0.8866,0.8668,0.8799,39948074.9,2023-10-04 16:00:00+00:00
1696449600000,0.8799,0.8906,0.8769,0.8831,12020012.2,2023-10-04 20:00:00+00:00
1696464000000,0.883,0.8925,0.8744,0.8784,17662784.8,2023-10-05 00:00:00+00:00
1696478400000,0.8784,0.8864,0.8713,0.8768,19451256.7,2023-10-05 04:00:00+00:00
1696492800000,0.8768,0.884,0.8733,0.8791,13022635.5,2023-10-05 08:00:00+00:00
1696507200000,0.8792,0.8867,0.857,0.8645,47903668.6,2023-10-05 12:00:00+00:00
1696521600000,0.8645,0.8661,0.8554,0.8605,30225390.8,2023-10-05 16:00:00+00:00
1696536000000,0.8606,0.8634,0.8517,0.8567,16416484.4,2023-10-05 20:00:00+00:00
1696550400000,0.8567,0.875,0.8564,0.8733,17414256.2,2023-10-06 00:00:00+00:00
1696564800000,0.8733,0.8821,0.8673,0.8784,19556785.9,2023-10-06 04:00:00+00:00
1696579200000,0.8783,0.8847,0.8743,0.8766,18631211.7,2023-10-06 08:00:00+00:00
1696593600000,0.8768,0.8941,0.8621,0.8897,42816042.5,2023-10-06 12:00:00+00:00
1696608000000,0.8897,0.8939,0.8824,0.8871,20163218.2,2023-10-06 16:00:00+00:00
1696622400000,0.8871,0.8969,0.8854,0.8892,11374077.2,2023-10-06 20:00:00+00:00
1696636800000,0.8891,0.8947,0.8829,0.8871,14190765.0,2023-10-07 00:00:00+00:00
1696651200000,0.8872,0.894,0.8859,0.8864,14687323.6,2023-10-07 04:00:00+00:00
1696665600000,0.8864,0.8928,0.8784,0.8795,18693818.8,2023-10-07 08:00:00+00:00
1696680000000,0.8795,0.8829,0.875,0.8763,10683273.4,2023-10-07 12:00:00+00:00
1696694400000,0.8763,0.8776,0.8644,0.8663,12842977.5,2023-10-07 16:00:00+00:00
1696708800000,0.8663,0.8731,0.8652,0.8682,8004810.0,2023-10-07 20:00:00+00:00
1696723200000,0.8682,0.8748,0.8658,0.87,12905536.7,2023-10-08 00:00:00+00:00
1696737600000,0.87,0.8702,0.8572,0.8605,17479477.1,2023-10-08 04:00:00+00:00
1696752000000,0.8606,0.8649,0.8364,0.8401,36214978.3,2023-10-08 08:00:00+00:00
1696766400000,0.8402,0.8549,0.838,0.8477,31983536.8,2023-10-08 12:00:00+00:00
1696780800000,0.8478,0.8516,0.8449,0.8499,11659988.4,2023-10-08 16:00:00+00:00
1696795200000,0.85,0.854,0.8437,0.8463,12217895.5,2023-10-08 20:00:00+00:00
1696809600000,0.8463,0.8533,0.8396,0.8514,16685325.3,2023-10-09 00:00:00+00:00
1696824000000,0.8514,0.8562,0.842,0.8438,18462842.0,2023-10-09 04:00:00+00:00
1696838400000,0.8438,0.8453,0.7899,0.8088,68653185.9,2023-10-09 08:00:00+00:00
1696852800000,0.8088,0.8168,0.8053,0.807,25576801.5,2023-10-09 12:00:00+00:00
1696867200000,0.8069,0.8197,0.7834,0.818,63944845.7,2023-10-09 16:00:00+00:00
1696881600000,0.818,0.8245,0.8065,0.8194,21931460.4,2023-10-09 20:00:00+00:00
1696896000000,0.8194,0.8252,0.814,0.823,14409279.4,2023-10-10 00:00:00+00:00
1696910400000,0.823,0.8287,0.8195,0.8249,17829274.8,2023-10-10 04:00:00+00:00
1696924800000,0.825,0.8301,0.8188,0.8192,23177068.0,2023-10-10 08:00:00+00:00
1696939200000,0.8193,0.8293,0.8128,0.8178,28528703.3,2023-10-10 12:00:00+00:00
1696953600000,0.8176,0.8235,0.8134,0.8222,19414823.3,2023-10-10 16:00:00+00:00
1696968000000,0.8222,0.8279,0.8102,0.8227,13170297.3,2023-10-10 20:00:00+00:00
1696982400000,0.8227,0.8264,0.801,0.8079,22818876.6,2023-10-11 00:00:00+00:00
1696996800000,0.808,0.8154,0.803,0.8065,15256474.6,2023-10-11 04:00:00+00:00
1697011200000,0.8064,0.8224,0.8051,0.8164,19643245.7,2023-10-11 08:00:00+00:00
1697025600000,0.8164,0.8216,0.797,0.8037,31296460.5,2023-10-11 12:00:00+00:00
1697040000000,0.8037,0.8144,0.7982,0.812,25468858.1,2023-10-11 16:00:00+00:00
1697054400000,0.8121,0.8186,0.8103,0.8157,10716123.1,2023-10-11 20:00:00+00:00
1697068800000,0.8156,0.8157,0.8042,0.8098,12047460.4,2023-10-12 00:00:00+00:00
1697083200000,0.8099,0.8289,0.8058,0.8088,28482220.9,2023-10-12 04:00:00+00:00
1697097600000,0.8089,0.8099,0.7884,0.8041,29152424.4,2023-10-12 08:00:00+00:00
1697112000000,0.8042,0.8072,0.7946,0.7984,25008704.4,2023-10-12 12:00:00+00:00
1697126400000,0.7985,0.8017,0.782,0.7974,24935181.9,2023-10-12 16:00:00+00:00
1697140800000,0.7976,0.8045,0.7964,0.8037,8591821.1,2023-10-12 20:00:00+00:00
1697155200000,0.8038,0.808,0.7975,0.7985,11491545.8,2023-10-13 00:00:00+00:00
1697169600000,0.7986,0.8078,0.7978,0.805,9407980.6,2023-10-13 04:00:00+00:00
1697184000000,0.8049,0.8168,0.8007,0.8029,30916563.0,2023-10-13 08:00:00+00:00
1697198400000,0.803,0.8098,0.7972,0.7985,21434704.4,2023-10-13 12:00:00+00:00
1697212800000,0.7985,0.8049,0.7973,0.8044,9519026.0,2023-10-13 16:00:00+00:00
1697227200000,0.8044,0.8191,0.8035,0.8065,23653989.1,2023-10-13 20:00:00+00:00
1697241600000,0.8066,0.813,0.8052,0.811,8228508.9,2023-10-14 00:00:00+00:00
1697256000000,0.811,0.8117,0.8037,0.8056,8847167.5,2023-10-14 04:00:00+00:00
1697270400000,0.8056,0.8078,0.803,0.8051,8206983.8,2023-10-14 08:00:00+00:00
1697284800000,0.805,0.8073,0.8023,0.8069,9552145.3,2023-10-14 12:00:00+00:00
1697299200000,0.8068,0.8083,0.8035,0.8052,6467300.4,2023-10-14 16:00:00+00:00
1697313600000,0.8052,0.8061,0.8014,0.8027,5343536.9,2023-10-14 20:00:00+00:00
1697328000000,0.8027,0.8096,0.7999,0.8035,11318634.3,2023-10-15 00:00:00+00:00
1697342400000,0.8034,0.8059,0.8028,0.8055,4415787.3,2023-10-15 04:00:00+00:00
1697356800000,0.8056,0.8108,0.8035,0.8041,13706576.8,2023-10-15 08:00:00+00:00
1697371200000,0.804,0.8058,0.7958,0.7982,17367960.5,2023-10-15 12:00:00+00:00
1697385600000,0.7982,0.8061,0.797,0.8045,11510407.5,2023-10-15 16:00:00+00:00
1697400000000,0.8044,0.8099,0.7998,0.8033,12827676.9,2023-10-15 20:00:00+00:00
1697414400000,0.8034,0.8146,0.8027,0.8139,13865856.1,2023-10-16 00:00:00+00:00
1697428800000,0.8138,0.8283,0.8109,0.8214,31414409.8,2023-10-16 04:00:00+00:00
1697443200000,0.8214,0.8232,0.815,0.8182,14820413.2,2023-10-16 08:00:00+00:00
1697457600000,0.8182,0.8475,0.8056,0.8057,68206334.7,2023-10-16 12:00:00+00:00
1697472000000,0.8058,0.8182,0.805,0.8126,15737183.0,2023-10-16 16:00:00+00:00
1697486400000,0.8127,0.8248,0.8109,0.8189,11760992.5,2023-10-16 20:00:00+00:00
1697500800000,0.8189,0.8209,0.8102,0.8112,12327127.8,2023-10-17 00:00:00+00:00
1697515200000,0.8111,0.8137,0.8067,0.8104,10330734.3,2023-10-17 04:00:00+00:00
1697529600000,0.8105,0.8147,0.8076,0.8092,13270980.1,2023-10-17 08:00:00+00:00
1697544000000,0.8092,0.8109,0.7758,0.7915,46327521.4,2023-10-17 12:00:00+00:00
1697558400000,0.7915,0.7965,0.78,0.7858,19117342.8,2023-10-17 16:00:00+00:00
1697572800000,0.7858,0.7892,0.7818,0.7833,11041373.9,2023-10-17 20:00:00+00:00
1697587200000,0.7833,0.7872,0.7788,0.787,15930962.1,2023-10-18 00:00:00+00:00
1697601600000,0.787,0.7978,0.7857,0.789,21778668.5,2023-10-18 04:00:00+00:00
1697616000000,0.7891,0.7941,0.7849,0.7881,16679218.9,2023-10-18 08:00:00+00:00
1697630400000,0.7882,0.7891,0.7784,0.7814,16426562.1,2023-10-18 12:00:00+00:00
1697644800000,0.7814,0.7885,0.7724,0.7781,17017325.2,2023-10-18 16:00:00+00:00
1697659200000,0.7781,0.785,0.7758,0.7821,10254083.0,2023-10-18 20:00:00+00:00
1697673600000,0.7821,0.7846,0.7615,0.7724,26953993.8,2023-10-19 00:00:00+00:00
1697688000000,0.7724,0.7782,0.7701,0.7743,10094125.6,2023-10-19 04:00:00+00:00
1697702400000,0.7742,0.7787,0.7652,0.772,19144298.6,2023-10-19 08:00:00+00:00
1697716800000,0.7721,0.7798,0.7686,0.7756,26670078.8,2023-10-19 12:00:00+00:00
1697731200000,0.7756,0.7809,0.7686,0.7718,18791872.8,2023-10-19 16:00:00+00:00
1697745600000,0.7718,0.7762,0.7636,0.7689,13956740.8,2023-10-19 20:00:00+00:00
1697760000000,0.7689,0.7935,0.7664,0.7867,30253765.3,2023-10-20 00:00:00+00:00
1697774400000,0.7867,0.7957,0.7847,0.794,19009896.8,2023-10-20 04:00:00+00:00
1697788800000,0.7941,0.8108,0.7939,0.7955,53603073.5,2023-10-20 08:00:00+00:00
1697803200000,0.7956,0.7981,0.7907,0.7937,26231047.4,2023-10-20 12:00:00+00:00
1697817600000,0.7936,0.801,0.7891,0.7975,13354464.3,2023-10-20 16:00:00+00:00
1697832000000,0.7975,0.8032,0.7955,0.7996,9263762.2,2023-10-20 20:00:00+00:00
1697846400000,0.7996,0.8026,0.7945,0.8019,9464780.3,2023-10-21 00:00:00+00:00
1697860800000,0.8019,0.8225,0.8017,0.8189,25337680.2,2023-10-21 04:00:00+00:00
1697875200000,0.8189,0.8253,0.8141,0.8237,15549079.9,2023-10-21 08:00:00+00:00
1697889600000,0.8236,0.8327,0.8172,0.8316,33353549.2,2023-10-21 12:00:00+00:00
1697904000000,0.8316,0.8413,0.8283,0.8336,32908042.9,2023-10-21 16:00:00+00:00
1697918400000,0.8336,0.8395,0.8266,0.8323,16471422.5,2023-10-21 20:00:00+00:00
1697932800000,0.8323,0.8429,0.824,0.8273,18354483.5,2023-10-22 00:00:00+00:00
1697947200000,0.8274,0.8518,0.8126,0.8274,45320948.7,2023-10-22 04:00:00+00:00
1697961600000,0.8274,0.8312,0.8181,0.8235,28674110.4,2023-10-22 08:00:00+00:00
1697976000000,0.8235,0.8316,0.8209,0.8259,21450117.0,2023-10-22 12:00:00+00:00
1697990400000,0.826,0.8378,0.8246,0.8324,17867143.5,2023-10-22 16:00:00+00:00
1698004800000,0.8324,0.8529,0.8284,0.8527,22631515.4,2023-10-22 20:00:00+00:00
1698019200000,0.8526,0.8672,0.8461,0.8559,40411203.3,2023-10-23 00:00:00+00:00
1698033600000,0.8559,0.8617,0.8287,0.8353,46357517.4,2023-10-23 04:00:00+00:00
1698048000000,0.8354,0.8432,0.8277,0.8405,27300206.0,2023-10-23 08:00:00+00:00
1698062400000,0.8405,0.8425,0.8289,0.8374,26134289.2,2023-10-23 12:00:00+00:00
1698076800000,0.8374,0.8568,0.8316,0.8549,39849571.6,2023-10-23 16:00:00+00:00
1698091200000,0.855,0.89,0.8503,0.884,67559114.0,2023-10-23 20:00:00+00:00
1698105600000,0.884,0.9483,0.8806,0.9118,104104785.1,2023-10-24 00:00:00+00:00
1698120000000,0.9119,0.926,0.8923,0.9045,54597308.6,2023-10-24 04:00:00+00:00
1698134400000,0.9045,0.9283,0.9025,0.9228,44571994.5,2023-10-24 08:00:00+00:00
1698148800000,0.9228,0.9369,0.8601,0.876,88030272.3,2023-10-24 12:00:00+00:00
1698163200000,0.876,0.8958,0.867,0.8841,41981984.9,2023-10-24 16:00:00+00:00
1698177600000,0.884,0.9097,0.8758,0.8996,32605635.1,2023-10-24 20:00:00+00:00
1698192000000,0.8997,0.921,0.8959,0.9005,27644256.9,2023-10-25 00:00:00+00:00
1698206400000,0.9005,0.9101,0.87,0.8807,35963959.4,2023-10-25 04:00:00+00:00
1698220800000,0.8807,0.8955,0.8719,0.8883,40919158.1,2023-10-25 08:00:00+00:00
1698235200000,0.8884,0.917,0.8857,0.9137,44060164.8,2023-10-25 12:00:00+00:00
1698249600000,0.9137,0.9218,0.8872,0.9056,60268725.7,2023-10-25 16:00:00+00:00
1698264000000,0.9056,0.9263,0.8943,0.9229,38382774.7,2023-10-25 20:00:00+00:00
1698278400000,0.9229,0.9758,0.9168,0.9743,87363037.3,2023-10-26 00:00:00+00:00
1698292800000,0.9743,0.9958,0.942,0.9888,114166316.4,2023-10-26 04:00:00+00:00
1698307200000,0.9887,0.999,0.9473,0.9597,96752975.0,2023-10-26 08:00:00+00:00
1698321600000,0.9597,0.9721,0.9057,0.9324,97034545.0,2023-10-26 12:00:00+00:00
1698336000000,0.9324,0.9476,0.9167,0.9465,50336809.2,2023-10-26 16:00:00+00:00
1698350400000,0.9462,0.9514,0.9309,0.9376,29571598.3,2023-10-26 20:00:00+00:00
1698364800000,0.9376,0.939,0.9058,0.9202,38686958.6,2023-10-27 00:00:00+00:00
1698379200000,0.9202,0.9233,0.9032,0.905,29551037.2,2023-10-27 04:00:00+00:00
1698393600000,0.9049,0.9201,0.904,0.9132,22110921.9,2023-10-27 08:00:00+00:00
1698408000000,0.9131,0.9275,0.9004,0.9142,44920946.5,2023-10-27 12:00:00+00:00
1698422400000,0.9143,0.917,0.879,0.9055,63710453.9,2023-10-27 16:00:00+00:00
1698436800000,0.9055,0.9187,0.9048,0.9154,16610338.0,2023-10-27 20:00:00+00:00
1698451200000,0.9154,0.925,0.9136,0.9214,16175929.2,2023-10-28 00:00:00+00:00
1698465600000,0.9215,0.9291,0.9158,0.9197,19277969.6,2023-10-28 04:00:00+00:00
1698480000000,0.9196,0.936,0.916,0.9219,26618104.6,2023-10-28 08:00:00+00:00
1698494400000,0.922,0.9236,0.9063,0.9229,22778301.1,2023-10-28 12:00:00+00:00
1698508800000,0.9228,0.926,0.9165,0.9198,13058714.1,2023-10-28 16:00:00+00:00
1698523200000,0.9198,0.9273,0.9161,0.92,11001188.5,2023-10-28 20:00:00+00:00
1698537600000,0.92,0.929,0.9016,0.9099,23428976.8,2023-10-29 00:00:00+00:00
1698552000000,0.9098,0.9191,0.9075,0.9178,10142148.5,2023-10-29 04:00:00+00:00
1698566400000,0.9176,0.925,0.9167,0.9235,12108382.4,2023-10-29 08:00:00+00:00
1698580800000,0.9235,0.9403,0.9234,0.9371,38998654.3,2023-10-29 12:00:00+00:00
1698595200000,0.9372,0.9443,0.9292,0.9324,28144689.2,2023-10-29 16:00:00+00:00
1698609600000,0.9324,0.9583,0.931,0.9489,41862993.6,2023-10-29 20:00:00+00:00
1698624000000,0.9489,0.9535,0.9331,0.9342,26923014.3,2023-10-30 00:00:00+00:00
1698638400000,0.9342,0.9401,0.9234,0.9302,22582743.1,2023-10-30 04:00:00+00:00
1698652800000,0.9301,0.9671,0.9277,0.9649,50451934.3,2023-10-30 08:00:00+00:00
1698667200000,0.965,0.9697,0.9466,0.9544,39588138.3,2023-10-30 12:00:00+00:00
1698681600000,0.9544,0.9557,0.933,0.9499,26077254.2,2023-10-30 16:00:00+00:00
1698696000000,0.9498,0.9679,0.9454,0.9657,22076100.5,2023-10-30 20:00:00+00:00
1698710400000,0.9657,0.9844,0.9551,0.956,45329987.6,2023-10-31 00:00:00+00:00
1698724800000,0.956,0.969,0.9474,0.9498,27521162.7,2023-10-31 04:00:00+00:00
1698739200000,0.9497,0.9741,0.9402,0.9687,35766473.2,2023-10-31 08:00:00+00:00
1698753600000,0.9688,0.9729,0.9018,0.9286,78054363.0,2023-10-31 12:00:00+00:00
1698768000000,0.9285,0.9432,0.9234,0.937,23448004.2,2023-10-31 16:00:00+00:00
1698782400000,0.9369,0.9466,0.9337,0.9455,15350070.9,2023-10-31 20:00:00+00:00
1698796800000,0.9454,0.9675,0.9419,0.9504,39855226.4,2023-11-01 00:00:00+00:00
1698811200000,0.9504,0.9568,0.9316,0.9437,25688961.6,2023-11-01 04:00:00+00:00
1698825600000,0.9438,0.9569,0.933,0.9436,33795727.0,2023-11-01 08:00:00+00:00
1698840000000,0.9436,0.96,0.9217,0.9321,54376000.2,2023-11-01 12:00:00+00:00
1698854400000,0.9321,0.9962,0.9289,0.9949,69635782.2,2023-11-01 16:00:00+00:00
1698868800000,0.9949,1.046,0.987,1.0421,110278865.5,2023-11-01 20:00:00+00:00
1698883200000,1.0421,1.0456,1.0192,1.0209,40766778.2,2023-11-02 00:00:00+00:00
1698897600000,1.0209,1.0228,0.9869,1.0038,52785365.5,2023-11-02 04:00:00+00:00
1698912000000,1.0038,1.019,0.9888,1.0155,35927442.8,2023-11-02 08:00:00+00:00
1698926400000,1.0155,1.02,0.9664,0.9687,80283619.7,2023-11-02 12:00:00+00:00
1698940800000,0.9687,0.9958,0.95,0.9941,61715650.5,2023-11-02 16:00:00+00:00
1698955200000,0.9941,1.0019,0.9833,0.9908,34366579.7,2023-11-02 20:00:00+00:00
1698969600000,0.9908,0.9927,0.9342,0.9515,64923469.9,2023-11-03 00:00:00+00:00
1698984000000,0.9515,0.9616,0.9381,0.9548,30897750.5,2023-11-03 04:00:00+00:00
1698998400000,0.9547,0.963,0.937,0.9534,33353250.5,2023-11-03 08:00:00+00:00
1699012800000,0.9533,0.9863,0.9469,0.9852,37250029.9,2023-11-03 12:00:00+00:00
1699027200000,0.9853,1.0525,0.9828,1.0418,119001507.8,2023-11-03 16:00:00+00:00
1699041600000,1.042,1.0788,1.0392,1.0607,58010530.3,2023-11-03 20:00:00+00:00
1699056000000,1.0607,1.0882,1.0459,1.0643,49045842.3,2023-11-04 00:00:00+00:00
1699070400000,1.0644,1.0748,1.0463,1.0634,37940377.0,2023-11-04 04:00:00+00:00
1699084800000,1.0634,1.0826,1.058,1.0677,42558903.7,2023-11-04 08:00:00+00:00
1699099200000,1.0677,1.0759,1.0479,1.0564,35830038.1,2023-11-04 12:00:00+00:00
1699113600000,1.0564,1.0898,1.0498,1.0834,45750095.0,2023-11-04 16:00:00+00:00
1699128000000,1.0833,1.1189,1.0804,1.0969,48985535.4,2023-11-04 20:00:00+00:00
1699142400000,1.0969,1.1074,1.0782,1.1035,29222690.6,2023-11-05 00:00:00+00:00
1699156800000,1.1035,1.1047,1.0845,1.0933,32143021.6,2023-11-05 04:00:00+00:00
1699171200000,1.0933,1.1123,1.0847,1.0991,31358023.9,2023-11-05 08:00:00+00:00
1699185600000,1.0991,1.1083,1.055,1.0752,47091664.8,2023-11-05 12:00:00+00:00
1699200000000,1.0752,1.1167,1.0731,1.0944,49215637.0,2023-11-05 16:00:00+00:00
1699214400000,1.0944,1.1108,1.0645,1.0908,36282183.0,2023-11-05 20:00:00+00:00
1699228800000,1.0909,1.1089,1.0871,1.0927,26604712.3,2023-11-06 00:00:00+00:00
1699243200000,1.0927,1.0939,1.0633,1.0816,26488906.6,2023-11-06 04:00:00+00:00
1699257600000,1.0817,1.1458,1.0736,1.1353,77439219.1,2023-11-06 08:00:00+00:00
1699272000000,1.1352,1.142,1.1101,1.1122,59609286.6,2023-11-06 12:00:00+00:00
1699286400000,1.1123,1.118,1.0952,1.1148,37158287.3,2023-11-06 16:00:00+00:00
1699300800000,1.1148,1.1305,1.1037,1.125,21674756.5,2023-11-06 20:00:00+00:00
1699315200000,1.125,1.1252,1.0806,1.0991,37311053.5,2023-11-07 00:00:00+00:00
1699329600000,1.0991,1.1079,1.0873,1.0998,19186435.0,2023-11-07 04:00:00+00:00
1699344000000,1.0997,1.104,1.067,1.0773,43907499.4,2023-11-07 08:00:00+00:00
1699358400000,1.0773,1.0908,1.05,1.0615,56375231.9,2023-11-07 12:00:00+00:00
1699372800000,1.0615,1.1018,1.0445,1.0899,61621789.5,2023-11-07 16:00:00+00:00
1699387200000,1.0899,1.105,1.0772,1.0832,26079239.7,2023-11-07 20:00:00+00:00
1699401600000,1.0833,1.0871,1.0686,1.0768,17554354.5,2023-11-08 00:00:00+00:00
1699416000000,1.0768,1.0803,1.0637,1.0733,18728051.8,2023-11-08 04:00:00+00:00
1699430400000,1.0734,1.0822,1.0639,1.0692,31418103.9,2023-11-08 08:00:00+00:00
1699444800000,1.0693,1.081,1.0604,1.0696,32946647.8,2023-11-08 12:00:00+00:00
1699459200000,1.0697,1.0942,1.0681,1.0861,38379873.8,2023-11-08 16:00:00+00:00
1699473600000,1.0861,1.1016,1.0813,1.0939,36966503.4,2023-11-08 20:00:00+00:00
1699488000000,1.0939,1.124,1.0843,1.1111,36139463.6,2023-11-09 00:00:00+00:00
1699502400000,1.1111,1.1215,1.1009,1.1029,24777099.8,2023-11-09 04:00:00+00:00
1699516800000,1.1028,1.1097,1.0816,1.0929,28297215.1,2023-11-09 08:00:00+00:00
1699531200000,1.0929,1.1579,1.0802,1.1328,138509891.2,2023-11-09 12:00:00+00:00
1699545600000,1.1327,1.1484,0.923,1.1067,197898271.9,2023-11-09 16:00:00+00:00
1699560000000,1.1066,1.2257,1.0799,1.2087,104827895.8,2023-11-09 20:00:00+00:00
1699574400000,1.2088,1.2265,1.1755,1.1946,64002833.9,2023-11-10 00:00:00+00:00
1699588800000,1.1947,1.21,1.1713,1.1757,45637629.9,2023-11-10 04:00:00+00:00
1699603200000,1.176,1.1805,1.1485,1.1695,54328163.4,2023-11-10 08:00:00+00:00
1699617600000,1.1694,1.1697,1.121,1.1439,49677336.3,2023-11-10 12:00:00+00:00
1699632000000,1.1546,1.174,1.1535,1.1682,33983079.5,2023-11-10 16:00:00+00:00
1699646400000,1.1681,1.1841,1.1585,1.1743,26505397.9,2023-11-10 20:00:00+00:00
1699660800000,1.1743,1.1831,1.1331,1.1367,47499418.5,2023-11-11 00:00:00+00:00
1699675200000,1.1367,1.1465,1.1126,1.1389,34199654.7,2023-11-11 04:00:00+00:00
1699689600000,1.1388,1.1513,1.1312,1.1424,24330317.1,2023-11-11 08:00:00+00:00
1699704000000,1.1426,1.1724,1.1365,1.1573,30418695.8,2023-11-11 12:00:00+00:00
1699718400000,1.1574,1.182,1.1555,1.1756,36191402.8,2023-11-11 16:00:00+00:00
1699732800000,1.1757,1.176,1.1223,1.1384,40238351.5,2023-11-11 20:00:00+00:00
1699747200000,1.1385,1.1418,1.092,1.1207,44105100.2,2023-11-12 00:00:00+00:00
1699761600000,1.1205,1.1505,1.1137,1.146,24454348.5,2023-11-12 04:00:00+00:00
1699776000000,1.146,1.154,1.1352,1.1394,28877235.3,2023-11-12 08:00:00+00:00
1699790400000,1.1395,1.1623,1.1162,1.1496,48325268.6,2023-11-12 12:00:00+00:00
1699804800000,1.1496,1.1549,1.1304,1.1481,26892651.4,2023-11-12 16:00:00+00:00
1699819200000,1.148,1.1736,1.1438,1.1569,37833941.3,2023-11-12 20:00:00+00:00
1699833600000,1.1569,1.1834,1.1322,1.1351,43139755.8,2023-11-13 00:00:00+00:00
1699848000000,1.1351,1.1578,1.1249,1.1471,35077425.3,2023-11-13 04:00:00+00:00
1699862400000,1.147,1.1739,1.1291,1.1369,43874683.9,2023-11-13 08:00:00+00:00
1699876800000,1.137,1.1852,1.1223,1.1838,77567691.0,2023-11-13 12:00:00+00:00
1699891200000,1.1837,1.1991,1.1364,1.1654,66589647.8,2023-11-13 16:00:00+00:00
1699905600000,1.1654,1.1679,1.1104,1.1153,49258481.4,2023-11-13 20:00:00+00:00
1699920000000,1.1153,1.1172,1.07,1.1009,51013068.7,2023-11-14 00:00:00+00:00
1699934400000,1.1008,1.1145,1.0941,1.1119,21471873.7,2023-11-14 04:00:00+00:00
1699948800000,1.1118,1.1135,1.073,1.0805,36032998.6,2023-11-14 08:00:00+00:00
1699963200000,1.0806,1.1154,1.0752,1.0947,57125917.9,2023-11-14 12:00:00+00:00
1699977600000,1.0948,1.1055,1.0119,1.0658,67576894.7,2023-11-14 16:00:00+00:00
1699992000000,1.0657,1.0823,1.0629,1.0773,23978010.5,2023-11-14 20:00:00+00:00
1700006400000,1.0773,1.0921,1.0742,1.0745,19001387.9,2023-11-15 00:00:00+00:00
1700020800000,1.0746,1.0961,1.0745,1.0937,18901570.8,2023-11-15 04:00:00+00:00
1700035200000,1.0938,1.1269,1.0929,1.1246,29843937.8,2023-11-15 08:00:00+00:00
1700049600000,1.1246,1.1368,1.1127,1.1366,30418819.2,2023-11-15 12:00:00+00:00
1700064000000,1.1366,1.1504,1.1232,1.15,40341970.2,2023-11-15 16:00:00+00:00
1700078400000,1.15,1.1516,1.13,1.143,27628749.3,2023-11-15 20:00:00+00:00
1700092800000,1.143,1.1648,1.1425,1.1503,20621790.8,2023-11-16 00:00:00+00:00
1700107200000,1.1503,1.173,1.1456,1.1648,25511558.0,2023-11-16 04:00:00+00:00
1700121600000,1.1648,1.1814,1.1465,1.1672,58059308.1,2023-11-16 08:00:00+00:00
1700136000000,1.1672,1.1678,1.103,1.1171,82623482.3,2023-11-16 12:00:00+00:00
1700150400000,1.1172,1.1312,1.06,1.0904,62241120.1,2023-11-16 16:00:00+00:00
1700164800000,1.0904,1.0917,1.068,1.0791,45669304.4,2023-11-16 20:00:00+00:00
1700179200000,1.0791,1.1056,1.0771,1.0936,32801194.4,2023-11-17 00:00:00+00:00
1700193600000,1.0936,1.096,1.0755,1.0781,22840718.7,2023-11-17 04:00:00+00:00
1700208000000,1.0781,1.0861,1.0441,1.0504,45521494.4,2023-11-17 08:00:00+00:00
1700222400000,1.0505,1.0593,1.0001,1.0034,69131169.8,2023-11-17 12:00:00+00:00
1700236800000,1.0036,1.0389,1.0003,1.0279,46225125.9,2023-11-17 16:00:00+00:00
1700251200000,1.028,1.0474,1.023,1.043,19817614.4,2023-11-17 20:00:00+00:00
1700265600000,1.0429,1.0431,1.0134,1.0148,19653346.3,2023-11-18 00:00:00+00:00
1700280000000,1.0148,1.0236,0.98,1.0101,35946254.5,2023-11-18 04:00:00+00:00
1700294400000,1.01,1.0284,1.005,1.0192,23891613.2,2023-11-18 08:00:00+00:00
1700308800000,1.0193,1.0385,1.0053,1.0368,27947365.9,2023-11-18 12:00:00+00:00
1700323200000,1.0368,1.0463,1.0323,1.0405,23474862.1,2023-11-18 16:00:00+00:00
1700337600000,1.0405,1.0429,1.0228,1.033,15548176.7,2023-11-18 20:00:00+00:00
1700352000000,1.0329,1.033,1.0071,1.0242,20680521.9,2023-11-19 00:00:00+00:00
1700366400000,1.0242,1.0377,1.0167,1.0347,17186253.1,2023-11-19 04:00:00+00:00
1700380800000,1.0347,1.0399,1.0141,1.0205,16716076.6,2023-11-19 08:00:00+00:00
1700395200000,1.0205,1.0295,1.0136,1.0282,21011876.8,2023-11-19 12:00:00+00:00
1700409600000,1.0282,1.0462,1.0198,1.0449,26417497.6,2023-11-19 16:00:00+00:00
1700424000000,1.0449,1.0508,1.0267,1.0468,40846498.2,2023-11-19 20:00:00+00:00
1700438400000,1.0469,1.0551,1.0404,1.0444,26790437.7,2023-11-20 00:00:00+00:00
1700452800000,1.0444,1.0645,1.0383,1.0614,20122281.9,2023-11-20 04:00:00+00:00
1700467200000,1.0615,1.0752,1.0535,1.0579,37545284.2,2023-11-20 08:00:00+00:00
1700481600000,1.0579,1.0726,1.0285,1.062,52505166.6,2023-11-20 12:00:00+00:00
1700496000000,1.062,1.0714,1.0354,1.0492,53430882.4,2023-11-20 16:00:00+00:00
1700510400000,1.0492,1.0544,1.0206,1.0273,32442039.3,2023-11-20 20:00:00+00:00
1700524800000,1.0273,1.0526,1.0129,1.0288,36537386.8,2023-11-21 00:00:00+00:00
1700539200000,1.0288,1.0291,1.015,1.0163,16442174.8,2023-11-21 04:00:00+00:00
1700553600000,1.0163,1.0341,1.0153,1.0179,15930743.0,2023-11-21 08:00:00+00:00
1700568000000,1.0179,1.0233,0.984,1.0143,49670358.6,2023-11-21 12:00:00+00:00
1700582400000,1.0143,1.0368,0.9676,0.9984,76315911.0,2023-11-21 16:00:00+00:00
1700596800000,0.9985,1.0113,0.9418,0.9502,50014267.2,2023-11-21 20:00:00+00:00
1700611200000,0.9501,0.9891,0.9468,0.9884,20969903.1,2023-11-22 00:00:00+00:00
1700625600000,0.9884,0.9963,0.9839,0.9874,20453801.8,2023-11-22 04:00:00+00:00
1700640000000,0.9874,1.0123,0.9871,0.9994,25730205.3,2023-11-22 08:00:00+00:00
1700654400000,0.9993,1.0132,0.9907,1.0,27934880.1,2023-11-22 12:00:00+00:00
1700668800000,0.9999,1.0259,0.9947,1.0257,32257982.6,2023-11-22 16:00:00+00:00
1700683200000,1.0257,1.0365,1.0152,1.0193,23856886.1,2023-11-22 20:00:00+00:00
1700697600000,1.0194,1.0292,1.0135,1.0217,14735655.9,2023-11-23 00:00:00+00:00
1700712000000,1.0217,1.034,1.02,1.033,17004197.0,2023-11-23 04:00:00+00:00
1700726400000,1.0329,1.0475,1.0187,1.0256,25041178.1,2023-11-23 08:00:00+00:00
1700740800000,1.0257,1.03,1.0047,1.0075,26210417.9,2023-11-23 12:00:00+00:00
1700755200000,1.0075,1.0218,1.0062,1.0152,15953507.3,2023-11-23 16:00:00+00:00
1700769600000,1.0152,1.0229,1.0147,1.0169,7902487.6,2023-11-23 20:00:00+00:00
1700784000000,1.017,1.0316,1.0142,1.0249,11221529.6,2023-11-24 00:00:00+00:00
1700798400000,1.0249,1.0438,1.0224,1.042,18264693.7,2023-11-24 04:00:00+00:00
1700812800000,1.042,1.0613,1.0378,1.0451,34401379.6,2023-11-24 08:00:00+00:00
1700827200000,1.0451,1.0775,1.0432,1.0699,36539131.6,2023-11-24 12:00:00+00:00
1700841600000,1.0699,1.0799,1.0467,1.0535,31292647.7,2023-11-24 16:00:00+00:00
1700856000000,1.0534,1.0587,1.0408,1.0497,16060281.1,2023-11-24 20:00:00+00:00
1700870400000,1.0498,1.0843,1.0435,1.0821,22921754.9,2023-11-25 00:00:00+00:00
1700884800000,1.0821,1.0821,1.0657,1.0751,17019451.6,2023-11-25 04:00:00+00:00
1700899200000,1.0751,1.0759,1.0488,1.0553,17624439.1,2023-11-25 08:00:00+00:00
1700913600000,1.0554,1.0634,1.0535,1.062,13001369.9,2023-11-25 12:00:00+00:00
1700928000000,1.0619,1.0669,1.0588,1.0615,10812589.6,2023-11-25 16:00:00+00:00
1700942400000,1.0615,1.0681,1.0581,1.067,8993805.3,2023-11-25 20:00:00+00:00
1700956800000,1.0671,1.0724,1.0551,1.0639,14077581.1,2023-11-26 00:00:00+00:00
1700971200000,1.0639,1.0731,1.061,1.0638,15236643.9,2023-11-26 04:00:00+00:00
1700985600000,1.0639,1.0685,1.0508,1.0514,14595104.7,2023-11-26 08:00:00+00:00
1701000000000,1.0514,1.056,1.0272,1.0297,35765950.1,2023-11-26 12:00:00+00:00
1701014400000,1.0297,1.0354,1.0079,1.0308,35175589.7,2023-11-26 16:00:00+00:00
1701028800000,1.0308,1.0444,1.0286,1.0374,16033462.5,2023-11-26 20:00:00+00:00
1701043200000,1.0374,1.0428,1.0132,1.0203,17979540.9,2023-11-27 00:00:00+00:00
1701057600000,1.0202,1.0266,1.0,1.012,26191446.1,2023-11-27 04:00:00+00:00
1701072000000,1.012,1.0184,0.9938,1.0018,30029853.0,2023-11-27 08:00:00+00:00
1701086400000,1.0018,1.0083,0.9904,0.9941,27501716.2,2023-11-27 12:00:00+00:00
1701100800000,0.9941,1.0108,0.9904,0.9994,26228732.8,2023-11-27 16:00:00+00:00
1701115200000,0.9994,1.0201,0.9941,1.0176,16878579.2,2023-11-27 20:00:00+00:00
1701129600000,1.0177,1.0223,1.0065,1.0108,11043270.5,2023-11-28 00:00:00+00:00
1701144000000,1.0109,1.013,0.9851,0.9986,24024998.6,2023-11-28 04:00:00+00:00
1701158400000,0.9986,1.0137,0.9909,1.0117,18720264.8,2023-11-28 08:00:00+00:00
1701172800000,1.0118,1.0137,1.0021,1.0113,26002535.1,2023-11-28 12:00:00+00:00
1701187200000,1.0113,1.0318,1.01,1.0233,35426135.6,2023-11-28 16:00:00+00:00
1701201600000,1.0232,1.0276,1.013,1.0176,12808610.7,2023-11-28 20:00:00+00:00
1701216000000,1.0176,1.0224,1.0114,1.0196,10889948.1,2023-11-29 00:00:00+00:00
1701230400000,1.0197,1.0284,1.0146,1.0223,12663886.0,2023-11-29 04:00:00+00:00
1701244800000,1.0223,1.0304,1.0057,1.0136,29273640.7,2023-11-29 08:00:00+00:00
1701259200000,1.0137,1.0186,0.9932,1.0043,32948897.4,2023-11-29 12:00:00+00:00
1701273600000,1.0042,1.0107,0.9966,1.0086,15854997.3,2023-11-29 16:00:00+00:00
1701288000000,1.0088,1.013,1.0,1.0079,14600937.6,2023-11-29 20:00:00+00:00
1701302400000,1.0078,1.0146,1.001,1.0141,13056855.5,2023-11-30 00:00:00+00:00
1701316800000,1.0141,1.0175,1.0063,1.008,13919706.1,2023-11-30 04:00:00+00:00
1701331200000,1.008,1.0147,0.998,1.0141,17043483.9,2023-11-30 08:00:00+00:00
1701345600000,1.0141,1.0172,0.9991,1.0081,26490262.7,2023-11-30 12:00:00+00:00
1701360000000,1.0081,1.0109,1.0045,1.0084,12063180.4,2023-11-30 16:00:00+00:00
1701374400000,1.0083,1.01,1.0021,1.0067,9461278.6,2023-11-30 20:00:00+00:00
1701388800000,1.0067,1.029,1.0005,1.0249,27694069.4,2023-12-01 00:00:00+00:00
1701403200000,1.025,1.033,1.0223,1.0284,21701199.8,2023-12-01 04:00:00+00:00
1701417600000,1.0284,1.049,1.0284,1.0374,34078624.7,2023-12-01 08:00:00+00:00
1701432000000,1.0374,1.0381,1.0233,1.0306,24101591.1,2023-12-01 12:00:00+00:00
1701446400000,1.0306,1.0407,1.0296,1.0362,24362891.4,2023-12-01 16:00:00+00:00
1701460800000,1.0362,1.0426,1.0307,1.0341,11744179.6,2023-12-01 20:00:00+00:00
1701475200000,1.0341,1.0404,1.0316,1.0395,10534924.1,2023-12-02 00:00:00+00:00
1701489600000,1.0394,1.0467,1.0382,1.0426,13438351.1,2023-12-02 04:00:00+00:00
1701504000000,1.0428,1.0697,1.0427,1.0672,28657148.4,2023-12-02 08:00:00+00:00
1701518400000,1.0672,1.0985,1.0672,1.0838,59494719.0,2023-12-02 12:00:00+00:00
1701532800000,1.0837,1.1241,1.0789,1.1103,57600057.6,2023-12-02 16:00:00+00:00
1701547200000,1.1103,1.1177,1.1025,1.1117,34327905.6,2023-12-02 20:00:00+00:00
1701561600000,1.1117,1.126,1.096,1.1025,29828925.6,2023-12-03 00:00:00+00:00
1701576000000,1.1025,1.1039,1.0923,1.1017,16737557.8,2023-12-03 04:00:00+00:00
1701590400000,1.1018,1.116,1.0989,1.1036,22329750.1,2023-12-03 08:00:00+00:00
1701604800000,1.1037,1.104,1.0826,1.0889,28486622.0,2023-12-03 12:00:00+00:00
1701619200000,1.089,1.0973,1.0865,1.0916,12650888.4,2023-12-03 16:00:00+00:00
1701633600000,1.0917,1.1202,1.0883,1.0981,30638295.5,2023-12-03 20:00:00+00:00
1701648000000,1.0981,1.1258,1.0927,1.111,32629805.5,2023-12-04 00:00:00+00:00
1701662400000,1.1111,1.1303,1.1071,1.1209,43022559.6,2023-12-04 04:00:00+00:00
1701676800000,1.1208,1.1513,1.0006,1.0887,115212350.9,2023-12-04 08:00:00+00:00
1701691200000,1.0888,1.1122,1.0623,1.0716,81713863.9,2023-12-04 12:00:00+00:00
1701705600000,1.0716,1.0844,1.0683,1.0815,26733068.5,2023-12-04 16:00:00+00:00
1701720000000,1.0814,1.0938,1.068,1.0934,27057163.2,2023-12-04 20:00:00+00:00
1701734400000,1.0935,1.1098,1.0728,1.0792,36164664.6,2023-12-05 00:00:00+00:00
1701748800000,1.0793,1.0904,1.0542,1.0655,36748593.2,2023-12-05 04:00:00+00:00
1701763200000,1.0655,1.0738,1.0562,1.0651,25456231.6,2023-12-05 08:00:00+00:00
1701777600000,1.0651,1.0794,1.048,1.0759,40141543.0,2023-12-05 12:00:00+00:00
1701792000000,1.0759,1.1057,1.0668,1.0852,70818997.6,2023-12-05 16:00:00+00:00
1701806400000,1.0853,1.1027,1.0743,1.092,35638472.9,2023-12-05 20:00:00+00:00
1701820800000,1.0921,1.1142,1.0756,1.0852,46194002.3,2023-12-06 00:00:00+00:00
1701835200000,1.0852,1.0913,1.0566,1.073,46415953.1,2023-12-06 04:00:00+00:00
1701849600000,1.0729,1.092,1.0504,1.0673,56144447.2,2023-12-06 08:00:00+00:00
1701864000000,1.0673,1.0812,1.0634,1.0693,38221895.3,2023-12-06 12:00:00+00:00
1701878400000,1.0695,1.0837,1.0683,1.0818,23900058.6,2023-12-06 16:00:00+00:00
1701892800000,1.0817,1.0844,1.0557,1.0594,27214680.7,2023-12-06 20:00:00+00:00
1701907200000,1.0595,1.0723,1.0578,1.0722,15071960.8,2023-12-07 00:00:00+00:00
1701921600000,1.0723,1.0977,1.071,1.0809,32247352.4,2023-12-07 04:00:00+00:00
1701936000000,1.0808,1.0862,1.035,1.0498,61660935.3,2023-12-07 08:00:00+00:00
1701950400000,1.0499,1.1441,1.045,1.1398,92628608.5,2023-12-07 12:00:00+00:00
1701964800000,1.1396,1.2,1.1285,1.1483,211321621.5,2023-12-07 16:00:00+00:00
1701979200000,1.1482,1.1759,1.1463,1.1726,60519963.7,2023-12-07 20:00:00+00:00
1701993600000,1.1726,1.1988,1.1611,1.1791,59249983.4,2023-12-08 00:00:00+00:00
1702008000000,1.179,1.1943,1.16,1.161,58770383.2,2023-12-08 04:00:00+00:00
1702022400000,1.161,1.176,1.1486,1.169,46556219.8,2023-12-08 08:00:00+00:00
1702036800000,1.1689,1.1781,1.1502,1.1578,58101080.2,2023-12-08 12:00:00+00:00
1702051200000,1.1578,1.1697,1.1508,1.1663,31601720.1,2023-12-08 16:00:00+00:00
1702065600000,1.1665,1.1769,1.1648,1.1674,25895823.0,2023-12-08 20:00:00+00:00
1702080000000,1.1674,1.1842,1.1596,1.1744,33924631.1,2023-12-09 00:00:00+00:00
1702094400000,1.1745,1.2298,1.1744,1.2224,80355447.0,2023-12-09 04:00:00+00:00
1702108800000,1.2225,1.2443,1.1711,1.1913,125348487.3,2023-12-09 08:00:00+00:00
1702123200000,1.1913,1.1988,1.1525,1.1883,77054587.4,2023-12-09 12:00:00+00:00
1702137600000,1.1884,1.1923,1.1553,1.1719,54731147.2,2023-12-09 16:00:00+00:00
1702152000000,1.172,1.1743,1.1222,1.14,55376135.0,2023-12-09 20:00:00+00:00
1702166400000,1.14,1.1586,1.1394,1.154,24720194.8,2023-12-10 00:00:00+00:00
1702180800000,1.154,1.1631,1.1415,1.1499,22746591.7,2023-12-10 04:00:00+00:00
1702195200000,1.1499,1.1522,1.1125,1.1302,45108016.7,2023-12-10 08:00:00+00:00
1702209600000,1.1302,1.1576,1.1299,1.1519,34436052.9,2023-12-10 12:00:00+00:00
1702224000000,1.1519,1.1547,1.1375,1.1516,18109992.0,2023-12-10 16:00:00+00:00
1702238400000,1.1516,1.1668,1.1466,1.1568,23178789.6,2023-12-10 20:00:00+00:00
1702252800000,1.1569,1.1638,0.9891,1.0804,131396071.4,2023-12-11 00:00:00+00:00
1702267200000,1.0803,1.0902,1.0621,1.0713,57526316.8,2023-12-11 04:00:00+00:00
1702281600000,1.0713,1.118,1.0653,1.1168,65133413.7,2023-12-11 08:00:00+00:00
1702296000000,1.1169,1.1279,1.0826,1.1021,90402605.0,2023-12-11 12:00:00+00:00
1702310400000,1.102,1.103,1.0566,1.0793,69198167.3,2023-12-11 16:00:00+00:00
1702324800000,1.0793,1.0992,1.0761,1.0961,25370805.1,2023-12-11 20:00:00+00:00
1702339200000,1.096,1.174,1.0948,1.1475,75554440.0,2023-12-12 00:00:00+00:00
1702353600000,1.1475,1.1698,1.1335,1.1582,66027657.6,2023-12-12 04:00:00+00:00
1702368000000,1.1582,1.1763,1.147,1.1519,54671096.6,2023-12-12 08:00:00+00:00
1702382400000,1.1519,1.185,1.1358,1.1479,117251967.8,2023-12-12 12:00:00+00:00
1702396800000,1.1479,1.1529,1.1088,1.1306,68777425.4,2023-12-12 16:00:00+00:00
1702411200000,1.1306,1.261,1.1221,1.2537,142961093.9,2023-12-12 20:00:00+00:00
1702425600000,1.2537,1.2557,1.1305,1.1364,153505523.4,2023-12-13 00:00:00+00:00
1702440000000,1.1365,1.149,1.1079,1.1379,99791784.0,2023-12-13 04:00:00+00:00
1702454400000,1.1378,1.1437,1.1182,1.1207,34678025.0,2023-12-13 08:00:00+00:00
1702468800000,1.1208,1.164,1.1194,1.156,61828871.9,2023-12-13 12:00:00+00:00
1702483200000,1.156,1.1938,1.1335,1.1906,65875504.9,2023-12-13 16:00:00+00:00
1702497600000,1.1906,1.2035,1.1757,1.187,49447837.9,2023-12-13 20:00:00+00:00
1702512000000,1.187,1.19,1.1524,1.1548,44828182.2,2023-12-14 00:00:00+00:00
1702526400000,1.155,1.1782,1.1501,1.1775,33689990.9,2023-12-14 04:00:00+00:00
1702540800000,1.1775,1.2053,1.1689,1.2027,38215221.1,2023-12-14 08:00:00+00:00
1702555200000,1.2026,1.2043,1.1028,1.1688,86738876.6,2023-12-14 12:00:00+00:00
1702569600000,1.1689,1.185,1.1647,1.1674,35040727.1,2023-12-14 16:00:00+00:00
1702584000000,1.1674,1.1919,1.1564,1.1842,33370982.6,2023-12-14 20:00:00+00:00
1702598400000,1.1842,1.1858,1.156,1.1637,20254247.8,2023-12-15 00:00:00+00:00
1702612800000,1.1637,1.1657,1.1383,1.1433,29455153.0,2023-12-15 04:00:00+00:00
1702627200000,1.1433,1.1561,1.1369,1.1456,29462458.8,2023-12-15 08:00:00+00:00
1702641600000,1.1457,1.1471,1.1104,1.1277,52775866.4,2023-12-15 12:00:00+00:00
1702656000000,1.1277,1.138,1.1163,1.1312,33998629.0,2023-12-15 16:00:00+00:00
1702670400000,1.1313,1.1347,1.0885,1.1007,38634217.0,2023-12-15 20:00:00+00:00
1702684800000,1.1007,1.1202,1.08,1.1176,40633304.0,2023-12-16 00:00:00+00:00
1702699200000,1.1175,1.1209,1.1074,1.1116,17300646.4,2023-12-16 04:00:00+00:00
1702713600000,1.1116,1.1238,1.1047,1.1237,17767691.1,2023-12-16 08:00:00+00:00
1702728000000,1.1237,1.1347,1.1165,1.1336,22701956.1,2023-12-16 12:00:00+00:00
1702742400000,1.1335,1.1621,1.1256,1.1334,50223741.5,2023-12-16 16:00:00+00:00
1702756800000,1.1333,1.1407,1.1162,1.1255,23612516.5,2023-12-16 20:00:00+00:00
1702771200000,1.1255,1.1309,1.1081,1.1144,22615779.9,2023-12-17 00:00:00+00:00
1702785600000,1.1144,1.122,1.0967,1.0992,25544492.1,2023-12-17 04:00:00+00:00
1702800000000,1.0992,1.1182,1.0973,1.113,20207477.3,2023-12-17 08:00:00+00:00
1702814400000,1.113,1.1164,1.0897,1.106,31031051.7,2023-12-17 12:00:00+00:00
1702828800000,1.106,1.13,1.1,1.1299,31878161.1,2023-12-17 16:00:00+00:00
1702843200000,1.1299,1.139,1.1018,1.1074,27847868.2,2023-12-17 20:00:00+00:00
1702857600000,1.1073,1.117,1.0706,1.0872,41497904.0,2023-12-18 00:00:00+00:00
1702872000000,1.0872,1.0901,1.0677,1.0733,23270106.9,2023-12-18 04:00:00+00:00
1702886400000,1.0733,1.0805,1.0336,1.0634,73698278.8,2023-12-18 08:00:00+00:00
1702900800000,1.0635,1.0822,1.0559,1.0647,32634409.0,2023-12-18 12:00:00+00:00
1702915200000,1.0647,1.0807,1.0605,1.0771,18903034.4,2023-12-18 16:00:00+00:00
1702929600000,1.0771,1.1079,1.0716,1.102,23681048.4,2023-12-18 20:00:00+00:00
1702944000000,1.102,1.124,1.097,1.1025,26595808.9,2023-12-19 00:00:00+00:00
1702958400000,1.1024,1.1124,1.0972,1.1072,17956070.5,2023-12-19 04:00:00+00:00
1702972800000,1.1073,1.1162,1.0979,1.1035,19840265.5,2023-12-19 08:00:00+00:00
1702987200000,1.1034,1.1256,1.084,1.0909,46453794.0,2023-12-19 12:00:00+00:00
1703001600000,1.0909,1.1051,1.0635,1.084,37271243.4,2023-12-19 16:00:00+00:00
1703016000000,1.0841,1.0888,1.0663,1.0744,16473818.7,2023-12-19 20:00:00+00:00
1703030400000,1.0745,1.0876,1.0688,1.086,19957118.9,2023-12-20 00:00:00+00:00
1703044800000,1.086,1.1205,1.0837,1.1191,26668217.4,2023-12-20 04:00:00+00:00
1703059200000,1.119,1.1203,1.1058,1.1116,24516854.5,2023-12-20 08:00:00+00:00
1703073600000,1.1115,1.1311,1.1059,1.1246,40210759.9,2023-12-20 12:00:00+00:00
1703088000000,1.1245,1.1336,1.1082,1.1097,31720304.4,2023-12-20 16:00:00+00:00
1703102400000,1.1096,1.1121,1.0865,1.1061,30847805.9,2023-12-20 20:00:00+00:00
1703116800000,1.1061,1.1104,1.0956,1.1051,19042940.3,2023-12-21 00:00:00+00:00
1703131200000,1.105,1.1291,1.0963,1.1239,30936936.5,2023-12-21 04:00:00+00:00
1703145600000,1.124,1.1438,1.1129,1.1391,42305393.2,2023-12-21 08:00:00+00:00
1703160000000,1.139,1.1536,1.1135,1.1341,55444468.0,2023-12-21 12:00:00+00:00
1703174400000,1.1339,1.1643,1.1325,1.1514,51838115.1,2023-12-21 16:00:00+00:00
1703188800000,1.1514,1.1608,1.1478,1.1596,27803475.2,2023-12-21 20:00:00+00:00
1703203200000,1.1596,1.1815,1.1436,1.1513,46889216.5,2023-12-22 00:00:00+00:00
1703217600000,1.1514,1.3089,1.1495,1.2841,165030408.8,2023-12-22 04:00:00+00:00
1703232000000,1.2841,1.3586,1.281,1.3349,230093265.1,2023-12-22 08:00:00+00:00
1703246400000,1.3349,1.3891,1.3105,1.3494,177935914.5,2023-12-22 12:00:00+00:00
1703260800000,1.3493,1.4042,1.3281,1.3605,134436893.2,2023-12-22 16:00:00+00:00
1703275200000,1.3605,1.4442,1.3569,1.4208,111700703.0,2023-12-22 20:00:00+00:00
1703289600000,1.4207,1.458,1.3116,1.3259,155688351.5,2023-12-23 00:00:00+00:00
1703304000000,1.3258,1.3461,1.3072,1.3314,69777044.0,2023-12-23 04:00:00+00:00
1703318400000,1.3314,1.3596,1.327,1.3363,60588777.0,2023-12-23 08:00:00+00:00
1703332800000,1.3363,1.3527,1.3183,1.3407,63341212.1,2023-12-23 12:00:00+00:00
1703347200000,1.3406,1.3923,1.3305,1.3755,102585857.9,2023-12-23 16:00:00+00:00
1703361600000,1.3758,1.4065,1.3619,1.3949,44971312.4,2023-12-23 20:00:00+00:00
1703376000000,1.3948,1.4198,1.3603,1.3948,66151043.8,2023-12-24 00:00:00+00:00
1703390400000,1.3949,1.4662,1.3785,1.4538,124296302.0,2023-12-24 04:00:00+00:00
1703404800000,1.4541,1.4541,1.3614,1.3723,81748187.7,2023-12-24 08:00:00+00:00
1703419200000,1.3722,1.4003,1.3605,1.3834,42428130.0,2023-12-24 12:00:00+00:00
1703433600000,1.3837,1.4093,1.3725,1.3851,44445237.8,2023-12-24 16:00:00+00:00
1703448000000,1.3852,1.3863,1.3267,1.3551,48539487.6,2023-12-24 20:00:00+00:00
1703462400000,1.3552,1.3805,1.3373,1.3616,47488518.7,2023-12-25 00:00:00+00:00
1703476800000,1.3616,1.3941,1.3616,1.3771,38466047.4,2023-12-25 04:00:00+00:00
1703491200000,1.3771,1.3919,1.3456,1.3535,43123197.4,2023-12-25 08:00:00+00:00
1703505600000,1.3535,1.3886,1.3434,1.3767,55053936.7,2023-12-25 12:00:00+00:00
1703520000000,1.3768,1.3871,1.3509,1.3773,51751506.5,2023-12-25 16:00:00+00:00
1703534400000,1.3773,1.4045,1.3537,1.3891,41700627.8,2023-12-25 20:00:00+00:00
1703548800000,1.3891,1.4109,1.366,1.3726,35611235.9,2023-12-26 00:00:00+00:00
1703563200000,1.3726,1.3734,1.3109,1.3335,64005753.6,2023-12-26 04:00:00+00:00
1703577600000,1.3334,1.3419,1.3184,1.3389,37705320.7,2023-12-26 08:00:00+00:00
1703592000000,1.339,1.3546,1.3137,1.3166,35202089.0,2023-12-26 12:00:00+00:00
1703606400000,1.3168,1.3289,1.2193,1.2882,85282242.7,2023-12-26 16:00:00+00:00
1703620800000,1.2882,1.329,1.2867,1.3276,30368641.2,2023-12-26 20:00:00+00:00
1703635200000,1.3277,1.3293,1.2678,1.2874,36965830.8,2023-12-27 00:00:00+00:00
1703649600000,1.2874,1.314,1.287,1.2954,27722392.1,2023-12-27 04:00:00+00:00
1703664000000,1.2954,1.3988,1.292,1.3941,70592580.3,2023-12-27 08:00:00+00:00
1703678400000,1.394,1.5228,1.3667,1.5098,214628480.9,2023-12-27 12:00:00+00:00
1703692800000,1.5099,1.5449,1.4614,1.4771,116491303.2,2023-12-27 16:00:00+00:00
1703707200000,1.477,1.5162,1.4761,1.5063,48840465.5,2023-12-27 20:00:00+00:00
1703721600000,1.5063,1.6713,1.5013,1.6234,170583241.6,2023-12-28 00:00:00+00:00
1703736000000,1.6235,1.6422,1.5502,1.5924,102159422.0,2023-12-28 04:00:00+00:00
1703750400000,1.5923,1.5955,1.553,1.5656,61771433.5,2023-12-28 08:00:00+00:00
1703764800000,1.5656,1.5692,1.4868,1.5125,127656923.5,2023-12-28 12:00:00+00:00
1703779200000,1.5124,1.5332,1.5029,1.5191,52605968.8,2023-12-28 16:00:00+00:00
1703793600000,1.5192,1.5209,1.4664,1.4694,50561693.0,2023-12-28 20:00:00+00:00
1703808000000,1.4695,1.4845,1.4193,1.4623,79016716.2,2023-12-29 00:00:00+00:00
1703822400000,1.4624,1.4712,1.4414,1.4445,35066925.7,2023-12-29 04:00:00+00:00
1703836800000,1.4448,1.5457,1.4434,1.5402,69723552.7,2023-12-29 08:00:00+00:00
1703851200000,1.5402,1.5507,1.4499,1.4658,85714416.2,2023-12-29 12:00:00+00:00
1703865600000,1.4658,1.476,1.4401,1.4701,77185132.1,2023-12-29 16:00:00+00:00
1703880000000,1.4702,1.5144,1.4202,1.5107,46506494.9,2023-12-29 20:00:00+00:00
1703894400000,1.5107,1.5197,1.4683,1.4766,34672752.7,2023-12-30 00:00:00+00:00
1703908800000,1.4766,1.4984,1.4646,1.4701,22827537.4,2023-12-30 04:00:00+00:00
1703923200000,1.4701,1.4726,1.4315,1.4497,35585584.3,2023-12-30 08:00:00+00:00
1703937600000,1.4497,1.4858,1.4328,1.4843,30006767.3,2023-12-30 12:00:00+00:00
1703952000000,1.4843,1.5365,1.4793,1.4912,78398334.2,2023-12-30 16:00:00+00:00
1703966400000,1.4912,1.5048,1.4785,1.4814,19906920.4,2023-12-30 20:00:00+00:00
1703980800000,1.4815,1.5524,1.48,1.5122,52776125.4,2023-12-31 00:00:00+00:00
1703995200000,1.5122,1.544,1.5059,1.5327,30801078.6,2023-12-31 04:00:00+00:00
1704009600000,1.5326,1.6518,1.5271,1.6259,86354720.6,2023-12-31 08:00:00+00:00
1704024000000,1.6259,1.669,1.579,1.5853,111271841.0,2023-12-31 12:00:00+00:00
1704038400000,1.5854,1.5986,1.5624,1.5763,44058742.2,2023-12-31 16:00:00+00:00
1704052800000,1.5763,1.5769,1.5111,1.5626,43599036.2,2023-12-31 20:00:00+00:00
1704067200000,1.5625,1.6039,1.5318,1.5331,43189440.1,2024-01-01 00:00:00+00:00
1704081600000,1.5332,1.5523,1.5129,1.547,31101510.3,2024-01-01 04:00:00+00:00
1704096000000,1.5472,1.5866,1.53,1.578,31049806.3,2024-01-01 08:00:00+00:00
1704110400000,1.5779,1.5926,1.5476,1.5817,35593597.5,2024-01-01 12:00:00+00:00
1704124800000,1.5819,1.7355,1.5803,1.7249,106638854.4,2024-01-01 16:00:00+00:00
1704139200000,1.7249,1.7509,1.6899,1.7363,58890262.4,2024-01-01 20:00:00+00:00
1704153600000,1.7363,1.7776,1.7122,1.7358,74423568.7,2024-01-02 00:00:00+00:00
1704168000000,1.7359,1.7616,1.7004,1.7319,41849372.1,2024-01-02 04:00:00+00:00
1704182400000,1.7319,1.8433,1.7235,1.7755,130420540.8,2024-01-02 08:00:00+00:00
1704196800000,1.7754,1.8067,1.7046,1.7157,104350725.4,2024-01-02 12:00:00+00:00
1704211200000,1.7158,1.7725,1.7063,1.7484,64934493.0,2024-01-02 16:00:00+00:00
1704225600000,1.7483,1.7954,1.7072,1.7719,83119803.0,2024-01-02 20:00:00+00:00
1704240000000,1.7719,1.95,1.7496,1.8848,159973977.4,2024-01-03 00:00:00+00:00
1704254400000,1.8847,1.9837,1.8726,1.9068,130086363.2,2024-01-03 04:00:00+00:00
1704268800000,1.9069,2.0169,1.83,1.8696,201128217.3,2024-01-03 08:00:00+00:00
1704283200000,1.8697,1.9476,1.422,1.8832,479964217.4,2024-01-03 12:00:00+00:00
1704297600000,1.8824,2.0918,1.8641,1.9689,338633198.2,2024-01-03 16:00:00+00:00
1704312000000,1.9689,1.9949,1.8802,1.9142,94377241.8,2024-01-03 20:00:00+00:00
1704326400000,1.914,1.9655,1.8461,1.9388,92765300.0,2024-01-04 00:00:00+00:00
1704340800000,1.9388,1.9925,1.9117,1.9221,75217627.4,2024-01-04 04:00:00+00:00
1704355200000,1.9221,1.9296,1.8111,1.8311,100237615.5,2024-01-04 08:00:00+00:00
1704369600000,1.8312,2.0761,1.8283,2.0509,160122218.6,2024-01-04 12:00:00+00:00
1704384000000,2.0509,2.12,1.9925,2.0729,141086867.0,2024-01-04 16:00:00+00:00
1704398400000,2.0729,2.0984,1.9972,2.0052,56508467.5,2024-01-04 20:00:00+00:00
1704412800000,2.0052,2.0181,1.8762,1.9236,83684860.7,2024-01-05 00:00:00+00:00
1704427200000,1.9236,1.9699,1.8876,1.9442,69551889.8,2024-01-05 04:00:00+00:00
1704441600000,1.944,2.0149,1.9024,1.9193,114642106.6,2024-01-05 08:00:00+00:00
1704456000000,1.9193,1.9501,1.846,1.8715,97361162.1,2024-01-05 12:00:00+00:00
1704470400000,1.8712,1.9112,1.8181,1.8948,91002117.1,2024-01-05 16:00:00+00:00
1704484800000,1.8948,1.9534,1.8828,1.9515,60028468.7,2024-01-05 20:00:00+00:00
1704499200000,1.9514,1.9643,1.836,1.8505,67302638.8,2024-01-06 00:00:00+00:00
1704513600000,1.8505,1.8666,1.6872,1.7622,147671600.0,2024-01-06 04:00:00+00:00
1704528000000,1.7622,1.7875,1.7407,1.7864,48436149.1,2024-01-06 08:00:00+00:00
1704542400000,1.7865,1.7945,1.7435,1.7649,54702411.7,2024-01-06 12:00:00+00:00
1704556800000,1.7649,1.7896,1.745,1.7655,44270722.5,2024-01-06 16:00:00+00:00
1704571200000,1.7658,1.7743,1.715,1.7516,41325059.9,2024-01-06 20:00:00+00:00
1704585600000,1.7516,1.8232,1.7467,1.8138,53207037.6,2024-01-07 00:00:00+00:00
1704600000000,1.8138,1.8425,1.7881,1.8019,42866635.4,2024-01-07 04:00:00+00:00
1704614400000,1.8019,1.838,1.7534,1.8162,58975848.1,2024-01-07 08:00:00+00:00
1704628800000,1.8161,1.88,1.802,1.8253,73263640.8,2024-01-07 12:00:00+00:00
1704643200000,1.8253,1.8893,1.8096,1.8579,71332206.8,2024-01-07 16:00:00+00:00
1704657600000,1.8579,1.8725,1.6711,1.7209,92482829.3,2024-01-07 20:00:00+00:00
1704672000000,1.7211,1.7354,1.5673,1.6258,119093350.6,2024-01-08 00:00:00+00:00
1704686400000,1.6259,1.6994,1.6115,1.6764,71827460.8,2024-01-08 04:00:00+00:00
1704700800000,1.6765,1.72,1.6513,1.6988,68311779.1,2024-01-08 08:00:00+00:00
1704715200000,1.6987,1.7899,1.6944,1.7701,130021013.1,2024-01-08 12:00:00+00:00
1704729600000,1.7702,1.8632,1.7482,1.8461,91316769.3,2024-01-08 16:00:00+00:00
1704744000000,1.8459,1.8525,1.805,1.8213,53469757.0,2024-01-08 20:00:00+00:00
1704758400000,1.8213,1.8461,1.773,1.7944,52476921.1,2024-01-09 00:00:00+00:00
1704772800000,1.7945,1.8325,1.7773,1.8197,37374457.2,2024-01-09 04:00:00+00:00
1704787200000,1.8196,1.8263,1.7541,1.7674,45808403.2,2024-01-09 08:00:00+00:00
1704801600000,1.7675,1.7829,1.657,1.6969,89037476.1,2024-01-09 12:00:00+00:00
1704816000000,1.6972,1.7043,1.645,1.6626,53287137.1,2024-01-09 16:00:00+00:00
1704830400000,1.6625,1.85,1.616,1.8436,235044313.0,2024-01-09 20:00:00+00:00
1704844800000,1.8435,1.9393,1.8286,1.9003,119802289.3,2024-01-10 00:00:00+00:00
1704859200000,1.9001,1.9589,1.8858,1.9045,80011431.3,2024-01-10 04:00:00+00:00
1704873600000,1.9047,2.0336,1.8854,1.9934,116376234.1,2024-01-10 08:00:00+00:00
1704888000000,1.9935,2.0343,1.8864,2.0136,173852285.0,2024-01-10 12:00:00+00:00
1704902400000,2.0135,2.0782,1.9644,2.0722,140271235.0,2024-01-10 16:00:00+00:00
1704916800000,2.0718,2.2779,1.999,2.2294,260460877.4,2024-01-10 20:00:00+00:00
1704931200000,2.2294,2.3931,2.1848,2.3454,132142540.9,2024-01-11 00:00:00+00:00
1704945600000,2.3452,2.3801,2.2242,2.2916,81289274.5,2024-01-11 04:00:00+00:00
1704960000000,2.2918,2.3607,2.2684,2.3367,65208468.7,2024-01-11 08:00:00+00:00
1704974400000,2.3366,2.3442,2.1606,2.1944,143440850.4,2024-01-11 12:00:00+00:00
1704988800000,2.1943,2.2594,2.1311,2.2504,88245443.9,2024-01-11 16:00:00+00:00
1705003200000,2.2504,2.2767,2.2002,2.259,52823150.8,2024-01-11 20:00:00+00:00
1705017600000,2.2589,2.2704,2.1838,2.1852,48245215.0,2024-01-12 00:00:00+00:00
1705032000000,2.185,2.277,2.1816,2.2269,52370616.7,2024-01-12 04:00:00+00:00
1705046400000,2.2269,2.395,2.1969,2.3456,101317851.9,2024-01-12 08:00:00+00:00
1705060800000,2.3457,2.4074,2.2752,2.2957,164668752.5,2024-01-12 12:00:00+00:00
1705075200000,2.2954,2.3517,2.1592,2.2088,138741515.9,2024-01-12 16:00:00+00:00
1705089600000,2.2088,2.2374,2.0936,2.204,94066777.5,2024-01-12 20:00:00+00:00
1705104000000,2.204,2.22,2.0704,2.1624,69237484.1,2024-01-13 00:00:00+00:00
1705118400000,2.1624,2.2,2.1403,2.172,37600313.6,2024-01-13 04:00:00+00:00
1705132800000,2.1724,2.1989,2.141,2.1631,39881265.4,2024-01-13 08:00:00+00:00
1705147200000,2.1631,2.1832,2.125,2.1442,44021566.8,2024-01-13 12:00:00+00:00
1705161600000,2.1441,2.1873,2.11,2.1703,44559602.7,2024-01-13 16:00:00+00:00
1705176000000,2.1706,2.196,2.1453,2.1764,31691968.3,2024-01-13 20:00:00+00:00
1705190400000,2.1762,2.178,2.1358,2.1736,27208213.1,2024-01-14 00:00:00+00:00
1705204800000,2.1734,2.196,2.1498,2.1608,29679621.0,2024-01-14 04:00:00+00:00
1705219200000,2.1606,2.1698,2.1224,2.1307,29030907.7,2024-01-14 08:00:00+00:00
1705233600000,2.1308,2.15,2.1052,2.1353,31729826.9,2024-01-14 12:00:00+00:00
1705248000000,2.1353,2.1437,2.0448,2.0527,44618722.1,2024-01-14 16:00:00+00:00
1705262400000,2.0525,2.0879,2.0185,2.0313,55038605.1,2024-01-14 20:00:00+00:00
1705276800000,2.0309,2.0848,2.0282,2.0733,27778902.0,2024-01-15 00:00:00+00:00
1705291200000,2.0733,2.1073,2.066,2.0788,24806627.2,2024-01-15 04:00:00+00:00
1705305600000,2.0788,2.1591,2.0632,2.1482,43668035.2,2024-01-15 08:00:00+00:00
1705320000000,2.1483,2.1754,2.085,2.0929,58870459.0,2024-01-15 12:00:00+00:00
1705334400000,2.0929,2.1601,2.0835,2.1234,34257999.6,2024-01-15 16:00:00+00:00
1705348800000,2.1234,2.137,2.0867,2.1102,21902404.6,2024-01-15 20:00:00+00:00
1705363200000,2.1102,2.1771,2.1097,2.1756,25663593.9,2024-01-16 00:00:00+00:00
1705377600000,2.1756,2.2063,2.136,2.1546,36426656.9,2024-01-16 04:00:00+00:00
1705392000000,2.1548,2.1907,2.1386,2.1427,32537210.0,2024-01-16 08:00:00+00:00
1705406400000,2.1427,2.1597,2.0448,2.1194,81527746.6,2024-01-16 12:00:00+00:00
1705420800000,2.1193,2.1551,2.104,2.1248,38515164.4,2024-01-16 16:00:00+00:00
1705435200000,2.1249,2.1937,2.1208,2.1517,38986778.9,2024-01-16 20:00:00+00:00
1705449600000,2.1518,2.1659,2.12,2.1213,21878703.9,2024-01-17 00:00:00+00:00
1705464000000,2.1216,2.1252,2.0667,2.0692,26632787.8,2024-01-17 04:00:00+00:00
1705478400000,2.0689,2.0989,2.0549,2.0764,31945547.1,2024-01-17 08:00:00+00:00
1705492800000,2.0764,2.0898,2.0237,2.0285,58128592.5,2024-01-17 12:00:00+00:00
1705507200000,2.0285,2.0422,1.999,2.0192,37534312.0,2024-01-17 16:00:00+00:00
1705521600000,2.0191,2.05,2.001,2.0388,32416183.6,2024-01-17 20:00:00+00:00
1705536000000,2.0388,2.0427,1.9568,1.9591,36445867.8,2024-01-18 00:00:00+00:00
1705550400000,1.9591,1.9837,1.9445,1.9792,29584142.9,2024-01-18 04:00:00+00:00
1705564800000,1.9793,1.9835,1.9343,1.96,31692213.4,2024-01-18 08:00:00+00:00
1705579200000,1.9601,1.9776,1.9216,1.972,38581456.6,2024-01-18 12:00:00+00:00
1705593600000,1.9721,1.9777,1.84,1.857,95330627.6,2024-01-18 16:00:00+00:00
1705608000000,1.8571,1.9199,1.855,1.8924,48357832.4,2024-01-18 20:00:00+00:00
1705622400000,1.8924,1.9045,1.8154,1.8516,44024492.7,2024-01-19 00:00:00+00:00
1705636800000,1.8517,1.9014,1.8474,1.8649,36597014.2,2024-01-19 04:00:00+00:00
1705651200000,1.865,1.895,1.8563,1.8908,24934727.0,2024-01-19 08:00:00+00:00
1705665600000,1.8908,1.8926,1.8162,1.8212,44748645.3,2024-01-19 12:00:00+00:00
1705680000000,1.8215,1.8556,1.7234,1.8358,110175244.7,2024-01-19 16:00:00+00:00
1705694400000,1.8357,1.8647,1.816,1.8565,29136629.7,2024-01-19 20:00:00+00:00
1705708800000,1.8565,1.8566,1.8233,1.8341,19026562.8,2024-01-20 00:00:00+00:00
1705723200000,1.8342,1.8427,1.8067,1.821,27639994.0,2024-01-20 04:00:00+00:00
1705737600000,1.8211,1.8255,1.761,1.782,32514900.9,2024-01-20 08:00:00+00:00
1705752000000,1.782,1.7998,1.765,1.7671,28683601.6,2024-01-20 12:00:00+00:00
1705766400000,1.767,1.7968,1.7582,1.7907,27808975.3,2024-01-20 16:00:00+00:00
1705780800000,1.7907,1.8209,1.7874,1.8167,23706266.0,2024-01-20 20:00:00+00:00
1705795200000,1.8166,1.8468,1.7821,1.8439,27778973.6,2024-01-21 00:00:00+00:00
1705809600000,1.8439,1.8592,1.821,1.8558,21421586.0,2024-01-21 04:00:00+00:00
1705824000000,1.8557,1.9024,1.848,1.8711,50067518.5,2024-01-21 08:00:00+00:00
1705838400000,1.8712,1.8906,1.841,1.8474,33164761.0,2024-01-21 12:00:00+00:00
1705852800000,1.8471,1.8593,1.8335,1.8487,22939588.0,2024-01-21 16:00:00+00:00
1705867200000,1.8487,1.8529,1.8102,1.8163,20108958.4,2024-01-21 20:00:00+00:00
1705881600000,1.8164,1.834,1.76,1.7805,44354629.2,2024-01-22 00:00:00+00:00
1705896000000,1.7805,1.8072,1.7513,1.7821,41593733.1,2024-01-22 04:00:00+00:00
1705910400000,1.7821,1.7821,1.7055,1.7308,54036013.7,2024-01-22 08:00:00+00:00
1705924800000,1.7308,1.7696,1.6704,1.7124,75492207.0,2024-01-22 12:00:00+00:00
1705939200000,1.7124,1.7287,1.6518,1.6897,86298063.5,2024-01-22 16:00:00+00:00
1705953600000,1.6897,1.733,1.68,1.6895,49298075.7,2024-01-22 20:00:00+00:00
1705968000000,1.6895,1.7357,1.6723,1.7254,32135363.7,2024-01-23 00:00:00+00:00
1705982400000,1.7252,1.7377,1.66,1.6669,36242881.6,2024-01-23 04:00:00+00:00
1705996800000,1.6668,1.6773,1.5612,1.5883,123340246.3,2024-01-23 08:00:00+00:00
1706011200000,1.5884,1.641,1.5432,1.6273,96029022.9,2024-01-23 12:00:00+00:00
1706025600000,1.6273,1.6622,1.6012,1.6178,60317874.6,2024-01-23 16:00:00+00:00
1706040000000,1.6178,1.6973,1.616,1.6898,37343304.4,2024-01-23 20:00:00+00:00
1706054400000,1.6899,1.7015,1.6456,1.6492,32744054.1,2024-01-24 00:00:00+00:00
1706068800000,1.6492,1.6852,1.6325,1.6683,39749553.4,2024-01-24 04:00:00+00:00
1706083200000,1.6687,1.7184,1.6617,1.7081,46026811.5,2024-01-24 08:00:00+00:00
1706097600000,1.7081,1.7334,1.6723,1.7176,66011689.1,2024-01-24 12:00:00+00:00
1706112000000,1.7177,1.7447,1.683,1.6972,48145729.6,2024-01-24 16:00:00+00:00
1706126400000,1.6971,1.741,1.6801,1.7375,33213296.9,2024-01-24 20:00:00+00:00
1706140800000,1.7375,1.7387,1.6956,1.708,25469902.6,2024-01-25 00:00:00+00:00
1706155200000,1.7079,1.7162,1.685,1.7033,25648076.7,2024-01-25 04:00:00+00:00
1706169600000,1.7032,1.713,1.6692,1.6907,31401823.6,2024-01-25 08:00:00+00:00
1706184000000,1.6906,1.6963,1.6448,1.6565,47372649.8,2024-01-25 12:00:00+00:00
1706198400000,1.6565,1.7335,1.6374,1.7307,62147943.1,2024-01-25 16:00:00+00:00
1706212800000,1.7307,1.7737,1.7211,1.7315,43889859.1,2024-01-25 20:00:00+00:00
1706227200000,1.7315,1.7757,1.7115,1.7512,30480200.8,2024-01-26 00:00:00+00:00
1706241600000,1.7514,1.7877,1.7302,1.7336,34986862.4,2024-01-26 04:00:00+00:00
1706256000000,1.7336,1.7956,1.7233,1.786,50740257.8,2024-01-26 08:00:00+00:00
1706270400000,1.7861,1.7993,1.7551,1.7704,39436419.5,2024-01-26 12:00:00+00:00
1706284800000,1.7704,1.8109,1.7681,1.8046,38105555.8,2024-01-26 16:00:00+00:00
1706299200000,1.8047,1.8216,1.7753,1.8167,29541344.7,2024-01-26 20:00:00+00:00
1706313600000,1.8167,1.8422,1.8069,1.8204,30090782.0,2024-01-27 00:00:00+00:00
1706328000000,1.8205,1.827,1.7836,1.7907,21415390.3,2024-01-27 04:00:00+00:00
1706342400000,1.7907,1.8014,1.7718,1.7901,18667234.7,2024-01-27 08:00:00+00:00
1706356800000,1.7902,1.804,1.7832,1.7982,15273595.8,2024-01-27 12:00:00+00:00
1706371200000,1.7981,1.8094,1.7827,1.7964,18745530.5,2024-01-27 16:00:00+00:00
1706385600000,1.7965,1.8018,1.7869,1.7963,14027634.4,2024-01-27 20:00:00+00:00
1706400000000,1.7962,1.8388,1.7909,1.8348,22265231.2,2024-01-28 00:00:00+00:00
1706414400000,1.8347,1.8678,1.8264,1.8495,33412963.7,2024-01-28 04:00:00+00:00
1706428800000,1.8498,1.897,1.845,1.8546,42714193.0,2024-01-28 08:00:00+00:00
1706443200000,1.8546,1.8572,1.8149,1.827,34160491.7,2024-01-28 12:00:00+00:00
1706457600000,1.8268,1.8447,1.801,1.8095,31631808.0,2024-01-28 16:00:00+00:00
1706472000000,1.8094,1.8242,1.7837,1.7983,22455228.4,2024-01-28 20:00:00+00:00
1706486400000,1.7983,1.8379,1.7883,1.8224,20133078.6,2024-01-29 00:00:00+00:00
1706500800000,1.8223,1.8301,1.805,1.8081,18252691.8,2024-01-29 04:00:00+00:00
1706515200000,1.808,1.8282,1.7943,1.8052,21649719.0,2024-01-29 08:00:00+00:00
1706529600000,1.8052,1.8152,1.77,1.8131,39687108.1,2024-01-29 12:00:00+00:00
1706544000000,1.8131,1.8595,1.7995,1.8277,52757134.1,2024-01-29 16:00:00+00:00
1706558400000,1.8276,1.8586,1.8188,1.8542,24009615.7,2024-01-29 20:00:00+00:00
1706572800000,1.8542,1.8906,1.8362,1.87,28830245.4,2024-01-30 00:00:00+00:00
1706587200000,1.8699,1.9152,1.866,1.8817,42256961.0,2024-01-30 04:00:00+00:00
1706601600000,1.8817,1.8913,1.8684,1.8875,23694521.9,2024-01-30 08:00:00+00:00
1706616000000,1.8874,1.91,1.8426,1.8914,49026777.1,2024-01-30 12:00:00+00:00
1706630400000,1.8915,1.9724,1.8848,1.9406,77305269.4,2024-01-30 16:00:00+00:00
1706644800000,1.9406,1.9556,1.8732,1.8846,30597887.6,2024-01-30 20:00:00+00:00
1706659200000,1.8846,1.8916,1.8448,1.8706,36343389.4,2024-01-31 00:00:00+00:00
1706673600000,1.8705,1.8799,1.8458,1.8586,23847531.7,2024-01-31 04:00:00+00:00
1706688000000,1.8586,1.8627,1.78,1.8064,42244876.7,2024-01-31 08:00:00+00:00
1706702400000,1.8064,1.8199,1.7667,1.8154,41887378.3,2024-01-31 12:00:00+00:00
1706716800000,1.8155,1.84,1.8027,1.821,39217194.8,2024-01-31 16:00:00+00:00
1706731200000,1.8211,1.8234,1.7418,1.7623,41514503.8,2024-01-31 20:00:00+00:00
1706745600000,1.7623,1.7686,1.6904,1.7008,40246928.6,2024-02-01 00:00:00+00:00
1706760000000,1.7008,1.7352,1.6903,1.7264,25869187.3,2024-02-01 04:00:00+00:00
1706774400000,1.7264,1.7337,1.7082,1.712,20791547.6,2024-02-01 08:00:00+00:00
1706788800000,1.7121,1.7655,1.7075,1.7341,38883621.5,2024-02-01 12:00:00+00:00
1706803200000,1.7341,1.765,1.7142,1.7588,29510978.6,2024-02-01 16:00:00+00:00
1706817600000,1.7588,1.7866,1.752,1.784,25952237.8,2024-02-01 20:00:00+00:00
1706832000000,1.784,1.809,1.781,1.7895,20992625.5,2024-02-02 00:00:00+00:00
1706846400000,1.7894,1.8088,1.7748,1.8027,16779073.2,2024-02-02 04:00:00+00:00
1706860800000,1.8026,1.8045,1.7837,1.7957,18166931.7,2024-02-02 08:00:00+00:00
1706875200000,1.7957,1.8078,1.7567,1.8074,35715636.8,2024-02-02 12:00:00+00:00
1706889600000,1.8074,1.8168,1.775,1.7904,22701970.4,2024-02-02 16:00:00+00:00
1706904000000,1.7905,1.8005,1.7785,1.7917,9452058.8,2024-02-02 20:00:00+00:00
1706918400000,1.7917,1.812,1.7868,1.8025,13054773.7,2024-02-03 00:00:00+00:00
1706932800000,1.8026,1.8367,1.802,1.8195,21555225.5,2024-02-03 04:00:00+00:00
1706947200000,1.8196,1.8205,1.791,1.7925,15498512.0,2024-02-03 08:00:00+00:00
1706961600000,1.7928,1.7993,1.7699,1.786,15834653.6,2024-02-03 12:00:00+00:00
1706976000000,1.7861,1.798,1.7742,1.7828,13676279.9,2024-02-03 16:00:00+00:00
1706990400000,1.7827,1.7838,1.7626,1.7653,9909292.3,2024-02-03 20:00:00+00:00
1707004800000,1.7653,1.7757,1.7475,1.7722,12202356.1,2024-02-04 00:00:00+00:00
1707019200000,1.7721,1.7727,1.741,1.7474,15138441.1,2024-02-04 04:00:00+00:00
1707033600000,1.7475,1.7705,1.7376,1.7667,14955156.2,2024-02-04 08:00:00+00:00
1707048000000,1.7667,1.7744,1.752,1.755,11309924.0,2024-02-04 12:00:00+00:00
1707062400000,1.7548,1.7678,1.7286,1.7369,16865677.3,2024-02-04 16:00:00+00:00
1707076800000,1.7368,1.7655,1.7201,1.7312,19480731.6,2024-02-04 20:00:00+00:00
1707091200000,1.7312,1.7429,1.6972,1.7414,19071144.4,2024-02-05 00:00:00+00:00
1707105600000,1.7414,1.7546,1.7338,1.7511,20409900.3,2024-02-05 04:00:00+00:00
1707120000000,1.7511,1.769,1.7498,1.7672,19379441.9,2024-02-05 08:00:00+00:00
1707134400000,1.7673,1.7879,1.7403,1.7435,28230145.7,2024-02-05 12:00:00+00:00
1707148800000,1.7435,1.7585,1.7366,1.7463,19936991.5,2024-02-05 16:00:00+00:00
1707163200000,1.7464,1.7484,1.7143,1.7344,18811844.4,2024-02-05 20:00:00+00:00
1707177600000,1.7345,1.8026,1.728,1.7758,34650705.5,2024-02-06 00:00:00+00:00
1707192000000,1.7758,1.8155,1.767,1.8134,29159084.9,2024-02-06 04:00:00+00:00
1707206400000,1.8134,1.823,1.7926,1.8133,43545899.5,2024-02-06 08:00:00+00:00
1707220800000,1.8132,1.8369,1.7968,1.8328,47962228.3,2024-02-06 12:00:00+00:00
1707235200000,1.8329,1.8576,1.8243,1.8529,37532065.5,2024-02-06 16:00:00+00:00
1707249600000,1.8527,1.8756,1.828,1.83,32677416.6,2024-02-06 20:00:00+00:00
1707264000000,1.8299,1.8732,1.8298,1.8506,21158547.6,2024-02-07 00:00:00+00:00
1707278400000,1.8505,1.8563,1.8237,1.8391,21060809.1,2024-02-07 04:00:00+00:00
1707292800000,1.8392,1.8519,1.8083,1.8146,25819443.0,2024-02-07 08:00:00+00:00
1707307200000,1.8145,1.8412,1.8129,1.8236,26460606.3,2024-02-07 12:00:00+00:00
1707321600000,1.8236,1.9027,1.8208,1.8983,57312427.4,2024-02-07 16:00:00+00:00
1707336000000,1.8984,1.9325,1.89,1.8985,36828666.0,2024-02-07 20:00:00+00:00
1707350400000,1.8985,1.9206,1.8908,1.9068,22530288.8,2024-02-08 00:00:00+00:00
1707364800000,1.9068,1.9095,1.8653,1.8847,31596652.3,2024-02-08 04:00:00+00:00
1707379200000,1.8846,1.8954,1.8757,1.883,13408308.5,2024-02-08 08:00:00+00:00
1707393600000,1.883,1.9282,1.8698,1.9157,31294859.6,2024-02-08 12:00:00+00:00
1707408000000,1.9157,1.921,1.855,1.8687,35896469.3,2024-02-08 16:00:00+00:00
1707422400000,1.8686,1.88,1.8609,1.8616,13104301.3,2024-02-08 20:00:00+00:00
1707436800000,1.8616,1.9129,1.8616,1.8958,20334014.1,2024-02-09 00:00:00+00:00
1707451200000,1.8958,1.9106,1.8768,1.9003,16813899.9,2024-02-09 04:00:00+00:00
1707465600000,1.9003,1.9311,1.8972,1.9298,23304750.7,2024-02-09 08:00:00+00:00
1707480000000,1.9296,1.9648,1.9065,1.9301,58137147.3,2024-02-09 12:00:00+00:00
1707494400000,1.9302,1.9637,1.921,1.9438,30787990.6,2024-02-09 16:00:00+00:00
1707508800000,1.9437,1.998,1.9437,1.9813,32276654.9,2024-02-09 20:00:00+00:00
1707523200000,1.9814,2.0191,1.9714,2.0103,21696074.7,2024-02-10 00:00:00+00:00
1707537600000,2.0104,2.0153,1.9706,1.9724,17820209.2,2024-02-10 04:00:00+00:00
1707552000000,1.9724,1.9816,1.9345,1.9573,24322187.8,2024-02-10 08:00:00+00:00
1707566400000,1.9573,1.9716,1.946,1.9656,14496405.5,2024-02-10 12:00:00+00:00
1707580800000,1.9656,1.9666,1.947,1.964,10049862.6,2024-02-10 16:00:00+00:00
1707595200000,1.964,1.9856,1.9521,1.96,16767790.0,2024-02-10 20:00:00+00:00
1707609600000,1.9601,1.9999,1.9547,1.9992,14088325.8,2024-02-11 00:00:00+00:00
1707624000000,1.9993,2.0109,1.9776,2.001,18979969.6,2024-02-11 04:00:00+00:00
1707638400000,2.001,2.0061,1.9718,1.996,16899789.0,2024-02-11 08:00:00+00:00
1707652800000,1.9959,2.0004,1.9509,1.9584,19330398.4,2024-02-11 12:00:00+00:00
1707667200000,1.9585,1.9721,1.9443,1.9546,12757272.1,2024-02-11 16:00:00+00:00
1707681600000,1.9546,1.9625,1.9315,1.9424,14246007.6,2024-02-11 20:00:00+00:00
1707696000000,1.9425,1.9698,1.9233,1.9354,20922701.8,2024-02-12 00:00:00+00:00
1707710400000,1.9354,1.9554,1.9128,1.9466,17781740.4,2024-02-12 04:00:00+00:00
1707724800000,1.9465,1.9551,1.913,1.9365,23424035.6,2024-02-12 08:00:00+00:00
1707739200000,1.9365,2.0181,1.9227,2.0068,41485527.9,2024-02-12 12:00:00+00:00
1707753600000,2.0068,2.0779,1.9892,2.0384,63548305.6,2024-02-12 16:00:00+00:00
1707768000000,2.0385,2.0849,2.0385,2.0778,28666558.4,2024-02-12 20:00:00+00:00
1707782400000,2.0779,2.1111,2.0482,2.0535,31322603.9,2024-02-13 00:00:00+00:00
1707796800000,2.0534,2.081,2.0517,2.0698,15750203.9,2024-02-13 04:00:00+00:00
1707811200000,2.0699,2.0912,2.0616,2.0829,18681987.0,2024-02-13 08:00:00+00:00
1707825600000,2.0828,2.0873,1.983,2.0327,61483861.1,2024-02-13 12:00:00+00:00
1707840000000,2.0326,2.047,2.0064,2.0275,23567413.7,2024-02-13 16:00:00+00:00
1707854400000,2.0276,2.0578,2.0276,2.0474,13614734.4,2024-02-13 20:00:00+00:00
1707868800000,2.0475,2.0489,2.0147,2.0327,13997030.7,2024-02-14 00:00:00+00:00
1707883200000,2.0327,2.0463,2.0164,2.042,10625637.6,2024-02-14 04:00:00+00:00
1707897600000,2.0419,2.1259,2.037,2.122,47848998.6,2024-02-14 08:00:00+00:00
1707912000000,2.122,2.1285,2.0738,2.0916,38173539.8,2024-02-14 12:00:00+00:00
1707926400000,2.0915,2.0934,2.0603,2.0897,25847650.1,2024-02-14 16:00:00+00:00
1707940800000,2.0898,2.1179,2.0778,2.1118,15663260.0,2024-02-14 20:00:00+00:00
1707955200000,2.1119,2.1748,2.111,2.1393,35374808.2,2024-02-15 00:00:00+00:00
1707969600000,2.1392,2.1399,2.0815,2.0973,25620510.7,2024-02-15 04:00:00+00:00
1707984000000,2.0973,2.14,2.0881,2.1155,25848917.9,2024-02-15 08:00:00+00:00
1707998400000,2.1154,2.1514,2.085,2.1,55994306.3,2024-02-15 12:00:00+00:00
1708012800000,2.1,2.1059,2.0718,2.0922,30425351.7,2024-02-15 16:00:00+00:00
1708027200000,2.092,2.0938,2.0368,2.0736,26778262.6,2024-02-15 20:00:00+00:00
1708041600000,2.0737,2.0966,2.0591,2.0735,15856222.1,2024-02-16 00:00:00+00:00
1708056000000,2.0736,2.0848,2.0276,2.0294,22288131.2,2024-02-16 04:00:00+00:00
1708070400000,2.0294,2.0564,2.0054,2.0464,32236341.5,2024-02-16 08:00:00+00:00
1708084800000,2.0462,2.0661,1.9591,2.0017,49588117.9,2024-02-16 12:00:00+00:00
1708099200000,2.0018,2.0216,1.9786,1.9855,24514599.4,2024-02-16 16:00:00+00:00
1708113600000,1.9855,2.0179,1.9808,2.0117,12981081.3,2024-02-16 20:00:00+00:00
1708128000000,2.0118,2.02,1.986,1.9971,11012393.1,2024-02-17 00:00:00+00:00
1708142400000,1.997,2.0025,1.9757,1.9778,11139659.7,2024-02-17 04:00:00+00:00
1708156800000,1.9778,1.9788,1.944,1.959,19099013.6,2024-02-17 08:00:00+00:00
1708171200000,1.959,1.9642,1.9042,1.9426,32640367.7,2024-02-17 12:00:00+00:00
1708185600000,1.9428,1.9646,1.9329,1.9606,11617336.0,2024-02-17 16:00:00+00:00
1708200000000,1.9604,1.9799,1.9588,1.971,9106357.0,2024-02-17 20:00:00+00:00
1708214400000,1.9712,1.9812,1.9443,1.9606,11914776.9,2024-02-18 00:00:00+00:00
1708228800000,1.9607,2.0113,1.9603,2.0079,18155091.6,2024-02-18 04:00:00+00:00
1708243200000,2.0079,2.0234,1.9977,2.0097,17694245.1,2024-02-18 08:00:00+00:00
1708257600000,2.0097,2.0285,1.9956,2.0169,19909896.6,2024-02-18 12:00:00+00:00
1708272000000,2.0168,2.0283,2.0,2.0134,18129696.6,2024-02-18 16:00:00+00:00
1708286400000,2.0135,2.0534,2.0001,2.0411,20115503.1,2024-02-18 20:00:00+00:00
1708300800000,2.0412,2.0506,2.018,2.0382,14579664.7,2024-02-19 00:00:00+00:00
1708315200000,2.0381,2.1029,2.0306,2.0954,33611526.6,2024-02-19 04:00:00+00:00
1708329600000,2.0955,2.0971,2.053,2.0783,26377688.1,2024-02-19 08:00:00+00:00
1708344000000,2.0783,2.0786,2.026,2.0444,26268713.2,2024-02-19 12:00:00+00:00
1708358400000,2.0444,2.0758,2.0155,2.0503,33513933.5,2024-02-19 16:00:00+00:00
1708372800000,2.0502,2.0837,2.042,2.0555,17681102.3,2024-02-19 20:00:00+00:00
1708387200000,2.0555,2.0656,1.9844,1.9877,25754120.3,2024-02-20 00:00:00+00:00
1708401600000,1.9878,2.0242,1.9812,2.0124,16811455.4,2024-02-20 04:00:00+00:00
1708416000000,2.0124,2.0146,1.9602,2.0049,33770880.8,2024-02-20 08:00:00+00:00
1708430400000,2.0048,2.0937,1.9048,1.9593,117035035.2,2024-02-20 12:00:00+00:00
1708444800000,1.9594,1.9706,1.9001,1.9684,46828234.9,2024-02-20 16:00:00+00:00
1708459200000,1.9687,2.0339,1.954,2.0118,32010553.0,2024-02-20 20:00:00+00:00
1708473600000,2.012,2.0198,1.9473,1.9541,20292667.4,2024-02-21 00:00:00+00:00
1708488000000,1.9541,1.9574,1.8781,1.8946,40973841.2,2024-02-21 04:00:00+00:00
1708502400000,1.8946,1.9101,1.8331,1.8458,48192003.5,2024-02-21 08:00:00+00:00
1708516800000,1.8458,1.8798,1.8239,1.8449,45305235.3,2024-02-21 12:00:00+00:00
1708531200000,1.845,1.8581,1.8057,1.837,35738496.8,2024-02-21 16:00:00+00:00
1708545600000,1.837,1.8853,1.8242,1.8781,22120370.6,2024-02-21 20:00:00+00:00
1708560000000,1.8781,1.8786,1.7846,1.8246,37539201.8,2024-02-22 00:00:00+00:00
1708574400000,1.8245,1.8753,1.8172,1.8722,27733219.4,2024-02-22 04:00:00+00:00
1708588800000,1.8721,1.8987,1.8438,1.8599,44704095.3,2024-02-22 08:00:00+00:00
1708603200000,1.8599,1.8711,1.8162,1.8575,33297516.8,2024-02-22 12:00:00+00:00
1708617600000,1.8575,1.8641,1.8359,1.8449,26447330.5,2024-02-22 16:00:00+00:00
1708632000000,1.8449,1.8733,1.805,1.8097,30508939.5,2024-02-22 20:00:00+00:00
1708646400000,1.8096,1.8308,1.7559,1.7741,34413649.1,2024-02-23 00:00:00+00:00
1708660800000,1.7742,1.7947,1.7592,1.7737,21223388.3,2024-02-23 04:00:00+00:00
1708675200000,1.7737,1.7891,1.7573,1.7838,19842531.3,2024-02-23 08:00:00+00:00
1708689600000,1.7838,1.802,1.7617,1.7649,36749040.9,2024-02-23 12:00:00+00:00
1708704000000,1.765,1.8009,1.7376,1.7967,38561915.6,2024-02-23 16:00:00+00:00
1708718400000,1.7967,1.8198,1.768,1.8002,27789053.0,2024-02-23 20:00:00+00:00
1708732800000,1.8001,1.8065,1.7523,1.8019,26802708.3,2024-02-24 00:00:00+00:00
1708747200000,1.8018,1.8297,1.7993,1.8241,17099674.3,2024-02-24 04:00:00+00:00
1708761600000,1.8241,1.8461,1.8143,1.8408,21173957.5,2024-02-24 08:00:00+00:00
1708776000000,1.8409,1.8444,1.8214,1.8223,17757992.4,2024-02-24 12:00:00+00:00
1708790400000,1.8223,1.855,1.8206,1.848,16770181.8,2024-02-24 16:00:00+00:00
1708804800000,1.8482,1.8531,1.8384,1.846,10696659.4,2024-02-24 20:00:00+00:00
1708819200000,1.846,1.8798,1.8293,1.8708,25726856.2,2024-02-25 00:00:00+00:00
1708833600000,1.8708,1.8856,1.8532,1.8635,16431991.5,2024-02-25 04:00:00+00:00
1708848000000,1.8634,1.8766,1.8466,1.8738,17699169.5,2024-02-25 08:00:00+00:00
1708862400000,1.8737,1.8923,1.8554,1.8703,25397560.2,2024-02-25 12:00:00+00:00
1708876800000,1.8704,1.8895,1.8565,1.8835,23973608.3,2024-02-25 16:00:00+00:00
1708891200000,1.8834,1.907,1.8791,1.9067,21739119.1,2024-02-25 20:00:00+00:00
1708905600000,1.9066,1.919,1.873,1.8975,18794541.6,2024-02-26 00:00:00+00:00
1708920000000,1.8975,1.8998,1.8471,1.8519,20876090.3,2024-02-26 04:00:00+00:00
1708934400000,1.852,1.8645,1.8086,1.8237,32756780.9,2024-02-26 08:00:00+00:00
1708948800000,1.8237,1.8887,1.8141,1.888,34006763.5,2024-02-26 12:00:00+00:00
1708963200000,1.888,1.918,1.8802,1.9153,45822970.5,2024-02-26 16:00:00+00:00
1708977600000,1.9152,1.9578,1.912,1.9302,35701433.1,2024-02-26 20:00:00+00:00
1708992000000,1.9301,1.9583,1.905,1.9137,38851332.8,2024-02-27 00:00:00+00:00
1709006400000,1.9137,1.9367,1.9055,1.9114,25007320.2,2024-02-27 04:00:00+00:00
1709020800000,1.9113,1.949,1.9103,1.9436,23826853.4,2024-02-27 08:00:00+00:00
1709035200000,1.9436,1.9572,1.8765,1.8888,44144840.6,2024-02-27 12:00:00+00:00
1709049600000,1.8888,1.9032,1.8651,1.8883,32754360.1,2024-02-27 16:00:00+00:00
1709064000000,1.8883,1.9131,1.8741,1.8983,17165253.1,2024-02-27 20:00:00+00:00
1709078400000,1.8983,1.907,1.8572,1.8608,19762968.3,2024-02-28 00:00:00+00:00
1709092800000,1.8608,1.8979,1.8554,1.8925,22048350.5,2024-02-28 04:00:00+00:00
1709107200000,1.8927,1.9491,1.8642,1.8933,67173405.8,2024-02-28 08:00:00+00:00
1709121600000,1.8934,1.937,1.892,1.915,54023040.6,2024-02-28 12:00:00+00:00
1709136000000,1.9149,1.9885,1.7871,1.8727,141271288.4,2024-02-28 16:00:00+00:00
1709150400000,1.8727,1.9121,1.8523,1.9018,29367650.4,2024-02-28 20:00:00+00:00
1709164800000,1.9018,1.994,1.8844,1.9628,61513504.8,2024-02-29 00:00:00+00:00
1709179200000,1.9629,2.0435,1.952,2.0147,54131609.8,2024-02-29 04:00:00+00:00
1709193600000,2.0146,2.0419,1.9881,2.0072,49542583.0,2024-02-29 08:00:00+00:00
1709208000000,2.0071,2.0117,1.9805,1.9999,35646041.3,2024-02-29 12:00:00+00:00
1709222400000,2.0003,2.0999,1.9366,2.0406,132602663.8,2024-02-29 16:00:00+00:00
1709236800000,2.0406,2.0585,1.91,1.9463,54848637.5,2024-02-29 20:00:00+00:00
1709251200000,1.9464,2.0015,1.9449,1.9794,30089867.9,2024-03-01 00:00:00+00:00
1709265600000,1.9794,1.994,1.9654,1.9731,20835733.7,2024-03-01 04:00:00+00:00
1709280000000,1.9732,2.0162,1.964,1.9818,28467117.2,2024-03-01 08:00:00+00:00
1709294400000,1.9817,2.0023,1.9407,1.9516,34782452.3,2024-03-01 12:00:00+00:00
1709308800000,1.9517,1.9853,1.944,1.9798,28208154.4,2024-03-01 16:00:00+00:00
1709323200000,1.9799,1.9977,1.9713,1.9904,21533988.1,2024-03-01 20:00:00+00:00
1709337600000,1.9905,2.0015,1.9522,1.9979,32987630.4,2024-03-02 00:00:00+00:00
1709352000000,1.998,2.0047,1.9633,1.9913,32139352.7,2024-03-02 04:00:00+00:00
1709366400000,1.9914,1.9932,1.9572,1.9638,34326377.5,2024-03-02 08:00:00+00:00
1709380800000,1.9637,1.9965,1.9604,1.971,41983992.5,2024-03-02 12:00:00+00:00
1709395200000,1.9711,2.0124,1.97,2.0115,31827003.7,2024-03-02 16:00:00+00:00
1709409600000,2.0116,2.0288,1.9877,2.0286,21936532.5,2024-03-02 20:00:00+00:00
1709424000000,2.0285,2.1378,2.0139,2.128,76261653.2,2024-03-03 00:00:00+00:00
1709438400000,2.1281,2.2,1.8239,2.0371,130432488.3,2024-03-03 04:00:00+00:00
1709452800000,2.0373,2.0934,2.0123,2.0863,61422917.1,2024-03-03 08:00:00+00:00
1709467200000,2.0864,2.1135,2.0495,2.0659,46933577.0,2024-03-03 12:00:00+00:00
1709481600000,2.0659,2.0992,2.0506,2.0731,28925749.1,2024-03-03 16:00:00+00:00
1709496000000,2.0731,2.078,2.0331,2.0468,21945923.6,2024-03-03 20:00:00+00:00
1709510400000,2.0469,2.075,1.9846,1.9934,58875249.1,2024-03-04 00:00:00+00:00
1709524800000,1.9934,2.0324,1.9764,2.0274,28814641.6,2024-03-04 04:00:00+00:00
1709539200000,2.0275,2.0476,2.0002,2.0116,45045668.7,2024-03-04 08:00:00+00:00
1709553600000,2.0118,2.0178,1.9572,2.0101,49863143.6,2024-03-04 12:00:00+00:00
1709568000000,2.0102,2.014,1.9209,1.9822,67474233.1,2024-03-04 16:00:00+00:00
1709582400000,1.9822,1.9951,1.9624,1.9844,24327064.1,2024-03-04 20:00:00+00:00
1709596800000,1.9844,2.0076,1.925,2.0071,50187980.8,2024-03-05 00:00:00+00:00
1709611200000,2.007,2.1845,2.0066,2.0799,176023840.2,2024-03-05 04:00:00+00:00
1709625600000,2.0803,2.1554,2.0637,2.1383,58787765.7,2024-03-05 08:00:00+00:00
1709640000000,2.1383,2.179,2.0513,2.1163,112746451.6,2024-03-05 12:00:00+00:00
1709654400000,2.1163,2.1314,1.7,1.8822,182455125.2,2024-03-05 16:00:00+00:00
1709668800000,1.8819,1.9785,1.83,1.9669,118097937.0,2024-03-05 20:00:00+00:00
1709683200000,1.9672,2.0126,1.9245,1.9465,46613120.4,2024-03-06 00:00:00+00:00
1709697600000,1.9466,2.0868,1.9463,2.0849,64167777.6,2024-03-06 04:00:00+00:00
1709712000000,2.0849,2.1512,2.0526,2.0824,73522623.8,2024-03-06 08:00:00+00:00
1709726400000,2.0823,2.0873,1.9805,2.0224,63944720.1,2024-03-06 12:00:00+00:00
1709740800000,2.0224,2.0699,2.007,2.0497,39222845.1,2024-03-06 16:00:00+00:00
1709755200000,2.0496,2.0702,2.032,2.0563,28980583.9,2024-03-06 20:00:00+00:00
1709769600000,2.0563,2.104,2.035,2.0593,46631126.6,2024-03-07 00:00:00+00:00
1709784000000,2.0594,2.0845,2.0181,2.071,36680556.5,2024-03-07 04:00:00+00:00
1709798400000,2.0711,2.1058,2.0668,2.0893,35005316.8,2024-03-07 08:00:00+00:00
1709812800000,2.0893,2.1788,2.0679,2.1695,70970299.3,2024-03-07 12:00:00+00:00
1709827200000,2.1698,2.1788,2.1235,2.1405,34569325.2,2024-03-07 16:00:00+00:00
1709841600000,2.1405,2.1894,2.1354,2.1672,35687103.7,2024-03-07 20:00:00+00:00
1709856000000,2.1673,2.2465,2.162,2.1678,57104870.9,2024-03-08 00:00:00+00:00
1709870400000,2.1679,2.1893,2.1402,2.165,27740080.7,2024-03-08 04:00:00+00:00
1709884800000,2.165,2.2241,2.1612,2.2155,30582076.4,2024-03-08 08:00:00+00:00
1709899200000,2.2156,2.2792,1.9946,2.139,108385556.1,2024-03-08 12:00:00+00:00
1709913600000,2.1389,2.1962,2.085,2.1569,57019682.9,2024-03-08 16:00:00+00:00
1709928000000,2.157,2.1691,2.1248,2.1359,19921242.9,2024-03-08 20:00:00+00:00
1709942400000,2.136,2.1504,2.1152,2.1475,18808105.4,2024-03-09 00:00:00+00:00
1709956800000,2.1476,2.1675,2.1403,2.1556,15268600.2,2024-03-09 04:00:00+00:00
1709971200000,2.156,2.1685,2.1041,2.1377,25586453.2,2024-03-09 08:00:00+00:00
1709985600000,2.1378,2.15,2.1236,2.1359,23084901.3,2024-03-09 12:00:00+00:00
1710000000000,2.1358,2.139,2.0848,2.0944,27384862.6,2024-03-09 16:00:00+00:00
1710014400000,2.0944,2.1064,2.0771,2.0991,21458341.4,2024-03-09 20:00:00+00:00
1710028800000,2.0991,2.1045,2.068,2.0765,26853057.6,2024-03-10 00:00:00+00:00
1710043200000,2.0765,2.1146,2.065,2.1139,25445705.2,2024-03-10 04:00:00+00:00
1710057600000,2.1139,2.134,2.0817,2.0928,37723173.7,2024-03-10 08:00:00+00:00
1710072000000,2.0927,2.1024,2.0029,2.0514,51147040.1,2024-03-10 12:00:00+00:00
1710086400000,2.0515,2.0732,2.048,2.0622,16497074.7,2024-03-10 16:00:00+00:00
1710100800000,2.0622,2.0731,1.999,2.0697,30020467.8,2024-03-10 20:00:00+00:00
1710115200000,2.0698,2.0737,1.9322,2.0332,53370778.2,2024-03-11 00:00:00+00:00
1710129600000,2.0331,2.0872,2.0215,2.0822,31481043.6,2024-03-11 04:00:00+00:00
1710144000000,2.0825,2.1097,2.05,2.072,38224701.8,2024-03-11 08:00:00+00:00
1710158400000,2.0718,2.0946,2.047,2.0571,29081058.6,2024-03-11 12:00:00+00:00
1710172800000,2.0572,2.15,2.0402,2.0712,67052374.2,2024-03-11 16:00:00+00:00
1710187200000,2.0712,2.0965,2.0642,2.0862,23304816.8,2024-03-11 20:00:00+00:00
1710201600000,2.0863,2.1038,2.0215,2.0318,32161712.8,2024-03-12 00:00:00+00:00
1710216000000,2.032,2.0518,2.01,2.0166,33077825.5,2024-03-12 04:00:00+00:00
1710230400000,2.0165,2.0202,1.9608,1.9987,45807956.9,2024-03-12 08:00:00+00:00
1710244800000,1.9986,2.03,1.9665,2.0072,58831324.3,2024-03-12 12:00:00+00:00
1710259200000,2.0074,2.0329,1.9,2.0248,89831438.8,2024-03-12 16:00:00+00:00
1710273600000,2.0249,2.0268,1.9974,2.0195,18415550.5,2024-03-12 20:00:00+00:00
1710288000000,2.0195,2.0867,2.0194,2.0853,36798418.4,2024-03-13 00:00:00+00:00
1710302400000,2.0853,2.2006,2.0811,2.1702,72521987.7,2024-03-13 04:00:00+00:00
1710316800000,2.1703,2.26,2.1626,2.1756,89824372.5,2024-03-13 08:00:00+00:00
1710331200000,2.1757,2.1889,2.0994,2.142,88896263.5,2024-03-13 12:00:00+00:00
1710345600000,2.1421,2.1735,2.1059,2.1158,37867536.1,2024-03-13 16:00:00+00:00
1710360000000,2.1158,2.1264,2.0813,2.1175,40314088.7,2024-03-13 20:00:00+00:00
1710374400000,2.1175,2.12,2.0702,2.089,46948716.5,2024-03-14 00:00:00+00:00
1710388800000,2.0889,2.0897,2.039,2.0611,36743069.6,2024-03-14 04:00:00+00:00
1710403200000,2.0611,2.079,2.0216,2.0357,42891617.9,2024-03-14 08:00:00+00:00
1710417600000,2.0358,2.042,1.9634,1.9846,97748585.1,2024-03-14 12:00:00+00:00
1710432000000,1.9849,2.0309,1.93,1.9726,77425091.7,2024-03-14 16:00:00+00:00
1710446400000,1.9726,2.0242,1.9705,2.0176,32936710.3,2024-03-14 20:00:00+00:00
1710460800000,2.0177,2.0365,1.8333,1.9308,88401693.7,2024-03-15 00:00:00+00:00
1710475200000,1.9308,1.9419,1.8835,1.9376,55286888.6,2024-03-15 04:00:00+00:00
1710489600000,1.9376,1.9382,1.7851,1.877,101771893.2,2024-03-15 08:00:00+00:00
1710504000000,1.877,1.913,1.8543,1.8872,43548838.8,2024-03-15 12:00:00+00:00
1710518400000,1.8872,1.9356,1.8585,1.8726,51487787.1,2024-03-15 16:00:00+00:00
1710532800000,1.8724,1.895,1.8262,1.89,39166151.3,2024-03-15 20:00:00+00:00
1710547200000,1.89,1.9346,1.8822,1.9339,38172767.3,2024-03-16 00:00:00+00:00
1710561600000,1.9338,1.9435,1.8772,1.9263,54918547.9,2024-03-16 04:00:00+00:00
1710576000000,1.9264,1.927,1.8731,1.8914,38442723.1,2024-03-16 08:00:00+00:00
1710590400000,1.8914,1.9684,1.8074,1.8547,128748713.2,2024-03-16 12:00:00+00:00
1710604800000,1.8547,1.8549,1.7269,1.7388,80341975.7,2024-03-16 16:00:00+00:00
1710619200000,1.7388,1.7736,1.7152,1.7577,50176753.7,2024-03-16 20:00:00+00:00
1710633600000,1.7577,1.7769,1.7191,1.7473,43620152.1,2024-03-17 00:00:00+00:00
1710648000000,1.7473,1.7491,1.613,1.6631,86911972.6,2024-03-17 04:00:00+00:00
1710662400000,1.663,1.7331,1.65,1.7109,68367661.9,2024-03-17 08:00:00+00:00
1710676800000,1.7109,1.7454,1.6762,1.7385,50018140.7,2024-03-17 12:00:00+00:00
1710691200000,1.7385,1.7478,1.7181,1.7359,34417329.3,2024-03-17 16:00:00+00:00
1710705600000,1.736,1.7532,1.7179,1.7376,25709844.5,2024-03-17 20:00:00+00:00
1710720000000,1.7376,1.741,1.6616,1.6967,51151702.8,2024-03-18 00:00:00+00:00
1710734400000,1.6968,1.7226,1.6758,1.698,34396878.1,2024-03-18 04:00:00+00:00
1710748800000,1.6981,1.7413,1.6505,1.7252,73605243.3,2024-03-18 08:00:00+00:00
1710763200000,1.7253,1.7286,1.622,1.6607,82272240.4,2024-03-18 12:00:00+00:00
1710777600000,1.6605,1.6769,1.6032,1.6064,69941961.8,2024-03-18 16:00:00+00:00
1710792000000,1.6065,1.6578,1.6006,1.6249,49640465.4,2024-03-18 20:00:00+00:00
1710806400000,1.6249,1.6641,1.5324,1.5722,115549241.3,2024-03-19 00:00:00+00:00
1710820800000,1.5723,1.5887,1.4533,1.5368,113190488.4,2024-03-19 04:00:00+00:00
1710835200000,1.5369,1.5582,1.4448,1.5575,107543260.4,2024-03-19 08:00:00+00:00
1710849600000,1.5575,1.6515,1.5467,1.6363,101627628.5,2024-03-19 12:00:00+00:00
1710864000000,1.6363,1.6769,1.6125,1.656,73274402.8,2024-03-19 16:00:00+00:00
1710878400000,1.6561,1.662,1.5721,1.626,87253302.6,2024-03-19 20:00:00+00:00
1710892800000,1.6259,1.6555,1.5859,1.5888,77733903.0,2024-03-20 00:00:00+00:00
1710907200000,1.5888,1.6799,1.5479,1.6596,90374397.9,2024-03-20 04:00:00+00:00
1710921600000,1.6597,1.7124,1.641,1.7098,83134743.2,2024-03-20 08:00:00+00:00
1710936000000,1.7096,1.7227,1.6385,1.6469,76764940.1,2024-03-20 12:00:00+00:00
1710950400000,1.6469,1.7238,1.57,1.7075,134522504.4,2024-03-20 16:00:00+00:00
1710964800000,1.7075,1.767,1.701,1.7474,55061215.0,2024-03-20 20:00:00+00:00
1710979200000,1.7474,1.7912,1.7326,1.7451,57372396.0,2024-03-21 00:00:00+00:00
1710993600000,1.7452,1.7641,1.7062,1.7432,48020371.4,2024-03-21 04:00:00+00:00
1711008000000,1.7432,1.7999,1.7422,1.7514,55537891.2,2024-03-21 08:00:00+00:00
1711022400000,1.7517,1.7869,1.7227,1.7333,55905436.6,2024-03-21 12:00:00+00:00
1711036800000,1.7333,1.7532,1.676,1.6933,55732603.9,2024-03-21 16:00:00+00:00
1711051200000,1.6934,1.7148,1.6717,1.6855,27827180.8,2024-03-21 20:00:00+00:00
1711065600000,1.6855,1.6991,1.6316,1.6709,39932245.3,2024-03-22 00:00:00+00:00
1711080000000,1.6709,1.6874,1.6581,1.6808,26319251.7,2024-03-22 04:00:00+00:00
1711094400000,1.6808,1.6893,1.615,1.624,33999694.4,2024-03-22 08:00:00+00:00
1711108800000,1.6239,1.6464,1.5728,1.6008,78491650.1,2024-03-22 12:00:00+00:00
1711123200000,1.6008,1.6098,1.5776,1.6023,33342747.3,2024-03-22 16:00:00+00:00
1711137600000,1.6023,1.6058,1.5627,1.6055,34702759.1,2024-03-22 20:00:00+00:00
1711152000000,1.6056,1.6285,1.5803,1.5967,34797117.1,2024-03-23 00:00:00+00:00
1711166400000,1.5967,1.6226,1.5935,1.6098,22026069.4,2024-03-23 04:00:00+00:00
1711180800000,1.6098,1.6219,1.5991,1.6157,22197273.0,2024-03-23 08:00:00+00:00
1711195200000,1.6156,1.6335,1.6052,1.6239,29640611.8,2024-03-23 12:00:00+00:00
1711209600000,1.624,1.639,1.6141,1.6255,23195082.6,2024-03-23 16:00:00+00:00
1711224000000,1.6254,1.6286,1.5921,1.5963,18206142.9,2024-03-23 20:00:00+00:00
1711238400000,1.5963,1.617,1.5865,1.5909,20607930.4,2024-03-24 00:00:00+00:00
1711252800000,1.591,1.6042,1.5874,1.6024,15902486.7,2024-03-24 04:00:00+00:00
1711267200000,1.6025,1.6708,1.5996,1.6567,41645842.0,2024-03-24 08:00:00+00:00
1711281600000,1.6567,1.6659,1.638,1.6484,30049073.0,2024-03-24 12:00:00+00:00
1711296000000,1.6485,1.6574,1.6224,1.6544,31416001.0,2024-03-24 16:00:00+00:00
1711310400000,1.6543,1.6758,1.6501,1.6719,21542126.3,2024-03-24 20:00:00+00:00
1711324800000,1.6719,1.6746,1.6488,1.659,18223408.6,2024-03-25 00:00:00+00:00
1711339200000,1.6591,1.702,1.6517,1.6672,37424439.1,2024-03-25 04:00:00+00:00
1711353600000,1.6671,1.7144,1.6657,1.6787,42529430.0,2024-03-25 08:00:00+00:00
1711368000000,1.6787,1.7354,1.6772,1.7288,47302320.2,2024-03-25 12:00:00+00:00
1711382400000,1.7288,1.752,1.7201,1.7379,35189495.9,2024-03-25 16:00:00+00:00
1711396800000,1.7378,1.7425,1.7036,1.725,28362892.1,2024-03-25 20:00:00+00:00
1711411200000,1.725,1.7463,1.7163,1.739,22694467.5,2024-03-26 00:00:00+00:00
1711425600000,1.739,1.7594,1.7288,1.7298,28944878.8,2024-03-26 04:00:00+00:00
1711440000000,1.73,1.7497,1.7269,1.7373,27316983.0,2024-03-26 08:00:00+00:00
1711454400000,1.7372,1.743,1.6733,1.6946,59670547.7,2024-03-26 12:00:00+00:00
1711468800000,1.6945,1.7036,1.6642,1.6851,37052033.9,2024-03-26 16:00:00+00:00
1711483200000,1.6852,1.7129,1.6848,1.7024,19912364.8,2024-03-26 20:00:00+00:00
1711497600000,1.7025,1.7355,1.6919,1.7338,29433579.7,2024-03-27 00:00:00+00:00
1711512000000,1.7338,1.7422,1.6744,1.6808,32783020.2,2024-03-27 04:00:00+00:00
1711526400000,1.6809,1.7,1.6568,1.6908,29949281.9,2024-03-27 08:00:00+00:00
1711540800000,1.6907,1.7319,1.6373,1.6439,81599324.7,2024-03-27 12:00:00+00:00
1711555200000,1.6439,1.6627,1.6269,1.6428,33896169.0,2024-03-27 16:00:00+00:00
1711569600000,1.6426,1.6637,1.6421,1.6562,22025388.2,2024-03-27 20:00:00+00:00
1711584000000,1.6563,1.6719,1.6291,1.6438,22636983.5,2024-03-28 00:00:00+00:00
1711598400000,1.6439,1.6948,1.6434,1.6945,23720938.6,2024-03-28 04:00:00+00:00
1711612800000,1.6945,1.6981,1.6736,1.6801,23737630.4,2024-03-28 08:00:00+00:00
1711627200000,1.6801,1.6872,1.6562,1.6766,29848685.2,2024-03-28 12:00:00+00:00
1711641600000,1.6767,1.68,1.6633,1.6772,14798662.8,2024-03-28 16:00:00+00:00
1711656000000,1.6771,1.6957,1.6615,1.6685,33593050.5,2024-03-28 20:00:00+00:00
1711670400000,1.6687,1.6709,1.6474,1.6567,22151882.2,2024-03-29 00:00:00+00:00
1711684800000,1.6567,1.6643,1.6206,1.6293,25085145.4,2024-03-29 04:00:00+00:00
1711699200000,1.6292,1.66,1.6276,1.6548,21595031.4,2024-03-29 08:00:00+00:00
1711713600000,1.6548,1.6611,1.6083,1.6259,31507301.2,2024-03-29 12:00:00+00:00
1711728000000,1.626,1.6398,1.6237,1.6394,15579883.4,2024-03-29 16:00:00+00:00
1711742400000,1.6393,1.6498,1.6202,1.6454,13350550.4,2024-03-29 20:00:00+00:00
1711756800000,1.6453,1.6633,1.6416,1.649,12598624.7,2024-03-30 00:00:00+00:00
1711771200000,1.6489,1.6795,1.6456,1.6499,20536014.4,2024-03-30 04:00:00+00:00
1711785600000,1.6499,1.6793,1.6425,1.678,15406810.7,2024-03-30 08:00:00+00:00
1711800000000,1.678,1.6794,1.6551,1.6625,15402978.9,2024-03-30 12:00:00+00:00
1711814400000,1.6625,1.6698,1.6409,1.6557,16923279.2,2024-03-30 16:00:00+00:00
1711828800000,1.6557,1.659,1.6326,1.643,14558786.5,2024-03-30 20:00:00+00:00
1711843200000,1.6429,1.6518,1.6345,1.6388,12756830.0,2024-03-31 00:00:00+00:00
1711857600000,1.6389,1.6935,1.6337,1.6819,27034477.6,2024-03-31 04:00:00+00:00
1711872000000,1.6819,1.6874,1.6473,1.6534,19335174.2,2024-03-31 08:00:00+00:00
1711886400000,1.6534,1.66,1.6457,1.6474,13159867.4,2024-03-31 12:00:00+00:00
1711900800000,1.6474,1.6578,1.6414,1.6557,13910179.1,2024-03-31 16:00:00+00:00
1711915200000,1.6558,1.6664,1.6458,1.6639,11853648.8,2024-03-31 20:00:00+00:00
1711929600000,1.6638,1.6648,1.6419,1.6469,17759914.8,2024-04-01 00:00:00+00:00
1711944000000,1.6469,1.6491,1.5494,1.6102,68377470.5,2024-04-01 04:00:00+00:00
1711958400000,1.6102,1.6104,1.5865,1.5963,25573100.7,2024-04-01 08:00:00+00:00
1711972800000,1.5963,1.6119,1.543,1.5507,48145086.0,2024-04-01 12:00:00+00:00
1711987200000,1.5507,1.5707,1.5316,1.57,31635544.8,2024-04-01 16:00:00+00:00
1712001600000,1.5701,1.5751,1.5603,1.569,14346381.6,2024-04-01 20:00:00+00:00
1712016000000,1.5689,1.569,1.4434,1.4979,73621169.7,2024-04-02 00:00:00+00:00
1712030400000,1.4978,1.5031,1.4646,1.4775,45387205.2,2024-04-02 04:00:00+00:00
1712044800000,1.4776,1.4825,1.431,1.4569,65954978.5,2024-04-02 08:00:00+00:00
1712059200000,1.457,1.4825,1.4372,1.4451,51320259.1,2024-04-02 12:00:00+00:00
1712073600000,1.4453,1.4768,1.439,1.4634,53035267.3,2024-04-02 16:00:00+00:00
1712088000000,1.4633,1.4706,1.4449,1.4493,22512600.2,2024-04-02 20:00:00+00:00
1712102400000,1.4494,1.4811,1.3996,1.4745,56830330.6,2024-04-03 00:00:00+00:00
1712116800000,1.4745,1.4865,1.4646,1.479,25409304.8,2024-04-03 04:00:00+00:00
1712131200000,1.479,1.5059,1.4681,1.4766,40865771.6,2024-04-03 08:00:00+00:00
1712145600000,1.4767,1.4855,1.4533,1.4587,28262530.0,2024-04-03 12:00:00+00:00
1712160000000,1.4587,1.4867,1.4468,1.4631,33111134.3,2024-04-03 16:00:00+00:00
1712174400000,1.4632,1.4848,1.4394,1.4804,23699859.4,2024-04-03 20:00:00+00:00
1712188800000,1.4803,1.4976,1.4584,1.4642,28732942.4,2024-04-04 00:00:00+00:00
1712203200000,1.4642,1.4828,1.436,1.4732,30307514.2,2024-04-04 04:00:00+00:00
1712217600000,1.4733,1.4868,1.472,1.4795,16771032.1,2024-04-04 08:00:00+00:00
1712232000000,1.4794,1.5055,1.4783,1.483,29234198.0,2024-04-04 12:00:00+00:00
1712246400000,1.483,1.5131,1.48,1.4839,24797137.1,2024-04-04 16:00:00+00:00
1712260800000,1.4839,1.4856,1.4486,1.4604,27364398.8,2024-04-04 20:00:00+00:00
1712275200000,1.4604,1.4636,1.4212,1.448,25940734.1,2024-04-05 00:00:00+00:00
1712289600000,1.4479,1.4497,1.4113,1.4316,25083928.1,2024-04-05 04:00:00+00:00
1712304000000,1.4316,1.4435,1.393,1.398,33826220.7,2024-04-05 08:00:00+00:00
1712318400000,1.398,1.4407,1.382,1.4389,48616426.8,2024-04-05 12:00:00+00:00
1712332800000,1.4388,1.4451,1.4246,1.4344,30046793.1,2024-04-05 16:00:00+00:00
1712347200000,1.4344,1.4458,1.4315,1.4342,11648162.4,2024-04-05 20:00:00+00:00
1712361600000,1.4342,1.4497,1.427,1.4447,14258937.8,2024-04-06 00:00:00+00:00
1712376000000,1.4448,1.4626,1.4406,1.4561,13693127.5,2024-04-06 04:00:00+00:00
1712390400000,1.4561,1.4896,1.4558,1.4854,24659323.8,2024-04-06 08:00:00+00:00
1712404800000,1.4852,1.4888,1.462,1.4771,22269501.2,2024-04-06 12:00:00+00:00
1712419200000,1.4772,1.4834,1.4719,1.4797,12274983.5,2024-04-06 16:00:00+00:00
1712433600000,1.4797,1.5034,1.4758,1.4883,16589368.8,2024-04-06 20:00:00+00:00
1712448000000,1.4883,1.5064,1.4851,1.4964,13982806.1,2024-04-07 00:00:00+00:00
1712462400000,1.4964,1.5026,1.487,1.4931,13221302.5,2024-04-07 04:00:00+00:00
1712476800000,1.4932,1.5017,1.4872,1.4986,12819918.2,2024-04-07 08:00:00+00:00
1712491200000,1.4986,1.5077,1.488,1.4906,21022057.1,2024-04-07 12:00:00+00:00
1712505600000,1.4906,1.5046,1.4812,1.4848,17113471.6,2024-04-07 16:00:00+00:00
1712520000000,1.4848,1.533,1.4831,1.5298,24105786.0,2024-04-07 20:00:00+00:00
1712534400000,1.5299,1.5306,1.4922,1.4964,21315348.6,2024-04-08 00:00:00+00:00
1712548800000,1.4963,1.5235,1.4942,1.5207,19315864.3,2024-04-08 04:00:00+00:00
1712563200000,1.5207,1.5726,1.5187,1.5658,44796504.6,2024-04-08 08:00:00+00:00
1712577600000,1.5658,1.5758,1.5399,1.5495,32332507.3,2024-04-08 12:00:00+00:00
1712592000000,1.5496,1.5714,1.5456,1.5704,18936692.3,2024-04-08 16:00:00+00:00
1712606400000,1.5707,1.5802,1.5594,1.571,13285425.1,2024-04-08 20:00:00+00:00
1712620800000,1.571,1.5932,1.5555,1.559,32191708.2,2024-04-09 00:00:00+00:00
1712635200000,1.559,1.5769,1.5276,1.5372,32199573.5,2024-04-09 04:00:00+00:00
1712649600000,1.5371,1.58,1.5084,1.5718,48098298.1,2024-04-09 08:00:00+00:00
1712664000000,1.5717,1.5849,1.5029,1.5372,50234578.0,2024-04-09 12:00:00+00:00
1712678400000,1.5372,1.5462,1.5057,1.5268,25925984.4,2024-04-09 16:00:00+00:00
1712692800000,1.5267,1.5309,1.4751,1.4849,25849880.8,2024-04-09 20:00:00+00:00
1712707200000,1.4849,1.4994,1.4451,1.4705,42221653.1,2024-04-10 00:00:00+00:00
1712721600000,1.4704,1.4916,1.4663,1.481,19758375.2,2024-04-10 04:00:00+00:00
1712736000000,1.4811,1.4829,1.455,1.4665,25947092.0,2024-04-10 08:00:00+00:00
1712750400000,1.4665,1.4702,1.4073,1.4541,50718481.0,2024-04-10 12:00:00+00:00
1712764800000,1.4542,1.481,1.4482,1.4659,25913359.7,2024-04-10 16:00:00+00:00
1712779200000,1.466,1.4801,1.4526,1.4675,14693073.0,2024-04-10 20:00:00+00:00
1712793600000,1.4675,1.4696,1.4548,1.4693,16766791.7,2024-04-11 00:00:00+00:00
1712808000000,1.4693,1.4832,1.4519,1.4749,20769273.9,2024-04-11 04:00:00+00:00
1712822400000,1.4749,1.4833,1.4285,1.4334,25808667.3,2024-04-11 08:00:00+00:00
1712836800000,1.4335,1.4566,1.4149,1.4318,52829355.8,2024-04-11 12:00:00+00:00
1712851200000,1.4316,1.4366,1.4123,1.4282,23318242.2,2024-04-11 16:00:00+00:00
1712865600000,1.4281,1.4321,1.411,1.4193,12188446.6,2024-04-11 20:00:00+00:00
1712880000000,1.4194,1.4401,1.4167,1.4392,14083093.6,2024-04-12 00:00:00+00:00
1712894400000,1.4391,1.4429,1.4125,1.4139,13419321.2,2024-04-12 04:00:00+00:00
1712908800000,1.414,1.4248,1.4037,1.4176,18134306.0,2024-04-12 08:00:00+00:00
1712923200000,1.4176,1.4178,1.3664,1.3738,56212392.9,2024-04-12 12:00:00+00:00
1712937600000,1.3737,1.3781,0.9407,1.1102,332649147.4,2024-04-12 16:00:00+00:00
1712952000000,1.1101,1.1777,1.1013,1.1729,95276488.2,2024-04-12 20:00:00+00:00
1712966400000,1.1729,1.1805,1.1284,1.164,65580657.2,2024-04-13 00:00:00+00:00
1712980800000,1.1639,1.1767,1.1566,1.1581,29231794.9,2024-04-13 04:00:00+00:00
1712995200000,1.1584,1.1877,1.15,1.1663,38404039.1,2024-04-13 08:00:00+00:00
1713009600000,1.1662,1.1773,1.1487,1.1509,42411981.3,2024-04-13 12:00:00+00:00
1713024000000,1.1509,1.1581,0.9567,1.0036,188427369.0,2024-04-13 16:00:00+00:00
1713038400000,1.0032,1.0428,0.843,1.0308,303548145.3,2024-04-13 20:00:00+00:00
1713052800000,1.0309,1.0496,0.9946,1.0336,99841227.9,2024-04-14 00:00:00+00:00
1713067200000,1.0337,1.1305,1.0271,1.122,70419714.8,2024-04-14 04:00:00+00:00
1713081600000,1.122,1.1318,1.0872,1.0948,59176554.3,2024-04-14 08:00:00+00:00
1713096000000,1.0947,1.1505,1.0901,1.1331,80868191.8,2024-04-14 12:00:00+00:00
1713110400000,1.133,1.1679,1.102,1.1501,95889937.5,2024-04-14 16:00:00+00:00
1713124800000,1.1502,1.1887,1.1235,1.179,55939127.6,2024-04-14 20:00:00+00:00
1713139200000,1.179,1.179,1.1375,1.1505,42430096.8,2024-04-15 00:00:00+00:00
1713153600000,1.1505,1.2496,1.1347,1.2346,61097752.5,2024-04-15 04:00:00+00:00
1713168000000,1.2347,1.262,1.2225,1.2521,44816500.1,2024-04-15 08:00:00+00:00
1713182400000,1.2521,1.2692,1.1767,1.2081,77258900.8,2024-04-15 12:00:00+00:00
1713196800000,1.2081,1.2153,1.1182,1.1584,87215995.6,2024-04-15 16:00:00+00:00
1713211200000,1.1585,1.1706,1.1357,1.152,33260573.2,2024-04-15 20:00:00+00:00
1713225600000,1.1521,1.1547,1.1132,1.1228,45512978.9,2024-04-16 00:00:00+00:00
1713240000000,1.1229,1.1676,1.09,1.1524,62840288.1,2024-04-16 04:00:00+00:00
1713254400000,1.1524,1.1538,1.0976,1.1418,53429982.4,2024-04-16 08:00:00+00:00
1713268800000,1.1418,1.1428,1.0991,1.1032,53860465.1,2024-04-16 12:00:00+00:00
1713283200000,1.1032,1.1565,1.0968,1.151,49649433.4,2024-04-16 16:00:00+00:00
1713297600000,1.1509,1.17,1.1442,1.1536,28395556.0,2024-04-16 20:00:00+00:00
1713312000000,1.1535,1.1637,1.1401,1.1495,24429150.1,2024-04-17 00:00:00+00:00
1713326400000,1.1494,1.1709,1.1359,1.1448,25632831.0,2024-04-17 04:00:00+00:00
1713340800000,1.1448,1.1515,1.1165,1.1177,24492577.5,2024-04-17 08:00:00+00:00
1713355200000,1.1177,1.1319,1.0838,1.0927,83455823.3,2024-04-17 12:00:00+00:00
1713369600000,1.0927,1.1427,1.078,1.1229,66333685.7,2024-04-17 16:00:00+00:00
1713384000000,1.1229,1.1285,1.1023,1.1052,26433852.4,2024-04-17 20:00:00+00:00
1713398400000,1.1052,1.122,1.0789,1.1142,33508477.3,2024-04-18 00:00:00+00:00
1713412800000,1.1142,1.1416,1.1074,1.1148,36150688.2,2024-04-18 04:00:00+00:00
1713427200000,1.1149,1.1525,1.1051,1.1464,34884449.7,2024-04-18 08:00:00+00:00
1713441600000,1.1463,1.166,1.124,1.1505,42045543.6,2024-04-18 12:00:00+00:00
1713456000000,1.1505,1.1541,1.1223,1.1452,27890049.7,2024-04-18 16:00:00+00:00
1713470400000,1.1453,1.1507,1.1362,1.138,13679868.9,2024-04-18 20:00:00+00:00
1713484800000,1.138,1.138,1.0405,1.0942,66392595.9,2024-04-19 00:00:00+00:00
1713499200000,1.0942,1.1678,1.0929,1.1442,51612655.9,2024-04-19 04:00:00+00:00
1713513600000,1.1441,1.1599,1.139,1.1454,34945115.2,2024-04-19 08:00:00+00:00
1713528000000,1.1455,1.1558,1.1283,1.1388,31500897.0,2024-04-19 12:00:00+00:00
1713542400000,1.1388,1.1428,1.1185,1.1415,25902258.1,2024-04-19 16:00:00+00:00
1713556800000,1.1414,1.1456,1.1063,1.119,28821121.7,2024-04-19 20:00:00+00:00
1713571200000,1.1189,1.1317,1.1064,1.1255,28910196.0,2024-04-20 00:00:00+00:00
1713585600000,1.1254,1.1417,1.1236,1.1376,13863031.9,2024-04-20 04:00:00+00:00
1713600000000,1.1377,1.1379,1.1223,1.13,18582965.3,2024-04-20 08:00:00+00:00
1713614400000,1.1299,1.164,1.1283,1.1634,26375775.4,2024-04-20 12:00:00+00:00
1713628800000,1.1634,1.2094,1.1556,1.2031,43332648.7,2024-04-20 16:00:00+00:00
1713643200000,1.203,1.2222,1.2017,1.2153,22733721.5,2024-04-20 20:00:00+00:00
1713657600000,1.2152,1.2287,1.1921,1.2161,27110815.1,2024-04-21 00:00:00+00:00
1713672000000,1.216,1.2272,1.2092,1.2171,15553313.8,2024-04-21 04:00:00+00:00
1713686400000,1.2172,1.2211,1.1979,1.2045,19252483.9,2024-04-21 08:00:00+00:00
1713700800000,1.2046,1.2078,1.1821,1.196,22073321.9,2024-04-21 12:00:00+00:00
1713715200000,1.196,1.1972,1.1699,1.1829,28841070.9,2024-04-21 16:00:00+00:00
1713729600000,1.183,1.2018,1.1791,1.1887,16686109.3,2024-04-21 20:00:00+00:00
1713744000000,1.1886,1.221,1.1819,1.2146,27666050.9,2024-04-22 00:00:00+00:00
1713758400000,1.2146,1.2389,1.2125,1.2227,29095697.3,2024-04-22 04:00:00+00:00
1713772800000,1.2228,1.2276,1.2074,1.2096,22285213.4,2024-04-22 08:00:00+00:00
1713787200000,1.2096,1.2176,1.1938,1.2057,22866604.8,2024-04-22 12:00:00+00:00
1713801600000,1.2056,1.2178,1.195,1.2045,17977703.2,2024-04-22 16:00:00+00:00
1713816000000,1.2044,1.2181,1.2014,1.2082,12353156.5,2024-04-22 20:00:00+00:00
1713830400000,1.2081,1.22,1.1881,1.189,18427866.1,2024-04-23 00:00:00+00:00
1713844800000,1.1889,1.1962,1.1714,1.1775,21287945.5,2024-04-23 04:00:00+00:00
1713859200000,1.1774,1.1902,1.1711,1.1779,15401607.4,2024-04-23 08:00:00+00:00
1713873600000,1.1778,1.2137,1.1725,1.1883,27835457.4,2024-04-23 12:00:00+00:00
1713888000000,1.1883,1.1968,1.1776,1.1846,14953028.3,2024-04-23 16:00:00+00:00
1713902400000,1.1849,1.1859,1.1646,1.1781,20278329.9,2024-04-23 20:00:00+00:00
1713916800000,1.1782,1.1908,1.1716,1.1819,14787214.2,2024-04-24 00:00:00+00:00
1713931200000,1.182,1.2026,1.1802,1.1889,17277653.7,2024-04-24 04:00:00+00:00
1713945600000,1.1888,1.2003,1.177,1.1952,22169356.1,2024-04-24 08:00:00+00:00
1713960000000,1.1951,1.2007,1.1255,1.1296,69264383.1,2024-04-24 12:00:00+00:00
1713974400000,1.1295,1.1452,1.1074,1.1252,41188746.7,2024-04-24 16:00:00+00:00
1713988800000,1.1251,1.1291,1.0986,1.1151,44314008.2,2024-04-24 20:00:00+00:00
1714003200000,1.115,1.1234,1.0932,1.0991,28315525.3,2024-04-25 00:00:00+00:00
1714017600000,1.0992,1.1142,1.0783,1.0978,40081883.6,2024-04-25 04:00:00+00:00
1714032000000,1.0979,1.1058,1.0685,1.082,40797702.6,2024-04-25 08:00:00+00:00
1714046400000,1.0821,1.1031,1.0654,1.1019,34575180.7,2024-04-25 12:00:00+00:00
1714060800000,1.102,1.1086,1.0949,1.102,21037889.7,2024-04-25 16:00:00+00:00
1714075200000,1.102,1.1129,1.0869,1.0889,17510179.9,2024-04-25 20:00:00+00:00
1714089600000,1.0888,1.0923,1.0586,1.0786,34792619.8,2024-04-26 00:00:00+00:00
1714104000000,1.0787,1.0929,1.0718,1.0781,26231343.0,2024-04-26 04:00:00+00:00
1714118400000,1.0781,1.0883,1.0663,1.0697,23327048.7,2024-04-26 08:00:00+00:00
1714132800000,1.0696,1.0937,1.0512,1.0681,43401925.9,2024-04-26 12:00:00+00:00
1714147200000,1.0682,1.0821,1.0633,1.069,15686411.2,2024-04-26 16:00:00+00:00
1714161600000,1.0689,1.0816,1.059,1.0646,14078737.9,2024-04-26 20:00:00+00:00
1714176000000,1.0645,1.0734,0.9745,1.0526,79239357.5,2024-04-27 00:00:00+00:00
1714190400000,1.0525,1.0601,1.046,1.0474,18579900.1,2024-04-27 04:00:00+00:00
1714204800000,1.0474,1.0523,1.0325,1.0412,23136108.6,2024-04-27 08:00:00+00:00
1714219200000,1.0412,1.0599,1.0397,1.0448,21430313.5,2024-04-27 12:00:00+00:00
1714233600000,1.0449,1.1285,1.0408,1.1038,94304977.9,2024-04-27 16:00:00+00:00
1714248000000,1.1039,1.1266,1.0931,1.1249,29191097.0,2024-04-27 20:00:00+00:00
1714262400000,1.1249,1.1699,1.1148,1.1549,43956946.0,2024-04-28 00:00:00+00:00
1714276800000,1.1548,1.1645,1.1424,1.1542,30128983.5,2024-04-28 04:00:00+00:00
1714291200000,1.1543,1.157,1.111,1.1164,38436306.3,2024-04-28 08:00:00+00:00
1714305600000,1.1163,1.1444,1.115,1.1412,39426211.7,2024-04-28 12:00:00+00:00
1714320000000,1.1412,1.1481,1.1315,1.1339,24964520.0,2024-04-28 16:00:00+00:00
1714334400000,1.1339,1.1361,1.095,1.1008,29100074.9,2024-04-28 20:00:00+00:00
1714348800000,1.1008,1.1107,1.0671,1.0704,47215310.3,2024-04-29 00:00:00+00:00
1714363200000,1.0708,1.0857,1.0468,1.059,43273829.9,2024-04-29 04:00:00+00:00
1714377600000,1.0589,1.0668,1.0485,1.0532,33077856.7,2024-04-29 08:00:00+00:00
1714392000000,1.0531,1.0666,1.0432,1.063,45292375.7,2024-04-29 12:00:00+00:00
1714406400000,1.0629,1.0661,1.0387,1.0497,34011938.3,2024-04-29 16:00:00+00:00
1714420800000,1.0498,1.0661,1.0331,1.0571,29391994.4,2024-04-29 20:00:00+00:00
1714435200000,1.0571,1.0698,1.035,1.0395,35924474.0,2024-04-30 00:00:00+00:00
1714449600000,1.0395,1.0434,1.0282,1.0368,29238622.8,2024-04-30 04:00:00+00:00
1714464000000,1.0369,1.042,0.9908,0.9993,74958804.5,2024-04-30 08:00:00+00:00
1714478400000,0.9993,1.005,0.9772,0.9919,52640415.8,2024-04-30 12:00:00+00:00
1714492800000,0.992,0.994,0.965,0.9795,59288535.2,2024-04-30 16:00:00+00:00
1714507200000,0.9795,1.0326,0.9794,1.0218,50665977.4,2024-04-30 20:00:00+00:00
1714521600000,1.0218,1.0257,1.0013,1.0222,42075751.8,2024-05-01 00:00:00+00:00
1714536000000,1.0222,1.0403,0.9816,0.9932,65681977.0,2024-05-01 04:00:00+00:00
1714550400000,0.9932,1.0196,0.9689,1.0192,57069056.6,2024-05-01 08:00:00+00:00
1714564800000,1.0193,1.0405,1.0018,1.0146,54184316.7,2024-05-01 12:00:00+00:00
1714579200000,1.0145,1.0573,1.0021,1.0185,65726896.1,2024-05-01 16:00:00+00:00
1714593600000,1.0186,1.0363,1.0106,1.029,28296355.8,2024-05-01 20:00:00+00:00
1714608000000,1.0291,1.0345,1.0034,1.0134,30660538.3,2024-05-02 00:00:00+00:00
1714622400000,1.0135,1.0175,0.993,1.008,25667995.1,2024-05-02 04:00:00+00:00
1714636800000,1.008,1.0378,1.0063,1.0336,29463482.8,2024-05-02 08:00:00+00:00
1714651200000,1.0336,1.0404,1.0139,1.0348,44907894.1,2024-05-02 12:00:00+00:00
1714665600000,1.0348,1.0371,1.0207,1.0272,29723614.7,2024-05-02 16:00:00+00:00
1714680000000,1.0271,1.0405,1.0159,1.0282,31371940.5,2024-05-02 20:00:00+00:00
1714694400000,1.0281,1.0526,1.0232,1.0407,20860970.8,2024-05-03 00:00:00+00:00
1714708800000,1.0407,1.044,1.0179,1.0203,18956069.9,2024-05-03 04:00:00+00:00
1714723200000,1.0203,1.033,1.0158,1.0195,23213111.7,2024-05-03 08:00:00+00:00
1714737600000,1.0194,1.0656,1.017,1.0617,47689524.5,2024-05-03 12:00:00+00:00
1714752000000,1.0616,1.0763,1.0556,1.0624,29628170.0,2024-05-03 16:00:00+00:00
1714766400000,1.0623,1.0772,1.0607,1.0645,30181418.2,2024-05-03 20:00:00+00:00
1714780800000,1.0645,1.0776,1.0561,1.0647,19069961.4,2024-05-04 00:00:00+00:00
1714795200000,1.0647,1.0709,1.0592,1.0597,16874032.7,2024-05-04 04:00:00+00:00
1714809600000,1.0597,1.0862,1.0591,1.0699,29696871.5,2024-05-04 08:00:00+00:00
1714824000000,1.07,1.0796,1.0598,1.0679,24441283.4,2024-05-04 12:00:00+00:00
1714838400000,1.068,1.0763,1.0624,1.0748,17798398.0,2024-05-04 16:00:00+00:00
1714852800000,1.0748,1.0792,1.0589,1.0609,15694538.9,2024-05-04 20:00:00+00:00
1714867200000,1.0608,1.0628,1.036,1.0432,31216227.2,2024-05-05 00:00:00+00:00
1714881600000,1.0431,1.0496,1.0337,1.0468,16408334.4,2024-05-05 04:00:00+00:00
1714896000000,1.0468,1.0623,1.045,1.0543,25785506.3,2024-05-05 08:00:00+00:00
1714910400000,1.0542,1.0903,1.0442,1.0861,43827898.2,2024-05-05 12:00:00+00:00
1714924800000,1.086,1.0947,1.0667,1.0757,30438853.1,2024-05-05 16:00:00+00:00
1714939200000,1.0757,1.078,1.065,1.0702,14925379.7,2024-05-05 20:00:00+00:00
1714953600000,1.07,1.0864,1.0666,1.0708,20300222.3,2024-05-06 00:00:00+00:00
1714968000000,1.0708,1.1326,1.0682,1.1251,50101367.3,2024-05-06 04:00:00+00:00
1714982400000,1.1251,1.129,1.0869,1.0973,46883922.7,2024-05-06 08:00:00+00:00
1714996800000,1.0973,1.1002,1.0563,1.0732,57231598.4,2024-05-06 12:00:00+00:00
1715011200000,1.0733,1.0762,1.0529,1.0646,33222655.1,2024-05-06 16:00:00+00:00
1715025600000,1.0645,1.0739,1.0593,1.0596,14213591.6,2024-05-06 20:00:00+00:00
1715040000000,1.0596,1.0725,1.0403,1.0505,31357117.3,2024-05-07 00:00:00+00:00
1715054400000,1.0505,1.0598,1.0471,1.0573,19531760.3,2024-05-07 04:00:00+00:00
1715068800000,1.0574,1.0763,1.052,1.0539,28402863.6,2024-05-07 08:00:00+00:00
1715083200000,1.0538,1.0752,1.0496,1.0632,30153802.4,2024-05-07 12:00:00+00:00
1715097600000,1.0632,1.0679,1.0428,1.0513,26792446.8,2024-05-07 16:00:00+00:00
1715112000000,1.0513,1.055,1.024,1.0249,30837474.6,2024-05-07 20:00:00+00:00
1715126400000,1.0249,1.0312,1.01,1.0284,23883440.4,2024-05-08 00:00:00+00:00
1715140800000,1.0285,1.0327,1.0102,1.0146,26896256.7,2024-05-08 04:00:00+00:00
1715155200000,1.0145,1.022,1.007,1.0154,27445356.8,2024-05-08 08:00:00+00:00
1715169600000,1.0154,1.0424,1.0102,1.0331,46534432.0,2024-05-08 12:00:00+00:00
1715184000000,1.0332,1.0453,1.0243,1.0328,28557926.8,2024-05-08 16:00:00+00:00
1715198400000,1.0328,1.0375,1.0115,1.0278,36766682.5,2024-05-08 20:00:00+00:00
1715212800000,1.0278,1.0357,1.0252,1.0307,15566782.0,2024-05-09 00:00:00+00:00
1715227200000,1.0306,1.0364,1.0151,1.019,17220893.5,2024-05-09 04:00:00+00:00
1715241600000,1.019,1.0236,0.9977,1.0118,39463643.5,2024-05-09 08:00:00+00:00
1715256000000,1.0118,1.0291,1.0022,1.0272,34457508.3,2024-05-09 12:00:00+00:00
1715270400000,1.0271,1.0357,1.0222,1.031,19266178.4,2024-05-09 16:00:00+00:00
1715284800000,1.0311,1.0471,1.0272,1.0406,17516638.6,2024-05-09 20:00:00+00:00
1715299200000,1.0405,1.0428,1.0298,1.0377,16973034.9,2024-05-10 00:00:00+00:00
1715313600000,1.0376,1.0539,1.0369,1.0489,21621217.8,2024-05-10 04:00:00+00:00
1715328000000,1.049,1.0503,1.0387,1.049,15226799.1,2024-05-10 08:00:00+00:00
1715342400000,1.049,1.0511,1.0023,1.0082,62307384.5,2024-05-10 12:00:00+00:00
1715356800000,1.0082,1.0129,0.9904,0.9954,51422001.9,2024-05-10 16:00:00+00:00
1715371200000,0.9954,0.9986,0.9832,0.9945,24493403.3,2024-05-10 20:00:00+00:00
1715385600000,0.9945,1.0071,0.9925,0.9984,16888296.6,2024-05-11 00:00:00+00:00
1715400000000,0.9983,1.0039,0.9967,1.0029,12377707.1,2024-05-11 04:00:00+00:00
1715414400000,1.0029,1.0044,0.985,0.9934,19626173.9,2024-05-11 08:00:00+00:00
1715428800000,0.9933,1.0133,0.9929,1.0064,23681081.6,2024-05-11 12:00:00+00:00
1715443200000,1.0063,1.0106,1.0034,1.0081,13520675.0,2024-05-11 16:00:00+00:00
1715457600000,1.0081,1.0082,0.9971,1.0001,9364983.5,2024-05-11 20:00:00+00:00
1715472000000,1.0001,1.0052,0.9977,1.0012,7172185.2,2024-05-12 00:00:00+00:00
1715486400000,1.0012,1.0062,0.9927,0.9963,9605778.0,2024-05-12 04:00:00+00:00
1715500800000,0.9963,1.0079,0.9934,1.0025,11682471.1,2024-05-12 08:00:00+00:00
1715515200000,1.0025,1.0116,1.0011,1.0077,13681587.2,2024-05-12 12:00:00+00:00
1715529600000,1.0078,1.0115,0.9919,0.996,15860635.0,2024-05-12 16:00:00+00:00
1715544000000,0.9959,0.9992,0.9863,0.9969,10544128.6,2024-05-12 20:00:00+00:00
1715558400000,0.9968,1.0023,0.95,0.965,52162211.5,2024-05-13 00:00:00+00:00
1715572800000,0.965,0.9941,0.9555,0.9926,28712028.8,2024-05-13 04:00:00+00:00
1715587200000,0.9926,1.0047,0.9856,0.9924,31856446.0,2024-05-13 08:00:00+00:00
1715601600000,0.9923,0.9971,0.9872,0.9933,18807595.4,2024-05-13 12:00:00+00:00
1715616000000,0.9933,1.0011,0.9774,0.9883,24553903.4,2024-05-13 16:00:00+00:00
1715630400000,0.9883,0.9889,0.9764,0.9811,13950070.4,2024-05-13 20:00:00+00:00
1715644800000,0.9811,0.9873,0.9705,0.9804,17224183.2,2024-05-14 00:00:00+00:00
1715659200000,0.9803,0.9883,0.9583,0.9772,26231161.0,2024-05-14 04:00:00+00:00
1715673600000,0.9773,0.9779,0.9659,0.9685,14309218.0,2024-05-14 08:00:00+00:00
1715688000000,0.9685,0.9739,0.9452,0.9583,44356167.9,2024-05-14 12:00:00+00:00
1715702400000,0.9583,0.9594,0.9401,0.9407,23621288.5,2024-05-14 16:00:00+00:00
1715716800000,0.9407,0.9422,0.9311,0.9349,19596932.3,2024-05-14 20:00:00+00:00
1715731200000,0.9349,0.9462,0.927,0.9456,16376708.9,2024-05-15 00:00:00+00:00
1715745600000,0.9456,0.9465,0.9314,0.9407,14684785.0,2024-05-15 04:00:00+00:00
1715760000000,0.9407,0.9466,0.9233,0.9342,34220122.4,2024-05-15 08:00:00+00:00
1715774400000,0.9343,0.985,0.9326,0.9804,58291876.8,2024-05-15 12:00:00+00:00
1715788800000,0.9805,0.9953,0.975,0.9945,33625050.8,2024-05-15 16:00:00+00:00
1715803200000,0.9945,0.9976,0.9876,0.9933,19348535.8,2024-05-15 20:00:00+00:00
1715817600000,0.9933,0.9953,0.9825,0.9912,16767540.4,2024-05-16 00:00:00+00:00
1715832000000,0.9912,0.999,0.9832,0.9961,12903287.6,2024-05-16 04:00:00+00:00
1715846400000,0.996,0.998,0.977,0.9827,22679507.1,2024-05-16 08:00:00+00:00
1715860800000,0.9826,0.9827,0.9508,0.9646,48284183.4,2024-05-16 12:00:00+00:00
1715875200000,0.9646,0.974,0.9558,0.9703,23009319.4,2024-05-16 16:00:00+00:00
1715889600000,0.9702,0.9742,0.9605,0.971,11910108.5,2024-05-16 20:00:00+00:00
1715904000000,0.971,0.9825,0.9666,0.9777,14384748.5,2024-05-17 00:00:00+00:00
1715918400000,0.9776,1.0095,0.9708,1.0038,24650652.6,2024-05-17 04:00:00+00:00
1715932800000,1.0038,1.0151,0.9989,1.0137,28059866.0,2024-05-17 08:00:00+00:00
1715947200000,1.0137,1.06,1.0059,1.055,63476743.6,2024-05-17 12:00:00+00:00
1715961600000,1.0551,1.0734,1.0327,1.0366,55555271.4,2024-05-17 16:00:00+00:00
1715976000000,1.0365,1.0399,1.0242,1.03,20854894.2,2024-05-17 20:00:00+00:00
1715990400000,1.03,1.0333,1.0188,1.03,26002351.9,2024-05-18 00:00:00+00:00
1716004800000,1.0299,1.0313,1.0179,1.0197,16647986.8,2024-05-18 04:00:00+00:00
1716019200000,1.0196,1.0331,1.0187,1.0235,20906710.6,2024-05-18 08:00:00+00:00
1716033600000,1.0235,1.0238,1.0025,1.012,37801347.1,2024-05-18 12:00:00+00:00
1716048000000,1.0119,1.0177,1.0091,1.0153,11996644.0,2024-05-18 16:00:00+00:00
1716062400000,1.0151,1.0229,1.0129,1.0176,16928525.9,2024-05-18 20:00:00+00:00
1716076800000,1.0175,1.0281,1.0127,1.0204,14450098.5,2024-05-19 00:00:00+00:00
1716091200000,1.0204,1.0206,1.005,1.0112,15579063.4,2024-05-19 04:00:00+00:00
1716105600000,1.0111,1.0125,0.9963,1.0047,25740251.8,2024-05-19 08:00:00+00:00
1716120000000,1.0047,1.0049,0.9772,0.9882,36843384.0,2024-05-19 12:00:00+00:00
1716134400000,0.9882,0.9883,0.9722,0.9739,28734086.6,2024-05-19 16:00:00+00:00
1716148800000,0.9738,0.9776,0.9624,0.9711,15567374.3,2024-05-19 20:00:00+00:00
1716163200000,0.9711,0.9742,0.9468,0.9686,30098995.6,2024-05-20 00:00:00+00:00
1716177600000,0.9685,0.9921,0.96,0.9762,43747003.6,2024-05-20 04:00:00+00:00
1716192000000,0.9762,0.9815,0.9699,0.9736,23849319.7,2024-05-20 08:00:00+00:00
1716206400000,0.9735,0.9854,0.9661,0.9834,36168921.2,2024-05-20 12:00:00+00:00
1716220800000,0.9833,1.0754,0.9825,1.0706,103990384.3,2024-05-20 16:00:00+00:00
1716235200000,1.0707,1.1289,1.0643,1.1273,128019811.4,2024-05-20 20:00:00+00:00
1716249600000,1.1273,1.1698,1.1272,1.1572,93390173.8,2024-05-21 00:00:00+00:00
1716264000000,1.1572,1.1621,1.1215,1.1571,55625183.5,2024-05-21 04:00:00+00:00
1716278400000,1.1571,1.2294,1.1353,1.2095,90695810.0,2024-05-21 08:00:00+00:00
1716292800000,1.2095,1.2354,1.1886,1.1937,129140401.8,2024-05-21 12:00:00+00:00
1716307200000,1.1937,1.2223,1.1599,1.1697,77906173.4,2024-05-21 16:00:00+00:00
1716321600000,1.1697,1.2088,1.1676,1.2035,39477231.6,2024-05-21 20:00:00+00:00
1716336000000,1.2035,1.2131,1.1828,1.1898,27663224.3,2024-05-22 00:00:00+00:00
1716350400000,1.1897,1.1902,1.1563,1.1752,30930413.3,2024-05-22 04:00:00+00:00
1716364800000,1.1752,1.1828,1.1475,1.1481,50688472.0,2024-05-22 08:00:00+00:00
1716379200000,1.1482,1.1563,1.1081,1.1476,92542109.6,2024-05-22 12:00:00+00:00
1716393600000,1.1477,1.159,1.1276,1.1422,35589911.4,2024-05-22 16:00:00+00:00
1716408000000,1.1422,1.1572,1.1333,1.1421,24284631.0,2024-05-22 20:00:00+00:00
1716422400000,1.1421,1.1642,1.1393,1.1573,27739148.7,2024-05-23 00:00:00+00:00
1716436800000,1.1573,1.1888,1.1498,1.181,42506076.1,2024-05-23 04:00:00+00:00
1716451200000,1.181,1.2408,1.1701,1.2366,76927775.0,2024-05-23 08:00:00+00:00
1716465600000,1.2366,1.2605,1.1285,1.1937,194847499.1,2024-05-23 12:00:00+00:00
1716480000000,1.1936,1.2079,1.1537,1.1903,83216506.1,2024-05-23 16:00:00+00:00
1716494400000,1.1904,1.2551,1.0997,1.2036,185871646.8,2024-05-23 20:00:00+00:00
1716508800000,1.2035,1.2357,1.1834,1.2208,59539804.3,2024-05-24 00:00:00+00:00
1716523200000,1.2207,1.2263,1.1376,1.1473,65643207.9,2024-05-24 04:00:00+00:00
1716537600000,1.1473,1.1597,1.1235,1.1549,40856253.3,2024-05-24 08:00:00+00:00
1716552000000,1.155,1.1761,1.1495,1.1567,46613004.1,2024-05-24 12:00:00+00:00
1716566400000,1.1568,1.1793,1.142,1.1732,35006393.8,2024-05-24 16:00:00+00:00
1716580800000,1.1732,1.1769,1.1536,1.1584,16493064.7,2024-05-24 20:00:00+00:00
1716595200000,1.1584,1.1826,1.1482,1.1816,27342102.8,2024-05-25 00:00:00+00:00
1716609600000,1.1817,1.2107,1.1807,1.2008,44669531.4,2024-05-25 04:00:00+00:00
1716624000000,1.2008,1.208,1.1887,1.1912,29972066.7,2024-05-25 08:00:00+00:00
1716638400000,1.1913,1.2045,1.182,1.2004,29002114.7,2024-05-25 12:00:00+00:00
1716652800000,1.2004,1.2053,1.1908,1.1993,17500264.2,2024-05-25 16:00:00+00:00
1716667200000,1.1994,1.2004,1.1803,1.192,14359712.1,2024-05-25 20:00:00+00:00
1716681600000,1.192,1.2036,1.1776,1.1985,29327418.2,2024-05-26 00:00:00+00:00
1716696000000,1.1984,1.2055,1.1801,1.1977,21421157.4,2024-05-26 04:00:00+00:00
1716710400000,1.1976,1.2221,1.1907,1.2104,59819270.8,2024-05-26 08:00:00+00:00
1716724800000,1.2104,1.2303,1.1798,1.2111,70576301.5,2024-05-26 12:00:00+00:00
1716739200000,1.2111,1.2321,1.1975,1.2207,48104882.5,2024-05-26 16:00:00+00:00
1716753600000,1.2208,1.2211,1.1917,1.1935,20776263.3,2024-05-26 20:00:00+00:00
1716768000000,1.1935,1.2707,1.1928,1.2591,65075652.7,2024-05-27 00:00:00+00:00
1716782400000,1.259,1.2766,1.2471,1.2542,56602926.6,2024-05-27 04:00:00+00:00
1716796800000,1.2542,1.2696,1.2275,1.2327,43514723.6,2024-05-27 08:00:00+00:00
1716811200000,1.2327,1.2551,1.2228,1.2486,44649755.8,2024-05-27 12:00:00+00:00
1716825600000,1.2486,1.2538,1.2134,1.2208,29991798.7,2024-05-27 16:00:00+00:00
1716840000000,1.2209,1.2403,1.2184,1.2308,18125000.3,2024-05-27 20:00:00+00:00
1716854400000,1.2307,1.231,1.1879,1.1933,46101220.0,2024-05-28 00:00:00+00:00
1716868800000,1.1933,1.1942,1.17,1.1812,31753138.6,2024-05-28 04:00:00+00:00
1716883200000,1.1812,1.2254,1.1798,1.2124,41034164.0,2024-05-28 08:00:00+00:00
1716897600000,1.2125,1.2253,1.1912,1.2084,47686098.8,2024-05-28 12:00:00+00:00
1716912000000,1.2084,1.2132,1.1794,1.2098,36524086.6,2024-05-28 16:00:00+00:00
1716926400000,1.2099,1.2122,1.2003,1.2009,13416967.0,2024-05-28 20:00:00+00:00
1716940800000,1.2009,1.2118,1.1852,1.1944,25779098.5,2024-05-29 00:00:00+00:00
1716955200000,1.1944,1.2079,1.1756,1.178,30542176.3,2024-05-29 04:00:00+00:00
1716969600000,1.1779,1.1841,1.1614,1.1762,33609298.9,2024-05-29 08:00:00+00:00
1716984000000,1.1761,1.1855,1.1509,1.1539,42697454.1,2024-05-29 12:00:00+00:00
1716998400000,1.1539,1.1667,1.1448,1.153,21070090.3,2024-05-29 16:00:00+00:00
1717012800000,1.1529,1.1554,1.1404,1.1416,16448503.1,2024-05-29 20:00:00+00:00
1717027200000,1.1415,1.1568,1.1356,1.1526,21214430.9,2024-05-30 00:00:00+00:00
1717041600000,1.1527,1.1576,1.1105,1.1169,44307167.2,2024-05-30 04:00:00+00:00
1717056000000,1.117,1.1408,1.1071,1.133,32971024.2,2024-05-30 08:00:00+00:00
1717070400000,1.133,1.1515,1.1325,1.1437,28015049.1,2024-05-30 12:00:00+00:00
1717084800000,1.1437,1.1579,1.1378,1.1397,19277876.0,2024-05-30 16:00:00+00:00
1717099200000,1.1398,1.1398,1.1251,1.1291,16906787.3,2024-05-30 20:00:00+00:00
1717113600000,1.1291,1.139,1.1203,1.1373,13307015.2,2024-05-31 00:00:00+00:00
1717128000000,1.1373,1.1398,1.1177,1.126,15499982.2,2024-05-31 04:00:00+00:00
1717142400000,1.1259,1.1513,1.1236,1.1473,21478684.4,2024-05-31 08:00:00+00:00
1717156800000,1.1472,1.167,1.121,1.122,43546505.7,2024-05-31 12:00:00+00:00
1717171200000,1.122,1.134,1.1093,1.1291,28579239.4,2024-05-31 16:00:00+00:00
1717185600000,1.1291,1.1397,1.1168,1.12,17481005.5,2024-05-31 20:00:00+00:00
1717200000000,1.12,1.1309,1.1155,1.1287,11332448.2,2024-06-01 00:00:00+00:00
1717214400000,1.1287,1.1302,1.122,1.1232,8415364.5,2024-06-01 04:00:00+00:00
1717228800000,1.1232,1.1312,1.1211,1.123,10479419.7,2024-06-01 08:00:00+00:00
1717243200000,1.123,1.134,1.1212,1.1282,11122706.6,2024-06-01 12:00:00+00:00
1717257600000,1.1283,1.132,1.1239,1.129,10141467.3,2024-06-01 16:00:00+00:00
1717272000000,1.1289,1.1411,1.1281,1.1341,11399006.4,2024-06-01 20:00:00+00:00
1717286400000,1.1341,1.1449,1.1258,1.1307,17729744.3,2024-06-02 00:00:00+00:00
1717300800000,1.1306,1.1368,1.1203,1.1205,13679395.9,2024-06-02 04:00:00+00:00
1717315200000,1.1205,1.1263,1.1108,1.1248,21498163.6,2024-06-02 08:00:00+00:00
1717329600000,1.1248,1.1292,1.1151,1.1245,14639399.3,2024-06-02 12:00:00+00:00
1717344000000,1.1246,1.1272,1.091,1.1094,31031989.8,2024-06-02 16:00:00+00:00
1717358400000,1.1093,1.1157,1.1026,1.1134,12840687.7,2024-06-02 20:00:00+00:00
1717372800000,1.1134,1.1284,1.1,1.1226,23532639.5,2024-06-03 00:00:00+00:00
1717387200000,1.1226,1.1385,1.1135,1.1326,18280428.9,2024-06-03 04:00:00+00:00
1717401600000,1.1326,1.1413,1.1249,1.1278,13918715.2,2024-06-03 08:00:00+00:00
1717416000000,1.1279,1.1393,1.1136,1.1275,25618738.3,2024-06-03 12:00:00+00:00
1717430400000,1.1276,1.1296,1.1121,1.1153,16153367.6,2024-06-03 16:00:00+00:00
1717444800000,1.1154,1.1191,1.1023,1.1058,14444531.6,2024-06-03 20:00:00+00:00
1717459200000,1.1059,1.1159,1.0966,1.1098,19633536.1,2024-06-04 00:00:00+00:00
1717473600000,1.1098,1.1103,1.0934,1.0973,15874933.8,2024-06-04 04:00:00+00:00
1717488000000,1.0973,1.1027,1.071,1.0811,48088689.3,2024-06-04 08:00:00+00:00
1717502400000,1.0811,1.1091,1.0775,1.1055,34889797.1,2024-06-04 12:00:00+00:00
1717516800000,1.1054,1.117,1.0982,1.1048,23360012.9,2024-06-04 16:00:00+00:00
1717531200000,1.1049,1.1097,1.1008,1.1084,9244196.7,2024-06-04 20:00:00+00:00
1717545600000,1.1084,1.1227,1.1084,1.1155,15626487.9,2024-06-05 00:00:00+00:00
1717560000000,1.1154,1.1264,1.1105,1.1251,17159122.3,2024-06-05 04:00:00+00:00
1717574400000,1.125,1.126,1.1072,1.1115,21723456.2,2024-06-05 08:00:00+00:00
1717588800000,1.1114,1.1206,1.1015,1.1191,24927179.5,2024-06-05 12:00:00+00:00
1717603200000,1.1191,1.1396,1.1151,1.1332,26214874.6,2024-06-05 16:00:00+00:00
1717617600000,1.1331,1.1372,1.1181,1.1248,10642231.5,2024-06-05 20:00:00+00:00
1717632000000,1.1247,1.1251,1.1155,1.1158,8691870.1,2024-06-06 00:00:00+00:00
1717646400000,1.1157,1.1206,1.1049,1.1097,22173556.9,2024-06-06 04:00:00+00:00
1717660800000,1.1096,1.1104,1.1053,1.1096,13776592.4,2024-06-06 08:00:00+00:00
1717675200000,1.1096,1.116,1.1041,1.1078,20791958.4,2024-06-06 12:00:00+00:00
1717689600000,1.1077,1.1113,1.0824,1.0865,26019127.1,2024-06-06 16:00:00+00:00
1717704000000,1.0864,1.0935,1.0747,1.0891,15392490.9,2024-06-06 20:00:00+00:00
1717718400000,1.089,1.0912,1.0788,1.0869,9328031.6,2024-06-07 00:00:00+00:00
1717732800000,1.0868,1.0991,1.0853,1.0937,11880772.8,2024-06-07 04:00:00+00:00
1717747200000,1.094,1.1064,1.0844,1.1017,15089657.7,2024-06-07 08:00:00+00:00
1717761600000,1.1018,1.1055,1.0758,1.0955,38323175.0,2024-06-07 12:00:00+00:00
1717776000000,1.0954,1.0973,0.8892,0.9763,193924502.0,2024-06-07 16:00:00+00:00
1717790400000,0.9763,1.0012,0.9687,0.9986,28800837.8,2024-06-07 20:00:00+00:00
1717804800000,0.9986,1.0076,0.9942,1.0012,17876218.3,2024-06-08 00:00:00+00:00
1717819200000,1.0012,1.0016,0.9838,1.0008,25196132.1,2024-06-08 04:00:00+00:00
1717833600000,1.0007,1.0017,0.9644,0.9692,30809413.4,2024-06-08 08:00:00+00:00
1717848000000,0.9692,0.9736,0.9509,0.9666,45302001.5,2024-06-08 12:00:00+00:00
1717862400000,0.9665,0.971,0.9513,0.9627,32367316.5,2024-06-08 16:00:00+00:00
1717876800000,0.9627,0.969,0.9528,0.9679,14244755.0,2024-06-08 20:00:00+00:00
1717891200000,0.9678,0.9699,0.9564,0.9634,13891341.5,2024-06-09 00:00:00+00:00
1717905600000,0.9634,0.9797,0.957,0.9749,16398341.7,2024-06-09 04:00:00+00:00
1717920000000,0.9749,0.9794,0.9711,0.9752,12355152.0,2024-06-09 08:00:00+00:00
1717934400000,0.9751,0.9883,0.9718,0.9769,31289180.5,2024-06-09 12:00:00+00:00
1717948800000,0.9768,0.9871,0.9754,0.9837,9699632.3,2024-06-09 16:00:00+00:00
1717963200000,0.9837,0.9852,0.9774,0.9793,8160579.8,2024-06-09 20:00:00+00:00
1717977600000,0.9793,0.9795,0.962,0.9655,17413596.2,2024-06-10 00:00:00+00:00
1717992000000,0.9654,0.9677,0.9455,0.9485,23428200.7,2024-06-10 04:00:00+00:00
1718006400000,0.9484,0.9719,0.9482,0.9668,19076002.4,2024-06-10 08:00:00+00:00
1718020800000,0.9668,0.9836,0.9553,0.9791,22666694.5,2024-06-10 12:00:00+00:00
1718035200000,0.9791,0.9807,0.9576,0.9596,16141763.0,2024-06-10 16:00:00+00:00
1718049600000,0.9596,0.9636,0.9506,0.96,12439732.4,2024-06-10 20:00:00+00:00
1718064000000,0.9599,0.9643,0.913,0.949,51897842.3,2024-06-11 00:00:00+00:00
1718078400000,0.9489,0.9546,0.9343,0.9427,27692408.7,2024-06-11 04:00:00+00:00
1718092800000,0.9426,0.9507,0.933,0.9367,23909312.9,2024-06-11 08:00:00+00:00
1718107200000,0.9367,0.9456,0.9115,0.9254,58907935.9,2024-06-11 12:00:00+00:00
1718121600000,0.9254,0.9383,0.9124,0.9362,35883047.8,2024-06-11 16:00:00+00:00
1718136000000,0.9364,0.9405,0.9323,0.9375,9225691.1,2024-06-11 20:00:00+00:00
1718150400000,0.9375,0.9408,0.9123,0.9402,22628960.6,2024-06-12 00:00:00+00:00
1718164800000,0.9401,0.9461,0.9355,0.9416,12583886.8,2024-06-12 04:00:00+00:00
1718179200000,0.9416,0.9548,0.9382,0.9461,14591618.1,2024-06-12 08:00:00+00:00
1718193600000,0.9461,0.993,0.9454,0.9866,42743435.4,2024-06-12 12:00:00+00:00
1718208000000,0.9866,0.9987,0.9504,0.9575,52909614.5,2024-06-12 16:00:00+00:00
1718222400000,0.9575,0.9761,0.9544,0.9733,12563707.8,2024-06-12 20:00:00+00:00
1718236800000,0.9732,0.9738,0.9381,0.9505,28183744.7,2024-06-13 00:00:00+00:00
1718251200000,0.9504,0.9551,0.9401,0.9457,15027228.4,2024-06-13 04:00:00+00:00
1718265600000,0.9457,0.9479,0.9352,0.939,17268931.8,2024-06-13 08:00:00+00:00
1718280000000,0.939,0.9524,0.9227,0.9261,48092559.3,2024-06-13 12:00:00+00:00
1718294400000,0.926,0.9525,0.9215,0.9479,27960858.6,2024-06-13 16:00:00+00:00
1718308800000,0.9479,0.951,0.9347,0.9369,10747401.9,2024-06-13 20:00:00+00:00
1718323200000,0.9368,0.946,0.9288,0.9387,18862505.1,2024-06-14 00:00:00+00:00
1718337600000,0.9386,0.9532,0.9386,0.9488,19475753.8,2024-06-14 04:00:00+00:00
1718352000000,0.9488,0.9541,0.9428,0.9481,12398119.7,2024-06-14 08:00:00+00:00
1718366400000,0.9481,0.9508,0.9245,0.9273,23368372.1,2024-06-14 12:00:00+00:00
1718380800000,0.9273,0.9284,0.8696,0.8932,74247288.2,2024-06-14 16:00:00+00:00
1718395200000,0.8932,0.9256,0.8928,0.912,25747873.3,2024-06-14 20:00:00+00:00
1718409600000,0.9121,0.9231,0.9116,0.9189,13836206.7,2024-06-15 00:00:00+00:00
1718424000000,0.9189,0.9363,0.9156,0.9284,15439714.8,2024-06-15 04:00:00+00:00
1718438400000,0.9284,0.9313,0.9179,0.9223,12018193.3,2024-06-15 08:00:00+00:00
1718452800000,0.9223,0.9385,0.9193,0.93,15754841.1,2024-06-15 12:00:00+00:00
1718467200000,0.93,0.9317,0.92,0.923,10533356.1,2024-06-15 16:00:00+00:00
1718481600000,0.923,0.9242,0.9149,0.922,7922478.8,2024-06-15 20:00:00+00:00
1718496000000,0.922,0.9223,0.9071,0.9095,12332405.9,2024-06-16 00:00:00+00:00
1718510400000,0.9094,0.9193,0.8998,0.9149,11493679.3,2024-06-16 04:00:00+00:00
1718524800000,0.9148,0.9212,0.9113,0.9156,8642798.4,2024-06-16 08:00:00+00:00
1718539200000,0.9155,0.9316,0.9146,0.9254,14023899.6,2024-06-16 12:00:00+00:00
1718553600000,0.9254,0.9263,0.9201,0.9229,8134672.0,2024-06-16 16:00:00+00:00
1718568000000,0.9228,0.9372,0.9194,0.9242,13395124.2,2024-06-16 20:00:00+00:00
1718582400000,0.9241,0.9295,0.9001,0.9031,20511195.5,2024-06-17 00:00:00+00:00
1718596800000,0.9031,0.9104,0.8808,0.8871,24384854.6,2024-06-17 04:00:00+00:00
1718611200000,0.8872,0.8901,0.8605,0.8786,47510355.3,2024-06-17 08:00:00+00:00
1718625600000,0.8784,0.8805,0.8585,0.8627,27724910.9,2024-06-17 12:00:00+00:00
1718640000000,0.8628,0.89,0.833,0.8844,54334482.3,2024-06-17 16:00:00+00:00
1718654400000,0.8844,0.8856,0.8563,0.8576,21058447.6,2024-06-17 20:00:00+00:00
1718668800000,0.8575,0.8617,0.723,0.7866,163743827.1,2024-06-18 00:00:00+00:00
1718683200000,0.7866,0.8031,0.782,0.7978,30040362.1,2024-06-18 04:00:00+00:00
1718697600000,0.7977,0.7998,0.7776,0.7857,34185334.9,2024-06-18 08:00:00+00:00
1718712000000,0.7857,0.7906,0.7672,0.7799,57381369.7,2024-06-18 12:00:00+00:00
1718726400000,0.78,0.7824,0.7676,0.7782,31106891.7,2024-06-18 16:00:00+00:00
1718740800000,0.7782,0.7961,0.771,0.7943,28520870.4,2024-06-18 20:00:00+00:00
1718755200000,0.7944,0.8315,0.7868,0.8271,40764683.9,2024-06-19 00:00:00+00:00
1718769600000,0.8271,0.8345,0.8189,0.8208,21839428.9,2024-06-19 04:00:00+00:00
1718784000000,0.8208,0.8219,0.8059,0.8121,22794185.6,2024-06-19 08:00:00+00:00
1718798400000,0.812,0.8187,0.7968,0.8071,26025096.0,2024-06-19 12:00:00+00:00
1718812800000,0.8072,0.8262,0.8041,0.8158,19800125.5,2024-06-19 16:00:00+00:00
1718827200000,0.8158,0.8231,0.8068,0.8127,13389025.6,2024-06-19 20:00:00+00:00
1718841600000,0.8128,0.8304,0.808,0.8164,17956902.4,2024-06-20 00:00:00+00:00
1718856000000,0.8164,0.8435,0.8111,0.8428,22038163.1,2024-06-20 04:00:00+00:00
1718870400000,0.8428,0.8485,0.8309,0.8387,26523207.3,2024-06-20 08:00:00+00:00
1718884800000,0.8388,0.8418,0.8045,0.811,60051837.3,2024-06-20 12:00:00+00:00
1718899200000,0.8109,0.8186,0.7984,0.8107,25495500.3,2024-06-20 16:00:00+00:00
1718913600000,0.8107,0.8123,0.8,0.8008,11616624.7,2024-06-20 20:00:00+00:00
1718928000000,0.8007,0.8081,0.7908,0.7987,19969503.1,2024-06-21 00:00:00+00:00
1718942400000,0.7986,0.8049,0.7908,0.7943,20324928.5,2024-06-21 04:00:00+00:00
1718956800000,0.7944,0.8078,0.7821,0.7986,41000753.9,2024-06-21 08:00:00+00:00
1718971200000,0.7985,0.8094,0.7848,0.8012,47067056.6,2024-06-21 12:00:00+00:00
1718985600000,0.8012,0.8078,0.7898,0.8045,29117162.5,2024-06-21 16:00:00+00:00
1719000000000,0.8044,0.8103,0.796,0.8017,12950524.3,2024-06-21 20:00:00+00:00
1719014400000,0.8018,0.806,0.7936,0.8033,12062713.8,2024-06-22 00:00:00+00:00
1719028800000,0.8033,0.8043,0.7963,0.7978,8172617.5,2024-06-22 04:00:00+00:00
1719043200000,0.7978,0.8049,0.7912,0.8035,12179173.0,2024-06-22 08:00:00+00:00
1719057600000,0.8034,0.8076,0.8001,0.807,11490314.2,2024-06-22 12:00:00+00:00
1719072000000,0.807,0.8104,0.8024,0.8057,9233353.6,2024-06-22 16:00:00+00:00
1719086400000,0.8057,0.8086,0.8006,0.8046,7836376.6,2024-06-22 20:00:00+00:00
1719100800000,0.8047,0.8144,0.8024,0.8137,11122374.2,2024-06-23 00:00:00+00:00
1719115200000,0.8137,0.8152,0.8074,0.8126,5561505.9,2024-06-23 04:00:00+00:00
1719129600000,0.8125,0.8146,0.804,0.8087,9035777.7,2024-06-23 08:00:00+00:00
1719144000000,0.8087,0.809,0.7886,0.7933,16185443.3,2024-06-23 12:00:00+00:00
1719158400000,0.7933,0.7957,0.7819,0.7943,13093969.9,2024-06-23 16:00:00+00:00
1719172800000,0.7942,0.7948,0.7773,0.7838,21365641.8,2024-06-23 20:00:00+00:00
1719187200000,0.7838,0.7916,0.775,0.7819,19109899.6,2024-06-24 00:00:00+00:00
1719201600000,0.7817,0.7841,0.762,0.7718,36525247.1,2024-06-24 04:00:00+00:00
1719216000000,0.7717,0.7797,0.7351,0.7736,57193051.1,2024-06-24 08:00:00+00:00
1719230400000,0.7735,0.7863,0.7648,0.769,33339234.0,2024-06-24 12:00:00+00:00
1719244800000,0.769,0.7894,0.767,0.7861,38423313.8,2024-06-24 16:00:00+00:00
1719259200000,0.786,0.8202,0.7754,0.8199,36309837.7,2024-06-24 20:00:00+00:00
1719273600000,0.8198,0.8251,0.8108,0.8205,21433760.5,2024-06-25 00:00:00+00:00
1719288000000,0.8205,0.8305,0.8182,0.8197,18631301.8,2024-06-25 04:00:00+00:00
1719302400000,0.8198,0.8365,0.8134,0.8311,27571933.3,2024-06-25 08:00:00+00:00
1719316800000,0.831,0.8463,0.8267,0.8441,23121084.5,2024-06-25 12:00:00+00:00
1719331200000,0.8441,0.8453,0.8307,0.8379,17405779.6,2024-06-25 16:00:00+00:00
1719345600000,0.8377,0.8387,0.8281,0.8293,8844025.6,2024-06-25 20:00:00+00:00
1719360000000,0.8293,0.8389,0.819,0.8224,17533276.2,2024-06-26 00:00:00+00:00
1719374400000,0.8224,0.8272,0.8165,0.8268,13501676.5,2024-06-26 04:00:00+00:00
1719388800000,0.8268,0.8277,0.8143,0.8196,12921232.3,2024-06-26 08:00:00+00:00
1719403200000,0.8196,0.8263,0.8083,0.8123,22754609.3,2024-06-26 12:00:00+00:00
1719417600000,0.8122,0.8224,0.7909,0.8221,29252325.9,2024-06-26 16:00:00+00:00
1719432000000,0.8221,0.8303,0.8101,0.812,16468392.6,2024-06-26 20:00:00+00:00
1719446400000,0.812,0.8168,0.8081,0.8118,13080450.0,2024-06-27 00:00:00+00:00
1719460800000,0.8118,0.8136,0.8008,0.804,17597854.1,2024-06-27 04:00:00+00:00
1719475200000,0.8041,0.8146,0.8034,0.8116,12605451.3,2024-06-27 08:00:00+00:00
1719489600000,0.8115,0.835,0.8114,0.8242,33492589.9,2024-06-27 12:00:00+00:00
1719504000000,0.8243,0.8301,0.822,0.8257,9708310.3,2024-06-27 16:00:00+00:00
1719518400000,0.8257,0.8269,0.8202,0.8226,11189252.7,2024-06-27 20:00:00+00:00
1719532800000,0.8226,0.8343,0.8176,0.8271,15997215.8,2024-06-28 00:00:00+00:00
1719547200000,0.8271,0.8271,0.8185,0.8229,11588371.6,2024-06-28 04:00:00+00:00
1719561600000,0.8229,0.8298,0.8196,0.8268,9716942.8,2024-06-28 08:00:00+00:00
1719576000000,0.8269,0.8324,0.8087,0.8124,32647473.6,2024-06-28 12:00:00+00:00
1719590400000,0.8125,0.8141,0.7935,0.8019,27839705.5,2024-06-28 16:00:00+00:00
1719604800000,0.802,0.8064,0.7908,0.7914,13282951.1,2024-06-28 20:00:00+00:00
1719619200000,0.7914,0.8014,0.7909,0.7995,11251761.7,2024-06-29 00:00:00+00:00
1719633600000,0.7994,0.8024,0.7934,0.7999,8479947.9,2024-06-29 04:00:00+00:00
1719648000000,0.7998,0.8012,0.7958,0.7992,8528642.7,2024-06-29 08:00:00+00:00
1719662400000,0.7991,0.7998,0.7898,0.7952,9516411.7,2024-06-29 12:00:00+00:00
1719676800000,0.7952,0.7954,0.7822,0.7876,13281807.2,2024-06-29 16:00:00+00:00
1719691200000,0.7875,0.7892,0.7761,0.7793,12580458.4,2024-06-29 20:00:00+00:00
1719705600000,0.7793,0.7859,0.7686,0.7757,19825980.7,2024-06-30 00:00:00+00:00
1719720000000,0.7756,0.7888,0.7725,0.786,12588100.9,2024-06-30 04:00:00+00:00
1719734400000,0.7861,0.7895,0.7814,0.7831,10571512.0,2024-06-30 08:00:00+00:00
1719748800000,0.7831,0.7871,0.7782,0.7865,11483450.3,2024-06-30 12:00:00+00:00
1719763200000,0.7866,0.7933,0.7799,0.7914,12280917.4,2024-06-30 16:00:00+00:00
1719777600000,0.7913,0.8057,0.7876,0.8015,14418597.0,2024-06-30 20:00:00+00:00
1719792000000,0.8015,0.8183,0.7972,0.8099,18369150.9,2024-07-01 00:00:00+00:00
1719806400000,0.81,0.8111,0.8032,0.8067,10173188.5,2024-07-01 04:00:00+00:00
1719820800000,0.8067,0.808,0.79,0.7926,14877443.0,2024-07-01 08:00:00+00:00
1719835200000,0.7926,0.7956,0.7827,0.7872,17646232.0,2024-07-01 12:00:00+00:00
1719849600000,0.7872,0.8014,0.7846,0.7946,12767866.1,2024-07-01 16:00:00+00:00
1719864000000,0.7945,0.7963,0.7767,0.7794,13274203.3,2024-07-01 20:00:00+00:00
1719878400000,0.7794,0.7846,0.7743,0.7811,10636497.2,2024-07-02 00:00:00+00:00
1719892800000,0.7811,0.7843,0.7726,0.7743,11639650.1,2024-07-02 04:00:00+00:00
1719907200000,0.7743,0.7814,0.7717,0.7803,12817231.5,2024-07-02 08:00:00+00:00
1719921600000,0.7802,0.7863,0.7722,0.778,27008431.2,2024-07-02 12:00:00+00:00
1719936000000,0.778,0.7848,0.7734,0.781,13881409.0,2024-07-02 16:00:00+00:00
1719950400000,0.781,0.7858,0.7776,0.7833,9287457.4,2024-07-02 20:00:00+00:00
1719964800000,0.7832,0.7895,0.7608,0.7698,30995576.2,2024-07-03 00:00:00+00:00
1719979200000,0.7697,0.7785,0.7646,0.7743,19196211.2,2024-07-03 04:00:00+00:00
1719993600000,0.7743,0.7781,0.7541,0.7698,37732340.9,2024-07-03 08:00:00+00:00
1720008000000,0.7697,0.7735,0.7606,0.7707,31222620.6,2024-07-03 12:00:00+00:00
1720022400000,0.7707,0.7738,0.7519,0.7558,23224930.3,2024-07-03 16:00:00+00:00
1720036800000,0.7557,0.7658,0.7501,0.764,18336655.6,2024-07-03 20:00:00+00:00
1720051200000,0.7641,0.7682,0.7198,0.7405,68854940.6,2024-07-04 00:00:00+00:00
1720065600000,0.7404,0.7437,0.7237,0.7274,27375665.3,2024-07-04 04:00:00+00:00
1720080000000,0.7273,0.7308,0.7111,0.7209,40727798.4,2024-07-04 08:00:00+00:00
1720094400000,0.721,0.7214,0.6982,0.7179,58655224.5,2024-07-04 12:00:00+00:00
1720108800000,0.7179,0.7181,0.7095,0.7101,19288429.1,2024-07-04 16:00:00+00:00
1720123200000,0.71,0.7197,0.6693,0.6788,47350483.6,2024-07-04 20:00:00+00:00
1720137600000,0.6788,0.68,0.561,0.59,279237718.6,2024-07-05 00:00:00+00:00
1720152000000,0.59,0.6103,0.5715,0.6009,110717975.8,2024-07-05 04:00:00+00:00
1720166400000,0.6008,0.6204,0.5872,0.6192,61709143.5,2024-07-05 08:00:00+00:00
1720180800000,0.6192,0.6289,0.6115,0.6265,61031945.8,2024-07-05 12:00:00+00:00
1720195200000,0.6265,0.633,0.6208,0.623,38299151.7,2024-07-05 16:00:00+00:00
1720209600000,0.623,0.6269,0.6189,0.6223,25733583.5,2024-07-05 20:00:00+00:00
1720224000000,0.6223,0.6385,0.6132,0.6195,33919881.6,2024-07-06 00:00:00+00:00
1720238400000,0.6194,0.6349,0.6147,0.629,19476618.6,2024-07-06 04:00:00+00:00
1720252800000,0.6289,0.6359,0.623,0.6341,19525490.2,2024-07-06 08:00:00+00:00
1720267200000,0.6342,0.6649,0.63,0.6612,43579407.3,2024-07-06 12:00:00+00:00
1720281600000,0.6611,0.6977,0.6591,0.6904,52716622.7,2024-07-06 16:00:00+00:00
1720296000000,0.6905,0.6989,0.6868,0.6928,20793629.8,2024-07-06 20:00:00+00:00
1720310400000,0.6928,0.6984,0.6779,0.6951,31288044.5,2024-07-07 00:00:00+00:00
1720324800000,0.6952,0.6956,0.6771,0.6826,31683950.1,2024-07-07 04:00:00+00:00
1720339200000,0.6825,0.6909,0.6793,0.6883,22309228.3,2024-07-07 08:00:00+00:00
1720353600000,0.6883,0.6966,0.6609,0.6738,62274011.3,2024-07-07 12:00:00+00:00
1720368000000,0.6738,0.6877,0.6704,0.6747,26386861.5,2024-07-07 16:00:00+00:00
1720382400000,0.6748,0.6779,0.6481,0.6502,32775188.9,2024-07-07 20:00:00+00:00
1720396800000,0.6502,0.6531,0.5502,0.627,136523417.2,2024-07-08 00:00:00+00:00
1720411200000,0.627,0.6404,0.6245,0.6327,33801550.6,2024-07-08 04:00:00+00:00
1720425600000,0.6328,0.6881,0.6312,0.6757,71991754.3,2024-07-08 08:00:00+00:00
1720440000000,0.6757,0.6822,0.6381,0.6522,87158670.4,2024-07-08 12:00:00+00:00
1720454400000,0.6522,0.6636,0.646,0.6601,26137471.4,2024-07-08 16:00:00+00:00
1720468800000,0.6602,0.6713,0.6548,0.6672,21731347.1,2024-07-08 20:00:00+00:00
1720483200000,0.6671,0.6827,0.6606,0.6744,28418764.4,2024-07-09 00:00:00+00:00
1720497600000,0.6744,0.6801,0.6702,0.6714,18892371.2,2024-07-09 04:00:00+00:00
1720512000000,0.6714,0.6847,0.6685,0.6747,25688246.0,2024-07-09 08:00:00+00:00
1720526400000,0.6747,0.6828,0.6632,0.6774,34936128.8,2024-07-09 12:00:00+00:00
1720540800000,0.6773,0.6979,0.6761,0.6973,28404610.8,2024-07-09 16:00:00+00:00
1720555200000,0.697,0.7152,0.695,0.7099,32234606.0,2024-07-09 20:00:00+00:00
1720569600000,0.7098,0.7162,0.6943,0.7106,31294248.7,2024-07-10 00:00:00+00:00
1720584000000,0.7105,0.723,0.7071,0.7093,36658040.5,2024-07-10 04:00:00+00:00
1720598400000,0.7093,0.71,0.7,0.7043,20704191.6,2024-07-10 08:00:00+00:00
1720612800000,0.7042,0.7211,0.697,0.7166,32824184.0,2024-07-10 12:00:00+00:00
1720627200000,0.7166,0.7316,0.7103,0.7137,26397851.3,2024-07-10 16:00:00+00:00
1720641600000,0.7137,0.7167,0.7073,0.7133,11330120.4,2024-07-10 20:00:00+00:00
1720656000000,0.7134,0.7247,0.7023,0.7096,17274911.9,2024-07-11 00:00:00+00:00
1720670400000,0.7095,0.7181,0.706,0.7146,11618435.1,2024-07-11 04:00:00+00:00
1720684800000,0.7146,0.7241,0.7097,0.7193,23348026.8,2024-07-11 08:00:00+00:00
1720699200000,0.7194,0.735,0.7024,0.7066,44172366.1,2024-07-11 12:00:00+00:00
1720713600000,0.7066,0.7124,0.7006,0.7031,15245334.5,2024-07-11 16:00:00+00:00
1720728000000,0.703,0.7055,0.6899,0.6928,20501395.3,2024-07-11 20:00:00+00:00
1720742400000,0.6928,0.7002,0.681,0.6885,20501987.1,2024-07-12 00:00:00+00:00
1720756800000,0.6885,0.6936,0.6831,0.6883,13415927.2,2024-07-12 04:00:00+00:00
1720771200000,0.6882,0.6926,0.6787,0.6838,15834996.9,2024-07-12 08:00:00+00:00
1720785600000,0.6838,0.7049,0.6833,0.7016,23153273.1,2024-07-12 12:00:00+00:00
1720800000000,0.7016,0.7083,0.6935,0.6944,20243896.2,2024-07-12 16:00:00+00:00
1720814400000,0.6944,0.6993,0.6867,0.6987,9941875.8,2024-07-12 20:00:00+00:00
1720828800000,0.6987,0.7038,0.695,0.6967,7649091.3,2024-07-13 00:00:00+00:00
1720843200000,0.6968,0.7052,0.6944,0.7049,12279187.3,2024-07-13 04:00:00+00:00
1720857600000,0.7049,0.7082,0.6985,0.7012,28944869.8,2024-07-13 08:00:00+00:00
1720872000000,0.7011,0.7028,0.6942,0.6976,12134723.4,2024-07-13 12:00:00+00:00
1720886400000,0.6976,0.7024,0.6947,0.698,13918748.1,2024-07-13 16:00:00+00:00
1720900800000,0.698,0.7077,0.689,0.7001,19251859.9,2024-07-13 20:00:00+00:00
1720915200000,0.7,0.7056,0.6932,0.6961,15530509.4,2024-07-14 00:00:00+00:00
1720929600000,0.6961,0.7086,0.6953,0.7061,16537417.6,2024-07-14 04:00:00+00:00
1720944000000,0.706,0.717,0.7045,0.7084,19345440.8,2024-07-14 08:00:00+00:00
1720958400000,0.7084,0.7121,0.6996,0.7116,19263546.5,2024-07-14 12:00:00+00:00
1720972800000,0.7116,0.7159,0.7087,0.7098,13627739.3,2024-07-14 16:00:00+00:00
1720987200000,0.7097,0.7258,0.7091,0.7214,19041513.9,2024-07-14 20:00:00+00:00
1721001600000,0.7213,0.7316,0.7179,0.7297,25737429.7,2024-07-15 00:00:00+00:00
1721016000000,0.7298,0.7453,0.7259,0.7393,23892139.4,2024-07-15 04:00:00+00:00
1721030400000,0.7393,0.744,0.727,0.7311,20760910.6,2024-07-15 08:00:00+00:00
1721044800000,0.7311,0.7392,0.7285,0.7343,18922629.9,2024-07-15 12:00:00+00:00
1721059200000,0.7342,0.7447,0.7307,0.7404,27778126.0,2024-07-15 16:00:00+00:00
1721073600000,0.7404,0.7772,0.7393,0.773,45898822.6,2024-07-15 20:00:00+00:00
1721088000000,0.773,0.7791,0.7623,0.7702,27338271.0,2024-07-16 00:00:00+00:00
1721102400000,0.7701,0.7723,0.7323,0.7343,39514588.5,2024-07-16 04:00:00+00:00
1721116800000,0.7343,0.7437,0.7208,0.7385,34769690.6,2024-07-16 08:00:00+00:00
1721131200000,0.7386,0.7674,0.7335,0.7655,35478292.5,2024-07-16 12:00:00+00:00
1721145600000,0.7656,0.7708,0.7543,0.7606,33090004.3,2024-07-16 16:00:00+00:00
1721160000000,0.7604,0.7607,0.7441,0.7515,21297513.9,2024-07-16 20:00:00+00:00
1721174400000,0.7514,0.7706,0.7511,0.7616,22444093.0,2024-07-17 00:00:00+00:00
1721188800000,0.7616,0.7735,0.7575,0.7687,18867204.8,2024-07-17 04:00:00+00:00
1721203200000,0.769,0.7784,0.7561,0.7613,37355968.9,2024-07-17 08:00:00+00:00
1721217600000,0.7613,0.7726,0.7529,0.7599,36241869.0,2024-07-17 12:00:00+00:00
1721232000000,0.7598,0.7633,0.7403,0.7599,42688450.6,2024-07-17 16:00:00+00:00
1721246400000,0.76,0.7643,0.7453,0.7467,18733575.4,2024-07-17 20:00:00+00:00
1721260800000,0.7468,0.7632,0.7467,0.7595,16627749.7,2024-07-18 00:00:00+00:00
1721275200000,0.7596,0.7632,0.7487,0.7533,19338492.6,2024-07-18 04:00:00+00:00
1721289600000,0.7534,0.7615,0.7478,0.761,26039534.6,2024-07-18 08:00:00+00:00
1721304000000,0.761,0.7688,0.7349,0.7368,50991857.8,2024-07-18 12:00:00+00:00
1721318400000,0.7367,0.7512,0.7259,0.7418,35483732.6,2024-07-18 16:00:00+00:00
1721332800000,0.7418,0.7501,0.7385,0.7474,11708728.7,2024-07-18 20:00:00+00:00
1721347200000,0.7474,0.7486,0.7269,0.7455,21728889.5,2024-07-19 00:00:00+00:00
1721361600000,0.7456,0.7505,0.7326,0.7345,17224526.8,2024-07-19 04:00:00+00:00
1721376000000,0.7345,0.7361,0.7229,0.734,29441299.5,2024-07-19 08:00:00+00:00
1721390400000,0.734,0.7553,0.7322,0.7514,29286074.8,2024-07-19 12:00:00+00:00
1721404800000,0.7514,0.7709,0.7512,0.77,32285290.3,2024-07-19 16:00:00+00:00
1721419200000,0.7699,0.7764,0.7662,0.7735,14846448.6,2024-07-19 20:00:00+00:00
1721433600000,0.7735,0.7864,0.7647,0.7829,23700824.4,2024-07-20 00:00:00+00:00
1721448000000,0.7829,0.7901,0.7802,0.7871,13049817.7,2024-07-20 04:00:00+00:00
1721462400000,0.7872,0.7947,0.7704,0.7711,28765851.7,2024-07-20 08:00:00+00:00
1721476800000,0.7712,0.7844,0.7665,0.7817,21175421.1,2024-07-20 12:00:00+00:00
1721491200000,0.7816,0.7867,0.7728,0.7757,26215216.3,2024-07-20 16:00:00+00:00
1721505600000,0.7756,0.7798,0.7715,0.7786,13413366.8,2024-07-20 20:00:00+00:00
1721520000000,0.7785,0.7877,0.7756,0.783,11865402.1,2024-07-21 00:00:00+00:00
1721534400000,0.7831,0.7847,0.7659,0.7728,16728572.8,2024-07-21 04:00:00+00:00
1721548800000,0.7727,0.7834,0.7721,0.7773,9520844.3,2024-07-21 08:00:00+00:00
1721563200000,0.7774,0.7901,0.7697,0.7825,20803661.7,2024-07-21 12:00:00+00:00
1721577600000,0.7825,0.7919,0.7514,0.7813,67184088.0,2024-07-21 16:00:00+00:00
1721592000000,0.7813,0.8069,0.7796,0.8022,33372050.5,2024-07-21 20:00:00+00:00
1721606400000,0.8023,0.8079,0.7886,0.789,20695148.5,2024-07-22 00:00:00+00:00
1721620800000,0.789,0.7918,0.7734,0.7795,26005397.7,2024-07-22 04:00:00+00:00
1721635200000,0.7794,0.7876,0.7754,0.7866,16718557.3,2024-07-22 08:00:00+00:00
1721649600000,0.7866,0.7895,0.7659,0.7714,36938282.0,2024-07-22 12:00:00+00:00
1721664000000,0.7715,0.7805,0.7668,0.7803,16118193.3,2024-07-22 16:00:00+00:00
1721678400000,0.7804,0.7809,0.7547,0.7593,24074404.7,2024-07-22 20:00:00+00:00
1721692800000,0.7593,0.7908,0.7582,0.7816,33766680.2,2024-07-23 00:00:00+00:00
1721707200000,0.7816,0.7883,0.7532,0.7627,35480544.1,2024-07-23 04:00:00+00:00
1721721600000,0.7627,0.828,0.7611,0.8156,115111452.6,2024-07-23 08:00:00+00:00
1721736000000,0.8157,0.8157,0.7883,0.802,88713878.6,2024-07-23 12:00:00+00:00
1721750400000,0.802,0.8107,0.7719,0.7977,83318451.4,2024-07-23 16:00:00+00:00
1721764800000,0.7977,0.8069,0.7891,0.7987,35282286.5,2024-07-23 20:00:00+00:00
1721779200000,0.7987,0.8003,0.7681,0.7762,34567832.6,2024-07-24 00:00:00+00:00
1721793600000,0.7763,0.7785,0.7689,0.7765,16904257.4,2024-07-24 04:00:00+00:00
1721808000000,0.7765,0.7844,0.7742,0.7789,21428332.1,2024-07-24 08:00:00+00:00
1721822400000,0.779,0.7819,0.7613,0.7619,34445910.7,2024-07-24 12:00:00+00:00
1721836800000,0.7619,0.7686,0.7516,0.7534,34898117.8,2024-07-24 16:00:00+00:00
1721851200000,0.7534,0.7577,0.7344,0.739,36642613.5,2024-07-24 20:00:00+00:00
1721865600000,0.7389,0.7414,0.6981,0.7001,91549839.1,2024-07-25 00:00:00+00:00
1721880000000,0.7001,0.7114,0.6931,0.7034,23185786.5,2024-07-25 04:00:00+00:00
1721894400000,0.7033,0.7058,0.6907,0.6964,27755585.0,2024-07-25 08:00:00+00:00
1721908800000,0.6964,0.7054,0.6876,0.6957,42420277.6,2024-07-25 12:00:00+00:00
1721923200000,0.6957,0.7036,0.674,0.6822,32368162.7,2024-07-25 16:00:00+00:00
1721937600000,0.6822,0.7005,0.6716,0.6979,27082848.2,2024-07-25 20:00:00+00:00
1721952000000,0.6978,0.722,0.696,0.7156,26962922.0,2024-07-26 00:00:00+00:00
1721966400000,0.7156,0.7325,0.7155,0.7238,22537894.2,2024-07-26 04:00:00+00:00
1721980800000,0.7238,0.7274,0.7172,0.722,16909296.6,2024-07-26 08:00:00+00:00
1721995200000,0.7221,0.7278,0.7143,0.72,26108858.5,2024-07-26 12:00:00+00:00
1722009600000,0.7199,0.7283,0.7184,0.7254,14604079.4,2024-07-26 16:00:00+00:00
1722024000000,0.7255,0.7303,0.721,0.7262,11341045.4,2024-07-26 20:00:00+00:00
1722038400000,0.7262,0.7273,0.7203,0.7216,9062622.1,2024-07-27 00:00:00+00:00
1722052800000,0.7216,0.7331,0.7215,0.7301,12830987.3,2024-07-27 04:00:00+00:00
1722067200000,0.7301,0.7327,0.725,0.7288,9215935.9,2024-07-27 08:00:00+00:00
1722081600000,0.7288,0.742,0.722,0.7258,29404242.4,2024-07-27 12:00:00+00:00
1722096000000,0.7259,0.7294,0.711,0.7217,28124250.0,2024-07-27 16:00:00+00:00
1722110400000,0.7217,0.7315,0.7053,0.7205,42541114.8,2024-07-27 20:00:00+00:00
1722124800000,0.7205,0.7241,0.7143,0.7171,13384998.3,2024-07-28 00:00:00+00:00
1722139200000,0.717,0.7174,0.7073,0.7148,12389166.5,2024-07-28 04:00:00+00:00
1722153600000,0.7147,0.7243,0.7122,0.7204,10757944.4,2024-07-28 08:00:00+00:00
1722168000000,0.7205,0.7239,0.7128,0.7164,11817330.6,2024-07-28 12:00:00+00:00
1722182400000,0.7164,0.7189,0.7139,0.7145,6724694.1,2024-07-28 16:00:00+00:00
1722196800000,0.7145,0.7153,0.7048,0.7122,10719802.6,2024-07-28 20:00:00+00:00
1722211200000,0.7122,0.7356,0.7112,0.7283,23600843.4,2024-07-29 00:00:00+00:00
1722225600000,0.7283,0.7344,0.7261,0.7294,15677642.3,2024-07-29 04:00:00+00:00
1722240000000,0.7295,0.7321,0.7241,0.7244,13126442.0,2024-07-29 08:00:00+00:00
1722254400000,0.7244,0.7309,0.7047,0.7105,35840983.4,2024-07-29 12:00:00+00:00
1722268800000,0.7104,0.7105,0.6962,0.7082,32776669.4,2024-07-29 16:00:00+00:00
1722283200000,0.7082,0.7129,0.7024,0.7036,10602517.2,2024-07-29 20:00:00+00:00
1722297600000,0.7036,0.7092,0.6954,0.703,16548695.7,2024-07-30 00:00:00+00:00
1722312000000,0.703,0.7104,0.7,0.7074,9242111.7,2024-07-30 04:00:00+00:00
1722326400000,0.7073,0.7086,0.6991,0.7002,9611151.6,2024-07-30 08:00:00+00:00
1722340800000,0.7001,0.7038,0.6879,0.6942,20954281.9,2024-07-30 12:00:00+00:00
1722355200000,0.6942,0.6954,0.6724,0.6764,26365726.9,2024-07-30 16:00:00+00:00
1722369600000,0.6764,0.6784,0.664,0.6776,18824929.5,2024-07-30 20:00:00+00:00
1722384000000,0.6776,0.6828,0.6726,0.6788,10166042.7,2024-07-31 00:00:00+00:00
1722398400000,0.6787,0.6878,0.6681,0.6821,17208832.4,2024-07-31 04:00:00+00:00
1722412800000,0.682,0.6831,0.676,0.6796,9603955.4,2024-07-31 08:00:00+00:00
1722427200000,0.6796,0.6868,0.6743,0.6757,16702724.6,2024-07-31 12:00:00+00:00
1722441600000,0.6757,0.6805,0.6599,0.6661,28185757.9,2024-07-31 16:00:00+00:00
1722456000000,0.6659,0.6668,0.652,0.6571,24412704.8,2024-07-31 20:00:00+00:00
1722470400000,0.6572,0.6619,0.6509,0.6531,17192012.8,2024-08-01 00:00:00+00:00
1722484800000,0.653,0.6559,0.6366,0.6453,32536926.3,2024-08-01 04:00:00+00:00
1722499200000,0.6452,0.6526,0.6424,0.6502,19476047.8,2024-08-01 08:00:00+00:00
1722513600000,0.6502,0.6553,0.6306,0.6383,44563159.0,2024-08-01 12:00:00+00:00
1722528000000,0.6383,0.6388,0.6127,0.6324,59806336.9,2024-08-01 16:00:00+00:00
1722542400000,0.6323,0.6577,0.6287,0.6534,24540324.9,2024-08-01 20:00:00+00:00
1722556800000,0.6533,0.6557,0.6305,0.6401,19163639.7,2024-08-02 00:00:00+00:00
1722571200000,0.64,0.6426,0.6192,0.6278,23019145.3,2024-08-02 04:00:00+00:00
1722585600000,0.6278,0.6364,0.6241,0.6327,14668277.9,2024-08-02 08:00:00+00:00
1722600000000,0.6326,0.6436,0.5961,0.6152,68532359.8,2024-08-02 12:00:00+00:00
1722614400000,0.6151,0.6207,0.6009,0.6055,32274682.4,2024-08-02 16:00:00+00:00
1722628800000,0.6055,0.6125,0.5935,0.603,30258116.2,2024-08-02 20:00:00+00:00
1722643200000,0.603,0.6084,0.5871,0.6063,34255604.7,2024-08-03 00:00:00+00:00
1722657600000,0.6064,0.6153,0.6029,0.6111,10402183.4,2024-08-03 04:00:00+00:00
1722672000000,0.6111,0.6171,0.6086,0.6147,11293196.8,2024-08-03 08:00:00+00:00
1722686400000,0.6147,0.627,0.602,0.6025,34832891.3,2024-08-03 12:00:00+00:00
1722700800000,0.6024,0.6126,0.5856,0.587,56900471.2,2024-08-03 16:00:00+00:00
1722715200000,0.5869,0.6087,0.5847,0.607,28427154.2,2024-08-03 20:00:00+00:00
1722729600000,0.6069,0.6191,0.604,0.611,31819504.7,2024-08-04 00:00:00+00:00
1722744000000,0.611,0.6126,0.6007,0.6021,14967429.6,2024-08-04 04:00:00+00:00
1722758400000,0.6021,0.6081,0.6006,0.6039,16137412.6,2024-08-04 08:00:00+00:00
1722772800000,0.6039,0.6108,0.5832,0.5837,36599690.9,2024-08-04 12:00:00+00:00
1722787200000,0.5839,0.5897,0.5512,0.5855,83093452.8,2024-08-04 16:00:00+00:00
1722801600000,0.5855,0.5931,0.5639,0.5648,30761055.0,2024-08-04 20:00:00+00:00
1722816000000,0.5647,0.5681,0.454,0.4772,296205913.1,2024-08-05 00:00:00+00:00
1722830400000,0.4772,0.4882,0.4301,0.4755,211222037.3,2024-08-05 04:00:00+00:00
1722844800000,0.4755,0.476,0.4281,0.4463,119911001.5,2024-08-05 08:00:00+00:00
1722859200000,0.4463,0.4879,0.4318,0.4847,167194769.9,2024-08-05 12:00:00+00:00
1722873600000,0.4847,0.5025,0.4755,0.4834,99983764.5,2024-08-05 16:00:00+00:00
1722888000000,0.4833,0.4926,0.4805,0.4816,41715141.6,2024-08-05 20:00:00+00:00
1722902400000,0.4815,0.5182,0.4807,0.5033,56299550.9,2024-08-06 00:00:00+00:00
1722916800000,0.5033,0.5193,0.5006,0.5181,32690511.4,2024-08-06 04:00:00+00:00
1722931200000,0.5181,0.5185,0.4982,0.501,40173503.7,2024-08-06 08:00:00+00:00
1722945600000,0.501,0.5227,0.4918,0.5152,88019749.6,2024-08-06 12:00:00+00:00
1722960000000,0.5153,0.5201,0.5054,0.5074,26276107.5,2024-08-06 16:00:00+00:00
1722974400000,0.5075,0.5146,0.5002,0.5022,23623219.1,2024-08-06 20:00:00+00:00
1722988800000,0.5022,0.5232,0.4962,0.5134,34625826.3,2024-08-07 00:00:00+00:00
1723003200000,0.5135,0.5211,0.5104,0.5157,21436939.1,2024-08-07 04:00:00+00:00
1723017600000,0.5158,0.5222,0.5087,0.509,24850426.8,2024-08-07 08:00:00+00:00
1723032000000,0.509,0.5123,0.4841,0.4906,56372502.8,2024-08-07 12:00:00+00:00
1723046400000,0.4905,0.4914,0.4788,0.4825,42287046.8,2024-08-07 16:00:00+00:00
1723060800000,0.4826,0.489,0.4756,0.4843,34997403.5,2024-08-07 20:00:00+00:00
1723075200000,0.4843,0.512,0.4773,0.5034,42370683.3,2024-08-08 00:00:00+00:00
1723089600000,0.5034,0.5082,0.5015,0.5021,17163724.7,2024-08-08 04:00:00+00:00
1723104000000,0.5021,0.5097,0.5003,0.5066,16931101.8,2024-08-08 08:00:00+00:00
1723118400000,0.5066,0.5238,0.5016,0.5218,70766209.2,2024-08-08 12:00:00+00:00
1723132800000,0.5219,0.536,0.5206,0.5291,32650916.0,2024-08-08 16:00:00+00:00
1723147200000,0.5291,0.5582,0.5281,0.5546,49002909.2,2024-08-08 20:00:00+00:00
1723161600000,0.5546,0.5591,0.5475,0.5554,37214054.3,2024-08-09 00:00:00+00:00
1723176000000,0.5554,0.5566,0.5426,0.5428,22710050.6,2024-08-09 04:00:00+00:00
1723190400000,0.5428,0.5497,0.5361,0.5429,25260495.2,2024-08-09 08:00:00+00:00
1723204800000,0.5429,0.5629,0.5354,0.5416,57554805.5,2024-08-09 12:00:00+00:00
1723219200000,0.5416,0.5869,0.5405,0.5774,98564563.1,2024-08-09 16:00:00+00:00
1723233600000,0.5775,0.5892,0.567,0.5772,72607465.1,2024-08-09 20:00:00+00:00
1723248000000,0.5772,0.5833,0.5614,0.5642,37709067.5,2024-08-10 00:00:00+00:00
1723262400000,0.5642,0.5909,0.5603,0.5855,45660437.5,2024-08-10 04:00:00+00:00
1723276800000,0.5855,0.5869,0.5743,0.5749,30365728.9,2024-08-10 08:00:00+00:00
1723291200000,0.5749,0.579,0.567,0.5729,35577174.9,2024-08-10 12:00:00+00:00
1723305600000,0.5728,0.5785,0.5713,0.5741,20559542.6,2024-08-10 16:00:00+00:00
1723320000000,0.5742,0.58,0.5729,0.577,12978020.4,2024-08-10 20:00:00+00:00
1723334400000,0.577,0.5854,0.5751,0.5797,17770167.5,2024-08-11 00:00:00+00:00
1723348800000,0.5797,0.5912,0.5785,0.5892,23422898.2,2024-08-11 04:00:00+00:00
1723363200000,0.5893,0.5969,0.577,0.5792,36884981.8,2024-08-11 08:00:00+00:00
1723377600000,0.5792,0.5803,0.557,0.5602,50516750.8,2024-08-11 12:00:00+00:00
1723392000000,0.5603,0.5716,0.5578,0.56,25295814.9,2024-08-11 16:00:00+00:00
1723406400000,0.5599,0.5613,0.5477,0.5519,37317063.0,2024-08-11 20:00:00+00:00
1723420800000,0.5519,0.5584,0.546,0.5524,22885159.9,2024-08-12 00:00:00+00:00
1723435200000,0.5523,0.5652,0.5448,0.5628,24941544.2,2024-08-12 04:00:00+00:00
1723449600000,0.5629,0.5877,0.5572,0.5813,36947681.5,2024-08-12 08:00:00+00:00
1723464000000,0.5813,0.5904,0.5585,0.5874,67684655.0,2024-08-12 12:00:00+00:00
1723478400000,0.5873,0.5894,0.577,0.5795,23901634.6,2024-08-12 16:00:00+00:00
1723492800000,0.5796,0.5967,0.5763,0.5888,25985818.8,2024-08-12 20:00:00+00:00
1723507200000,0.5888,0.5923,0.5737,0.5755,24636493.8,2024-08-13 00:00:00+00:00
1723521600000,0.5756,0.5787,0.5708,0.5737,19098061.4,2024-08-13 04:00:00+00:00
1723536000000,0.5737,0.5758,0.5658,0.5695,15331708.6,2024-08-13 08:00:00+00:00
1723550400000,0.5695,0.5788,0.5684,0.5711,22721291.6,2024-08-13 12:00:00+00:00
1723564800000,0.5711,0.5898,0.5698,0.5823,31307367.5,2024-08-13 16:00:00+00:00
1723579200000,0.5823,0.5864,0.5769,0.5785,11806137.2,2024-08-13 20:00:00+00:00
1723593600000,0.5786,0.5824,0.5729,0.5775,14983966.8,2024-08-14 00:00:00+00:00
1723608000000,0.5776,0.5876,0.577,0.5784,18814524.9,2024-08-14 04:00:00+00:00
1723622400000,0.5784,0.5846,0.5746,0.581,19193665.4,2024-08-14 08:00:00+00:00
1723636800000,0.581,0.5861,0.5539,0.5711,61175171.4,2024-08-14 12:00:00+00:00
1723651200000,0.5711,0.5714,0.5627,0.5664,20989802.8,2024-08-14 16:00:00+00:00
1723665600000,0.5663,0.5683,0.5572,0.5613,17044371.4,2024-08-14 20:00:00+00:00
1723680000000,0.5613,0.5631,0.5562,0.5603,11555501.5,2024-08-15 00:00:00+00:00
1723694400000,0.5603,0.5629,0.5506,0.5554,21399133.0,2024-08-15 04:00:00+00:00
1723708800000,0.5554,0.5667,0.5525,0.5644,16079801.0,2024-08-15 08:00:00+00:00
1723723200000,0.5643,0.5701,0.561,0.5653,25068638.8,2024-08-15 12:00:00+00:00
1723737600000,0.5652,0.5667,0.5316,0.5362,53727160.1,2024-08-15 16:00:00+00:00
1723752000000,0.5361,0.5407,0.5304,0.5356,20301829.3,2024-08-15 20:00:00+00:00
1723766400000,0.5356,0.5466,0.5342,0.5388,13983727.6,2024-08-16 00:00:00+00:00
1723780800000,0.5387,0.5498,0.5383,0.5454,12568460.9,2024-08-16 04:00:00+00:00
1723795200000,0.5454,0.5464,0.5388,0.5405,9504540.5,2024-08-16 08:00:00+00:00
1723809600000,0.5405,0.5432,0.5207,0.5255,39383337.2,2024-08-16 12:00:00+00:00
1723824000000,0.5254,0.5379,0.5237,0.5359,22605829.5,2024-08-16 16:00:00+00:00
1723838400000,0.536,0.539,0.5317,0.5333,9276396.8,2024-08-16 20:00:00+00:00
1723852800000,0.5332,0.5362,0.5304,0.5329,6625691.6,2024-08-17 00:00:00+00:00
1723867200000,0.5328,0.5342,0.5312,0.5337,4415737.2,2024-08-17 04:00:00+00:00
1723881600000,0.5337,0.5359,0.5308,0.5326,6553913.3,2024-08-17 08:00:00+00:00
1723896000000,0.5325,0.5391,0.5315,0.5352,13069021.6,2024-08-17 12:00:00+00:00
1723910400000,0.5352,0.5437,0.5352,0.5381,10859020.4,2024-08-17 16:00:00+00:00
1723924800000,0.5381,0.5408,0.5359,0.5399,6019843.3,2024-08-17 20:00:00+00:00
1723939200000,0.5399,0.5447,0.5375,0.5376,11258602.6,2024-08-18 00:00:00+00:00
1723953600000,0.5376,0.5394,0.5351,0.5377,5291147.9,2024-08-18 04:00:00+00:00
1723968000000,0.5376,0.5505,0.5369,0.5468,19328812.4,2024-08-18 08:00:00+00:00
1723982400000,0.5468,0.554,0.5458,0.5511,14078297.9,2024-08-18 12:00:00+00:00
1723996800000,0.5511,0.5527,0.5444,0.5484,9295455.4,2024-08-18 16:00:00+00:00
1724011200000,0.5484,0.5502,0.5359,0.5365,10446011.0,2024-08-18 20:00:00+00:00
1724025600000,0.5366,0.5424,0.533,0.5408,14581852.4,2024-08-19 00:00:00+00:00
1724040000000,0.5407,0.5417,0.5356,0.5367,7720158.3,2024-08-19 04:00:00+00:00
1724054400000,0.5367,0.5392,0.526,0.5327,21737845.9,2024-08-19 08:00:00+00:00
1724068800000,0.5326,0.5378,0.5274,0.5308,17599790.4,2024-08-19 12:00:00+00:00
1724083200000,0.5308,0.5413,0.5267,0.5353,21352528.9,2024-08-19 16:00:00+00:00
1724097600000,0.5352,0.5411,0.5341,0.5402,7965196.3,2024-08-19 20:00:00+00:00
1724112000000,0.5402,0.5517,0.5385,0.5482,16398161.6,2024-08-20 00:00:00+00:00
1724126400000,0.5482,0.5541,0.5462,0.5506,14705421.8,2024-08-20 04:00:00+00:00
1724140800000,0.5506,0.551,0.5437,0.5448,13308210.4,2024-08-20 08:00:00+00:00
1724155200000,0.5448,0.5485,0.5264,0.5311,34178167.0,2024-08-20 12:00:00+00:00
1724169600000,0.531,0.5413,0.5289,0.54,15255886.1,2024-08-20 16:00:00+00:00
1724184000000,0.5401,0.542,0.5338,0.5351,12700080.6,2024-08-20 20:00:00+00:00
1724198400000,0.535,0.5377,0.5298,0.5352,9429388.1,2024-08-21 00:00:00+00:00
1724212800000,0.5352,0.54,0.5344,0.5386,8434681.9,2024-08-21 04:00:00+00:00
1724227200000,0.5386,0.5398,0.533,0.5349,15635438.4,2024-08-21 08:00:00+00:00
1724241600000,0.5349,0.5393,0.5258,0.5359,35490180.4,2024-08-21 12:00:00+00:00
1724256000000,0.536,0.5549,0.5339,0.5545,30339898.6,2024-08-21 16:00:00+00:00
1724270400000,0.5544,0.5594,0.5507,0.5527,17344401.2,2024-08-21 20:00:00+00:00
1724284800000,0.5527,0.5544,0.5418,0.55,14694374.3,2024-08-22 00:00:00+00:00
1724299200000,0.5501,0.5649,0.5489,0.5627,23186590.0,2024-08-22 04:00:00+00:00
1724313600000,0.5627,0.5686,0.5604,0.5644,32747223.6,2024-08-22 08:00:00+00:00
1724328000000,0.5643,0.565,0.5537,0.5554,28643777.1,2024-08-22 12:00:00+00:00
1724342400000,0.5554,0.5597,0.5541,0.5559,9909485.6,2024-08-22 16:00:00+00:00
1724356800000,0.556,0.5623,0.5555,0.5615,8444830.5,2024-08-22 20:00:00+00:00
1724371200000,0.5615,0.5694,0.5606,0.5634,12337914.6,2024-08-23 00:00:00+00:00
1724385600000,0.5634,0.5752,0.562,0.5701,27946394.0,2024-08-23 04:00:00+00:00
1724400000000,0.5702,0.576,0.5686,0.5688,18978740.3,2024-08-23 08:00:00+00:00
1724414400000,0.5688,0.5832,0.5652,0.5768,49866308.7,2024-08-23 12:00:00+00:00
1724428800000,0.5768,0.5988,0.5751,0.5961,36503791.6,2024-08-23 16:00:00+00:00
1724443200000,0.5961,0.6091,0.5961,0.6026,25070413.0,2024-08-23 20:00:00+00:00
1724457600000,0.6026,0.6079,0.5972,0.601,20161202.7,2024-08-24 00:00:00+00:00
1724472000000,0.6009,0.6157,0.6007,0.6119,28914843.1,2024-08-24 04:00:00+00:00
1724486400000,0.6118,0.6217,0.6086,0.6145,27261078.3,2024-08-24 08:00:00+00:00
1724500800000,0.6145,0.6188,0.6102,0.6142,18364270.7,2024-08-24 12:00:00+00:00
1724515200000,0.6143,0.6363,0.6134,0.6285,35361818.6,2024-08-24 16:00:00+00:00
1724529600000,0.6284,0.6315,0.6096,0.6214,28280272.3,2024-08-24 20:00:00+00:00
1724544000000,0.6213,0.6218,0.598,0.6061,31674892.3,2024-08-25 00:00:00+00:00
1724558400000,0.6062,0.6083,0.5884,0.5918,25813356.3,2024-08-25 04:00:00+00:00
1724572800000,0.5919,0.5988,0.5886,0.5955,16383412.9,2024-08-25 08:00:00+00:00
1724587200000,0.5955,0.6067,0.5941,0.6008,18233000.7,2024-08-25 12:00:00+00:00
1724601600000,0.601,0.6049,0.5983,0.6,12401699.5,2024-08-25 16:00:00+00:00
1724616000000,0.6,0.6093,0.595,0.5973,16214367.4,2024-08-25 20:00:00+00:00
1724630400000,0.5973,0.603,0.5891,0.6025,21455835.4,2024-08-26 00:00:00+00:00
1724644800000,0.6025,0.6044,0.5953,0.5967,15499907.5,2024-08-26 04:00:00+00:00
1724659200000,0.5969,0.605,0.5918,0.5983,15069751.7,2024-08-26 08:00:00+00:00
1724673600000,0.5982,0.6009,0.5868,0.5924,29314094.9,2024-08-26 12:00:00+00:00
1724688000000,0.5924,0.5955,0.5731,0.5749,30088919.8,2024-08-26 16:00:00+00:00
1724702400000,0.5748,0.5784,0.5681,0.5706,16495308.3,2024-08-26 20:00:00+00:00
1724716800000,0.5706,0.5797,0.5692,0.5733,14912800.5,2024-08-27 00:00:00+00:00
1724731200000,0.5734,0.5784,0.5708,0.5723,11923849.4,2024-08-27 04:00:00+00:00
1724745600000,0.5722,0.5738,0.5567,0.56,27342095.3,2024-08-27 08:00:00+00:00
1724760000000,0.5601,0.5614,0.5504,0.5542,36134887.2,2024-08-27 12:00:00+00:00
1724774400000,0.5542,0.5605,0.5506,0.5581,20561699.4,2024-08-27 16:00:00+00:00
1724788800000,0.558,0.5581,0.5117,0.5248,77702025.0,2024-08-27 20:00:00+00:00
1724803200000,0.5248,0.5299,0.5186,0.5284,26457099.8,2024-08-28 00:00:00+00:00
1724817600000,0.5283,0.5283,0.5158,0.5168,17387333.2,2024-08-28 04:00:00+00:00
1724832000000,0.5169,0.5373,0.5137,0.5316,37690593.8,2024-08-28 08:00:00+00:00
1724846400000,0.5316,0.5351,0.518,0.5222,35962262.3,2024-08-28 12:00:00+00:00
1724860800000,0.5221,0.5295,0.506,0.5189,56662195.4,2024-08-28 16:00:00+00:00
1724875200000,0.519,0.5296,0.5164,0.5215,25947689.0,2024-08-28 20:00:00+00:00
1724889600000,0.5215,0.5255,0.5199,0.5223,14271845.9,2024-08-29 00:00:00+00:00
1724904000000,0.5223,0.5297,0.5193,0.5262,13795405.1,2024-08-29 04:00:00+00:00
1724918400000,0.5262,0.5313,0.5226,0.5245,17754209.3,2024-08-29 08:00:00+00:00
1724932800000,0.5245,0.5337,0.5243,0.5297,20330713.4,2024-08-29 12:00:00+00:00
1724947200000,0.5296,0.5314,0.5062,0.5129,35605654.4,2024-08-29 16:00:00+00:00
1724961600000,0.513,0.5176,0.508,0.5125,19207868.1,2024-08-29 20:00:00+00:00
1724976000000,0.5125,0.5164,0.5072,0.5084,11077229.1,2024-08-30 00:00:00+00:00
1724990400000,0.5084,0.5148,0.5036,0.5119,17918081.0,2024-08-30 04:00:00+00:00
1725004800000,0.5119,0.5148,0.5077,0.5083,9873249.9,2024-08-30 08:00:00+00:00
1725019200000,0.5083,0.5134,0.4859,0.4884,44366094.7,2024-08-30 12:00:00+00:00
1725033600000,0.4885,0.5152,0.4853,0.5077,49266865.1,2024-08-30 16:00:00+00:00
1725048000000,0.5076,0.5146,0.5071,0.5136,11374704.8,2024-08-30 20:00:00+00:00
1725062400000,0.5136,0.5195,0.5124,0.514,10215661.0,2024-08-31 00:00:00+00:00
1725076800000,0.5139,0.5156,0.5116,0.5124,5165466.1,2024-08-31 04:00:00+00:00
1725091200000,0.5125,0.5149,0.509,0.5139,8240469.1,2024-08-31 08:00:00+00:00
1725105600000,0.514,0.5155,0.5106,0.5126,8363546.6,2024-08-31 12:00:00+00:00
1725120000000,0.5125,0.5129,0.5067,0.5095,12167444.7,2024-08-31 16:00:00+00:00
1725134400000,0.5095,0.5147,0.5081,0.5137,6165122.1,2024-08-31 20:00:00+00:00
1725148800000,0.5136,0.5141,0.5031,0.5069,12705407.0,2024-09-01 00:00:00+00:00
1725163200000,0.5068,0.5094,0.5,0.5091,11931224.5,2024-09-01 04:00:00+00:00
1725177600000,0.509,0.5096,0.5012,0.5047,8847790.5,2024-09-01 08:00:00+00:00
1725192000000,0.5046,0.5071,0.4944,0.5051,20229300.2,2024-09-01 12:00:00+00:00
1725206400000,0.5051,0.5095,0.4964,0.5057,17209533.6,2024-09-01 16:00:00+00:00
1725220800000,0.5057,0.5084,0.4833,0.4895,27536284.2,2024-09-01 20:00:00+00:00
1725235200000,0.4894,0.4969,0.4884,0.4966,15731985.2,2024-09-02 00:00:00+00:00
1725249600000,0.4965,0.5008,0.4915,0.4948,12530003.1,2024-09-02 04:00:00+00:00
1725264000000,0.4947,0.5183,0.494,0.5118,28622730.0,2024-09-02 08:00:00+00:00
1725278400000,0.5118,0.5165,0.5063,0.5129,19274280.4,2024-09-02 12:00:00+00:00
1725292800000,0.5129,0.5159,0.5103,0.5136,9577580.5,2024-09-02 16:00:00+00:00
1725307200000,0.5137,0.5221,0.5125,0.5162,16204863.9,2024-09-02 20:00:00+00:00
1725321600000,0.5162,0.5209,0.5133,0.5141,12532217.6,2024-09-03 00:00:00+00:00
1725336000000,0.5141,0.5172,0.5116,0.5166,10283610.4,2024-09-03 04:00:00+00:00
1725350400000,0.5166,0.517,0.5097,0.5137,16698047.1,2024-09-03 08:00:00+00:00
1725364800000,0.5137,0.5157,0.4955,0.4971,33722801.9,2024-09-03 12:00:00+00:00
1725379200000,0.4971,0.5027,0.4954,0.5006,14762682.1,2024-09-03 16:00:00+00:00
1725393600000,0.5006,0.5031,0.4926,0.4938,12040281.9,2024-09-03 20:00:00+00:00
1725408000000,0.4939,0.4986,0.4665,0.4854,45684496.0,2024-09-04 00:00:00+00:00
1725422400000,0.4854,0.4939,0.4826,0.4922,14651667.4,2024-09-04 04:00:00+00:00
1725436800000,0.4922,0.4956,0.4893,0.4921,17675403.0,2024-09-04 08:00:00+00:00
1725451200000,0.4921,0.5074,0.4886,0.5072,31117623.1,2024-09-04 12:00:00+00:00
1725465600000,0.5071,0.5137,0.4986,0.5008,24197171.9,2024-09-04 16:00:00+00:00
1725480000000,0.5006,0.5031,0.4956,0.4969,10276625.7,2024-09-04 20:00:00+00:00
1725494400000,0.4968,0.5012,0.4905,0.4941,19412184.9,2024-09-05 00:00:00+00:00
1725508800000,0.4942,0.4983,0.4891,0.4961,12627228.3,2024-09-05 04:00:00+00:00
1725523200000,0.4961,0.4979,0.4924,0.4948,10224689.5,2024-09-05 08:00:00+00:00
1725537600000,0.4948,0.5014,0.4918,0.4968,29953206.8,2024-09-05 12:00:00+00:00
1725552000000,0.4968,0.5025,0.4926,0.4951,15811394.6,2024-09-05 16:00:00+00:00
1725566400000,0.495,0.4997,0.4928,0.4969,10847674.9,2024-09-05 20:00:00+00:00
1725580800000,0.4969,0.5048,0.4953,0.5015,12731764.2,2024-09-06 00:00:00+00:00
1725595200000,0.5015,0.5029,0.4876,0.4941,21818896.4,2024-09-06 04:00:00+00:00
1725609600000,0.4941,0.5018,0.4924,0.4967,19816547.9,2024-09-06 08:00:00+00:00
1725624000000,0.4966,0.5075,0.4878,0.5039,76998411.2,2024-09-06 12:00:00+00:00
1725638400000,0.5039,0.5053,0.4841,0.4868,50464169.4,2024-09-06 16:00:00+00:00
1725652800000,0.4867,0.4881,0.468,0.4804,61591303.2,2024-09-06 20:00:00+00:00
1725667200000,0.4803,0.4891,0.4793,0.4876,16914321.3,2024-09-07 00:00:00+00:00
1725681600000,0.4876,0.5017,0.4871,0.5002,19088005.5,2024-09-07 04:00:00+00:00
1725696000000,0.5001,0.5015,0.4962,0.4988,15776603.4,2024-09-07 08:00:00+00:00
1725710400000,0.4989,0.505,0.4985,0.5032,20903389.0,2024-09-07 12:00:00+00:00
1725724800000,0.5032,0.5043,0.4957,0.5027,15942656.8,2024-09-07 16:00:00+00:00
1725739200000,0.5026,0.5032,0.497,0.5009,9194947.8,2024-09-07 20:00:00+00:00
1725753600000,0.501,0.5038,0.4985,0.5038,10770472.8,2024-09-08 00:00:00+00:00
1725768000000,0.5038,0.5128,0.5033,0.5093,23686285.7,2024-09-08 04:00:00+00:00
1725782400000,0.5094,0.514,0.5072,0.5075,15723264.0,2024-09-08 08:00:00+00:00
1725796800000,0.5074,0.5095,0.497,0.4977,18415819.0,2024-09-08 12:00:00+00:00
1725811200000,0.4977,0.5042,0.4962,0.5014,14076150.3,2024-09-08 16:00:00+00:00
1725825600000,0.5013,0.516,0.5009,0.5084,15552036.5,2024-09-08 20:00:00+00:00
1725840000000,0.5084,0.5167,0.5074,0.5106,14537636.1,2024-09-09 00:00:00+00:00
1725854400000,0.5106,0.5147,0.5051,0.5144,10252166.0,2024-09-09 04:00:00+00:00
1725868800000,0.5143,0.5195,0.5128,0.5132,16773305.3,2024-09-09 08:00:00+00:00
1725883200000,0.5132,0.5175,0.5071,0.5121,19055189.1,2024-09-09 12:00:00+00:00
1725897600000,0.5121,0.5265,0.5114,0.5256,40098256.6,2024-09-09 16:00:00+00:00
1725912000000,0.5256,0.5322,0.5226,0.5237,20568966.4,2024-09-09 20:00:00+00:00
1725926400000,0.5237,0.5241,0.5162,0.5171,10663857.3,2024-09-10 00:00:00+00:00
1725940800000,0.5172,0.5255,0.5154,0.5244,12602571.8,2024-09-10 04:00:00+00:00
1725955200000,0.5245,0.5272,0.5195,0.5266,12108551.0,2024-09-10 08:00:00+00:00
1725969600000,0.5266,0.5276,0.5193,0.5204,17899000.3,2024-09-10 12:00:00+00:00
1725984000000,0.5205,0.5406,0.5203,0.5319,39123589.5,2024-09-10 16:00:00+00:00
1725998400000,0.5319,0.5387,0.53,0.5332,16377781.7,2024-09-10 20:00:00+00:00
1726012800000,0.5332,0.534,0.5205,0.5217,16055843.1,2024-09-11 00:00:00+00:00
1726027200000,0.5216,0.5216,0.5075,0.5149,23619953.4,2024-09-11 04:00:00+00:00
1726041600000,0.515,0.5151,0.5084,0.5105,15137962.9,2024-09-11 08:00:00+00:00
1726056000000,0.5105,0.5166,0.5006,0.5124,44544377.3,2024-09-11 12:00:00+00:00
1726070400000,0.5123,0.5228,0.5114,0.5126,29705415.1,2024-09-11 16:00:00+00:00
1726084800000,0.5127,0.5164,0.5125,0.5142,7989270.2,2024-09-11 20:00:00+00:00
1726099200000,0.5143,0.5253,0.5136,0.5225,19583997.3,2024-09-12 00:00:00+00:00
1726113600000,0.5225,0.5268,0.5185,0.5206,13085229.0,2024-09-12 04:00:00+00:00
1726128000000,0.5206,0.5215,0.516,0.5165,14043346.8,2024-09-12 08:00:00+00:00
1726142400000,0.5165,0.521,0.5101,0.5115,31007610.6,2024-09-12 12:00:00+00:00
1726156800000,0.5114,0.5214,0.5112,0.52,18647538.3,2024-09-12 16:00:00+00:00
1726171200000,0.5201,0.5253,0.5179,0.5246,11388688.5,2024-09-12 20:00:00+00:00
1726185600000,0.5247,0.5256,0.5192,0.5194,8630212.2,2024-09-13 00:00:00+00:00
1726200000000,0.5195,0.5207,0.5159,0.5194,13084109.7,2024-09-13 04:00:00+00:00
1726214400000,0.5194,0.5249,0.5171,0.5195,23180480.6,2024-09-13 08:00:00+00:00
1726228800000,0.5195,0.5299,0.5163,0.5286,37393394.8,2024-09-13 12:00:00+00:00
1726243200000,0.5287,0.5332,0.5252,0.5306,22324377.9,2024-09-13 16:00:00+00:00
1726257600000,0.5307,0.5398,0.5299,0.5366,18008675.4,2024-09-13 20:00:00+00:00
1726272000000,0.5367,0.5392,0.5338,0.538,9190223.1,2024-09-14 00:00:00+00:00
1726286400000,0.5381,0.5382,0.5315,0.5319,9748715.3,2024-09-14 04:00:00+00:00
1726300800000,0.5319,0.5328,0.5269,0.5285,9811765.4,2024-09-14 08:00:00+00:00
1726315200000,0.5285,0.5342,0.5281,0.5328,12915851.3,2024-09-14 12:00:00+00:00
1726329600000,0.5328,0.5349,0.5247,0.53,14807371.0,2024-09-14 16:00:00+00:00
1726344000000,0.53,0.5323,0.5281,0.5303,8495406.6,2024-09-14 20:00:00+00:00
1726358400000,0.5304,0.5372,0.5294,0.5351,9210837.1,2024-09-15 00:00:00+00:00
1726372800000,0.535,0.5393,0.5349,0.5369,12491291.8,2024-09-15 04:00:00+00:00
1726387200000,0.5369,0.5404,0.5326,0.5357,15499341.2,2024-09-15 08:00:00+00:00
1726401600000,0.5357,0.5401,0.5335,0.5375,14158789.3,2024-09-15 12:00:00+00:00
1726416000000,0.5376,0.538,0.5266,0.528,19395879.1,2024-09-15 16:00:00+00:00
1726430400000,0.528,0.5285,0.508,0.5106,37860230.2,2024-09-15 20:00:00+00:00
1726444800000,0.5106,0.5116,0.4977,0.5052,27705429.1,2024-09-16 00:00:00+00:00
1726459200000,0.5053,0.5118,0.5036,0.5114,15265230.8,2024-09-16 04:00:00+00:00
1726473600000,0.5115,0.517,0.5051,0.5075,16959733.6,2024-09-16 08:00:00+00:00
1726488000000,0.5075,0.5082,0.4972,0.5035,27728763.2,2024-09-16 12:00:00+00:00
1726502400000,0.5035,0.5055,0.4983,0.5006,18672474.1,2024-09-16 16:00:00+00:00
1726516800000,0.5005,0.512,0.4985,0.5102,21835308.5,2024-09-16 20:00:00+00:00
1726531200000,0.5101,0.5128,0.5043,0.5072,13286274.9,2024-09-17 00:00:00+00:00
1726545600000,0.5072,0.5148,0.5065,0.5125,9996790.6,2024-09-17 04:00:00+00:00
1726560000000,0.5125,0.5146,0.5086,0.5105,21421170.7,2024-09-17 08:00:00+00:00
1726574400000,0.5104,0.5305,0.5097,0.528,42496906.8,2024-09-17 12:00:00+00:00
1726588800000,0.528,0.5297,0.5149,0.5197,20703744.8,2024-09-17 16:00:00+00:00
1726603200000,0.5198,0.5219,0.5178,0.5216,13898480.0,2024-09-17 20:00:00+00:00
1726617600000,0.5217,0.5256,0.5146,0.5236,11961448.6,2024-09-18 00:00:00+00:00
1726632000000,0.5236,0.5242,0.5177,0.5204,10782017.0,2024-09-18 04:00:00+00:00
1726646400000,0.5204,0.5205,0.5047,0.5092,17413351.6,2024-09-18 08:00:00+00:00
1726660800000,0.5091,0.5127,0.5009,0.5034,17436745.0,2024-09-18 12:00:00+00:00
1726675200000,0.5033,0.5206,0.5005,0.5132,43943706.3,2024-09-18 16:00:00+00:00
1726689600000,0.5131,0.5293,0.5083,0.5289,19867480.0,2024-09-18 20:00:00+00:00
1726704000000,0.5289,0.547,0.5289,0.5425,35053303.5,2024-09-19 00:00:00+00:00
1726718400000,0.5426,0.5515,0.5392,0.5501,23063820.7,2024-09-19 04:00:00+00:00
1726732800000,0.5502,0.5517,0.5426,0.5475,24069487.5,2024-09-19 08:00:00+00:00
1726747200000,0.5475,0.5639,0.5465,0.5595,38884964.0,2024-09-19 12:00:00+00:00
1726761600000,0.5594,0.5811,0.559,0.5625,53026415.6,2024-09-19 16:00:00+00:00
1726776000000,0.5626,0.5666,0.5553,0.5573,18456108.1,2024-09-19 20:00:00+00:00
1726790400000,0.5572,0.5761,0.5492,0.5758,22056786.9,2024-09-20 00:00:00+00:00
1726804800000,0.5757,0.588,0.5734,0.5832,52137680.3,2024-09-20 04:00:00+00:00
1726819200000,0.5831,0.5836,0.5722,0.5739,22187968.0,2024-09-20 08:00:00+00:00
1726833600000,0.5738,0.5774,0.5641,0.5747,37932625.1,2024-09-20 12:00:00+00:00
1726848000000,0.5748,0.5754,0.5632,0.5687,15136249.7,2024-09-20 16:00:00+00:00
1726862400000,0.5687,0.5781,0.568,0.5771,11683985.7,2024-09-20 20:00:00+00:00
1726876800000,0.5771,0.5828,0.5702,0.5714,17139578.3,2024-09-21 00:00:00+00:00
1726891200000,0.5713,0.5778,0.5663,0.5773,13515886.3,2024-09-21 04:00:00+00:00
1726905600000,0.5773,0.5794,0.5733,0.5783,9436240.2,2024-09-21 08:00:00+00:00
1726920000000,0.5782,0.605,0.5762,0.6023,48444740.5,2024-09-21 12:00:00+00:00
1726934400000,0.6023,0.6231,0.5941,0.6119,45441466.0,2024-09-21 16:00:00+00:00
1726948800000,0.6118,0.6208,0.6037,0.6155,27387570.8,2024-09-21 20:00:00+00:00
1726963200000,0.6155,0.6214,0.5955,0.6013,33569334.4,2024-09-22 00:00:00+00:00
1726977600000,0.6012,0.6109,0.5971,0.6,16414590.6,2024-09-22 04:00:00+00:00
1726992000000,0.6,0.6011,0.5914,0.5986,24452948.7,2024-09-22 08:00:00+00:00
1727006400000,0.5986,0.6029,0.5874,0.5933,25281448.4,2024-09-22 12:00:00+00:00
1727020800000,0.5932,0.602,0.5874,0.5991,19306841.1,2024-09-22 16:00:00+00:00
1727035200000,0.5991,0.6044,0.5826,0.5995,29114660.7,2024-09-22 20:00:00+00:00
1727049600000,0.5996,0.6236,0.5886,0.617,41616564.4,2024-09-23 00:00:00+00:00
1727064000000,0.6171,0.6182,0.6038,0.6069,22772721.8,2024-09-23 04:00:00+00:00
1727078400000,0.6068,0.608,0.5978,0.6008,27435362.4,2024-09-23 08:00:00+00:00
1727092800000,0.6009,0.6062,0.5951,0.6034,24712375.7,2024-09-23 12:00:00+00:00
1727107200000,0.6033,0.6086,0.5982,0.6,18312420.0,2024-09-23 16:00:00+00:00
1727121600000,0.6001,0.6026,0.5933,0.5985,12946953.1,2024-09-23 20:00:00+00:00
1727136000000,0.5985,0.5999,0.586,0.5933,31355741.8,2024-09-24 00:00:00+00:00
1727150400000,0.5932,0.5987,0.5896,0.598,17419582.5,2024-09-24 04:00:00+00:00
1727164800000,0.598,0.6031,0.5954,0.5987,21656817.0,2024-09-24 08:00:00+00:00
1727179200000,0.5987,0.6037,0.5842,0.5903,34586100.4,2024-09-24 12:00:00+00:00
1727193600000,0.5903,0.6143,0.589,0.6123,28906586.2,2024-09-24 16:00:00+00:00
1727208000000,0.6124,0.6179,0.6073,0.6139,24193333.2,2024-09-24 20:00:00+00:00
1727222400000,0.614,0.6338,0.6114,0.6306,35729947.0,2024-09-25 00:00:00+00:00
1727236800000,0.6306,0.6315,0.6116,0.6131,27305002.8,2024-09-25 04:00:00+00:00
1727251200000,0.6132,0.618,0.6103,0.6174,16348322.9,2024-09-25 08:00:00+00:00
1727265600000,0.6174,0.618,0.6061,0.6089,24403065.3,2024-09-25 12:00:00+00:00
1727280000000,0.6088,0.6155,0.6028,0.6072,17146489.6,2024-09-25 16:00:00+00:00
1727294400000,0.607,0.6121,0.5952,0.5982,20613184.7,2024-09-25 20:00:00+00:00
1727308800000,0.5983,0.604,0.5871,0.6034,24550375.4,2024-09-26 00:00:00+00:00
1727323200000,0.6034,0.62,0.6003,0.6196,20127966.5,2024-09-26 04:00:00+00:00
1727337600000,0.6196,0.6271,0.6135,0.6217,26413152.3,2024-09-26 08:00:00+00:00
1727352000000,0.6217,0.6347,0.617,0.6298,43479536.0,2024-09-26 12:00:00+00:00
1727366400000,0.6298,0.6444,0.627,0.6299,42136044.8,2024-09-26 16:00:00+00:00
1727380800000,0.6298,0.6322,0.6092,0.6196,34346708.8,2024-09-26 20:00:00+00:00
1727395200000,0.6197,0.6307,0.6176,0.6298,19599780.5,2024-09-27 00:00:00+00:00
1727409600000,0.6298,0.641,0.6278,0.6337,27261876.7,2024-09-27 04:00:00+00:00
1727424000000,0.6338,0.6493,0.6325,0.6442,41901961.0,2024-09-27 08:00:00+00:00
1727438400000,0.6443,0.6551,0.6369,0.6495,43795977.6,2024-09-27 12:00:00+00:00
1727452800000,0.6494,0.666,0.6464,0.6552,37821451.0,2024-09-27 16:00:00+00:00
1727467200000,0.6552,0.6805,0.6519,0.6676,40306750.0,2024-09-27 20:00:00+00:00
1727481600000,0.6675,0.6726,0.6617,0.6683,22982465.0,2024-09-28 00:00:00+00:00
1727496000000,0.6682,0.6686,0.648,0.6484,31242937.9,2024-09-28 04:00:00+00:00
1727510400000,0.6484,0.6534,0.6328,0.6517,38617270.4,2024-09-28 08:00:00+00:00
1727524800000,0.6518,0.6518,0.6391,0.6482,19746571.8,2024-09-28 12:00:00+00:00
1727539200000,0.6482,0.6494,0.6418,0.6478,12598938.0,2024-09-28 16:00:00+00:00
1727553600000,0.6479,0.6494,0.6364,0.6469,13910115.9,2024-09-28 20:00:00+00:00
1727568000000,0.6471,0.6508,0.6402,0.6477,14102492.4,2024-09-29 00:00:00+00:00
1727582400000,0.6477,0.6479,0.6331,0.6347,17635810.1,2024-09-29 04:00:00+00:00
1727596800000,0.6346,0.6425,0.632,0.64,17234347.2,2024-09-29 08:00:00+00:00
1727611200000,0.64,0.6433,0.6311,0.643,21585462.2,2024-09-29 12:00:00+00:00
1727625600000,0.643,0.6548,0.6385,0.6544,22743810.5,2024-09-29 16:00:00+00:00
1727640000000,0.6545,0.6575,0.6425,0.6453,18182826.4,2024-09-29 20:00:00+00:00
1727654400000,0.6453,0.6536,0.6272,0.6358,36007607.7,2024-09-30 00:00:00+00:00
1727668800000,0.6357,0.6439,0.6294,0.6392,17942493.0,2024-09-30 04:00:00+00:00
1727683200000,0.6393,0.64,0.6157,0.6279,36768030.9,2024-09-30 08:00:00+00:00
1727697600000,0.6279,0.632,0.6125,0.6134,29382106.9,2024-09-30 12:00:00+00:00
1727712000000,0.6133,0.6202,0.6096,0.6163,25956203.9,2024-09-30 16:00:00+00:00
1727726400000,0.6163,0.6216,0.5981,0.6039,26841438.8,2024-09-30 20:00:00+00:00
1727740800000,0.604,0.6201,0.6009,0.6186,16712236.8,2024-10-01 00:00:00+00:00
1727755200000,0.6186,0.6291,0.6167,0.6272,16074670.9,2024-10-01 04:00:00+00:00
1727769600000,0.6271,0.6283,0.622,0.6223,9653366.5,2024-10-01 08:00:00+00:00
1727784000000,0.6223,0.6238,0.5574,0.5764,108835827.4,2024-10-01 12:00:00+00:00
1727798400000,0.5764,0.5788,0.5327,0.5528,92872328.6,2024-10-01 16:00:00+00:00
1727812800000,0.5529,0.5555,0.538,0.5502,39729782.0,2024-10-01 20:00:00+00:00
1727827200000,0.5501,0.5625,0.5468,0.5592,20857229.6,2024-10-02 00:00:00+00:00
1727841600000,0.5591,0.5635,0.5505,0.5597,23638403.7,2024-10-02 04:00:00+00:00
1727856000000,0.5598,0.563,0.543,0.5496,35839372.6,2024-10-02 08:00:00+00:00
1727870400000,0.5495,0.5523,0.5374,0.5496,46103617.7,2024-10-02 12:00:00+00:00
1727884800000,0.5497,0.556,0.5242,0.5297,45530778.0,2024-10-02 16:00:00+00:00
1727899200000,0.5296,0.5375,0.5264,0.5314,22677761.0,2024-10-02 20:00:00+00:00
1727913600000,0.5314,0.5426,0.525,0.5423,22908324.9,2024-10-03 00:00:00+00:00
1727928000000,0.5422,0.5433,0.5278,0.5287,17843194.2,2024-10-03 04:00:00+00:00
1727942400000,0.5287,0.5344,0.5149,0.5277,37521564.7,2024-10-03 08:00:00+00:00
1727956800000,0.5278,0.5342,0.514,0.5261,40535161.2,2024-10-03 12:00:00+00:00
1727971200000,0.5262,0.532,0.5164,0.5318,24747952.0,2024-10-03 16:00:00+00:00
1727985600000,0.5318,0.5375,0.5258,0.5335,15367836.9,2024-10-03 20:00:00+00:00
1728000000000,0.5335,0.5438,0.5312,0.5398,17345022.4,2024-10-04 00:00:00+00:00
1728014400000,0.5398,0.5516,0.5396,0.549,18580011.8,2024-10-04 04:00:00+00:00
1728028800000,0.5491,0.555,0.5481,0.5523,13755378.9,2024-10-04 08:00:00+00:00
1728043200000,0.5522,0.5604,0.5459,0.5603,31558621.6,2024-10-04 12:00:00+00:00
1728057600000,0.5602,0.5676,0.5587,0.5653,18100635.8,2024-10-04 16:00:00+00:00
1728072000000,0.5655,0.5676,0.562,0.5649,8905026.2,2024-10-04 20:00:00+00:00
1728086400000,0.5649,0.5697,0.5564,0.5586,11318788.8,2024-10-05 00:00:00+00:00
1728100800000,0.5586,0.5654,0.5577,0.5597,10850318.8,2024-10-05 04:00:00+00:00
1728115200000,0.5597,0.5636,0.5571,0.5592,9791617.5,2024-10-05 08:00:00+00:00
1728129600000,0.5592,0.5624,0.5526,0.5552,13964318.9,2024-10-05 12:00:00+00:00
1728144000000,0.5552,0.556,0.5442,0.5459,16714498.5,2024-10-05 16:00:00+00:00
1728158400000,0.5459,0.5513,0.5422,0.55,10826036.7,2024-10-05 20:00:00+00:00
1728172800000,0.5501,0.5551,0.5475,0.549,8444190.9,2024-10-06 00:00:00+00:00
1728187200000,0.549,0.5515,0.5479,0.5503,7458280.3,2024-10-06 04:00:00+00:00
1728201600000,0.5504,0.5526,0.5476,0.5499,9565420.3,2024-10-06 08:00:00+00:00
1728216000000,0.5501,0.5637,0.5495,0.5597,21929645.7,2024-10-06 12:00:00+00:00
1728230400000,0.5598,0.5625,0.5534,0.5544,13748788.3,2024-10-06 16:00:00+00:00
1728244800000,0.5544,0.5598,0.55,0.5595,12924535.5,2024-10-06 20:00:00+00:00
1728259200000,0.5595,0.5755,0.5562,0.5689,26738984.4,2024-10-07 00:00:00+00:00
1728273600000,0.5689,0.5714,0.5648,0.5655,14585360.1,2024-10-07 04:00:00+00:00
1728288000000,0.5655,0.5681,0.55,0.5604,27684468.9,2024-10-07 08:00:00+00:00
1728302400000,0.5605,0.5734,0.5564,0.5636,35489348.4,2024-10-07 12:00:00+00:00
1728316800000,0.5636,0.5674,0.5525,0.5597,23848696.4,2024-10-07 16:00:00+00:00
1728331200000,0.5597,0.5626,0.5479,0.5489,17941868.5,2024-10-07 20:00:00+00:00
1728345600000,0.5488,0.5555,0.5478,0.5528,13068803.4,2024-10-08 00:00:00+00:00
1728360000000,0.5528,0.557,0.5439,0.5502,20875394.5,2024-10-08 04:00:00+00:00
1728374400000,0.5502,0.5516,0.5462,0.5496,14810782.7,2024-10-08 08:00:00+00:00
1728388800000,0.5496,0.5542,0.5342,0.5403,29640814.0,2024-10-08 12:00:00+00:00
1728403200000,0.5403,0.5457,0.5361,0.5414,16053981.3,2024-10-08 16:00:00+00:00
1728417600000,0.5415,0.5469,0.537,0.5403,9721254.1,2024-10-08 20:00:00+00:00
1728432000000,0.5403,0.5484,0.5365,0.5419,12963341.3,2024-10-09 00:00:00+00:00
1728446400000,0.5419,0.5456,0.539,0.5409,9053267.8,2024-10-09 04:00:00+00:00
1728460800000,0.5408,0.5421,0.5371,0.5415,9750419.2,2024-10-09 08:00:00+00:00
1728475200000,0.5415,0.5433,0.5293,0.5409,26993785.8,2024-10-09 12:00:00+00:00
1728489600000,0.5409,0.5415,0.5211,0.525,24535152.0,2024-10-09 16:00:00+00:00
1728504000000,0.5249,0.5256,0.5143,0.5213,19744352.1,2024-10-09 20:00:00+00:00
1728518400000,0.5212,0.5262,0.518,0.5245,9466511.8,2024-10-10 00:00:00+00:00
1728532800000,0.5244,0.5299,0.5232,0.5245,9460208.4,2024-10-10 04:00:00+00:00
1728547200000,0.5245,0.5281,0.5155,0.5278,15596162.3,2024-10-10 08:00:00+00:00
1728561600000,0.5278,0.5282,0.5174,0.5237,23281725.7,2024-10-10 12:00:00+00:00
1728576000000,0.5237,0.527,0.5059,0.5164,33098499.9,2024-10-10 16:00:00+00:00
1728590400000,0.5164,0.5256,0.5141,0.5252,15350419.1,2024-10-10 20:00:00+00:00
1728604800000,0.5253,0.5309,0.5226,0.5282,12398730.6,2024-10-11 00:00:00+00:00
1728619200000,0.5283,0.5306,0.526,0.5288,9760342.6,2024-10-11 04:00:00+00:00
1728633600000,0.5289,0.5352,0.5285,0.5316,12585403.7,2024-10-11 08:00:00+00:00
1728648000000,0.5316,0.5399,0.5304,0.5372,27139345.8,2024-10-11 12:00:00+00:00
1728662400000,0.5373,0.5425,0.5347,0.5395,22452283.4,2024-10-11 16:00:00+00:00
1728676800000,0.5395,0.5416,0.5323,0.5339,16376916.5,2024-10-11 20:00:00+00:00
1728691200000,0.534,0.5377,0.5287,0.5304,14085213.1,2024-10-12 00:00:00+00:00
1728705600000,0.5304,0.5363,0.5301,0.5362,15819892.2,2024-10-12 04:00:00+00:00
1728720000000,0.5363,0.5408,0.5343,0.5381,33667597.9,2024-10-12 08:00:00+00:00
1728734400000,0.5381,0.5431,0.5352,0.5399,26535514.0,2024-10-12 12:00:00+00:00
1728748800000,0.5398,0.545,0.5337,0.5365,25583304.5,2024-10-12 16:00:00+00:00
1728763200000,0.5364,0.5419,0.536,0.5378,12606470.7,2024-10-12 20:00:00+00:00
1728777600000,0.5377,0.5389,0.5269,0.5293,19390607.7,2024-10-13 00:00:00+00:00
1728792000000,0.5293,0.5356,0.5291,0.5339,12639656.4,2024-10-13 04:00:00+00:00
1728806400000,0.5338,0.5393,0.532,0.5324,28885268.9,2024-10-13 08:00:00+00:00
1728820800000,0.5324,0.5387,0.5205,0.5232,38666619.1,2024-10-13 12:00:00+00:00
1728835200000,0.5232,0.5288,0.5176,0.5224,24048697.6,2024-10-13 16:00:00+00:00
1728849600000,0.5224,0.5325,0.521,0.5294,27955634.7,2024-10-13 20:00:00+00:00
1728864000000,0.5293,0.5402,0.5179,0.5389,31649448.5,2024-10-14 00:00:00+00:00
1728878400000,0.5389,0.5433,0.5324,0.5407,33976722.2,2024-10-14 04:00:00+00:00
1728892800000,0.5407,0.5489,0.5354,0.5476,33133518.2,2024-10-14 08:00:00+00:00
1728907200000,0.5476,0.5622,0.5468,0.5616,51853807.1,2024-10-14 12:00:00+00:00
1728921600000,0.5616,0.5639,0.5559,0.5625,26617332.0,2024-10-14 16:00:00+00:00
1728936000000,0.5625,0.569,0.5592,0.5648,19062451.1,2024-10-14 20:00:00+00:00
1728950400000,0.5648,0.5686,0.5574,0.5581,26059235.1,2024-10-15 00:00:00+00:00
1728964800000,0.5581,0.5686,0.5561,0.5631,28416220.7,2024-10-15 04:00:00+00:00
1728979200000,0.5631,0.5755,0.5504,0.554,55053644.7,2024-10-15 08:00:00+00:00
1728993600000,0.5541,0.5834,0.543,0.5582,106114379.0,2024-10-15 12:00:00+00:00
1729008000000,0.5583,0.5719,0.5571,0.5633,29797471.6,2024-10-15 16:00:00+00:00
1729022400000,0.5633,0.5682,0.5517,0.5677,22460394.5,2024-10-15 20:00:00+00:00
1729036800000,0.5677,0.5723,0.5593,0.5677,20100887.7,2024-10-16 00:00:00+00:00
1729051200000,0.5677,0.5833,0.5625,0.5688,52354265.6,2024-10-16 04:00:00+00:00
1729065600000,0.5689,0.5801,0.565,0.5768,42173009.4,2024-10-16 08:00:00+00:00
1729080000000,0.5769,0.5818,0.5631,0.565,51927317.1,2024-10-16 12:00:00+00:00
1729094400000,0.565,0.5675,0.5545,0.5575,33133249.5,2024-10-16 16:00:00+00:00
1729108800000,0.5574,0.5641,0.5567,0.5571,15319725.4,2024-10-16 20:00:00+00:00
1729123200000,0.5571,0.566,0.5569,0.5622,19369061.5,2024-10-17 00:00:00+00:00
1729137600000,0.5623,0.5628,0.5463,0.5514,23227742.8,2024-10-17 04:00:00+00:00
1729152000000,0.5514,0.5523,0.5404,0.5431,27895762.3,2024-10-17 08:00:00+00:00
1729166400000,0.5431,0.557,0.5421,0.5559,34956743.4,2024-10-17 12:00:00+00:00
1729180800000,0.556,0.5568,0.5406,0.5459,25951605.5,2024-10-17 16:00:00+00:00
1729195200000,0.546,0.5512,0.5457,0.5467,10843716.7,2024-10-17 20:00:00+00:00
1729209600000,0.5467,0.5589,0.5434,0.5497,18715387.5,2024-10-18 00:00:00+00:00
1729224000000,0.5496,0.5618,0.5492,0.561,15847002.8,2024-10-18 04:00:00+00:00
1729238400000,0.561,0.5622,0.5568,0.5576,15787906.4,2024-10-18 08:00:00+00:00
1729252800000,0.5577,0.5672,0.5537,0.5647,26903403.9,2024-10-18 12:00:00+00:00
1729267200000,0.5647,0.5719,0.5611,0.5646,23104303.9,2024-10-18 16:00:00+00:00
1729281600000,0.5647,0.5649,0.5591,0.5633,12716349.1,2024-10-18 20:00:00+00:00
1729296000000,0.5633,0.5721,0.5612,0.5671,12001637.0,2024-10-19 00:00:00+00:00
1729310400000,0.5671,0.5711,0.5646,0.5672,13119854.8,2024-10-19 04:00:00+00:00
1729324800000,0.5671,0.5691,0.5577,0.558,12050040.9,2024-10-19 08:00:00+00:00
1729339200000,0.558,0.5628,0.5559,0.5602,18200771.6,2024-10-19 12:00:00+00:00
1729353600000,0.5602,0.563,0.5575,0.5607,12989241.8,2024-10-19 16:00:00+00:00
1729368000000,0.5606,0.5694,0.5602,0.5659,11649250.6,2024-10-19 20:00:00+00:00
1729382400000,0.5659,0.5707,0.5606,0.5638,11920125.9,2024-10-20 00:00:00+00:00
1729396800000,0.5638,0.5765,0.5625,0.5728,23229602.3,2024-10-20 04:00:00+00:00
1729411200000,0.5728,0.5771,0.5713,0.577,12822324.3,2024-10-20 08:00:00+00:00
1729425600000,0.577,0.6198,0.5749,0.6013,107177919.7,2024-10-20 12:00:00+00:00
1729440000000,0.6014,0.604,0.5949,0.6038,31454149.7,2024-10-20 16:00:00+00:00
1729454400000,0.6037,0.6148,0.6019,0.6128,26344942.7,2024-10-20 20:00:00+00:00
1729468800000,0.6128,0.6169,0.6018,0.6057,25220888.4,2024-10-21 00:00:00+00:00
1729483200000,0.6056,0.611,0.6007,0.6009,18177566.2,2024-10-21 04:00:00+00:00
1729497600000,0.6008,0.6037,0.5903,0.595,28307096.4,2024-10-21 08:00:00+00:00
1729512000000,0.5951,0.5979,0.5818,0.5894,42400243.7,2024-10-21 12:00:00+00:00
1729526400000,0.5895,0.5952,0.58,0.5924,34525111.0,2024-10-21 16:00:00+00:00
1729540800000,0.5923,0.5935,0.5873,0.5879,9927362.3,2024-10-21 20:00:00+00:00
1729555200000,0.5879,0.5976,0.5802,0.5961,24908294.5,2024-10-22 00:00:00+00:00
1729569600000,0.5961,0.6006,0.593,0.5932,15953009.4,2024-10-22 04:00:00+00:00
1729584000000,0.5932,0.5962,0.5815,0.5868,26773451.3,2024-10-22 08:00:00+00:00
1729598400000,0.5867,0.5894,0.5723,0.5788,39110472.9,2024-10-22 12:00:00+00:00
1729612800000,0.5788,0.582,0.5726,0.5793,15961135.0,2024-10-22 16:00:00+00:00
1729627200000,0.5792,0.5846,0.5777,0.5797,11272413.7,2024-10-22 20:00:00+00:00
1729641600000,0.5797,0.5815,0.57,0.5754,15503126.0,2024-10-23 00:00:00+00:00
1729656000000,0.5754,0.5806,0.5703,0.5717,17859051.0,2024-10-23 04:00:00+00:00
1729670400000,0.5718,0.5748,0.5609,0.5639,31279193.8,2024-10-23 08:00:00+00:00
1729684800000,0.564,0.5695,0.553,0.5561,36787966.3,2024-10-23 12:00:00+00:00
1729699200000,0.5562,0.5575,0.5425,0.5557,43974106.6,2024-10-23 16:00:00+00:00
1729713600000,0.5558,0.5609,0.5543,0.5595,13098825.5,2024-10-23 20:00:00+00:00
1729728000000,0.5595,0.5676,0.5559,0.5643,20300743.2,2024-10-24 00:00:00+00:00
1729742400000,0.5643,0.5686,0.5593,0.5602,16997174.4,2024-10-24 04:00:00+00:00
1729756800000,0.5601,0.5629,0.5515,0.5572,20047466.5,2024-10-24 08:00:00+00:00
1729771200000,0.5573,0.5639,0.5556,0.5614,26117162.3,2024-10-24 12:00:00+00:00
1729785600000,0.5614,0.5659,0.5581,0.5652,16578928.1,2024-10-24 16:00:00+00:00
1729800000000,0.5653,0.5697,0.5584,0.5611,15237709.3,2024-10-24 20:00:00+00:00
1729814400000,0.561,0.5625,0.5513,0.5545,16903097.4,2024-10-25 00:00:00+00:00
1729828800000,0.5545,0.5548,0.5411,0.5447,27269924.1,2024-10-25 04:00:00+00:00
1729843200000,0.5447,0.5558,0.5417,0.5535,31108676.3,2024-10-25 08:00:00+00:00
1729857600000,0.5535,0.5581,0.5469,0.5519,31250156.1,2024-10-25 12:00:00+00:00
1729872000000,0.5519,0.5524,0.5261,0.5367,70898438.1,2024-10-25 16:00:00+00:00
1729886400000,0.5366,0.5409,0.4823,0.5064,98551572.5,2024-10-25 20:00:00+00:00
1729900800000,0.5064,0.5139,0.4965,0.513,44803826.1,2024-10-26 00:00:00+00:00
1729915200000,0.513,0.5178,0.5116,0.5124,21044041.0,2024-10-26 04:00:00+00:00
1729929600000,0.5124,0.5172,0.5112,0.5151,16054595.5,2024-10-26 08:00:00+00:00
1729944000000,0.5151,0.5169,0.4979,0.5038,30344555.0,2024-10-26 12:00:00+00:00
1729958400000,0.5039,0.5155,0.5029,0.5147,17759812.3,2024-10-26 16:00:00+00:00
1729972800000,0.5147,0.5197,0.5129,0.5142,13181737.1,2024-10-26 20:00:00+00:00
1729987200000,0.5142,0.5165,0.5111,0.5163,9469990.6,2024-10-27 00:00:00+00:00
1730001600000,0.5164,0.517,0.5129,0.5135,8032073.0,2024-10-27 04:00:00+00:00
1730016000000,0.5136,0.5156,0.5061,0.5075,14334956.9,2024-10-27 08:00:00+00:00
1730030400000,0.5075,0.5178,0.5073,0.5163,15734806.7,2024-10-27 12:00:00+00:00
1730044800000,0.5163,0.5187,0.5114,0.514,15260446.9,2024-10-27 16:00:00+00:00
1730059200000,0.514,0.5246,0.5126,0.5192,18818892.3,2024-10-27 20:00:00+00:00
1730073600000,0.5193,0.5212,0.5063,0.5077,15223266.9,2024-10-28 00:00:00+00:00
1730088000000,0.5077,0.5215,0.5036,0.5174,28059473.6,2024-10-28 04:00:00+00:00
1730102400000,0.5175,0.524,0.5167,0.5216,23637091.6,2024-10-28 08:00:00+00:00
1730116800000,0.5215,0.5225,0.5081,0.5102,36927298.7,2024-10-28 12:00:00+00:00
1730131200000,0.5102,0.5158,0.5022,0.5137,35051312.8,2024-10-28 16:00:00+00:00
1730145600000,0.5174,0.5297,0.5161,0.5225,23889770.3,2024-10-28 20:00:00+00:00
1730160000000,0.5225,0.5357,0.5209,0.5324,28060003.8,2024-10-29 00:00:00+00:00
1730174400000,0.5325,0.5358,0.5285,0.5303,14561526.7,2024-10-29 04:00:00+00:00
1730188800000,0.5303,0.5377,0.5296,0.5373,24522065.6,2024-10-29 08:00:00+00:00
1730203200000,0.5372,0.5408,0.5321,0.5407,39938980.4,2024-10-29 12:00:00+00:00
1730217600000,0.5406,0.5509,0.5392,0.5413,46004741.3,2024-10-29 16:00:00+00:00
1730232000000,0.5414,0.5486,0.537,0.5476,18644128.1,2024-10-29 20:00:00+00:00
1730246400000,0.5476,0.5484,0.5387,0.5469,16833850.9,2024-10-30 00:00:00+00:00
1730260800000,0.5469,0.5535,0.5422,0.5504,27200628.8,2024-10-30 04:00:00+00:00
1730275200000,0.5505,0.5574,0.5427,0.5431,40853848.1,2024-10-30 08:00:00+00:00
1730289600000,0.5432,0.5702,0.5405,0.5651,73589702.4,2024-10-30 12:00:00+00:00
1730304000000,0.5652,0.569,0.5574,0.5588,32232796.2,2024-10-30 16:00:00+00:00
1730318400000,0.5587,0.5639,0.5536,0.5573,22943932.7,2024-10-30 20:00:00+00:00
1730332800000,0.5574,0.5613,0.5491,0.5512,24905627.0,2024-10-31 00:00:00+00:00
1730347200000,0.5513,0.5535,0.5431,0.5485,17879362.2,2024-10-31 04:00:00+00:00
1730361600000,0.5485,0.5486,0.5402,0.5422,22128022.1,2024-10-31 08:00:00+00:00
1730376000000,0.5422,0.5433,0.5282,0.5347,38718137.1,2024-10-31 12:00:00+00:00
1730390400000,0.5346,0.5346,0.5189,0.5201,34140574.3,2024-10-31 16:00:00+00:00
1730404800000,0.5199,0.5297,0.519,0.5268,20364961.3,2024-10-31 20:00:00+00:00
1730419200000,0.5269,0.5313,0.5175,0.5306,21187665.9,2024-11-01 00:00:00+00:00
1730433600000,0.5307,0.5338,0.519,0.5241,18181287.9,2024-11-01 04:00:00+00:00
1730448000000,0.5242,0.5347,0.5227,0.5302,17906899.3,2024-11-01 08:00:00+00:00
1730462400000,0.5303,0.5448,0.5164,0.5233,45545529.7,2024-11-01 12:00:00+00:00
1730476800000,0.5234,0.5339,0.5225,0.5251,24553427.8,2024-11-01 16:00:00+00:00
1730491200000,0.5252,0.5254,0.5106,0.5195,19571217.9,2024-11-01 20:00:00+00:00
1730505600000,0.5195,0.5256,0.5191,0.5203,9248668.6,2024-11-02 00:00:00+00:00
1730520000000,0.5203,0.5215,0.5152,0.5198,15531560.5,2024-11-02 04:00:00+00:00
1730534400000,0.5198,0.5207,0.5162,0.5165,10913486.5,2024-11-02 08:00:00+00:00
1730548800000,0.5165,0.5179,0.5062,0.5096,26597455.6,2024-11-02 12:00:00+00:00
1730563200000,0.5096,0.5129,0.5001,0.5046,24329202.4,2024-11-02 16:00:00+00:00
1730577600000,0.5045,0.5063,0.5015,0.5042,8935545.7,2024-11-02 20:00:00+00:00
1730592000000,0.5042,0.5053,0.4735,0.487,65206723.1,2024-11-03 00:00:00+00:00
1730606400000,0.4871,0.4929,0.4858,0.4871,29579999.9,2024-11-03 04:00:00+00:00
1730620800000,0.4871,0.4884,0.4773,0.4783,36955075.1,2024-11-03 08:00:00+00:00
1730635200000,0.4782,0.4809,0.4603,0.4741,80944984.5,2024-11-03 12:00:00+00:00
1730649600000,0.474,0.4807,0.4708,0.4803,29520502.1,2024-11-03 16:00:00+00:00
1730664000000,0.4803,0.486,0.4783,0.4819,18177104.6,2024-11-03 20:00:00+00:00
1730678400000,0.4819,0.4916,0.4765,0.4855,19001393.5,2024-11-04 00:00:00+00:00
1730692800000,0.4856,0.4899,0.4799,0.4806,19035019.3,2024-11-04 04:00:00+00:00
1730707200000,0.4807,0.4889,0.477,0.4878,24056386.4,2024-11-04 08:00:00+00:00
1730721600000,0.4878,0.4909,0.4777,0.479,29938041.6,2024-11-04 12:00:00+00:00
1730736000000,0.4791,0.4802,0.4712,0.4774,28874076.2,2024-11-04 16:00:00+00:00
1730750400000,0.4774,0.4776,0.4594,0.4731,44448140.6,2024-11-04 20:00:00+00:00
1730764800000,0.4731,0.4795,0.4723,0.4785,16648035.2,2024-11-05 00:00:00+00:00
1730779200000,0.4785,0.4828,0.4778,0.4811,17475688.1,2024-11-05 04:00:00+00:00
1730793600000,0.4811,0.4849,0.4786,0.4832,17664995.8,2024-11-05 08:00:00+00:00
1730808000000,0.4832,0.496,0.4806,0.4874,37712663.9,2024-11-05 12:00:00+00:00
1730822400000,0.4874,0.4962,0.481,0.4832,28174249.1,2024-11-05 16:00:00+00:00
1730836800000,0.4832,0.4931,0.4816,0.4903,19189811.7,2024-11-05 20:00:00+00:00
1730851200000,0.4903,0.5255,0.4903,0.5194,79506237.3,2024-11-06 00:00:00+00:00
1730865600000,0.5196,0.5344,0.5135,0.5233,58009947.0,2024-11-06 04:00:00+00:00
1730880000000,0.5234,0.5315,0.5131,0.5297,42726079.1,2024-11-06 08:00:00+00:00
1730894400000,0.5297,0.5335,0.5158,0.5221,45219585.6,2024-11-06 12:00:00+00:00
1730908800000,0.5221,0.5368,0.5216,0.5363,35390631.8,2024-11-06 16:00:00+00:00
1730923200000,0.5363,0.5564,0.5338,0.5488,36686368.4,2024-11-06 20:00:00+00:00
1730937600000,0.5488,0.5942,0.5456,0.5783,78826397.5,2024-11-07 00:00:00+00:00
1730952000000,0.5783,0.5792,0.5591,0.5667,48260002.6,2024-11-07 04:00:00+00:00
1730966400000,0.5667,0.5836,0.566,0.5718,60656541.8,2024-11-07 08:00:00+00:00
1730980800000,0.5718,0.5835,0.5623,0.576,58854767.4,2024-11-07 12:00:00+00:00
1730995200000,0.576,0.5854,0.5693,0.5851,45515962.4,2024-11-07 16:00:00+00:00
1731009600000,0.5851,0.5915,0.5743,0.581,39215711.4,2024-11-07 20:00:00+00:00
1731024000000,0.581,0.594,0.5713,0.5748,39602701.2,2024-11-08 00:00:00+00:00
1731038400000,0.5748,0.5793,0.5666,0.5728,26035232.2,2024-11-08 04:00:00+00:00
1731052800000,0.5728,0.575,0.5668,0.5723,23709371.0,2024-11-08 08:00:00+00:00
1731067200000,0.5724,0.588,0.5724,0.5855,51572555.5,2024-11-08 12:00:00+00:00
1731081600000,0.5855,0.5975,0.5686,0.5918,67261964.5,2024-11-08 16:00:00+00:00
1731096000000,0.5919,0.5985,0.5848,0.5918,31269612.0,2024-11-08 20:00:00+00:00
1731110400000,0.5919,0.5993,0.5792,0.5812,28932892.3,2024-11-09 00:00:00+00:00
1731124800000,0.5813,0.6196,0.5805,0.6017,61832331.6,2024-11-09 04:00:00+00:00
1731139200000,0.6017,0.6149,0.6012,0.6144,32494808.7,2024-11-09 08:00:00+00:00
1731153600000,0.6143,0.6159,0.5937,0.599,55799152.1,2024-11-09 12:00:00+00:00
1731168000000,0.5989,0.6001,0.5834,0.5933,35437207.5,2024-11-09 16:00:00+00:00
1731182400000,0.5932,0.6245,0.592,0.6199,38518914.0,2024-11-09 20:00:00+00:00
1731196800000,0.6199,0.6203,0.605,0.6151,34940277.5,2024-11-10 00:00:00+00:00
1731211200000,0.6152,0.6339,0.6137,0.6227,52004691.3,2024-11-10 04:00:00+00:00
1731225600000,0.6228,0.6503,0.621,0.6465,56766329.8,2024-11-10 08:00:00+00:00
1731240000000,0.6464,0.6506,0.6306,0.6452,84930107.0,2024-11-10 12:00:00+00:00
1731254400000,0.6452,0.6565,0.6255,0.6328,64219537.4,2024-11-10 16:00:00+00:00
1731268800000,0.6328,0.6365,0.596,0.6295,78012516.0,2024-11-10 20:00:00+00:00
1731283200000,0.6295,0.6554,0.6253,0.6492,50965484.3,2024-11-11 00:00:00+00:00
1731297600000,0.6492,0.6501,0.6101,0.6237,56202532.9,2024-11-11 04:00:00+00:00
1731312000000,0.6237,0.6375,0.6206,0.637,37590412.2,2024-11-11 08:00:00+00:00
1731326400000,0.6369,0.6413,0.6186,0.6351,70717367.3,2024-11-11 12:00:00+00:00
1731340800000,0.635,0.6615,0.6338,0.6514,74797681.8,2024-11-11 16:00:00+00:00
1731355200000,0.6513,0.6727,0.6426,0.6722,65221238.9,2024-11-11 20:00:00+00:00
1731369600000,0.6722,0.6732,0.6464,0.6668,80329310.0,2024-11-12 00:00:00+00:00
1731384000000,0.6668,0.682,0.6561,0.6688,59914213.7,2024-11-12 04:00:00+00:00
1731398400000,0.6689,0.6905,0.6036,0.6342,162360044.8,2024-11-12 08:00:00+00:00
1731412800000,0.6342,0.6393,0.6044,0.6233,85649230.7,2024-11-12 12:00:00+00:00
1731427200000,0.6233,0.6326,0.6066,0.6274,47116517.9,2024-11-12 16:00:00+00:00
1731441600000,0.6274,0.6436,0.6185,0.6306,35581182.9,2024-11-12 20:00:00+00:00
1731456000000,0.6306,0.638,0.5987,0.5991,57651731.0,2024-11-13 00:00:00+00:00
1731470400000,0.5991,0.6083,0.5713,0.5859,85550959.5,2024-11-13 04:00:00+00:00
1731484800000,0.586,0.599,0.5759,0.5921,42336959.9,2024-11-13 08:00:00+00:00
1731499200000,0.5921,0.6401,0.5844,0.6351,111490202.8,2024-11-13 12:00:00+00:00
1731513600000,0.6349,0.645,0.6069,0.6092,83628857.9,2024-11-13 16:00:00+00:00
1731528000000,0.6092,0.6163,0.5926,0.6126,51898303.1,2024-11-13 20:00:00+00:00
1731542400000,0.6125,0.6222,0.6041,0.6195,40717952.1,2024-11-14 00:00:00+00:00
1731556800000,0.6195,0.6365,0.6147,0.6273,37313375.4,2024-11-14 04:00:00+00:00
1731571200000,0.6272,0.6311,0.6004,0.61,45473803.6,2024-11-14 08:00:00+00:00
1731585600000,0.6098,0.613,0.579,0.5848,62752569.1,2024-11-14 12:00:00+00:00
1731600000000,0.5849,0.6033,0.5806,0.6005,34594865.3,2024-11-14 16:00:00+00:00
1731614400000,0.6004,0.6011,0.5719,0.5806,52346638.7,2024-11-14 20:00:00+00:00
1731628800000,0.5805,0.5879,0.5691,0.5851,35131574.5,2024-11-15 00:00:00+00:00
1731643200000,0.585,0.5868,0.5663,0.5788,39420919.9,2024-11-15 04:00:00+00:00
1731657600000,0.5789,0.5972,0.5732,0.5964,37166600.8,2024-11-15 08:00:00+00:00
1731672000000,0.5965,0.6004,0.573,0.5771,53815400.1,2024-11-15 12:00:00+00:00
1731686400000,0.5771,0.5966,0.5739,0.5929,36797690.7,2024-11-15 16:00:00+00:00
1731700800000,0.5929,0.6134,0.5927,0.6069,31321769.6,2024-11-15 20:00:00+00:00
1731715200000,0.6069,0.6235,0.602,0.6232,24024737.1,2024-11-16 00:00:00+00:00
1731729600000,0.6232,0.6274,0.615,0.6212,28925758.4,2024-11-16 04:00:00+00:00
1731744000000,0.6213,0.6546,0.6211,0.6545,70715656.8,2024-11-16 08:00:00+00:00
1731758400000,0.6544,0.6675,0.644,0.6561,86665987.9,2024-11-16 12:00:00+00:00
1731772800000,0.6561,0.7216,0.6518,0.7176,150666286.8,2024-11-16 16:00:00+00:00
1731787200000,0.7177,0.7643,0.7152,0.7257,170136887.3,2024-11-16 20:00:00+00:00
1731801600000,0.7258,0.733,0.6675,0.6931,117649494.8,2024-11-17 00:00:00+00:00
1731816000000,0.6932,0.709,0.685,0.7037,57505846.3,2024-11-17 04:00:00+00:00
1731830400000,0.7037,0.7188,0.6786,0.679,68663619.9,2024-11-17 08:00:00+00:00
1731844800000,0.679,0.6962,0.6782,0.6878,42650606.3,2024-11-17 12:00:00+00:00
1731859200000,0.6878,0.6968,0.6712,0.6818,47435700.0,2024-11-17 16:00:00+00:00
1731873600000,0.6819,0.6833,0.6593,0.6746,43299529.0,2024-11-17 20:00:00+00:00
1731888000000,0.6747,0.7027,0.6711,0.6891,59100938.6,2024-11-18 00:00:00+00:00
1731902400000,0.6891,0.706,0.6802,0.7015,42757626.9,2024-11-18 04:00:00+00:00
1731916800000,0.7015,0.7038,0.6757,0.6784,56671905.9,2024-11-18 08:00:00+00:00
1731931200000,0.6784,0.7102,0.6711,0.7062,66342819.0,2024-11-18 12:00:00+00:00
1731945600000,0.7062,0.7368,0.6954,0.707,108055561.0,2024-11-18 16:00:00+00:00
1731960000000,0.7071,0.75,0.7023,0.7391,73359923.0,2024-11-18 20:00:00+00:00
1731974400000,0.7391,0.7565,0.7123,0.7158,64705342.9,2024-11-19 00:00:00+00:00
1731988800000,0.7159,0.7188,0.7014,0.7047,29419557.6,2024-11-19 04:00:00+00:00
1732003200000,0.7047,0.7111,0.6924,0.7106,52812653.1,2024-11-19 08:00:00+00:00
1732017600000,0.7105,0.716,0.6855,0.6935,57201167.2,2024-11-19 12:00:00+00:00
1732032000000,0.6935,0.7037,0.6902,0.6951,32768731.8,2024-11-19 16:00:00+00:00
1732046400000,0.695,0.6964,0.6747,0.6924,40809095.4,2024-11-19 20:00:00+00:00
1732060800000,0.6925,0.6925,0.665,0.6774,33116288.8,2024-11-20 00:00:00+00:00
1732075200000,0.6774,0.6866,0.6714,0.6824,19343877.8,2024-11-20 04:00:00+00:00
1732089600000,0.6824,0.7174,0.6804,0.7023,86213199.8,2024-11-20 08:00:00+00:00
1732104000000,0.7022,0.714,0.6788,0.6961,76751274.9,2024-11-20 12:00:00+00:00
1732118400000,0.6961,0.6979,0.6482,0.6558,81795227.0,2024-11-20 16:00:00+00:00
1732132800000,0.6558,0.6786,0.6505,0.6724,31887279.2,2024-11-20 20:00:00+00:00
1732147200000,0.6724,0.685,0.6492,0.6676,40597740.7,2024-11-21 00:00:00+00:00
1732161600000,0.6676,0.7086,0.6674,0.7046,84861599.2,2024-11-21 04:00:00+00:00
1732176000000,0.7046,0.7148,0.6885,0.7013,54693203.6,2024-11-21 08:00:00+00:00
1732190400000,0.7012,0.8232,0.7003,0.7866,403588454.0,2024-11-21 12:00:00+00:00
1732204800000,0.7866,0.8091,0.7679,0.7768,115142788.5,2024-11-21 16:00:00+00:00
1732219200000,0.7769,0.795,0.776,0.7792,48682340.4,2024-11-21 20:00:00+00:00
1732233600000,0.7792,0.7857,0.7561,0.7724,67323236.3,2024-11-22 00:00:00+00:00
1732248000000,0.7724,0.8037,0.7697,0.7769,70632889.2,2024-11-22 04:00:00+00:00
1732262400000,0.7769,0.8014,0.769,0.7848,67462198.8,2024-11-22 08:00:00+00:00
1732276800000,0.7849,0.8422,0.7756,0.798,216835632.9,2024-11-22 12:00:00+00:00
1732291200000,0.7979,0.7993,0.7621,0.7717,74242292.8,2024-11-22 16:00:00+00:00
1732305600000,0.7718,0.813,0.7685,0.8096,51876467.7,2024-11-22 20:00:00+00:00
1732320000000,0.8096,0.8402,0.7993,0.8162,90917198.6,2024-11-23 00:00:00+00:00
1732334400000,0.8163,0.8338,0.8001,0.8286,50657238.9,2024-11-23 04:00:00+00:00
1732348800000,0.8286,0.8574,0.8177,0.832,77231162.7,2024-11-23 08:00:00+00:00
1732363200000,0.832,0.8839,0.8277,0.8682,120846894.2,2024-11-23 12:00:00+00:00
1732377600000,0.8683,0.8788,0.8208,0.8624,137404378.4,2024-11-23 16:00:00+00:00
1732392000000,0.8624,0.8791,0.8394,0.856,57546351.5,2024-11-23 20:00:00+00:00
1732406400000,0.856,0.8997,0.8505,0.8979,74865531.7,2024-11-24 00:00:00+00:00
1732420800000,0.8979,0.9126,0.8725,0.8846,66307651.6,2024-11-24 04:00:00+00:00
1732435200000,0.8845,0.8899,0.8326,0.8399,86675424.5,2024-11-24 08:00:00+00:00
1732449600000,0.84,0.8486,0.7976,0.8003,128112680.2,2024-11-24 12:00:00+00:00
1732464000000,0.8003,0.8361,0.7954,0.8254,46911376.7,2024-11-24 16:00:00+00:00
1732478400000,0.8253,0.8682,0.8229,0.8629,39124906.2,2024-11-24 20:00:00+00:00
1732492800000,0.863,0.8638,0.823,0.8517,53676937.3,2024-11-25 00:00:00+00:00
1732507200000,0.8516,0.8757,0.8433,0.8613,49111189.3,2024-11-25 04:00:00+00:00
1732521600000,0.8612,0.9454,0.8594,0.9105,159566061.2,2024-11-25 08:00:00+00:00
1732536000000,0.9106,0.955,0.8715,0.9473,174988582.4,2024-11-25 12:00:00+00:00
1732550400000,0.9473,0.9562,0.9009,0.9324,109532498.7,2024-11-25 16:00:00+00:00
1732564800000,0.9323,0.9545,0.896,0.9057,108927623.4,2024-11-25 20:00:00+00:00
1732579200000,0.9057,0.9219,0.888,0.9144,71924038.9,2024-11-26 00:00:00+00:00
1732593600000,0.9145,0.928,0.8852,0.8964,61438683.3,2024-11-26 04:00:00+00:00
1732608000000,0.8963,0.8977,0.8385,0.8573,106926510.3,2024-11-26 08:00:00+00:00
1732622400000,0.8572,0.8854,0.8488,0.8542,70575173.7,2024-11-26 12:00:00+00:00
1732636800000,0.8542,0.8765,0.83,0.8527,64894226.6,2024-11-26 16:00:00+00:00
1732651200000,0.8525,0.8737,0.849,0.8708,38543718.2,2024-11-26 20:00:00+00:00
1732665600000,0.8707,0.8851,0.8483,0.8789,43832445.2,2024-11-27 00:00:00+00:00
1732680000000,0.879,0.9287,0.878,0.9101,87490771.5,2024-11-27 04:00:00+00:00
1732694400000,0.9101,0.9301,0.8914,0.9216,55999283.8,2024-11-27 08:00:00+00:00
1732708800000,0.9215,0.9399,0.9101,0.9272,90300856.2,2024-11-27 12:00:00+00:00
1732723200000,0.9272,0.9413,0.9166,0.9242,46511068.7,2024-11-27 16:00:00+00:00
1732737600000,0.9244,0.9756,0.9223,0.9683,83877598.1,2024-11-27 20:00:00+00:00
1732752000000,0.9682,0.9818,0.9221,0.9281,79498545.6,2024-11-28 00:00:00+00:00
1732766400000,0.928,0.9384,0.9134,0.9179,29472283.2,2024-11-28 04:00:00+00:00
1732780800000,0.9179,0.9417,0.9025,0.9157,69776046.8,2024-11-28 08:00:00+00:00
1732795200000,0.9156,0.9319,0.8875,0.8899,84302912.7,2024-11-28 12:00:00+00:00
1732809600000,0.89,0.9102,0.8895,0.9081,27638583.8,2024-11-28 16:00:00+00:00
1732824000000,0.9081,0.9209,0.8992,0.9143,29152916.2,2024-11-28 20:00:00+00:00
1732838400000,0.9142,0.9174,0.8981,0.9084,29268670.2,2024-11-29 00:00:00+00:00
1732852800000,0.9083,0.9155,0.893,0.8936,26430414.3,2024-11-29 04:00:00+00:00
1732867200000,0.8935,0.9199,0.8934,0.9175,30212227.8,2024-11-29 08:00:00+00:00
1732881600000,0.9176,0.9415,0.908,0.9261,59708240.1,2024-11-29 12:00:00+00:00
1732896000000,0.9262,0.9325,0.9156,0.9282,31807661.3,2024-11-29 16:00:00+00:00
1732910400000,0.9283,0.9377,0.9241,0.9312,22323447.3,2024-11-29 20:00:00+00:00
1732924800000,0.9311,0.9643,0.921,0.9617,68293026.6,2024-11-30 00:00:00+00:00
1732939200000,0.9618,0.9854,0.9464,0.9692,82519252.5,2024-11-30 04:00:00+00:00
1732953600000,0.9693,0.9773,0.9413,0.9546,44006065.9,2024-11-30 08:00:00+00:00
1732968000000,0.9547,0.9754,0.952,0.9573,40384928.2,2024-11-30 12:00:00+00:00
1732982400000,0.9574,0.971,0.9531,0.97,27327375.8,2024-11-30 16:00:00+00:00
1732996800000,0.9699,0.9884,0.9672,0.9719,40799776.3,2024-11-30 20:00:00+00:00
1733011200000,0.972,0.9832,0.9433,0.9704,62110388.2,2024-12-01 00:00:00+00:00
1733025600000,0.9704,0.9735,0.9464,0.9639,35284861.8,2024-12-01 04:00:00+00:00
1733040000000,0.9639,0.9685,0.9468,0.9616,31351251.1,2024-12-01 08:00:00+00:00
1733054400000,0.9616,0.998,0.9596,0.9869,53961075.5,2024-12-01 12:00:00+00:00
1733068800000,0.9869,0.9915,0.9563,0.9615,38291892.3,2024-12-01 16:00:00+00:00
1733083200000,0.9614,0.9737,0.9463,0.9699,43466918.0,2024-12-01 20:00:00+00:00
1733097600000,0.97,0.9985,0.9567,0.96,74419551.1,2024-12-02 00:00:00+00:00
1733112000000,0.9599,0.9834,0.9423,0.9554,80347155.9,2024-12-02 04:00:00+00:00
1733126400000,0.9556,0.957,0.8971,0.9119,102484105.1,2024-12-02 08:00:00+00:00
1733140800000,0.912,0.9781,0.9054,0.9713,90483802.7,2024-12-02 12:00:00+00:00
1733155200000,0.9714,0.9748,0.9355,0.9658,70230334.6,2024-12-02 16:00:00+00:00
1733169600000,0.9659,1.0531,0.9641,1.0277,134924623.5,2024-12-02 20:00:00+00:00
1733184000000,1.0277,1.061,1.0018,1.0422,58219367.6,2024-12-03 00:00:00+00:00
1733198400000,1.0421,1.0874,1.0376,1.0629,78958384.3,2024-12-03 04:00:00+00:00
1733212800000,1.0629,1.0791,1.0368,1.0527,51430795.6,2024-12-03 08:00:00+00:00
1733227200000,1.0527,1.0578,0.9623,1.0076,150136554.7,2024-12-03 12:00:00+00:00
1733241600000,1.0076,1.0294,0.9879,1.0173,54509558.7,2024-12-03 16:00:00+00:00
1733256000000,1.0173,1.0558,1.014,1.0458,47546593.8,2024-12-03 20:00:00+00:00
1733270400000,1.0458,1.1047,1.0443,1.0751,96031519.2,2024-12-04 00:00:00+00:00
1733284800000,1.0751,1.1195,1.0716,1.1158,42994409.7,2024-12-04 04:00:00+00:00
1733299200000,1.1159,1.1434,1.088,1.1203,61889206.3,2024-12-04 08:00:00+00:00
1733313600000,1.1202,1.1747,1.0922,1.1634,112961619.9,2024-12-04 12:00:00+00:00
1733328000000,1.1636,1.1887,1.1044,1.1856,109270620.9,2024-12-04 16:00:00+00:00
1733342400000,1.1857,1.1895,1.1174,1.1368,74332056.2,2024-12-04 20:00:00+00:00
1733356800000,1.1368,1.1385,1.0702,1.1032,86008753.6,2024-12-05 00:00:00+00:00
1733371200000,1.1033,1.135,1.099,1.1255,50433448.4,2024-12-05 04:00:00+00:00
1733385600000,1.1256,1.1597,1.1223,1.1567,49449099.9,2024-12-05 08:00:00+00:00
1733400000000,1.1567,1.1616,1.1189,1.1385,59333380.4,2024-12-05 12:00:00+00:00
1733414400000,1.1385,1.1608,1.1107,1.1152,47622065.1,2024-12-05 16:00:00+00:00
1733428800000,1.1153,1.1302,1.07,1.1025,70852786.5,2024-12-05 20:00:00+00:00
1733443200000,1.1026,1.1654,1.0926,1.1584,47549798.5,2024-12-06 00:00:00+00:00
1733457600000,1.1583,1.183,1.1501,1.1575,34186254.1,2024-12-06 04:00:00+00:00
1733472000000,1.1575,1.166,1.1249,1.1428,43415062.4,2024-12-06 08:00:00+00:00
1733486400000,1.1428,1.2322,1.1126,1.212,124776933.4,2024-12-06 12:00:00+00:00
1733500800000,1.2121,1.2404,1.2033,1.214,65863277.7,2024-12-06 16:00:00+00:00
1733515200000,1.214,1.2148,1.1688,1.1745,36102577.7,2024-12-06 20:00:00+00:00
1733529600000,1.1745,1.187,1.1581,1.182,37755180.7,2024-12-07 00:00:00+00:00
1733544000000,1.182,1.1848,1.1624,1.1683,17798751.6,2024-12-07 04:00:00+00:00
1733558400000,1.1683,1.1744,1.1515,1.1681,27975922.2,2024-12-07 08:00:00+00:00
1733572800000,1.1681,1.1754,1.1627,1.1724,21248200.9,2024-12-07 12:00:00+00:00
1733587200000,1.1723,1.185,1.1584,1.1704,22106905.5,2024-12-07 16:00:00+00:00
1733601600000,1.1703,1.1773,1.1595,1.1641,16673739.0,2024-12-07 20:00:00+00:00
1733616000000,1.1641,1.1882,1.1633,1.1682,27827961.8,2024-12-08 00:00:00+00:00
1733630400000,1.1682,1.1703,1.1455,1.1611,21598147.7,2024-12-08 04:00:00+00:00
1733644800000,1.161,1.1616,1.1288,1.1533,35568671.8,2024-12-08 08:00:00+00:00
1733659200000,1.1533,1.1674,1.1402,1.1561,26947840.6,2024-12-08 12:00:00+00:00
1733673600000,1.1561,1.1592,1.1385,1.1507,15882225.9,2024-12-08 16:00:00+00:00
1733688000000,1.1506,1.1641,1.1426,1.1594,13817610.8,2024-12-08 20:00:00+00:00
1733702400000,1.1595,1.1625,1.1015,1.1168,51577231.0,2024-12-09 00:00:00+00:00
1733716800000,1.1168,1.1312,1.0881,1.1057,46699817.3,2024-12-09 04:00:00+00:00
1733731200000,1.1058,1.1058,1.0536,1.0574,78285108.3,2024-12-09 08:00:00+00:00
1733745600000,1.0573,1.1059,1.045,1.0661,78551229.8,2024-12-09 12:00:00+00:00
1733760000000,1.0661,1.082,1.0592,1.0615,31638873.3,2024-12-09 16:00:00+00:00
1733774400000,1.0615,1.0639,0.8326,0.9598,279445837.6,2024-12-09 20:00:00+00:00
1733788800000,0.9599,0.9827,0.8823,0.9238,101084427.0,2024-12-10 00:00:00+00:00
1733803200000,0.9239,0.9718,0.9,0.9585,65306922.2,2024-12-10 04:00:00+00:00
1733817600000,0.9585,1.0156,0.9485,0.988,71968133.8,2024-12-10 08:00:00+00:00
1733832000000,0.9881,0.9903,0.908,0.9097,128871798.6,2024-12-10 12:00:00+00:00
1733846400000,0.91,0.9312,0.8744,0.9261,129939854.4,2024-12-10 16:00:00+00:00
1733860800000,0.9261,0.9513,0.9199,0.9381,41196694.2,2024-12-10 20:00:00+00:00
1733875200000,0.9381,0.9417,0.892,0.929,56857760.8,2024-12-11 00:00:00+00:00
1733889600000,0.9291,0.9389,0.9185,0.9194,26459372.1,2024-12-11 04:00:00+00:00
1733904000000,0.9195,0.959,0.9182,0.9557,39522837.9,2024-12-11 08:00:00+00:00
1733918400000,0.9557,1.0205,0.955,1.0087,97171810.4,2024-12-11 12:00:00+00:00
1733932800000,1.0088,1.0222,0.9936,1.0034,44235165.3,2024-12-11 16:00:00+00:00
1733947200000,1.0035,1.0094,0.9971,0.9993,23917243.1,2024-12-11 20:00:00+00:00
1733961600000,0.9992,1.0677,0.9912,1.0594,57191088.4,2024-12-12 00:00:00+00:00
1733976000000,1.0593,1.0812,1.0462,1.0542,50409546.7,2024-12-12 04:00:00+00:00
1733990400000,1.0542,1.0724,1.034,1.0411,47809350.7,2024-12-12 08:00:00+00:00
1734004800000,1.0412,1.1011,1.0412,1.0743,106018190.1,2024-12-12 12:00:00+00:00
1734019200000,1.0744,1.0852,1.0272,1.0328,56701733.6,2024-12-12 16:00:00+00:00
1734033600000,1.0329,1.0451,1.0076,1.0269,48938799.9,2024-12-12 20:00:00+00:00
1734048000000,1.027,1.0538,1.0008,1.0521,53904628.2,2024-12-13 00:00:00+00:00
1734062400000,1.0521,1.0764,1.0276,1.04,68639380.5,2024-12-13 04:00:00+00:00
1734076800000,1.0401,1.0567,1.026,1.045,40945280.5,2024-12-13 08:00:00+00:00
1734091200000,1.045,1.0643,1.0277,1.029,56106747.3,2024-12-13 12:00:00+00:00
1734105600000,1.0289,1.0463,1.015,1.0291,52987222.3,2024-12-13 16:00:00+00:00
1734120000000,1.0292,1.0508,1.0128,1.0339,32931163.7,2024-12-13 20:00:00+00:00
1734134400000,1.0339,1.0512,1.021,1.0261,34640261.4,2024-12-14 00:00:00+00:00
1734148800000,1.0262,1.0353,1.0188,1.0288,19115673.9,2024-12-14 04:00:00+00:00
1734163200000,1.0288,1.0425,1.0124,1.0147,32735879.1,2024-12-14 08:00:00+00:00
1734177600000,1.0147,1.0177,0.9724,0.9892,75188526.5,2024-12-14 12:00:00+00:00
1734192000000,0.9892,0.9898,0.9572,0.9697,50509856.0,2024-12-14 16:00:00+00:00
1734206400000,0.9697,0.9872,0.9583,0.9835,25699042.0,2024-12-14 20:00:00+00:00
1734220800000,0.9836,0.9982,0.9724,0.9781,25155022.0,2024-12-15 00:00:00+00:00
1734235200000,0.978,0.9945,0.956,0.9656,24384849.7,2024-12-15 04:00:00+00:00
1734249600000,0.9656,0.9856,0.9632,0.9805,20013098.8,2024-12-15 08:00:00+00:00
1734264000000,0.9805,1.0099,0.9759,1.0018,33267610.5,2024-12-15 12:00:00+00:00
1734278400000,1.0017,1.018,0.9874,1.0049,38065512.5,2024-12-15 16:00:00+00:00
1734292800000,1.0049,1.0218,0.9584,1.0169,58550300.2,2024-12-15 20:00:00+00:00
1734307200000,1.017,1.0552,0.9986,1.005,76527820.3,2024-12-16 00:00:00+00:00
1734321600000,1.0051,1.0167,0.9947,1.0095,31615647.6,2024-12-16 04:00:00+00:00
1734336000000,1.0096,1.0117,0.9691,0.9725,39218308.4,2024-12-16 08:00:00+00:00
1734350400000,0.9726,0.9961,0.964,0.9884,44629965.2,2024-12-16 12:00:00+00:00
1734364800000,0.9883,1.045,0.9867,1.0226,72297607.0,2024-12-16 16:00:00+00:00
1734379200000,1.0227,1.0338,0.9998,1.0028,37415539.4,2024-12-16 20:00:00+00:00
1734393600000,1.0028,1.0143,0.9765,1.0102,46487049.9,2024-12-17 00:00:00+00:00
1734408000000,1.0102,1.0102,0.9757,0.981,28839220.0,2024-12-17 04:00:00+00:00
1734422400000,0.9809,1.0162,0.9773,0.9984,44998006.4,2024-12-17 08:00:00+00:00
1734436800000,0.9983,1.0077,0.9578,0.966,64174355.0,2024-12-17 12:00:00+00:00
1734451200000,0.9659,0.9899,0.9545,0.9753,37337451.0,2024-12-17 16:00:00+00:00
1734465600000,0.9752,0.9809,0.933,0.9481,46870310.0,2024-12-17 20:00:00+00:00
1734480000000,0.9481,0.955,0.9336,0.9359,37014094.2,2024-12-18 00:00:00+00:00
1734494400000,0.9358,0.9376,0.9152,0.9294,43558210.6,2024-12-18 04:00:00+00:00
1734508800000,0.9295,0.9471,0.9262,0.9438,23899866.0,2024-12-18 08:00:00+00:00
1734523200000,0.9437,0.945,0.9164,0.9311,46767095.2,2024-12-18 12:00:00+00:00
1734537600000,0.9311,0.9554,0.91,0.9102,54550231.0,2024-12-18 16:00:00+00:00
1734552000000,0.9103,0.9188,0.84,0.8606,156219679.6,2024-12-18 20:00:00+00:00
1734566400000,0.8607,0.8709,0.7998,0.8569,116663853.6,2024-12-19 00:00:00+00:00
1734580800000,0.8568,0.8613,0.8447,0.8555,31027988.1,2024-12-19 04:00:00+00:00
1734595200000,0.8554,0.8718,0.84,0.8622,33851422.4,2024-12-19 08:00:00+00:00
1734609600000,0.8622,0.865,0.8195,0.8378,72111148.4,2024-12-19 12:00:00+00:00
1734624000000,0.8378,0.8418,0.7606,0.7771,157307503.1,2024-12-19 16:00:00+00:00
1734638400000,0.7772,0.8012,0.7513,0.7794,76695858.8,2024-12-19 20:00:00+00:00
1734652800000,0.7795,0.8139,0.7648,0.7984,54626302.5,2024-12-20 00:00:00+00:00
1734667200000,0.7984,0.8047,0.7637,0.7821,48706168.7,2024-12-20 04:00:00+00:00
1734681600000,0.782,0.7828,0.667,0.67,228305620.7,2024-12-20 08:00:00+00:00
1734696000000,0.6703,0.7606,0.6693,0.7552,97698451.6,2024-12-20 12:00:00+00:00
1734710400000,0.7551,0.8026,0.7502,0.7927,57353433.9,2024-12-20 16:00:00+00:00
1734724800000,0.7927,0.805,0.7708,0.796,45423211.5,2024-12-20 20:00:00+00:00
1734739200000,0.796,0.8077,0.7868,0.8004,36513271.8,2024-12-21 00:00:00+00:00
1734753600000,0.8004,0.847,0.7973,0.8338,37296661.1,2024-12-21 04:00:00+00:00
1734768000000,0.8337,0.8367,0.7948,0.8026,48257199.0,2024-12-21 08:00:00+00:00
1734782400000,0.8025,0.8039,0.7484,0.7652,82644525.9,2024-12-21 12:00:00+00:00
1734796800000,0.7652,0.7659,0.7319,0.7434,52617850.4,2024-12-21 16:00:00+00:00
1734811200000,0.7433,0.7544,0.7335,0.7492,41438832.2,2024-12-21 20:00:00+00:00
1734825600000,0.7491,0.7576,0.7358,0.7486,33016664.7,2024-12-22 00:00:00+00:00
1734840000000,0.7485,0.7504,0.727,0.743,32512452.8,2024-12-22 04:00:00+00:00
1734854400000,0.7429,0.7695,0.7425,0.7595,38891588.8,2024-12-22 08:00:00+00:00
1734868800000,0.7596,0.7707,0.7358,0.7452,55186410.2,2024-12-22 12:00:00+00:00
1734883200000,0.7452,0.7598,0.7271,0.73,40513301.8,2024-12-22 16:00:00+00:00
1734897600000,0.73,0.7563,0.7202,0.7466,43586302.6,2024-12-22 20:00:00+00:00
1734912000000,0.7466,0.7718,0.7252,0.7686,48031190.0,2024-12-23 00:00:00+00:00
1734926400000,0.7687,0.7737,0.7418,0.7544,32349139.5,2024-12-23 04:00:00+00:00
1734940800000,0.7544,0.7714,0.7525,0.7605,26955063.7,2024-12-23 08:00:00+00:00
1734955200000,0.7605,0.7712,0.7481,0.7502,47251059.1,2024-12-23 12:00:00+00:00
1734969600000,0.7501,0.7814,0.7484,0.7696,45912103.3,2024-12-23 16:00:00+00:00
1734984000000,0.7695,0.8167,0.769,0.8001,58847696.2,2024-12-23 20:00:00+00:00
1734998400000,0.8001,0.8024,0.7809,0.7952,23443718.1,2024-12-24 00:00:00+00:00
1735012800000,0.7952,0.8073,0.7895,0.7953,25120210.1,2024-12-24 04:00:00+00:00
1735027200000,0.7954,0.803,0.7899,0.8027,17650708.6,2024-12-24 08:00:00+00:00
1735041600000,0.8026,0.8385,0.7957,0.8293,52118413.8,2024-12-24 12:00:00+00:00
1735056000000,0.8293,0.8367,0.8115,0.8115,30834120.6,2024-12-24 16:00:00+00:00
1735070400000,0.8115,0.8212,0.7968,0.8176,36051597.0,2024-12-24 20:00:00+00:00
1735084800000,0.8176,0.8192,0.8024,0.8049,18497434.7,2024-12-25 00:00:00+00:00
1735099200000,0.805,0.8146,0.7979,0.8,22787316.7,2024-12-25 04:00:00+00:00
1735113600000,0.7999,0.8225,0.7953,0.7967,33765946.1,2024-12-25 08:00:00+00:00
1735128000000,0.7968,0.8099,0.7933,0.7972,27506943.6,2024-12-25 12:00:00+00:00
1735142400000,0.7973,0.8056,0.7875,0.8031,20344251.2,2024-12-25 16:00:00+00:00
1735156800000,0.8031,0.8064,0.7888,0.805,19461142.5,2024-12-25 20:00:00+00:00
1735171200000,0.8051,0.8108,0.783,0.7857,24557062.6,2024-12-26 00:00:00+00:00
1735185600000,0.7857,0.7857,0.7703,0.7727,22294131.5,2024-12-26 04:00:00+00:00
1735200000000,0.7727,0.7743,0.7468,0.7603,46865516.5,2024-12-26 08:00:00+00:00
1735214400000,0.7602,0.7614,0.7464,0.7497,34029811.1,2024-12-26 12:00:00+00:00
1735228800000,0.7498,0.7564,0.737,0.751,27340876.9,2024-12-26 16:00:00+00:00
1735243200000,0.751,0.7592,0.7423,0.753,17240605.4,2024-12-26 20:00:00+00:00
1735257600000,0.753,0.7741,0.7478,0.7668,24217417.4,2024-12-27 00:00:00+00:00
1735272000000,0.7668,0.774,0.7511,0.7573,25580190.2,2024-12-27 04:00:00+00:00
1735286400000,0.7574,0.7933,0.7574,0.7909,46039709.9,2024-12-27 08:00:00+00:00
1735300800000,0.7909,0.7945,0.7565,0.7619,34919746.8,2024-12-27 12:00:00+00:00
1735315200000,0.762,0.7816,0.7552,0.7712,25563291.4,2024-12-27 16:00:00+00:00
1735329600000,0.7711,0.7719,0.7511,0.7602,24707465.4,2024-12-27 20:00:00+00:00
1735344000000,0.7602,0.7628,0.7516,0.7592,15373006.0,2024-12-28 00:00:00+00:00
1735358400000,0.7593,0.7615,0.7481,0.7491,11458193.0,2024-12-28 04:00:00+00:00
1735372800000,0.7491,0.7602,0.749,0.7593,11673612.5,2024-12-28 08:00:00+00:00
1735387200000,0.7593,0.7737,0.752,0.7633,22093363.7,2024-12-28 12:00:00+00:00
1735401600000,0.7632,0.779,0.7618,0.771,13684110.8,2024-12-28 16:00:00+00:00
1735416000000,0.771,0.7826,0.7692,0.7755,10097171.7,2024-12-28 20:00:00+00:00
1735430400000,0.7755,0.783,0.7671,0.778,21414692.2,2024-12-29 00:00:00+00:00
1735444800000,0.778,0.7821,0.7695,0.7812,8591242.6,2024-12-29 04:00:00+00:00
1735459200000,0.7812,0.7823,0.7707,0.7716,11573780.1,2024-12-29 08:00:00+00:00
1735473600000,0.7717,0.7764,0.7564,0.7609,25965312.7,2024-12-29 12:00:00+00:00
1735488000000,0.7609,0.7613,0.7501,0.7523,19730575.2,2024-12-29 16:00:00+00:00
1735502400000,0.7523,0.7531,0.688,0.7421,35329771.9,2024-12-29 20:00:00+00:00
1735516800000,0.742,0.7694,0.7387,0.7576,26682127.7,2024-12-30 00:00:00+00:00
1735531200000,0.7576,0.7697,0.7527,0.7655,14528867.2,2024-12-30 04:00:00+00:00
1735545600000,0.7656,0.7709,0.7551,0.764,16587739.7,2024-12-30 08:00:00+00:00
1735560000000,0.7639,0.7713,0.7227,0.7287,50253378.4,2024-12-30 12:00:00+00:00
1735574400000,0.7287,0.7509,0.7172,0.7476,38823807.7,2024-12-30 16:00:00+00:00
1735588800000,0.7477,0.755,0.7232,0.7329,29086636.5,2024-12-30 20:00:00+00:00
1735603200000,0.7329,0.7331,0.7133,0.7195,17315562.8,2024-12-31 00:00:00+00:00
1735617600000,0.7194,0.7262,0.714,0.7216,13839797.3,2024-12-31 04:00:00+00:00
1735632000000,0.7216,0.7419,0.7213,0.7363,18488862.1,2024-12-31 08:00:00+00:00
1735646400000,0.7364,0.7591,0.7343,0.7449,31724104.5,2024-12-31 12:00:00+00:00
1735660800000,0.745,0.7459,0.72,0.7288,23658022.7,2024-12-31 16:00:00+00:00
1735675200000,0.7289,0.7314,0.7191,0.7218,15133553.0,2024-12-31 20:00:00+00:00
1735689600000,0.7218,0.7318,0.7207,0.7242,9912237.6,2025-01-01 00:00:00+00:00
1735704000000,0.7242,0.7247,0.7162,0.7201,10140513.6,2025-01-01 04:00:00+00:00
1735718400000,0.7201,0.721,0.7042,0.715,20058403.7,2025-01-01 08:00:00+00:00
1735732800000,0.715,0.7306,0.7139,0.7298,17522063.9,2025-01-01 12:00:00+00:00
1735747200000,0.7298,0.744,0.7191,0.7425,22656866.9,2025-01-01 16:00:00+00:00
1735761600000,0.7426,0.7505,0.7425,0.7459,15493923.4,2025-01-01 20:00:00+00:00
1735776000000,0.7459,0.7649,0.7459,0.7571,20189601.7,2025-01-02 00:00:00+00:00
1735790400000,0.7572,0.7683,0.7567,0.7678,18005881.1,2025-01-02 04:00:00+00:00
1735804800000,0.7679,0.783,0.7652,0.7784,23847648.7,2025-01-02 08:00:00+00:00
1735819200000,0.7784,0.788,0.7712,0.7739,35260960.5,2025-01-02 12:00:00+00:00
1735833600000,0.7739,0.7818,0.768,0.7741,21043547.8,2025-01-02 16:00:00+00:00
1735848000000,0.7742,0.7792,0.7607,0.776,14531531.5,2025-01-02 20:00:00+00:00
1735862400000,0.7761,0.7811,0.7667,0.7759,17870119.0,2025-01-03 00:00:00+00:00
1735876800000,0.7759,0.7759,0.7616,0.7635,14911239.2,2025-01-03 04:00:00+00:00
1735891200000,0.7635,0.7938,0.7614,0.7934,23264597.4,2025-01-03 08:00:00+00:00
1735905600000,0.7934,0.8278,0.7905,0.8266,38799796.4,2025-01-03 12:00:00+00:00
1735920000000,0.8267,0.836,0.8205,0.832,31164077.1,2025-01-03 16:00:00+00:00
1735934400000,0.8318,0.8383,0.8242,0.8346,18235215.6,2025-01-03 20:00:00+00:00
1735948800000,0.8346,0.8423,0.825,0.8344,23766942.0,2025-01-04 00:00:00+00:00
1735963200000,0.8344,0.844,0.8266,0.8413,12253289.1,2025-01-04 04:00:00+00:00
1735977600000,0.8414,0.8432,0.8244,0.8381,23112835.3,2025-01-04 08:00:00+00:00
1735992000000,0.8382,0.8934,0.8372,0.8659,81531532.6,2025-01-04 12:00:00+00:00
1736006400000,0.8659,0.8963,0.865,0.885,45452182.1,2025-01-04 16:00:00+00:00
1736020800000,0.885,0.908,0.8844,0.8944,42136864.1,2025-01-04 20:00:00+00:00
1736035200000,0.8945,0.8964,0.8766,0.8883,26840374.9,2025-01-05 00:00:00+00:00
1736049600000,0.8883,0.9147,0.8881,0.9039,41112874.5,2025-01-05 04:00:00+00:00
1736064000000,0.9038,0.9084,0.8903,0.8918,39129741.6,2025-01-05 08:00:00+00:00
1736078400000,0.8917,0.898,0.8776,0.8913,34725279.4,2025-01-05 12:00:00+00:00
1736092800000,0.8913,0.8995,0.884,0.899,23764810.4,2025-01-05 16:00:00+00:00
1736107200000,0.8992,0.9232,0.8956,0.9157,31721946.6,2025-01-05 20:00:00+00:00
1736121600000,0.9157,0.9443,0.9028,0.9372,55396785.7,2025-01-06 00:00:00+00:00
1736136000000,0.9372,0.9542,0.9277,0.9385,37385556.8,2025-01-06 04:00:00+00:00
1736150400000,0.9385,0.9528,0.9285,0.9492,37046572.3,2025-01-06 08:00:00+00:00
1736164800000,0.9493,0.9532,0.9232,0.9413,52966577.9,2025-01-06 12:00:00+00:00
1736179200000,0.9414,0.9543,0.9229,0.928,37029240.5,2025-01-06 16:00:00+00:00
1736193600000,0.928,0.9329,0.9122,0.9186,23442217.3,2025-01-06 20:00:00+00:00
1736208000000,0.9186,0.9207,0.9046,0.9085,21749273.7,2025-01-07 00:00:00+00:00
1736222400000,0.9086,0.9125,0.9024,0.9072,11579923.7,2025-01-07 04:00:00+00:00
1736236800000,0.9072,0.9155,0.8921,0.9001,22879607.5,2025-01-07 08:00:00+00:00
1736251200000,0.9002,0.9032,0.8423,0.8555,95988292.4,2025-01-07 12:00:00+00:00
1736265600000,0.8554,0.8635,0.8224,0.8284,50368536.8,2025-01-07 16:00:00+00:00
1736280000000,0.8283,0.8373,0.8168,0.8202,30872891.7,2025-01-07 20:00:00+00:00
1736294400000,0.8201,0.8301,0.8033,0.8097,28849435.5,2025-01-08 00:00:00+00:00
1736308800000,0.8096,0.8121,0.7781,0.8008,43516761.8,2025-01-08 04:00:00+00:00
1736323200000,0.8007,0.8173,0.7939,0.8001,34489876.0,2025-01-08 08:00:00+00:00
1736337600000,0.8001,0.814,0.7927,0.7989,28105167.2,2025-01-08 12:00:00+00:00
1736352000000,0.799,0.8023,0.7507,0.7813,78753618.0,2025-01-08 16:00:00+00:00
1736366400000,0.7813,0.7933,0.7718,0.7865,20938332.9,2025-01-08 20:00:00+00:00
1736380800000,0.7865,0.7983,0.7782,0.7795,23564866.4,2025-01-09 00:00:00+00:00
1736395200000,0.7794,0.783,0.7563,0.7591,24255236.9,2025-01-09 04:00:00+00:00
1736409600000,0.759,0.7732,0.7534,0.7625,23500028.2,2025-01-09 08:00:00+00:00
1736424000000,0.7624,0.7829,0.7369,0.776,55116208.7,2025-01-09 12:00:00+00:00
1736438400000,0.7761,0.7809,0.7395,0.7404,36956427.2,2025-01-09 16:00:00+00:00
1736452800000,0.7403,0.7527,0.7303,0.7428,28471671.1,2025-01-09 20:00:00+00:00
1736467200000,0.7429,0.7529,0.7357,0.7488,18867748.8,2025-01-10 00:00:00+00:00
1736481600000,0.7488,0.774,0.7402,0.766,26415722.9,2025-01-10 04:00:00+00:00
1736496000000,0.7659,0.7686,0.7541,0.7602,21917735.9,2025-01-10 08:00:00+00:00
1736510400000,0.7603,0.7653,0.73,0.7489,79136168.9,2025-01-10 12:00:00+00:00
1736524800000,0.7489,0.7706,0.7383,0.7598,37626876.8,2025-01-10 16:00:00+00:00
1736539200000,0.7598,0.7601,0.745,0.7475,12446334.2,2025-01-10 20:00:00+00:00
1736553600000,0.7474,0.7494,0.7355,0.737,12886322.9,2025-01-11 00:00:00+00:00
1736568000000,0.737,0.7447,0.732,0.7349,12336676.0,2025-01-11 04:00:00+00:00
1736582400000,0.7348,0.7432,0.7272,0.7401,18731501.8,2025-01-11 08:00:00+00:00
1736596800000,0.7401,0.7414,0.7275,0.7327,18601537.2,2025-01-11 12:00:00+00:00
1736611200000,0.7328,0.7361,0.7244,0.7298,20834031.4,2025-01-11 16:00:00+00:00
1736625600000,0.7298,0.7606,0.7285,0.7437,30044015.9,2025-01-11 20:00:00+00:00
1736640000000,0.7438,0.7466,0.7362,0.7408,12985762.7,2025-01-12 00:00:00+00:00
1736654400000,0.7409,0.7451,0.7302,0.7347,12514107.8,2025-01-12 04:00:00+00:00
1736668800000,0.7347,0.7361,0.7218,0.7321,19534967.5,2025-01-12 08:00:00+00:00
1736683200000,0.7321,0.7517,0.7272,0.7472,28953982.8,2025-01-12 12:00:00+00:00
1736697600000,0.7473,0.7485,0.7357,0.738,20857605.1,2025-01-12 16:00:00+00:00
1736712000000,0.7381,0.7416,0.7189,0.73,22769452.4,2025-01-12 20:00:00+00:00
1736726400000,0.7299,0.7496,0.7045,0.7081,44978346.2,2025-01-13 00:00:00+00:00
1736740800000,0.7082,0.7218,0.6931,0.702,39111877.3,2025-01-13 04:00:00+00:00
1736755200000,0.702,0.7037,0.6639,0.6646,66226585.3,2025-01-13 08:00:00+00:00
1736769600000,0.6646,0.6932,0.643,0.686,88112781.4,2025-01-13 12:00:00+00:00
1736784000000,0.686,0.6893,0.6621,0.6737,38038117.3,2025-01-13 16:00:00+00:00
1736798400000,0.6736,0.7094,0.669,0.7026,36111331.2,2025-01-13 20:00:00+00:00
1736812800000,0.7027,0.7105,0.6972,0.707,19216635.7,2025-01-14 00:00:00+00:00
1736827200000,0.7071,0.7237,0.7071,0.7153,21946397.2,2025-01-14 04:00:00+00:00
1736841600000,0.7152,0.734,0.7084,0.7185,39318265.7,2025-01-14 08:00:00+00:00
1736856000000,0.7186,0.7307,0.7103,0.7236,30102607.8,2025-01-14 12:00:00+00:00
1736870400000,0.7237,0.7355,0.7156,0.7303,22612079.1,2025-01-14 16:00:00+00:00
1736884800000,0.7303,0.7443,0.7249,0.7384,18680941.8,2025-01-14 20:00:00+00:00
1736899200000,0.7384,0.7447,0.7303,0.741,17497890.2,2025-01-15 00:00:00+00:00
1736913600000,0.7411,0.7466,0.7325,0.7409,12793980.2,2025-01-15 04:00:00+00:00
1736928000000,0.7408,0.7443,0.7174,0.7232,25974368.3,2025-01-15 08:00:00+00:00
1736942400000,0.7233,0.7826,0.7182,0.7758,72137240.3,2025-01-15 12:00:00+00:00
1736956800000,0.7759,0.7899,0.7644,0.7878,28573232.3,2025-01-15 16:00:00+00:00
1736971200000,0.7878,0.7967,0.7804,0.7913,23908508.6,2025-01-15 20:00:00+00:00
1736985600000,0.7913,0.7978,0.7686,0.7736,24281029.0,2025-01-16 00:00:00+00:00
1737000000000,0.7736,0.7767,0.7686,0.772,12791182.2,2025-01-16 04:00:00+00:00
1737014400000,0.772,0.7746,0.7502,0.7652,41228783.1,2025-01-16 08:00:00+00:00
1737028800000,0.7652,0.7841,0.7461,0.7696,71581129.9,2025-01-16 12:00:00+00:00
1737043200000,0.7697,0.779,0.7637,0.7748,27858677.7,2025-01-16 16:00:00+00:00
1737057600000,0.7749,0.7762,0.7502,0.7571,27181535.9,2025-01-16 20:00:00+00:00
1737072000000,0.7571,0.7883,0.7571,0.7774,25754669.5,2025-01-17 00:00:00+00:00
1737086400000,0.7774,0.786,0.7722,0.7812,16234379.7,2025-01-17 04:00:00+00:00
1737100800000,0.7811,0.8091,0.78,0.8061,37393846.8,2025-01-17 08:00:00+00:00
1737115200000,0.8061,0.808,0.7913,0.7999,40568122.1,2025-01-17 12:00:00+00:00
1737129600000,0.7998,0.8078,0.793,0.8023,26047173.5,2025-01-17 16:00:00+00:00
1737144000000,0.8023,0.8294,0.8009,0.815,41749259.0,2025-01-17 20:00:00+00:00
1737158400000,0.8151,0.8347,0.7945,0.7982,38721701.3,2025-01-18 00:00:00+00:00
1737172800000,0.7982,0.802,0.7572,0.7603,58099493.0,2025-01-18 04:00:00+00:00
1737187200000,0.7604,0.7833,0.7487,0.7801,44903362.8,2025-01-18 08:00:00+00:00
1737201600000,0.7801,0.7838,0.7619,0.7668,36580039.1,2025-01-18 12:00:00+00:00
1737216000000,0.7669,0.7725,0.7513,0.7637,36770926.1,2025-01-18 16:00:00+00:00
1737230400000,0.7638,0.7704,0.7508,0.7667,17654945.0,2025-01-18 20:00:00+00:00
1737244800000,0.7667,0.7948,0.7633,0.776,31007360.4,2025-01-19 00:00:00+00:00
1737259200000,0.776,0.7767,0.7467,0.7518,34633235.9,2025-01-19 04:00:00+00:00
1737273600000,0.7518,0.7522,0.6954,0.7016,103024918.3,2025-01-19 08:00:00+00:00
1737288000000,0.7017,0.7876,0.7002,0.7758,124048053.1,2025-01-19 12:00:00+00:00
1737302400000,0.7758,0.79,0.7706,0.7789,41606852.7,2025-01-19 16:00:00+00:00
1737316800000,0.7789,0.7849,0.6834,0.6977,184392079.5,2025-01-19 20:00:00+00:00
1737331200000,0.6977,0.6992,0.665,0.6969,133092600.0,2025-01-20 00:00:00+00:00
1737345600000,0.6968,0.7619,0.6883,0.7418,90288021.5,2025-01-20 04:00:00+00:00
1737360000000,0.7418,0.7526,0.7221,0.7366,43120397.5,2025-01-20 08:00:00+00:00
1737374400000,0.7367,0.7373,0.7051,0.723,70363911.8,2025-01-20 12:00:00+00:00
1737388800000,0.7232,0.7341,0.68,0.715,125401450.6,2025-01-20 16:00:00+00:00
1737403200000,0.7149,0.7174,0.6916,0.6981,40949011.9,2025-01-20 20:00:00+00:00
1737417600000,0.6981,0.6996,0.6744,0.6853,42168687.7,2025-01-21 00:00:00+00:00
1737432000000,0.6853,0.6879,0.6703,0.6847,41720346.5,2025-01-21 04:00:00+00:00
1737446400000,0.6847,0.7113,0.6781,0.7083,35176904.9,2025-01-21 08:00:00+00:00
1737460800000,0.7084,0.7168,0.702,0.7137,44617346.8,2025-01-21 12:00:00+00:00
1737475200000,0.7137,0.7486,0.7116,0.729,65978520.1,2025-01-21 16:00:00+00:00
1737489600000,0.7291,0.7322,0.7166,0.722,28652071.2,2025-01-21 20:00:00+00:00
1737504000000,0.722,0.7372,0.7209,0.7296,39202113.5,2025-01-22 00:00:00+00:00
1737518400000,0.7296,0.7316,0.7138,0.7143,13918452.5,2025-01-22 04:00:00+00:00
1737532800000,0.7143,0.7313,0.7057,0.7251,33993708.4,2025-01-22 08:00:00+00:00
1737547200000,0.7252,0.7277,0.7035,0.7048,33227190.5,2025-01-22 12:00:00+00:00
1737561600000,0.7049,0.7192,0.7018,0.7081,24095868.6,2025-01-22 16:00:00+00:00
1737576000000,0.7082,0.7137,0.6957,0.7008,18937581.4,2025-01-22 20:00:00+00:00
1737590400000,0.7009,0.7035,0.6876,0.6948,23818510.4,2025-01-23 00:00:00+00:00
1737604800000,0.6949,0.7015,0.6861,0.7004,17691900.5,2025-01-23 04:00:00+00:00
1737619200000,0.7003,0.7021,0.6845,0.691,21245915.4,2025-01-23 08:00:00+00:00
1737633600000,0.691,0.7147,0.6826,0.7082,62523261.5,2025-01-23 12:00:00+00:00
1737648000000,0.7082,0.7182,0.6858,0.6885,39479097.7,2025-01-23 16:00:00+00:00
1737662400000,0.6885,0.7238,0.6861,0.72,61122628.2,2025-01-23 20:00:00+00:00
1737676800000,0.7201,0.7246,0.6968,0.7082,31407168.6,2025-01-24 00:00:00+00:00
1737691200000,0.7082,0.7422,0.7044,0.7283,37734907.2,2025-01-24 04:00:00+00:00
1737705600000,0.7283,0.7334,0.7233,0.7288,22806165.1,2025-01-24 08:00:00+00:00
1737720000000,0.7289,0.7391,0.7175,0.7245,30493723.0,2025-01-24 12:00:00+00:00
1737734400000,0.7245,0.7261,0.7122,0.7137,20094123.8,2025-01-24 16:00:00+00:00
1737748800000,0.7136,0.7168,0.6951,0.6989,27249257.9,2025-01-24 20:00:00+00:00
1737763200000,0.6988,0.7069,0.6861,0.7059,23097142.0,2025-01-25 00:00:00+00:00
1737777600000,0.706,0.7062,0.6924,0.6933,14171211.8,2025-01-25 04:00:00+00:00
1737792000000,0.6932,0.6991,0.6872,0.698,14704360.2,2025-01-25 08:00:00+00:00
1737806400000,0.6981,0.7072,0.692,0.7034,21814300.4,2025-01-25 12:00:00+00:00
1737820800000,0.7035,0.7065,0.6989,0.7051,16025133.5,2025-01-25 16:00:00+00:00
1737835200000,0.7051,0.7113,0.6998,0.7004,15914210.2,2025-01-25 20:00:00+00:00
1737849600000,0.7004,0.7095,0.6973,0.7068,17563026.7,2025-01-26 00:00:00+00:00
1737864000000,0.7067,0.7144,0.7051,0.7134,16209226.2,2025-01-26 04:00:00+00:00
1737878400000,0.7135,0.716,0.6992,0.7053,16655475.8,2025-01-26 08:00:00+00:00
1737892800000,0.7053,0.7076,0.7017,0.7059,13367559.3,2025-01-26 12:00:00+00:00
1737907200000,0.706,0.7158,0.7011,0.7149,20823563.3,2025-01-26 16:00:00+00:00
1737921600000,0.715,0.7168,0.6742,0.6752,36175264.0,2025-01-26 20:00:00+00:00
1737936000000,0.6752,0.6777,0.642,0.6514,70441451.2,2025-01-27 00:00:00+00:00
1737950400000,0.6513,0.6514,0.6034,0.6212,80831722.6,2025-01-27 04:00:00+00:00
1737964800000,0.6212,0.6267,0.6099,0.6152,49013145.4,2025-01-27 08:00:00+00:00
1737979200000,0.6152,0.6408,0.6128,0.6354,53650350.2,2025-01-27 12:00:00+00:00
1737993600000,0.6354,0.6365,0.6142,0.6228,35035158.8,2025-01-27 16:00:00+00:00
1738008000000,0.6228,0.6589,0.6227,0.6431,39618225.1,2025-01-27 20:00:00+00:00
1738022400000,0.643,0.65,0.6342,0.6465,20939352.9,2025-01-28 00:00:00+00:00
1738036800000,0.6465,0.6526,0.6402,0.6417,17411909.5,2025-01-28 04:00:00+00:00
1738051200000,0.6417,0.6434,0.6333,0.6361,16796245.9,2025-01-28 08:00:00+00:00
1738065600000,0.6361,0.6392,0.6231,0.6305,34932212.5,2025-01-28 12:00:00+00:00
1738080000000,0.6305,0.6311,0.6117,0.6172,27636094.7,2025-01-28 16:00:00+00:00
1738094400000,0.6172,0.6192,0.5846,0.5921,47453550.5,2025-01-28 20:00:00+00:00
1738108800000,0.5922,0.6074,0.5898,0.6057,21753008.5,2025-01-29 00:00:00+00:00
1738123200000,0.6057,0.6197,0.6036,0.6183,18074212.5,2025-01-29 04:00:00+00:00
1738137600000,0.6182,0.6212,0.6051,0.6101,15206603.4,2025-01-29 08:00:00+00:00
1738152000000,0.6101,0.6126,0.5946,0.6019,25358918.8,2025-01-29 12:00:00+00:00
1738166400000,0.602,0.6197,0.59,0.6128,53894042.9,2025-01-29 16:00:00+00:00
1738180800000,0.6128,0.6268,0.6037,0.605,40675619.6,2025-01-29 20:00:00+00:00
1738195200000,0.605,0.625,0.5988,0.624,22647270.5,2025-01-30 00:00:00+00:00
1738209600000,0.624,0.6276,0.6181,0.623,13707235.3,2025-01-30 04:00:00+00:00
1738224000000,0.623,0.6328,0.619,0.6295,19567647.6,2025-01-30 08:00:00+00:00
1738238400000,0.6296,0.6419,0.6246,0.6363,27569650.0,2025-01-30 12:00:00+00:00
1738252800000,0.6363,0.6434,0.6328,0.6383,23034589.6,2025-01-30 16:00:00+00:00
1738267200000,0.6383,0.6389,0.6289,0.6299,14806886.0,2025-01-30 20:00:00+00:00
1738281600000,0.6299,0.636,0.619,0.6224,16876262.9,2025-01-31 00:00:00+00:00
1738296000000,0.6224,0.6386,0.6147,0.6301,19498228.9,2025-01-31 04:00:00+00:00
1738310400000,0.6301,0.6494,0.6248,0.6485,27861774.2,2025-01-31 08:00:00+00:00
1738324800000,0.6485,0.6721,0.6466,0.6715,42405078.2,2025-01-31 12:00:00+00:00
1738339200000,0.6714,0.674,0.6414,0.6503,45235289.8,2025-01-31 16:00:00+00:00
1738353600000,0.6502,0.6515,0.6369,0.6412,23274355.4,2025-01-31 20:00:00+00:00
1738368000000,0.6413,0.6526,0.6346,0.6366,94206317.3,2025-02-01 00:00:00+00:00
1738382400000,0.6367,0.6452,0.6329,0.6347,69785444.3,2025-02-01 04:00:00+00:00
1738396800000,0.6347,0.6365,0.617,0.6253,25996212.6,2025-02-01 08:00:00+00:00
1738411200000,0.6253,0.6293,0.6113,0.6194,21115313.4,2025-02-01 12:00:00+00:00
1738425600000,0.6194,0.6237,0.5971,0.6002,41744649.8,2025-02-01 16:00:00+00:00
1738440000000,0.6001,0.6005,0.5714,0.5775,47226451.6,2025-02-01 20:00:00+00:00
1738454400000,0.5776,0.5909,0.5571,0.5604,38616368.8,2025-02-02 00:00:00+00:00
1738468800000,0.5603,0.5787,0.559,0.5684,27453463.3,2025-02-02 04:00:00+00:00
1738483200000,0.5684,0.5776,0.5557,0.5582,36071234.5,2025-02-02 08:00:00+00:00
1738497600000,0.5581,0.5705,0.5552,0.5618,29498405.4,2025-02-02 12:00:00+00:00
1738512000000,0.5618,0.5621,0.499,0.5184,167312585.7,2025-02-02 16:00:00+00:00
1738526400000,0.5184,0.5263,0.463,0.4934,142821127.2,2025-02-02 20:00:00+00:00
1738540800000,0.4934,0.4935,0.3488,0.4043,396231653.9,2025-02-03 00:00:00+00:00
1738555200000,0.4044,0.4416,0.3919,0.4399,135474177.6,2025-02-03 04:00:00+00:00
1738569600000,0.44,0.4432,0.4203,0.435,81133647.3,2025-02-03 08:00:00+00:00
1738584000000,0.4351,0.4697,0.4215,0.4645,153910876.1,2025-02-03 12:00:00+00:00
1738598400000,0.4646,0.4992,0.4616,0.4979,78499037.8,2025-02-03 16:00:00+00:00
1738612800000,0.4979,0.5156,0.4831,0.5105,72420036.9,2025-02-03 20:00:00+00:00
1738627200000,0.5104,0.5133,0.4899,0.4962,39608399.6,2025-02-04 00:00:00+00:00
1738641600000,0.4962,0.5065,0.4541,0.4562,98655638.3,2025-02-04 04:00:00+00:00
1738656000000,0.4562,0.4751,0.4519,0.4652,54315865.0,2025-02-04 08:00:00+00:00
1738670400000,0.4653,0.4879,0.4653,0.4758,77858484.8,2025-02-04 12:00:00+00:00
1738684800000,0.4759,0.4992,0.4723,0.4801,65323266.3,2025-02-04 16:00:00+00:00
1738699200000,0.4801,0.4848,0.4589,0.4772,89706418.4,2025-02-04 20:00:00+00:00
1738713600000,0.4773,0.4862,0.4713,0.478,34807952.2,2025-02-05 00:00:00+00:00
1738728000000,0.478,0.4906,0.4725,0.487,33628403.5,2025-02-05 04:00:00+00:00
1738742400000,0.4869,0.4982,0.4833,0.4948,35535106.8,2025-02-05 08:00:00+00:00
1738756800000,0.4948,0.4964,0.4816,0.4872,42148035.0,2025-02-05 12:00:00+00:00
1738771200000,0.4872,0.4892,0.4664,0.4819,51334481.7,2025-02-05 16:00:00+00:00
1738785600000,0.4819,0.4835,0.4636,0.4704,31670326.8,2025-02-05 20:00:00+00:00
1738800000000,0.4704,0.4771,0.4632,0.4709,26159313.6,2025-02-06 00:00:00+00:00
1738814400000,0.4708,0.4828,0.4702,0.4776,25178635.0,2025-02-06 04:00:00+00:00
1738828800000,0.4776,0.4802,0.4664,0.4712,26466524.5,2025-02-06 08:00:00+00:00
1738843200000,0.4712,0.4727,0.4437,0.4464,63372011.6,2025-02-06 12:00:00+00:00
1738857600000,0.4465,0.4543,0.4437,0.4452,39804492.8,2025-02-06 16:00:00+00:00
1738872000000,0.4453,0.4534,0.4414,0.4452,28141126.2,2025-02-06 20:00:00+00:00
1738886400000,0.4452,0.4549,0.4409,0.4475,41357896.7,2025-02-07 00:00:00+00:00
1738900800000,0.4475,0.4499,0.4333,0.4438,31765657.5,2025-02-07 04:00:00+00:00
1738915200000,0.4438,0.4555,0.442,0.4548,27694628.5,2025-02-07 08:00:00+00:00
1738929600000,0.4547,0.4671,0.4471,0.4531,67915167.1,2025-02-07 12:00:00+00:00
1738944000000,0.4532,0.4535,0.4372,0.4379,46626999.1,2025-02-07 16:00:00+00:00
1738958400000,0.4379,0.4385,0.42,0.4323,49336159.5,2025-02-07 20:00:00+00:00
1738972800000,0.4322,0.4397,0.4303,0.434,19224844.0,2025-02-08 00:00:00+00:00
1738987200000,0.434,0.4374,0.4278,0.4347,18030380.0,2025-02-08 04:00:00+00:00
1739001600000,0.4347,0.4358,0.4299,0.4332,13747425.5,2025-02-08 08:00:00+00:00
1739016000000,0.4332,0.4411,0.4306,0.4361,22401028.7,2025-02-08 12:00:00+00:00
1739030400000,0.4361,0.447,0.432,0.4451,21878784.9,2025-02-08 16:00:00+00:00
1739044800000,0.4452,0.4533,0.4434,0.4497,16752310.5,2025-02-08 20:00:00+00:00
1739059200000,0.4497,0.4677,0.4485,0.4652,23942436.1,2025-02-09 00:00:00+00:00
1739073600000,0.4651,0.4651,0.4559,0.4583,14887660.1,2025-02-09 04:00:00+00:00
1739088000000,0.4584,0.4625,0.4561,0.4578,17731728.7,2025-02-09 08:00:00+00:00
1739102400000,0.4578,0.4595,0.4459,0.4551,26491213.2,2025-02-09 12:00:00+00:00
1739116800000,0.4552,0.4588,0.4455,0.4469,16805289.0,2025-02-09 16:00:00+00:00
1739131200000,0.4469,0.4534,0.4279,0.4486,45092231.2,2025-02-09 20:00:00+00:00
1739145600000,0.4485,0.4572,0.4346,0.4504,39560476.3,2025-02-10 00:00:00+00:00
1739160000000,0.4505,0.4642,0.4482,0.4577,20971201.6,2025-02-10 04:00:00+00:00
1739174400000,0.4577,0.4648,0.4567,0.4619,20956830.2,2025-02-10 08:00:00+00:00
1739188800000,0.4619,0.4704,0.4571,0.4638,30502861.2,2025-02-10 12:00:00+00:00
1739203200000,0.4638,0.4758,0.4623,0.4721,21910660.0,2025-02-10 16:00:00+00:00
1739217600000,0.472,0.4805,0.4697,0.4722,18993829.5,2025-02-10 20:00:00+00:00
1739232000000,0.4722,0.482,0.4713,0.4752,20509293.0,2025-02-11 00:00:00+00:00
1739246400000,0.4753,0.4927,0.4745,0.4898,24271979.0,2025-02-11 04:00:00+00:00
1739260800000,0.4898,0.4936,0.4816,0.4835,19772522.1,2025-02-11 08:00:00+00:00
1739275200000,0.4836,0.4843,0.4603,0.4714,45240435.9,2025-02-11 12:00:00+00:00
1739289600000,0.4714,0.4747,0.4575,0.4593,30606586.4,2025-02-11 16:00:00+00:00
1739304000000,0.4592,0.4677,0.4579,0.4625,21055370.0,2025-02-11 20:00:00+00:00
1739318400000,0.4625,0.4708,0.4595,0.4637,25286307.1,2025-02-12 00:00:00+00:00
1739332800000,0.4637,0.4687,0.4613,0.4664,15931955.3,2025-02-12 04:00:00+00:00
1739347200000,0.4663,0.472,0.4642,0.4686,21353191.5,2025-02-12 08:00:00+00:00
1739361600000,0.4687,0.4798,0.4485,0.4661,86726632.1,2025-02-12 12:00:00+00:00
1739376000000,0.4662,0.4873,0.4616,0.4845,38469292.5,2025-02-12 16:00:00+00:00
1739390400000,0.4846,0.5093,0.4824,0.4937,40233803.4,2025-02-12 20:00:00+00:00
1739404800000,0.4937,0.5031,0.4901,0.5029,23002890.8,2025-02-13 00:00:00+00:00
1739419200000,0.5028,0.5035,0.4854,0.4865,24735192.2,2025-02-13 04:00:00+00:00
1739433600000,0.4865,0.4884,0.4791,0.4825,23619045.7,2025-02-13 08:00:00+00:00
1739448000000,0.4825,0.4879,0.4756,0.4821,30740887.4,2025-02-13 12:00:00+00:00
1739462400000,0.4821,0.4885,0.4755,0.4815,20066841.9,2025-02-13 16:00:00+00:00
1739476800000,0.4816,0.4898,0.4814,0.487,14791433.1,2025-02-13 20:00:00+00:00
1739491200000,0.4871,0.4984,0.4834,0.4974,14659622.6,2025-02-14 00:00:00+00:00
1739505600000,0.4973,0.4978,0.4886,0.4908,13558680.2,2025-02-14 04:00:00+00:00
1739520000000,0.4908,0.5029,0.4905,0.4978,24189399.3,2025-02-14 08:00:00+00:00
1739534400000,0.4978,0.5059,0.4936,0.5032,25321569.0,2025-02-14 12:00:00+00:00
1739548800000,0.5033,0.5116,0.4979,0.502,29085696.2,2025-02-14 16:00:00+00:00
1739563200000,0.502,0.5043,0.4904,0.4973,22503822.2,2025-02-14 20:00:00+00:00
1739577600000,0.4974,0.4988,0.4911,0.4945,12275007.4,2025-02-15 00:00:00+00:00
1739592000000,0.4945,0.4967,0.4857,0.4877,11544074.3,2025-02-15 04:00:00+00:00
1739606400000,0.4876,0.4909,0.4802,0.4827,16156542.3,2025-02-15 08:00:00+00:00
1739620800000,0.4827,0.4842,0.4738,0.4766,21043687.2,2025-02-15 12:00:00+00:00
1739635200000,0.4765,0.4787,0.4731,0.4749,13156843.3,2025-02-15 16:00:00+00:00
1739649600000,0.4748,0.478,0.4707,0.4764,10757426.3,2025-02-15 20:00:00+00:00
1739664000000,0.4765,0.4804,0.471,0.4753,13572428.8,2025-02-16 00:00:00+00:00
1739678400000,0.4752,0.4815,0.4733,0.4747,13084282.0,2025-02-16 04:00:00+00:00
1739692800000,0.4748,0.4888,0.4736,0.4881,20713165.4,2025-02-16 08:00:00+00:00
1739707200000,0.4881,0.4891,0.4744,0.4819,22213370.0,2025-02-16 12:00:00+00:00
1739721600000,0.4818,0.4855,0.473,0.478,22805529.5,2025-02-16 16:00:00+00:00
1739736000000,0.478,0.4797,0.4716,0.4737,16870937.9,2025-02-16 20:00:00+00:00
1739750400000,0.4737,0.4815,0.4733,0.4773,14488128.9,2025-02-17 00:00:00+00:00
1739764800000,0.4773,0.4822,0.4656,0.4764,26588048.3,2025-02-17 04:00:00+00:00
1739779200000,0.4763,0.4974,0.474,0.4918,36874005.6,2025-02-17 08:00:00+00:00
1739793600000,0.4918,0.5144,0.4913,0.4947,52395951.6,2025-02-17 12:00:00+00:00
1739808000000,0.4947,0.4977,0.4752,0.485,43793354.0,2025-02-17 16:00:00+00:00
1739822400000,0.4849,0.5012,0.4839,0.4966,32669613.4,2025-02-17 20:00:00+00:00
1739836800000,0.4965,0.4985,0.4833,0.4854,24277963.6,2025-02-18 00:00:00+00:00
1739851200000,0.4854,0.4866,0.4601,0.465,50183802.1,2025-02-18 04:00:00+00:00
1739865600000,0.465,0.4718,0.4579,0.4646,40298941.3,2025-02-18 08:00:00+00:00
1739880000000,0.4647,0.4763,0.4463,0.4492,100718546.9,2025-02-18 12:00:00+00:00
1739894400000,0.4493,0.4535,0.4386,0.45,58265969.5,2025-02-18 16:00:00+00:00
1739908800000,0.4501,0.4602,0.445,0.4602,30869355.8,2025-02-18 20:00:00+00:00
1739923200000,0.4601,0.4659,0.4517,0.4633,25080648.0,2025-02-19 00:00:00+00:00
1739937600000,0.4632,0.4709,0.4553,0.4673,24709118.9,2025-02-19 04:00:00+00:00
1739952000000,0.4672,0.4731,0.4647,0.4699,28380930.1,2025-02-19 08:00:00+00:00
1739966400000,0.47,0.4741,0.4615,0.4639,34742929.8,2025-02-19 12:00:00+00:00
1739980800000,0.464,0.4715,0.4635,0.4684,26923858.3,2025-02-19 16:00:00+00:00
1739995200000,0.4683,0.4743,0.4653,0.4708,29886177.3,2025-02-19 20:00:00+00:00
1740009600000,0.4709,0.485,0.4698,0.4835,29511490.4,2025-02-20 00:00:00+00:00
1740024000000,0.4836,0.4889,0.4752,0.4766,19008833.4,2025-02-20 04:00:00+00:00
1740038400000,0.4766,0.4827,0.475,0.4802,27130912.0,2025-02-20 08:00:00+00:00
1740052800000,0.4802,0.4904,0.4763,0.4773,53536685.1,2025-02-20 12:00:00+00:00
1740067200000,0.4773,0.4951,0.4763,0.4917,39599501.6,2025-02-20 16:00:00+00:00
1740081600000,0.4916,0.4958,0.4876,0.4904,20822898.3,2025-02-20 20:00:00+00:00
1740096000000,0.4904,0.492,0.4855,0.4875,15513560.4,2025-02-21 00:00:00+00:00
1740110400000,0.4875,0.4973,0.4875,0.4938,20298325.8,2025-02-21 04:00:00+00:00
1740124800000,0.4938,0.5072,0.4915,0.4998,32070772.0,2025-02-21 08:00:00+00:00
1740139200000,0.4997,0.5102,0.479,0.4849,84817217.3,2025-02-21 12:00:00+00:00
1740153600000,0.485,0.4936,0.4573,0.4607,98045381.6,2025-02-21 16:00:00+00:00
1740168000000,0.4607,0.4682,0.4575,0.4678,36624383.4,2025-02-21 20:00:00+00:00
1740182400000,0.4678,0.475,0.4649,0.4705,24286874.1,2025-02-22 00:00:00+00:00
1740196800000,0.4705,0.477,0.4695,0.4721,20456893.3,2025-02-22 04:00:00+00:00
1740211200000,0.4721,0.483,0.4709,0.4821,22082448.7,2025-02-22 08:00:00+00:00
1740225600000,0.4822,0.4831,0.4757,0.4813,20033271.8,2025-02-22 12:00:00+00:00
1740240000000,0.4813,0.4866,0.4802,0.4808,25809597.9,2025-02-22 16:00:00+00:00
1740254400000,0.4809,0.4813,0.4762,0.4763,13629894.0,2025-02-22 20:00:00+00:00
1740268800000,0.4764,0.4787,0.4719,0.475,17139673.0,2025-02-23 00:00:00+00:00
1740283200000,0.4749,0.4901,0.4732,0.4893,21733495.2,2025-02-23 04:00:00+00:00
1740297600000,0.4893,0.4905,0.4793,0.4809,20535280.9,2025-02-23 08:00:00+00:00
1740312000000,0.4809,0.4851,0.4731,0.4745,24200899.8,2025-02-23 12:00:00+00:00
1740326400000,0.4746,0.4833,0.4743,0.4779,16028894.2,2025-02-23 16:00:00+00:00
1740340800000,0.478,0.4824,0.472,0.4779,19466738.6,2025-02-23 20:00:00+00:00
1740355200000,0.478,0.4813,0.4575,0.4597,47607572.1,2025-02-24 00:00:00+00:00
1740369600000,0.4597,0.4603,0.4509,0.4546,46478533.7,2025-02-24 04:00:00+00:00
1740384000000,0.4545,0.4548,0.4434,0.4495,45372160.9,2025-02-24 08:00:00+00:00
1740398400000,0.4496,0.4513,0.437,0.4427,50430493.2,2025-02-24 12:00:00+00:00
1740412800000,0.4427,0.447,0.4288,0.435,37562587.2,2025-02-24 16:00:00+00:00
1740427200000,0.435,0.4402,0.3999,0.4108,116802076.5,2025-02-24 20:00:00+00:00
1740441600000,0.4107,0.4148,0.3965,0.4047,76620155.5,2025-02-25 00:00:00+00:00
1740456000000,0.4048,0.4079,0.3801,0.3921,120409067.6,2025-02-25 04:00:00+00:00
1740470400000,0.3921,0.4135,0.3871,0.4124,94592713.2,2025-02-25 08:00:00+00:00
1740484800000,0.4124,0.4154,0.397,0.4076,74985601.6,2025-02-25 12:00:00+00:00
1740499200000,0.4076,0.4173,0.4026,0.4173,56973698.0,2025-02-25 16:00:00+00:00
1740513600000,0.4171,0.4273,0.4144,0.4193,38497276.1,2025-02-25 20:00:00+00:00
1740528000000,0.4194,0.4256,0.4155,0.4236,22858983.9,2025-02-26 00:00:00+00:00
1740542400000,0.4237,0.4273,0.4186,0.4227,20122694.8,2025-02-26 04:00:00+00:00
1740556800000,0.4227,0.4278,0.4176,0.4204,26181288.0,2025-02-26 08:00:00+00:00
1740571200000,0.4204,0.428,0.4093,0.4237,52026561.0,2025-02-26 12:00:00+00:00
1740585600000,0.4237,0.4256,0.4031,0.4109,69559766.9,2025-02-26 16:00:00+00:00
1740600000000,0.411,0.4328,0.4058,0.4223,55567696.4,2025-02-26 20:00:00+00:00
1740614400000,0.4223,0.432,0.4192,0.4287,27991698.5,2025-02-27 00:00:00+00:00
1740628800000,0.4287,0.4383,0.4239,0.4354,25113167.1,2025-02-27 04:00:00+00:00
1740643200000,0.4354,0.4389,0.4312,0.4338,25227518.7,2025-02-27 08:00:00+00:00
1740657600000,0.4339,0.435,0.424,0.4309,36458822.2,2025-02-27 12:00:00+00:00
1740672000000,0.4309,0.4332,0.4189,0.4209,27005828.3,2025-02-27 16:00:00+00:00
1740686400000,0.421,0.4266,0.4114,0.4248,31944870.5,2025-02-27 20:00:00+00:00
1740700800000,0.4248,0.4265,0.3895,0.3908,89391376.0,2025-02-28 00:00:00+00:00
1740715200000,0.3908,0.3942,0.3839,0.3895,69114722.7,2025-02-28 04:00:00+00:00
1740729600000,0.3895,0.3993,0.3832,0.3941,60968310.1,2025-02-28 08:00:00+00:00
1740744000000,0.394,0.4185,0.3916,0.4171,50931064.9,2025-02-28 12:00:00+00:00
1740758400000,0.4172,0.424,0.4137,0.4198,25714773.9,2025-02-28 16:00:00+00:00
1740772800000,0.4198,0.4229,0.415,0.4218,22071408.8,2025-02-28 20:00:00+00:00
1740787200000,0.4219,0.4264,0.4174,0.4234,24098245.7,2025-03-01 00:00:00+00:00
1740801600000,0.4234,0.4268,0.4154,0.4181,20541520.4,2025-03-01 04:00:00+00:00
1740816000000,0.4181,0.4208,0.4072,0.4091,31712421.7,2025-03-01 08:00:00+00:00
1740830400000,0.4091,0.4109,0.4025,0.4088,23085284.1,2025-03-01 12:00:00+00:00
1740844800000,0.4089,0.4164,0.4069,0.414,18415702.1,2025-03-01 16:00:00+00:00
1740859200000,0.4141,0.4204,0.4125,0.4176,19054059.3,2025-03-01 20:00:00+00:00
1740873600000,0.4176,0.4214,0.4146,0.419,18308721.4,2025-03-02 00:00:00+00:00
1740888000000,0.4191,0.4229,0.4166,0.4171,13772189.2,2025-03-02 04:00:00+00:00
1740902400000,0.4172,0.424,0.4149,0.4207,19564764.5,2025-03-02 08:00:00+00:00
1740916800000,0.4207,0.4307,0.4087,0.4217,57254977.5,2025-03-02 12:00:00+00:00
1740931200000,0.4217,0.4638,0.4215,0.4599,123807035.1,2025-03-02 16:00:00+00:00
1740945600000,0.46,0.4665,0.4578,0.4628,26279910.9,2025-03-02 20:00:00+00:00
1740960000000,0.4629,0.4643,0.4427,0.4469,38975305.4,2025-03-03 00:00:00+00:00
1740974400000,0.4469,0.4488,0.4264,0.4331,38570074.8,2025-03-03 04:00:00+00:00
1740988800000,0.4332,0.4333,0.4205,0.429,32380912.2,2025-03-03 08:00:00+00:00
1741003200000,0.429,0.4366,0.4169,0.4216,63521590.1,2025-03-03 12:00:00+00:00
1741017600000,0.4217,0.4242,0.3859,0.3881,89012844.8,2025-03-03 16:00:00+00:00
1741032000000,0.3883,0.396,0.3824,0.3914,62001619.3,2025-03-03 20:00:00+00:00
1741046400000,0.3914,0.3936,0.3588,0.3757,120073740.2,2025-03-04 00:00:00+00:00
1741060800000,0.3757,0.385,0.3741,0.3756,38379541.5,2025-03-04 04:00:00+00:00
1741075200000,0.3756,0.3789,0.3703,0.3736,37893007.0,2025-03-04 08:00:00+00:00
1741089600000,0.3736,0.3866,0.3623,0.3719,94276166.9,2025-03-04 12:00:00+00:00
1741104000000,0.3719,0.3812,0.3492,0.3807,96607779.3,2025-03-04 16:00:00+00:00
1741118400000,0.3807,0.3878,0.3732,0.3796,36409226.2,2025-03-04 20:00:00+00:00
1741132800000,0.3795,0.3829,0.3745,0.375,28773791.1,2025-03-05 00:00:00+00:00
1741147200000,0.375,0.3846,0.3745,0.3825,22321574.3,2025-03-05 04:00:00+00:00
1741161600000,0.3825,0.4,0.3824,0.3908,41343664.9,2025-03-05 08:00:00+00:00
1741176000000,0.3907,0.4355,0.3907,0.4152,319051309.0,2025-03-05 12:00:00+00:00
1741190400000,0.4152,0.425,0.4058,0.4236,66268199.5,2025-03-05 16:00:00+00:00
1741204800000,0.4237,0.4261,0.4143,0.4148,29902990.8,2025-03-05 20:00:00+00:00
1741219200000,0.4147,0.4257,0.4126,0.4238,40774969.2,2025-03-06 00:00:00+00:00
1741233600000,0.4239,0.429,0.4205,0.4211,33693384.2,2025-03-06 04:00:00+00:00
1741248000000,0.4212,0.427,0.4197,0.4237,25146985.4,2025-03-06 08:00:00+00:00
1741262400000,0.4236,0.4246,0.4064,0.4163,56163752.6,2025-03-06 12:00:00+00:00
1741276800000,0.4163,0.4176,0.3993,0.4024,50995422.8,2025-03-06 16:00:00+00:00
1741291200000,0.4024,0.4106,0.4015,0.4035,26846869.8,2025-03-06 20:00:00+00:00
1741305600000,0.4036,0.4075,0.3853,0.3986,79783226.5,2025-03-07 00:00:00+00:00
1741320000000,0.3986,0.4067,0.3976,0.4064,24215970.2,2025-03-07 04:00:00+00:00
1741334400000,0.4064,0.4097,0.4012,0.4075,23224284.8,2025-03-07 08:00:00+00:00
1741348800000,0.4076,0.4161,0.4018,0.409,48368853.6,2025-03-07 12:00:00+00:00
1741363200000,0.409,0.4139,0.3971,0.4073,48121530.2,2025-03-07 16:00:00+00:00
1741377600000,0.4073,0.4098,0.3903,0.3946,40539843.0,2025-03-07 20:00:00+00:00
1741392000000,0.3946,0.3976,0.3885,0.3936,15806017.3,2025-03-08 00:00:00+00:00
1741406400000,0.3936,0.3973,0.3868,0.3878,15816659.8,2025-03-08 04:00:00+00:00
1741420800000,0.3878,0.3892,0.3815,0.3846,20698417.7,2025-03-08 08:00:00+00:00
1741435200000,0.3847,0.3958,0.3831,0.39,25974664.2,2025-03-08 12:00:00+00:00
1741449600000,0.3901,0.4038,0.3853,0.4025,29925533.2,2025-03-08 16:00:00+00:00
1741464000000,0.4026,0.4033,0.3954,0.3977,17053919.9,2025-03-08 20:00:00+00:00
1741478400000,0.3978,0.3994,0.3881,0.3902,16679637.8,2025-03-09 00:00:00+00:00
1741492800000,0.3902,0.3913,0.385,0.3878,13919046.8,2025-03-09 04:00:00+00:00
1741507200000,0.3878,0.3878,0.375,0.3776,29645244.1,2025-03-09 08:00:00+00:00
1741521600000,0.3775,0.3782,0.3664,0.3681,41115392.1,2025-03-09 12:00:00+00:00
1741536000000,0.3681,0.37,0.3454,0.3548,83264086.9,2025-03-09 16:00:00+00:00
1741550400000,0.3549,0.358,0.3441,0.3492,40103077.6,2025-03-09 20:00:00+00:00
1741564800000,0.3493,0.3564,0.3433,0.354,45923301.5,2025-03-10 00:00:00+00:00
1741579200000,0.354,0.3603,0.3534,0.3596,29574853.0,2025-03-10 04:00:00+00:00
1741593600000,0.3597,0.3723,0.3534,0.3671,50050766.8,2025-03-10 08:00:00+00:00
1741608000000,0.3672,0.3691,0.3373,0.3448,90932296.3,2025-03-10 12:00:00+00:00
1741622400000,0.3447,0.3458,0.3139,0.3259,130139973.7,2025-03-10 16:00:00+00:00
1741636800000,0.3259,0.3288,0.3189,0.3201,50983184.0,2025-03-10 20:00:00+00:00
1741651200000,0.3202,0.3259,0.2944,0.3202,140340014.0,2025-03-11 00:00:00+00:00
1741665600000,0.3201,0.3331,0.3192,0.3306,49899347.2,2025-03-11 04:00:00+00:00
1741680000000,0.3306,0.3359,0.3286,0.3333,37535260.7,2025-03-11 08:00:00+00:00
1741694400000,0.3332,0.3372,0.3163,0.3303,105820029.1,2025-03-11 12:00:00+00:00
1741708800000,0.3302,0.3469,0.3261,0.3456,59132514.4,2025-03-11 16:00:00+00:00
1741723200000,0.3456,0.347,0.3361,0.3375,29009429.8,2025-03-11 20:00:00+00:00
1741737600000,0.3374,0.3434,0.3283,0.3288,40441885.7,2025-03-12 00:00:00+00:00
1741752000000,0.3288,0.3394,0.3261,0.3382,39849869.7,2025-03-12 04:00:00+00:00
1741766400000,0.3382,0.3496,0.3355,0.3456,66064603.8,2025-03-12 08:00:00+00:00
1741780800000,0.3456,0.3543,0.3319,0.3375,72232722.1,2025-03-12 12:00:00+00:00
1741795200000,0.3376,0.3466,0.3372,0.3443,31702748.6,2025-03-12 16:00:00+00:00
1741809600000,0.3443,0.3505,0.3434,0.3484,18093680.0,2025-03-12 20:00:00+00:00
1741824000000,0.3483,0.3506,0.3433,0.3441,31526082.6,2025-03-13 00:00:00+00:00
1741838400000,0.344,0.3452,0.3386,0.3423,25276783.4,2025-03-13 04:00:00+00:00
1741852800000,0.3423,0.3517,0.3401,0.3495,33865376.4,2025-03-13 08:00:00+00:00
1741867200000,0.3495,0.3543,0.3395,0.3415,45650660.5,2025-03-13 12:00:00+00:00
1741881600000,0.3415,0.3422,0.3305,0.3363,37279739.5,2025-03-13 16:00:00+00:00
1741896000000,0.3362,0.3463,0.3333,0.3436,29002313.1,2025-03-13 20:00:00+00:00
1741910400000,0.3436,0.3502,0.3422,0.3473,23340404.1,2025-03-14 00:00:00+00:00
1741924800000,0.3473,0.3502,0.346,0.3473,14500916.6,2025-03-14 04:00:00+00:00
1741939200000,0.3473,0.3521,0.3473,0.3508,19750655.0,2025-03-14 08:00:00+00:00
1741953600000,0.3509,0.3644,0.3489,0.3602,44667872.8,2025-03-14 12:00:00+00:00
1741968000000,0.3603,0.3665,0.3589,0.3632,28171483.0,2025-03-14 16:00:00+00:00
1741982400000,0.3632,0.3638,0.3581,0.3587,21960937.6,2025-03-14 20:00:00+00:00
1741996800000,0.3587,0.3617,0.3565,0.3612,12715018.9,2025-03-15 00:00:00+00:00
1742011200000,0.3612,0.3648,0.359,0.3598,14511528.8,2025-03-15 04:00:00+00:00
1742025600000,0.3599,0.3637,0.3588,0.362,18057139.2,2025-03-15 08:00:00+00:00
1742040000000,0.362,0.3631,0.3584,0.3628,18248785.8,2025-03-15 12:00:00+00:00
1742054400000,0.3628,0.3662,0.3622,0.3656,17219340.1,2025-03-15 16:00:00+00:00
1742068800000,0.3656,0.3698,0.3638,0.364,15329675.5,2025-03-15 20:00:00+00:00
1742083200000,0.3641,0.3651,0.3587,0.3616,15836650.6,2025-03-16 00:00:00+00:00
1742097600000,0.3616,0.365,0.36,0.3626,11549874.8,2025-03-16 04:00:00+00:00
1742112000000,0.3626,0.3636,0.348,0.3492,33957410.0,2025-03-16 08:00:00+00:00
1742126400000,0.3492,0.3518,0.3451,0.3489,29770932.7,2025-03-16 12:00:00+00:00
1742140800000,0.349,0.358,0.3451,0.3492,36844235.4,2025-03-16 16:00:00+00:00
1742155200000,0.3492,0.3515,0.3443,0.348,22083118.1,2025-03-16 20:00:00+00:00
1742169600000,0.348,0.3619,0.348,0.3605,25394158.0,2025-03-17 00:00:00+00:00
1742184000000,0.3605,0.3669,0.356,0.3657,24745563.3,2025-03-17 04:00:00+00:00
1742198400000,0.3657,0.3758,0.3635,0.3687,36183361.6,2025-03-17 08:00:00+00:00
1742212800000,0.3686,0.3738,0.3631,0.3684,41838755.7,2025-03-17 12:00:00+00:00
1742227200000,0.3684,0.375,0.3652,0.3718,23508951.6,2025-03-17 16:00:00+00:00
1742241600000,0.3718,0.3734,0.3682,0.3696,17648696.5,2025-03-17 20:00:00+00:00
1742256000000,0.3696,0.3698,0.3604,0.3611,19646652.4,2025-03-18 00:00:00+00:00
1742270400000,0.361,0.3649,0.359,0.3623,18809329.0,2025-03-18 04:00:00+00:00
1742284800000,0.3623,0.3661,0.3574,0.3587,21889902.8,2025-03-18 08:00:00+00:00
1742299200000,0.3587,0.3607,0.3538,0.3556,27073510.4,2025-03-18 12:00:00+00:00
1742313600000,0.3555,0.3592,0.3516,0.3586,21477269.9,2025-03-18 16:00:00+00:00
1742328000000,0.3586,0.3721,0.357,0.3713,28995626.8,2025-03-18 20:00:00+00:00
1742342400000,0.3714,0.3734,0.3667,0.3717,20344258.1,2025-03-19 00:00:00+00:00
1742356800000,0.3718,0.3752,0.3677,0.368,20218809.0,2025-03-19 04:00:00+00:00
1742371200000,0.368,0.3829,0.3677,0.3819,46082145.1,2025-03-19 08:00:00+00:00
1742385600000,0.3819,0.3858,0.3736,0.3849,48151069.8,2025-03-19 12:00:00+00:00
1742400000000,0.385,0.385,0.3752,0.3789,46399437.5,2025-03-19 16:00:00+00:00
1742414400000,0.379,0.3869,0.3781,0.3848,21765731.5,2025-03-19 20:00:00+00:00
1742428800000,0.3849,0.3871,0.3772,0.3778,22225899.5,2025-03-20 00:00:00+00:00
1742443200000,0.3778,0.3787,0.3745,0.3751,14503100.0,2025-03-20 04:00:00+00:00
1742457600000,0.3751,0.3778,0.3679,0.3706,30976380.6,2025-03-20 08:00:00+00:00
1742472000000,0.3707,0.3775,0.37,0.371,22237665.6,2025-03-20 12:00:00+00:00
1742486400000,0.371,0.3735,0.3663,0.3723,19636043.8,2025-03-20 16:00:00+00:00
1742500800000,0.3723,0.3767,0.372,0.3754,14071547.4,2025-03-20 20:00:00+00:00
1742515200000,0.3754,0.3792,0.3728,0.3736,14202122.8,2025-03-21 00:00:00+00:00
1742529600000,0.3737,0.3756,0.3693,0.3716,13655095.5,2025-03-21 04:00:00+00:00
1742544000000,0.3715,0.373,0.3617,0.3631,23522922.0,2025-03-21 08:00:00+00:00
1742558400000,0.363,0.3646,0.3576,0.3604,22374527.0,2025-03-21 12:00:00+00:00
1742572800000,0.3604,0.3659,0.3597,0.3636,15884466.2,2025-03-21 16:00:00+00:00
1742587200000,0.3636,0.3655,0.3586,0.3595,17146874.8,2025-03-21 20:00:00+00:00
1742601600000,0.3595,0.363,0.3589,0.3624,12014475.0,2025-03-22 00:00:00+00:00
1742616000000,0.3624,0.367,0.3616,0.3662,12448884.9,2025-03-22 04:00:00+00:00
1742630400000,0.3661,0.3713,0.3649,0.3681,15154217.5,2025-03-22 08:00:00+00:00
1742644800000,0.3681,0.3689,0.3639,0.3651,12712450.7,2025-03-22 12:00:00+00:00
1742659200000,0.365,0.3718,0.3645,0.3706,14029823.4,2025-03-22 16:00:00+00:00
1742673600000,0.3705,0.3722,0.3634,0.3648,11608751.1,2025-03-22 20:00:00+00:00
1742688000000,0.3647,0.373,0.3633,0.3728,12803860.4,2025-03-23 00:00:00+00:00
1742702400000,0.3728,0.3741,0.3676,0.3725,11736006.2,2025-03-23 04:00:00+00:00
1742716800000,0.3725,0.3736,0.3695,0.3701,11102409.4,2025-03-23 08:00:00+00:00
1742731200000,0.3702,0.3719,0.3666,0.3675,13852857.0,2025-03-23 12:00:00+00:00
1742745600000,0.3675,0.3675,0.3623,0.3648,12584839.4,2025-03-23 16:00:00+00:00
1742760000000,0.3648,0.3686,0.3622,0.3684,13187796.9,2025-03-23 20:00:00+00:00
1742774400000,0.3684,0.374,0.3612,0.373,32289332.8,2025-03-24 00:00:00+00:00
1742788800000,0.373,0.3844,0.373,0.3808,35514316.7,2025-03-24 04:00:00+00:00
1742803200000,0.3808,0.3854,0.3808,0.3836,18534589.6,2025-03-24 08:00:00+00:00
1742817600000,0.3836,0.3957,0.3819,0.3901,54670685.0,2025-03-24 12:00:00+00:00
1742832000000,0.39,0.3938,0.3861,0.3924,20441490.3,2025-03-24 16:00:00+00:00
1742846400000,0.3923,0.3946,0.3877,0.3908,20147194.1,2025-03-24 20:00:00+00:00
1742860800000,0.3908,0.394,0.384,0.3846,19297523.0,2025-03-25 00:00:00+00:00
1742875200000,0.3846,0.3895,0.3835,0.3871,12353154.9,2025-03-25 04:00:00+00:00
1742889600000,0.3872,0.3916,0.3871,0.3901,15400091.0,2025-03-25 08:00:00+00:00
1742904000000,0.3902,0.3935,0.3861,0.3906,23309401.1,2025-03-25 12:00:00+00:00
1742918400000,0.3907,0.3951,0.3884,0.3925,17393796.3,2025-03-25 16:00:00+00:00
1742932800000,0.3925,0.3948,0.39,0.3933,15587309.6,2025-03-25 20:00:00+00:00
1742947200000,0.3933,0.3972,0.3877,0.389,15841624.3,2025-03-26 00:00:00+00:00
1742961600000,0.389,0.4014,0.3886,0.4003,21373980.9,2025-03-26 04:00:00+00:00
1742976000000,0.4003,0.4027,0.3965,0.4002,21871804.6,2025-03-26 08:00:00+00:00
1742990400000,0.4002,0.4003,0.3814,0.385,49593282.1,2025-03-26 12:00:00+00:00
1743004800000,0.3849,0.3872,0.3775,0.3819,25816387.6,2025-03-26 16:00:00+00:00
1743019200000,0.3818,0.3854,0.3785,0.3817,14491201.5,2025-03-26 20:00:00+00:00
1743033600000,0.3817,0.3908,0.3808,0.3903,15479790.0,2025-03-27 00:00:00+00:00
1743048000000,0.3902,0.3907,0.3856,0.3862,9183517.6,2025-03-27 04:00:00+00:00
1743062400000,0.3863,0.3884,0.3792,0.38,18186170.9,2025-03-27 08:00:00+00:00
1743076800000,0.3799,0.3865,0.3737,0.3832,28313369.4,2025-03-27 12:00:00+00:00
1743091200000,0.3831,0.386,0.3785,0.3835,26833900.8,2025-03-27 16:00:00+00:00
1743105600000,0.3835,0.3884,0.3821,0.3841,10796138.7,2025-03-27 20:00:00+00:00
1743120000000,0.3841,0.3874,0.378,0.3791,14051556.0,2025-03-28 00:00:00+00:00
1743134400000,0.3792,0.38,0.3577,0.3583,48473920.6,2025-03-28 04:00:00+00:00
1743148800000,0.3582,0.3602,0.3505,0.356,24874378.8,2025-03-28 08:00:00+00:00
1743163200000,0.356,0.3563,0.3475,0.348,41282821.2,2025-03-28 12:00:00+00:00
1743177600000,0.3479,0.3498,0.342,0.3435,23372144.0,2025-03-28 16:00:00+00:00
1743192000000,0.3436,0.3489,0.3414,0.3476,21716942.8,2025-03-28 20:00:00+00:00
1743206400000,0.3476,0.3494,0.3381,0.3436,20928764.6,2025-03-29 00:00:00+00:00
1743220800000,0.3435,0.3446,0.3328,0.3354,24600514.9,2025-03-29 04:00:00+00:00
1743235200000,0.3354,0.3394,0.3305,0.3323,41009376.6,2025-03-29 08:00:00+00:00
1743249600000,0.3323,0.3374,0.3313,0.3325,20584605.9,2025-03-29 12:00:00+00:00
1743264000000,0.3326,0.3342,0.3261,0.3309,31444633.5,2025-03-29 16:00:00+00:00
1743278400000,0.3309,0.3311,0.3259,0.3308,14048828.2,2025-03-29 20:00:00+00:00
1743292800000,0.3308,0.3386,0.3277,0.3357,22996999.3,2025-03-30 00:00:00+00:00
1743307200000,0.3358,0.3381,0.3338,0.3346,11730923.3,2025-03-30 04:00:00+00:00
1743321600000,0.3347,0.3387,0.3329,0.3342,16707786.2,2025-03-30 08:00:00+00:00
1743336000000,0.3342,0.3359,0.3284,0.3324,45693909.9,2025-03-30 12:00:00+00:00
1743350400000,0.3324,0.3365,0.3269,0.3337,21002899.8,2025-03-30 16:00:00+00:00
1743364800000,0.3337,0.3349,0.3252,0.3318,20893989.4,2025-03-30 20:00:00+00:00
1743379200000,0.3319,0.3351,0.3261,0.3285,20067294.3,2025-03-31 00:00:00+00:00
1743393600000,0.3285,0.3321,0.3226,0.3249,22602333.5,2025-03-31 04:00:00+00:00
1743408000000,0.3248,0.3272,0.3177,0.3249,32959798.5,2025-03-31 08:00:00+00:00
1743422400000,0.3249,0.3349,0.3221,0.3322,41898839.8,2025-03-31 12:00:00+00:00
1743436800000,0.3322,0.3338,0.3266,0.3292,20988297.1,2025-03-31 16:00:00+00:00
1743451200000,0.3293,0.3311,0.3261,0.3277,13277593.9,2025-03-31 20:00:00+00:00
1743465600000,0.3277,0.335,0.3273,0.3327,16198180.4,2025-04-01 00:00:00+00:00
1743480000000,0.3328,0.3373,0.3306,0.3342,21278131.8,2025-04-01 04:00:00+00:00
1743494400000,0.3342,0.3425,0.3321,0.3333,33113657.7,2025-04-01 08:00:00+00:00
1743508800000,0.3334,0.3417,0.3275,0.3397,37074734.1,2025-04-01 12:00:00+00:00
1743523200000,0.3398,0.3412,0.3324,0.3338,17406992.4,2025-04-01 16:00:00+00:00
1743537600000,0.3338,0.336,0.3304,0.3332,15063595.3,2025-04-01 20:00:00+00:00
1743552000000,0.3332,0.3332,0.3231,0.3274,23200691.0,2025-04-02 00:00:00+00:00
1743566400000,0.3273,0.3322,0.3195,0.3205,41110530.7,2025-04-02 04:00:00+00:00
1743580800000,0.3206,0.3286,0.3196,0.3233,26252780.5,2025-04-02 08:00:00+00:00
1743595200000,0.3234,0.3375,0.3198,0.3328,52581120.2,2025-04-02 12:00:00+00:00
1743609600000,0.3327,0.3348,0.3248,0.3304,20320105.3,2025-04-02 16:00:00+00:00
1743624000000,0.3304,0.339,0.3023,0.3069,105042666.6,2025-04-02 20:00:00+00:00
1743638400000,0.3068,0.3168,0.3053,0.3143,29571356.0,2025-04-03 00:00:00+00:00
1743652800000,0.3143,0.3164,0.305,0.307,33563689.3,2025-04-03 04:00:00+00:00
1743667200000,0.3069,0.3086,0.2965,0.3011,53959907.7,2025-04-03 08:00:00+00:00
1743681600000,0.301,0.3049,0.2933,0.3015,67512910.7,2025-04-03 12:00:00+00:00
1743696000000,0.3015,0.3061,0.2992,0.3041,26513290.7,2025-04-03 16:00:00+00:00
1743710400000,0.3042,0.3113,0.3031,0.3104,31070531.3,2025-04-03 20:00:00+00:00
1743724800000,0.3104,0.3119,0.3057,0.311,20540513.1,2025-04-04 00:00:00+00:00
1743739200000,0.311,0.3166,0.3087,0.3157,24549729.3,2025-04-04 04:00:00+00:00
1743753600000,0.3158,0.3181,0.3003,0.3053,42068101.8,2025-04-04 08:00:00+00:00
1743768000000,0.3053,0.3179,0.3025,0.3108,52286691.7,2025-04-04 12:00:00+00:00
1743782400000,0.3109,0.3167,0.3087,0.3119,30599916.4,2025-04-04 16:00:00+00:00
1743796800000,0.3118,0.3158,0.311,0.3124,13056561.4,2025-04-04 20:00:00+00:00
1743811200000,0.3124,0.315,0.3111,0.3113,9119196.1,2025-04-05 00:00:00+00:00
1743825600000,0.3113,0.3138,0.3104,0.3134,7947527.0,2025-04-05 04:00:00+00:00
1743840000000,0.3134,0.3152,0.3127,0.3132,10988190.4,2025-04-05 08:00:00+00:00
1743854400000,0.3131,0.3136,0.3057,0.3068,18167496.4,2025-04-05 12:00:00+00:00
1743868800000,0.3068,0.3093,0.3057,0.3062,10528845.0,2025-04-05 16:00:00+00:00
1743883200000,0.3062,0.3095,0.3045,0.3088,11056255.2,2025-04-05 20:00:00+00:00
1743897600000,0.3087,0.3089,0.3031,0.3046,11058986.2,2025-04-06 00:00:00+00:00
1743912000000,0.3046,0.3067,0.3022,0.3026,13831688.9,2025-04-06 04:00:00+00:00
1743926400000,0.3026,0.3049,0.3009,0.303,15581403.1,2025-04-06 08:00:00+00:00
1743940800000,0.303,0.3034,0.2918,0.2957,38930750.1,2025-04-06 12:00:00+00:00
1743955200000,0.2956,0.2957,0.269,0.2742,144007584.2,2025-04-06 16:00:00+00:00
1743969600000,0.2741,0.2754,0.2592,0.2679,98982983.8,2025-04-06 20:00:00+00:00
1743984000000,0.2679,0.2754,0.2588,0.2638,62341840.2,2025-04-07 00:00:00+00:00
1743998400000,0.2638,0.2701,0.242,0.2512,137066254.7,2025-04-07 04:00:00+00:00
1744012800000,0.2511,0.2696,0.2502,0.2646,84888104.2,2025-04-07 08:00:00+00:00
1744027200000,0.2646,0.2856,0.2632,0.2742,162302379.2,2025-04-07 12:00:00+00:00
1744041600000,0.2742,0.278,0.2683,0.2726,54157301.1,2025-04-07 16:00:00+00:00
1744056000000,0.2726,0.2784,0.2725,0.2742,25768426.6,2025-04-07 20:00:00+00:00
1744070400000,0.2743,0.2827,0.2712,0.2769,29398424.4,2025-04-08 00:00:00+00:00
1744084800000,0.277,0.2789,0.2688,0.2703,28069488.5,2025-04-08 04:00:00+00:00
1744099200000,0.2704,0.2789,0.268,0.2785,37111753.2,2025-04-08 08:00:00+00:00
1744113600000,0.2785,0.2806,0.27,0.2725,56863209.4,2025-04-08 12:00:00+00:00
1744128000000,0.2725,0.2726,0.2604,0.2642,72340655.6,2025-04-08 16:00:00+00:00
1744142400000,0.2642,0.2678,0.2612,0.2642,28030940.7,2025-04-08 20:00:00+00:00
1744156800000,0.2642,0.2683,0.2554,0.264,62054684.0,2025-04-09 00:00:00+00:00
1744171200000,0.2639,0.2746,0.2637,0.2733,46535472.9,2025-04-09 04:00:00+00:00
1744185600000,0.2733,0.2756,0.2679,0.2691,41707687.1,2025-04-09 08:00:00+00:00
1744200000000,0.2692,0.2779,0.2665,0.2756,51963154.3,2025-04-09 12:00:00+00:00
1744214400000,0.2756,0.3012,0.275,0.2949,119998467.4,2025-04-09 16:00:00+00:00
1744228800000,0.2949,0.2993,0.2923,0.2933,30131467.4,2025-04-09 20:00:00+00:00
1744243200000,0.2933,0.2938,0.2817,0.2839,31920879.7,2025-04-10 00:00:00+00:00
1744257600000,0.2839,0.2868,0.2812,0.2842,29500595.7,2025-04-10 04:00:00+00:00
1744272000000,0.2842,0.285,0.2803,0.2832,32954925.1,2025-04-10 08:00:00+00:00
1744286400000,0.2832,0.2901,0.2748,0.2769,73456022.8,2025-04-10 12:00:00+00:00
1744300800000,0.2768,0.2828,0.2752,0.2811,41565993.7,2025-04-10 16:00:00+00:00
1744315200000,0.2811,0.2873,0.2811,0.286,19506082.8,2025-04-10 20:00:00+00:00
1744329600000,0.286,0.2951,0.285,0.2941,31219123.7,2025-04-11 00:00:00+00:00
1744344000000,0.2941,0.296,0.2912,0.2929,23171576.3,2025-04-11 04:00:00+00:00
1744358400000,0.293,0.2963,0.2907,0.2923,35891971.0,2025-04-11 08:00:00+00:00
1744372800000,0.2924,0.2951,0.2894,0.2942,40515113.0,2025-04-11 12:00:00+00:00
1744387200000,0.2941,0.2988,0.2932,0.2961,35017872.3,2025-04-11 16:00:00+00:00
1744401600000,0.296,0.2987,0.2937,0.2948,20458209.4,2025-04-11 20:00:00+00:00
1744416000000,0.2947,0.2967,0.2936,0.2959,17547245.5,2025-04-12 00:00:00+00:00
1744430400000,0.2959,0.3015,0.295,0.3002,22354215.0,2025-04-12 04:00:00+00:00
1744444800000,0.3002,0.3045,0.2987,0.3003,23937902.8,2025-04-12 08:00:00+00:00
1744459200000,0.3004,0.3113,0.2999,0.3102,37545518.2,2025-04-12 12:00:00+00:00
1744473600000,0.3101,0.3114,0.3056,0.3082,24100190.4,2025-04-12 16:00:00+00:00
1744488000000,0.3082,0.3122,0.3077,0.3108,21869657.7,2025-04-12 20:00:00+00:00
1744502400000,0.3108,0.3115,0.3047,0.3063,20234997.7,2025-04-13 00:00:00+00:00
1744516800000,0.3063,0.308,0.3025,0.3062,21309266.9,2025-04-13 04:00:00+00:00
1744531200000,0.3063,0.3114,0.3052,0.307,22510237.4,2025-04-13 08:00:00+00:00
1744545600000,0.3071,0.3078,0.3004,0.3021,30797692.7,2025-04-13 12:00:00+00:00
1744560000000,0.3021,0.3168,0.2971,0.3013,67294711.6,2025-04-13 16:00:00+00:00
1744574400000,0.3012,0.3048,0.2952,0.3004,41681382.7,2025-04-13 20:00:00+00:00
1744588800000,0.3003,0.3126,0.2999,0.3043,33325484.6,2025-04-14 00:00:00+00:00
1744603200000,0.3043,0.3062,0.2969,0.2997,27088525.4,2025-04-14 04:00:00+00:00
1744617600000,0.2997,0.3085,0.2973,0.3048,63659767.7,2025-04-14 08:00:00+00:00
1744632000000,0.3049,0.3074,0.2943,0.2952,58914972.1,2025-04-14 12:00:00+00:00
1744646400000,0.2952,0.2999,0.2928,0.2973,39447617.8,2025-04-14 16:00:00+00:00
1744660800000,0.2974,0.2978,0.2934,0.2956,20272383.5,2025-04-14 20:00:00+00:00
1744675200000,0.2957,0.2969,0.2907,0.2932,26998689.3,2025-04-15 00:00:00+00:00
1744689600000,0.2932,0.2954,0.2911,0.2938,27322006.9,2025-04-15 04:00:00+00:00
1744704000000,0.2938,0.2958,0.2902,0.2917,22745660.0,2025-04-15 08:00:00+00:00
1744718400000,0.2918,0.2952,0.2862,0.2892,39035773.5,2025-04-15 12:00:00+00:00
1744732800000,0.2892,0.2901,0.2824,0.2834,28422318.3,2025-04-15 16:00:00+00:00
1744747200000,0.2834,0.285,0.2791,0.2795,29133776.4,2025-04-15 20:00:00+00:00
1744761600000,0.2794,0.2838,0.2775,0.2814,22366378.9,2025-04-16 00:00:00+00:00
1744776000000,0.2815,0.2821,0.2756,0.2763,32888246.0,2025-04-16 04:00:00+00:00
1744790400000,0.2763,0.2804,0.2745,0.2793,29442552.4,2025-04-16 08:00:00+00:00
1744804800000,0.2793,0.2839,0.2748,0.2801,52823772.8,2025-04-16 12:00:00+00:00
1744819200000,0.2802,0.283,0.2706,0.2822,71765705.6,2025-04-16 16:00:00+00:00
1744833600000,0.2821,0.2842,0.2778,0.2786,26227498.0,2025-04-16 20:00:00+00:00
1744848000000,0.2785,0.2812,0.2765,0.278,19692741.9,2025-04-17 00:00:00+00:00
1744862400000,0.2779,0.285,0.2772,0.283,21649164.7,2025-04-17 04:00:00+00:00
1744876800000,0.283,0.284,0.2795,0.2809,23606721.5,2025-04-17 08:00:00+00:00
1744891200000,0.2809,0.2827,0.2749,0.2802,39949542.3,2025-04-17 12:00:00+00:00
1744905600000,0.2803,0.2867,0.2788,0.2821,37612455.7,2025-04-17 16:00:00+00:00
1744920000000,0.2822,0.2851,0.2814,0.2823,15392678.4,2025-04-17 20:00:00+00:00
1744934400000,0.2822,0.2846,0.2807,0.2845,17310082.1,2025-04-18 00:00:00+00:00
1744948800000,0.2845,0.2897,0.2833,0.2893,21763295.0,2025-04-18 04:00:00+00:00
1744963200000,0.2893,0.2932,0.2871,0.2893,26439428.4,2025-04-18 08:00:00+00:00
1744977600000,0.2893,0.2924,0.2871,0.2884,22738707.0,2025-04-18 12:00:00+00:00
1744992000000,0.2885,0.2929,0.288,0.2913,20649925.0,2025-04-18 16:00:00+00:00
1745006400000,0.2913,0.2929,0.2891,0.2907,13659617.6,2025-04-18 20:00:00+00:00
1745020800000,0.2906,0.296,0.2898,0.294,16979768.1,2025-04-19 00:00:00+00:00
1745035200000,0.294,0.2958,0.2924,0.2941,13655632.2,2025-04-19 04:00:00+00:00
1745049600000,0.2941,0.2947,0.2913,0.2925,14020401.6,2025-04-19 08:00:00+00:00
1745064000000,0.2926,0.2965,0.2908,0.2965,18980973.7,2025-04-19 12:00:00+00:00
1745078400000,0.2965,0.3042,0.2947,0.3025,39616156.0,2025-04-19 16:00:00+00:00
1745092800000,0.3025,0.3038,0.3002,0.3004,19382172.6,2025-04-19 20:00:00+00:00
1745107200000,0.3005,0.3045,0.3,0.3042,16118937.0,2025-04-20 00:00:00+00:00
1745121600000,0.3043,0.3073,0.3006,0.3016,28213796.3,2025-04-20 04:00:00+00:00
1745136000000,0.3016,0.3022,0.2962,0.2978,22585670.5,2025-04-20 08:00:00+00:00
1745150400000,0.2978,0.301,0.2971,0.2979,17121340.2,2025-04-20 12:00:00+00:00
1745164800000,0.298,0.3037,0.2975,0.3032,18421891.5,2025-04-20 16:00:00+00:00
1745179200000,0.3032,0.3068,0.302,0.3044,15177782.3,2025-04-20 20:00:00+00:00
1745193600000,0.3045,0.3111,0.3037,0.3089,26901884.6,2025-04-21 00:00:00+00:00
1745208000000,0.3089,0.3149,0.3067,0.3131,19180245.4,2025-04-21 04:00:00+00:00
1745222400000,0.3132,0.3143,0.3095,0.3112,14621173.3,2025-04-21 08:00:00+00:00
1745236800000,0.3111,0.3138,0.3083,0.3112,20845823.3,2025-04-21 12:00:00+00:00
1745251200000,0.3112,0.312,0.2996,0.3028,47447918.7,2025-04-21 16:00:00+00:00
1745265600000,0.3028,0.3035,0.2969,0.2992,21032129.4,2025-04-21 20:00:00+00:00
1745280000000,0.2992,0.3028,0.2929,0.2991,32519119.4,2025-04-22 00:00:00+00:00
1745294400000,0.299,0.3018,0.2921,0.3013,32724046.3,2025-04-22 04:00:00+00:00
1745308800000,0.3014,0.3036,0.2983,0.3022,27067670.3,2025-04-22 08:00:00+00:00
1745323200000,0.3022,0.3157,0.3001,0.3104,62618441.6,2025-04-22 12:00:00+00:00
1745337600000,0.3105,0.313,0.3065,0.3124,26627481.2,2025-04-22 16:00:00+00:00
1745352000000,0.3125,0.3246,0.3104,0.3221,32287415.0,2025-04-22 20:00:00+00:00
1745366400000,0.3222,0.3308,0.3203,0.3303,31091312.3,2025-04-23 00:00:00+00:00
1745380800000,0.3303,0.3338,0.3246,0.3275,29207593.2,2025-04-23 04:00:00+00:00
1745395200000,0.3275,0.3321,0.3252,0.3298,31411683.6,2025-04-23 08:00:00+00:00
1745409600000,0.3298,0.3346,0.3222,0.3291,58604936.1,2025-04-23 12:00:00+00:00
1745424000000,0.3292,0.3436,0.3259,0.3341,68514099.5,2025-04-23 16:00:00+00:00
1745438400000,0.3342,0.3409,0.3335,0.3389,17867970.7,2025-04-23 20:00:00+00:00
1745452800000,0.3388,0.3413,0.3311,0.3317,28554042.3,2025-04-24 00:00:00+00:00
1745467200000,0.3318,0.3363,0.3281,0.3302,29053537.2,2025-04-24 04:00:00+00:00
1745481600000,0.3302,0.3341,0.3247,0.3338,30566747.6,2025-04-24 08:00:00+00:00
1745496000000,0.3338,0.3444,0.3314,0.3411,39778656.9,2025-04-24 12:00:00+00:00
1745510400000,0.3411,0.3436,0.3322,0.3377,43695269.7,2025-04-24 16:00:00+00:00
1745524800000,0.3377,0.3431,0.337,0.3421,14203991.6,2025-04-24 20:00:00+00:00
1745539200000,0.3421,0.346,0.335,0.3389,25480345.8,2025-04-25 00:00:00+00:00
1745553600000,0.3389,0.348,0.3381,0.3456,26228076.1,2025-04-25 04:00:00+00:00
1745568000000,0.3456,0.3496,0.3434,0.3467,32260999.3,2025-04-25 08:00:00+00:00
1745582400000,0.3466,0.3529,0.3404,0.348,51041027.2,2025-04-25 12:00:00+00:00
1745596800000,0.348,0.3487,0.3429,0.345,27668685.8,2025-04-25 16:00:00+00:00
1745611200000,0.345,0.3485,0.3434,0.3461,13459161.8,2025-04-25 20:00:00+00:00
1745625600000,0.3462,0.3562,0.3462,0.3511,20216840.5,2025-04-26 00:00:00+00:00
1745640000000,0.3511,0.3546,0.3479,0.3515,38942060.9,2025-04-26 04:00:00+00:00
1745654400000,0.3515,0.3577,0.3453,0.3459,30436768.3,2025-04-26 08:00:00+00:00
1745668800000,0.3459,0.3514,0.3421,0.351,23926018.1,2025-04-26 12:00:00+00:00
1745683200000,0.3511,0.3519,0.3483,0.3508,12617125.7,2025-04-26 16:00:00+00:00
1745697600000,0.3508,0.3534,0.3482,0.3523,12271212.6,2025-04-26 20:00:00+00:00
1745712000000,0.3524,0.3631,0.3395,0.3458,60522815.7,2025-04-27 00:00:00+00:00
1745726400000,0.3457,0.3467,0.338,0.342,22635827.8,2025-04-27 04:00:00+00:00
1745740800000,0.342,0.3455,0.3385,0.3388,19165426.1,2025-04-27 08:00:00+00:00
1745755200000,0.3387,0.3404,0.3322,0.3349,30701921.4,2025-04-27 12:00:00+00:00
1745769600000,0.335,0.3393,0.3324,0.3392,14522043.7,2025-04-27 16:00:00+00:00
1745784000000,0.3393,0.3395,0.335,0.3356,13687451.5,2025-04-27 20:00:00+00:00
1745798400000,0.3355,0.3367,0.327,0.336,29464821.7,2025-04-28 00:00:00+00:00
1745812800000,0.3359,0.345,0.3359,0.3441,24156298.2,2025-04-28 04:00:00+00:00
1745827200000,0.3442,0.3482,0.3382,0.3442,40291474.5,2025-04-28 08:00:00+00:00
1745841600000,0.3443,0.3448,0.3287,0.3318,29255049.5,2025-04-28 12:00:00+00:00
1745856000000,0.3317,0.3417,0.3287,0.3399,30223037.6,2025-04-28 16:00:00+00:00
1745870400000,0.3399,0.3407,0.3341,0.3357,19212385.8,2025-04-28 20:00:00+00:00
1745884800000,0.3358,0.3384,0.332,0.3359,18506684.5,2025-04-29 00:00:00+00:00
1745899200000,0.3359,0.3412,0.3316,0.3409,18166585.8,2025-04-29 04:00:00+00:00
1745913600000,0.3408,0.3427,0.3358,0.3374,22836956.6,2025-04-29 08:00:00+00:00
1745928000000,0.3374,0.3393,0.3317,0.3349,24510909.2,2025-04-29 12:00:00+00:00
1745942400000,0.3349,0.3388,0.3333,0.3353,18390116.3,2025-04-29 16:00:00+00:00
1745956800000,0.3354,0.3359,0.3239,0.3277,35522638.3,2025-04-29 20:00:00+00:00
1745971200000,0.3277,0.3303,0.3246,0.329,16375247.8,2025-04-30 00:00:00+00:00
1745985600000,0.329,0.3299,0.3245,0.3257,12404653.3,2025-04-30 04:00:00+00:00
1746000000000,0.3258,0.3348,0.3247,0.3346,19242088.2,2025-04-30 08:00:00+00:00
1746014400000,0.3347,0.3348,0.3147,0.3226,60613990.8,2025-04-30 12:00:00+00:00
1746028800000,0.3226,0.3268,0.3184,0.3246,26912702.7,2025-04-30 16:00:00+00:00
1746043200000,0.3247,0.3308,0.3244,0.3257,21379426.0,2025-04-30 20:00:00+00:00
1746057600000,0.3256,0.3304,0.3255,0.3272,13240590.6,2025-05-01 00:00:00+00:00
1746072000000,0.3273,0.3313,0.3261,0.3307,9846295.9,2025-05-01 04:00:00+00:00
1746086400000,0.3306,0.3408,0.3298,0.3401,32788490.7,2025-05-01 08:00:00+00:00
1746100800000,0.3402,0.3447,0.3354,0.3403,42790213.9,2025-05-01 12:00:00+00:00
1746115200000,0.3403,0.3437,0.3376,0.3399,26222439.6,2025-05-01 16:00:00+00:00
1746129600000,0.3398,0.3426,0.3377,0.3392,14356813.5,2025-05-01 20:00:00+00:00
1746144000000,0.3391,0.3454,0.3384,0.3426,19394042.8,2025-05-02 00:00:00+00:00
1746158400000,0.3427,0.3434,0.3337,0.334,20091211.9,2025-05-02 04:00:00+00:00
1746172800000,0.334,0.3386,0.3338,0.3351,18442045.7,2025-05-02 08:00:00+00:00
1746187200000,0.3351,0.3411,0.3335,0.3376,24908235.1,2025-05-02 12:00:00+00:00
1746201600000,0.3377,0.3431,0.3344,0.3366,25820798.1,2025-05-02 16:00:00+00:00
1746216000000,0.3366,0.3419,0.3357,0.3386,22497608.5,2025-05-02 20:00:00+00:00
1746230400000,0.3387,0.3397,0.335,0.3372,11098753.3,2025-05-03 00:00:00+00:00
1746244800000,0.3371,0.3376,0.3313,0.3325,9926360.6,2025-05-03 04:00:00+00:00
1746259200000,0.3324,0.333,0.3257,0.3259,20720472.6,2025-05-03 08:00:00+00:00
1746273600000,0.3258,0.3354,0.3258,0.3298,27124330.7,2025-05-03 12:00:00+00:00
1746288000000,0.3298,0.3299,0.3158,0.3243,48027091.0,2025-05-03 16:00:00+00:00
1746302400000,0.3243,0.3246,0.3193,0.3195,19397106.2,2025-05-03 20:00:00+00:00
1746316800000,0.3195,0.3226,0.3166,0.3174,22728878.9,2025-05-04 00:00:00+00:00
1746331200000,0.3173,0.3229,0.316,0.3194,21814871.8,2025-05-04 04:00:00+00:00
1746345600000,0.3193,0.3194,0.3152,0.3175,19275909.6,2025-05-04 08:00:00+00:00
1746360000000,0.3174,0.3187,0.3132,0.3147,21484154.1,2025-05-04 12:00:00+00:00
1746374400000,0.3147,0.315,0.3096,0.3124,25094063.0,2025-05-04 16:00:00+00:00
1746388800000,0.3125,0.3156,0.3091,0.3103,23566642.5,2025-05-04 20:00:00+00:00
1746403200000,0.3104,0.3161,0.3083,0.3138,20191475.7,2025-05-05 00:00:00+00:00
1746417600000,0.3139,0.3195,0.3134,0.3194,19702782.0,2025-05-05 04:00:00+00:00
1746432000000,0.3195,0.3209,0.31,0.3111,22735464.4,2025-05-05 08:00:00+00:00
1746446400000,0.3112,0.3132,0.3071,0.3094,25698125.1,2025-05-05 12:00:00+00:00
1746460800000,0.3094,0.3159,0.3089,0.311,20163631.5,2025-05-05 16:00:00+00:00
1746475200000,0.3109,0.3136,0.3054,0.3109,19329720.1,2025-05-05 20:00:00+00:00
1746489600000,0.3109,0.3122,0.305,0.3108,20881536.5,2025-05-06 00:00:00+00:00
1746504000000,0.3108,0.312,0.3075,0.3081,14009808.2,2025-05-06 04:00:00+00:00
1746518400000,0.3082,0.3082,0.2988,0.3013,31219624.8,2025-05-06 08:00:00+00:00
1746532800000,0.3013,0.3053,0.2976,0.301,31213744.4,2025-05-06 12:00:00+00:00
1746547200000,0.301,0.3069,0.2992,0.3035,29655457.4,2025-05-06 16:00:00+00:00
1746561600000,0.3036,0.3091,0.2943,0.3083,37701311.8,2025-05-06 20:00:00+00:00
1746576000000,0.3083,0.3119,0.3036,0.307,36279165.3,2025-05-07 00:00:00+00:00
1746590400000,0.307,0.3088,0.3037,0.3084,24923370.2,2025-05-07 04:00:00+00:00
1746604800000,0.3084,0.31,0.3057,0.3078,19388792.1,2025-05-07 08:00:00+00:00
1746619200000,0.3078,0.3081,0.3008,0.3016,24702886.7,2025-05-07 12:00:00+00:00
1746633600000,0.3016,0.3132,0.2983,0.3014,118894232.1,2025-05-07 16:00:00+00:00
1746648000000,0.3014,0.313,0.3007,0.3107,28154697.3,2025-05-07 20:00:00+00:00
1746662400000,0.3108,0.3259,0.3103,0.3259,54550253.4,2025-05-08 00:00:00+00:00
1746676800000,0.3259,0.3319,0.325,0.3305,47279371.0,2025-05-08 04:00:00+00:00
1746691200000,0.3305,0.3333,0.3291,0.3317,45019729.5,2025-05-08 08:00:00+00:00
1746705600000,0.3318,0.3489,0.3315,0.3456,65352094.0,2025-05-08 12:00:00+00:00
1746720000000,0.3456,0.3563,0.3436,0.3541,64226040.3,2025-05-08 16:00:00+00:00
1746734400000,0.3541,0.3677,0.3523,0.3624,65942101.4,2025-05-08 20:00:00+00:00
1746748800000,0.3625,0.3684,0.3599,0.3608,43563538.3,2025-05-09 00:00:00+00:00
1746763200000,0.3608,0.3813,0.3607,0.377,59729129.6,2025-05-09 04:00:00+00:00
1746777600000,0.377,0.393,0.3683,0.3784,108349443.8,2025-05-09 08:00:00+00:00
1746792000000,0.3784,0.3849,0.3702,0.3753,59439336.5,2025-05-09 12:00:00+00:00
1746806400000,0.3753,0.3793,0.3702,0.3729,43628925.0,2025-05-09 16:00:00+00:00
1746820800000,0.3729,0.3787,0.3719,0.3786,21605514.1,2025-05-09 20:00:00+00:00
1746835200000,0.3786,0.3844,0.3726,0.3803,39407265.8,2025-05-10 00:00:00+00:00
1746849600000,0.3804,0.3918,0.376,0.3896,46629096.5,2025-05-10 04:00:00+00:00
1746864000000,0.3897,0.402,0.3843,0.3926,81403237.2,2025-05-10 08:00:00+00:00
1746878400000,0.3927,0.4174,0.3926,0.4165,104285617.0,2025-05-10 12:00:00+00:00
1746892800000,0.4165,0.4426,0.4141,0.4352,147479891.1,2025-05-10 16:00:00+00:00
1746907200000,0.4353,0.497,0.4288,0.4841,230660888.2,2025-05-10 20:00:00+00:00
1746921600000,0.484,0.5047,0.4629,0.4796,183872500.5,2025-05-11 00:00:00+00:00
1746936000000,0.4796,0.484,0.4541,0.4583,115289104.8,2025-05-11 04:00:00+00:00
1746950400000,0.4583,0.4707,0.4555,0.4662,66662120.5,2025-05-11 08:00:00+00:00
1746964800000,0.4662,0.4663,0.4422,0.4467,75036198.6,2025-05-11 12:00:00+00:00
1746979200000,0.4467,0.4617,0.4398,0.4535,70611722.0,2025-05-11 16:00:00+00:00
1746993600000,0.4536,0.457,0.4457,0.4511,35981218.5,2025-05-11 20:00:00+00:00
1747008000000,0.4511,0.4611,0.447,0.46,57139370.8,2025-05-12 00:00:00+00:00
1747022400000,0.4599,0.4804,0.4483,0.4628,110512186.2,2025-05-12 04:00:00+00:00
1747036800000,0.4627,0.4733,0.4529,0.4546,81999234.6,2025-05-12 08:00:00+00:00
1747051200000,0.4545,0.4682,0.4365,0.4396,106267780.8,2025-05-12 12:00:00+00:00
1747065600000,0.4395,0.4467,0.4151,0.4265,104565799.1,2025-05-12 16:00:00+00:00
1747080000000,0.4264,0.4345,0.4237,0.4301,44398825.5,2025-05-12 20:00:00+00:00
1747094400000,0.4301,0.4305,0.4064,0.4089,81636037.7,2025-05-13 00:00:00+00:00
1747108800000,0.4088,0.4226,0.4076,0.419,38547324.1,2025-05-13 04:00:00+00:00
1747123200000,0.419,0.4304,0.419,0.4279,41601869.9,2025-05-13 08:00:00+00:00
1747137600000,0.4279,0.4321,0.4202,0.4314,59490273.8,2025-05-13 12:00:00+00:00
1747152000000,0.4314,0.4645,0.4302,0.4552,123376863.4,2025-05-13 16:00:00+00:00
1747166400000,0.4551,0.4638,0.4489,0.4569,68389209.5,2025-05-13 20:00:00+00:00
1747180800000,0.4569,0.4615,0.4449,0.45,53311751.4,2025-05-14 00:00:00+00:00
1747195200000,0.4499,0.4578,0.4421,0.4429,34888915.2,2025-05-14 04:00:00+00:00
1747209600000,0.443,0.4449,0.4283,0.4387,66811303.1,2025-05-14 08:00:00+00:00
1747224000000,0.4387,0.4405,0.4235,0.4296,50665107.9,2025-05-14 12:00:00+00:00
1747238400000,0.4297,0.4303,0.4203,0.429,35296414.9,2025-05-14 16:00:00+00:00
1747252800000,0.429,0.4303,0.4216,0.4263,21313553.4,2025-05-14 20:00:00+00:00
1747267200000,0.4263,0.4351,0.4181,0.4228,37822824.8,2025-05-15 00:00:00+00:00
1747281600000,0.4228,0.4264,0.4053,0.4063,52782180.4,2025-05-15 04:00:00+00:00
1747296000000,0.4062,0.4174,0.4035,0.4114,48482626.9,2025-05-15 08:00:00+00:00
1747310400000,0.4113,0.4166,0.3949,0.4143,81703853.4,2025-05-15 12:00:00+00:00
1747324800000,0.4141,0.4233,0.3985,0.4018,64840613.1,2025-05-15 16:00:00+00:00
1747339200000,0.4019,0.4054,0.3871,0.3978,51582784.6,2025-05-15 20:00:00+00:00
1747353600000,0.3979,0.4076,0.3945,0.4062,41952327.0,2025-05-16 00:00:00+00:00
1747368000000,0.4061,0.4154,0.4024,0.4119,33636431.6,2025-05-16 04:00:00+00:00
1747382400000,0.412,0.4173,0.4031,0.4122,36867799.4,2025-05-16 08:00:00+00:00
1747396800000,0.4123,0.4141,0.403,0.4098,38248523.7,2025-05-16 12:00:00+00:00
1747411200000,0.4098,0.4125,0.4002,0.4023,33087684.7,2025-05-16 16:00:00+00:00
1747425600000,0.4023,0.4029,0.3852,0.3897,46223184.2,2025-05-16 20:00:00+00:00
1747440000000,0.3896,0.3908,0.3703,0.3806,74078659.2,2025-05-17 00:00:00+00:00
1747454400000,0.3805,0.385,0.3746,0.3775,29718869.3,2025-05-17 04:00:00+00:00
1747468800000,0.3776,0.3802,0.372,0.3771,35842797.7,2025-05-17 08:00:00+00:00
1747483200000,0.3771,0.3807,0.3705,0.3762,36638536.8,2025-05-17 12:00:00+00:00
1747497600000,0.3762,0.3802,0.3684,0.3726,44337334.4,2025-05-17 16:00:00+00:00
1747512000000,0.3725,0.3836,0.3693,0.3758,45481789.7,2025-05-17 20:00:00+00:00
1747526400000,0.3758,0.3793,0.3722,0.3751,25109665.3,2025-05-18 00:00:00+00:00
1747540800000,0.3751,0.3926,0.3749,0.3916,42408323.4,2025-05-18 04:00:00+00:00
1747555200000,0.3916,0.3983,0.3858,0.3862,37702934.2,2025-05-18 08:00:00+00:00
1747569600000,0.3862,0.4075,0.3834,0.4048,53421974.2,2025-05-18 12:00:00+00:00
1747584000000,0.4048,0.4071,0.374,0.3746,86653709.3,2025-05-18 16:00:00+00:00
1747598400000,0.3746,0.3976,0.3651,0.395,66075565.2,2025-05-18 20:00:00+00:00
1747612800000,0.3951,0.3998,0.3728,0.3748,47646044.8,2025-05-19 00:00:00+00:00
1747627200000,0.3748,0.3781,0.3638,0.374,57615385.6,2025-05-19 04:00:00+00:00
1747641600000,0.374,0.3779,0.368,0.3722,40063889.1,2025-05-19 08:00:00+00:00
1747656000000,0.3722,0.3878,0.3675,0.3839,49331854.3,2025-05-19 12:00:00+00:00
1747670400000,0.3839,0.3962,0.3796,0.3902,59802807.4,2025-05-19 16:00:00+00:00
1747684800000,0.3902,0.3929,0.3862,0.3917,25124090.4,2025-05-19 20:00:00+00:00
1747699200000,0.3918,0.4014,0.3874,0.396,51583700.1,2025-05-20 00:00:00+00:00
1747713600000,0.3961,0.4018,0.3889,0.3907,37507173.0,2025-05-20 04:00:00+00:00
1747728000000,0.3908,0.395,0.3853,0.3905,39749604.0,2025-05-20 08:00:00+00:00
1747742400000,0.3905,0.3908,0.3825,0.3872,41733006.0,2025-05-20 12:00:00+00:00
1747756800000,0.3873,0.3925,0.3793,0.3903,34090145.6,2025-05-20 16:00:00+00:00
1747771200000,0.3903,0.3969,0.3873,0.3934,37777001.7,2025-05-20 20:00:00+00:00
1747785600000,0.3935,0.4024,0.3894,0.3992,43841323.8,2025-05-21 00:00:00+00:00
1747800000000,0.3991,0.4079,0.3946,0.3961,61437623.7,2025-05-21 04:00:00+00:00
1747814400000,0.3962,0.4025,0.392,0.3984,36880120.8,2025-05-21 08:00:00+00:00
1747828800000,0.3984,0.4053,0.3948,0.4041,49341945.2,2025-05-21 12:00:00+00:00
1747843200000,0.4042,0.4184,0.391,0.4071,151082737.5,2025-05-21 16:00:00+00:00
1747857600000,0.407,0.4197,0.4023,0.4109,45580671.0,2025-05-21 20:00:00+00:00
1747872000000,0.411,0.424,0.4095,0.4203,46132686.0,2025-05-22 00:00:00+00:00
1747886400000,0.4203,0.4266,0.4172,0.4241,51744509.1,2025-05-22 04:00:00+00:00
1747900800000,0.4241,0.4332,0.4214,0.4236,57740156.6,2025-05-22 08:00:00+00:00
1747915200000,0.4237,0.4386,0.4206,0.4325,52676830.1,2025-05-22 12:00:00+00:00
1747929600000,0.4326,0.4373,0.4236,0.4256,35606430.2,2025-05-22 16:00:00+00:00
1747944000000,0.4257,0.4301,0.4214,0.4288,35263954.1,2025-05-22 20:00:00+00:00
1747958400000,0.4288,0.4447,0.4262,0.4439,48568357.6,2025-05-23 00:00:00+00:00
1747972800000,0.4438,0.4446,0.4232,0.4266,55496502.0,2025-05-23 04:00:00+00:00
1747987200000,0.4266,0.4353,0.4065,0.4103,73187472.3,2025-05-23 08:00:00+00:00
1748001600000,0.4104,0.4163,0.3954,0.4071,94373060.3,2025-05-23 12:00:00+00:00
1748016000000,0.4071,0.4137,0.4031,0.4063,40192940.7,2025-05-23 16:00:00+00:00
1748030400000,0.4063,0.4064,0.3878,0.3906,41231048.4,2025-05-23 20:00:00+00:00
1748044800000,0.3907,0.3999,0.3879,0.3984,26083407.7,2025-05-24 00:00:00+00:00
1748059200000,0.3983,0.4016,0.3941,0.3952,17840295.8,2025-05-24 04:00:00+00:00
1748073600000,0.3951,0.4005,0.3924,0.3968,25954001.0,2025-05-24 08:00:00+00:00
1748088000000,0.3969,0.4,0.3946,0.3973,15103084.0,2025-05-24 12:00:00+00:00
1748102400000,0.3974,0.399,0.3936,0.3953,13115176.7,2025-05-24 16:00:00+00:00
1748116800000,0.3953,0.3963,0.3889,0.3918,14414044.6,2025-05-24 20:00:00+00:00
1748131200000,0.3918,0.3947,0.3828,0.3892,30088858.6,2025-05-25 00:00:00+00:00
1748145600000,0.3892,0.3902,0.3826,0.3844,16079668.0,2025-05-25 04:00:00+00:00
1748160000000,0.3843,0.3844,0.3765,0.3812,30004765.5,2025-05-25 08:00:00+00:00
1748174400000,0.3811,0.3872,0.3749,0.3823,26014584.8,2025-05-25 12:00:00+00:00
1748188800000,0.3824,0.3863,0.3772,0.3842,20684921.4,2025-05-25 16:00:00+00:00
1748203200000,0.3843,0.3942,0.3802,0.3936,25364909.6,2025-05-25 20:00:00+00:00
1748217600000,0.3936,0.402,0.3931,0.3979,26126188.3,2025-05-26 00:00:00+00:00
1748232000000,0.3978,0.4064,0.3968,0.4058,25889735.0,2025-05-26 04:00:00+00:00
1748246400000,0.4059,0.4066,0.3981,0.3992,20798653.8,2025-05-26 08:00:00+00:00
1748260800000,0.3992,0.4022,0.3912,0.3973,42829229.9,2025-05-26 12:00:00+00:00
1748275200000,0.3973,0.3998,0.3865,0.3906,33834635.9,2025-05-26 16:00:00+00:00
1748289600000,0.3905,0.3964,0.3887,0.392,15918540.9,2025-05-26 20:00:00+00:00
1748304000000,0.392,0.3942,0.3794,0.3879,29352721.5,2025-05-27 00:00:00+00:00
1748318400000,0.3879,0.3986,0.3845,0.3967,30979826.8,2025-05-27 04:00:00+00:00
1748332800000,0.3968,0.409,0.3968,0.4086,41021211.8,2025-05-27 08:00:00+00:00
1748347200000,0.4087,0.4138,0.3989,0.4056,51714729.0,2025-05-27 12:00:00+00:00
1748361600000,0.4056,0.4144,0.4029,0.4086,37839288.4,2025-05-27 16:00:00+00:00
1748376000000,0.4085,0.4108,0.4002,0.4019,29385767.7,2025-05-27 20:00:00+00:00
1748390400000,0.4019,0.4043,0.3959,0.4035,25144371.5,2025-05-28 00:00:00+00:00
1748404800000,0.4035,0.4062,0.3983,0.4009,23283326.4,2025-05-28 04:00:00+00:00
1748419200000,0.4009,0.4109,0.3985,0.4102,36692244.9,2025-05-28 08:00:00+00:00
1748433600000,0.4102,0.4172,0.3954,0.3992,73987866.8,2025-05-28 12:00:00+00:00
1748448000000,0.3992,0.4065,0.3903,0.3908,43121346.4,2025-05-28 16:00:00+00:00
1748462400000,0.3907,0.4111,0.3891,0.4094,44811179.7,2025-05-28 20:00:00+00:00
1748476800000,0.4094,0.4416,0.4083,0.4325,148574555.3,2025-05-29 00:00:00+00:00
1748491200000,0.4324,0.4337,0.4194,0.4247,61865120.8,2025-05-29 04:00:00+00:00
1748505600000,0.4248,0.4265,0.4163,0.4174,39863114.5,2025-05-29 08:00:00+00:00
1748520000000,0.4174,0.418,0.406,0.4092,86157533.3,2025-05-29 12:00:00+00:00
1748534400000,0.4092,0.4157,0.4027,0.404,56444246.7,2025-05-29 16:00:00+00:00
1748548800000,0.4039,0.4091,0.3933,0.396,45032353.8,2025-05-29 20:00:00+00:00
1748563200000,0.396,0.3989,0.3643,0.3814,114963796.5,2025-05-30 00:00:00+00:00
1748577600000,0.3814,0.3814,0.3661,0.3707,75899612.4,2025-05-30 04:00:00+00:00
1748592000000,0.3707,0.3737,0.3667,0.3703,47911466.8,2025-05-30 08:00:00+00:00
1748606400000,0.3703,0.3723,0.3601,0.3613,73264907.8,2025-05-30 12:00:00+00:00
1748620800000,0.3613,0.3631,0.3478,0.3549,83236803.1,2025-05-30 16:00:00+00:00
1748635200000,0.3549,0.3557,0.3309,0.3331,85090354.1,2025-05-30 20:00:00+00:00
1748649600000,0.3331,0.3342,0.3192,0.3284,92261535.9,2025-05-31 00:00:00+00:00
1748664000000,0.3283,0.3329,0.3253,0.3322,37348675.5,2025-05-31 04:00:00+00:00
1748678400000,0.3322,0.3398,0.3294,0.338,41099977.8,2025-05-31 08:00:00+00:00
1748692800000,0.3381,0.3471,0.3369,0.3399,59688190.9,2025-05-31 12:00:00+00:00
1748707200000,0.34,0.3449,0.3388,0.3424,31818513.2,2025-05-31 16:00:00+00:00
1748721600000,0.3424,0.3451,0.3386,0.3394,26888537.2,2025-05-31 20:00:00+00:00
1748736000000,0.3393,0.3398,0.3331,0.3373,29856687.0,2025-06-01 00:00:00+00:00
1748750400000,0.3372,0.3426,0.3361,0.3384,22910409.0,2025-06-01 04:00:00+00:00
1748764800000,0.3384,0.3389,0.3297,0.335,36479232.5,2025-06-01 08:00:00+00:00
1748779200000,0.335,0.3401,0.3307,0.3391,27654047.5,2025-06-01 12:00:00+00:00
1748793600000,0.3391,0.3439,0.3325,0.3376,42999869.8,2025-06-01 16:00:00+00:00
1748808000000,0.3377,0.3444,0.3367,0.3424,17753882.2,2025-06-01 20:00:00+00:00
1748822400000,0.3425,0.346,0.3354,0.3379,27897088.0,2025-06-02 00:00:00+00:00
1748836800000,0.3379,0.3441,0.3355,0.3414,24757587.0,2025-06-02 04:00:00+00:00
1748851200000,0.3414,0.3425,0.3328,0.3352,41221002.5,2025-06-02 08:00:00+00:00
1748865600000,0.3351,0.3472,0.3337,0.346,61993310.9,2025-06-02 12:00:00+00:00
1748880000000,0.346,0.3469,0.3386,0.3409,45949063.2,2025-06-02 16:00:00+00:00
1748894400000,0.341,0.3599,0.341,0.3576,56489090.0,2025-06-02 20:00:00+00:00
1748908800000,0.3576,0.3689,0.3568,0.3593,54048830.6,2025-06-03 00:00:00+00:00
1748923200000,0.3593,0.3658,0.3554,0.3624,32893325.3,2025-06-03 04:00:00+00:00
1748937600000,0.3624,0.367,0.3573,0.363,39000090.6,2025-06-03 08:00:00+00:00
1748952000000,0.363,0.3731,0.3615,0.368,52780868.2,2025-06-03 12:00:00+00:00
1748966400000,0.368,0.3719,0.366,0.3689,32376791.8,2025-06-03 16:00:00+00:00
1748980800000,0.3689,0.3695,0.3578,0.3595,39018247.1,2025-06-03 20:00:00+00:00
1748995200000,0.3596,0.3702,0.3571,0.3687,38633691.9,2025-06-04 00:00:00+00:00
1749009600000,0.3687,0.371,0.3661,0.3672,31882075.1,2025-06-04 04:00:00+00:00
1749024000000,0.3672,0.3736,0.3608,0.3611,51095102.8,2025-06-04 08:00:00+00:00
1749038400000,0.3612,0.3725,0.3565,0.372,55788170.5,2025-06-04 12:00:00+00:00
1749052800000,0.372,0.3725,0.3613,0.3614,37035010.4,2025-06-04 16:00:00+00:00
1749067200000,0.3614,0.366,0.3543,0.3587,44169683.9,2025-06-04 20:00:00+00:00
1749081600000,0.3587,0.3636,0.3556,0.3614,28690236.9,2025-06-05 00:00:00+00:00
1749096000000,0.3614,0.3627,0.351,0.3542,40528818.6,2025-06-05 04:00:00+00:00
1749110400000,0.3542,0.3565,0.3491,0.3514,28000716.7,2025-06-05 08:00:00+00:00
1749124800000,0.3514,0.3617,0.346,0.3521,57785118.9,2025-06-05 12:00:00+00:00
1749139200000,0.3521,0.3526,0.3301,0.3325,83982038.4,2025-06-05 16:00:00+00:00
1749153600000,0.3325,0.3333,0.3168,0.323,114502107.9,2025-06-05 20:00:00+00:00
1749168000000,0.323,0.3325,0.3221,0.3322,39222710.0,2025-06-06 00:00:00+00:00
1749182400000,0.3322,0.3349,0.3302,0.3323,33793608.9,2025-06-06 04:00:00+00:00
1749196800000,0.3323,0.3362,0.3305,0.3333,39320241.4,2025-06-06 08:00:00+00:00
1749211200000,0.3334,0.3465,0.3323,0.3405,62642848.6,2025-06-06 12:00:00+00:00
1749225600000,0.3406,0.3421,0.3315,0.3325,42781319.5,2025-06-06 16:00:00+00:00
1749240000000,0.3325,0.3362,0.3309,0.3315,20513876.4,2025-06-06 20:00:00+00:00
1749254400000,0.3316,0.3427,0.3311,0.3407,25236166.8,2025-06-07 00:00:00+00:00
1749268800000,0.3408,0.3444,0.3383,0.3441,19584626.9,2025-06-07 04:00:00+00:00
1749283200000,0.3442,0.3457,0.3405,0.3436,21218733.0,2025-06-07 08:00:00+00:00
1749297600000,0.3437,0.3491,0.3435,0.3475,30751088.3,2025-06-07 12:00:00+00:00
1749312000000,0.3474,0.3485,0.3425,0.346,25223636.0,2025-06-07 16:00:00+00:00
1749326400000,0.346,0.3497,0.3454,0.3477,13695474.8,2025-06-07 20:00:00+00:00
1749340800000,0.3477,0.3478,0.3434,0.3435,15704574.8,2025-06-08 00:00:00+00:00
1749355200000,0.3435,0.3452,0.3408,0.3413,14607388.9,2025-06-08 04:00:00+00:00
1749369600000,0.3413,0.3455,0.3373,0.3445,30565161.4,2025-06-08 08:00:00+00:00
1749384000000,0.3445,0.3484,0.3419,0.3449,22915424.4,2025-06-08 12:00:00+00:00
1749398400000,0.3448,0.3496,0.3445,0.3471,17420778.1,2025-06-08 16:00:00+00:00
1749412800000,0.347,0.349,0.3411,0.3421,21951852.0,2025-06-08 20:00:00+00:00
1749427200000,0.3421,0.3432,0.3381,0.3408,19390259.6,2025-06-09 00:00:00+00:00
1749441600000,0.3407,0.3414,0.3355,0.3391,18694742.1,2025-06-09 04:00:00+00:00
1749456000000,0.3392,0.3516,0.338,0.3492,50257159.5,2025-06-09 08:00:00+00:00
1749470400000,0.3492,0.3516,0.3443,0.349,43763419.8,2025-06-09 12:00:00+00:00
1749484800000,0.349,0.3565,0.3489,0.3535,37133802.4,2025-06-09 16:00:00+00:00
1749499200000,0.3535,0.3697,0.353,0.3685,53437402.8,2025-06-09 20:00:00+00:00
1749513600000,0.3686,0.3758,0.3664,0.3676,52847993.5,2025-06-10 00:00:00+00:00
1749528000000,0.3677,0.3687,0.3617,0.3663,32570236.8,2025-06-10 04:00:00+00:00
1749542400000,0.3664,0.3926,0.3642,0.3916,78538240.6,2025-06-10 08:00:00+00:00
1749556800000,0.3916,0.4032,0.388,0.3962,159573173.4,2025-06-10 12:00:00+00:00
1749571200000,0.3962,0.4068,0.3962,0.4023,76135249.2,2025-06-10 16:00:00+00:00
1749585600000,0.4025,0.419,0.3981,0.4142,65701497.3,2025-06-10 20:00:00+00:00
1749600000000,0.4143,0.4186,0.4021,0.4048,67424270.8,2025-06-11 00:00:00+00:00
1749614400000,0.4049,0.4099,0.4041,0.4073,38365287.8,2025-06-11 04:00:00+00:00
1749628800000,0.4074,0.4079,0.3961,0.4009,53148904.7,2025-06-11 08:00:00+00:00
1749643200000,0.401,0.4265,0.3999,0.4197,107056075.5,2025-06-11 12:00:00+00:00
1749657600000,0.4197,0.4213,0.4039,0.4061,69492293.1,2025-06-11 16:00:00+00:00
1749672000000,0.406,0.4086,0.3933,0.3973,52916606.2,2025-06-11 20:00:00+00:00
1749686400000,0.3973,0.4013,0.3925,0.3947,44804182.3,2025-06-12 00:00:00+00:00
1749700800000,0.3947,0.3949,0.3837,0.3842,44036040.5,2025-06-12 04:00:00+00:00
1749715200000,0.3842,0.3875,0.3784,0.3791,49319064.9,2025-06-12 08:00:00+00:00
1749729600000,0.3791,0.3907,0.3775,0.3797,63248560.1,2025-06-12 12:00:00+00:00
1749744000000,0.3798,0.3911,0.3735,0.3746,56191956.1,2025-06-12 16:00:00+00:00
1749758400000,0.3745,0.3775,0.3652,0.3658,67772386.9,2025-06-12 20:00:00+00:00
1749772800000,0.3658,0.3663,0.3296,0.3413,190738676.4,2025-06-13 00:00:00+00:00
1749787200000,0.3413,0.3413,0.3337,0.3379,63446263.5,2025-06-13 04:00:00+00:00
1749801600000,0.3378,0.3433,0.3348,0.3401,66210820.7,2025-06-13 08:00:00+00:00
1749816000000,0.3401,0.3465,0.3334,0.3437,91795744.4,2025-06-13 12:00:00+00:00
1749830400000,0.3436,0.3516,0.3358,0.3388,77599696.0,2025-06-13 16:00:00+00:00
1749844800000,0.3388,0.3495,0.338,0.3485,31745060.2,2025-06-13 20:00:00+00:00
1749859200000,0.3486,0.3498,0.3434,0.3446,30141655.9,2025-06-14 00:00:00+00:00
1749873600000,0.3445,0.3476,0.3409,0.3437,27268172.6,2025-06-14 04:00:00+00:00
1749888000000,0.3437,0.3437,0.3388,0.3402,25367968.1,2025-06-14 08:00:00+00:00
1749902400000,0.3401,0.3427,0.3327,0.3341,41311914.4,2025-06-14 12:00:00+00:00
1749916800000,0.3341,0.3357,0.3269,0.3311,59754021.7,2025-06-14 16:00:00+00:00
1749931200000,0.331,0.3364,0.327,0.3331,44298394.8,2025-06-14 20:00:00+00:00
1749945600000,0.3331,0.3362,0.3311,0.3319,26247094.6,2025-06-15 00:00:00+00:00
1749960000000,0.3319,0.3348,0.327,0.3275,36932721.0,2025-06-15 04:00:00+00:00
1749974400000,0.3275,0.328,0.3233,0.3268,43213735.1,2025-06-15 08:00:00+00:00
1749988800000,0.3268,0.3345,0.3258,0.3296,66934527.8,2025-06-15 12:00:00+00:00
1750003200000,0.3296,0.3319,0.3238,0.3255,54789871.4,2025-06-15 16:00:00+00:00
1750017600000,0.3255,0.3287,0.3189,0.3275,52819171.0,2025-06-15 20:00:00+00:00
1750032000000,0.3276,0.3336,0.3216,0.3293,59153493.8,2025-06-16 00:00:00+00:00
1750046400000,0.3293,0.3408,0.329,0.3404,71907731.4,2025-06-16 04:00:00+00:00
1750060800000,0.3405,0.3406,0.3332,0.3367,53466392.4,2025-06-16 08:00:00+00:00
1750075200000,0.3368,0.3419,0.3341,0.3354,70136953.3,2025-06-16 12:00:00+00:00
1750089600000,0.3354,0.3399,0.333,0.3372,47665865.3,2025-06-16 16:00:00+00:00
1750104000000,0.3372,0.3402,0.3169,0.3183,106735528.9,2025-06-16 20:00:00+00:00
1750118400000,0.3183,0.3262,0.3109,0.3231,106450984.5,2025-06-17 00:00:00+00:00
1750132800000,0.3232,0.324,0.3159,0.3165,47867242.0,2025-06-17 04:00:00+00:00
1750147200000,0.3165,0.317,0.3098,0.3117,52281617.8,2025-06-17 08:00:00+00:00
1750161600000,0.3117,0.3147,0.3023,0.3056,86896028.6,2025-06-17 12:00:00+00:00
1750176000000,0.3055,0.312,0.2988,0.3093,103814748.8,2025-06-17 16:00:00+00:00
1750190400000,0.3092,0.3108,0.3004,0.3032,40254618.2,2025-06-17 20:00:00+00:00
1750204800000,0.3033,0.3079,0.3022,0.3075,38939246.2,2025-06-18 00:00:00+00:00
1750219200000,0.3076,0.311,0.3047,0.306,31426971.8,2025-06-18 04:00:00+00:00
1750233600000,0.306,0.3075,0.2947,0.3002,59573877.9,2025-06-18 08:00:00+00:00
1750248000000,0.3002,0.3022,0.2897,0.2976,93040175.8,2025-06-18 12:00:00+00:00
1750262400000,0.2975,0.302,0.2931,0.2984,75831035.0,2025-06-18 16:00:00+00:00
1750276800000,0.2985,0.3092,0.2975,0.3071,50655489.6,2025-06-18 20:00:00+00:00
1750291200000,0.3071,0.3107,0.3051,0.3093,35915837.5,2025-06-19 00:00:00+00:00
1750305600000,0.3093,0.3115,0.306,0.3063,28610355.3,2025-06-19 04:00:00+00:00
1750320000000,0.3063,0.3098,0.3041,0.3044,32127248.1,2025-06-19 08:00:00+00:00
1750334400000,0.3045,0.306,0.2981,0.2997,50894588.3,2025-06-19 12:00:00+00:00
1750348800000,0.2997,0.3035,0.2963,0.299,43949171.5,2025-06-19 16:00:00+00:00
1750363200000,0.299,0.3037,0.297,0.3012,32183015.5,2025-06-19 20:00:00+00:00
1750377600000,0.3013,0.3038,0.2987,0.2999,26716143.3,2025-06-20 00:00:00+00:00
1750392000000,0.2998,0.3075,0.296,0.307,45519518.1,2025-06-20 04:00:00+00:00
1750406400000,0.307,0.3101,0.3052,0.3084,45242052.5,2025-06-20 08:00:00+00:00
1750420800000,0.3083,0.3097,0.2966,0.2986,65503265.1,2025-06-20 12:00:00+00:00
1750435200000,0.2987,0.2992,0.2837,0.2905,133384270.2,2025-06-20 16:00:00+00:00
1750449600000,0.2905,0.2944,0.2832,0.2865,49640185.4,2025-06-20 20:00:00+00:00
1750464000000,0.2864,0.2921,0.2861,0.2892,31471573.0,2025-06-21 00:00:00+00:00
1750478400000,0.2891,0.2899,0.2867,0.2878,19006820.4,2025-06-21 04:00:00+00:00
1750492800000,0.2878,0.2906,0.2873,0.2879,31045554.9,2025-06-21 08:00:00+00:00
1750507200000,0.2879,0.2886,0.2806,0.2843,73845027.1,2025-06-21 12:00:00+00:00
1750521600000,0.2844,0.2854,0.2763,0.2773,63465697.3,2025-06-21 16:00:00+00:00
1750536000000,0.2772,0.2817,0.2673,0.2748,105890966.6,2025-06-21 20:00:00+00:00
1750550400000,0.2748,0.2809,0.2683,0.2702,80526291.9,2025-06-22 00:00:00+00:00
1750564800000,0.2702,0.2746,0.2686,0.2697,53924330.0,2025-06-22 04:00:00+00:00
1750579200000,0.2698,0.2722,0.2644,0.27,74449296.6,2025-06-22 08:00:00+00:00
1750593600000,0.2699,0.2718,0.2556,0.2617,188489244.5,2025-06-22 12:00:00+00:00
1750608000000,0.2617,0.2645,0.2589,0.2608,75593032.2,2025-06-22 16:00:00+00:00
1750622400000,0.2608,0.268,0.2523,0.2675,95648859.0,2025-06-22 20:00:00+00:00
1750636800000,0.2676,0.2745,0.2672,0.2721,55780011.7,2025-06-23 00:00:00+00:00
1750651200000,0.2721,0.2738,0.2669,0.2676,68745652.6,2025-06-23 04:00:00+00:00
1750665600000,0.2677,0.2714,0.2667,0.2696,40883737.8,2025-06-23 08:00:00+00:00
1750680000000,0.2696,0.2792,0.2683,0.27,94383320.9,2025-06-23 12:00:00+00:00
1750694400000,0.2699,0.2888,0.2642,0.2876,151140705.4,2025-06-23 16:00:00+00:00
1750708800000,0.2877,0.3046,0.2877,0.3016,110300811.3,2025-06-23 20:00:00+00:00
1750723200000,0.3015,0.3076,0.2982,0.3068,70831767.5,2025-06-24 00:00:00+00:00
1750737600000,0.3068,0.3178,0.3042,0.309,66914501.5,2025-06-24 04:00:00+00:00
1750752000000,0.309,0.3167,0.3061,0.3143,71809664.9,2025-06-24 08:00:00+00:00
1750766400000,0.3144,0.3226,0.3112,0.3222,93062557.0,2025-06-24 12:00:00+00:00
1750780800000,0.3222,0.3351,0.3166,0.3193,110624039.0,2025-06-24 16:00:00+00:00
1750795200000,0.3193,0.3209,0.3121,0.3152,54657351.7,2025-06-24 20:00:00+00:00
1750809600000,0.3153,0.3164,0.3119,0.3132,42242985.5,2025-06-25 00:00:00+00:00
1750824000000,0.3132,0.3149,0.3081,0.31,35061270.6,2025-06-25 04:00:00+00:00
1750838400000,0.31,0.3161,0.3054,0.3153,68188420.3,2025-06-25 08:00:00+00:00
1750852800000,0.3153,0.3196,0.3103,0.3152,99919717.7,2025-06-25 12:00:00+00:00
1750867200000,0.3152,0.325,0.3116,0.3141,93599040.0,2025-06-25 16:00:00+00:00
1750881600000,0.3141,0.3182,0.3079,0.3087,36977409.7,2025-06-25 20:00:00+00:00
1750896000000,0.3087,0.3155,0.3046,0.3065,106521889.5,2025-06-26 00:00:00+00:00
1750910400000,0.3065,0.3091,0.3018,0.3084,45402768.0,2025-06-26 04:00:00+00:00
1750924800000,0.3083,0.3095,0.3005,0.3014,39832165.6,2025-06-26 08:00:00+00:00
1750939200000,0.3015,0.3049,0.2942,0.3042,93041922.9,2025-06-26 12:00:00+00:00
1750953600000,0.3042,0.3085,0.3013,0.3052,63553555.3,2025-06-26 16:00:00+00:00
1750968000000,0.3052,0.3106,0.2998,0.3036,72140016.0,2025-06-26 20:00:00+00:00
1750982400000,0.3036,0.3056,0.2977,0.3041,48600649.1,2025-06-27 00:00:00+00:00
1750996800000,0.3042,0.3086,0.3022,0.3036,40536858.1,2025-06-27 04:00:00+00:00
1751011200000,0.3037,0.3103,0.3016,0.3028,39875546.1,2025-06-27 08:00:00+00:00
1751025600000,0.3027,0.3134,0.2978,0.3115,88975501.0,2025-06-27 12:00:00+00:00
1751040000000,0.3115,0.3152,0.3033,0.3045,71597920.4,2025-06-27 16:00:00+00:00
1751054400000,0.3045,0.3084,0.3036,0.3055,26215996.7,2025-06-27 20:00:00+00:00
1751068800000,0.3056,0.3065,0.3024,0.3026,20480802.1,2025-06-28 00:00:00+00:00
1751083200000,0.3026,0.3054,0.3012,0.3046,18282208.7,2025-06-28 04:00:00+00:00
1751097600000,0.3047,0.3051,0.3009,0.3027,25435024.7,2025-06-28 08:00:00+00:00
1751112000000,0.3027,0.3056,0.3006,0.3051,27721323.7,2025-06-28 12:00:00+00:00
1751126400000,0.3052,0.3084,0.302,0.306,43896442.4,2025-06-28 16:00:00+00:00
1751140800000,0.3061,0.3136,0.3054,0.311,29189399.7,2025-06-28 20:00:00+00:00
1751155200000,0.311,0.3122,0.3048,0.3052,27872767.2,2025-06-29 00:00:00+00:00
1751169600000,0.3052,0.3095,0.305,0.3095,20963136.2,2025-06-29 04:00:00+00:00
1751184000000,0.3096,0.313,0.3082,0.3095,36856115.4,2025-06-29 08:00:00+00:00
1751198400000,0.3095,0.3152,0.3059,0.3145,94365595.8,2025-06-29 12:00:00+00:00
1751212800000,0.3145,0.3489,0.3144,0.3475,343595548.6,2025-06-29 16:00:00+00:00
1751227200000,0.3474,0.39,0.3403,0.3668,429811414.9,2025-06-29 20:00:00+00:00
1751241600000,0.3669,0.3691,0.3552,0.3607,144266070.5,2025-06-30 00:00:00+00:00
1751256000000,0.3608,0.3763,0.3538,0.373,181096111.3,2025-06-30 04:00:00+00:00
1751270400000,0.373,0.3762,0.3561,0.3655,229448350.9,2025-06-30 08:00:00+00:00
1751284800000,0.3656,0.3722,0.3359,0.3395,510550631.8,2025-06-30 12:00:00+00:00
1751299200000,0.3396,0.3488,0.3359,0.3441,226271085.6,2025-06-30 16:00:00+00:00
1751313600000,0.3441,0.348,0.3416,0.3449,86772810.9,2025-06-30 20:00:00+00:00
1751328000000,0.3448,0.3463,0.3319,0.333,117761287.4,2025-07-01 00:00:00+00:00
1751342400000,0.3329,0.3335,0.321,0.3268,147874932.1,2025-07-01 04:00:00+00:00
1751356800000,0.3267,0.3301,0.3222,0.3265,112766632.1,2025-07-01 08:00:00+00:00
1751371200000,0.3265,0.3303,0.3237,0.3267,125527871.4,2025-07-01 12:00:00+00:00
1751385600000,0.3266,0.3297,0.3232,0.3265,69626050.2,2025-07-01 16:00:00+00:00
1751400000000,0.3266,0.3288,0.3237,0.3271,54560795.7,2025-07-01 20:00:00+00:00
1751414400000,0.3271,0.3365,0.322,0.3298,104229916.9,2025-07-02 00:00:00+00:00
1751428800000,0.3298,0.351,0.3235,0.3481,254192375.0,2025-07-02 04:00:00+00:00
1751443200000,0.3482,0.3487,0.3377,0.3389,127804103.7,2025-07-02 08:00:00+00:00
1751457600000,0.3389,0.3488,0.3388,0.3438,140030099.5,2025-07-02 12:00:00+00:00
1751472000000,0.3438,0.3571,0.3427,0.3523,141230876.5,2025-07-02 16:00:00+00:00
1751486400000,0.3523,0.3543,0.3462,0.3477,75869619.7,2025-07-02 20:00:00+00:00
1751500800000,0.3477,0.3592,0.3472,0.3532,105074976.1,2025-07-03 00:00:00+00:00
1751515200000,0.3532,0.3634,0.3528,0.3577,88155862.4,2025-07-03 04:00:00+00:00
1751529600000,0.3577,0.359,0.3477,0.3503,95971577.6,2025-07-03 08:00:00+00:00
1751544000000,0.3503,0.3552,0.3377,0.3416,170779999.0,2025-07-03 12:00:00+00:00
1751558400000,0.3415,0.3453,0.341,0.3434,50323002.2,2025-07-03 16:00:00+00:00
1751572800000,0.3434,0.3464,0.3427,0.3435,29894834.3,2025-07-03 20:00:00+00:00
1751587200000,0.3435,0.3474,0.3388,0.3398,65406745.6,2025-07-04 00:00:00+00:00
1751601600000,0.3398,0.3411,0.328,0.3288,92936640.6,2025-07-04 04:00:00+00:00
1751616000000,0.3288,0.333,0.3265,0.3291,77980706.9,2025-07-04 08:00:00+00:00
1751630400000,0.329,0.3306,0.3203,0.3208,119098673.0,2025-07-04 12:00:00+00:00
1751644800000,0.3207,0.3215,0.3132,0.3186,103106488.0,2025-07-04 16:00:00+00:00
1751659200000,0.3186,0.326,0.3183,0.3241,59021568.0,2025-07-04 20:00:00+00:00
1751673600000,0.3241,0.3284,0.3202,0.3231,66236051.4,2025-07-05 00:00:00+00:00
1751688000000,0.3231,0.3265,0.3201,0.3251,38610520.3,2025-07-05 04:00:00+00:00
1751702400000,0.3251,0.3299,0.324,0.3244,39241470.2,2025-07-05 08:00:00+00:00
1751716800000,0.3244,0.3275,0.3221,0.325,44167636.4,2025-07-05 12:00:00+00:00
1751731200000,0.325,0.326,0.32,0.3227,37516053.7,2025-07-05 16:00:00+00:00
1751745600000,0.3228,0.3324,0.3219,0.328,50937623.2,2025-07-05 20:00:00+00:00
1751760000000,0.328,0.3284,0.323,0.3237,27754163.5,2025-07-06 00:00:00+00:00
1751774400000,0.3238,0.3255,0.3216,0.3241,27235207.8,2025-07-06 04:00:00+00:00
1751788800000,0.3241,0.327,0.3222,0.3248,41595086.0,2025-07-06 08:00:00+00:00
1751803200000,0.3248,0.3358,0.3235,0.3326,83291236.7,2025-07-06 12:00:00+00:00
1751817600000,0.3326,0.3336,0.3276,0.3327,38780083.5,2025-07-06 16:00:00+00:00
1751832000000,0.3327,0.339,0.3318,0.3343,53071192.1,2025-07-06 20:00:00+00:00
1751846400000,0.3343,0.3374,0.3319,0.3337,34086353.3,2025-07-07 00:00:00+00:00
1751860800000,0.3337,0.3375,0.3305,0.337,41823142.4,2025-07-07 04:00:00+00:00
1751875200000,0.337,0.3386,0.3297,0.3318,55307504.8,2025-07-07 08:00:00+00:00
1751889600000,0.3319,0.3356,0.3274,0.3286,68872118.3,2025-07-07 12:00:00+00:00
1751904000000,0.3286,0.3332,0.3251,0.3305,56215631.7,2025-07-07 16:00:00+00:00
1751918400000,0.3304,0.3304,0.3251,0.3285,30464072.5,2025-07-07 20:00:00+00:00
1751932800000,0.3286,0.3302,0.3247,0.3255,38655222.2,2025-07-08 00:00:00+00:00
1751947200000,0.3256,0.3288,0.3224,0.3277,31540201.5,2025-07-08 04:00:00+00:00
1751961600000,0.3278,0.3358,0.3243,0.3352,61937411.2,2025-07-08 08:00:00+00:00
1751976000000,0.3352,0.3378,0.3303,0.3317,59062915.9,2025-07-08 12:00:00+00:00
1751990400000,0.3317,0.3424,0.3304,0.3378,72354637.8,2025-07-08 16:00:00+00:00
1752004800000,0.3379,0.3394,0.3355,0.338,24653519.2,2025-07-08 20:00:00+00:00
1752019200000,0.338,0.3384,0.3338,0.3351,27533493.3,2025-07-09 00:00:00+00:00
1752033600000,0.3351,0.3413,0.3338,0.3407,46356713.5,2025-07-09 04:00:00+00:00
1752048000000,0.3408,0.3417,0.3368,0.3398,39977345.7,2025-07-09 08:00:00+00:00
1752062400000,0.3399,0.3448,0.3364,0.3382,91681122.3,2025-07-09 12:00:00+00:00
1752076800000,0.3382,0.3545,0.3366,0.3533,107230422.6,2025-07-09 16:00:00+00:00
1752091200000,0.3532,0.3586,0.3483,0.3553,85202761.2,2025-07-09 20:00:00+00:00
1752105600000,0.3553,0.3589,0.351,0.3581,49486073.0,2025-07-10 00:00:00+00:00
1752120000000,0.3581,0.3635,0.3544,0.3614,67752472.1,2025-07-10 04:00:00+00:00
1752134400000,0.3614,0.3638,0.3578,0.3597,55238349.0,2025-07-10 08:00:00+00:00
1752148800000,0.3598,0.3638,0.3561,0.3579,81580875.7,2025-07-10 12:00:00+00:00
1752163200000,0.358,0.3758,0.3573,0.3735,122890994.7,2025-07-10 16:00:00+00:00
1752177600000,0.3735,0.3995,0.3727,0.3963,128526171.4,2025-07-10 20:00:00+00:00
1752192000000,0.3964,0.418,0.3886,0.4161,112491591.2,2025-07-11 00:00:00+00:00
1752206400000,0.4162,0.4332,0.4088,0.4118,166574820.9,2025-07-11 04:00:00+00:00
1752220800000,0.4118,0.4257,0.4116,0.4125,98968732.1,2025-07-11 08:00:00+00:00
1752235200000,0.4125,0.4225,0.4042,0.4064,125275496.9,2025-07-11 12:00:00+00:00
1752249600000,0.4064,0.4218,0.4037,0.4208,94026555.8,2025-07-11 16:00:00+00:00
1752264000000,0.4209,0.4213,0.3961,0.4051,83617835.6,2025-07-11 20:00:00+00:00
1752278400000,0.4052,0.4132,0.3975,0.4084,58537613.7,2025-07-12 00:00:00+00:00
1752292800000,0.4084,0.4086,0.396,0.4046,53569823.3,2025-07-12 04:00:00+00:00
1752307200000,0.4045,0.4063,0.4011,0.4029,37329881.5,2025-07-12 08:00:00+00:00
1752321600000,0.4028,0.4046,0.382,0.3856,111282042.8,2025-07-12 12:00:00+00:00
1752336000000,0.3856,0.3967,0.3838,0.3961,43227752.7,2025-07-12 16:00:00+00:00
1752350400000,0.3961,0.401,0.3901,0.3996,36237721.6,2025-07-12 20:00:00+00:00
1752364800000,0.3996,0.4035,0.3971,0.4026,38629487.7,2025-07-13 00:00:00+00:00
1752379200000,0.4025,0.4146,0.401,0.413,53704693.2,2025-07-13 04:00:00+00:00
1752393600000,0.413,0.4161,0.4056,0.4154,57464805.0,2025-07-13 08:00:00+00:00
1752408000000,0.4155,0.4215,0.4099,0.4136,111539626.5,2025-07-13 12:00:00+00:00
1752422400000,0.4137,0.4202,0.4094,0.415,46208903.9,2025-07-13 16:00:00+00:00
1752436800000,0.4151,0.4176,0.4068,0.4103,49543836.7,2025-07-13 20:00:00+00:00
1752451200000,0.4104,0.4318,0.4078,0.4268,82852320.8,2025-07-14 00:00:00+00:00
1752465600000,0.4269,0.4337,0.4165,0.4231,102230142.0,2025-07-14 04:00:00+00:00
1752480000000,0.4232,0.4271,0.415,0.4201,87508586.1,2025-07-14 08:00:00+00:00
1752494400000,0.42,0.425,0.4027,0.4072,135879387.0,2025-07-14 12:00:00+00:00
1752508800000,0.4072,0.4128,0.4016,0.4039,75952640.3,2025-07-14 16:00:00+00:00
1752523200000,0.404,0.4082,0.3985,0.4025,57354330.2,2025-07-14 20:00:00+00:00
1752537600000,0.4024,0.4059,0.3902,0.3955,78439691.3,2025-07-15 00:00:00+00:00
1752552000000,0.3954,0.4051,0.3906,0.3983,72397294.3,2025-07-15 04:00:00+00:00
1752566400000,0.3982,0.4027,0.3953,0.4012,42313555.9,2025-07-15 08:00:00+00:00
1752580800000,0.4012,0.4161,0.3956,0.4138,150430325.6,2025-07-15 12:00:00+00:00
1752595200000,0.4138,0.4317,0.4133,0.42,122421817.1,2025-07-15 16:00:00+00:00
1752609600000,0.42,0.4438,0.4177,0.4367,90482585.9,2025-07-15 20:00:00+00:00
1752624000000,0.4366,0.4435,0.4236,0.4285,103353513.2,2025-07-16 00:00:00+00:00
1752638400000,0.4284,0.4479,0.425,0.4401,105354535.5,2025-07-16 04:00:00+00:00
1752652800000,0.4401,0.4404,0.4296,0.4316,95453380.6,2025-07-16 08:00:00+00:00
1752667200000,0.4316,0.4533,0.43,0.443,174878535.6,2025-07-16 12:00:00+00:00
1752681600000,0.4431,0.4544,0.4396,0.4499,119748452.5,2025-07-16 16:00:00+00:00
1752696000000,0.4499,0.4586,0.4371,0.4404,118799487.0,2025-07-16 20:00:00+00:00
1752710400000,0.4403,0.4484,0.4276,0.4302,82878151.0,2025-07-17 00:00:00+00:00
1752724800000,0.4301,0.4502,0.4287,0.4473,99751877.4,2025-07-17 04:00:00+00:00
1752739200000,0.4472,0.457,0.4438,0.444,95369045.5,2025-07-17 08:00:00+00:00
1752753600000,0.444,0.4521,0.4391,0.4484,113447519.0,2025-07-17 12:00:00+00:00
1752768000000,0.4483,0.4494,0.432,0.4347,111209921.8,2025-07-17 16:00:00+00:00
1752782400000,0.4347,0.4565,0.4291,0.4497,103469960.4,2025-07-17 20:00:00+00:00
1752796800000,0.4498,0.4664,0.4464,0.4576,113952703.2,2025-07-18 00:00:00+00:00
1752811200000,0.4576,0.4859,0.4567,0.4729,148574690.5,2025-07-18 04:00:00+00:00
1752825600000,0.4729,0.48,0.4628,0.4701,115111257.0,2025-07-18 08:00:00+00:00
1752840000000,0.4701,0.4971,0.4686,0.4703,252233179.3,2025-07-18 12:00:00+00:00
1752854400000,0.4703,0.4765,0.4514,0.4552,124012799.1,2025-07-18 16:00:00+00:00
1752868800000,0.4552,0.4583,0.4393,0.4523,125947808.3,2025-07-18 20:00:00+00:00
1752883200000,0.4524,0.4709,0.4375,0.4696,78845505.5,2025-07-19 00:00:00+00:00
1752897600000,0.4696,0.4774,0.4576,0.4588,77205223.2,2025-07-19 04:00:00+00:00
1752912000000,0.4588,0.4611,0.4514,0.4534,58695286.4,2025-07-19 08:00:00+00:00
1752926400000,0.4534,0.4582,0.447,0.4525,69304738.6,2025-07-19 12:00:00+00:00
1752940800000,0.4526,0.4652,0.4479,0.4632,69683584.5,2025-07-19 16:00:00+00:00
1752955200000,0.4631,0.4665,0.4551,0.4647,49452527.1,2025-07-19 20:00:00+00:00
1752969600000,0.4648,0.4714,0.4573,0.4684,63265756.6,2025-07-20 00:00:00+00:00
1752984000000,0.4684,0.4762,0.462,0.4721,80201920.4,2025-07-20 04:00:00+00:00
1752998400000,0.4722,0.49,0.4722,0.4849,100262570.3,2025-07-20 08:00:00+00:00
1753012800000,0.485,0.4996,0.4809,0.4982,92988479.2,2025-07-20 12:00:00+00:00
1753027200000,0.4983,0.5103,0.4879,0.492,132907580.3,2025-07-20 16:00:00+00:00
1753041600000,0.492,0.4929,0.4724,0.4833,82179388.2,2025-07-20 20:00:00+00:00
1753056000000,0.4833,0.4929,0.4741,0.4918,70533907.1,2025-07-21 00:00:00+00:00
1753070400000,0.4918,0.4988,0.4861,0.4951,64600991.7,2025-07-21 04:00:00+00:00
1753084800000,0.4951,0.5015,0.4878,0.495,77158314.2,2025-07-21 08:00:00+00:00
1753099200000,0.495,0.5111,0.4853,0.4984,152454550.4,2025-07-21 12:00:00+00:00
1753113600000,0.4984,0.4996,0.477,0.4809,142915768.0,2025-07-21 16:00:00+00:00
1753128000000,0.4808,0.4896,0.4783,0.4859,54958633.8,2025-07-21 20:00:00+00:00
1753142400000,0.486,0.4899,0.4647,0.4708,144817206.1,2025-07-22 00:00:00+00:00
1753156800000,0.4708,0.4723,0.457,0.4647,120807446.5,2025-07-22 04:00:00+00:00
1753171200000,0.4647,0.4937,0.4535,0.4697,127749897.7,2025-07-22 08:00:00+00:00
1753185600000,0.4698,0.4858,0.46,0.4788,143118809.9,2025-07-22 12:00:00+00:00
1753200000000,0.4787,0.4869,0.4644,0.4664,96406292.2,2025-07-22 16:00:00+00:00
1753214400000,0.4664,0.4844,0.465,0.4825,53264298.5,2025-07-22 20:00:00+00:00
1753228800000,0.4825,0.4838,0.4702,0.4722,59275372.5,2025-07-23 00:00:00+00:00
1753243200000,0.4722,0.479,0.4594,0.4619,91362121.9,2025-07-23 04:00:00+00:00
1753257600000,0.4619,0.4674,0.4524,0.457,81728771.7,2025-07-23 08:00:00+00:00
1753272000000,0.457,0.4592,0.4287,0.4433,216661478.7,2025-07-23 12:00:00+00:00
1753286400000,0.4433,0.4433,0.4232,0.4322,125992620.3,2025-07-23 16:00:00+00:00
1753300800000,0.4321,0.4364,0.4159,0.4335,126834908.5,2025-07-23 20:00:00+00:00
1753315200000,0.4335,0.4439,0.4322,0.4371,62408608.0,2025-07-24 00:00:00+00:00
1753329600000,0.4371,0.4396,0.4064,0.4219,187495638.0,2025-07-24 04:00:00+00:00
1753344000000,0.4218,0.4368,0.4183,0.4355,102537311.6,2025-07-24 08:00:00+00:00
1753358400000,0.4354,0.4493,0.4272,0.4414,119412248.8,2025-07-24 12:00:00+00:00
1753372800000,0.4415,0.4431,0.429,0.4371,86610529.9,2025-07-24 16:00:00+00:00
1753387200000,0.4371,0.4417,0.4282,0.4307,52066598.0,2025-07-24 20:00:00+00:00
1753401600000,0.4307,0.4315,0.4126,0.4205,101466419.3,2025-07-25 00:00:00+00:00
1753416000000,0.4204,0.4288,0.4154,0.4233,75984999.9,2025-07-25 04:00:00+00:00
1753430400000,0.4233,0.4434,0.423,0.4409,81354861.0,2025-07-25 08:00:00+00:00
1753444800000,0.4408,0.4432,0.4222,0.4285,112718005.6,2025-07-25 12:00:00+00:00
1753459200000,0.4285,0.4355,0.4245,0.4288,72369167.4,2025-07-25 16:00:00+00:00
1753473600000,0.4288,0.4444,0.4284,0.443,45603362.1,2025-07-25 20:00:00+00:00
1753488000000,0.443,0.4519,0.4396,0.4507,56939875.5,2025-07-26 00:00:00+00:00
1753502400000,0.4506,0.452,0.4447,0.4473,43133530.6,2025-07-26 04:00:00+00:00
1753516800000,0.4473,0.4513,0.4452,0.4457,44018703.8,2025-07-26 08:00:00+00:00
1753531200000,0.4457,0.4502,0.4425,0.45,47269403.2,2025-07-26 12:00:00+00:00
1753545600000,0.4499,0.4568,0.4475,0.455,49093884.6,2025-07-26 16:00:00+00:00
1753560000000,0.4551,0.4577,0.4479,0.4486,30134946.5,2025-07-26 20:00:00+00:00
1753574400000,0.4486,0.4571,0.4466,0.4523,35169643.3,2025-07-27 00:00:00+00:00
1753588800000,0.4523,0.4596,0.4505,0.4508,31867141.7,2025-07-27 04:00:00+00:00
1753603200000,0.4508,0.458,0.446,0.4515,56697605.0,2025-07-27 08:00:00+00:00
1753617600000,0.4516,0.4565,0.4476,0.4514,52890989.9,2025-07-27 12:00:00+00:00
1753632000000,0.4515,0.4597,0.45,0.4539,77258680.9,2025-07-27 16:00:00+00:00
1753646400000,0.4538,0.4632,0.4506,0.4606,45704625.8,2025-07-27 20:00:00+00:00
1753660800000,0.4605,0.4661,0.4514,0.4619,75645977.4,2025-07-28 00:00:00+00:00
1753675200000,0.462,0.479,0.4589,0.4711,140019131.7,2025-07-28 04:00:00+00:00
1753689600000,0.4711,0.4767,0.4649,0.4698,61229790.9,2025-07-28 08:00:00+00:00
1753704000000,0.4699,0.4708,0.4443,0.4479,120360519.9,2025-07-28 12:00:00+00:00
1753718400000,0.4478,0.4502,0.4321,0.437,100239105.1,2025-07-28 16:00:00+00:00
1753732800000,0.437,0.4379,0.4279,0.4341,60456558.2,2025-07-28 20:00:00+00:00
1753747200000,0.4342,0.4402,0.4215,0.4309,83811841.7,2025-07-29 00:00:00+00:00
1753761600000,0.4309,0.4505,0.4275,0.4491,72784283.0,2025-07-29 04:00:00+00:00
1753776000000,0.4491,0.4494,0.4327,0.435,61925442.6,2025-07-29 08:00:00+00:00
1753790400000,0.435,0.4411,0.4188,0.4228,102692759.1,2025-07-29 12:00:00+00:00
1753804800000,0.4227,0.4293,0.4165,0.4197,75647902.2,2025-07-29 16:00:00+00:00
1753819200000,0.4197,0.4275,0.4145,0.4247,47324701.2,2025-07-29 20:00:00+00:00
1753833600000,0.4248,0.4264,0.415,0.4233,44303860.6,2025-07-30 00:00:00+00:00
1753848000000,0.4234,0.4254,0.4179,0.4196,34221477.0,2025-07-30 04:00:00+00:00
1753862400000,0.4196,0.4229,0.4008,0.4061,100262087.1,2025-07-30 08:00:00+00:00
1753876800000,0.4061,0.4174,0.4025,0.414,80170592.5,2025-07-30 12:00:00+00:00
1753891200000,0.414,0.4228,0.392,0.4127,127774576.7,2025-07-30 16:00:00+00:00
1753905600000,0.4127,0.4177,0.4065,0.4152,51663501.4,2025-07-30 20:00:00+00:00
1753920000000,0.4153,0.4253,0.4129,0.4243,36646609.3,2025-07-31 00:00:00+00:00
1753934400000,0.4244,0.4314,0.4228,0.4296,40429653.9,2025-07-31 04:00:00+00:00
1753948800000,0.4296,0.4311,0.4216,0.4236,41409800.3,2025-07-31 08:00:00+00:00
1753963200000,0.4236,0.424,0.4031,0.4098,130359218.6,2025-07-31 12:00:00+00:00
1753977600000,0.4098,0.4197,0.4044,0.406,87108373.1,2025-07-31 16:00:00+00:00
1753992000000,0.4059,0.4086,0.3949,0.3974,79581112.3,2025-07-31 20:00:00+00:00
1754006400000,0.3975,0.3989,0.3834,0.3961,103700891.1,2025-08-01 00:00:00+00:00
1754020800000,0.396,0.396,0.3842,0.3886,72120769.6,2025-08-01 04:00:00+00:00
1754035200000,0.3885,0.3901,0.3782,0.3895,87622578.2,2025-08-01 08:00:00+00:00
1754049600000,0.3894,0.3944,0.3768,0.3881,124632937.8,2025-08-01 12:00:00+00:00
1754064000000,0.3881,0.3913,0.3777,0.3868,80806493.8,2025-08-01 16:00:00+00:00
1754078400000,0.3869,0.3882,0.3665,0.3772,103388332.0,2025-08-01 20:00:00+00:00
1754092800000,0.3771,0.3823,0.3766,0.3807,27945442.7,2025-08-02 00:00:00+00:00
1754107200000,0.3807,0.3813,0.3669,0.3782,58892732.5,2025-08-02 04:00:00+00:00
1754121600000,0.3781,0.3787,0.3693,0.3765,68141904.2,2025-08-02 08:00:00+00:00
1754136000000,0.3765,0.3789,0.3689,0.3704,58388002.0,2025-08-02 12:00:00+00:00
1754150400000,0.3705,0.3751,0.3607,0.3655,92924664.1,2025-08-02 16:00:00+00:00
1754164800000,0.3654,0.3723,0.365,0.3686,36424228.1,2025-08-02 20:00:00+00:00
1754179200000,0.3686,0.3758,0.3633,0.3741,44554493.1,2025-08-03 00:00:00+00:00
1754193600000,0.3741,0.3774,0.3719,0.3764,29770515.2,2025-08-03 04:00:00+00:00
1754208000000,0.3765,0.3841,0.3753,0.381,38271880.8,2025-08-03 08:00:00+00:00
1754222400000,0.3809,0.3834,0.3787,0.3819,33988972.1,2025-08-03 12:00:00+00:00
1754236800000,0.3819,0.3848,0.3803,0.3824,21446873.3,2025-08-03 16:00:00+00:00
1754251200000,0.3824,0.3859,0.3792,0.3825,34208191.2,2025-08-03 20:00:00+00:00
1754265600000,0.3826,0.3929,0.3819,0.3896,48158188.5,2025-08-04 00:00:00+00:00
1754280000000,0.3897,0.3931,0.386,0.3911,37233609.4,2025-08-04 04:00:00+00:00
1754294400000,0.3912,0.3928,0.388,0.3892,31767826.9,2025-08-04 08:00:00+00:00
1754308800000,0.3893,0.4008,0.3887,0.399,67727808.1,2025-08-04 12:00:00+00:00
1754323200000,0.3989,0.4117,0.3985,0.4006,74428747.9,2025-08-04 16:00:00+00:00
1754337600000,0.4007,0.4103,0.3999,0.4052,42543778.7,2025-08-04 20:00:00+00:00
1754352000000,0.4053,0.4058,0.3947,0.3951,37328961.8,2025-08-05 00:00:00+00:00
1754366400000,0.395,0.3975,0.3851,0.3874,63074483.4,2025-08-05 04:00:00+00:00
1754380800000,0.3873,0.4002,0.3865,0.3979,47166467.4,2025-08-05 08:00:00+00:00
1754395200000,0.398,0.3986,0.3783,0.3799,118442362.4,2025-08-05 12:00:00+00:00
1754409600000,0.3799,0.3861,0.3794,0.3814,49472763.5,2025-08-05 16:00:00+00:00
1754424000000,0.3815,0.3848,0.3748,0.3835,40454527.2,2025-08-05 20:00:00+00:00
1754438400000,0.3834,0.3837,0.3736,0.3752,40504263.1,2025-08-06 00:00:00+00:00
1754452800000,0.3751,0.3897,0.373,0.3886,61634748.0,2025-08-06 04:00:00+00:00
1754467200000,0.3886,0.3899,0.3822,0.3834,33837185.8,2025-08-06 08:00:00+00:00
1754481600000,0.3834,0.3904,0.3778,0.3897,72903610.9,2025-08-06 12:00:00+00:00
1754496000000,0.3897,0.3922,0.3834,0.3886,41707087.4,2025-08-06 16:00:00+00:00
1754510400000,0.3886,0.3898,0.3857,0.3887,21296136.6,2025-08-06 20:00:00+00:00
1754524800000,0.3888,0.3934,0.386,0.3864,26534267.5,2025-08-07 00:00:00+00:00
1754539200000,0.3863,0.3929,0.3861,0.3915,35535534.3,2025-08-07 04:00:00+00:00
1754553600000,0.3916,0.4096,0.3908,0.4088,77863327.6,2025-08-07 08:00:00+00:00
1754568000000,0.4089,0.4113,0.4037,0.4078,62395303.0,2025-08-07 12:00:00+00:00
1754582400000,0.4078,0.4108,0.3974,0.4101,70448567.5,2025-08-07 16:00:00+00:00
1754596800000,0.4102,0.4191,0.409,0.4167,49932732.4,2025-08-07 20:00:00+00:00
1754611200000,0.4168,0.4257,0.4101,0.4232,170968388.9,2025-08-08 00:00:00+00:00
1754625600000,0.4232,0.4271,0.4167,0.4258,49319742.6,2025-08-08 04:00:00+00:00
1754640000000,0.4259,0.4296,0.4197,0.4218,53649010.0,2025-08-08 08:00:00+00:00
1754654400000,0.4219,0.4309,0.4152,0.4199,98080066.0,2025-08-08 12:00:00+00:00
1754668800000,0.4198,0.4356,0.4192,0.4331,72014992.0,2025-08-08 16:00:00+00:00
1754683200000,0.433,0.4364,0.431,0.4338,36409970.3,2025-08-08 20:00:00+00:00
1754697600000,0.4339,0.4402,0.4334,0.4382,33749327.4,2025-08-09 00:00:00+00:00
1754712000000,0.4382,0.458,0.4371,0.4547,98524766.8,2025-08-09 04:00:00+00:00
1754726400000,0.4548,0.4661,0.454,0.4647,92678761.9,2025-08-09 08:00:00+00:00
1754740800000,0.4648,0.4665,0.4537,0.4625,82023358.1,2025-08-09 12:00:00+00:00
1754755200000,0.4624,0.4718,0.4607,0.4702,55809720.4,2025-08-09 16:00:00+00:00
1754769600000,0.4701,0.4802,0.4681,0.4734,88603140.4,2025-08-09 20:00:00+00:00
1754784000000,0.4735,0.4856,0.4642,0.4697,95267018.9,2025-08-10 00:00:00+00:00
1754798400000,0.4698,0.4757,0.4524,0.4544,85492937.7,2025-08-10 04:00:00+00:00
1754812800000,0.4544,0.4591,0.4487,0.4514,63596026.4,2025-08-10 08:00:00+00:00
1754827200000,0.4513,0.4689,0.4501,0.4635,80849061.5,2025-08-10 12:00:00+00:00
1754841600000,0.4635,0.4692,0.4598,0.465,55385858.1,2025-08-10 16:00:00+00:00
1754856000000,0.4649,0.4673,0.4588,0.4668,38189769.0,2025-08-10 20:00:00+00:00
1754870400000,0.4668,0.4763,0.463,0.4746,71430809.5,2025-08-11 00:00:00+00:00
1754884800000,0.4747,0.4814,0.4583,0.4591,95325526.4,2025-08-11 04:00:00+00:00
1754899200000,0.459,0.4637,0.444,0.4464,102402153.3,2025-08-11 08:00:00+00:00
1754913600000,0.4463,0.4571,0.4407,0.4544,146170741.6,2025-08-11 12:00:00+00:00
1754928000000,0.4544,0.4633,0.444,0.4473,101906233.3,2025-08-11 16:00:00+00:00
1754942400000,0.4472,0.4486,0.4328,0.4357,64180357.0,2025-08-11 20:00:00+00:00
1754956800000,0.4356,0.448,0.4351,0.4415,43926660.7,2025-08-12 00:00:00+00:00
1754971200000,0.4414,0.4478,0.4346,0.4438,42036320.7,2025-08-12 04:00:00+00:00
1754985600000,0.4438,0.4461,0.4331,0.4418,54957039.7,2025-08-12 08:00:00+00:00
1755000000000,0.4417,0.4684,0.4384,0.4676,168848440.7,2025-08-12 12:00:00+00:00
1755014400000,0.4677,0.4765,0.4638,0.4705,96759173.4,2025-08-12 16:00:00+00:00
1755028800000,0.4706,0.48,0.4695,0.4774,84563227.9,2025-08-12 20:00:00+00:00
1755043200000,0.4774,0.4851,0.4703,0.4819,89015485.3,2025-08-13 00:00:00+00:00
1755057600000,0.4818,0.4856,0.4709,0.4786,67503566.1,2025-08-13 04:00:00+00:00
1755072000000,0.4786,0.4989,0.4778,0.4934,157702701.5,2025-08-13 08:00:00+00:00
1755086400000,0.4935,0.5429,0.4906,0.5397,528280473.3,2025-08-13 12:00:00+00:00
1755100800000,0.5397,0.5606,0.5371,0.5547,284287565.0,2025-08-13 16:00:00+00:00
1755115200000,0.5547,0.5828,0.5494,0.5714,269128013.3,2025-08-13 20:00:00+00:00
1755129600000,0.5715,0.5762,0.5458,0.5588,206468902.7,2025-08-14 00:00:00+00:00
1755144000000,0.5588,0.5634,0.5386,0.5437,174723569.9,2025-08-14 04:00:00+00:00
1755158400000,0.5437,0.5487,0.5309,0.5365,131903338.8,2025-08-14 08:00:00+00:00
1755172800000,0.5365,0.5396,0.4896,0.5233,508411834.9,2025-08-14 12:00:00+00:00
1755187200000,0.5234,0.5336,0.5162,0.5189,172553655.1,2025-08-14 16:00:00+00:00
1755201600000,0.5189,0.5203,0.5013,0.5163,110997869.7,2025-08-14 20:00:00+00:00
1755216000000,0.5164,0.5311,0.5163,0.5225,147997147.3,2025-08-15 00:00:00+00:00
1755230400000,0.5225,0.5365,0.5138,0.5217,131777230.6,2025-08-15 04:00:00+00:00
1755244800000,0.5217,0.5227,0.5092,0.5097,93176615.2,2025-08-15 08:00:00+00:00
1755259200000,0.5098,0.5216,0.4739,0.4774,323966454.4,2025-08-15 12:00:00+00:00
1755273600000,0.4774,0.4839,0.4709,0.4736,158007855.1,2025-08-15 16:00:00+00:00
1755288000000,0.4737,0.491,0.4715,0.4811,89795164.4,2025-08-15 20:00:00+00:00
1755302400000,0.4811,0.487,0.4775,0.4802,60621820.4,2025-08-16 00:00:00+00:00
1755316800000,0.4802,0.4907,0.4787,0.4871,60063419.1,2025-08-16 04:00:00+00:00
1755331200000,0.4871,0.4881,0.4731,0.4735,72199955.5,2025-08-16 08:00:00+00:00
1755345600000,0.4735,0.488,0.4715,0.4863,78440309.9,2025-08-16 12:00:00+00:00
1755360000000,0.4862,0.494,0.483,0.4911,67330348.6,2025-08-16 16:00:00+00:00
1755374400000,0.4911,0.498,0.491,0.4924,41087326.5,2025-08-16 20:00:00+00:00
1755388800000,0.4925,0.503,0.4853,0.5,60029595.9,2025-08-17 00:00:00+00:00
1755403200000,0.5001,0.5308,0.4975,0.5247,218440015.6,2025-08-17 04:00:00+00:00
1755417600000,0.5247,0.5341,0.5204,0.5297,145726062.8,2025-08-17 08:00:00+00:00
1755432000000,0.5298,0.5593,0.5219,0.5572,234701509.8,2025-08-17 12:00:00+00:00
1755446400000,0.5572,0.5645,0.5311,0.5331,206675724.2,2025-08-17 16:00:00+00:00
1755460800000,0.5332,0.5443,0.5302,0.536,88722088.9,2025-08-17 20:00:00+00:00
1755475200000,0.5361,0.5436,0.5104,0.5163,229967939.5,2025-08-18 00:00:00+00:00
1755489600000,0.5162,0.5335,0.5127,0.5137,213686532.1,2025-08-18 04:00:00+00:00
1755504000000,0.5138,0.5231,0.5058,0.5092,153574862.5,2025-08-18 08:00:00+00:00
1755518400000,0.5091,0.5283,0.5075,0.5163,215923579.5,2025-08-18 12:00:00+00:00
1755532800000,0.5164,0.5251,0.5082,0.5124,136803479.7,2025-08-18 16:00:00+00:00
1755547200000,0.5125,0.5268,0.507,0.5111,97783300.0,2025-08-18 20:00:00+00:00
1755561600000,0.5111,0.5242,0.4893,0.493,188709638.9,2025-08-19 00:00:00+00:00
1755576000000,0.493,0.4978,0.4861,0.4901,93590797.5,2025-08-19 04:00:00+00:00
1755590400000,0.4901,0.5058,0.4856,0.5035,115902111.7,2025-08-19 08:00:00+00:00
1755604800000,0.5035,0.5078,0.4821,0.4903,189310504.5,2025-08-19 12:00:00+00:00
1755619200000,0.4903,0.4934,0.4756,0.4798,138313209.6,2025-08-19 16:00:00+00:00
1755633600000,0.4798,0.484,0.4717,0.4728,70939778.3,2025-08-19 20:00:00+00:00
1755648000000,0.4728,0.487,0.4713,0.4821,121774227.0,2025-08-20 00:00:00+00:00
1755662400000,0.4821,0.4894,0.4807,0.4815,117373114.7,2025-08-20 04:00:00+00:00
1755676800000,0.4815,0.4963,0.4804,0.4875,142850083.3,2025-08-20 08:00:00+00:00
1755691200000,0.4875,0.5083,0.4725,0.5003,241378905.2,2025-08-20 12:00:00+00:00
1755705600000,0.5002,0.519,0.5001,0.5142,145518068.2,2025-08-20 16:00:00+00:00
1755720000000,0.5141,0.5166,0.5064,0.5133,70621422.0,2025-08-20 20:00:00+00:00
1755734400000,0.5133,0.5206,0.5047,0.5132,103332299.4,2025-08-21 00:00:00+00:00
1755748800000,0.5132,0.5156,0.5017,0.5047,63254352.1,2025-08-21 04:00:00+00:00
1755763200000,0.5048,0.505,0.4934,0.4958,79711682.2,2025-08-21 08:00:00+00:00
1755777600000,0.4958,0.506,0.4871,0.4883,161280725.7,2025-08-21 12:00:00+00:00
1755792000000,0.4884,0.4955,0.4847,0.4907,68474754.3,2025-08-21 16:00:00+00:00
1755806400000,0.4907,0.5037,0.4886,0.4961,57077069.1,2025-08-21 20:00:00+00:00
1755820800000,0.496,0.5063,0.4896,0.5001,69339925.8,2025-08-22 00:00:00+00:00
1755835200000,0.5002,0.508,0.4921,0.5042,92787294.4,2025-08-22 04:00:00+00:00
1755849600000,0.5042,0.5079,0.4866,0.4868,117147917.1,2025-08-22 08:00:00+00:00
1755864000000,0.4868,0.5482,0.4736,0.5383,548872875.3,2025-08-22 12:00:00+00:00
1755878400000,0.5384,0.6078,0.5383,0.5973,400296319.5,2025-08-22 16:00:00+00:00
1755892800000,0.5973,0.607,0.5782,0.587,180784232.1,2025-08-22 20:00:00+00:00
1755907200000,0.587,0.5883,0.5674,0.5795,128699060.5,2025-08-23 00:00:00+00:00
1755921600000,0.5794,0.5912,0.5755,0.5833,116382252.3,2025-08-23 04:00:00+00:00
1755936000000,0.5833,0.598,0.5793,0.5862,113854033.1,2025-08-23 08:00:00+00:00
1755950400000,0.5863,0.5983,0.5826,0.5955,122014068.5,2025-08-23 12:00:00+00:00
1755964800000,0.5954,0.6087,0.5868,0.6066,100396924.2,2025-08-23 16:00:00+00:00
1755979200000,0.6067,0.6146,0.5929,0.6131,115795919.7,2025-08-23 20:00:00+00:00
1755993600000,0.613,0.6247,0.5905,0.5939,148522223.7,2025-08-24 00:00:00+00:00
1756008000000,0.594,0.5949,0.5752,0.5764,99421174.4,2025-08-24 04:00:00+00:00
1756022400000,0.5764,0.583,0.5662,0.571,106573469.7,2025-08-24 08:00:00+00:00
1756036800000,0.5711,0.5941,0.5687,0.5825,144896040.1,2025-08-24 12:00:00+00:00
1756051200000,0.5825,0.6098,0.5648,0.5838,255815772.9,2025-08-24 16:00:00+00:00
1756065600000,0.5838,0.5867,0.5672,0.5789,128651777.4,2025-08-24 20:00:00+00:00
1756080000000,0.579,0.5916,0.5631,0.5757,108882420.7,2025-08-25 00:00:00+00:00
1756094400000,0.5758,0.5786,0.5466,0.5484,136145679.7,2025-08-25 04:00:00+00:00
1756108800000,0.5484,0.5548,0.539,0.5458,120049881.0,2025-08-25 08:00:00+00:00
1756123200000,0.5457,0.5548,0.541,0.5425,107409311.8,2025-08-25 12:00:00+00:00
1756137600000,0.5426,0.5458,0.5214,0.5221,139742090.9,2025-08-25 16:00:00+00:00
1756152000000,0.5222,0.5263,0.51,0.5171,196389767.6,2025-08-25 20:00:00+00:00
1756166400000,0.5171,0.5417,0.5131,0.5305,144595747.1,2025-08-26 00:00:00+00:00
1756180800000,0.5306,0.5398,0.5244,0.5284,78463926.6,2025-08-26 04:00:00+00:00
1756195200000,0.5285,0.5339,0.5227,0.5265,58734699.8,2025-08-26 08:00:00+00:00
1756209600000,0.5266,0.5434,0.5232,0.5327,164253912.8,2025-08-26 12:00:00+00:00
1756224000000,0.5327,0.5389,0.5248,0.5372,86211089.7,2025-08-26 16:00:00+00:00
1756238400000,0.5371,0.5412,0.5273,0.5299,91982509.6,2025-08-26 20:00:00+00:00
1756252800000,0.5299,0.533,0.5172,0.5272,110452668.0,2025-08-27 00:00:00+00:00
1756267200000,0.5273,0.5328,0.5139,0.5175,96851838.2,2025-08-27 04:00:00+00:00
1756281600000,0.5175,0.5218,0.5109,0.5203,80016755.2,2025-08-27 08:00:00+00:00
1756296000000,0.5203,0.5302,0.5148,0.5222,115774999.7,2025-08-27 12:00:00+00:00
1756310400000,0.5222,0.5228,0.5041,0.5094,122511409.9,2025-08-27 16:00:00+00:00
1756324800000,0.5094,0.5155,0.4969,0.505,179955144.3,2025-08-27 20:00:00+00:00
1756339200000,0.505,0.5133,0.4998,0.5126,61067073.2,2025-08-28 00:00:00+00:00
1756353600000,0.5125,0.5226,0.5108,0.5213,61296067.6,2025-08-28 04:00:00+00:00
1756368000000,0.5213,0.5265,0.5174,0.5223,67670352.2,2025-08-28 08:00:00+00:00
1756382400000,0.5223,0.5364,0.5111,0.5144,198953292.5,2025-08-28 12:00:00+00:00
1756396800000,0.5144,0.518,0.5029,0.5101,107227132.1,2025-08-28 16:00:00+00:00
1756411200000,0.5101,0.5247,0.5087,0.523,59529665.5,2025-08-28 20:00:00+00:00
1756425600000,0.5231,0.5241,0.5097,0.5153,75219173.2,2025-08-29 00:00:00+00:00
1756440000000,0.5154,0.5194,0.4946,0.4959,97517229.0,2025-08-29 04:00:00+00:00
1756454400000,0.4959,0.4988,0.4872,0.4937,90121538.0,2025-08-29 08:00:00+00:00
1756468800000,0.4937,0.5132,0.4889,0.4949,189872191.5,2025-08-29 12:00:00+00:00
1756483200000,0.4948,0.4982,0.4838,0.4885,102210994.1,2025-08-29 16:00:00+00:00
1756497600000,0.4886,0.4946,0.4835,0.4906,52874371.9,2025-08-29 20:00:00+00:00
1756512000000,0.4906,0.4965,0.4792,0.4917,70164348.8,2025-08-30 00:00:00+00:00
1756526400000,0.4918,0.5004,0.4886,0.5002,51417610.5,2025-08-30 04:00:00+00:00
1756540800000,0.5003,0.5035,0.4952,0.5001,55051461.2,2025-08-30 08:00:00+00:00
1756555200000,0.5002,0.5023,0.4928,0.498,59485308.3,2025-08-30 12:00:00+00:00
1756569600000,0.498,0.498,0.4923,0.4947,31992431.9,2025-08-30 16:00:00+00:00
1756584000000,0.4948,0.5002,0.4927,0.4989,18369902.7,2025-08-30 20:00:00+00:00
1756598400000,0.4989,0.5133,0.4985,0.5128,53894506.2,2025-08-31 00:00:00+00:00
1756612800000,0.5128,0.518,0.5083,0.509,60077484.0,2025-08-31 04:00:00+00:00
1756627200000,0.5089,0.5167,0.5067,0.513,51639234.5,2025-08-31 08:00:00+00:00
1756641600000,0.513,0.5138,0.5008,0.5072,53228051.8,2025-08-31 12:00:00+00:00
1756656000000,0.5071,0.5097,0.5038,0.5049,30513608.3,2025-08-31 16:00:00+00:00
1756670400000,0.505,0.5097,0.4953,0.4961,41238727.7,2025-08-31 20:00:00+00:00
1756684800000,0.4961,0.4964,0.4837,0.4873,96997098.5,2025-09-01 00:00:00+00:00
1756699200000,0.4873,0.5061,0.4821,0.5061,78693868.8,2025-09-01 04:00:00+00:00
1756713600000,0.5061,0.5137,0.4951,0.4962,82295204.3,2025-09-01 08:00:00+00:00
1756728000000,0.4962,0.4998,0.4859,0.4874,68432097.2,2025-09-01 12:00:00+00:00
1756742400000,0.4874,0.4896,0.4806,0.4885,55060342.5,2025-09-01 16:00:00+00:00
1756756800000,0.4886,0.4886,0.466,0.4769,131854729.8,2025-09-01 20:00:00+00:00
1756771200000,0.4769,0.494,0.4746,0.4907,67014487.8,2025-09-02 00:00:00+00:00
1756785600000,0.4907,0.4963,0.4873,0.488,47494767.1,2025-09-02 04:00:00+00:00
1756800000000,0.488,0.4924,0.4865,0.4876,51062290.3,2025-09-02 08:00:00+00:00
1756814400000,0.4875,0.4992,0.4765,0.4844,149221834.4,2025-09-02 12:00:00+00:00
1756828800000,0.4844,0.4944,0.4843,0.4882,55454389.7,2025-09-02 16:00:00+00:00
1756843200000,0.4882,0.5062,0.4871,0.5026,54761920.7,2025-09-02 20:00:00+00:00
1756857600000,0.5026,0.5048,0.4958,0.503,39721143.7,2025-09-03 00:00:00+00:00
1756872000000,0.5029,0.5034,0.494,0.4966,36334665.9,2025-09-03 04:00:00+00:00
1756886400000,0.4965,0.5057,0.4922,0.5009,65184824.5,2025-09-03 08:00:00+00:00
1756900800000,0.5009,0.5193,0.4978,0.5152,118351834.9,2025-09-03 12:00:00+00:00
1756915200000,0.5151,0.5193,0.5101,0.5146,52142822.8,2025-09-03 16:00:00+00:00
1756929600000,0.5145,0.5162,0.5094,0.51,27004736.0,2025-09-03 20:00:00+00:00
1756944000000,0.51,0.5131,0.5018,0.5025,44130794.2,2025-09-04 00:00:00+00:00
1756958400000,0.5025,0.5048,0.4917,0.4953,56259070.8,2025-09-04 04:00:00+00:00
1756972800000,0.4953,0.5023,0.4947,0.496,53396479.1,2025-09-04 08:00:00+00:00
1756987200000,0.496,0.4996,0.4822,0.4845,102955839.4,2025-09-04 12:00:00+00:00
1757001600000,0.4845,0.487,0.4779,0.4793,51573323.6,2025-09-04 16:00:00+00:00
1757016000000,0.4793,0.4886,0.4783,0.4821,47213158.2,2025-09-04 20:00:00+00:00
1757030400000,0.482,0.4876,0.4817,0.4869,31383384.2,2025-09-05 00:00:00+00:00
1757044800000,0.487,0.5006,0.4853,0.4997,51276069.9,2025-09-05 04:00:00+00:00
1757059200000,0.4997,0.5024,0.4926,0.5012,57561852.4,2025-09-05 08:00:00+00:00
1757073600000,0.5013,0.5118,0.4843,0.4883,258977853.5,2025-09-05 12:00:00+00:00
1757088000000,0.4883,0.4952,0.4845,0.4937,47315616.1,2025-09-05 16:00:00+00:00
1757102400000,0.4938,0.4998,0.4913,0.4944,49186620.0,2025-09-05 20:00:00+00:00
1757116800000,0.4945,0.5002,0.4939,0.4977,27053355.2,2025-09-06 00:00:00+00:00
1757131200000,0.4977,0.4979,0.4891,0.4917,28166053.5,2025-09-06 04:00:00+00:00
1757145600000,0.4917,0.4925,0.4867,0.4915,36706617.9,2025-09-06 08:00:00+00:00
1757160000000,0.4915,0.493,0.4842,0.4843,45394618.1,2025-09-06 12:00:00+00:00
1757174400000,0.4843,0.491,0.4827,0.4839,42652645.3,2025-09-06 16:00:00+00:00
1757188800000,0.484,0.4912,0.4835,0.4882,22131618.4,2025-09-06 20:00:00+00:00
1757203200000,0.4882,0.497,0.4876,0.4949,32702299.5,2025-09-07 00:00:00+00:00
1757217600000,0.4948,0.4984,0.4921,0.4936,30151121.9,2025-09-07 04:00:00+00:00
1757232000000,0.4935,0.4968,0.4904,0.495,26714596.1,2025-09-07 08:00:00+00:00
1757246400000,0.495,0.4958,0.491,0.492,34579088.0,2025-09-07 12:00:00+00:00
1757260800000,0.4921,0.4928,0.4866,0.4905,35586831.7,2025-09-07 16:00:00+00:00
1757275200000,0.4906,0.4991,0.4886,0.4959,27961376.9,2025-09-07 20:00:00+00:00
1757289600000,0.496,0.5037,0.491,0.5001,43634830.3,2025-09-08 00:00:00+00:00
1757304000000,0.5,0.5007,0.4906,0.4933,41621567.5,2025-09-08 04:00:00+00:00
1757318400000,0.4933,0.5068,0.493,0.4995,73077633.6,2025-09-08 08:00:00+00:00
1757332800000,0.4996,0.5105,0.4982,0.508,83233670.8,2025-09-08 12:00:00+00:00
1757347200000,0.5079,0.516,0.5028,0.5055,98357877.9,2025-09-08 16:00:00+00:00
1757361600000,0.5056,0.515,0.5009,0.5131,48587072.2,2025-09-08 20:00:00+00:00
1757376000000,0.5131,0.5199,0.5035,0.5123,81533284.0,2025-09-09 00:00:00+00:00
1757390400000,0.5123,0.5326,0.5097,0.5288,111778426.5,2025-09-09 04:00:00+00:00
1757404800000,0.5287,0.5392,0.5281,0.5318,78478242.5,2025-09-09 08:00:00+00:00
1757419200000,0.5318,0.5374,0.5078,0.5117,162552688.0,2025-09-09 12:00:00+00:00
1757433600000,0.5116,0.516,0.508,0.5143,49457729.2,2025-09-09 16:00:00+00:00
1757448000000,0.5144,0.5182,0.5101,0.5123,31746239.9,2025-09-09 20:00:00+00:00
1757462400000,0.5124,0.514,0.503,0.5096,94103384.6,2025-09-10 00:00:00+00:00
1757476800000,0.5096,0.5123,0.5009,0.5079,51117531.9,2025-09-10 04:00:00+00:00
1757491200000,0.5079,0.5082,0.5022,0.5045,41188259.7,2025-09-10 08:00:00+00:00
1757505600000,0.5046,0.5264,0.5042,0.5163,141005661.9,2025-09-10 12:00:00+00:00
1757520000000,0.5164,0.519,0.5028,0.5048,71344373.9,2025-09-10 16:00:00+00:00
1757534400000,0.5048,0.5132,0.5044,0.5125,28084292.5,2025-09-10 20:00:00+00:00
1757548800000,0.5125,0.5257,0.5103,0.5247,48786966.6,2025-09-11 00:00:00+00:00
1757563200000,0.5248,0.5277,0.5178,0.5242,49477453.2,2025-09-11 04:00:00+00:00
1757577600000,0.5243,0.5255,0.5171,0.5178,40274437.2,2025-09-11 08:00:00+00:00
1757592000000,0.5177,0.5286,0.5072,0.5138,135044247.2,2025-09-11 12:00:00+00:00
1757606400000,0.5139,0.5238,0.5136,0.5218,34927331.7,2025-09-11 16:00:00+00:00
1757620800000,0.5219,0.5325,0.5198,0.5297,45060913.1,2025-09-11 20:00:00+00:00
1757635200000,0.5298,0.5375,0.5259,0.5302,56636911.9,2025-09-12 00:00:00+00:00
1757649600000,0.5302,0.5376,0.5281,0.5301,55056113.0,2025-09-12 04:00:00+00:00
1757664000000,0.5301,0.5304,0.5229,0.5244,55594325.0,2025-09-12 08:00:00+00:00
1757678400000,0.5244,0.5332,0.5207,0.528,58322735.8,2025-09-12 12:00:00+00:00
1757692800000,0.5279,0.5464,0.5275,0.5454,69752210.1,2025-09-12 16:00:00+00:00
1757707200000,0.5455,0.55,0.5408,0.5475,57217244.7,2025-09-12 20:00:00+00:00
1757721600000,0.5475,0.5503,0.541,0.5477,44281369.8,2025-09-13 00:00:00+00:00
1757736000000,0.5478,0.5482,0.5417,0.5431,29216312.7,2025-09-13 04:00:00+00:00
1757750400000,0.5431,0.5576,0.543,0.5548,62105589.7,2025-09-13 08:00:00+00:00
1757764800000,0.5548,0.5572,0.5357,0.5434,94978931.9,2025-09-13 12:00:00+00:00
1757779200000,0.5435,0.5461,0.5309,0.5385,66151834.8,2025-09-13 16:00:00+00:00
1757793600000,0.5385,0.5451,0.5381,0.5412,29275549.2,2025-09-13 20:00:00+00:00
1757808000000,0.5413,0.5425,0.5303,0.5323,43691781.2,2025-09-14 00:00:00+00:00
1757822400000,0.5324,0.5385,0.5266,0.5307,37354527.7,2025-09-14 04:00:00+00:00
1757836800000,0.5307,0.5337,0.5191,0.5204,57993331.4,2025-09-14 08:00:00+00:00
1757851200000,0.5204,0.5233,0.5065,0.5096,107237137.2,2025-09-14 12:00:00+00:00
1757865600000,0.5096,0.5178,0.5084,0.5143,45261550.8,2025-09-14 16:00:00+00:00
1757880000000,0.5144,0.5203,0.5117,0.5132,32167757.1,2025-09-14 20:00:00+00:00
1757894400000,0.5131,0.5203,0.5079,0.5196,40642774.8,2025-09-15 00:00:00+00:00
1757908800000,0.5196,0.5245,0.5051,0.5068,80600299.2,2025-09-15 04:00:00+00:00
1757923200000,0.5068,0.507,0.4909,0.4964,156453548.2,2025-09-15 08:00:00+00:00
1757937600000,0.4964,0.4985,0.4868,0.4903,112462104.4,2025-09-15 12:00:00+00:00
1757952000000,0.4903,0.4919,0.485,0.4896,68655974.4,2025-09-15 16:00:00+00:00
1757966400000,0.4897,0.4939,0.489,0.4921,30240139.3,2025-09-15 20:00:00+00:00
1757980800000,0.4921,0.4937,0.4878,0.4882,30708545.9,2025-09-16 00:00:00+00:00
1757995200000,0.4882,0.501,0.4832,0.4924,65922388.3,2025-09-16 04:00:00+00:00
1758009600000,0.4923,0.4987,0.4916,0.4919,53147225.3,2025-09-16 08:00:00+00:00
1758024000000,0.4918,0.4962,0.4834,0.495,85882271.2,2025-09-16 12:00:00+00:00
1758038400000,0.4949,0.4995,0.4896,0.4962,55036457.4,2025-09-16 16:00:00+00:00
1758052800000,0.4962,0.4996,0.4933,0.4946,31807115.4,2025-09-16 20:00:00+00:00
1758067200000,0.4946,0.5004,0.4919,0.4926,32027661.4,2025-09-17 00:00:00+00:00
1758081600000,0.4927,0.4984,0.4881,0.4961,39608381.0,2025-09-17 04:00:00+00:00
1758096000000,0.4961,0.4963,0.4867,0.4899,39778865.0,2025-09-17 08:00:00+00:00
1758110400000,0.49,0.493,0.4856,0.4879,42012390.4,2025-09-17 12:00:00+00:00
1758124800000,0.4879,0.5066,0.4838,0.5059,181626798.0,2025-09-17 16:00:00+00:00
1758139200000,0.5059,0.5263,0.499,0.5205,114936501.1,2025-09-17 20:00:00+00:00
1758153600000,0.5205,0.5286,0.5164,0.5246,66678977.6,2025-09-18 00:00:00+00:00
1758168000000,0.5246,0.5264,0.5134,0.5169,57209451.8,2025-09-18 04:00:00+00:00
1758182400000,0.517,0.5206,0.5132,0.5145,41680119.1,2025-09-18 08:00:00+00:00
1758196800000,0.5145,0.5235,0.5121,0.5202,60034215.8,2025-09-18 12:00:00+00:00
1758211200000,0.5202,0.5275,0.5188,0.5232,47904039.6,2025-09-18 16:00:00+00:00
1758225600000,0.5233,0.5277,0.5195,0.524,45205404.9,2025-09-18 20:00:00+00:00
1758240000000,0.524,0.5352,0.5189,0.5193,80742431.9,2025-09-19 00:00:00+00:00
1758254400000,0.5192,0.5221,0.5107,0.5154,69724826.4,2025-09-19 04:00:00+00:00
1758268800000,0.5154,0.5172,0.4991,0.5012,71547772.1,2025-09-19 08:00:00+00:00
1758283200000,0.5012,0.5063,0.4908,0.4956,85684123.6,2025-09-19 12:00:00+00:00
1758297600000,0.4956,0.4992,0.487,0.4896,64815308.9,2025-09-19 16:00:00+00:00
1758312000000,0.4896,0.4931,0.4842,0.4884,46028657.0,2025-09-19 20:00:00+00:00
1758326400000,0.4884,0.4917,0.4858,0.4908,36048674.3,2025-09-20 00:00:00+00:00
1758340800000,0.4907,0.4964,0.4898,0.4958,36066800.7,2025-09-20 04:00:00+00:00
1758355200000,0.4958,0.4958,0.4863,0.4897,39128929.0,2025-09-20 08:00:00+00:00
1758369600000,0.4896,0.4997,0.4874,0.4961,50868469.2,2025-09-20 12:00:00+00:00
1758384000000,0.4961,0.4983,0.489,0.4912,38390631.1,2025-09-20 16:00:00+00:00
1758398400000,0.4912,0.4974,0.4907,0.4929,20018177.5,2025-09-20 20:00:00+00:00
1758412800000,0.4928,0.4956,0.4902,0.4941,25680900.2,2025-09-21 00:00:00+00:00
1758427200000,0.494,0.499,0.4916,0.4951,31576022.1,2025-09-21 04:00:00+00:00
1758441600000,0.4951,0.4959,0.4818,0.4863,67503365.2,2025-09-21 08:00:00+00:00
1758456000000,0.4864,0.4904,0.4843,0.4848,33909690.8,2025-09-21 12:00:00+00:00
1758470400000,0.4848,0.4869,0.4785,0.4848,56161149.9,2025-09-21 16:00:00+00:00
1758484800000,0.4847,0.4853,0.4801,0.4803,31179103.6,2025-09-21 20:00:00+00:00
1758499200000,0.4802,0.4827,0.4536,0.4609,184756792.2,2025-09-22 00:00:00+00:00
1758513600000,0.4609,0.4628,0.413,0.4376,257464434.9,2025-09-22 04:00:00+00:00
1758528000000,0.4376,0.4414,0.4325,0.437,78474045.1,2025-09-22 08:00:00+00:00
1758542400000,0.437,0.4416,0.4317,0.4327,84293318.1,2025-09-22 12:00:00+00:00
1758556800000,0.4327,0.4349,0.4265,0.428,64075284.3,2025-09-22 16:00:00+00:00
1758571200000,0.428,0.4375,0.4275,0.4362,37129403.8,2025-09-22 20:00:00+00:00
1758585600000,0.4363,0.4383,0.4214,0.4317,110711650.3,2025-09-23 00:00:00+00:00
1758600000000,0.4316,0.4358,0.4246,0.4345,74651948.3,2025-09-23 04:00:00+00:00
1758614400000,0.4345,0.4372,0.4316,0.4344,41830347.9,2025-09-23 08:00:00+00:00
1758628800000,0.4344,0.4403,0.4318,0.438,71306548.9,2025-09-23 12:00:00+00:00
1758643200000,0.438,0.4433,0.43,0.4317,74681791.5,2025-09-23 16:00:00+00:00
1758657600000,0.4317,0.4363,0.4298,0.4322,37763370.8,2025-09-23 20:00:00+00:00
1758672000000,0.4322,0.4387,0.427,0.4284,61352114.8,2025-09-24 00:00:00+00:00
1758686400000,0.4283,0.4431,0.4204,0.4402,163422457.3,2025-09-24 04:00:00+00:00
1758700800000,0.4402,0.4429,0.4384,0.4418,36015253.3,2025-09-24 08:00:00+00:00
1758715200000,0.4418,0.4431,0.4346,0.4352,56551792.5,2025-09-24 12:00:00+00:00
1758729600000,0.4352,0.4382,0.4324,0.434,34816521.7,2025-09-24 16:00:00+00:00
1758744000000,0.4341,0.4348,0.4269,0.4291,32688319.6,2025-09-24 20:00:00+00:00
1758758400000,0.4292,0.4305,0.4209,0.4245,64654089.0,2025-09-25 00:00:00+00:00
1758772800000,0.4245,0.4262,0.4139,0.418,108660823.5,2025-09-25 04:00:00+00:00
1758787200000,0.418,0.4222,0.4135,0.4158,61155616.9,2025-09-25 08:00:00+00:00
1758801600000,0.4157,0.427,0.4067,0.4225,187481393.8,2025-09-25 12:00:00+00:00
1758816000000,0.4224,0.4229,0.3986,0.4118,203322386.9,2025-09-25 16:00:00+00:00
1758830400000,0.4118,0.4143,0.4041,0.4078,82191855.7,2025-09-25 20:00:00+00:00
1758844800000,0.4078,0.4159,0.4068,0.4133,63111908.9,2025-09-26 00:00:00+00:00
1758859200000,0.4132,0.4142,0.4063,0.4104,59308269.9,2025-09-26 04:00:00+00:00
1758873600000,0.4103,0.4138,0.4025,0.4073,60407012.5,2025-09-26 08:00:00+00:00
1758888000000,0.4072,0.416,0.4018,0.4139,117376545.3,2025-09-26 12:00:00+00:00
1758902400000,0.4139,0.4259,0.4136,0.4218,67316295.7,2025-09-26 16:00:00+00:00
1758916800000,0.4218,0.4259,0.4209,0.4248,23322046.7,2025-09-26 20:00:00+00:00
1758931200000,0.4248,0.4261,0.4224,0.4236,16826678.1,2025-09-27 00:00:00+00:00
1758945600000,0.4235,0.4265,0.4223,0.4232,21075523.5,2025-09-27 04:00:00+00:00
1758960000000,0.4231,0.4246,0.4183,0.4228,31732332.0,2025-09-27 08:00:00+00:00
1758974400000,0.4228,0.4243,0.4185,0.4232,25336973.8,2025-09-27 12:00:00+00:00
1758988800000,0.4233,0.4235,0.4181,0.4225,23494446.8,2025-09-27 16:00:00+00:00
1759003200000,0.4225,0.4295,0.4214,0.4239,26636243.4,2025-09-27 20:00:00+00:00
1759017600000,0.424,0.4245,0.4168,0.4188,24804298.3,2025-09-28 00:00:00+00:00
1759032000000,0.4188,0.4202,0.4142,0.4158,23284514.8,2025-09-28 04:00:00+00:00
1759046400000,0.4158,0.4168,0.4111,0.4126,31517500.7,2025-09-28 08:00:00+00:00
1759060800000,0.4126,0.4188,0.4087,0.4172,39017767.8,2025-09-28 12:00:00+00:00
1759075200000,0.4171,0.4245,0.4171,0.4221,27475982.7,2025-09-28 16:00:00+00:00
1759089600000,0.4221,0.4324,0.4213,0.4299,36958610.7,2025-09-28 20:00:00+00:00
1759104000000,0.43,0.4303,0.4232,0.4249,27602442.0,2025-09-29 00:00:00+00:00
1759118400000,0.425,0.4251,0.4171,0.4202,28945762.6,2025-09-29 04:00:00+00:00
1759132800000,0.4203,0.4235,0.4133,0.416,41363897.3,2025-09-29 08:00:00+00:00
1759147200000,0.416,0.4253,0.4086,0.4169,88527766.0,2025-09-29 12:00:00+00:00
1759161600000,0.417,0.4197,0.4101,0.4182,47261735.6,2025-09-29 16:00:00+00:00
1759176000000,0.4183,0.4241,0.4171,0.4174,37159122.6,2025-09-29 20:00:00+00:00
1759190400000,0.4173,0.4191,0.4093,0.4123,49049383.1,2025-09-30 00:00:00+00:00
1759204800000,0.4123,0.4163,0.4099,0.4115,33493313.9,2025-09-30 04:00:00+00:00
1759219200000,0.4115,0.4121,0.4065,0.4109,39772334.7,2025-09-30 08:00:00+00:00
1759233600000,0.4108,0.413,0.4027,0.4103,59015738.0,2025-09-30 12:00:00+00:00
1759248000000,0.4102,0.4214,0.4045,0.421,77770110.3,2025-09-30 16:00:00+00:00
1759262400000,0.4211,0.4244,0.4171,0.4212,49056344.1,2025-09-30 20:00:00+00:00
1759276800000,0.4213,0.4223,0.4158,0.4162,24185486.0,2025-10-01 00:00:00+00:00
1759291200000,0.4162,0.4227,0.4159,0.419,32258192.0,2025-10-01 04:00:00+00:00
1759305600000,0.4189,0.4415,0.4186,0.4336,105057633.8,2025-10-01 08:00:00+00:00
1759320000000,0.4335,0.4353,0.4294,0.4328,75283542.2,2025-10-01 12:00:00+00:00
1759334400000,0.4329,0.437,0.4299,0.4359,38854612.0,2025-10-01 16:00:00+00:00
1759348800000,0.436,0.4367,0.4319,0.435,31768022.4,2025-10-01 20:00:00+00:00
1759363200000,0.4351,0.4431,0.4326,0.442,49731764.8,2025-10-02 00:00:00+00:00
1759377600000,0.442,0.4459,0.4392,0.4408,49574099.4,2025-10-02 04:00:00+00:00
1759392000000,0.4409,0.4434,0.4368,0.4411,34029570.3,2025-10-02 08:00:00+00:00
1759406400000,0.4411,0.4445,0.4318,0.4426,89353992.6,2025-10-02 12:00:00+00:00
1759420800000,0.4427,0.4565,0.4412,0.4552,83368202.5,2025-10-02 16:00:00+00:00
1759435200000,0.4551,0.4565,0.4494,0.4525,36714376.4,2025-10-02 20:00:00+00:00
1759449600000,0.4526,0.4529,0.4441,0.4463,44996254.9,2025-10-03 00:00:00+00:00
1759464000000,0.4463,0.4503,0.4417,0.4439,35444303.5,2025-10-03 04:00:00+00:00
1759478400000,0.4439,0.446,0.44,0.4407,40536327.6,2025-10-03 08:00:00+00:00
1759492800000,0.4408,0.4534,0.4371,0.4526,67284476.4,2025-10-03 12:00:00+00:00
1759507200000,0.4527,0.4605,0.4429,0.4542,114582512.6,2025-10-03 16:00:00+00:00
1759521600000,0.4542,0.4559,0.4495,0.4499,23059167.8,2025-10-03 20:00:00+00:00
1759536000000,0.45,0.4525,0.4411,0.4426,30851312.5,2025-10-04 00:00:00+00:00
1759550400000,0.4425,0.4478,0.4406,0.4418,29709231.5,2025-10-04 04:00:00+00:00
1759564800000,0.4418,0.4422,0.4325,0.4335,40716830.9,2025-10-04 08:00:00+00:00
1759579200000,0.4335,0.4384,0.426,0.428,58185735.6,2025-10-04 12:00:00+00:00
1759593600000,0.428,0.4345,0.4264,0.4313,36784797.1,2025-10-04 16:00:00+00:00
1759608000000,0.4314,0.4359,0.4314,0.4339,16583249.0,2025-10-04 20:00:00+00:00
1759622400000,0.434,0.4438,0.4304,0.4407,46805014.8,2025-10-05 00:00:00+00:00
1759636800000,0.4408,0.453,0.4395,0.4529,62621233.6,2025-10-05 04:00:00+00:00
1759651200000,0.4529,0.4555,0.4408,0.4446,74399599.3,2025-10-05 08:00:00+00:00
1759665600000,0.4446,0.4459,0.4395,0.4438,35202558.3,2025-10-05 12:00:00+00:00
1759680000000,0.4438,0.445,0.4303,0.4309,51044238.5,2025-10-05 16:00:00+00:00
1759694400000,0.4309,0.435,0.4292,0.4319,26482387.9,2025-10-05 20:00:00+00:00
1759708800000,0.4319,0.4373,0.4271,0.4357,48230008.1,2025-10-06 00:00:00+00:00
1759723200000,0.4358,0.443,0.4308,0.4386,46620895.9,2025-10-06 04:00:00+00:00
1759737600000,0.4387,0.4449,0.4387,0.4424,32700756.1,2025-10-06 08:00:00+00:00
1759752000000,0.4425,0.4655,0.4424,0.46,159272442.4,2025-10-06 12:00:00+00:00
1759766400000,0.4599,0.4657,0.4573,0.4636,54688535.7,2025-10-06 16:00:00+00:00
1759780800000,0.4635,0.4648,0.4561,0.4567,36521786.9,2025-10-06 20:00:00+00:00
1759795200000,0.4567,0.4623,0.4564,0.4594,36516254.6,2025-10-07 00:00:00+00:00
1759809600000,0.4594,0.4628,0.4493,0.4503,55580473.1,2025-10-07 04:00:00+00:00
1759824000000,0.4503,0.4529,0.4435,0.4518,57861533.5,2025-10-07 08:00:00+00:00
1759838400000,0.4518,0.4547,0.4258,0.4283,207519392.5,2025-10-07 12:00:00+00:00
1759852800000,0.4282,0.4315,0.4226,0.4247,89701705.9,2025-10-07 16:00:00+00:00
1759867200000,0.4248,0.4304,0.4196,0.4213,52041817.2,2025-10-07 20:00:00+00:00
1759881600000,0.4212,0.4275,0.417,0.4195,41118236.8,2025-10-08 00:00:00+00:00
1759896000000,0.4195,0.4235,0.4168,0.4224,45003986.6,2025-10-08 04:00:00+00:00
1759910400000,0.4224,0.4265,0.4209,0.4224,37218163.5,2025-10-08 08:00:00+00:00
1759924800000,0.4224,0.4302,0.4196,0.4249,57116615.1,2025-10-08 12:00:00+00:00
1759939200000,0.4249,0.4399,0.4238,0.4355,80805450.4,2025-10-08 16:00:00+00:00
1759953600000,0.4355,0.4367,0.4318,0.4347,24589957.5,2025-10-08 20:00:00+00:00
1759968000000,0.4347,0.436,0.4217,0.4284,46589150.3,2025-10-09 00:00:00+00:00
1759982400000,0.4283,0.4302,0.4212,0.4223,28908995.2,2025-10-09 04:00:00+00:00
1759996800000,0.4224,0.4229,0.4137,0.418,65871851.2,2025-10-09 08:00:00+00:00
1760011200000,0.4181,0.4237,0.4086,0.4108,87097892.5,2025-10-09 12:00:00+00:00
1760025600000,0.4109,0.4161,0.4069,0.415,55570249.6,2025-10-09 16:00:00+00:00
1760040000000,0.415,0.4208,0.414,0.4177,24406909.6,2025-10-09 20:00:00+00:00
1760054400000,0.4178,0.4284,0.4163,0.4237,41629515.7,2025-10-10 00:00:00+00:00
1760068800000,0.4236,0.4293,0.4212,0.4216,38610779.3,2025-10-10 04:00:00+00:00
1760083200000,0.4215,0.4288,0.4212,0.4254,33646255.4,2025-10-10 08:00:00+00:00
1760097600000,0.4254,0.4315,0.3991,0.4033,197165676.4,2025-10-10 12:00:00+00:00
1760112000000,0.4032,0.4083,0.3877,0.3922,143886595.2,2025-10-10 16:00:00+00:00
1760126400000,0.3922,0.3952,0.1041,0.2959,1106820169.3,2025-10-10 20:00:00+00:00
1760140800000,0.2958,0.3164,0.2885,0.304,241144843.4,2025-10-11 00:00:00+00:00
1760155200000,0.3039,0.3142,0.3033,0.3111,125443042.8,2025-10-11 04:00:00+00:00
1760169600000,0.3111,0.3272,0.3091,0.3181,144530987.2,2025-10-11 08:00:00+00:00
1760184000000,0.318,0.3232,0.3071,0.3199,149395250.3,2025-10-11 12:00:00+00:00
1760198400000,0.3198,0.3226,0.3028,0.3066,114900585.8,2025-10-11 16:00:00+00:00
1760212800000,0.3065,0.3072,0.2914,0.3015,146671535.0,2025-10-11 20:00:00+00:00
1760227200000,0.3016,0.3069,0.2954,0.303,79288333.6,2025-10-12 00:00:00+00:00
1760241600000,0.303,0.3134,0.3025,0.3093,52308597.8,2025-10-12 04:00:00+00:00
1760256000000,0.3093,0.3121,0.3039,0.3064,48782457.1,2025-10-12 08:00:00+00:00
1760270400000,0.3063,0.3377,0.3047,0.3358,196986965.7,2025-10-12 12:00:00+00:00
1760284800000,0.3357,0.3454,0.3346,0.3427,131574125.7,2025-10-12 16:00:00+00:00
1760299200000,0.3428,0.3451,0.331,0.3343,75623552.3,2025-10-12 20:00:00+00:00
1760313600000,0.3343,0.3378,0.329,0.3313,65233383.4,2025-10-13 00:00:00+00:00
1760328000000,0.3313,0.3431,0.3282,0.3382,62134697.1,2025-10-13 04:00:00+00:00
1760342400000,0.3383,0.3508,0.3326,0.3389,132231485.6,2025-10-13 08:00:00+00:00
1760356800000,0.3389,0.3552,0.3349,0.3444,185712142.5,2025-10-13 12:00:00+00:00
1760371200000,0.3443,0.3589,0.3409,0.3576,115047544.9,2025-10-13 16:00:00+00:00
1760385600000,0.3577,0.3618,0.3558,0.3584,43548011.6,2025-10-13 20:00:00+00:00
1760400000000,0.3583,0.3594,0.3387,0.3459,76228036.0,2025-10-14 00:00:00+00:00
1760414400000,0.3459,0.347,0.3228,0.329,155235091.6,2025-10-14 04:00:00+00:00
1760428800000,0.3289,0.3368,0.3238,0.3305,111039710.6,2025-10-14 08:00:00+00:00
1760443200000,0.3306,0.3416,0.3219,0.3414,127081088.1,2025-10-14 12:00:00+00:00
1760457600000,0.3415,0.3488,0.3353,0.3406,161475711.7,2025-10-14 16:00:00+00:00
1760472000000,0.3406,0.3459,0.3382,0.3432,37331265.5,2025-10-14 20:00:00+00:00
1760486400000,0.3431,0.3462,0.3388,0.3411,44179725.0,2025-10-15 00:00:00+00:00
1760500800000,0.3411,0.3461,0.3391,0.3455,43481083.0,2025-10-15 04:00:00+00:00
1760515200000,0.3455,0.3513,0.3345,0.3388,88960977.0,2025-10-15 08:00:00+00:00
1760529600000,0.3388,0.34,0.3257,0.3283,142476009.3,2025-10-15 12:00:00+00:00
1760544000000,0.3284,0.3322,0.3254,0.3281,67190350.3,2025-10-15 16:00:00+00:00
1760558400000,0.328,0.3294,0.3211,0.3268,66103859.2,2025-10-15 20:00:00+00:00
1760572800000,0.3268,0.3302,0.3245,0.3256,30689147.4,2025-10-16 00:00:00+00:00
1760587200000,0.3256,0.3305,0.3242,0.327,43362365.0,2025-10-16 04:00:00+00:00
1760601600000,0.327,0.3338,0.3118,0.3331,100687849.0,2025-10-16 08:00:00+00:00
1760616000000,0.3332,0.336,0.3159,0.318,121592150.0,2025-10-16 12:00:00+00:00
1760630400000,0.3179,0.3282,0.3123,0.3149,132919686.0,2025-10-16 16:00:00+00:00
1760644800000,0.3148,0.3165,0.3097,0.316,46573761.1,2025-10-16 20:00:00+00:00
1760659200000,0.316,0.3197,0.3129,0.3161,37666364.9,2025-10-17 00:00:00+00:00
1760673600000,0.3162,0.3166,0.2924,0.2933,135965053.0,2025-10-17 04:00:00+00:00
1760688000000,0.2933,0.3046,0.2876,0.3018,189070555.2,2025-10-17 08:00:00+00:00
1760702400000,0.3018,0.3041,0.2943,0.3026,105364712.9,2025-10-17 12:00:00+00:00
1760716800000,0.3026,0.3071,0.3,0.303,79990631.9,2025-10-17 16:00:00+00:00
1760731200000,0.303,0.3084,0.302,0.3037,34710932.9,2025-10-17 20:00:00+00:00
1760745600000,0.3037,0.3099,0.3034,0.3081,25618764.3,2025-10-18 00:00:00+00:00
1760760000000,0.308,0.3123,0.3041,0.3074,51339971.6,2025-10-18 04:00:00+00:00
1760774400000,0.3074,0.3133,0.3071,0.3113,44393634.6,2025-10-18 08:00:00+00:00
1760788800000,0.3112,0.3122,0.3047,0.3077,38698064.4,2025-10-18 12:00:00+00:00
1760803200000,0.3077,0.311,0.3047,0.3093,26950611.3,2025-10-18 16:00:00+00:00
1760817600000,0.3093,0.3112,0.3078,0.3091,17109806.7,2025-10-18 20:00:00+00:00
1760832000000,0.3092,0.3108,0.306,0.3105,21171577.7,2025-10-19 00:00:00+00:00
1760846400000,0.3105,0.3107,0.305,0.3081,18924893.2,2025-10-19 04:00:00+00:00
1760860800000,0.3082,0.3187,0.304,0.3146,103864864.6,2025-10-19 08:00:00+00:00
1760875200000,0.3146,0.321,0.3117,0.3187,58442789.7,2025-10-19 12:00:00+00:00
1760889600000,0.3187,0.3223,0.3173,0.3197,49020653.7,2025-10-19 16:00:00+00:00
1760904000000,0.3197,0.321,0.3165,0.3171,22789677.8,2025-10-19 20:00:00+00:00
1760918400000,0.317,0.3236,0.3102,0.3226,47529814.7,2025-10-20 00:00:00+00:00
1760932800000,0.3226,0.3282,0.321,0.3245,42545381.2,2025-10-20 04:00:00+00:00
1760947200000,0.3245,0.3267,0.3221,0.3243,38054980.2,2025-10-20 08:00:00+00:00
1760961600000,0.3243,0.3286,0.3228,0.3229,38941137.4,2025-10-20 12:00:00+00:00
1760976000000,0.3228,0.325,0.3158,0.3237,65571088.2,2025-10-20 16:00:00+00:00
1760990400000,0.3236,0.325,0.3207,0.3219,20833430.3,2025-10-20 20:00:00+00:00
1761004800000,0.3218,0.3242,0.3151,0.3163,33506075.5,2025-10-21 00:00:00+00:00
1761019200000,0.3162,0.3167,0.3084,0.3144,55760713.4,2025-10-21 04:00:00+00:00
1761033600000,0.3144,0.3145,0.3086,0.3119,43684438.1,2025-10-21 08:00:00+00:00
1761048000000,0.312,0.3351,0.3111,0.3324,116404867.6,2025-10-21 12:00:00+00:00
1761062400000,0.3324,0.3351,0.3238,0.3262,87878392.8,2025-10-21 16:00:00+00:00
1761076800000,0.3261,0.3268,0.3091,0.3108,79941137.2,2025-10-21 20:00:00+00:00
1761091200000,0.3107,0.3126,0.3078,0.31,44857452.1,2025-10-22 00:00:00+00:00
1761105600000,0.31,0.312,0.3043,0.3072,49531183.5,2025-10-22 04:00:00+00:00
1761120000000,0.3072,0.31,0.3011,0.3073,61312304.8,2025-10-22 08:00:00+00:00
1761134400000,0.3073,0.3127,0.3046,0.3095,89221143.2,2025-10-22 12:00:00+00:00
1761148800000,0.3095,0.3109,0.3013,0.3042,68459767.9,2025-10-22 16:00:00+00:00
1761163200000,0.3042,0.3052,0.291,0.301,90405836.8,2025-10-22 20:00:00+00:00
1761177600000,0.301,0.3036,0.2998,0.3025,33000818.0,2025-10-23 00:00:00+00:00
1761192000000,0.3025,0.3109,0.3021,0.3087,41510867.4,2025-10-23 04:00:00+00:00
1761206400000,0.3087,0.3123,0.3077,0.3082,33441298.9,2025-10-23 08:00:00+00:00
1761220800000,0.3081,0.3144,0.3049,0.3131,62314078.9,2025-10-23 12:00:00+00:00
1761235200000,0.3131,0.3194,0.3129,0.3144,51053378.1,2025-10-23 16:00:00+00:00
1761249600000,0.3144,0.3146,0.3091,0.3139,31882140.2,2025-10-23 20:00:00+00:00
1761264000000,0.3139,0.3163,0.3122,0.3131,30011099.5,2025-10-24 00:00:00+00:00
1761278400000,0.313,0.3198,0.3117,0.3173,46041033.2,2025-10-24 04:00:00+00:00
1761292800000,0.3172,0.3197,0.3131,0.3164,31563185.0,2025-10-24 08:00:00+00:00
1761307200000,0.3165,0.3245,0.3115,0.3134,79453078.2,2025-10-24 12:00:00+00:00
1761321600000,0.3134,0.3187,0.3114,0.3175,27512430.1,2025-10-24 16:00:00+00:00
1761336000000,0.3174,0.3206,0.3171,0.3201,21050742.7,2025-10-24 20:00:00+00:00
1761350400000,0.32,0.3213,0.3179,0.3182,20680746.7,2025-10-25 00:00:00+00:00
1761364800000,0.3181,0.3201,0.3165,0.317,19559139.2,2025-10-25 04:00:00+00:00
1761379200000,0.317,0.3198,0.3167,0.3192,20344533.4,2025-10-25 08:00:00+00:00
1761393600000,0.3191,0.3211,0.3176,0.3186,25833841.5,2025-10-25 12:00:00+00:00
1761408000000,0.3185,0.3219,0.3177,0.3218,21033714.0,2025-10-25 16:00:00+00:00
1761422400000,0.3218,0.3224,0.3196,0.3201,17084986.8,2025-10-25 20:00:00+00:00
1761436800000,0.3201,0.3208,0.314,0.315,29921554.4,2025-10-26 00:00:00+00:00
1761451200000,0.3151,0.3195,0.3147,0.3193,14738484.5,2025-10-26 04:00:00+00:00
1761465600000,0.3194,0.329,0.3191,0.3283,44743885.6,2025-10-26 08:00:00+00:00
1761480000000,0.3284,0.3319,0.3269,0.3296,45587708.0,2025-10-26 12:00:00+00:00
1761494400000,0.3296,0.3298,0.3264,0.3285,19654394.4,2025-10-26 16:00:00+00:00
1761508800000,0.3284,0.3373,0.326,0.3346,47528670.9,2025-10-26 20:00:00+00:00
1761523200000,0.3346,0.346,0.3338,0.3433,80104799.1,2025-10-27 00:00:00+00:00
1761537600000,0.3434,0.3515,0.3414,0.3435,59951404.6,2025-10-27 04:00:00+00:00
1761552000000,0.3435,0.3448,0.3344,0.3376,58850641.2,2025-10-27 08:00:00+00:00
1761566400000,0.3376,0.3378,0.3293,0.3334,58313018.8,2025-10-27 12:00:00+00:00
1761580800000,0.3335,0.341,0.3335,0.3352,47108588.8,2025-10-27 16:00:00+00:00
1761595200000,0.3351,0.3352,0.3284,0.3304,40530697.2,2025-10-27 20:00:00+00:00
1761609600000,0.3303,0.3332,0.3265,0.3286,39868981.7,2025-10-28 00:00:00+00:00
1761624000000,0.3287,0.3337,0.3252,0.3284,52406304.9,2025-10-28 04:00:00+00:00
1761638400000,0.3285,0.3312,0.327,0.3273,31412534.6,2025-10-28 08:00:00+00:00
1761652800000,0.3274,0.3337,0.3206,0.3251,88069994.7,2025-10-28 12:00:00+00:00
1761667200000,0.3251,0.3301,0.3176,0.3192,52545798.7,2025-10-28 16:00:00+00:00
1761681600000,0.319,0.3192,0.3069,0.3146,101828621.0,2025-10-28 20:00:00+00:00
1761696000000,0.3146,0.3173,0.3141,0.316,25422563.5,2025-10-29 00:00:00+00:00
1761710400000,0.3161,0.3187,0.3159,0.3176,27313599.2,2025-10-29 04:00:00+00:00
1761724800000,0.3175,0.3245,0.3148,0.323,40075776.5,2025-10-29 08:00:00+00:00
1761739200000,0.3231,0.329,0.3179,0.3199,68879146.6,2025-10-29 12:00:00+00:00
1761753600000,0.3199,0.327,0.3077,0.3229,181229461.4,2025-10-29 16:00:00+00:00
1761768000000,0.3229,0.3285,0.3156,0.3174,52365949.5,2025-10-29 20:00:00+00:00
1761782400000,0.3175,0.3219,0.315,0.3181,38583919.0,2025-10-30 00:00:00+00:00
1761796800000,0.318,0.3181,0.3053,0.3166,106704946.8,2025-10-30 04:00:00+00:00
1761811200000,0.3167,0.3167,0.3071,0.3072,49351631.7,2025-10-30 08:00:00+00:00
1761825600000,0.3072,0.3077,0.2903,0.2913,155963730.4,2025-10-30 12:00:00+00:00
1761840000000,0.2912,0.2929,0.2789,0.2806,109955313.2,2025-10-30 16:00:00+00:00
1761854400000,0.2806,0.2903,0.2797,0.29,72379461.5,2025-10-30 20:00:00+00:00
1761868800000,0.2899,0.2946,0.2885,0.291,49713469.2,2025-10-31 00:00:00+00:00
1761883200000,0.291,0.2946,0.2905,0.292,38137979.7,2025-10-31 04:00:00+00:00
1761897600000,0.2921,0.2984,0.2905,0.298,46555318.5,2025-10-31 08:00:00+00:00
1761912000000,0.2979,0.3001,0.2943,0.2966,69575404.5,2025-10-31 12:00:00+00:00
1761926400000,0.2965,0.2984,0.285,0.2973,97134994.0,2025-10-31 16:00:00+00:00
1761940800000,0.2973,0.2975,0.2923,0.2952,28618508.0,2025-10-31 20:00:00+00:00
1761955200000,0.2952,0.3003,0.2933,0.2996,27203122.2,2025-11-01 00:00:00+00:00
1761969600000,0.2996,0.3015,0.2958,0.3006,27010818.2,2025-11-01 04:00:00+00:00
1761984000000,0.3006,0.3044,0.3004,0.3039,35264929.8,2025-11-01 08:00:00+00:00
1761998400000,0.3039,0.3069,0.3014,0.3045,44600471.4,2025-11-01 12:00:00+00:00
1762012800000,0.3045,0.308,0.3038,0.3068,30749283.3,2025-11-01 16:00:00+00:00
1762027200000,0.3068,0.3086,0.3029,0.3068,21412759.5,2025-11-01 20:00:00+00:00
1762041600000,0.3068,0.3069,0.3034,0.304,16089011.3,2025-11-02 00:00:00+00:00
1762056000000,0.3041,0.3138,0.3035,0.3129,37613699.5,2025-11-02 04:00:00+00:00
1762070400000,0.313,0.3138,0.3059,0.3113,37772620.1,2025-11-02 08:00:00+00:00
1762084800000,0.3114,0.3116,0.2986,0.2996,51829507.8,2025-11-02 12:00:00+00:00
1762099200000,0.2996,0.3021,0.296,0.2986,33157398.5,2025-11-02 16:00:00+00:00
1762113600000,0.2986,0.3086,0.2974,0.3073,32289702.2,2025-11-02 20:00:00+00:00
1762128000000,0.3073,0.3085,0.2858,0.2862,82906661.7,2025-11-03 00:00:00+00:00
1762142400000,0.2862,0.2886,0.2774,0.2838,103293477.4,2025-11-03 04:00:00+00:00
1762156800000,0.2838,0.2858,0.2769,0.2806,68440749.6,2025-11-03 08:00:00+00:00
1762171200000,0.2806,0.2855,0.2534,0.2623,236414630.1,2025-11-03 12:00:00+00:00
1762185600000,0.2623,0.2731,0.2597,0.2624,130049081.2,2025-11-03 16:00:00+00:00
1762200000000,0.2624,0.2633,0.2556,0.2611,96610050.6,2025-11-03 20:00:00+00:00
1762214400000,0.2612,0.2698,0.2591,0.2691,73286076.5,2025-11-04 00:00:00+00:00
1762228800000,0.2691,0.2719,0.2531,0.2555,178918956.4,2025-11-04 04:00:00+00:00
1762243200000,0.2554,0.2669,0.253,0.2637,86116837.6,2025-11-04 08:00:00+00:00
1762257600000,0.2637,0.2686,0.2575,0.2623,112016276.3,2025-11-04 12:00:00+00:00
1762272000000,0.2623,0.2643,0.2441,0.2483,228694770.5,2025-11-04 16:00:00+00:00
1762286400000,0.2483,0.2573,0.234,0.2547,320732964.4,2025-11-04 20:00:00+00:00
1762300800000,0.2547,0.2629,0.2419,0.2618,149676684.2,2025-11-05 00:00:00+00:00
1762315200000,0.2618,0.2632,0.2576,0.2601,49456198.4,2025-11-05 04:00:00+00:00
1762329600000,0.2602,0.2622,0.2547,0.2617,69901857.7,2025-11-05 08:00:00+00:00
1762344000000,0.2617,0.2661,0.2592,0.2658,87007331.4,2025-11-05 12:00:00+00:00
1762358400000,0.2659,0.2715,0.2627,0.2694,60479152.9,2025-11-05 16:00:00+00:00
1762372800000,0.2694,0.2712,0.2676,0.2696,48238205.5,2025-11-05 20:00:00+00:00
1762387200000,0.2696,0.27,0.2634,0.2676,74378577.3,2025-11-06 00:00:00+00:00
1762401600000,0.2677,0.2693,0.2618,0.2623,40485520.3,2025-11-06 04:00:00+00:00
1762416000000,0.2622,0.2644,0.2605,0.2628,38488682.3,2025-11-06 08:00:00+00:00
1762430400000,0.2628,0.2668,0.2559,0.2576,106907620.0,2025-11-06 12:00:00+00:00
1762444800000,0.2576,0.2643,0.253,0.2633,83784921.4,2025-11-06 16:00:00+00:00
1762459200000,0.2634,0.2654,0.2604,0.2645,53254565.9,2025-11-06 20:00:00+00:00
1762473600000,0.2646,0.2734,0.264,0.2712,69211091.8,2025-11-07 00:00:00+00:00
1762488000000,0.2713,0.2789,0.2679,0.2788,54318006.7,2025-11-07 04:00:00+00:00
1762502400000,0.2788,0.279,0.2656,0.2692,78213008.2,2025-11-07 08:00:00+00:00
1762516800000,0.2693,0.2814,0.2629,0.2801,121155844.3,2025-11-07 12:00:00+00:00
1762531200000,0.2801,0.304,0.2792,0.3019,158073234.7,2025-11-07 16:00:00+00:00
1762545600000,0.3019,0.3055,0.2981,0.2995,57584783.3,2025-11-07 20:00:00+00:00
1762560000000,0.2995,0.3132,0.2967,0.3031,73924952.9,2025-11-08 00:00:00+00:00
1762574400000,0.3031,0.3075,0.2946,0.2983,57874604.6,2025-11-08 04:00:00+00:00
1762588800000,0.2983,0.3034,0.2956,0.3007,46648323.4,2025-11-08 08:00:00+00:00
1762603200000,0.3008,0.3024,0.288,0.2896,67966994.1,2025-11-08 12:00:00+00:00
1762617600000,0.2896,0.2933,0.2871,0.2919,43141010.8,2025-11-08 16:00:00+00:00
1762632000000,0.2919,0.2986,0.2901,0.2979,21053320.1,2025-11-08 20:00:00+00:00
1762646400000,0.2978,0.2983,0.284,0.2866,41779353.7,2025-11-09 00:00:00+00:00
1762660800000,0.2865,0.2933,0.2855,0.2927,24851963.1,2025-11-09 04:00:00+00:00
1762675200000,0.2926,0.2944,0.2844,0.292,30686052.4,2025-11-09 08:00:00+00:00
1762689600000,0.292,0.3027,0.2911,0.2989,70085145.9,2025-11-09 12:00:00+00:00
1762704000000,0.299,0.3027,0.2958,0.3026,43260087.8,2025-11-09 16:00:00+00:00
1762718400000,0.3027,0.3031,0.2971,0.2992,29033444.5,2025-11-09 20:00:00+00:00
1762732800000,0.2992,0.3052,0.2966,0.3018,53416626.8,2025-11-10 00:00:00+00:00
1762747200000,0.3018,0.3044,0.2991,0.3004,32216041.0,2025-11-10 04:00:00+00:00
1762761600000,0.3005,0.3057,0.296,0.3034,49669559.0,2025-11-10 08:00:00+00:00
1762776000000,0.3033,0.3037,0.2921,0.2948,80138176.5,2025-11-10 12:00:00+00:00
1762790400000,0.2948,0.3038,0.2914,0.3014,57654169.6,2025-11-10 16:00:00+00:00
1762804800000,0.3013,0.3118,0.2986,0.3067,70723090.6,2025-11-10 20:00:00+00:00
1762819200000,0.3068,0.3138,0.3015,0.3093,72077790.4,2025-11-11 00:00:00+00:00
1762833600000,0.3092,0.31,0.2924,0.2925,55683995.3,2025-11-11 04:00:00+00:00
1762848000000,0.2925,0.2966,0.2905,0.2925,49167278.1,2025-11-11 08:00:00+00:00
1762862400000,0.2925,0.295,0.2838,0.2846,90827493.8,2025-11-11 12:00:00+00:00
1762876800000,0.2846,0.2874,0.2795,0.2804,63347892.4,2025-11-11 16:00:00+00:00
1762891200000,0.2804,0.2811,0.2742,0.2755,49705387.9,2025-11-11 20:00:00+00:00
1762905600000,0.2754,0.2781,0.2725,0.2761,44726689.3,2025-11-12 00:00:00+00:00
1762920000000,0.2761,0.2784,0.2726,0.2732,33008794.7,2025-11-12 04:00:00+00:00
1762934400000,0.2732,0.2805,0.2732,0.2767,62775735.1,2025-11-12 08:00:00+00:00
1762948800000,0.2767,0.2797,0.2637,0.2651,135100952.9,2025-11-12 12:00:00+00:00
1762963200000,0.2652,0.266,0.2564,0.2588,118933651.7,2025-11-12 16:00:00+00:00
1762977600000,0.2589,0.2616,0.2578,0.2592,57578743.6,2025-11-12 20:00:00+00:00
1762992000000,0.2592,0.2673,0.2582,0.2646,58618109.5,2025-11-13 00:00:00+00:00
1763006400000,0.2645,0.269,0.2628,0.2674,48555898.3,2025-11-13 04:00:00+00:00
1763020800000,0.2673,0.2698,0.264,0.2658,54662410.7,2025-11-13 08:00:00+00:00
1763035200000,0.2659,0.2707,0.2609,0.2629,88300094.6,2025-11-13 12:00:00+00:00
1763049600000,0.2629,0.2635,0.2405,0.2421,144713851.5,2025-11-13 16:00:00+00:00
1763064000000,0.242,0.248,0.2386,0.2445,81121777.7,2025-11-13 20:00:00+00:00
1763078400000,0.2444,0.246,0.2381,0.2399,68560285.6,2025-11-14 00:00:00+00:00
1763092800000,0.24,0.2467,0.2303,0.2449,164412724.7,2025-11-14 04:00:00+00:00
1763107200000,0.2449,0.2452,0.2369,0.2389,65853282.7,2025-11-14 08:00:00+00:00
1763121600000,0.2388,0.2477,0.2327,0.2452,161141975.2,2025-11-14 12:00:00+00:00
1763136000000,0.2452,0.2492,0.2413,0.2462,81722133.4,2025-11-14 16:00:00+00:00
1763150400000,0.2462,0.2466,0.232,0.2374,99381025.6,2025-11-14 20:00:00+00:00
1763164800000,0.2374,0.245,0.2371,0.2442,48384163.6,2025-11-15 00:00:00+00:00
1763179200000,0.2443,0.2492,0.2436,0.2447,34710525.5,2025-11-15 04:00:00+00:00
1763193600000,0.2448,0.245,0.2393,0.2409,40693746.8,2025-11-15 08:00:00+00:00
1763208000000,0.2409,0.2462,0.2405,0.2427,36800386.0,2025-11-15 12:00:00+00:00
1763222400000,0.2427,0.2459,0.2409,0.2432,37960417.6,2025-11-15 16:00:00+00:00
1763236800000,0.2432,0.2433,0.2393,0.241,27023896.1,2025-11-15 20:00:00+00:00
1763251200000,0.241,0.2451,0.2371,0.2441,45093445.2,2025-11-16 00:00:00+00:00
1763265600000,0.2442,0.2456,0.2421,0.2455,24073687.2,2025-11-16 04:00:00+00:00
1763280000000,0.2456,0.2472,0.2385,0.2393,45220061.1,2025-11-16 08:00:00+00:00
1763294400000,0.2393,0.2409,0.2337,0.2342,74351036.7,2025-11-16 12:00:00+00:00
1763308800000,0.2342,0.237,0.2276,0.2306,139625859.1,2025-11-16 16:00:00+00:00
1763323200000,0.2306,0.2373,0.2286,0.2357,81572963.2,2025-11-16 20:00:00+00:00
1763337600000,0.2356,0.2401,0.2328,0.239,51686471.9,2025-11-17 00:00:00+00:00
1763352000000,0.239,0.2408,0.2365,0.2402,45391189.9,2025-11-17 04:00:00+00:00
1763366400000,0.2403,0.2422,0.2379,0.2404,36323336.5,2025-11-17 08:00:00+00:00
1763380800000,0.2403,0.2429,0.2302,0.233,148460157.0,2025-11-17 12:00:00+00:00
1763395200000,0.2329,0.2366,0.2229,0.2242,149370930.0,2025-11-17 16:00:00+00:00
1763409600000,0.2241,0.2271,0.2218,0.2269,75854114.6,2025-11-17 20:00:00+00:00
1763424000000,0.227,0.2335,0.222,0.2324,120218874.9,2025-11-18 00:00:00+00:00
1763438400000,0.2324,0.2367,0.2285,0.2317,90035099.2,2025-11-18 04:00:00+00:00
1763452800000,0.2318,0.2361,0.2312,0.2338,58352166.9,2025-11-18 08:00:00+00:00
1763467200000,0.2338,0.2384,0.2312,0.2358,98065474.9,2025-11-18 12:00:00+00:00
1763481600000,0.2358,0.2401,0.235,0.2382,55901163.0,2025-11-18 16:00:00+00:00
1763496000000,0.2383,0.2389,0.2351,0.2373,33696448.2,2025-11-18 20:00:00+00:00
1763510400000,0.2372,0.2389,0.2339,0.2345,41656212.5,2025-11-19 00:00:00+00:00
1763524800000,0.2344,0.2346,0.2276,0.2338,58413847.4,2025-11-19 04:00:00+00:00
1763539200000,0.2339,0.2353,0.2312,0.2344,38429454.4,2025-11-19 08:00:00+00:00
1763553600000,0.2345,0.2361,0.2264,0.2269,101077020.3,2025-11-19 12:00:00+00:00
1763568000000,0.2268,0.2291,0.2174,0.2192,153044435.2,2025-11-19 16:00:00+00:00
1763582400000,0.2192,0.2302,0.2182,0.2295,90782831.8,2025-11-19 20:00:00+00:00
1763596800000,0.2294,0.232,0.228,0.2314,51048417.4,2025-11-20 00:00:00+00:00
1763611200000,0.2315,0.2359,0.2307,0.2358,42286694.8,2025-11-20 04:00:00+00:00
1763625600000,0.2358,0.2361,0.2332,0.2352,37974728.4,2025-11-20 08:00:00+00:00
1763640000000,0.2351,0.2413,0.2341,0.2345,129972814.9,2025-11-20 12:00:00+00:00
1763654400000,0.2344,0.235,0.2109,0.2168,303553277.1,2025-11-20 16:00:00+00:00
1763668800000,0.2167,0.2245,0.2144,0.215,107688411.8,2025-11-20 20:00:00+00:00
1763683200000,0.215,0.2198,0.2119,0.2158,96784644.3,2025-11-21 00:00:00+00:00
1763697600000,0.2157,0.2165,0.1839,0.2009,217665447.2,2025-11-21 04:00:00+00:00
1763712000000,0.2009,0.2051,0.1965,0.1969,165419662.9,2025-11-21 08:00:00+00:00
1763726400000,0.197,0.2091,0.1929,0.2029,255546594.0,2025-11-21 12:00:00+00:00
1763740800000,0.2028,0.2098,0.1999,0.2043,151646006.6,2025-11-21 16:00:00+00:00
1763755200000,0.2042,0.2043,0.1938,0.2019,129872520.1,2025-11-21 20:00:00+00:00
1763769600000,0.2019,0.2045,0.1999,0.2007,64585655.0,2025-11-22 00:00:00+00:00
1763784000000,0.2007,0.2011,0.1961,0.2004,79610081.2,2025-11-22 04:00:00+00:00
1763798400000,0.2004,0.2005,0.1958,0.1993,69849736.1,2025-11-22 08:00:00+00:00
1763812800000,0.1992,0.2,0.1952,0.1974,60388279.3,2025-11-22 12:00:00+00:00
1763827200000,0.1974,0.2005,0.1972,0.1987,35529551.2,2025-11-22 16:00:00+00:00
1763841600000,0.1988,0.2033,0.197,0.2001,34415411.5,2025-11-22 20:00:00+00:00
1763856000000,0.2001,0.2039,0.1986,0.2025,37197607.2,2025-11-23 00:00:00+00:00
1763870400000,0.2026,0.205,0.1994,0.2004,40602973.5,2025-11-23 04:00:00+00:00
1763884800000,0.2004,0.2019,0.1991,0.201,25120941.4,2025-11-23 08:00:00+00:00
1763899200000,0.201,0.204,0.2,0.2027,43730450.4,2025-11-23 12:00:00+00:00
1763913600000,0.2027,0.2044,0.2,0.2029,38805772.4,2025-11-23 16:00:00+00:00
1763928000000,0.2029,0.2053,0.2003,0.2007,34402103.1,2025-11-23 20:00:00+00:00
1763942400000,0.2007,0.2073,0.1992,0.2055,71023023.0,2025-11-24 00:00:00+00:00
1763956800000,0.2056,0.2075,0.2013,0.2046,70524012.3,2025-11-24 04:00:00+00:00
1763971200000,0.2046,0.2057,0.2003,0.2031,60161125.4,2025-11-24 08:00:00+00:00
1763985600000,0.203,0.2075,0.2007,0.2067,99415951.4,2025-11-24 12:00:00+00:00
1764000000000,0.2066,0.2213,0.2066,0.2188,118490446.0,2025-11-24 16:00:00+00:00
1764014400000,0.2188,0.2215,0.2163,0.2173,48517988.0,2025-11-24 20:00:00+00:00
1764028800000,0.2173,0.2204,0.2155,0.2162,40168610.4,2025-11-25 00:00:00+00:00
1764043200000,0.2162,0.2181,0.2134,0.2138,31352577.7,2025-11-25 04:00:00+00:00
1764057600000,0.2137,0.2154,0.2121,0.2129,33348243.6,2025-11-25 08:00:00+00:00
1764072000000,0.2129,0.2155,0.2087,0.212,60737276.2,2025-11-25 12:00:00+00:00
1764086400000,0.212,0.2161,0.2097,0.2128,48405205.8,2025-11-25 16:00:00+00:00
1764100800000,0.2128,0.2185,0.2109,0.2162,56542024.4,2025-11-25 20:00:00+00:00
1764115200000,0.2162,0.2178,0.2131,0.2135,31774903.7,2025-11-26 00:00:00+00:00
1764129600000,0.2135,0.2151,0.2128,0.2148,23834231.7,2025-11-26 04:00:00+00:00
1764144000000,0.2148,0.2149,0.2106,0.211,36791931.2,2025-11-26 08:00:00+00:00
1764158400000,0.211,0.2127,0.2085,0.2095,69594746.7,2025-11-26 12:00:00+00:00
1764172800000,0.2095,0.2229,0.2095,0.2198,116103442.1,2025-11-26 16:00:00+00:00
1764187200000,0.2198,0.2202,0.2173,0.2186,45494229.3,2025-11-26 20:00:00+00:00
1764201600000,0.2185,0.2203,0.2167,0.2171,38226462.3,2025-11-27 00:00:00+00:00
1764216000000,0.2171,0.2188,0.2159,0.2182,20758284.1,2025-11-27 04:00:00+00:00
1764230400000,0.2182,0.2198,0.2166,0.218,23500290.5,2025-11-27 08:00:00+00:00
1764244800000,0.218,0.2215,0.2172,0.2211,33643903.6,2025-11-27 12:00:00+00:00
1764259200000,0.2212,0.2242,0.22,0.2237,37146048.0,2025-11-27 16:00:00+00:00
1764273600000,0.2237,0.2251,0.22,0.2205,31794611.9,2025-11-27 20:00:00+00:00
1764288000000,0.2206,0.2215,0.2171,0.2184,33609315.3,2025-11-28 00:00:00+00:00
1764302400000,0.2183,0.2195,0.2169,0.2173,23514634.4,2025-11-28 04:00:00+00:00
1764316800000,0.2173,0.2243,0.2171,0.2188,66875961.5,2025-11-28 08:00:00+00:00
1764331200000,0.2188,0.2251,0.2181,0.2229,63799067.4,2025-11-28 12:00:00+00:00
1764345600000,0.223,0.2231,0.2144,0.218,72422976.0,2025-11-28 16:00:00+00:00
1764360000000,0.218,0.218,0.2146,0.2166,28681152.1,2025-11-28 20:00:00+00:00
1764374400000,0.2166,0.2199,0.2162,0.2172,31192593.8,2025-11-29 00:00:00+00:00
1764388800000,0.2172,0.2187,0.2148,0.2155,28982453.9,2025-11-29 04:00:00+00:00
1764403200000,0.2155,0.2166,0.2135,0.2164,28894163.6,2025-11-29 08:00:00+00:00
1764417600000,0.2163,0.2172,0.2139,0.2161,31622421.5,2025-11-29 12:00:00+00:00
1764432000000,0.2162,0.2164,0.2118,0.2131,34995181.8,2025-11-29 16:00:00+00:00
1764446400000,0.2131,0.2148,0.2122,0.2143,14901488.1,2025-11-29 20:00:00+00:00
1764460800000,0.2143,0.2172,0.2139,0.217,35509099.1,2025-11-30 00:00:00+00:00
1764475200000,0.217,0.2173,0.2147,0.2165,22584998.9,2025-11-30 04:00:00+00:00
1764489600000,0.2164,0.218,0.2157,0.2159,23936542.7,2025-11-30 08:00:00+00:00
1764504000000,0.216,0.2204,0.213,0.2138,53264828.2,2025-11-30 12:00:00+00:00
1764518400000,0.2139,0.2171,0.2138,0.2146,44462462.4,2025-11-30 16:00:00+00:00
1764532800000,0.2146,0.216,0.2099,0.2104,36630581.2,2025-11-30 20:00:00+00:00
1764547200000,0.2104,0.2113,0.1942,0.1947,167580033.2,2025-12-01 00:00:00+00:00
1764561600000,0.1947,0.1982,0.1933,0.1979,52592097.0,2025-12-01 04:00:00+00:00
1764576000000,0.1979,0.1986,0.1935,0.1939,50666125.3,2025-12-01 08:00:00+00:00
1764590400000,0.1938,0.1946,0.1873,0.1905,104240019.7,2025-12-01 12:00:00+00:00
1764604800000,0.1906,0.1906,0.1862,0.1878,105440089.6,2025-12-01 16:00:00+00:00
1764619200000,0.1878,0.1949,0.1878,0.1935,55817317.1,2025-12-01 20:00:00+00:00
1764633600000,0.1935,0.1967,0.1914,0.1934,45554530.8,2025-12-02 00:00:00+00:00
1764648000000,0.1933,0.1946,0.192,0.1944,22697579.6,2025-12-02 04:00:00+00:00
1764662400000,0.1943,0.1948,0.1914,0.1944,46113235.7,2025-12-02 08:00:00+00:00
1764676800000,0.1944,0.2156,0.1932,0.2149,141584164.9,2025-12-02 12:00:00+00:00
1764691200000,0.2149,0.218,0.2126,0.213,122127551.7,2025-12-02 16:00:00+00:00
1764705600000,0.213,0.2146,0.21,0.2126,52739206.0,2025-12-02 20:00:00+00:00
1764720000000,0.2126,0.2158,0.2114,0.2148,42554764.7,2025-12-03 00:00:00+00:00
1764734400000,0.2148,0.2186,0.2141,0.2162,46638664.4,2025-12-03 04:00:00+00:00
1764748800000,0.2163,0.2193,0.215,0.2165,50081537.9,2025-12-03 08:00:00+00:00
1764763200000,0.2166,0.2186,0.2104,0.2165,103269031.8,2025-12-03 12:00:00+00:00
1764777600000,0.2165,0.2217,0.2146,0.22,63580211.7,2025-12-03 16:00:00+00:00
1764792000000,0.22,0.2254,0.2187,0.2225,57927890.6,2025-12-03 20:00:00+00:00
1764806400000,0.2226,0.2249,0.2207,0.2218,44111500.7,2025-12-04 00:00:00+00:00
1764820800000,0.2218,0.2237,0.2197,0.2225,30979814.0,2025-12-04 04:00:00+00:00
1764835200000,0.2224,0.2246,0.2201,0.2207,34035542.4,2025-12-04 08:00:00+00:00
1764849600000,0.2206,0.2222,0.2163,0.221,62932019.9,2025-12-04 12:00:00+00:00
1764864000000,0.221,0.2217,0.2126,0.2172,77681498.0,2025-12-04 16:00:00+00:00
1764878400000,0.2171,0.2183,0.2151,0.2158,26553414.3,2025-12-04 20:00:00+00:00
1764892800000,0.2157,0.2176,0.2148,0.2153,18509663.0,2025-12-05 00:00:00+00:00
1764907200000,0.2153,0.2172,0.2129,0.2165,29222238.1,2025-12-05 04:00:00+00:00
1764921600000,0.2164,0.2166,0.211,0.2119,45734273.3,2025-12-05 08:00:00+00:00
1764936000000,0.212,0.2127,0.2067,0.2089,85456009.1,2025-12-05 12:00:00+00:00
1764950400000,0.2089,0.209,0.1984,0.2018,107626276.6,2025-12-05 16:00:00+00:00
1764964800000,0.2018,0.2028,0.2006,0.2022,29080708.3,2025-12-05 20:00:00+00:00
1764979200000,0.2023,0.2035,0.1992,0.2031,36122351.5,2025-12-06 00:00:00+00:00
1764993600000,0.2031,0.2042,0.2018,0.2027,17496364.5,2025-12-06 04:00:00+00:00
1765008000000,0.2027,0.2037,0.2012,0.2021,26206241.3,2025-12-06 08:00:00+00:00
1765022400000,0.2022,0.2067,0.2019,0.2048,42951474.4,2025-12-06 12:00:00+00:00
1765036800000,0.2049,0.2095,0.2048,0.2061,36867613.2,2025-12-06 16:00:00+00:00
1765051200000,0.2061,0.2094,0.2059,0.2073,27233119.2,2025-12-06 20:00:00+00:00
1765065600000,0.2072,0.2099,0.2072,0.2093,22684070.8,2025-12-07 00:00:00+00:00
1765080000000,0.2094,0.2111,0.2076,0.208,23556192.3,2025-12-07 04:00:00+00:00
1765094400000,0.2081,0.2082,0.2055,0.2062,22728174.4,2025-12-07 08:00:00+00:00
1765108800000,0.2063,0.2081,0.1984,0.2062,99086747.2,2025-12-07 12:00:00+00:00
1765123200000,0.2061,0.2127,0.2032,0.2118,80643420.6,2025-12-07 16:00:00+00:00
1765137600000,0.2118,0.2132,0.2013,0.204,77266819.1,2025-12-07 20:00:00+00:00
1765152000000,0.2041,0.2093,0.2028,0.2083,45456124.9,2025-12-08 00:00:00+00:00
1765166400000,0.2082,0.2127,0.2082,0.2121,36447580.3,2025-12-08 04:00:00+00:00
1765180800000,0.212,0.2162,0.2107,0.2114,43901135.2,2025-12-08 08:00:00+00:00
1765195200000,0.2115,0.2159,0.2099,0.2117,80169064.8,2025-12-08 12:00:00+00:00
1765209600000,0.2116,0.2156,0.209,0.2105,74450656.0,2025-12-08 16:00:00+00:00
1765224000000,0.2105,0.2145,0.2105,0.2123,27605568.2,2025-12-08 20:00:00+00:00
1765238400000,0.2123,0.2141,0.2094,0.2128,35057993.5,2025-12-09 00:00:00+00:00
1765252800000,0.2128,0.2137,0.2088,0.2134,31933282.6,2025-12-09 04:00:00+00:00
1765267200000,0.2133,0.2159,0.2119,0.214,67916444.3,2025-12-09 08:00:00+00:00
1765281600000,0.2141,0.2222,0.2126,0.2217,95437364.3,2025-12-09 12:00:00+00:00
1765296000000,0.2218,0.2303,0.2218,0.2264,119934463.8,2025-12-09 16:00:00+00:00
1765310400000,0.2263,0.2265,0.2196,0.2224,51696590.9,2025-12-09 20:00:00+00:00
1765324800000,0.2225,0.2235,0.2186,0.2194,30467845.1,2025-12-10 00:00:00+00:00
1765339200000,0.2194,0.2204,0.2173,0.2182,28021667.1,2025-12-10 04:00:00+00:00
1765353600000,0.2182,0.2206,0.2153,0.2165,44224885.1,2025-12-10 08:00:00+00:00
1765368000000,0.2166,0.2191,0.2154,0.2172,36143397.6,2025-12-10 12:00:00+00:00
1765382400000,0.2172,0.2257,0.2167,0.2245,121024332.4,2025-12-10 16:00:00+00:00
1765396800000,0.2245,0.2297,0.2156,0.2163,105704398.5,2025-12-10 20:00:00+00:00
1765411200000,0.2162,0.2165,0.2037,0.2039,66589758.7,2025-12-11 00:00:00+00:00
1765425600000,0.204,0.208,0.2031,0.2059,38604794.8,2025-12-11 04:00:00+00:00
1765440000000,0.2059,0.2063,0.204,0.2057,32946612.0,2025-12-11 08:00:00+00:00
1765454400000,0.2057,0.2084,0.2041,0.2048,58067033.5,2025-12-11 12:00:00+00:00
1765468800000,0.2048,0.2089,0.2024,0.2065,63676846.7,2025-12-11 16:00:00+00:00
1765483200000,0.2065,0.2151,0.2063,0.2125,68630356.8,2025-12-11 20:00:00+00:00
1765497600000,0.2125,0.2166,0.2096,0.2118,62563534.7,2025-12-12 00:00:00+00:00
1765512000000,0.2118,0.2165,0.2108,0.2133,27477388.9,2025-12-12 04:00:00+00:00
1765526400000,0.2134,0.2163,0.2124,0.2142,25160806.6,2025-12-12 08:00:00+00:00
1765540800000,0.2142,0.2158,0.2002,0.2016,92847227.1,2025-12-12 12:00:00+00:00
1765555200000,0.2016,0.2041,0.1976,0.2018,95229497.7,2025-12-12 16:00:00+00:00
1765569600000,0.2019,0.2061,0.2006,0.2057,31001783.3,2025-12-12 20:00:00+00:00
1765584000000,0.2056,0.2078,0.2055,0.2071,21621609.0,2025-12-13 00:00:00+00:00
1765598400000,0.207,0.2083,0.2061,0.2081,22065894.1,2025-12-13 04:00:00+00:00
1765612800000,0.2081,0.2108,0.2078,0.2101,26184396.5,2025-12-13 08:00:00+00:00
1765627200000,0.2101,0.2117,0.2085,0.2116,24782264.7,2025-12-13 12:00:00+00:00
1765641600000,0.2116,0.2163,0.2113,0.2145,45987099.0,2025-12-13 16:00:00+00:00
1765656000000,0.2146,0.2184,0.2137,0.2151,44090972.1,2025-12-13 20:00:00+00:00
1765670400000,0.2151,0.2182,0.2142,0.2153,34508477.9,2025-12-14 00:00:00+00:00
1765684800000,0.2153,0.2156,0.2122,0.2133,35764124.6,2025-12-14 04:00:00+00:00
1765699200000,0.2134,0.2143,0.207,0.2096,45076548.7,2025-12-14 08:00:00+00:00
1765713600000,0.2096,0.2109,0.2066,0.2075,41617913.2,2025-12-14 12:00:00+00:00
1765728000000,0.2074,0.2091,0.2034,0.2045,42773324.7,2025-12-14 16:00:00+00:00
1765742400000,0.2045,0.2061,0.2016,0.2046,43696324.2,2025-12-14 20:00:00+00:00
1765756800000,0.2046,0.2118,0.2037,0.2073,56766587.1,2025-12-15 00:00:00+00:00
1765771200000,0.2074,0.21,0.2068,0.2082,36099335.1,2025-12-15 04:00:00+00:00
1765785600000,0.2083,0.2126,0.2076,0.2116,55810045.0,2025-12-15 08:00:00+00:00
1765800000000,0.2116,0.2155,0.1976,0.1988,191316669.0,2025-12-15 12:00:00+00:00
1765814400000,0.1988,0.1991,0.1898,0.1961,127458124.7,2025-12-15 16:00:00+00:00
1765828800000,0.1962,0.1972,0.1929,0.197,53140752.9,2025-12-15 20:00:00+00:00
1765843200000,0.197,0.1977,0.1921,0.1959,45779430.8,2025-12-16 00:00:00+00:00
1765857600000,0.1958,0.1962,0.1912,0.1922,39835721.6,2025-12-16 04:00:00+00:00
1765872000000,0.1922,0.2008,0.192,0.1996,46185177.1,2025-12-16 08:00:00+00:00
1765886400000,0.1995,0.2019,0.1932,0.2013,94361290.7,2025-12-16 12:00:00+00:00
1765900800000,0.2013,0.204,0.1985,0.2004,68167168.1,2025-12-16 16:00:00+00:00
1765915200000,0.2004,0.2016,0.1992,0.2003,26837132.7,2025-12-16 20:00:00+00:00
1765929600000,0.2003,0.201,0.1974,0.1987,30262990.6,2025-12-17 00:00:00+00:00
1765944000000,0.1987,0.199,0.1961,0.1974,33625486.9,2025-12-17 04:00:00+00:00
1765958400000,0.1975,0.1975,0.1945,0.1959,28302900.9,2025-12-17 08:00:00+00:00
1765972800000,0.196,0.2048,0.1924,0.1938,146871795.8,2025-12-17 12:00:00+00:00
1765987200000,0.1937,0.1956,0.1831,0.1865,162928819.4,2025-12-17 16:00:00+00:00
1766001600000,0.1865,0.1884,0.1822,0.1847,57366828.0,2025-12-17 20:00:00+00:00
1766016000000,0.1846,0.1849,0.1816,0.1823,43711947.5,2025-12-18 00:00:00+00:00
1766030400000,0.1822,0.1833,0.1796,0.1817,53413924.4,2025-12-18 04:00:00+00:00
1766044800000,0.1818,0.1842,0.1815,0.1835,41948549.9,2025-12-18 08:00:00+00:00
1766059200000,0.1836,0.1939,0.1833,0.1898,148114408.4,2025-12-18 12:00:00+00:00
1766073600000,0.1898,0.19,0.1718,0.1722,207317803.9,2025-12-18 16:00:00+00:00
1766088000000,0.1721,0.178,0.1721,0.1757,82048706.8,2025-12-18 20:00:00+00:00
1766102400000,0.1758,0.1823,0.1731,0.1807,76421872.5,2025-12-19 00:00:00+00:00
1766116800000,0.1807,0.1868,0.1799,0.1847,57331848.6,2025-12-19 04:00:00+00:00
1766131200000,0.1848,0.1858,0.1839,0.1855,34370253.0,2025-12-19 08:00:00+00:00
1766145600000,0.1855,0.1934,0.1849,0.1899,87944244.6,2025-12-19 12:00:00+00:00
1766160000000,0.1898,0.1945,0.1866,0.1936,101464154.0,2025-12-19 16:00:00+00:00
1766174400000,0.1936,0.1952,0.1918,0.1925,44459687.1,2025-12-19 20:00:00+00:00
1766188800000,0.1925,0.1926,0.1903,0.1907,25073875.7,2025-12-20 00:00:00+00:00
1766203200000,0.1908,0.192,0.1881,0.1918,48472215.1,2025-12-20 04:00:00+00:00
1766217600000,0.1919,0.194,0.1904,0.1924,38133283.0,2025-12-20 08:00:00+00:00
1766232000000,0.1924,0.1925,0.1895,0.1906,32956404.4,2025-12-20 12:00:00+00:00
1766246400000,0.1906,0.1913,0.1896,0.1897,23428404.1,2025-12-20 16:00:00+00:00
1766260800000,0.1896,0.1904,0.189,0.1896,22629438.3,2025-12-20 20:00:00+00:00
1766275200000,0.1895,0.1901,0.187,0.1882,29564952.9,2025-12-21 00:00:00+00:00
1766289600000,0.1883,0.1905,0.1879,0.19,20249143.1,2025-12-21 04:00:00+00:00
1766304000000,0.1901,0.1917,0.1885,0.189,36790565.8,2025-12-21 08:00:00+00:00
1766318400000,0.1891,0.1901,0.1824,0.1844,78428082.8,2025-12-21 12:00:00+00:00
1766332800000,0.1844,0.1864,0.183,0.1855,38014130.2,2025-12-21 16:00:00+00:00
1766347200000,0.1856,0.1875,0.1827,0.1859,39913242.0,2025-12-21 20:00:00+00:00
1766361600000,0.186,0.1912,0.1843,0.1884,74078866.9,2025-12-22 00:00:00+00:00
1766376000000,0.1884,0.191,0.1884,0.1901,41787282.2,2025-12-22 04:00:00+00:00
1766390400000,0.1902,0.193,0.1889,0.1907,56824737.9,2025-12-22 08:00:00+00:00
1766404800000,0.1908,0.1929,0.1881,0.1905,72361435.9,2025-12-22 12:00:00+00:00
1766419200000,0.1906,0.1918,0.1855,0.1861,60554654.4,2025-12-22 16:00:00+00:00
1766433600000,0.186,0.1883,0.1844,0.1875,58930294.8,2025-12-22 20:00:00+00:00
1766448000000,0.1874,0.1895,0.1846,0.1864,41329167.7,2025-12-23 00:00:00+00:00
1766462400000,0.1863,0.1869,0.1835,0.1848,42262465.2,2025-12-23 04:00:00+00:00
1766476800000,0.1848,0.1864,0.1836,0.1856,31756901.8,2025-12-23 08:00:00+00:00
1766491200000,0.1856,0.1857,0.1804,0.1831,74111299.4,2025-12-23 12:00:00+00:00
1766505600000,0.1831,0.1877,0.1827,0.1861,65916217.8,2025-12-23 16:00:00+00:00
1766520000000,0.1861,0.1911,0.1857,0.1909,47404322.9,2025-12-23 20:00:00+00:00
1766534400000,0.1909,0.1925,0.1853,0.1871,59097606.4,2025-12-24 00:00:00+00:00
1766548800000,0.1871,0.1892,0.1841,0.185,46479130.4,2025-12-24 04:00:00+00:00
1766563200000,0.185,0.1857,0.1835,0.1842,41677470.8,2025-12-24 08:00:00+00:00
1766577600000,0.1843,0.1884,0.1814,0.188,72617584.2,2025-12-24 12:00:00+00:00
1766592000000,0.1881,0.19,0.1859,0.1874,38087605.3,2025-12-24 16:00:00+00:00
1766606400000,0.1874,0.189,0.1867,0.1877,19734923.4,2025-12-24 20:00:00+00:00
1766620800000,0.1877,0.1903,0.1869,0.1896,24166861.0,2025-12-25 00:00:00+00:00
1766635200000,0.1897,0.1915,0.1896,0.1906,25263134.5,2025-12-25 04:00:00+00:00
1766649600000,0.1907,0.1914,0.1862,0.1865,41552498.1,2025-12-25 08:00:00+00:00
1766664000000,0.1866,0.1909,0.1864,0.1898,43003270.2,2025-12-25 12:00:00+00:00
1766678400000,0.1899,0.1917,0.1882,0.1913,48046882.1,2025-12-25 16:00:00+00:00
1766692800000,0.1912,0.1916,0.1835,0.1843,58094217.0,2025-12-25 20:00:00+00:00
1766707200000,0.1842,0.1939,0.1827,0.1914,95718528.2,2025-12-26 00:00:00+00:00
1766721600000,0.1915,0.1937,0.1898,0.1901,42659240.8,2025-12-26 04:00:00+00:00
1766736000000,0.1901,0.1913,0.1898,0.1908,25551876.8,2025-12-26 08:00:00+00:00
1766750400000,0.1909,0.1926,0.1864,0.1893,69535597.6,2025-12-26 12:00:00+00:00
1766764800000,0.1893,0.1923,0.1872,0.1918,64688831.9,2025-12-26 16:00:00+00:00
1766779200000,0.1918,0.1935,0.1907,0.1916,21443396.7,2025-12-26 20:00:00+00:00
1766793600000,0.1916,0.1944,0.1916,0.1937,25546047.8,2025-12-27 00:00:00+00:00
1766808000000,0.1937,0.1941,0.1917,0.1919,24796834.3,2025-12-27 04:00:00+00:00
1766822400000,0.1918,0.1928,0.1902,0.1927,20157994.8,2025-12-27 08:00:00+00:00
1766836800000,0.1928,0.1942,0.1916,0.1938,18251088.2,2025-12-27 12:00:00+00:00
1766851200000,0.1939,0.1945,0.1928,0.1936,15776052.7,2025-12-27 16:00:00+00:00
1766865600000,0.1935,0.1982,0.1929,0.1971,28864865.4,2025-12-27 20:00:00+00:00
1766880000000,0.197,0.1977,0.1956,0.1971,19516043.7,2025-12-28 00:00:00+00:00
1766894400000,0.1971,0.1982,0.1965,0.1973,18174622.9,2025-12-28 04:00:00+00:00
1766908800000,0.1974,0.1991,0.1964,0.1975,23487187.3,2025-12-28 08:00:00+00:00
1766923200000,0.1975,0.1984,0.1958,0.1966,23489620.0,2025-12-28 12:00:00+00:00
1766937600000,0.1966,0.1974,0.1926,0.1929,36901177.4,2025-12-28 16:00:00+00:00
1766952000000,0.193,0.1952,0.1923,0.1949,23475203.9,2025-12-28 20:00:00+00:00
1766966400000,0.1948,0.1992,0.1942,0.1989,64295747.2,2025-12-29 00:00:00+00:00
1766980800000,0.1989,0.1997,0.1949,0.1965,39123311.1,2025-12-29 04:00:00+00:00
1766995200000,0.1966,0.1969,0.1913,0.1926,55005395.8,2025-12-29 08:00:00+00:00
1767009600000,0.1925,0.1929,0.1887,0.1914,88501608.2,2025-12-29 12:00:00+00:00
1767024000000,0.1913,0.1924,0.19,0.1908,39242562.2,2025-12-29 16:00:00+00:00
1767038400000,0.1908,0.1918,0.1896,0.1904,20908405.4,2025-12-29 20:00:00+00:00
1767052800000,0.1904,0.191,0.1883,0.1906,25758430.2,2025-12-30 00:00:00+00:00
1767067200000,0.1906,0.1919,0.1889,0.1908,24136079.6,2025-12-30 04:00:00+00:00
1767081600000,0.1908,0.1949,0.1907,0.1936,45169018.7,2025-12-30 08:00:00+00:00
1767096000000,0.1937,0.1949,0.1909,0.1937,43888215.1,2025-12-30 12:00:00+00:00
1767110400000,0.1938,0.1949,0.1901,0.192,33796341.6,2025-12-30 16:00:00+00:00
1767124800000,0.1919,0.1919,0.1899,0.1908,19680084.9,2025-12-30 20:00:00+00:00
1767139200000,0.1908,0.1929,0.1897,0.191,21028220.4,2025-12-31 00:00:00+00:00
1767153600000,0.191,0.1917,0.1903,0.1911,13462645.8,2025-12-31 04:00:00+00:00
1767168000000,0.1911,0.1919,0.1896,0.1913,17602218.6,2025-12-31 08:00:00+00:00
1767182400000,0.1913,0.1922,0.1883,0.1891,47169855.4,2025-12-31 12:00:00+00:00
1767196800000,0.1891,0.1897,0.1836,0.1853,58777206.3,2025-12-31 16:00:00+00:00
1767211200000,0.1853,0.1883,0.1841,0.1868,36923062.9,2025-12-31 20:00:00+00:00
1767225600000,0.1868,0.1882,0.1857,0.186,27779118.0,2026-01-01 00:00:00+00:00
1767240000000,0.1859,0.1869,0.1849,0.1864,16406465.0,2026-01-01 04:00:00+00:00
1767254400000,0.1863,0.189,0.1858,0.189,15724575.9,2026-01-01 08:00:00+00:00
1767268800000,0.189,0.1959,0.188,0.1948,59044926.7,2026-01-01 12:00:00+00:00
1767283200000,0.1948,0.1995,0.1942,0.1994,56510732.5,2026-01-01 16:00:00+00:00
1767297600000,0.1995,0.2023,0.1984,0.2012,40747028.4,2026-01-01 20:00:00+00:00
1767312000000,0.2012,0.2037,0.1996,0.2027,33286445.5,2026-01-02 00:00:00+00:00
1767326400000,0.2028,0.2031,0.1985,0.1996,46926413.6,2026-01-02 04:00:00+00:00
1767340800000,0.1996,0.2052,0.1994,0.2013,49889625.7,2026-01-02 08:00:00+00:00
1767355200000,0.2014,0.2052,0.1998,0.2026,72063982.1,2026-01-02 12:00:00+00:00
1767369600000,0.2025,0.2076,0.2019,0.2072,60913614.3,2026-01-02 16:00:00+00:00
1767384000000,0.2072,0.2104,0.2063,0.2089,38427310.1,2026-01-02 20:00:00+00:00
1767398400000,0.2088,0.2115,0.2072,0.2112,30176913.0,2026-01-03 00:00:00+00:00
1767412800000,0.2113,0.2114,0.2039,0.2048,40780135.2,2026-01-03 04:00:00+00:00
1767427200000,0.2047,0.2071,0.2038,0.2052,29052475.7,2026-01-03 08:00:00+00:00
1767441600000,0.2052,0.2079,0.2047,0.2069,19912775.0,2026-01-03 12:00:00+00:00
1767456000000,0.207,0.2104,0.2068,0.2087,27549869.8,2026-01-03 16:00:00+00:00
1767470400000,0.2087,0.2099,0.2074,0.2089,22473212.4,2026-01-03 20:00:00+00:00
1767484800000,0.2089,0.2129,0.2086,0.2118,36252346.3,2026-01-04 00:00:00+00:00
1767499200000,0.2118,0.2126,0.2089,0.21,29010073.4,2026-01-04 04:00:00+00:00
1767513600000,0.21,0.2119,0.2084,0.2116,35420893.8,2026-01-04 08:00:00+00:00
1767528000000,0.2117,0.2164,0.2111,0.2151,44900948.6,2026-01-04 12:00:00+00:00
1767542400000,0.2151,0.2183,0.2118,0.214,53038309.0,2026-01-04 16:00:00+00:00
1767556800000,0.2139,0.2174,0.2132,0.2162,32133503.4,2026-01-04 20:00:00+00:00
1767571200000,0.2161,0.2199,0.215,0.2174,63355753.9,2026-01-05 00:00:00+00:00
1767585600000,0.2174,0.2179,0.2114,0.2151,50867078.7,2026-01-05 04:00:00+00:00
1767600000000,0.215,0.2155,0.2112,0.2125,45133103.4,2026-01-05 08:00:00+00:00
1767614400000,0.2126,0.2187,0.2118,0.2179,73330400.9,2026-01-05 12:00:00+00:00
1767628800000,0.2179,0.2221,0.2132,0.22,81351981.3,2026-01-05 16:00:00+00:00
1767643200000,0.22,0.2232,0.2197,0.2208,40817008.4,2026-01-05 20:00:00+00:00
1767657600000,0.2209,0.2238,0.218,0.2217,50284242.2,2026-01-06 00:00:00+00:00
1767672000000,0.2217,0.2234,0.2185,0.219,32278891.6,2026-01-06 04:00:00+00:00
1767686400000,0.2191,0.2227,0.2189,0.2222,31644893.0,2026-01-06 08:00:00+00:00
1767700800000,0.2222,0.2276,0.2191,0.2207,99558059.2,2026-01-06 12:00:00+00:00
1767715200000,0.2206,0.221,0.2112,0.2148,108096172.7,2026-01-06 16:00:00+00:00
1767729600000,0.2147,0.224,0.2147,0.2222,51158979.7,2026-01-06 20:00:00+00:00
1767744000000,0.2222,0.2223,0.2153,0.2178,34729875.7,2026-01-07 00:00:00+00:00
1767758400000,0.2178,0.2208,0.2162,0.2208,28583460.1,2026-01-07 04:00:00+00:00
1767772800000,0.2208,0.2224,0.2155,0.2186,78864216.5,2026-01-07 08:00:00+00:00
1767787200000,0.2187,0.2187,0.21,0.2109,85284864.2,2026-01-07 12:00:00+00:00
1767801600000,0.2109,0.2141,0.2099,0.2126,59200407.6,2026-01-07 16:00:00+00:00
1767816000000,0.2125,0.2134,0.2099,0.2127,32994866.9,2026-01-07 20:00:00+00:00
1767830400000,0.2126,0.2139,0.2089,0.2098,35283041.8,2026-01-08 00:00:00+00:00
1767844800000,0.2097,0.2125,0.206,0.2108,58962171.3,2026-01-08 04:00:00+00:00
1767859200000,0.2108,0.2118,0.2056,0.2077,52276550.3,2026-01-08 08:00:00+00:00
1767873600000,0.2077,0.2123,0.2034,0.2118,75552166.0,2026-01-08 12:00:00+00:00
1767888000000,0.2119,0.2128,0.2081,0.2086,50379343.1,2026-01-08 16:00:00+00:00
1767902400000,0.2086,0.2114,0.2067,0.2089,36284876.7,2026-01-08 20:00:00+00:00
1767916800000,0.2089,0.2112,0.2072,0.2093,36817788.6,2026-01-09 00:00:00+00:00
1767931200000,0.2093,0.2096,0.2073,0.2083,20831696.2,2026-01-09 04:00:00+00:00
1767945600000,0.2083,0.209,0.2046,0.207,39329581.2,2026-01-09 08:00:00+00:00
1767960000000,0.2071,0.212,0.2045,0.2097,88143747.7,2026-01-09 12:00:00+00:00
1767974400000,0.2098,0.2136,0.2052,0.2059,65717446.0,2026-01-09 16:00:00+00:00
1767988800000,0.2058,0.2084,0.2055,0.2074,27375454.9,2026-01-09 20:00:00+00:00
1768003200000,0.2074,0.2074,0.2046,0.2058,20218461.1,2026-01-10 00:00:00+00:00
1768017600000,0.2059,0.2081,0.2049,0.2079,20979233.6,2026-01-10 04:00:00+00:00
1768032000000,0.208,0.2133,0.2076,0.2108,51576594.5,2026-01-10 08:00:00+00:00
1768046400000,0.2109,0.2128,0.2102,0.2106,25314523.3,2026-01-10 12:00:00+00:00
1768060800000,0.2106,0.2111,0.2083,0.2103,23618125.6,2026-01-10 16:00:00+00:00
1768075200000,0.2104,0.2106,0.2061,0.2068,18662798.8,2026-01-10 20:00:00+00:00
1768089600000,0.2069,0.2081,0.2062,0.2071,16858533.1,2026-01-11 00:00:00+00:00
1768104000000,0.2071,0.2086,0.2062,0.2083,18392150.8,2026-01-11 04:00:00+00:00
1768118400000,0.2084,0.2088,0.2076,0.2083,16341677.8,2026-01-11 08:00:00+00:00
1768132800000,0.2084,0.2101,0.206,0.2066,28968025.3,2026-01-11 12:00:00+00:00
1768147200000,0.2067,0.2095,0.2056,0.2058,32345752.5,2026-01-11 16:00:00+00:00
1768161600000,0.2058,0.2059,0.2007,0.2042,49644202.9,2026-01-11 20:00:00+00:00
1768176000000,0.2042,0.2112,0.2015,0.2081,64876878.8,2026-01-12 00:00:00+00:00
1768190400000,0.208,0.2105,0.2046,0.2049,30121706.7,2026-01-12 04:00:00+00:00
1768204800000,0.2049,0.206,0.2014,0.2027,47501275.3,2026-01-12 08:00:00+00:00
1768219200000,0.2026,0.205,0.199,0.2045,67699938.0,2026-01-12 12:00:00+00:00
1768233600000,0.2045,0.2066,0.2012,0.203,56212338.9,2026-01-12 16:00:00+00:00
1768248000000,0.203,0.2041,0.1991,0.2006,37364788.7,2026-01-12 20:00:00+00:00
1768262400000,0.2007,0.2035,0.2006,0.2026,27473927.2,2026-01-13 00:00:00+00:00
1768276800000,0.2026,0.2058,0.2023,0.2045,26693491.4,2026-01-13 04:00:00+00:00
1768291200000,0.2046,0.2071,0.2041,0.2063,32550725.7,2026-01-13 08:00:00+00:00
1768305600000,0.2064,0.2142,0.206,0.2141,105270417.2,2026-01-13 12:00:00+00:00
1768320000000,0.2142,0.2184,0.2141,0.2168,99280544.2,2026-01-13 16:00:00+00:00
1768334400000,0.2168,0.2261,0.2136,0.2214,110019911.5,2026-01-13 20:00:00+00:00
1768348800000,0.2214,0.2237,0.2212,0.2233,49260610.2,2026-01-14 00:00:00+00:00
1768363200000,0.2232,0.2246,0.2212,0.2224,49374192.9,2026-01-14 04:00:00+00:00
1768377600000,0.2225,0.2249,0.2204,0.2208,44735626.8,2026-01-14 08:00:00+00:00
1768392000000,0.2208,0.2238,0.2187,0.2225,88048088.1,2026-01-14 12:00:00+00:00
1768406400000,0.2225,0.2247,0.2154,0.2194,106285628.9,2026-01-14 16:00:00+00:00
1768420800000,0.2194,0.221,0.2165,0.2174,44177560.1,2026-01-14 20:00:00+00:00
1768435200000,0.2173,0.2183,0.2106,0.2111,54993523.1,2026-01-15 00:00:00+00:00
1768449600000,0.2111,0.2161,0.2108,0.2153,39258296.5,2026-01-15 04:00:00+00:00
1768464000000,0.2153,0.2167,0.2136,0.2145,33263615.0,2026-01-15 08:00:00+00:00
1768478400000,0.2145,0.2186,0.2068,0.2104,78649951.9,2026-01-15 12:00:00+00:00
1768492800000,0.2103,0.2114,0.205,0.2073,66597427.4,2026-01-15 16:00:00+00:00
1768507200000,0.2072,0.2102,0.2058,0.2099,29371046.3,2026-01-15 20:00:00+00:00
1768521600000,0.2099,0.2104,0.2069,0.2074,27543413.6,2026-01-16 00:00:00+00:00
1768536000000,0.2073,0.211,0.206,0.2101,39964575.5,2026-01-16 04:00:00+00:00
1768550400000,0.2101,0.211,0.2086,0.2096,22211006.8,2026-01-16 08:00:00+00:00
1768564800000,0.2096,0.21,0.2031,0.2045,54137189.1,2026-01-16 12:00:00+00:00
1768579200000,0.2045,0.2073,0.204,0.2068,36976201.4,2026-01-16 16:00:00+00:00
1768593600000,0.2068,0.2104,0.2058,0.2096,33982091.8,2026-01-16 20:00:00+00:00
1768608000000,0.2097,0.2123,0.209,0.2105,29361074.3,2026-01-17 00:00:00+00:00
1768622400000,0.2105,0.2133,0.2098,0.213,21449093.7,2026-01-17 04:00:00+00:00
1768636800000,0.213,0.2165,0.2129,0.2133,65312371.9,2026-01-17 08:00:00+00:00
1768651200000,0.2132,0.222,0.2129,0.2219,64493581.0,2026-01-17 12:00:00+00:00
1768665600000,0.222,0.224,0.2184,0.2193,50258699.1,2026-01-17 16:00:00+00:00
1768680000000,0.2193,0.2198,0.2139,0.2164,34402780.1,2026-01-17 20:00:00+00:00
1768694400000,0.2163,0.2199,0.2137,0.2146,42087434.6,2026-01-18 00:00:00+00:00
1768708800000,0.2147,0.2152,0.2122,0.2134,20829783.2,2026-01-18 04:00:00+00:00
1768723200000,0.2135,0.2162,0.2125,0.2158,31482380.5,2026-01-18 08:00:00+00:00
1768737600000,0.2159,0.2169,0.2128,0.2161,39214841.8,2026-01-18 12:00:00+00:00
1768752000000,0.2161,0.2204,0.2149,0.218,36638683.3,2026-01-18 16:00:00+00:00
1768766400000,0.2181,0.2208,0.2058,0.206,76550606.2,2026-01-18 20:00:00+00:00
1768780800000,0.2059,0.2059,0.1852,0.1929,276951863.2,2026-01-19 00:00:00+00:00
1768795200000,0.1929,0.1935,0.1903,0.1923,74270686.3,2026-01-19 04:00:00+00:00
1768809600000,0.1923,0.1934,0.1903,0.1905,63686592.1,2026-01-19 08:00:00+00:00
1768824000000,0.1906,0.1919,0.1885,0.1912,62358631.0,2026-01-19 12:00:00+00:00
1768838400000,0.1913,0.1971,0.1909,0.1956,62009964.7,2026-01-19 16:00:00+00:00
1768852800000,0.1957,0.1961,0.1908,0.1933,56874845.1,2026-01-19 20:00:00+00:00
1768867200000,0.1934,0.1946,0.191,0.1938,57295907.0,2026-01-20 00:00:00+00:00
1768881600000,0.1938,0.1943,0.1896,0.1899,75405923.3,2026-01-20 04:00:00+00:00
1768896000000,0.1899,0.1932,0.1871,0.1889,87221189.7,2026-01-20 08:00:00+00:00
1768910400000,0.189,0.1909,0.1856,0.1872,97467713.9,2026-01-20 12:00:00+00:00
1768924800000,0.1873,0.1882,0.1818,0.1837,86815232.8,2026-01-20 16:00:00+00:00
1768939200000,0.1837,0.1855,0.1788,0.1819,66279449.9,2026-01-20 20:00:00+00:00
1768953600000,0.1818,0.1878,0.1817,0.1865,52350529.9,2026-01-21 00:00:00+00:00
1768968000000,0.1866,0.1875,0.1857,0.1864,27876337.6,2026-01-21 04:00:00+00:00
1768982400000,0.1864,0.1868,0.1819,0.1823,34207775.0,2026-01-21 08:00:00+00:00
1768996800000,0.1823,0.1901,0.1792,0.1901,153349200.7,2026-01-21 12:00:00+00:00
1769011200000,0.1901,0.1903,0.1791,0.1901,187598776.3,2026-01-21 16:00:00+00:00
1769025600000,0.1901,0.1904,0.1838,0.1849,70100875.7,2026-01-21 20:00:00+00:00
1769040000000,0.185,0.1887,0.185,0.1861,42525814.6,2026-01-22 00:00:00+00:00
1769054400000,0.1861,0.1867,0.1795,0.1798,62612750.9,2026-01-22 04:00:00+00:00
1769068800000,0.1798,0.183,0.1786,0.1804,67843611.0,2026-01-22 08:00:00+00:00
1769083200000,0.1804,0.1806,0.1746,0.1768,105763996.4,2026-01-22 12:00:00+00:00
1769097600000,0.1768,0.1799,0.176,0.1772,74865942.0,2026-01-22 16:00:00+00:00
1769112000000,0.1772,0.178,0.1755,0.1775,50302638.8,2026-01-22 20:00:00+00:00
1769126400000,0.1776,0.18,0.1764,0.1794,32729330.8,2026-01-23 00:00:00+00:00
1769140800000,0.1794,0.1814,0.178,0.1789,46528571.7,2026-01-23 04:00:00+00:00
1769155200000,0.1789,0.1797,0.1767,0.1779,38017836.9,2026-01-23 08:00:00+00:00
1769169600000,0.1779,0.1786,0.1732,0.1779,77893336.6,2026-01-23 12:00:00+00:00
1769184000000,0.178,0.1825,0.1761,0.1775,120506149.7,2026-01-23 16:00:00+00:00
1769198400000,0.1776,0.178,0.1751,0.1767,46730094.1,2026-01-23 20:00:00+00:00
1769212800000,0.1766,0.1799,0.1762,0.1796,28426627.1,2026-01-24 00:00:00+00:00
1769227200000,0.1796,0.1811,0.1774,0.1776,33597111.1,2026-01-24 04:00:00+00:00
1769241600000,0.1777,0.1783,0.1767,0.1779,18531395.7,2026-01-24 08:00:00+00:00
1769256000000,0.178,0.1784,0.1758,0.176,22309782.8,2026-01-24 12:00:00+00:00
1769270400000,0.176,0.1768,0.1751,0.1755,28555690.3,2026-01-24 16:00:00+00:00
1769284800000,0.1755,0.1773,0.1755,0.1763,21678664.4,2026-01-24 20:00:00+00:00
1769299200000,0.1763,0.1771,0.1741,0.1749,30797966.3,2026-01-25 00:00:00+00:00
1769313600000,0.1748,0.1754,0.1737,0.1748,31771903.7,2026-01-25 04:00:00+00:00
1769328000000,0.1748,0.1771,0.1732,0.1752,35658436.1,2026-01-25 08:00:00+00:00
1769342400000,0.1751,0.1751,0.1723,0.1733,38945580.0,2026-01-25 12:00:00+00:00
1769356800000,0.1732,0.1732,0.163,0.1644,186496972.8,2026-01-25 16:00:00+00:00
1769371200000,0.1643,0.1676,0.1642,0.1673,74168474.9,2026-01-25 20:00:00+00:00
1769385600000,0.1673,0.1713,0.1668,0.1685,56205005.0,2026-01-26 00:00:00+00:00
1769400000000,0.1685,0.1718,0.1685,0.171,39290517.2,2026-01-26 04:00:00+00:00
1769414400000,0.171,0.1727,0.1696,0.1704,38743602.8,2026-01-26 08:00:00+00:00
1769428800000,0.1704,0.1733,0.1689,0.1703,81248256.5,2026-01-26 12:00:00+00:00
1769443200000,0.1703,0.1714,0.168,0.1697,70983023.2,2026-01-26 16:00:00+00:00
1769457600000,0.1697,0.1715,0.1686,0.17,39596211.4,2026-01-26 20:00:00+00:00
1769472000000,0.17,0.1715,0.1694,0.1699,26997290.0,2026-01-27 00:00:00+00:00
1769486400000,0.1699,0.1713,0.1687,0.1693,20240100.3,2026-01-27 04:00:00+00:00
1769500800000,0.1693,0.1697,0.1674,0.1679,23820458.7,2026-01-27 08:00:00+00:00
1769515200000,0.1679,0.1693,0.1665,0.169,50455393.7,2026-01-27 12:00:00+00:00
1769529600000,0.169,0.1718,0.1662,0.1703,85846033.9,2026-01-27 16:00:00+00:00
1769544000000,0.1702,0.1731,0.1701,0.1714,51097258.3,2026-01-27 20:00:00+00:00
1769558400000,0.1715,0.172,0.1702,0.1706,29451191.6,2026-01-28 00:00:00+00:00
1769572800000,0.1705,0.1717,0.1697,0.1711,44155218.9,2026-01-28 04:00:00+00:00
1769587200000,0.1711,0.1726,0.1696,0.1724,52619344.5,2026-01-28 08:00:00+00:00
1769601600000,0.1724,0.1725,0.1681,0.1687,60274883.8,2026-01-28 12:00:00+00:00
1769616000000,0.1688,0.1702,0.1667,0.1698,63063248.2,2026-01-28 16:00:00+00:00
1769630400000,0.1697,0.1731,0.1685,0.1716,65717616.8,2026-01-28 20:00:00+00:00
1769644800000,0.1716,0.1724,0.1654,0.1662,63495078.5,2026-01-29 00:00:00+00:00
1769659200000,0.1662,0.1674,0.1647,0.1663,29412922.9,2026-01-29 04:00:00+00:00
1769673600000,0.1663,0.1666,0.1629,0.1635,41892475.0,2026-01-29 08:00:00+00:00
1769688000000,0.1636,0.1646,0.154,0.1573,184895326.0,2026-01-29 12:00:00+00:00
1769702400000,0.1574,0.1611,0.1539,0.156,121983425.7,2026-01-29 16:00:00+00:00
1769716800000,0.1561,0.1592,0.1556,0.1583,44830526.6,2026-01-29 20:00:00+00:00
1769731200000,0.1583,0.1592,0.152,0.1534,132435084.7,2026-01-30 00:00:00+00:00
1769745600000,0.1534,0.1559,0.151,0.1545,69018643.7,2026-01-30 04:00:00+00:00
1769760000000,0.1544,0.1573,0.1529,0.1565,50707617.2,2026-01-30 08:00:00+00:00
1769774400000,0.1566,0.1569,0.152,0.1545,89498746.0,2026-01-30 12:00:00+00:00
1769788800000,0.1545,0.1578,0.1507,0.1564,112119107.3,2026-01-30 16:00:00+00:00
1769803200000,0.1565,0.1565,0.1531,0.1552,65845100.6,2026-01-30 20:00:00+00:00
1769817600000,0.1551,0.1554,0.1535,0.154,28059705.4,2026-01-31 00:00:00+00:00
1769832000000,0.1541,0.1547,0.1512,0.1525,28293859.2,2026-01-31 04:00:00+00:00
1769846400000,0.1525,0.1527,0.1486,0.1495,72026134.7,2026-01-31 08:00:00+00:00
1769860800000,0.1494,0.1496,0.1382,0.1416,264386512.8,2026-01-31 12:00:00+00:00
1769875200000,0.1416,0.1439,0.1255,0.1349,437210400.8,2026-01-31 16:00:00+00:00
1769889600000,0.135,0.141,0.1337,0.1401,96491629.3,2026-01-31 20:00:00+00:00
1769904000000,0.14,0.1415,0.1387,0.1413,52025439.8,2026-02-01 00:00:00+00:00
1769918400000,0.1413,0.1419,0.139,0.14,43703470.8,2026-02-01 04:00:00+00:00
1769932800000,0.1399,0.1415,0.1378,0.1393,58188164.0,2026-02-01 08:00:00+00:00
1769947200000,0.1393,0.14,0.1344,0.1364,121667011.2,2026-02-01 12:00:00+00:00
1769961600000,0.1363,0.14,0.1353,0.1369,109728610.9,2026-02-01 16:00:00+00:00
1769976000000,0.1369,0.1384,0.1313,0.1351,148744752.6,2026-02-01 20:00:00+00:00
1769990400000,0.1352,0.1386,0.1299,0.135,156365799.2,2026-02-02 00:00:00+00:00
1770004800000,0.135,0.1364,0.1286,0.133,156707069.5,2026-02-02 04:00:00+00:00
1770019200000,0.133,0.1364,0.1329,0.1356,63984538.1,2026-02-02 08:00:00+00:00
1770033600000,0.1355,0.1407,0.1355,0.1392,88340193.5,2026-02-02 12:00:00+00:00
1770048000000,0.1392,0.14,0.1371,0.1373,57407254.3,2026-02-02 16:00:00+00:00
1770062400000,0.1372,0.1381,0.1364,0.1371,35119576.8,2026-02-02 20:00:00+00:00
1770076800000,0.1371,0.1374,0.1336,0.1367,53380893.0,2026-02-03 00:00:00+00:00
1770091200000,0.1366,0.1379,0.1351,0.1364,74638479.2,2026-02-03 04:00:00+00:00
1770105600000,0.1365,0.137,0.1337,0.1355,59144493.9,2026-02-03 08:00:00+00:00
1770120000000,0.1355,0.1371,0.1329,0.134,159098549.9,2026-02-03 12:00:00+00:00
1770134400000,0.134,0.134,0.1241,0.1294,301927108.4,2026-02-03 16:00:00+00:00
1770148800000,0.1294,0.1357,0.1276,0.1302,136083568.0,2026-02-03 20:00:00+00:00
1770163200000,0.1302,0.1344,0.1294,0.1337,66941567.5,2026-02-04 00:00:00+00:00
1770177600000,0.1336,0.1349,0.1327,0.1345,57624771.1,2026-02-04 04:00:00+00:00
1770192000000,0.1346,0.1363,0.1338,0.1354,92010265.0,2026-02-04 08:00:00+00:00
1770206400000,0.1354,0.1362,0.1295,0.131,173365783.2,2026-02-04 12:00:00+00:00
1770220800000,0.1309,0.1334,0.1282,0.1329,212280256.1,2026-02-04 16:00:00+00:00
1770235200000,0.1329,0.133,0.1262,0.1283,97219836.1,2026-02-04 20:00:00+00:00
1770249600000,0.1283,0.1297,0.125,0.1253,109639360.5,2026-02-05 00:00:00+00:00
1770264000000,0.1252,0.1268,0.1235,0.1246,103273693.1,2026-02-05 04:00:00+00:00
1770278400000,0.1247,0.128,0.1212,0.1231,111704922.1,2026-02-05 08:00:00+00:00
1770292800000,0.1231,0.125,0.1134,0.116,299084158.5,2026-02-05 12:00:00+00:00
1770307200000,0.1161,0.1186,0.1118,0.1124,274222777.2,2026-02-05 16:00:00+00:00
1770321600000,0.1124,0.1135,0.106,0.1077,435021689.2,2026-02-05 20:00:00+00:00
1770336000000,0.1077,0.1113,0.0942,0.1076,633819053.2,2026-02-06 00:00:00+00:00
1770350400000,0.1076,0.1116,0.107,0.1077,179322520.6,2026-02-06 04:00:00+00:00
1770364800000,0.1076,0.1123,0.1067,0.1116,186509474.8,2026-02-06 08:00:00+00:00
1770379200000,0.1117,0.116,0.1107,0.1157,221789393.6,2026-02-06 12:00:00+00:00
1770393600000,0.1157,0.122,0.1151,0.1193,192226292.7,2026-02-06 16:00:00+00:00
1770408000000,0.1192,0.1216,0.1177,0.1202,74544689.4,2026-02-06 20:00:00+00:00
1770422400000,0.1202,0.121,0.1185,0.1208,70189908.2,2026-02-07 00:00:00+00:00
1770436800000,0.1208,0.1222,0.1148,0.1161,128219707.0,2026-02-07 04:00:00+00:00
1770451200000,0.116,0.117,0.1156,0.1168,57848312.9,2026-02-07 08:00:00+00:00
1770465600000,0.1168,0.1212,0.1167,0.1198,108523971.1,2026-02-07 12:00:00+00:00
1770480000000,0.1199,0.1256,0.1194,0.1205,298562135.3,2026-02-07 16:00:00+00:00
1770494400000,0.1206,0.1213,0.1193,0.1199,40063564.2,2026-02-07 20:00:00+00:00
1770508800000,0.12,0.1203,0.1183,0.1185,36687918.0,2026-02-08 00:00:00+00:00
1770523200000,0.1185,0.1191,0.1171,0.118,33875340.9,2026-02-08 04:00:00+00:00
1770537600000,0.1181,0.1199,0.1172,0.1195,65640031.3,2026-02-08 08:00:00+00:00
1770552000000,0.1196,0.1196,0.1173,0.1177,63447209.5,2026-02-08 12:00:00+00:00
1770566400000,0.1177,0.118,0.1148,0.1176,73743068.6,2026-02-08 16:00:00+00:00
1770580800000,0.1176,0.1193,0.1152,0.1165,59464312.1,2026-02-08 20:00:00+00:00
1770595200000,0.1164,0.1178,0.1154,0.1175,58320902.5,2026-02-09 00:00:00+00:00
1770609600000,0.1175,0.1175,0.1139,0.114,48176500.9,2026-02-09 04:00:00+00:00
1770624000000,0.114,0.1143,0.1093,0.1102,79480139.2,2026-02-09 08:00:00+00:00
1770638400000,0.1102,0.1112,0.1079,0.1108,102677806.2,2026-02-09 12:00:00+00:00
1770652800000,0.1109,0.1156,0.11,0.1139,146213582.7,2026-02-09 16:00:00+00:00
1770667200000,0.1139,0.1144,0.1114,0.1131,66872484.2,2026-02-09 20:00:00+00:00
1770681600000,0.1131,0.1135,0.1096,0.1101,68125685.4,2026-02-10 00:00:00+00:00
1770696000000,0.1102,0.1113,0.1078,0.1093,76961304.6,2026-02-10 04:00:00+00:00
1770710400000,0.1093,0.11,0.1083,0.1085,61253826.5,2026-02-10 08:00:00+00:00
1770724800000,0.1085,0.1121,0.1084,0.1112,94479434.3,2026-02-10 12:00:00+00:00
1770739200000,0.1113,0.1118,0.1083,0.1095,77979017.6,2026-02-10 16:00:00+00:00
1770753600000,0.1094,0.1103,0.1087,0.1099,49061613.7,2026-02-10 20:00:00+00:00
1770768000000,0.1099,0.1115,0.1091,0.1104,51249585.1,2026-02-11 00:00:00+00:00
1770782400000,0.1103,0.1104,0.1065,0.107,79672299.3,2026-02-11 04:00:00+00:00
1770796800000,0.1071,0.1073,0.1059,0.1071,58487309.0,2026-02-11 08:00:00+00:00
1770811200000,0.1071,0.1128,0.1048,0.1068,193794861.0,2026-02-11 12:00:00+00:00
1770825600000,0.1068,0.109,0.1057,0.1076,125103428.2,2026-02-11 16:00:00+00:00
1770840000000,0.1076,0.1104,0.107,0.1083,86172602.3,2026-02-11 20:00:00+00:00
1770854400000,0.1082,0.1106,0.1082,0.1103,65768960.5,2026-02-12 00:00:00+00:00
1770868800000,0.1103,0.1123,0.11,0.1123,48757563.1,2026-02-12 04:00:00+00:00
1770883200000,0.1122,0.1131,0.1106,0.112,61388504.7,2026-02-12 08:00:00+00:00
1770897600000,0.1121,0.1122,0.1093,0.1104,104198837.8,2026-02-12 12:00:00+00:00
1770912000000,0.1103,0.1118,0.1079,0.1099,119595451.1,2026-02-12 16:00:00+00:00
1770926400000,0.1099,0.1119,0.1085,0.1116,62272398.3,2026-02-12 20:00:00+00:00
1770940800000,0.1117,0.1122,0.109,0.1096,70692088.2,2026-02-13 00:00:00+00:00
1770955200000,0.1095,0.1103,0.1082,0.11,51799639.3,2026-02-13 04:00:00+00:00
1770969600000,0.1099,0.1118,0.1098,0.1107,60707983.9,2026-02-13 08:00:00+00:00
1770984000000,0.1106,0.1153,0.1097,0.1132,115750239.8,2026-02-13 12:00:00+00:00
1770998400000,0.1132,0.1162,0.1128,0.1157,76640173.4,2026-02-13 16:00:00+00:00
1771012800000,0.1157,0.1166,0.1152,0.1154,36019675.9,2026-02-13 20:00:00+00:00
1771027200000,0.1155,0.1166,0.1148,0.1162,40857833.4,2026-02-14 00:00:00+00:00
1771041600000,0.1161,0.1166,0.115,0.1161,35099412.9,2026-02-14 04:00:00+00:00
1771056000000,0.1161,0.1192,0.116,0.119,42010531.1,2026-02-14 08:00:00+00:00
1771070400000,0.1189,0.1198,0.1171,0.1196,57906891.5,2026-02-14 12:00:00+00:00
1771084800000,0.1196,0.122,0.1184,0.1219,50714788.5,2026-02-14 16:00:00+00:00
1771099200000,0.1219,0.1223,0.1198,0.1204,40607465.8,2026-02-14 20:00:00+00:00
1771113600000,0.1204,0.1208,0.1178,0.1197,57731354.7,2026-02-15 00:00:00+00:00
1771128000000,0.1197,0.1215,0.1191,0.1207,50157039.6,2026-02-15 04:00:00+00:00
1771142400000,0.1208,0.1211,0.1176,0.1183,52597657.0,2026-02-15 08:00:00+00:00
1771156800000,0.1182,0.1184,0.1135,0.115,88006472.9,2026-02-15 12:00:00+00:00
1771171200000,0.115,0.1152,0.112,0.113,77820249.3,2026-02-15 16:00:00+00:00
1771185600000,0.113,0.1148,0.1125,0.1146,31785777.7,2026-02-15 20:00:00+00:00
1771200000000,0.1145,0.1153,0.1135,0.1141,36143693.4,2026-02-16 00:00:00+00:00
1771214400000,0.114,0.1152,0.113,0.1134,34558259.8,2026-02-16 04:00:00+00:00
1771228800000,0.1134,0.1152,0.1125,0.1142,45844440.1,2026-02-16 08:00:00+00:00
1771243200000,0.1143,0.1172,0.1114,0.112,117677592.4,2026-02-16 12:00:00+00:00
1771257600000,0.112,0.1138,0.1117,0.1135,56171261.4,2026-02-16 16:00:00+00:00
1771272000000,0.1134,0.116,0.1131,0.1151,37884709.9,2026-02-16 20:00:00+00:00
1771286400000,0.1152,0.1159,0.1139,0.1146,36850396.9,2026-02-17 00:00:00+00:00
1771300800000,0.1147,0.1152,0.113,0.1141,32626727.0,2026-02-17 04:00:00+00:00
1771315200000,0.1142,0.1145,0.1123,0.1134,39755827.8,2026-02-17 08:00:00+00:00
1771329600000,0.1133,0.1146,0.1112,0.1132,86795756.8,2026-02-17 12:00:00+00:00
1771344000000,0.1132,0.1154,0.112,0.1135,72614470.8,2026-02-17 16:00:00+00:00
1771358400000,0.1135,0.1138,0.1124,0.1127,32415025.2,2026-02-17 20:00:00+00:00
1771372800000,0.1128,0.1134,0.1117,0.1131,32680700.7,2026-02-18 00:00:00+00:00
1771387200000,0.1132,0.1142,0.1128,0.1138,28839803.5,2026-02-18 04:00:00+00:00
1771401600000,0.1138,0.1144,0.1115,0.112,43129725.7,2026-02-18 08:00:00+00:00
1771416000000,0.1121,0.1134,0.1099,0.1119,77266585.0,2026-02-18 12:00:00+00:00
1771430400000,0.112,0.112,0.1075,0.1082,94401014.4,2026-02-18 16:00:00+00:00
1771444800000,0.1083,0.1092,0.1068,0.1077,44679923.3,2026-02-18 20:00:00+00:00
1771459200000,0.1077,0.1085,0.1068,0.1077,51993313.4,2026-02-19 00:00:00+00:00
1771473600000,0.1077,0.1084,0.1061,0.1063,55410674.5,2026-02-19 04:00:00+00:00
1771488000000,0.1063,0.1064,0.1036,0.1039,94283884.0,2026-02-19 08:00:00+00:00
1771502400000,0.1038,0.1044,0.0976,0.0979,223814404.4,2026-02-19 12:00:00+00:00
1771516800000,0.098,0.1003,0.0974,0.0982,184973495.3,2026-02-19 16:00:00+00:00
1771531200000,0.0983,0.0993,0.0971,0.0978,93694774.8,2026-02-19 20:00:00+00:00
1771545600000,0.0979,0.0985,0.0962,0.0977,128024245.9,2026-02-20 00:00:00+00:00
1771560000000,0.0977,0.0979,0.0954,0.0965,144585381.3,2026-02-20 04:00:00+00:00
1771574400000,0.0965,0.097,0.0936,0.0941,163375258.3,2026-02-20 08:00:00+00:00
1771588800000,0.0941,0.0978,0.0925,0.0969,283502385.9,2026-02-20 12:00:00+00:00
1771603200000,0.0969,0.0986,0.094,0.0964,288280734.7,2026-02-20 16:00:00+00:00
1771617600000,0.0963,0.0973,0.0956,0.0969,62594965.2,2026-02-20 20:00:00+00:00
1771632000000,0.097,0.097,0.0958,0.0969,63592900.3,2026-02-21 00:00:00+00:00
1771646400000,0.0968,0.1001,0.0966,0.1,113225171.9,2026-02-21 04:00:00+00:00
1771660800000,0.1001,0.105,0.0998,0.1033,229076924.1,2026-02-21 08:00:00+00:00
1771675200000,0.1033,0.1038,0.0992,0.0999,151793868.6,2026-02-21 12:00:00+00:00
1771689600000,0.0999,0.1,0.0986,0.0989,78380942.2,2026-02-21 16:00:00+00:00
1771704000000,0.0988,0.0996,0.0982,0.0983,42604438.0,2026-02-21 20:00:00+00:00
1771718400000,0.0983,0.0983,0.0957,0.0961,80798965.5,2026-02-22 00:00:00+00:00
1771732800000,0.096,0.0963,0.095,0.0957,52861285.1,2026-02-22 04:00:00+00:00
1771747200000,0.0957,0.0968,0.0953,0.0957,55869007.3,2026-02-22 08:00:00+00:00
1771761600000,0.0956,0.0957,0.0934,0.0944,96224156.2,2026-02-22 12:00:00+00:00
1771776000000,0.0945,0.0946,0.0934,0.094,39341180.4,2026-02-22 16:00:00+00:00
1771790400000,0.094,0.0947,0.0931,0.0944,42247508.3,2026-02-22 20:00:00+00:00
1771804800000,0.0944,0.0947,0.0881,0.0901,242081692.6,2026-02-23 00:00:00+00:00
1771819200000,0.0902,0.0935,0.0894,0.0929,102881083.8,2026-02-23 04:00:00+00:00
1771833600000,0.0929,0.0953,0.0922,0.0952,88202192.6,2026-02-23 08:00:00+00:00
1771848000000,0.0952,0.0963,0.0925,0.0926,125146596.1,2026-02-23 12:00:00+00:00
1771862400000,0.0926,0.0933,0.091,0.092,126703386.0,2026-02-23 16:00:00+00:00
1771876800000,0.092,0.0944,0.0918,0.0936,81967119.7,2026-02-23 20:00:00+00:00
1771891200000,0.0936,0.0941,0.0917,0.0931,104128482.1,2026-02-24 00:00:00+00:00
1771905600000,0.0931,0.0933,0.0907,0.0913,80822752.5,2026-02-24 04:00:00+00:00
1771920000000,0.0913,0.0916,0.0902,0.0916,52130029.7,2026-02-24 08:00:00+00:00
1771934400000,0.0916,0.0934,0.0897,0.0929,126523319.6,2026-02-24 12:00:00+00:00
1771948800000,0.093,0.0941,0.0918,0.0928,100093654.6,2026-02-24 16:00:00+00:00
1771963200000,0.0929,0.0932,0.0918,0.0921,37404067.0,2026-02-24 20:00:00+00:00
1771977600000,0.092,0.0959,0.0919,0.0924,115362405.3,2026-02-25 00:00:00+00:00
1771992000000,0.0924,0.0931,0.0912,0.093,82056903.5,2026-02-25 04:00:00+00:00
1772006400000,0.093,0.0948,0.0927,0.0946,89530829.0,2026-02-25 08:00:00+00:00
1772020800000,0.0946,0.1011,0.0944,0.1001,175180352.4,2026-02-25 12:00:00+00:00
1772035200000,0.1001,0.1044,0.1,0.1044,218996986.7,2026-02-25 16:00:00+00:00
1772049600000,0.1044,0.1069,0.0997,0.1007,203141512.6,2026-02-25 20:00:00+00:00
1772064000000,0.1007,0.1008,0.0982,0.0995,153934105.3,2026-02-26 00:00:00+00:00
1772078400000,0.0994,0.1013,0.099,0.1,162872335.8,2026-02-26 04:00:00+00:00
1772092800000,0.0999,0.1018,0.0982,0.0986,97386044.2,2026-02-26 08:00:00+00:00
1772107200000,0.0987,0.1001,0.0982,0.0997,103455658.1,2026-02-26 12:00:00+00:00
1772121600000,0.0998,0.1001,0.0953,0.0991,134558817.1,2026-02-26 16:00:00+00:00
1772136000000,0.0991,0.1008,0.0983,0.1,49092287.2,2026-02-26 20:00:00+00:00
1772150400000,0.1,0.1024,0.0991,0.1018,57719215.1,2026-02-27 00:00:00+00:00
1772164800000,0.1018,0.1076,0.1018,0.1071,114577332.1,2026-02-27 04:00:00+00:00
1772179200000,0.1071,0.113,0.1036,0.1041,478880775.8,2026-02-27 08:00:00+00:00
1772193600000,0.1041,0.1051,0.1004,0.1009,185747754.8,2026-02-27 12:00:00+00:00
1772208000000,0.101,0.1019,0.0987,0.0992,117574100.1,2026-02-27 16:00:00+00:00
1772222400000,0.0993,0.1004,0.0973,0.1003,78890199.3,2026-02-27 20:00:00+00:00
1772236800000,0.1002,0.1009,0.0984,0.0987,78518666.4,2026-02-28 00:00:00+00:00
1772251200000,0.0987,0.0996,0.0926,0.0946,202246194.6,2026-02-28 04:00:00+00:00
1772265600000,0.0946,0.0946,0.0912,0.0913,141608713.7,2026-02-28 08:00:00+00:00
1772280000000,0.0913,0.0949,0.0909,0.0934,159450237.0,2026-02-28 12:00:00+00:00
1772294400000,0.0935,0.0977,0.0916,0.0965,154853928.5,2026-02-28 16:00:00+00:00
1772308800000,0.0965,0.1005,0.0959,0.0996,139934131.8,2026-02-28 20:00:00+00:00
1772323200000,0.0996,0.1052,0.0979,0.1022,146741593.5,2026-03-01 00:00:00+00:00
1772337600000,0.1022,0.1028,0.1004,0.1021,76775143.3,2026-03-01 04:00:00+00:00
1772352000000,0.1021,0.103,0.0997,0.1005,69702041.3,2026-03-01 08:00:00+00:00
1772366400000,0.1005,0.1035,0.0992,0.1005,119638945.6,2026-03-01 12:00:00+00:00
1772380800000,0.1004,0.1017,0.0972,0.0974,125319752.7,2026-03-01 16:00:00+00:00
1772395200000,0.0974,0.1007,0.0957,0.0995,103121380.0,2026-03-01 20:00:00+00:00
1772409600000,0.0995,0.1027,0.0994,0.1021,103034936.7,2026-03-02 00:00:00+00:00
1772424000000,0.1021,0.1032,0.0985,0.0994,86682228.9,2026-03-02 04:00:00+00:00
1772438400000,0.0994,0.1011,0.0984,0.1007,74062503.6,2026-03-02 08:00:00+00:00
1772452800000,0.1007,0.1087,0.0998,0.1057,192126919.6,2026-03-02 12:00:00+00:00
1772467200000,0.1057,0.1067,0.1029,0.104,121933516.9,2026-03-02 16:00:00+00:00
1772481600000,0.1039,0.1045,0.1013,0.1018,71377339.5,2026-03-02 20:00:00+00:00
1772496000000,0.1019,0.1024,0.1007,0.102,62741228.6,2026-03-03 00:00:00+00:00
1772510400000,0.102,0.1022,0.1004,0.101,56303533.4,2026-03-03 04:00:00+00:00
1772524800000,0.1011,0.1015,0.0989,0.0997,80126107.9,2026-03-03 08:00:00+00:00
1772539200000,0.0997,0.1017,0.0987,0.1012,99995742.2,2026-03-03 12:00:00+00:00
1772553600000,0.1012,0.1045,0.1004,0.1034,154142261.0,2026-03-03 16:00:00+00:00
1772568000000,0.1034,0.1036,0.1015,0.1026,57254724.7,2026-03-03 20:00:00+00:00
1772582400000,0.1026,0.1039,0.1018,0.1027,74999368.2,2026-03-04 00:00:00+00:00
1772596800000,0.1026,0.1038,0.1009,0.1032,72150443.5,2026-03-04 04:00:00+00:00
1772611200000,0.1032,0.1064,0.1023,0.1035,132425184.7,2026-03-04 08:00:00+00:00
1772625600000,0.1035,0.1062,0.1021,0.1061,127384821.3,2026-03-04 12:00:00+00:00
1772640000000,0.1061,0.1074,0.1034,0.1067,116666023.4,2026-03-04 16:00:00+00:00
1772654400000,0.1067,0.1068,0.1027,0.1047,63348351.1,2026-03-04 20:00:00+00:00
1772668800000,0.1047,0.105,0.1027,0.1031,64070875.2,2026-03-05 00:00:00+00:00
1772683200000,0.1031,0.1042,0.1019,0.1025,50258816.1,2026-03-05 04:00:00+00:00
1772697600000,0.1024,0.1054,0.1022,0.1038,58335346.2,2026-03-05 08:00:00+00:00
1772712000000,0.1039,0.106,0.103,0.1038,96066419.3,2026-03-05 12:00:00+00:00
1772726400000,0.1037,0.1038,0.1005,0.1028,139037899.0,2026-03-05 16:00:00+00:00
1772740800000,0.1027,0.1046,0.1024,0.1029,57414286.7,2026-03-05 20:00:00+00:00
1772755200000,0.1028,0.1049,0.1022,0.1045,37850570.5,2026-03-06 00:00:00+00:00
1772769600000,0.1045,0.1051,0.1028,0.1049,40045325.6,2026-03-06 04:00:00+00:00
1772784000000,0.1049,0.105,0.1022,0.1024,53277816.3,2026-03-06 08:00:00+00:00
1772798400000,0.1023,0.1037,0.0985,0.0992,142664825.7,2026-03-06 12:00:00+00:00
1772812800000,0.0992,0.1007,0.0978,0.0995,87976428.2,2026-03-06 16:00:00+00:00
1772827200000,0.0996,0.1003,0.0992,0.0999,28663241.9,2026-03-06 20:00:00+00:00
1772841600000,0.1,0.1007,0.0992,0.0997,32896264.1,2026-03-07 00:00:00+00:00
1772856000000,0.0998,0.1003,0.0982,0.0989,30897272.1,2026-03-07 04:00:00+00:00
1772870400000,0.0989,0.0996,0.0984,0.0991,43590571.1,2026-03-07 08:00:00+00:00
1772884800000,0.099,0.0992,0.0966,0.097,47694992.1,2026-03-07 12:00:00+00:00
1772899200000,0.097,0.098,0.0958,0.0962,48265061.1,2026-03-07 16:00:00+00:00
1772913600000,0.0962,0.0969,0.0957,0.0968,35110911.5,2026-03-07 20:00:00+00:00
1772928000000,0.0967,0.0967,0.0949,0.0955,40467958.9,2026-03-08 00:00:00+00:00
1772942400000,0.0954,0.0959,0.0944,0.0956,33253847.4,2026-03-08 04:00:00+00:00
1772956800000,0.0955,0.0971,0.0948,0.096,52030952.5,2026-03-08 08:00:00+00:00
1772971200000,0.096,0.0973,0.0943,0.0948,72925004.7,2026-03-08 12:00:00+00:00
1772985600000,0.0948,0.0967,0.0941,0.0963,62967714.7,2026-03-08 16:00:00+00:00
1773000000000,0.0964,0.0965,0.0933,0.0944,114876406.9,2026-03-08 20:00:00+00:00
1773014400000,0.0944,0.0974,0.0941,0.0958,70773307.1,2026-03-09 00:00:00+00:00
1773028800000,0.0959,0.099,0.0958,0.097,74597152.2,2026-03-09 04:00:00+00:00
1773043200000,0.0971,0.0982,0.0963,0.0974,68746778.6,2026-03-09 08:00:00+00:00
1773057600000,0.0975,0.0998,0.0973,0.0989,136615089.4,2026-03-09 12:00:00+00:00
1773072000000,0.0989,0.1011,0.098,0.0993,74997471.1,2026-03-09 16:00:00+00:00
1773086400000,0.0992,0.0998,0.0972,0.0975,40384138.6,2026-03-09 20:00:00+00:00
1773100800000,0.0974,0.1007,0.0972,0.0988,66098377.2,2026-03-10 00:00:00+00:00
1773115200000,0.0989,0.1004,0.0988,0.0998,45030190.9,2026-03-10 04:00:00+00:00
1773129600000,0.0999,0.1012,0.0994,0.0997,75964543.1,2026-03-10 08:00:00+00:00
1773144000000,0.0998,0.1022,0.0983,0.1011,96588827.4,2026-03-10 12:00:00+00:00
1773158400000,0.1011,0.1014,0.0978,0.0985,92396206.1,2026-03-10 16:00:00+00:00
1773172800000,0.0984,0.099,0.0971,0.0983,43459703.9,2026-03-10 20:00:00+00:00
1773187200000,0.0983,0.0985,0.0974,0.098,34019191.5,2026-03-11 00:00:00+00:00
1773201600000,0.098,0.0988,0.0969,0.0981,38349081.2,2026-03-11 04:00:00+00:00
1773216000000,0.0981,0.0997,0.0979,0.0991,43296979.1,2026-03-11 08:00:00+00:00
1773230400000,0.099,0.1034,0.0989,0.1006,149674503.2,2026-03-11 12:00:00+00:00
1773244800000,0.1007,0.1024,0.1004,0.1012,64092297.1,2026-03-11 16:00:00+00:00
1773259200000,0.1011,0.1013,0.0995,0.1,49253430.5,2026-03-11 20:00:00+00:00
1773273600000,0.1,0.1004,0.0984,0.0987,53533974.3,2026-03-12 00:00:00+00:00
1773288000000,0.0986,0.0994,0.098,0.099,36278098.8,2026-03-12 04:00:00+00:00
1773302400000,0.099,0.1003,0.0986,0.0988,63432748.2,2026-03-12 08:00:00+00:00
1773316800000,0.0988,0.0999,0.0973,0.0989,107339513.3,2026-03-12 12:00:00+00:00
1773331200000,0.0989,0.1006,0.0984,0.1003,65798901.6,2026-03-12 16:00:00+00:00
1773345600000,0.1003,0.1015,0.0993,0.1009,50416963.5,2026-03-12 20:00:00+00:00
1773360000000,0.1009,0.1046,0.1006,0.1043,102212676.4,2026-03-13 00:00:00+00:00
1773374400000,0.1044,0.1049,0.1033,0.1035,56103299.4,2026-03-13 04:00:00+00:00
1773388800000,0.1035,0.1052,0.1033,0.1047,56565292.2,2026-03-13 08:00:00+00:00
1773403200000,0.1047,0.1073,0.1037,0.105,156917666.4,2026-03-13 12:00:00+00:00
1773417600000,0.1049,0.1054,0.1028,0.1034,67506046.6,2026-03-13 16:00:00+00:00
1773432000000,0.1033,0.1043,0.1017,0.1026,33028306.2,2026-03-13 20:00:00+00:00
1773446400000,0.1026,0.1029,0.1015,0.1027,37286104.6,2026-03-14 00:00:00+00:00
1773460800000,0.1027,0.1035,0.1001,0.1005,53056514.5,2026-03-14 04:00:00+00:00
1773475200000,0.1005,0.1007,0.0993,0.1001,42790626.7,2026-03-14 08:00:00+00:00
1773489600000,0.1001,0.1009,0.0996,0.1003,35744597.7,2026-03-14 12:00:00+00:00
1773504000000,0.1003,0.1007,0.0999,0.1001,20335364.8,2026-03-14 16:00:00+00:00
1773518400000,0.1001,0.1012,0.0997,0.1009,35390963.0,2026-03-14 20:00:00+00:00
1773532800000,0.1009,0.1028,0.1001,0.1019,51476676.8,2026-03-15 00:00:00+00:00
1773547200000,0.1019,0.1025,0.1012,0.1018,34204469.9,2026-03-15 04:00:00+00:00
1773561600000,0.1018,0.1026,0.1015,0.1024,46707880.9,2026-03-15 08:00:00+00:00
1773576000000,0.1024,0.1033,0.1011,0.1013,48354452.3,2026-03-15 12:00:00+00:00
1773590400000,0.1013,0.1026,0.1011,0.1025,46739954.0,2026-03-15 16:00:00+00:00
1773604800000,0.1025,0.1046,0.102,0.1039,76694589.1,2026-03-15 20:00:00+00:00
1773619200000,0.1039,0.1073,0.1032,0.1059,85440241.2,2026-03-16 00:00:00+00:00
1773633600000,0.1059,0.1092,0.1059,0.1086,129668679.4,2026-03-16 04:00:00+00:00
1773648000000,0.1087,0.11,0.1072,0.1074,89133358.4,2026-03-16 08:00:00+00:00
1773662400000,0.1074,0.1085,0.1064,0.1067,101229821.9,2026-03-16 12:00:00+00:00
1773676800000,0.1067,0.11,0.1066,0.1091,90939197.2,2026-03-16 16:00:00+00:00
1773691200000,0.109,0.1115,0.1088,0.1103,70608285.1,2026-03-16 20:00:00+00:00
1773705600000,0.1104,0.1112,0.1081,0.1088,85296901.8,2026-03-17 00:00:00+00:00
1773720000000,0.1087,0.109,0.1068,0.1085,58111996.1,2026-03-17 04:00:00+00:00
1773734400000,0.1084,0.1091,0.1077,0.1078,49306761.8,2026-03-17 08:00:00+00:00
1773748800000,0.1078,0.1093,0.1067,0.1077,105654504.9,2026-03-17 12:00:00+00:00
1773763200000,0.1076,0.109,0.1075,0.108,41814571.9,2026-03-17 16:00:00+00:00
1773777600000,0.108,0.1092,0.1077,0.1079,24063007.5,2026-03-17 20:00:00+00:00
1773792000000,0.1079,0.1093,0.1072,0.1086,46939122.7,2026-03-18 00:00:00+00:00
1773806400000,0.1086,0.1092,0.1073,0.1079,38157603.5,2026-03-18 04:00:00+00:00
1773820800000,0.1078,0.1083,0.1045,0.1051,58248969.2,2026-03-18 08:00:00+00:00
1773835200000,0.105,0.105,0.1001,0.1013,116021356.3,2026-03-18 12:00:00+00:00
1773849600000,0.1013,0.1028,0.1004,0.1017,75551852.9,2026-03-18 16:00:00+00:00
1773864000000,0.1017,0.1031,0.1008,0.1028,42786308.7,2026-03-18 20:00:00+00:00
1773878400000,0.1029,0.1038,0.1018,0.1027,37862906.4,2026-03-19 00:00:00+00:00
1773892800000,0.1027,0.1029,0.0997,0.1007,48683902.7,2026-03-19 04:00:00+00:00
1773907200000,0.1006,0.1015,0.1,0.1006,46485959.8,2026-03-19 08:00:00+00:00
1773921600000,0.1006,0.1006,0.0976,0.0986,90975265.1,2026-03-19 12:00:00+00:00
1773936000000,0.0986,0.0995,0.0977,0.0989,54451263.9,2026-03-19 16:00:00+00:00
1773950400000,0.0989,0.0994,0.0984,0.0992,31640864.7,2026-03-19 20:00:00+00:00
1773964800000,0.0993,0.1006,0.099,0.1001,41776564.9,2026-03-20 00:00:00+00:00
1773979200000,0.1002,0.1014,0.0998,0.1006,45055502.4,2026-03-20 04:00:00+00:00
1773993600000,0.1006,0.1015,0.1,0.1004,44120678.7,2026-03-20 08:00:00+00:00
1774008000000,0.1005,0.1009,0.0988,0.0997,68060735.3,2026-03-20 12:00:00+00:00
1774022400000,0.0997,0.1004,0.0984,0.0995,39030078.6,2026-03-20 16:00:00+00:00
1774036800000,0.0995,0.1008,0.0985,0.0998,32049218.8,2026-03-20 20:00:00+00:00
1774051200000,0.0998,0.1002,0.0994,0.0996,18096699.2,2026-03-21 00:00:00+00:00
1774065600000,0.0997,0.1002,0.0995,0.0997,18903979.6,2026-03-21 04:00:00+00:00
1774080000000,0.0997,0.1002,0.099,0.0993,21444980.3,2026-03-21 08:00:00+00:00
1774094400000,0.0994,0.1006,0.0991,0.1006,31926392.2,2026-03-21 12:00:00+00:00
1774108800000,0.1006,0.1007,0.0995,0.0998,29823411.1,2026-03-21 16:00:00+00:00
1774123200000,0.0997,0.1002,0.0956,0.0963,70067954.5,2026-03-21 20:00:00+00:00
1774137600000,0.0962,0.0972,0.0937,0.0962,133461520.0,2026-03-22 00:00:00+00:00
1774152000000,0.0962,0.0968,0.0949,0.0949,35206053.2,2026-03-22 04:00:00+00:00
1774166400000,0.0949,0.0952,0.0933,0.0935,49378925.2,2026-03-22 08:00:00+00:00
1774180800000,0.0935,0.0943,0.0931,0.0935,41008011.5,2026-03-22 12:00:00+00:00
1774195200000,0.0935,0.0937,0.0917,0.0923,69485823.0,2026-03-22 16:00:00+00:00
1774209600000,0.0922,0.0932,0.091,0.0925,88617181.5,2026-03-22 20:00:00+00:00
1774224000000,0.0924,0.0947,0.0923,0.0938,68826263.5,2026-03-23 00:00:00+00:00
1774238400000,0.0939,0.0946,0.0916,0.0924,60935515.6,2026-03-23 04:00:00+00:00
1774252800000,0.0924,0.0973,0.0912,0.095,261662091.4,2026-03-23 08:00:00+00:00
1774267200000,0.095,0.0969,0.094,0.0941,117428203.6,2026-03-23 12:00:00+00:00
1774281600000,0.0941,0.0963,0.0934,0.0949,98904769.2,2026-03-23 16:00:00+00:00
1774296000000,0.0949,0.0977,0.0945,0.0976,79325658.6,2026-03-23 20:00:00+00:00
1774310400000,0.0976,0.0982,0.0952,0.0966,76939408.9,2026-03-24 00:00:00+00:00
1774324800000,0.0967,0.0969,0.0956,0.0967,84201228.8,2026-03-24 04:00:00+00:00
1774339200000,0.0968,0.098,0.0963,0.0971,79001546.6,2026-03-24 08:00:00+00:00
1774353600000,0.0971,0.0976,0.0956,0.0966,99224403.7,2026-03-24 12:00:00+00:00
1774368000000,0.0966,0.0973,0.0946,0.0962,79885121.5,2026-03-24 16:00:00+00:00
1774382400000,0.0962,0.0985,0.0959,0.0975,84705298.0,2026-03-24 20:00:00+00:00
1774396800000,0.0976,0.0982,0.0968,0.098,54284752.2,2026-03-25 00:00:00+00:00
1774411200000,0.098,0.0991,0.0975,0.0986,40280938.8,2026-03-25 04:00:00+00:00
1774425600000,0.0986,0.0997,0.0982,0.0992,55875166.6,2026-03-25 08:00:00+00:00
1774440000000,0.0993,0.1,0.0982,0.0987,68175973.9,2026-03-25 12:00:00+00:00
1774454400000,0.0988,0.0998,0.0984,0.0988,61676186.2,2026-03-25 16:00:00+00:00
1774468800000,0.0988,0.0993,0.0979,0.0987,32829881.4,2026-03-25 20:00:00+00:00
1774483200000,0.0987,0.0993,0.0969,0.0972,70501841.9,2026-03-26 00:00:00+00:00
1774497600000,0.0971,0.0972,0.0947,0.0951,72785021.4,2026-03-26 04:00:00+00:00
1774512000000,0.0951,0.0952,0.0934,0.094,73344265.5,2026-03-26 08:00:00+00:00
1774526400000,0.0939,0.0954,0.0936,0.094,66423795.4,2026-03-26 12:00:00+00:00
1774540800000,0.094,0.0945,0.0926,0.0927,52617984.9,2026-03-26 16:00:00+00:00
1774555200000,0.0927,0.0947,0.0924,0.0938,58700122.9,2026-03-26 20:00:00+00:00
1774569600000,0.0937,0.0951,0.0937,0.0944,29858400.7,2026-03-27 00:00:00+00:00
1774584000000,0.0944,0.0945,0.0935,0.0945,39290298.5,2026-03-27 04:00:00+00:00
1774598400000,0.0945,0.0946,0.0902,0.0909,112012795.2,2026-03-27 08:00:00+00:00
1774612800000,0.091,0.0913,0.0898,0.0904,91353264.3,2026-03-27 12:00:00+00:00
1774627200000,0.0903,0.091,0.0893,0.0902,62674274.2,2026-03-27 16:00:00+00:00
1774641600000,0.0903,0.0906,0.0895,0.0899,30777469.8,2026-03-27 20:00:00+00:00
1774656000000,0.0899,0.0902,0.0885,0.0894,43222408.9,2026-03-28 00:00:00+00:00
1774670400000,0.0893,0.0897,0.0889,0.0896,25975062.6,2026-03-28 04:00:00+00:00
1774684800000,0.0897,0.0904,0.0895,0.0904,34167686.2,2026-03-28 08:00:00+00:00
1774699200000,0.0903,0.0922,0.09,0.0914,70685414.5,2026-03-28 12:00:00+00:00
1774713600000,0.0914,0.0924,0.0914,0.0917,35482430.1,2026-03-28 16:00:00+00:00
1774728000000,0.0917,0.092,0.0894,0.0898,44620191.4,2026-03-28 20:00:00+00:00
1774742400000,0.0897,0.0908,0.0892,0.0902,39912133.1,2026-03-29 00:00:00+00:00
1774756800000,0.0903,0.0904,0.0894,0.0896,27824800.5,2026-03-29 04:00:00+00:00
1774771200000,0.0896,0.0897,0.0886,0.0891,40305611.1,2026-03-29 08:00:00+00:00
1774785600000,0.0892,0.0892,0.0878,0.0886,63201537.2,2026-03-29 12:00:00+00:00
1774800000000,0.0886,0.0892,0.0882,0.0885,36198712.2,2026-03-29 16:00:00+00:00
1774814400000,0.0885,0.0897,0.0855,0.0883,110923755.9,2026-03-29 20:00:00+00:00
1774828800000,0.0883,0.0918,0.0881,0.0911,81289255.4,2026-03-30 00:00:00+00:00
1774843200000,0.0911,0.0928,0.091,0.0926,58324632.5,2026-03-30 04:00:00+00:00
1774857600000,0.0927,0.0935,0.0918,0.0927,72081062.7,2026-03-30 08:00:00+00:00
1774872000000,0.0927,0.0937,0.0917,0.0922,88110813.4,2026-03-30 12:00:00+00:00
1774886400000,0.0922,0.0924,0.09,0.0907,63394675.6,2026-03-30 16:00:00+00:00
1774900800000,0.0906,0.0917,0.0904,0.0911,101836529.8,2026-03-30 20:00:00+00:00
1774915200000,0.0911,0.0937,0.0907,0.0925,63578126.1,2026-03-31 00:00:00+00:00
1774929600000,0.0924,0.0932,0.0922,0.0928,40004134.3,2026-03-31 04:00:00+00:00
1774944000000,0.0928,0.093,0.0906,0.0923,68170776.8,2026-03-31 08:00:00+00:00
1774958400000,0.0923,0.0934,0.0912,0.0914,92921553.8,2026-03-31 12:00:00+00:00
1774972800000,0.0914,0.094,0.0912,0.0928,73668597.2,2026-03-31 16:00:00+00:00
1774987200000,0.0928,0.0932,0.0922,0.0929,33159392.0,2026-03-31 20:00:00+00:00
1775001600000,0.0929,0.0936,0.0921,0.0932,47143870.1,2026-04-01 00:00:00+00:00
1775016000000,0.0932,0.096,0.0931,0.0958,68077723.2,2026-04-01 04:00:00+00:00
1775030400000,0.0958,0.0963,0.0944,0.0954,79670909.7,2026-04-01 08:00:00+00:00
1775044800000,0.0954,0.0969,0.0938,0.0946,81083301.7,2026-04-01 12:00:00+00:00
1775059200000,0.0947,0.0959,0.0941,0.0947,55959227.8,2026-04-01 16:00:00+00:00
1775073600000,0.0947,0.0951,0.0939,0.0944,42650266.3,2026-04-01 20:00:00+00:00
1775088000000,0.0943,0.0955,0.0904,0.0909,123236354.4,2026-04-02 00:00:00+00:00
1775102400000,0.0909,0.092,0.0902,0.0913,42647598.8,2026-04-02 04:00:00+00:00
1775116800000,0.0914,0.0914,0.0903,0.091,42898118.1,2026-04-02 08:00:00+00:00
1775131200000,0.091,0.0923,0.0895,0.0915,122533028.0,2026-04-02 12:00:00+00:00
1775145600000,0.0915,0.0926,0.0907,0.0912,63676908.7,2026-04-02 16:00:00+00:00
1775160000000,0.0912,0.0917,0.0906,0.0907,27762229.5,2026-04-02 20:00:00+00:00
1775174400000,0.0908,0.0924,0.0906,0.0923,41236535.7,2026-04-03 00:00:00+00:00
1775188800000,0.0923,0.0943,0.092,0.0934,62387742.0,2026-04-03 04:00:00+00:00
1775203200000,0.0935,0.0948,0.0933,0.0938,149874282.2,2026-04-03 08:00:00+00:00
1775217600000,0.0938,0.0944,0.0922,0.0924,63368927.9,2026-04-03 12:00:00+00:00
1775232000000,0.0923,0.0931,0.0919,0.0924,42013610.6,2026-04-03 16:00:00+00:00
1775246400000,0.0924,0.0929,0.0919,0.0923,29339533.6,2026-04-03 20:00:00+00:00
1775260800000,0.0922,0.0923,0.0913,0.0916,85058166.1,2026-04-04 00:00:00+00:00
1775275200000,0.0916,0.0922,0.0914,0.0918,25844811.8,2026-04-04 04:00:00+00:00
1775289600000,0.0919,0.0921,0.0914,0.0921,18418760.2,2026-04-04 08:00:00+00:00
1775304000000,0.092,0.0932,0.0916,0.0926,43174264.5,2026-04-04 12:00:00+00:00
1775318400000,0.0926,0.0938,0.0921,0.093,45039820.5,2026-04-04 16:00:00+00:00
1775332800000,0.093,0.0931,0.0924,0.0926,22676470.9,2026-04-04 20:00:00+00:00
1775347200000,0.0927,0.0928,0.0917,0.0919,21390385.3,2026-04-05 00:00:00+00:00
1775361600000,0.0919,0.0919,0.0902,0.0904,43427919.7,2026-04-05 04:00:00+00:00
1775376000000,0.0904,0.0911,0.0903,0.0905,26670424.4,2026-04-05 08:00:00+00:00
1775390400000,0.0906,0.0918,0.0896,0.0909,63450876.7,2026-04-05 12:00:00+00:00
1775404800000,0.0909,0.0917,0.0903,0.0913,30950167.2,2026-04-05 16:00:00+00:00
1775419200000,0.0912,0.0947,0.0907,0.0942,79553181.0,2026-04-05 20:00:00+00:00
1775433600000,0.0942,0.0967,0.0942,0.0955,100728545.4,2026-04-06 00:00:00+00:00
1775448000000,0.0955,0.096,0.095,0.0955,40831651.4,2026-04-06 04:00:00+00:00
1775462400000,0.0956,0.0988,0.0956,0.0985,109792064.6,2026-04-06 08:00:00+00:00
1775476800000,0.0986,0.0989,0.0962,0.0971,79918477.3,2026-04-06 12:00:00+00:00
1775491200000,0.0971,0.0974,0.0955,0.0959,42994929.9,2026-04-06 16:00:00+00:00
1775505600000,0.0959,0.096,0.093,0.0936,53780285.7,2026-04-06 20:00:00+00:00
1775520000000,0.0935,0.0942,0.0925,0.0935,56706044.9,2026-04-07 00:00:00+00:00
1775534400000,0.0935,0.0949,0.0932,0.0947,41607339.6,2026-04-07 04:00:00+00:00
1775548800000,0.0947,0.0958,0.0936,0.0938,62439200.4,2026-04-07 08:00:00+00:00
1775563200000,0.0938,0.094,0.0928,0.0934,68028757.9,2026-04-07 12:00:00+00:00
1775577600000,0.0934,0.0973,0.0933,0.0969,84314367.0,2026-04-07 16:00:00+00:00
1775592000000,0.097,0.103,0.0966,0.102,239822932.5,2026-04-07 20:00:00+00:00
1775606400000,0.102,0.1031,0.1007,0.1025,64611843.5,2026-04-08 00:00:00+00:00
1775620800000,0.1025,0.1045,0.1023,0.1033,85435946.1,2026-04-08 04:00:00+00:00
1775635200000,0.1033,0.104,0.1014,0.102,46582193.2,2026-04-08 08:00:00+00:00
1775649600000,0.1019,0.1022,0.0996,0.1005,81652423.7,2026-04-08 12:00:00+00:00
1775664000000,0.1005,0.1017,0.0999,0.1014,45367639.3,2026-04-08 16:00:00+00:00
1775678400000,0.1014,0.1065,0.1013,0.1054,186228654.9,2026-04-08 20:00:00+00:00
1775692800000,0.1055,0.1058,0.1004,0.1015,150732411.7,2026-04-09 00:00:00+00:00
1775707200000,0.1015,0.1032,0.1012,0.1019,42921726.4,2026-04-09 04:00:00+00:00
1775721600000,0.1019,0.1024,0.1008,0.1014,64395990.8,2026-04-09 08:00:00+00:00
1775736000000,0.1014,0.1052,0.1009,0.1038,88133041.2,2026-04-09 12:00:00+00:00
1775750400000,0.1038,0.1046,0.1024,0.1029,84323981.5,2026-04-09 16:00:00+00:00
1775764800000,0.1029,0.1102,0.1027,0.1078,149778622.6,2026-04-09 20:00:00+00:00
1775779200000,0.1079,0.1111,0.1071,0.1091,156235645.2,2026-04-10 00:00:00+00:00
1775793600000,0.1091,0.1123,0.1079,0.1097,133165265.5,2026-04-10 04:00:00+00:00
1775808000000,0.1097,0.1114,0.1084,0.1087,168257857.5,2026-04-10 08:00:00+00:00
1775822400000,0.1087,0.1104,0.1086,0.1098,141048336.4,2026-04-10 12:00:00+00:00
1775836800000,0.1098,0.1121,0.1087,0.1118,87319540.2,2026-04-10 16:00:00+00:00
1775851200000,0.1118,0.1166,0.1113,0.1165,143132005.7,2026-04-10 20:00:00+00:00
1775865600000,0.1165,0.1211,0.1132,0.1204,169864427.9,2026-04-11 00:00:00+00:00
1775880000000,0.1205,0.1226,0.1141,0.1148,205043053.1,2026-04-11 04:00:00+00:00
1775894400000,0.1149,0.1157,0.1132,0.1147,132104347.2,2026-04-11 08:00:00+00:00
1775908800000,0.1147,0.1157,0.1134,0.115,94551404.2,2026-04-11 12:00:00+00:00
1775923200000,0.115,0.1179,0.1147,0.1178,136399371.3,2026-04-11 16:00:00+00:00
1775937600000,0.1177,0.1179,0.115,0.1156,54275876.2,2026-04-11 20:00:00+00:00
1775952000000,0.1155,0.1161,0.1121,0.1123,79498940.2,2026-04-12 00:00:00+00:00
1775966400000,0.1123,0.1126,0.1103,0.1108,54020121.6,2026-04-12 04:00:00+00:00
1775980800000,0.1108,0.1119,0.109,0.1111,61216473.8,2026-04-12 08:00:00+00:00
1775995200000,0.1111,0.1125,0.1101,0.1106,58325968.2,2026-04-12 12:00:00+00:00
1776009600000,0.1106,0.1131,0.11,0.1119,42159763.0,2026-04-12 16:00:00+00:00
1776024000000,0.112,0.1127,0.1103,0.1109,33047634.5,2026-04-12 20:00:00+00:00
1776038400000,0.1108,0.1119,0.1106,0.1112,30740011.5,2026-04-13 00:00:00+00:00
1776052800000,0.1112,0.1138,0.1109,0.111,39515523.5,2026-04-13 04:00:00+00:00
1776067200000,0.111,0.1115,0.1102,0.1112,32827887.6,2026-04-13 08:00:00+00:00
1776081600000,0.1113,0.1121,0.1102,0.1104,59864152.4,2026-04-13 12:00:00+00:00
1776096000000,0.1105,0.1124,0.1097,0.1123,51402575.7,2026-04-13 16:00:00+00:00
1776110400000,0.1123,0.1137,0.1105,0.1134,70994066.4,2026-04-13 20:00:00+00:00
1776124800000,0.1135,0.1137,0.1119,0.1125,37018089.7,2026-04-14 00:00:00+00:00
1776139200000,0.1125,0.1135,0.1124,0.1127,30325779.6,2026-04-14 04:00:00+00:00
1776153600000,0.1127,0.1134,0.1102,0.111,53925271.7,2026-04-14 08:00:00+00:00
1776168000000,0.111,0.1117,0.1089,0.11,86136844.6,2026-04-14 12:00:00+00:00
1776182400000,0.1099,0.1125,0.1091,0.1101,80175854.2,2026-04-14 16:00:00+00:00
1776196800000,0.1101,0.1104,0.1094,0.1101,24122161.7,2026-04-14 20:00:00+00:00
1776211200000,0.1101,0.1126,0.11,0.1121,47684056.4,2026-04-15 00:00:00+00:00
1776225600000,0.1122,0.1146,0.1112,0.1114,63844164.1,2026-04-15 04:00:00+00:00
1776240000000,0.1114,0.1141,0.1112,0.1132,48430738.0,2026-04-15 08:00:00+00:00
1776254400000,0.1132,0.1155,0.1127,0.1154,93431223.2,2026-04-15 12:00:00+00:00
1776268800000,0.1154,0.1175,0.1149,0.1164,97051035.0,2026-04-15 16:00:00+00:00
1776283200000,0.1165,0.1168,0.1139,0.1149,45367080.9,2026-04-15 20:00:00+00:00
1776297600000,0.1149,0.117,0.1141,0.1165,42752896.8,2026-04-16 00:00:00+00:00
1776312000000,0.1166,0.1197,0.1161,0.1195,67126467.6,2026-04-16 04:00:00+00:00
1776326400000,0.1195,0.1198,0.1168,0.1189,62306282.8,2026-04-16 08:00:00+00:00
1776340800000,0.1189,0.1252,0.1183,0.1241,226957104.0,2026-04-16 12:00:00+00:00
1776355200000,0.124,0.1327,0.1207,0.1323,160775900.0,2026-04-16 16:00:00+00:00
1776369600000,0.1323,0.1333,0.1267,0.1289,92842360.8,2026-04-16 20:00:00+00:00
1776384000000,0.1288,0.13,0.126,0.1283,68503272.8,2026-04-17 00:00:00+00:00
1776398400000,0.1283,0.132,0.1275,0.1316,95601670.4,2026-04-17 04:00:00+00:00
1776412800000,0.1317,0.1348,0.1285,0.1338,113066355.7,2026-04-17 08:00:00+00:00
1776427200000,0.1338,0.1367,0.1303,0.131,202613642.9,2026-04-17 12:00:00+00:00
1776441600000,0.131,0.1337,0.1302,0.1331,91831277.4,2026-04-17 16:00:00+00:00
1776456000000,0.133,0.1338,0.1297,0.1313,50212405.3,2026-04-17 20:00:00+00:00
1776470400000,0.1312,0.132,0.1294,0.1301,43836998.3,2026-04-18 00:00:00+00:00
1776484800000,0.13,0.1343,0.1295,0.133,58151919.0,2026-04-18 04:00:00+00:00
1776499200000,0.1331,0.1337,0.1269,0.1283,74049304.7,2026-04-18 08:00:00+00:00
1776513600000,0.1283,0.1296,0.1276,0.1281,37401086.3,2026-04-18 12:00:00+00:00
1776528000000,0.1282,0.1291,0.1257,0.1265,49937749.5,2026-04-18 16:00:00+00:00
1776542400000,0.1265,0.1293,0.1257,0.129,47027529.0,2026-04-18 20:00:00+00:00
1776556800000,0.1291,0.1292,0.1257,0.1272,52377700.2,2026-04-19 00:00:00+00:00
1776571200000,0.1273,0.1282,0.1242,0.1249,56069795.5,2026-04-19 04:00:00+00:00
1776585600000,0.1249,0.1266,0.1244,0.1262,33927682.3,2026-04-19 08:00:00+00:00
1776600000000,0.1262,0.1287,0.1258,0.1277,48502468.0,2026-04-19 12:00:00+00:00
1776614400000,0.1278,0.1278,0.1235,0.1252,51973250.1,2026-04-19 16:00:00+00:00
1776628800000,0.1253,0.1256,0.1211,0.1215,48527688.2,2026-04-19 20:00:00+00:00
1776643200000,0.1216,0.1264,0.1212,0.1249,63621906.6,2026-04-20 00:00:00+00:00
1776657600000,0.125,0.1285,0.1237,0.1262,50659573.2,2026-04-20 04:00:00+00:00
1776672000000,0.1263,0.1284,0.1255,0.1273,52969106.1,2026-04-20 08:00:00+00:00
1776686400000,0.1273,0.129,0.1257,0.1278,76040793.0,2026-04-20 12:00:00+00:00
1776700800000,0.1279,0.1294,0.1273,0.1279,55322991.0,2026-04-20 16:00:00+00:00
1776715200000,0.1278,0.129,0.1267,0.1271,36916432.7,2026-04-20 20:00:00+00:00
1776729600000,0.1271,0.1273,0.1254,0.1264,34812602.0,2026-04-21 00:00:00+00:00
1776744000000,0.1263,0.1274,0.1254,0.1263,33941238.2,2026-04-21 04:00:00+00:00
1776758400000,0.1263,0.1273,0.1254,0.126,38097110.8,2026-04-21 08:00:00+00:00
1776772800000,0.126,0.1282,0.1248,0.1281,64569523.3,2026-04-21 12:00:00+00:00
1776787200000,0.1281,0.1289,0.1231,0.1238,73882740.1,2026-04-21 16:00:00+00:00
1776801600000,0.1237,0.1256,0.1226,0.1252,40514512.2,2026-04-21 20:00:00+00:00
1776816000000,0.1252,0.1278,0.1239,0.1275,39745051.5,2026-04-22 00:00:00+00:00
1776830400000,0.1276,0.1306,0.127,0.1284,44786411.5,2026-04-22 04:00:00+00:00
1776844800000,0.1283,0.129,0.1268,0.1274,25816369.2,2026-04-22 08:00:00+00:00
1776859200000,0.1274,0.1282,0.1264,0.1271,47052975.5,2026-04-22 12:00:00+00:00
1776873600000,0.1272,0.1338,0.1269,0.1308,114773051.4,2026-04-22 16:00:00+00:00
1776888000000,0.1308,0.1323,0.1282,0.1284,59962171.4,2026-04-22 20:00:00+00:00
1776902400000,0.1285,0.1292,0.1239,0.124,76181742.4,2026-04-23 00:00:00+00:00
1776916800000,0.124,0.1279,0.1235,0.1267,62741371.4,2026-04-23 04:00:00+00:00
1776931200000,0.1266,0.1267,0.1235,0.1246,54040643.0,2026-04-23 08:00:00+00:00
1776945600000,0.1246,0.1288,0.1244,0.1287,49021254.8,2026-04-23 12:00:00+00:00
1776960000000,0.1286,0.1293,0.1233,0.1262,67590825.9,2026-04-23 16:00:00+00:00
1776974400000,0.1262,0.1289,0.126,0.1284,34306127.0,2026-04-23 20:00:00+00:00
1776988800000,0.1284,0.1308,0.1278,0.1286,55629742.7,2026-04-24 00:00:00+00:00
1777003200000,0.1287,0.1297,0.1273,0.1279,33421808.4,2026-04-24 04:00:00+00:00
1777017600000,0.1279,0.1308,0.1273,0.1303,40503647.7,2026-04-24 08:00:00+00:00
1777032000000,0.1303,0.1324,0.1289,0.1316,58566754.6,2026-04-24 12:00:00+00:00
1777046400000,0.1316,0.132,0.1282,0.1295,57072131.8,2026-04-24 16:00:00+00:00
1777060800000,0.1296,0.1302,0.1279,0.1286,32533542.2,2026-04-24 20:00:00+00:00
1777075200000,0.1286,0.1328,0.1285,0.1319,46628513.4,2026-04-25 00:00:00+00:00
1777089600000,0.1319,0.1327,0.1307,0.1321,35818357.6,2026-04-25 04:00:00+00:00
1777104000000,0.1321,0.133,0.1297,0.1299,47627927.6,2026-04-25 08:00:00+00:00
1777118400000,0.1299,0.1306,0.1287,0.1294,36502760.8,2026-04-25 12:00:00+00:00
1777132800000,0.1293,0.13,0.1275,0.1278,31257898.2,2026-04-25 16:00:00+00:00
1777147200000,0.1278,0.1293,0.1272,0.1292,20284671.5,2026-04-25 20:00:00+00:00
1777161600000,0.1292,0.1292,0.1277,0.1289,24609789.2,2026-04-26 00:00:00+00:00
1777176000000,0.1289,0.1319,0.1287,0.1314,37063917.9,2026-04-26 04:00:00+00:00
1777190400000,0.1314,0.1325,0.1308,0.132,28919164.8,2026-04-26 08:00:00+00:00
1777204800000,0.132,0.1327,0.1294,0.1307,47918612.7,2026-04-26 12:00:00+00:00
1777219200000,0.1308,0.1309,0.1292,0.1302,29237225.7,2026-04-26 16:00:00+00:00
1777233600000,0.1302,0.1305,0.1283,0.1294,40393206.2,2026-04-26 20:00:00+00:00
1777248000000,0.1293,0.1329,0.1292,0.1321,50271489.8,2026-04-27 00:00:00+00:00
1777262400000,0.1321,0.1324,0.1256,0.1257,79455314.7,2026-04-27 04:00:00+00:00
1777276800000,0.1257,0.1272,0.1255,0.127,29229124.2,2026-04-27 08:00:00+00:00
1777291200000,0.1269,0.1271,0.1232,0.1237,64554317.5,2026-04-27 12:00:00+00:00
1777305600000,0.1237,0.1254,0.1233,0.1245,35409553.9,2026-04-27 16:00:00+00:00
1777320000000,0.1246,0.1269,0.1245,0.1265,18435081.1,2026-04-27 20:00:00+00:00
1777334400000,0.1266,0.1275,0.1247,0.1255,26616082.7,2026-04-28 00:00:00+00:00
1777348800000,0.1255,0.1268,0.1242,0.1249,62146218.6,2026-04-28 04:00:00+00:00
1777363200000,0.1248,0.1262,0.1237,0.1242,38190775.6,2026-04-28 08:00:00+00:00
1777377600000,0.1242,0.1252,0.1229,0.124,45476485.5,2026-04-28 12:00:00+00:00
1777392000000,0.1239,0.1254,0.123,0.1253,29947478.9,2026-04-28 16:00:00+00:00
1777406400000,0.1254,0.1257,0.1239,0.1243,15734331.2,2026-04-28 20:00:00+00:00
1777420800000,0.1243,0.1261,0.1237,0.1259,37101324.2,2026-04-29 00:00:00+00:00
1777435200000,0.1259,0.1278,0.1256,0.1278,32193798.6,2026-04-29 04:00:00+00:00
1777449600000,0.1278,0.1328,0.1272,0.1304,92489851.9,2026-04-29 08:00:00+00:00
1777464000000,0.1304,0.1306,0.1236,0.1245,92630075.2,2026-04-29 12:00:00+00:00
1777478400000,0.1246,0.1263,0.1205,0.123,85008810.6,2026-04-29 16:00:00+00:00
1777492800000,0.1231,0.1258,0.1231,0.1253,29168572.5,2026-04-29 20:00:00+00:00
1777507200000,0.1253,0.129,0.125,0.1261,57761274.5,2026-04-30 00:00:00+00:00
1777521600000,0.1261,0.1261,0.1239,0.1259,36122975.2,2026-04-30 04:00:00+00:00
1777536000000,0.1259,0.1286,0.1257,0.1275,38359799.2,2026-04-30 08:00:00+00:00
1777550400000,0.1275,0.1287,0.1256,0.1272,35741955.0,2026-04-30 12:00:00+00:00
1777564800000,0.1272,0.1277,0.1243,0.1246,51341531.7,2026-04-30 16:00:00+00:00
1777579200000,0.1246,0.125,0.1233,0.1237,25443470.7,2026-04-30 20:00:00+00:00
1777593600000,0.1236,0.1269,0.1232,0.1254,62144060.9,2026-05-01 00:00:00+00:00
1777608000000,0.1255,0.1263,0.124,0.125,28291278.2,2026-05-01 04:00:00+00:00
1777622400000,0.125,0.1256,0.124,0.1249,25142568.8,2026-05-01 08:00:00+00:00
1777636800000,0.125,0.1274,0.1246,0.1256,47278190.5,2026-05-01 12:00:00+00:00
1777651200000,0.1256,0.126,0.1242,0.1251,35093841.2,2026-05-01 16:00:00+00:00
1777665600000,0.1251,0.1254,0.1226,0.1235,41415289.3,2026-05-01 20:00:00+00:00
1777680000000,0.1235,0.1244,0.1227,0.123,25923175.3,2026-05-02 00:00:00+00:00
1777694400000,0.123,0.1233,0.1216,0.1222,21325386.1,2026-05-02 04:00:00+00:00
1777708800000,0.1222,0.1229,0.1216,0.1218,23975161.7,2026-05-02 08:00:00+00:00
1777723200000,0.1218,0.1233,0.1215,0.1231,33131717.2,2026-05-02 12:00:00+00:00
1777737600000,0.1231,0.1243,0.1216,0.1229,38358107.9,2026-05-02 16:00:00+00:00
1777752000000,0.1228,0.1245,0.1224,0.1226,24154483.7,2026-05-02 20:00:00+00:00
1777766400000,0.1226,0.1229,0.1183,0.1189,51226757.1,2026-05-03 00:00:00+00:00
1777780800000,0.1189,0.1194,0.1179,0.1189,30505425.7,2026-05-03 04:00:00+00:00
1777795200000,0.119,0.1202,0.1166,0.1179,115612620.1,2026-05-03 08:00:00+00:00
1777809600000,0.1179,0.1187,0.117,0.1177,38411745.3,2026-05-03 12:00:00+00:00
1777824000000,0.1178,0.1184,0.117,0.1179,24868928.8,2026-05-03 16:00:00+00:00
1777838400000,0.1178,0.1193,0.117,0.1172,39953988.8,2026-05-03 20:00:00+00:00
1777852800000,0.1172,0.1196,0.1154,0.1191,76414558.7,2026-05-04 00:00:00+00:00
1777867200000,0.1191,0.1205,0.1172,0.1177,50466478.4,2026-05-04 04:00:00+00:00
1777881600000,0.1177,0.1184,0.1137,0.1143,118481084.3,2026-05-04 08:00:00+00:00
1777896000000,0.1143,0.1176,0.1139,0.1145,107987788.5,2026-05-04 12:00:00+00:00
1777910400000,0.1145,0.1173,0.114,0.116,57191453.3,2026-05-04 16:00:00+00:00
1777924800000,0.116,0.1178,0.1151,0.1163,25964580.5,2026-05-04 20:00:00+00:00
1777939200000,0.1163,0.1183,0.116,0.1169,42113481.6,2026-05-05 00:00:00+00:00
1777953600000,0.1169,0.1188,0.1163,0.1182,32456136.1,2026-05-05 04:00:00+00:00
1777968000000,0.1181,0.1204,0.1178,0.1196,48865541.5,2026-05-05 08:00:00+00:00
1777982400000,0.1196,0.1198,0.1179,0.1187,34587696.9,2026-05-05 12:00:00+00:00
1777996800000,0.1187,0.1198,0.1183,0.1196,24220921.7,2026-05-05 16:00:00+00:00
1778011200000,0.1195,0.1215,0.1187,0.1197,41212226.9,2026-05-05 20:00:00+00:00
1778025600000,0.1197,0.1217,0.1182,0.1213,40653817.8,2026-05-06 00:00:00+00:00
1778040000000,0.1213,0.1218,0.1197,0.1214,43098105.7,2026-05-06 04:00:00+00:00
1778054400000,0.1214,0.1255,0.1212,0.1251,75598462.9,2026-05-06 08:00:00+00:00
1778068800000,0.1251,0.1258,0.1215,0.124,101761950.0,2026-05-06 12:00:00+00:00
1778083200000,0.124,0.1253,0.1229,0.1242,46692389.7,2026-05-06 16:00:00+00:00
1778097600000,0.1242,0.1292,0.1242,0.128,88686200.4,2026-05-06 20:00:00+00:00
1778112000000,0.128,0.1302,0.1227,0.1231,120413648.9,2026-05-07 00:00:00+00:00
1778126400000,0.1231,0.1286,0.1229,0.1283,69246317.8,2026-05-07 04:00:00+00:00
1778140800000,0.1283,0.1287,0.1262,0.1276,53941243.3,2026-05-07 08:00:00+00:00
1778155200000,0.1275,0.1304,0.1247,0.1255,89850778.3,2026-05-07 12:00:00+00:00
1778169600000,0.1256,0.1276,0.125,0.1264,46880292.2,2026-05-07 16:00:00+00:00
1778184000000,0.1263,0.1275,0.1246,0.1266,49794878.0,2026-05-07 20:00:00+00:00
1778198400000,0.1266,0.1296,0.1264,0.1284,54367544.1,2026-05-08 00:00:00+00:00
1778212800000,0.1284,0.1302,0.1269,0.129,46821379.8,2026-05-08 04:00:00+00:00
1778227200000,0.1291,0.1359,0.1289,0.1348,158251398.5,2026-05-08 08:00:00+00:00
1778241600000,0.1348,0.138,0.1308,0.1378,132069023.1,2026-05-08 12:00:00+00:00
1778256000000,0.1379,0.1474,0.1357,0.1464,225596853.1,2026-05-08 16:00:00+00:00
1778270400000,0.1464,0.1476,0.1416,0.1425,109931615.3,2026-05-08 20:00:00+00:00
1778284800000,0.1425,0.1462,0.1421,0.1442,87490244.7,2026-05-09 00:00:00+00:00
1778299200000,0.1442,0.1481,0.1429,0.1466,104875620.0,2026-05-09 04:00:00+00:00
1778313600000,0.1467,0.1495,0.1417,0.1424,145992813.9,2026-05-09 08:00:00+00:00
1778328000000,0.1425,0.1432,0.1392,0.1395,70287636.6,2026-05-09 12:00:00+00:00
1778342400000,0.1394,0.1424,0.1384,0.1422,43984626.2,2026-05-09 16:00:00+00:00
1778356800000,0.1423,0.1432,0.1416,0.1423,21513772.4,2026-05-09 20:00:00+00:00
1778371200000,0.1424,0.1424,0.1391,0.1399,50801284.1,2026-05-10 00:00:00+00:00
1778385600000,0.1398,0.1414,0.1392,0.1407,22071988.2,2026-05-10 04:00:00+00:00
1778400000000,0.1408,0.1443,0.1406,0.1426,51162094.7,2026-05-10 08:00:00+00:00
1778414400000,0.1427,0.1448,0.141,0.1429,80672067.0,2026-05-10 12:00:00+00:00
1778428800000,0.143,0.146,0.1426,0.1451,57921598.9,2026-05-10 16:00:00+00:00
1778443200000,0.1451,0.146,0.1386,0.1439,84063472.9,2026-05-10 20:00:00+00:00
1778457600000,0.1439,0.1448,0.1395,0.1412,43376627.1,2026-05-11 00:00:00+00:00
1778472000000,0.1412,0.1424,0.1402,0.1416,24060769.5,2026-05-11 04:00:00+00:00
1778486400000,0.1416,0.1441,0.1404,0.1422,32177486.1,2026-05-11 08:00:00+00:00
1778500800000,0.1423,0.1439,0.14,0.142,58023001.9,2026-05-11 12:00:00+00:00
1778515200000,0.142,0.1437,0.1406,0.1422,34057252.1,2026-05-11 16:00:00+00:00
1778529600000,0.1422,0.143,0.1403,0.1409,18794146.9,2026-05-11 20:00:00+00:00
1778544000000,0.1409,0.142,0.1381,0.1386,43304594.8,2026-05-12 00:00:00+00:00
1778558400000,0.1386,0.14,0.1374,0.1386,46546687.9,2026-05-12 04:00:00+00:00
1778572800000,0.1387,0.1392,0.1363,0.1373,36175765.1,2026-05-12 08:00:00+00:00
1778587200000,0.1373,0.1387,0.1345,0.1357,62724522.2,2026-05-12 12:00:00+00:00
1778601600000,0.1357,0.1377,0.134,0.1372,32261127.9,2026-05-12 16:00:00+00:00
1778616000000,0.1373,0.1376,0.136,0.1362,12869970.8,2026-05-12 20:00:00+00:00
1778630400000,0.1362,0.1407,0.1359,0.1404,34952936.0,2026-05-13 00:00:00+00:00
1778644800000,0.1405,0.1419,0.1391,0.1402,35274679.9,2026-05-13 04:00:00+00:00
1778659200000,0.1402,0.1433,0.1381,0.1386,51748514.4,2026-05-13 08:00:00+00:00
1778673600000,0.1385,0.139,0.1308,0.1312,93617308.0,2026-05-13 12:00:00+00:00
1778688000000,0.1312,0.134,0.1311,0.1322,31833201.5,2026-05-13 16:00:00+00:00
1778702400000,0.1322,0.1331,0.1309,0.1319,15782792.9,2026-05-13 20:00:00+00:00
1778716800000,0.1319,0.1326,0.1284,0.1288,34255255.8,2026-05-14 00:00:00+00:00
1778731200000,0.1287,0.131,0.1283,0.1297,36171693.3,2026-05-14 04:00:00+00:00
1778745600000,0.1298,0.1307,0.1289,0.1291,31352896.0,2026-05-14 08:00:00+00:00
1778760000000,0.129,0.1344,0.1289,0.1343,61420560.0,2026-05-14 12:00:00+00:00
1778774400000,0.1343,0.1358,0.1327,0.1333,57903856.5,2026-05-14 16:00:00+00:00
1778788800000,0.1334,0.1334,0.131,0.1313,26144278.4,2026-05-14 20:00:00+00:00
1778803200000,0.1313,0.1326,0.1293,0.1304,36337703.8,2026-05-15 00:00:00+00:00
1778817600000,0.1303,0.1304,0.1267,0.1286,56857294.9,2026-05-15 04:00:00+00:00
1778832000000,0.1286,0.1294,0.1273,0.1284,29741738.2,2026-05-15 08:00:00+00:00
1778846400000,0.1283,0.1284,0.1223,0.1238,88536995.7,2026-05-15 12:00:00+00:00
1778860800000,0.1239,0.1265,0.1236,0.1255,36318148.3,2026-05-15 16:00:00+00:00
1778875200000,0.1255,0.1256,0.1242,0.1247,15908924.5,2026-05-15 20:00:00+00:00
1778889600000,0.1247,0.125,0.124,0.1245,15131829.7,2026-05-16 00:00:00+00:00
1778904000000,0.1245,0.1246,0.1184,0.1202,56737558.3,2026-05-16 04:00:00+00:00
1778918400000,0.1202,0.1206,0.1177,0.1188,40247174.9,2026-05-16 08:00:00+00:00
1778932800000,0.1189,0.1209,0.1186,0.1203,27119609.7,2026-05-16 12:00:00+00:00
1778947200000,0.1203,0.1212,0.1199,0.12,23769291.2,2026-05-16 16:00:00+00:00
1778961600000,0.1199,0.1202,0.1192,0.1194,9459724.9,2026-05-16 20:00:00+00:00
1778976000000,0.1194,0.1197,0.1182,0.1192,24763348.2,2026-05-17 00:00:00+00:00
1778990400000,0.1193,0.1223,0.1191,0.1217,47608999.4,2026-05-17 04:00:00+00:00
1779004800000,0.1217,0.1222,0.1206,0.1219,34116194.5,2026-05-17 08:00:00+00:00
1779019200000,0.1218,0.1224,0.1187,0.1193,73097883.9,2026-05-17 12:00:00+00:00
1779033600000,0.1194,0.1198,0.1179,0.1191,27996081.8,2026-05-17 16:00:00+00:00
1779048000000,0.1191,0.1197,0.1125,0.1164,72793959.2,2026-05-17 20:00:00+00:00
1779062400000,0.1164,0.1175,0.1149,0.1164,50978866.6,2026-05-18 00:00:00+00:00
1779076800000,0.1165,0.1171,0.1151,0.1158,31199812.3,2026-05-18 04:00:00+00:00
1779091200000,0.1159,0.1167,0.1143,0.1161,45120490.9,2026-05-18 08:00:00+00:00
1779105600000,0.1161,0.1175,0.1139,0.1152,79467447.8,2026-05-18 12:00:00+00:00
1779120000000,0.1152,0.1171,0.1141,0.1166,45200074.9,2026-05-18 16:00:00+00:00
1779134400000,0.1167,0.1179,0.1161,0.1176,32519703.6,2026-05-18 20:00:00+00:00
1779148800000,0.1176,0.1187,0.1162,0.1169,31549001.2,2026-05-19 00:00:00+00:00
1779163200000,0.1168,0.1177,0.1159,0.1173,22368270.7,2026-05-19 04:00:00+00:00
1779177600000,0.1173,0.1176,0.1146,0.1149,32925395.8,2026-05-19 08:00:00+00:00
1779192000000,0.115,0.1165,0.1142,0.1149,38805957.0,2026-05-19 12:00:00+00:00
1779206400000,0.115,0.1158,0.1141,0.1144,28327672.5,2026-05-19 16:00:00+00:00
1779220800000,0.1144,0.1151,0.1131,0.1135,19716103.5,2026-05-19 20:00:00+00:00
1779235200000,0.1135,0.1137,0.1122,0.1124,33187752.2,2026-05-20 00:00:00+00:00
1779249600000,0.1124,0.1144,0.1123,0.1138,36329957.4,2026-05-20 04:00:00+00:00
1779264000000,0.1139,0.1146,0.1122,0.1124,37318770.9,2026-05-20 08:00:00+00:00
1779278400000,0.1124,0.1141,0.1113,0.1129,83156433.7,2026-05-20 12:00:00+00:00
1779292800000,0.113,0.1136,0.111,0.112,65761665.1,2026-05-20 16:00:00+00:00
1779307200000,0.1119,0.1125,0.1096,0.1099,67280925.7,2026-05-20 20:00:00+00:00
1779321600000,0.1099,0.1129,0.1097,0.1127,60234720.4,2026-05-21 00:00:00+00:00
1779336000000,0.1127,0.1135,0.1106,0.1112,66086248.7,2026-05-21 04:00:00+00:00
1779350400000,0.1112,0.1124,0.1085,0.1087,77201125.8,2026-05-21 08:00:00+00:00
1779364800000,0.1088,0.1126,0.1083,0.1121,85645681.6,2026-05-21 12:00:00+00:00
1779379200000,0.1122,0.1158,0.1108,0.1141,115973045.7,2026-05-21 16:00:00+00:00
1779393600000,0.1141,0.1148,0.1123,0.1128,40442050.8,2026-05-21 20:00:00+00:00
1779408000000,0.1128,0.1144,0.1114,0.1141,44918213.9,2026-05-22 00:00:00+00:00
1779422400000,0.1142,0.1152,0.1128,0.1133,41716333.6,2026-05-22 04:00:00+00:00
1779436800000,0.1132,0.1143,0.1119,0.114,52878907.8,2026-05-22 08:00:00+00:00
1779451200000,0.1141,0.1157,0.1114,0.1123,74137710.8,2026-05-22 12:00:00+00:00
1779465600000,0.1123,0.1136,0.1079,0.1091,129263621.0,2026-05-22 16:00:00+00:00
1779480000000,0.1091,0.1105,0.1079,0.1086,52735119.7,2026-05-22 20:00:00+00:00
1779494400000,0.1086,0.1101,0.1082,0.1098,29852126.7,2026-05-23 00:00:00+00:00
1779508800000,0.1099,0.1099,0.1028,0.1041,114912913.5,2026-05-23 04:00:00+00:00
1779523200000,0.1041,0.1052,0.1032,0.1048,50356014.0,2026-05-23 08:00:00+00:00
1779537600000,0.1048,0.108,0.1044,0.1075,51907357.0,2026-05-23 12:00:00+00:00
1779552000000,0.1076,0.1103,0.1072,0.1094,58632545.4,2026-05-23 16:00:00+00:00
1779566400000,0.1095,0.1122,0.1085,0.1094,65281034.9,2026-05-23 20:00:00+00:00
1779580800000,0.1094,0.11,0.1085,0.1088,23861355.4,2026-05-24 00:00:00+00:00
1779595200000,0.1089,0.1097,0.1081,0.109,27313878.2,2026-05-24 04:00:00+00:00
1779609600000,0.109,0.1093,0.1062,0.1063,67924181.5,2026-05-24 08:00:00+00:00
1779624000000,0.1063,0.1067,0.1045,0.1057,53675254.8,2026-05-24 12:00:00+00:00
1779638400000,0.1057,0.1065,0.1056,0.1063,28736037.1,2026-05-24 16:00:00+00:00
1779652800000,0.1064,0.1065,0.1034,0.1056,44721639.9,2026-05-24 20:00:00+00:00
1779667200000,0.1056,0.1061,0.1045,0.1049,41580915.9,2026-05-25 00:00:00+00:00
1779681600000,0.1049,0.108,0.1047,0.1072,44478213.4,2026-05-25 04:00:00+00:00
1779696000000,0.1072,0.1084,0.107,0.1077,30768617.3,2026-05-25 08:00:00+00:00
1779710400000,0.1077,0.1095,0.1072,0.1092,47422428.4,2026-05-25 12:00:00+00:00
1779724800000,0.1093,0.111,0.1089,0.1095,52449355.8,2026-05-25 16:00:00+00:00
1779739200000,0.1095,0.1102,0.1075,0.1084,42098030.4,2026-05-25 20:00:00+00:00
1779753600000,0.1084,0.1086,0.1063,0.1075,59906160.3,2026-05-26 00:00:00+00:00
1779768000000,0.1076,0.11,0.1072,0.109,52146238.4,2026-05-26 04:00:00+00:00
1779782400000,0.1091,0.1129,0.109,0.1114,86979178.9,2026-05-26 08:00:00+00:00
1779796800000,0.1115,0.113,0.1087,0.1098,105269545.9,2026-05-26 12:00:00+00:00
1779811200000,0.1099,0.1101,0.1071,0.1085,71459837.3,2026-05-26 16:00:00+00:00
1779825600000,0.1085,0.1092,0.1079,0.1086,28119942.1,2026-05-26 20:00:00+00:00
1779840000000,0.1087,0.1104,0.1082,0.1082,41620880.3,2026-05-27 00:00:00+00:00
1779854400000,0.1083,0.1096,0.1064,0.1091,47181834.8,2026-05-27 04:00:00+00:00
1779868800000,0.1092,0.1101,0.1082,0.1087,35375813.2,2026-05-27 08:00:00+00:00
1779883200000,0.1087,0.1107,0.1071,0.1101,66603907.9,2026-05-27 12:00:00+00:00
1779897600000,0.1101,0.1111,0.1076,0.1092,62878903.2,2026-05-27 16:00:00+00:00
1779912000000,0.1092,0.1098,0.1056,0.1072,58058261.8,2026-05-27 20:00:00+00:00
1779926400000,0.1071,0.1075,0.1031,0.1035,80452202.0,2026-05-28 00:00:00+00:00
1779940800000,0.1034,0.1035,0.1011,0.1031,94909970.2,2026-05-28 04:00:00+00:00
1779955200000,0.1032,0.1032,0.1017,0.1021,42632168.5,2026-05-28 08:00:00+00:00
1779969600000,0.1022,0.103,0.1005,0.102,72617333.0,2026-05-28 12:00:00+00:00
1779984000000,0.1019,0.1061,0.101,0.1048,46555132.3,2026-05-28 16:00:00+00:00
1779998400000,0.1047,0.1059,0.1037,0.1044,30481387.0,2026-05-28 20:00:00+00:00
1780012800000,0.1043,0.1051,0.1034,0.1036,46396581.9,2026-05-29 00:00:00+00:00
1780027200000,0.1037,0.1064,0.1029,0.105,42966748.2,2026-05-29 04:00:00+00:00
1780041600000,0.1049,0.1059,0.1032,0.1037,39738523.7,2026-05-29 08:00:00+00:00
1780056000000,0.1037,0.1066,0.1004,0.1052,133441369.5,2026-05-29 12:00:00+00:00
1780070400000,0.1052,0.1056,0.1025,0.1035,66190349.2,2026-05-29 16:00:00+00:00
1780084800000,0.1035,0.104,0.1022,0.103,28460757.1,2026-05-29 20:00:00+00:00
1780099200000,0.1031,0.1069,0.1028,0.1055,45521853.4,2026-05-30 00:00:00+00:00
1780113600000,0.1055,0.1061,0.1033,0.1047,45177819.2,2026-05-30 04:00:00+00:00
1780128000000,0.1047,0.1049,0.104,0.1046,18470582.7,2026-05-30 08:00:00+00:00
1780142400000,0.1046,0.1058,0.1042,0.1048,28670402.7,2026-05-30 12:00:00+00:00
1780156800000,0.1049,0.1056,0.1041,0.1047,22360648.5,2026-05-30 16:00:00+00:00
1780171200000,0.1048,0.105,0.1028,0.1032,20477370.7,2026-05-30 20:00:00+00:00
1780185600000,0.1033,0.1049,0.103,0.1046,26411576.9,2026-05-31 00:00:00+00:00
1780200000000,0.1046,0.1051,0.1023,0.1028,31053954.2,2026-05-31 04:00:00+00:00
1780214400000,0.1028,0.1035,0.1019,0.1028,31271331.3,2026-05-31 08:00:00+00:00
1780228800000,0.1028,0.1035,0.1002,0.1011,67489100.8,2026-05-31 12:00:00+00:00
1780243200000,0.1011,0.1017,0.1001,0.1011,41970665.2,2026-05-31 16:00:00+00:00
1780257600000,0.101,0.1044,0.101,0.1035,42378244.5,2026-05-31 20:00:00+00:00
1780272000000,0.1035,0.1042,0.1013,0.1036,66942091.0,2026-06-01 00:00:00+00:00
1780286400000,0.1036,0.1043,0.1004,0.1007,68175034.6,2026-06-01 04:00:00+00:00
1780300800000,0.1007,0.1016,0.1001,0.1007,41477985.6,2026-06-01 08:00:00+00:00
1780315200000,0.1007,0.101,0.0982,0.0999,121370258.8,2026-06-01 12:00:00+00:00
1780329600000,0.0998,0.1037,0.099,0.1032,88787120.6,2026-06-01 16:00:00+00:00
1780344000000,0.1032,0.1038,0.1007,0.1024,47531064.6,2026-06-01 20:00:00+00:00
1780358400000,0.1024,0.1027,0.0988,0.1014,60186567.3,2026-06-02 00:00:00+00:00
1780372800000,0.1014,0.1017,0.0974,0.0983,71611612.9,2026-06-02 04:00:00+00:00
1780387200000,0.0983,0.0987,0.0968,0.0979,64746778.2,2026-06-02 08:00:00+00:00
1780401600000,0.0979,0.0989,0.0923,0.0941,188595276.1,2026-06-02 12:00:00+00:00
1780416000000,0.0941,0.0967,0.0927,0.0946,97769170.4,2026-06-02 16:00:00+00:00
1780430400000,0.0946,0.0954,0.0908,0.0928,113322239.8,2026-06-02 20:00:00+00:00
1780444800000,0.0928,0.0935,0.0892,0.0897,102951902.8,2026-06-03 00:00:00+00:00
1780459200000,0.0897,0.0961,0.0897,0.096,100936483.8,2026-06-03 04:00:00+00:00
1780473600000,0.096,0.098,0.0946,0.0963,74398260.8,2026-06-03 08:00:00+00:00
1780488000000,0.0964,0.097,0.0946,0.0948,75795610.4,2026-06-03 12:00:00+00:00
1780502400000,0.0948,0.0952,0.093,0.0933,82152862.2,2026-06-03 16:00:00+00:00
1780516800000,0.0932,0.0954,0.0916,0.0928,147343656.8,2026-06-03 20:00:00+00:00
1780531200000,0.0928,0.094,0.0851,0.0923,187237642.6,2026-06-04 00:00:00+00:00
1780545600000,0.0923,0.0927,0.0891,0.0892,87214543.0,2026-06-04 04:00:00+00:00
1780560000000,0.0892,0.0898,0.086,0.0882,102912830.8,2026-06-04 08:00:00+00:00
1780574400000,0.0883,0.0919,0.0875,0.0916,93144584.6,2026-06-04 12:00:00+00:00
1780588800000,0.0916,0.0917,0.0891,0.0903,56347596.4,2026-06-04 16:00:00+00:00
1780603200000,0.0903,0.0903,0.0872,0.0893,53671061.8,2026-06-04 20:00:00+00:00
1780617600000,0.0892,0.0898,0.0853,0.0859,89026912.2,2026-06-05 00:00:00+00:00
1780632000000,0.0859,0.0877,0.08,0.084,188471133.5,2026-06-05 04:00:00+00:00
1780646400000,0.084,0.0851,0.0817,0.0819,95803325.4,2026-06-05 08:00:00+00:00
1780660800000,0.0818,0.0843,0.0799,0.0811,232353951.6,2026-06-05 12:00:00+00:00
1780675200000,0.081,0.0826,0.077,0.0799,211356096.1,2026-06-05 16:00:00+00:00
1780689600000,0.0799,0.0824,0.0789,0.0803,114228776.1,2026-06-05 20:00:00+00:00
1780704000000,0.0802,0.0812,0.0784,0.0788,61758161.6,2026-06-06 00:00:00+00:00
1780718400000,0.0789,0.0792,0.0739,0.0788,153100076.6,2026-06-06 04:00:00+00:00
1780732800000,0.0789,0.0807,0.0778,0.0797,77374042.7,2026-06-06 08:00:00+00:00
1780747200000,0.0796,0.0809,0.0787,0.0794,72160726.2,2026-06-06 12:00:00+00:00
1780761600000,0.0793,0.0799,0.0784,0.0786,43651189.6,2026-06-06 16:00:00+00:00
1780776000000,0.0786,0.08,0.0784,0.0798,29623076.8,2026-06-06 20:00:00+00:00
1780790400000,0.0799,0.0824,0.0796,0.0821,53198205.2,2026-06-07 00:00:00+00:00
1780804800000,0.0821,0.0838,0.081,0.0826,129094717.9,2026-06-07 04:00:00+00:00
1780819200000,0.0826,0.0839,0.0818,0.0824,70410858.1,2026-06-07 08:00:00+00:00
1780833600000,0.0824,0.0827,0.0806,0.0818,59122987.6,2026-06-07 12:00:00+00:00
1780848000000,0.0818,0.0822,0.0792,0.0797,46750063.6,2026-06-07 16:00:00+00:00
1780862400000,0.0797,0.0853,0.0794,0.083,90653480.9,2026-06-07 20:00:00+00:00
1780876800000,0.083,0.084,0.0816,0.0825,47209590.9,2026-06-08 00:00:00+00:00
1780891200000,0.0825,0.0826,0.0808,0.0822,40120158.4,2026-06-08 04:00:00+00:00
1780905600000,0.0823,0.084,0.0811,0.0833,82150911.2,2026-06-08 08:00:00+00:00
1780920000000,0.0834,0.0846,0.0823,0.0836,69765920.6,2026-06-08 12:00:00+00:00
1780934400000,0.0835,0.0843,0.0827,0.0831,49649933.4,2026-06-08 16:00:00+00:00
1780948800000,0.0832,0.084,0.0816,0.082,47564797.9,2026-06-08 20:00:00+00:00
1780963200000,0.082,0.0822,0.0797,0.0804,65751204.3,2026-06-09 00:00:00+00:00
1780977600000,0.0804,0.0823,0.0801,0.0817,47787525.7,2026-06-09 04:00:00+00:00
1780992000000,0.0817,0.0818,0.08,0.0803,36924727.8,2026-06-09 08:00:00+00:00
1781006400000,0.0804,0.0816,0.0788,0.0791,103807087.0,2026-06-09 12:00:00+00:00
1781020800000,0.079,0.0813,0.0777,0.081,101510553.7,2026-06-09 16:00:00+00:00
1781035200000,0.0811,0.0817,0.0801,0.0803,37856225.7,2026-06-09 20:00:00+00:00
1781049600000,0.0803,0.0814,0.0794,0.0798,45782669.8,2026-06-10 00:00:00+00:00
1781064000000,0.0799,0.0801,0.0789,0.07984,44793313.4,2026-06-10 04:00:00+00:00
1781078400000,0.07985,0.07989,0.07781,0.07813,118437733.7,2026-06-10 08:00:00+00:00
1781092800000,0.07813,0.08173,0.07764,0.08091,183160068.4,2026-06-10 12:00:00+00:00
1781107200000,0.08092,0.08111,0.07802,0.07832,99343366.9,2026-06-10 16:00:00+00:00
1781121600000,0.07832,0.07859,0.07552,0.07746,103419747.4,2026-06-10 20:00:00+00:00
1781136000000,0.07747,0.08292,0.07741,0.08051,305460356.7,2026-06-11 00:00:00+00:00
1781150400000,0.08051,0.08124,0.07989,0.08027,60578040.2,2026-06-11 04:00:00+00:00
1781164800000,0.08028,0.08183,0.07992,0.08138,56522201.0,2026-06-11 08:00:00+00:00
1781179200000,0.08139,0.08148,0.07987,0.0807,95901907.2,2026-06-11 12:00:00+00:00
1781193600000,0.0807,0.08659,0.07979,0.08354,303724725.0,2026-06-11 16:00:00+00:00
1781208000000,0.08354,0.08453,0.08284,0.08352,48859055.8,2026-06-11 20:00:00+00:00
1781222400000,0.08353,0.08392,0.08239,0.08354,40190831.5,2026-06-12 00:00:00+00:00
1781236800000,0.08354,0.08398,0.08182,0.08259,37450447.2,2026-06-12 04:00:00+00:00
1781251200000,0.0826,0.08513,0.08259,0.08433,63389015.3,2026-06-12 08:00:00+00:00
1781265600000,0.08433,0.08548,0.08189,0.08335,110561138.1,2026-06-12 12:00:00+00:00
1781280000000,0.08335,0.08468,0.08297,0.08381,42726031.6,2026-06-12 16:00:00+00:00
1781294400000,0.08382,0.08437,0.0832,0.08391,24595067.6,2026-06-12 20:00:00+00:00
1781308800000,0.08391,0.08499,0.08373,0.08405,26033017.5,2026-06-13 00:00:00+00:00
1781323200000,0.08405,0.08604,0.08371,0.08567,38561827.6,2026-06-13 04:00:00+00:00
1781337600000,0.08567,0.08641,0.08532,0.08633,27600694.1,2026-06-13 08:00:00+00:00
1781352000000,0.08634,0.0869,0.08573,0.08629,36688841.5,2026-06-13 12:00:00+00:00
1781366400000,0.0863,0.08636,0.08518,0.08551,29550457.4,2026-06-13 16:00:00+00:00
1781380800000,0.0855,0.0863,0.08498,0.08521,23402023.9,2026-06-13 20:00:00+00:00
1781395200000,0.08521,0.08521,0.0839,0.08424,51473678.1,2026-06-14 00:00:00+00:00
1781409600000,0.08424,0.08426,0.08322,0.08346,28600489.5,2026-06-14 04:00:00+00:00
1781424000000,0.08345,0.08377,0.08288,0.08343,27119724.6,2026-06-14 08:00:00+00:00
1781438400000,0.08344,0.08355,0.0817,0.08231,37150924.7,2026-06-14 12:00:00+00:00
1781452800000,0.08231,0.08342,0.08154,0.08236,50200855.2,2026-06-14 16:00:00+00:00
1781467200000,0.08237,0.08608,0.08223,0.08578,97344428.4,2026-06-14 20:00:00+00:00
1781481600000,0.08579,0.08636,0.08485,0.08599,53225301.1,2026-06-15 00:00:00+00:00
1781496000000,0.08599,0.08716,0.08545,0.08632,49789307.5,2026-06-15 04:00:00+00:00
1781510400000,0.08633,0.08846,0.08621,0.08801,65706980.7,2026-06-15 08:00:00+00:00
1781524800000,0.08802,0.08971,0.08761,0.08955,80368693.1,2026-06-15 12:00:00+00:00
1781539200000,0.08954,0.08989,0.08677,0.08726,63323284.3,2026-06-15 16:00:00+00:00
1781553600000,0.08725,0.08747,0.08531,0.08618,44064049.0,2026-06-15 20:00:00+00:00
1781568000000,0.08619,0.08666,0.08455,0.08618,43946261.7,2026-06-16 00:00:00+00:00
1781582400000,0.08618,0.08664,0.0852,0.08632,30977758.4,2026-06-16 04:00:00+00:00
1781596800000,0.08632,0.08801,0.086,0.08671,56878481.4,2026-06-16 08:00:00+00:00
1781611200000,0.08671,0.08758,0.08354,0.08462,74411159.4,2026-06-16 12:00:00+00:00
1781625600000,0.08462,0.08661,0.08418,0.08528,43969916.6,2026-06-16 16:00:00+00:00
1781640000000,0.08527,0.08639,0.08505,0.0856,23267127.8,2026-06-16 20:00:00+00:00
1781654400000,0.0856,0.08984,0.08556,0.08874,80129732.4,2026-06-17 00:00:00+00:00
1781668800000,0.08875,0.08914,0.08714,0.0877,44729222.6,2026-06-17 04:00:00+00:00
1781683200000,0.08771,0.08779,0.08541,0.08568,45930246.0,2026-06-17 08:00:00+00:00
1781697600000,0.0857,0.08829,0.08512,0.08825,61293992.2,2026-06-17 12:00:00+00:00
1781712000000,0.08825,0.08907,0.08411,0.08459,104483932.9,2026-06-17 16:00:00+00:00
1781726400000,0.0846,0.08604,0.08385,0.08563,47263230.0,2026-06-17 20:00:00+00:00
1781740800000,0.08564,0.08777,0.08548,0.08562,47516239.3,2026-06-18 00:00:00+00:00
1781755200000,0.08562,0.08577,0.08347,0.08496,58584191.9,2026-06-18 04:00:00+00:00
1781769600000,0.08497,0.08593,0.08396,0.08415,37829386.5,2026-06-18 08:00:00+00:00
1781784000000,0.08416,0.08569,0.08117,0.08149,100991368.5,2026-06-18 12:00:00+00:00
1781798400000,0.08148,0.08371,0.08128,0.08349,60095868.6,2026-06-18 16:00:00+00:00
1781812800000,0.08349,0.08542,0.08349,0.08527,37664269.5,2026-06-18 20:00:00+00:00
1781827200000,0.08526,0.08662,0.08412,0.08472,50783403.9,2026-06-19 00:00:00+00:00
1781841600000,0.08471,0.08488,0.08231,0.08288,43540340.3,2026-06-19 04:00:00+00:00
1781856000000,0.08288,0.08393,0.08203,0.08252,38068779.2,2026-06-19 08:00:00+00:00
1781870400000,0.08253,0.08536,0.08223,0.08449,48991320.6,2026-06-19 12:00:00+00:00
1781884800000,0.08447,0.085,0.08288,0.08296,31277002.8,2026-06-19 16:00:00+00:00
1781899200000,0.08297,0.08408,0.08279,0.08387,50707534.8,2026-06-19 20:00:00+00:00
1781913600000,0.08387,0.08464,0.08258,0.08303,30110204.5,2026-06-20 00:00:00+00:00
1781928000000,0.08303,0.08475,0.08284,0.08419,39432360.5,2026-06-20 04:00:00+00:00
1781942400000,0.08419,0.08469,0.08368,0.08373,18399817.0,2026-06-20 08:00:00+00:00
1781956800000,0.08372,0.08444,0.08174,0.08395,56916731.2,2026-06-20 12:00:00+00:00
1781971200000,0.08396,0.08396,0.0824,0.08313,22094014.5,2026-06-20 16:00:00+00:00
1781985600000,0.08313,0.0851,0.08288,0.08457,31590550.7,2026-06-20 20:00:00+00:00
1782000000000,0.08458,0.08462,0.0836,0.08377,23881143.8,2026-06-21 00:00:00+00:00
1782014400000,0.08378,0.08389,0.08282,0.08351,24928431.3,2026-06-21 04:00:00+00:00
1782028800000,0.08351,0.0848,0.08271,0.08362,38772390.4,2026-06-21 08:00:00+00:00
1782043200000,0.08362,0.08464,0.08317,0.0843,28145614.9,2026-06-21 12:00:00+00:00
1782057600000,0.0843,0.08446,0.08313,0.08358,24568168.4,2026-06-21 16:00:00+00:00
1782072000000,0.08358,0.08373,0.08151,0.08179,42821595.2,2026-06-21 20:00:00+00:00
1782086400000,0.08177,0.08521,0.08173,0.08308,61051359.2,2026-06-22 00:00:00+00:00
1782100800000,0.08309,0.08521,0.08285,0.08501,37342277.1,2026-06-22 04:00:00+00:00
1782115200000,0.08502,0.08647,0.08475,0.08609,46106541.8,2026-06-22 08:00:00+00:00
1782129600000,0.0861,0.08694,0.08441,0.0846,62710113.9,2026-06-22 12:00:00+00:00
1782144000000,0.08461,0.08518,0.0833,0.08359,44629778.2,2026-06-22 16:00:00+00:00
1782158400000,0.08358,0.08416,0.08236,0.08318,40190634.5,2026-06-22 20:00:00+00:00
1782172800000,0.08317,0.08338,0.0823,0.08269,33369489.1,2026-06-23 00:00:00+00:00
1782187200000,0.0827,0.0828,0.07906,0.07953,82703266.5,2026-06-23 04:00:00+00:00
1782201600000,0.07953,0.07955,0.0765,0.07895,124485768.4,2026-06-23 08:00:00+00:00
1782216000000,0.07897,0.08048,0.07799,0.07852,71412293.2,2026-06-23 12:00:00+00:00
1782230400000,0.07853,0.0792,0.07786,0.07853,37198819.2,2026-06-23 16:00:00+00:00
1782244800000,0.07855,0.0795,0.07853,0.07904,23637850.8,2026-06-23 20:00:00+00:00
1782259200000,0.07904,0.07939,0.07767,0.078,34083199.1,2026-06-24 00:00:00+00:00
1782273600000,0.07801,0.07881,0.0773,0.07831,24771014.7,2026-06-24 04:00:00+00:00
1782288000000,0.07832,0.07902,0.07727,0.07858,30680310.1,2026-06-24 08:00:00+00:00
1782302400000,0.07859,0.07869,0.0752,0.07539,101907192.0,2026-06-24 12:00:00+00:00
1782316800000,0.07539,0.07634,0.07264,0.07443,149199728.9,2026-06-24 16:00:00+00:00
1782331200000,0.07444,0.07693,0.07426,0.07603,51399474.5,2026-06-24 20:00:00+00:00
1782345600000,0.07603,0.0769,0.07534,0.07557,35957890.2,2026-06-25 00:00:00+00:00
1782360000000,0.07556,0.07743,0.0754,0.07725,36457705.2,2026-06-25 04:00:00+00:00
1782374400000,0.07725,0.07735,0.0758,0.07594,29097680.1,2026-06-25 08:00:00+00:00
1782388800000,0.07594,0.0769,0.0704,0.07321,155852242.6,2026-06-25 12:00:00+00:00
1782403200000,0.07322,0.07408,0.07179,0.07217,58549157.0,2026-06-25 16:00:00+00:00
1782417600000,0.07217,0.07373,0.072,0.07322,31069262.6,2026-06-25 20:00:00+00:00
1782432000000,0.07323,0.07353,0.07045,0.07282,80511897.3,2026-06-26 00:00:00+00:00
1782446400000,0.07281,0.07428,0.07218,0.07409,45699349.7,2026-06-26 04:00:00+00:00
1782460800000,0.07409,0.07419,0.07114,0.07141,53993611.4,2026-06-26 08:00:00+00:00
1782475200000,0.07141,0.07381,0.07057,0.07342,91951354.4,2026-06-26 12:00:00+00:00
1782489600000,0.07341,0.07502,0.07301,0.07385,62899500.7,2026-06-26 16:00:00+00:00
1782504000000,0.0739,0.07502,0.07349,0.07432,30628906.9,2026-06-26 20:00:00+00:00
1782518400000,0.07431,0.07547,0.07398,0.0753,32485448.4,2026-06-27 00:00:00+00:00
1782532800000,0.07531,0.0756,0.07446,0.075,28582849.4,2026-06-27 04:00:00+00:00
1782547200000,0.07501,0.07555,0.07397,0.07435,33225507.5,2026-06-27 08:00:00+00:00
1782561600000,0.07436,0.07575,0.07431,0.07568,45180970.3,2026-06-27 12:00:00+00:00
1782576000000,0.07567,0.07586,0.07339,0.07391,41068407.4,2026-06-27 16:00:00+00:00
1782590400000,0.07391,0.07441,0.0727,0.07339,23469011.8,2026-06-27 20:00:00+00:00
1782604800000,0.07339,0.07393,0.07328,0.07388,16022519.5,2026-06-28 00:00:00+00:00
1782619200000,0.07389,0.07405,0.07288,0.07359,19835617.6,2026-06-28 04:00:00+00:00
1782633600000,0.0736,0.07457,0.07348,0.0745,25542054.0,2026-06-28 08:00:00+00:00
1782648000000,0.0745,0.07458,0.07362,0.07395,25358582.1,2026-06-28 12:00:00+00:00
1782662400000,0.07394,0.074,0.07261,0.07305,25594298.6,2026-06-28 16:00:00+00:00
1782676800000,0.07304,0.0742,0.0723,0.07386,36597460.8,2026-06-28 20:00:00+00:00
1782691200000,0.07386,0.07612,0.07297,0.07559,95924193.2,2026-06-29 00:00:00+00:00
1782705600000,0.07559,0.07605,0.07426,0.0757,78655137.6,2026-06-29 04:00:00+00:00
1782720000000,0.0757,0.07669,0.07514,0.07586,46922701.4,2026-06-29 08:00:00+00:00
1782734400000,0.07587,0.07724,0.07445,0.07601,74387813.6,2026-06-29 12:00:00+00:00
1782748800000,0.07601,0.07832,0.0756,0.07722,80122936.7,2026-06-29 16:00:00+00:00
1782763200000,0.07722,0.07775,0.07648,0.07676,26819721.0,2026-06-29 20:00:00+00:00
1782777600000,0.07676,0.07676,0.07561,0.07594,32029422.8,2026-06-30 00:00:00+00:00
1782792000000,0.07593,0.07689,0.07518,0.0753,38090493.7,2026-06-30 04:00:00+00:00
1782806400000,0.0753,0.07531,0.07404,0.07423,35549332.5,2026-06-30 08:00:00+00:00
1782820800000,0.07423,0.07551,0.07347,0.07436,58911819.7,2026-06-30 12:00:00+00:00
1782835200000,0.07437,0.0767,0.0743,0.07598,55327174.7,2026-06-30 16:00:00+00:00
1782849600000,0.07598,0.07653,0.07552,0.07605,21833156.6,2026-06-30 20:00:00+00:00
1782864000000,0.07606,0.07796,0.07482,0.07743,66572762.6,2026-07-01 00:00:00+00:00
1782878400000,0.07743,0.07827,0.07636,0.07729,30514784.6,2026-07-01 04:00:00+00:00
1782892800000,0.07729,0.07813,0.07691,0.07715,39410585.3,2026-07-01 08:00:00+00:00
1782907200000,0.07716,0.07869,0.07591,0.07801,63249381.8,2026-07-01 12:00:00+00:00
1782921600000,0.07802,0.07852,0.07702,0.07781,66624560.0,2026-07-01 16:00:00+00:00
1782936000000,0.07783,0.0793,0.07658,0.07667,52540694.9,2026-07-01 20:00:00+00:00
1782950400000,0.07667,0.07848,0.07629,0.07847,45251609.3,2026-07-02 00:00:00+00:00
1782964800000,0.07847,0.07885,0.07632,0.07698,47062068.3,2026-07-02 04:00:00+00:00
1782979200000,0.07699,0.0784,0.07671,0.07806,70776254.5,2026-07-02 08:00:00+00:00
1782993600000,0.07805,0.07958,0.07699,0.07721,101916302.2,2026-07-02 12:00:00+00:00
1783008000000,0.0772,0.07833,0.07668,0.07768,34418546.9,2026-07-02 16:00:00+00:00
1783022400000,0.0777,0.07799,0.07691,0.07724,23454175.4,2026-07-02 20:00:00+00:00
1783036800000,0.07724,0.07823,0.07654,0.07804,42664643.7,2026-07-03 00:00:00+00:00
1783051200000,0.07804,0.0784,0.07742,0.07819,31906014.0,2026-07-03 04:00:00+00:00
1783065600000,0.0782,0.07965,0.07809,0.07953,34189599.8,2026-07-03 08:00:00+00:00
1783080000000,0.07953,0.08063,0.07895,0.07945,65015962.2,2026-07-03 12:00:00+00:00
1783094400000,0.07945,0.08057,0.07905,0.08004,31847558.0,2026-07-03 16:00:00+00:00
1783108800000,0.08003,0.08154,0.0799,0.081,51770151.6,2026-07-03 20:00:00+00:00
1783123200000,0.08099,0.08137,0.07998,0.081,33801335.6,2026-07-04 00:00:00+00:00
1783137600000,0.081,0.08113,0.07932,0.07956,35855227.0,2026-07-04 04:00:00+00:00
1783152000000,0.07956,0.07992,0.07901,0.07946,32653883.5,2026-07-04 08:00:00+00:00
1783166400000,0.07947,0.08114,0.07935,0.08095,33811706.0,2026-07-04 12:00:00+00:00
1783180800000,0.08095,0.08211,0.08043,0.08116,39802795.1,2026-07-04 16:00:00+00:00
1783195200000,0.08116,0.08152,0.08005,0.08031,30410080.4,2026-07-04 20:00:00+00:00
1783209600000,0.08031,0.08037,0.0782,0.07834,37247078.0,2026-07-05 00:00:00+00:00
1783224000000,0.07834,0.07902,0.07795,0.07894,31077522.4,2026-07-05 04:00:00+00:00
1783238400000,0.07895,0.07904,0.07741,0.07853,37906819.3,2026-07-05 08:00:00+00:00
1783252800000,0.07852,0.07913,0.07819,0.07863,24365702.7,2026-07-05 12:00:00+00:00
1783267200000,0.07864,0.08016,0.07833,0.0794,29071129.6,2026-07-05 16:00:00+00:00
1783281600000,0.07941,0.08136,0.07905,0.0805,39238744.7,2026-07-05 20:00:00+00:00
1783296000000,0.0805,0.08084,0.07944,0.08009,33967914.0,2026-07-06 00:00:00+00:00
1783310400000,0.08009,0.0802,0.07858,0.07889,27596120.5,2026-07-06 04:00:00+00:00
1783324800000,0.07889,0.07914,0.07762,0.07772,30486073.9,2026-07-06 08:00:00+00:00
1783339200000,0.0777,0.07994,0.07598,0.07971,84094100.3,2026-07-06 12:00:00+00:00
1783353600000,0.07971,0.08043,0.07945,0.07979,47079352.5,2026-07-06 16:00:00+00:00
1783368000000,0.07979,0.08186,0.07959,0.08028,40463400.6,2026-07-06 20:00:00+00:00
1783382400000,0.08027,0.08065,0.07804,0.0782,33635304.0,2026-07-07 00:00:00+00:00
1783396800000,0.0782,0.07914,0.07752,0.07844,57139433.1,2026-07-07 04:00:00+00:00
1783411200000,0.07844,0.07925,0.0783,0.07908,26072154.4,2026-07-07 08:00:00+00:00
1783425600000,0.07908,0.07966,0.07714,0.07944,68548914.7,2026-07-07 12:00:00+00:00
1783440000000,0.07945,0.07984,0.07723,0.07807,43679013.4,2026-07-07 16:00:00+00:00
1783454400000,0.07807,0.07828,0.07639,0.07699,33923872.0,2026-07-07 20:00:00+00:00
1783468800000,0.07699,0.07831,0.07504,0.07621,72222947.6,2026-07-08 00:00:00+00:00
1783483200000,0.07622,0.07849,0.07591,0.07764,68316152.4,2026-07-08 04:00:00+00:00
1783497600000,0.07764,0.07799,0.0754,0.07627,85744407.7,2026-07-08 08:00:00+00:00
1783512000000,0.07628,0.07768,0.07525,0.07556,64950315.2,2026-07-08 12:00:00+00:00
1783526400000,0.07556,0.07714,0.07548,0.07651,33272744.0,2026-07-08 16:00:00+00:00
1783540800000,0.07651,0.07708,0.07558,0.07686,32829744.2,2026-07-08 20:00:00+00:00
1783555200000,0.07686,0.08065,0.07657,0.08058,88629700.4,2026-07-09 00:00:00+00:00
1783569600000,0.08059,0.08688,0.08051,0.0848,439719791.5,2026-07-09 04:00:00+00:00
1783584000000,0.08479,0.0872,0.08432,0.08649,247020169.4,2026-07-09 08:00:00+00:00
1783598400000,0.0865,0.08768,0.08425,0.08586,279698113.5,2026-07-09 12:00:00+00:00
1783612800000,0.08585,0.09097,0.08549,0.09001,270321995.6,2026-07-09 16:00:00+00:00
1783627200000,0.09001,0.09135,0.0869,0.08751,219269387.4,2026-07-09 20:00:00+00:00
1783641600000,0.08752,0.09329,0.08662,0.09159,289576832.4,2026-07-10 00:00:00+00:00
1783656000000,0.09159,0.09405,0.09065,0.09335,193271469.3,2026-07-10 04:00:00+00:00
1783670400000,0.09336,0.096,0.09285,0.09426,264214575.3,2026-07-10 08:00:00+00:00
1783684800000,0.09427,0.09457,0.08988,0.09097,236192648.0,2026-07-10 12:00:00+00:00
1783699200000,0.09097,0.09181,0.08995,0.09098,83795817.7,2026-07-10 16:00:00+00:00
1783713600000,0.09097,0.09382,0.09079,0.09287,102427559.7,2026-07-10 20:00:00+00:00
1783728000000,0.09287,0.0937,0.09051,0.09058,130482229.3,2026-07-11 00:00:00+00:00
1783742400000,0.09058,0.09113,0.08964,0.0907,72699568.6,2026-07-11 04:00:00+00:00
1783756800000,0.09071,0.09308,0.09063,0.09228,74500313.7,2026-07-11 08:00:00+00:00
1783771200000,0.09229,0.09815,0.0912,0.09739,245897086.1,2026-07-11 12:00:00+00:00
1783785600000,0.09739,0.09925,0.09629,0.09777,175728686.8,2026-07-11 16:00:00+00:00
1783800000000,0.09776,0.1,0.09454,0.09495,153644829.2,2026-07-11 20:00:00+00:00
1783814400000,0.09494,0.10133,0.09462,0.0997,174928121.1,2026-07-12 00:00:00+00:00
1783828800000,0.09971,0.10128,0.09705,0.09833,187054522.1,2026-07-12 04:00:00+00:00
1783843200000,0.09833,0.09834,0.09379,0.09544,147086472.5,2026-07-12 08:00:00+00:00
1783857600000,0.09544,0.09679,0.09498,0.09567,89440364.8,2026-07-12 12:00:00+00:00
1783872000000,0.09568,0.09575,0.09315,0.09382,65321636.9,2026-07-12 16:00:00+00:00
1783886400000,0.09382,0.09386,0.09218,0.09318,67307519.1,2026-07-12 20:00:00+00:00
1783900800000,0.09317,0.09483,0.09005,0.0905,145662291.2,2026-07-13 00:00:00+00:00
1783915200000,0.0905,0.09285,0.09003,0.09269,80069170.3,2026-07-13 04:00:00+00:00
1783929600000,0.09269,0.09427,0.09206,0.09282,77017314.9,2026-07-13 08:00:00+00:00
1783944000000,0.09282,0.09582,0.09194,0.09311,162945006.8,2026-07-13 12:00:00+00:00
1783958400000,0.09311,0.0933,0.0896,0.09108,108234562.4,2026-07-13 16:00:00+00:00
1783972800000,0.09107,0.09107,0.08804,0.0903,74010923.7,2026-07-13 20:00:00+00:00
1783987200000,0.0903,0.09099,0.08906,0.08962,42728599.4,2026-07-14 00:00:00+00:00
1784001600000,0.08962,0.09135,0.08919,0.08929,72270828.5,2026-07-14 04:00:00+00:00
1784016000000,0.08929,0.09042,0.0887,0.08916,46503142.6,2026-07-14 08:00:00+00:00
1784030400000,0.08916,0.09311,0.08888,0.09229,133653906.7,2026-07-14 12:00:00+00:00
1784044800000,0.0923,0.09307,0.09065,0.09113,54912931.5,2026-07-14 16:00:00+00:00
1784059200000,0.09114,0.09245,0.0905,0.09219,46661462.2,2026-07-14 20:00:00+00:00
1784073600000,0.09219,0.09375,0.09024,0.09094,79384534.4,2026-07-15 00:00:00+00:00
1784088000000,0.09094,0.09102,0.08743,0.08802,88806517.8,2026-07-15 04:00:00+00:00
1784102400000,0.08803,0.08958,0.08776,0.08911,47906090.6,2026-07-15 08:00:00+00:00
1784116800000,0.08911,0.09124,0.0882,0.08848,83374228.2,2026-07-15 12:00:00+00:00
1784131200000,0.08849,0.08899,0.0868,0.08779,68344157.7,2026-07-15 16:00:00+00:00
1784145600000,0.0878,0.08877,0.08764,0.08846,30195806.6,2026-07-15 20:00:00+00:00
1784160000000,0.08845,0.0886,0.08676,0.08703,50532787.6,2026-07-16 00:00:00+00:00
1784174400000,0.08704,0.0881,0.0861,0.08677,46564828.9,2026-07-16 04:00:00+00:00
1784188800000,0.08678,0.08718,0.08527,0.08717,44951347.8,2026-07-16 08:00:00+00:00
1784203200000,0.08717,0.08912,0.08642,0.08842,59463881.5,2026-07-16 12:00:00+00:00
1784217600000,0.08841,0.09038,0.08772,0.08974,56890253.3,2026-07-16 16:00:00+00:00
1784232000000,0.08976,0.09099,0.08767,0.08897,66429156.2,2026-07-16 20:00:00+00:00
1784246400000,0.08896,0.09143,0.08736,0.08993,99051827.8,2026-07-17 00:00:00+00:00
1784260800000,0.08993,0.09011,0.08787,0.0883,79541409.2,2026-07-17 04:00:00+00:00
1784275200000,0.08831,0.09086,0.08768,0.08936,74197475.5,2026-07-17 08:00:00+00:00
1784289600000,0.08936,0.08936,0.08707,0.08854,79750555.5,2026-07-17 12:00:00+00:00
1784304000000,0.08854,0.09026,0.0881,0.08968,51257879.0,2026-07-17 16:00:00+00:00
1784318400000,0.08969,0.09136,0.0894,0.09058,68951340.1,2026-07-17 20:00:00+00:00
1784332800000,0.09059,0.09273,0.09005,0.09046,56533338.4,2026-07-18 00:00:00+00:00
1784347200000,0.09046,0.09095,0.08947,0.09004,37061187.4,2026-07-18 04:00:00+00:00
1784361600000,0.09004,0.09083,0.08905,0.09,42808568.1,2026-07-18 08:00:00+00:00
1784376000000,0.09,0.09028,0.08812,0.0885,50106650.2,2026-07-18 12:00:00+00:00
1784390400000,0.0885,0.08897,0.08777,0.0881,38607191.5,2026-07-18 16:00:00+00:00
1784404800000,0.08811,0.08876,0.088,0.08827,44863193.6,2026-07-18 20:00:00+00:00
1784419200000,0.08827,0.08871,0.08745,0.08785,31202764.8,2026-07-19 00:00:00+00:00
1784433600000,0.08785,0.08866,0.08755,0.08819,19609855.4,2026-07-19 04:00:00+00:00
1784448000000,0.0882,0.08993,0.08815,0.08902,38822243.8,2026-07-19 08:00:00+00:00
1784462400000,0.08902,0.09022,0.08804,0.08965,53825000.0,2026-07-19 12:00:00+00:00
1784476800000,0.08965,0.08995,0.08792,0.08865,34577871.7,2026-07-19 16:00:00+00:00
1784491200000,0.08865,0.08942,0.0881,0.08902,24934993.1,2026-07-19 20:00:00+00:00
1784505600000,0.08902,0.09026,0.08756,0.08773,51515900.5,2026-07-20 00:00:00+00:00
1784520000000,0.08773,0.08776,0.08516,0.08671,68801619.2,2026-07-20 04:00:00+00:00
1784534400000,0.08671,0.08853,0.08582,0.08841,45134973.7,2026-07-20 08:00:00+00:00
1784548800000,0.08841,0.09152,0.08775,0.09079,84556035.6,2026-07-20 12:00:00+00:00
1784563200000,0.09079,0.09119,0.0892,0.08953,48667412.5,2026-07-20 16:00:00+00:00
1784577600000,0.08954,0.09054,0.08931,0.09035,40905179.1,2026-07-20 20:00:00+00:00
1784592000000,0.09034,0.0914,0.08947,0.09063,38283924.8,2026-07-21 00:00:00+00:00
1784606400000,0.09063,0.09184,0.08993,0.09094,46008984.7,2026-07-21 04:00:00+00:00
1784620800000,0.09094,0.09142,0.09011,0.09023,35589025.4,2026-07-21 08:00:00+00:00
1784635200000,0.09024,0.09068,0.08913,0.08977,43240545.5,2026-07-21 12:00:00+00:00
1784649600000,0.08976,0.08988,0.08805,0.08907,37297751.1,2026-07-21 16:00:00+00:00
1784664000000,0.08906,0.08925,0.08819,0.08891,21629374.0,2026-07-21 20:00:00+00:00
1784678400000,0.08892,0.09056,0.08868,0.08938,36969426.9,2026-07-22 00:00:00+00:00
1784692800000,0.08937,0.09163,0.08915,0.08921,76944166.8,2026-07-22 04:00:00+00:00
1784707200000,0.08922,0.09055,0.0891,0.08941,50649473.8,2026-07-22 08:00:00+00:00
1784721600000,0.08942,0.09158,0.08825,0.09088,82608605.7,2026-07-22 12:00:00+00:00
1784736000000,0.09088,0.09199,0.08977,0.09036,61378382.0,2026-07-22 16:00:00+00:00
1784750400000,0.09036,0.09087,0.08815,0.09012,129786511.7,2026-07-22 20:00:00+00:00
1784764800000,0.09012,0.09128,0.08922,0.08939,49633672.9,2026-07-23 00:00:00+00:00
1784779200000,0.0894,0.08974,0.08833,0.08846,38055354.4,2026-07-23 04:00:00+00:00
1784793600000,0.08847,0.08908,0.08785,0.08814,35477463.4,2026-07-23 08:00:00+00:00
1784808000000,0.08815,0.08827,0.08548,0.08661,82247008.5,2026-07-23 12:00:00+00:00
1784822400000,0.08661,0.08678,0.08554,0.0865,36592396.0,2026-07-23 16:00:00+00:00
1784836800000,0.08651,0.08715,0.08591,0.08607,22796095.2,2026-07-23 20:00:00+00:00
1784851200000,0.08608,0.0863,0.08463,0.0853,54386970.4,2026-07-24 00:00:00+00:00
1784865600000,0.08531,0.087,0.08484,0.08634,43213011.8,2026-07-24 04:00:00+00:00
1784880000000,0.08634,0.08635,0.08453,0.08498,33999358.3,2026-07-24 08:00:00+00:00
1784894400000,0.08499,0.08517,0.0831,0.08377,69154541.6,2026-07-24 12:00:00+00:00
1784908800000,0.08376,0.08417,0.08324,0.08385,26686225.5,2026-07-24 16:00:00+00:00
1784923200000,0.08386,0.08399,0.08278,0.08301,37211201.5,2026-07-24 20:00:00+00:00
1784937600000,0.08301,0.08314,0.08171,0.08224,46392139.9,2026-07-25 00:00:00+00:00
1784952000000,0.08224,0.08284,0.08212,0.08257,27787786.6,2026-07-25 04:00:00+00:00
1784966400000,0.08258,0.0834,0.08248,0.0829,31943804.1,2026-07-25 08:00:00+00:00
1784980800000,0.0829,0.08348,0.0825,0.08291,28057906.4,2026-07-25 12:00:00+00:00
1784995200000,0.08291,0.08344,0.08261,0.08318,23530517.5,2026-07-25 16:00:00+00:00
1785009600000,0.08317,0.08324,0.08235,0.08249,17622602.1,2026-07-25 20:00:00+00:00
1785024000000,0.08249,0.08263,0.08191,0.0825,25729172.7,2026-07-26 00:00:00+00:00
1785038400000,0.0825,0.08316,0.0823,0.08274,28441990.8,2026-07-26 04:00:00+00:00
1785052800000,0.08273,0.08339,0.08213,0.08269,28448701.8,2026-07-26 08:00:00+00:00
1785067200000,0.0827,0.08301,0.0821,0.08264,30710260.1,2026-07-26 12:00:00+00:00
1785081600000,0.08264,0.08311,0.08214,0.08242,26584483.1,2026-07-26 16:00:00+00:00
1785096000000,0.08243,0.08369,0.08215,0.08319,67395468.2,2026-07-26 20:00:00+00:00
1785110400000,0.08319,0.0832,0.08164,0.08214,39131902.4,2026-07-27 00:00:00+00:00
1785124800000,0.08215,0.08268,0.08172,0.08205,37626027.9,2026-07-27 04:00:00+00:00
1785139200000,0.08206,0.08243,0.08101,0.08169,53343828.9,2026-07-27 08:00:00+00:00
1785153600000,0.08169,0.08236,0.07882,0.07917,112865422.2,2026-07-27 12:00:00+00:00
1785168000000,0.07918,0.07995,0.07895,0.07947,46288806.4,2026-07-27 16:00:00+00:00
1785182400000,0.07948,0.07958,0.07641,0.07703,128683323.5,2026-07-27 20:00:00+00:00
1785196800000,0.07703,0.07784,0.07665,0.07755,47148988.6,2026-07-28 00:00:00+00:00
1785211200000,0.07755,0.07813,0.07731,0.07783,31325574.7,2026-07-28 04:00:00+00:00
1785225600000,0.07784,0.07798,0.07732,0.07761,35786977.0,2026-07-28 08:00:00+00:00
1785240000000,0.07761,0.07975,0.0771,0.07938,76020731.6,2026-07-28 12:00:00+00:00
1785254400000,0.07939,0.07948,0.07804,0.07822,41953909.7,2026-07-28 16:00:00+00:00
1785268800000,0.07823,0.07943,0.07787,0.07899,49408552.3,2026-07-28 20:00:00+00:00
1785283200000,0.07899,0.07948,0.0772,0.07728,43276689.1,2026-07-29 00:00:00+00:00
1785297600000,0.07729,0.07866,0.07672,0.07864,41914915.9,2026-07-29 04:00:00+00:00
1785312000000,0.07864,0.07872,0.07777,0.07827,32518252.2,2026-07-29 08:00:00+00:00
1785326400000,0.07828,0.07842,0.07764,0.07793,46098212.7,2026-07-29 12:00:00+00:00
1785340800000,0.07793,0.07961,0.07763,0.07793,75657498.0,2026-07-29 16:00:00+00:00
1785355200000,0.07794,0.07921,0.07697,0.07916,46171524.2,2026-07-29 20:00:00+00:00
1785369600000,0.07915,0.08014,0.07865,0.07916,34818713.4,2026-07-30 00:00:00+00:00
1785384000000,0.07916,0.07922,0.07864,0.07888,21912233.9,2026-07-30 04:00:00+00:00
1785398400000,0.07889,0.07945,0.07804,0.07828,33942877.7,2026-07-30 08:00:00+00:00
1785412800000,0.07827,0.07865,0.07774,0.07815,38909066.7,2026-07-30 12:00:00+00:00
1785427200000,0.07815,0.07872,0.07766,0.07816,35521485.1,2026-07-30 16:00:00+00:00
1785441600000,0.07815,0.07841,0.07734,0.07742,48771783.4,2026-07-30 20:00:00+00:00
1785456000000,0.07741,0.07818,0.07687,0.07758,45317590.3,2026-07-31 00:00:00+00:00
1785470400000,0.07758,0.07775,0.07635,0.07705,35293234.1,2026-07-31 04:00:00+00:00
1785484800000,0.07705,0.07716,0.07578,0.07596,38231914.3,2026-07-31 08:00:00+00:00
1785499200000,0.07596,0.07739,0.07547,0.07698,63246541.4,2026-07-31 12:00:00+00:00
1785513600000,0.07699,0.0777,0.07684,0.07708,27545397.0,2026-07-31 16:00:00+00:00
1785528000000,0.07709,0.07839,0.07693,0.07822,28516998.1,2026-07-31 20:00:00+00:00
1785542400000,0.07823,0.07894,0.07801,0.07821,34423536.1,2026-08-01 00:00:00+00:00
1785556800000,0.07821,0.07851,0.07762,0.0779,29303857.8,2026-08-01 04:00:00+00:00
1785571200000,0.07791,0.07832,0.0778,0.07832,16727195.6,2026-08-01 08:00:00+00:00
1785585600000,0.07832,0.07884,0.07776,0.07825,28521147.3,2026-08-01 12:00:00+00:00
1785600000000,0.07825,0.07898,0.07695,0.0785,72858335.2,2026-08-01 16:00:00+00:00
1785614400000,0.07849,0.07973,0.07824,0.07892,42647997.1,2026-08-01 20:00:00+00:00
1785628800000,0.07891,0.08072,0.07883,0.08067,42187436.7,2026-08-02 00:00:00+00:00
1785643200000,0.08068,0.08226,0.08067,0.08185,47224844.9,2026-08-02 04:00:00+00:00
1785657600000,0.08185,0.08226,0.08146,0.08151,34620659.4,2026-08-02 08:00:00+00:00
1785672000000,0.08151,0.08184,0.08009,0.08069,48069466.1,2026-08-02 12:00:00+00:00
1785686400000,0.08069,0.08176,0.08041,0.08161,37269017.4,2026-08-02 16:00:00+00:00
1785700800000,0.08161,0.0819,0.08111,0.0816,22876777.3,2026-08-02 20:00:00+00:00
1785715200000,0.0816,0.08177,0.08014,0.08064,28692823.1,2026-08-03 00:00:00+00:00
1785729600000,0.08064,0.08098,0.08016,0.08032,24062947.2,2026-08-03 04:00:00+00:00
1785744000000,0.08032,0.08122,0.0798,0.08077,42469966.5,2026-08-03 08:00:00+00:00
1785758400000,0.08077,0.0819,0.08028,0.08121,42973581.8,2026-08-03 12:00:00+00:00
1785772800000,0.0812,0.08237,0.08112,0.08231,64276165.7,2026-08-03 16:00:00+00:00
1785787200000,0.08231,0.08296,0.08201,0.08264,26717032.1,2026-08-03 20:00:00+00:00
1785801600000,0.08264,0.08405,0.08182,0.08307,46021249.9,2026-08-04 00:00:00+00:00
1785816000000,0.08306,0.08357,0.08229,0.08265,26914867.8,2026-08-04 04:00:00+00:00
1785830400000,0.08266,0.08275,0.08187,0.08225,28639142.5,2026-08-04 08:00:00+00:00
1785844800000,0.08225,0.08226,0.08091,0.08171,57254786.3,2026-08-04 12:00:00+00:00
1785859200000,0.08171,0.08224,0.0811,0.08191,61502637.7,2026-08-04 16:00:00+00:00
1785873600000,0.0819,0.0826,0.0817,0.08183,21782721.2,2026-08-04 20:00:00+00:00
1785888000000,0.08183,0.08191,0.08038,0.08059,32672408.5,2026-08-05 00:00:00+00:00
1785902400000,0.08058,0.08103,0.08038,0.081,20945569.7,2026-08-05 04:00:00+00:00
1785916800000,0.08099,0.08137,0.08078,0.08101,18885964.1,2026-08-05 08:00:00+00:00
1785931200000,0.08101,0.08171,0.08004,0.08057,33361791.9,2026-08-05 12:00:00+00:00
1785945600000,0.08057,0.08153,0.08054,0.08062,20528385.4,2026-08-05 16:00:00+00:00
1785960000000,0.08062,0.08094,0.0803,0.0804,14383852.4,2026-08-05 20:00:00+00:00
1785974400000,0.0804,0.08077,0.07941,0.07962,32379858.3,2026-08-06 00:00:00+00:00
1785988800000,0.07963,0.08039,0.07948,0.07991,20775038.7,2026-08-06 04:00:00+00:00
1786003200000,0.07991,0.0802,0.0771,0.07784,109731617.5,2026-08-06 08:00:00+00:00
1786017600000,0.07784,0.079,0.07737,0.07869,49012030.8,2026-08-06 12:00:00+00:00
1786032000000,0.0787,0.07938,0.07829,0.07862,35742948.8,2026-08-06 16:00:00+00:00
1786046400000,0.07863,0.07906,0.07808,0.07831,24877313.6,2026-08-06 20:00:00+00:00
1786060800000,0.07832,0.0784,0.07773,0.07792,38544066.7,2026-08-07 00:00:00+00:00
1786075200000,0.07791,0.07823,0.07741,0.07789,31821735.9,2026-08-07 04:00:00+00:00
1786089600000,0.07789,0.0786,0.07746,0.07823,36931712.5,2026-08-07 08:00:00+00:00
1786104000000,0.07823,0.07897,0.07726,0.07812,51922376.4,2026-08-07 12:00:00+00:00
1786118400000,0.07811,0.07915,0.07773,0.07909,26006757.2,2026-08-07 16:00:00+00:00
1786132800000,0.07909,0.07935,0.07862,0.07911,21426103.0,2026-08-07 20:00:00+00:00
1786147200000,0.07912,0.07914,0.07811,0.07882,16058125.7,2026-08-08 00:00:00+00:00
1786161600000,0.07882,0.07927,0.07862,0.07872,16470744.7,2026-08-08 04:00:00+00:00
1786176000000,0.07872,0.07986,0.07862,0.0796,27114334.4,2026-08-08 08:00:00+00:00
1786190400000,0.0796,0.08003,0.07924,0.07972,22338331.8,2026-08-08 12:00:00+00:00
1786204800000,0.07971,0.07997,0.07869,0.07875,16732779.4,2026-08-08 16:00:00+00:00
1786219200000,0.07875,0.07896,0.07766,0.07822,29520977.3,2026-08-08 20:00:00+00:00
1786233600000,0.07822,0.07838,0.07784,0.07802,22123260.7,2026-08-09 00:00:00+00:00
1786248000000,0.07802,0.07834,0.07743,0.07773,26166652.2,2026-08-09 04:00:00+00:00
1786262400000,0.07772,0.07793,0.0766,0.07751,39481922.2,2026-08-09 08:00:00+00:00
1786276800000,0.07751,0.07863,0.0774,0.07863,31695324.0,2026-08-09 12:00:00+00:00
1786291200000,0.07863,0.07885,0.07824,0.07882,24339583.2,2026-08-09 16:00:00+00:00
1786305600000,0.07881,0.08069,0.07752,0.07771,72292587.1,2026-08-09 20:00:00+00:00
1786320000000,0.07771,0.07907,0.07742,0.0784,45573691.3,2026-08-10 00:00:00+00:00
1786334400000,0.07839,0.0805,0.0783,0.0802,42504679.3,2026-08-10 04:00:00+00:00
1786348800000,0.0802,0.08048,0.07905,0.07993,41758500.5,2026-08-10 08:00:00+00:00
1786363200000,0.07994,0.0809,0.07948,0.07999,55152397.1,2026-08-10 12:00:00+00:00
1786377600000,0.07998,0.08087,0.07954,0.08059,39892994.7,2026-08-10 16:00:00+00:00
1786392000000,0.08059,0.08065,0.07911,0.08001,31544662.1,2026-08-10 20:00:00+00:00
1786406400000,0.08001,0.08151,0.07969,0.08048,42274054.4,2026-08-11 00:00:00+00:00
1786420800000,0.08047,0.08062,0.07914,0.07986,35060256.4,2026-08-11 04:00:00+00:00
1786435200000,0.07987,0.08028,0.07931,0.08001,34680113.1,2026-08-11 08:00:00+00:00
1786449600000,0.08003,0.08046,0.07716,0.07787,85829098.2,2026-08-11 12:00:00+00:00
1786464000000,0.07788,0.07851,0.07724,0.07819,39027765.1,2026-08-11 16:00:00+00:00
1786478400000,0.07819,0.08042,0.07815,0.08024,38444648.8,2026-08-11 20:00:00+00:00
1786492800000,0.08023,0.08087,0.07968,0.08018,45653909.5,2026-08-12 00:00:00+00:00
1786507200000,0.08017,0.08026,0.0784,0.07862,36382945.3,2026-08-12 04:00:00+00:00
1786521600000,0.07861,0.07901,0.07792,0.07888,27031965.1,2026-08-12 08:00:00+00:00
1786536000000,0.07889,0.07953,0.07789,0.07864,36867935.9,2026-08-12 12:00:00+00:00
1786550400000,0.07864,0.07891,0.07653,0.07709,55149451.0,2026-08-12 16:00:00+00:00
1786564800000,0.0771,0.07721,0.07346,0.07401,110862806.8,2026-08-12 20:00:00+00:00
1786579200000,0.07402,0.07613,0.0736,0.07548,64848063.8,2026-08-13 00:00:00+00:00
1786593600000,0.07547,0.07665,0.07533,0.0754,43003911.9,2026-08-13 04:00:00+00:00
1786608000000,0.0754,0.07564,0.07435,0.07453,41346015.4,2026-08-13 08:00:00+00:00
1786622400000,0.07453,0.07576,0.07448,0.07471,44511578.4,2026-08-13 12:00:00+00:00
1786636800000,0.07471,0.07535,0.074,0.07512,40462645.4,2026-08-13 16:00:00+00:00
1786651200000,0.07511,0.07599,0.07488,0.07524,23230152.0,2026-08-13 20:00:00+00:00
1786665600000,0.07523,0.07553,0.07473,0.07487,23221580.0,2026-08-14 00:00:00+00:00
1786680000000,0.07486,0.07573,0.07479,0.07515,21860233.3,2026-08-14 04:00:00+00:00
1786694400000,0.07516,0.07584,0.07414,0.07427,47338164.6,2026-08-14 08:00:00+00:00
1786708800000,0.07427,0.07496,0.07406,0.07474,29627321.3,2026-08-14 12:00:00+00:00
1786723200000,0.07475,0.07522,0.07421,0.07469,22104307.3,2026-08-14 16:00:00+00:00
1786737600000,0.07469,0.07472,0.07271,0.0745,44903796.4,2026-08-14 20:00:00+00:00
1786752000000,0.07449,0.07547,0.0744,0.07526,25860025.2,2026-08-15 00:00:00+00:00
1786766400000,0.07526,0.07543,0.0743,0.07432,22082870.7,2026-08-15 04:00:00+00:00
1786780800000,0.07433,0.07454,0.07397,0.07419,22328294.5,2026-08-15 08:00:00+00:00
1786795200000,0.07418,0.07441,0.07378,0.07411,23653384.3,2026-08-15 12:00:00+00:00
1786809600000,0.07412,0.07431,0.07378,0.07389,15630607.7,2026-08-15 16:00:00+00:00
1786824000000,0.07389,0.07389,0.07262,0.07273,25767079.4,2026-08-15 20:00:00+00:00
1786838400000,0.07274,0.07317,0.0721,0.07285,38534060.0,2026-08-16 00:00:00+00:00
1786852800000,0.07284,0.07355,0.07254,0.07355,22899735.6,2026-08-16 04:00:00+00:00
1786867200000,0.07355,0.07402,0.07322,0.07376,31310052.0,2026-08-16 08:00:00+00:00
1786881600000,0.07375,0.075,0.07348,0.07492,30218239.4,2026-08-16 12:00:00+00:00
1786896000000,0.07492,0.07506,0.0742,0.07435,24967892.5,2026-08-16 16:00:00+00:00
1786910400000,0.07435,0.07437,0.07265,0.07351,30955074.5,2026-08-16 20:00:00+00:00
1786924800000,0.07351,0.07494,0.07335,0.07454,35692056.6,2026-08-17 00:00:00+00:00
1786939200000,0.07454,0.07567,0.07453,0.07534,31310379.1,2026-08-17 04:00:00+00:00
1786953600000,0.07535,0.07539,0.07436,0.07475,26095319.1,2026-08-17 08:00:00+00:00
1786968000000,0.07475,0.07545,0.07464,0.07529,27613107.8,2026-08-17 12:00:00+00:00
1786982400000,0.0753,0.07588,0.07469,0.07547,39018277.6,2026-08-17 16:00:00+00:00
1786996800000,0.07548,0.07569,0.07471,0.07513,21562259.9,2026-08-17 20:00:00+00:00
1787011200000,0.07512,0.07533,0.07347,0.07404,35070821.2,2026-08-18 00:00:00+00:00
1787025600000,0.07404,0.07526,0.07393,0.07487,24798670.0,2026-08-18 04:00:00+00:00
1787040000000,0.07487,0.07599,0.07457,0.07536,65572282.8,2026-08-18 08:00:00+00:00
1787054400000,0.07536,0.07589,0.07485,0.07561,50991969.8,2026-08-18 12:00:00+00:00
1787068800000,0.07561,0.07567,0.07478,0.07508,28442191.7,2026-08-18 16:00:00+00:00
1787083200000,0.07507,0.07559,0.07488,0.07524,18193504.8,2026-08-18 20:00:00+00:00
1787097600000,0.07524,0.07585,0.07497,0.07575,30098087.0,2026-08-19 00:00:00+00:00
1787112000000,0.07575,0.07722,0.07535,0.07666,69614982.2,2026-08-19 04:00:00+00:00
1787126400000,0.07667,0.07763,0.0765,0.07693,52150676.4,2026-08-19 08:00:00+00:00
1787140800000,0.07694,0.08068,0.07688,0.07974,116890063.8,2026-08-19 12:00:00+00:00
1787155200000,0.07975,0.0835,0.0797,0.08336,129036006.6,2026-08-19 16:00:00+00:00
1787169600000,0.08337,0.0906,0.08282,0.08948,234660219.4,2026-08-19 20:00:00+00:00
1787184000000,0.08949,0.08992,0.08695,0.08737,140555195.2,2026-08-20 00:00:00+00:00
1787198400000,0.08736,0.08953,0.08676,0.08898,67401999.7,2026-08-20 04:00:00+00:00
1787212800000,0.08897,0.09069,0.08774,0.08856,124661857.1,2026-08-20 08:00:00+00:00
1787227200000,0.08856,0.08966,0.08734,0.08955,70202276.1,2026-08-20 12:00:00+00:00
1787241600000,0.08956,0.09131,0.08816,0.08912,84300208.3,2026-08-20 16:00:00+00:00
1787256000000,0.08913,0.09125,0.08893,0.09088,55062630.5,2026-08-20 20:00:00+00:00
1787270400000,0.09088,0.09248,0.09044,0.09076,81772549.6,2026-08-21 00:00:00+00:00
1787284800000,0.09077,0.09408,0.09064,0.09383,69530992.9,2026-08-21 04:00:00+00:00
1787299200000,0.09384,0.09764,0.09322,0.09576,126850436.2,2026-08-21 08:00:00+00:00
1787313600000,0.09577,0.09886,0.09505,0.09767,105575480.3,2026-08-21 12:00:00+00:00
1787328000000,0.09766,0.09891,0.09375,0.0952,104555794.4,2026-08-21 16:00:00+00:00
1787342400000,0.09521,0.10038,0.0948,0.09818,80088488.1,2026-08-21 20:00:00+00:00
1787356800000,0.09818,0.10534,0.09714,0.10444,112154282.9,2026-08-22 00:00:00+00:00
1787371200000,0.10445,0.10969,0.09,0.0998,255594434.7,2026-08-22 04:00:00+00:00
1787385600000,0.09981,0.10041,0.09576,0.09807,105578115.3,2026-08-22 08:00:00+00:00
1787400000000,0.09806,0.09937,0.09672,0.09797,42396993.9,2026-08-22 12:00:00+00:00
1787414400000,0.09796,0.10108,0.09749,0.0999,42500024.8,2026-08-22 16:00:00+00:00
1787428800000,0.0999,0.10047,0.09647,0.09895,41647289.4,2026-08-22 20:00:00+00:00
1787443200000,0.09895,0.10056,0.09532,0.09586,58300216.4,2026-08-23 00:00:00+00:00
1787457600000,0.09585,0.09694,0.09416,0.09645,45309934.6,2026-08-23 04:00:00+00:00
1787472000000,0.09644,0.10077,0.09634,0.10005,43852071.1,2026-08-23 08:00:00+00:00
1787486400000,0.10005,0.10383,0.09931,0.10209,104176276.1,2026-08-23 12:00:00+00:00
1787500800000,0.10209,0.10288,0.10122,0.10149,35669628.7,2026-08-23 16:00:00+00:00
1787515200000,0.1015,0.1036,0.10086,0.10135,37570663.2,2026-08-23 20:00:00+00:00
1787529600000,0.10135,0.10135,0.09819,0.09942,46736837.2,2026-08-24 00:00:00+00:00
1787544000000,0.09942,0.101,0.09891,0.09926,35017651.1,2026-08-24 04:00:00+00:00
1787558400000,0.09926,0.09994,0.09728,0.09935,50745351.1,2026-08-24 08:00:00+00:00
1787572800000,0.09935,0.10079,0.09705,0.09919,92280432.2,2026-08-24 12:00:00+00:00
1787587200000,0.09919,0.10014,0.09676,0.09705,72431510.9,2026-08-24 16:00:00+00:00
1787601600000,0.09705,0.09772,0.09555,0.0969,34756851.5,2026-08-24 20:00:00+00:00
1787616000000,0.09689,0.10007,0.09612,0.09789,47520364.0,2026-08-25 00:00:00+00:00
1787630400000,0.09788,0.09911,0.09539,0.0962,50506477.4,2026-08-25 04:00:00+00:00
1787644800000,0.09621,0.09733,0.09468,0.09478,45352636.9,2026-08-25 08:00:00+00:00
1787659200000,0.09478,0.09575,0.0933,0.09513,50086823.7,2026-08-25 12:00:00+00:00
1787673600000,0.09513,0.09533,0.09379,0.09407,26856160.2,2026-08-25 16:00:00+00:00
1787688000000,0.09408,0.09415,0.09077,0.09215,47534853.1,2026-08-25 20:00:00+00:00
1787702400000,0.09214,0.09415,0.09176,0.09331,27672801.8,2026-08-26 00:00:00+00:00
1787716800000,0.09331,0.09379,0.09213,0.09309,25564540.9,2026-08-26 04:00:00+00:00
1787731200000,0.09309,0.09352,0.09141,0.09196,34276667.8,2026-08-26 08:00:00+00:00
1787745600000,0.09196,0.09304,0.08801,0.08884,86873342.1,2026-08-26 12:00:00+00:00
1787760000000,0.08885,0.09037,0.0885,0.08918,31455139.3,2026-08-26 16:00:00+00:00
1787774400000,0.08918,0.0939,0.08843,0.09276,56714110.9,2026-08-26 20:00:00+00:00
1787788800000,0.09277,0.09285,0.09031,0.09092,36685479.5,2026-08-27 00:00:00+00:00
1787803200000,0.09092,0.09154,0.08984,0.09114,30352452.5,2026-08-27 04:00:00+00:00
1787817600000,0.09114,0.09341,0.08952,0.09021,53867360.0,2026-08-27 08:00:00+00:00
1787832000000,0.09021,0.09236,0.08976,0.09151,55473849.3,2026-08-27 12:00:00+00:00
1787846400000,0.09151,0.09276,0.09027,0.09105,41257058.8,2026-08-27 16:00:00+00:00
1787860800000,0.09106,0.09283,0.09075,0.09188,36707079.4,2026-08-27 20:00:00+00:00
1787875200000,0.09189,0.09438,0.08947,0.09,50395883.6,2026-08-28 00:00:00+00:00
1787889600000,0.09,0.09076,0.08921,0.09014,26881942.8,2026-08-28 04:00:00+00:00
1787904000000,0.09014,0.09048,0.08865,0.09004,32750264.9,2026-08-28 08:00:00+00:00
1787918400000,0.09003,0.09121,0.08751,0.08826,71463963.0,2026-08-28 12:00:00+00:00
1787932800000,0.08825,0.08884,0.08621,0.08739,70825535.0,2026-08-28 16:00:00+00:00
1787947200000,0.08738,0.08783,0.08671,0.08776,18750502.7,2026-08-28 20:00:00+00:00
1787961600000,0.08776,0.08896,0.08725,0.08728,20669249.4,2026-08-29 00:00:00+00:00
1787976000000,0.08729,0.08829,0.08726,0.08759,14608984.5,2026-08-29 04:00:00+00:00
1787990400000,0.08759,0.0876,0.08685,0.08694,17080965.7,2026-08-29 08:00:00+00:00
1788004800000,0.08695,0.08856,0.08676,0.08773,20720610.2,2026-08-29 12:00:00+00:00
1788019200000,0.08773,0.08825,0.08756,0.08777,16161285.4,2026-08-29 16:00:00+00:00
1788033600000,0.08778,0.08838,0.08735,0.08765,14323877.3,2026-08-29 20:00:00+00:00
1788048000000,0.08765,0.08781,0.0863,0.08645,24841446.7,2026-08-30 00:00:00+00:00
1788062400000,0.08645,0.08704,0.08561,0.08637,27033581.1,2026-08-30 04:00:00+00:00
1788076800000,0.08637,0.08805,0.08613,0.08782,27937619.7,2026-08-30 08:00:00+00:00
1788091200000,0.08782,0.09001,0.08775,0.08845,44747798.1,2026-08-30 12:00:00+00:00
1788105600000,0.08846,0.09094,0.08825,0.08938,71182899.9,2026-08-30 16:00:00+00:00
1788120000000,0.08939,0.08994,0.08295,0.08417,125800606.9,2026-08-30 20:00:00+00:00
1788134400000,0.08418,0.08557,0.08377,0.08542,44043299.0,2026-08-31 00:00:00+00:00
1788148800000,0.08543,0.08708,0.08464,0.08625,37823760.8,2026-08-31 04:00:00+00:00
1788163200000,0.08625,0.08694,0.0857,0.08596,31095189.8,2026-08-31 08:00:00+00:00
1788177600000,0.08596,0.08767,0.08471,0.08742,69313180.1,2026-08-31 12:00:00+00:00
1788192000000,0.08741,0.09692,0.0868,0.09635,321682431.1,2026-08-31 16:00:00+00:00
1788206400000,0.09635,0.10992,0.09631,0.10938,811923227.5,2026-08-31 20:00:00+00:00
1788220800000,0.10937,0.1201,0.10719,0.11147,1352894553.5,2026-09-01 00:00:00+00:00
1788235200000,0.11147,0.11458,0.10812,0.1129,606025269.2,2026-09-01 04:00:00+00:00
1788249600000,0.1129,0.11664,0.105,0.11327,918488527.3,2026-09-01 08:00:00+00:00
1788264000000,0.11327,0.1134,0.10717,0.10967,747069946.5,2026-09-01 12:00:00+00:00
1788278400000,0.10967,0.1105,0.10422,0.10817,515353883.7,2026-09-01 16:00:00+00:00
1788292800000,0.10816,0.11062,0.10562,0.11039,181790485.9,2026-09-01 20:00:00+00:00
1788307200000,0.1104,0.11344,0.10749,0.11297,286973325.0,2026-09-02 00:00:00+00:00
1788321600000,0.11298,0.11584,0.11131,0.1146,257087887.6,2026-09-02 04:00:00+00:00
1788336000000,0.11461,0.11952,0.10568,0.10754,665075712.9,2026-09-02 08:00:00+00:00
1788350400000,0.10754,0.12,0.10709,0.11662,477612907.5,2026-09-02 12:00:00+00:00
1788364800000,0.11661,0.12664,0.11528,0.12397,643947032.2,2026-09-02 16:00:00+00:00
1788379200000,0.12396,0.12793,0.12117,0.12401,257619930.6,2026-09-02 20:00:00+00:00
1788393600000,0.12402,0.13258,0.12218,0.12718,377507397.5,2026-09-03 00:00:00+00:00
1788408000000,0.12719,0.13796,0.12625,0.13725,452339673.9,2026-09-03 04:00:00+00:00
1788422400000,0.13725,0.14185,0.13314,0.13588,578852010.2,2026-09-03 08:00:00+00:00
1788436800000,0.13588,0.1376,0.13009,0.1321,524263912.9,2026-09-03 12:00:00+00:00
1788451200000,0.13211,0.14493,0.12945,0.13846,612722228.6,2026-09-03 16:00:00+00:00
1788465600000,0.13845,0.144,0.13667,0.14087,372547631.3,2026-09-03 20:00:00+00:00
1788480000000,0.14087,0.14677,0.13437,0.1368,482783043.8,2026-09-04 00:00:00+00:00
1788494400000,0.1368,0.13834,0.13371,0.13824,160193105.6,2026-09-04 04:00:00+00:00
1788508800000,0.13823,0.14215,0.13363,0.13418,289613041.3,2026-09-04 08:00:00+00:00
1788523200000,0.13418,0.13675,0.12808,0.13454,456550313.0,2026-09-04 12:00:00+00:00
1788537600000,0.13453,0.13627,0.13094,0.1317,118751639.1,2026-09-04 16:00:00+00:00
1788552000000,0.1317,0.13276,0.12913,0.13176,82323658.4,2026-09-04 20:00:00+00:00
1788566400000,0.13176,0.13436,0.13014,0.13148,87382923.2,2026-09-05 00:00:00+00:00
1788580800000,0.13149,0.13804,0.1288,0.13335,138985697.4,2026-09-05 04:00:00+00:00
1788595200000,0.13335,0.13705,0.13101,0.13202,170170208.8,2026-09-05 08:00:00+00:00
1788609600000,0.13203,0.1358,0.13169,0.13252,96867311.9,2026-09-05 12:00:00+00:00
1788624000000,0.13252,0.15,0.13226,0.14942,423007556.2,2026-09-05 16:00:00+00:00
1788638400000,0.14942,0.18332,0.14884,0.17713,1085697777.0,2026-09-05 20:00:00+00:00
1788652800000,0.17714,0.19866,0.17714,0.19794,1224669589.7,2026-09-06 00:00:00+00:00
1788667200000,0.19793,0.20436,0.18792,0.20162,998616013.3,2026-09-06 04:00:00+00:00
1788681600000,0.20159,0.20683,0.19105,0.19371,716140083.6,2026-09-06 08:00:00+00:00
1788696000000,0.19369,0.19644,0.18055,0.18729,808381491.6,2026-09-06 12:00:00+00:00
1788710400000,0.18726,0.19249,0.18056,0.18345,441707044.5,2026-09-06 16:00:00+00:00
1788724800000,0.18345,0.192,0.18196,0.18918,267121669.4,2026-09-06 20:00:00+00:00
1788739200000,0.18919,0.19209,0.175,0.17522,379614775.8,2026-09-07 00:00:00+00:00
1788753600000,0.17523,0.17878,0.1675,0.1676,610493266.0,2026-09-07 04:00:00+00:00
1788768000000,0.16761,0.1696,0.16004,0.16522,562078800.6,2026-09-07 08:00:00+00:00
1788782400000,0.16522,0.1721,0.1603,0.16227,528247786.5,2026-09-07 12:00:00+00:00
1788796800000,0.16227,0.17093,0.16028,0.17047,265845817.8,2026-09-07 16:00:00+00:00
1788811200000,0.17047,0.17119,0.16644,0.1694,213042322.7,2026-09-07 20:00:00+00:00
1788825600000,0.1694,0.17299,0.16641,0.17028,241854865.7,2026-09-08 00:00:00+00:00
1788840000000,0.17028,0.177,0.16901,0.17077,299587711.5,2026-09-08 04:00:00+00:00
1788854400000,0.17077,0.17867,0.17,0.17533,250205200.0,2026-09-08 08:00:00+00:00
1788868800000,0.17532,0.17611,0.16502,0.17027,327163461.6,2026-09-08 12:00:00+00:00
1788883200000,0.17027,0.17106,0.16668,0.1682,112783182.2,2026-09-08 16:00:00+00:00
1788897600000,0.16823,0.17022,0.16384,0.16489,97767086.5,2026-09-08 20:00:00+00:00
1788912000000,0.1649,0.16719,0.16248,0.16494,97273857.1,2026-09-09 00:00:00+00:00
1788926400000,0.16494,0.1746,0.16485,0.17072,165684665.9,2026-09-09 04:00:00+00:00
1788940800000,0.17071,0.1721,0.16309,0.16645,260377838.1,2026-09-09 08:00:00+00:00
1788955200000,0.16645,0.16855,0.15266,0.15347,338775666.8,2026-09-09 12:00:00+00:00
1788969600000,0.15348,0.15582,0.1503,0.15115,298416527.6,2026-09-09 16:00:00+00:00
1788984000000,0.15115,0.15399,0.14844,0.14938,142794886.5,2026-09-09 20:00:00+00:00
1788998400000,0.14938,0.15092,0.14543,0.15054,178310280.8,2026-09-10 00:00:00+00:00
1789012800000,0.15053,0.15318,0.14783,0.1495,109350391.1,2026-09-10 04:00:00+00:00
1789027200000,0.1495,0.15079,0.14741,0.14813,92643170.6,2026-09-10 08:00:00+00:00
1789041600000,0.14812,0.15369,0.1456,0.1499,248367604.3,2026-09-10 12:00:00+00:00
1789056000000,0.1499,0.15062,0.14679,0.14752,132790335.3,2026-09-10 16:00:00+00:00
1789070400000,0.14753,0.14895,0.1395,0.13984,161697769.3,2026-09-10 20:00:00+00:00
1789084800000,0.13984,0.14685,0.13981,0.14607,92350948.4,2026-09-11 00:00:00+00:00
1789099200000,0.14608,0.14981,0.14336,0.14383,83843015.2,2026-09-11 04:00:00+00:00
1789113600000,0.14384,0.14512,0.138,0.14011,121243422.4,2026-09-11 08:00:00+00:00
1789128000000,0.14011,0.15185,0.13868,0.14396,324519022.5,2026-09-11 12:00:00+00:00
1789142400000,0.14396,0.1464,0.13926,0.14154,125002450.5,2026-09-11 16:00:00+00:00
1789156800000,0.14153,0.14254,0.13724,0.13944,89331699.6,2026-09-11 20:00:00+00:00
1789171200000,0.13944,0.14296,0.13927,0.14104,76634079.6,2026-09-12 00:00:00+00:00
1789185600000,0.14105,0.1462,0.14032,0.14437,88085616.2,2026-09-12 04:00:00+00:00
1789200000000,0.14437,0.14511,0.14209,0.14346,64041091.6,2026-09-12 08:00:00+00:00
1789214400000,0.14347,0.14507,0.14249,0.14367,61286982.3,2026-09-12 12:00:00+00:00
1789228800000,0.14367,0.14427,0.13844,0.13929,86734871.7,2026-09-12 16:00:00+00:00
1789243200000,0.13929,0.14054,0.13893,0.14041,38887969.5,2026-09-12 20:00:00+00:00
1789257600000,0.1404,0.14197,0.13981,0.14013,24108430.5,2026-09-13 00:00:00+00:00
