ts,open,high,low,close,volume,dt
1694664000000,211.94,212.37,211.03,212.03,81839.6,2023-09-14 04:00:00+00:00
1694678400000,212.02,212.85,211.46,212.52,86628.11,2023-09-14 08:00:00+00:00
1694692800000,212.52,214.24,211.5,213.05,228868.42,2023-09-14 12:00:00+00:00
1694707200000,213.04,213.22,211.6,212.75,128095.77,2023-09-14 16:00:00+00:00
1694721600000,212.76,212.97,211.67,212.04,70582.43,2023-09-14 20:00:00+00:00
1694736000000,212.05,213.0,211.5,212.65,100139.82,2023-09-15 00:00:00+00:00
1694750400000,212.65,213.2,211.68,211.72,88087.97,2023-09-15 04:00:00+00:00
1694764800000,211.72,213.25,211.54,211.97,115061.85,2023-09-15 08:00:00+00:00
1694779200000,211.98,212.53,210.79,212.01,161230.1,2023-09-15 12:00:00+00:00
1694793600000,212.02,212.43,211.6,212.03,65781.05,2023-09-15 16:00:00+00:00
1694808000000,212.04,214.9,211.86,214.0,144021.56,2023-09-15 20:00:00+00:00
1694822400000,214.01,215.83,214.0,214.49,140310.76,2023-09-16 00:00:00+00:00
1694836800000,214.49,215.5,214.24,214.96,111188.92,2023-09-16 04:00:00+00:00
1694851200000,214.95,214.99,213.3,214.15,152258.69,2023-09-16 08:00:00+00:00
1694865600000,214.15,214.32,213.17,213.91,62005.24,2023-09-16 12:00:00+00:00
1694880000000,213.91,214.82,213.74,214.22,64155.43,2023-09-16 16:00:00+00:00
1694894400000,214.22,215.0,214.09,214.74,49794.95,2023-09-16 20:00:00+00:00
1694908800000,214.74,215.0,213.1,214.77,106628.27,2023-09-17 00:00:00+00:00
1694923200000,214.77,214.89,214.1,214.3,51946.14,2023-09-17 04:00:00+00:00
1694937600000,214.31,215.18,214.23,214.56,56555.14,2023-09-17 08:00:00+00:00
1694952000000,214.57,216.91,214.52,216.19,184108.62,2023-09-17 12:00:00+00:00
1694966400000,216.18,216.46,215.0,216.41,110634.8,2023-09-17 16:00:00+00:00
1694980800000,216.42,216.49,214.97,216.31,146400.57,2023-09-17 20:00:00+00:00
1694995200000,216.3,218.8,215.0,217.8,338903.33,2023-09-18 00:00:00+00:00
1695009600000,217.8,218.12,216.69,216.93,127929.95,2023-09-18 04:00:00+00:00
1695024000000,216.94,220.18,216.43,219.85,334162.76,2023-09-18 08:00:00+00:00
1695038400000,219.86,221.46,218.4,219.51,233375.35,2023-09-18 12:00:00+00:00
1695052800000,219.5,219.82,215.15,216.62,354734.3,2023-09-18 16:00:00+00:00
1695067200000,216.62,216.88,215.12,215.99,125377.42,2023-09-18 20:00:00+00:00
1695081600000,215.98,216.91,215.31,216.48,87680.79,2023-09-19 00:00:00+00:00
1695096000000,216.48,217.1,216.09,217.01,70869.67,2023-09-19 04:00:00+00:00
1695110400000,217.0,219.99,216.99,218.43,205035.0,2023-09-19 08:00:00+00:00
1695124800000,218.42,218.89,216.61,218.46,218185.13,2023-09-19 12:00:00+00:00
1695139200000,218.47,218.7,216.43,217.01,118302.42,2023-09-19 16:00:00+00:00
1695153600000,217.01,217.44,216.24,217.22,69554.27,2023-09-19 20:00:00+00:00
1695168000000,217.21,217.88,216.25,216.4,91798.18,2023-09-20 00:00:00+00:00
1695182400000,216.39,216.77,215.74,216.4,78391.39,2023-09-20 04:00:00+00:00
1695196800000,216.4,217.1,214.69,215.92,126505.77,2023-09-20 08:00:00+00:00
1695211200000,215.93,216.84,215.23,215.92,118215.01,2023-09-20 12:00:00+00:00
1695225600000,215.91,216.97,212.78,214.42,201487.23,2023-09-20 16:00:00+00:00
1695240000000,214.44,219.04,213.49,214.39,216366.18,2023-09-20 20:00:00+00:00
1695254400000,214.4,215.29,213.82,215.2,119144.55,2023-09-21 00:00:00+00:00
1695268800000,215.2,215.25,213.16,213.34,92610.72,2023-09-21 04:00:00+00:00
1695283200000,213.34,213.69,209.2,210.63,393117.33,2023-09-21 08:00:00+00:00
1695297600000,210.63,212.3,209.33,210.7,255735.03,2023-09-21 12:00:00+00:00
1695312000000,210.71,211.37,210.53,210.73,67808.87,2023-09-21 16:00:00+00:00
1695326400000,210.74,211.08,209.93,210.91,48572.11,2023-09-21 20:00:00+00:00
1695340800000,210.9,212.34,209.7,211.96,129616.47,2023-09-22 00:00:00+00:00
1695355200000,211.96,212.04,210.48,211.59,86744.85,2023-09-22 04:00:00+00:00
1695369600000,211.6,211.95,210.73,211.23,76242.92,2023-09-22 08:00:00+00:00
1695384000000,211.22,211.4,210.3,210.73,84490.23,2023-09-22 12:00:00+00:00
1695398400000,210.74,211.29,209.76,210.62,114212.5,2023-09-22 16:00:00+00:00
1695412800000,210.62,211.4,210.18,211.15,51052.67,2023-09-22 20:00:00+00:00
1695427200000,211.16,211.79,210.14,210.2,64716.1,2023-09-23 00:00:00+00:00
1695441600000,210.2,211.06,209.94,211.05,50244.27,2023-09-23 04:00:00+00:00
1695456000000,211.06,211.19,210.61,210.85,37580.12,2023-09-23 08:00:00+00:00
1695470400000,210.85,211.0,210.26,210.63,37745.37,2023-09-23 12:00:00+00:00
1695484800000,210.64,210.86,210.27,210.74,47350.09,2023-09-23 16:00:00+00:00
1695499200000,210.74,210.88,210.13,210.52,26153.84,2023-09-23 20:00:00+00:00
1695513600000,210.53,210.74,209.96,210.17,48008.11,2023-09-24 00:00:00+00:00
1695528000000,210.18,210.62,209.88,210.46,41721.82,2023-09-24 04:00:00+00:00
1695542400000,210.46,210.99,210.44,210.89,39990.09,2023-09-24 08:00:00+00:00
1695556800000,210.9,211.03,210.48,210.76,37342.97,2023-09-24 12:00:00+00:00
1695571200000,210.76,211.36,209.24,209.56,134106.81,2023-09-24 16:00:00+00:00
1695585600000,209.56,209.86,206.0,208.34,151713.26,2023-09-24 20:00:00+00:00
1695600000000,208.34,209.48,206.52,208.91,168464.19,2023-09-25 00:00:00+00:00
1695614400000,208.91,210.14,208.34,209.57,108331.29,2023-09-25 04:00:00+00:00
1695628800000,209.57,209.79,207.76,208.26,104782.07,2023-09-25 08:00:00+00:00
1695643200000,208.27,209.65,207.82,209.09,136514.96,2023-09-25 12:00:00+00:00
1695657600000,209.1,210.62,209.1,210.07,124853.49,2023-09-25 16:00:00+00:00
1695672000000,210.07,210.69,209.73,210.06,53922.51,2023-09-25 20:00:00+00:00
1695686400000,210.07,212.45,209.82,211.6,180368.22,2023-09-26 00:00:00+00:00
1695700800000,211.6,212.73,211.19,212.62,134631.83,2023-09-26 04:00:00+00:00
1695715200000,212.63,214.0,211.9,212.65,198218.24,2023-09-26 08:00:00+00:00
1695729600000,212.65,212.96,210.9,211.02,136830.07,2023-09-26 12:00:00+00:00
1695744000000,211.02,212.39,210.9,212.17,104721.31,2023-09-26 16:00:00+00:00
1695758400000,212.16,212.74,210.73,212.68,77713.98,2023-09-26 20:00:00+00:00
1695772800000,212.67,213.36,212.28,213.23,76530.72,2023-09-27 00:00:00+00:00
1695787200000,213.23,213.68,212.78,213.28,92125.43,2023-09-27 04:00:00+00:00
1695801600000,213.27,216.13,212.47,215.49,235138.27,2023-09-27 08:00:00+00:00
1695816000000,215.48,215.97,211.75,212.44,270633.41,2023-09-27 12:00:00+00:00
1695830400000,212.44,212.97,210.52,211.73,155126.94,2023-09-27 16:00:00+00:00
1695844800000,211.73,212.32,211.19,212.15,83893.1,2023-09-27 20:00:00+00:00
1695859200000,212.14,213.18,211.88,212.12,105330.9,2023-09-28 00:00:00+00:00
1695873600000,212.12,213.38,211.62,213.19,120783.8,2023-09-28 04:00:00+00:00
1695888000000,213.18,214.34,212.77,213.7,123121.85,2023-09-28 08:00:00+00:00
1695902400000,213.7,215.91,213.45,215.7,197981.34,2023-09-28 12:00:00+00:00
1695916800000,215.71,217.2,214.31,215.37,221992.41,2023-09-28 16:00:00+00:00
1695931200000,215.38,215.77,214.49,215.06,75938.85,2023-09-28 20:00:00+00:00
1695945600000,215.07,215.77,214.6,215.0,70238.56,2023-09-29 00:00:00+00:00
1695960000000,214.99,217.62,214.46,216.96,138180.7,2023-09-29 04:00:00+00:00
1695974400000,216.96,217.02,215.73,216.08,103388.19,2023-09-29 08:00:00+00:00
1695988800000,216.08,216.73,214.5,216.09,190375.59,2023-09-29 12:00:00+00:00
1696003200000,216.09,216.2,214.82,215.75,71631.9,2023-09-29 16:00:00+00:00
1696017600000,215.75,216.12,214.91,215.21,51065.36,2023-09-29 20:00:00+00:00
1696032000000,215.22,215.81,214.1,214.7,106240.97,2023-09-30 00:00:00+00:00
1696046400000,214.69,215.2,214.55,214.59,42147.41,2023-09-30 04:00:00+00:00
1696060800000,214.59,215.21,214.42,214.75,60485.01,2023-09-30 08:00:00+00:00
1696075200000,214.76,216.59,214.53,215.99,89076.75,2023-09-30 12:00:00+00:00
1696089600000,215.99,216.35,215.45,215.86,67606.5,2023-09-30 16:00:00+00:00
1696104000000,215.86,216.0,214.63,214.69,49983.02,2023-09-30 20:00:00+00:00
1696118400000,214.68,215.51,214.54,215.41,56148.7,2023-10-01 00:00:00+00:00
1696132800000,215.41,215.42,214.89,215.15,46111.25,2023-10-01 04:00:00+00:00
1696147200000,215.16,216.67,214.78,216.26,125103.58,2023-10-01 08:00:00+00:00
1696161600000,216.26,216.39,215.02,215.74,118267.65,2023-10-01 12:00:00+00:00
1696176000000,215.75,215.88,213.13,214.24,165109.92,2023-10-01 16:00:00+00:00
1696190400000,214.24,219.93,213.62,218.29,335070.35,2023-10-01 20:00:00+00:00
1696204800000,218.29,220.3,217.17,219.24,262311.71,2023-10-02 00:00:00+00:00
1696219200000,219.24,220.15,218.0,219.98,156206.89,2023-10-02 04:00:00+00:00
1696233600000,219.98,221.73,218.81,218.99,191682.64,2023-10-02 08:00:00+00:00
1696248000000,218.99,219.62,215.9,216.39,263090.03,2023-10-02 12:00:00+00:00
1696262400000,216.38,217.11,213.19,215.2,281066.29,2023-10-02 16:00:00+00:00
1696276800000,215.19,215.2,213.23,214.7,117383.73,2023-10-02 20:00:00+00:00
1696291200000,214.7,215.6,214.46,215.47,73509.02,2023-10-03 00:00:00+00:00
1696305600000,215.48,215.92,214.71,215.35,97033.04,2023-10-03 04:00:00+00:00
1696320000000,215.35,215.88,213.52,214.0,162334.3,2023-10-03 08:00:00+00:00
1696334400000,214.0,214.94,212.69,213.64,182680.1,2023-10-03 12:00:00+00:00
1696348800000,213.63,214.12,212.91,213.06,102663.18,2023-10-03 16:00:00+00:00
1696363200000,213.06,213.8,212.34,213.46,99254.28,2023-10-03 20:00:00+00:00
1696377600000,213.46,213.5,210.83,212.02,193215.91,2023-10-04 00:00:00+00:00
1696392000000,212.01,212.4,210.79,212.4,110470.34,2023-10-04 04:00:00+00:00
1696406400000,212.4,213.0,212.25,212.58,83263.34,2023-10-04 08:00:00+00:00
1696420800000,212.58,213.55,211.6,211.96,149802.26,2023-10-04 12:00:00+00:00
1696435200000,211.96,213.72,211.86,212.89,124173.25,2023-10-04 16:00:00+00:00
1696449600000,212.9,213.83,212.58,213.45,55486.78,2023-10-04 20:00:00+00:00
1696464000000,213.45,214.09,212.82,212.85,66547.13,2023-10-05 00:00:00+00:00
1696478400000,212.85,213.14,211.97,212.4,60070.71,2023-10-05 04:00:00+00:00
1696492800000,212.41,213.07,212.28,212.43,54157.01,2023-10-05 08:00:00+00:00
1696507200000,212.43,213.42,210.55,211.18,223550.94,2023-10-05 12:00:00+00:00
1696521600000,211.18,211.65,210.27,211.16,138470.01,2023-10-05 16:00:00+00:00
1696536000000,211.15,211.38,210.51,210.8,56319.29,2023-10-05 20:00:00+00:00
1696550400000,210.79,211.85,210.7,211.7,55434.91,2023-10-06 00:00:00+00:00
1696564800000,211.7,212.72,211.23,212.5,62341.04,2023-10-06 04:00:00+00:00
1696579200000,212.5,212.69,211.85,212.16,69323.97,2023-10-06 08:00:00+00:00
1696593600000,212.16,212.9,210.25,212.68,200861.85,2023-10-06 12:00:00+00:00
1696608000000,212.68,214.35,212.05,213.44,150327.32,2023-10-06 16:00:00+00:00
1696622400000,213.44,214.69,213.25,213.42,71766.07,2023-10-06 20:00:00+00:00
1696636800000,213.43,213.99,213.33,213.4,53403.33,2023-10-07 00:00:00+00:00
1696651200000,213.39,213.81,213.38,213.49,39032.81,2023-10-07 04:00:00+00:00
1696665600000,213.49,213.82,212.57,212.67,67533.7,2023-10-07 08:00:00+00:00
1696680000000,212.67,213.32,212.48,212.69,47574.03,2023-10-07 12:00:00+00:00
1696694400000,212.69,212.69,211.67,211.73,52120.62,2023-10-07 16:00:00+00:00
1696708800000,211.73,212.38,211.63,212.33,31389.9,2023-10-07 20:00:00+00:00
1696723200000,212.34,212.8,211.98,212.8,44685.18,2023-10-08 00:00:00+00:00
1696737600000,212.8,212.86,211.53,211.82,56438.4,2023-10-08 04:00:00+00:00
1696752000000,211.82,211.83,208.73,210.27,187845.84,2023-10-08 08:00:00+00:00
1696766400000,210.27,213.0,209.92,211.57,162132.56,2023-10-08 12:00:00+00:00
1696780800000,211.58,211.95,211.09,211.79,46901.59,2023-10-08 16:00:00+00:00
1696795200000,211.79,212.14,210.99,211.42,52909.34,2023-10-08 20:00:00+00:00
1696809600000,211.43,212.31,210.62,212.04,83596.46,2023-10-09 00:00:00+00:00
1696824000000,212.05,212.2,210.8,211.14,64274.0,2023-10-09 04:00:00+00:00
1696838400000,211.14,211.43,206.1,207.1,346898.06,2023-10-09 08:00:00+00:00
1696852800000,207.1,208.29,206.21,206.94,180059.98,2023-10-09 12:00:00+00:00
1696867200000,206.94,207.5,201.43,206.06,560174.39,2023-10-09 16:00:00+00:00
1696881600000,206.06,206.7,204.74,205.83,128019.97,2023-10-09 20:00:00+00:00
1696896000000,205.83,207.7,205.56,206.72,125751.64,2023-10-10 00:00:00+00:00
1696910400000,206.72,209.4,206.4,208.61,226498.98,2023-10-10 04:00:00+00:00
1696924800000,208.6,215.0,206.84,207.03,580631.01,2023-10-10 08:00:00+00:00
1696939200000,207.04,208.81,206.3,207.31,282372.27,2023-10-10 12:00:00+00:00
1696953600000,207.31,209.3,206.73,208.82,206347.09,2023-10-10 16:00:00+00:00
1696968000000,208.82,208.96,207.13,208.59,85906.67,2023-10-10 20:00:00+00:00
1696982400000,208.58,208.88,204.16,205.33,289871.45,2023-10-11 00:00:00+00:00
1696996800000,205.34,206.67,205.27,206.08,128057.73,2023-10-11 04:00:00+00:00
1697011200000,206.09,208.44,205.38,207.68,194988.63,2023-10-11 08:00:00+00:00
1697025600000,207.68,207.98,204.69,205.27,201452.61,2023-10-11 12:00:00+00:00
1697040000000,205.28,206.39,204.42,206.07,197523.15,2023-10-11 16:00:00+00:00
1697054400000,206.07,206.77,205.66,206.61,69155.27,2023-10-11 20:00:00+00:00
1697068800000,206.61,206.81,204.9,205.91,110651.63,2023-10-12 00:00:00+00:00
1697083200000,205.91,206.31,205.22,205.35,63375.61,2023-10-12 04:00:00+00:00
1697097600000,205.36,207.47,202.57,205.93,312459.69,2023-10-12 08:00:00+00:00
1697112000000,205.93,206.58,205.04,205.66,190800.4,2023-10-12 12:00:00+00:00
1697126400000,205.67,206.19,204.07,205.38,160228.0,2023-10-12 16:00:00+00:00
1697140800000,205.38,205.88,204.84,205.29,58440.47,2023-10-12 20:00:00+00:00
1697155200000,205.28,206.86,204.85,205.2,99202.28,2023-10-13 00:00:00+00:00
1697169600000,205.21,206.42,204.4,206.38,102795.18,2023-10-13 04:00:00+00:00
1697184000000,206.38,206.44,205.06,205.65,75310.98,2023-10-13 08:00:00+00:00
1697198400000,205.65,206.78,205.24,205.73,93794.66,2023-10-13 12:00:00+00:00
1697212800000,205.73,206.42,205.25,205.65,80723.09,2023-10-13 16:00:00+00:00
1697227200000,205.64,208.43,205.59,206.05,185383.31,2023-10-13 20:00:00+00:00
1697241600000,206.06,206.96,206.0,206.65,48298.07,2023-10-14 00:00:00+00:00
1697256000000,206.66,207.14,206.12,206.35,43206.6,2023-10-14 04:00:00+00:00
1697270400000,206.36,206.56,205.76,205.91,38918.28,2023-10-14 08:00:00+00:00
1697284800000,205.91,206.8,205.84,206.8,47539.51,2023-10-14 12:00:00+00:00
1697299200000,206.8,206.9,206.34,206.47,44797.97,2023-10-14 16:00:00+00:00
1697313600000,206.48,206.97,206.14,206.6,34771.99,2023-10-14 20:00:00+00:00
1697328000000,206.6,208.46,206.36,207.14,106808.88,2023-10-15 00:00:00+00:00
1697342400000,207.15,207.56,207.0,207.49,34764.36,2023-10-15 04:00:00+00:00
1697356800000,207.48,207.9,207.09,207.19,48615.57,2023-10-15 08:00:00+00:00
1697371200000,207.19,212.0,206.51,209.37,293790.98,2023-10-15 12:00:00+00:00
1697385600000,209.37,210.26,208.79,209.74,100127.55,2023-10-15 16:00:00+00:00
1697400000000,209.74,210.5,209.12,209.87,101535.43,2023-10-15 20:00:00+00:00
1697414400000,209.87,211.34,209.66,210.51,89438.21,2023-10-16 00:00:00+00:00
1697428800000,210.51,214.6,210.42,212.98,300671.72,2023-10-16 04:00:00+00:00
1697443200000,212.98,213.51,212.32,212.86,114875.13,2023-10-16 08:00:00+00:00
1697457600000,212.86,220.14,211.48,212.86,675665.41,2023-10-16 12:00:00+00:00
1697472000000,212.86,215.36,212.86,214.61,155762.91,2023-10-16 16:00:00+00:00
1697486400000,214.62,215.53,213.57,214.75,87321.46,2023-10-16 20:00:00+00:00
1697500800000,214.75,215.14,213.65,213.69,79440.26,2023-10-17 00:00:00+00:00
1697515200000,213.7,213.98,212.75,213.74,104948.45,2023-10-17 04:00:00+00:00
1697529600000,213.74,214.07,212.01,212.6,164568.11,2023-10-17 08:00:00+00:00
1697544000000,212.61,214.14,208.75,212.1,344240.28,2023-10-17 12:00:00+00:00
1697558400000,212.1,212.59,210.68,211.64,101562.23,2023-10-17 16:00:00+00:00
1697572800000,211.63,211.8,210.94,211.55,55826.67,2023-10-17 20:00:00+00:00
1697587200000,211.54,212.67,211.08,212.53,67413.45,2023-10-18 00:00:00+00:00
1697601600000,212.52,214.08,212.42,212.68,123192.58,2023-10-18 04:00:00+00:00
1697616000000,212.68,213.47,212.26,212.79,82812.58,2023-10-18 08:00:00+00:00
1697630400000,212.8,213.13,211.27,211.73,95874.37,2023-10-18 12:00:00+00:00
1697644800000,211.73,212.32,210.27,210.72,73601.37,2023-10-18 16:00:00+00:00
1697659200000,210.72,210.94,210.0,210.37,66216.02,2023-10-18 20:00:00+00:00
1697673600000,210.37,210.93,208.1,209.22,134435.55,2023-10-19 00:00:00+00:00
1697688000000,209.23,210.27,208.9,210.13,64450.16,2023-10-19 04:00:00+00:00
1697702400000,210.13,211.12,209.54,210.65,83425.07,2023-10-19 08:00:00+00:00
1697716800000,210.64,211.59,210.27,210.43,116847.4,2023-10-19 12:00:00+00:00
1697731200000,210.43,211.1,210.3,210.77,86704.66,2023-10-19 16:00:00+00:00
1697745600000,210.75,211.38,210.14,211.32,72681.46,2023-10-19 20:00:00+00:00
1697760000000,211.33,213.59,210.63,212.93,161616.41,2023-10-20 00:00:00+00:00
1697774400000,212.94,214.13,212.33,212.46,126332.16,2023-10-20 04:00:00+00:00
1697788800000,212.47,216.8,212.46,214.2,311496.52,2023-10-20 08:00:00+00:00
1697803200000,214.19,214.35,212.77,212.98,134006.58,2023-10-20 12:00:00+00:00
1697817600000,212.98,213.36,212.04,212.97,77289.28,2023-10-20 16:00:00+00:00
1697832000000,212.96,213.17,212.1,212.17,45660.07,2023-10-20 20:00:00+00:00
1697846400000,212.17,212.61,211.49,212.26,69066.56,2023-10-21 00:00:00+00:00
1697860800000,212.25,213.1,212.05,212.89,61832.2,2023-10-21 04:00:00+00:00
1697875200000,212.89,213.55,212.56,213.36,82695.54,2023-10-21 08:00:00+00:00
1697889600000,213.37,214.52,212.44,214.44,112838.88,2023-10-21 12:00:00+00:00
1697904000000,214.44,215.99,213.61,215.24,155389.97,2023-10-21 16:00:00+00:00
1697918400000,215.24,215.64,213.86,214.32,97072.34,2023-10-21 20:00:00+00:00
1697932800000,214.33,215.3,213.95,214.33,69436.06,2023-10-22 00:00:00+00:00
1697947200000,214.34,216.88,213.71,214.26,184949.09,2023-10-22 04:00:00+00:00
1697961600000,214.26,214.83,213.68,214.13,75999.91,2023-10-22 08:00:00+00:00
1697976000000,214.12,215.15,214.0,214.32,74181.87,2023-10-22 12:00:00+00:00
1697990400000,214.33,215.88,214.07,215.18,81041.89,2023-10-22 16:00:00+00:00
1698004800000,215.18,218.82,214.91,217.95,174696.96,2023-10-22 20:00:00+00:00
1698019200000,217.95,223.0,217.05,222.28,409868.65,2023-10-23 00:00:00+00:00
1698033600000,222.28,222.99,218.76,219.6,259704.4,2023-10-23 04:00:00+00:00
1698048000000,219.6,221.06,218.25,220.29,162102.99,2023-10-23 08:00:00+00:00
1698062400000,220.29,220.69,218.23,219.38,194004.42,2023-10-23 12:00:00+00:00
1698076800000,219.38,222.43,219.07,222.33,238507.23,2023-10-23 16:00:00+00:00
1698091200000,222.33,231.73,221.71,228.8,539668.81,2023-10-23 20:00:00+00:00
1698105600000,228.81,238.46,228.15,230.6,586990.5,2023-10-24 00:00:00+00:00
1698120000000,230.61,232.18,226.85,227.81,315293.12,2023-10-24 04:00:00+00:00
1698134400000,227.81,232.37,226.57,231.9,246718.09,2023-10-24 08:00:00+00:00
1698148800000,231.9,233.51,221.49,224.03,504169.61,2023-10-24 12:00:00+00:00
1698163200000,224.02,226.66,222.81,225.77,296647.92,2023-10-24 16:00:00+00:00
1698177600000,225.75,227.33,223.57,225.32,161355.24,2023-10-24 20:00:00+00:00
1698192000000,225.33,229.32,225.13,227.36,186653.32,2023-10-25 00:00:00+00:00
1698206400000,227.36,228.24,224.02,225.02,180357.06,2023-10-25 04:00:00+00:00
1698220800000,225.01,226.45,223.82,224.62,200995.57,2023-10-25 08:00:00+00:00
1698235200000,224.62,227.94,224.33,227.47,272069.6,2023-10-25 12:00:00+00:00
1698249600000,227.48,228.0,222.72,223.43,233820.72,2023-10-25 16:00:00+00:00
1698264000000,223.43,223.96,221.63,222.29,131344.56,2023-10-25 20:00:00+00:00
1698278400000,222.28,226.22,221.76,226.19,184915.17,2023-10-26 00:00:00+00:00
1698292800000,226.19,228.33,222.95,226.7,288318.6,2023-10-26 04:00:00+00:00
1698307200000,226.72,228.49,223.23,224.88,334345.19,2023-10-26 08:00:00+00:00
1698321600000,224.89,226.52,218.6,221.15,426146.16,2023-10-26 12:00:00+00:00
1698336000000,221.14,222.83,220.0,222.61,156335.74,2023-10-26 16:00:00+00:00
1698350400000,222.6,223.96,222.36,223.32,85798.69,2023-10-26 20:00:00+00:00
1698364800000,223.33,223.43,220.01,223.28,149623.09,2023-10-27 00:00:00+00:00
1698379200000,223.27,227.0,222.55,223.3,249147.96,2023-10-27 04:00:00+00:00
1698393600000,223.3,228.43,223.26,227.88,256352.3,2023-10-27 08:00:00+00:00
1698408000000,227.88,233.0,223.83,226.02,855548.6,2023-10-27 12:00:00+00:00
1698422400000,226.02,226.68,221.0,224.51,287044.57,2023-10-27 16:00:00+00:00
1698436800000,224.5,224.98,223.77,224.18,85983.77,2023-10-27 20:00:00+00:00
1698451200000,224.18,227.48,224.13,227.27,130912.76,2023-10-28 00:00:00+00:00
1698465600000,227.27,227.82,226.16,227.38,106605.46,2023-10-28 04:00:00+00:00
1698480000000,227.38,228.71,226.47,226.87,157642.47,2023-10-28 08:00:00+00:00
1698494400000,226.86,227.05,224.91,226.84,114887.29,2023-10-28 12:00:00+00:00
1698508800000,226.84,226.86,225.26,225.51,48026.62,2023-10-28 16:00:00+00:00
1698523200000,225.52,226.5,225.15,225.8,48524.21,2023-10-28 20:00:00+00:00
1698537600000,225.81,226.17,223.6,224.63,93401.84,2023-10-29 00:00:00+00:00
1698552000000,224.64,225.96,224.41,225.87,46994.39,2023-10-29 04:00:00+00:00
1698566400000,225.86,226.36,225.47,226.21,66331.04,2023-10-29 08:00:00+00:00
1698580800000,226.22,227.41,226.13,226.64,94459.57,2023-10-29 12:00:00+00:00
1698595200000,226.64,227.77,225.92,226.9,96482.04,2023-10-29 16:00:00+00:00
1698609600000,226.9,228.29,226.62,227.2,68019.56,2023-10-29 20:00:00+00:00
1698624000000,227.2,228.0,225.5,225.7,119695.69,2023-10-30 00:00:00+00:00
1698638400000,225.71,226.23,224.61,226.15,98182.94,2023-10-30 04:00:00+00:00
1698652800000,226.15,228.69,225.87,228.42,170045.44,2023-10-30 08:00:00+00:00
1698667200000,228.41,229.39,227.6,228.68,147261.95,2023-10-30 12:00:00+00:00
1698681600000,228.68,228.92,225.55,228.33,137619.91,2023-10-30 16:00:00+00:00
1698696000000,228.32,229.22,227.78,228.1,69312.28,2023-10-30 20:00:00+00:00
1698710400000,228.11,229.49,226.43,226.53,121677.33,2023-10-31 00:00:00+00:00
1698724800000,226.54,227.73,225.7,226.02,98950.33,2023-10-31 04:00:00+00:00
1698739200000,226.02,228.65,225.03,228.21,125999.0,2023-10-31 08:00:00+00:00
1698753600000,228.22,228.7,223.37,224.58,274688.05,2023-10-31 12:00:00+00:00
1698768000000,224.58,226.32,223.96,225.91,118773.74,2023-10-31 16:00:00+00:00
1698782400000,225.91,226.7,225.41,226.35,64738.6,2023-10-31 20:00:00+00:00
1698796800000,226.35,227.17,225.2,225.5,78601.65,2023-11-01 00:00:00+00:00
1698811200000,225.51,225.68,224.15,224.74,94012.63,2023-11-01 04:00:00+00:00
1698825600000,224.75,225.17,223.48,224.58,97587.43,2023-11-01 08:00:00+00:00
1698840000000,224.58,226.88,222.42,223.45,236926.54,2023-11-01 12:00:00+00:00
1698854400000,223.44,228.0,223.21,226.75,219137.5,2023-11-01 16:00:00+00:00
1698868800000,226.75,230.15,226.75,228.15,218785.79,2023-11-01 20:00:00+00:00
1698883200000,228.15,232.74,227.7,230.86,235330.08,2023-11-02 00:00:00+00:00
1698897600000,230.85,231.16,227.81,229.97,225005.07,2023-11-02 04:00:00+00:00
1698912000000,229.96,232.18,228.5,232.03,159529.71,2023-11-02 08:00:00+00:00
1698926400000,232.02,233.97,228.15,229.57,444272.25,2023-11-02 12:00:00+00:00
1698940800000,229.58,232.73,227.77,232.67,256584.99,2023-11-02 16:00:00+00:00
1698955200000,232.68,233.17,230.53,232.03,118515.83,2023-11-02 20:00:00+00:00
1698969600000,232.02,232.63,227.3,230.03,206057.98,2023-11-03 00:00:00+00:00
1698984000000,230.04,231.44,227.96,229.96,158011.0,2023-11-03 04:00:00+00:00
1698998400000,229.97,230.29,225.54,227.7,266204.88,2023-11-03 08:00:00+00:00
1699012800000,227.69,229.75,226.55,229.59,152934.39,2023-11-03 12:00:00+00:00
1699027200000,229.61,229.82,227.75,229.47,105530.85,2023-11-03 16:00:00+00:00
1699041600000,229.46,230.9,229.17,230.4,71017.28,2023-11-03 20:00:00+00:00
1699056000000,230.39,231.52,229.51,231.4,68274.9,2023-11-04 00:00:00+00:00
1699070400000,231.39,232.24,229.87,231.91,101121.74,2023-11-04 04:00:00+00:00
1699084800000,231.93,236.85,231.58,234.59,269408.76,2023-11-04 08:00:00+00:00
1699099200000,234.58,236.92,234.01,234.92,182815.46,2023-11-04 12:00:00+00:00
1699113600000,234.91,237.54,234.61,236.24,113829.7,2023-11-04 16:00:00+00:00
1699128000000,236.24,238.77,235.81,237.36,100148.99,2023-11-04 20:00:00+00:00
1699142400000,237.35,243.62,236.34,243.04,243120.22,2023-11-05 00:00:00+00:00
1699156800000,243.05,245.34,241.23,244.68,222653.79,2023-11-05 04:00:00+00:00
1699171200000,244.67,244.93,241.13,243.83,230128.69,2023-11-05 08:00:00+00:00
1699185600000,243.84,244.42,238.91,240.83,264593.61,2023-11-05 12:00:00+00:00
1699200000000,240.86,244.39,240.49,243.65,173955.58,2023-11-05 16:00:00+00:00
1699214400000,243.66,245.64,240.62,244.0,159853.28,2023-11-05 20:00:00+00:00
1699228800000,244.0,246.35,242.68,243.83,136223.91,2023-11-06 00:00:00+00:00
1699243200000,243.82,244.51,241.58,244.46,135644.28,2023-11-06 04:00:00+00:00
1699257600000,244.46,245.4,243.06,245.4,113637.04,2023-11-06 08:00:00+00:00
1699272000000,245.4,254.57,245.12,251.9,880526.15,2023-11-06 12:00:00+00:00
1699286400000,251.91,254.16,249.72,253.63,246785.68,2023-11-06 16:00:00+00:00
1699300800000,253.63,256.0,252.69,255.27,222082.19,2023-11-06 20:00:00+00:00
1699315200000,255.28,255.69,250.0,251.6,219348.65,2023-11-07 00:00:00+00:00
1699329600000,251.59,252.93,250.65,251.36,142684.63,2023-11-07 04:00:00+00:00
1699344000000,251.36,252.61,246.5,247.89,305540.77,2023-11-07 08:00:00+00:00
1699358400000,247.89,248.61,243.16,244.61,340504.2,2023-11-07 12:00:00+00:00
1699372800000,244.62,248.33,242.21,248.08,413751.21,2023-11-07 16:00:00+00:00
1699387200000,248.1,249.88,245.64,246.39,187345.4,2023-11-07 20:00:00+00:00
1699401600000,246.38,247.33,245.43,245.82,104159.96,2023-11-08 00:00:00+00:00
1699416000000,245.83,248.1,244.15,246.05,156958.54,2023-11-08 04:00:00+00:00
1699430400000,246.06,247.0,244.15,246.58,180056.89,2023-11-08 08:00:00+00:00
1699444800000,246.58,247.0,244.29,245.91,151220.53,2023-11-08 12:00:00+00:00
1699459200000,245.9,248.51,245.65,247.14,205157.13,2023-11-08 16:00:00+00:00
1699473600000,247.14,249.67,245.13,246.78,242698.55,2023-11-08 20:00:00+00:00
1699488000000,246.78,250.43,245.82,250.17,240845.18,2023-11-09 00:00:00+00:00
1699502400000,250.18,252.2,248.26,248.48,296716.07,2023-11-09 04:00:00+00:00
1699516800000,248.48,251.43,248.37,249.54,207581.17,2023-11-09 08:00:00+00:00
1699531200000,249.53,256.36,247.18,251.97,671327.4,2023-11-09 12:00:00+00:00
1699545600000,251.93,253.39,238.9,244.86,656811.33,2023-11-09 16:00:00+00:00
1699560000000,244.86,251.93,242.83,251.84,257546.92,2023-11-09 20:00:00+00:00
1699574400000,251.85,258.31,251.3,255.7,422484.89,2023-11-10 00:00:00+00:00
1699588800000,255.7,257.2,251.55,251.7,283149.46,2023-11-10 04:00:00+00:00
1699603200000,251.7,253.8,249.53,253.12,197666.68,2023-11-10 08:00:00+00:00
1699617600000,253.13,253.28,248.05,249.05,265290.88,2023-11-10 12:00:00+00:00
1699632000000,249.93,251.76,249.7,250.77,165300.7,2023-11-10 16:00:00+00:00
1699646400000,250.77,252.58,250.06,251.14,96711.33,2023-11-10 20:00:00+00:00
1699660800000,251.13,252.75,247.05,248.29,243304.97,2023-11-11 00:00:00+00:00
1699675200000,248.3,249.52,246.03,248.97,166827.04,2023-11-11 04:00:00+00:00
1699689600000,248.97,250.02,248.35,248.88,107130.64,2023-11-11 08:00:00+00:00
1699704000000,248.89,254.81,248.0,253.16,258315.52,2023-11-11 12:00:00+00:00
1699718400000,253.16,255.38,252.43,254.08,182005.4,2023-11-11 16:00:00+00:00
1699732800000,254.07,254.14,249.52,251.66,152101.12,2023-11-11 20:00:00+00:00
1699747200000,251.65,252.11,243.0,248.84,283489.02,2023-11-12 00:00:00+00:00
1699761600000,248.84,251.26,247.33,250.84,136854.05,2023-11-12 04:00:00+00:00
1699776000000,250.83,250.95,248.51,249.31,125069.66,2023-11-12 08:00:00+00:00
1699790400000,249.31,249.68,247.3,248.76,114833.72,2023-11-12 12:00:00+00:00
1699804800000,248.76,249.16,247.43,248.08,91105.71,2023-11-12 16:00:00+00:00
1699819200000,248.08,249.29,246.62,247.68,107534.29,2023-11-12 20:00:00+00:00
1699833600000,247.69,250.37,245.3,245.62,211887.99,2023-11-13 00:00:00+00:00
1699848000000,245.62,246.94,244.0,245.93,169766.86,2023-11-13 04:00:00+00:00
1699862400000,245.93,247.53,244.04,245.18,133600.38,2023-11-13 08:00:00+00:00
1699876800000,245.18,247.31,243.0,247.25,214133.04,2023-11-13 12:00:00+00:00
1699891200000,247.25,247.75,243.72,246.23,149134.64,2023-11-13 16:00:00+00:00
1699905600000,246.23,246.33,240.22,241.16,228808.68,2023-11-13 20:00:00+00:00
1699920000000,241.16,242.74,237.77,242.66,195424.54,2023-11-14 00:00:00+00:00
1699934400000,242.66,244.7,241.67,244.55,102063.39,2023-11-14 04:00:00+00:00
1699948800000,244.55,249.77,244.0,244.76,357230.18,2023-11-14 08:00:00+00:00
1699963200000,244.77,247.18,242.58,244.31,353609.85,2023-11-14 12:00:00+00:00
1699977600000,244.32,245.86,233.0,240.21,373716.8,2023-11-14 16:00:00+00:00
1699992000000,240.21,243.05,239.42,242.4,140206.96,2023-11-14 20:00:00+00:00
1700006400000,242.4,245.56,242.24,244.06,150868.97,2023-11-15 00:00:00+00:00
1700020800000,244.05,246.9,243.97,245.45,137897.38,2023-11-15 04:00:00+00:00
1700035200000,245.46,247.33,244.74,247.24,180847.99,2023-11-15 08:00:00+00:00
1700049600000,247.23,254.8,247.21,252.58,492487.43,2023-11-15 12:00:00+00:00
1700064000000,252.57,254.7,251.2,253.19,259528.96,2023-11-15 16:00:00+00:00
1700078400000,253.18,254.23,250.88,254.02,157438.07,2023-11-15 20:00:00+00:00
1700092800000,254.02,254.91,252.12,253.45,163316.81,2023-11-16 00:00:00+00:00
1700107200000,253.45,255.88,251.9,255.16,217610.49,2023-11-16 04:00:00+00:00
1700121600000,255.17,256.12,250.75,251.82,302195.97,2023-11-16 08:00:00+00:00
1700136000000,251.83,252.13,244.74,246.5,432146.07,2023-11-16 12:00:00+00:00
1700150400000,246.51,247.95,240.1,243.37,315426.24,2023-11-16 16:00:00+00:00
1700164800000,243.37,243.62,240.45,242.82,208589.58,2023-11-16 20:00:00+00:00
1700179200000,242.81,246.04,242.53,244.71,175301.5,2023-11-17 00:00:00+00:00
1700193600000,244.71,245.9,243.62,244.59,125111.07,2023-11-17 04:00:00+00:00
1700208000000,244.6,245.99,242.64,244.33,164261.53,2023-11-17 08:00:00+00:00
1700222400000,244.33,245.22,238.45,239.05,276662.26,2023-11-17 12:00:00+00:00
1700236800000,239.05,244.52,238.56,243.4,263896.71,2023-11-17 16:00:00+00:00
1700251200000,243.41,245.48,242.83,244.97,99091.1,2023-11-17 20:00:00+00:00
1700265600000,244.96,245.0,241.56,241.65,104560.61,2023-11-18 00:00:00+00:00
1700280000000,241.65,243.14,238.57,241.95,146423.03,2023-11-18 04:00:00+00:00
1700294400000,241.95,243.88,241.44,243.1,118999.67,2023-11-18 08:00:00+00:00
1700308800000,243.1,244.71,241.36,244.55,125946.33,2023-11-18 12:00:00+00:00
1700323200000,244.55,245.38,243.69,245.24,104941.95,2023-11-18 16:00:00+00:00
1700337600000,245.24,245.29,243.58,244.91,59743.96,2023-11-18 20:00:00+00:00
1700352000000,244.91,244.94,242.0,244.35,116460.94,2023-11-19 00:00:00+00:00
1700366400000,244.34,244.88,243.83,244.49,74422.62,2023-11-19 04:00:00+00:00
1700380800000,244.49,245.14,242.52,243.36,86447.32,2023-11-19 08:00:00+00:00
1700395200000,243.35,243.86,242.14,243.67,138050.24,2023-11-19 12:00:00+00:00
1700409600000,243.67,246.02,243.55,245.82,94013.45,2023-11-19 16:00:00+00:00
1700424000000,245.83,247.05,244.32,246.55,128494.03,2023-11-19 20:00:00+00:00
1700438400000,246.55,247.99,245.4,246.74,110782.11,2023-11-20 00:00:00+00:00
1700452800000,246.75,247.59,245.77,247.45,77433.28,2023-11-20 04:00:00+00:00
1700467200000,247.45,249.39,247.09,247.69,139293.48,2023-11-20 08:00:00+00:00
1700481600000,247.69,248.55,244.32,248.28,195359.94,2023-11-20 12:00:00+00:00
1700496000000,248.29,269.34,233.46,257.71,2390446.65,2023-11-20 16:00:00+00:00
1700510400000,257.71,259.13,250.85,253.27,459807.06,2023-11-20 20:00:00+00:00
1700524800000,253.26,268.4,252.55,262.95,875232.5,2023-11-21 00:00:00+00:00
1700539200000,262.95,264.61,257.19,257.52,451719.53,2023-11-21 04:00:00+00:00
1700553600000,257.52,261.35,257.32,258.97,251648.33,2023-11-21 08:00:00+00:00
1700568000000,258.96,272.42,247.43,264.72,1905698.21,2023-11-21 12:00:00+00:00
1700582400000,264.74,266.9,236.33,240.35,4227056.41,2023-11-21 16:00:00+00:00
1700596800000,240.38,248.4,224.0,225.66,1990727.78,2023-11-21 20:00:00+00:00
1700611200000,225.66,235.3,224.62,234.37,927083.59,2023-11-22 00:00:00+00:00
1700625600000,234.37,238.49,232.21,233.13,646972.72,2023-11-22 04:00:00+00:00
1700640000000,233.13,237.77,232.68,234.18,479686.01,2023-11-22 08:00:00+00:00
1700654400000,234.17,234.98,230.24,231.78,593922.48,2023-11-22 12:00:00+00:00
1700668800000,231.79,236.73,230.03,235.35,560922.24,2023-11-22 16:00:00+00:00
1700683200000,235.35,238.45,234.36,236.38,376294.93,2023-11-22 20:00:00+00:00
1700697600000,236.39,239.42,235.5,235.53,304212.08,2023-11-23 00:00:00+00:00
1700712000000,235.54,236.49,233.81,235.32,252834.52,2023-11-23 04:00:00+00:00
1700726400000,235.33,237.08,232.25,232.94,321586.83,2023-11-23 08:00:00+00:00
1700740800000,232.94,233.84,230.3,230.98,315380.29,2023-11-23 12:00:00+00:00
1700755200000,230.98,234.33,230.65,233.67,244411.52,2023-11-23 16:00:00+00:00
1700769600000,233.66,234.58,233.27,233.89,134908.4,2023-11-23 20:00:00+00:00
1700784000000,233.88,235.83,233.56,234.89,161264.19,2023-11-24 00:00:00+00:00
1700798400000,234.9,235.99,234.56,235.62,140419.16,2023-11-24 04:00:00+00:00
1700812800000,235.63,237.0,233.71,235.3,294835.26,2023-11-24 08:00:00+00:00
1700827200000,235.29,236.48,233.82,235.24,271438.98,2023-11-24 12:00:00+00:00
1700841600000,235.23,236.31,232.0,232.86,251256.44,2023-11-24 16:00:00+00:00
1700856000000,232.86,233.6,231.58,232.86,121540.28,2023-11-24 20:00:00+00:00
1700870400000,232.86,235.55,232.25,234.62,133814.49,2023-11-25 00:00:00+00:00
1700884800000,234.62,235.6,234.02,235.58,97420.69,2023-11-25 04:00:00+00:00
1700899200000,235.59,235.85,232.38,233.25,157643.86,2023-11-25 08:00:00+00:00
1700913600000,233.26,234.04,232.73,233.73,104763.57,2023-11-25 12:00:00+00:00
1700928000000,233.73,234.0,233.05,233.38,91085.09,2023-11-25 16:00:00+00:00
1700942400000,233.39,234.52,233.14,234.45,67741.79,2023-11-25 20:00:00+00:00
1700956800000,234.44,234.5,232.81,232.93,102120.98,2023-11-26 00:00:00+00:00
1700971200000,232.93,234.28,232.75,233.98,76504.93,2023-11-26 04:00:00+00:00
1700985600000,233.99,234.44,233.51,233.59,107743.35,2023-11-26 08:00:00+00:00
1701000000000,233.58,234.22,231.33,231.54,236630.76,2023-11-26 12:00:00+00:00
1701014400000,231.54,232.12,227.76,231.44,335093.83,2023-11-26 16:00:00+00:00
1701028800000,231.43,232.97,231.24,231.92,135238.11,2023-11-26 20:00:00+00:00
1701043200000,231.91,233.1,228.15,229.18,170965.69,2023-11-27 00:00:00+00:00
1701057600000,229.17,231.57,227.43,229.1,230253.99,2023-11-27 04:00:00+00:00
1701072000000,229.1,229.72,224.84,226.02,357531.0,2023-11-27 08:00:00+00:00
1701086400000,226.03,227.68,222.5,222.97,291518.46,2023-11-27 12:00:00+00:00
1701100800000,222.97,227.75,222.75,224.79,239728.69,2023-11-27 16:00:00+00:00
1701115200000,224.78,227.86,223.53,227.42,152610.19,2023-11-27 20:00:00+00:00
1701129600000,227.41,228.79,225.63,226.85,131853.43,2023-11-28 00:00:00+00:00
1701144000000,226.86,227.28,224.37,225.94,194650.2,2023-11-28 04:00:00+00:00
1701158400000,225.95,229.37,225.29,229.08,192680.26,2023-11-28 08:00:00+00:00
1701172800000,229.08,230.8,228.17,229.89,211735.65,2023-11-28 12:00:00+00:00
1701187200000,229.9,231.95,229.51,230.44,236106.73,2023-11-28 16:00:00+00:00
1701201600000,230.45,231.32,229.16,229.69,110019.38,2023-11-28 20:00:00+00:00
1701216000000,229.7,230.64,228.81,229.53,96238.25,2023-11-29 00:00:00+00:00
1701230400000,229.54,230.81,229.31,230.09,102462.04,2023-11-29 04:00:00+00:00
1701244800000,230.1,231.45,228.26,229.45,178223.54,2023-11-29 08:00:00+00:00
1701259200000,229.45,229.85,226.39,227.71,201320.45,2023-11-29 12:00:00+00:00
1701273600000,227.71,228.16,226.32,227.66,125001.85,2023-11-29 16:00:00+00:00
1701288000000,227.65,227.76,226.68,227.43,85815.02,2023-11-29 20:00:00+00:00
1701302400000,227.43,229.16,226.59,228.93,154999.62,2023-11-30 00:00:00+00:00
1701316800000,228.93,229.37,227.61,227.9,104714.05,2023-11-30 04:00:00+00:00
1701331200000,227.89,229.03,226.95,228.98,104480.69,2023-11-30 08:00:00+00:00
1701345600000,228.98,229.25,226.33,226.9,168829.53,2023-11-30 12:00:00+00:00
1701360000000,226.9,227.8,226.16,227.49,102768.4,2023-11-30 16:00:00+00:00
1701374400000,227.49,228.1,227.15,227.67,65404.96,2023-11-30 20:00:00+00:00
1701388800000,227.66,229.38,227.16,229.24,172110.67,2023-12-01 00:00:00+00:00
1701403200000,229.24,230.08,228.52,228.71,153771.73,2023-12-01 04:00:00+00:00
1701417600000,228.7,230.14,228.5,229.04,146916.36,2023-12-01 08:00:00+00:00
1701432000000,229.04,229.27,227.55,228.47,141100.99,2023-12-01 12:00:00+00:00
1701446400000,228.48,229.56,228.07,228.95,138866.54,2023-12-01 16:00:00+00:00
1701460800000,228.95,229.15,228.25,228.64,59941.06,2023-12-01 20:00:00+00:00
1701475200000,228.64,229.91,228.26,229.39,85692.64,2023-12-02 00:00:00+00:00
1701489600000,229.4,229.72,228.54,228.54,71981.41,2023-12-02 04:00:00+00:00
1701504000000,228.54,228.96,227.16,227.28,141041.64,2023-12-02 08:00:00+00:00
1701518400000,227.28,228.1,226.41,227.33,150716.39,2023-12-02 12:00:00+00:00
1701532800000,227.32,230.57,227.09,229.05,240031.48,2023-12-02 16:00:00+00:00
1701547200000,229.05,230.3,228.82,229.24,138470.49,2023-12-02 20:00:00+00:00
1701561600000,229.23,232.04,228.0,228.62,253238.01,2023-12-03 00:00:00+00:00
1701576000000,228.63,228.87,227.06,228.28,126339.09,2023-12-03 04:00:00+00:00
1701590400000,228.28,229.36,227.97,228.16,146233.31,2023-12-03 08:00:00+00:00
1701604800000,228.17,228.36,226.49,227.1,305606.94,2023-12-03 12:00:00+00:00
1701619200000,227.11,227.47,226.08,227.17,160486.92,2023-12-03 16:00:00+00:00
1701633600000,227.17,229.28,226.62,228.23,227050.74,2023-12-03 20:00:00+00:00
1701648000000,228.24,230.15,228.13,228.94,238580.27,2023-12-04 00:00:00+00:00
1701662400000,228.94,235.0,228.14,232.09,685417.67,2023-12-04 04:00:00+00:00
1701676800000,232.09,237.59,223.03,229.79,1086298.27,2023-12-04 08:00:00+00:00
1701691200000,229.79,231.77,227.16,230.08,508405.44,2023-12-04 12:00:00+00:00
1701705600000,230.07,232.21,229.59,232.14,223070.52,2023-12-04 16:00:00+00:00
1701720000000,232.14,233.68,230.95,233.66,170618.45,2023-12-04 20:00:00+00:00
1701734400000,233.65,235.19,230.6,232.92,270025.69,2023-12-05 00:00:00+00:00
1701748800000,232.92,233.28,227.96,229.53,337476.91,2023-12-05 04:00:00+00:00
1701763200000,229.52,230.56,228.4,230.26,252053.09,2023-12-05 08:00:00+00:00
1701777600000,230.25,231.86,229.68,231.25,228698.77,2023-12-05 12:00:00+00:00
1701792000000,231.26,233.46,230.63,231.42,390401.02,2023-12-05 16:00:00+00:00
1701806400000,231.43,231.76,230.25,231.43,169227.97,2023-12-05 20:00:00+00:00
1701820800000,231.44,233.04,230.8,231.95,246422.93,2023-12-06 00:00:00+00:00
1701835200000,231.94,233.78,228.56,233.38,414652.03,2023-12-06 04:00:00+00:00
1701849600000,233.38,235.15,228.78,230.42,476299.87,2023-12-06 08:00:00+00:00
1701864000000,230.41,231.33,229.18,230.17,235553.81,2023-12-06 12:00:00+00:00
1701878400000,230.17,231.92,229.6,231.07,180324.02,2023-12-06 16:00:00+00:00
1701892800000,231.08,233.05,229.01,229.6,341080.31,2023-12-06 20:00:00+00:00
1701907200000,229.6,233.0,229.31,232.96,207412.35,2023-12-07 00:00:00+00:00
1701921600000,232.95,235.0,232.44,232.69,291519.56,2023-12-07 04:00:00+00:00
1701936000000,232.69,233.16,228.37,230.27,397401.46,2023-12-07 08:00:00+00:00
1701950400000,230.27,233.47,230.21,232.8,258779.35,2023-12-07 12:00:00+00:00
1701964800000,232.81,234.5,230.2,230.92,357542.17,2023-12-07 16:00:00+00:00
1701979200000,230.92,233.28,230.53,232.81,159344.24,2023-12-07 20:00:00+00:00
1701993600000,232.81,236.88,232.55,235.74,343269.38,2023-12-08 00:00:00+00:00
1702008000000,235.73,237.4,232.16,233.04,385827.16,2023-12-08 04:00:00+00:00
1702022400000,233.05,236.15,231.0,234.88,355223.53,2023-12-08 08:00:00+00:00
1702036800000,234.89,236.5,233.83,235.17,288224.07,2023-12-08 12:00:00+00:00
1702051200000,235.18,238.48,234.72,238.08,273836.31,2023-12-08 16:00:00+00:00
1702065600000,238.08,240.22,238.04,239.1,198621.21,2023-12-08 20:00:00+00:00
1702080000000,239.09,245.0,239.09,243.94,417708.53,2023-12-09 00:00:00+00:00
1702094400000,243.94,245.92,243.0,244.16,352211.44,2023-12-09 04:00:00+00:00
1702108800000,244.16,245.48,238.56,242.5,534533.13,2023-12-09 08:00:00+00:00
1702123200000,242.49,243.1,238.25,240.71,352615.27,2023-12-09 12:00:00+00:00
1702137600000,240.71,240.99,237.3,239.88,241296.49,2023-12-09 16:00:00+00:00
1702152000000,239.89,240.3,236.21,237.87,174936.95,2023-12-09 20:00:00+00:00
1702166400000,237.86,240.93,237.56,240.64,169012.68,2023-12-10 00:00:00+00:00
1702180800000,240.64,241.51,239.37,240.74,156161.06,2023-12-10 04:00:00+00:00
1702195200000,240.73,241.08,236.76,238.53,271543.36,2023-12-10 08:00:00+00:00
1702209600000,238.54,241.41,238.29,240.13,172380.13,2023-12-10 12:00:00+00:00
1702224000000,240.12,240.56,238.78,240.23,113912.44,2023-12-10 16:00:00+00:00
1702238400000,240.22,241.08,239.06,239.96,113486.41,2023-12-10 20:00:00+00:00
1702252800000,239.96,241.56,225.58,233.33,913697.8,2023-12-11 00:00:00+00:00
1702267200000,233.33,234.53,231.0,232.62,356973.04,2023-12-11 04:00:00+00:00
1702281600000,232.61,238.14,231.66,236.23,377675.5,2023-12-11 08:00:00+00:00
1702296000000,236.22,248.41,235.53,244.49,1569261.07,2023-12-11 12:00:00+00:00
1702310400000,244.48,247.06,236.88,240.05,838275.19,2023-12-11 16:00:00+00:00
1702324800000,240.07,246.98,239.9,246.63,305487.44,2023-12-11 20:00:00+00:00
1702339200000,246.63,253.91,245.65,253.4,666489.29,2023-12-12 00:00:00+00:00
1702353600000,253.4,254.37,248.33,250.46,692963.71,2023-12-12 04:00:00+00:00
1702368000000,250.46,251.44,248.49,250.15,320430.06,2023-12-12 08:00:00+00:00
1702382400000,250.16,256.18,249.36,253.94,929081.97,2023-12-12 12:00:00+00:00
1702396800000,253.94,257.13,248.53,255.11,778458.19,2023-12-12 16:00:00+00:00
1702411200000,255.11,256.66,252.4,253.64,371161.16,2023-12-12 20:00:00+00:00
1702425600000,253.64,254.19,245.24,246.34,707442.2,2023-12-13 00:00:00+00:00
1702440000000,246.34,248.55,244.16,247.57,336081.94,2023-12-13 04:00:00+00:00
1702454400000,247.57,251.48,247.56,249.05,300818.45,2023-12-13 08:00:00+00:00
1702468800000,249.05,251.37,248.5,251.3,291346.61,2023-12-13 12:00:00+00:00
1702483200000,251.3,253.33,249.8,253.08,255946.03,2023-12-13 16:00:00+00:00
1702497600000,253.08,255.95,251.26,251.86,255653.96,2023-12-13 20:00:00+00:00
1702512000000,251.86,253.05,248.13,248.47,268042.95,2023-12-14 00:00:00+00:00
1702526400000,248.48,250.68,248.2,250.62,194772.96,2023-12-14 04:00:00+00:00
1702540800000,250.62,253.04,250.15,251.81,240815.92,2023-12-14 08:00:00+00:00
1702555200000,251.81,252.49,245.5,250.94,476825.84,2023-12-14 12:00:00+00:00
1702569600000,250.94,254.19,250.49,251.87,267262.57,2023-12-14 16:00:00+00:00
1702584000000,251.87,254.0,251.13,253.07,123474.36,2023-12-14 20:00:00+00:00
1702598400000,253.08,253.29,250.78,250.95,151514.11,2023-12-15 00:00:00+00:00
1702612800000,250.96,251.3,248.81,248.93,130257.08,2023-12-15 04:00:00+00:00
1702627200000,248.94,250.71,248.17,249.72,173322.36,2023-12-15 08:00:00+00:00
1702641600000,249.72,249.84,244.55,245.8,343734.86,2023-12-15 12:00:00+00:00
1702656000000,245.79,247.79,245.17,246.42,154243.02,2023-12-15 16:00:00+00:00
1702670400000,246.43,247.5,242.1,244.55,194065.73,2023-12-15 20:00:00+00:00
1702684800000,244.55,248.42,242.42,247.51,186318.38,2023-12-16 00:00:00+00:00
1702699200000,247.51,247.73,245.86,246.61,95464.56,2023-12-16 04:00:00+00:00
1702713600000,246.6,247.03,245.81,246.84,93517.1,2023-12-16 08:00:00+00:00
1702728000000,246.84,247.0,245.42,246.27,108910.34,2023-12-16 12:00:00+00:00
1702742400000,246.28,247.07,243.69,244.97,152585.82,2023-12-16 16:00:00+00:00
1702756800000,244.97,245.56,243.5,244.16,90812.61,2023-12-16 20:00:00+00:00
1702771200000,244.16,244.37,242.31,243.0,116857.1,2023-12-17 00:00:00+00:00
1702785600000,242.99,243.41,239.26,240.3,192700.21,2023-12-17 04:00:00+00:00
1702800000000,240.31,242.16,239.87,241.52,120506.66,2023-12-17 08:00:00+00:00
1702814400000,241.52,242.19,239.82,242.19,130931.51,2023-12-17 12:00:00+00:00
1702828800000,242.19,243.92,241.69,242.57,123794.34,2023-12-17 16:00:00+00:00
1702843200000,242.58,243.42,238.71,238.97,129696.11,2023-12-17 20:00:00+00:00
1702857600000,238.97,240.29,235.55,237.41,387780.06,2023-12-18 00:00:00+00:00
1702872000000,237.42,238.57,236.0,236.87,198612.63,2023-12-18 04:00:00+00:00
1702886400000,236.87,238.3,232.01,235.71,423941.66,2023-12-18 08:00:00+00:00
1702900800000,235.7,239.48,234.49,237.17,202049.77,2023-12-18 12:00:00+00:00
1702915200000,237.18,239.2,236.58,238.48,115250.47,2023-12-18 16:00:00+00:00
1702929600000,238.47,241.88,237.75,241.86,137653.36,2023-12-18 20:00:00+00:00
1702944000000,241.85,247.28,241.51,245.29,300011.68,2023-12-19 00:00:00+00:00
1702958400000,245.3,247.76,244.96,245.09,176154.21,2023-12-19 04:00:00+00:00
1702972800000,245.1,253.28,244.82,251.86,727270.57,2023-12-19 08:00:00+00:00
1702987200000,251.87,253.59,249.1,251.19,485023.64,2023-12-19 12:00:00+00:00
1703001600000,251.18,254.0,249.67,253.3,457415.17,2023-12-19 16:00:00+00:00
1703016000000,253.29,254.41,250.71,252.35,254645.97,2023-12-19 20:00:00+00:00
1703030400000,252.35,253.8,250.24,252.08,317171.35,2023-12-20 00:00:00+00:00
1703044800000,252.07,256.2,251.63,256.09,398862.38,2023-12-20 04:00:00+00:00
1703059200000,256.09,257.74,255.03,255.28,315210.28,2023-12-20 08:00:00+00:00
1703073600000,255.27,259.5,255.06,257.86,451456.48,2023-12-20 12:00:00+00:00
1703088000000,257.85,261.45,257.49,259.3,300564.13,2023-12-20 16:00:00+00:00
1703102400000,259.3,260.0,255.0,259.97,235330.54,2023-12-20 20:00:00+00:00
1703116800000,259.97,260.2,256.2,258.23,188953.62,2023-12-21 00:00:00+00:00
1703131200000,258.22,261.48,256.41,260.54,201539.27,2023-12-21 04:00:00+00:00
1703145600000,260.54,271.8,260.54,271.58,623636.83,2023-12-21 08:00:00+00:00
1703160000000,271.58,274.65,269.85,271.35,593459.56,2023-12-21 12:00:00+00:00
1703174400000,271.36,272.98,268.41,269.78,313699.1,2023-12-21 16:00:00+00:00
1703188800000,269.79,271.97,268.79,271.91,154302.28,2023-12-21 20:00:00+00:00
1703203200000,271.91,272.7,269.5,271.36,206550.09,2023-12-22 00:00:00+00:00
1703217600000,271.35,276.03,264.7,265.23,542458.51,2023-12-22 04:00:00+00:00
1703232000000,265.23,271.55,265.11,270.14,383866.83,2023-12-22 08:00:00+00:00
1703246400000,270.15,272.58,266.19,271.43,261299.89,2023-12-22 12:00:00+00:00
1703260800000,271.42,272.0,267.88,269.77,180328.84,2023-12-22 16:00:00+00:00
1703275200000,269.78,272.79,269.74,271.07,101191.08,2023-12-22 20:00:00+00:00
1703289600000,271.07,271.97,265.59,266.06,187527.49,2023-12-23 00:00:00+00:00
1703304000000,266.05,268.22,265.36,266.04,133562.08,2023-12-23 04:00:00+00:00
1703318400000,266.05,268.12,265.87,267.69,92468.85,2023-12-23 08:00:00+00:00
1703332800000,267.7,269.74,267.48,269.5,106665.5,2023-12-23 12:00:00+00:00
1703347200000,269.5,271.22,268.75,269.99,114630.78,2023-12-23 16:00:00+00:00
1703361600000,269.98,271.7,269.82,270.75,89166.88,2023-12-23 20:00:00+00:00
1703376000000,270.76,272.18,269.51,269.76,141244.71,2023-12-24 00:00:00+00:00
1703390400000,269.76,270.75,266.05,269.03,225549.8,2023-12-24 04:00:00+00:00
1703404800000,269.02,269.15,265.89,268.04,141340.54,2023-12-24 08:00:00+00:00
1703419200000,268.05,270.95,267.26,269.08,154932.23,2023-12-24 12:00:00+00:00
1703433600000,269.11,269.44,267.76,268.4,111087.02,2023-12-24 16:00:00+00:00
1703448000000,268.41,268.44,260.53,264.02,272403.29,2023-12-24 20:00:00+00:00
1703462400000,264.0,265.0,261.11,264.5,190428.74,2023-12-25 00:00:00+00:00
1703476800000,264.51,266.79,264.45,264.88,103570.95,2023-12-25 04:00:00+00:00
1703491200000,264.89,266.1,262.68,264.53,140529.66,2023-12-25 08:00:00+00:00
1703505600000,264.52,268.15,263.56,267.11,185324.73,2023-12-25 12:00:00+00:00
1703520000000,267.1,267.39,264.16,265.81,113136.43,2023-12-25 16:00:00+00:00
1703534400000,265.8,267.36,263.72,266.56,97516.61,2023-12-25 20:00:00+00:00
1703548800000,266.56,271.0,264.32,270.98,194882.16,2023-12-26 00:00:00+00:00
1703563200000,270.98,273.71,263.82,272.78,470210.05,2023-12-26 04:00:00+00:00
1703577600000,272.77,289.95,272.49,289.78,1678271.22,2023-12-26 08:00:00+00:00
1703592000000,289.78,302.9,287.15,296.08,1569878.24,2023-12-26 12:00:00+00:00
1703606400000,296.08,298.59,283.3,295.45,914026.24,2023-12-26 16:00:00+00:00
1703620800000,295.45,298.3,292.93,297.51,315667.32,2023-12-26 20:00:00+00:00
1703635200000,297.5,298.38,285.0,289.88,622759.96,2023-12-27 00:00:00+00:00
1703649600000,289.88,295.72,288.72,292.82,396262.31,2023-12-27 04:00:00+00:00
1703664000000,292.81,310.79,291.6,310.5,867247.84,2023-12-27 08:00:00+00:00
1703678400000,310.49,314.0,306.04,311.4,1024124.3,2023-12-27 12:00:00+00:00
1703692800000,311.39,315.54,305.2,311.77,489343.0,2023-12-27 16:00:00+00:00
1703707200000,311.77,324.13,310.13,323.76,528553.66,2023-12-27 20:00:00+00:00
1703721600000,323.75,327.99,319.2,325.39,792548.86,2023-12-28 00:00:00+00:00
1703736000000,325.39,329.94,320.28,323.46,604546.46,2023-12-28 04:00:00+00:00
1703750400000,323.49,335.47,323.05,334.97,964008.18,2023-12-28 08:00:00+00:00
1703764800000,334.98,337.73,323.62,328.65,1315529.33,2023-12-28 12:00:00+00:00
1703779200000,328.65,334.4,326.86,330.01,535119.54,2023-12-28 16:00:00+00:00
1703793600000,330.01,330.08,320.7,322.21,370690.51,2023-12-28 20:00:00+00:00
1703808000000,322.2,325.25,314.3,320.54,617616.88,2023-12-29 00:00:00+00:00
1703822400000,320.56,321.68,311.33,313.14,394785.85,2023-12-29 04:00:00+00:00
1703836800000,313.14,319.38,312.12,317.43,389692.71,2023-12-29 08:00:00+00:00
1703851200000,317.42,321.49,308.82,311.25,510393.62,2023-12-29 12:00:00+00:00
1703865600000,311.25,313.78,307.41,313.61,330311.53,2023-12-29 16:00:00+00:00
1703880000000,313.61,313.72,306.46,313.29,165993.39,2023-12-29 20:00:00+00:00
1703894400000,313.29,316.6,311.84,315.53,199076.83,2023-12-30 00:00:00+00:00
1703908800000,315.52,318.99,314.58,317.78,187588.73,2023-12-30 04:00:00+00:00
1703923200000,317.78,318.78,312.42,316.2,241531.92,2023-12-30 08:00:00+00:00
1703937600000,316.2,320.48,314.6,318.14,243984.47,2023-12-30 12:00:00+00:00
1703952000000,318.15,319.44,314.8,315.48,153014.91,2023-12-30 16:00:00+00:00
1703966400000,315.48,317.85,313.0,316.71,116203.03,2023-12-30 20:00:00+00:00
1703980800000,316.69,319.7,315.84,318.9,186929.78,2023-12-31 00:00:00+00:00
1703995200000,318.91,324.79,318.26,322.09,365798.36,2023-12-31 04:00:00+00:00
1704009600000,322.09,322.99,317.04,317.33,216688.9,2023-12-31 08:00:00+00:00
1704024000000,317.33,318.42,314.8,315.28,156331.77,2023-12-31 12:00:00+00:00
1704038400000,315.28,318.13,314.98,315.8,109233.15,2023-12-31 16:00:00+00:00
1704052800000,315.8,315.81,306.38,311.33,259480.5,2023-12-31 20:00:00+00:00
1704067200000,311.33,315.25,308.03,308.64,163782.94,2024-01-01 00:00:00+00:00
1704081600000,308.64,311.21,306.65,310.42,185922.48,2024-01-01 04:00:00+00:00
1704096000000,310.43,312.0,308.8,309.33,156126.38,2024-01-01 08:00:00+00:00
1704110400000,309.31,312.37,308.5,312.19,142888.2,2024-01-01 12:00:00+00:00
1704124800000,312.19,313.12,310.55,311.64,126820.59,2024-01-01 16:00:00+00:00
1704139200000,311.64,315.37,311.02,313.53,117664.04,2024-01-01 20:00:00+00:00
1704153600000,313.53,320.29,312.17,318.71,296756.14,2024-01-02 00:00:00+00:00
1704168000000,318.71,318.88,316.51,317.24,114306.57,2024-01-02 04:00:00+00:00
1704182400000,317.24,320.28,317.12,319.45,181168.34,2024-01-02 08:00:00+00:00
1704196800000,319.45,321.14,304.9,308.23,506820.56,2024-01-02 12:00:00+00:00
1704211200000,308.22,310.89,307.21,310.63,186412.5,2024-01-02 16:00:00+00:00
1704225600000,310.62,312.16,308.91,311.88,127524.94,2024-01-02 20:00:00+00:00
1704240000000,311.88,314.4,311.31,312.3,101141.21,2024-01-03 00:00:00+00:00
1704254400000,312.29,321.66,312.27,316.87,302952.8,2024-01-03 04:00:00+00:00
1704268800000,316.88,334.3,316.88,323.2,1225043.98,2024-01-03 08:00:00+00:00
1704283200000,323.2,323.67,285.38,317.02,1868998.48,2024-01-03 12:00:00+00:00
1704297600000,317.05,321.77,310.0,313.5,542157.95,2024-01-03 16:00:00+00:00
1704312000000,313.49,318.5,313.15,315.6,146877.57,2024-01-03 20:00:00+00:00
1704326400000,315.6,317.66,310.58,317.02,230325.51,2024-01-04 00:00:00+00:00
1704340800000,317.02,321.94,316.15,318.23,264133.93,2024-01-04 04:00:00+00:00
1704355200000,318.26,324.15,315.62,316.58,455485.13,2024-01-04 08:00:00+00:00
1704369600000,316.6,321.57,314.92,319.49,326990.21,2024-01-04 12:00:00+00:00
1704384000000,319.5,321.0,317.0,317.86,171454.06,2024-01-04 16:00:00+00:00
1704398400000,317.87,323.1,317.79,323.02,157543.72,2024-01-04 20:00:00+00:00
1704412800000,323.02,326.6,316.06,320.85,458449.73,2024-01-05 00:00:00+00:00
1704427200000,320.87,322.87,316.89,317.14,323779.6,2024-01-05 04:00:00+00:00
1704441600000,317.14,321.19,315.71,318.23,262761.14,2024-01-05 08:00:00+00:00
1704456000000,318.22,318.99,310.87,313.36,339314.47,2024-01-05 12:00:00+00:00
1704470400000,313.36,314.22,308.0,313.32,213511.01,2024-01-05 16:00:00+00:00
1704484800000,313.31,317.5,313.31,317.14,122273.76,2024-01-05 20:00:00+00:00
1704499200000,317.13,317.14,303.56,307.23,489837.99,2024-01-06 00:00:00+00:00
1704513600000,307.22,308.21,300.02,303.57,376375.94,2024-01-06 04:00:00+00:00
1704528000000,303.56,307.47,302.09,306.68,144819.98,2024-01-06 08:00:00+00:00
1704542400000,306.67,307.35,303.4,306.56,148958.17,2024-01-06 12:00:00+00:00
1704556800000,306.55,307.69,304.36,305.37,97325.07,2024-01-06 16:00:00+00:00
1704571200000,305.36,307.47,304.15,307.2,99549.66,2024-01-06 20:00:00+00:00
1704585600000,307.2,308.18,304.71,306.15,97456.34,2024-01-07 00:00:00+00:00
1704600000000,306.15,308.95,306.02,308.81,109589.81,2024-01-07 04:00:00+00:00
1704614400000,308.81,309.41,305.14,305.78,148990.71,2024-01-07 08:00:00+00:00
1704628800000,305.78,307.69,303.66,305.18,137333.25,2024-01-07 12:00:00+00:00
1704643200000,305.16,306.3,302.12,306.07,154439.99,2024-01-07 16:00:00+00:00
1704657600000,306.08,306.53,299.2,302.06,193929.04,2024-01-07 20:00:00+00:00
1704672000000,302.06,302.17,289.17,293.44,539720.29,2024-01-08 00:00:00+00:00
1704686400000,293.44,299.91,292.45,298.56,264189.55,2024-01-08 04:00:00+00:00
1704700800000,298.55,300.0,296.4,298.94,199157.51,2024-01-08 08:00:00+00:00
1704715200000,298.97,302.88,298.72,300.94,319368.37,2024-01-08 12:00:00+00:00
1704729600000,300.94,307.81,299.3,307.29,263493.53,2024-01-08 16:00:00+00:00
1704744000000,307.29,307.64,303.82,303.84,165088.08,2024-01-08 20:00:00+00:00
1704758400000,303.85,304.79,297.93,298.57,270599.87,2024-01-09 00:00:00+00:00
1704772800000,298.58,304.7,298.07,304.52,227067.3,2024-01-09 04:00:00+00:00
1704787200000,304.53,306.9,302.22,304.62,287800.64,2024-01-09 08:00:00+00:00
1704801600000,304.62,305.2,296.35,301.28,343539.3,2024-01-09 12:00:00+00:00
1704816000000,301.28,302.5,298.01,299.78,161506.71,2024-01-09 16:00:00+00:00
1704830400000,299.81,302.74,295.85,301.37,352617.65,2024-01-09 20:00:00+00:00
1704844800000,301.37,303.23,300.65,302.02,115941.8,2024-01-10 00:00:00+00:00
1704859200000,302.01,302.82,299.52,299.94,77782.8,2024-01-10 04:00:00+00:00
1704873600000,299.95,301.3,297.94,299.75,123043.0,2024-01-10 08:00:00+00:00
1704888000000,299.76,299.9,289.02,294.82,344642.75,2024-01-10 12:00:00+00:00
1704902400000,294.81,298.35,293.34,298.11,186484.47,2024-01-10 16:00:00+00:00
1704916800000,298.11,310.42,291.0,305.99,584682.76,2024-01-10 20:00:00+00:00
1704931200000,305.99,306.95,301.98,306.82,271960.97,2024-01-11 00:00:00+00:00
1704945600000,306.81,308.86,302.67,307.62,217549.36,2024-01-11 04:00:00+00:00
1704960000000,307.62,316.81,307.41,314.68,404527.43,2024-01-11 08:00:00+00:00
1704974400000,314.69,317.0,305.0,307.52,555966.23,2024-01-11 12:00:00+00:00
1704988800000,307.52,309.56,301.4,309.35,347816.81,2024-01-11 16:00:00+00:00
1705003200000,309.35,310.32,305.94,308.51,128456.25,2024-01-11 20:00:00+00:00
1705017600000,308.5,313.35,305.72,310.9,235757.06,2024-01-12 00:00:00+00:00
1705032000000,310.9,313.13,307.58,308.9,189563.69,2024-01-12 04:00:00+00:00
1705046400000,308.9,311.65,307.14,310.65,184619.88,2024-01-12 08:00:00+00:00
1705060800000,310.65,312.58,305.06,305.74,283448.49,2024-01-12 12:00:00+00:00
1705075200000,305.74,307.1,296.75,301.14,364084.65,2024-01-12 16:00:00+00:00
1705089600000,301.14,302.55,288.48,296.81,351994.21,2024-01-12 20:00:00+00:00
1705104000000,296.82,297.85,290.96,296.37,177010.77,2024-01-13 00:00:00+00:00
1705118400000,296.37,299.73,295.72,299.38,91022.46,2024-01-13 04:00:00+00:00
1705132800000,299.38,300.6,297.14,299.39,138049.27,2024-01-13 08:00:00+00:00
1705147200000,299.38,302.8,298.24,302.43,119884.15,2024-01-13 12:00:00+00:00
1705161600000,302.43,303.27,300.86,301.8,129836.38,2024-01-13 16:00:00+00:00
1705176000000,301.8,303.18,301.28,302.35,73307.31,2024-01-13 20:00:00+00:00
1705190400000,302.36,303.14,300.34,302.42,88011.46,2024-01-14 00:00:00+00:00
1705204800000,302.41,305.63,301.24,304.48,115203.87,2024-01-14 04:00:00+00:00
1705219200000,304.47,305.5,303.12,303.39,95840.7,2024-01-14 08:00:00+00:00
1705233600000,303.4,306.89,303.13,305.51,114438.28,2024-01-14 12:00:00+00:00
1705248000000,305.51,306.77,303.63,304.24,119575.64,2024-01-14 16:00:00+00:00
1705262400000,304.24,305.64,298.89,299.67,195171.87,2024-01-14 20:00:00+00:00
1705276800000,299.67,310.22,299.58,309.79,189121.75,2024-01-15 00:00:00+00:00
1705291200000,309.79,320.16,309.69,315.23,580030.86,2024-01-15 04:00:00+00:00
1705305600000,315.23,317.15,311.38,313.24,380587.29,2024-01-15 08:00:00+00:00
1705320000000,313.25,322.23,312.54,313.94,873794.47,2024-01-15 12:00:00+00:00
1705334400000,313.94,318.59,313.65,318.1,210996.85,2024-01-15 16:00:00+00:00
1705348800000,318.1,318.68,311.69,317.14,203889.44,2024-01-15 20:00:00+00:00
1705363200000,317.14,318.0,313.57,315.38,280052.44,2024-01-16 00:00:00+00:00
1705377600000,315.38,317.5,314.58,315.97,120603.75,2024-01-16 04:00:00+00:00
1705392000000,315.98,318.77,314.91,317.59,231905.74,2024-01-16 08:00:00+00:00
1705406400000,317.59,318.87,312.63,316.93,285781.97,2024-01-16 12:00:00+00:00
1705420800000,316.94,318.1,312.83,314.78,162722.13,2024-01-16 16:00:00+00:00
1705435200000,314.79,316.99,314.77,315.05,87207.91,2024-01-16 20:00:00+00:00
1705449600000,315.04,316.16,312.88,314.32,153417.76,2024-01-17 00:00:00+00:00
1705464000000,314.32,314.65,308.63,308.9,212855.83,2024-01-17 04:00:00+00:00
1705478400000,308.9,315.29,308.0,312.88,467008.39,2024-01-17 08:00:00+00:00
1705492800000,312.88,314.54,310.83,311.92,346215.28,2024-01-17 12:00:00+00:00
1705507200000,311.91,312.19,307.6,308.03,191806.37,2024-01-17 16:00:00+00:00
1705521600000,308.04,310.5,306.17,309.25,133303.24,2024-01-17 20:00:00+00:00
1705536000000,309.25,310.6,305.55,309.64,224983.84,2024-01-18 00:00:00+00:00
1705550400000,309.63,312.33,308.66,311.45,157231.83,2024-01-18 04:00:00+00:00
1705564800000,311.45,312.54,310.01,311.77,164753.89,2024-01-18 08:00:00+00:00
1705579200000,311.76,315.0,309.75,314.85,257719.17,2024-01-18 12:00:00+00:00
1705593600000,314.84,314.85,307.35,308.41,388758.44,2024-01-18 16:00:00+00:00
1705608000000,308.41,314.64,307.51,312.73,215602.92,2024-01-18 20:00:00+00:00
1705622400000,312.73,313.14,307.36,310.47,272126.31,2024-01-19 00:00:00+00:00
1705636800000,310.47,312.28,309.87,311.34,129444.76,2024-01-19 04:00:00+00:00
1705651200000,311.35,314.19,311.02,313.71,142751.67,2024-01-19 08:00:00+00:00
1705665600000,313.71,315.75,310.78,310.98,259410.62,2024-01-19 12:00:00+00:00
1705680000000,310.99,313.33,304.54,313.21,415477.79,2024-01-19 16:00:00+00:00
1705694400000,313.22,314.4,311.43,314.39,93124.01,2024-01-19 20:00:00+00:00
1705708800000,314.4,315.42,312.48,313.06,115584.31,2024-01-20 00:00:00+00:00
1705723200000,313.08,313.89,312.33,313.07,76338.81,2024-01-20 04:00:00+00:00
1705737600000,313.08,314.91,311.88,314.65,144275.25,2024-01-20 08:00:00+00:00
1705752000000,314.65,315.0,312.71,313.74,116816.54,2024-01-20 12:00:00+00:00
1705766400000,313.74,314.78,313.51,314.31,68916.41,2024-01-20 16:00:00+00:00
1705780800000,314.31,317.14,314.1,317.03,123314.55,2024-01-20 20:00:00+00:00
1705795200000,317.03,319.46,316.04,318.19,153715.68,2024-01-21 00:00:00+00:00
1705809600000,318.2,318.6,316.89,317.35,90174.4,2024-01-21 04:00:00+00:00
1705824000000,317.35,319.1,317.0,318.92,100283.8,2024-01-21 08:00:00+00:00
1705838400000,318.93,319.1,317.24,318.43,101067.55,2024-01-21 12:00:00+00:00
1705852800000,318.43,321.58,317.56,320.24,137195.91,2024-01-21 16:00:00+00:00
1705867200000,320.24,321.47,317.82,318.41,112401.6,2024-01-21 20:00:00+00:00
1705881600000,318.41,320.0,314.68,316.26,248285.07,2024-01-22 00:00:00+00:00
1705896000000,316.26,318.26,313.3,317.53,161210.97,2024-01-22 04:00:00+00:00
1705910400000,317.54,317.59,310.26,313.0,269760.79,2024-01-22 08:00:00+00:00
1705924800000,313.01,314.86,307.94,310.8,286918.66,2024-01-22 12:00:00+00:00
1705939200000,310.82,312.19,303.3,306.17,248557.56,2024-01-22 16:00:00+00:00
1705953600000,306.18,309.24,305.0,305.8,154298.93,2024-01-22 20:00:00+00:00
1705968000000,305.8,310.79,305.01,310.0,131316.08,2024-01-23 00:00:00+00:00
1705982400000,310.0,311.2,306.66,307.99,102633.09,2024-01-23 04:00:00+00:00
1705996800000,307.99,308.88,291.39,295.85,643264.34,2024-01-23 08:00:00+00:00
1706011200000,295.86,298.59,290.1,296.64,366506.96,2024-01-23 12:00:00+00:00
1706025600000,296.64,298.8,293.94,293.99,192095.93,2024-01-23 16:00:00+00:00
1706040000000,293.99,298.71,291.99,298.52,151294.13,2024-01-23 20:00:00+00:00
1706054400000,298.53,300.45,297.27,298.03,127840.01,2024-01-24 00:00:00+00:00
1706068800000,298.04,298.25,291.26,293.16,289343.47,2024-01-24 04:00:00+00:00
1706083200000,293.17,296.88,291.81,295.16,263961.12,2024-01-24 08:00:00+00:00
1706097600000,295.17,297.67,292.29,294.04,273991.95,2024-01-24 12:00:00+00:00
1706112000000,294.05,294.48,289.94,292.01,221588.42,2024-01-24 16:00:00+00:00
1706126400000,292.02,293.74,290.63,292.91,124458.15,2024-01-24 20:00:00+00:00
1706140800000,292.92,293.65,287.46,290.5,258732.55,2024-01-25 00:00:00+00:00
1706155200000,290.5,292.5,287.71,292.17,196378.73,2024-01-25 04:00:00+00:00
1706169600000,292.17,295.22,289.31,294.63,387884.29,2024-01-25 08:00:00+00:00
1706184000000,294.64,296.4,291.6,292.51,293321.69,2024-01-25 12:00:00+00:00
1706198400000,292.51,293.26,288.84,291.77,194943.88,2024-01-25 16:00:00+00:00
1706212800000,291.78,292.54,290.61,292.08,90695.67,2024-01-25 20:00:00+00:00
1706227200000,292.09,295.3,290.68,293.81,122999.69,2024-01-26 00:00:00+00:00
1706241600000,293.81,295.16,293.42,294.68,92448.29,2024-01-26 04:00:00+00:00
1706256000000,294.68,303.96,294.49,302.79,365767.71,2024-01-26 08:00:00+00:00
1706270400000,302.79,303.33,300.75,302.69,170276.53,2024-01-26 12:00:00+00:00
1706284800000,302.69,303.74,301.37,301.49,147876.98,2024-01-26 16:00:00+00:00
1706299200000,301.5,302.65,301.13,302.07,66796.26,2024-01-26 20:00:00+00:00
1706313600000,302.08,307.73,301.88,305.71,175065.29,2024-01-27 00:00:00+00:00
1706328000000,305.72,306.65,302.43,303.14,101173.45,2024-01-27 04:00:00+00:00
1706342400000,303.15,304.55,302.44,303.89,72305.76,2024-01-27 08:00:00+00:00
1706356800000,303.89,304.37,303.03,303.71,58579.3,2024-01-27 12:00:00+00:00
1706371200000,303.72,305.78,302.9,305.59,74224.03,2024-01-27 16:00:00+00:00
1706385600000,305.6,306.66,304.89,305.68,76050.24,2024-01-27 20:00:00+00:00
1706400000000,305.68,306.26,304.32,306.04,81584.25,2024-01-28 00:00:00+00:00
1706414400000,306.04,308.75,305.37,305.91,162482.19,2024-01-28 04:00:00+00:00
1706428800000,305.91,308.99,305.61,307.08,100402.25,2024-01-28 08:00:00+00:00
1706443200000,307.07,307.99,304.68,304.96,154336.29,2024-01-28 12:00:00+00:00
1706457600000,304.96,306.27,303.48,303.91,96742.55,2024-01-28 16:00:00+00:00
1706472000000,303.91,305.78,303.11,305.24,71102.92,2024-01-28 20:00:00+00:00
1706486400000,305.25,307.49,304.42,306.1,88379.67,2024-01-29 00:00:00+00:00
1706500800000,306.09,306.78,305.83,306.08,52025.18,2024-01-29 04:00:00+00:00
1706515200000,306.08,309.58,305.36,308.04,155112.05,2024-01-29 08:00:00+00:00
1706529600000,308.04,308.88,305.22,308.4,134976.96,2024-01-29 12:00:00+00:00
1706544000000,308.39,310.43,307.84,309.91,155846.8,2024-01-29 16:00:00+00:00
1706558400000,309.92,311.0,309.63,310.67,72525.13,2024-01-29 20:00:00+00:00
1706572800000,310.68,313.13,309.93,310.76,110293.9,2024-01-30 00:00:00+00:00
1706587200000,310.76,311.75,310.07,310.91,64831.78,2024-01-30 04:00:00+00:00
1706601600000,310.91,311.4,309.88,310.51,70851.7,2024-01-30 08:00:00+00:00
1706616000000,310.52,311.92,307.25,309.15,189330.22,2024-01-30 12:00:00+00:00
1706630400000,309.15,311.11,308.84,309.74,90222.82,2024-01-30 16:00:00+00:00
1706644800000,309.74,310.92,306.33,307.59,88539.05,2024-01-30 20:00:00+00:00
1706659200000,307.59,308.06,305.58,306.93,111925.23,2024-01-31 00:00:00+00:00
1706673600000,306.93,307.34,305.97,306.92,72043.27,2024-01-31 04:00:00+00:00
1706688000000,306.93,307.58,301.16,303.18,198117.85,2024-01-31 08:00:00+00:00
1706702400000,303.17,305.16,300.06,304.69,176717.02,2024-01-31 12:00:00+00:00
1706716800000,304.69,305.74,303.1,304.75,131348.24,2024-01-31 16:00:00+00:00
1706731200000,304.75,304.85,298.46,300.53,193044.43,2024-01-31 20:00:00+00:00
1706745600000,300.53,301.38,296.39,298.48,152809.98,2024-02-01 00:00:00+00:00
1706760000000,298.47,300.08,297.12,298.11,164339.68,2024-02-01 04:00:00+00:00
1706774400000,298.12,300.59,297.4,299.21,87789.75,2024-02-01 08:00:00+00:00
1706788800000,299.21,302.12,298.35,299.85,124148.91,2024-02-01 12:00:00+00:00
1706803200000,299.85,301.66,298.11,300.66,131907.22,2024-02-01 16:00:00+00:00
1706817600000,300.64,301.2,299.08,300.14,68065.84,2024-02-01 20:00:00+00:00
1706832000000,300.14,302.76,299.7,302.27,93789.03,2024-02-02 00:00:00+00:00
1706846400000,302.28,303.72,301.15,303.22,77234.46,2024-02-02 04:00:00+00:00
1706860800000,303.23,305.28,302.1,302.95,164013.31,2024-02-02 08:00:00+00:00
1706875200000,302.96,303.36,299.91,302.34,132968.4,2024-02-02 12:00:00+00:00
1706889600000,302.35,302.77,300.06,300.58,74840.51,2024-02-02 16:00:00+00:00
1706904000000,300.58,301.55,300.02,301.27,45517.62,2024-02-02 20:00:00+00:00
1706918400000,301.28,302.8,300.85,302.34,68964.74,2024-02-03 00:00:00+00:00
1706932800000,302.34,303.74,302.07,302.21,61478.74,2024-02-03 04:00:00+00:00
1706947200000,302.21,302.45,301.4,301.47,57468.86,2024-02-03 08:00:00+00:00
1706961600000,301.48,302.08,299.56,300.37,72574.11,2024-02-03 12:00:00+00:00
1706976000000,300.37,301.81,299.76,300.28,56271.23,2024-02-03 16:00:00+00:00
1706990400000,300.28,300.84,299.52,299.66,42958.95,2024-02-03 20:00:00+00:00
1707004800000,299.67,301.25,298.22,300.49,82750.08,2024-02-04 00:00:00+00:00
1707019200000,300.5,300.53,297.91,299.28,71752.95,2024-02-04 04:00:00+00:00
1707033600000,299.28,300.75,299.27,299.97,71437.08,2024-02-04 08:00:00+00:00
1707048000000,299.98,307.19,299.87,305.97,332363.49,2024-02-04 12:00:00+00:00
1707062400000,305.96,306.6,304.29,305.42,154486.51,2024-02-04 16:00:00+00:00
1707076800000,305.42,307.8,303.96,304.72,140872.08,2024-02-04 20:00:00+00:00
1707091200000,304.72,306.75,302.76,304.42,185014.51,2024-02-05 00:00:00+00:00
1707105600000,304.42,306.94,301.34,304.55,263736.91,2024-02-05 04:00:00+00:00
1707120000000,304.55,305.6,303.06,304.82,110927.86,2024-02-05 08:00:00+00:00
1707134400000,304.82,304.83,300.43,300.79,204721.37,2024-02-05 12:00:00+00:00
1707148800000,300.8,301.73,300.08,301.55,82752.8,2024-02-05 16:00:00+00:00
1707163200000,301.55,301.91,299.34,301.13,96113.25,2024-02-05 20:00:00+00:00
1707177600000,301.13,302.77,300.74,302.17,70138.27,2024-02-06 00:00:00+00:00
1707192000000,302.17,302.68,301.06,301.5,55851.32,2024-02-06 04:00:00+00:00
1707206400000,301.51,303.65,301.17,301.56,133317.54,2024-02-06 08:00:00+00:00
1707220800000,301.57,303.5,301.5,302.71,124655.2,2024-02-06 12:00:00+00:00
1707235200000,302.72,303.5,302.16,303.45,73989.65,2024-02-06 16:00:00+00:00
1707249600000,303.45,303.62,302.56,302.77,59686.97,2024-02-06 20:00:00+00:00
1707264000000,302.77,303.24,300.78,300.92,79820.52,2024-02-07 00:00:00+00:00
1707278400000,300.91,302.94,300.7,302.33,87887.96,2024-02-07 04:00:00+00:00
1707292800000,302.33,304.33,302.09,302.69,106107.81,2024-02-07 08:00:00+00:00
1707307200000,302.69,304.3,302.43,303.32,100368.07,2024-02-07 12:00:00+00:00
1707321600000,303.32,307.79,303.21,306.82,189426.9,2024-02-07 16:00:00+00:00
1707336000000,306.82,308.79,306.81,307.41,118920.95,2024-02-07 20:00:00+00:00
1707350400000,307.41,315.0,307.4,311.13,394425.49,2024-02-08 00:00:00+00:00
1707364800000,311.13,315.0,311.05,314.48,206475.34,2024-02-08 04:00:00+00:00
1707379200000,314.48,316.38,314.44,316.3,177588.57,2024-02-08 08:00:00+00:00
1707393600000,316.29,320.33,315.0,319.66,261887.19,2024-02-08 12:00:00+00:00
1707408000000,319.66,319.76,314.26,317.29,288325.0,2024-02-08 16:00:00+00:00
1707422400000,317.29,319.48,316.94,318.54,112147.36,2024-02-08 20:00:00+00:00
1707436800000,318.54,322.97,317.08,320.65,210357.82,2024-02-09 00:00:00+00:00
1707451200000,320.65,322.5,319.62,320.58,194367.7,2024-02-09 04:00:00+00:00
1707465600000,320.59,325.0,320.13,324.83,278337.65,2024-02-09 08:00:00+00:00
1707480000000,324.84,325.82,320.67,321.91,260290.42,2024-02-09 12:00:00+00:00
1707494400000,321.91,324.8,321.21,322.6,124193.38,2024-02-09 16:00:00+00:00
1707508800000,322.6,324.0,321.87,323.78,84112.51,2024-02-09 20:00:00+00:00
1707523200000,323.78,324.68,322.33,324.19,89979.57,2024-02-10 00:00:00+00:00
1707537600000,324.2,324.8,322.81,323.05,58902.79,2024-02-10 04:00:00+00:00
1707552000000,323.05,323.45,318.49,320.0,160095.17,2024-02-10 08:00:00+00:00
1707566400000,319.99,321.33,319.62,320.74,77958.42,2024-02-10 12:00:00+00:00
1707580800000,320.74,321.96,320.34,321.54,69005.45,2024-02-10 16:00:00+00:00
1707595200000,321.54,323.48,321.42,322.59,69016.16,2024-02-10 20:00:00+00:00
1707609600000,322.58,323.76,321.44,323.61,78110.73,2024-02-11 00:00:00+00:00
1707624000000,323.61,324.22,322.75,323.87,70757.53,2024-02-11 04:00:00+00:00
1707638400000,323.85,324.24,321.28,321.99,76192.62,2024-02-11 08:00:00+00:00
1707652800000,321.99,322.46,319.85,320.7,86026.16,2024-02-11 12:00:00+00:00
1707667200000,320.71,321.87,320.32,321.38,56598.87,2024-02-11 16:00:00+00:00
1707681600000,321.38,321.86,319.61,320.43,53238.66,2024-02-11 20:00:00+00:00
1707696000000,320.43,321.79,317.48,319.22,116652.26,2024-02-12 00:00:00+00:00
1707710400000,319.22,320.05,315.22,317.98,124009.58,2024-02-12 04:00:00+00:00
1707724800000,317.99,318.43,315.35,316.86,93401.68,2024-02-12 08:00:00+00:00
1707739200000,316.87,322.29,316.48,321.92,163898.14,2024-02-12 12:00:00+00:00
1707753600000,321.92,330.54,320.72,324.05,417931.05,2024-02-12 16:00:00+00:00
1707768000000,324.05,328.5,323.94,327.66,157894.4,2024-02-12 20:00:00+00:00
1707782400000,327.66,328.99,326.02,326.36,110006.2,2024-02-13 00:00:00+00:00
1707796800000,326.37,327.22,325.79,325.94,81340.92,2024-02-13 04:00:00+00:00
1707811200000,325.93,327.81,324.32,326.28,112504.93,2024-02-13 08:00:00+00:00
1707825600000,326.28,326.49,317.69,321.93,356742.14,2024-02-13 12:00:00+00:00
1707840000000,321.93,323.05,319.6,322.35,113984.35,2024-02-13 16:00:00+00:00
1707854400000,322.36,324.55,322.1,324.3,66845.46,2024-02-13 20:00:00+00:00
1707868800000,324.3,325.71,323.02,325.49,74997.84,2024-02-14 00:00:00+00:00
1707883200000,325.5,327.93,324.62,327.81,86888.72,2024-02-14 04:00:00+00:00
1707897600000,327.8,333.55,327.35,332.66,263987.67,2024-02-14 08:00:00+00:00
1707912000000,332.65,334.42,330.04,332.27,181932.22,2024-02-14 12:00:00+00:00
1707926400000,332.28,334.05,330.26,332.38,153549.49,2024-02-14 16:00:00+00:00
1707940800000,332.38,334.33,332.01,333.47,75536.43,2024-02-14 20:00:00+00:00
1707955200000,333.47,344.7,332.9,341.77,396183.67,2024-02-15 00:00:00+00:00
1707969600000,341.77,345.15,337.52,345.14,245742.6,2024-02-15 04:00:00+00:00
1707984000000,345.14,347.74,342.59,346.58,200636.32,2024-02-15 08:00:00+00:00
1707998400000,346.58,366.4,344.7,360.47,917971.2,2024-02-15 12:00:00+00:00
1708012800000,360.43,360.75,352.21,355.67,353725.22,2024-02-15 16:00:00+00:00
1708027200000,355.64,355.87,348.91,353.89,193627.77,2024-02-15 20:00:00+00:00
1708041600000,353.9,367.11,352.63,361.7,370347.43,2024-02-16 00:00:00+00:00
1708056000000,361.7,363.63,354.4,356.19,214408.49,2024-02-16 04:00:00+00:00
1708070400000,356.19,357.49,350.65,357.33,247894.73,2024-02-16 08:00:00+00:00
1708084800000,357.33,364.82,355.5,358.23,459311.23,2024-02-16 12:00:00+00:00
1708099200000,358.23,363.0,353.2,354.54,238322.61,2024-02-16 16:00:00+00:00
1708113600000,354.54,361.0,354.06,360.25,82339.82,2024-02-16 20:00:00+00:00
1708128000000,360.24,363.3,357.61,359.87,190152.5,2024-02-17 00:00:00+00:00
1708142400000,359.88,360.87,355.23,359.42,149263.85,2024-02-17 04:00:00+00:00
1708156800000,359.42,359.79,354.53,356.84,147860.47,2024-02-17 08:00:00+00:00
1708171200000,356.84,359.35,348.0,351.45,356225.31,2024-02-17 12:00:00+00:00
1708185600000,351.45,354.86,349.23,353.11,130104.83,2024-02-17 16:00:00+00:00
1708200000000,353.12,354.55,351.5,352.41,127700.02,2024-02-17 20:00:00+00:00
1708214400000,352.42,353.04,348.71,351.3,128788.38,2024-02-18 00:00:00+00:00
1708228800000,351.3,356.49,350.55,355.15,157352.97,2024-02-18 04:00:00+00:00
1708243200000,355.16,357.8,354.15,354.33,110232.89,2024-02-18 08:00:00+00:00
1708257600000,354.32,354.81,351.22,352.34,124353.97,2024-02-18 12:00:00+00:00
1708272000000,352.34,352.87,350.0,351.17,143730.6,2024-02-18 16:00:00+00:00
1708286400000,351.16,353.5,349.32,349.87,144630.38,2024-02-18 20:00:00+00:00
1708300800000,349.87,356.22,349.25,352.56,267008.25,2024-02-19 00:00:00+00:00
1708315200000,352.56,354.99,350.36,354.77,152951.43,2024-02-19 04:00:00+00:00
1708329600000,354.77,355.0,350.5,353.37,223380.98,2024-02-19 08:00:00+00:00
1708344000000,353.39,354.91,350.91,354.45,193419.96,2024-02-19 12:00:00+00:00
1708358400000,354.44,356.5,351.43,352.75,169290.69,2024-02-19 16:00:00+00:00
1708372800000,352.75,355.0,351.31,351.83,79090.59,2024-02-19 20:00:00+00:00
1708387200000,351.83,355.51,350.78,353.14,193634.62,2024-02-20 00:00:00+00:00
1708401600000,353.14,361.69,352.13,357.97,303270.77,2024-02-20 04:00:00+00:00
1708416000000,357.97,359.05,352.0,358.03,253488.9,2024-02-20 08:00:00+00:00
1708430400000,358.02,360.4,348.84,351.41,464166.3,2024-02-20 12:00:00+00:00
1708444800000,351.42,354.4,344.93,354.3,259853.98,2024-02-20 16:00:00+00:00
1708459200000,354.29,357.01,353.39,354.86,118963.6,2024-02-20 20:00:00+00:00
1708473600000,354.87,355.94,352.77,353.63,94102.19,2024-02-21 00:00:00+00:00
1708488000000,353.64,360.71,351.2,360.42,292765.96,2024-02-21 04:00:00+00:00
1708502400000,360.42,365.97,357.08,363.9,752527.12,2024-02-21 08:00:00+00:00
1708516800000,363.91,374.0,361.11,369.47,770152.68,2024-02-21 12:00:00+00:00
1708531200000,369.47,372.06,363.85,370.5,363975.28,2024-02-21 16:00:00+00:00
1708545600000,370.5,378.87,370.21,378.69,319078.45,2024-02-21 20:00:00+00:00
1708560000000,378.68,386.81,373.17,374.66,645647.66,2024-02-22 00:00:00+00:00
1708574400000,374.7,381.61,373.93,381.1,328617.49,2024-02-22 04:00:00+00:00
1708588800000,381.1,383.57,378.1,382.57,330223.26,2024-02-22 08:00:00+00:00
1708603200000,382.56,383.56,375.48,380.7,333960.31,2024-02-22 12:00:00+00:00
1708617600000,380.7,382.36,377.04,381.69,147668.83,2024-02-22 16:00:00+00:00
1708632000000,381.7,387.21,380.1,382.33,241289.61,2024-02-22 20:00:00+00:00
1708646400000,382.33,385.38,377.69,378.31,203100.49,2024-02-23 00:00:00+00:00
1708660800000,378.32,383.05,374.11,374.41,258011.51,2024-02-23 04:00:00+00:00
1708675200000,374.41,379.43,374.22,376.6,255800.16,2024-02-23 08:00:00+00:00
1708689600000,376.61,377.0,370.87,371.26,262669.98,2024-02-23 12:00:00+00:00
1708704000000,371.26,377.72,368.64,377.12,238674.97,2024-02-23 16:00:00+00:00
1708718400000,377.12,377.13,372.41,375.29,94069.41,2024-02-23 20:00:00+00:00
1708732800000,375.29,377.53,371.25,377.36,120551.73,2024-02-24 00:00:00+00:00
1708747200000,377.36,379.9,376.63,379.31,121747.33,2024-02-24 04:00:00+00:00
1708761600000,379.32,381.41,378.63,380.09,108287.24,2024-02-24 08:00:00+00:00
1708776000000,380.09,381.25,378.74,379.18,89393.46,2024-02-24 12:00:00+00:00
1708790400000,379.18,382.77,378.86,382.4,87685.94,2024-02-24 16:00:00+00:00
1708804800000,382.4,382.44,380.91,381.27,45706.77,2024-02-24 20:00:00+00:00
1708819200000,381.27,381.76,378.21,379.11,100439.5,2024-02-25 00:00:00+00:00
1708833600000,379.12,380.97,377.53,380.27,80000.93,2024-02-25 04:00:00+00:00
1708848000000,380.28,388.74,377.88,383.87,231220.69,2024-02-25 08:00:00+00:00
1708862400000,383.86,386.66,383.36,384.76,155672.32,2024-02-25 12:00:00+00:00
1708876800000,384.76,390.23,382.66,388.72,152435.77,2024-02-25 16:00:00+00:00
1708891200000,388.72,391.03,387.08,388.28,144609.95,2024-02-25 20:00:00+00:00
1708905600000,388.28,389.75,381.6,383.73,195265.24,2024-02-26 00:00:00+00:00
1708920000000,383.74,388.88,383.36,386.04,180955.36,2024-02-26 04:00:00+00:00
1708934400000,386.04,392.8,383.61,389.49,328171.55,2024-02-26 08:00:00+00:00
1708948800000,389.5,398.8,386.74,396.31,497210.23,2024-02-26 12:00:00+00:00
1708963200000,396.3,398.79,394.97,397.94,278380.55,2024-02-26 16:00:00+00:00
1708977600000,397.93,405.0,397.55,401.46,257620.43,2024-02-26 20:00:00+00:00
1708992000000,401.46,403.69,397.33,398.9,350076.52,2024-02-27 00:00:00+00:00
1709006400000,398.9,400.45,394.2,395.53,223371.77,2024-02-27 04:00:00+00:00
1709020800000,395.53,399.52,395.44,397.99,135775.7,2024-02-27 08:00:00+00:00
1709035200000,397.98,400.17,391.02,392.41,270969.59,2024-02-27 12:00:00+00:00
1709049600000,392.41,395.45,389.01,394.94,174739.39,2024-02-27 16:00:00+00:00
1709064000000,394.95,396.4,393.76,394.27,80471.53,2024-02-27 20:00:00+00:00
1709078400000,394.27,397.0,393.69,395.35,86598.11,2024-02-28 00:00:00+00:00
1709092800000,395.36,400.78,394.8,400.18,114929.3,2024-02-28 04:00:00+00:00
1709107200000,400.18,417.48,398.33,406.56,666143.01,2024-02-28 08:00:00+00:00
1709121600000,406.57,414.76,405.4,413.11,397277.38,2024-02-28 12:00:00+00:00
1709136000000,413.11,426.92,399.65,408.24,948661.88,2024-02-28 16:00:00+00:00
1709150400000,408.21,416.11,404.7,414.58,217170.7,2024-02-28 20:00:00+00:00
1709164800000,414.59,419.98,411.04,414.38,330425.34,2024-02-29 00:00:00+00:00
1709179200000,414.38,417.9,412.48,415.4,253457.44,2024-02-29 04:00:00+00:00
1709193600000,415.4,418.3,410.01,410.83,356070.81,2024-02-29 08:00:00+00:00
1709208000000,410.82,411.94,407.03,407.8,294927.67,2024-02-29 12:00:00+00:00
1709222400000,407.82,409.24,402.51,406.36,325447.72,2024-02-29 16:00:00+00:00
1709236800000,406.37,407.53,390.93,399.62,294013.43,2024-02-29 20:00:00+00:00
1709251200000,399.62,407.1,399.28,405.99,158192.53,2024-03-01 00:00:00+00:00
1709265600000,406.0,408.35,402.79,404.05,135523.19,2024-03-01 04:00:00+00:00
1709280000000,404.06,408.84,402.78,406.54,158344.86,2024-03-01 08:00:00+00:00
1709294400000,406.54,408.9,402.57,403.15,182191.85,2024-03-01 12:00:00+00:00
1709308800000,403.14,407.52,402.64,406.69,102423.64,2024-03-01 16:00:00+00:00
1709323200000,406.71,408.8,405.67,407.65,98395.23,2024-03-01 20:00:00+00:00
1709337600000,407.66,414.39,406.29,414.32,182148.19,2024-03-02 00:00:00+00:00
1709352000000,414.35,415.6,407.35,409.65,200845.69,2024-03-02 04:00:00+00:00
1709366400000,409.65,410.71,406.35,408.23,129861.19,2024-03-02 08:00:00+00:00
1709380800000,408.24,411.76,407.03,407.99,136654.1,2024-03-02 12:00:00+00:00
1709395200000,408.0,410.1,406.88,409.99,72471.11,2024-03-02 16:00:00+00:00
1709409600000,409.99,411.2,407.44,411.17,62143.39,2024-03-02 20:00:00+00:00
1709424000000,411.17,411.99,408.88,410.77,99398.79,2024-03-03 00:00:00+00:00
1709438400000,410.78,413.83,401.0,407.11,298527.84,2024-03-03 04:00:00+00:00
1709452800000,407.14,413.8,404.69,413.74,254506.52,2024-03-03 08:00:00+00:00
1709467200000,413.74,415.8,411.63,413.45,198367.08,2024-03-03 12:00:00+00:00
1709481600000,413.46,416.85,413.22,413.7,127663.38,2024-03-03 16:00:00+00:00
1709496000000,413.7,417.19,413.27,414.73,105175.34,2024-03-03 20:00:00+00:00
1709510400000,414.73,417.93,411.89,414.84,183131.97,2024-03-04 00:00:00+00:00
1709524800000,414.84,417.87,414.4,417.18,88036.27,2024-03-04 04:00:00+00:00
1709539200000,417.18,424.44,415.75,417.88,311498.74,2024-03-04 08:00:00+00:00
1709553600000,417.88,420.68,414.67,419.04,250005.13,2024-03-04 12:00:00+00:00
1709568000000,419.04,419.56,410.77,416.42,284623.99,2024-03-04 16:00:00+00:00
1709582400000,416.42,421.69,414.28,418.87,171425.46,2024-03-04 20:00:00+00:00
1709596800000,418.87,423.06,415.19,420.93,270238.99,2024-03-05 00:00:00+00:00
1709611200000,420.92,428.06,416.84,418.63,450690.25,2024-03-05 04:00:00+00:00
1709625600000,418.62,421.3,416.56,418.99,157582.4,2024-03-05 08:00:00+00:00
1709640000000,418.99,423.01,414.0,416.26,357378.64,2024-03-05 12:00:00+00:00
1709654400000,416.26,417.3,352.01,376.7,961155.86,2024-03-05 16:00:00+00:00
1709668800000,376.7,396.98,372.09,394.19,821331.45,2024-03-05 20:00:00+00:00
1709683200000,394.19,397.08,385.82,391.55,250284.51,2024-03-06 00:00:00+00:00
1709697600000,391.54,412.05,391.5,410.9,436085.49,2024-03-06 04:00:00+00:00
1709712000000,410.92,434.92,407.73,426.45,873805.07,2024-03-06 08:00:00+00:00
1709726400000,426.45,429.26,413.47,420.0,492049.51,2024-03-06 12:00:00+00:00
1709740800000,420.02,425.84,419.37,424.66,156536.62,2024-03-06 16:00:00+00:00
1709755200000,424.66,429.75,424.36,429.64,176659.05,2024-03-06 20:00:00+00:00
1709769600000,429.64,430.87,425.75,426.89,191005.05,2024-03-07 00:00:00+00:00
1709784000000,426.9,434.9,423.33,434.45,272837.18,2024-03-07 04:00:00+00:00
1709798400000,434.44,438.9,431.07,438.86,284353.74,2024-03-07 08:00:00+00:00
1709812800000,438.86,451.22,438.45,449.27,544585.62,2024-03-07 12:00:00+00:00
1709827200000,449.28,467.96,448.61,467.91,529841.25,2024-03-07 16:00:00+00:00
1709841600000,467.92,477.12,466.01,474.55,428228.36,2024-03-07 20:00:00+00:00
1709856000000,474.55,477.28,463.44,464.64,320882.08,2024-03-08 00:00:00+00:00
1709870400000,464.63,473.0,464.46,468.11,227751.95,2024-03-08 04:00:00+00:00
1709884800000,468.1,474.44,467.19,473.92,178267.94,2024-03-08 08:00:00+00:00
1709899200000,473.93,489.87,462.0,472.4,762600.44,2024-03-08 12:00:00+00:00
1709913600000,472.4,486.99,463.5,484.3,458530.66,2024-03-08 16:00:00+00:00
1709928000000,484.29,487.43,477.87,485.29,154129.33,2024-03-08 20:00:00+00:00
1709942400000,485.3,492.21,481.57,489.03,205429.56,2024-03-09 00:00:00+00:00
1709956800000,489.02,489.45,485.2,487.16,177268.14,2024-03-09 04:00:00+00:00
1709971200000,487.16,494.34,483.34,487.23,325188.67,2024-03-09 08:00:00+00:00
1709985600000,487.22,488.42,482.43,483.96,173849.99,2024-03-09 12:00:00+00:00
1710000000000,483.96,485.47,479.27,481.95,140194.52,2024-03-09 16:00:00+00:00
1710014400000,481.95,489.36,481.95,488.05,104617.63,2024-03-09 20:00:00+00:00
1710028800000,488.06,491.2,484.33,487.99,151886.26,2024-03-10 00:00:00+00:00
1710043200000,488.0,504.89,487.77,503.9,297891.12,2024-03-10 04:00:00+00:00
1710057600000,503.89,538.56,501.23,532.4,1008978.77,2024-03-10 08:00:00+00:00
1710072000000,532.41,536.95,518.18,521.35,526658.37,2024-03-10 12:00:00+00:00
1710086400000,521.36,532.49,521.0,530.78,260925.65,2024-03-10 16:00:00+00:00
1710100800000,530.78,532.19,516.71,529.09,256842.06,2024-03-10 20:00:00+00:00
1710115200000,529.09,529.4,504.57,523.28,573585.5,2024-03-11 00:00:00+00:00
1710129600000,523.28,534.48,515.77,528.41,423786.92,2024-03-11 04:00:00+00:00
1710144000000,528.41,533.5,520.65,522.58,289204.34,2024-03-11 08:00:00+00:00
1710158400000,522.58,525.0,515.26,515.97,323850.22,2024-03-11 12:00:00+00:00
1710172800000,515.97,522.36,512.19,518.34,246055.01,2024-03-11 16:00:00+00:00
1710187200000,518.34,524.14,517.52,523.06,114835.41,2024-03-11 20:00:00+00:00
1710201600000,523.06,536.06,522.37,534.9,382032.27,2024-03-12 00:00:00+00:00
1710216000000,534.95,544.35,530.58,539.17,507509.59,2024-03-12 04:00:00+00:00
1710230400000,539.18,539.76,522.3,530.8,361425.5,2024-03-12 08:00:00+00:00
1710244800000,530.78,548.87,520.0,542.28,897931.53,2024-03-12 12:00:00+00:00
1710259200000,542.27,546.32,518.74,542.15,698418.93,2024-03-12 16:00:00+00:00
1710273600000,542.15,543.13,532.65,537.69,169382.6,2024-03-12 20:00:00+00:00
1710288000000,537.7,540.59,532.1,538.85,205116.38,2024-03-13 00:00:00+00:00
1710302400000,538.84,564.9,537.02,561.31,490375.94,2024-03-13 04:00:00+00:00
1710316800000,561.37,600.97,560.88,593.31,1089397.41,2024-03-13 08:00:00+00:00
1710331200000,593.33,598.42,578.0,583.05,862182.57,2024-03-13 12:00:00+00:00
1710345600000,583.05,597.79,581.33,597.69,281104.73,2024-03-13 16:00:00+00:00
1710360000000,597.68,634.68,594.1,631.02,719881.37,2024-03-13 20:00:00+00:00
1710374400000,631.01,632.0,611.03,615.83,535624.88,2024-03-14 00:00:00+00:00
1710388800000,615.83,622.15,606.1,607.12,388146.52,2024-03-14 04:00:00+00:00
1710403200000,607.17,614.99,603.26,606.35,350917.54,2024-03-14 08:00:00+00:00
1710417600000,606.35,608.68,586.45,593.33,785977.24,2024-03-14 12:00:00+00:00
1710432000000,593.31,600.34,565.55,579.8,861848.83,2024-03-14 16:00:00+00:00
1710446400000,579.78,609.72,579.3,603.75,415346.73,2024-03-14 20:00:00+00:00
1710460800000,603.76,612.99,565.0,583.42,771680.5,2024-03-15 00:00:00+00:00
1710475200000,583.39,586.63,565.02,582.84,481626.5,2024-03-15 04:00:00+00:00
1710489600000,582.84,584.78,542.0,583.0,848805.67,2024-03-15 08:00:00+00:00
1710504000000,583.03,607.55,569.91,597.05,745284.46,2024-03-15 12:00:00+00:00
1710518400000,597.05,614.93,589.47,597.44,639397.44,2024-03-15 16:00:00+00:00
1710532800000,597.44,636.12,582.1,633.01,673564.22,2024-03-15 20:00:00+00:00
1710547200000,633.02,646.09,612.13,612.61,600526.97,2024-03-16 00:00:00+00:00
1710561600000,612.61,619.73,607.39,615.02,320035.32,2024-03-16 04:00:00+00:00
1710576000000,615.01,624.86,601.41,608.97,443160.68,2024-03-16 08:00:00+00:00
1710590400000,608.97,610.51,590.28,601.7,460813.71,2024-03-16 12:00:00+00:00
1710604800000,601.7,602.45,579.12,584.11,500324.45,2024-03-16 16:00:00+00:00
1710619200000,584.11,592.24,567.06,576.84,470391.32,2024-03-16 20:00:00+00:00
1710633600000,576.84,590.75,570.35,588.01,300499.46,2024-03-17 00:00:00+00:00
1710648000000,588.04,588.15,548.56,559.93,437579.14,2024-03-17 04:00:00+00:00
1710662400000,559.93,579.75,557.1,572.45,359426.72,2024-03-17 08:00:00+00:00
1710676800000,572.46,588.74,560.5,587.92,392867.35,2024-03-17 12:00:00+00:00
1710691200000,587.93,590.75,573.08,582.83,317885.39,2024-03-17 16:00:00+00:00
1710705600000,582.84,584.2,563.37,571.5,296040.22,2024-03-17 20:00:00+00:00
1710720000000,571.5,571.72,550.56,565.75,454646.14,2024-03-18 00:00:00+00:00
1710734400000,565.75,587.63,560.66,577.17,416493.79,2024-03-18 04:00:00+00:00
1710748800000,577.17,577.34,561.43,569.13,389421.68,2024-03-18 08:00:00+00:00
1710763200000,569.14,572.07,545.04,552.79,640293.43,2024-03-18 12:00:00+00:00
1710777600000,552.78,558.71,540.23,548.92,456005.82,2024-03-18 16:00:00+00:00
1710792000000,548.92,558.32,548.88,555.66,154076.21,2024-03-18 20:00:00+00:00
1710806400000,555.66,560.97,523.05,534.4,574927.77,2024-03-19 00:00:00+00:00
1710820800000,534.4,537.0,512.55,529.85,567734.53,2024-03-19 04:00:00+00:00
1710835200000,529.9,529.91,498.0,513.99,781117.88,2024-03-19 08:00:00+00:00
1710849600000,514.0,530.92,509.45,529.78,536766.02,2024-03-19 12:00:00+00:00
1710864000000,529.79,538.75,526.45,532.42,339088.98,2024-03-19 16:00:00+00:00
1710878400000,532.47,533.65,501.6,507.96,372705.27,2024-03-19 20:00:00+00:00
1710892800000,507.97,523.01,506.25,512.62,358848.18,2024-03-20 00:00:00+00:00
1710907200000,512.62,534.3,500.29,532.29,427435.23,2024-03-20 04:00:00+00:00
1710921600000,532.28,536.33,522.5,533.85,330318.76,2024-03-20 08:00:00+00:00
1710936000000,533.84,539.88,515.8,516.95,380942.41,2024-03-20 12:00:00+00:00
1710950400000,516.95,542.89,505.0,541.27,508845.69,2024-03-20 16:00:00+00:00
1710964800000,541.27,559.47,539.97,556.99,297482.25,2024-03-20 20:00:00+00:00
1710979200000,557.0,562.58,549.01,552.93,313828.92,2024-03-21 00:00:00+00:00
1710993600000,552.99,555.38,541.11,550.27,257216.6,2024-03-21 04:00:00+00:00
1711008000000,550.28,571.59,549.95,558.6,372921.53,2024-03-21 08:00:00+00:00
1711022400000,558.61,566.02,553.84,558.73,253828.01,2024-03-21 12:00:00+00:00
1711036800000,558.73,567.24,544.51,552.36,282235.73,2024-03-21 16:00:00+00:00
1711051200000,552.35,558.75,546.74,554.13,136214.32,2024-03-21 20:00:00+00:00
1711065600000,554.14,578.35,552.4,575.94,383341.02,2024-03-22 00:00:00+00:00
1711080000000,575.95,586.99,571.52,584.3,279993.98,2024-03-22 04:00:00+00:00
1711094400000,584.31,587.86,563.81,566.15,429877.57,2024-03-22 08:00:00+00:00
1711108800000,566.14,570.54,542.09,554.34,636561.62,2024-03-22 12:00:00+00:00
1711123200000,554.37,554.75,543.12,550.34,286429.7,2024-03-22 16:00:00+00:00
1711137600000,550.34,554.88,534.5,554.31,228195.07,2024-03-22 20:00:00+00:00
1711152000000,554.32,563.1,543.7,550.65,264055.02,2024-03-23 00:00:00+00:00
1711166400000,550.66,558.82,548.52,555.23,156589.2,2024-03-23 04:00:00+00:00
1711180800000,555.23,559.2,550.68,554.53,177218.64,2024-03-23 08:00:00+00:00
1711195200000,554.53,568.02,553.45,562.58,259316.97,2024-03-23 12:00:00+00:00
1711209600000,562.58,565.49,558.4,559.38,105347.62,2024-03-23 16:00:00+00:00
1711224000000,559.38,562.7,550.91,552.15,100182.44,2024-03-23 20:00:00+00:00
1711238400000,552.15,562.33,550.92,551.06,138455.39,2024-03-24 00:00:00+00:00
1711252800000,551.06,555.6,549.27,553.01,96507.38,2024-03-24 04:00:00+00:00
1711267200000,553.02,557.84,552.06,556.81,90970.84,2024-03-24 08:00:00+00:00
1711281600000,556.8,564.79,556.11,560.83,172299.92,2024-03-24 12:00:00+00:00
1711296000000,560.84,565.32,554.13,564.27,161079.65,2024-03-24 16:00:00+00:00
1711310400000,564.27,573.78,562.73,568.36,141137.92,2024-03-24 20:00:00+00:00
1711324800000,568.36,582.72,565.47,581.73,199354.23,2024-03-25 00:00:00+00:00
1711339200000,581.74,589.88,580.63,584.23,232335.13,2024-03-25 04:00:00+00:00
1711353600000,584.23,587.71,578.32,579.73,229282.88,2024-03-25 08:00:00+00:00
1711368000000,579.73,595.79,574.63,593.4,349058.64,2024-03-25 12:00:00+00:00
1711382400000,593.4,598.59,591.3,594.95,181880.1,2024-03-25 16:00:00+00:00
1711396800000,594.95,595.75,585.06,587.48,117798.19,2024-03-25 20:00:00+00:00
1711411200000,587.47,593.94,586.76,593.22,90425.34,2024-03-26 00:00:00+00:00
1711425600000,593.22,597.63,590.54,591.84,122930.68,2024-03-26 04:00:00+00:00
1711440000000,591.87,597.99,590.21,592.05,116646.97,2024-03-26 08:00:00+00:00
1711454400000,592.05,594.44,572.0,580.15,363070.15,2024-03-26 12:00:00+00:00
1711468800000,580.15,581.9,572.26,575.81,170883.69,2024-03-26 16:00:00+00:00
1711483200000,575.84,581.8,575.83,580.56,68514.21,2024-03-26 20:00:00+00:00
1711497600000,580.57,586.28,578.4,582.47,91716.67,2024-03-27 00:00:00+00:00
1711512000000,582.48,583.28,573.33,574.62,106923.91,2024-03-27 04:00:00+00:00
1711526400000,574.66,580.83,572.17,579.11,129350.97,2024-03-27 08:00:00+00:00
1711540800000,579.1,585.46,562.7,570.41,392617.01,2024-03-27 12:00:00+00:00
1711555200000,570.39,574.8,566.2,569.99,131106.56,2024-03-27 16:00:00+00:00
1711569600000,569.99,576.57,569.4,574.8,74732.23,2024-03-27 20:00:00+00:00
1711584000000,574.81,589.36,574.6,582.27,290332.71,2024-03-28 00:00:00+00:00
1711598400000,582.28,591.46,582.03,590.89,177045.43,2024-03-28 04:00:00+00:00
1711612800000,590.9,592.28,585.61,587.78,146420.09,2024-03-28 08:00:00+00:00
1711627200000,587.79,589.05,580.55,585.48,160088.26,2024-03-28 12:00:00+00:00
1711641600000,585.48,586.35,581.28,582.13,77523.29,2024-03-28 16:00:00+00:00
1711656000000,582.13,586.48,580.03,583.83,66677.36,2024-03-28 20:00:00+00:00
1711670400000,583.83,590.0,582.72,589.12,113564.26,2024-03-29 00:00:00+00:00
1711684800000,589.12,614.27,587.0,607.21,717539.04,2024-03-29 04:00:00+00:00
1711699200000,607.2,620.45,606.5,616.82,297856.29,2024-03-29 08:00:00+00:00
1711713600000,616.83,621.06,602.61,607.56,395566.31,2024-03-29 12:00:00+00:00
1711728000000,607.56,614.71,607.28,613.74,156230.38,2024-03-29 16:00:00+00:00
1711742400000,613.74,618.41,610.5,612.35,154301.73,2024-03-29 20:00:00+00:00
1711756800000,612.34,612.83,603.5,607.25,161154.84,2024-03-30 00:00:00+00:00
1711771200000,607.25,609.91,598.7,598.78,145457.33,2024-03-30 04:00:00+00:00
1711785600000,598.78,605.33,596.23,604.51,185056.68,2024-03-30 08:00:00+00:00
1711800000000,604.51,606.13,601.31,604.77,103496.79,2024-03-30 12:00:00+00:00
1711814400000,604.77,609.07,603.22,604.52,110179.26,2024-03-30 16:00:00+00:00
1711828800000,604.52,606.6,599.0,600.25,78721.52,2024-03-30 20:00:00+00:00
1711843200000,600.26,607.85,600.01,607.73,85317.88,2024-03-31 00:00:00+00:00
1711857600000,607.74,608.0,602.25,606.05,100553.28,2024-03-31 04:00:00+00:00
1711872000000,606.02,606.22,602.14,605.37,73344.05,2024-03-31 08:00:00+00:00
1711886400000,605.37,606.1,601.53,601.77,76107.42,2024-03-31 12:00:00+00:00
1711900800000,601.78,606.1,601.75,605.69,73386.53,2024-03-31 16:00:00+00:00
1711915200000,605.7,608.12,604.61,606.03,69336.55,2024-03-31 20:00:00+00:00
1711929600000,606.04,607.02,596.52,597.75,157872.97,2024-04-01 00:00:00+00:00
1711944000000,597.75,597.83,570.0,586.24,429374.69,2024-04-01 04:00:00+00:00
1711958400000,586.23,587.27,580.01,584.44,146158.56,2024-04-01 08:00:00+00:00
1711972800000,584.44,593.0,572.69,574.17,291223.81,2024-04-01 12:00:00+00:00
1711987200000,574.16,579.5,568.06,578.97,188212.38,2024-04-01 16:00:00+00:00
1712001600000,578.97,581.79,576.0,576.42,87228.28,2024-04-01 20:00:00+00:00
1712016000000,576.41,578.64,550.0,561.56,443184.19,2024-04-02 00:00:00+00:00
1712030400000,561.49,565.93,555.62,559.64,162015.33,2024-04-02 04:00:00+00:00
1712044800000,559.64,563.9,550.96,555.94,272270.71,2024-04-02 08:00:00+00:00
1712059200000,555.92,561.75,546.85,552.72,262699.08,2024-04-02 12:00:00+00:00
1712073600000,552.73,559.68,549.72,558.4,127482.98,2024-04-02 16:00:00+00:00
1712088000000,558.39,560.42,550.5,551.83,101125.36,2024-04-02 20:00:00+00:00
1712102400000,551.84,560.75,539.33,560.73,275083.76,2024-04-03 00:00:00+00:00
1712116800000,560.72,563.92,553.37,559.15,154754.07,2024-04-03 04:00:00+00:00
1712131200000,559.15,568.4,555.3,556.63,183864.28,2024-04-03 08:00:00+00:00
1712145600000,556.63,563.74,552.38,556.98,162128.68,2024-04-03 12:00:00+00:00
1712160000000,556.99,560.44,551.12,558.63,103455.1,2024-04-03 16:00:00+00:00
1712174400000,558.63,565.65,552.28,562.13,89620.86,2024-04-03 20:00:00+00:00
1712188800000,562.13,582.92,561.21,576.56,438146.2,2024-04-04 00:00:00+00:00
1712203200000,576.56,584.37,573.18,582.74,222495.84,2024-04-04 04:00:00+00:00
1712217600000,582.75,588.24,581.85,586.76,175385.41,2024-04-04 08:00:00+00:00
1712232000000,586.76,592.97,585.5,589.99,201493.36,2024-04-04 12:00:00+00:00
1712246400000,589.99,597.19,589.8,594.12,164214.37,2024-04-04 16:00:00+00:00
1712260800000,594.11,594.65,578.9,584.34,261310.7,2024-04-04 20:00:00+00:00
1712275200000,584.31,590.0,573.84,580.95,237154.83,2024-04-05 00:00:00+00:00
1712289600000,580.95,580.99,564.1,574.32,231572.66,2024-04-05 04:00:00+00:00
1712304000000,574.33,580.84,572.04,576.8,207549.65,2024-04-05 08:00:00+00:00
1712318400000,576.81,585.24,572.49,582.94,236243.28,2024-04-05 12:00:00+00:00
1712332800000,582.92,583.9,576.65,581.86,92320.27,2024-04-05 16:00:00+00:00
1712347200000,581.85,582.89,577.32,577.66,58801.61,2024-04-05 20:00:00+00:00
1712361600000,577.66,581.45,574.52,580.35,83016.66,2024-04-06 00:00:00+00:00
1712376000000,580.36,584.22,579.72,582.65,77747.22,2024-04-06 04:00:00+00:00
1712390400000,582.65,583.95,579.58,580.63,63765.26,2024-04-06 08:00:00+00:00
1712404800000,580.64,586.5,579.35,583.45,85085.14,2024-04-06 12:00:00+00:00
1712419200000,583.45,586.24,582.52,582.93,52585.0,2024-04-06 16:00:00+00:00
1712433600000,582.93,590.87,582.32,585.01,74706.48,2024-04-06 20:00:00+00:00
1712448000000,585.01,590.15,584.12,589.24,74558.51,2024-04-07 00:00:00+00:00
1712462400000,589.23,589.46,585.3,586.54,51230.19,2024-04-07 04:00:00+00:00
1712476800000,586.54,587.9,585.58,585.86,46127.65,2024-04-07 08:00:00+00:00
1712491200000,585.86,588.91,583.01,583.95,87570.13,2024-04-07 12:00:00+00:00
1712505600000,583.95,585.65,577.88,578.25,102363.59,2024-04-07 16:00:00+00:00
1712520000000,578.26,584.66,577.44,583.45,63737.24,2024-04-07 20:00:00+00:00
1712534400000,583.45,583.72,577.21,581.37,77288.86,2024-04-08 00:00:00+00:00
1712548800000,581.37,588.49,580.4,588.28,93925.92,2024-04-08 04:00:00+00:00
1712563200000,588.28,601.02,587.43,595.97,275390.43,2024-04-08 08:00:00+00:00
1712577600000,595.98,598.52,586.32,587.88,163811.32,2024-04-08 12:00:00+00:00
1712592000000,587.89,592.14,586.76,589.4,105844.27,2024-04-08 16:00:00+00:00
1712606400000,589.41,591.32,586.68,586.72,78377.61,2024-04-08 20:00:00+00:00
1712620800000,586.73,590.87,582.29,582.8,179487.76,2024-04-09 00:00:00+00:00
1712635200000,582.8,585.01,574.44,574.89,170867.3,2024-04-09 04:00:00+00:00
1712649600000,574.89,585.55,571.5,584.56,200010.91,2024-04-09 08:00:00+00:00
1712664000000,584.56,585.46,574.01,579.52,200939.23,2024-04-09 12:00:00+00:00
1712678400000,579.51,581.4,574.5,580.77,90996.21,2024-04-09 16:00:00+00:00
1712692800000,580.78,583.83,579.56,580.82,66764.69,2024-04-09 20:00:00+00:00
1712707200000,580.82,583.57,573.56,579.3,152706.84,2024-04-10 00:00:00+00:00
1712721600000,579.3,588.91,577.7,587.96,131502.19,2024-04-10 04:00:00+00:00
1712736000000,587.96,592.45,584.7,586.96,226764.39,2024-04-10 08:00:00+00:00
1712750400000,586.97,594.95,574.51,593.66,422616.34,2024-04-10 12:00:00+00:00
1712764800000,593.67,611.47,593.49,606.45,525874.47,2024-04-10 16:00:00+00:00
1712779200000,606.46,610.78,603.33,610.03,132547.97,2024-04-10 20:00:00+00:00
1712793600000,610.04,618.55,604.58,616.95,260759.27,2024-04-11 00:00:00+00:00
1712808000000,616.95,617.32,604.28,605.08,172104.06,2024-04-11 04:00:00+00:00
1712822400000,605.08,606.15,592.3,593.14,247350.86,2024-04-11 08:00:00+00:00
1712836800000,593.14,607.82,592.66,603.27,336947.05,2024-04-11 12:00:00+00:00
1712851200000,603.27,606.48,598.25,605.32,112605.02,2024-04-11 16:00:00+00:00
1712865600000,605.32,607.73,602.87,604.85,72492.59,2024-04-11 20:00:00+00:00
1712880000000,604.85,616.29,604.84,614.03,171518.4,2024-04-12 00:00:00+00:00
1712894400000,614.03,632.0,613.52,621.22,547324.0,2024-04-12 04:00:00+00:00
1712908800000,621.23,625.66,618.0,621.6,206301.52,2024-04-12 08:00:00+00:00
1712923200000,621.6,623.57,606.0,611.77,390295.46,2024-04-12 12:00:00+00:00
1712937600000,611.78,616.18,563.33,586.92,1007995.64,2024-04-12 16:00:00+00:00
1712952000000,586.91,598.4,585.41,595.2,286035.71,2024-04-12 20:00:00+00:00
1712966400000,595.19,595.65,564.93,582.5,463986.63,2024-04-13 00:00:00+00:00
1712980800000,582.49,593.59,579.75,593.08,297390.38,2024-04-13 04:00:00+00:00
1712995200000,593.08,599.48,589.39,593.28,225712.29,2024-04-13 08:00:00+00:00
1713009600000,593.28,598.0,587.88,594.21,223594.0,2024-04-13 12:00:00+00:00
1713024000000,594.21,595.51,532.2,544.44,728802.31,2024-04-13 16:00:00+00:00
1713038400000,544.44,564.4,489.0,553.33,1408186.07,2024-04-13 20:00:00+00:00
1713052800000,553.34,554.19,535.74,547.52,436399.53,2024-04-14 00:00:00+00:00
1713067200000,547.53,568.92,546.01,565.09,258430.1,2024-04-14 04:00:00+00:00
1713081600000,565.05,565.16,548.2,551.25,251551.75,2024-04-14 08:00:00+00:00
1713096000000,551.24,559.07,544.34,550.13,261286.84,2024-04-14 12:00:00+00:00
1713110400000,550.13,557.37,535.95,551.75,343377.4,2024-04-14 16:00:00+00:00
1713124800000,551.75,569.99,546.14,566.0,217388.05,2024-04-14 20:00:00+00:00
1713139200000,566.01,568.57,558.81,567.35,186136.87,2024-04-15 00:00:00+00:00
1713153600000,567.35,579.23,561.09,574.97,232491.0,2024-04-15 04:00:00+00:00
1713168000000,574.98,585.0,573.21,577.57,199225.42,2024-04-15 08:00:00+00:00
1713182400000,577.58,580.14,554.01,565.06,365929.13,2024-04-15 12:00:00+00:00
1713196800000,565.06,567.13,543.62,554.72,331136.77,2024-04-15 16:00:00+00:00
1713211200000,554.72,558.32,549.45,552.18,125035.06,2024-04-15 20:00:00+00:00
1713225600000,552.19,553.37,540.01,544.34,216417.19,2024-04-16 00:00:00+00:00
1713240000000,544.33,553.29,531.13,550.16,271195.35,2024-04-16 04:00:00+00:00
1713254400000,550.17,550.22,531.05,542.55,277211.62,2024-04-16 08:00:00+00:00
1713268800000,542.54,544.93,523.49,525.08,302335.16,2024-04-16 12:00:00+00:00
1713283200000,525.07,538.28,522.23,534.47,198055.8,2024-04-16 16:00:00+00:00
1713297600000,534.47,544.0,533.68,537.52,107883.68,2024-04-16 20:00:00+00:00
1713312000000,537.51,542.15,534.34,541.67,152003.58,2024-04-17 00:00:00+00:00
1713326400000,541.67,546.15,540.03,543.6,126940.15,2024-04-17 04:00:00+00:00
1713340800000,543.61,547.4,531.73,531.99,164300.8,2024-04-17 08:00:00+00:00
1713355200000,531.99,540.35,516.08,517.32,437606.36,2024-04-17 12:00:00+00:00
1713369600000,517.31,538.92,512.24,533.69,331146.15,2024-04-17 16:00:00+00:00
1713384000000,533.77,540.42,532.66,533.94,121949.8,2024-04-17 20:00:00+00:00
1713398400000,533.95,549.82,526.73,549.6,206266.59,2024-04-18 00:00:00+00:00
1713412800000,549.6,555.55,539.2,543.69,272033.15,2024-04-18 04:00:00+00:00
1713427200000,543.71,553.79,538.89,545.74,333772.48,2024-04-18 08:00:00+00:00
1713441600000,545.74,554.45,537.0,550.59,247891.81,2024-04-18 12:00:00+00:00
1713456000000,550.59,552.7,545.41,549.78,125865.46,2024-04-18 16:00:00+00:00
1713470400000,549.78,553.01,548.15,551.95,65384.16,2024-04-18 20:00:00+00:00
1713484800000,551.95,552.0,523.42,540.44,403160.66,2024-04-19 00:00:00+00:00
1713499200000,540.44,561.29,538.51,554.95,263195.5,2024-04-19 04:00:00+00:00
1713513600000,554.93,562.38,554.02,559.46,172518.28,2024-04-19 08:00:00+00:00
1713528000000,559.47,563.94,554.05,559.83,165641.38,2024-04-19 12:00:00+00:00
1713542400000,559.81,561.28,554.56,560.67,100612.4,2024-04-19 16:00:00+00:00
1713556800000,560.68,561.75,549.23,553.77,117073.78,2024-04-19 20:00:00+00:00
1713571200000,553.77,557.84,548.2,556.39,112300.2,2024-04-20 00:00:00+00:00
1713585600000,556.39,562.22,555.99,560.26,71350.86,2024-04-20 04:00:00+00:00
1713600000000,560.27,560.3,552.8,555.85,83889.36,2024-04-20 08:00:00+00:00
1713614400000,555.86,568.0,555.07,567.79,101789.12,2024-04-20 12:00:00+00:00
1713628800000,567.8,573.4,564.03,572.4,141532.1,2024-04-20 16:00:00+00:00
1713643200000,572.4,574.0,568.06,570.37,63804.11,2024-04-20 20:00:00+00:00
1713657600000,570.37,575.74,565.92,572.01,111990.77,2024-04-21 00:00:00+00:00
1713672000000,572.01,579.75,570.36,579.39,112271.94,2024-04-21 04:00:00+00:00
1713686400000,579.35,582.41,576.93,578.51,111273.11,2024-04-21 08:00:00+00:00
1713700800000,578.52,578.8,571.42,573.6,108039.56,2024-04-21 12:00:00+00:00
1713715200000,573.6,577.58,566.17,574.62,145792.28,2024-04-21 16:00:00+00:00
1713729600000,574.62,581.51,573.43,579.31,84349.85,2024-04-21 20:00:00+00:00
1713744000000,579.31,598.85,578.06,591.86,327704.54,2024-04-22 00:00:00+00:00
1713758400000,591.87,608.69,591.82,602.99,291555.94,2024-04-22 04:00:00+00:00
1713772800000,602.99,607.34,596.74,598.84,169962.63,2024-04-22 08:00:00+00:00
1713787200000,598.81,601.81,590.76,594.72,206876.69,2024-04-22 12:00:00+00:00
1713801600000,594.72,599.99,592.11,596.25,103051.33,2024-04-22 16:00:00+00:00
1713816000000,596.25,606.26,595.06,604.37,112745.26,2024-04-22 20:00:00+00:00
1713830400000,604.37,608.94,599.27,601.59,152746.75,2024-04-23 00:00:00+00:00
1713844800000,601.59,608.0,598.5,600.15,172285.24,2024-04-23 04:00:00+00:00
1713859200000,600.15,619.4,599.6,604.3,467656.23,2024-04-23 08:00:00+00:00
1713873600000,604.3,608.0,601.92,603.74,197582.91,2024-04-23 12:00:00+00:00
1713888000000,603.75,611.26,602.0,608.6,153946.77,2024-04-23 16:00:00+00:00
1713902400000,608.6,609.19,604.48,605.74,102064.12,2024-04-23 20:00:00+00:00
1713916800000,605.74,607.33,600.2,604.26,128717.63,2024-04-24 00:00:00+00:00
1713931200000,604.26,609.6,602.71,607.61,170843.88,2024-04-24 04:00:00+00:00
1713945600000,607.61,617.77,604.39,613.45,275731.25,2024-04-24 08:00:00+00:00
1713960000000,613.48,614.6,595.51,596.88,348510.04,2024-04-24 12:00:00+00:00
1713974400000,596.86,604.69,592.29,604.26,302407.36,2024-04-24 16:00:00+00:00
1713988800000,604.25,612.7,601.52,608.47,229039.33,2024-04-24 20:00:00+00:00
1714003200000,608.46,608.98,600.36,604.75,158946.09,2024-04-25 00:00:00+00:00
1714017600000,604.75,608.79,600.76,608.12,145732.22,2024-04-25 04:00:00+00:00
1714032000000,608.12,613.48,604.03,611.05,304087.31,2024-04-25 08:00:00+00:00
1714046400000,611.06,611.87,600.74,610.66,268234.41,2024-04-25 12:00:00+00:00
1714060800000,610.67,617.0,609.53,616.22,168354.85,2024-04-25 16:00:00+00:00
1714075200000,616.25,617.31,611.99,612.55,98972.83,2024-04-25 20:00:00+00:00
1714089600000,612.57,614.36,605.06,609.18,160901.49,2024-04-26 00:00:00+00:00
1714104000000,609.19,611.9,607.0,607.95,101205.33,2024-04-26 04:00:00+00:00
1714118400000,607.94,609.67,600.82,601.84,147868.04,2024-04-26 08:00:00+00:00
1714132800000,601.85,607.36,596.35,598.83,246255.87,2024-04-26 12:00:00+00:00
1714147200000,598.84,604.24,597.41,600.77,89197.48,2024-04-26 16:00:00+00:00
1714161600000,600.77,603.18,596.12,597.47,63523.31,2024-04-26 20:00:00+00:00
1714176000000,597.48,598.99,583.01,593.87,246164.26,2024-04-27 00:00:00+00:00
1714190400000,593.88,595.9,590.86,593.25,91085.49,2024-04-27 04:00:00+00:00
1714204800000,593.26,594.9,586.71,587.55,95620.26,2024-04-27 08:00:00+00:00
1714219200000,587.55,593.72,585.4,587.04,136328.28,2024-04-27 12:00:00+00:00
1714233600000,587.04,597.31,586.5,594.86,138673.77,2024-04-27 16:00:00+00:00
1714248000000,594.86,596.56,591.88,595.74,68634.75,2024-04-27 20:00:00+00:00
1714262400000,595.74,602.0,595.6,598.68,107393.72,2024-04-28 00:00:00+00:00
1714276800000,598.67,601.07,597.1,600.05,68918.41,2024-04-28 04:00:00+00:00
1714291200000,600.06,604.95,598.15,600.88,117472.28,2024-04-28 08:00:00+00:00
1714305600000,600.88,607.0,599.27,603.49,139482.19,2024-04-28 12:00:00+00:00
1714320000000,603.49,605.59,601.86,603.29,67019.04,2024-04-28 16:00:00+00:00
1714334400000,603.3,606.59,596.53,599.64,97796.06,2024-04-28 20:00:00+00:00
1714348800000,599.65,602.0,589.4,589.77,133061.38,2024-04-29 00:00:00+00:00
1714363200000,589.81,596.4,578.09,587.46,277455.51,2024-04-29 04:00:00+00:00
1714377600000,587.46,589.99,582.66,583.81,114717.02,2024-04-29 08:00:00+00:00
1714392000000,583.79,592.44,583.03,592.36,147110.11,2024-04-29 12:00:00+00:00
1714406400000,592.35,592.85,588.31,590.34,62553.11,2024-04-29 16:00:00+00:00
1714420800000,590.35,596.46,589.18,592.62,106436.41,2024-04-29 20:00:00+00:00
1714435200000,592.61,602.28,588.89,591.34,174057.69,2024-04-30 00:00:00+00:00
1714449600000,591.35,604.28,590.76,598.08,207160.15,2024-04-30 04:00:00+00:00
1714464000000,598.09,598.57,567.78,567.92,395198.53,2024-04-30 08:00:00+00:00
1714478400000,567.89,569.16,558.11,560.24,379007.27,2024-04-30 12:00:00+00:00
1714492800000,560.23,576.8,555.0,566.67,557850.36,2024-04-30 16:00:00+00:00
1714507200000,566.68,581.57,566.49,577.72,202045.57,2024-04-30 20:00:00+00:00
1714521600000,577.72,579.92,567.2,574.38,190793.39,2024-05-01 00:00:00+00:00
1714536000000,574.38,575.41,544.09,545.93,345396.91,2024-05-01 04:00:00+00:00
1714550400000,545.92,551.78,535.91,551.24,286852.49,2024-05-01 08:00:00+00:00
1714564800000,551.24,555.79,543.66,544.63,193293.41,2024-05-01 12:00:00+00:00
1714579200000,544.63,565.9,541.94,549.59,317597.08,2024-05-01 16:00:00+00:00
1714593600000,549.6,563.45,549.6,561.45,137690.2,2024-05-01 20:00:00+00:00
1714608000000,561.46,562.63,541.01,547.1,193828.12,2024-05-02 00:00:00+00:00
1714622400000,547.14,550.28,544.05,549.16,107597.33,2024-05-02 04:00:00+00:00
1714636800000,549.16,561.35,548.27,560.76,201569.91,2024-05-02 08:00:00+00:00
1714651200000,560.77,565.73,555.64,564.32,204162.63,2024-05-02 12:00:00+00:00
1714665600000,564.32,564.86,560.26,562.91,98028.73,2024-05-02 16:00:00+00:00
1714680000000,562.92,564.09,557.91,560.21,94034.84,2024-05-02 20:00:00+00:00
1714694400000,560.21,566.94,558.57,565.9,114778.55,2024-05-03 00:00:00+00:00
1714708800000,565.9,566.97,559.64,560.82,73433.66,2024-05-03 04:00:00+00:00
1714723200000,560.83,568.7,560.15,562.47,161244.82,2024-05-03 08:00:00+00:00
1714737600000,562.47,578.9,560.08,577.27,289404.55,2024-05-03 12:00:00+00:00
1714752000000,577.27,581.29,577.27,580.6,79565.9,2024-05-03 16:00:00+00:00
1714766400000,580.6,589.83,580.38,586.65,104289.62,2024-05-03 20:00:00+00:00
1714780800000,586.66,588.69,582.0,584.01,76775.44,2024-05-04 00:00:00+00:00
1714795200000,584.0,586.7,582.5,583.44,62165.42,2024-05-04 04:00:00+00:00
1714809600000,583.44,593.11,583.01,588.67,112022.54,2024-05-04 08:00:00+00:00
1714824000000,588.68,592.8,587.43,590.61,83709.7,2024-05-04 12:00:00+00:00
1714838400000,590.62,591.1,585.58,589.3,77261.48,2024-05-04 16:00:00+00:00
1714852800000,589.31,591.37,582.71,584.78,89219.44,2024-05-04 20:00:00+00:00
1714867200000,584.79,586.54,577.0,580.57,114653.65,2024-05-05 00:00:00+00:00
1714881600000,580.58,586.59,580.14,584.6,60922.62,2024-05-05 04:00:00+00:00
1714896000000,584.61,588.94,583.74,586.04,62587.41,2024-05-05 08:00:00+00:00
1714910400000,586.04,594.53,584.08,592.76,109653.52,2024-05-05 12:00:00+00:00
1714924800000,592.77,594.82,589.78,592.47,73606.84,2024-05-05 16:00:00+00:00
1714939200000,592.47,593.76,588.01,591.56,55308.9,2024-05-05 20:00:00+00:00
1714953600000,591.57,595.45,589.05,590.46,63722.88,2024-05-06 00:00:00+00:00
1714968000000,590.46,595.23,589.12,595.11,72723.15,2024-05-06 04:00:00+00:00
1714982400000,595.11,602.25,585.5,591.63,242590.71,2024-05-06 08:00:00+00:00
1714996800000,591.64,592.38,582.54,588.63,193283.2,2024-05-06 12:00:00+00:00
1715011200000,588.63,591.34,585.21,589.66,79233.94,2024-05-06 16:00:00+00:00
1715025600000,589.67,593.3,587.27,587.81,53856.17,2024-05-06 20:00:00+00:00
1715040000000,587.82,593.74,581.88,586.31,125615.57,2024-05-07 00:00:00+00:00
1715054400000,586.32,589.47,585.14,588.25,72086.68,2024-05-07 04:00:00+00:00
1715068800000,588.25,600.3,587.62,592.3,175278.97,2024-05-07 08:00:00+00:00
1715083200000,592.31,595.72,587.19,593.94,117420.79,2024-05-07 12:00:00+00:00
1715097600000,593.94,595.26,585.0,585.41,78511.66,2024-05-07 16:00:00+00:00
1715112000000,585.42,587.39,575.33,575.86,144386.67,2024-05-07 20:00:00+00:00
1715126400000,575.87,586.07,573.63,585.15,116102.43,2024-05-08 00:00:00+00:00
1715140800000,585.16,587.36,578.47,579.29,138223.13,2024-05-08 04:00:00+00:00
1715155200000,579.3,587.2,577.99,585.04,113211.95,2024-05-08 08:00:00+00:00
1715169600000,585.06,586.73,578.81,582.16,153101.11,2024-05-08 12:00:00+00:00
1715184000000,582.16,589.2,579.86,588.72,104747.76,2024-05-08 16:00:00+00:00
1715198400000,588.73,589.88,579.06,588.22,164374.28,2024-05-08 20:00:00+00:00
1715212800000,588.22,601.15,586.19,596.87,254387.54,2024-05-09 00:00:00+00:00
1715227200000,596.87,602.55,594.37,600.16,218222.17,2024-05-09 04:00:00+00:00
1715241600000,600.17,602.75,589.0,594.96,242043.7,2024-05-09 08:00:00+00:00
1715256000000,594.97,609.0,590.13,596.17,277648.28,2024-05-09 12:00:00+00:00
1715270400000,596.17,599.1,590.2,595.99,140377.1,2024-05-09 16:00:00+00:00
1715284800000,596.0,599.62,594.0,596.42,91474.59,2024-05-09 20:00:00+00:00
1715299200000,596.43,596.54,590.61,593.15,89070.76,2024-05-10 00:00:00+00:00
1715313600000,593.16,596.42,591.74,594.95,72594.87,2024-05-10 04:00:00+00:00
1715328000000,594.95,595.7,591.63,595.65,69564.63,2024-05-10 08:00:00+00:00
1715342400000,595.66,596.52,581.88,585.67,253432.62,2024-05-10 12:00:00+00:00
1715356800000,585.67,588.57,581.06,585.96,135691.65,2024-05-10 16:00:00+00:00
1715371200000,585.96,587.74,583.14,585.26,62416.35,2024-05-10 20:00:00+00:00
1715385600000,585.27,590.45,581.2,583.28,118039.95,2024-05-11 00:00:00+00:00
1715400000000,583.29,587.59,582.0,586.8,66711.51,2024-05-11 04:00:00+00:00
1715414400000,586.81,590.45,583.78,589.52,121486.41,2024-05-11 08:00:00+00:00
1715428800000,589.52,593.59,588.17,591.17,105105.47,2024-05-11 12:00:00+00:00
1715443200000,591.19,594.43,588.33,593.19,66823.69,2024-05-11 16:00:00+00:00
1715457600000,593.19,594.4,591.01,592.03,44416.37,2024-05-11 20:00:00+00:00
1715472000000,592.03,593.71,589.64,589.92,49240.45,2024-05-12 00:00:00+00:00
1715486400000,589.93,591.69,587.02,588.3,57566.31,2024-05-12 04:00:00+00:00
1715500800000,588.3,593.47,587.28,592.51,71950.1,2024-05-12 08:00:00+00:00
1715515200000,592.52,596.5,591.49,594.92,85506.92,2024-05-12 12:00:00+00:00
1715529600000,594.92,598.74,592.07,597.62,120048.34,2024-05-12 16:00:00+00:00
1715544000000,597.63,598.0,592.69,594.25,63254.58,2024-05-12 20:00:00+00:00
1715558400000,594.26,596.21,584.48,588.89,206966.19,2024-05-13 00:00:00+00:00
1715572800000,588.89,598.15,585.16,595.87,180411.24,2024-05-13 04:00:00+00:00
1715587200000,595.87,598.04,593.38,594.55,171778.71,2024-05-13 08:00:00+00:00
1715601600000,594.56,595.64,592.0,594.89,110696.26,2024-05-13 12:00:00+00:00
1715616000000,594.89,597.41,591.27,594.61,91766.21,2024-05-13 16:00:00+00:00
1715630400000,594.6,595.2,590.75,591.29,56968.35,2024-05-13 20:00:00+00:00
1715644800000,591.3,592.6,587.32,588.46,88209.16,2024-05-14 00:00:00+00:00
1715659200000,588.47,591.49,580.43,587.91,141075.15,2024-05-14 04:00:00+00:00
1715673600000,587.92,587.92,584.54,585.55,55281.54,2024-05-14 08:00:00+00:00
1715688000000,585.56,587.57,559.73,568.55,571275.83,2024-05-14 12:00:00+00:00
1715702400000,568.55,569.26,562.88,567.7,138785.43,2024-05-14 16:00:00+00:00
1715716800000,567.7,568.06,563.32,566.59,91769.23,2024-05-14 20:00:00+00:00
1715731200000,566.58,569.06,560.5,569.06,124272.39,2024-05-15 00:00:00+00:00
1715745600000,569.06,570.43,565.59,568.72,85549.02,2024-05-15 04:00:00+00:00
1715760000000,568.72,570.15,563.81,565.56,122769.1,2024-05-15 08:00:00+00:00
1715774400000,565.57,581.32,563.87,579.52,309514.07,2024-05-15 12:00:00+00:00
1715788800000,579.51,586.4,577.49,585.58,140826.34,2024-05-15 16:00:00+00:00
1715803200000,585.57,586.0,580.05,580.81,100723.17,2024-05-15 20:00:00+00:00
1715817600000,580.82,585.97,580.42,583.82,144970.73,2024-05-16 00:00:00+00:00
1715832000000,583.83,585.5,581.24,584.16,92296.11,2024-05-16 04:00:00+00:00
1715846400000,584.17,584.96,579.01,582.15,90120.89,2024-05-16 08:00:00+00:00
1715860800000,582.12,582.37,565.77,567.65,270031.95,2024-05-16 12:00:00+00:00
1715875200000,567.65,569.79,564.65,567.52,102223.53,2024-05-16 16:00:00+00:00
1715889600000,567.53,569.6,566.05,568.48,55209.97,2024-05-16 20:00:00+00:00
1715904000000,568.48,572.22,567.85,571.27,73185.79,2024-05-17 00:00:00+00:00
1715918400000,571.28,579.96,569.41,578.08,123406.07,2024-05-17 04:00:00+00:00
1715932800000,578.08,579.17,574.32,577.87,98863.58,2024-05-17 08:00:00+00:00
1715947200000,577.88,584.56,575.31,582.39,139710.86,2024-05-17 12:00:00+00:00
1715961600000,582.39,583.31,577.04,579.67,88369.82,2024-05-17 16:00:00+00:00
1715976000000,579.67,580.83,579.0,580.52,29674.03,2024-05-17 20:00:00+00:00
1715990400000,580.53,581.78,577.51,581.47,51075.5,2024-05-18 00:00:00+00:00
1716004800000,581.47,581.76,578.38,578.68,52612.2,2024-05-18 04:00:00+00:00
1716019200000,578.69,581.35,578.42,579.25,57271.28,2024-05-18 08:00:00+00:00
1716033600000,579.26,579.36,574.01,577.49,108023.81,2024-05-18 12:00:00+00:00
1716048000000,577.5,578.7,576.33,577.07,32883.51,2024-05-18 16:00:00+00:00
1716062400000,577.08,580.45,576.5,580.27,59794.06,2024-05-18 20:00:00+00:00
1716076800000,580.27,581.79,579.06,581.24,52845.39,2024-05-19 00:00:00+00:00
1716091200000,581.25,581.36,577.58,579.73,45244.07,2024-05-19 04:00:00+00:00
1716105600000,579.74,580.94,577.24,580.56,58569.44,2024-05-19 08:00:00+00:00
1716120000000,580.56,581.07,574.48,577.56,87515.75,2024-05-19 12:00:00+00:00
1716134400000,577.57,577.77,572.71,573.47,66936.89,2024-05-19 16:00:00+00:00
1716148800000,573.48,575.43,571.0,574.31,39521.62,2024-05-19 20:00:00+00:00
1716163200000,574.32,577.11,570.24,575.65,87483.52,2024-05-20 00:00:00+00:00
1716177600000,575.65,580.82,571.0,575.68,143705.12,2024-05-20 04:00:00+00:00
1716192000000,575.69,576.98,571.26,572.65,101943.16,2024-05-20 08:00:00+00:00
1716206400000,572.66,576.74,568.0,576.6,148917.48,2024-05-20 12:00:00+00:00
1716220800000,576.61,590.69,575.12,589.47,231495.99,2024-05-20 16:00:00+00:00
1716235200000,589.47,602.25,584.86,599.71,319830.93,2024-05-20 20:00:00+00:00
1716249600000,599.72,612.93,595.21,597.98,296394.86,2024-05-21 00:00:00+00:00
1716264000000,597.97,632.89,593.4,630.9,625273.21,2024-05-21 04:00:00+00:00
1716278400000,630.89,631.36,616.23,618.16,399063.43,2024-05-21 08:00:00+00:00
1716292800000,618.2,619.92,610.32,613.28,328798.66,2024-05-21 12:00:00+00:00
1716307200000,613.27,619.87,608.01,609.98,185935.0,2024-05-21 16:00:00+00:00
1716321600000,609.98,620.41,609.66,619.02,99344.38,2024-05-21 20:00:00+00:00
1716336000000,619.02,624.94,617.37,622.59,143504.89,2024-05-22 00:00:00+00:00
1716350400000,622.58,623.63,613.0,621.8,158796.08,2024-05-22 04:00:00+00:00
1716364800000,621.8,626.91,618.09,618.24,148283.68,2024-05-22 08:00:00+00:00
1716379200000,618.24,622.33,610.76,621.4,251463.97,2024-05-22 12:00:00+00:00
1716393600000,621.39,622.4,610.27,612.63,180298.89,2024-05-22 16:00:00+00:00
1716408000000,612.64,617.24,611.54,615.24,64230.55,2024-05-22 20:00:00+00:00
1716422400000,615.24,617.51,613.48,615.55,74524.46,2024-05-23 00:00:00+00:00
1716436800000,615.54,617.68,613.14,615.1,110489.35,2024-05-23 04:00:00+00:00
1716451200000,615.11,615.68,606.8,613.63,159376.24,2024-05-23 08:00:00+00:00
1716465600000,613.63,614.07,585.76,594.53,450087.91,2024-05-23 12:00:00+00:00
1716480000000,594.54,598.2,587.6,590.52,141585.21,2024-05-23 16:00:00+00:00
1716494400000,590.52,601.62,577.73,599.66,318134.63,2024-05-23 20:00:00+00:00
1716508800000,599.67,605.64,597.0,601.82,102566.92,2024-05-24 00:00:00+00:00
1716523200000,601.82,603.09,588.58,593.36,150404.38,2024-05-24 04:00:00+00:00
1716537600000,593.36,597.3,588.61,596.75,96161.58,2024-05-24 08:00:00+00:00
1716552000000,596.76,599.66,595.0,597.15,106349.2,2024-05-24 12:00:00+00:00
1716566400000,597.16,603.4,595.02,602.14,97829.73,2024-05-24 16:00:00+00:00
1716580800000,602.13,602.64,600.27,600.55,36021.08,2024-05-24 20:00:00+00:00
1716595200000,600.55,602.97,599.59,601.61,46280.19,2024-05-25 00:00:00+00:00
1716609600000,601.6,603.96,600.7,601.92,47590.71,2024-05-25 04:00:00+00:00
1716624000000,601.93,607.0,601.38,604.42,69377.2,2024-05-25 08:00:00+00:00
1716638400000,604.43,604.93,600.51,602.07,59628.78,2024-05-25 12:00:00+00:00
1716652800000,602.06,603.18,601.57,602.36,29969.62,2024-05-25 16:00:00+00:00
1716667200000,602.37,602.82,600.7,602.48,20239.75,2024-05-25 20:00:00+00:00
1716681600000,602.47,603.99,600.15,602.6,43401.78,2024-05-26 00:00:00+00:00
1716696000000,602.6,604.52,601.98,604.49,43210.26,2024-05-26 04:00:00+00:00
1716710400000,604.48,605.53,600.71,601.97,44614.93,2024-05-26 08:00:00+00:00
1716724800000,601.97,604.93,599.14,602.64,79557.55,2024-05-26 12:00:00+00:00
1716739200000,602.64,604.19,600.89,601.36,46292.94,2024-05-26 16:00:00+00:00
1716753600000,601.36,601.71,598.2,600.65,40549.59,2024-05-26 20:00:00+00:00
1716768000000,600.65,606.92,599.89,605.34,70415.13,2024-05-27 00:00:00+00:00
1716782400000,605.34,606.38,601.12,603.41,57562.48,2024-05-27 04:00:00+00:00
1716796800000,603.42,605.93,601.2,602.66,54827.79,2024-05-27 08:00:00+00:00
1716811200000,602.66,614.58,601.28,613.46,148004.96,2024-05-27 12:00:00+00:00
1716825600000,613.45,615.29,600.77,602.49,123872.31,2024-05-27 16:00:00+00:00
1716840000000,602.5,606.39,601.21,604.13,57800.43,2024-05-27 20:00:00+00:00
1716854400000,604.13,605.36,596.0,597.95,155632.99,2024-05-28 00:00:00+00:00
1716868800000,597.96,599.97,593.71,597.94,84738.93,2024-05-28 04:00:00+00:00
1716883200000,597.94,606.3,597.22,602.24,115111.33,2024-05-28 08:00:00+00:00
1716897600000,602.23,603.54,596.45,601.44,113328.93,2024-05-28 12:00:00+00:00
1716912000000,601.43,602.61,595.73,601.85,69934.73,2024-05-28 16:00:00+00:00
1716926400000,601.84,603.44,600.73,601.91,34540.07,2024-05-28 20:00:00+00:00
1716940800000,601.91,603.99,601.15,601.82,59033.09,2024-05-29 00:00:00+00:00
1716955200000,601.82,603.77,598.37,598.46,53835.35,2024-05-29 04:00:00+00:00
1716969600000,598.46,600.92,596.08,599.5,92629.87,2024-05-29 08:00:00+00:00
1716984000000,599.5,601.64,595.08,595.73,89500.94,2024-05-29 12:00:00+00:00
1716998400000,595.73,596.91,593.33,594.09,74124.77,2024-05-29 16:00:00+00:00
1717012800000,594.09,597.62,593.86,595.77,34150.69,2024-05-29 20:00:00+00:00
1717027200000,595.76,598.22,594.93,597.67,51526.1,2024-05-30 00:00:00+00:00
1717041600000,597.68,598.56,588.76,589.08,94404.39,2024-05-30 04:00:00+00:00
1717056000000,589.09,595.27,586.5,594.39,115425.64,2024-05-30 08:00:00+00:00
1717070400000,594.39,598.25,594.15,596.92,79514.12,2024-05-30 12:00:00+00:00
1717084800000,596.92,602.89,595.93,597.39,92149.31,2024-05-30 16:00:00+00:00
1717099200000,597.39,597.45,591.51,595.34,56179.35,2024-05-30 20:00:00+00:00
1717113600000,595.35,596.91,593.27,593.87,45318.16,2024-05-31 00:00:00+00:00
1717128000000,593.86,594.7,591.2,592.09,47144.59,2024-05-31 04:00:00+00:00
1717142400000,592.1,596.31,591.65,595.62,60537.04,2024-05-31 08:00:00+00:00
1717156800000,595.62,599.37,591.51,591.54,114451.71,2024-05-31 12:00:00+00:00
1717171200000,591.54,595.71,590.17,594.41,84289.05,2024-05-31 16:00:00+00:00
1717185600000,594.39,596.34,593.07,594.03,34758.19,2024-05-31 20:00:00+00:00
1717200000000,594.03,595.88,593.46,595.71,32994.64,2024-06-01 00:00:00+00:00
1717214400000,595.71,596.73,594.86,595.43,27307.88,2024-06-01 04:00:00+00:00
1717228800000,595.44,596.66,595.0,596.6,28804.71,2024-06-01 08:00:00+00:00
1717243200000,596.61,598.7,595.9,596.51,43432.58,2024-06-01 12:00:00+00:00
1717257600000,596.52,598.25,596.2,598.03,26029.01,2024-06-01 16:00:00+00:00
1717272000000,598.03,609.0,597.9,602.39,189613.19,2024-06-01 20:00:00+00:00
1717286400000,602.4,606.38,601.94,604.35,78312.87,2024-06-02 00:00:00+00:00
1717300800000,604.35,606.06,600.0,600.45,65709.76,2024-06-02 04:00:00+00:00
1717315200000,600.45,602.38,596.59,601.5,91880.47,2024-06-02 08:00:00+00:00
1717329600000,601.5,603.44,599.41,601.8,70589.52,2024-06-02 12:00:00+00:00
1717344000000,601.8,602.32,596.31,599.6,70530.65,2024-06-02 16:00:00+00:00
1717358400000,599.6,604.52,597.87,603.4,52580.75,2024-06-02 20:00:00+00:00
1717372800000,603.4,610.66,601.69,608.55,168575.96,2024-06-03 00:00:00+00:00
1717387200000,608.55,639.6,608.14,626.55,595913.58,2024-06-03 04:00:00+00:00
1717401600000,626.53,634.68,625.81,631.62,252551.55,2024-06-03 08:00:00+00:00
1717416000000,631.63,638.34,622.0,628.3,357840.79,2024-06-03 12:00:00+00:00
1717430400000,628.31,629.05,620.1,625.91,168970.41,2024-06-03 16:00:00+00:00
1717444800000,625.97,629.66,623.02,626.86,85078.39,2024-06-03 20:00:00+00:00
1717459200000,626.86,635.29,625.46,634.94,134589.86,2024-06-04 00:00:00+00:00
1717473600000,634.94,635.91,628.27,629.01,159488.28,2024-06-04 04:00:00+00:00
1717488000000,629.01,649.48,625.18,646.15,543834.93,2024-06-04 08:00:00+00:00
1717502400000,646.14,667.76,644.7,663.28,638843.64,2024-06-04 12:00:00+00:00
1717516800000,663.36,675.2,661.34,671.63,308623.92,2024-06-04 16:00:00+00:00
1717531200000,671.62,689.75,668.07,686.16,349191.06,2024-06-04 20:00:00+00:00
1717545600000,686.15,718.97,685.24,703.66,671348.9,2024-06-05 00:00:00+00:00
1717560000000,703.65,713.08,696.45,706.27,296028.95,2024-06-05 04:00:00+00:00
1717574400000,706.28,714.73,695.0,700.4,346487.14,2024-06-05 08:00:00+00:00
1717588800000,700.4,707.94,696.0,705.1,244920.04,2024-06-05 12:00:00+00:00
1717603200000,705.1,706.87,688.35,691.99,252002.83,2024-06-05 16:00:00+00:00
1717617600000,692.0,700.0,690.42,699.32,105088.94,2024-06-05 20:00:00+00:00
1717632000000,699.33,702.68,696.55,697.37,111173.04,2024-06-06 00:00:00+00:00
1717646400000,697.37,709.0,691.77,704.88,284749.78,2024-06-06 04:00:00+00:00
1717660800000,704.87,710.7,701.85,705.61,215512.11,2024-06-06 08:00:00+00:00
1717675200000,705.61,723.2,702.52,703.83,524772.1,2024-06-06 12:00:00+00:00
1717689600000,703.81,708.65,698.1,706.45,235912.18,2024-06-06 16:00:00+00:00
1717704000000,706.42,712.14,700.37,711.29,139828.79,2024-06-06 20:00:00+00:00
1717718400000,711.28,712.15,700.2,704.35,162898.92,2024-06-07 00:00:00+00:00
1717732800000,704.35,709.53,697.14,697.75,195686.2,2024-06-07 04:00:00+00:00
1717747200000,697.8,705.73,697.63,705.72,149163.39,2024-06-07 08:00:00+00:00
1717761600000,705.72,709.68,696.01,701.06,260442.5,2024-06-07 12:00:00+00:00
1717776000000,701.05,701.98,657.42,681.24,693226.26,2024-06-07 16:00:00+00:00
1717790400000,681.23,685.8,677.63,684.0,139095.91,2024-06-07 20:00:00+00:00
1717804800000,683.99,685.56,679.56,682.19,134663.96,2024-06-08 00:00:00+00:00
1717819200000,682.19,695.12,680.58,694.7,155012.43,2024-06-08 04:00:00+00:00
1717833600000,694.71,694.83,682.5,683.76,131743.95,2024-06-08 08:00:00+00:00
1717848000000,683.75,688.4,677.67,686.52,180680.78,2024-06-08 12:00:00+00:00
1717862400000,686.53,687.26,680.0,685.93,94921.44,2024-06-08 16:00:00+00:00
1717876800000,685.92,687.6,681.24,682.61,51852.84,2024-06-08 20:00:00+00:00
1717891200000,682.6,683.28,670.67,674.9,142542.19,2024-06-09 00:00:00+00:00
1717905600000,674.88,681.5,672.14,679.72,89742.27,2024-06-09 04:00:00+00:00
1717920000000,679.73,683.38,677.6,679.35,69524.5,2024-06-09 08:00:00+00:00
1717934400000,679.36,684.81,676.31,676.6,117733.83,2024-06-09 12:00:00+00:00
1717948800000,676.61,678.77,675.02,675.63,64898.24,2024-06-09 16:00:00+00:00
1717963200000,675.64,675.92,670.15,673.16,61356.21,2024-06-09 20:00:00+00:00
1717977600000,673.17,674.93,668.08,669.36,82533.77,2024-06-10 00:00:00+00:00
1717992000000,669.36,669.8,639.29,640.95,566972.61,2024-06-10 04:00:00+00:00
1718006400000,640.96,649.6,638.61,639.7,301728.38,2024-06-10 08:00:00+00:00
1718020800000,639.71,652.59,635.07,650.54,282033.91,2024-06-10 12:00:00+00:00
1718035200000,650.54,653.28,645.71,648.43,133408.2,2024-06-10 16:00:00+00:00
1718049600000,648.44,648.44,613.48,625.0,647523.82,2024-06-10 20:00:00+00:00
1718064000000,624.99,629.42,615.0,625.55,389249.87,2024-06-11 00:00:00+00:00
1718078400000,625.55,625.84,610.0,613.55,301072.47,2024-06-11 04:00:00+00:00
1718092800000,613.56,617.05,602.56,606.22,354415.74,2024-06-11 08:00:00+00:00
1718107200000,606.22,611.28,594.0,597.64,337094.17,2024-06-11 12:00:00+00:00
1718121600000,597.64,610.0,595.99,608.28,211063.38,2024-06-11 16:00:00+00:00
1718136000000,608.27,608.33,598.61,602.18,98047.86,2024-06-11 20:00:00+00:00
1718150400000,602.18,609.07,590.88,608.18,242770.22,2024-06-12 00:00:00+00:00
1718164800000,608.17,614.75,605.73,614.68,154920.88,2024-06-12 04:00:00+00:00
1718179200000,614.67,617.88,608.63,608.9,177800.1,2024-06-12 08:00:00+00:00
1718193600000,608.91,634.44,608.86,628.0,379177.47,2024-06-12 12:00:00+00:00
1718208000000,628.0,632.97,609.5,612.31,310590.08,2024-06-12 16:00:00+00:00
1718222400000,612.23,622.82,610.55,619.28,92873.79,2024-06-12 20:00:00+00:00
1718236800000,619.29,619.78,602.58,606.98,208759.83,2024-06-13 00:00:00+00:00
1718251200000,606.98,611.58,601.87,607.3,117517.67,2024-06-13 04:00:00+00:00
1718265600000,607.3,609.57,603.0,604.15,116009.49,2024-06-13 08:00:00+00:00
1718280000000,604.15,610.34,595.56,597.07,225937.68,2024-06-13 12:00:00+00:00
1718294400000,597.07,605.72,595.44,602.24,97957.14,2024-06-13 16:00:00+00:00
1718308800000,602.24,603.5,597.0,599.7,71711.01,2024-06-13 20:00:00+00:00
1718323200000,599.71,603.53,594.0,600.64,101876.96,2024-06-14 00:00:00+00:00
1718337600000,600.64,610.0,600.64,608.19,105865.69,2024-06-14 04:00:00+00:00
1718352000000,608.2,610.78,606.33,610.65,92913.7,2024-06-14 08:00:00+00:00
1718366400000,610.65,612.16,601.14,602.49,161056.58,2024-06-14 12:00:00+00:00
1718380800000,602.48,603.26,590.0,596.1,239976.57,2024-06-14 16:00:00+00:00
1718395200000,596.1,604.99,595.21,603.11,103040.76,2024-06-14 20:00:00+00:00
1718409600000,603.1,605.99,601.18,605.48,65906.74,2024-06-15 00:00:00+00:00
1718424000000,605.49,609.0,604.21,606.77,75264.12,2024-06-15 04:00:00+00:00
1718438400000,606.78,608.87,605.8,608.6,50523.2,2024-06-15 08:00:00+00:00
1718452800000,608.61,609.59,604.01,607.26,78182.28,2024-06-15 12:00:00+00:00
1718467200000,607.27,608.06,605.03,606.78,45852.35,2024-06-15 16:00:00+00:00
1718481600000,606.78,609.27,604.02,607.99,42215.21,2024-06-15 20:00:00+00:00
1718496000000,607.99,608.24,603.72,604.45,46242.54,2024-06-16 00:00:00+00:00
1718510400000,604.46,607.37,601.03,606.05,50885.62,2024-06-16 04:00:00+00:00
1718524800000,606.04,607.89,603.7,606.19,53424.27,2024-06-16 08:00:00+00:00
1718539200000,606.19,610.78,605.4,610.33,84203.64,2024-06-16 12:00:00+00:00
1718553600000,610.33,610.53,607.55,609.11,42866.64,2024-06-16 16:00:00+00:00
1718568000000,609.11,611.92,607.74,610.65,56857.46,2024-06-16 20:00:00+00:00
1718582400000,610.66,612.53,604.02,605.11,91999.13,2024-06-17 00:00:00+00:00
1718596800000,605.11,607.7,601.0,603.66,82841.18,2024-06-17 04:00:00+00:00
1718611200000,603.66,605.0,593.55,599.18,144304.65,2024-06-17 08:00:00+00:00
1718625600000,599.18,604.83,596.11,597.32,147977.92,2024-06-17 12:00:00+00:00
1718640000000,597.32,610.24,591.0,608.48,211982.52,2024-06-17 16:00:00+00:00
1718654400000,608.45,608.64,603.4,603.96,69373.61,2024-06-17 20:00:00+00:00
1718668800000,603.97,604.8,574.0,594.17,429428.81,2024-06-18 00:00:00+00:00
1718683200000,594.17,597.61,591.44,593.53,94760.53,2024-06-18 04:00:00+00:00
1718697600000,593.52,593.99,581.42,583.5,135885.22,2024-06-18 08:00:00+00:00
1718712000000,583.5,587.29,574.37,582.28,302185.13,2024-06-18 12:00:00+00:00
1718726400000,582.32,582.58,575.67,580.53,99639.13,2024-06-18 16:00:00+00:00
1718740800000,580.5,589.89,578.49,588.5,97776.73,2024-06-18 20:00:00+00:00
1718755200000,588.51,598.95,586.51,597.91,145748.18,2024-06-19 00:00:00+00:00
1718769600000,597.91,605.95,597.2,603.75,134623.55,2024-06-19 04:00:00+00:00
1718784000000,603.76,604.27,595.0,596.74,214667.44,2024-06-19 08:00:00+00:00
1718798400000,596.74,599.21,591.11,592.15,128906.48,2024-06-19 12:00:00+00:00
1718812800000,592.15,601.19,591.53,599.22,89158.89,2024-06-19 16:00:00+00:00
1718827200000,599.22,602.4,597.0,598.92,53755.84,2024-06-19 20:00:00+00:00
1718841600000,598.92,602.92,595.21,597.86,83707.81,2024-06-20 00:00:00+00:00
1718856000000,597.86,605.94,596.85,605.2,103801.76,2024-06-20 04:00:00+00:00
1718870400000,605.23,607.68,601.0,602.75,116252.69,2024-06-20 08:00:00+00:00
1718884800000,602.75,603.92,592.0,595.71,178329.98,2024-06-20 12:00:00+00:00
1718899200000,595.71,597.02,591.11,593.08,122226.57,2024-06-20 16:00:00+00:00
1718913600000,593.07,593.86,584.01,587.32,95313.45,2024-06-20 20:00:00+00:00
1718928000000,587.31,589.25,582.9,586.12,95062.47,2024-06-21 00:00:00+00:00
1718942400000,586.11,587.5,582.02,583.17,65238.56,2024-06-21 04:00:00+00:00
1718956800000,583.16,587.27,578.01,585.97,154249.62,2024-06-21 08:00:00+00:00
1718971200000,585.96,587.82,577.5,582.83,167011.11,2024-06-21 12:00:00+00:00
1718985600000,582.84,586.3,579.38,585.95,64297.66,2024-06-21 16:00:00+00:00
1719000000000,585.93,587.68,583.71,586.11,50239.5,2024-06-21 20:00:00+00:00
1719014400000,586.12,586.47,580.7,584.16,61530.58,2024-06-22 00:00:00+00:00
1719028800000,584.15,587.79,583.53,586.88,55577.16,2024-06-22 04:00:00+00:00
1719043200000,586.88,587.88,584.76,587.21,45637.41,2024-06-22 08:00:00+00:00
1719057600000,587.22,587.52,585.19,586.65,37031.72,2024-06-22 12:00:00+00:00
1719072000000,586.65,587.7,585.69,587.7,25600.37,2024-06-22 16:00:00+00:00
1719086400000,587.7,591.34,586.63,590.98,47092.66,2024-06-22 20:00:00+00:00
1719100800000,590.98,593.0,587.01,592.67,84396.96,2024-06-23 00:00:00+00:00
1719115200000,592.66,592.9,590.42,592.34,43234.34,2024-06-23 04:00:00+00:00
1719129600000,592.34,592.43,587.54,589.3,54614.76,2024-06-23 08:00:00+00:00
1719144000000,589.31,590.4,584.27,585.1,71878.46,2024-06-23 12:00:00+00:00
1719158400000,585.1,585.78,581.13,585.33,64219.06,2024-06-23 16:00:00+00:00
1719172800000,585.33,585.39,575.52,577.4,92844.79,2024-06-23 20:00:00+00:00
1719187200000,577.41,581.91,570.24,576.07,129244.19,2024-06-24 00:00:00+00:00
1719201600000,576.06,576.4,563.57,570.71,186571.56,2024-06-24 04:00:00+00:00
1719216000000,570.7,575.83,556.2,569.76,268648.65,2024-06-24 08:00:00+00:00
1719230400000,569.76,571.13,560.73,561.56,161815.82,2024-06-24 12:00:00+00:00
1719244800000,561.49,564.26,553.57,557.6,203790.14,2024-06-24 16:00:00+00:00
1719259200000,557.58,568.48,550.55,567.95,152386.26,2024-06-24 20:00:00+00:00
1719273600000,567.95,578.0,566.5,573.13,138563.54,2024-06-25 00:00:00+00:00
1719288000000,573.13,575.66,570.19,571.58,73742.52,2024-06-25 04:00:00+00:00
1719302400000,571.59,573.37,566.74,571.79,84657.67,2024-06-25 08:00:00+00:00
1719316800000,571.78,579.83,570.11,577.4,121212.36,2024-06-25 12:00:00+00:00
1719331200000,577.39,579.93,573.5,577.69,65236.1,2024-06-25 16:00:00+00:00
1719345600000,577.68,578.95,575.1,577.94,46069.19,2024-06-25 20:00:00+00:00
1719360000000,577.94,584.5,575.19,579.97,96920.55,2024-06-26 00:00:00+00:00
1719374400000,579.97,580.72,575.32,578.68,57501.3,2024-06-26 04:00:00+00:00
1719388800000,578.69,579.14,570.0,573.67,88908.47,2024-06-26 08:00:00+00:00
1719403200000,573.67,577.0,570.27,572.46,91247.45,2024-06-26 12:00:00+00:00
1719417600000,572.46,574.65,567.17,574.42,72972.92,2024-06-26 16:00:00+00:00
1719432000000,574.43,576.0,571.53,573.09,63729.92,2024-06-26 20:00:00+00:00
1719446400000,573.09,576.49,570.87,574.0,47109.04,2024-06-27 00:00:00+00:00
1719460800000,573.99,574.91,566.18,569.55,83595.78,2024-06-27 04:00:00+00:00
1719475200000,569.54,575.0,568.8,573.02,65702.11,2024-06-27 08:00:00+00:00
1719489600000,573.01,584.65,572.45,579.49,179738.18,2024-06-27 12:00:00+00:00
1719504000000,579.48,582.47,576.74,579.7,47580.5,2024-06-27 16:00:00+00:00
1719518400000,579.71,581.81,579.13,581.75,30750.99,2024-06-27 20:00:00+00:00
1719532800000,581.75,585.33,578.5,582.96,88696.46,2024-06-28 00:00:00+00:00
1719547200000,582.96,583.21,575.76,576.63,66605.6,2024-06-28 04:00:00+00:00
1719561600000,576.63,579.7,574.22,578.68,68695.07,2024-06-28 08:00:00+00:00
1719576000000,578.68,579.94,570.59,572.36,117792.68,2024-06-28 12:00:00+00:00
1719590400000,572.37,574.5,569.56,571.48,73616.78,2024-06-28 16:00:00+00:00
1719604800000,571.48,572.25,566.01,567.7,61099.7,2024-06-28 20:00:00+00:00
1719619200000,567.7,572.79,567.07,569.67,67478.38,2024-06-29 00:00:00+00:00
1719633600000,569.67,572.84,567.63,570.86,40373.92,2024-06-29 04:00:00+00:00
1719648000000,570.85,574.16,570.07,573.78,40114.56,2024-06-29 08:00:00+00:00
1719662400000,573.77,574.12,570.6,572.8,38005.78,2024-06-29 12:00:00+00:00
1719676800000,572.81,572.89,570.39,572.24,26817.2,2024-06-29 16:00:00+00:00
1719691200000,572.24,572.79,568.71,570.4,25105.77,2024-06-29 20:00:00+00:00
1719705600000,570.39,572.96,568.51,569.65,47930.35,2024-06-30 00:00:00+00:00
1719720000000,569.65,579.25,568.5,576.33,84288.21,2024-06-30 04:00:00+00:00
1719734400000,576.32,578.21,575.06,575.42,46488.22,2024-06-30 08:00:00+00:00
1719748800000,575.42,578.44,574.31,577.82,51777.57,2024-06-30 12:00:00+00:00
1719763200000,577.82,580.19,576.48,579.1,43666.99,2024-06-30 16:00:00+00:00
1719777600000,579.1,585.3,578.01,582.63,83557.85,2024-06-30 20:00:00+00:00
1719792000000,582.64,588.5,580.45,585.73,102285.51,2024-07-01 00:00:00+00:00
1719806400000,585.72,586.96,583.7,585.13,38827.83,2024-07-01 04:00:00+00:00
1719820800000,585.13,585.8,577.2,577.73,70953.88,2024-07-01 08:00:00+00:00
1719835200000,577.73,581.91,576.6,578.14,68404.95,2024-07-01 12:00:00+00:00
1719849600000,578.15,583.49,576.8,581.88,52650.27,2024-07-01 16:00:00+00:00
1719864000000,581.87,582.67,576.65,577.17,39643.92,2024-07-01 20:00:00+00:00
1719878400000,577.18,579.68,574.67,579.09,54607.91,2024-07-02 00:00:00+00:00
1719892800000,579.09,582.13,577.63,578.84,54070.48,2024-07-02 04:00:00+00:00
1719907200000,578.84,581.85,577.75,579.81,52424.64,2024-07-02 08:00:00+00:00
1719921600000,579.8,582.26,575.14,575.99,91981.94,2024-07-02 12:00:00+00:00
1719936000000,575.99,581.71,574.2,578.23,63993.13,2024-07-02 16:00:00+00:00
1719950400000,578.24,580.94,577.57,580.3,32879.73,2024-07-02 20:00:00+00:00
1719964800000,580.31,581.29,566.0,570.28,129128.52,2024-07-03 00:00:00+00:00
1719979200000,570.28,570.28,565.65,566.62,92918.99,2024-07-03 04:00:00+00:00
1719993600000,566.61,568.15,555.25,561.34,168265.41,2024-07-03 08:00:00+00:00
1720008000000,561.34,561.34,552.8,558.31,157352.58,2024-07-03 12:00:00+00:00
1720022400000,558.3,560.35,550.05,552.07,102035.23,2024-07-03 16:00:00+00:00
1720036800000,552.07,558.3,551.93,556.91,53826.26,2024-07-03 20:00:00+00:00
1720051200000,556.92,558.68,527.36,539.89,370170.2,2024-07-04 00:00:00+00:00
1720065600000,539.89,541.75,529.1,530.1,131454.44,2024-07-04 04:00:00+00:00
1720080000000,530.1,533.69,522.21,525.08,220217.14,2024-07-04 08:00:00+00:00
1720094400000,525.09,525.39,511.23,524.99,295969.55,2024-07-04 12:00:00+00:00
1720108800000,524.99,527.24,518.53,523.28,103875.95,2024-07-04 16:00:00+00:00
1720123200000,523.28,529.53,512.02,513.22,144708.47,2024-07-04 20:00:00+00:00
1720137600000,513.21,515.83,460.01,468.64,845027.69,2024-07-05 00:00:00+00:00
1720152000000,468.63,479.22,452.63,472.6,439029.41,2024-07-05 04:00:00+00:00
1720166400000,472.6,487.68,455.6,485.31,370186.47,2024-07-05 08:00:00+00:00
1720180800000,485.3,497.1,480.4,495.2,286432.86,2024-07-05 12:00:00+00:00
1720195200000,495.2,499.82,492.16,496.18,140109.15,2024-07-05 16:00:00+00:00
1720209600000,496.18,499.49,493.78,497.54,62147.89,2024-07-05 20:00:00+00:00
1720224000000,497.53,507.42,495.75,503.21,146316.7,2024-07-06 00:00:00+00:00
1720238400000,503.24,510.42,499.41,507.71,105305.65,2024-07-06 04:00:00+00:00
1720252800000,507.7,513.64,505.11,512.95,82441.74,2024-07-06 08:00:00+00:00
1720267200000,512.94,520.3,508.86,518.3,138963.1,2024-07-06 12:00:00+00:00
1720281600000,518.31,527.46,517.78,526.51,127856.49,2024-07-06 16:00:00+00:00
1720296000000,526.51,530.8,526.0,526.15,77306.37,2024-07-06 20:00:00+00:00
1720310400000,526.15,526.8,516.51,518.4,152628.73,2024-07-07 00:00:00+00:00
1720324800000,518.4,518.97,504.06,509.17,203905.04,2024-07-07 04:00:00+00:00
1720339200000,509.17,512.92,507.33,508.97,83698.25,2024-07-07 08:00:00+00:00
1720353600000,508.97,510.86,493.75,498.02,238407.61,2024-07-07 12:00:00+00:00
1720368000000,498.02,503.87,496.96,500.05,76296.87,2024-07-07 16:00:00+00:00
1720382400000,500.05,502.35,488.3,490.64,130742.61,2024-07-07 20:00:00+00:00
1720396800000,490.64,491.99,470.03,487.91,344563.14,2024-07-08 00:00:00+00:00
1720411200000,487.93,509.7,487.29,501.56,296992.9,2024-07-08 04:00:00+00:00
1720425600000,501.57,524.23,500.47,515.35,325067.52,2024-07-08 08:00:00+00:00
1720440000000,515.36,519.23,490.02,501.26,392777.71,2024-07-08 12:00:00+00:00
1720454400000,501.29,508.35,496.91,507.36,97489.77,2024-07-08 16:00:00+00:00
1720468800000,507.43,512.8,505.13,510.28,76026.79,2024-07-08 20:00:00+00:00
1720483200000,510.28,516.49,506.25,513.83,118529.74,2024-07-09 00:00:00+00:00
1720497600000,513.83,516.3,511.47,512.37,69848.52,2024-07-09 04:00:00+00:00
1720512000000,512.36,519.02,511.27,515.99,84132.24,2024-07-09 08:00:00+00:00
1720526400000,515.99,519.99,511.55,516.96,130300.86,2024-07-09 12:00:00+00:00
1720540800000,516.97,521.16,515.64,516.99,76015.92,2024-07-09 16:00:00+00:00
1720555200000,516.99,518.83,514.48,516.67,39274.94,2024-07-09 20:00:00+00:00
1720569600000,516.67,516.99,511.13,516.5,60264.96,2024-07-10 00:00:00+00:00
1720584000000,516.5,526.37,516.48,522.44,122397.08,2024-07-10 04:00:00+00:00
1720598400000,522.45,529.0,519.13,527.87,112283.6,2024-07-10 08:00:00+00:00
1720612800000,527.87,529.55,520.25,525.01,150717.21,2024-07-10 12:00:00+00:00
1720627200000,525.03,527.84,521.94,523.5,48176.77,2024-07-10 16:00:00+00:00
1720641600000,523.49,525.33,520.85,524.68,37109.6,2024-07-10 20:00:00+00:00
1720656000000,524.69,528.89,520.26,523.02,93494.98,2024-07-11 00:00:00+00:00
1720670400000,523.02,528.8,522.17,527.76,50712.48,2024-07-11 04:00:00+00:00
1720684800000,527.8,537.0,527.47,536.58,109432.65,2024-07-11 08:00:00+00:00
1720699200000,536.57,547.0,523.06,524.31,392539.17,2024-07-11 12:00:00+00:00
1720713600000,524.31,530.97,522.5,525.56,78537.41,2024-07-11 16:00:00+00:00
1720728000000,525.54,526.8,522.68,524.87,59606.88,2024-07-11 20:00:00+00:00
1720742400000,524.86,529.52,516.92,521.5,113926.72,2024-07-12 00:00:00+00:00
1720756800000,521.5,523.63,517.88,521.33,68638.23,2024-07-12 04:00:00+00:00
1720771200000,521.31,524.0,518.02,523.94,77554.07,2024-07-12 08:00:00+00:00
1720785600000,523.95,533.43,522.86,532.74,126881.92,2024-07-12 12:00:00+00:00
1720800000000,532.64,537.6,531.0,531.54,84657.37,2024-07-12 16:00:00+00:00
1720814400000,531.52,534.19,527.19,534.09,41080.99,2024-07-12 20:00:00+00:00
1720828800000,534.09,535.8,532.51,533.71,34253.47,2024-07-13 00:00:00+00:00
1720843200000,533.71,536.48,531.95,536.17,44182.49,2024-07-13 04:00:00+00:00
1720857600000,536.18,539.7,535.11,537.74,60595.11,2024-07-13 08:00:00+00:00
1720872000000,537.75,538.02,529.32,532.07,110154.5,2024-07-13 12:00:00+00:00
1720886400000,532.06,533.09,528.73,530.17,45435.72,2024-07-13 16:00:00+00:00
1720900800000,530.16,535.83,527.27,532.46,72720.93,2024-07-13 20:00:00+00:00
1720915200000,532.45,537.76,531.26,533.56,75775.35,2024-07-14 00:00:00+00:00
1720929600000,533.56,539.02,533.34,537.5,59416.77,2024-07-14 04:00:00+00:00
1720944000000,537.51,540.38,535.02,537.0,65377.15,2024-07-14 08:00:00+00:00
1720958400000,537.0,537.03,531.47,536.21,70518.37,2024-07-14 12:00:00+00:00
1720972800000,536.21,537.29,534.7,536.78,27428.69,2024-07-14 16:00:00+00:00
1720987200000,536.78,547.66,536.55,544.76,80635.08,2024-07-14 20:00:00+00:00
1721001600000,544.74,554.5,543.76,553.56,127937.39,2024-07-15 00:00:00+00:00
1721016000000,553.55,562.2,551.54,558.76,100210.76,2024-07-15 04:00:00+00:00
1721030400000,558.77,563.36,557.2,562.07,126022.57,2024-07-15 08:00:00+00:00
1721044800000,562.06,574.7,561.93,573.59,196681.79,2024-07-15 12:00:00+00:00
1721059200000,573.59,579.59,572.94,576.94,117722.83,2024-07-15 16:00:00+00:00
1721073600000,576.95,586.66,575.4,585.1,97613.7,2024-07-15 20:00:00+00:00
1721088000000,585.1,587.57,577.47,579.47,103847.05,2024-07-16 00:00:00+00:00
1721102400000,579.48,580.65,561.27,562.43,195756.63,2024-07-16 04:00:00+00:00
1721116800000,562.42,571.74,554.65,570.72,177573.05,2024-07-16 08:00:00+00:00
1721131200000,570.73,578.3,565.2,576.73,151953.05,2024-07-16 12:00:00+00:00
1721145600000,576.73,578.95,571.61,578.03,113035.8,2024-07-16 16:00:00+00:00
1721160000000,578.04,578.29,569.59,576.05,65002.1,2024-07-16 20:00:00+00:00
1721174400000,576.05,584.02,575.73,579.24,83697.95,2024-07-17 00:00:00+00:00
1721188800000,579.2,583.63,578.6,579.84,65542.91,2024-07-17 04:00:00+00:00
1721203200000,579.85,581.99,574.03,575.47,96495.68,2024-07-17 08:00:00+00:00
1721217600000,575.52,579.06,572.24,572.66,94615.52,2024-07-17 12:00:00+00:00
1721232000000,572.66,573.66,564.12,572.06,109206.16,2024-07-17 16:00:00+00:00
1721246400000,572.05,573.72,567.77,568.79,40992.72,2024-07-17 20:00:00+00:00
1721260800000,568.8,576.85,568.68,574.05,63461.24,2024-07-18 00:00:00+00:00
1721275200000,574.04,576.14,569.3,572.28,47855.0,2024-07-18 04:00:00+00:00
1721289600000,572.29,575.07,570.45,574.1,47188.04,2024-07-18 08:00:00+00:00
1721304000000,574.1,579.6,564.97,565.59,133935.3,2024-07-18 12:00:00+00:00
1721318400000,565.58,571.87,561.46,567.93,108303.96,2024-07-18 16:00:00+00:00
1721332800000,567.93,573.29,567.03,571.96,34823.82,2024-07-18 20:00:00+00:00
1721347200000,571.96,573.5,565.0,572.87,68400.74,2024-07-19 00:00:00+00:00
1721361600000,572.87,575.0,567.6,568.61,69991.36,2024-07-19 04:00:00+00:00
1721376000000,568.58,573.74,566.14,573.67,84996.69,2024-07-19 08:00:00+00:00
1721390400000,573.67,595.73,572.55,591.92,305019.3,2024-07-19 12:00:00+00:00
1721404800000,591.91,599.33,588.59,595.67,298033.24,2024-07-19 16:00:00+00:00
1721419200000,595.65,596.15,591.35,593.59,61989.57,2024-07-19 20:00:00+00:00
1721433600000,593.58,595.53,586.68,590.8,77587.32,2024-07-20 00:00:00+00:00
1721448000000,590.81,592.51,589.81,590.03,31930.93,2024-07-20 04:00:00+00:00
1721462400000,590.04,593.22,588.16,590.48,48026.6,2024-07-20 08:00:00+00:00
1721476800000,590.49,595.2,587.57,595.11,59942.1,2024-07-20 12:00:00+00:00
1721491200000,595.15,598.22,593.25,595.78,78929.88,2024-07-20 16:00:00+00:00
1721505600000,595.78,597.85,592.7,593.2,37395.24,2024-07-20 20:00:00+00:00
1721520000000,593.2,597.86,593.12,595.84,43939.66,2024-07-21 00:00:00+00:00
1721534400000,595.83,596.38,591.17,592.71,40036.02,2024-07-21 04:00:00+00:00
1721548800000,592.71,595.49,592.53,594.56,25451.08,2024-07-21 08:00:00+00:00
1721563200000,594.56,602.88,592.14,599.35,125853.03,2024-07-21 12:00:00+00:00
1721577600000,599.36,602.88,580.79,597.8,207510.07,2024-07-21 16:00:00+00:00
1721592000000,597.81,603.97,597.09,602.47,102999.1,2024-07-21 20:00:00+00:00
1721606400000,602.47,606.02,599.47,600.97,82918.28,2024-07-22 00:00:00+00:00
1721620800000,600.97,602.62,591.5,593.99,90003.76,2024-07-22 04:00:00+00:00
1721635200000,593.99,600.83,591.21,599.84,66493.96,2024-07-22 08:00:00+00:00
1721649600000,599.84,600.51,589.04,592.24,112637.43,2024-07-22 12:00:00+00:00
1721664000000,592.23,596.2,590.68,595.65,47749.86,2024-07-22 16:00:00+00:00
1721678400000,595.64,596.72,585.76,587.31,74130.68,2024-07-22 20:00:00+00:00
1721692800000,587.31,593.59,586.97,590.51,52738.65,2024-07-23 00:00:00+00:00
1721707200000,590.52,591.28,577.47,579.87,116646.83,2024-07-23 04:00:00+00:00
1721721600000,579.87,589.57,579.02,584.83,105085.23,2024-07-23 08:00:00+00:00
1721736000000,584.82,588.47,578.46,585.15,126026.31,2024-07-23 12:00:00+00:00
1721750400000,585.13,586.03,577.01,581.03,117715.95,2024-07-23 16:00:00+00:00
1721764800000,581.03,584.0,580.25,582.19,46796.35,2024-07-23 20:00:00+00:00
1721779200000,582.19,586.09,580.6,585.26,61560.89,2024-07-24 00:00:00+00:00
1721793600000,585.26,586.21,581.39,586.19,33241.14,2024-07-24 04:00:00+00:00
1721808000000,586.2,589.01,583.65,583.72,60178.52,2024-07-24 08:00:00+00:00
1721822400000,583.72,587.89,582.36,583.39,75131.92,2024-07-24 12:00:00+00:00
1721836800000,583.38,585.99,578.86,579.45,57864.82,2024-07-24 16:00:00+00:00
1721851200000,579.47,581.64,570.0,574.78,94955.12,2024-07-24 20:00:00+00:00
1721865600000,574.78,576.18,553.08,556.7,275337.08,2024-07-25 00:00:00+00:00
1721880000000,556.7,564.65,554.29,561.84,83096.43,2024-07-25 04:00:00+00:00
1721894400000,561.84,567.55,560.5,564.42,87602.27,2024-07-25 08:00:00+00:00
1721908800000,564.41,567.26,556.58,565.21,119509.21,2024-07-25 12:00:00+00:00
1721923200000,565.21,570.56,562.66,566.45,112672.33,2024-07-25 16:00:00+00:00
1721937600000,566.47,573.42,560.89,570.94,74427.86,2024-07-25 20:00:00+00:00
1721952000000,570.93,579.69,570.4,579.01,97395.54,2024-07-26 00:00:00+00:00
1721966400000,579.02,580.94,577.33,579.71,59887.6,2024-07-26 04:00:00+00:00
1721980800000,579.7,580.74,575.43,577.65,57828.57,2024-07-26 08:00:00+00:00
1721995200000,577.67,580.8,574.57,578.67,88307.77,2024-07-26 12:00:00+00:00
1722009600000,578.68,582.44,577.12,580.72,43340.31,2024-07-26 16:00:00+00:00
1722024000000,580.72,583.1,578.76,581.04,31071.97,2024-07-26 20:00:00+00:00
1722038400000,581.04,585.44,577.86,583.33,74504.87,2024-07-27 00:00:00+00:00
1722052800000,583.33,588.25,582.41,587.39,57038.39,2024-07-27 04:00:00+00:00
1722067200000,587.39,589.2,586.08,587.31,38659.62,2024-07-27 08:00:00+00:00
1722081600000,587.31,593.02,582.48,585.71,102785.68,2024-07-27 12:00:00+00:00
1722096000000,585.7,586.52,580.9,584.77,81205.59,2024-07-27 16:00:00+00:00
1722110400000,584.78,585.83,573.04,581.91,136419.21,2024-07-27 20:00:00+00:00
1722124800000,581.92,584.37,577.8,580.84,42902.21,2024-07-28 00:00:00+00:00
1722139200000,580.85,581.52,574.79,579.12,56174.81,2024-07-28 04:00:00+00:00
1722153600000,579.12,582.38,577.5,582.2,38568.49,2024-07-28 08:00:00+00:00
1722168000000,582.19,582.66,579.66,580.74,36625.79,2024-07-28 12:00:00+00:00
1722182400000,580.73,584.95,579.3,584.44,30194.96,2024-07-28 16:00:00+00:00
1722196800000,584.44,585.34,581.32,584.21,33011.93,2024-07-28 20:00:00+00:00
1722211200000,584.21,597.64,583.92,592.69,123490.39,2024-07-29 00:00:00+00:00
1722225600000,592.69,595.74,590.86,594.18,54133.84,2024-07-29 04:00:00+00:00
1722240000000,594.17,595.2,592.27,593.16,40811.57,2024-07-29 08:00:00+00:00
1722254400000,593.16,593.86,580.58,583.26,129233.73,2024-07-29 12:00:00+00:00
1722268800000,583.26,583.96,572.62,577.88,139737.38,2024-07-29 16:00:00+00:00
1722283200000,577.88,580.66,574.0,574.46,48799.84,2024-07-29 20:00:00+00:00
1722297600000,574.46,575.49,566.83,573.01,100488.89,2024-07-30 00:00:00+00:00
1722312000000,573.0,576.36,570.73,574.74,43146.62,2024-07-30 04:00:00+00:00
1722326400000,574.75,574.88,572.07,573.81,39849.35,2024-07-30 08:00:00+00:00
1722340800000,573.81,576.33,571.26,574.17,63130.67,2024-07-30 12:00:00+00:00
1722355200000,574.16,577.71,570.45,574.0,66901.81,2024-07-30 16:00:00+00:00
1722369600000,574.03,588.52,570.08,588.34,90356.52,2024-07-30 20:00:00+00:00
1722384000000,588.32,589.98,582.44,585.43,128219.09,2024-07-31 00:00:00+00:00
1722398400000,585.43,587.96,581.51,586.3,78185.01,2024-07-31 04:00:00+00:00
1722412800000,586.3,589.43,584.56,587.03,59161.96,2024-07-31 08:00:00+00:00
1722427200000,587.03,589.33,584.57,586.9,57956.18,2024-07-31 12:00:00+00:00
1722441600000,586.9,593.34,581.01,582.37,123075.48,2024-07-31 16:00:00+00:00
1722456000000,582.34,582.48,575.17,576.79,100634.22,2024-07-31 20:00:00+00:00
1722470400000,576.79,578.4,568.63,570.0,103839.87,2024-08-01 00:00:00+00:00
1722484800000,569.98,571.67,562.84,569.15,100514.42,2024-08-01 04:00:00+00:00
1722499200000,569.15,573.54,569.01,572.78,43283.54,2024-08-01 08:00:00+00:00
1722513600000,572.78,575.39,556.79,559.17,168138.77,2024-08-01 12:00:00+00:00
1722528000000,559.18,561.74,553.74,561.19,158555.64,2024-08-01 16:00:00+00:00
1722542400000,561.1,577.9,559.9,575.37,112098.58,2024-08-01 20:00:00+00:00
1722556800000,575.38,577.97,564.21,572.27,107642.68,2024-08-02 00:00:00+00:00
1722571200000,572.28,573.49,563.77,570.98,90916.18,2024-08-02 04:00:00+00:00
1722585600000,570.98,575.81,568.5,573.74,64327.96,2024-08-02 08:00:00+00:00
1722600000000,573.75,576.95,547.04,559.0,277991.72,2024-08-02 12:00:00+00:00
1722614400000,558.98,560.48,553.3,555.29,105647.01,2024-08-02 16:00:00+00:00
1722628800000,555.29,558.33,540.71,543.15,175743.85,2024-08-02 20:00:00+00:00
1722643200000,543.15,544.05,526.14,542.25,209025.13,2024-08-03 00:00:00+00:00
1722657600000,542.25,545.5,539.56,541.05,60136.37,2024-08-03 04:00:00+00:00
1722672000000,541.04,541.94,536.82,541.38,64004.37,2024-08-03 08:00:00+00:00
1722686400000,541.39,545.26,531.5,532.16,93974.54,2024-08-03 12:00:00+00:00
1722700800000,532.15,534.19,522.75,523.57,212099.76,2024-08-03 16:00:00+00:00
1722715200000,523.57,530.69,521.36,529.64,92710.06,2024-08-03 20:00:00+00:00
1722729600000,529.7,532.32,527.11,528.47,60685.8,2024-08-04 00:00:00+00:00
1722744000000,528.46,529.82,521.87,523.76,59629.85,2024-08-04 04:00:00+00:00
1722758400000,523.75,528.18,520.77,525.59,69517.41,2024-08-04 08:00:00+00:00
1722772800000,525.59,527.8,501.0,501.93,272565.48,2024-08-04 12:00:00+00:00
1722787200000,501.94,509.99,486.14,507.94,378180.09,2024-08-04 16:00:00+00:00
1722801600000,507.93,511.65,496.16,496.92,132861.23,2024-08-04 20:00:00+00:00
1722816000000,496.92,500.01,425.83,442.03,1100466.42,2024-08-05 00:00:00+00:00
1722830400000,441.95,450.55,397.29,438.95,1020158.05,2024-08-05 04:00:00+00:00
1722844800000,438.94,449.14,421.04,431.94,545128.46,2024-08-05 08:00:00+00:00
1722859200000,431.92,465.91,408.75,462.01,904540.91,2024-08-05 12:00:00+00:00
1722873600000,461.99,473.79,450.74,457.65,372316.81,2024-08-05 16:00:00+00:00
1722888000000,457.58,471.45,457.15,464.2,174579.94,2024-08-05 20:00:00+00:00
1722902400000,464.21,489.99,463.44,478.63,251186.81,2024-08-06 00:00:00+00:00
1722916800000,478.63,492.75,476.11,491.92,211086.11,2024-08-06 04:00:00+00:00
1722931200000,491.91,491.92,475.55,478.18,217515.08,2024-08-06 08:00:00+00:00
1722945600000,478.17,496.0,469.38,487.81,322002.28,2024-08-06 12:00:00+00:00
1722960000000,487.82,493.0,485.1,487.9,127761.71,2024-08-06 16:00:00+00:00
1722974400000,487.89,492.54,483.26,484.78,113444.31,2024-08-06 20:00:00+00:00
1722988800000,484.77,493.42,478.02,491.68,155470.52,2024-08-07 00:00:00+00:00
1723003200000,491.69,497.43,488.34,491.78,132309.66,2024-08-07 04:00:00+00:00
1723017600000,491.78,497.24,488.09,489.15,138991.56,2024-08-07 08:00:00+00:00
1723032000000,489.16,493.64,471.79,480.72,282676.31,2024-08-07 12:00:00+00:00
1723046400000,480.72,481.56,468.06,472.3,175315.58,2024-08-07 16:00:00+00:00
1723060800000,472.31,478.08,469.16,474.99,136703.74,2024-08-07 20:00:00+00:00
1723075200000,474.99,491.77,467.4,485.31,185166.95,2024-08-08 00:00:00+00:00
1723089600000,485.31,490.16,483.13,485.33,104991.01,2024-08-08 04:00:00+00:00
1723104000000,485.34,490.52,485.18,488.31,55961.44,2024-08-08 08:00:00+00:00
1723118400000,488.32,499.19,483.85,498.9,208086.23,2024-08-08 12:00:00+00:00
1723132800000,498.9,513.69,498.66,502.64,154435.64,2024-08-08 16:00:00+00:00
1723147200000,502.64,521.74,501.96,517.05,126807.27,2024-08-08 20:00:00+00:00
1723161600000,517.04,518.32,511.55,514.84,91702.02,2024-08-09 00:00:00+00:00
1723176000000,514.83,516.05,507.44,509.65,74826.54,2024-08-09 04:00:00+00:00
1723190400000,509.65,510.97,502.16,507.01,93110.1,2024-08-09 08:00:00+00:00
1723204800000,507.02,511.7,498.53,501.61,155411.68,2024-08-09 12:00:00+00:00
1723219200000,501.6,507.66,500.72,506.78,47456.99,2024-08-09 16:00:00+00:00
1723233600000,506.78,509.94,504.27,508.87,55551.29,2024-08-09 20:00:00+00:00
1723248000000,508.88,514.49,507.21,509.6,64897.32,2024-08-10 00:00:00+00:00
1723262400000,509.59,512.19,507.38,512.17,30486.14,2024-08-10 04:00:00+00:00
1723276800000,512.17,516.78,510.78,516.54,51482.15,2024-08-10 08:00:00+00:00
1723291200000,516.54,518.09,512.06,514.7,72283.51,2024-08-10 12:00:00+00:00
1723305600000,514.7,525.71,513.67,523.03,81110.89,2024-08-10 16:00:00+00:00
1723320000000,523.02,524.99,522.13,523.29,30336.46,2024-08-10 20:00:00+00:00
1723334400000,523.3,534.99,523.09,530.68,95342.01,2024-08-11 00:00:00+00:00
1723348800000,530.69,534.5,528.13,533.66,60617.9,2024-08-11 04:00:00+00:00
1723363200000,533.66,536.7,523.12,525.2,123359.56,2024-08-11 08:00:00+00:00
1723377600000,525.19,525.84,517.03,520.39,140958.99,2024-08-11 12:00:00+00:00
1723392000000,520.39,523.0,512.0,512.53,92974.67,2024-08-11 16:00:00+00:00
1723406400000,512.53,512.6,502.3,503.68,159551.24,2024-08-11 20:00:00+00:00
1723420800000,503.67,509.76,500.2,507.67,101183.76,2024-08-12 00:00:00+00:00
1723435200000,507.67,511.61,499.41,509.67,119765.94,2024-08-12 04:00:00+00:00
1723449600000,509.67,518.14,504.54,517.09,170197.26,2024-08-12 08:00:00+00:00
1723464000000,517.09,524.18,500.2,519.6,319968.31,2024-08-12 12:00:00+00:00
1723478400000,519.59,521.44,507.4,512.95,118994.71,2024-08-12 16:00:00+00:00
1723492800000,512.96,522.5,509.56,518.48,93878.74,2024-08-12 20:00:00+00:00
1723507200000,518.49,521.94,514.21,516.28,82779.82,2024-08-13 00:00:00+00:00
1723521600000,516.27,524.25,514.75,523.53,65131.22,2024-08-13 04:00:00+00:00
1723536000000,523.53,524.78,518.6,520.9,110030.03,2024-08-13 08:00:00+00:00
1723550400000,520.9,527.77,513.0,517.22,291326.12,2024-08-13 12:00:00+00:00
1723564800000,517.22,523.44,516.87,521.89,112119.95,2024-08-13 16:00:00+00:00
1723579200000,521.88,526.0,521.06,524.24,65794.88,2024-08-13 20:00:00+00:00
1723593600000,524.24,526.88,521.82,525.62,63662.35,2024-08-14 00:00:00+00:00
1723608000000,525.62,528.49,524.91,526.55,60798.91,2024-08-14 04:00:00+00:00
1723622400000,526.55,531.59,524.33,529.74,72237.99,2024-08-14 08:00:00+00:00
1723636800000,529.75,531.72,515.09,524.84,253170.25,2024-08-14 12:00:00+00:00
1723651200000,524.85,525.94,520.25,524.24,68780.97,2024-08-14 16:00:00+00:00
1723665600000,524.22,525.85,519.45,523.18,45573.6,2024-08-14 20:00:00+00:00
1723680000000,523.19,527.18,520.3,522.44,78569.8,2024-08-15 00:00:00+00:00
1723694400000,522.45,522.79,514.06,517.27,71517.38,2024-08-15 04:00:00+00:00
1723708800000,517.27,524.99,515.38,524.07,68695.47,2024-08-15 08:00:00+00:00
1723723200000,524.07,531.39,522.16,530.76,140887.64,2024-08-15 12:00:00+00:00
1723737600000,530.76,533.97,510.31,513.86,225681.62,2024-08-15 16:00:00+00:00
1723752000000,513.87,521.96,509.88,518.87,96364.36,2024-08-15 20:00:00+00:00
1723766400000,518.86,521.9,514.09,515.23,104486.4,2024-08-16 00:00:00+00:00
1723780800000,515.22,523.99,514.77,523.66,55168.65,2024-08-16 04:00:00+00:00
1723795200000,523.66,524.32,518.61,519.23,49404.45,2024-08-16 08:00:00+00:00
1723809600000,519.23,521.11,509.63,514.66,186509.2,2024-08-16 12:00:00+00:00
1723824000000,514.66,522.96,512.91,522.3,97554.71,2024-08-16 16:00:00+00:00
1723838400000,522.37,522.95,518.23,519.47,37229.1,2024-08-16 20:00:00+00:00
1723852800000,519.47,522.48,518.2,521.38,39174.38,2024-08-17 00:00:00+00:00
1723867200000,521.39,523.8,521.01,523.19,39803.08,2024-08-17 04:00:00+00:00
1723881600000,523.19,529.83,522.3,529.49,80413.73,2024-08-17 08:00:00+00:00
1723896000000,529.48,539.99,528.3,534.27,117653.58,2024-08-17 12:00:00+00:00
1723910400000,534.27,544.99,534.26,544.62,95495.57,2024-08-17 16:00:00+00:00
1723924800000,544.63,547.9,540.07,541.81,106947.16,2024-08-17 20:00:00+00:00
1723939200000,541.81,542.58,536.21,536.55,74836.95,2024-08-18 00:00:00+00:00
1723953600000,536.55,540.89,534.59,540.57,56538.14,2024-08-18 04:00:00+00:00
1723968000000,540.56,540.68,536.48,538.62,71182.31,2024-08-18 08:00:00+00:00
1723982400000,538.62,539.15,535.47,538.93,59832.56,2024-08-18 12:00:00+00:00
1723996800000,538.94,539.85,535.3,538.2,37148.89,2024-08-18 16:00:00+00:00
1724011200000,538.2,538.4,530.86,531.28,44500.93,2024-08-18 20:00:00+00:00
1724025600000,531.27,537.1,529.0,536.95,82357.0,2024-08-19 00:00:00+00:00
1724040000000,536.94,537.58,532.6,533.66,58495.15,2024-08-19 04:00:00+00:00
1724054400000,533.65,538.0,530.64,537.14,97637.71,2024-08-19 08:00:00+00:00
1724068800000,537.14,544.5,535.0,543.51,143970.7,2024-08-19 12:00:00+00:00
1724083200000,543.51,556.23,543.31,553.3,214292.0,2024-08-19 16:00:00+00:00
1724097600000,553.3,561.18,552.08,558.77,113591.1,2024-08-19 20:00:00+00:00
1724112000000,558.76,572.21,558.76,569.4,157857.37,2024-08-20 00:00:00+00:00
1724126400000,569.39,573.8,566.6,569.14,110402.19,2024-08-20 04:00:00+00:00
1724140800000,569.14,569.74,565.63,568.24,72237.08,2024-08-20 08:00:00+00:00
1724155200000,568.24,573.58,560.03,561.65,254561.71,2024-08-20 12:00:00+00:00
1724169600000,561.65,573.58,558.27,572.76,215356.07,2024-08-20 16:00:00+00:00
1724184000000,572.77,574.88,567.9,569.37,76582.69,2024-08-20 20:00:00+00:00
1724198400000,569.38,572.6,561.08,564.28,119347.04,2024-08-21 00:00:00+00:00
1724212800000,564.28,564.28,558.88,560.79,78265.99,2024-08-21 04:00:00+00:00
1724227200000,560.78,561.74,552.77,555.86,113324.67,2024-08-21 08:00:00+00:00
1724241600000,555.87,557.95,545.85,554.21,204948.03,2024-08-21 12:00:00+00:00
1724256000000,554.21,572.0,553.31,571.3,154686.82,2024-08-21 16:00:00+00:00
1724270400000,571.3,574.76,567.28,569.79,124107.91,2024-08-21 20:00:00+00:00
1724284800000,569.79,570.64,559.03,569.58,97849.75,2024-08-22 00:00:00+00:00
1724299200000,569.58,578.15,567.39,576.71,101909.04,2024-08-22 04:00:00+00:00
1724313600000,576.7,584.0,574.25,583.03,149879.11,2024-08-22 08:00:00+00:00
1724328000000,583.03,589.5,577.2,579.55,272194.06,2024-08-22 12:00:00+00:00
1724342400000,579.55,585.08,572.41,584.06,155888.91,2024-08-22 16:00:00+00:00
1724356800000,584.06,586.63,580.77,582.8,91503.96,2024-08-22 20:00:00+00:00
1724371200000,582.8,586.98,579.68,581.66,111488.31,2024-08-23 00:00:00+00:00
1724385600000,581.65,584.69,577.0,579.29,95812.98,2024-08-23 04:00:00+00:00
1724400000000,579.29,580.1,575.0,577.42,87335.86,2024-08-23 08:00:00+00:00
1724414400000,577.42,585.99,573.82,580.36,189518.07,2024-08-23 12:00:00+00:00
1724428800000,580.36,587.0,578.62,586.73,133572.18,2024-08-23 16:00:00+00:00
1724443200000,586.73,597.87,585.67,591.29,175564.66,2024-08-23 20:00:00+00:00
1724457600000,591.28,591.98,578.01,578.71,109135.58,2024-08-24 00:00:00+00:00
1724472000000,578.71,581.29,575.03,578.65,139452.25,2024-08-24 04:00:00+00:00
1724486400000,578.65,583.08,577.11,577.95,87558.04,2024-08-24 08:00:00+00:00
1724500800000,577.95,582.0,577.14,578.16,74470.16,2024-08-24 12:00:00+00:00
1724515200000,578.16,589.15,577.78,588.58,117539.26,2024-08-24 16:00:00+00:00
1724529600000,588.58,591.57,575.33,580.43,142274.94,2024-08-24 20:00:00+00:00
1724544000000,580.43,583.8,575.3,578.74,124243.16,2024-08-25 00:00:00+00:00
1724558400000,578.75,579.56,568.0,570.58,127189.73,2024-08-25 04:00:00+00:00
1724572800000,570.58,575.5,568.47,573.84,75850.35,2024-08-25 08:00:00+00:00
1724587200000,573.85,578.4,572.3,574.97,70280.29,2024-08-25 12:00:00+00:00
1724601600000,574.96,576.98,572.92,575.31,43637.84,2024-08-25 16:00:00+00:00
1724616000000,575.31,578.75,571.48,573.48,59857.82,2024-08-25 20:00:00+00:00
1724630400000,573.49,575.21,567.37,569.91,74559.44,2024-08-26 00:00:00+00:00
1724644800000,569.9,572.58,561.12,561.72,117004.92,2024-08-26 04:00:00+00:00
1724659200000,561.74,566.79,559.0,563.61,86841.53,2024-08-26 08:00:00+00:00
1724673600000,563.61,564.08,555.58,558.33,132269.86,2024-08-26 12:00:00+00:00
1724688000000,558.32,561.56,551.38,552.42,114269.7,2024-08-26 16:00:00+00:00
1724702400000,552.42,554.72,546.41,548.03,95119.23,2024-08-26 20:00:00+00:00
1724716800000,548.03,555.5,547.79,552.6,79046.63,2024-08-27 00:00:00+00:00
1724731200000,552.6,558.21,551.72,555.42,93570.64,2024-08-27 04:00:00+00:00
1724745600000,555.39,556.0,546.52,550.7,99983.11,2024-08-27 08:00:00+00:00
1724760000000,550.67,556.24,547.84,552.19,136280.12,2024-08-27 12:00:00+00:00
1724774400000,552.18,554.23,544.1,550.0,114411.98,2024-08-27 16:00:00+00:00
1724788800000,550.0,551.2,520.52,533.17,302709.88,2024-08-27 20:00:00+00:00
1724803200000,533.17,537.8,526.6,537.68,139582.01,2024-08-28 00:00:00+00:00
1724817600000,537.67,542.74,532.12,532.72,217428.22,2024-08-28 04:00:00+00:00
1724832000000,532.71,546.76,530.25,543.35,192210.21,2024-08-28 08:00:00+00:00
1724846400000,543.34,546.27,530.83,533.51,159725.18,2024-08-28 12:00:00+00:00
1724860800000,533.5,539.28,522.01,534.14,190272.41,2024-08-28 16:00:00+00:00
1724875200000,534.13,540.4,531.81,537.05,81401.03,2024-08-28 20:00:00+00:00
1724889600000,537.05,541.96,536.39,540.59,71237.24,2024-08-29 00:00:00+00:00
1724904000000,540.6,544.9,538.64,541.14,68960.19,2024-08-29 04:00:00+00:00
1724918400000,541.15,545.21,539.88,543.81,65623.86,2024-08-29 08:00:00+00:00
1724932800000,543.81,545.35,537.32,541.34,164509.95,2024-08-29 12:00:00+00:00
1724947200000,541.34,542.9,530.42,535.6,111864.03,2024-08-29 16:00:00+00:00
1724961600000,535.6,537.45,532.08,536.31,46908.9,2024-08-29 20:00:00+00:00
1724976000000,536.3,537.37,528.96,529.94,58857.52,2024-08-30 00:00:00+00:00
1724990400000,529.94,535.38,528.15,533.08,65619.43,2024-08-30 04:00:00+00:00
1725004800000,533.09,540.51,533.03,538.2,64007.59,2024-08-30 08:00:00+00:00
1725019200000,538.21,543.24,521.63,523.36,243206.26,2024-08-30 12:00:00+00:00
1725033600000,523.37,536.96,521.57,531.47,122337.35,2024-08-30 16:00:00+00:00
1725048000000,531.42,536.25,530.82,535.01,32227.05,2024-08-30 20:00:00+00:00
1725062400000,535.01,537.85,534.61,537.12,33479.82,2024-08-31 00:00:00+00:00
1725076800000,537.12,541.22,535.06,535.73,55725.41,2024-08-31 04:00:00+00:00
1725091200000,535.73,537.79,534.13,536.76,38509.04,2024-08-31 08:00:00+00:00
1725105600000,536.75,537.78,535.01,535.78,30552.59,2024-08-31 12:00:00+00:00
1725120000000,535.78,535.88,531.0,533.5,50913.92,2024-08-31 16:00:00+00:00
1725134400000,533.51,534.57,531.6,532.83,23442.17,2024-08-31 20:00:00+00:00
1725148800000,532.84,533.14,524.6,526.67,71542.89,2024-09-01 00:00:00+00:00
1725163200000,526.67,526.96,513.34,521.82,151731.4,2024-09-01 04:00:00+00:00
1725177600000,521.82,522.13,515.73,518.75,63951.24,2024-09-01 08:00:00+00:00
1725192000000,518.75,521.85,510.0,520.41,132644.33,2024-09-01 12:00:00+00:00
1725206400000,520.4,523.96,515.77,520.11,81188.25,2024-09-01 16:00:00+00:00
1725220800000,520.12,523.16,507.0,512.05,123095.97,2024-09-01 20:00:00+00:00
1725235200000,512.06,516.23,511.1,514.74,71004.25,2024-09-02 00:00:00+00:00
1725249600000,514.74,515.6,501.7,503.23,187308.45,2024-09-02 04:00:00+00:00
1725264000000,503.21,525.18,503.03,519.08,213295.59,2024-09-02 08:00:00+00:00
1725278400000,519.07,523.66,515.92,522.2,91316.25,2024-09-02 12:00:00+00:00
1725292800000,522.2,523.99,519.67,522.34,47386.54,2024-09-02 16:00:00+00:00
1725307200000,522.35,530.6,522.03,526.41,66240.42,2024-09-02 20:00:00+00:00
1725321600000,526.42,538.54,525.33,534.1,127446.03,2024-09-03 00:00:00+00:00
1725336000000,534.1,538.38,531.7,535.07,95743.83,2024-09-03 04:00:00+00:00
1725350400000,535.07,536.4,531.59,536.18,62941.54,2024-09-03 08:00:00+00:00
1725364800000,536.18,537.99,521.4,522.19,187726.65,2024-09-03 12:00:00+00:00
1725379200000,522.2,525.84,519.74,524.53,84318.81,2024-09-03 16:00:00+00:00
1725393600000,524.53,526.24,518.0,518.85,54516.53,2024-09-03 20:00:00+00:00
1725408000000,518.85,523.83,501.06,512.85,268139.98,2024-09-04 00:00:00+00:00
1725422400000,512.85,513.8,508.37,510.34,97007.4,2024-09-04 04:00:00+00:00
1725436800000,510.35,512.36,496.51,498.88,208859.54,2024-09-04 08:00:00+00:00
1725451200000,498.88,513.26,495.52,508.85,333878.01,2024-09-04 12:00:00+00:00
1725465600000,508.85,512.99,505.3,509.4,148628.59,2024-09-04 16:00:00+00:00
1725480000000,509.41,513.5,507.06,507.71,62703.4,2024-09-04 20:00:00+00:00
1725494400000,507.72,512.71,503.37,504.12,113065.68,2024-09-05 00:00:00+00:00
1725508800000,504.12,508.19,501.04,506.78,101027.13,2024-09-05 04:00:00+00:00
1725523200000,506.78,507.89,502.66,504.73,57457.17,2024-09-05 08:00:00+00:00
1725537600000,504.73,510.45,499.5,501.47,188461.23,2024-09-05 12:00:00+00:00
1725552000000,501.47,503.76,496.57,499.45,122611.16,2024-09-05 16:00:00+00:00
1725566400000,499.44,502.9,498.27,502.48,46641.14,2024-09-05 20:00:00+00:00
1725580800000,502.49,508.17,500.83,505.56,94271.07,2024-09-06 00:00:00+00:00
1725595200000,505.55,508.48,496.9,501.31,145297.87,2024-09-06 04:00:00+00:00
1725609600000,501.33,506.8,500.8,504.35,94167.47,2024-09-06 08:00:00+00:00
1725624000000,504.36,510.19,488.35,492.44,452729.18,2024-09-06 12:00:00+00:00
1725638400000,492.42,493.51,477.86,482.24,316460.97,2024-09-06 16:00:00+00:00
1725652800000,482.17,487.25,471.0,487.04,206997.33,2024-09-06 20:00:00+00:00
1725667200000,487.05,489.78,482.88,486.31,88903.27,2024-09-07 00:00:00+00:00
1725681600000,486.31,495.72,486.08,495.11,92727.71,2024-09-07 04:00:00+00:00
1725696000000,495.11,496.57,491.74,492.73,75683.06,2024-09-07 08:00:00+00:00
1725710400000,492.73,499.34,492.73,497.66,71836.43,2024-09-07 12:00:00+00:00
1725724800000,497.66,497.97,492.16,495.81,57515.29,2024-09-07 16:00:00+00:00
1725739200000,495.8,495.86,490.33,493.37,42126.95,2024-09-07 20:00:00+00:00
1725753600000,493.36,496.68,490.67,496.5,39626.54,2024-09-08 00:00:00+00:00
1725768000000,496.51,504.9,496.1,503.02,108729.14,2024-09-08 04:00:00+00:00
1725782400000,503.02,506.33,501.0,501.43,102423.3,2024-09-08 08:00:00+00:00
1725796800000,501.5,502.0,491.06,491.77,117032.55,2024-09-08 12:00:00+00:00
1725811200000,491.76,498.84,491.1,495.38,57888.76,2024-09-08 16:00:00+00:00
1725825600000,495.38,507.0,494.72,503.03,91950.27,2024-09-08 20:00:00+00:00
1725840000000,503.02,510.0,502.6,505.16,104468.75,2024-09-09 00:00:00+00:00
1725854400000,505.17,507.14,501.73,506.94,59130.8,2024-09-09 04:00:00+00:00
1725868800000,506.94,510.46,505.22,505.4,72276.01,2024-09-09 08:00:00+00:00
1725883200000,505.39,508.13,502.07,506.19,100331.78,2024-09-09 12:00:00+00:00
1725897600000,506.19,520.8,505.82,520.39,224293.33,2024-09-09 16:00:00+00:00
1725912000000,520.39,527.61,517.46,518.91,104778.88,2024-09-09 20:00:00+00:00
1725926400000,518.91,518.98,513.59,514.63,76359.12,2024-09-10 00:00:00+00:00
1725940800000,514.63,520.56,514.62,520.31,55250.23,2024-09-10 04:00:00+00:00
1725955200000,520.31,522.34,517.91,521.29,65162.16,2024-09-10 08:00:00+00:00
1725969600000,521.29,522.75,514.16,514.28,122604.87,2024-09-10 12:00:00+00:00
1725984000000,514.26,524.46,514.01,521.94,104907.76,2024-09-10 16:00:00+00:00
1725998400000,521.93,522.45,516.86,517.22,62234.03,2024-09-10 20:00:00+00:00
1726012800000,517.23,517.5,510.61,514.71,82433.39,2024-09-11 00:00:00+00:00
1726027200000,514.7,515.3,506.46,514.1,110808.83,2024-09-11 04:00:00+00:00
1726041600000,514.09,515.99,509.85,515.25,59973.04,2024-09-11 08:00:00+00:00
1726056000000,515.25,520.4,508.6,518.12,212732.41,2024-09-11 12:00:00+00:00
1726070400000,518.12,535.92,517.85,533.44,224616.03,2024-09-11 16:00:00+00:00
1726084800000,533.43,534.78,528.06,530.37,57730.23,2024-09-11 20:00:00+00:00
1726099200000,530.32,547.29,530.06,543.14,204990.92,2024-09-12 00:00:00+00:00
1726113600000,543.14,546.0,541.18,542.29,80106.5,2024-09-12 04:00:00+00:00
1726128000000,542.28,545.7,541.8,545.07,73897.47,2024-09-12 08:00:00+00:00
1726142400000,545.07,548.87,534.42,535.74,288135.52,2024-09-12 12:00:00+00:00
1726156800000,535.74,543.92,535.19,541.59,111571.76,2024-09-12 16:00:00+00:00
1726171200000,541.59,545.6,538.55,544.58,63674.48,2024-09-12 20:00:00+00:00
1726185600000,544.57,547.41,542.1,542.7,70456.21,2024-09-13 00:00:00+00:00
1726200000000,542.7,544.22,538.43,542.83,63048.27,2024-09-13 04:00:00+00:00
1726214400000,542.83,550.0,540.54,546.07,102740.0,2024-09-13 08:00:00+00:00
1726228800000,546.07,554.19,542.3,553.53,301002.72,2024-09-13 12:00:00+00:00
1726243200000,553.55,555.83,549.7,554.39,101896.39,2024-09-13 16:00:00+00:00
1726257600000,554.41,559.61,553.52,556.02,67662.23,2024-09-13 20:00:00+00:00
1726272000000,556.03,559.14,554.97,556.04,40860.23,2024-09-14 00:00:00+00:00
1726286400000,556.03,556.26,551.14,553.66,82441.1,2024-09-14 04:00:00+00:00
1726300800000,553.67,554.17,549.5,551.3,47625.75,2024-09-14 08:00:00+00:00
1726315200000,551.31,553.44,550.36,550.8,38396.26,2024-09-14 12:00:00+00:00
1726329600000,550.8,553.08,547.13,550.96,51843.81,2024-09-14 16:00:00+00:00
1726344000000,550.95,553.63,550.74,553.21,31130.3,2024-09-14 20:00:00+00:00
1726358400000,553.22,555.87,552.28,552.73,36189.23,2024-09-15 00:00:00+00:00
1726372800000,552.73,554.95,552.0,554.95,28300.65,2024-09-15 04:00:00+00:00
1726387200000,554.95,555.11,553.0,554.61,44366.84,2024-09-15 08:00:00+00:00
1726401600000,554.6,561.92,554.38,561.31,139725.41,2024-09-15 12:00:00+00:00
1726416000000,561.32,561.63,553.88,556.72,94277.73,2024-09-15 16:00:00+00:00
1726430400000,556.72,560.74,551.48,553.12,144231.53,2024-09-15 20:00:00+00:00
1726444800000,553.11,555.09,540.54,544.82,201350.51,2024-09-16 00:00:00+00:00
1726459200000,544.81,551.11,543.94,550.34,93783.26,2024-09-16 04:00:00+00:00
1726473600000,550.34,552.24,543.69,547.01,73053.32,2024-09-16 08:00:00+00:00
1726488000000,547.01,549.0,534.49,534.78,212997.12,2024-09-16 12:00:00+00:00
1726502400000,534.77,536.65,528.14,532.32,135023.93,2024-09-16 16:00:00+00:00
1726516800000,532.31,534.92,526.5,533.37,70150.37,2024-09-16 20:00:00+00:00
1726531200000,533.37,535.38,528.58,534.72,82201.01,2024-09-17 00:00:00+00:00
1726545600000,534.73,539.85,534.68,538.07,81019.43,2024-09-17 04:00:00+00:00
1726560000000,538.08,544.0,537.33,542.49,105462.21,2024-09-17 08:00:00+00:00
1726574400000,542.5,552.29,539.31,549.73,208924.19,2024-09-17 12:00:00+00:00
1726588800000,549.74,550.6,541.38,544.95,88709.39,2024-09-17 16:00:00+00:00
1726603200000,544.95,547.35,542.94,546.02,61025.73,2024-09-17 20:00:00+00:00
1726617600000,546.02,549.52,541.68,547.05,61756.31,2024-09-18 00:00:00+00:00
1726632000000,547.04,547.34,543.51,545.16,43764.22,2024-09-18 04:00:00+00:00
1726646400000,545.16,545.28,536.4,539.57,90412.76,2024-09-18 08:00:00+00:00
1726660800000,539.58,543.68,536.64,537.89,69821.72,2024-09-18 12:00:00+00:00
1726675200000,537.9,551.97,536.66,544.73,194779.59,2024-09-18 16:00:00+00:00
1726689600000,544.68,559.63,540.86,559.32,140221.05,2024-09-18 20:00:00+00:00
1726704000000,559.32,562.61,554.73,559.81,146319.18,2024-09-19 00:00:00+00:00
1726718400000,559.81,561.83,556.18,556.84,69686.85,2024-09-19 04:00:00+00:00
1726732800000,556.89,558.27,552.77,558.21,80826.93,2024-09-19 08:00:00+00:00
1726747200000,558.21,567.33,558.04,564.8,197784.54,2024-09-19 12:00:00+00:00
1726761600000,564.83,571.74,564.47,565.72,123378.93,2024-09-19 16:00:00+00:00
1726776000000,565.72,567.43,561.5,566.85,83593.39,2024-09-19 20:00:00+00:00
1726790400000,566.85,571.6,558.78,571.48,120855.12,2024-09-20 00:00:00+00:00
1726804800000,571.46,577.0,569.83,573.61,151805.62,2024-09-20 04:00:00+00:00
1726819200000,573.61,574.28,565.69,569.83,102482.51,2024-09-20 08:00:00+00:00
1726833600000,569.84,573.6,564.0,569.83,137601.81,2024-09-20 12:00:00+00:00
1726848000000,569.84,570.75,564.15,566.8,54001.16,2024-09-20 16:00:00+00:00
1726862400000,566.8,570.24,566.13,568.83,33538.4,2024-09-20 20:00:00+00:00
1726876800000,568.83,572.99,566.31,567.49,59316.96,2024-09-21 00:00:00+00:00
1726891200000,567.49,583.88,567.36,582.8,170568.81,2024-09-21 04:00:00+00:00
1726905600000,582.81,587.85,580.03,580.5,176207.98,2024-09-21 08:00:00+00:00
1726920000000,580.51,585.88,579.9,583.77,96739.87,2024-09-21 12:00:00+00:00
1726934400000,583.75,586.09,582.5,585.42,49009.83,2024-09-21 16:00:00+00:00
1726948800000,585.41,590.8,583.67,588.98,69844.57,2024-09-21 20:00:00+00:00
1726963200000,588.98,589.84,581.29,584.4,87184.17,2024-09-22 00:00:00+00:00
1726977600000,584.41,585.6,581.67,584.75,62562.09,2024-09-22 04:00:00+00:00
1726992000000,584.75,585.98,580.01,581.53,76756.63,2024-09-22 08:00:00+00:00
1727006400000,581.53,583.25,577.3,580.67,85854.71,2024-09-22 12:00:00+00:00
1727020800000,580.67,587.85,578.25,586.01,80255.05,2024-09-22 16:00:00+00:00
1727035200000,586.02,595.08,576.07,588.65,211019.52,2024-09-22 20:00:00+00:00
1727049600000,588.65,599.72,583.0,596.99,222173.03,2024-09-23 00:00:00+00:00
1727064000000,597.0,597.68,589.42,591.16,93666.19,2024-09-23 04:00:00+00:00
1727078400000,591.15,593.0,588.0,592.24,72120.84,2024-09-23 08:00:00+00:00
1727092800000,592.24,601.88,591.4,600.85,151217.58,2024-09-23 12:00:00+00:00
1727107200000,600.8,616.69,600.68,612.47,336386.11,2024-09-23 16:00:00+00:00
1727121600000,612.56,615.38,602.11,604.97,126417.4,2024-09-23 20:00:00+00:00
1727136000000,604.97,609.93,600.6,606.77,141046.31,2024-09-24 00:00:00+00:00
1727150400000,606.76,606.9,600.76,602.58,97765.53,2024-09-24 04:00:00+00:00
1727164800000,602.63,606.46,601.15,604.14,109339.36,2024-09-24 08:00:00+00:00
1727179200000,604.13,609.66,598.51,606.58,209063.79,2024-09-24 12:00:00+00:00
1727193600000,606.63,610.63,604.73,609.74,96549.5,2024-09-24 16:00:00+00:00
1727208000000,609.74,613.9,604.74,606.07,126201.14,2024-09-24 20:00:00+00:00
1727222400000,606.06,608.34,602.55,607.02,102185.95,2024-09-25 00:00:00+00:00
1727236800000,606.97,606.98,593.01,596.19,164275.61,2024-09-25 04:00:00+00:00
1727251200000,596.18,598.5,593.12,596.71,85343.95,2024-09-25 08:00:00+00:00
1727265600000,596.72,599.85,592.08,593.4,119934.13,2024-09-25 12:00:00+00:00
1727280000000,593.4,595.56,585.58,586.92,143583.95,2024-09-25 16:00:00+00:00
1727294400000,586.96,589.74,583.98,587.49,64753.4,2024-09-25 20:00:00+00:00
1727308800000,587.49,589.73,581.15,588.35,114778.12,2024-09-26 00:00:00+00:00
1727323200000,588.34,596.99,587.42,596.28,114590.76,2024-09-26 04:00:00+00:00
1727337600000,596.28,599.22,593.6,595.62,93334.41,2024-09-26 08:00:00+00:00
1727352000000,595.62,603.38,592.54,601.96,221378.5,2024-09-26 12:00:00+00:00
1727366400000,601.97,609.5,592.54,593.14,215124.4,2024-09-26 16:00:00+00:00
1727380800000,593.14,598.72,591.33,596.47,87533.94,2024-09-26 20:00:00+00:00
1727395200000,596.46,606.0,596.1,604.83,138059.12,2024-09-27 00:00:00+00:00
1727409600000,604.83,607.75,600.12,604.3,131115.0,2024-09-27 04:00:00+00:00
1727424000000,604.29,609.26,602.51,608.81,134615.34,2024-09-27 08:00:00+00:00
1727438400000,608.8,615.0,605.7,609.34,282019.11,2024-09-27 12:00:00+00:00
1727452800000,609.35,613.41,605.26,605.8,122878.42,2024-09-27 16:00:00+00:00
1727467200000,605.81,611.9,604.31,607.33,108289.26,2024-09-27 20:00:00+00:00
1727481600000,607.33,619.06,605.53,612.7,206335.54,2024-09-28 00:00:00+00:00
1727496000000,612.69,613.0,600.1,602.73,152137.08,2024-09-28 04:00:00+00:00
1727510400000,602.72,603.3,594.81,602.55,158226.2,2024-09-28 08:00:00+00:00
1727524800000,602.55,603.51,597.3,601.17,84895.28,2024-09-28 12:00:00+00:00
1727539200000,601.16,602.12,597.75,600.26,48890.74,2024-09-28 16:00:00+00:00
1727553600000,600.26,602.12,595.76,601.12,46259.57,2024-09-28 20:00:00+00:00
1727568000000,601.12,603.13,598.57,600.81,50175.54,2024-09-29 00:00:00+00:00
1727582400000,600.84,600.87,593.19,593.78,75909.64,2024-09-29 04:00:00+00:00
1727596800000,593.77,598.73,592.67,597.79,76550.35,2024-09-29 08:00:00+00:00
1727611200000,597.81,598.77,593.8,597.34,75959.23,2024-09-29 12:00:00+00:00
1727625600000,597.34,600.11,596.1,600.08,64593.57,2024-09-29 16:00:00+00:00
1727640000000,600.07,601.67,595.02,595.76,65001.09,2024-09-29 20:00:00+00:00
1727654400000,595.77,595.95,572.54,578.24,342472.7,2024-09-30 00:00:00+00:00
1727668800000,578.25,583.54,575.33,582.47,102266.44,2024-09-30 04:00:00+00:00
1727683200000,582.47,582.96,570.81,575.11,157298.56,2024-09-30 08:00:00+00:00
1727697600000,575.12,578.74,571.2,571.31,107409.34,2024-09-30 12:00:00+00:00
1727712000000,571.32,574.42,568.0,573.06,104545.51,2024-09-30 16:00:00+00:00
1727726400000,573.07,575.82,563.4,567.65,94503.89,2024-09-30 20:00:00+00:00
1727740800000,567.65,577.23,565.57,576.96,88289.17,2024-10-01 00:00:00+00:00
1727755200000,576.96,583.2,576.3,581.2,107133.18,2024-10-01 04:00:00+00:00
1727769600000,581.2,581.62,577.42,577.56,54578.35,2024-10-01 08:00:00+00:00
1727784000000,577.55,579.02,547.4,561.35,387447.08,2024-10-01 12:00:00+00:00
1727798400000,561.34,562.5,538.02,548.39,356230.78,2024-10-01 16:00:00+00:00
1727812800000,548.43,549.72,536.11,546.98,197690.46,2024-10-01 20:00:00+00:00
1727827200000,546.97,555.54,545.22,554.32,88990.16,2024-10-02 00:00:00+00:00
1727841600000,554.32,558.15,551.5,556.16,67554.82,2024-10-02 04:00:00+00:00
1727856000000,556.16,557.64,544.24,546.57,119138.96,2024-10-02 08:00:00+00:00
1727870400000,546.56,549.97,536.84,549.25,204300.23,2024-10-02 12:00:00+00:00
1727884800000,549.25,552.88,534.4,538.82,196977.24,2024-10-02 16:00:00+00:00
1727899200000,538.88,545.9,537.5,542.38,87748.85,2024-10-02 20:00:00+00:00
1727913600000,542.38,549.85,541.04,549.64,95711.02,2024-10-03 00:00:00+00:00
1727928000000,549.64,550.55,543.54,545.07,72950.96,2024-10-03 04:00:00+00:00
1727942400000,545.07,545.84,535.64,537.74,203903.65,2024-10-03 08:00:00+00:00
1727956800000,537.73,545.47,533.4,541.05,219076.48,2024-10-03 12:00:00+00:00
1727971200000,541.05,545.71,536.88,545.56,111603.35,2024-10-03 16:00:00+00:00
1727985600000,545.56,546.45,540.99,544.64,49599.21,2024-10-03 20:00:00+00:00
1728000000000,544.64,549.38,541.6,546.65,76392.91,2024-10-04 00:00:00+00:00
1728014400000,546.65,550.56,546.42,550.52,56494.63,2024-10-04 04:00:00+00:00
1728028800000,550.53,554.13,550.16,552.97,63825.0,2024-10-04 08:00:00+00:00
1728043200000,552.96,556.92,545.02,553.36,188746.22,2024-10-04 12:00:00+00:00
1728057600000,553.36,557.97,551.98,557.03,89367.11,2024-10-04 16:00:00+00:00
1728072000000,557.04,557.61,554.52,555.27,37029.32,2024-10-04 20:00:00+00:00
1728086400000,555.28,557.92,551.61,553.56,49109.83,2024-10-05 00:00:00+00:00
1728100800000,553.56,564.64,553.56,561.64,91354.08,2024-10-05 04:00:00+00:00
1728115200000,561.64,565.08,560.79,561.3,59486.7,2024-10-05 08:00:00+00:00
1728129600000,561.31,564.8,560.25,564.12,47577.42,2024-10-05 12:00:00+00:00
1728144000000,564.12,564.88,559.4,560.84,65376.83,2024-10-05 16:00:00+00:00
1728158400000,560.84,564.12,558.0,563.13,40667.59,2024-10-05 20:00:00+00:00
1728172800000,563.14,566.32,561.55,562.05,51855.94,2024-10-06 00:00:00+00:00
1728187200000,562.05,563.94,561.36,562.68,30720.24,2024-10-06 04:00:00+00:00
1728201600000,562.67,563.84,561.06,562.63,35242.18,2024-10-06 08:00:00+00:00
1728216000000,562.63,569.2,561.78,567.29,82810.67,2024-10-06 12:00:00+00:00
1728230400000,567.28,568.18,565.11,565.59,48648.07,2024-10-06 16:00:00+00:00
1728244800000,565.59,571.85,563.25,570.26,71341.72,2024-10-06 20:00:00+00:00
1728259200000,570.26,577.13,567.33,573.21,132215.29,2024-10-07 00:00:00+00:00
1728273600000,573.2,577.42,572.09,575.74,59049.69,2024-10-07 04:00:00+00:00
1728288000000,575.74,577.5,566.5,571.68,112135.65,2024-10-07 08:00:00+00:00
1728302400000,571.69,581.95,570.38,575.67,152183.08,2024-10-07 12:00:00+00:00
1728316800000,575.72,577.7,566.5,572.45,91923.76,2024-10-07 16:00:00+00:00
1728331200000,572.44,574.18,563.32,564.33,82102.9,2024-10-07 20:00:00+00:00
1728345600000,564.34,571.62,563.2,569.78,70658.05,2024-10-08 00:00:00+00:00
1728360000000,569.78,570.93,559.04,563.32,87153.31,2024-10-08 04:00:00+00:00
1728374400000,563.32,576.97,562.13,576.77,192258.31,2024-10-08 08:00:00+00:00
1728388800000,576.77,580.2,572.1,577.64,207711.14,2024-10-08 12:00:00+00:00
1728403200000,577.65,586.8,575.82,585.33,156609.91,2024-10-08 16:00:00+00:00
1728417600000,585.35,586.23,578.41,579.92,81807.54,2024-10-08 20:00:00+00:00
1728432000000,579.91,581.7,572.45,575.93,138651.49,2024-10-09 00:00:00+00:00
1728446400000,575.92,584.91,575.09,581.65,124252.23,2024-10-09 04:00:00+00:00
1728460800000,581.64,584.7,580.55,582.51,83832.03,2024-10-09 08:00:00+00:00
1728475200000,582.5,584.45,576.06,580.73,147588.82,2024-10-09 12:00:00+00:00
1728489600000,580.73,582.0,570.75,571.6,115253.21,2024-10-09 16:00:00+00:00
1728504000000,571.6,572.99,565.85,570.35,94608.91,2024-10-09 20:00:00+00:00
1728518400000,570.35,572.5,566.96,568.96,71643.93,2024-10-10 00:00:00+00:00
1728532800000,568.96,572.49,568.57,569.7,37967.05,2024-10-10 04:00:00+00:00
1728547200000,569.71,570.8,564.45,570.09,77824.41,2024-10-10 08:00:00+00:00
1728561600000,570.08,570.4,562.46,565.13,106456.37,2024-10-10 12:00:00+00:00
1728576000000,565.14,566.87,551.27,559.13,156088.74,2024-10-10 16:00:00+00:00
1728590400000,559.12,563.76,557.27,563.63,50471.4,2024-10-10 20:00:00+00:00
1728604800000,563.62,565.47,560.34,564.13,76961.71,2024-10-11 00:00:00+00:00
1728619200000,564.13,564.98,560.24,560.51,51213.92,2024-10-11 04:00:00+00:00
1728633600000,560.51,568.6,560.29,567.73,89408.73,2024-10-11 08:00:00+00:00
1728648000000,567.72,573.46,566.11,571.9,124325.5,2024-10-11 12:00:00+00:00
1728662400000,571.9,577.48,571.23,574.26,90176.26,2024-10-11 16:00:00+00:00
1728676800000,574.26,574.83,572.23,573.77,35095.06,2024-10-11 20:00:00+00:00
1728691200000,573.76,577.42,573.57,576.89,53858.77,2024-10-12 00:00:00+00:00
1728705600000,576.89,579.04,574.08,575.35,59579.52,2024-10-12 04:00:00+00:00
1728720000000,575.34,579.17,575.01,576.57,47941.09,2024-10-12 08:00:00+00:00
1728734400000,576.57,578.95,575.01,575.96,56514.14,2024-10-12 12:00:00+00:00
1728748800000,575.96,578.33,575.72,577.65,23734.31,2024-10-12 16:00:00+00:00
1728763200000,577.65,578.18,576.21,576.51,15593.24,2024-10-12 20:00:00+00:00
1728777600000,576.51,578.45,572.78,573.33,53274.93,2024-10-13 00:00:00+00:00
1728792000000,573.33,576.31,572.56,574.28,32563.26,2024-10-13 04:00:00+00:00
1728806400000,574.29,575.3,572.24,572.39,32621.01,2024-10-13 08:00:00+00:00
1728820800000,572.39,574.31,564.95,566.77,92439.61,2024-10-13 12:00:00+00:00
1728835200000,566.78,572.0,565.84,570.8,55514.86,2024-10-13 16:00:00+00:00
1728849600000,570.8,573.13,569.55,572.21,29993.61,2024-10-13 20:00:00+00:00
1728864000000,572.21,580.85,569.43,580.37,98309.21,2024-10-14 00:00:00+00:00
1728878400000,580.37,582.71,575.13,580.47,124611.63,2024-10-14 04:00:00+00:00
1728892800000,580.47,581.94,578.01,580.88,71434.11,2024-10-14 08:00:00+00:00
1728907200000,580.87,589.12,579.26,588.19,132702.09,2024-10-14 12:00:00+00:00
1728921600000,588.2,592.31,587.4,588.95,84801.82,2024-10-14 16:00:00+00:00
1728936000000,588.94,592.0,587.44,589.31,45970.88,2024-10-14 20:00:00+00:00
1728950400000,589.31,592.56,584.67,585.22,74806.51,2024-10-15 00:00:00+00:00
1728964800000,585.23,587.52,581.16,585.03,63286.5,2024-10-15 04:00:00+00:00
1728979200000,585.03,591.4,583.85,585.55,155798.1,2024-10-15 08:00:00+00:00
1728993600000,585.64,600.34,577.73,589.6,409515.76,2024-10-15 12:00:00+00:00
1729008000000,589.6,595.85,589.33,594.96,104302.62,2024-10-15 16:00:00+00:00
1729022400000,594.96,595.18,587.32,594.89,88513.5,2024-10-15 20:00:00+00:00
1729036800000,594.89,597.7,592.1,594.25,68441.77,2024-10-16 00:00:00+00:00
1729051200000,594.24,595.54,590.06,591.47,72672.25,2024-10-16 04:00:00+00:00
1729065600000,591.46,600.96,591.0,599.44,135408.83,2024-10-16 08:00:00+00:00
1729080000000,599.43,601.76,593.59,595.46,152509.95,2024-10-16 12:00:00+00:00
1729094400000,595.46,604.8,591.76,601.54,104933.3,2024-10-16 16:00:00+00:00
1729108800000,601.54,605.84,600.22,601.13,82282.12,2024-10-16 20:00:00+00:00
1729123200000,601.12,606.68,600.12,604.33,79585.75,2024-10-17 00:00:00+00:00
1729137600000,604.32,605.86,596.3,597.23,82240.74,2024-10-17 04:00:00+00:00
1729152000000,597.23,598.07,590.44,590.52,98335.58,2024-10-17 08:00:00+00:00
1729166400000,590.51,595.18,589.0,594.12,125632.07,2024-10-17 12:00:00+00:00
1729180800000,594.12,594.33,584.56,588.83,90183.2,2024-10-17 16:00:00+00:00
1729195200000,588.85,592.91,588.57,592.83,33916.01,2024-10-17 20:00:00+00:00
1729209600000,592.84,598.6,591.81,594.1,69235.35,2024-10-18 00:00:00+00:00
1729224000000,594.11,599.29,593.92,597.89,54616.55,2024-10-18 04:00:00+00:00
1729238400000,597.88,598.95,595.0,595.19,42475.92,2024-10-18 08:00:00+00:00
1729252800000,595.2,602.13,594.15,600.69,122556.9,2024-10-18 12:00:00+00:00
1729267200000,600.69,602.54,598.27,599.47,50843.6,2024-10-18 16:00:00+00:00
1729281600000,599.47,600.64,597.75,599.03,37597.51,2024-10-18 20:00:00+00:00
1729296000000,599.03,601.3,598.66,598.95,31635.61,2024-10-19 00:00:00+00:00
1729310400000,598.95,599.64,597.0,597.74,30022.26,2024-10-19 04:00:00+00:00
1729324800000,597.73,598.58,596.91,596.94,29108.08,2024-10-19 08:00:00+00:00
1729339200000,596.95,598.58,596.22,596.79,30188.5,2024-10-19 12:00:00+00:00
1729353600000,596.8,597.75,595.21,597.05,27085.33,2024-10-19 16:00:00+00:00
1729368000000,597.04,598.49,595.95,597.94,18971.06,2024-10-19 20:00:00+00:00
1729382400000,597.93,598.5,593.04,594.7,42492.52,2024-10-20 00:00:00+00:00
1729396800000,594.7,598.35,594.5,597.65,34092.56,2024-10-20 04:00:00+00:00
1729411200000,597.65,598.44,595.93,596.66,22928.17,2024-10-20 08:00:00+00:00
1729425600000,596.67,600.85,595.16,599.21,87300.18,2024-10-20 12:00:00+00:00
1729440000000,599.22,599.83,597.69,598.5,19748.13,2024-10-20 16:00:00+00:00
1729454400000,598.51,607.65,598.41,606.28,103739.17,2024-10-20 20:00:00+00:00
1729468800000,606.29,609.0,601.39,604.78,104931.22,2024-10-21 00:00:00+00:00
1729483200000,604.77,610.51,603.11,609.3,114290.77,2024-10-21 04:00:00+00:00
1729497600000,609.3,612.46,605.01,609.34,134626.31,2024-10-21 08:00:00+00:00
1729512000000,609.35,610.11,593.62,595.98,207953.84,2024-10-21 12:00:00+00:00
1729526400000,595.98,600.58,591.43,599.11,103889.04,2024-10-21 16:00:00+00:00
1729540800000,599.11,601.54,597.3,598.74,44048.03,2024-10-21 20:00:00+00:00
1729555200000,598.73,600.0,592.3,598.47,90373.7,2024-10-22 00:00:00+00:00
1729569600000,598.48,599.9,595.08,595.22,49669.3,2024-10-22 04:00:00+00:00
1729584000000,595.22,597.65,586.85,595.8,170434.2,2024-10-22 08:00:00+00:00
1729598400000,595.79,598.72,590.29,596.7,139689.97,2024-10-22 12:00:00+00:00
1729612800000,596.7,596.74,591.47,594.34,62071.06,2024-10-22 16:00:00+00:00
1729627200000,594.33,596.64,593.07,593.81,30993.69,2024-10-22 20:00:00+00:00
1729641600000,593.82,594.49,589.19,590.42,51408.24,2024-10-23 00:00:00+00:00
1729656000000,590.42,590.77,582.75,584.18,93834.39,2024-10-23 04:00:00+00:00
1729670400000,584.18,585.0,579.59,582.35,109830.09,2024-10-23 08:00:00+00:00
1729684800000,582.36,586.36,578.4,579.6,112360.42,2024-10-23 12:00:00+00:00
1729699200000,579.6,582.49,572.82,582.14,131065.06,2024-10-23 16:00:00+00:00
1729713600000,582.14,585.6,581.16,584.95,51602.63,2024-10-23 20:00:00+00:00
1729728000000,584.94,592.2,583.23,590.16,99710.31,2024-10-24 00:00:00+00:00
1729742400000,590.17,594.39,589.6,590.77,71430.02,2024-10-24 04:00:00+00:00
1729756800000,590.76,592.83,585.57,591.29,74015.72,2024-10-24 08:00:00+00:00
1729771200000,591.29,593.88,589.62,592.49,81858.29,2024-10-24 12:00:00+00:00
1729785600000,592.48,595.0,590.13,594.64,40800.81,2024-10-24 16:00:00+00:00
1729800000000,594.63,598.23,593.21,594.65,45607.66,2024-10-24 20:00:00+00:00
1729814400000,594.64,597.96,592.48,595.35,63515.37,2024-10-25 00:00:00+00:00
1729828800000,595.36,595.47,586.83,588.59,84577.71,2024-10-25 04:00:00+00:00
1729843200000,588.59,593.49,586.19,592.6,63165.58,2024-10-25 08:00:00+00:00
1729857600000,592.59,595.49,587.9,589.78,91480.89,2024-10-25 12:00:00+00:00
1729872000000,589.78,591.65,578.23,585.07,162389.92,2024-10-25 16:00:00+00:00
1729886400000,585.08,586.68,564.74,574.64,183063.26,2024-10-25 20:00:00+00:00
1729900800000,574.64,579.19,570.23,578.49,96665.02,2024-10-26 00:00:00+00:00
1729915200000,578.49,583.76,577.8,579.82,53038.39,2024-10-26 04:00:00+00:00
1729929600000,579.81,584.62,579.38,584.39,37788.69,2024-10-26 08:00:00+00:00
1729944000000,584.39,585.0,578.33,580.94,57869.83,2024-10-26 12:00:00+00:00
1729958400000,580.95,586.2,580.61,585.54,32773.47,2024-10-26 16:00:00+00:00
1729972800000,585.54,587.1,583.19,583.4,22363.02,2024-10-26 20:00:00+00:00
1729987200000,583.39,585.99,581.8,585.82,26984.71,2024-10-27 00:00:00+00:00
1730001600000,585.83,586.18,583.96,584.78,19164.59,2024-10-27 04:00:00+00:00
1730016000000,584.78,585.7,581.74,582.77,26334.21,2024-10-27 08:00:00+00:00
1730030400000,582.76,588.33,582.7,587.4,48021.6,2024-10-27 12:00:00+00:00
1730044800000,587.39,589.68,585.5,587.07,41360.39,2024-10-27 16:00:00+00:00
1730059200000,587.06,590.94,586.26,589.34,37245.8,2024-10-27 20:00:00+00:00
1730073600000,589.32,590.06,586.27,587.1,39523.43,2024-10-28 00:00:00+00:00
1730088000000,587.11,592.81,585.37,591.58,58529.38,2024-10-28 04:00:00+00:00
1730102400000,591.58,594.9,590.88,594.49,60894.08,2024-10-28 08:00:00+00:00
1730116800000,594.48,596.7,590.48,590.59,93623.42,2024-10-28 12:00:00+00:00
1730131200000,590.58,597.15,588.72,596.04,87235.62,2024-10-28 16:00:00+00:00
1730145600000,598.66,605.0,598.4,601.37,95399.54,2024-10-28 20:00:00+00:00
1730160000000,601.37,610.87,600.18,605.88,128456.08,2024-10-29 00:00:00+00:00
1730174400000,605.88,607.6,604.31,604.5,65099.37,2024-10-29 04:00:00+00:00
1730188800000,604.58,607.98,604.43,606.99,55898.01,2024-10-29 08:00:00+00:00
1730203200000,607.0,611.05,604.56,610.49,98661.88,2024-10-29 12:00:00+00:00
1730217600000,610.49,612.78,603.83,604.19,179881.68,2024-10-29 16:00:00+00:00
1730232000000,604.22,607.71,600.69,606.71,76992.22,2024-10-29 20:00:00+00:00
1730246400000,606.7,607.14,598.56,603.17,101662.63,2024-10-30 00:00:00+00:00
1730260800000,603.16,607.2,601.18,602.5,41398.67,2024-10-30 04:00:00+00:00
1730275200000,602.49,605.11,595.91,596.03,96546.45,2024-10-30 08:00:00+00:00
1730289600000,596.04,601.97,594.5,597.32,132300.87,2024-10-30 12:00:00+00:00
1730304000000,597.32,600.62,596.52,597.77,39350.73,2024-10-30 16:00:00+00:00
1730318400000,597.76,600.84,595.02,595.9,58312.71,2024-10-30 20:00:00+00:00
1730332800000,595.9,596.88,592.0,592.98,73094.26,2024-10-31 00:00:00+00:00
1730347200000,592.99,593.39,588.07,588.13,79360.07,2024-10-31 04:00:00+00:00
1730361600000,588.13,588.17,581.75,586.85,153404.95,2024-10-31 08:00:00+00:00
1730376000000,586.85,589.22,575.62,581.0,252826.64,2024-10-31 12:00:00+00:00
1730390400000,581.0,581.01,573.1,573.42,126657.43,2024-10-31 16:00:00+00:00
1730404800000,573.42,578.34,571.14,576.71,72668.2,2024-10-31 20:00:00+00:00
1730419200000,576.7,580.75,570.15,578.96,141165.42,2024-11-01 00:00:00+00:00
1730433600000,578.96,580.35,572.26,574.77,91205.83,2024-11-01 04:00:00+00:00
1730448000000,574.78,579.68,574.69,577.54,84516.01,2024-11-01 08:00:00+00:00
1730462400000,577.54,585.46,568.22,571.72,289442.82,2024-11-01 12:00:00+00:00
1730476800000,571.72,577.28,569.64,571.85,105374.52,2024-11-01 16:00:00+00:00
1730491200000,571.86,573.59,567.52,572.93,39336.36,2024-11-01 20:00:00+00:00
1730505600000,572.93,575.83,572.64,575.22,53135.61,2024-11-02 00:00:00+00:00
1730520000000,575.23,576.94,573.62,576.2,34850.84,2024-11-02 04:00:00+00:00
1730534400000,576.19,576.7,572.78,573.04,30936.57,2024-11-02 08:00:00+00:00
1730548800000,573.05,573.5,562.06,566.47,177359.15,2024-11-02 12:00:00+00:00
1730563200000,566.47,569.62,566.26,569.53,63506.5,2024-11-02 16:00:00+00:00
1730577600000,569.54,570.64,566.76,568.58,34219.62,2024-11-02 20:00:00+00:00
1730592000000,568.59,569.3,556.93,561.89,142619.78,2024-11-03 00:00:00+00:00
1730606400000,561.89,565.22,561.44,563.66,59488.95,2024-11-03 04:00:00+00:00
1730620800000,563.66,563.66,556.95,557.41,69209.48,2024-11-03 08:00:00+00:00
1730635200000,557.4,559.73,546.69,551.75,184813.44,2024-11-03 12:00:00+00:00
1730649600000,551.74,556.94,548.43,556.89,93310.31,2024-11-03 16:00:00+00:00
1730664000000,556.89,560.22,555.68,557.78,67731.4,2024-11-03 20:00:00+00:00
1730678400000,557.79,564.71,553.13,562.45,93127.5,2024-11-04 00:00:00+00:00
1730692800000,562.45,564.05,558.26,558.74,71379.21,2024-11-04 04:00:00+00:00
1730707200000,558.75,562.35,556.18,560.12,70005.19,2024-11-04 08:00:00+00:00
1730721600000,560.13,563.33,556.3,559.53,85633.49,2024-11-04 12:00:00+00:00
1730736000000,559.53,560.52,550.88,552.72,94497.16,2024-11-04 16:00:00+00:00
1730750400000,552.72,553.51,543.22,552.51,157467.46,2024-11-04 20:00:00+00:00
1730764800000,552.5,555.78,550.99,555.45,68460.34,2024-11-05 00:00:00+00:00
1730779200000,555.45,561.03,554.84,560.72,59063.42,2024-11-05 04:00:00+00:00
1730793600000,560.72,561.91,558.22,559.48,51129.02,2024-11-05 08:00:00+00:00
1730808000000,559.48,569.99,558.55,564.56,144579.26,2024-11-05 12:00:00+00:00
1730822400000,564.55,571.97,559.48,560.25,111389.06,2024-11-05 16:00:00+00:00
1730836800000,560.25,567.44,559.03,563.3,66435.23,2024-11-05 20:00:00+00:00
1730851200000,563.29,589.42,563.13,582.02,342904.45,2024-11-06 00:00:00+00:00
1730865600000,582.02,589.86,575.55,584.35,353672.19,2024-11-06 04:00:00+00:00
1730880000000,584.32,585.22,576.14,582.2,194867.02,2024-11-06 08:00:00+00:00
1730894400000,582.2,585.84,579.31,583.46,140916.16,2024-11-06 12:00:00+00:00
1730908800000,583.46,588.75,581.89,588.56,98047.83,2024-11-06 16:00:00+00:00
1730923200000,588.57,595.35,586.55,592.61,139957.91,2024-11-06 20:00:00+00:00
1730937600000,592.61,611.98,591.42,605.42,293306.66,2024-11-07 00:00:00+00:00
1730952000000,605.43,606.82,591.73,596.15,154178.78,2024-11-07 04:00:00+00:00
1730966400000,596.14,598.0,592.51,592.74,79536.88,2024-11-07 08:00:00+00:00
1730980800000,592.75,598.42,587.18,598.16,142811.53,2024-11-07 12:00:00+00:00
1730995200000,598.16,601.74,595.51,599.54,140364.43,2024-11-07 16:00:00+00:00
1731009600000,599.55,603.17,596.04,598.74,98761.97,2024-11-07 20:00:00+00:00
1731024000000,598.74,606.55,593.23,597.12,146522.92,2024-11-08 00:00:00+00:00
1731038400000,597.12,601.35,595.5,599.45,75064.56,2024-11-08 04:00:00+00:00
1731052800000,599.46,599.82,594.59,596.3,81758.05,2024-11-08 08:00:00+00:00
1731067200000,596.29,601.99,595.0,597.72,127568.62,2024-11-08 12:00:00+00:00
1731081600000,597.72,599.29,588.12,597.99,173222.89,2024-11-08 16:00:00+00:00
1731096000000,598.0,598.97,593.13,598.17,65303.05,2024-11-08 20:00:00+00:00
1731110400000,598.18,638.73,597.94,635.85,686267.74,2024-11-09 00:00:00+00:00
1731124800000,635.87,636.66,627.21,629.51,302955.91,2024-11-09 04:00:00+00:00
1731139200000,629.51,634.48,623.57,626.15,172183.16,2024-11-09 08:00:00+00:00
1731153600000,626.14,627.45,616.38,617.22,188366.86,2024-11-09 12:00:00+00:00
1731168000000,617.21,621.8,609.55,616.51,223526.93,2024-11-09 16:00:00+00:00
1731182400000,616.51,628.0,614.63,625.06,148515.47,2024-11-09 20:00:00+00:00
1731196800000,625.07,631.0,622.45,628.13,198909.01,2024-11-10 00:00:00+00:00
1731211200000,628.14,635.52,626.01,629.88,311110.45,2024-11-10 04:00:00+00:00
1731225600000,629.89,644.99,629.57,642.26,276469.94,2024-11-10 08:00:00+00:00
1731240000000,642.19,643.33,631.68,640.54,309121.7,2024-11-10 12:00:00+00:00
1731254400000,640.53,644.57,623.98,629.82,349740.5,2024-11-10 16:00:00+00:00
1731268800000,629.83,632.45,612.02,627.84,347281.85,2024-11-10 20:00:00+00:00
1731283200000,627.84,641.98,626.34,637.98,243845.75,2024-11-11 00:00:00+00:00
1731297600000,637.98,639.5,613.34,616.44,307060.58,2024-11-11 04:00:00+00:00
1731312000000,616.45,630.83,615.16,626.73,261534.79,2024-11-11 08:00:00+00:00
1731326400000,626.72,629.19,614.23,626.47,375564.7,2024-11-11 12:00:00+00:00
1731340800000,626.46,641.66,626.0,636.05,449158.47,2024-11-11 16:00:00+00:00
1731355200000,636.05,666.51,628.51,660.53,563825.2,2024-11-11 20:00:00+00:00
1731369600000,660.53,668.5,633.51,654.67,732508.71,2024-11-12 00:00:00+00:00
1731384000000,654.66,656.32,643.0,649.07,281203.64,2024-11-12 04:00:00+00:00
1731398400000,649.08,658.62,615.01,627.26,678532.68,2024-11-12 08:00:00+00:00
1731412800000,627.26,631.89,612.56,626.02,521453.08,2024-11-12 12:00:00+00:00
1731427200000,626.01,633.09,616.41,628.89,256710.35,2024-11-12 16:00:00+00:00
1731441600000,628.9,635.56,622.83,625.78,182395.53,2024-11-12 20:00:00+00:00
1731456000000,625.85,629.32,606.05,606.53,328344.01,2024-11-13 00:00:00+00:00
1731470400000,606.53,613.89,598.81,608.03,383409.36,2024-11-13 04:00:00+00:00
1731484800000,608.03,613.79,602.82,610.45,209584.3,2024-11-13 08:00:00+00:00
1731499200000,610.5,638.25,605.81,629.54,566858.77,2024-11-13 12:00:00+00:00
1731513600000,629.55,639.22,610.0,612.34,483039.42,2024-11-13 16:00:00+00:00
1731528000000,612.34,622.13,605.0,621.19,254657.9,2024-11-13 20:00:00+00:00
1731542400000,621.19,627.85,610.8,626.94,229032.74,2024-11-14 00:00:00+00:00
1731556800000,626.93,661.3,621.28,660.23,663033.53,2024-11-14 04:00:00+00:00
1731571200000,660.19,660.42,623.5,632.8,584828.81,2024-11-14 08:00:00+00:00
1731585600000,632.79,637.72,618.8,628.72,466522.15,2024-11-14 12:00:00+00:00
1731600000000,628.72,639.26,628.19,637.71,193776.92,2024-11-14 16:00:00+00:00
1731614400000,637.71,637.85,616.28,622.64,270236.56,2024-11-14 20:00:00+00:00
1731628800000,622.64,628.69,616.35,623.84,255642.68,2024-11-15 00:00:00+00:00
1731643200000,623.85,624.12,607.1,615.66,282014.95,2024-11-15 04:00:00+00:00
1731657600000,615.67,625.37,611.08,624.56,176861.03,2024-11-15 08:00:00+00:00
1731672000000,624.56,626.97,603.63,606.89,313901.34,2024-11-15 12:00:00+00:00
1731686400000,606.9,615.33,605.17,613.1,200191.1,2024-11-15 16:00:00+00:00
1731700800000,613.09,620.31,612.94,619.73,135602.1,2024-11-15 20:00:00+00:00
1731715200000,619.73,624.99,617.51,624.89,110977.42,2024-11-16 00:00:00+00:00
1731729600000,624.89,627.91,622.0,623.68,126705.12,2024-11-16 04:00:00+00:00
1731744000000,623.69,631.07,621.27,631.06,152405.01,2024-11-16 08:00:00+00:00
1731758400000,631.05,634.33,619.02,623.77,313969.25,2024-11-16 12:00:00+00:00
1731772800000,623.78,631.33,620.0,630.27,144938.19,2024-11-16 16:00:00+00:00
1731787200000,630.26,630.99,620.6,623.19,115169.61,2024-11-16 20:00:00+00:00
1731801600000,623.19,629.16,605.2,614.52,296568.82,2024-11-17 00:00:00+00:00
1731816000000,614.52,648.3,612.68,639.33,493715.71,2024-11-17 04:00:00+00:00
1731830400000,639.33,646.69,628.44,629.02,256391.55,2024-11-17 08:00:00+00:00
1731844800000,629.02,635.0,622.09,625.08,206470.9,2024-11-17 12:00:00+00:00
1731859200000,625.07,625.71,616.6,620.25,147621.46,2024-11-17 16:00:00+00:00
1731873600000,620.25,622.05,611.33,618.99,155509.58,2024-11-17 20:00:00+00:00
1731888000000,618.99,628.99,617.75,628.33,150059.31,2024-11-18 00:00:00+00:00
1731902400000,628.33,630.42,623.27,627.12,122128.9,2024-11-18 04:00:00+00:00
1731916800000,627.12,628.44,614.43,616.29,179727.6,2024-11-18 08:00:00+00:00
1731931200000,616.29,626.35,612.31,624.75,207737.18,2024-11-18 12:00:00+00:00
1731945600000,624.76,635.0,612.83,616.96,359520.78,2024-11-18 16:00:00+00:00
1731960000000,616.96,622.22,615.07,619.46,151805.94,2024-11-18 20:00:00+00:00
1731974400000,619.46,620.96,617.24,618.9,95718.63,2024-11-19 00:00:00+00:00
1731988800000,618.9,621.53,616.27,618.01,102770.55,2024-11-19 04:00:00+00:00
1732003200000,618.02,618.93,614.0,618.75,100045.55,2024-11-19 08:00:00+00:00
1732017600000,618.76,621.97,612.12,615.6,232899.01,2024-11-19 12:00:00+00:00
1732032000000,615.62,619.81,613.67,616.7,126374.21,2024-11-19 16:00:00+00:00
1732046400000,616.62,617.8,605.47,615.93,206352.29,2024-11-19 20:00:00+00:00
1732060800000,616.0,616.85,606.15,611.46,143098.65,2024-11-20 00:00:00+00:00
1732075200000,611.46,614.63,609.0,613.3,89209.55,2024-11-20 04:00:00+00:00
1732089600000,613.3,615.72,611.0,612.69,114328.26,2024-11-20 08:00:00+00:00
1732104000000,612.7,621.08,608.62,615.62,237751.48,2024-11-20 12:00:00+00:00
1732118400000,615.61,616.3,600.25,604.77,233682.69,2024-11-20 16:00:00+00:00
1732132800000,604.76,613.17,602.55,605.78,99998.21,2024-11-20 20:00:00+00:00
1732147200000,605.84,609.75,593.26,602.33,259987.67,2024-11-21 00:00:00+00:00
1732161600000,602.33,614.47,601.09,612.94,247259.06,2024-11-21 04:00:00+00:00
1732176000000,612.94,613.68,607.44,610.2,109652.02,2024-11-21 08:00:00+00:00
1732190400000,610.2,630.0,610.11,617.2,575005.86,2024-11-21 12:00:00+00:00
1732204800000,617.2,625.77,616.51,625.29,198455.83,2024-11-21 16:00:00+00:00
1732219200000,625.29,626.08,619.73,622.33,120488.93,2024-11-21 20:00:00+00:00
1732233600000,622.32,640.57,622.32,635.87,443634.62,2024-11-22 00:00:00+00:00
1732248000000,635.87,638.78,626.47,627.65,177479.83,2024-11-22 04:00:00+00:00
1732262400000,627.8,633.2,621.18,625.6,172927.69,2024-11-22 08:00:00+00:00
1732276800000,625.61,628.93,615.56,624.97,291850.63,2024-11-22 12:00:00+00:00
1732291200000,624.97,626.32,618.76,622.39,146421.18,2024-11-22 16:00:00+00:00
1732305600000,622.38,633.76,621.52,633.51,141153.55,2024-11-22 20:00:00+00:00
1732320000000,633.51,651.44,631.66,644.99,376002.28,2024-11-23 00:00:00+00:00
1732334400000,645.0,667.9,641.0,664.61,407724.21,2024-11-23 04:00:00+00:00
1732348800000,664.61,677.2,660.4,663.53,540343.16,2024-11-23 08:00:00+00:00
1732363200000,663.53,681.45,661.44,670.24,369013.19,2024-11-23 12:00:00+00:00
1732377600000,670.23,673.07,650.0,653.91,478401.43,2024-11-23 16:00:00+00:00
1732392000000,653.9,658.0,642.65,651.13,243056.82,2024-11-23 20:00:00+00:00
1732406400000,651.13,662.71,649.1,659.87,193867.41,2024-11-24 00:00:00+00:00
1732420800000,659.86,674.04,656.08,673.33,301098.37,2024-11-24 04:00:00+00:00
1732435200000,673.33,688.34,651.1,652.13,723764.74,2024-11-24 08:00:00+00:00
1732449600000,652.14,657.07,637.47,643.0,571740.39,2024-11-24 12:00:00+00:00
1732464000000,642.99,656.1,640.1,651.13,290459.18,2024-11-24 16:00:00+00:00
1732478400000,651.14,664.04,650.03,660.22,146568.52,2024-11-24 20:00:00+00:00
1732492800000,660.22,663.78,646.88,659.23,225703.54,2024-11-25 00:00:00+00:00
1732507200000,659.23,663.84,655.78,661.75,171047.34,2024-11-25 04:00:00+00:00
1732521600000,661.75,677.19,660.0,664.61,374317.85,2024-11-25 08:00:00+00:00
1732536000000,664.61,668.76,632.0,649.18,613902.71,2024-11-25 12:00:00+00:00
1732550400000,649.19,654.21,638.44,643.93,294399.76,2024-11-25 16:00:00+00:00
1732564800000,643.94,647.57,627.0,636.59,274153.29,2024-11-25 20:00:00+00:00
1732579200000,636.59,646.13,633.06,643.37,150142.48,2024-11-26 00:00:00+00:00
1732593600000,643.36,645.5,635.01,641.94,158098.56,2024-11-26 04:00:00+00:00
1732608000000,641.93,642.3,610.57,620.4,556629.91,2024-11-26 08:00:00+00:00
1732622400000,620.39,625.0,608.18,614.42,427289.51,2024-11-26 12:00:00+00:00
1732636800000,614.43,621.43,599.92,610.53,338590.26,2024-11-26 16:00:00+00:00
1732651200000,610.53,617.15,608.66,613.94,132153.08,2024-11-26 20:00:00+00:00
1732665600000,613.94,618.88,608.22,617.0,163670.15,2024-11-27 00:00:00+00:00
1732680000000,617.01,623.06,615.7,622.49,137704.88,2024-11-27 04:00:00+00:00
1732694400000,622.5,629.22,617.41,625.54,202749.19,2024-11-27 08:00:00+00:00
1732708800000,625.54,639.67,619.74,636.97,344935.9,2024-11-27 12:00:00+00:00
1732723200000,636.96,640.0,633.0,639.01,199172.76,2024-11-27 16:00:00+00:00
1732737600000,639.01,647.14,638.13,644.69,188575.95,2024-11-27 20:00:00+00:00
1732752000000,644.69,658.72,640.26,652.59,432145.24,2024-11-28 00:00:00+00:00
1732766400000,652.6,659.71,648.99,650.48,269508.67,2024-11-28 04:00:00+00:00
1732780800000,650.48,661.82,646.55,660.51,310741.51,2024-11-28 08:00:00+00:00
1732795200000,660.5,664.45,645.1,646.79,305135.69,2024-11-28 12:00:00+00:00
1732809600000,646.8,660.0,646.52,658.13,155732.23,2024-11-28 16:00:00+00:00
1732824000000,658.13,660.0,651.52,654.33,118752.74,2024-11-28 20:00:00+00:00
1732838400000,654.32,664.4,652.16,658.18,159106.87,2024-11-29 00:00:00+00:00
1732852800000,658.18,659.39,648.9,650.22,140301.49,2024-11-29 04:00:00+00:00
1732867200000,650.22,656.84,650.0,656.83,122544.69,2024-11-29 08:00:00+00:00
1732881600000,656.83,661.6,654.18,660.24,179064.79,2024-11-29 12:00:00+00:00
1732896000000,660.25,662.32,653.33,654.4,170902.35,2024-11-29 16:00:00+00:00
1732910400000,654.4,655.85,650.39,655.13,90774.89,2024-11-29 20:00:00+00:00
1732924800000,655.12,658.0,648.38,657.46,154555.37,2024-11-30 00:00:00+00:00
1732939200000,657.46,677.89,653.99,673.66,340348.54,2024-11-30 04:00:00+00:00
1732953600000,673.6,675.3,657.9,658.67,306401.01,2024-11-30 08:00:00+00:00
1732968000000,658.66,665.95,653.0,656.64,230193.4,2024-11-30 12:00:00+00:00
1732982400000,656.65,659.43,653.03,655.29,108805.48,2024-11-30 16:00:00+00:00
1732996800000,655.29,658.76,653.83,653.88,76300.73,2024-11-30 20:00:00+00:00
1733011200000,653.87,658.0,645.53,652.33,226860.13,2024-12-01 00:00:00+00:00
1733025600000,652.33,652.8,648.54,651.62,59202.68,2024-12-01 04:00:00+00:00
1733040000000,651.61,659.98,650.53,658.82,171469.46,2024-12-01 08:00:00+00:00
1733054400000,658.82,663.33,656.45,662.78,132128.09,2024-12-01 12:00:00+00:00
1733068800000,662.78,664.91,656.45,658.78,116612.89,2024-12-01 16:00:00+00:00
1733083200000,658.77,659.31,651.91,656.63,103285.68,2024-12-01 20:00:00+00:00
1733097600000,656.59,667.94,650.52,651.36,290763.67,2024-12-02 00:00:00+00:00
1733112000000,651.36,655.27,643.12,647.27,327085.01,2024-12-02 04:00:00+00:00
1733126400000,647.27,647.73,630.42,634.27,425399.22,2024-12-02 08:00:00+00:00
1733140800000,634.27,651.48,631.56,650.29,305280.62,2024-12-02 12:00:00+00:00
1733155200000,650.3,651.69,629.0,639.26,291299.92,2024-12-02 16:00:00+00:00
1733169600000,639.26,648.74,637.81,648.28,123107.31,2024-12-02 20:00:00+00:00
1733184000000,648.28,655.82,646.8,652.43,199746.44,2024-12-03 00:00:00+00:00
1733198400000,652.42,661.68,646.02,648.59,296982.82,2024-12-03 04:00:00+00:00
1733212800000,648.59,654.99,647.21,651.17,210020.83,2024-12-03 08:00:00+00:00
1733227200000,651.2,651.95,622.5,643.18,652910.84,2024-12-03 12:00:00+00:00
1733241600000,643.18,695.4,642.4,690.79,801712.69,2024-12-03 16:00:00+00:00
1733256000000,690.79,749.96,688.24,735.67,1098777.49,2024-12-03 20:00:00+00:00
1733270400000,735.66,775.68,735.59,753.98,1043893.78,2024-12-04 00:00:00+00:00
1733284800000,753.99,766.47,746.52,765.25,429759.96,2024-12-04 04:00:00+00:00
1733299200000,765.26,794.0,761.72,782.69,929663.19,2024-12-04 08:00:00+00:00
1733313600000,782.68,786.72,753.2,756.98,617009.82,2024-12-04 12:00:00+00:00
1733328000000,756.98,760.0,721.67,740.09,955357.9,2024-12-04 16:00:00+00:00
1733342400000,740.1,747.46,726.82,740.46,487405.15,2024-12-04 20:00:00+00:00
1733356800000,740.46,740.64,690.0,715.35,1130389.28,2024-12-05 00:00:00+00:00
1733371200000,715.34,733.88,714.13,729.9,374282.96,2024-12-05 04:00:00+00:00
1733385600000,729.9,739.0,727.42,737.81,253056.76,2024-12-05 08:00:00+00:00
1733400000000,737.81,739.28,718.67,724.89,365094.34,2024-12-05 12:00:00+00:00
1733414400000,724.92,737.2,715.59,716.87,288419.96,2024-12-05 16:00:00+00:00
1733428800000,716.86,721.61,694.48,717.76,607988.04,2024-12-05 20:00:00+00:00
1733443200000,717.77,733.92,714.17,729.86,259905.19,2024-12-06 00:00:00+00:00
1733457600000,729.86,735.18,725.25,726.04,169342.24,2024-12-06 04:00:00+00:00
1733472000000,726.03,729.79,712.18,718.88,276643.72,2024-12-06 08:00:00+00:00
1733486400000,718.88,733.77,705.6,733.16,448025.6,2024-12-06 12:00:00+00:00
1733500800000,733.16,746.76,729.06,738.76,433743.0,2024-12-06 16:00:00+00:00
1733515200000,738.77,744.66,727.0,730.75,210623.48,2024-12-06 20:00:00+00:00
1733529600000,730.83,740.25,730.35,736.03,113915.93,2024-12-07 00:00:00+00:00
1733544000000,736.03,749.76,733.79,739.24,233398.88,2024-12-07 04:00:00+00:00
1733558400000,739.25,749.9,738.21,746.55,145891.34,2024-12-07 08:00:00+00:00
1733572800000,746.56,758.74,739.39,755.8,188258.33,2024-12-07 12:00:00+00:00
1733587200000,755.79,761.3,747.04,760.92,264746.28,2024-12-07 16:00:00+00:00
1733601600000,760.92,761.69,749.06,750.33,130651.47,2024-12-07 20:00:00+00:00
1733616000000,750.34,757.93,748.5,754.55,127796.96,2024-12-08 00:00:00+00:00
1733630400000,754.55,757.16,742.67,747.52,167036.22,2024-12-08 04:00:00+00:00
1733644800000,747.53,748.13,728.0,738.88,321712.05,2024-12-08 08:00:00+00:00
1733659200000,738.87,744.29,735.36,740.65,135581.72,2024-12-08 12:00:00+00:00
1733673600000,740.65,743.31,735.23,740.46,96684.26,2024-12-08 16:00:00+00:00
1733688000000,740.46,744.42,738.93,742.51,71075.61,2024-12-08 20:00:00+00:00
1733702400000,742.51,743.04,716.15,722.01,305145.2,2024-12-09 00:00:00+00:00
1733716800000,722.0,727.82,711.85,721.02,247782.72,2024-12-09 04:00:00+00:00
1733731200000,721.02,722.9,708.06,716.25,365862.09,2024-12-09 08:00:00+00:00
1733745600000,716.25,731.97,711.57,715.8,405262.83,2024-12-09 12:00:00+00:00
1733760000000,715.8,725.08,712.33,717.92,192239.18,2024-12-09 16:00:00+00:00
1733774400000,717.92,719.94,633.0,689.54,1315190.5,2024-12-09 20:00:00+00:00
1733788800000,689.54,702.5,670.01,685.89,519210.84,2024-12-10 00:00:00+00:00
1733803200000,685.89,698.83,678.72,693.32,275738.14,2024-12-10 04:00:00+00:00
1733817600000,693.32,705.0,689.0,698.3,214458.33,2024-12-10 08:00:00+00:00
1733832000000,698.3,699.49,656.8,657.73,571909.16,2024-12-10 12:00:00+00:00
1733846400000,657.77,673.98,649.47,673.08,611726.66,2024-12-10 16:00:00+00:00
1733860800000,673.07,680.68,671.11,677.22,164301.26,2024-12-10 20:00:00+00:00
1733875200000,677.22,680.0,659.1,679.56,278461.28,2024-12-11 00:00:00+00:00
1733889600000,679.56,683.25,676.26,677.86,130297.06,2024-12-11 04:00:00+00:00
1733904000000,677.87,691.74,677.6,689.42,172476.3,2024-12-11 08:00:00+00:00
1733918400000,689.42,699.39,686.32,695.48,290556.19,2024-12-11 12:00:00+00:00
1733932800000,695.49,708.3,694.42,707.7,262010.83,2024-12-11 16:00:00+00:00
1733947200000,707.7,713.45,705.08,711.69,130465.75,2024-12-11 20:00:00+00:00
1733961600000,711.7,724.47,709.06,718.88,286271.93,2024-12-12 00:00:00+00:00
1733976000000,718.87,722.24,713.36,715.38,144381.03,2024-12-12 04:00:00+00:00
1733990400000,715.38,726.15,710.92,714.24,228863.39,2024-12-12 08:00:00+00:00
1734004800000,714.21,720.96,710.36,714.87,256986.46,2024-12-12 12:00:00+00:00
1734019200000,714.86,724.3,704.57,704.92,274147.13,2024-12-12 16:00:00+00:00
1734033600000,704.92,711.93,699.68,706.18,153547.88,2024-12-12 20:00:00+00:00
1734048000000,706.19,711.9,697.0,709.86,176420.09,2024-12-13 00:00:00+00:00
1734062400000,709.87,711.63,697.68,702.12,131799.87,2024-12-13 04:00:00+00:00
1734076800000,702.12,721.55,700.58,716.09,296230.03,2024-12-13 08:00:00+00:00
1734091200000,716.09,721.85,708.0,708.73,249476.57,2024-12-13 12:00:00+00:00
1734105600000,708.73,728.33,708.52,727.86,188482.95,2024-12-13 16:00:00+00:00
1734120000000,727.86,730.24,723.29,725.73,126737.81,2024-12-13 20:00:00+00:00
1734134400000,725.73,731.33,724.5,730.6,166818.71,2024-12-14 00:00:00+00:00
1734148800000,730.6,731.92,725.97,728.26,82676.89,2024-12-14 04:00:00+00:00
1734163200000,728.26,729.23,718.95,719.66,122466.87,2024-12-14 08:00:00+00:00
1734177600000,719.66,719.99,707.0,715.01,174237.94,2024-12-14 12:00:00+00:00
1734192000000,715.0,715.65,704.65,710.52,144710.91,2024-12-14 16:00:00+00:00
1734206400000,710.52,716.72,704.91,715.57,98135.87,2024-12-14 20:00:00+00:00
1734220800000,715.58,718.23,710.39,713.34,92817.5,2024-12-15 00:00:00+00:00
1734235200000,713.35,718.66,702.52,706.53,114785.21,2024-12-15 04:00:00+00:00
1734249600000,706.52,714.24,705.59,714.17,76638.25,2024-12-15 08:00:00+00:00
1734264000000,714.18,719.78,712.71,716.83,107466.01,2024-12-15 12:00:00+00:00
1734278400000,716.82,720.74,716.16,719.56,61764.93,2024-12-15 16:00:00+00:00
1734292800000,719.55,724.65,706.15,719.53,198075.98,2024-12-15 20:00:00+00:00
1734307200000,719.53,725.67,708.12,711.68,213557.52,2024-12-16 00:00:00+00:00
1734321600000,711.69,717.4,710.6,715.99,84920.84,2024-12-16 04:00:00+00:00
1734336000000,715.98,716.2,704.51,705.53,156069.46,2024-12-16 08:00:00+00:00
1734350400000,705.53,719.22,704.79,718.96,182948.37,2024-12-16 12:00:00+00:00
1734364800000,718.96,731.0,717.5,727.11,214071.76,2024-12-16 16:00:00+00:00
1734379200000,727.13,728.54,718.74,721.09,102325.23,2024-12-16 20:00:00+00:00
1734393600000,721.1,725.24,712.61,722.59,143442.39,2024-12-17 00:00:00+00:00
1734408000000,722.59,723.8,714.71,716.62,94507.12,2024-12-17 04:00:00+00:00
1734422400000,716.63,725.25,714.64,720.75,117748.57,2024-12-17 08:00:00+00:00
1734436800000,720.75,737.99,718.08,730.69,383228.16,2024-12-17 12:00:00+00:00
1734451200000,730.69,734.11,720.75,724.36,178980.64,2024-12-17 16:00:00+00:00
1734465600000,724.37,737.22,714.0,717.85,252760.2,2024-12-17 20:00:00+00:00
1734480000000,717.85,722.68,710.0,712.4,222533.63,2024-12-18 00:00:00+00:00
1734494400000,712.39,714.34,703.79,713.52,245077.82,2024-12-18 04:00:00+00:00
1734508800000,713.55,719.77,712.74,719.66,162363.0,2024-12-18 08:00:00+00:00
1734523200000,719.66,720.53,708.27,713.26,197035.31,2024-12-18 12:00:00+00:00
1734537600000,713.25,721.1,705.14,705.16,256425.54,2024-12-18 16:00:00+00:00
1734552000000,705.15,706.55,680.0,686.45,564260.03,2024-12-18 20:00:00+00:00
1734566400000,686.51,700.78,668.06,700.53,462277.52,2024-12-19 00:00:00+00:00
1734580800000,700.54,704.33,697.01,701.79,120032.07,2024-12-19 04:00:00+00:00
1734595200000,701.79,704.86,696.3,704.17,125144.02,2024-12-19 08:00:00+00:00
1734609600000,704.17,705.17,681.2,689.71,247244.88,2024-12-19 12:00:00+00:00
1734624000000,689.68,693.23,651.08,658.38,564877.06,2024-12-19 16:00:00+00:00
1734638400000,658.38,676.0,647.59,665.48,431273.61,2024-12-19 20:00:00+00:00
1734652800000,665.49,679.16,662.15,674.39,227229.75,2024-12-20 00:00:00+00:00
1734667200000,674.38,679.65,662.54,672.59,184890.93,2024-12-20 04:00:00+00:00
1734681600000,672.58,672.74,618.62,619.41,706151.85,2024-12-20 08:00:00+00:00
1734696000000,619.48,669.77,617.54,665.95,531872.91,2024-12-20 12:00:00+00:00
1734710400000,665.96,675.0,662.44,672.05,196662.99,2024-12-20 16:00:00+00:00
1734724800000,672.05,679.69,664.48,678.32,135074.98,2024-12-20 20:00:00+00:00
1734739200000,678.32,686.68,676.46,681.27,160813.72,2024-12-21 00:00:00+00:00
1734753600000,681.27,693.5,681.15,689.19,135140.36,2024-12-21 04:00:00+00:00
1734768000000,689.18,689.92,674.82,677.23,173230.81,2024-12-21 08:00:00+00:00
1734782400000,677.23,677.3,653.11,667.69,290272.89,2024-12-21 12:00:00+00:00
1734796800000,667.68,668.44,649.64,659.72,226938.43,2024-12-21 16:00:00+00:00
1734811200000,659.71,670.45,655.22,663.73,145685.58,2024-12-21 20:00:00+00:00
1734825600000,663.74,668.68,656.27,664.38,97343.93,2024-12-22 00:00:00+00:00
1734840000000,664.38,664.93,650.01,658.99,128217.8,2024-12-22 04:00:00+00:00
1734854400000,659.0,669.89,658.7,666.99,114058.33,2024-12-22 08:00:00+00:00
1734868800000,666.98,669.37,652.0,657.05,180661.56,2024-12-22 12:00:00+00:00
1734883200000,657.04,660.84,641.88,644.92,202661.74,2024-12-22 16:00:00+00:00
1734897600000,644.92,653.23,639.2,649.77,154176.88,2024-12-22 20:00:00+00:00
1734912000000,649.78,665.1,638.03,664.13,311686.91,2024-12-23 00:00:00+00:00
1734926400000,664.13,670.06,655.35,662.06,153429.64,2024-12-23 04:00:00+00:00
1734940800000,662.06,677.0,661.6,673.65,261928.82,2024-12-23 08:00:00+00:00
1734955200000,673.66,682.6,670.0,671.15,322774.95,2024-12-23 12:00:00+00:00
1734969600000,671.15,685.88,670.7,684.38,226343.53,2024-12-23 16:00:00+00:00
1734984000000,684.37,698.38,683.3,693.9,193230.41,2024-12-23 20:00:00+00:00
1734998400000,693.89,695.31,684.01,692.18,160264.62,2024-12-24 00:00:00+00:00
1735012800000,692.17,694.08,685.5,692.62,110020.23,2024-12-24 04:00:00+00:00
1735027200000,692.62,693.66,685.27,686.44,100002.71,2024-12-24 08:00:00+00:00
1735041600000,686.44,698.51,682.56,694.86,187501.96,2024-12-24 12:00:00+00:00
1735056000000,694.86,698.35,692.12,692.18,113721.21,2024-12-24 16:00:00+00:00
1735070400000,692.18,699.27,686.09,696.63,117902.03,2024-12-24 20:00:00+00:00
1735084800000,696.63,706.0,695.71,703.4,117862.43,2024-12-25 00:00:00+00:00
1735099200000,703.41,705.84,700.54,702.05,89731.22,2024-12-25 04:00:00+00:00
1735113600000,702.06,713.21,701.57,703.96,150624.5,2024-12-25 08:00:00+00:00
1735128000000,703.96,711.56,703.2,703.35,137036.49,2024-12-25 12:00:00+00:00
1735142400000,703.36,704.77,698.78,704.47,104431.34,2024-12-25 16:00:00+00:00
1735156800000,704.47,704.85,695.51,702.13,76159.68,2024-12-25 20:00:00+00:00
1735171200000,702.13,713.04,700.0,705.92,143023.64,2024-12-26 00:00:00+00:00
1735185600000,705.91,720.24,701.92,706.32,260144.28,2024-12-26 04:00:00+00:00
1735200000000,706.33,709.79,689.37,696.09,252526.86,2024-12-26 08:00:00+00:00
1735214400000,696.08,696.13,681.65,691.08,274662.54,2024-12-26 12:00:00+00:00
1735228800000,691.08,694.8,684.61,691.57,126968.85,2024-12-26 16:00:00+00:00
1735243200000,691.57,694.45,685.04,688.75,103959.06,2024-12-26 20:00:00+00:00
1735257600000,688.76,694.0,685.18,688.86,126869.24,2024-12-27 00:00:00+00:00
1735272000000,688.86,700.47,685.88,692.12,223825.16,2024-12-27 04:00:00+00:00
1735286400000,692.11,710.93,692.11,705.84,219828.84,2024-12-27 08:00:00+00:00
1735300800000,705.84,707.32,685.8,688.55,212350.93,2024-12-27 12:00:00+00:00
1735315200000,688.56,696.57,685.56,694.83,135141.31,2024-12-27 16:00:00+00:00
1735329600000,694.82,695.39,686.93,691.49,66970.18,2024-12-27 20:00:00+00:00
1735344000000,691.49,698.54,690.94,696.94,67151.25,2024-12-28 00:00:00+00:00
1735358400000,696.94,698.68,693.88,695.81,59653.6,2024-12-28 04:00:00+00:00
1735372800000,695.8,704.71,695.76,703.3,96259.9,2024-12-28 08:00:00+00:00
1735387200000,703.31,727.78,703.31,721.03,334946.8,2024-12-28 12:00:00+00:00
1735401600000,721.02,731.25,719.07,730.05,201402.8,2024-12-28 16:00:00+00:00
1735416000000,730.05,730.42,721.11,722.14,86180.8,2024-12-28 20:00:00+00:00
1735430400000,722.14,724.58,713.66,715.62,106850.6,2024-12-29 00:00:00+00:00
1735444800000,715.62,716.3,711.68,715.87,76794.46,2024-12-29 04:00:00+00:00
1735459200000,715.87,717.09,709.3,710.53,97376.15,2024-12-29 08:00:00+00:00
1735473600000,710.52,713.5,706.7,710.29,112703.68,2024-12-29 12:00:00+00:00
1735488000000,710.29,711.42,698.14,700.69,151373.34,2024-12-29 16:00:00+00:00
1735502400000,700.7,700.7,689.67,694.48,149786.05,2024-12-29 20:00:00+00:00
1735516800000,694.48,703.07,691.71,695.92,110138.46,2024-12-30 00:00:00+00:00
1735531200000,695.92,701.76,694.12,697.19,81039.91,2024-12-30 04:00:00+00:00
1735545600000,697.2,700.41,693.23,700.16,93926.05,2024-12-30 08:00:00+00:00
1735560000000,700.16,702.19,687.0,694.37,218743.92,2024-12-30 12:00:00+00:00
1735574400000,694.36,709.9,692.65,709.79,158521.46,2024-12-30 16:00:00+00:00
1735588800000,709.8,712.16,695.04,704.76,174775.22,2024-12-30 20:00:00+00:00
1735603200000,704.75,707.51,700.56,706.55,85967.44,2024-12-31 00:00:00+00:00
1735617600000,706.55,709.76,698.0,700.97,99125.07,2024-12-31 04:00:00+00:00
1735632000000,700.97,708.47,700.05,704.06,105408.83,2024-12-31 08:00:00+00:00
1735646400000,704.06,714.59,704.06,710.33,173579.23,2024-12-31 12:00:00+00:00
1735660800000,710.34,712.67,699.66,703.31,121416.08,2024-12-31 16:00:00+00:00
1735675200000,703.31,704.71,699.11,702.12,58613.26,2024-12-31 20:00:00+00:00
1735689600000,702.13,710.93,701.44,705.54,80779.86,2025-01-01 00:00:00+00:00
1735704000000,705.53,706.57,703.3,703.63,33142.39,2025-01-01 04:00:00+00:00
1735718400000,703.64,709.0,700.02,707.32,81349.63,2025-01-01 08:00:00+00:00
1735732800000,707.31,710.0,705.5,707.81,87045.37,2025-01-01 12:00:00+00:00
1735747200000,707.8,708.08,702.83,707.2,61117.69,2025-01-01 16:00:00+00:00
1735761600000,707.18,708.63,706.12,707.43,42594.69,2025-01-01 20:00:00+00:00
1735776000000,707.42,707.45,698.04,702.03,169952.18,2025-01-02 00:00:00+00:00
1735790400000,702.03,709.61,701.52,706.68,111706.74,2025-01-02 04:00:00+00:00
1735804800000,706.68,715.99,706.44,713.0,135982.15,2025-01-02 08:00:00+00:00
1735819200000,713.0,714.41,703.25,704.58,155743.05,2025-01-02 12:00:00+00:00
1735833600000,704.58,708.88,701.53,704.63,119353.72,2025-01-02 16:00:00+00:00
1735848000000,704.64,706.83,703.14,706.11,40452.19,2025-01-02 20:00:00+00:00
1735862400000,706.11,706.75,701.01,705.08,83169.19,2025-01-03 00:00:00+00:00
1735876800000,705.08,707.0,700.13,700.6,79159.63,2025-01-03 04:00:00+00:00
1735891200000,700.61,705.4,696.46,705.21,119906.94,2025-01-03 08:00:00+00:00
1735905600000,705.21,710.94,703.14,710.07,136174.25,2025-01-03 12:00:00+00:00
1735920000000,710.08,716.32,708.61,713.55,166800.39,2025-01-03 16:00:00+00:00
1735934400000,713.55,715.9,710.09,715.22,85668.17,2025-01-03 20:00:00+00:00
1735948800000,715.23,721.97,714.21,719.66,133545.0,2025-01-04 00:00:00+00:00
1735963200000,719.67,720.71,716.68,718.11,60838.27,2025-01-04 04:00:00+00:00
1735977600000,718.12,718.42,713.04,714.35,67249.73,2025-01-04 08:00:00+00:00
1735992000000,714.34,717.7,707.61,709.35,132393.13,2025-01-04 12:00:00+00:00
1736006400000,709.35,713.2,709.23,711.85,56503.25,2025-01-04 16:00:00+00:00
1736020800000,711.86,714.76,711.8,713.38,53177.59,2025-01-04 20:00:00+00:00
1736035200000,713.38,713.56,709.24,712.42,48635.86,2025-01-05 00:00:00+00:00
1736049600000,712.43,714.0,710.5,712.54,32474.82,2025-01-05 04:00:00+00:00
1736064000000,712.54,712.54,704.61,708.13,104785.41,2025-01-05 08:00:00+00:00
1736078400000,708.13,709.37,702.48,708.21,83665.6,2025-01-05 12:00:00+00:00
1736092800000,708.21,708.9,703.14,705.97,47680.48,2025-01-05 16:00:00+00:00
1736107200000,705.97,710.14,705.53,709.28,42050.27,2025-01-05 20:00:00+00:00
1736121600000,709.28,716.53,706.06,712.61,104675.97,2025-01-06 00:00:00+00:00
1736136000000,712.61,716.41,711.22,714.54,74184.98,2025-01-06 04:00:00+00:00
1736150400000,714.54,719.92,710.83,718.74,127720.68,2025-01-06 08:00:00+00:00
1736164800000,718.74,725.93,713.48,725.93,192096.39,2025-01-06 12:00:00+00:00
1736179200000,725.92,736.21,722.0,732.68,231281.03,2025-01-06 16:00:00+00:00
1736193600000,732.68,746.0,728.73,729.81,312712.27,2025-01-06 20:00:00+00:00
1736208000000,729.82,732.0,725.59,728.96,123608.04,2025-01-07 00:00:00+00:00
1736222400000,728.95,732.98,726.68,729.97,90274.02,2025-01-07 04:00:00+00:00
1736236800000,729.97,731.2,721.6,726.11,117230.61,2025-01-07 08:00:00+00:00
1736251200000,726.12,726.24,698.76,707.76,424283.42,2025-01-07 12:00:00+00:00
1736265600000,707.75,711.11,693.2,695.67,247628.16,2025-01-07 16:00:00+00:00
1736280000000,695.67,697.59,689.5,697.16,150735.26,2025-01-07 20:00:00+00:00
1736294400000,697.16,706.82,694.11,696.79,171183.5,2025-01-08 00:00:00+00:00
1736308800000,696.79,698.41,681.07,693.54,230044.4,2025-01-08 04:00:00+00:00
1736323200000,693.54,702.98,692.8,695.59,167771.56,2025-01-08 08:00:00+00:00
1736337600000,695.6,700.14,690.03,693.16,140044.98,2025-01-08 12:00:00+00:00
1736352000000,693.16,695.35,673.76,689.0,281772.1,2025-01-08 16:00:00+00:00
1736366400000,689.01,696.83,686.01,695.49,76310.66,2025-01-08 20:00:00+00:00
1736380800000,695.49,700.79,693.3,695.81,103761.99,2025-01-09 00:00:00+00:00
1736395200000,695.8,700.55,689.07,690.29,94440.76,2025-01-09 04:00:00+00:00
1736409600000,690.28,701.32,688.2,699.52,137814.77,2025-01-09 08:00:00+00:00
1736424000000,699.52,701.24,680.52,696.58,285158.1,2025-01-09 12:00:00+00:00
1736438400000,696.58,696.69,679.01,679.3,170906.18,2025-01-09 16:00:00+00:00
1736452800000,679.3,688.0,673.7,684.89,143517.72,2025-01-09 20:00:00+00:00
1736467200000,684.89,689.11,682.6,687.28,74493.47,2025-01-10 00:00:00+00:00
1736481600000,687.27,696.5,686.84,695.17,72810.7,2025-01-10 04:00:00+00:00
1736496000000,695.17,698.31,694.28,696.63,80686.25,2025-01-10 08:00:00+00:00
1736510400000,696.63,696.82,685.2,692.88,236379.81,2025-01-10 12:00:00+00:00
1736524800000,692.88,700.84,689.0,694.32,147540.83,2025-01-10 16:00:00+00:00
1736539200000,694.31,694.52,690.19,693.04,54695.77,2025-01-10 20:00:00+00:00
1736553600000,693.03,693.61,690.2,691.51,36164.59,2025-01-11 00:00:00+00:00
1736568000000,691.52,695.04,690.5,695.0,38371.0,2025-01-11 04:00:00+00:00
1736582400000,695.01,697.99,693.11,697.23,57970.06,2025-01-11 08:00:00+00:00
1736596800000,697.22,697.72,694.36,695.15,38244.37,2025-01-11 12:00:00+00:00
1736611200000,695.16,696.89,693.33,696.83,37683.34,2025-01-11 16:00:00+00:00
1736625600000,696.82,701.28,696.3,696.42,59683.18,2025-01-11 20:00:00+00:00
1736640000000,696.42,698.56,694.74,695.75,36272.7,2025-01-12 00:00:00+00:00
1736654400000,695.75,696.85,692.26,693.9,31242.34,2025-01-12 04:00:00+00:00
1736668800000,693.89,694.41,689.46,690.74,54319.97,2025-01-12 08:00:00+00:00
1736683200000,690.74,695.0,689.64,694.75,56007.97,2025-01-12 12:00:00+00:00
1736697600000,694.75,696.6,693.06,695.85,40768.14,2025-01-12 16:00:00+00:00
1736712000000,695.85,697.45,689.71,692.96,50987.68,2025-01-12 20:00:00+00:00
1736726400000,692.96,700.0,683.44,685.28,131062.22,2025-01-13 00:00:00+00:00
1736740800000,685.29,689.42,676.79,682.07,131887.68,2025-01-13 04:00:00+00:00
1736755200000,682.06,682.06,659.94,660.22,244828.6,2025-01-13 08:00:00+00:00
1736769600000,660.21,678.67,656.84,676.68,326047.1,2025-01-13 12:00:00+00:00
1736784000000,676.67,678.68,665.68,672.34,143852.18,2025-01-13 16:00:00+00:00
1736798400000,672.32,688.58,670.71,688.41,142623.78,2025-01-13 20:00:00+00:00
1736812800000,688.4,692.35,686.0,691.82,80680.59,2025-01-14 00:00:00+00:00
1736827200000,691.82,692.85,687.16,688.96,58884.11,2025-01-14 04:00:00+00:00
1736841600000,688.96,697.56,688.95,694.4,105908.71,2025-01-14 08:00:00+00:00
1736856000000,694.4,698.8,691.2,694.91,115360.57,2025-01-14 12:00:00+00:00
1736870400000,694.91,700.0,693.03,698.21,79078.28,2025-01-14 16:00:00+00:00
1736884800000,698.2,700.19,696.0,698.84,45038.31,2025-01-14 20:00:00+00:00
1736899200000,698.88,703.2,696.36,701.2,105426.58,2025-01-15 00:00:00+00:00
1736913600000,701.21,702.71,698.46,699.75,49921.95,2025-01-15 04:00:00+00:00
1736928000000,699.75,701.08,689.55,692.38,111858.58,2025-01-15 08:00:00+00:00
1736942400000,692.38,706.74,688.43,703.95,252816.51,2025-01-15 12:00:00+00:00
1736956800000,703.95,708.71,699.13,708.16,113396.01,2025-01-15 16:00:00+00:00
1736971200000,708.16,714.73,707.33,714.38,132718.65,2025-01-15 20:00:00+00:00
1736985600000,714.37,715.26,706.42,709.0,110266.61,2025-01-16 00:00:00+00:00
1737000000000,709.01,714.33,708.43,711.63,55627.88,2025-01-16 04:00:00+00:00
1737014400000,711.63,713.63,703.24,713.56,120229.57,2025-01-16 08:00:00+00:00
1737028800000,713.55,717.75,700.62,709.71,226312.33,2025-01-16 12:00:00+00:00
1737043200000,709.7,716.1,709.03,714.89,89572.88,2025-01-16 16:00:00+00:00
1737057600000,714.88,716.2,706.92,708.05,74593.11,2025-01-16 20:00:00+00:00
1737072000000,708.06,718.12,708.05,714.82,107162.91,2025-01-17 00:00:00+00:00
1737086400000,714.82,719.0,713.72,714.87,65276.59,2025-01-17 04:00:00+00:00
1737100800000,714.87,726.01,714.8,725.36,116128.56,2025-01-17 08:00:00+00:00
1737115200000,725.36,729.36,719.6,720.59,154460.29,2025-01-17 12:00:00+00:00
1737129600000,720.59,726.63,718.8,722.93,87206.44,2025-01-17 16:00:00+00:00
1737144000000,722.92,730.61,720.27,722.09,119319.37,2025-01-17 20:00:00+00:00
1737158400000,722.09,723.63,706.06,708.0,141741.29,2025-01-18 00:00:00+00:00
1737172800000,708.0,709.42,696.67,700.17,196246.0,2025-01-18 04:00:00+00:00
1737187200000,700.17,703.0,694.88,701.93,126695.61,2025-01-18 08:00:00+00:00
1737201600000,701.93,707.19,699.86,703.83,106416.21,2025-01-18 12:00:00+00:00
1737216000000,703.82,706.17,695.79,705.93,117008.84,2025-01-18 16:00:00+00:00
1737230400000,705.94,711.68,702.28,709.91,72699.15,2025-01-18 20:00:00+00:00
1737244800000,709.91,715.26,709.25,710.67,91127.22,2025-01-19 00:00:00+00:00
1737259200000,710.67,710.96,704.47,705.65,103924.53,2025-01-19 04:00:00+00:00
1737273600000,705.65,705.65,681.66,683.51,341626.25,2025-01-19 08:00:00+00:00
1737288000000,683.52,701.31,682.5,698.21,232498.27,2025-01-19 12:00:00+00:00
1737302400000,698.22,707.98,696.19,707.89,119389.23,2025-01-19 16:00:00+00:00
1737316800000,707.89,708.51,676.01,683.39,449028.22,2025-01-19 20:00:00+00:00
1737331200000,683.39,690.0,674.33,687.28,316306.27,2025-01-20 00:00:00+00:00
1737345600000,687.28,709.99,685.14,699.13,305484.42,2025-01-20 04:00:00+00:00
1737360000000,699.15,702.18,694.23,698.54,123052.97,2025-01-20 08:00:00+00:00
1737374400000,698.55,698.75,686.24,688.75,231004.67,2025-01-20 12:00:00+00:00
1737388800000,688.76,692.51,670.0,686.24,332329.83,2025-01-20 16:00:00+00:00
1737403200000,686.25,686.34,676.65,682.84,101537.31,2025-01-20 20:00:00+00:00
1737417600000,682.83,685.41,675.31,682.95,139530.44,2025-01-21 00:00:00+00:00
1737432000000,682.95,684.18,677.81,682.73,78058.07,2025-01-21 04:00:00+00:00
1737446400000,682.73,691.93,680.92,689.79,91137.17,2025-01-21 08:00:00+00:00
1737460800000,689.8,692.54,683.5,687.69,145630.51,2025-01-21 12:00:00+00:00
1737475200000,687.68,697.66,687.0,695.33,142871.77,2025-01-21 16:00:00+00:00
1737489600000,695.33,696.22,689.95,692.54,68092.69,2025-01-21 20:00:00+00:00
1737504000000,692.55,696.32,690.15,695.98,54251.09,2025-01-22 00:00:00+00:00
1737518400000,695.98,704.23,695.1,697.61,124407.15,2025-01-22 04:00:00+00:00
1737532800000,697.62,701.25,694.73,700.21,69598.49,2025-01-22 08:00:00+00:00
1737547200000,700.21,701.15,692.47,693.38,93654.81,2025-01-22 12:00:00+00:00
1737561600000,693.37,697.36,690.81,696.37,73206.5,2025-01-22 16:00:00+00:00
1737576000000,696.37,699.78,693.19,695.95,56673.69,2025-01-22 20:00:00+00:00
1737590400000,695.96,698.11,687.95,688.97,91387.78,2025-01-23 00:00:00+00:00
1737604800000,688.98,689.37,683.37,687.83,84277.41,2025-01-23 04:00:00+00:00
1737619200000,687.83,688.29,683.09,685.92,63685.23,2025-01-23 08:00:00+00:00
1737633600000,685.92,692.4,681.15,688.7,188362.37,2025-01-23 12:00:00+00:00
1737648000000,688.69,693.23,681.75,682.77,106375.86,2025-01-23 16:00:00+00:00
1737662400000,682.76,691.99,680.2,690.12,157634.0,2025-01-23 20:00:00+00:00
1737676800000,690.13,691.18,679.08,682.78,82032.21,2025-01-24 00:00:00+00:00
1737691200000,682.79,691.74,681.09,687.05,120775.08,2025-01-24 04:00:00+00:00
1737705600000,687.04,690.92,686.17,689.44,62429.63,2025-01-24 08:00:00+00:00
1737720000000,689.44,690.28,683.07,685.65,91850.07,2025-01-24 12:00:00+00:00
1737734400000,685.65,687.86,683.44,684.18,57320.46,2025-01-24 16:00:00+00:00
1737748800000,684.18,684.6,678.66,680.46,84770.01,2025-01-24 20:00:00+00:00
1737763200000,680.46,684.54,677.61,684.32,67868.84,2025-01-25 00:00:00+00:00
1737777600000,684.33,685.1,682.0,682.22,46590.05,2025-01-25 04:00:00+00:00
1737792000000,682.23,685.83,681.33,685.5,40866.0,2025-01-25 08:00:00+00:00
1737806400000,685.51,688.75,684.33,687.77,46977.92,2025-01-25 12:00:00+00:00
1737820800000,687.78,689.1,686.32,688.96,37129.72,2025-01-25 16:00:00+00:00
1737835200000,688.96,690.08,686.24,686.74,43015.19,2025-01-25 20:00:00+00:00
1737849600000,686.74,690.98,686.7,690.14,42443.58,2025-01-26 00:00:00+00:00
1737864000000,690.14,691.36,688.77,689.91,31861.73,2025-01-26 04:00:00+00:00
1737878400000,689.91,690.39,684.75,685.63,64110.73,2025-01-26 08:00:00+00:00
1737892800000,685.64,686.52,683.7,685.15,35201.31,2025-01-26 12:00:00+00:00
1737907200000,685.14,685.75,683.23,684.18,40228.88,2025-01-26 16:00:00+00:00
1737921600000,684.19,684.69,664.14,666.64,208321.42,2025-01-26 20:00:00+00:00
1737936000000,666.64,669.7,654.0,661.49,239630.92,2025-01-27 00:00:00+00:00
1737950400000,661.5,661.5,635.98,646.84,289250.27,2025-01-27 04:00:00+00:00
1737964800000,646.84,654.36,640.6,651.07,162591.23,2025-01-27 08:00:00+00:00
1737979200000,651.07,667.82,651.06,664.54,186881.74,2025-01-27 12:00:00+00:00
1737993600000,664.55,667.8,657.14,665.18,132060.24,2025-01-27 16:00:00+00:00
1738008000000,665.18,680.96,665.15,680.16,174884.67,2025-01-27 20:00:00+00:00
1738022400000,680.17,682.16,676.15,679.63,75514.87,2025-01-28 00:00:00+00:00
1738036800000,679.64,683.25,677.69,677.83,79988.63,2025-01-28 04:00:00+00:00
1738051200000,677.82,678.17,673.44,675.31,61597.73,2025-01-28 08:00:00+00:00
1738065600000,675.32,676.88,669.13,673.1,161120.18,2025-01-28 12:00:00+00:00
1738080000000,673.09,674.55,666.71,670.04,80687.79,2025-01-28 16:00:00+00:00
1738094400000,670.06,670.39,659.13,661.08,113975.34,2025-01-28 20:00:00+00:00
1738108800000,661.07,675.43,661.0,674.54,75935.42,2025-01-29 00:00:00+00:00
1738123200000,674.54,679.35,673.89,674.63,142236.42,2025-01-29 04:00:00+00:00
1738137600000,674.61,675.92,668.91,670.43,74194.33,2025-01-29 08:00:00+00:00
1738152000000,670.43,671.07,663.15,664.53,72487.92,2025-01-29 12:00:00+00:00
1738166400000,664.54,671.5,659.22,668.38,133848.04,2025-01-29 16:00:00+00:00
1738180800000,668.38,674.58,664.4,667.94,94367.77,2025-01-29 20:00:00+00:00
1738195200000,667.93,676.28,665.8,675.73,66771.47,2025-01-30 00:00:00+00:00
1738209600000,675.71,679.93,674.29,677.13,97475.02,2025-01-30 04:00:00+00:00
1738224000000,677.14,679.45,676.2,678.75,47319.06,2025-01-30 08:00:00+00:00
1738238400000,678.75,683.21,677.09,680.69,107628.26,2025-01-30 12:00:00+00:00
1738252800000,680.69,682.28,678.81,680.59,41571.98,2025-01-30 16:00:00+00:00
1738267200000,680.59,681.2,677.5,677.87,37072.96,2025-01-30 20:00:00+00:00
1738281600000,677.88,679.24,673.71,676.03,49985.47,2025-01-31 00:00:00+00:00
1738296000000,676.03,681.1,674.19,677.78,49746.05,2025-01-31 04:00:00+00:00
1738310400000,677.79,683.64,676.89,683.57,58399.11,2025-01-31 08:00:00+00:00
1738324800000,683.58,689.1,682.09,688.97,94820.9,2025-01-31 12:00:00+00:00
1738339200000,688.98,689.53,677.39,679.39,101682.46,2025-01-31 16:00:00+00:00
1738353600000,679.38,679.55,674.0,677.79,76155.42,2025-01-31 20:00:00+00:00
1738368000000,677.79,681.86,676.83,677.64,41777.92,2025-02-01 00:00:00+00:00
1738382400000,677.65,679.26,674.17,674.53,37392.77,2025-02-01 04:00:00+00:00
1738396800000,674.52,675.25,668.73,671.79,67763.87,2025-02-01 08:00:00+00:00
1738411200000,671.8,673.33,666.12,668.46,55220.06,2025-02-01 12:00:00+00:00
1738425600000,668.46,669.75,659.97,661.23,78183.25,2025-02-01 16:00:00+00:00
1738440000000,661.23,662.33,650.43,652.83,119140.36,2025-02-01 20:00:00+00:00
1738454400000,652.83,663.05,648.83,649.69,139073.32,2025-02-02 00:00:00+00:00
1738468800000,649.69,659.33,649.13,653.55,123678.18,2025-02-02 04:00:00+00:00
1738483200000,653.55,658.3,645.95,646.9,93916.49,2025-02-02 08:00:00+00:00
1738497600000,646.9,651.73,640.0,645.72,117092.98,2025-02-02 12:00:00+00:00
1738512000000,645.71,645.83,609.19,624.2,502299.27,2025-02-02 16:00:00+00:00
1738526400000,624.21,629.76,598.71,617.69,289825.3,2025-02-02 20:00:00+00:00
1738540800000,617.69,618.74,499.04,552.83,1246667.14,2025-02-03 00:00:00+00:00
1738555200000,552.87,578.34,541.33,577.56,320823.58,2025-02-03 04:00:00+00:00
1738569600000,577.56,582.2,566.12,575.91,229254.6,2025-02-03 08:00:00+00:00
1738584000000,575.92,592.68,557.29,588.39,446184.37,2025-02-03 12:00:00+00:00
1738598400000,588.38,611.32,586.04,610.78,303381.98,2025-02-03 16:00:00+00:00
1738612800000,610.79,618.66,597.96,616.76,185693.36,2025-02-03 20:00:00+00:00
1738627200000,616.76,618.74,600.16,601.67,163811.68,2025-02-04 00:00:00+00:00
1738641600000,601.68,605.52,567.92,568.94,373658.53,2025-02-04 04:00:00+00:00
1738656000000,568.93,586.92,564.24,582.99,202897.24,2025-02-04 08:00:00+00:00
1738670400000,583.0,591.08,574.56,582.27,234716.97,2025-02-04 12:00:00+00:00
1738684800000,582.27,588.07,575.32,575.45,132256.51,2025-02-04 16:00:00+00:00
1738699200000,575.45,578.37,558.05,572.81,291325.25,2025-02-04 20:00:00+00:00
1738713600000,572.81,577.21,567.52,574.83,101866.69,2025-02-05 00:00:00+00:00
1738728000000,574.82,579.9,570.51,573.63,93370.67,2025-02-05 04:00:00+00:00
1738742400000,573.63,575.73,568.12,574.8,77138.53,2025-02-05 08:00:00+00:00
1738756800000,574.8,578.4,569.28,570.16,115415.68,2025-02-05 12:00:00+00:00
1738771200000,570.15,571.61,560.93,570.29,160069.24,2025-02-05 16:00:00+00:00
1738785600000,570.29,572.16,565.0,569.42,73755.8,2025-02-05 20:00:00+00:00
1738800000000,569.42,578.38,568.76,576.1,84489.19,2025-02-06 00:00:00+00:00
1738814400000,576.1,581.83,575.61,578.98,62847.91,2025-02-06 04:00:00+00:00
1738828800000,578.98,581.25,575.14,578.64,79733.32,2025-02-06 08:00:00+00:00
1738843200000,578.64,589.27,568.98,571.92,312919.28,2025-02-06 12:00:00+00:00
1738857600000,571.92,579.62,571.14,574.55,146643.9,2025-02-06 16:00:00+00:00
1738872000000,574.56,581.77,570.29,571.47,95321.61,2025-02-06 20:00:00+00:00
1738886400000,571.5,582.36,570.92,579.22,77739.03,2025-02-07 00:00:00+00:00
1738900800000,579.23,582.97,572.93,581.27,77875.2,2025-02-07 04:00:00+00:00
1738915200000,581.28,587.96,579.81,584.09,89431.11,2025-02-07 08:00:00+00:00
1738929600000,584.08,589.76,579.23,582.61,166615.31,2025-02-07 12:00:00+00:00
1738944000000,582.62,586.45,579.31,581.23,93771.51,2025-02-07 16:00:00+00:00
1738958400000,581.22,581.39,570.06,577.42,96682.1,2025-02-07 20:00:00+00:00
1738972800000,577.42,580.08,573.36,576.59,61395.88,2025-02-08 00:00:00+00:00
1738987200000,576.6,580.85,576.25,579.69,47578.52,2025-02-08 04:00:00+00:00
1739001600000,579.7,582.78,577.33,582.58,40863.16,2025-02-08 08:00:00+00:00
1739016000000,582.58,606.43,582.19,596.36,349968.92,2025-02-08 12:00:00+00:00
1739030400000,596.36,631.8,595.69,624.74,427973.81,2025-02-08 16:00:00+00:00
1739044800000,624.74,633.0,612.0,612.27,186043.88,2025-02-08 20:00:00+00:00
1739059200000,612.27,617.77,610.01,615.74,132480.44,2025-02-09 00:00:00+00:00
1739073600000,615.74,637.0,610.36,636.1,349300.3,2025-02-09 04:00:00+00:00
1739088000000,636.09,646.87,627.62,629.46,578497.47,2025-02-09 08:00:00+00:00
1739102400000,629.48,631.0,617.91,623.86,356621.54,2025-02-09 12:00:00+00:00
1739116800000,623.86,627.92,615.04,617.32,134632.2,2025-02-09 16:00:00+00:00
1739131200000,617.31,620.55,602.25,615.36,197990.2,2025-02-09 20:00:00+00:00
1739145600000,615.36,622.28,596.0,606.43,348399.65,2025-02-10 00:00:00+00:00
1739160000000,606.43,613.02,605.02,607.84,129911.43,2025-02-10 04:00:00+00:00
1739174400000,607.84,610.19,600.31,606.06,144803.5,2025-02-10 08:00:00+00:00
1739188800000,606.05,609.8,601.46,602.95,141856.57,2025-02-10 12:00:00+00:00
1739203200000,602.96,615.8,602.59,611.92,207430.11,2025-02-10 16:00:00+00:00
1739217600000,611.93,618.81,609.7,618.38,75716.35,2025-02-10 20:00:00+00:00
1739232000000,618.39,626.4,614.79,621.87,155302.77,2025-02-11 00:00:00+00:00
1739246400000,621.86,644.76,620.0,636.61,378531.61,2025-02-11 04:00:00+00:00
1739260800000,636.65,646.55,636.61,643.32,199208.23,2025-02-11 08:00:00+00:00
1739275200000,643.32,643.78,628.93,637.54,272791.19,2025-02-11 12:00:00+00:00
1739289600000,637.52,637.54,625.32,627.97,179862.27,2025-02-11 16:00:00+00:00
1739304000000,627.96,646.43,627.14,641.58,184844.94,2025-02-11 20:00:00+00:00
1739318400000,641.57,647.23,631.03,631.61,147990.01,2025-02-12 00:00:00+00:00
1739332800000,631.6,639.49,626.29,636.77,147821.03,2025-02-12 04:00:00+00:00
1739347200000,636.77,653.5,636.31,645.97,273131.84,2025-02-12 08:00:00+00:00
1739361600000,645.96,663.2,632.41,658.53,574520.98,2025-02-12 12:00:00+00:00
1739376000000,658.54,692.44,654.5,691.82,620891.18,2025-02-12 16:00:00+00:00
1739390400000,691.83,706.0,691.39,696.76,439119.84,2025-02-12 20:00:00+00:00
1739404800000,696.77,724.54,694.75,716.68,524538.2,2025-02-13 00:00:00+00:00
1739419200000,716.76,721.53,700.0,705.66,370500.02,2025-02-13 04:00:00+00:00
1739433600000,705.66,711.5,694.52,710.07,345490.02,2025-02-13 08:00:00+00:00
1739448000000,710.09,730.95,683.96,703.78,1678756.44,2025-02-13 12:00:00+00:00
1739462400000,703.77,707.19,659.3,667.23,1220069.04,2025-02-13 16:00:00+00:00
1739476800000,667.24,679.59,664.19,664.35,185804.94,2025-02-13 20:00:00+00:00
1739491200000,664.35,684.25,660.27,682.59,248338.98,2025-02-14 00:00:00+00:00
1739505600000,682.56,684.37,665.6,668.4,212052.96,2025-02-14 04:00:00+00:00
1739520000000,668.41,678.47,661.38,663.75,344443.4,2025-02-14 08:00:00+00:00
1739534400000,663.75,669.48,659.27,664.63,237213.63,2025-02-14 12:00:00+00:00
1739548800000,664.64,673.8,661.46,668.42,271649.91,2025-02-14 16:00:00+00:00
1739563200000,668.42,669.58,651.05,659.42,220740.67,2025-02-14 20:00:00+00:00
1739577600000,659.41,663.84,653.24,660.79,101652.61,2025-02-15 00:00:00+00:00
1739592000000,660.78,661.97,655.38,657.28,127264.4,2025-02-15 04:00:00+00:00
1739606400000,657.27,660.13,653.35,657.92,109547.41,2025-02-15 08:00:00+00:00
1739620800000,657.91,666.19,656.2,665.95,155672.91,2025-02-15 12:00:00+00:00
1739635200000,665.95,671.23,661.31,661.68,171317.67,2025-02-15 16:00:00+00:00
1739649600000,661.69,663.74,656.59,661.76,88576.73,2025-02-15 20:00:00+00:00
1739664000000,661.77,665.32,655.2,659.68,90940.88,2025-02-16 00:00:00+00:00
1739678400000,659.69,661.93,653.58,654.17,93669.73,2025-02-16 04:00:00+00:00
1739692800000,654.16,670.24,653.01,668.7,225209.65,2025-02-16 08:00:00+00:00
1739707200000,668.71,684.5,662.13,680.67,355966.92,2025-02-16 12:00:00+00:00
1739721600000,680.7,680.74,669.41,675.52,169384.07,2025-02-16 16:00:00+00:00
1739736000000,675.52,680.52,672.56,672.65,118459.62,2025-02-16 20:00:00+00:00
1739750400000,672.65,678.01,668.5,672.16,115141.69,2025-02-17 00:00:00+00:00
1739764800000,672.15,677.5,665.1,669.81,165877.25,2025-02-17 04:00:00+00:00
1739779200000,669.82,673.65,665.43,672.22,187980.77,2025-02-17 08:00:00+00:00
1739793600000,672.19,681.85,667.9,669.85,233429.6,2025-02-17 12:00:00+00:00
1739808000000,669.79,672.76,657.04,662.07,207119.33,2025-02-17 16:00:00+00:00
1739822400000,662.06,670.64,661.57,667.12,85330.13,2025-02-17 20:00:00+00:00
1739836800000,667.12,667.91,662.04,665.23,68967.52,2025-02-18 00:00:00+00:00
1739851200000,665.22,666.13,644.2,650.95,239521.57,2025-02-18 04:00:00+00:00
1739865600000,650.95,656.22,642.53,655.07,184588.42,2025-02-18 08:00:00+00:00
1739880000000,655.07,662.2,646.0,647.83,241048.43,2025-02-18 12:00:00+00:00
1739894400000,647.83,651.6,629.74,640.86,305818.89,2025-02-18 16:00:00+00:00
1739908800000,640.86,648.15,639.0,648.04,90305.63,2025-02-18 20:00:00+00:00
1739923200000,648.06,650.5,637.28,649.91,159666.75,2025-02-19 00:00:00+00:00
1739937600000,649.9,656.62,645.85,654.48,144329.43,2025-02-19 04:00:00+00:00
1739952000000,654.47,659.64,648.35,658.68,192790.84,2025-02-19 08:00:00+00:00
1739966400000,658.68,664.41,648.5,652.04,215745.38,2025-02-19 12:00:00+00:00
1739980800000,652.04,657.14,647.49,650.63,142878.76,2025-02-19 16:00:00+00:00
1739995200000,650.63,654.8,649.0,653.11,113081.03,2025-02-19 20:00:00+00:00
1740009600000,653.11,654.96,648.12,653.45,156108.17,2025-02-20 00:00:00+00:00
1740024000000,653.46,655.11,646.0,648.46,106549.14,2025-02-20 04:00:00+00:00
1740038400000,648.46,650.74,646.73,647.97,68521.2,2025-02-20 08:00:00+00:00
1740052800000,647.97,653.8,645.37,647.59,138882.09,2025-02-20 12:00:00+00:00
1740067200000,647.59,657.52,647.18,656.1,108063.23,2025-02-20 16:00:00+00:00
1740081600000,656.1,658.94,653.31,655.94,84895.48,2025-02-20 20:00:00+00:00
1740096000000,655.95,657.06,650.52,650.97,70739.87,2025-02-21 00:00:00+00:00
1740110400000,650.97,655.26,650.19,655.19,61914.63,2025-02-21 04:00:00+00:00
1740124800000,655.18,664.77,654.42,661.44,162914.88,2025-02-21 08:00:00+00:00
1740139200000,661.45,667.71,648.14,657.27,289660.96,2025-02-21 12:00:00+00:00
1740153600000,657.26,662.33,633.95,638.63,309266.92,2025-02-21 16:00:00+00:00
1740168000000,638.62,647.18,638.05,647.11,113836.61,2025-02-21 20:00:00+00:00
1740182400000,647.1,651.43,644.75,649.8,77621.27,2025-02-22 00:00:00+00:00
1740196800000,649.81,659.74,649.12,654.5,97989.86,2025-02-22 04:00:00+00:00
1740211200000,654.5,658.5,652.97,655.79,59579.57,2025-02-22 08:00:00+00:00
1740225600000,655.79,658.9,654.01,657.96,59957.03,2025-02-22 12:00:00+00:00
1740240000000,657.94,679.72,657.67,675.2,569633.27,2025-02-22 16:00:00+00:00
1740254400000,675.2,678.04,666.67,668.13,123039.11,2025-02-22 20:00:00+00:00
1740268800000,668.13,670.72,665.04,665.44,73582.01,2025-02-23 00:00:00+00:00
1740283200000,665.44,668.13,664.0,666.4,70289.16,2025-02-23 04:00:00+00:00
1740297600000,666.39,666.73,658.25,658.8,87596.93,2025-02-23 08:00:00+00:00
1740312000000,658.81,658.85,648.03,648.26,135595.28,2025-02-23 12:00:00+00:00
1740326400000,648.26,654.07,648.07,653.65,79859.29,2025-02-23 16:00:00+00:00
1740340800000,653.64,658.65,651.71,657.65,61985.15,2025-02-23 20:00:00+00:00
1740355200000,657.65,658.79,642.79,644.41,112920.67,2025-02-24 00:00:00+00:00
1740369600000,644.42,646.21,636.72,644.21,134418.4,2025-02-24 04:00:00+00:00
1740384000000,644.21,644.49,635.51,639.96,134094.73,2025-02-24 08:00:00+00:00
1740398400000,639.95,643.65,630.23,635.09,171423.7,2025-02-24 12:00:00+00:00
1740412800000,635.1,639.64,621.75,627.94,148520.72,2025-02-24 16:00:00+00:00
1740427200000,627.94,634.53,610.0,614.06,303477.47,2025-02-24 20:00:00+00:00
1740441600000,614.06,621.26,604.04,606.64,299024.6,2025-02-25 00:00:00+00:00
1740456000000,606.64,612.71,585.71,599.15,413028.35,2025-02-25 04:00:00+00:00
1740470400000,599.16,613.89,593.76,610.87,346865.74,2025-02-25 08:00:00+00:00
1740484800000,610.87,616.42,600.33,608.65,248091.1,2025-02-25 12:00:00+00:00
1740499200000,608.68,619.81,604.3,619.3,168482.04,2025-02-25 16:00:00+00:00
1740513600000,619.3,627.6,617.35,622.87,143447.6,2025-02-25 20:00:00+00:00
1740528000000,622.87,631.47,622.19,629.76,109379.91,2025-02-26 00:00:00+00:00
1740542400000,629.76,630.44,620.81,623.14,100539.51,2025-02-26 04:00:00+00:00
1740556800000,623.15,630.32,619.04,623.86,87373.13,2025-02-26 08:00:00+00:00
1740571200000,623.87,625.67,609.01,623.54,247823.86,2025-02-26 12:00:00+00:00
1740585600000,623.54,625.01,595.28,601.6,296246.69,2025-02-26 16:00:00+00:00
1740600000000,601.61,617.96,593.79,611.5,235044.29,2025-02-26 20:00:00+00:00
1740614400000,611.51,616.14,605.93,613.07,106100.23,2025-02-27 00:00:00+00:00
1740628800000,613.05,619.46,608.33,617.46,172213.9,2025-02-27 04:00:00+00:00
1740643200000,617.45,618.15,610.52,611.61,114241.03,2025-02-27 08:00:00+00:00
1740657600000,611.62,612.46,600.01,606.18,173591.38,2025-02-27 12:00:00+00:00
1740672000000,606.18,609.31,602.0,604.83,102269.88,2025-02-27 16:00:00+00:00
1740686400000,604.84,606.76,595.3,605.19,111166.34,2025-02-27 20:00:00+00:00
1740700800000,605.19,606.23,571.63,572.81,466016.55,2025-02-28 00:00:00+00:00
1740715200000,572.82,578.1,564.01,566.81,319029.72,2025-02-28 04:00:00+00:00
1740729600000,566.81,578.85,559.56,570.88,231967.95,2025-02-28 08:00:00+00:00
1740744000000,570.88,593.41,567.52,588.18,218629.11,2025-02-28 12:00:00+00:00
1740758400000,588.18,592.47,584.31,587.39,131722.69,2025-02-28 16:00:00+00:00
1740772800000,587.38,588.69,583.56,587.82,89722.75,2025-02-28 20:00:00+00:00
1740787200000,587.83,598.22,586.13,591.74,143538.12,2025-03-01 00:00:00+00:00
1740801600000,591.74,596.78,591.48,595.44,103458.23,2025-03-01 04:00:00+00:00
1740816000000,595.45,596.3,590.64,591.02,104832.25,2025-03-01 08:00:00+00:00
1740830400000,591.03,604.68,590.4,603.86,151326.94,2025-03-01 12:00:00+00:00
1740844800000,603.86,608.51,602.17,604.56,129173.19,2025-03-01 16:00:00+00:00
1740859200000,604.55,608.99,603.46,607.28,57103.04,2025-03-01 20:00:00+00:00
1740873600000,607.27,610.79,605.4,606.77,73207.78,2025-03-02 00:00:00+00:00
1740888000000,606.78,611.49,606.77,610.2,56061.6,2025-03-02 04:00:00+00:00
1740902400000,610.21,611.0,606.6,607.86,62707.42,2025-03-02 08:00:00+00:00
1740916800000,607.87,618.68,601.41,613.03,206947.22,2025-03-02 12:00:00+00:00
1740931200000,613.05,634.5,612.04,625.33,450497.08,2025-03-02 16:00:00+00:00
1740945600000,625.33,627.09,615.26,623.53,163499.82,2025-03-02 20:00:00+00:00
1740960000000,623.54,623.89,607.38,611.05,202565.34,2025-03-03 00:00:00+00:00
1740974400000,611.04,613.62,597.14,607.1,148202.93,2025-03-03 04:00:00+00:00
1740988800000,607.1,607.13,595.22,602.78,144090.3,2025-03-03 08:00:00+00:00
1741003200000,602.78,607.34,586.0,591.4,233675.87,2025-03-03 12:00:00+00:00
1741017600000,591.4,597.51,571.0,572.64,257584.93,2025-03-03 16:00:00+00:00
1741032000000,572.65,579.53,567.0,575.72,162405.82,2025-03-03 20:00:00+00:00
1741046400000,575.73,579.88,545.51,560.24,372105.96,2025-03-04 00:00:00+00:00
1741060800000,560.24,567.59,558.57,564.77,119781.15,2025-03-04 04:00:00+00:00
1741075200000,564.78,571.98,563.25,570.83,128424.89,2025-03-04 08:00:00+00:00
1741089600000,570.83,579.5,561.75,570.64,268075.37,2025-03-04 12:00:00+00:00
1741104000000,570.64,583.49,554.8,583.35,247620.23,2025-03-04 16:00:00+00:00
1741118400000,583.35,588.28,578.14,583.8,122449.78,2025-03-04 20:00:00+00:00
1741132800000,583.8,591.48,580.4,585.48,110309.56,2025-03-05 00:00:00+00:00
1741147200000,585.5,593.58,585.29,592.83,72676.71,2025-03-05 04:00:00+00:00
1741161600000,592.83,605.48,592.64,598.38,171325.31,2025-03-05 08:00:00+00:00
1741176000000,598.39,599.5,589.31,590.91,127578.15,2025-03-05 12:00:00+00:00
1741190400000,590.92,597.16,587.42,594.72,98265.7,2025-03-05 16:00:00+00:00
1741204800000,594.73,598.87,594.22,597.93,45915.86,2025-03-05 20:00:00+00:00
1741219200000,597.92,605.72,596.54,601.63,88156.67,2025-03-06 00:00:00+00:00
1741233600000,601.62,611.82,601.62,604.71,180754.51,2025-03-06 04:00:00+00:00
1741248000000,604.72,605.76,599.51,603.6,68946.57,2025-03-06 08:00:00+00:00
1741262400000,603.61,604.0,594.0,600.11,118416.06,2025-03-06 12:00:00+00:00
1741276800000,600.11,601.02,589.09,593.4,97690.08,2025-03-06 16:00:00+00:00
1741291200000,593.4,601.13,593.0,596.27,67349.5,2025-03-06 20:00:00+00:00
1741305600000,596.28,600.09,577.04,593.84,247456.87,2025-03-07 00:00:00+00:00
1741320000000,593.83,603.26,593.43,599.35,120206.94,2025-03-07 04:00:00+00:00
1741334400000,599.36,602.64,597.97,599.76,64835.59,2025-03-07 08:00:00+00:00
1741348800000,599.76,610.36,597.55,604.08,186000.44,2025-03-07 12:00:00+00:00
1741363200000,604.08,606.0,596.73,599.97,123212.91,2025-03-07 16:00:00+00:00
1741377600000,599.98,601.62,589.79,594.53,113723.78,2025-03-07 20:00:00+00:00
1741392000000,594.53,596.96,589.89,596.24,62265.22,2025-03-08 00:00:00+00:00
1741406400000,596.24,599.91,595.43,596.85,77844.79,2025-03-08 04:00:00+00:00
1741420800000,596.86,598.5,592.44,594.07,41591.51,2025-03-08 08:00:00+00:00
1741435200000,594.06,599.7,593.08,599.57,56823.22,2025-03-08 12:00:00+00:00
1741449600000,599.57,602.48,595.36,598.11,63116.77,2025-03-08 16:00:00+00:00
1741464000000,598.1,598.7,592.78,592.8,42283.91,2025-03-08 20:00:00+00:00
1741478400000,592.8,592.81,586.23,588.14,68653.92,2025-03-09 00:00:00+00:00
1741492800000,588.13,588.45,583.44,585.72,56165.23,2025-03-09 04:00:00+00:00
1741507200000,585.71,586.18,575.02,578.0,101631.25,2025-03-09 08:00:00+00:00
1741521600000,578.0,578.7,565.71,566.47,153674.32,2025-03-09 12:00:00+00:00
1741536000000,566.47,570.36,549.67,560.15,277827.96,2025-03-09 16:00:00+00:00
1741550400000,560.15,563.01,549.84,554.4,105912.6,2025-03-09 20:00:00+00:00
1741564800000,554.41,562.94,549.55,560.46,147799.37,2025-03-10 00:00:00+00:00
1741579200000,560.47,566.69,560.12,564.38,60948.57,2025-03-10 04:00:00+00:00
1741593600000,564.39,573.33,558.62,567.22,159257.12,2025-03-10 08:00:00+00:00
1741608000000,567.23,569.76,541.33,550.07,267321.1,2025-03-10 12:00:00+00:00
1741622400000,550.08,550.89,522.71,537.53,360657.37,2025-03-10 16:00:00+00:00
1741636800000,537.53,541.07,530.56,531.25,107599.82,2025-03-10 20:00:00+00:00
1741651200000,531.29,538.42,506.47,532.97,365055.75,2025-03-11 00:00:00+00:00
1741665600000,532.98,557.82,532.32,557.42,184314.98,2025-03-11 04:00:00+00:00
1741680000000,557.41,565.24,546.48,548.13,500034.31,2025-03-11 08:00:00+00:00
1741694400000,548.14,554.87,537.1,548.96,307487.94,2025-03-11 12:00:00+00:00
1741708800000,548.93,561.14,545.04,555.76,161031.11,2025-03-11 16:00:00+00:00
1741723200000,555.76,557.31,550.89,551.47,63484.23,2025-03-11 20:00:00+00:00
1741737600000,551.48,556.85,546.02,546.61,94490.29,2025-03-12 00:00:00+00:00
1741752000000,546.62,555.94,544.0,555.43,123770.93,2025-03-12 04:00:00+00:00
1741766400000,555.44,560.32,553.98,558.82,103344.19,2025-03-12 08:00:00+00:00
1741780800000,558.83,575.0,548.08,552.33,572005.56,2025-03-12 12:00:00+00:00
1741795200000,552.33,567.6,551.4,566.42,130659.28,2025-03-12 16:00:00+00:00
1741809600000,566.41,574.84,566.04,569.75,103701.96,2025-03-12 20:00:00+00:00
1741824000000,569.76,577.57,567.72,577.15,109496.1,2025-03-13 00:00:00+00:00
1741838400000,577.16,582.08,573.66,578.03,146318.39,2025-03-13 04:00:00+00:00
1741852800000,578.04,582.99,572.85,578.52,141929.13,2025-03-13 08:00:00+00:00
1741867200000,578.52,620.0,575.61,581.08,1372433.35,2025-03-13 12:00:00+00:00
1741881600000,581.08,583.29,571.46,577.02,159811.13,2025-03-13 16:00:00+00:00
1741896000000,577.05,579.5,571.04,579.45,85144.07,2025-03-13 20:00:00+00:00
1741910400000,579.45,584.42,577.33,582.47,107535.15,2025-03-14 00:00:00+00:00
1741924800000,582.48,586.78,576.32,576.41,87920.76,2025-03-14 04:00:00+00:00
1741939200000,576.4,580.74,576.4,578.25,80619.98,2025-03-14 08:00:00+00:00
1741953600000,578.25,588.65,577.29,584.31,170909.62,2025-03-14 12:00:00+00:00
1741968000000,584.31,589.16,581.5,587.84,83844.67,2025-03-14 16:00:00+00:00
1741982400000,587.83,589.44,584.65,587.56,51682.3,2025-03-14 20:00:00+00:00
1741996800000,587.55,594.24,587.41,592.81,89760.65,2025-03-15 00:00:00+00:00
1742011200000,592.82,595.0,589.24,590.56,63041.64,2025-03-15 04:00:00+00:00
1742025600000,590.56,597.87,590.56,595.66,66359.11,2025-03-15 08:00:00+00:00
1742040000000,595.67,603.48,595.1,603.11,102208.22,2025-03-15 12:00:00+00:00
1742054400000,603.12,616.46,602.06,611.38,225375.48,2025-03-15 16:00:00+00:00
1742068800000,611.39,619.65,611.37,619.62,99139.91,2025-03-15 20:00:00+00:00
1742083200000,619.61,622.93,606.9,609.56,170862.57,2025-03-16 00:00:00+00:00
1742097600000,609.57,609.78,604.32,604.78,82744.84,2025-03-16 04:00:00+00:00
1742112000000,604.78,608.11,592.9,595.03,184577.69,2025-03-16 08:00:00+00:00
1742126400000,595.03,603.26,594.19,600.47,181432.22,2025-03-16 12:00:00+00:00
1742140800000,600.47,607.08,595.21,598.6,141978.19,2025-03-16 16:00:00+00:00
1742155200000,598.6,603.39,597.06,602.14,64559.82,2025-03-16 20:00:00+00:00
1742169600000,602.14,629.58,602.01,625.68,306880.34,2025-03-17 00:00:00+00:00
1742184000000,625.67,633.99,621.43,629.57,337628.5,2025-03-17 04:00:00+00:00
1742198400000,629.57,643.59,628.42,630.94,407303.84,2025-03-17 08:00:00+00:00
1742212800000,630.93,635.49,624.53,630.0,334282.18,2025-03-17 12:00:00+00:00
1742227200000,629.99,631.57,624.64,627.81,156334.35,2025-03-17 16:00:00+00:00
1742241600000,627.81,632.62,621.69,631.39,148949.49,2025-03-17 20:00:00+00:00
1742256000000,631.38,636.8,619.94,628.13,247170.96,2025-03-18 00:00:00+00:00
1742270400000,628.12,637.38,627.91,633.16,214879.37,2025-03-18 04:00:00+00:00
1742284800000,633.16,643.37,629.0,630.93,324603.14,2025-03-18 08:00:00+00:00
1742299200000,630.93,634.01,621.74,627.08,267330.88,2025-03-18 12:00:00+00:00
1742313600000,627.08,635.39,626.62,631.84,144466.48,2025-03-18 16:00:00+00:00
1742328000000,631.82,632.84,626.28,627.42,97273.85,2025-03-18 20:00:00+00:00
1742342400000,627.41,627.8,612.38,618.26,223760.1,2025-03-19 00:00:00+00:00
1742356800000,618.26,619.58,615.0,615.24,97269.12,2025-03-19 04:00:00+00:00
1742371200000,615.24,621.7,612.31,616.88,224044.17,2025-03-19 08:00:00+00:00
1742385600000,616.87,617.44,604.28,609.5,333831.98,2025-03-19 12:00:00+00:00
1742400000000,609.51,622.22,606.96,615.05,349005.94,2025-03-19 16:00:00+00:00
1742414400000,615.05,620.64,612.0,618.02,115701.47,2025-03-19 20:00:00+00:00
1742428800000,618.02,628.0,616.7,624.42,237924.24,2025-03-20 00:00:00+00:00
1742443200000,624.42,629.4,623.12,623.82,128642.67,2025-03-20 04:00:00+00:00
1742457600000,623.82,637.3,620.1,625.07,672570.34,2025-03-20 08:00:00+00:00
1742472000000,625.08,629.63,621.06,624.04,276623.66,2025-03-20 12:00:00+00:00
1742486400000,624.03,627.98,616.02,626.67,165427.24,2025-03-20 16:00:00+00:00
1742500800000,626.67,632.18,624.61,629.92,106479.62,2025-03-20 20:00:00+00:00
1742515200000,629.91,631.28,626.0,629.14,109933.78,2025-03-21 00:00:00+00:00
1742529600000,629.14,633.83,628.11,628.95,120611.01,2025-03-21 04:00:00+00:00
1742544000000,628.95,635.55,624.09,634.7,172906.24,2025-03-21 08:00:00+00:00
1742558400000,634.7,637.01,629.91,633.77,157895.39,2025-03-21 12:00:00+00:00
1742572800000,633.78,636.86,630.95,634.66,102304.08,2025-03-21 16:00:00+00:00
1742587200000,634.66,635.72,631.06,634.64,62840.02,2025-03-21 20:00:00+00:00
1742601600000,634.63,635.5,628.28,629.88,88546.09,2025-03-22 00:00:00+00:00
1742616000000,629.87,632.96,627.21,630.59,89171.66,2025-03-22 04:00:00+00:00
1742630400000,630.58,632.45,624.97,627.06,95507.35,2025-03-22 08:00:00+00:00
1742644800000,627.06,628.46,623.22,625.22,86934.72,2025-03-22 12:00:00+00:00
1742659200000,625.21,626.5,623.35,625.54,44188.75,2025-03-22 16:00:00+00:00
1742673600000,625.55,628.59,624.03,626.5,62512.41,2025-03-22 20:00:00+00:00
1742688000000,626.5,628.7,622.25,623.39,86822.13,2025-03-23 00:00:00+00:00
1742702400000,623.38,623.87,621.5,622.51,52319.2,2025-03-23 04:00:00+00:00
1742716800000,622.51,623.67,618.31,620.99,89403.28,2025-03-23 08:00:00+00:00
1742731200000,620.99,623.96,620.01,620.99,76083.93,2025-03-23 12:00:00+00:00
1742745600000,620.99,623.5,618.79,622.65,69040.46,2025-03-23 16:00:00+00:00
1742760000000,622.65,623.94,620.0,623.25,42905.83,2025-03-23 20:00:00+00:00
1742774400000,623.25,627.04,617.0,622.74,175711.57,2025-03-24 00:00:00+00:00
1742788800000,622.74,625.5,620.19,622.41,104459.03,2025-03-24 04:00:00+00:00
1742803200000,622.41,631.73,621.64,630.32,160785.77,2025-03-24 08:00:00+00:00
1742817600000,630.33,632.17,624.08,630.61,198937.89,2025-03-24 12:00:00+00:00
1742832000000,630.61,639.23,629.26,635.8,248310.09,2025-03-24 16:00:00+00:00
1742846400000,635.8,638.22,631.68,636.58,87259.91,2025-03-24 20:00:00+00:00
1742860800000,636.58,642.0,632.34,639.74,157307.67,2025-03-25 00:00:00+00:00
1742875200000,639.73,644.67,638.0,640.68,169381.94,2025-03-25 04:00:00+00:00
1742889600000,640.67,642.45,633.38,634.87,454268.5,2025-03-25 08:00:00+00:00
1742904000000,634.87,635.72,631.0,633.66,224190.67,2025-03-25 12:00:00+00:00
1742918400000,633.66,633.72,629.56,630.97,78378.74,2025-03-25 16:00:00+00:00
1742932800000,630.98,632.32,626.75,629.53,72366.84,2025-03-25 20:00:00+00:00
1742947200000,629.53,631.87,627.42,627.92,76795.4,2025-03-26 00:00:00+00:00
1742961600000,627.91,633.86,627.79,633.19,69653.76,2025-03-26 04:00:00+00:00
1742976000000,633.2,633.6,629.67,631.08,79705.83,2025-03-26 08:00:00+00:00
1742990400000,631.07,631.11,622.6,624.36,175516.33,2025-03-26 12:00:00+00:00
1743004800000,624.35,624.79,615.0,618.12,121603.67,2025-03-26 16:00:00+00:00
1743019200000,618.12,620.59,615.47,617.72,95943.78,2025-03-26 20:00:00+00:00
1743033600000,617.73,626.41,616.73,626.26,95569.87,2025-03-27 00:00:00+00:00
1743048000000,626.26,637.0,624.6,635.11,192416.88,2025-03-27 04:00:00+00:00
1743062400000,635.11,642.0,631.38,631.77,517852.06,2025-03-27 08:00:00+00:00
1743076800000,631.77,639.85,626.33,636.91,515001.24,2025-03-27 12:00:00+00:00
1743091200000,636.91,641.0,634.98,639.39,176399.63,2025-03-27 16:00:00+00:00
1743105600000,639.39,640.25,635.8,636.66,93655.67,2025-03-27 20:00:00+00:00
1743120000000,636.66,636.81,631.84,633.06,113272.15,2025-03-28 00:00:00+00:00
1743134400000,633.05,634.7,627.3,628.01,199729.37,2025-03-28 04:00:00+00:00
1743148800000,628.0,634.03,626.22,633.58,135535.65,2025-03-28 08:00:00+00:00
1743163200000,633.58,633.9,623.37,625.09,156332.23,2025-03-28 12:00:00+00:00
1743177600000,625.08,626.5,618.46,618.62,114015.81,2025-03-28 16:00:00+00:00
1743192000000,618.62,620.21,615.31,619.24,86920.67,2025-03-28 20:00:00+00:00
1743206400000,619.23,623.21,608.34,612.51,171471.1,2025-03-29 00:00:00+00:00
1743220800000,612.51,613.73,602.47,607.46,159298.69,2025-03-29 04:00:00+00:00
1743235200000,607.45,610.29,598.7,600.65,158449.88,2025-03-29 08:00:00+00:00
1743249600000,600.65,608.0,599.29,604.24,140236.08,2025-03-29 12:00:00+00:00
1743264000000,604.24,606.78,596.39,605.23,145054.6,2025-03-29 16:00:00+00:00
1743278400000,605.24,605.47,600.27,602.59,52930.27,2025-03-29 20:00:00+00:00
1743292800000,602.6,612.8,599.8,608.46,113204.91,2025-03-30 00:00:00+00:00
1743307200000,608.47,611.84,605.84,606.15,76686.41,2025-03-30 04:00:00+00:00
1743321600000,606.14,609.88,603.26,604.5,77171.8,2025-03-30 08:00:00+00:00
1743336000000,604.5,606.54,600.6,601.8,96494.28,2025-03-30 12:00:00+00:00
1743350400000,601.8,605.54,597.43,603.45,97448.44,2025-03-30 16:00:00+00:00
1743364800000,603.44,603.66,593.01,601.95,102378.71,2025-03-30 20:00:00+00:00
1743379200000,601.96,606.57,595.0,598.77,137089.02,2025-03-31 00:00:00+00:00
1743393600000,598.78,604.37,593.82,595.5,114513.41,2025-03-31 04:00:00+00:00
1743408000000,595.49,597.57,586.48,595.36,194444.34,2025-03-31 08:00:00+00:00
1743422400000,595.35,606.54,593.44,604.01,223701.32,2025-03-31 12:00:00+00:00
1743436800000,604.01,609.0,602.61,605.06,132239.97,2025-03-31 16:00:00+00:00
1743451200000,605.08,607.23,602.94,604.63,52280.76,2025-03-31 20:00:00+00:00
1743465600000,604.62,609.88,604.23,608.87,78634.99,2025-04-01 00:00:00+00:00
1743480000000,608.88,611.22,606.5,610.1,72580.11,2025-04-01 04:00:00+00:00
1743494400000,610.11,618.05,605.87,607.12,304793.92,2025-04-01 08:00:00+00:00
1743508800000,607.12,616.0,607.08,614.05,488781.59,2025-04-01 12:00:00+00:00
1743523200000,614.04,614.88,606.66,608.56,359137.45,2025-04-01 16:00:00+00:00
1743537600000,608.56,615.36,607.57,610.93,104917.65,2025-04-01 20:00:00+00:00
1743552000000,610.94,611.54,600.5,601.26,136329.91,2025-04-02 00:00:00+00:00
1743566400000,601.26,602.2,596.36,600.84,133714.05,2025-04-02 04:00:00+00:00
1743580800000,600.85,606.49,599.17,599.57,155909.13,2025-04-02 08:00:00+00:00
1743595200000,599.57,610.0,597.6,604.15,337604.38,2025-04-02 12:00:00+00:00
1743609600000,604.14,607.73,601.2,605.28,175442.85,2025-04-02 16:00:00+00:00
1743624000000,605.29,612.04,583.98,590.08,322895.95,2025-04-02 20:00:00+00:00
1743638400000,590.09,609.72,587.52,601.29,231534.46,2025-04-03 00:00:00+00:00
1743652800000,601.3,608.83,597.82,599.02,368214.36,2025-04-03 04:00:00+00:00
1743667200000,599.02,601.31,592.43,593.07,337018.25,2025-04-03 08:00:00+00:00
1743681600000,593.06,594.36,578.24,586.15,316272.0,2025-04-03 12:00:00+00:00
1743696000000,586.16,589.94,585.62,588.38,123610.24,2025-04-03 16:00:00+00:00
1743710400000,588.39,593.0,587.54,592.43,82562.4,2025-04-03 20:00:00+00:00
1743724800000,592.42,594.18,588.5,593.1,86319.93,2025-04-04 00:00:00+00:00
1743739200000,593.1,598.91,591.02,598.12,104448.97,2025-04-04 04:00:00+00:00
1743753600000,598.12,599.72,584.8,588.63,183488.71,2025-04-04 08:00:00+00:00
1743768000000,588.63,597.59,585.37,593.69,223074.83,2025-04-04 12:00:00+00:00
1743782400000,593.7,599.66,592.02,597.31,99994.03,2025-04-04 16:00:00+00:00
1743796800000,597.3,600.45,596.26,597.84,48539.46,2025-04-04 20:00:00+00:00
1743811200000,597.85,599.25,595.08,596.0,45350.51,2025-04-05 00:00:00+00:00
1743825600000,595.99,597.2,593.32,595.85,38706.11,2025-04-05 04:00:00+00:00
1743840000000,595.85,598.75,595.5,597.13,49412.43,2025-04-05 08:00:00+00:00
1743854400000,597.13,597.54,590.89,592.0,73676.56,2025-04-05 12:00:00+00:00
1743868800000,592.0,593.96,590.81,591.09,36683.57,2025-04-05 16:00:00+00:00
1743883200000,591.09,594.24,588.88,593.11,42004.16,2025-04-05 20:00:00+00:00
1743897600000,593.11,593.93,590.12,591.81,42165.54,2025-04-06 00:00:00+00:00
1743912000000,591.8,593.47,590.15,590.25,46913.68,2025-04-06 04:00:00+00:00
1743926400000,590.25,590.7,587.1,588.93,62949.0,2025-04-06 08:00:00+00:00
1743940800000,588.93,588.98,579.02,581.01,155116.68,2025-04-06 12:00:00+00:00
1743955200000,581.0,581.0,551.83,558.56,432369.52,2025-04-06 16:00:00+00:00
1743969600000,558.56,560.16,544.0,555.35,277780.46,2025-04-06 20:00:00+00:00
1743984000000,555.35,565.53,546.02,550.08,261843.19,2025-04-07 00:00:00+00:00
1743998400000,550.09,553.75,509.59,529.87,560716.73,2025-04-07 04:00:00+00:00
1744012800000,529.86,548.61,528.86,539.98,274117.91,2025-04-07 08:00:00+00:00
1744027200000,539.98,567.97,539.65,552.03,648074.73,2025-04-07 12:00:00+00:00
1744041600000,552.02,557.21,546.46,553.73,143920.73,2025-04-07 16:00:00+00:00
1744056000000,553.75,559.88,553.68,554.63,65776.17,2025-04-07 20:00:00+00:00
1744070400000,554.63,565.31,552.97,561.6,111193.7,2025-04-08 00:00:00+00:00
1744084800000,561.61,565.4,556.18,559.9,99356.67,2025-04-08 04:00:00+00:00
1744099200000,559.89,563.84,555.14,563.59,96389.36,2025-04-08 08:00:00+00:00
1744113600000,563.58,565.68,556.15,559.55,164448.9,2025-04-08 12:00:00+00:00
1744128000000,559.55,561.45,547.43,552.98,252645.99,2025-04-08 16:00:00+00:00
1744142400000,552.98,558.5,551.63,553.72,96227.46,2025-04-08 20:00:00+00:00
1744156800000,553.73,554.75,534.4,542.76,254781.08,2025-04-09 00:00:00+00:00
1744171200000,542.75,557.73,541.71,556.58,155538.47,2025-04-09 04:00:00+00:00
1744185600000,556.58,559.52,548.87,550.4,169142.7,2025-04-09 08:00:00+00:00
1744200000000,550.4,563.6,548.73,561.16,196946.88,2025-04-09 12:00:00+00:00
1744214400000,561.15,585.86,560.76,579.72,423639.21,2025-04-09 16:00:00+00:00
1744228800000,579.74,584.6,579.1,582.12,95551.75,2025-04-09 20:00:00+00:00
1744243200000,582.13,582.26,571.69,575.05,129805.18,2025-04-10 00:00:00+00:00
1744257600000,575.05,580.0,574.21,579.25,97862.62,2025-04-10 04:00:00+00:00
1744272000000,579.26,583.44,573.51,574.96,318509.07,2025-04-10 08:00:00+00:00
1744286400000,574.96,581.0,566.5,567.87,340861.36,2025-04-10 12:00:00+00:00
1744300800000,567.86,576.61,565.98,574.69,132768.1,2025-04-10 16:00:00+00:00
1744315200000,574.65,578.37,573.9,577.79,60109.0,2025-04-10 20:00:00+00:00
1744329600000,577.8,580.5,575.53,580.14,102043.45,2025-04-11 00:00:00+00:00
1744344000000,580.15,582.2,578.18,581.33,59450.31,2025-04-11 04:00:00+00:00
1744358400000,581.33,584.82,579.12,582.99,97583.21,2025-04-11 08:00:00+00:00
1744372800000,582.99,585.99,580.29,584.91,131780.42,2025-04-11 12:00:00+00:00
1744387200000,584.92,589.9,583.36,587.9,80282.92,2025-04-11 16:00:00+00:00
1744401600000,587.88,589.45,585.54,585.84,45811.26,2025-04-11 20:00:00+00:00
1744416000000,585.84,590.0,584.02,584.65,96285.33,2025-04-12 00:00:00+00:00
1744430400000,584.65,588.76,583.56,588.42,48913.82,2025-04-12 04:00:00+00:00
1744444800000,588.42,591.39,588.13,590.01,69060.61,2025-04-12 08:00:00+00:00
1744459200000,590.0,599.99,589.22,598.85,146474.37,2025-04-12 12:00:00+00:00
1744473600000,598.84,599.77,594.5,596.08,63320.1,2025-04-12 16:00:00+00:00
1744488000000,596.08,599.55,595.98,597.11,40629.92,2025-04-12 20:00:00+00:00
1744502400000,597.11,598.46,592.79,595.51,59509.0,2025-04-13 00:00:00+00:00
1744516800000,595.5,595.6,590.55,593.03,48819.3,2025-04-13 04:00:00+00:00
1744531200000,593.03,594.39,587.11,588.25,65150.05,2025-04-13 08:00:00+00:00
1744545600000,588.25,588.94,582.97,583.82,104601.4,2025-04-13 12:00:00+00:00
1744560000000,583.82,589.2,579.17,582.33,99005.46,2025-04-13 16:00:00+00:00
1744574400000,582.34,585.05,580.26,584.06,65443.92,2025-04-13 20:00:00+00:00
1744588800000,584.06,591.0,583.5,588.05,95305.27,2025-04-14 00:00:00+00:00
1744603200000,588.05,590.57,586.61,590.5,49499.5,2025-04-14 04:00:00+00:00
1744617600000,590.51,592.59,588.19,592.25,64004.11,2025-04-14 08:00:00+00:00
1744632000000,592.25,592.8,585.0,585.36,88898.24,2025-04-14 12:00:00+00:00
1744646400000,585.36,587.8,582.83,587.13,93717.22,2025-04-14 16:00:00+00:00
1744660800000,587.14,587.28,583.76,584.09,63306.78,2025-04-14 20:00:00+00:00
1744675200000,584.09,587.42,582.2,587.32,64632.07,2025-04-15 00:00:00+00:00
1744689600000,587.31,590.13,585.81,589.45,47944.73,2025-04-15 04:00:00+00:00
1744704000000,589.46,591.11,587.3,588.51,65691.56,2025-04-15 08:00:00+00:00
1744718400000,588.51,590.26,583.54,584.3,119448.91,2025-04-15 12:00:00+00:00
1744732800000,584.29,585.21,581.5,583.24,56527.31,2025-04-15 16:00:00+00:00
1744747200000,583.24,583.33,578.95,579.11,59883.31,2025-04-15 20:00:00+00:00
1744761600000,579.11,583.65,575.62,582.98,86313.79,2025-04-16 00:00:00+00:00
1744776000000,582.99,584.08,577.4,577.96,60424.17,2025-04-16 04:00:00+00:00
1744790400000,577.96,582.22,576.69,581.83,76194.62,2025-04-16 08:00:00+00:00
1744804800000,581.84,585.5,578.74,583.33,86194.74,2025-04-16 12:00:00+00:00
1744819200000,583.33,586.53,576.15,584.79,105792.55,2025-04-16 16:00:00+00:00
1744833600000,584.79,585.7,582.46,582.68,46485.45,2025-04-16 20:00:00+00:00
1744848000000,582.68,584.64,580.62,581.67,39177.87,2025-04-17 00:00:00+00:00
1744862400000,581.67,584.74,581.28,583.25,48210.95,2025-04-17 04:00:00+00:00
1744876800000,583.26,586.77,582.05,586.02,83121.64,2025-04-17 08:00:00+00:00
1744891200000,586.01,590.39,583.6,589.79,102123.02,2025-04-17 12:00:00+00:00
1744905600000,589.79,593.0,588.42,590.56,84958.49,2025-04-17 16:00:00+00:00
1744920000000,590.57,592.67,588.87,590.36,48403.04,2025-04-17 20:00:00+00:00
1744934400000,590.36,590.58,587.57,590.19,54977.01,2025-04-18 00:00:00+00:00
1744948800000,590.19,590.25,586.63,588.15,67739.78,2025-04-18 04:00:00+00:00
1744963200000,588.14,591.6,586.14,591.51,125208.67,2025-04-18 08:00:00+00:00
1744977600000,591.5,593.98,590.55,593.52,73871.18,2025-04-18 12:00:00+00:00
1744992000000,593.52,595.5,591.6,592.19,95777.31,2025-04-18 16:00:00+00:00
1745006400000,592.18,594.5,591.42,591.53,36004.81,2025-04-18 20:00:00+00:00
1745020800000,591.52,592.99,590.85,592.98,42680.99,2025-04-19 00:00:00+00:00
1745035200000,592.98,593.97,591.25,592.57,50656.5,2025-04-19 04:00:00+00:00
1745049600000,592.57,592.9,589.26,590.38,51632.83,2025-04-19 08:00:00+00:00
1745064000000,590.39,590.68,587.45,588.87,76387.92,2025-04-19 12:00:00+00:00
1745078400000,588.87,591.16,587.15,590.73,59580.27,2025-04-19 16:00:00+00:00
1745092800000,590.74,593.53,590.38,591.56,34326.83,2025-04-19 20:00:00+00:00
1745107200000,591.57,593.56,591.55,592.34,37769.93,2025-04-20 00:00:00+00:00
1745121600000,592.33,594.85,591.51,593.72,56709.96,2025-04-20 04:00:00+00:00
1745136000000,593.72,595.0,589.12,589.87,83068.65,2025-04-20 08:00:00+00:00
1745150400000,589.87,592.13,587.31,587.79,78406.42,2025-04-20 12:00:00+00:00
1745164800000,587.78,589.5,587.0,589.42,43536.14,2025-04-20 16:00:00+00:00
1745179200000,589.41,592.98,589.08,592.42,44384.39,2025-04-20 20:00:00+00:00
1745193600000,592.43,603.0,592.28,601.94,171398.67,2025-04-21 00:00:00+00:00
1745208000000,601.93,608.49,601.93,604.31,90422.1,2025-04-21 04:00:00+00:00
1745222400000,604.31,606.37,600.03,600.76,48819.26,2025-04-21 08:00:00+00:00
1745236800000,600.76,605.62,600.3,603.94,95123.9,2025-04-21 12:00:00+00:00
1745251200000,603.94,604.46,594.06,597.45,124628.28,2025-04-21 16:00:00+00:00
1745265600000,597.44,597.45,594.62,596.88,48720.97,2025-04-21 20:00:00+00:00
1745280000000,596.88,602.45,594.34,599.41,86072.73,2025-04-22 00:00:00+00:00
1745294400000,599.4,605.04,598.58,603.97,86486.54,2025-04-22 04:00:00+00:00
1745308800000,603.97,606.81,603.9,605.79,130402.57,2025-04-22 08:00:00+00:00
1745323200000,605.8,611.98,605.06,609.65,162712.34,2025-04-22 12:00:00+00:00
1745337600000,609.65,611.1,606.16,607.83,57543.03,2025-04-22 16:00:00+00:00
1745352000000,607.82,620.26,606.59,618.27,128054.0,2025-04-22 20:00:00+00:00
1745366400000,618.27,619.77,612.24,615.15,115716.58,2025-04-23 00:00:00+00:00
1745380800000,615.16,619.94,612.94,617.54,113046.32,2025-04-23 04:00:00+00:00
1745395200000,617.54,617.55,609.12,611.06,148892.91,2025-04-23 08:00:00+00:00
1745409600000,611.06,613.96,602.68,606.68,242994.42,2025-04-23 12:00:00+00:00
1745424000000,606.66,608.68,602.05,602.24,130359.38,2025-04-23 16:00:00+00:00
1745438400000,602.24,607.0,601.12,605.45,72587.17,2025-04-23 20:00:00+00:00
1745452800000,605.45,606.74,601.42,603.9,80864.58,2025-04-24 00:00:00+00:00
1745467200000,603.91,606.79,601.68,602.95,83275.86,2025-04-24 04:00:00+00:00
1745481600000,602.95,604.88,592.52,597.7,156201.89,2025-04-24 08:00:00+00:00
1745496000000,597.69,600.76,595.86,598.26,103311.56,2025-04-24 12:00:00+00:00
1745510400000,598.27,600.6,595.14,598.69,83390.71,2025-04-24 16:00:00+00:00
1745524800000,598.7,602.49,597.51,601.26,49474.67,2025-04-24 20:00:00+00:00
1745539200000,601.26,604.0,596.67,600.5,72881.35,2025-04-25 00:00:00+00:00
1745553600000,600.5,609.61,600.49,605.96,119172.87,2025-04-25 04:00:00+00:00
1745568000000,605.97,609.91,603.72,605.73,139905.28,2025-04-25 08:00:00+00:00
1745582400000,605.74,608.66,601.46,605.53,126477.76,2025-04-25 12:00:00+00:00
1745596800000,605.53,606.74,602.04,604.54,61826.53,2025-04-25 16:00:00+00:00
1745611200000,604.53,604.56,598.23,599.57,62513.86,2025-04-25 20:00:00+00:00
1745625600000,599.56,606.0,598.93,601.86,74469.34,2025-04-26 00:00:00+00:00
1745640000000,601.87,604.9,599.6,602.1,42594.59,2025-04-26 04:00:00+00:00
1745654400000,602.11,606.14,600.59,602.25,88176.56,2025-04-26 08:00:00+00:00
1745668800000,602.26,609.33,601.71,608.22,84136.19,2025-04-26 12:00:00+00:00
1745683200000,608.22,609.56,606.81,608.21,38550.8,2025-04-26 16:00:00+00:00
1745697600000,608.21,609.17,606.39,607.18,32472.41,2025-04-26 20:00:00+00:00
1745712000000,607.17,608.68,599.62,602.45,99778.1,2025-04-27 00:00:00+00:00
1745726400000,602.45,602.45,595.86,599.56,72808.94,2025-04-27 04:00:00+00:00
1745740800000,599.57,600.83,598.35,600.09,43285.77,2025-04-27 08:00:00+00:00
1745755200000,600.09,601.12,596.88,599.15,62523.97,2025-04-27 12:00:00+00:00
1745769600000,599.16,606.28,597.09,605.53,74232.14,2025-04-27 16:00:00+00:00
1745784000000,605.53,607.26,602.81,603.63,60090.96,2025-04-27 20:00:00+00:00
1745798400000,603.62,605.96,598.01,603.87,87977.93,2025-04-28 00:00:00+00:00
1745812800000,603.87,607.03,603.28,605.31,58504.18,2025-04-28 04:00:00+00:00
1745827200000,605.3,608.16,602.8,607.29,94103.41,2025-04-28 08:00:00+00:00
1745841600000,607.29,607.76,598.4,600.58,114074.83,2025-04-28 12:00:00+00:00
1745856000000,600.58,605.32,598.09,604.64,72625.34,2025-04-28 16:00:00+00:00
1745870400000,604.64,606.35,603.08,605.99,45989.69,2025-04-28 20:00:00+00:00
1745884800000,605.98,607.08,603.01,606.27,57963.55,2025-04-29 00:00:00+00:00
1745899200000,606.27,610.8,605.18,609.6,94763.59,2025-04-29 04:00:00+00:00
1745913600000,609.6,610.24,602.34,603.52,145984.23,2025-04-29 08:00:00+00:00
1745928000000,603.52,604.11,600.6,601.18,92187.95,2025-04-29 12:00:00+00:00
1745942400000,601.17,603.84,600.12,602.31,77213.09,2025-04-29 16:00:00+00:00
1745956800000,602.31,602.36,597.53,600.67,74113.71,2025-04-29 20:00:00+00:00
1745971200000,600.67,603.73,599.71,603.69,59909.63,2025-04-30 00:00:00+00:00
1745985600000,603.69,604.42,601.73,602.73,53260.59,2025-04-30 04:00:00+00:00
1746000000000,602.74,602.9,599.72,602.41,90952.33,2025-04-30 08:00:00+00:00
1746014400000,602.42,602.59,591.0,596.5,177500.96,2025-04-30 12:00:00+00:00
1746028800000,596.5,598.73,593.89,597.79,70463.96,2025-04-30 16:00:00+00:00
1746043200000,597.8,599.7,597.6,599.21,48367.14,2025-04-30 20:00:00+00:00
1746057600000,599.21,602.25,598.88,599.06,70946.13,2025-05-01 00:00:00+00:00
1746072000000,599.07,601.33,598.53,599.64,51395.3,2025-05-01 04:00:00+00:00
1746086400000,599.64,605.5,599.63,603.81,105649.11,2025-05-01 08:00:00+00:00
1746100800000,603.81,605.18,601.0,602.55,94260.67,2025-05-01 12:00:00+00:00
1746115200000,602.54,603.81,599.62,600.05,62827.77,2025-05-01 16:00:00+00:00
1746129600000,600.05,600.37,597.64,599.14,58099.25,2025-05-01 20:00:00+00:00
1746144000000,599.14,603.5,598.33,601.2,73044.19,2025-05-02 00:00:00+00:00
1746158400000,601.21,601.99,595.03,595.22,79139.14,2025-05-02 04:00:00+00:00
1746172800000,595.21,600.37,595.0,597.7,77928.86,2025-05-02 08:00:00+00:00
1746187200000,597.7,600.59,596.29,599.41,79356.82,2025-05-02 12:00:00+00:00
1746201600000,599.4,601.55,597.88,598.58,54591.14,2025-05-02 16:00:00+00:00
1746216000000,598.58,601.48,597.86,600.6,44436.49,2025-05-02 20:00:00+00:00
1746230400000,600.61,601.11,598.02,599.29,43637.4,2025-05-03 00:00:00+00:00
1746244800000,599.28,600.19,597.25,597.26,42044.23,2025-05-03 04:00:00+00:00
1746259200000,597.25,597.37,595.0,596.05,73148.32,2025-05-03 08:00:00+00:00
1746273600000,596.04,598.85,596.04,598.35,47903.23,2025-05-03 12:00:00+00:00
1746288000000,598.36,599.67,595.83,599.65,63326.18,2025-05-03 16:00:00+00:00
1746302400000,599.65,599.73,598.06,599.07,31025.69,2025-05-03 20:00:00+00:00
1746316800000,599.07,600.25,597.86,599.35,54184.58,2025-05-04 00:00:00+00:00
1746331200000,599.35,599.91,596.0,596.66,56687.4,2025-05-04 04:00:00+00:00
1746345600000,596.66,596.67,592.2,593.56,89057.76,2025-05-04 08:00:00+00:00
1746360000000,593.57,593.68,587.44,588.8,132735.98,2025-05-04 12:00:00+00:00
1746374400000,588.8,589.27,585.13,587.98,74624.92,2025-05-04 16:00:00+00:00
1746388800000,587.98,589.6,584.16,585.65,66586.36,2025-05-04 20:00:00+00:00
1746403200000,585.65,588.62,583.02,588.11,86253.85,2025-05-05 00:00:00+00:00
1746417600000,588.12,592.16,588.0,591.83,80117.91,2025-05-05 04:00:00+00:00
1746432000000,591.84,597.25,590.25,593.52,166124.49,2025-05-05 08:00:00+00:00
1746446400000,593.52,597.12,592.68,597.07,115635.26,2025-05-05 12:00:00+00:00
1746460800000,597.07,599.63,596.65,598.96,74408.03,2025-05-05 16:00:00+00:00
1746475200000,598.96,599.78,596.25,597.19,59925.14,2025-05-05 20:00:00+00:00
1746489600000,597.18,599.88,595.75,598.67,77298.86,2025-05-06 00:00:00+00:00
1746504000000,598.67,599.2,597.32,598.36,57523.13,2025-05-06 04:00:00+00:00
1746518400000,598.36,598.36,592.95,594.24,121758.33,2025-05-06 08:00:00+00:00
1746532800000,594.25,598.89,593.45,598.36,92748.16,2025-05-06 12:00:00+00:00
1746547200000,598.35,602.61,596.47,599.43,92913.94,2025-05-06 16:00:00+00:00
1746561600000,599.43,603.27,596.65,602.56,81699.1,2025-05-06 20:00:00+00:00
1746576000000,602.56,607.22,601.5,602.0,111950.56,2025-05-07 00:00:00+00:00
1746590400000,601.99,606.62,601.87,606.61,96712.05,2025-05-07 04:00:00+00:00
1746604800000,606.61,607.18,603.98,606.38,64232.61,2025-05-07 08:00:00+00:00
1746619200000,606.39,609.29,600.76,600.92,135162.66,2025-05-07 12:00:00+00:00
1746633600000,600.92,601.95,597.0,598.71,113392.48,2025-05-07 16:00:00+00:00
1746648000000,598.7,603.9,597.5,602.51,58207.9,2025-05-07 20:00:00+00:00
1746662400000,602.51,611.47,600.66,611.27,141693.83,2025-05-08 00:00:00+00:00
1746676800000,611.28,614.99,608.62,613.08,135762.93,2025-05-08 04:00:00+00:00
1746691200000,613.07,618.48,612.9,614.07,162939.04,2025-05-08 08:00:00+00:00
1746705600000,614.06,623.75,613.6,621.27,190716.4,2025-05-08 12:00:00+00:00
1746720000000,621.27,623.35,615.0,619.52,173588.85,2025-05-08 16:00:00+00:00
1746734400000,619.52,629.55,619.21,629.29,177443.73,2025-05-08 20:00:00+00:00
1746748800000,629.29,629.55,622.78,624.52,150881.8,2025-05-09 00:00:00+00:00
1746763200000,624.51,636.21,624.23,631.78,145134.41,2025-05-09 04:00:00+00:00
1746777600000,631.78,641.58,628.87,636.76,293020.74,2025-05-09 08:00:00+00:00
1746792000000,636.76,644.26,631.66,636.07,222119.88,2025-05-09 12:00:00+00:00
1746806400000,636.08,637.0,631.28,635.47,76362.5,2025-05-09 16:00:00+00:00
1746820800000,635.48,671.3,635.19,666.72,252266.5,2025-05-09 20:00:00+00:00
1746835200000,666.72,679.29,659.62,662.18,360717.68,2025-05-10 00:00:00+00:00
1746849600000,662.17,664.3,655.38,661.91,159866.94,2025-05-10 04:00:00+00:00
1746864000000,661.91,663.78,648.67,649.31,209511.95,2025-05-10 08:00:00+00:00
1746878400000,649.31,655.59,648.76,651.96,110755.18,2025-05-10 12:00:00+00:00
1746892800000,651.96,658.77,651.0,652.41,119595.33,2025-05-10 16:00:00+00:00
1746907200000,652.41,664.28,649.29,664.1,136559.72,2025-05-10 20:00:00+00:00
1746921600000,664.1,668.7,656.05,662.77,218054.61,2025-05-11 00:00:00+00:00
1746936000000,662.75,667.99,655.0,656.0,141489.07,2025-05-11 04:00:00+00:00
1746950400000,655.99,660.1,655.02,659.41,86959.15,2025-05-11 08:00:00+00:00
1746964800000,659.41,660.1,650.1,651.93,137676.35,2025-05-11 12:00:00+00:00
1746979200000,651.92,655.62,648.22,653.78,72837.66,2025-05-11 16:00:00+00:00
1746993600000,653.78,653.98,648.97,651.36,65025.95,2025-05-11 20:00:00+00:00
1747008000000,651.37,657.67,647.13,655.94,122775.35,2025-05-12 00:00:00+00:00
1747022400000,655.95,668.5,652.52,661.34,191492.8,2025-05-12 04:00:00+00:00
1747036800000,661.33,693.55,657.72,678.71,467702.18,2025-05-12 08:00:00+00:00
1747051200000,678.72,692.42,660.67,664.15,400780.64,2025-05-12 12:00:00+00:00
1747065600000,664.15,671.16,650.0,660.27,209445.17,2025-05-12 16:00:00+00:00
1747080000000,660.26,664.2,658.35,660.5,80885.1,2025-05-12 20:00:00+00:00
1747094400000,660.5,660.61,640.88,642.11,211001.97,2025-05-13 00:00:00+00:00
1747108800000,642.1,653.14,640.88,649.83,113051.57,2025-05-13 04:00:00+00:00
1747123200000,649.83,654.65,648.18,653.24,102448.19,2025-05-13 08:00:00+00:00
1747137600000,653.25,658.74,650.25,656.03,192066.23,2025-05-13 12:00:00+00:00
1747152000000,656.04,671.84,655.81,667.02,194274.9,2025-05-13 16:00:00+00:00
1747166400000,667.0,667.5,662.72,664.62,89712.52,2025-05-13 20:00:00+00:00
1747180800000,664.62,666.87,658.03,662.08,121780.4,2025-05-14 00:00:00+00:00
1747195200000,662.07,664.72,656.74,658.57,84460.37,2025-05-14 04:00:00+00:00
1747209600000,658.57,661.08,650.8,659.74,151352.93,2025-05-14 08:00:00+00:00
1747224000000,659.73,659.92,650.1,652.41,154917.4,2025-05-14 12:00:00+00:00
1747238400000,652.42,655.16,647.2,653.17,82619.71,2025-05-14 16:00:00+00:00
1747252800000,653.18,653.82,649.8,652.8,37577.94,2025-05-14 20:00:00+00:00
1747267200000,652.79,655.22,645.01,648.05,77074.14,2025-05-15 00:00:00+00:00
1747281600000,648.04,652.75,642.39,644.68,107058.2,2025-05-15 04:00:00+00:00
1747296000000,644.67,654.93,644.59,653.81,131919.07,2025-05-15 08:00:00+00:00
1747310400000,653.82,656.69,643.5,655.86,187819.18,2025-05-15 12:00:00+00:00
1747324800000,655.86,661.57,648.8,652.38,166376.67,2025-05-15 16:00:00+00:00
1747339200000,652.38,655.3,645.71,652.17,81282.79,2025-05-15 20:00:00+00:00
1747353600000,652.17,660.19,646.62,658.18,138529.1,2025-05-16 00:00:00+00:00
1747368000000,658.19,659.68,655.2,655.45,79662.8,2025-05-16 04:00:00+00:00
1747382400000,655.46,657.59,651.49,654.6,95948.77,2025-05-16 08:00:00+00:00
1747396800000,654.61,655.35,650.08,652.1,74391.69,2025-05-16 12:00:00+00:00
1747411200000,652.09,654.5,648.0,649.77,73984.42,2025-05-16 16:00:00+00:00
1747425600000,649.76,650.42,643.57,646.39,71318.72,2025-05-16 20:00:00+00:00
1747440000000,646.39,646.61,634.32,643.1,139318.35,2025-05-17 00:00:00+00:00
1747454400000,643.1,645.56,642.11,643.02,56578.07,2025-05-17 04:00:00+00:00
1747468800000,643.02,644.34,639.52,641.4,67786.46,2025-05-17 08:00:00+00:00
1747483200000,641.41,642.87,636.28,640.44,68795.89,2025-05-17 12:00:00+00:00
1747497600000,640.45,642.68,635.86,640.32,58024.61,2025-05-17 16:00:00+00:00
1747512000000,640.32,642.73,637.71,639.42,54841.55,2025-05-17 20:00:00+00:00
1747526400000,639.42,643.2,638.92,642.25,44261.17,2025-05-18 00:00:00+00:00
1747540800000,642.26,646.15,642.22,645.46,50698.31,2025-05-18 04:00:00+00:00
1747555200000,645.46,648.26,644.7,644.98,57595.79,2025-05-18 08:00:00+00:00
1747569600000,644.98,654.85,643.6,653.97,90812.11,2025-05-18 12:00:00+00:00
1747584000000,653.98,654.97,637.88,637.89,150130.36,2025-05-18 16:00:00+00:00
1747598400000,637.89,652.34,633.82,651.32,126032.25,2025-05-18 20:00:00+00:00
1747612800000,651.32,653.47,637.86,638.42,110174.32,2025-05-19 00:00:00+00:00
1747627200000,638.43,640.6,633.16,638.35,106745.93,2025-05-19 04:00:00+00:00
1747641600000,638.35,640.98,636.68,639.87,57941.34,2025-05-19 08:00:00+00:00
1747656000000,639.87,647.49,635.66,645.28,99711.01,2025-05-19 12:00:00+00:00
1747670400000,645.28,649.7,644.48,648.5,89905.5,2025-05-19 16:00:00+00:00
1747684800000,648.48,652.18,647.45,649.96,57846.3,2025-05-19 20:00:00+00:00
1747699200000,649.96,654.14,648.29,650.67,74512.17,2025-05-20 00:00:00+00:00
1747713600000,650.67,652.61,646.49,647.61,74103.55,2025-05-20 04:00:00+00:00
1747728000000,647.61,648.5,641.65,643.83,68706.17,2025-05-20 08:00:00+00:00
1747742400000,643.83,645.67,640.22,644.66,81883.3,2025-05-20 12:00:00+00:00
1747756800000,644.66,649.17,642.78,648.1,64063.69,2025-05-20 16:00:00+00:00
1747771200000,648.1,652.97,647.19,650.37,57784.16,2025-05-20 20:00:00+00:00
1747785600000,650.37,658.57,648.85,657.0,104752.57,2025-05-21 00:00:00+00:00
1747800000000,657.01,669.71,652.69,653.19,226573.09,2025-05-21 04:00:00+00:00
1747814400000,653.2,655.41,650.25,654.94,118412.5,2025-05-21 08:00:00+00:00
1747828800000,654.94,664.95,652.16,663.57,167562.87,2025-05-21 12:00:00+00:00
1747843200000,663.57,672.8,660.24,671.08,295652.97,2025-05-21 16:00:00+00:00
1747857600000,671.09,678.38,668.48,673.58,118809.44,2025-05-21 20:00:00+00:00
1747872000000,673.59,689.99,673.35,685.43,197216.79,2025-05-22 00:00:00+00:00
1747886400000,685.45,687.74,678.99,683.0,127376.76,2025-05-22 04:00:00+00:00
1747900800000,683.0,688.07,681.59,687.21,129802.91,2025-05-22 08:00:00+00:00
1747915200000,687.22,688.12,681.44,682.2,143226.95,2025-05-22 12:00:00+00:00
1747929600000,682.21,685.49,679.24,681.06,88000.59,2025-05-22 16:00:00+00:00
1747944000000,681.08,686.69,679.02,686.49,70061.58,2025-05-22 20:00:00+00:00
1747958400000,686.49,691.66,683.77,688.11,104265.39,2025-05-23 00:00:00+00:00
1747972800000,688.1,690.15,682.34,682.67,116023.83,2025-05-23 04:00:00+00:00
1747987200000,682.67,687.37,670.31,672.37,154950.09,2025-05-23 08:00:00+00:00
1748001600000,672.37,675.26,660.59,670.78,308279.94,2025-05-23 12:00:00+00:00
1748016000000,670.78,671.29,665.16,665.63,85275.21,2025-05-23 16:00:00+00:00
1748030400000,665.63,665.66,653.6,656.85,104844.12,2025-05-23 20:00:00+00:00
1748044800000,656.85,666.5,655.31,664.63,78293.26,2025-05-24 00:00:00+00:00
1748059200000,664.62,671.72,664.4,668.34,95531.88,2025-05-24 04:00:00+00:00
1748073600000,668.35,677.27,668.34,674.66,106068.69,2025-05-24 08:00:00+00:00
1748088000000,674.67,676.13,671.5,674.16,54902.83,2025-05-24 12:00:00+00:00
1748102400000,674.15,676.85,672.79,676.74,36456.42,2025-05-24 16:00:00+00:00
1748116800000,676.73,676.94,666.0,667.89,80572.75,2025-05-24 20:00:00+00:00
1748131200000,667.89,668.33,659.78,665.61,101196.49,2025-05-25 00:00:00+00:00
1748145600000,665.62,666.2,659.79,661.65,55840.12,2025-05-25 04:00:00+00:00
1748160000000,661.66,662.5,656.49,661.52,96726.49,2025-05-25 08:00:00+00:00
1748174400000,661.52,667.95,660.7,663.03,91585.06,2025-05-25 12:00:00+00:00
1748188800000,663.03,668.28,661.62,667.2,42998.41,2025-05-25 16:00:00+00:00
1748203200000,667.21,671.54,665.5,669.13,56377.27,2025-05-25 20:00:00+00:00
1748217600000,669.12,675.48,667.98,674.05,77837.16,2025-05-26 00:00:00+00:00
1748232000000,674.05,675.42,671.52,674.43,52359.1,2025-05-26 04:00:00+00:00
1748246400000,674.43,675.26,671.94,673.88,52791.36,2025-05-26 08:00:00+00:00
1748260800000,673.88,676.1,670.82,675.09,64597.56,2025-05-26 12:00:00+00:00
1748275200000,675.1,677.5,670.31,672.03,68749.85,2025-05-26 16:00:00+00:00
1748289600000,672.04,674.89,671.06,673.91,26813.71,2025-05-26 20:00:00+00:00
1748304000000,673.92,674.63,666.12,673.91,81964.38,2025-05-27 00:00:00+00:00
1748318400000,673.92,681.8,672.65,680.67,112039.26,2025-05-27 04:00:00+00:00
1748332800000,680.69,684.28,679.56,681.91,127210.58,2025-05-27 08:00:00+00:00
1748347200000,681.92,698.0,681.85,690.76,277183.21,2025-05-27 12:00:00+00:00
1748361600000,690.77,694.35,688.0,689.57,86409.61,2025-05-27 16:00:00+00:00
1748376000000,689.56,689.88,686.0,687.14,51829.14,2025-05-27 20:00:00+00:00
1748390400000,687.14,687.36,681.17,684.15,94229.85,2025-05-28 00:00:00+00:00
1748404800000,684.15,684.64,679.71,681.71,85711.13,2025-05-28 04:00:00+00:00
1748419200000,681.72,686.96,680.73,686.94,68695.17,2025-05-28 08:00:00+00:00
1748433600000,686.95,688.88,680.87,681.69,136040.09,2025-05-28 12:00:00+00:00
1748448000000,681.7,689.05,681.68,683.32,114586.19,2025-05-28 16:00:00+00:00
1748462400000,683.32,688.75,683.24,686.8,56499.69,2025-05-28 20:00:00+00:00
1748476800000,686.79,691.21,685.51,685.98,85685.43,2025-05-29 00:00:00+00:00
1748491200000,685.99,687.3,680.0,684.94,93462.3,2025-05-29 04:00:00+00:00
1748505600000,684.94,689.58,683.91,685.63,106435.08,2025-05-29 08:00:00+00:00
1748520000000,685.63,685.9,678.64,680.89,101247.11,2025-05-29 12:00:00+00:00
1748534400000,680.89,681.07,673.1,674.69,85499.98,2025-05-29 16:00:00+00:00
1748548800000,674.69,685.6,673.23,674.7,211337.65,2025-05-29 20:00:00+00:00
1748563200000,674.7,678.28,665.0,673.02,126657.61,2025-05-30 00:00:00+00:00
1748577600000,673.02,674.62,667.07,667.11,84393.38,2025-05-30 04:00:00+00:00
1748592000000,667.11,671.69,666.0,671.14,68264.84,2025-05-30 08:00:00+00:00
1748606400000,671.15,672.35,666.52,668.55,78908.35,2025-05-30 12:00:00+00:00
1748620800000,668.55,669.62,660.01,666.08,128791.18,2025-05-30 16:00:00+00:00
1748635200000,666.08,666.64,652.74,655.0,110281.27,2025-05-30 20:00:00+00:00
1748649600000,655.0,655.61,645.11,650.29,137565.63,2025-05-31 00:00:00+00:00
1748664000000,650.3,655.07,647.14,653.5,65120.57,2025-05-31 04:00:00+00:00
1748678400000,653.5,656.3,651.67,653.8,44040.16,2025-05-31 08:00:00+00:00
1748692800000,653.81,659.46,653.65,656.28,78687.77,2025-05-31 12:00:00+00:00
1748707200000,656.28,660.41,655.49,658.54,43297.78,2025-05-31 16:00:00+00:00
1748721600000,658.54,661.46,657.66,657.92,40324.76,2025-05-31 20:00:00+00:00
1748736000000,657.92,657.93,652.31,655.31,66584.44,2025-06-01 00:00:00+00:00
1748750400000,655.3,656.79,651.77,653.14,53748.2,2025-06-01 04:00:00+00:00
1748764800000,653.14,653.15,647.79,650.11,68058.57,2025-06-01 08:00:00+00:00
1748779200000,650.1,654.22,647.12,654.19,51300.43,2025-06-01 12:00:00+00:00
1748793600000,654.19,657.49,650.4,654.7,54816.07,2025-06-01 16:00:00+00:00
1748808000000,654.7,662.44,654.63,660.66,66904.4,2025-06-01 20:00:00+00:00
1748822400000,660.65,664.3,656.36,656.72,70491.8,2025-06-02 00:00:00+00:00
1748836800000,656.72,659.25,654.78,657.99,56751.57,2025-06-02 04:00:00+00:00
1748851200000,657.99,658.46,650.1,651.03,85168.43,2025-06-02 08:00:00+00:00
1748865600000,651.03,657.93,649.61,656.93,93508.26,2025-06-02 12:00:00+00:00
1748880000000,656.93,661.92,655.41,661.01,56994.1,2025-06-02 16:00:00+00:00
1748894400000,661.01,667.24,660.24,665.93,71712.64,2025-06-02 20:00:00+00:00
1748908800000,665.93,673.76,665.79,667.82,123868.6,2025-06-03 00:00:00+00:00
1748923200000,667.82,668.66,665.1,665.28,38577.78,2025-06-03 04:00:00+00:00
1748937600000,665.28,667.9,663.8,664.92,68209.94,2025-06-03 08:00:00+00:00
1748952000000,664.93,668.31,661.63,666.85,107904.06,2025-06-03 12:00:00+00:00
1748966400000,666.85,667.64,662.79,664.91,44294.79,2025-06-03 16:00:00+00:00
1748980800000,664.92,665.0,656.66,661.33,66631.0,2025-06-03 20:00:00+00:00
1748995200000,661.33,669.99,660.64,668.41,77528.54,2025-06-04 00:00:00+00:00
1749009600000,668.4,670.99,668.1,670.8,62039.9,2025-06-04 04:00:00+00:00
1749024000000,670.81,671.83,667.5,667.86,52870.8,2025-06-04 08:00:00+00:00
1749038400000,667.86,670.5,665.13,669.42,79334.38,2025-06-04 12:00:00+00:00
1749052800000,669.43,670.0,666.13,667.36,50955.78,2025-06-04 16:00:00+00:00
1749067200000,667.35,667.47,661.52,662.93,73279.08,2025-06-04 20:00:00+00:00
1749081600000,662.93,666.43,662.64,665.59,40195.09,2025-06-05 00:00:00+00:00
1749096000000,665.59,668.5,664.96,668.37,57022.43,2025-06-05 04:00:00+00:00
1749110400000,668.37,670.74,661.94,662.1,118753.15,2025-06-05 08:00:00+00:00
1749124800000,662.11,665.5,656.42,659.04,163991.28,2025-06-05 12:00:00+00:00
1749139200000,659.04,659.04,640.5,644.04,194452.87,2025-06-05 16:00:00+00:00
1749153600000,644.04,644.04,622.05,632.9,305869.54,2025-06-05 20:00:00+00:00
1749168000000,632.9,641.27,628.56,640.88,101666.38,2025-06-06 00:00:00+00:00
1749182400000,640.87,642.0,634.6,640.97,84374.92,2025-06-06 04:00:00+00:00
1749196800000,640.97,646.66,640.36,646.09,88551.38,2025-06-06 08:00:00+00:00
1749211200000,646.09,651.12,645.51,647.49,123186.2,2025-06-06 12:00:00+00:00
1749225600000,647.46,648.49,643.76,644.95,52588.06,2025-06-06 16:00:00+00:00
1749240000000,644.96,646.56,640.79,642.25,68270.71,2025-06-06 20:00:00+00:00
1749254400000,642.26,646.98,639.13,646.78,69971.24,2025-06-07 00:00:00+00:00
1749268800000,646.78,649.58,645.15,648.34,38566.05,2025-06-07 04:00:00+00:00
1749283200000,648.34,648.87,646.01,648.05,34131.51,2025-06-07 08:00:00+00:00
1749297600000,648.04,650.97,647.87,650.4,49596.46,2025-06-07 12:00:00+00:00
1749312000000,650.39,652.53,649.12,651.73,57972.39,2025-06-07 16:00:00+00:00
1749326400000,651.73,653.54,650.08,650.41,37948.88,2025-06-07 20:00:00+00:00
1749340800000,650.41,650.48,648.19,648.98,36823.35,2025-06-08 00:00:00+00:00
1749355200000,648.98,650.34,648.5,648.99,28765.61,2025-06-08 04:00:00+00:00
1749369600000,649.0,650.13,646.21,650.11,40908.72,2025-06-08 08:00:00+00:00
1749384000000,650.11,651.87,649.15,651.58,41896.46,2025-06-08 12:00:00+00:00
1749398400000,651.59,654.74,651.58,654.33,46576.32,2025-06-08 16:00:00+00:00
1749412800000,654.34,656.19,651.21,651.64,47078.59,2025-06-08 20:00:00+00:00
1749427200000,651.65,653.19,648.03,651.25,48370.12,2025-06-09 00:00:00+00:00
1749441600000,651.24,651.24,647.52,648.96,38730.24,2025-06-09 04:00:00+00:00
1749456000000,648.97,656.14,647.85,655.23,70154.92,2025-06-09 08:00:00+00:00
1749470400000,655.23,656.74,652.39,656.16,64947.44,2025-06-09 12:00:00+00:00
1749484800000,656.17,660.76,656.17,659.49,71184.26,2025-06-09 16:00:00+00:00
1749499200000,659.5,667.76,659.5,665.61,107758.1,2025-06-09 20:00:00+00:00
1749513600000,665.61,668.01,663.42,664.02,63582.71,2025-06-10 00:00:00+00:00
1749528000000,664.03,664.37,659.82,660.61,58005.79,2025-06-10 04:00:00+00:00
1749542400000,660.61,665.46,656.77,664.92,126980.4,2025-06-10 08:00:00+00:00
1749556800000,664.91,667.45,657.88,660.96,126473.93,2025-06-10 12:00:00+00:00
1749571200000,660.97,669.09,660.81,667.34,72064.6,2025-06-10 16:00:00+00:00
1749585600000,667.34,674.59,667.25,673.66,149795.93,2025-06-10 20:00:00+00:00
1749600000000,673.67,674.43,667.95,670.72,83372.05,2025-06-11 00:00:00+00:00
1749614400000,670.73,672.38,668.57,670.08,63457.72,2025-06-11 04:00:00+00:00
1749628800000,670.07,672.36,666.02,667.39,93535.8,2025-06-11 08:00:00+00:00
1749643200000,667.39,672.36,665.71,669.59,103509.34,2025-06-11 12:00:00+00:00
1749657600000,669.59,669.79,665.17,667.16,68332.42,2025-06-11 16:00:00+00:00
1749672000000,667.16,669.15,662.06,667.58,67293.88,2025-06-11 20:00:00+00:00
1749686400000,667.59,670.24,664.13,665.88,65203.33,2025-06-12 00:00:00+00:00
1749700800000,665.89,668.72,664.15,667.29,47951.67,2025-06-12 04:00:00+00:00
1749715200000,667.29,669.17,663.4,663.54,67035.08,2025-06-12 08:00:00+00:00
1749729600000,663.54,665.13,659.53,659.81,97197.37,2025-06-12 12:00:00+00:00
1749744000000,659.81,666.8,657.3,658.0,98006.29,2025-06-12 16:00:00+00:00
1749758400000,658.0,658.97,651.42,654.41,97035.08,2025-06-12 20:00:00+00:00
1749772800000,654.41,654.44,637.55,649.04,254783.25,2025-06-13 00:00:00+00:00
1749787200000,649.05,654.9,645.61,654.83,81374.7,2025-06-13 04:00:00+00:00
1749801600000,654.83,659.7,652.16,654.6,145055.38,2025-06-13 08:00:00+00:00
1749816000000,654.6,654.83,649.18,653.47,89159.53,2025-06-13 12:00:00+00:00
1749830400000,653.48,655.34,649.3,650.96,52821.46,2025-06-13 16:00:00+00:00
1749844800000,650.96,655.04,650.04,655.04,33673.52,2025-06-13 20:00:00+00:00
1749859200000,655.03,655.05,650.0,650.87,40034.67,2025-06-14 00:00:00+00:00
1749873600000,650.87,652.17,649.69,651.43,31602.16,2025-06-14 04:00:00+00:00
1749888000000,651.42,651.43,648.69,650.16,40928.11,2025-06-14 08:00:00+00:00
1749902400000,650.17,650.32,643.88,644.94,55145.16,2025-06-14 12:00:00+00:00
1749916800000,644.94,645.72,638.52,640.28,90356.19,2025-06-14 16:00:00+00:00
1749931200000,640.27,645.99,638.37,645.23,36927.82,2025-06-14 20:00:00+00:00
1749945600000,645.23,647.66,644.56,647.24,29604.06,2025-06-15 00:00:00+00:00
1749960000000,647.24,651.76,647.23,648.82,58176.78,2025-06-15 04:00:00+00:00
1749974400000,648.82,649.22,645.66,648.08,40424.05,2025-06-15 08:00:00+00:00
1749988800000,648.07,650.94,646.63,647.51,47663.5,2025-06-15 12:00:00+00:00
1750003200000,647.51,648.85,645.37,646.44,28550.38,2025-06-15 16:00:00+00:00
1750017600000,646.44,648.29,642.36,647.92,43064.04,2025-06-15 20:00:00+00:00
1750032000000,647.93,652.54,646.0,651.49,56206.68,2025-06-16 00:00:00+00:00
1750046400000,651.49,656.92,651.05,655.96,60360.5,2025-06-16 04:00:00+00:00
1750060800000,655.96,656.77,653.12,654.6,45757.45,2025-06-16 08:00:00+00:00
1750075200000,654.61,659.62,653.76,657.58,65444.23,2025-06-16 12:00:00+00:00
1750089600000,657.57,659.25,655.73,659.24,42977.13,2025-06-16 16:00:00+00:00
1750104000000,659.24,659.25,650.06,650.74,74006.08,2025-06-16 20:00:00+00:00
1750118400000,650.74,656.74,647.02,656.58,82385.73,2025-06-17 00:00:00+00:00
1750132800000,656.58,659.25,655.15,657.88,72086.33,2025-06-17 04:00:00+00:00
1750147200000,657.88,658.75,652.56,653.68,148526.95,2025-06-17 08:00:00+00:00
1750161600000,653.69,656.32,645.0,646.36,95939.89,2025-06-17 12:00:00+00:00
1750176000000,646.35,649.8,640.0,648.32,101738.76,2025-06-17 16:00:00+00:00
1750190400000,648.31,648.97,645.42,648.04,47606.17,2025-06-17 20:00:00+00:00
1750204800000,648.04,654.19,647.86,652.14,69445.63,2025-06-18 00:00:00+00:00
1750219200000,652.14,653.9,650.5,651.45,48894.32,2025-06-18 04:00:00+00:00
1750233600000,651.44,652.46,641.22,644.78,122908.64,2025-06-18 08:00:00+00:00
1750248000000,644.78,644.82,636.69,641.64,133079.82,2025-06-18 12:00:00+00:00
1750262400000,641.63,642.62,637.02,639.06,73915.76,2025-06-18 16:00:00+00:00
1750276800000,639.06,645.18,638.17,644.33,50032.09,2025-06-18 20:00:00+00:00
1750291200000,644.33,645.63,641.0,645.16,44414.0,2025-06-19 00:00:00+00:00
1750305600000,645.16,646.43,643.7,644.55,41916.23,2025-06-19 04:00:00+00:00
1750320000000,644.55,645.9,642.27,642.37,34533.58,2025-06-19 08:00:00+00:00
1750334400000,642.38,642.89,639.16,639.48,64087.38,2025-06-19 12:00:00+00:00
1750348800000,639.47,642.68,638.24,642.27,49236.11,2025-06-19 16:00:00+00:00
1750363200000,642.26,644.88,641.55,644.51,33263.65,2025-06-19 20:00:00+00:00
1750377600000,644.52,645.52,643.46,644.67,35902.2,2025-06-20 00:00:00+00:00
1750392000000,644.68,647.46,641.27,647.46,63168.77,2025-06-20 04:00:00+00:00
1750406400000,647.46,649.33,646.12,647.28,84987.39,2025-06-20 08:00:00+00:00
1750420800000,647.28,654.0,642.98,645.5,112329.11,2025-06-20 12:00:00+00:00
1750435200000,645.5,645.71,637.88,642.85,110017.06,2025-06-20 16:00:00+00:00
1750449600000,642.85,645.4,639.83,641.68,52896.71,2025-06-20 20:00:00+00:00
1750464000000,641.69,644.96,640.93,644.34,38052.81,2025-06-21 00:00:00+00:00
1750478400000,644.33,644.5,636.7,641.27,64492.55,2025-06-21 04:00:00+00:00
1750492800000,641.26,642.38,638.9,642.28,44022.27,2025-06-21 08:00:00+00:00
1750507200000,642.27,642.69,633.85,636.11,110257.93,2025-06-21 12:00:00+00:00
1750521600000,636.1,636.63,630.2,630.59,70429.0,2025-06-21 16:00:00+00:00
1750536000000,630.59,632.95,620.91,628.75,135926.65,2025-06-21 20:00:00+00:00
1750550400000,628.75,633.06,626.5,629.26,89543.38,2025-06-22 00:00:00+00:00
1750564800000,629.27,635.41,629.2,632.7,68939.23,2025-06-22 04:00:00+00:00
1750579200000,632.7,633.15,627.33,630.42,51119.9,2025-06-22 08:00:00+00:00
1750593600000,630.43,631.14,606.42,607.45,314158.01,2025-06-22 12:00:00+00:00
1750608000000,607.45,612.4,604.0,605.16,125125.25,2025-06-22 16:00:00+00:00
1750622400000,605.16,616.75,600.91,615.72,122916.54,2025-06-22 20:00:00+00:00
1750636800000,615.72,621.09,614.86,620.0,73954.48,2025-06-23 00:00:00+00:00
1750651200000,620.0,624.54,620.0,623.88,59889.57,2025-06-23 04:00:00+00:00
1750665600000,623.87,624.89,615.95,617.21,83069.15,2025-06-23 08:00:00+00:00
1750680000000,617.21,628.0,615.6,622.4,164176.46,2025-06-23 12:00:00+00:00
1750694400000,622.39,630.86,616.54,629.63,181538.99,2025-06-23 16:00:00+00:00
1750708800000,629.63,642.56,628.3,640.02,140266.93,2025-06-23 20:00:00+00:00
1750723200000,640.02,640.89,635.8,639.19,71406.41,2025-06-24 00:00:00+00:00
1750737600000,639.19,642.39,638.12,638.79,65278.88,2025-06-24 04:00:00+00:00
1750752000000,638.79,641.25,635.75,638.07,75617.52,2025-06-24 08:00:00+00:00
1750766400000,638.08,641.25,637.4,639.07,61267.84,2025-06-24 12:00:00+00:00
1750780800000,639.07,643.7,639.07,642.0,65023.4,2025-06-24 16:00:00+00:00
1750795200000,642.01,643.9,641.73,643.3,28238.93,2025-06-24 20:00:00+00:00
1750809600000,643.29,650.75,642.24,648.19,182383.14,2025-06-25 00:00:00+00:00
1750824000000,648.19,653.09,642.88,644.97,132956.91,2025-06-25 04:00:00+00:00
1750838400000,644.97,648.01,641.41,646.83,67485.42,2025-06-25 08:00:00+00:00
1750852800000,646.83,647.96,642.03,642.37,104473.1,2025-06-25 12:00:00+00:00
1750867200000,642.36,647.77,641.85,647.56,38375.69,2025-06-25 16:00:00+00:00
1750881600000,647.56,648.28,643.89,646.1,30833.08,2025-06-25 20:00:00+00:00
1750896000000,646.1,649.94,645.36,648.38,54414.66,2025-06-26 00:00:00+00:00
1750910400000,648.38,649.28,644.38,647.27,54856.18,2025-06-26 04:00:00+00:00
1750924800000,647.27,648.31,644.45,644.5,38099.26,2025-06-26 08:00:00+00:00
1750939200000,644.49,645.78,640.73,644.84,79225.85,2025-06-26 12:00:00+00:00
1750953600000,644.84,647.49,644.13,645.05,48736.91,2025-06-26 16:00:00+00:00
1750968000000,645.05,646.43,641.06,642.05,37028.11,2025-06-26 20:00:00+00:00
1750982400000,642.05,645.9,638.58,645.76,51509.23,2025-06-27 00:00:00+00:00
1750996800000,645.75,646.67,642.45,643.44,36239.59,2025-06-27 04:00:00+00:00
1751011200000,643.43,645.5,643.0,645.33,31757.37,2025-06-27 08:00:00+00:00
1751025600000,645.32,647.88,643.36,646.56,68269.64,2025-06-27 12:00:00+00:00
1751040000000,646.56,648.45,642.14,645.07,48610.06,2025-06-27 16:00:00+00:00
1751054400000,645.07,646.88,644.78,645.56,24417.65,2025-06-27 20:00:00+00:00
1751068800000,645.57,645.84,644.0,644.18,18197.88,2025-06-28 00:00:00+00:00
1751083200000,644.18,646.98,644.06,646.91,26707.75,2025-06-28 04:00:00+00:00
1751097600000,646.91,647.0,645.08,646.21,17224.92,2025-06-28 08:00:00+00:00
1751112000000,646.2,646.76,645.19,646.38,23911.75,2025-06-28 12:00:00+00:00
1751126400000,646.39,647.5,645.3,647.18,23347.14,2025-06-28 16:00:00+00:00
1751140800000,647.18,648.99,647.05,648.38,20610.87,2025-06-28 20:00:00+00:00
1751155200000,648.37,648.64,646.68,648.41,20757.3,2025-06-29 00:00:00+00:00
1751169600000,648.41,650.23,648.3,649.09,35157.31,2025-06-29 04:00:00+00:00
1751184000000,649.1,651.0,648.96,650.97,32278.96,2025-06-29 08:00:00+00:00
1751198400000,650.97,651.03,648.0,648.79,34321.4,2025-06-29 12:00:00+00:00
1751212800000,648.79,649.15,647.74,648.37,19794.0,2025-06-29 16:00:00+00:00
1751227200000,648.37,656.06,646.46,654.96,61875.47,2025-06-29 20:00:00+00:00
1751241600000,654.96,657.26,653.22,655.41,52878.78,2025-06-30 00:00:00+00:00
1751256000000,655.4,656.72,652.36,654.52,43432.52,2025-06-30 04:00:00+00:00
1751270400000,654.49,655.12,651.6,654.2,63577.84,2025-06-30 08:00:00+00:00
1751284800000,654.21,656.83,651.19,656.6,59457.0,2025-06-30 12:00:00+00:00
1751299200000,656.6,659.47,655.18,659.34,52692.84,2025-06-30 16:00:00+00:00
1751313600000,659.33,660.0,656.63,656.99,39363.7,2025-06-30 20:00:00+00:00
1751328000000,656.99,659.2,655.4,655.9,36878.16,2025-07-01 00:00:00+00:00
1751342400000,655.9,655.92,651.56,653.98,55631.27,2025-07-01 04:00:00+00:00
1751356800000,653.98,653.98,651.5,652.24,35754.49,2025-07-01 08:00:00+00:00
1751371200000,652.24,652.58,645.3,645.74,99153.58,2025-07-01 12:00:00+00:00
1751385600000,645.74,646.81,644.12,645.52,34807.92,2025-07-01 16:00:00+00:00
1751400000000,645.52,647.29,643.65,646.11,29498.74,2025-07-01 20:00:00+00:00
1751414400000,646.12,650.08,643.5,649.59,38467.87,2025-07-02 00:00:00+00:00
1751428800000,649.6,657.82,649.51,657.66,77584.1,2025-07-02 04:00:00+00:00
1751443200000,657.65,659.96,657.06,657.38,60370.38,2025-07-02 08:00:00+00:00
1751457600000,657.38,662.31,655.54,661.75,69815.5,2025-07-02 12:00:00+00:00
1751472000000,661.75,664.71,661.6,663.8,83878.0,2025-07-02 16:00:00+00:00
1751486400000,663.8,664.88,659.43,659.97,52764.14,2025-07-02 20:00:00+00:00
1751500800000,659.96,661.35,658.32,659.46,40712.92,2025-07-03 00:00:00+00:00
1751515200000,659.46,662.89,659.12,662.75,47516.4,2025-07-03 04:00:00+00:00
1751529600000,662.76,664.68,661.08,662.03,48898.1,2025-07-03 08:00:00+00:00
1751544000000,662.03,664.39,656.56,656.96,92243.41,2025-07-03 12:00:00+00:00
1751558400000,656.95,662.02,656.95,661.67,35052.66,2025-07-03 16:00:00+00:00
1751572800000,661.67,665.0,661.67,663.9,42925.56,2025-07-03 20:00:00+00:00
1751587200000,663.9,664.4,660.21,662.08,43717.89,2025-07-04 00:00:00+00:00
1751601600000,662.07,662.08,656.03,656.03,42301.87,2025-07-04 04:00:00+00:00
1751616000000,656.04,659.9,654.6,659.66,45613.71,2025-07-04 08:00:00+00:00
1751630400000,659.66,660.17,652.1,652.77,74732.36,2025-07-04 12:00:00+00:00
1751644800000,652.76,653.28,650.08,651.46,52616.09,2025-07-04 16:00:00+00:00
1751659200000,651.45,653.88,650.35,653.39,28106.22,2025-07-04 20:00:00+00:00
1751673600000,653.38,655.98,652.54,655.82,28067.39,2025-07-05 00:00:00+00:00
1751688000000,655.81,656.76,654.12,654.42,29600.94,2025-07-05 04:00:00+00:00
1751702400000,654.41,655.94,653.72,655.32,26133.31,2025-07-05 08:00:00+00:00
1751716800000,655.33,655.54,653.91,654.14,20575.28,2025-07-05 12:00:00+00:00
1751731200000,654.13,654.66,651.72,653.79,27785.52,2025-07-05 16:00:00+00:00
1751745600000,653.79,656.3,653.56,655.99,18996.67,2025-07-05 20:00:00+00:00
1751760000000,656.0,656.62,654.27,654.7,19930.72,2025-07-06 00:00:00+00:00
1751774400000,654.69,655.82,653.41,654.55,20723.47,2025-07-06 04:00:00+00:00
1751788800000,654.54,656.26,653.22,656.26,21658.27,2025-07-06 08:00:00+00:00
1751803200000,656.26,663.88,655.41,662.96,110481.57,2025-07-06 12:00:00+00:00
1751817600000,662.96,663.74,661.36,663.24,46393.2,2025-07-06 16:00:00+00:00
1751832000000,663.24,664.89,660.49,663.12,66133.69,2025-07-06 20:00:00+00:00
1751846400000,663.12,663.2,660.26,660.71,33146.31,2025-07-07 00:00:00+00:00
1751860800000,660.71,662.5,660.48,662.5,29601.19,2025-07-07 04:00:00+00:00
1751875200000,662.49,663.1,661.24,662.17,44088.58,2025-07-07 08:00:00+00:00
1751889600000,662.17,662.64,658.73,658.81,47028.11,2025-07-07 12:00:00+00:00
1751904000000,658.81,661.82,656.5,661.4,58531.53,2025-07-07 16:00:00+00:00
1751918400000,661.4,661.4,657.8,661.04,27747.35,2025-07-07 20:00:00+00:00
1751932800000,661.05,662.64,657.47,659.92,42068.17,2025-07-08 00:00:00+00:00
1751947200000,659.92,660.5,658.7,659.84,31468.61,2025-07-08 04:00:00+00:00
1751961600000,659.83,661.62,659.18,661.2,50556.9,2025-07-08 08:00:00+00:00
1751976000000,661.21,661.9,657.5,658.04,44857.87,2025-07-08 12:00:00+00:00
1751990400000,658.05,662.07,657.24,660.97,57647.31,2025-07-08 16:00:00+00:00
1752004800000,660.97,660.98,657.54,660.52,35528.42,2025-07-08 20:00:00+00:00
1752019200000,660.52,662.53,659.88,661.78,41019.33,2025-07-09 00:00:00+00:00
1752033600000,661.78,664.6,661.44,662.56,49507.5,2025-07-09 04:00:00+00:00
1752048000000,662.55,662.89,658.41,661.24,53709.45,2025-07-09 08:00:00+00:00
1752062400000,661.23,663.45,660.04,662.53,62547.99,2025-07-09 12:00:00+00:00
1752076800000,662.54,670.27,662.12,669.51,85221.03,2025-07-09 16:00:00+00:00
1752091200000,669.51,671.94,666.28,668.88,77367.31,2025-07-09 20:00:00+00:00
1752105600000,668.89,671.61,668.4,670.49,45153.91,2025-07-10 00:00:00+00:00
1752120000000,670.49,673.37,669.73,671.4,56554.2,2025-07-10 04:00:00+00:00
1752134400000,671.39,673.9,669.33,669.95,80337.89,2025-07-10 08:00:00+00:00
1752148800000,669.95,671.8,667.12,668.14,51857.77,2025-07-10 12:00:00+00:00
1752163200000,668.14,679.24,667.73,676.08,123251.35,2025-07-10 16:00:00+00:00
1752177600000,676.08,688.13,675.68,686.3,166029.76,2025-07-10 20:00:00+00:00
1752192000000,686.3,691.87,684.32,689.65,119064.79,2025-07-11 00:00:00+00:00
1752206400000,689.66,695.4,685.01,685.29,135064.61,2025-07-11 04:00:00+00:00
1752220800000,685.29,690.95,684.44,688.59,97013.11,2025-07-11 08:00:00+00:00
1752235200000,688.58,694.66,686.53,687.7,107028.49,2025-07-11 12:00:00+00:00
1752249600000,687.69,697.78,686.3,694.26,139893.84,2025-07-11 16:00:00+00:00
1752264000000,694.26,694.5,683.01,690.4,88919.2,2025-07-11 20:00:00+00:00
1752278400000,690.4,695.72,688.29,695.63,62380.6,2025-07-12 00:00:00+00:00
1752292800000,695.64,697.38,690.52,694.71,63546.29,2025-07-12 04:00:00+00:00
1752307200000,694.7,695.0,691.46,692.19,47977.74,2025-07-12 08:00:00+00:00
1752321600000,692.19,692.4,679.47,681.29,122249.45,2025-07-12 12:00:00+00:00
1752336000000,681.3,686.78,680.04,684.83,46170.19,2025-07-12 16:00:00+00:00
1752350400000,684.82,686.52,680.4,686.1,31197.14,2025-07-12 20:00:00+00:00
1752364800000,686.1,688.06,685.3,687.08,26328.23,2025-07-13 00:00:00+00:00
1752379200000,687.08,690.44,686.99,690.43,30664.31,2025-07-13 04:00:00+00:00
1752393600000,690.44,691.62,688.32,691.47,38576.88,2025-07-13 08:00:00+00:00
1752408000000,691.47,694.47,690.07,691.56,82243.43,2025-07-13 12:00:00+00:00
1752422400000,691.57,693.86,688.33,691.97,41967.63,2025-07-13 16:00:00+00:00
1752436800000,691.96,693.53,688.29,692.33,36389.29,2025-07-13 20:00:00+00:00
1752451200000,692.33,700.0,690.2,697.61,96557.11,2025-07-14 00:00:00+00:00
1752465600000,697.62,708.0,692.9,706.86,212513.46,2025-07-14 04:00:00+00:00
1752480000000,706.87,707.19,701.0,704.88,120003.96,2025-07-14 08:00:00+00:00
1752494400000,704.87,705.67,690.43,692.9,134033.68,2025-07-14 12:00:00+00:00
1752508800000,692.91,694.51,687.84,690.11,81836.4,2025-07-14 16:00:00+00:00
1752523200000,690.11,692.33,686.01,689.11,52557.53,2025-07-14 20:00:00+00:00
1752537600000,689.1,691.04,675.0,679.85,149602.68,2025-07-15 00:00:00+00:00
1752552000000,679.85,683.72,676.01,679.16,72816.05,2025-07-15 04:00:00+00:00
1752566400000,679.17,681.05,676.39,680.55,51548.73,2025-07-15 08:00:00+00:00
1752580800000,680.55,687.77,676.8,683.15,134814.05,2025-07-15 12:00:00+00:00
1752595200000,683.15,688.98,682.67,684.91,81693.54,2025-07-15 16:00:00+00:00
1752609600000,684.91,693.54,683.6,690.37,53118.92,2025-07-15 20:00:00+00:00
1752624000000,690.37,693.97,686.28,688.2,49061.92,2025-07-16 00:00:00+00:00
1752638400000,688.21,693.88,685.43,692.16,44845.5,2025-07-16 04:00:00+00:00
1752652800000,692.17,695.76,690.95,694.7,64669.11,2025-07-16 08:00:00+00:00
1752667200000,694.69,707.08,691.03,700.68,182872.48,2025-07-16 12:00:00+00:00
1752681600000,700.68,711.47,699.17,706.97,161949.39,2025-07-16 16:00:00+00:00
1752696000000,706.96,715.99,706.91,709.13,133291.3,2025-07-16 20:00:00+00:00
1752710400000,709.13,724.2,708.08,709.75,271949.38,2025-07-17 00:00:00+00:00
1752724800000,709.74,723.84,707.08,721.19,170679.58,2025-07-17 04:00:00+00:00
1752739200000,721.19,722.19,714.4,718.04,173804.03,2025-07-17 08:00:00+00:00
1752753600000,718.05,728.4,712.03,721.69,208252.32,2025-07-17 12:00:00+00:00
1752768000000,721.69,722.4,713.77,715.84,112652.8,2025-07-17 16:00:00+00:00
1752782400000,715.83,726.24,711.0,721.11,125578.65,2025-07-17 20:00:00+00:00
1752796800000,721.1,737.16,720.1,737.05,159480.76,2025-07-18 00:00:00+00:00
1752811200000,737.06,748.74,734.05,740.42,264967.83,2025-07-18 04:00:00+00:00
1752825600000,740.43,743.09,733.18,737.25,176748.61,2025-07-18 08:00:00+00:00
1752840000000,737.25,766.26,731.36,737.93,451394.81,2025-07-18 12:00:00+00:00
1752854400000,737.92,748.81,729.03,732.15,166162.04,2025-07-18 16:00:00+00:00
1752868800000,732.14,735.79,718.91,730.39,194455.15,2025-07-18 20:00:00+00:00
1752883200000,730.39,735.39,718.95,735.25,119801.91,2025-07-19 00:00:00+00:00
1752897600000,735.25,739.76,731.93,732.66,92044.98,2025-07-19 04:00:00+00:00
1752912000000,732.66,738.84,728.28,737.17,97826.82,2025-07-19 08:00:00+00:00
1752926400000,737.17,742.94,727.78,731.15,131839.86,2025-07-19 12:00:00+00:00
1752940800000,731.16,735.63,728.16,734.82,53884.78,2025-07-19 16:00:00+00:00
1752955200000,734.82,736.27,725.15,733.43,70307.18,2025-07-19 20:00:00+00:00
1752969600000,733.43,746.74,731.67,743.4,106022.86,2025-07-20 00:00:00+00:00
1752984000000,743.4,746.0,739.73,744.99,59346.69,2025-07-20 04:00:00+00:00
1752998400000,744.98,751.36,744.98,749.2,114080.93,2025-07-20 08:00:00+00:00
1753012800000,749.2,752.27,745.55,751.41,93855.07,2025-07-20 12:00:00+00:00
1753027200000,751.41,756.9,746.16,753.48,139735.21,2025-07-20 16:00:00+00:00
1753041600000,753.47,762.04,745.25,757.31,185595.31,2025-07-20 20:00:00+00:00
1753056000000,757.32,764.85,746.29,763.71,169871.97,2025-07-21 00:00:00+00:00
1753070400000,763.7,767.53,759.65,760.87,116355.54,2025-07-21 04:00:00+00:00
1753084800000,760.88,780.3,760.34,769.59,197989.31,2025-07-21 08:00:00+00:00
1753099200000,769.6,782.76,766.42,774.62,191648.05,2025-07-21 12:00:00+00:00
1753113600000,774.61,775.65,755.76,757.59,203571.91,2025-07-21 16:00:00+00:00
1753128000000,757.56,767.83,755.0,766.51,72736.92,2025-07-21 20:00:00+00:00
1753142400000,766.52,772.54,753.08,760.49,206554.4,2025-07-22 00:00:00+00:00
1753156800000,760.49,764.55,745.0,758.49,190207.62,2025-07-22 04:00:00+00:00
1753171200000,758.49,766.19,749.5,766.17,180302.1,2025-07-22 08:00:00+00:00
1753185600000,766.18,768.1,755.89,764.44,152322.84,2025-07-22 12:00:00+00:00
1753200000000,764.43,776.67,764.1,772.68,126205.07,2025-07-22 16:00:00+00:00
1753214400000,772.68,789.48,771.81,787.6,149704.54,2025-07-22 20:00:00+00:00
1753228800000,787.6,806.19,785.43,798.04,449636.75,2025-07-23 00:00:00+00:00
1753243200000,798.05,802.42,791.91,794.88,184134.37,2025-07-23 04:00:00+00:00
1753257600000,794.87,809.24,788.2,809.02,306445.3,2025-07-23 08:00:00+00:00
1753272000000,809.01,810.55,775.44,784.9,617365.34,2025-07-23 12:00:00+00:00
1753286400000,784.89,785.01,760.94,771.01,359051.68,2025-07-23 16:00:00+00:00
1753300800000,771.01,777.61,752.5,776.92,258113.83,2025-07-23 20:00:00+00:00
1753315200000,776.88,786.93,773.11,779.76,159222.33,2025-07-24 00:00:00+00:00
1753329600000,779.77,780.43,742.61,759.33,383533.39,2025-07-24 04:00:00+00:00
1753344000000,759.32,772.91,755.8,770.57,178836.05,2025-07-24 08:00:00+00:00
1753358400000,770.57,781.68,761.59,778.83,210646.57,2025-07-24 12:00:00+00:00
1753372800000,778.84,786.24,770.31,779.4,135802.08,2025-07-24 16:00:00+00:00
1753387200000,779.4,782.17,770.0,771.15,85889.01,2025-07-24 20:00:00+00:00
1753401600000,771.16,771.77,753.18,756.99,185036.51,2025-07-25 00:00:00+00:00
1753416000000,756.98,767.24,752.26,761.72,190126.88,2025-07-25 04:00:00+00:00
1753430400000,761.72,773.77,761.56,772.11,127472.11,2025-07-25 08:00:00+00:00
1753444800000,772.11,777.36,761.02,766.22,161581.09,2025-07-25 12:00:00+00:00
1753459200000,766.22,777.93,763.72,774.63,114148.07,2025-07-25 16:00:00+00:00
1753473600000,774.64,786.5,773.93,785.98,83713.24,2025-07-25 20:00:00+00:00
1753488000000,785.98,786.18,778.81,783.92,70374.62,2025-07-26 00:00:00+00:00
1753502400000,783.93,784.55,780.85,782.96,42322.22,2025-07-26 04:00:00+00:00
1753516800000,782.97,785.99,780.59,782.28,58868.84,2025-07-26 08:00:00+00:00
1753531200000,782.29,783.73,779.68,781.73,37647.87,2025-07-26 12:00:00+00:00
1753545600000,781.74,785.55,778.83,785.45,36357.13,2025-07-26 16:00:00+00:00
1753560000000,785.44,799.0,784.04,793.61,158076.94,2025-07-26 20:00:00+00:00
1753574400000,793.57,799.69,791.16,794.78,86810.06,2025-07-27 00:00:00+00:00
1753588800000,794.78,799.28,794.33,796.83,63799.93,2025-07-27 04:00:00+00:00
1753603200000,796.84,799.99,793.25,797.23,69951.3,2025-07-27 08:00:00+00:00
1753617600000,797.23,817.56,793.99,815.97,180968.4,2025-07-27 12:00:00+00:00
1753632000000,815.87,831.93,813.06,830.96,410473.66,2025-07-27 16:00:00+00:00
1753646400000,830.96,848.0,827.84,844.8,281026.08,2025-07-27 20:00:00+00:00
1753660800000,844.71,856.21,840.17,842.24,301074.56,2025-07-28 00:00:00+00:00
1753675200000,842.25,861.48,840.4,856.25,293607.27,2025-07-28 04:00:00+00:00
1753689600000,856.21,861.76,845.62,851.15,251034.1,2025-07-28 08:00:00+00:00
1753704000000,851.16,858.12,831.84,836.75,424414.37,2025-07-28 12:00:00+00:00
1753718400000,836.74,841.62,826.29,832.27,223857.84,2025-07-28 16:00:00+00:00
1753732800000,832.32,833.03,821.0,824.48,185590.96,2025-07-28 20:00:00+00:00
1753747200000,824.48,835.67,813.68,829.61,267954.97,2025-07-29 00:00:00+00:00
1753761600000,829.6,834.59,825.57,825.96,170047.66,2025-07-29 04:00:00+00:00
1753776000000,825.97,834.44,821.41,826.9,197885.63,2025-07-29 08:00:00+00:00
1753790400000,826.9,831.02,802.42,805.73,343199.49,2025-07-29 12:00:00+00:00
1753804800000,805.71,816.08,800.96,804.1,223799.96,2025-07-29 16:00:00+00:00
1753819200000,804.11,809.92,800.61,805.82,109986.61,2025-07-29 20:00:00+00:00
1753833600000,805.82,812.28,796.0,805.15,152118.17,2025-07-30 00:00:00+00:00
1753848000000,805.14,807.24,796.02,800.94,134862.56,2025-07-30 04:00:00+00:00
1753862400000,800.93,806.2,787.12,789.29,199009.14,2025-07-30 08:00:00+00:00
1753876800000,789.29,796.36,779.55,791.19,302048.48,2025-07-30 12:00:00+00:00
1753891200000,791.2,795.27,765.79,785.75,281605.73,2025-07-30 16:00:00+00:00
1753905600000,785.75,794.23,783.51,794.07,93901.05,2025-07-30 20:00:00+00:00
1753920000000,794.08,800.0,791.38,799.33,99633.71,2025-07-31 00:00:00+00:00
1753934400000,799.33,805.8,797.3,804.03,92437.82,2025-07-31 04:00:00+00:00
1753948800000,804.03,815.0,799.32,800.91,162141.05,2025-07-31 08:00:00+00:00
1753963200000,800.91,801.65,787.91,800.03,220220.53,2025-07-31 12:00:00+00:00
1753977600000,800.01,813.91,794.1,796.48,305948.54,2025-07-31 16:00:00+00:00
1753992000000,796.49,799.18,782.01,783.68,163550.52,2025-07-31 20:00:00+00:00
1754006400000,783.67,795.88,775.04,784.51,231427.12,2025-08-01 00:00:00+00:00
1754020800000,784.5,784.85,770.67,773.8,186144.21,2025-08-01 04:00:00+00:00
1754035200000,773.8,773.8,763.49,772.03,208560.96,2025-08-01 08:00:00+00:00
1754049600000,772.03,776.42,757.55,764.46,296674.39,2025-08-01 12:00:00+00:00
1754064000000,764.46,768.39,754.01,761.88,170858.9,2025-08-01 16:00:00+00:00
1754078400000,761.89,763.32,745.0,757.64,177919.74,2025-08-01 20:00:00+00:00
1754092800000,757.64,769.15,755.89,764.64,96186.39,2025-08-02 00:00:00+00:00
1754107200000,764.64,770.47,750.4,759.34,138135.49,2025-08-02 04:00:00+00:00
1754121600000,759.33,759.71,751.0,756.68,81953.35,2025-08-02 08:00:00+00:00
1754136000000,756.67,756.72,741.55,743.43,123559.69,2025-08-02 12:00:00+00:00
1754150400000,743.44,750.27,734.38,737.75,191182.59,2025-08-02 16:00:00+00:00
1754164800000,737.74,745.65,732.82,736.97,95153.99,2025-08-02 20:00:00+00:00
1754179200000,736.97,745.0,730.43,744.31,112423.79,2025-08-03 00:00:00+00:00
1754193600000,744.31,749.22,741.58,748.36,53363.05,2025-08-03 04:00:00+00:00
1754208000000,748.36,753.6,746.64,748.69,78148.26,2025-08-03 08:00:00+00:00
1754222400000,748.68,751.57,745.78,748.86,61605.1,2025-08-03 12:00:00+00:00
1754236800000,748.88,755.68,747.35,753.04,59309.21,2025-08-03 16:00:00+00:00
1754251200000,753.04,754.95,750.6,751.41,43344.3,2025-08-03 20:00:00+00:00
1754265600000,751.4,759.31,750.56,754.25,85701.26,2025-08-04 00:00:00+00:00
1754280000000,754.26,758.3,752.25,757.31,42976.12,2025-08-04 04:00:00+00:00
1754294400000,757.31,760.5,754.74,755.61,63243.52,2025-08-04 08:00:00+00:00
1754308800000,755.61,766.0,755.2,760.76,123680.5,2025-08-04 12:00:00+00:00
1754323200000,760.76,769.96,759.94,761.22,99885.31,2025-08-04 16:00:00+00:00
1754337600000,761.21,770.0,760.36,768.89,68560.49,2025-08-04 20:00:00+00:00
1754352000000,768.89,770.04,760.49,760.96,52960.87,2025-08-05 00:00:00+00:00
1754366400000,760.95,767.35,755.0,757.67,79005.44,2025-08-05 04:00:00+00:00
1754380800000,757.6,766.52,755.84,765.44,68302.11,2025-08-05 08:00:00+00:00
1754395200000,765.45,765.88,746.41,749.39,182439.76,2025-08-05 12:00:00+00:00
1754409600000,749.39,754.72,747.64,748.84,77416.39,2025-08-05 16:00:00+00:00
1754424000000,748.84,756.66,745.41,755.57,63742.89,2025-08-05 20:00:00+00:00
1754438400000,755.56,756.4,746.39,748.98,64019.21,2025-08-06 00:00:00+00:00
1754452800000,749.0,763.67,747.53,763.49,106164.13,2025-08-06 04:00:00+00:00
1754467200000,763.5,765.46,759.12,762.6,75589.35,2025-08-06 08:00:00+00:00
1754481600000,762.6,770.39,758.16,769.71,126416.45,2025-08-06 12:00:00+00:00
1754496000000,769.71,775.39,766.22,773.57,80171.79,2025-08-06 16:00:00+00:00
1754510400000,773.57,773.76,768.34,769.94,40007.24,2025-08-06 20:00:00+00:00
1754524800000,769.94,775.09,765.67,766.81,66639.13,2025-08-07 00:00:00+00:00
1754539200000,766.8,770.0,765.26,768.61,57564.45,2025-08-07 04:00:00+00:00
1754553600000,768.62,780.0,764.78,777.35,130699.11,2025-08-07 08:00:00+00:00
1754568000000,777.36,778.36,771.0,775.95,114743.4,2025-08-07 12:00:00+00:00
1754582400000,775.95,781.0,768.23,780.96,90266.65,2025-08-07 16:00:00+00:00
1754596800000,780.96,788.99,780.47,788.99,92627.21,2025-08-07 20:00:00+00:00
1754611200000,788.99,793.39,781.1,786.76,145679.95,2025-08-08 00:00:00+00:00
1754625600000,786.75,792.16,784.27,790.07,67683.54,2025-08-08 04:00:00+00:00
1754640000000,790.07,791.2,784.4,789.65,57767.0,2025-08-08 08:00:00+00:00
1754654400000,789.64,797.2,782.0,785.21,143642.29,2025-08-08 12:00:00+00:00
1754668800000,785.21,797.0,784.82,795.89,76905.94,2025-08-08 16:00:00+00:00
1754683200000,795.89,799.0,793.1,793.71,65039.64,2025-08-08 20:00:00+00:00
1754697600000,793.72,797.95,792.89,797.39,42235.31,2025-08-09 00:00:00+00:00
1754712000000,797.39,810.66,797.0,810.06,155590.68,2025-08-09 04:00:00+00:00
1754726400000,810.05,819.86,806.37,812.15,155738.67,2025-08-09 08:00:00+00:00
1754740800000,812.15,816.07,805.24,806.89,98279.87,2025-08-09 12:00:00+00:00
1754755200000,806.89,809.37,803.19,805.07,84309.08,2025-08-09 16:00:00+00:00
1754769600000,805.08,808.15,798.27,799.16,78567.05,2025-08-09 20:00:00+00:00
1754784000000,799.17,813.7,799.16,811.74,97363.34,2025-08-10 00:00:00+00:00
1754798400000,811.75,816.04,798.69,799.82,128745.56,2025-08-10 04:00:00+00:00
1754812800000,799.82,805.17,794.02,799.42,89546.62,2025-08-10 08:00:00+00:00
1754827200000,799.41,804.18,796.05,802.36,69143.57,2025-08-10 12:00:00+00:00
1754841600000,802.37,804.99,800.42,803.28,31628.78,2025-08-10 16:00:00+00:00
1754856000000,803.28,807.75,799.22,807.65,50791.79,2025-08-10 20:00:00+00:00
1754870400000,807.65,828.22,806.55,821.73,223971.69,2025-08-11 00:00:00+00:00
1754884800000,821.74,825.16,809.5,812.13,135577.67,2025-08-11 04:00:00+00:00
1754899200000,812.12,816.94,791.1,796.42,188852.53,2025-08-11 08:00:00+00:00
1754913600000,796.42,807.82,792.51,807.59,180920.69,2025-08-11 12:00:00+00:00
1754928000000,807.6,812.45,801.18,806.51,127030.2,2025-08-11 16:00:00+00:00
1754942400000,806.51,811.0,796.48,805.26,94063.34,2025-08-11 20:00:00+00:00
1754956800000,805.25,815.53,803.79,808.56,98893.52,2025-08-12 00:00:00+00:00
1754971200000,808.55,813.67,803.2,808.21,80586.11,2025-08-12 04:00:00+00:00
1754985600000,808.21,809.32,797.7,803.32,83942.35,2025-08-12 08:00:00+00:00
1755000000000,803.31,821.2,800.52,821.15,211539.6,2025-08-12 12:00:00+00:00
1755014400000,821.15,833.38,821.15,832.34,174816.97,2025-08-12 16:00:00+00:00
1755028800000,832.34,840.66,831.12,833.05,140223.51,2025-08-12 20:00:00+00:00
1755043200000,833.05,841.6,828.83,836.73,126129.78,2025-08-13 00:00:00+00:00
1755057600000,836.74,855.44,833.31,847.31,286874.57,2025-08-13 04:00:00+00:00
1755072000000,847.31,859.16,844.96,855.45,229279.6,2025-08-13 08:00:00+00:00
1755086400000,855.45,860.0,839.36,842.28,256339.25,2025-08-13 12:00:00+00:00
1755100800000,842.27,849.15,838.01,845.67,103597.51,2025-08-13 16:00:00+00:00
1755115200000,845.66,850.45,839.05,848.3,94737.82,2025-08-13 20:00:00+00:00
1755129600000,848.29,857.5,844.31,855.64,120453.91,2025-08-14 00:00:00+00:00
1755144000000,855.65,867.49,850.31,858.28,308703.01,2025-08-14 04:00:00+00:00
1755158400000,858.29,870.15,855.83,862.67,245697.32,2025-08-14 08:00:00+00:00
1755172800000,862.67,866.0,821.0,847.37,630188.17,2025-08-14 12:00:00+00:00
1755187200000,847.38,848.52,828.21,838.54,229407.12,2025-08-14 16:00:00+00:00
1755201600000,838.53,843.45,825.18,840.8,131065.04,2025-08-14 20:00:00+00:00
1755216000000,840.77,849.84,834.09,849.08,108731.81,2025-08-15 00:00:00+00:00
1755230400000,849.08,853.99,845.7,848.59,99917.38,2025-08-15 04:00:00+00:00
1755244800000,848.56,853.19,841.0,844.05,118356.7,2025-08-15 08:00:00+00:00
1755259200000,844.04,847.79,815.8,818.9,283765.57,2025-08-15 12:00:00+00:00
1755273600000,818.9,826.31,812.8,821.0,150119.79,2025-08-15 16:00:00+00:00
1755288000000,820.99,832.28,819.4,828.0,75116.53,2025-08-15 20:00:00+00:00
1755302400000,828.0,837.0,826.21,832.18,80834.06,2025-08-16 00:00:00+00:00
1755316800000,832.17,837.41,830.49,835.86,58874.73,2025-08-16 04:00:00+00:00
1755331200000,835.85,836.7,826.72,826.98,71165.78,2025-08-16 08:00:00+00:00
1755345600000,826.99,835.96,825.4,832.13,74360.55,2025-08-16 12:00:00+00:00
1755360000000,832.12,836.81,831.61,834.73,36037.78,2025-08-16 16:00:00+00:00
1755374400000,834.74,839.7,833.74,838.97,42295.99,2025-08-16 20:00:00+00:00
1755388800000,838.98,852.25,838.36,845.17,142230.62,2025-08-17 00:00:00+00:00
1755403200000,845.18,856.48,845.17,854.61,90330.96,2025-08-17 04:00:00+00:00
1755417600000,854.62,864.48,852.04,861.92,147092.45,2025-08-17 08:00:00+00:00
1755432000000,861.93,862.6,855.66,860.44,87294.9,2025-08-17 12:00:00+00:00
1755446400000,860.43,861.86,849.16,851.58,89540.35,2025-08-17 16:00:00+00:00
1755460800000,851.58,859.49,850.92,855.96,60186.95,2025-08-17 20:00:00+00:00
1755475200000,855.95,859.1,831.83,836.03,230777.29,2025-08-18 00:00:00+00:00
1755489600000,836.03,840.04,825.19,830.45,147018.91,2025-08-18 04:00:00+00:00
1755504000000,830.44,837.77,828.6,831.73,120669.56,2025-08-18 08:00:00+00:00
1755518400000,831.72,842.67,830.85,842.12,134345.87,2025-08-18 12:00:00+00:00
1755532800000,842.11,848.57,838.7,845.22,91558.83,2025-08-18 16:00:00+00:00
1755547200000,845.22,856.53,842.97,847.56,106049.35,2025-08-18 20:00:00+00:00
1755561600000,847.56,852.6,840.44,842.37,182054.23,2025-08-19 00:00:00+00:00
1755576000000,842.37,850.44,835.67,838.75,147429.69,2025-08-19 04:00:00+00:00
1755590400000,838.74,848.8,836.13,846.75,96458.9,2025-08-19 08:00:00+00:00
1755604800000,846.76,848.3,830.0,832.59,174872.52,2025-08-19 12:00:00+00:00
1755619200000,832.59,835.52,825.18,833.19,121482.85,2025-08-19 16:00:00+00:00
1755633600000,833.19,837.61,823.25,824.44,78126.48,2025-08-19 20:00:00+00:00
1755648000000,824.45,837.59,818.54,836.82,173353.54,2025-08-20 00:00:00+00:00
1755662400000,836.83,837.87,832.73,834.71,59288.33,2025-08-20 04:00:00+00:00
1755676800000,834.72,835.34,826.37,831.49,108826.22,2025-08-20 08:00:00+00:00
1755691200000,831.49,838.28,819.06,833.53,200546.72,2025-08-20 12:00:00+00:00
1755705600000,833.55,870.99,833.55,869.66,378849.11,2025-08-20 16:00:00+00:00
1755720000000,869.65,882.0,867.14,869.71,254860.91,2025-08-20 20:00:00+00:00
1755734400000,869.72,884.54,866.7,866.77,252000.12,2025-08-21 00:00:00+00:00
1755748800000,866.77,867.19,858.16,862.94,200661.71,2025-08-21 04:00:00+00:00
1755763200000,862.94,864.98,850.0,851.75,209259.91,2025-08-21 08:00:00+00:00
1755777600000,851.75,856.85,841.52,842.46,225012.72,2025-08-21 12:00:00+00:00
1755792000000,842.46,845.16,835.32,836.73,130867.44,2025-08-21 16:00:00+00:00
1755806400000,836.73,843.26,833.72,839.78,81914.62,2025-08-21 20:00:00+00:00
1755820800000,839.79,853.86,839.52,846.02,135344.84,2025-08-22 00:00:00+00:00
1755835200000,846.03,854.94,846.02,851.49,106816.12,2025-08-22 04:00:00+00:00
1755849600000,851.49,855.68,844.57,849.48,106282.55,2025-08-22 08:00:00+00:00
1755864000000,849.48,882.81,843.07,876.99,502580.61,2025-08-22 12:00:00+00:00
1755878400000,877.0,899.33,877.0,895.5,319922.58,2025-08-22 16:00:00+00:00
1755892800000,895.5,901.76,893.4,901.0,146629.74,2025-08-22 20:00:00+00:00
1755907200000,901.01,901.08,876.42,883.52,234769.43,2025-08-23 00:00:00+00:00
1755921600000,883.51,893.83,883.11,888.02,127411.57,2025-08-23 04:00:00+00:00
1755936000000,888.03,900.0,884.68,889.05,161448.55,2025-08-23 08:00:00+00:00
1755950400000,889.05,894.72,886.01,889.17,108971.95,2025-08-23 12:00:00+00:00
1755964800000,889.17,890.49,879.57,883.91,112172.36,2025-08-23 16:00:00+00:00
1755979200000,883.9,884.45,876.98,880.86,77589.52,2025-08-23 20:00:00+00:00
1755993600000,880.87,887.01,875.07,879.18,146950.3,2025-08-24 00:00:00+00:00
1756008000000,879.17,882.91,870.79,870.87,121916.3,2025-08-24 04:00:00+00:00
1756022400000,870.87,872.72,860.93,861.99,158389.06,2025-08-24 08:00:00+00:00
1756036800000,861.99,872.72,860.25,867.73,146818.06,2025-08-24 12:00:00+00:00
1756051200000,867.73,883.89,860.0,870.13,279230.24,2025-08-24 16:00:00+00:00
1756065600000,870.13,880.72,860.68,876.9,186270.72,2025-08-24 20:00:00+00:00
1756080000000,876.91,881.3,866.21,876.69,147462.86,2025-08-25 00:00:00+00:00
1756094400000,876.7,880.0,855.82,858.93,196331.33,2025-08-25 04:00:00+00:00
1756108800000,858.93,864.69,850.85,854.96,148043.2,2025-08-25 08:00:00+00:00
1756123200000,854.91,872.0,854.18,863.79,203123.02,2025-08-25 12:00:00+00:00
1756137600000,863.8,870.68,853.68,854.19,142800.18,2025-08-25 16:00:00+00:00
1756152000000,854.19,857.96,832.58,839.63,315749.58,2025-08-25 20:00:00+00:00
1756166400000,839.63,850.37,830.08,844.97,155128.42,2025-08-26 00:00:00+00:00
1756180800000,844.97,848.2,839.63,843.03,71136.83,2025-08-26 04:00:00+00:00
1756195200000,843.03,845.5,839.84,842.09,68203.17,2025-08-26 08:00:00+00:00
1756209600000,842.1,854.4,839.39,850.05,181268.33,2025-08-26 12:00:00+00:00
1756224000000,850.05,861.57,849.72,861.14,80224.51,2025-08-26 16:00:00+00:00
1756238400000,861.14,868.33,860.23,864.16,77729.94,2025-08-26 20:00:00+00:00
1756252800000,864.17,864.92,857.06,862.55,92600.18,2025-08-27 00:00:00+00:00
1756267200000,862.56,867.24,856.75,857.79,69169.71,2025-08-27 04:00:00+00:00
1756281600000,857.8,860.64,853.41,859.69,60471.67,2025-08-27 08:00:00+00:00
1756296000000,859.69,866.49,856.41,865.2,100837.64,2025-08-27 12:00:00+00:00
1756310400000,865.2,867.5,858.87,861.02,59720.63,2025-08-27 16:00:00+00:00
1756324800000,861.03,866.45,854.61,855.74,107323.19,2025-08-27 20:00:00+00:00
1756339200000,855.75,864.98,851.54,864.85,89535.39,2025-08-28 00:00:00+00:00
1756353600000,864.84,873.52,863.51,869.8,108694.92,2025-08-28 04:00:00+00:00
1756368000000,869.79,874.8,865.76,874.68,71126.17,2025-08-28 08:00:00+00:00
1756382400000,874.68,879.72,867.2,870.23,192018.6,2025-08-28 12:00:00+00:00
1756396800000,870.23,882.21,863.91,869.16,318432.64,2025-08-28 16:00:00+00:00
1756411200000,869.2,877.63,868.29,873.92,53714.96,2025-08-28 20:00:00+00:00
1756425600000,873.92,878.53,872.4,873.69,68212.62,2025-08-29 00:00:00+00:00
1756440000000,873.69,874.23,856.21,857.57,129353.67,2025-08-29 04:00:00+00:00
1756454400000,857.56,861.4,850.56,854.97,148729.23,2025-08-29 08:00:00+00:00
1756468800000,854.97,865.99,852.55,858.61,178780.67,2025-08-29 12:00:00+00:00
1756483200000,858.61,861.3,853.21,858.64,83640.82,2025-08-29 16:00:00+00:00
1756497600000,858.65,864.55,853.6,862.84,65015.08,2025-08-29 20:00:00+00:00
1756512000000,862.85,862.92,852.57,860.95,72286.14,2025-08-30 00:00:00+00:00
1756526400000,860.95,862.44,857.55,861.01,37627.74,2025-08-30 04:00:00+00:00
1756540800000,861.01,861.8,858.85,860.74,26787.09,2025-08-30 08:00:00+00:00
1756555200000,860.74,860.74,851.8,859.49,75611.65,2025-08-30 12:00:00+00:00
1756569600000,859.49,859.62,856.5,859.27,29514.03,2025-08-30 16:00:00+00:00
1756584000000,859.27,864.6,857.37,862.6,35209.81,2025-08-30 20:00:00+00:00
1756598400000,862.6,865.16,859.92,863.62,75063.94,2025-08-31 00:00:00+00:00
1756612800000,863.61,863.72,858.28,859.01,39386.41,2025-08-31 04:00:00+00:00
1756627200000,859.0,861.84,857.32,860.47,36313.07,2025-08-31 08:00:00+00:00
1756641600000,860.47,862.59,859.48,862.34,40429.82,2025-08-31 12:00:00+00:00
1756656000000,862.34,867.75,861.44,865.1,73436.72,2025-08-31 16:00:00+00:00
1756670400000,865.1,868.27,857.55,858.08,51671.17,2025-08-31 20:00:00+00:00
1756684800000,858.09,866.0,854.08,856.84,134829.96,2025-09-01 00:00:00+00:00
1756699200000,856.84,867.89,849.36,865.94,143321.44,2025-09-01 04:00:00+00:00
1756713600000,865.93,869.72,851.23,852.48,215091.28,2025-09-01 08:00:00+00:00
1756728000000,852.48,855.41,844.32,847.52,104389.18,2025-09-01 12:00:00+00:00
1756742400000,847.53,849.77,844.19,849.74,64706.08,2025-09-01 16:00:00+00:00
1756756800000,849.74,849.82,840.01,846.19,119203.15,2025-09-01 20:00:00+00:00
1756771200000,846.18,854.76,843.85,852.86,74874.41,2025-09-02 00:00:00+00:00
1756785600000,852.87,856.16,851.17,855.37,55849.33,2025-09-02 04:00:00+00:00
1756800000000,855.37,857.0,847.34,848.34,94318.87,2025-09-02 08:00:00+00:00
1756814400000,848.34,853.0,841.2,847.25,136108.75,2025-09-02 12:00:00+00:00
1756828800000,847.25,851.82,846.09,850.44,44321.99,2025-09-02 16:00:00+00:00
1756843200000,850.44,854.6,849.88,852.22,41370.89,2025-09-02 20:00:00+00:00
1756857600000,852.22,854.46,849.16,851.84,44102.19,2025-09-03 00:00:00+00:00
1756872000000,851.83,855.0,849.68,854.88,35580.03,2025-09-03 04:00:00+00:00
1756886400000,854.87,855.65,852.49,854.33,35004.48,2025-09-03 08:00:00+00:00
1756900800000,854.34,864.43,852.24,860.63,93959.6,2025-09-03 12:00:00+00:00
1756915200000,860.62,862.77,857.24,857.58,52485.96,2025-09-03 16:00:00+00:00
1756929600000,857.58,857.81,852.83,855.21,48814.34,2025-09-03 20:00:00+00:00
1756944000000,855.21,857.17,848.55,849.08,50460.26,2025-09-04 00:00:00+00:00
1756958400000,849.08,849.97,844.56,847.95,76410.86,2025-09-04 04:00:00+00:00
1756972800000,847.95,850.08,847.12,848.02,45001.27,2025-09-04 08:00:00+00:00
1756987200000,848.02,849.98,843.04,844.57,68924.94,2025-09-04 12:00:00+00:00
1757001600000,844.56,846.91,841.08,843.7,51499.21,2025-09-04 16:00:00+00:00
1757016000000,843.7,850.0,843.25,843.8,39081.37,2025-09-04 20:00:00+00:00
1757030400000,843.8,847.98,842.33,845.93,42597.18,2025-09-05 00:00:00+00:00
1757044800000,845.94,851.35,843.58,850.72,49703.66,2025-09-05 04:00:00+00:00
1757059200000,850.71,851.19,847.73,851.04,43098.63,2025-09-05 08:00:00+00:00
1757073600000,851.04,857.99,845.11,849.07,159346.49,2025-09-05 12:00:00+00:00
1757088000000,849.08,851.98,848.55,851.19,30901.29,2025-09-05 16:00:00+00:00
1757102400000,851.19,852.67,848.7,850.28,31465.58,2025-09-05 20:00:00+00:00
1757116800000,850.28,860.31,849.75,858.68,78353.22,2025-09-06 00:00:00+00:00
1757131200000,858.68,860.58,856.39,859.78,66715.07,2025-09-06 04:00:00+00:00
1757145600000,859.79,862.92,856.94,861.63,91421.71,2025-09-06 08:00:00+00:00
1757160000000,861.62,865.77,859.3,860.01,90925.45,2025-09-06 12:00:00+00:00
1757174400000,860.01,862.25,857.86,858.23,47487.23,2025-09-06 16:00:00+00:00
1757188800000,858.22,863.78,857.0,861.47,38132.32,2025-09-06 20:00:00+00:00
1757203200000,861.47,868.97,861.12,866.65,71791.94,2025-09-07 00:00:00+00:00
1757217600000,866.64,868.5,865.04,868.18,48694.56,2025-09-07 04:00:00+00:00
1757232000000,868.18,874.85,867.78,874.11,88735.86,2025-09-07 08:00:00+00:00
1757246400000,874.11,875.99,870.01,875.12,65345.23,2025-09-07 12:00:00+00:00
1757260800000,875.12,877.4,872.84,875.9,51114.49,2025-09-07 16:00:00+00:00
1757275200000,875.91,884.97,873.69,880.67,82724.71,2025-09-07 20:00:00+00:00
1757289600000,880.68,886.59,878.25,882.5,116156.08,2025-09-08 00:00:00+00:00
1757304000000,882.51,882.92,871.39,874.54,100093.42,2025-09-08 04:00:00+00:00
1757318400000,874.54,879.75,870.01,879.19,105771.22,2025-09-08 08:00:00+00:00
1757332800000,879.18,883.44,877.56,880.58,79088.39,2025-09-08 12:00:00+00:00
1757347200000,880.58,882.5,876.52,878.12,51465.48,2025-09-08 16:00:00+00:00
1757361600000,878.13,882.97,877.6,878.55,42743.11,2025-09-08 20:00:00+00:00
1757376000000,878.54,880.38,872.01,875.55,66128.85,2025-09-09 00:00:00+00:00
1757390400000,875.55,884.92,874.51,881.75,80005.89,2025-09-09 04:00:00+00:00
1757404800000,881.74,885.42,880.6,880.68,60845.51,2025-09-09 08:00:00+00:00
1757419200000,880.69,882.73,871.72,873.72,128222.36,2025-09-09 12:00:00+00:00
1757433600000,873.72,877.87,873.08,877.43,36567.37,2025-09-09 16:00:00+00:00
1757448000000,877.44,884.0,874.83,880.3,63321.57,2025-09-09 20:00:00+00:00
1757462400000,880.29,883.1,877.51,881.01,49109.97,2025-09-10 00:00:00+00:00
1757476800000,881.02,886.38,879.15,884.03,68009.21,2025-09-10 04:00:00+00:00
1757491200000,884.04,885.92,881.79,885.15,62245.14,2025-09-10 08:00:00+00:00
1757505600000,885.14,908.1,884.76,896.04,458819.6,2025-09-10 12:00:00+00:00
1757520000000,896.04,899.96,888.8,891.21,108468.14,2025-09-10 16:00:00+00:00
1757534400000,891.2,895.77,888.57,894.14,76409.89,2025-09-10 20:00:00+00:00
1757548800000,894.14,895.67,888.82,895.0,69281.03,2025-09-11 00:00:00+00:00
1757563200000,895.01,899.08,892.88,896.92,73585.75,2025-09-11 04:00:00+00:00
1757577600000,896.93,902.96,895.2,899.65,83085.62,2025-09-11 08:00:00+00:00
1757592000000,899.66,905.45,884.04,893.57,202014.65,2025-09-11 12:00:00+00:00
1757606400000,893.57,898.32,893.52,897.21,54331.04,2025-09-11 16:00:00+00:00
1757620800000,897.22,903.96,895.67,903.13,56023.03,2025-09-11 20:00:00+00:00
1757635200000,903.13,909.59,902.0,905.25,108420.59,2025-09-12 00:00:00+00:00
1757649600000,905.25,910.3,903.6,903.93,108229.93,2025-09-12 04:00:00+00:00
1757664000000,903.96,909.88,902.86,906.0,84825.0,2025-09-12 08:00:00+00:00
1757678400000,906.0,910.85,904.51,907.44,84419.94,2025-09-12 12:00:00+00:00
1757692800000,907.43,926.7,907.4,924.76,189830.47,2025-09-12 16:00:00+00:00
1757707200000,924.75,930.6,922.65,925.5,93475.46,2025-09-12 20:00:00+00:00
1757721600000,925.5,930.0,924.21,928.33,81208.43,2025-09-13 00:00:00+00:00
1757736000000,928.33,928.55,924.61,925.65,59933.41,2025-09-13 04:00:00+00:00
1757750400000,925.65,944.1,924.9,941.84,212703.15,2025-09-13 08:00:00+00:00
1757764800000,941.84,944.5,932.2,937.17,173208.85,2025-09-13 12:00:00+00:00
1757779200000,937.16,938.56,922.45,930.57,160797.37,2025-09-13 16:00:00+00:00
1757793600000,930.58,934.61,929.02,934.21,49169.52,2025-09-13 20:00:00+00:00
1757808000000,934.22,938.77,929.68,931.68,91456.31,2025-09-14 00:00:00+00:00
1757822400000,931.68,945.98,928.18,938.2,118199.06,2025-09-14 04:00:00+00:00
1757836800000,938.2,941.94,931.48,932.21,71913.72,2025-09-14 08:00:00+00:00
1757851200000,932.2,937.16,923.15,924.87,132577.81,2025-09-14 12:00:00+00:00
1757865600000,924.86,929.61,923.92,928.09,69288.88,2025-09-14 16:00:00+00:00
1757880000000,928.08,934.78,925.56,926.82,67299.52,2025-09-14 20:00:00+00:00
1757894400000,926.82,933.51,922.5,932.74,74349.56,2025-09-15 00:00:00+00:00
1757908800000,932.75,936.13,922.73,923.84,97557.1,2025-09-15 04:00:00+00:00
1757923200000,923.84,923.84,911.0,920.46,209695.59,2025-09-15 08:00:00+00:00
1757937600000,920.45,923.59,912.8,916.95,105538.84,2025-09-15 12:00:00+00:00
1757952000000,916.94,922.56,913.17,919.94,52547.59,2025-09-15 16:00:00+00:00
1757966400000,919.95,922.94,918.66,920.12,26370.59,2025-09-15 20:00:00+00:00
1757980800000,920.11,923.34,917.05,921.76,49919.16,2025-09-16 00:00:00+00:00
1757995200000,921.76,932.99,917.22,931.46,114494.58,2025-09-16 04:00:00+00:00
1758009600000,931.47,934.0,925.1,927.82,73885.28,2025-09-16 08:00:00+00:00
1758024000000,927.83,938.52,922.18,938.0,169335.99,2025-09-16 12:00:00+00:00
1758038400000,938.0,957.94,932.73,955.42,383559.05,2025-09-16 16:00:00+00:00
1758052800000,955.42,960.03,954.32,956.26,113611.22,2025-09-16 20:00:00+00:00
1758067200000,956.26,963.7,954.9,957.6,163708.88,2025-09-17 00:00:00+00:00
1758081600000,957.6,959.83,947.35,955.4,188917.28,2025-09-17 04:00:00+00:00
1758096000000,955.39,957.81,951.8,954.0,97499.71,2025-09-17 08:00:00+00:00
1758110400000,954.0,955.01,947.97,951.78,107472.53,2025-09-17 12:00:00+00:00
1758124800000,951.78,963.5,946.48,957.0,295375.34,2025-09-17 16:00:00+00:00
1758139200000,956.97,996.6,952.59,990.81,505408.78,2025-09-17 20:00:00+00:00
1758153600000,990.81,997.75,979.66,996.32,240965.47,2025-09-18 00:00:00+00:00
1758168000000,996.31,1001.48,987.56,998.82,253425.16,2025-09-18 04:00:00+00:00
1758182400000,998.81,1008.19,991.24,992.41,372184.62,2025-09-18 08:00:00+00:00
1758196800000,992.42,999.5,991.45,994.02,139525.77,2025-09-18 12:00:00+00:00
1758211200000,994.01,995.95,986.22,988.56,140009.96,2025-09-18 16:00:00+00:00
1758225600000,988.56,989.7,980.01,981.78,125481.68,2025-09-18 20:00:00+00:00
1758240000000,981.78,989.2,981.0,985.31,129073.8,2025-09-19 00:00:00+00:00
1758254400000,985.3,998.0,982.43,995.17,241967.37,2025-09-19 04:00:00+00:00
1758268800000,995.17,1004.0,985.45,986.43,304819.53,2025-09-19 08:00:00+00:00
1758283200000,986.43,993.07,974.37,983.23,269164.89,2025-09-19 12:00:00+00:00
1758297600000,983.23,985.26,975.27,978.78,111761.56,2025-09-19 16:00:00+00:00
1758312000000,978.77,985.84,977.63,984.48,89603.81,2025-09-19 20:00:00+00:00
1758326400000,984.48,993.59,983.2,991.99,121524.56,2025-09-20 00:00:00+00:00
1758340800000,991.99,1002.58,991.09,999.86,188229.07,2025-09-20 04:00:00+00:00
1758355200000,999.87,1006.19,994.0,1002.21,262604.65,2025-09-20 08:00:00+00:00
1758369600000,1002.21,1028.45,998.92,1021.67,440635.26,2025-09-20 12:00:00+00:00
1758384000000,1021.63,1029.81,1015.5,1019.53,293165.61,2025-09-20 16:00:00+00:00
1758398400000,1019.53,1050.0,1018.76,1044.27,304267.39,2025-09-20 20:00:00+00:00
1758412800000,1044.28,1084.28,1039.75,1069.99,640981.63,2025-09-21 00:00:00+00:00
1758427200000,1069.99,1082.0,1059.2,1074.57,312530.71,2025-09-21 04:00:00+00:00
1758441600000,1074.57,1075.91,1051.0,1051.64,340037.17,2025-09-21 08:00:00+00:00
1758456000000,1051.65,1058.27,1044.15,1056.73,271419.2,2025-09-21 12:00:00+00:00
1758470400000,1056.73,1058.4,1040.02,1048.2,216840.0,2025-09-21 16:00:00+00:00
1758484800000,1048.2,1054.62,1041.67,1048.25,113084.18,2025-09-21 20:00:00+00:00
1758499200000,1048.25,1051.06,1025.03,1030.58,439923.75,2025-09-22 00:00:00+00:00
1758513600000,1030.57,1038.81,993.0,1024.43,539465.96,2025-09-22 04:00:00+00:00
1758528000000,1024.42,1036.75,1012.99,1019.05,284898.7,2025-09-22 08:00:00+00:00
1758542400000,1019.05,1028.6,994.86,998.33,386092.48,2025-09-22 12:00:00+00:00
1758556800000,998.34,999.17,976.88,981.59,377157.96,2025-09-22 16:00:00+00:00
1758571200000,981.55,994.98,979.29,993.51,160904.64,2025-09-22 20:00:00+00:00
1758585600000,993.51,998.0,963.12,983.11,333288.06,2025-09-23 00:00:00+00:00
1758600000000,983.1,1006.58,976.99,1002.16,328131.24,2025-09-23 04:00:00+00:00
1758614400000,1002.16,1014.57,997.07,1011.08,274244.45,2025-09-23 08:00:00+00:00
1758628800000,1011.07,1027.0,1009.45,1023.1,392856.39,2025-09-23 12:00:00+00:00
1758643200000,1023.11,1028.14,1006.95,1009.82,272569.58,2025-09-23 16:00:00+00:00
1758657600000,1009.8,1021.68,1008.84,1016.87,101424.51,2025-09-23 20:00:00+00:00
1758672000000,1016.86,1027.38,1002.54,1002.96,257174.67,2025-09-24 00:00:00+00:00
1758686400000,1002.96,1019.53,991.18,1018.4,286574.56,2025-09-24 04:00:00+00:00
1758700800000,1018.4,1034.96,1013.1,1016.63,332378.88,2025-09-24 08:00:00+00:00
1758715200000,1016.63,1021.85,1008.0,1009.86,217865.32,2025-09-24 12:00:00+00:00
1758729600000,1009.86,1019.99,1008.26,1016.2,100692.23,2025-09-24 16:00:00+00:00
1758744000000,1016.2,1020.0,1012.54,1018.81,75103.97,2025-09-24 20:00:00+00:00
1758758400000,1018.81,1020.33,996.0,1000.12,250040.13,2025-09-25 00:00:00+00:00
1758772800000,1000.11,1001.0,986.0,992.4,269580.79,2025-09-25 04:00:00+00:00
1758787200000,992.4,996.87,981.57,986.56,176644.53,2025-09-25 08:00:00+00:00
1758801600000,986.55,1001.09,980.0,995.75,298329.63,2025-09-25 12:00:00+00:00
1758816000000,995.75,997.8,950.84,959.34,602814.25,2025-09-25 16:00:00+00:00
1758830400000,959.35,961.67,940.0,946.49,231838.09,2025-09-25 20:00:00+00:00
1758844800000,946.49,960.0,941.38,946.12,195765.35,2025-09-26 00:00:00+00:00
1758859200000,946.11,950.53,936.6,949.99,195288.4,2025-09-26 04:00:00+00:00
1758873600000,950.0,951.4,932.67,937.83,198382.67,2025-09-26 08:00:00+00:00
1758888000000,937.82,952.4,932.8,942.68,252557.87,2025-09-26 12:00:00+00:00
1758902400000,942.69,966.66,941.71,955.01,237575.39,2025-09-26 16:00:00+00:00
1758916800000,955.02,961.28,951.76,961.28,70514.25,2025-09-26 20:00:00+00:00
1758931200000,961.27,967.87,955.82,966.82,106732.09,2025-09-27 00:00:00+00:00
1758945600000,966.82,974.24,965.05,972.56,127052.43,2025-09-27 04:00:00+00:00
1758960000000,972.56,975.7,965.55,970.75,117856.55,2025-09-27 08:00:00+00:00
1758974400000,970.76,986.55,968.88,976.75,172326.99,2025-09-27 12:00:00+00:00
1758988800000,976.75,977.55,965.01,969.99,123803.64,2025-09-27 16:00:00+00:00
1759003200000,969.99,978.14,967.59,968.71,72998.22,2025-09-27 20:00:00+00:00
1759017600000,968.71,975.31,965.62,974.47,96009.26,2025-09-28 00:00:00+00:00
1759032000000,974.46,975.64,968.73,969.86,59847.46,2025-09-28 04:00:00+00:00
1759046400000,969.86,973.51,963.06,973.42,114573.72,2025-09-28 08:00:00+00:00
1759060800000,973.42,979.72,966.44,976.43,114726.46,2025-09-28 12:00:00+00:00
1759075200000,976.44,981.04,975.53,978.3,84259.6,2025-09-28 16:00:00+00:00
1759089600000,978.3,993.58,977.8,993.09,125936.32,2025-09-28 20:00:00+00:00
1759104000000,993.1,1012.0,991.41,1010.96,216534.78,2025-09-29 00:00:00+00:00
1759118400000,1010.96,1014.55,1006.11,1010.49,153295.83,2025-09-29 04:00:00+00:00
1759132800000,1010.5,1013.57,1002.82,1005.64,135922.65,2025-09-29 08:00:00+00:00
1759147200000,1005.64,1023.67,1000.29,1011.15,276213.9,2025-09-29 12:00:00+00:00
1759161600000,1011.16,1021.87,1004.0,1020.56,150420.05,2025-09-29 16:00:00+00:00
1759176000000,1020.57,1036.78,1019.36,1030.43,197137.33,2025-09-29 20:00:00+00:00
1759190400000,1030.43,1034.5,1022.0,1023.96,132123.03,2025-09-30 00:00:00+00:00
1759204800000,1023.97,1028.64,1017.23,1020.63,118265.96,2025-09-30 04:00:00+00:00
1759219200000,1020.63,1022.09,1007.16,1015.07,205628.53,2025-09-30 08:00:00+00:00
1759233600000,1015.07,1015.36,993.2,998.71,234742.53,2025-09-30 12:00:00+00:00
1759248000000,998.7,1009.89,996.93,1007.55,141089.27,2025-09-30 16:00:00+00:00
1759262400000,1007.55,1010.81,1001.47,1008.77,99977.03,2025-09-30 20:00:00+00:00
1759276800000,1008.77,1016.18,1003.44,1005.09,127199.35,2025-10-01 00:00:00+00:00
1759291200000,1005.1,1013.65,1004.82,1010.23,72247.46,2025-10-01 04:00:00+00:00
1759305600000,1010.22,1036.56,1009.68,1023.43,277729.69,2025-10-01 08:00:00+00:00
1759320000000,1023.42,1028.82,1016.29,1019.35,173361.28,2025-10-01 12:00:00+00:00
1759334400000,1019.36,1025.62,1018.02,1019.97,101277.31,2025-10-01 16:00:00+00:00
1759348800000,1019.97,1026.94,1017.61,1026.85,64962.25,2025-10-01 20:00:00+00:00
1759363200000,1026.85,1038.19,1023.08,1031.25,203701.76,2025-10-02 00:00:00+00:00
1759377600000,1031.25,1041.92,1027.53,1036.43,126898.39,2025-10-02 04:00:00+00:00
1759392000000,1036.44,1050.26,1033.76,1047.96,142762.62,2025-10-02 08:00:00+00:00
1759406400000,1047.97,1064.29,1042.0,1056.12,323394.01,2025-10-02 12:00:00+00:00
1759420800000,1056.12,1077.74,1055.88,1074.62,199245.44,2025-10-02 16:00:00+00:00
1759435200000,1074.63,1100.34,1073.79,1090.91,314432.91,2025-10-02 20:00:00+00:00
1759449600000,1090.91,1113.36,1084.78,1108.64,273077.99,2025-10-03 00:00:00+00:00
1759464000000,1108.63,1113.47,1085.31,1087.01,289802.32,2025-10-03 04:00:00+00:00
1759478400000,1087.01,1115.61,1084.5,1107.05,247711.9,2025-10-03 08:00:00+00:00
1759492800000,1107.06,1169.28,1103.05,1165.84,716579.84,2025-10-03 12:00:00+00:00
1759507200000,1165.97,1180.0,1093.78,1171.34,758656.99,2025-10-03 16:00:00+00:00
1759521600000,1171.34,1193.39,1165.52,1190.39,319568.91,2025-10-03 20:00:00+00:00
1759536000000,1190.39,1191.11,1164.49,1170.98,292526.22,2025-10-04 00:00:00+00:00
1759550400000,1170.98,1183.45,1166.0,1167.41,188539.61,2025-10-04 04:00:00+00:00
1759564800000,1167.41,1169.76,1145.68,1152.42,273059.72,2025-10-04 08:00:00+00:00
1759579200000,1152.42,1154.78,1140.5,1145.35,236969.67,2025-10-04 12:00:00+00:00
1759593600000,1145.37,1159.47,1138.0,1147.69,190705.54,2025-10-04 16:00:00+00:00
1759608000000,1147.7,1157.36,1145.32,1151.46,101305.21,2025-10-04 20:00:00+00:00
1759622400000,1151.45,1169.95,1144.0,1163.63,241081.16,2025-10-05 00:00:00+00:00
1759636800000,1163.63,1189.9,1163.51,1178.35,321219.57,2025-10-05 04:00:00+00:00
1759651200000,1178.35,1180.63,1154.3,1168.14,268134.53,2025-10-05 08:00:00+00:00
1759665600000,1168.14,1171.77,1157.11,1158.99,152412.42,2025-10-05 12:00:00+00:00
1759680000000,1159.0,1170.5,1148.68,1150.51,165894.31,2025-10-05 16:00:00+00:00
1759694400000,1150.5,1167.99,1148.34,1167.98,90241.7,2025-10-05 20:00:00+00:00
1759708800000,1167.99,1184.86,1162.27,1183.14,261911.09,2025-10-06 00:00:00+00:00
1759723200000,1183.13,1225.0,1179.12,1199.08,728187.96,2025-10-06 04:00:00+00:00
1759737600000,1199.08,1223.8,1199.0,1223.18,344105.83,2025-10-06 08:00:00+00:00
1759752000000,1223.19,1240.26,1210.24,1222.1,592447.56,2025-10-06 12:00:00+00:00
1759766400000,1222.1,1228.56,1214.29,1225.86,247358.84,2025-10-06 16:00:00+00:00
1759780800000,1225.85,1231.4,1218.49,1223.97,149748.78,2025-10-06 20:00:00+00:00
1759795200000,1223.95,1230.58,1203.33,1223.8,255584.65,2025-10-07 00:00:00+00:00
1759809600000,1223.8,1265.0,1220.83,1250.54,621681.34,2025-10-07 04:00:00+00:00
1759824000000,1250.54,1318.6,1231.36,1314.02,1039849.76,2025-10-07 08:00:00+00:00
1759838400000,1314.01,1362.91,1261.45,1281.57,1806106.57,2025-10-07 12:00:00+00:00
1759852800000,1281.57,1303.06,1266.38,1297.77,654022.52,2025-10-07 16:00:00+00:00
1759867200000,1297.78,1328.9,1296.36,1305.33,490237.09,2025-10-07 20:00:00+00:00
1759881600000,1305.32,1335.32,1271.39,1276.29,723493.61,2025-10-08 00:00:00+00:00
1759896000000,1276.29,1314.04,1264.28,1312.29,484740.29,2025-10-08 04:00:00+00:00
1759910400000,1312.28,1327.95,1302.01,1313.5,476116.22,2025-10-08 08:00:00+00:00
1759924800000,1313.51,1321.0,1280.0,1293.47,609545.72,2025-10-08 12:00:00+00:00
1759939200000,1293.48,1323.33,1288.61,1316.0,366444.56,2025-10-08 16:00:00+00:00
1759953600000,1316.0,1325.2,1294.57,1306.84,214795.77,2025-10-08 20:00:00+00:00
1759968000000,1306.84,1317.49,1254.03,1279.14,576135.87,2025-10-09 00:00:00+00:00
1759982400000,1279.14,1319.99,1272.0,1308.86,553045.67,2025-10-09 04:00:00+00:00
1759996800000,1308.85,1309.51,1268.0,1281.67,585875.47,2025-10-09 08:00:00+00:00
1760011200000,1281.67,1291.68,1228.15,1240.65,867934.23,2025-10-09 12:00:00+00:00
1760025600000,1240.65,1248.27,1225.55,1242.36,369025.24,2025-10-09 16:00:00+00:00
1760040000000,1242.4,1261.49,1240.62,1256.16,156894.33,2025-10-09 20:00:00+00:00
1760054400000,1256.16,1270.0,1245.0,1260.32,252843.5,2025-10-10 00:00:00+00:00
1760068800000,1260.32,1279.14,1258.61,1264.22,277642.73,2025-10-10 04:00:00+00:00
1760083200000,1264.23,1274.36,1246.12,1271.2,304564.43,2025-10-10 08:00:00+00:00
1760097600000,1271.19,1274.83,1205.96,1216.5,745909.46,2025-10-10 12:00:00+00:00
1760112000000,1216.49,1248.24,1211.0,1236.67,627352.08,2025-10-10 16:00:00+00:00
1760126400000,1236.53,1244.32,823.6,1102.85,2408855.52,2025-10-10 20:00:00+00:00
1760140800000,1102.99,1143.87,1075.01,1127.82,706277.39,2025-10-11 00:00:00+00:00
1760155200000,1127.8,1140.25,1085.0,1094.94,414195.25,2025-10-11 04:00:00+00:00
1760169600000,1094.89,1140.94,1090.75,1130.39,316868.57,2025-10-11 08:00:00+00:00
1760184000000,1130.39,1159.2,1109.86,1143.33,286506.98,2025-10-11 12:00:00+00:00
1760198400000,1143.32,1183.13,1135.0,1140.91,375301.89,2025-10-11 16:00:00+00:00
1760212800000,1140.9,1147.25,1106.02,1134.93,340260.42,2025-10-11 20:00:00+00:00
1760227200000,1134.95,1137.64,1107.1,1121.01,304511.34,2025-10-12 00:00:00+00:00
1760241600000,1121.08,1168.25,1117.11,1160.54,316990.45,2025-10-12 04:00:00+00:00
1760256000000,1160.46,1229.7,1154.06,1228.82,630184.64,2025-10-12 08:00:00+00:00
1760270400000,1228.82,1307.51,1219.66,1301.48,1153126.4,2025-10-12 12:00:00+00:00
1760284800000,1301.47,1312.87,1274.3,1296.57,577950.95,2025-10-12 16:00:00+00:00
1760299200000,1296.57,1320.97,1275.61,1302.92,402284.5,2025-10-12 20:00:00+00:00
1760313600000,1302.92,1323.0,1290.89,1295.99,419469.07,2025-10-13 00:00:00+00:00
1760328000000,1295.99,1354.0,1282.32,1342.39,764481.8,2025-10-13 04:00:00+00:00
1760342400000,1342.39,1374.61,1266.0,1294.62,1453427.49,2025-10-13 08:00:00+00:00
1760356800000,1294.63,1304.88,1250.01,1273.24,903079.27,2025-10-13 12:00:00+00:00
1760371200000,1273.24,1288.0,1260.4,1270.86,407020.97,2025-10-13 16:00:00+00:00
1760385600000,1270.88,1298.17,1270.5,1293.71,234226.78,2025-10-13 20:00:00+00:00
1760400000000,1293.7,1317.02,1270.76,1277.77,394038.9,2025-10-14 00:00:00+00:00
1760414400000,1277.78,1279.92,1179.57,1194.74,1062306.23,2025-10-14 04:00:00+00:00
1760428800000,1194.74,1212.07,1163.61,1170.43,694601.37,2025-10-14 08:00:00+00:00
1760443200000,1170.42,1214.0,1142.79,1211.78,978037.26,2025-10-14 12:00:00+00:00
1760457600000,1211.78,1248.81,1190.27,1205.69,793819.83,2025-10-14 16:00:00+00:00
1760472000000,1205.64,1221.69,1202.43,1208.03,180417.0,2025-10-14 20:00:00+00:00
1760486400000,1208.03,1223.09,1199.1,1206.21,219756.92,2025-10-15 00:00:00+00:00
1760500800000,1206.21,1216.38,1176.27,1189.68,294627.49,2025-10-15 04:00:00+00:00
1760515200000,1189.67,1215.27,1176.19,1184.7,349928.75,2025-10-15 08:00:00+00:00
1760529600000,1184.7,1191.28,1164.11,1168.49,421688.13,2025-10-15 12:00:00+00:00
1760544000000,1168.5,1188.0,1156.0,1164.37,348433.82,2025-10-15 16:00:00+00:00
1760558400000,1164.37,1170.72,1148.53,1163.09,191323.25,2025-10-15 20:00:00+00:00
1760572800000,1163.09,1195.59,1158.89,1183.98,258432.13,2025-10-16 00:00:00+00:00
1760587200000,1183.98,1192.46,1173.54,1183.56,225519.47,2025-10-16 04:00:00+00:00
1760601600000,1183.56,1194.28,1169.0,1181.39,388232.73,2025-10-16 08:00:00+00:00
1760616000000,1181.4,1190.78,1131.4,1134.97,438526.73,2025-10-16 12:00:00+00:00
1760630400000,1134.97,1157.29,1121.82,1145.52,487528.37,2025-10-16 16:00:00+00:00
1760644800000,1145.54,1164.96,1140.91,1144.65,171729.32,2025-10-16 20:00:00+00:00
1760659200000,1144.65,1156.69,1137.04,1150.56,145682.0,2025-10-17 00:00:00+00:00
1760673600000,1150.56,1154.24,1059.37,1062.76,632932.27,2025-10-17 04:00:00+00:00
1760688000000,1062.77,1079.1,1021.0,1071.21,1122059.04,2025-10-17 08:00:00+00:00
1760702400000,1071.22,1076.34,1046.61,1073.8,492074.53,2025-10-17 12:00:00+00:00
1760716800000,1073.76,1092.85,1062.5,1066.38,362618.84,2025-10-17 16:00:00+00:00
1760731200000,1066.39,1090.18,1063.92,1070.3,143487.15,2025-10-17 20:00:00+00:00
1760745600000,1070.3,1094.21,1068.43,1089.47,173014.63,2025-10-18 00:00:00+00:00
1760760000000,1089.46,1130.98,1079.01,1118.03,361237.12,2025-10-18 04:00:00+00:00
1760774400000,1118.02,1124.32,1095.01,1102.76,283949.08,2025-10-18 08:00:00+00:00
1760788800000,1102.76,1104.88,1082.17,1090.7,242790.89,2025-10-18 12:00:00+00:00
1760803200000,1090.71,1103.16,1080.8,1102.35,131917.33,2025-10-18 16:00:00+00:00
1760817600000,1102.34,1104.79,1083.7,1092.0,96615.14,2025-10-18 20:00:00+00:00
1760832000000,1092.0,1093.8,1075.61,1091.27,129935.09,2025-10-19 00:00:00+00:00
1760846400000,1091.27,1096.93,1081.67,1083.92,115709.93,2025-10-19 04:00:00+00:00
1760860800000,1083.92,1109.65,1067.7,1099.88,409938.83,2025-10-19 08:00:00+00:00
1760875200000,1099.88,1121.98,1091.45,1117.95,295411.27,2025-10-19 12:00:00+00:00
1760889600000,1117.96,1133.0,1114.34,1116.19,188241.68,2025-10-19 16:00:00+00:00
1760904000000,1116.19,1121.28,1106.7,1109.08,87033.87,2025-10-19 20:00:00+00:00
1760918400000,1109.07,1130.42,1086.87,1127.94,243120.76,2025-10-20 00:00:00+00:00
1760932800000,1127.94,1142.74,1120.11,1124.13,273255.65,2025-10-20 04:00:00+00:00
1760947200000,1124.13,1129.2,1109.5,1114.51,230902.4,2025-10-20 08:00:00+00:00
1760961600000,1114.5,1116.57,1098.32,1109.88,268761.23,2025-10-20 12:00:00+00:00
1760976000000,1109.88,1110.02,1087.0,1100.3,278825.97,2025-10-20 16:00:00+00:00
1760990400000,1100.3,1104.19,1091.85,1099.72,71897.62,2025-10-20 20:00:00+00:00
1761004800000,1099.73,1101.76,1077.17,1081.32,176837.25,2025-10-21 00:00:00+00:00
1761019200000,1081.32,1081.7,1061.35,1071.97,279651.05,2025-10-21 04:00:00+00:00
1761033600000,1071.98,1079.71,1065.38,1076.4,153322.22,2025-10-21 08:00:00+00:00
1761048000000,1076.4,1114.65,1068.3,1111.91,433598.84,2025-10-21 12:00:00+00:00
1761062400000,1111.9,1113.3,1080.55,1089.77,318159.32,2025-10-21 16:00:00+00:00
1761076800000,1089.77,1091.11,1051.01,1056.56,249785.13,2025-10-21 20:00:00+00:00
1761091200000,1056.56,1070.34,1052.77,1067.22,179605.98,2025-10-22 00:00:00+00:00
1761105600000,1067.22,1074.04,1060.44,1070.74,114008.68,2025-10-22 04:00:00+00:00
1761120000000,1070.74,1073.83,1057.46,1068.69,162465.62,2025-10-22 08:00:00+00:00
1761134400000,1068.7,1083.64,1064.51,1080.49,345985.12,2025-10-22 12:00:00+00:00
1761148800000,1080.5,1081.73,1062.51,1069.32,155510.72,2025-10-22 16:00:00+00:00
1761163200000,1069.33,1073.52,1052.03,1071.37,172528.57,2025-10-22 20:00:00+00:00
1761177600000,1071.38,1091.54,1071.34,1086.72,157531.46,2025-10-23 00:00:00+00:00
1761192000000,1086.73,1110.5,1082.72,1108.8,264425.96,2025-10-23 04:00:00+00:00
1761206400000,1108.79,1122.0,1092.56,1094.27,437620.92,2025-10-23 08:00:00+00:00
1761220800000,1094.27,1159.84,1076.37,1130.0,1030994.73,2025-10-23 12:00:00+00:00
1761235200000,1130.0,1139.94,1104.41,1116.78,424028.46,2025-10-23 16:00:00+00:00
1761249600000,1116.77,1128.85,1110.0,1125.61,135274.12,2025-10-23 20:00:00+00:00
1761264000000,1125.61,1139.51,1125.36,1134.78,221265.66,2025-10-24 00:00:00+00:00
1761278400000,1134.78,1143.92,1122.0,1124.88,206728.3,2025-10-24 04:00:00+00:00
1761292800000,1124.87,1134.72,1119.46,1124.77,162755.69,2025-10-24 08:00:00+00:00
1761307200000,1124.76,1137.53,1101.93,1103.58,314598.89,2025-10-24 12:00:00+00:00
1761321600000,1103.58,1113.61,1096.32,1108.97,145213.13,2025-10-24 16:00:00+00:00
1761336000000,1108.97,1112.91,1106.05,1108.16,61136.35,2025-10-24 20:00:00+00:00
1761350400000,1108.16,1117.65,1100.0,1116.37,115906.79,2025-10-25 00:00:00+00:00
1761364800000,1116.37,1118.42,1110.0,1111.92,95019.84,2025-10-25 04:00:00+00:00
1761379200000,1111.92,1117.69,1108.93,1114.92,87719.94,2025-10-25 08:00:00+00:00
1761393600000,1114.91,1117.5,1105.01,1108.14,99315.93,2025-10-25 12:00:00+00:00
1761408000000,1108.14,1116.83,1107.04,1115.91,60415.89,2025-10-25 16:00:00+00:00
1761422400000,1115.94,1120.9,1112.3,1116.35,51016.1,2025-10-25 20:00:00+00:00
1761436800000,1116.35,1124.22,1114.23,1116.59,97964.78,2025-10-26 00:00:00+00:00
1761451200000,1116.59,1122.22,1115.48,1120.17,50763.05,2025-10-26 04:00:00+00:00
1761465600000,1120.17,1135.8,1120.0,1134.79,194434.8,2025-10-26 08:00:00+00:00
1761480000000,1134.79,1138.74,1126.33,1132.89,189684.8,2025-10-26 12:00:00+00:00
1761494400000,1132.89,1133.42,1122.62,1126.37,81469.98,2025-10-26 16:00:00+00:00
1761508800000,1126.36,1142.99,1122.35,1137.87,130118.54,2025-10-26 20:00:00+00:00
1761523200000,1137.87,1163.61,1136.81,1151.06,240950.9,2025-10-27 00:00:00+00:00
1761537600000,1151.07,1161.7,1140.0,1157.01,255366.31,2025-10-27 04:00:00+00:00
1761552000000,1157.01,1180.23,1147.2,1180.04,319220.25,2025-10-27 08:00:00+00:00
1761566400000,1180.05,1182.76,1129.0,1143.0,488166.93,2025-10-27 12:00:00+00:00
1761580800000,1143.0,1153.0,1141.28,1144.75,142794.8,2025-10-27 16:00:00+00:00
1761595200000,1144.75,1147.09,1132.01,1138.38,119479.07,2025-10-27 20:00:00+00:00
1761609600000,1138.37,1147.33,1130.4,1137.94,122713.55,2025-10-28 00:00:00+00:00
1761624000000,1137.93,1143.24,1120.1,1131.62,165627.87,2025-10-28 04:00:00+00:00
1761638400000,1131.63,1138.44,1129.03,1131.63,84093.0,2025-10-28 08:00:00+00:00
1761652800000,1131.62,1147.17,1126.49,1135.2,207038.43,2025-10-28 12:00:00+00:00
1761667200000,1135.21,1148.9,1125.59,1128.22,152525.72,2025-10-28 16:00:00+00:00
1761681600000,1128.23,1128.77,1070.95,1102.35,420323.69,2025-10-28 20:00:00+00:00
1761696000000,1102.34,1108.13,1098.05,1103.82,123741.5,2025-10-29 00:00:00+00:00
1761710400000,1103.81,1120.24,1103.0,1115.71,156105.49,2025-10-29 04:00:00+00:00
1761724800000,1115.72,1119.5,1110.45,1113.66,282961.48,2025-10-29 08:00:00+00:00
1761739200000,1113.67,1118.54,1096.2,1099.36,173055.93,2025-10-29 12:00:00+00:00
1761753600000,1099.36,1114.13,1081.82,1107.28,350146.03,2025-10-29 16:00:00+00:00
1761768000000,1107.3,1119.57,1103.19,1107.7,96120.34,2025-10-29 20:00:00+00:00
1761782400000,1107.69,1119.61,1104.62,1117.92,93712.67,2025-10-30 00:00:00+00:00
1761796800000,1117.92,1118.46,1088.54,1117.98,222913.96,2025-10-30 04:00:00+00:00
1761811200000,1117.98,1129.87,1107.08,1111.4,230367.16,2025-10-30 08:00:00+00:00
1761825600000,1111.39,1113.99,1073.82,1076.36,377885.95,2025-10-30 12:00:00+00:00
1761840000000,1076.35,1083.5,1058.0,1061.0,210958.07,2025-10-30 16:00:00+00:00
1761854400000,1060.99,1078.74,1040.37,1078.15,292276.27,2025-10-30 20:00:00+00:00
1761868800000,1078.15,1087.95,1074.19,1085.39,166407.66,2025-10-31 00:00:00+00:00
1761883200000,1085.4,1103.46,1084.51,1097.97,203273.63,2025-10-31 04:00:00+00:00
1761897600000,1097.97,1104.34,1077.63,1088.43,572946.79,2025-10-31 08:00:00+00:00
1761912000000,1088.42,1093.1,1077.08,1084.05,248344.47,2025-10-31 12:00:00+00:00
1761926400000,1084.04,1091.38,1071.1,1089.35,142501.9,2025-10-31 16:00:00+00:00
1761940800000,1089.34,1090.0,1083.2,1088.13,49578.26,2025-10-31 20:00:00+00:00
1761955200000,1088.12,1093.53,1081.46,1089.36,107037.68,2025-11-01 00:00:00+00:00
1761969600000,1089.36,1090.92,1084.0,1086.03,54738.59,2025-11-01 04:00:00+00:00
1761984000000,1086.02,1088.88,1085.1,1088.48,43116.05,2025-11-01 08:00:00+00:00
1761998400000,1088.48,1094.84,1081.1,1091.91,98781.38,2025-11-01 12:00:00+00:00
1762012800000,1091.91,1096.0,1089.5,1094.24,65918.56,2025-11-01 16:00:00+00:00
1762027200000,1094.23,1096.75,1089.62,1094.22,32987.81,2025-11-01 20:00:00+00:00
1762041600000,1094.23,1094.59,1087.48,1089.22,49179.54,2025-11-02 00:00:00+00:00
1762056000000,1089.22,1094.64,1087.42,1093.01,55051.48,2025-11-02 04:00:00+00:00
1762070400000,1093.01,1094.0,1079.5,1087.49,78214.72,2025-11-02 08:00:00+00:00
1762084800000,1087.5,1087.67,1078.0,1080.11,85989.93,2025-11-02 12:00:00+00:00
1762099200000,1080.11,1080.17,1071.2,1078.35,74730.61,2025-11-02 16:00:00+00:00
1762113600000,1078.34,1085.75,1076.12,1082.98,59276.01,2025-11-02 20:00:00+00:00
1762128000000,1082.98,1087.29,1040.13,1043.1,261855.72,2025-11-03 00:00:00+00:00
1762142400000,1043.1,1048.68,1023.6,1029.02,251043.86,2025-11-03 04:00:00+00:00
1762156800000,1029.02,1031.6,1007.58,1015.96,287588.95,2025-11-03 08:00:00+00:00
1762171200000,1015.97,1024.71,951.0,979.82,579441.8,2025-11-03 12:00:00+00:00
1762185600000,979.83,1010.0,976.18,995.83,301696.8,2025-11-03 16:00:00+00:00
1762200000000,995.84,997.31,980.56,993.15,172926.2,2025-11-03 20:00:00+00:00
1762214400000,993.15,1000.7,981.81,998.81,144341.23,2025-11-04 00:00:00+00:00
1762228800000,998.82,1001.92,940.21,945.08,503462.14,2025-11-04 04:00:00+00:00
1762243200000,945.07,963.61,940.01,958.24,306776.89,2025-11-04 08:00:00+00:00
1762257600000,958.24,967.81,934.94,950.24,353710.71,2025-11-04 12:00:00+00:00
1762272000000,950.23,953.67,908.44,920.16,624680.22,2025-11-04 16:00:00+00:00
1762286400000,920.15,942.29,878.96,937.16,719610.64,2025-11-04 20:00:00+00:00
1762300800000,937.17,955.79,900.6,949.45,393017.66,2025-11-05 00:00:00+00:00
1762315200000,949.46,957.5,941.11,953.86,131549.79,2025-11-05 04:00:00+00:00
1762329600000,953.86,954.06,936.82,945.44,145506.58,2025-11-05 08:00:00+00:00
1762344000000,945.43,965.31,944.2,965.23,222460.22,2025-11-05 12:00:00+00:00
1762358400000,965.24,967.38,956.66,958.88,163530.32,2025-11-05 16:00:00+00:00
1762372800000,958.87,963.98,951.03,958.81,100615.5,2025-11-05 20:00:00+00:00
1762387200000,958.81,963.73,943.5,962.85,132503.05,2025-11-06 00:00:00+00:00
1762401600000,962.85,965.0,946.31,951.4,107265.26,2025-11-06 04:00:00+00:00
1762416000000,951.39,958.72,948.26,955.22,95082.35,2025-11-06 08:00:00+00:00
1762430400000,955.22,955.52,927.35,933.85,260626.43,2025-11-06 12:00:00+00:00
1762444800000,933.88,955.69,925.29,948.38,212735.5,2025-11-06 16:00:00+00:00
1762459200000,948.39,954.92,944.2,950.75,93831.14,2025-11-06 20:00:00+00:00
1762473600000,950.75,977.0,945.14,967.47,212364.15,2025-11-07 00:00:00+00:00
1762488000000,967.46,972.25,958.1,970.62,115915.32,2025-11-07 04:00:00+00:00
1762502400000,970.62,971.29,936.95,943.01,182406.08,2025-11-07 08:00:00+00:00
1762516800000,943.01,951.0,925.82,945.08,273305.68,2025-11-07 12:00:00+00:00
1762531200000,945.09,986.0,940.11,982.23,321406.71,2025-11-07 16:00:00+00:00
1762545600000,982.22,996.0,974.71,991.21,154033.05,2025-11-07 20:00:00+00:00
1762560000000,991.22,1007.49,980.24,996.36,216509.69,2025-11-08 00:00:00+00:00
1762574400000,996.36,1002.04,985.1,995.49,141835.59,2025-11-08 04:00:00+00:00
1762588800000,995.48,1003.39,986.59,989.28,132494.41,2025-11-08 08:00:00+00:00
1762603200000,989.28,998.36,982.87,990.78,128593.83,2025-11-08 12:00:00+00:00
1762617600000,990.77,1005.99,984.74,996.06,141816.8,2025-11-08 16:00:00+00:00
1762632000000,996.05,999.66,989.23,990.5,55479.45,2025-11-08 20:00:00+00:00
1762646400000,990.5,993.65,975.23,980.74,104311.75,2025-11-09 00:00:00+00:00
1762660800000,980.73,993.27,980.36,989.4,72695.78,2025-11-09 04:00:00+00:00
1762675200000,989.4,995.65,981.81,990.16,102256.23,2025-11-09 08:00:00+00:00
1762689600000,990.16,998.25,975.26,993.75,235249.21,2025-11-09 12:00:00+00:00
1762704000000,993.76,1004.97,990.37,1004.52,144029.64,2025-11-09 16:00:00+00:00
1762718400000,1004.52,1006.99,990.01,996.12,107572.61,2025-11-09 20:00:00+00:00
1762732800000,996.11,1019.15,990.78,1012.53,188708.42,2025-11-10 00:00:00+00:00
1762747200000,1012.54,1014.04,1003.0,1005.38,107905.7,2025-11-10 04:00:00+00:00
1762761600000,1005.38,1005.68,994.69,998.64,109143.31,2025-11-10 08:00:00+00:00
1762776000000,998.64,1003.53,975.5,979.17,195780.53,2025-11-10 12:00:00+00:00
1762790400000,979.17,988.85,975.01,987.1,104967.16,2025-11-10 16:00:00+00:00
1762804800000,987.1,995.86,982.57,991.55,72010.39,2025-11-10 20:00:00+00:00
1762819200000,991.55,1008.84,986.2,1000.92,179151.48,2025-11-11 00:00:00+00:00
1762833600000,1000.92,1003.66,971.0,973.72,181222.6,2025-11-11 04:00:00+00:00
1762848000000,973.71,982.78,972.38,979.98,79242.21,2025-11-11 08:00:00+00:00
1762862400000,979.98,984.65,970.89,975.62,130495.66,2025-11-11 12:00:00+00:00
1762876800000,975.61,977.6,960.5,961.13,144681.86,2025-11-11 16:00:00+00:00
1762891200000,961.13,965.59,955.72,957.89,99951.54,2025-11-11 20:00:00+00:00
1762905600000,957.88,965.57,955.0,960.98,90026.76,2025-11-12 00:00:00+00:00
1762920000000,960.99,962.42,951.16,952.77,70653.75,2025-11-12 04:00:00+00:00
1762934400000,952.77,975.0,952.77,971.12,137440.93,2025-11-12 08:00:00+00:00
1762948800000,971.13,978.79,945.55,948.86,224606.22,2025-11-12 12:00:00+00:00
1762963200000,948.86,954.52,937.2,948.11,178301.68,2025-11-12 16:00:00+00:00
1762977600000,948.11,957.42,946.18,952.51,53770.26,2025-11-12 20:00:00+00:00
1762992000000,952.51,963.68,945.62,959.05,105998.11,2025-11-13 00:00:00+00:00
1763006400000,959.05,970.88,956.76,964.66,110887.49,2025-11-13 04:00:00+00:00
1763020800000,964.66,967.95,959.61,966.98,76649.06,2025-11-13 08:00:00+00:00
1763035200000,966.98,968.09,952.25,957.36,160911.53,2025-11-13 12:00:00+00:00
1763049600000,957.35,959.44,911.02,913.74,331143.75,2025-11-13 16:00:00+00:00
1763064000000,913.75,932.42,906.14,926.67,192986.82,2025-11-13 20:00:00+00:00
1763078400000,926.68,933.3,918.48,923.68,168782.44,2025-11-14 00:00:00+00:00
1763092800000,923.69,926.96,898.0,922.98,262021.09,2025-11-14 04:00:00+00:00
1763107200000,922.95,923.08,904.9,909.51,145678.63,2025-11-14 08:00:00+00:00
1763121600000,909.51,931.97,888.07,926.12,458189.13,2025-11-14 12:00:00+00:00
1763136000000,926.16,933.99,919.03,932.27,155234.09,2025-11-14 16:00:00+00:00
1763150400000,932.28,934.0,908.25,915.69,132518.39,2025-11-14 20:00:00+00:00
1763164800000,915.7,936.64,915.42,932.36,121951.66,2025-11-15 00:00:00+00:00
1763179200000,932.36,937.68,927.55,936.81,70435.47,2025-11-15 04:00:00+00:00
1763193600000,936.82,939.6,929.18,931.0,105982.9,2025-11-15 08:00:00+00:00
1763208000000,931.0,938.56,929.33,936.83,61083.5,2025-11-15 12:00:00+00:00
1763222400000,936.83,945.74,931.2,941.83,72341.7,2025-11-15 16:00:00+00:00
1763236800000,941.82,942.04,926.14,932.79,80269.06,2025-11-15 20:00:00+00:00
1763251200000,932.8,942.1,921.8,941.57,104737.35,2025-11-16 00:00:00+00:00
1763265600000,941.56,948.98,938.18,943.93,76546.2,2025-11-16 04:00:00+00:00
1763280000000,943.94,950.58,930.51,932.13,101716.12,2025-11-16 08:00:00+00:00
1763294400000,932.13,939.62,922.05,923.73,137374.31,2025-11-16 12:00:00+00:00
1763308800000,923.74,930.61,908.57,920.19,288917.58,2025-11-16 16:00:00+00:00
1763323200000,920.19,932.23,910.05,927.15,127529.94,2025-11-16 20:00:00+00:00
1763337600000,927.15,940.54,920.2,935.2,149603.16,2025-11-17 00:00:00+00:00
1763352000000,935.19,938.44,930.71,935.89,58138.74,2025-11-17 04:00:00+00:00
1763366400000,935.89,939.48,931.6,933.88,72732.96,2025-11-17 08:00:00+00:00
1763380800000,933.88,935.18,901.09,911.92,426744.89,2025-11-17 12:00:00+00:00
1763395200000,911.92,922.55,893.02,897.36,318172.7,2025-11-17 16:00:00+00:00
1763409600000,897.37,911.4,891.2,907.32,172138.34,2025-11-17 20:00:00+00:00
1763424000000,907.32,919.3,884.07,903.68,390024.63,2025-11-18 00:00:00+00:00
1763438400000,903.7,914.29,893.22,910.97,206197.85,2025-11-18 04:00:00+00:00
1763452800000,910.96,926.37,910.5,916.1,152616.25,2025-11-18 08:00:00+00:00
1763467200000,916.11,928.2,911.06,926.84,196486.85,2025-11-18 12:00:00+00:00
1763481600000,926.84,939.87,924.75,936.43,160765.8,2025-11-18 16:00:00+00:00
1763496000000,936.43,937.86,929.01,933.35,60019.87,2025-11-18 20:00:00+00:00
1763510400000,933.35,941.85,925.31,932.83,138029.55,2025-11-19 00:00:00+00:00
1763524800000,932.83,933.56,913.45,931.62,180940.03,2025-11-19 04:00:00+00:00
1763539200000,931.62,934.87,919.62,922.07,112224.33,2025-11-19 08:00:00+00:00
1763553600000,922.07,926.0,892.96,894.96,249826.43,2025-11-19 12:00:00+00:00
1763568000000,894.97,899.94,872.03,878.68,322072.74,2025-11-19 16:00:00+00:00
1763582400000,878.69,901.28,876.08,897.66,182125.95,2025-11-19 20:00:00+00:00
1763596800000,897.65,916.0,893.65,910.56,179584.04,2025-11-20 00:00:00+00:00
1763611200000,910.55,915.34,900.09,908.43,125721.84,2025-11-20 04:00:00+00:00
1763625600000,908.43,909.55,897.3,902.94,98310.71,2025-11-20 08:00:00+00:00
1763640000000,902.93,910.38,889.08,890.59,206154.62,2025-11-20 12:00:00+00:00
1763654400000,890.69,891.32,868.5,880.76,391834.71,2025-11-20 16:00:00+00:00
1763668800000,880.76,884.27,865.78,866.91,151939.96,2025-11-20 20:00:00+00:00
1763683200000,866.91,878.06,856.26,863.91,217523.12,2025-11-21 00:00:00+00:00
1763697600000,863.9,867.75,800.0,832.29,421790.61,2025-11-21 04:00:00+00:00
1763712000000,832.3,840.74,805.77,809.72,443617.35,2025-11-21 08:00:00+00:00
1763726400000,809.72,832.08,790.92,814.2,509149.88,2025-11-21 12:00:00+00:00
1763740800000,814.2,837.0,808.35,826.13,296203.63,2025-11-21 16:00:00+00:00
1763755200000,826.12,837.0,814.37,831.16,185529.62,2025-11-21 20:00:00+00:00
1763769600000,831.16,843.42,830.66,837.04,151140.81,2025-11-22 00:00:00+00:00
1763784000000,837.03,838.12,820.13,832.36,122026.4,2025-11-22 04:00:00+00:00
1763798400000,832.36,833.65,814.17,826.16,194366.78,2025-11-22 08:00:00+00:00
1763812800000,826.15,829.5,815.68,823.74,107832.9,2025-11-22 12:00:00+00:00
1763827200000,823.73,834.99,823.24,833.47,77346.34,2025-11-22 16:00:00+00:00
1763841600000,833.48,842.62,826.43,834.28,69958.49,2025-11-22 20:00:00+00:00
1763856000000,834.29,850.59,833.72,847.33,121518.7,2025-11-23 00:00:00+00:00
1763870400000,847.33,855.0,837.2,841.66,127642.63,2025-11-23 04:00:00+00:00
1763884800000,841.67,847.38,839.08,842.99,60739.15,2025-11-23 08:00:00+00:00
1763899200000,842.99,852.45,842.74,850.48,87884.48,2025-11-23 12:00:00+00:00
1763913600000,850.47,853.7,843.66,850.25,73170.01,2025-11-23 16:00:00+00:00
1763928000000,850.24,855.85,842.69,844.05,71575.24,2025-11-23 20:00:00+00:00
1763942400000,844.05,853.71,836.46,850.05,185368.61,2025-11-24 00:00:00+00:00
1763956800000,850.06,859.37,839.04,854.47,184548.36,2025-11-24 04:00:00+00:00
1763971200000,854.47,857.27,841.03,843.12,116003.73,2025-11-24 08:00:00+00:00
1763985600000,843.12,848.99,830.0,844.88,193497.37,2025-11-24 12:00:00+00:00
1764000000000,844.88,871.95,844.6,869.35,205962.29,2025-11-24 16:00:00+00:00
1764014400000,869.35,877.0,863.8,865.26,96711.03,2025-11-24 20:00:00+00:00
1764028800000,865.25,867.58,857.01,861.21,91305.69,2025-11-25 00:00:00+00:00
1764043200000,861.22,865.4,856.02,856.42,82705.09,2025-11-25 04:00:00+00:00
1764057600000,856.41,860.17,847.0,850.91,117625.66,2025-11-25 08:00:00+00:00
1764072000000,850.91,856.19,837.5,846.39,157010.36,2025-11-25 12:00:00+00:00
1764086400000,846.39,862.2,845.51,855.53,118285.14,2025-11-25 16:00:00+00:00
1764100800000,855.52,868.1,851.37,863.11,83237.9,2025-11-25 20:00:00+00:00
1764115200000,863.1,870.34,859.33,860.56,77290.65,2025-11-26 00:00:00+00:00
1764129600000,860.56,863.5,857.79,860.96,62912.66,2025-11-26 04:00:00+00:00
1764144000000,860.96,861.41,853.0,858.15,96478.01,2025-11-26 08:00:00+00:00
1764158400000,858.14,869.07,852.12,865.64,133445.35,2025-11-26 12:00:00+00:00
1764172800000,865.63,897.85,865.49,897.2,217676.07,2025-11-26 16:00:00+00:00
1764187200000,897.19,897.78,889.57,892.08,82768.49,2025-11-26 20:00:00+00:00
1764201600000,892.07,905.12,889.81,895.95,124378.11,2025-11-27 00:00:00+00:00
1764216000000,895.95,899.5,891.05,894.07,57031.64,2025-11-27 04:00:00+00:00
1764230400000,894.06,896.24,890.04,892.78,73482.17,2025-11-27 08:00:00+00:00
1764244800000,892.77,894.68,884.21,893.55,107292.46,2025-11-27 12:00:00+00:00
1764259200000,893.56,899.12,890.5,896.85,49907.93,2025-11-27 16:00:00+00:00
1764273600000,896.85,899.03,891.43,896.12,36350.62,2025-11-27 20:00:00+00:00
1764288000000,896.1,900.41,889.58,893.09,89866.74,2025-11-28 00:00:00+00:00
1764302400000,893.1,898.6,882.0,882.79,74178.55,2025-11-28 04:00:00+00:00
1764316800000,882.78,898.99,882.78,892.19,113806.27,2025-11-28 08:00:00+00:00
1764331200000,892.18,906.99,887.06,902.27,145968.79,2025-11-28 12:00:00+00:00
1764345600000,902.28,902.46,876.16,886.37,183821.08,2025-11-28 16:00:00+00:00
1764360000000,886.36,890.69,883.16,887.54,50323.04,2025-11-28 20:00:00+00:00
1764374400000,887.55,889.41,883.68,884.43,38983.43,2025-11-29 00:00:00+00:00
1764388800000,884.44,885.18,876.34,879.47,65653.9,2025-11-29 04:00:00+00:00
1764403200000,879.48,882.75,877.91,878.91,42824.36,2025-11-29 08:00:00+00:00
1764417600000,878.91,882.16,875.28,881.25,56198.35,2025-11-29 12:00:00+00:00
1764432000000,881.25,882.13,868.55,873.42,74282.96,2025-11-29 16:00:00+00:00
1764446400000,873.43,876.12,870.9,873.26,26318.49,2025-11-29 20:00:00+00:00
1764460800000,873.27,879.14,869.65,875.93,43664.27,2025-11-30 00:00:00+00:00
1764475200000,875.94,877.18,870.51,875.01,42783.11,2025-11-30 04:00:00+00:00
1764489600000,875.0,879.94,874.57,877.01,51338.07,2025-11-30 08:00:00+00:00
1764504000000,877.02,898.43,876.09,894.37,141927.96,2025-11-30 12:00:00+00:00
1764518400000,894.36,900.35,893.21,895.35,66774.72,2025-11-30 16:00:00+00:00
1764532800000,895.36,897.45,874.16,875.21,103214.6,2025-11-30 20:00:00+00:00
1764547200000,875.21,877.23,827.08,829.16,368789.91,2025-12-01 00:00:00+00:00
1764561600000,829.15,832.78,820.66,832.1,143775.48,2025-12-01 04:00:00+00:00
1764576000000,832.1,833.0,822.91,824.48,106817.09,2025-12-01 08:00:00+00:00
1764590400000,824.49,826.01,801.4,811.88,284074.9,2025-12-01 12:00:00+00:00
1764604800000,811.9,818.83,808.46,814.72,125141.22,2025-12-01 16:00:00+00:00
1764619200000,814.72,832.47,814.56,826.47,115751.84,2025-12-01 20:00:00+00:00
1764633600000,826.46,833.95,820.2,828.12,115044.07,2025-12-02 00:00:00+00:00
1764648000000,828.11,832.86,827.75,830.57,64599.47,2025-12-02 04:00:00+00:00
1764662400000,830.56,845.2,824.98,843.2,129560.64,2025-12-02 08:00:00+00:00
1764676800000,843.21,875.0,839.36,871.19,303488.3,2025-12-02 12:00:00+00:00
1764691200000,871.2,885.5,865.69,882.88,200503.97,2025-12-02 16:00:00+00:00
1764705600000,882.88,883.21,873.09,877.18,95707.47,2025-12-02 20:00:00+00:00
1764720000000,877.18,889.92,874.0,888.12,104210.02,2025-12-03 00:00:00+00:00
1764734400000,888.11,911.39,887.67,897.19,196607.62,2025-12-03 04:00:00+00:00
1764748800000,897.18,902.11,894.13,899.44,84852.79,2025-12-03 08:00:00+00:00
1764763200000,899.44,906.7,888.42,897.72,211908.22,2025-12-03 12:00:00+00:00
1764777600000,897.72,908.74,893.38,907.64,110440.6,2025-12-03 16:00:00+00:00
1764792000000,907.63,923.12,905.52,921.19,125908.18,2025-12-03 20:00:00+00:00
1764806400000,921.19,928.88,915.41,917.27,155791.48,2025-12-04 00:00:00+00:00
1764820800000,917.26,919.7,907.05,911.26,101616.93,2025-12-04 04:00:00+00:00
1764835200000,911.27,913.59,907.5,909.37,57785.77,2025-12-04 08:00:00+00:00
1764849600000,909.37,916.7,902.32,911.43,135079.91,2025-12-04 12:00:00+00:00
1764864000000,911.43,912.93,887.06,899.04,152347.28,2025-12-04 16:00:00+00:00
1764878400000,899.04,904.76,896.44,900.48,65870.66,2025-12-04 20:00:00+00:00
1764892800000,900.47,907.62,899.86,902.32,63156.26,2025-12-05 00:00:00+00:00
1764907200000,902.32,908.68,899.0,902.33,64517.61,2025-12-05 04:00:00+00:00
1764921600000,902.33,902.94,890.01,894.58,96921.57,2025-12-05 08:00:00+00:00
1764936000000,894.58,900.97,885.19,889.3,150237.84,2025-12-05 12:00:00+00:00
1764950400000,889.3,890.03,870.52,884.18,209974.81,2025-12-05 16:00:00+00:00
1764964800000,884.18,885.75,878.78,883.97,48906.84,2025-12-05 20:00:00+00:00
1764979200000,883.98,888.73,881.59,887.91,42996.04,2025-12-06 00:00:00+00:00
1764993600000,887.91,888.47,882.2,885.05,37510.52,2025-12-06 04:00:00+00:00
1765008000000,885.05,885.48,878.22,883.84,51206.03,2025-12-06 08:00:00+00:00
1765022400000,883.84,897.68,883.43,890.59,100315.61,2025-12-06 12:00:00+00:00
1765036800000,890.6,898.28,888.19,889.67,66189.73,2025-12-06 16:00:00+00:00
1765051200000,889.67,896.12,889.52,890.62,38923.87,2025-12-06 20:00:00+00:00
1765065600000,890.61,898.43,890.15,898.24,35805.22,2025-12-07 00:00:00+00:00
1765080000000,898.24,898.35,891.28,891.77,36519.71,2025-12-07 04:00:00+00:00
1765094400000,891.77,893.7,887.13,888.26,53204.89,2025-12-07 08:00:00+00:00
1765108800000,888.26,894.35,870.56,890.71,194138.83,2025-12-07 12:00:00+00:00
1765123200000,890.72,906.38,887.09,904.38,145337.8,2025-12-07 16:00:00+00:00
1765137600000,904.37,905.75,881.29,894.8,113890.57,2025-12-07 20:00:00+00:00
1765152000000,894.81,910.5,891.66,902.64,89411.57,2025-12-08 00:00:00+00:00
1765166400000,902.64,906.44,900.95,903.56,50750.76,2025-12-08 04:00:00+00:00
1765180800000,903.56,913.25,903.05,906.48,67326.05,2025-12-08 08:00:00+00:00
1765195200000,906.48,913.79,896.67,897.13,145733.61,2025-12-08 12:00:00+00:00
1765209600000,897.12,901.22,889.13,895.13,99377.99,2025-12-08 16:00:00+00:00
1765224000000,895.12,905.42,895.08,897.35,61950.69,2025-12-08 20:00:00+00:00
1765238400000,897.36,900.0,888.23,894.45,64700.42,2025-12-09 00:00:00+00:00
1765252800000,894.46,896.12,884.75,889.51,62700.45,2025-12-09 04:00:00+00:00
1765267200000,889.51,889.57,884.0,887.4,55181.0,2025-12-09 08:00:00+00:00
1765281600000,887.4,909.43,881.82,907.98,161292.15,2025-12-09 12:00:00+00:00
1765296000000,907.98,928.55,907.92,914.89,245951.72,2025-12-09 16:00:00+00:00
1765310400000,914.88,915.08,894.29,897.62,146843.9,2025-12-09 20:00:00+00:00
1765324800000,897.62,899.23,887.54,890.56,107656.6,2025-12-10 00:00:00+00:00
1765339200000,890.56,896.58,889.25,894.28,75874.4,2025-12-10 04:00:00+00:00
1765353600000,894.27,896.18,884.26,886.55,91296.05,2025-12-10 08:00:00+00:00
1765368000000,886.56,892.58,884.16,891.48,76230.97,2025-12-10 12:00:00+00:00
1765382400000,891.48,905.67,889.81,902.54,156557.31,2025-12-10 16:00:00+00:00
1765396800000,902.53,915.73,890.82,893.88,149761.97,2025-12-10 20:00:00+00:00
1765411200000,893.88,895.21,861.69,868.29,214725.43,2025-12-11 00:00:00+00:00
1765425600000,868.29,873.77,864.93,866.92,81314.97,2025-12-11 04:00:00+00:00
1765440000000,866.92,868.88,862.26,866.39,53358.62,2025-12-11 08:00:00+00:00
1765454400000,866.39,871.0,859.2,865.73,105641.99,2025-12-11 12:00:00+00:00
1765468800000,865.72,881.51,860.97,876.08,99924.02,2025-12-11 16:00:00+00:00
1765483200000,876.08,891.84,875.88,886.29,123170.62,2025-12-11 20:00:00+00:00
1765497600000,886.29,896.51,880.33,892.78,77184.79,2025-12-12 00:00:00+00:00
1765512000000,892.78,894.44,886.57,889.58,53320.28,2025-12-12 04:00:00+00:00
1765526400000,889.57,889.63,883.92,886.29,52972.71,2025-12-12 08:00:00+00:00
1765540800000,886.29,892.54,872.29,874.44,139700.25,2025-12-12 12:00:00+00:00
1765555200000,874.44,882.35,870.73,877.47,113015.96,2025-12-12 16:00:00+00:00
1765569600000,877.47,882.92,875.4,881.86,30109.45,2025-12-12 20:00:00+00:00
1765584000000,881.87,887.96,880.61,887.9,44015.19,2025-12-13 00:00:00+00:00
1765598400000,887.9,889.79,884.25,886.78,39808.12,2025-12-13 04:00:00+00:00
1765612800000,886.78,894.6,886.25,892.7,54222.74,2025-12-13 08:00:00+00:00
1765627200000,892.7,900.66,887.21,899.61,115134.88,2025-12-13 12:00:00+00:00
1765641600000,899.6,904.92,891.64,894.11,88101.1,2025-12-13 16:00:00+00:00
1765656000000,894.11,897.97,889.84,897.49,38830.65,2025-12-13 20:00:00+00:00
1765670400000,897.49,900.21,894.6,896.08,46078.67,2025-12-14 00:00:00+00:00
1765684800000,896.08,897.2,892.62,896.64,31713.13,2025-12-14 04:00:00+00:00
1765699200000,896.64,899.01,884.45,889.24,83469.3,2025-12-14 08:00:00+00:00
1765713600000,889.24,895.46,883.56,887.12,86506.34,2025-12-14 12:00:00+00:00
1765728000000,887.1,889.16,881.13,883.61,53002.54,2025-12-14 16:00:00+00:00
1765742400000,883.61,885.32,870.21,877.61,83633.2,2025-12-14 20:00:00+00:00
1765756800000,877.6,896.05,876.55,889.62,104660.88,2025-12-15 00:00:00+00:00
1765771200000,889.61,892.2,887.3,889.87,38240.68,2025-12-15 04:00:00+00:00
1765785600000,889.88,893.92,887.57,888.23,41431.54,2025-12-15 08:00:00+00:00
1765800000000,888.24,890.87,851.7,859.2,244314.0,2025-12-15 12:00:00+00:00
1765814400000,859.19,860.0,840.76,850.03,181289.06,2025-12-15 16:00:00+00:00
1765828800000,850.04,859.26,844.63,858.51,64954.26,2025-12-15 20:00:00+00:00
1765843200000,858.51,858.7,850.54,855.57,66475.94,2025-12-16 00:00:00+00:00
1765857600000,855.57,866.34,846.54,860.01,99579.41,2025-12-16 04:00:00+00:00
1765872000000,860.01,866.54,857.44,866.09,75712.09,2025-12-16 08:00:00+00:00
1765886400000,866.09,878.97,858.7,877.07,194860.2,2025-12-16 12:00:00+00:00
1765900800000,877.08,877.2,866.66,870.77,68983.67,2025-12-16 16:00:00+00:00
1765915200000,870.76,876.18,869.5,876.09,35762.29,2025-12-16 20:00:00+00:00
1765929600000,876.09,876.34,862.34,863.81,63090.12,2025-12-17 00:00:00+00:00
1765944000000,863.81,871.44,855.53,868.25,108689.2,2025-12-17 04:00:00+00:00
1765958400000,868.25,868.25,855.71,860.18,128825.41,2025-12-17 08:00:00+00:00
1765972800000,860.19,876.96,853.07,854.17,242274.02,2025-12-17 12:00:00+00:00
1765987200000,854.15,858.32,833.4,840.93,217128.13,2025-12-17 16:00:00+00:00
1766001600000,840.93,845.08,836.72,843.0,48487.75,2025-12-17 20:00:00+00:00
1766016000000,843.0,846.77,833.08,836.76,94296.86,2025-12-18 00:00:00+00:00
1766030400000,836.75,839.51,830.0,833.63,73945.88,2025-12-18 04:00:00+00:00
1766044800000,833.62,841.72,832.66,839.64,63553.37,2025-12-18 08:00:00+00:00
1766059200000,839.64,853.66,837.14,848.28,211909.71,2025-12-18 12:00:00+00:00
1766073600000,848.28,848.95,818.27,820.43,220196.96,2025-12-18 16:00:00+00:00
1766088000000,820.42,832.01,820.06,830.25,74303.04,2025-12-18 20:00:00+00:00
1766102400000,830.25,842.07,822.42,837.77,118421.06,2025-12-19 00:00:00+00:00
1766116800000,837.77,850.37,835.6,843.29,102972.06,2025-12-19 04:00:00+00:00
1766131200000,843.28,849.76,842.33,849.34,62777.17,2025-12-19 08:00:00+00:00
1766145600000,849.35,855.59,843.91,846.89,117538.15,2025-12-19 12:00:00+00:00
1766160000000,846.89,858.36,843.86,856.64,99164.33,2025-12-19 16:00:00+00:00
1766174400000,856.64,862.94,854.79,856.54,67900.56,2025-12-19 20:00:00+00:00
1766188800000,856.54,860.08,852.78,858.76,35252.23,2025-12-20 00:00:00+00:00
1766203200000,858.75,859.0,852.71,854.27,38028.14,2025-12-20 04:00:00+00:00
1766217600000,854.28,856.88,851.42,854.02,31803.39,2025-12-20 08:00:00+00:00
1766232000000,854.01,854.51,851.27,854.4,26883.81,2025-12-20 12:00:00+00:00
1766246400000,854.41,855.09,852.98,853.42,17850.55,2025-12-20 16:00:00+00:00
1766260800000,853.43,855.64,851.33,854.56,22819.88,2025-12-20 20:00:00+00:00
1766275200000,854.55,855.72,847.11,850.71,44311.71,2025-12-21 00:00:00+00:00
1766289600000,850.71,851.22,848.64,850.31,17772.64,2025-12-21 04:00:00+00:00
1766304000000,850.31,860.29,849.4,857.36,69752.37,2025-12-21 08:00:00+00:00
1766318400000,857.35,860.1,845.86,848.99,104096.94,2025-12-21 12:00:00+00:00
1766332800000,848.99,857.14,846.71,856.17,48349.03,2025-12-21 16:00:00+00:00
1766347200000,856.16,860.32,851.51,859.13,32274.34,2025-12-21 20:00:00+00:00
1766361600000,859.13,868.61,851.16,856.41,95964.56,2025-12-22 00:00:00+00:00
1766376000000,856.41,861.5,855.5,859.07,57330.07,2025-12-22 04:00:00+00:00
1766390400000,859.08,868.78,858.86,866.01,136752.64,2025-12-22 08:00:00+00:00
1766404800000,866.01,871.7,862.22,868.36,99008.73,2025-12-22 12:00:00+00:00
1766419200000,868.37,869.77,857.38,858.04,72704.21,2025-12-22 16:00:00+00:00
1766433600000,858.04,861.44,853.89,859.12,58164.51,2025-12-22 20:00:00+00:00
1766448000000,859.13,861.86,852.6,857.48,48041.43,2025-12-23 00:00:00+00:00
1766462400000,857.48,858.12,847.29,849.0,66048.46,2025-12-23 04:00:00+00:00
1766476800000,848.99,853.52,848.2,853.22,35372.76,2025-12-23 08:00:00+00:00
1766491200000,853.22,853.23,837.93,844.2,126152.4,2025-12-23 12:00:00+00:00
1766505600000,844.2,850.44,839.02,841.48,81859.23,2025-12-23 16:00:00+00:00
1766520000000,841.47,847.73,840.26,844.29,34480.77,2025-12-23 20:00:00+00:00
1766534400000,844.29,847.75,836.32,840.95,53320.69,2025-12-24 00:00:00+00:00
1766548800000,840.95,842.68,836.24,838.1,47019.22,2025-12-24 04:00:00+00:00
1766563200000,838.11,839.67,835.35,838.08,38323.41,2025-12-24 08:00:00+00:00
1766577600000,838.09,843.34,835.69,841.2,62170.21,2025-12-24 12:00:00+00:00
1766592000000,841.2,849.68,840.12,848.11,66135.4,2025-12-24 16:00:00+00:00
1766606400000,848.11,850.34,846.76,846.9,29750.61,2025-12-24 20:00:00+00:00
1766620800000,846.89,848.31,844.25,845.35,31104.09,2025-12-25 00:00:00+00:00
1766635200000,845.35,845.66,842.33,843.52,25922.6,2025-12-25 04:00:00+00:00
1766649600000,843.52,844.8,835.35,837.73,59205.73,2025-12-25 08:00:00+00:00
1766664000000,837.73,844.97,835.23,842.56,64019.32,2025-12-25 12:00:00+00:00
1766678400000,842.56,843.17,839.84,841.53,34148.52,2025-12-25 16:00:00+00:00
1766692800000,841.53,843.78,826.56,829.46,89200.24,2025-12-25 20:00:00+00:00
1766707200000,829.46,844.97,828.1,840.99,115835.01,2025-12-26 00:00:00+00:00
1766721600000,840.99,847.5,837.51,841.24,67471.04,2025-12-26 04:00:00+00:00
1766736000000,841.23,843.69,839.05,839.5,37371.3,2025-12-26 08:00:00+00:00
1766750400000,839.51,843.82,821.01,828.94,188039.34,2025-12-26 12:00:00+00:00
1766764800000,828.95,834.81,827.97,832.95,58929.37,2025-12-26 16:00:00+00:00
1766779200000,832.96,838.37,832.56,834.85,42209.95,2025-12-26 20:00:00+00:00
1766793600000,834.86,836.75,834.41,836.49,28231.15,2025-12-27 00:00:00+00:00
1766808000000,836.48,843.51,834.42,840.78,63422.44,2025-12-27 04:00:00+00:00
1766822400000,840.78,844.0,837.48,841.47,110222.06,2025-12-27 08:00:00+00:00
1766836800000,841.48,842.17,838.95,841.54,34707.77,2025-12-27 12:00:00+00:00
1766851200000,841.54,842.33,839.88,841.37,22988.19,2025-12-27 16:00:00+00:00
1766865600000,841.37,847.2,840.1,845.71,39318.93,2025-12-27 20:00:00+00:00
1766880000000,845.7,846.32,838.92,842.02,35675.85,2025-12-28 00:00:00+00:00
1766894400000,842.02,844.66,841.81,844.35,32306.98,2025-12-28 04:00:00+00:00
1766908800000,844.35,857.69,844.35,855.21,99749.85,2025-12-28 08:00:00+00:00
1766923200000,855.21,864.24,855.21,861.09,98291.94,2025-12-28 12:00:00+00:00
1766937600000,861.08,867.84,859.39,860.27,102256.71,2025-12-28 16:00:00+00:00
1766952000000,860.27,862.95,857.3,859.92,45633.61,2025-12-28 20:00:00+00:00
1766966400000,859.92,872.75,859.25,869.52,111253.27,2025-12-29 00:00:00+00:00
1766980800000,869.52,872.05,859.28,861.06,79900.48,2025-12-29 04:00:00+00:00
1766995200000,861.05,862.4,847.72,853.38,125003.82,2025-12-29 08:00:00+00:00
1767009600000,853.38,855.85,846.22,853.87,114915.01,2025-12-29 12:00:00+00:00
1767024000000,853.87,855.81,850.2,853.47,67931.22,2025-12-29 16:00:00+00:00
1767038400000,853.47,855.47,851.82,852.85,27410.66,2025-12-29 20:00:00+00:00
1767052800000,852.85,853.96,849.17,853.05,44861.8,2025-12-30 00:00:00+00:00
1767067200000,853.05,855.39,850.83,854.24,28569.44,2025-12-30 04:00:00+00:00
1767081600000,854.25,860.32,854.24,855.38,58244.2,2025-12-30 08:00:00+00:00
1767096000000,855.39,864.67,855.12,863.24,101193.27,2025-12-30 12:00:00+00:00
1767110400000,863.25,863.64,858.0,860.44,45905.57,2025-12-30 16:00:00+00:00
1767124800000,860.43,863.58,858.93,862.14,28918.42,2025-12-30 20:00:00+00:00
1767139200000,862.14,863.63,858.1,859.66,38963.16,2025-12-31 00:00:00+00:00
1767153600000,859.67,868.45,859.33,868.45,65497.98,2025-12-31 04:00:00+00:00
1767168000000,868.45,869.85,865.53,869.58,65561.65,2025-12-31 08:00:00+00:00
1767182400000,869.58,878.29,860.72,863.85,196137.91,2025-12-31 12:00:00+00:00
1767196800000,863.84,865.18,858.0,864.68,73725.86,2025-12-31 16:00:00+00:00
1767211200000,864.68,867.04,861.3,864.71,37926.98,2025-12-31 20:00:00+00:00
1767225600000,864.71,875.0,864.23,869.67,84950.46,2026-01-01 00:00:00+00:00
1767240000000,869.67,869.75,859.65,859.91,70145.11,2026-01-01 04:00:00+00:00
1767254400000,859.91,862.49,859.18,861.89,41226.19,2026-01-01 08:00:00+00:00
1767268800000,861.89,861.89,856.24,859.71,69371.69,2026-01-01 12:00:00+00:00
1767283200000,859.71,861.81,857.41,861.81,43219.7,2026-01-01 16:00:00+00:00
1767297600000,861.81,864.96,860.39,864.62,35830.55,2026-01-01 20:00:00+00:00
1767312000000,864.62,867.64,859.78,866.2,69040.76,2026-01-02 00:00:00+00:00
1767326400000,866.2,868.16,863.26,865.19,53004.16,2026-01-02 04:00:00+00:00
1767340800000,865.19,874.94,865.18,869.94,95491.55,2026-01-02 08:00:00+00:00
1767355200000,869.94,883.14,865.59,878.75,151857.75,2026-01-02 12:00:00+00:00
1767369600000,878.76,891.8,878.16,881.2,138560.45,2026-01-02 16:00:00+00:00
1767384000000,881.21,886.22,879.07,881.8,42318.36,2026-01-02 20:00:00+00:00
1767398400000,881.79,884.91,875.5,879.67,72707.61,2026-01-03 00:00:00+00:00
1767412800000,879.67,880.52,869.05,873.57,81515.98,2026-01-03 04:00:00+00:00
1767427200000,873.57,876.2,872.15,874.62,40706.83,2026-01-03 08:00:00+00:00
1767441600000,874.62,877.94,872.28,873.89,55496.11,2026-01-03 12:00:00+00:00
1767456000000,873.88,877.73,873.8,876.89,30695.0,2026-01-03 16:00:00+00:00
1767470400000,876.88,880.5,875.93,879.07,25589.34,2026-01-03 20:00:00+00:00
1767484800000,879.08,884.3,878.92,883.63,63574.4,2026-01-04 00:00:00+00:00
1767499200000,883.62,891.58,883.26,885.11,78038.62,2026-01-04 04:00:00+00:00
1767513600000,885.11,888.11,882.84,885.39,39477.55,2026-01-04 08:00:00+00:00
1767528000000,885.36,890.66,884.43,889.79,55095.88,2026-01-04 12:00:00+00:00
1767542400000,889.79,903.77,889.78,893.26,146392.42,2026-01-04 16:00:00+00:00
1767556800000,893.26,898.42,892.85,895.99,57984.86,2026-01-04 20:00:00+00:00
1767571200000,895.98,907.65,895.2,900.49,110014.09,2026-01-05 00:00:00+00:00
1767585600000,900.5,901.18,890.74,899.74,96163.22,2026-01-05 04:00:00+00:00
1767600000000,899.74,909.8,896.05,909.59,75375.88,2026-01-05 08:00:00+00:00
1767614400000,909.6,909.65,900.83,906.82,108374.57,2026-01-05 12:00:00+00:00
1767628800000,906.81,914.86,901.7,911.64,99234.17,2026-01-05 16:00:00+00:00
1767643200000,911.65,917.53,909.46,910.9,58565.97,2026-01-05 20:00:00+00:00
1767657600000,910.9,912.2,905.23,908.57,65993.73,2026-01-06 00:00:00+00:00
1767672000000,908.56,910.72,903.31,905.26,70086.57,2026-01-06 04:00:00+00:00
1767686400000,905.27,915.65,904.9,913.66,69056.45,2026-01-06 08:00:00+00:00
1767700800000,913.66,924.84,912.0,919.8,172904.57,2026-01-06 12:00:00+00:00
1767715200000,919.8,921.44,892.03,901.58,205412.76,2026-01-06 16:00:00+00:00
1767729600000,901.58,920.85,901.3,918.4,87790.01,2026-01-06 20:00:00+00:00
1767744000000,918.4,919.78,905.06,910.32,83457.75,2026-01-07 00:00:00+00:00
1767758400000,910.32,919.42,909.43,919.2,63189.44,2026-01-07 04:00:00+00:00
1767772800000,919.2,920.97,908.71,911.05,172606.01,2026-01-07 08:00:00+00:00
1767787200000,911.04,911.61,895.42,899.88,126386.03,2026-01-07 12:00:00+00:00
1767801600000,899.89,902.48,892.72,897.61,69599.37,2026-01-07 16:00:00+00:00
1767816000000,897.6,901.78,894.36,900.86,37774.05,2026-01-07 20:00:00+00:00
1767830400000,900.85,905.36,892.81,894.02,77723.93,2026-01-08 00:00:00+00:00
1767844800000,894.03,897.99,875.0,885.02,187941.83,2026-01-08 04:00:00+00:00
1767859200000,885.03,888.0,879.24,886.74,94130.46,2026-01-08 08:00:00+00:00
1767873600000,886.74,889.51,877.74,889.04,97022.85,2026-01-08 12:00:00+00:00
1767888000000,889.04,891.93,885.84,888.54,56991.65,2026-01-08 16:00:00+00:00
1767902400000,888.55,894.8,885.38,892.58,47062.62,2026-01-08 20:00:00+00:00
1767916800000,892.58,896.8,888.12,896.01,58464.31,2026-01-09 00:00:00+00:00
1767931200000,896.01,899.3,894.0,894.01,43394.8,2026-01-09 04:00:00+00:00
1767945600000,894.01,894.8,886.28,889.83,73799.35,2026-01-09 08:00:00+00:00
1767960000000,889.83,900.8,885.35,895.18,110957.62,2026-01-09 12:00:00+00:00
1767974400000,895.17,901.6,891.33,893.78,82636.01,2026-01-09 16:00:00+00:00
1767988800000,893.77,898.79,892.36,897.36,29581.52,2026-01-09 20:00:00+00:00
1768003200000,897.35,908.8,897.22,907.96,93272.91,2026-01-10 00:00:00+00:00
1768017600000,907.96,911.23,903.76,905.97,81405.37,2026-01-10 04:00:00+00:00
1768032000000,905.97,907.04,899.33,900.94,83702.96,2026-01-10 08:00:00+00:00
1768046400000,900.95,911.42,899.5,909.27,85446.32,2026-01-10 12:00:00+00:00
1768060800000,909.27,916.41,907.31,914.66,91321.43,2026-01-10 16:00:00+00:00
1768075200000,914.66,916.7,902.76,908.44,89974.56,2026-01-10 20:00:00+00:00
1768089600000,908.45,914.6,904.79,913.87,61142.15,2026-01-11 00:00:00+00:00
1768104000000,913.87,917.01,911.15,914.1,74406.99,2026-01-11 04:00:00+00:00
1768118400000,914.11,918.0,912.2,912.64,56163.7,2026-01-11 08:00:00+00:00
1768132800000,912.65,916.0,906.54,909.22,106172.17,2026-01-11 12:00:00+00:00
1768147200000,909.21,911.72,903.71,904.9,72617.52,2026-01-11 16:00:00+00:00
1768161600000,904.9,905.84,899.03,904.75,75496.94,2026-01-11 20:00:00+00:00
1768176000000,904.75,910.93,897.06,905.5,150328.97,2026-01-12 00:00:00+00:00
1768190400000,905.51,910.48,904.15,905.1,62064.79,2026-01-12 04:00:00+00:00
1768204800000,905.1,908.75,898.66,901.75,87122.47,2026-01-12 08:00:00+00:00
1768219200000,901.75,905.8,894.06,904.75,108424.12,2026-01-12 12:00:00+00:00
1768233600000,904.75,909.78,900.41,908.32,108087.49,2026-01-12 16:00:00+00:00
1768248000000,908.32,908.98,901.59,906.32,48195.55,2026-01-12 20:00:00+00:00
1768262400000,906.32,908.48,902.69,906.99,63672.22,2026-01-13 00:00:00+00:00
1768276800000,907.0,915.68,906.99,910.16,143034.43,2026-01-13 04:00:00+00:00
1768291200000,910.17,912.14,907.94,908.41,223691.27,2026-01-13 08:00:00+00:00
1768305600000,908.41,917.29,906.79,917.08,122558.54,2026-01-13 12:00:00+00:00
1768320000000,917.08,946.42,917.02,942.27,291523.88,2026-01-13 16:00:00+00:00
1768334400000,942.27,955.0,940.71,944.24,141899.04,2026-01-13 20:00:00+00:00
1768348800000,944.25,955.65,944.04,950.77,92371.87,2026-01-14 00:00:00+00:00
1768363200000,950.77,953.07,935.8,937.91,129682.89,2026-01-14 04:00:00+00:00
1768377600000,937.92,939.47,928.88,929.37,90533.67,2026-01-14 08:00:00+00:00
1768392000000,929.36,946.75,928.97,942.65,134522.86,2026-01-14 12:00:00+00:00
1768406400000,942.64,948.28,938.57,944.51,102599.83,2026-01-14 16:00:00+00:00
1768420800000,944.51,950.8,943.79,949.06,63915.3,2026-01-14 20:00:00+00:00
1768435200000,949.06,949.46,929.47,932.41,119486.94,2026-01-15 00:00:00+00:00
1768449600000,932.41,940.59,931.88,939.59,58972.72,2026-01-15 04:00:00+00:00
1768464000000,939.6,943.67,938.2,938.74,58074.03,2026-01-15 08:00:00+00:00
1768478400000,938.74,946.22,930.65,938.12,143824.52,2026-01-15 12:00:00+00:00
1768492800000,938.11,943.14,925.27,928.47,116057.3,2026-01-15 16:00:00+00:00
1768507200000,928.47,933.92,923.95,931.53,45479.07,2026-01-15 20:00:00+00:00
1768521600000,931.53,934.21,929.53,929.8,42095.21,2026-01-16 00:00:00+00:00
1768536000000,929.8,936.54,927.38,934.51,52845.1,2026-01-16 04:00:00+00:00
1768550400000,934.51,938.96,932.39,935.74,41008.97,2026-01-16 08:00:00+00:00
1768564800000,935.74,938.0,923.82,927.28,100702.77,2026-01-16 12:00:00+00:00
1768579200000,927.27,932.75,926.7,931.7,45969.59,2026-01-16 16:00:00+00:00
1768593600000,931.69,939.86,929.06,938.52,39994.85,2026-01-16 20:00:00+00:00
1768608000000,938.54,939.53,935.84,938.07,32737.77,2026-01-17 00:00:00+00:00
1768622400000,938.06,939.5,935.88,936.28,23627.01,2026-01-17 04:00:00+00:00
1768636800000,936.27,945.14,936.05,943.28,52603.46,2026-01-17 08:00:00+00:00
1768651200000,943.28,960.5,942.0,956.03,103365.78,2026-01-17 12:00:00+00:00
1768665600000,956.02,956.79,949.6,953.07,68043.53,2026-01-17 16:00:00+00:00
1768680000000,953.07,954.74,945.46,947.57,53472.54,2026-01-17 20:00:00+00:00
1768694400000,947.57,951.56,943.5,950.97,58530.99,2026-01-18 00:00:00+00:00
1768708800000,950.97,950.97,945.11,945.11,28097.29,2026-01-18 04:00:00+00:00
1768723200000,945.11,947.75,944.11,947.11,39497.77,2026-01-18 08:00:00+00:00
1768737600000,947.12,951.29,944.65,950.47,51381.3,2026-01-18 12:00:00+00:00
1768752000000,950.47,953.83,949.06,950.08,37612.63,2026-01-18 16:00:00+00:00
1768766400000,950.08,953.68,931.76,932.72,97535.28,2026-01-18 20:00:00+00:00
1768780800000,932.73,932.73,900.67,925.17,327664.72,2026-01-19 00:00:00+00:00
1768795200000,925.18,928.0,922.83,927.33,80742.67,2026-01-19 04:00:00+00:00
1768809600000,927.34,929.98,924.44,928.15,73163.85,2026-01-19 08:00:00+00:00
1768824000000,928.15,929.85,923.57,925.79,116416.36,2026-01-19 12:00:00+00:00
1768838400000,925.78,929.62,925.38,927.1,33077.68,2026-01-19 16:00:00+00:00
1768852800000,927.1,928.25,919.72,924.13,49929.68,2026-01-19 20:00:00+00:00
1768867200000,924.12,933.6,923.88,927.88,93780.69,2026-01-20 00:00:00+00:00
1768881600000,927.88,928.92,914.44,918.13,107633.46,2026-01-20 04:00:00+00:00
1768896000000,918.13,918.23,909.02,913.19,86566.22,2026-01-20 08:00:00+00:00
1768910400000,913.19,916.49,896.94,905.84,166417.65,2026-01-20 12:00:00+00:00
1768924800000,905.84,908.92,887.01,896.11,141911.22,2026-01-20 16:00:00+00:00
1768939200000,896.11,898.5,884.44,884.71,94900.17,2026-01-20 20:00:00+00:00
1768953600000,884.71,884.71,867.57,881.99,169197.83,2026-01-21 00:00:00+00:00
1768968000000,881.99,886.63,874.71,875.67,88623.37,2026-01-21 04:00:00+00:00
1768982400000,875.66,876.36,870.0,870.81,92922.62,2026-01-21 08:00:00+00:00
1768996800000,870.81,894.06,864.5,892.78,184601.81,2026-01-21 12:00:00+00:00
1769011200000,892.78,893.04,865.86,890.07,189052.63,2026-01-21 16:00:00+00:00
1769025600000,890.08,892.78,882.57,883.68,73832.74,2026-01-21 20:00:00+00:00
1769040000000,883.69,894.63,883.68,891.6,56180.89,2026-01-22 00:00:00+00:00
1769054400000,891.59,893.38,887.89,888.96,40385.36,2026-01-22 04:00:00+00:00
1769068800000,888.96,897.78,888.96,893.16,59672.04,2026-01-22 08:00:00+00:00
1769083200000,893.16,895.49,878.52,883.32,95903.95,2026-01-22 12:00:00+00:00
1769097600000,883.32,889.32,882.19,888.73,47723.31,2026-01-22 16:00:00+00:00
1769112000000,888.73,892.5,885.74,888.45,38494.33,2026-01-22 20:00:00+00:00
1769126400000,888.45,892.67,888.0,891.97,36825.8,2026-01-23 00:00:00+00:00
1769140800000,891.98,893.82,889.5,891.7,32008.81,2026-01-23 04:00:00+00:00
1769155200000,891.71,892.17,886.1,887.89,42707.85,2026-01-23 08:00:00+00:00
1769169600000,887.88,893.08,883.47,892.58,74034.56,2026-01-23 12:00:00+00:00
1769184000000,892.58,905.78,891.0,894.42,117628.49,2026-01-23 16:00:00+00:00
1769198400000,894.44,895.67,889.09,892.1,33120.13,2026-01-23 20:00:00+00:00
1769212800000,892.09,894.68,889.78,893.36,36615.03,2026-01-24 00:00:00+00:00
1769227200000,893.35,894.66,891.85,892.52,18425.73,2026-01-24 04:00:00+00:00
1769241600000,892.52,894.46,891.69,893.11,20957.56,2026-01-24 08:00:00+00:00
1769256000000,893.1,893.27,889.17,889.21,28097.8,2026-01-24 12:00:00+00:00
1769270400000,889.2,890.84,886.91,888.58,26876.48,2026-01-24 16:00:00+00:00
1769284800000,888.59,890.11,887.37,887.65,12244.52,2026-01-24 20:00:00+00:00
1769299200000,887.65,888.08,880.35,881.63,39135.98,2026-01-25 00:00:00+00:00
1769313600000,881.63,884.08,879.76,880.0,27192.07,2026-01-25 04:00:00+00:00
1769328000000,880.0,883.78,877.54,880.93,36692.55,2026-01-25 08:00:00+00:00
1769342400000,880.93,882.0,877.02,878.05,35135.49,2026-01-25 12:00:00+00:00
1769356800000,878.05,878.11,856.03,859.28,161830.19,2026-01-25 16:00:00+00:00
1769371200000,859.28,867.25,856.14,866.63,74983.43,2026-01-25 20:00:00+00:00
1769385600000,866.64,876.52,865.45,868.7,77024.44,2026-01-26 00:00:00+00:00
1769400000000,868.7,875.31,868.49,875.08,34850.28,2026-01-26 04:00:00+00:00
1769414400000,875.09,878.5,869.78,873.51,46176.24,2026-01-26 08:00:00+00:00
1769428800000,873.51,878.88,870.01,872.52,76817.16,2026-01-26 12:00:00+00:00
1769443200000,872.53,879.74,869.0,874.85,68022.62,2026-01-26 16:00:00+00:00
1769457600000,874.85,882.0,872.14,879.94,40661.9,2026-01-26 20:00:00+00:00
1769472000000,879.94,886.39,876.69,885.17,49955.99,2026-01-27 00:00:00+00:00
1769486400000,885.18,888.55,882.63,884.01,41414.99,2026-01-27 04:00:00+00:00
1769500800000,884.01,885.64,877.23,880.8,48647.11,2026-01-27 08:00:00+00:00
1769515200000,880.79,886.69,879.79,886.19,63594.22,2026-01-27 12:00:00+00:00
1769529600000,886.19,898.44,885.2,892.51,125759.35,2026-01-27 16:00:00+00:00
1769544000000,892.51,901.8,892.11,898.86,58361.63,2026-01-27 20:00:00+00:00
1769558400000,898.85,901.58,895.0,897.41,42938.41,2026-01-28 00:00:00+00:00
1769572800000,897.4,905.3,895.8,903.78,52513.05,2026-01-28 04:00:00+00:00
1769587200000,903.78,909.98,902.79,908.17,60777.65,2026-01-28 08:00:00+00:00
1769601600000,908.17,908.75,897.45,903.25,69676.15,2026-01-28 12:00:00+00:00
1769616000000,903.25,907.72,898.35,904.57,61903.21,2026-01-28 16:00:00+00:00
1769630400000,904.57,908.1,900.33,903.46,37911.32,2026-01-28 20:00:00+00:00
1769644800000,903.46,905.37,893.71,897.09,76168.83,2026-01-29 00:00:00+00:00
1769659200000,897.09,907.11,895.73,905.14,66569.99,2026-01-29 04:00:00+00:00
1769673600000,905.13,905.95,893.75,894.73,170184.62,2026-01-29 08:00:00+00:00
1769688000000,894.73,895.05,857.01,864.34,256177.49,2026-01-29 12:00:00+00:00
1769702400000,864.35,870.65,853.11,860.52,200280.01,2026-01-29 16:00:00+00:00
1769716800000,860.53,869.62,859.7,868.9,64096.5,2026-01-29 20:00:00+00:00
1769731200000,868.91,869.98,835.26,845.79,228077.32,2026-01-30 00:00:00+00:00
1769745600000,845.78,854.59,836.25,847.49,110671.18,2026-01-30 04:00:00+00:00
1769760000000,847.5,848.18,833.01,842.84,116007.65,2026-01-30 08:00:00+00:00
1769774400000,842.83,856.24,836.3,850.18,174250.75,2026-01-30 12:00:00+00:00
1769788800000,850.17,856.19,832.0,854.52,155821.67,2026-01-30 16:00:00+00:00
1769803200000,854.53,862.57,846.57,859.11,116399.15,2026-01-30 20:00:00+00:00
1769817600000,859.11,861.11,852.05,853.32,63046.4,2026-01-31 00:00:00+00:00
1769832000000,853.32,854.8,845.99,847.97,48835.5,2026-01-31 04:00:00+00:00
1769846400000,847.98,848.0,832.8,837.04,94033.85,2026-01-31 08:00:00+00:00
1769860800000,837.03,837.69,801.72,803.19,279222.47,2026-01-31 12:00:00+00:00
1769875200000,803.2,810.38,749.21,771.15,593609.11,2026-01-31 16:00:00+00:00
1769889600000,771.15,785.89,766.01,781.33,166515.69,2026-01-31 20:00:00+00:00
1769904000000,781.33,789.67,779.01,783.64,112972.66,2026-02-01 00:00:00+00:00
1769918400000,783.64,785.18,774.0,778.32,93249.87,2026-02-01 04:00:00+00:00
1769932800000,778.31,782.94,768.4,774.23,115627.74,2026-02-01 08:00:00+00:00
1769947200000,774.23,774.29,742.53,749.99,306049.04,2026-02-01 12:00:00+00:00
1769961600000,749.98,766.83,745.76,757.15,219850.61,2026-02-01 16:00:00+00:00
1769976000000,757.15,766.45,739.63,758.69,226827.02,2026-02-01 20:00:00+00:00
1769990400000,758.7,770.75,728.54,751.93,329780.52,2026-02-02 00:00:00+00:00
1770004800000,751.97,760.83,728.53,752.72,330813.9,2026-02-02 04:00:00+00:00
1770019200000,752.71,767.72,752.67,762.76,132416.74,2026-02-02 08:00:00+00:00
1770033600000,762.76,781.22,761.7,777.83,191797.89,2026-02-02 12:00:00+00:00
1770048000000,777.83,781.69,769.88,770.41,102083.11,2026-02-02 16:00:00+00:00
1770062400000,770.4,777.12,767.57,774.22,69591.77,2026-02-02 20:00:00+00:00
1770076800000,774.22,775.37,762.69,772.47,99603.21,2026-02-03 00:00:00+00:00
1770091200000,772.47,783.78,770.92,782.2,90636.95,2026-02-03 04:00:00+00:00
1770105600000,782.2,782.96,765.29,768.84,127966.44,2026-02-03 08:00:00+00:00
1770120000000,768.85,778.56,764.0,776.96,142208.74,2026-02-03 12:00:00+00:00
1770134400000,776.96,777.0,736.28,758.19,362443.08,2026-02-03 16:00:00+00:00
1770148800000,758.18,775.97,752.44,755.16,186123.2,2026-02-03 20:00:00+00:00
1770163200000,755.16,764.71,751.86,762.13,91327.96,2026-02-04 00:00:00+00:00
1770177600000,762.13,765.9,754.56,764.66,63716.9,2026-02-04 04:00:00+00:00
1770192000000,764.65,764.68,747.52,750.75,97388.15,2026-02-04 08:00:00+00:00
1770206400000,750.76,752.78,727.16,733.94,353251.68,2026-02-04 12:00:00+00:00
1770220800000,733.95,736.59,707.06,718.28,405455.05,2026-02-04 16:00:00+00:00
1770235200000,718.28,719.23,687.21,697.49,266260.76,2026-02-04 20:00:00+00:00
1770249600000,697.48,703.25,691.1,694.27,232031.24,2026-02-05 00:00:00+00:00
1770264000000,694.27,700.4,685.82,691.54,244865.2,2026-02-05 04:00:00+00:00
1770278400000,691.55,700.49,674.51,683.61,250709.15,2026-02-05 08:00:00+00:00
1770292800000,683.62,688.8,646.58,658.72,606828.21,2026-02-05 12:00:00+00:00
1770307200000,658.73,674.35,634.04,641.62,495975.64,2026-02-05 16:00:00+00:00
1770321600000,641.63,645.55,602.3,608.55,807632.46,2026-02-05 20:00:00+00:00
1770336000000,608.54,636.08,572.0,615.58,867561.53,2026-02-06 00:00:00+00:00
1770350400000,615.58,642.72,613.52,623.14,323671.75,2026-02-06 04:00:00+00:00
1770364800000,623.13,638.69,616.86,636.1,217414.65,2026-02-06 08:00:00+00:00
1770379200000,636.1,654.79,632.38,651.32,295709.66,2026-02-06 12:00:00+00:00
1770393600000,651.28,669.51,648.7,658.63,329317.34,2026-02-06 16:00:00+00:00
1770408000000,658.62,668.49,654.85,657.0,149026.61,2026-02-06 20:00:00+00:00
1770422400000,656.99,661.75,650.0,659.12,110659.39,2026-02-07 00:00:00+00:00
1770436800000,659.12,663.91,632.15,638.58,215657.91,2026-02-07 04:00:00+00:00
1770451200000,638.57,641.61,631.0,635.74,116484.88,2026-02-07 08:00:00+00:00
1770465600000,635.74,647.11,633.82,642.29,155169.54,2026-02-07 12:00:00+00:00
1770480000000,642.3,655.53,639.1,650.37,283305.63,2026-02-07 16:00:00+00:00
1770494400000,650.38,654.1,644.0,647.07,51705.19,2026-02-07 20:00:00+00:00
1770508800000,647.08,651.34,642.46,642.83,67636.36,2026-02-08 00:00:00+00:00
1770523200000,642.83,644.91,639.0,643.04,66654.6,2026-02-08 04:00:00+00:00
1770537600000,643.04,650.91,637.27,645.52,149974.51,2026-02-08 08:00:00+00:00
1770552000000,645.52,648.23,640.82,643.59,119870.07,2026-02-08 12:00:00+00:00
1770566400000,643.58,649.67,631.95,648.51,108239.81,2026-02-08 16:00:00+00:00
1770580800000,648.52,653.13,636.17,639.86,96500.89,2026-02-08 20:00:00+00:00
1770595200000,639.85,646.31,633.54,645.0,116334.96,2026-02-09 00:00:00+00:00
1770609600000,644.99,645.39,630.85,631.85,96325.97,2026-02-09 04:00:00+00:00
1770624000000,631.85,633.51,615.97,621.78,183581.19,2026-02-09 08:00:00+00:00
1770638400000,621.78,632.57,621.56,630.96,164159.59,2026-02-09 12:00:00+00:00
1770652800000,630.95,643.5,627.02,642.57,139970.91,2026-02-09 16:00:00+00:00
1770667200000,642.56,644.13,633.3,636.42,76376.82,2026-02-09 20:00:00+00:00
1770681600000,636.43,641.89,630.0,633.18,81589.72,2026-02-10 00:00:00+00:00
1770696000000,633.18,639.63,628.03,631.64,107861.7,2026-02-10 04:00:00+00:00
1770710400000,631.64,635.24,625.0,626.11,110557.53,2026-02-10 08:00:00+00:00
1770724800000,626.11,628.65,613.35,619.0,188957.76,2026-02-10 12:00:00+00:00
1770739200000,619.0,625.33,613.5,616.81,121795.64,2026-02-10 16:00:00+00:00
1770753600000,616.81,620.25,614.0,619.48,52535.74,2026-02-10 20:00:00+00:00
1770768000000,619.47,624.0,615.12,617.36,73752.99,2026-02-11 00:00:00+00:00
1770782400000,617.35,618.49,597.21,600.42,222198.44,2026-02-11 04:00:00+00:00
1770796800000,600.43,601.9,587.03,592.59,191365.01,2026-02-11 08:00:00+00:00
1770811200000,592.58,611.68,588.35,593.48,350509.45,2026-02-11 12:00:00+00:00
1770825600000,593.48,613.65,591.86,610.5,221566.26,2026-02-11 16:00:00+00:00
1770840000000,610.49,618.12,604.37,608.19,112390.59,2026-02-11 20:00:00+00:00
1770854400000,608.19,617.35,608.19,616.66,77969.88,2026-02-12 00:00:00+00:00
1770868800000,616.67,618.32,611.38,615.29,79532.02,2026-02-12 04:00:00+00:00
1770883200000,615.3,620.79,610.53,617.59,103403.5,2026-02-12 08:00:00+00:00
1770897600000,617.6,618.2,607.46,608.93,151169.59,2026-02-12 12:00:00+00:00
1770912000000,608.94,612.32,600.42,608.04,161558.42,2026-02-12 16:00:00+00:00
1770926400000,608.04,615.71,603.72,614.36,74691.37,2026-02-12 20:00:00+00:00
1770940800000,614.36,616.67,607.64,609.01,105712.11,2026-02-13 00:00:00+00:00
1770955200000,609.01,609.67,592.3,598.09,148961.88,2026-02-13 04:00:00+00:00
1770969600000,598.09,604.3,597.6,601.48,102722.63,2026-02-13 08:00:00+00:00
1770984000000,601.48,615.49,595.23,610.16,306020.72,2026-02-13 12:00:00+00:00
1770998400000,610.15,621.31,608.95,618.08,168414.52,2026-02-13 16:00:00+00:00
1771012800000,618.08,622.99,615.56,618.99,89643.38,2026-02-13 20:00:00+00:00
1771027200000,619.0,625.66,616.91,617.8,90180.13,2026-02-14 00:00:00+00:00
1771041600000,617.8,622.57,615.76,622.37,60394.51,2026-02-14 04:00:00+00:00
1771056000000,622.38,633.82,622.15,633.45,117906.59,2026-02-14 08:00:00+00:00
1771070400000,633.45,637.56,626.75,634.84,141010.58,2026-02-14 12:00:00+00:00
1771084800000,634.83,634.84,629.33,633.04,75598.41,2026-02-14 16:00:00+00:00
1771099200000,633.03,634.83,628.5,632.88,76512.75,2026-02-14 20:00:00+00:00
1771113600000,632.88,634.14,627.14,633.73,104692.17,2026-02-15 00:00:00+00:00
1771128000000,633.72,642.7,633.72,639.95,100538.18,2026-02-15 04:00:00+00:00
1771142400000,639.96,641.34,626.07,629.28,131484.92,2026-02-15 08:00:00+00:00
1771156800000,629.29,630.05,615.51,621.57,185305.85,2026-02-15 12:00:00+00:00
1771171200000,621.57,621.57,608.77,611.76,139915.5,2026-02-15 16:00:00+00:00
1771185600000,611.75,617.41,609.85,615.16,64867.12,2026-02-15 20:00:00+00:00
1771200000000,615.17,618.31,611.18,613.29,58569.38,2026-02-16 00:00:00+00:00
1771214400000,613.29,618.75,610.05,613.16,63351.41,2026-02-16 04:00:00+00:00
1771228800000,613.17,619.87,612.49,618.52,79890.12,2026-02-16 08:00:00+00:00
1771243200000,618.51,631.29,604.2,607.31,295301.08,2026-02-16 12:00:00+00:00
1771257600000,607.31,618.27,607.0,616.6,88910.04,2026-02-16 16:00:00+00:00
1771272000000,616.6,628.38,615.81,627.15,90354.99,2026-02-16 20:00:00+00:00
1771286400000,627.16,632.0,621.31,627.13,104985.31,2026-02-17 00:00:00+00:00
1771300800000,627.13,628.44,620.38,622.99,73377.75,2026-02-17 04:00:00+00:00
1771315200000,622.99,624.1,615.23,618.41,69945.29,2026-02-17 08:00:00+00:00
1771329600000,618.41,626.31,609.21,615.27,168734.85,2026-02-17 12:00:00+00:00
1771344000000,615.26,624.37,612.16,620.2,124382.7,2026-02-17 16:00:00+00:00
1771358400000,620.19,620.96,615.88,617.73,41713.5,2026-02-17 20:00:00+00:00
1771372800000,617.74,619.64,613.18,618.84,55720.28,2026-02-18 00:00:00+00:00
1771387200000,618.84,621.38,614.72,620.9,59683.08,2026-02-18 04:00:00+00:00
1771401600000,620.9,626.88,613.5,614.17,115047.75,2026-02-18 08:00:00+00:00
1771416000000,614.17,623.2,607.53,618.16,169196.38,2026-02-18 12:00:00+00:00
1771430400000,618.17,620.58,600.88,602.84,177171.52,2026-02-18 16:00:00+00:00
1771444800000,602.85,606.18,601.54,604.43,73162.64,2026-02-18 20:00:00+00:00
1771459200000,604.43,607.87,602.46,607.54,65634.32,2026-02-19 00:00:00+00:00
1771473600000,607.55,614.62,606.3,610.59,74671.64,2026-02-19 04:00:00+00:00
1771488000000,610.59,610.68,603.29,603.87,85706.74,2026-02-19 08:00:00+00:00
1771502400000,603.86,606.12,595.26,600.0,178937.64,2026-02-19 12:00:00+00:00
1771516800000,600.0,606.7,595.79,604.36,128959.18,2026-02-19 16:00:00+00:00
1771531200000,604.37,609.18,602.8,607.56,59379.45,2026-02-19 20:00:00+00:00
1771545600000,607.57,610.45,606.0,607.75,60047.23,2026-02-20 00:00:00+00:00
1771560000000,607.75,613.85,605.05,611.95,70330.06,2026-02-20 04:00:00+00:00
1771574400000,611.96,615.35,607.62,608.5,83343.96,2026-02-20 08:00:00+00:00
1771588800000,608.51,618.37,601.0,616.93,200897.45,2026-02-20 12:00:00+00:00
1771603200000,616.93,628.52,616.08,626.39,177423.57,2026-02-20 16:00:00+00:00
1771617600000,626.39,629.95,625.07,626.09,70559.99,2026-02-20 20:00:00+00:00
1771632000000,626.08,628.96,624.26,625.5,65741.93,2026-02-21 00:00:00+00:00
1771646400000,625.49,628.29,625.0,626.12,47887.73,2026-02-21 04:00:00+00:00
1771660800000,626.12,631.82,625.94,630.42,69136.39,2026-02-21 08:00:00+00:00
1771675200000,630.42,635.12,627.63,627.95,101390.25,2026-02-21 12:00:00+00:00
1771689600000,627.95,629.81,624.28,627.22,73026.74,2026-02-21 16:00:00+00:00
1771704000000,627.21,627.89,624.38,625.82,44673.29,2026-02-21 20:00:00+00:00
1771718400000,625.83,627.2,621.0,621.57,62755.53,2026-02-22 00:00:00+00:00
1771732800000,621.57,623.87,618.85,622.6,61837.64,2026-02-22 04:00:00+00:00
1771747200000,622.61,625.0,621.28,624.67,38528.71,2026-02-22 08:00:00+00:00
1771761600000,624.68,624.74,613.66,616.06,110357.85,2026-02-22 12:00:00+00:00
1771776000000,616.06,616.34,610.1,612.62,70239.15,2026-02-22 16:00:00+00:00
1771790400000,612.62,616.36,611.03,614.97,45398.33,2026-02-22 20:00:00+00:00
1771804800000,614.97,616.16,582.77,589.77,359949.82,2026-02-23 00:00:00+00:00
1771819200000,589.77,599.56,585.76,598.91,138343.62,2026-02-23 04:00:00+00:00
1771833600000,598.9,610.5,596.13,606.44,147431.88,2026-02-23 08:00:00+00:00
1771848000000,606.45,612.45,604.37,604.7,152703.1,2026-02-23 12:00:00+00:00
1771862400000,604.69,606.34,591.45,592.19,190287.97,2026-02-23 16:00:00+00:00
1771876800000,592.18,598.61,590.09,596.22,97943.79,2026-02-23 20:00:00+00:00
1771891200000,596.22,602.75,589.53,593.15,204595.16,2026-02-24 00:00:00+00:00
1771905600000,593.15,594.0,585.86,589.47,138311.54,2026-02-24 04:00:00+00:00
1771920000000,589.48,592.71,585.65,586.79,78400.55,2026-02-24 08:00:00+00:00
1771934400000,586.79,588.18,576.61,585.8,229269.52,2026-02-24 12:00:00+00:00
1771948800000,585.79,590.0,583.51,588.37,120897.74,2026-02-24 16:00:00+00:00
1771963200000,588.38,590.21,582.18,583.4,70605.06,2026-02-24 20:00:00+00:00
1771977600000,583.41,601.99,581.2,593.88,212944.04,2026-02-25 00:00:00+00:00
1771992000000,593.89,596.44,589.55,595.9,108593.52,2026-02-25 04:00:00+00:00
1772006400000,595.91,605.35,595.55,604.94,109536.68,2026-02-25 08:00:00+00:00
1772020800000,604.93,623.48,604.51,621.54,229999.08,2026-02-25 12:00:00+00:00
1772035200000,621.54,634.53,621.14,632.45,209105.71,2026-02-25 16:00:00+00:00
1772049600000,632.45,641.12,624.57,629.81,187253.68,2026-02-25 20:00:00+00:00
1772064000000,629.81,634.27,625.77,628.25,120992.01,2026-02-26 00:00:00+00:00
1772078400000,628.25,632.86,625.63,625.98,72411.54,2026-02-26 04:00:00+00:00
1772092800000,625.99,630.66,623.08,623.21,92726.57,2026-02-26 08:00:00+00:00
1772107200000,623.21,628.82,618.91,623.57,153611.78,2026-02-26 12:00:00+00:00
1772121600000,623.56,625.65,614.43,624.75,158383.72,2026-02-26 16:00:00+00:00
1772136000000,624.74,627.19,621.05,626.03,49751.6,2026-02-26 20:00:00+00:00
1772150400000,626.02,630.59,622.68,629.43,83087.11,2026-02-27 00:00:00+00:00
1772164800000,629.44,634.0,625.11,627.35,105245.04,2026-02-27 04:00:00+00:00
1772179200000,627.35,630.21,613.18,614.86,132528.43,2026-02-27 08:00:00+00:00
1772193600000,614.86,617.06,609.45,614.39,139961.96,2026-02-27 12:00:00+00:00
1772208000000,614.39,614.73,606.71,609.78,98511.17,2026-02-27 16:00:00+00:00
1772222400000,609.78,614.4,605.34,614.03,62569.3,2026-02-27 20:00:00+00:00
1772236800000,614.03,615.66,612.18,614.89,48569.6,2026-02-28 00:00:00+00:00
1772251200000,614.89,615.35,590.51,597.29,233236.28,2026-02-28 04:00:00+00:00
1772265600000,597.29,598.36,588.39,594.38,172673.25,2026-02-28 08:00:00+00:00
1772280000000,594.39,605.67,593.84,603.86,200086.5,2026-02-28 12:00:00+00:00
1772294400000,603.86,614.68,601.0,613.06,135433.79,2026-02-28 16:00:00+00:00
1772308800000,613.06,621.6,611.85,617.14,116763.12,2026-02-28 20:00:00+00:00
1772323200000,617.13,632.34,614.56,628.76,178494.79,2026-03-01 00:00:00+00:00
1772337600000,628.77,631.61,623.28,625.68,109151.92,2026-03-01 04:00:00+00:00
1772352000000,625.67,626.72,619.05,623.16,94818.58,2026-03-01 08:00:00+00:00
1772366400000,623.15,630.2,620.08,626.96,120093.96,2026-03-01 12:00:00+00:00
1772380800000,626.98,629.93,617.5,619.99,142641.61,2026-03-01 16:00:00+00:00
1772395200000,619.98,621.18,611.13,618.2,182692.51,2026-03-01 20:00:00+00:00
1772409600000,618.2,625.97,614.65,624.74,119002.82,2026-03-02 00:00:00+00:00
1772424000000,624.74,625.95,613.18,616.75,76945.2,2026-03-02 04:00:00+00:00
1772438400000,616.76,623.25,613.02,622.27,89955.95,2026-03-02 08:00:00+00:00
1772452800000,622.27,650.09,619.0,646.65,318334.52,2026-03-02 12:00:00+00:00
1772467200000,646.65,653.44,636.31,636.77,201643.22,2026-03-02 16:00:00+00:00
1772481600000,636.77,640.86,632.61,637.81,120246.23,2026-03-02 20:00:00+00:00
1772496000000,637.8,642.41,633.38,635.49,98910.44,2026-03-03 00:00:00+00:00
1772510400000,635.49,638.32,628.6,633.39,116988.34,2026-03-03 04:00:00+00:00
1772524800000,633.39,634.22,620.66,626.21,180801.59,2026-03-03 08:00:00+00:00
1772539200000,626.21,631.65,620.6,630.2,147249.98,2026-03-03 12:00:00+00:00
1772553600000,630.2,638.71,628.4,632.86,142089.86,2026-03-03 16:00:00+00:00
1772568000000,632.86,636.85,628.2,633.45,71995.17,2026-03-03 20:00:00+00:00
1772582400000,633.45,636.62,626.0,629.14,92817.12,2026-03-04 00:00:00+00:00
1772596800000,629.14,641.0,627.08,640.02,89713.09,2026-03-04 04:00:00+00:00
1772611200000,640.02,655.0,638.86,650.51,251810.58,2026-03-04 08:00:00+00:00
1772625600000,650.5,662.42,646.12,661.38,234812.46,2026-03-04 12:00:00+00:00
1772640000000,661.38,666.43,655.31,662.69,146139.27,2026-03-04 16:00:00+00:00
1772654400000,662.7,663.2,656.75,658.08,84870.89,2026-03-04 20:00:00+00:00
1772668800000,658.09,661.14,652.34,654.4,87755.43,2026-03-05 00:00:00+00:00
1772683200000,654.41,657.63,648.69,650.45,87954.56,2026-03-05 04:00:00+00:00
1772697600000,650.45,665.64,649.68,659.3,112585.96,2026-03-05 08:00:00+00:00
1772712000000,659.31,661.04,648.26,653.08,163438.56,2026-03-05 12:00:00+00:00
1772726400000,653.07,654.68,646.27,648.7,116705.95,2026-03-05 16:00:00+00:00
1772740800000,648.7,652.44,646.49,648.01,53205.84,2026-03-05 20:00:00+00:00
1772755200000,648.01,651.78,645.53,649.81,64369.65,2026-03-06 00:00:00+00:00
1772769600000,649.81,650.0,641.12,646.78,84577.09,2026-03-06 04:00:00+00:00
1772784000000,646.79,646.99,637.06,637.31,79013.56,2026-03-06 08:00:00+00:00
1772798400000,637.3,640.69,624.51,627.7,197337.14,2026-03-06 12:00:00+00:00
1772812800000,627.69,632.83,625.8,630.55,83837.56,2026-03-06 16:00:00+00:00
1772827200000,630.56,631.4,626.85,627.24,63809.13,2026-03-06 20:00:00+00:00
1772841600000,627.24,629.65,626.21,626.95,33042.79,2026-03-07 00:00:00+00:00
1772856000000,626.94,628.46,624.55,627.6,38517.0,2026-03-07 04:00:00+00:00
1772870400000,627.6,629.97,626.25,627.68,38447.64,2026-03-07 08:00:00+00:00
1772884800000,627.68,628.1,623.43,625.02,74390.63,2026-03-07 12:00:00+00:00
1772899200000,625.03,625.05,618.11,619.68,62681.25,2026-03-07 16:00:00+00:00
1772913600000,619.68,622.41,617.6,620.24,38921.81,2026-03-07 20:00:00+00:00
1772928000000,620.25,621.96,615.2,616.83,53842.33,2026-03-08 00:00:00+00:00
1772942400000,616.84,622.23,614.04,619.77,47541.64,2026-03-08 04:00:00+00:00
1772956800000,619.77,624.07,617.75,620.13,61352.12,2026-03-08 08:00:00+00:00
1772971200000,620.13,621.05,612.81,615.9,87252.98,2026-03-08 12:00:00+00:00
1772985600000,615.89,619.73,611.49,618.87,64325.68,2026-03-08 16:00:00+00:00
1773000000000,618.87,619.93,607.56,611.7,103700.63,2026-03-08 20:00:00+00:00
1773014400000,611.71,628.27,610.76,623.34,136837.94,2026-03-09 00:00:00+00:00
1773028800000,623.35,630.07,618.2,621.78,129918.29,2026-03-09 04:00:00+00:00
1773043200000,621.8,630.43,621.58,627.42,95671.91,2026-03-09 08:00:00+00:00
1773057600000,627.42,640.4,627.42,639.3,160847.18,2026-03-09 12:00:00+00:00
1773072000000,639.3,643.4,634.17,638.26,132486.11,2026-03-09 16:00:00+00:00
1773086400000,638.26,640.83,633.6,634.52,58869.51,2026-03-09 20:00:00+00:00
1773100800000,634.51,646.0,634.36,639.69,107763.09,2026-03-10 00:00:00+00:00
1773115200000,639.7,646.94,639.35,644.41,71043.71,2026-03-10 04:00:00+00:00
1773129600000,644.41,648.93,643.96,645.39,85244.24,2026-03-10 08:00:00+00:00
1773144000000,645.39,652.24,638.11,649.27,163260.2,2026-03-10 12:00:00+00:00
1773158400000,649.27,652.44,639.85,641.7,102866.78,2026-03-10 16:00:00+00:00
1773172800000,641.69,645.21,639.41,641.89,59423.26,2026-03-10 20:00:00+00:00
1773187200000,641.89,644.29,638.58,639.73,66722.38,2026-03-11 00:00:00+00:00
1773201600000,639.74,644.84,637.56,640.43,81221.05,2026-03-11 04:00:00+00:00
1773216000000,640.43,643.95,634.2,638.1,175345.7,2026-03-11 08:00:00+00:00
1773230400000,638.1,652.29,636.71,645.93,176492.77,2026-03-11 12:00:00+00:00
1773244800000,645.93,655.91,645.29,653.23,120305.94,2026-03-11 16:00:00+00:00
1773259200000,653.23,656.66,650.45,651.73,52090.61,2026-03-11 20:00:00+00:00
1773273600000,651.73,652.47,642.09,643.3,89844.42,2026-03-12 00:00:00+00:00
1773288000000,643.31,646.92,641.69,645.7,56501.98,2026-03-12 04:00:00+00:00
1773302400000,645.69,654.09,645.51,652.34,78149.16,2026-03-12 08:00:00+00:00
1773316800000,652.33,657.93,645.56,650.3,165009.36,2026-03-12 12:00:00+00:00
1773331200000,650.3,652.74,646.57,651.17,71157.27,2026-03-12 16:00:00+00:00
1773345600000,651.17,655.22,649.16,651.97,50323.85,2026-03-12 20:00:00+00:00
1773360000000,651.96,664.07,650.62,661.73,142393.22,2026-03-13 00:00:00+00:00
1773374400000,661.73,664.56,658.81,661.38,78242.0,2026-03-13 04:00:00+00:00
1773388800000,661.38,668.75,660.71,666.76,153655.51,2026-03-13 08:00:00+00:00
1773403200000,666.77,679.59,661.44,662.39,278655.25,2026-03-13 12:00:00+00:00
1773417600000,662.39,664.7,652.91,657.34,176959.21,2026-03-13 16:00:00+00:00
1773432000000,657.35,658.85,653.63,655.75,63090.25,2026-03-13 20:00:00+00:00
1773446400000,655.74,657.22,652.55,656.88,51201.93,2026-03-14 00:00:00+00:00
1773460800000,656.88,658.39,650.89,652.22,49932.34,2026-03-14 04:00:00+00:00
1773475200000,652.23,653.89,649.97,653.46,39067.62,2026-03-14 08:00:00+00:00
1773489600000,653.46,654.9,651.75,653.3,39134.5,2026-03-14 12:00:00+00:00
1773504000000,653.3,654.52,652.13,653.57,25071.48,2026-03-14 16:00:00+00:00
1773518400000,653.58,657.95,652.98,657.61,31270.82,2026-03-14 20:00:00+00:00
1773532800000,657.61,661.24,654.32,658.9,50117.61,2026-03-15 00:00:00+00:00
1773547200000,658.91,660.98,657.63,659.94,40229.77,2026-03-15 04:00:00+00:00
1773561600000,659.94,666.63,659.66,661.63,73352.84,2026-03-15 08:00:00+00:00
1773576000000,661.64,662.57,656.64,659.68,79597.74,2026-03-15 12:00:00+00:00
1773590400000,659.67,663.18,658.03,660.38,42456.48,2026-03-15 16:00:00+00:00
1773604800000,660.37,679.55,659.62,674.12,172418.22,2026-03-15 20:00:00+00:00
1773619200000,674.12,686.42,670.5,680.74,128713.6,2026-03-16 00:00:00+00:00
1773633600000,680.75,687.86,677.33,678.48,133676.72,2026-03-16 04:00:00+00:00
1773648000000,678.49,681.36,674.0,677.37,95062.99,2026-03-16 08:00:00+00:00
1773662400000,677.37,683.7,670.17,671.72,193153.46,2026-03-16 12:00:00+00:00
1773676800000,671.72,681.51,671.32,678.51,97172.39,2026-03-16 16:00:00+00:00
1773691200000,678.5,684.78,673.71,679.7,105136.9,2026-03-16 20:00:00+00:00
1773705600000,679.7,686.6,675.05,676.13,141034.51,2026-03-17 00:00:00+00:00
1773720000000,676.13,677.46,671.9,674.19,86288.7,2026-03-17 04:00:00+00:00
1773734400000,674.19,677.04,667.3,667.57,130361.24,2026-03-17 08:00:00+00:00
1773748800000,667.58,673.17,663.2,668.35,140509.98,2026-03-17 12:00:00+00:00
1773763200000,668.35,674.64,667.57,671.71,53508.41,2026-03-17 16:00:00+00:00
1773777600000,671.71,674.29,667.81,668.51,39530.2,2026-03-17 20:00:00+00:00
1773792000000,668.51,675.13,665.45,673.18,61577.48,2026-03-18 00:00:00+00:00
1773806400000,673.18,674.87,669.77,673.73,66056.43,2026-03-18 04:00:00+00:00
1773820800000,673.72,676.28,661.25,662.67,115300.79,2026-03-18 08:00:00+00:00
1773835200000,662.66,662.66,644.46,648.21,212728.95,2026-03-18 12:00:00+00:00
1773849600000,648.2,652.62,644.9,647.66,118658.84,2026-03-18 16:00:00+00:00
1773864000000,647.67,652.61,643.78,651.87,65913.05,2026-03-18 20:00:00+00:00
1773878400000,651.86,656.18,648.56,652.23,68591.5,2026-03-19 00:00:00+00:00
1773892800000,652.22,652.43,640.39,644.91,99207.51,2026-03-19 04:00:00+00:00
1773907200000,644.9,648.63,643.33,643.83,65165.25,2026-03-19 08:00:00+00:00
1773921600000,643.82,643.82,634.17,637.6,133669.9,2026-03-19 12:00:00+00:00
1773936000000,637.61,642.14,633.0,639.79,126101.01,2026-03-19 16:00:00+00:00
1773950400000,639.79,643.67,637.91,638.82,54320.08,2026-03-19 20:00:00+00:00
1773964800000,638.83,644.68,638.14,643.92,60657.03,2026-03-20 00:00:00+00:00
1773979200000,643.91,645.59,639.31,643.69,62472.35,2026-03-20 04:00:00+00:00
1773993600000,643.68,647.33,640.01,641.32,70544.82,2026-03-20 08:00:00+00:00
1774008000000,641.33,643.02,636.31,640.17,137364.26,2026-03-20 12:00:00+00:00
1774022400000,640.16,641.68,636.1,640.08,62280.12,2026-03-20 16:00:00+00:00
1774036800000,640.08,644.41,637.46,642.0,45279.77,2026-03-20 20:00:00+00:00
1774051200000,642.0,643.09,640.02,642.15,26519.49,2026-03-21 00:00:00+00:00
1774065600000,642.15,644.21,641.66,642.98,26275.71,2026-03-21 04:00:00+00:00
1774080000000,642.97,644.27,641.99,643.65,27256.61,2026-03-21 08:00:00+00:00
1774094400000,643.65,646.35,641.23,642.79,46275.07,2026-03-21 12:00:00+00:00
1774108800000,642.78,643.32,640.53,641.43,25941.64,2026-03-21 16:00:00+00:00
1774123200000,641.43,642.61,627.32,630.29,80860.89,2026-03-21 20:00:00+00:00
1774137600000,630.29,637.51,622.0,634.52,133058.64,2026-03-22 00:00:00+00:00
1774152000000,634.52,636.31,631.55,631.77,96785.42,2026-03-22 04:00:00+00:00
1774166400000,631.78,631.84,627.13,627.5,56204.83,2026-03-22 08:00:00+00:00
1774180800000,627.5,631.41,627.49,629.4,47161.96,2026-03-22 12:00:00+00:00
1774195200000,629.39,631.89,626.1,627.14,72713.78,2026-03-22 16:00:00+00:00
1774209600000,627.14,631.01,621.56,626.08,81394.09,2026-03-22 20:00:00+00:00
1774224000000,626.08,630.54,621.75,626.24,72995.06,2026-03-23 00:00:00+00:00
1774238400000,626.25,631.79,620.0,623.95,91904.59,2026-03-23 04:00:00+00:00
1774252800000,623.96,650.68,621.07,638.17,342816.6,2026-03-23 08:00:00+00:00
1774267200000,638.16,649.43,635.52,637.35,219024.55,2026-03-23 12:00:00+00:00
1774281600000,637.35,640.93,632.84,637.86,141953.58,2026-03-23 16:00:00+00:00
1774296000000,637.85,641.42,636.4,639.3,45818.06,2026-03-23 20:00:00+00:00
1774310400000,639.3,640.39,632.01,632.7,71751.4,2026-03-24 00:00:00+00:00
1774324800000,632.7,638.57,627.13,637.92,83112.32,2026-03-24 04:00:00+00:00
1774339200000,637.9,639.93,633.92,638.87,67672.4,2026-03-24 08:00:00+00:00
1774353600000,638.86,639.35,627.1,630.86,137746.16,2026-03-24 12:00:00+00:00
1774368000000,630.85,632.38,626.66,630.11,78295.07,2026-03-24 16:00:00+00:00
1774382400000,630.1,639.87,629.63,638.31,69410.21,2026-03-24 20:00:00+00:00
1774396800000,638.31,643.02,637.39,642.21,67195.46,2026-03-25 00:00:00+00:00
1774411200000,642.2,647.2,641.5,643.7,67387.33,2026-03-25 04:00:00+00:00
1774425600000,643.7,651.24,643.61,648.57,116978.36,2026-03-25 08:00:00+00:00
1774440000000,648.57,653.18,642.0,645.79,120999.54,2026-03-25 12:00:00+00:00
1774454400000,645.79,651.36,644.26,646.27,77211.81,2026-03-25 16:00:00+00:00
1774468800000,646.28,650.44,644.28,647.85,39497.37,2026-03-25 20:00:00+00:00
1774483200000,647.84,648.75,641.43,643.08,47457.94,2026-03-26 00:00:00+00:00
1774497600000,643.1,643.43,633.37,635.39,97127.17,2026-03-26 04:00:00+00:00
1774512000000,635.39,635.44,628.0,629.09,95056.07,2026-03-26 08:00:00+00:00
1774526400000,629.09,632.58,625.0,626.79,87122.58,2026-03-26 12:00:00+00:00
1774540800000,626.78,628.76,622.63,625.35,73682.51,2026-03-26 16:00:00+00:00
1774555200000,625.35,631.34,625.0,628.75,65982.07,2026-03-26 20:00:00+00:00
1774569600000,628.75,631.85,627.26,628.29,40487.2,2026-03-27 00:00:00+00:00
1774584000000,628.28,629.88,624.73,628.32,53568.75,2026-03-27 04:00:00+00:00
1774598400000,628.33,628.96,606.69,610.66,230427.36,2026-03-27 08:00:00+00:00
1774612800000,610.66,613.78,605.48,610.33,131107.22,2026-03-27 12:00:00+00:00
1774627200000,610.33,611.67,606.37,609.8,70697.79,2026-03-27 16:00:00+00:00
1774641600000,609.8,614.16,608.42,613.72,42491.8,2026-03-27 20:00:00+00:00
1774656000000,613.72,613.91,609.73,611.06,43321.91,2026-03-28 00:00:00+00:00
1774670400000,611.06,614.28,610.33,613.81,34077.37,2026-03-28 04:00:00+00:00
1774684800000,613.82,614.12,610.3,612.67,35780.6,2026-03-28 08:00:00+00:00
1774699200000,612.66,618.8,611.39,617.04,86400.76,2026-03-28 12:00:00+00:00
1774713600000,617.04,617.45,615.23,616.49,27819.95,2026-03-28 16:00:00+00:00
1774728000000,616.49,617.99,610.27,610.9,56078.67,2026-03-28 20:00:00+00:00
1774742400000,610.9,615.1,609.63,613.79,41516.63,2026-03-29 00:00:00+00:00
1774756800000,613.8,614.49,611.68,613.35,28400.92,2026-03-29 04:00:00+00:00
1774771200000,613.35,614.46,610.88,613.37,38312.14,2026-03-29 08:00:00+00:00
1774785600000,613.37,613.51,607.28,609.4,60675.01,2026-03-29 12:00:00+00:00
1774800000000,609.41,610.94,607.42,609.02,28482.77,2026-03-29 16:00:00+00:00
1774814400000,609.01,612.11,596.01,605.86,130217.54,2026-03-29 20:00:00+00:00
1774828800000,605.88,619.08,604.81,615.62,119293.43,2026-03-30 00:00:00+00:00
1774843200000,615.63,619.16,615.25,618.24,66459.99,2026-03-30 04:00:00+00:00
1774857600000,618.23,621.75,616.43,618.03,102342.02,2026-03-30 08:00:00+00:00
1774872000000,618.03,621.21,613.62,618.72,102248.41,2026-03-30 12:00:00+00:00
1774886400000,618.72,618.95,608.26,610.74,77170.84,2026-03-30 16:00:00+00:00
1774900800000,610.74,613.9,607.22,609.42,71828.79,2026-03-30 20:00:00+00:00
1774915200000,609.42,619.9,608.34,613.69,97991.42,2026-03-31 00:00:00+00:00
1774929600000,613.69,614.67,609.31,611.14,55763.91,2026-03-31 04:00:00+00:00
1774944000000,611.14,611.32,598.6,605.14,154403.36,2026-03-31 08:00:00+00:00
1774958400000,605.15,616.04,604.11,608.02,176398.21,2026-03-31 12:00:00+00:00
1774972800000,608.02,620.0,607.94,616.03,134394.77,2026-03-31 16:00:00+00:00
1774987200000,616.03,620.03,615.28,617.64,64419.18,2026-03-31 20:00:00+00:00
1775001600000,617.64,620.2,614.07,617.14,65043.44,2026-04-01 00:00:00+00:00
1775016000000,617.15,622.66,615.3,616.71,121233.52,2026-04-01 04:00:00+00:00
1775030400000,616.7,618.04,614.14,615.76,66653.71,2026-04-01 08:00:00+00:00
1775044800000,615.76,618.48,610.21,615.25,100363.46,2026-04-01 12:00:00+00:00
1775059200000,615.26,619.98,611.82,614.23,87926.14,2026-04-01 16:00:00+00:00
1775073600000,614.22,616.4,609.62,611.18,64247.03,2026-04-01 20:00:00+00:00
1775088000000,611.18,613.98,591.99,592.3,190501.84,2026-04-02 00:00:00+00:00
1775102400000,592.3,592.88,587.56,592.06,132567.78,2026-04-02 04:00:00+00:00
1775116800000,592.07,592.07,577.4,581.44,167878.36,2026-04-02 08:00:00+00:00
1775131200000,581.44,581.67,570.71,574.35,275064.35,2026-04-02 12:00:00+00:00
1775145600000,574.35,583.98,574.01,583.67,143202.63,2026-04-02 16:00:00+00:00
1775160000000,583.67,585.25,581.54,583.8,68447.77,2026-04-02 20:00:00+00:00
1775174400000,583.81,587.43,582.07,586.11,80093.09,2026-04-03 00:00:00+00:00
1775188800000,586.12,589.27,585.08,586.64,63343.57,2026-04-03 04:00:00+00:00
1775203200000,586.64,588.52,583.24,587.42,77818.63,2026-04-03 08:00:00+00:00
1775217600000,587.42,590.47,584.1,587.16,88024.47,2026-04-03 12:00:00+00:00
1775232000000,587.17,589.42,586.69,588.74,36500.77,2026-04-03 16:00:00+00:00
1775246400000,588.74,589.41,587.05,588.4,32760.2,2026-04-03 20:00:00+00:00
1775260800000,588.4,589.38,587.31,589.25,28984.63,2026-04-04 00:00:00+00:00
1775275200000,589.25,592.39,588.37,590.27,44927.01,2026-04-04 04:00:00+00:00
1775289600000,590.27,591.88,589.22,589.65,41200.61,2026-04-04 08:00:00+00:00
1775304000000,589.65,592.17,588.1,591.37,56446.47,2026-04-04 12:00:00+00:00
1775318400000,591.37,596.89,590.68,593.68,64219.98,2026-04-04 16:00:00+00:00
1775332800000,593.67,595.41,592.87,593.62,28576.75,2026-04-04 20:00:00+00:00
1775347200000,593.62,594.27,591.46,593.75,40557.87,2026-04-05 00:00:00+00:00
1775361600000,593.75,594.29,587.83,590.61,73821.62,2026-04-05 04:00:00+00:00
1775376000000,590.61,595.54,590.28,594.24,53191.31,2026-04-05 08:00:00+00:00
1775390400000,594.24,596.69,587.27,593.38,105713.99,2026-04-05 12:00:00+00:00
1775404800000,593.38,593.93,591.8,592.65,38213.54,2026-04-05 16:00:00+00:00
1775419200000,592.64,604.29,590.7,601.81,125184.02,2026-04-05 20:00:00+00:00
1775433600000,601.82,608.14,600.39,600.9,121747.66,2026-04-06 00:00:00+00:00
1775448000000,600.91,604.69,598.86,604.04,92597.83,2026-04-06 04:00:00+00:00
1775462400000,604.04,610.8,604.03,605.81,84253.31,2026-04-06 08:00:00+00:00
1775476800000,605.82,609.13,604.54,608.8,71153.66,2026-04-06 12:00:00+00:00
1775491200000,608.8,609.37,603.27,607.13,60956.12,2026-04-06 16:00:00+00:00
1775505600000,607.14,608.39,596.33,600.45,79191.69,2026-04-06 20:00:00+00:00
1775520000000,600.45,601.69,596.69,599.27,58767.19,2026-04-07 00:00:00+00:00
1775534400000,599.28,602.11,596.93,599.38,41319.26,2026-04-07 04:00:00+00:00
1775548800000,599.37,606.69,596.53,597.23,136637.76,2026-04-07 08:00:00+00:00
1775563200000,597.24,600.27,592.22,598.74,126319.31,2026-04-07 12:00:00+00:00
1775577600000,598.74,609.34,598.72,608.77,91993.74,2026-04-07 16:00:00+00:00
1775592000000,608.78,625.38,607.59,620.61,220956.19,2026-04-07 20:00:00+00:00
1775606400000,620.61,622.0,613.24,613.77,101345.2,2026-04-08 00:00:00+00:00
1775620800000,613.77,617.78,612.43,613.72,76474.53,2026-04-08 04:00:00+00:00
1775635200000,613.71,614.89,611.21,613.19,63381.02,2026-04-08 08:00:00+00:00
1775649600000,613.19,616.26,601.46,605.63,182352.64,2026-04-08 12:00:00+00:00
1775664000000,605.64,608.09,603.12,604.63,56476.17,2026-04-08 16:00:00+00:00
1775678400000,604.63,607.76,600.02,601.41,59450.87,2026-04-08 20:00:00+00:00
1775692800000,601.45,603.37,597.14,600.47,85305.03,2026-04-09 00:00:00+00:00
1775707200000,600.47,601.54,599.0,600.34,39941.64,2026-04-09 04:00:00+00:00
1775721600000,600.35,603.49,599.59,602.84,59922.82,2026-04-09 08:00:00+00:00
1775736000000,602.84,607.8,598.6,606.49,109692.86,2026-04-09 12:00:00+00:00
1775750400000,606.49,609.83,603.97,609.0,93463.33,2026-04-09 16:00:00+00:00
1775764800000,609.01,612.65,602.33,603.39,77153.56,2026-04-09 20:00:00+00:00
1775779200000,603.39,605.77,600.1,601.51,56290.11,2026-04-10 00:00:00+00:00
1775793600000,601.51,603.0,599.35,599.61,45683.83,2026-04-10 04:00:00+00:00
1775808000000,599.62,603.7,597.78,602.77,56488.89,2026-04-10 08:00:00+00:00
1775822400000,602.77,609.2,601.37,603.82,108329.75,2026-04-10 12:00:00+00:00
1775836800000,603.83,610.42,603.75,609.98,51946.27,2026-04-10 16:00:00+00:00
1775851200000,609.98,610.75,605.7,605.95,43497.98,2026-04-10 20:00:00+00:00
1775865600000,605.95,608.17,603.72,607.15,50087.47,2026-04-11 00:00:00+00:00
1775880000000,607.14,607.95,604.68,606.37,33832.01,2026-04-11 04:00:00+00:00
1775894400000,606.38,607.63,604.74,605.76,41402.41,2026-04-11 08:00:00+00:00
1775908800000,605.76,607.28,604.1,606.0,37625.45,2026-04-11 12:00:00+00:00
1775923200000,606.01,614.57,605.96,613.36,84937.2,2026-04-11 16:00:00+00:00
1775937600000,613.36,613.44,606.19,607.52,56858.34,2026-04-11 20:00:00+00:00
1775952000000,607.52,607.89,590.23,595.76,160231.47,2026-04-12 00:00:00+00:00
1775966400000,595.76,596.2,593.09,594.31,48194.27,2026-04-12 04:00:00+00:00
1775980800000,594.31,595.73,593.0,595.49,43690.67,2026-04-12 08:00:00+00:00
1775995200000,595.49,596.0,589.17,591.81,79033.92,2026-04-12 12:00:00+00:00
1776009600000,591.8,593.6,591.08,592.57,36453.61,2026-04-12 16:00:00+00:00
1776024000000,592.57,597.28,591.18,592.42,81599.79,2026-04-12 20:00:00+00:00
1776038400000,592.41,598.28,591.75,594.99,54144.58,2026-04-13 00:00:00+00:00
1776052800000,595.0,600.15,594.88,597.58,62659.27,2026-04-13 04:00:00+00:00
1776067200000,597.57,598.99,595.42,597.34,48282.58,2026-04-13 08:00:00+00:00
1776081600000,597.34,605.41,595.78,603.8,140216.26,2026-04-13 12:00:00+00:00
1776096000000,603.8,609.63,602.48,608.96,121023.92,2026-04-13 16:00:00+00:00
1776110400000,608.96,618.4,607.55,615.19,145313.06,2026-04-13 20:00:00+00:00
1776124800000,615.19,616.5,610.81,616.44,87821.72,2026-04-14 00:00:00+00:00
1776139200000,616.45,616.5,612.17,613.98,56696.54,2026-04-14 04:00:00+00:00
1776153600000,613.99,619.8,613.81,616.85,88118.57,2026-04-14 08:00:00+00:00
1776168000000,616.84,625.74,615.51,623.9,186107.21,2026-04-14 12:00:00+00:00
1776182400000,623.9,625.67,612.13,614.37,130243.05,2026-04-14 16:00:00+00:00
1776196800000,614.38,617.58,613.48,614.16,46111.32,2026-04-14 20:00:00+00:00
1776211200000,614.17,620.36,614.16,616.5,71275.78,2026-04-15 00:00:00+00:00
1776225600000,616.5,617.58,611.02,611.92,70364.84,2026-04-15 04:00:00+00:00
1776240000000,611.93,621.21,610.84,620.15,82311.67,2026-04-15 08:00:00+00:00
1776254400000,620.16,620.84,616.26,619.45,74176.61,2026-04-15 12:00:00+00:00
1776268800000,619.44,628.19,618.95,625.85,85319.98,2026-04-15 16:00:00+00:00
1776283200000,625.84,627.33,621.82,623.08,61809.34,2026-04-15 20:00:00+00:00
1776297600000,623.08,626.68,621.02,624.61,51691.97,2026-04-16 00:00:00+00:00
1776312000000,624.6,626.44,622.14,622.98,57648.31,2026-04-16 04:00:00+00:00
1776326400000,622.98,624.17,619.09,621.23,81598.49,2026-04-16 08:00:00+00:00
1776340800000,621.23,626.83,615.09,625.13,146405.12,2026-04-16 12:00:00+00:00
1776355200000,625.14,638.02,623.86,636.92,191101.85,2026-04-16 16:00:00+00:00
1776369600000,636.93,637.89,632.19,636.15,63939.77,2026-04-16 20:00:00+00:00
1776384000000,636.15,636.94,628.61,629.64,72713.27,2026-04-17 00:00:00+00:00
1776398400000,629.65,630.56,627.02,627.65,60014.16,2026-04-17 04:00:00+00:00
1776412800000,627.65,635.36,627.18,632.79,97529.42,2026-04-17 08:00:00+00:00
1776427200000,632.79,646.0,632.0,643.69,189831.58,2026-04-17 12:00:00+00:00
1776441600000,643.7,645.98,639.03,641.83,74439.14,2026-04-17 16:00:00+00:00
1776456000000,641.84,645.19,639.63,643.52,54536.48,2026-04-17 20:00:00+00:00
1776470400000,643.52,647.4,640.5,640.63,83648.77,2026-04-18 00:00:00+00:00
1776484800000,640.63,649.19,640.44,643.75,79319.23,2026-04-18 04:00:00+00:00
1776499200000,643.76,643.99,631.69,633.63,114763.4,2026-04-18 08:00:00+00:00
1776513600000,633.63,635.21,631.43,633.63,52740.4,2026-04-18 12:00:00+00:00
1776528000000,633.62,634.64,628.46,630.7,71791.29,2026-04-18 16:00:00+00:00
1776542400000,630.7,632.23,630.0,630.22,31892.73,2026-04-18 20:00:00+00:00
1776556800000,630.23,630.72,621.34,623.52,91882.56,2026-04-19 00:00:00+00:00
1776571200000,623.53,624.94,618.28,620.59,85436.67,2026-04-19 04:00:00+00:00
1776585600000,620.59,623.53,618.19,622.6,70249.21,2026-04-19 08:00:00+00:00
1776600000000,622.61,628.62,622.27,626.27,82680.87,2026-04-19 12:00:00+00:00
1776614400000,626.28,626.92,619.54,623.19,61946.06,2026-04-19 16:00:00+00:00
1776628800000,623.18,623.54,615.14,616.38,73735.54,2026-04-19 20:00:00+00:00
1776643200000,616.39,623.16,616.24,622.1,47813.16,2026-04-20 00:00:00+00:00
1776657600000,622.1,629.87,617.3,625.03,83087.12,2026-04-20 04:00:00+00:00
1776672000000,625.04,628.58,622.96,625.84,60987.53,2026-04-20 08:00:00+00:00
1776686400000,625.83,628.71,621.16,628.69,99412.12,2026-04-20 12:00:00+00:00
1776700800000,628.7,632.2,627.04,630.91,59242.38,2026-04-20 16:00:00+00:00
1776715200000,630.92,632.46,628.29,629.56,34941.05,2026-04-20 20:00:00+00:00
1776729600000,629.57,632.99,628.32,630.29,43290.89,2026-04-21 00:00:00+00:00
1776744000000,630.29,634.17,629.16,633.08,45822.87,2026-04-21 04:00:00+00:00
1776758400000,633.07,640.78,632.48,634.53,141448.48,2026-04-21 08:00:00+00:00
1776772800000,634.53,635.55,629.65,632.11,81638.56,2026-04-21 12:00:00+00:00
1776787200000,632.12,634.0,625.12,626.98,76525.7,2026-04-21 16:00:00+00:00
1776801600000,626.97,632.75,625.79,631.97,54695.18,2026-04-21 20:00:00+00:00
1776816000000,631.97,641.85,631.45,640.01,96222.2,2026-04-22 00:00:00+00:00
1776830400000,640.01,645.32,639.01,642.41,102463.9,2026-04-22 04:00:00+00:00
1776844800000,642.41,644.24,641.41,643.12,40032.63,2026-04-22 08:00:00+00:00
1776859200000,643.12,654.89,642.42,649.49,148189.1,2026-04-22 12:00:00+00:00
1776873600000,649.49,651.51,643.26,644.4,68771.28,2026-04-22 16:00:00+00:00
1776888000000,644.4,644.56,637.61,637.81,67951.75,2026-04-22 20:00:00+00:00
1776902400000,637.81,639.81,633.54,635.81,84081.09,2026-04-23 00:00:00+00:00
1776916800000,635.81,638.96,635.21,635.86,61379.56,2026-04-23 04:00:00+00:00
1776931200000,635.86,636.45,631.22,633.71,65948.27,2026-04-23 08:00:00+00:00
1776945600000,633.71,640.35,632.28,639.96,81726.17,2026-04-23 12:00:00+00:00
1776960000000,639.94,640.7,631.3,636.22,99661.86,2026-04-23 16:00:00+00:00
1776974400000,636.21,640.2,635.92,638.84,33774.86,2026-04-23 20:00:00+00:00
1776988800000,638.84,640.68,633.82,634.88,47358.81,2026-04-24 00:00:00+00:00
1777003200000,634.89,637.42,632.26,635.38,60040.71,2026-04-24 04:00:00+00:00
1777017600000,635.38,639.14,633.66,638.46,55578.18,2026-04-24 08:00:00+00:00
1777032000000,638.47,640.88,636.23,639.93,59011.32,2026-04-24 12:00:00+00:00
1777046400000,639.93,640.35,635.6,638.68,38805.91,2026-04-24 16:00:00+00:00
1777060800000,638.67,638.81,635.76,636.49,24381.78,2026-04-24 20:00:00+00:00
1777075200000,636.49,638.03,635.76,637.84,23614.47,2026-04-25 00:00:00+00:00
1777089600000,637.83,638.5,636.5,637.15,19865.28,2026-04-25 04:00:00+00:00
1777104000000,637.15,638.79,634.51,635.07,32820.96,2026-04-25 08:00:00+00:00
1777118400000,635.07,635.5,629.3,630.19,84370.42,2026-04-25 12:00:00+00:00
1777132800000,630.19,630.81,627.32,629.01,48891.86,2026-04-25 16:00:00+00:00
1777147200000,629.02,630.78,628.67,628.9,22468.73,2026-04-25 20:00:00+00:00
1777161600000,628.9,630.75,627.15,628.95,40470.45,2026-04-26 00:00:00+00:00
1777176000000,628.96,633.18,628.58,632.86,43161.18,2026-04-26 04:00:00+00:00
1777190400000,632.85,633.09,630.35,632.8,27613.94,2026-04-26 08:00:00+00:00
1777204800000,632.8,633.42,630.83,632.6,34818.55,2026-04-26 12:00:00+00:00
1777219200000,632.59,637.17,630.82,636.19,48785.43,2026-04-26 16:00:00+00:00
1777233600000,636.2,638.5,633.4,636.18,48874.55,2026-04-26 20:00:00+00:00
1777248000000,636.18,640.38,634.22,638.74,74238.03,2026-04-27 00:00:00+00:00
1777262400000,638.75,639.09,625.33,626.14,131675.73,2026-04-27 04:00:00+00:00
1777276800000,626.12,629.19,625.62,627.66,48965.43,2026-04-27 08:00:00+00:00
1777291200000,627.65,628.97,618.76,621.22,119380.77,2026-04-27 12:00:00+00:00
1777305600000,621.22,624.34,620.62,623.79,45832.47,2026-04-27 16:00:00+00:00
1777320000000,623.8,627.72,623.39,627.18,31206.33,2026-04-27 20:00:00+00:00
1777334400000,627.17,627.98,623.62,624.87,37306.91,2026-04-28 00:00:00+00:00
1777348800000,624.87,626.95,622.0,624.57,50813.39,2026-04-28 04:00:00+00:00
1777363200000,624.56,625.72,621.52,622.2,27211.22,2026-04-28 08:00:00+00:00
1777377600000,622.2,623.98,619.3,623.15,72534.85,2026-04-28 12:00:00+00:00
1777392000000,623.15,624.7,622.13,624.56,30304.8,2026-04-28 16:00:00+00:00
1777406400000,624.56,625.12,623.02,624.88,21178.03,2026-04-28 20:00:00+00:00
1777420800000,624.88,627.2,622.84,626.37,52911.26,2026-04-29 00:00:00+00:00
1777435200000,626.38,628.81,625.16,625.29,54298.79,2026-04-29 04:00:00+00:00
1777449600000,625.29,629.9,624.65,626.34,58544.5,2026-04-29 08:00:00+00:00
1777464000000,626.34,626.36,615.65,616.74,113164.83,2026-04-29 12:00:00+00:00
1777478400000,616.75,620.55,610.29,613.57,122502.93,2026-04-29 16:00:00+00:00
1777492800000,613.58,618.92,613.3,617.63,42271.66,2026-04-29 20:00:00+00:00
1777507200000,617.64,620.9,616.23,618.19,53374.78,2026-04-30 00:00:00+00:00
1777521600000,618.19,618.59,613.69,617.9,42928.42,2026-04-30 04:00:00+00:00
1777536000000,617.89,619.17,614.79,616.02,35741.1,2026-04-30 08:00:00+00:00
1777550400000,616.03,618.48,613.78,617.3,50211.53,2026-04-30 12:00:00+00:00
1777564800000,617.3,619.29,616.06,618.86,30875.08,2026-04-30 16:00:00+00:00
1777579200000,618.85,619.0,615.01,615.61,21705.5,2026-04-30 20:00:00+00:00
1777593600000,615.61,621.74,615.52,618.79,50989.16,2026-05-01 00:00:00+00:00
1777608000000,618.8,619.41,616.33,617.69,32473.74,2026-05-01 04:00:00+00:00
1777622400000,617.7,619.87,616.27,619.18,42058.35,2026-05-01 08:00:00+00:00
1777636800000,619.19,623.17,618.85,621.21,100498.32,2026-05-01 12:00:00+00:00
1777651200000,621.2,622.17,619.26,619.57,30936.0,2026-05-01 16:00:00+00:00
1777665600000,619.58,619.79,614.0,615.72,46545.09,2026-05-01 20:00:00+00:00
1777680000000,615.71,617.56,615.13,616.46,32824.31,2026-05-02 00:00:00+00:00
1777694400000,616.47,616.7,614.39,616.13,36556.79,2026-05-02 04:00:00+00:00
1777708800000,616.13,616.5,615.0,615.97,22542.49,2026-05-02 08:00:00+00:00
1777723200000,615.98,618.61,615.7,618.61,30251.82,2026-05-02 12:00:00+00:00
1777737600000,618.61,619.77,618.02,619.25,32007.85,2026-05-02 16:00:00+00:00
1777752000000,619.25,622.21,618.01,618.33,37498.48,2026-05-02 20:00:00+00:00
1777766400000,618.33,618.88,615.32,616.48,40460.25,2026-05-03 00:00:00+00:00
1777780800000,616.48,618.65,615.7,617.36,33976.1,2026-05-03 04:00:00+00:00
1777795200000,617.37,620.0,617.11,619.29,42753.65,2026-05-03 08:00:00+00:00
1777809600000,619.29,620.98,618.49,620.3,31921.61,2026-05-03 12:00:00+00:00
1777824000000,620.29,621.17,619.2,619.76,21327.73,2026-05-03 16:00:00+00:00
1777838400000,619.76,622.74,617.2,617.58,62917.72,2026-05-03 20:00:00+00:00
1777852800000,617.59,627.1,615.81,627.0,142971.68,2026-05-04 00:00:00+00:00
1777867200000,627.0,639.56,627.0,628.85,258023.02,2026-05-04 04:00:00+00:00
1777881600000,628.84,631.44,620.28,623.25,123876.09,2026-05-04 08:00:00+00:00
1777896000000,623.24,628.84,621.52,625.8,109193.59,2026-05-04 12:00:00+00:00
1777910400000,625.81,629.27,623.91,625.32,54134.98,2026-05-04 16:00:00+00:00
1777924800000,625.33,626.34,622.92,623.03,31126.97,2026-05-04 20:00:00+00:00
1777939200000,623.04,628.67,622.88,628.06,64084.14,2026-05-05 00:00:00+00:00
1777953600000,628.06,629.28,626.0,627.89,55908.32,2026-05-05 04:00:00+00:00
1777968000000,627.89,629.68,626.34,629.1,43976.41,2026-05-05 08:00:00+00:00
1777982400000,629.1,634.39,628.51,631.37,101409.26,2026-05-05 12:00:00+00:00
1777996800000,631.38,632.84,628.12,632.11,45148.27,2026-05-05 16:00:00+00:00
1778011200000,632.1,635.48,630.04,630.75,66957.79,2026-05-05 20:00:00+00:00
1778025600000,630.75,636.19,629.02,635.57,77052.39,2026-05-06 00:00:00+00:00
1778040000000,635.57,640.99,633.2,638.43,82451.05,2026-05-06 04:00:00+00:00
1778054400000,638.42,653.07,638.38,652.84,184157.56,2026-05-06 08:00:00+00:00
1778068800000,652.85,664.72,643.92,648.9,276247.5,2026-05-06 12:00:00+00:00
1778083200000,648.9,651.42,646.68,650.93,53975.7,2026-05-06 16:00:00+00:00
1778097600000,650.92,651.98,644.66,648.12,51104.62,2026-05-06 20:00:00+00:00
1778112000000,648.12,650.3,641.9,642.91,91258.73,2026-05-07 00:00:00+00:00
1778126400000,642.92,653.95,642.44,652.43,71319.27,2026-05-07 04:00:00+00:00
1778140800000,652.43,653.62,646.53,648.33,61582.69,2026-05-07 08:00:00+00:00
1778155200000,648.33,651.48,639.66,642.87,103216.81,2026-05-07 12:00:00+00:00
1778169600000,642.86,645.19,639.5,644.08,67630.36,2026-05-07 16:00:00+00:00
1778184000000,644.08,645.58,633.79,637.31,135196.14,2026-05-07 20:00:00+00:00
1778198400000,637.32,640.88,635.7,639.79,56166.73,2026-05-08 00:00:00+00:00
1778212800000,639.78,641.32,634.8,637.03,83470.39,2026-05-08 04:00:00+00:00
1778227200000,637.04,641.7,636.09,641.3,55512.66,2026-05-08 08:00:00+00:00
1778241600000,641.31,644.46,637.7,644.36,58340.57,2026-05-08 12:00:00+00:00
1778256000000,644.35,650.04,642.8,648.48,84491.48,2026-05-08 16:00:00+00:00
1778270400000,648.5,652.0,646.32,649.78,48890.38,2026-05-08 20:00:00+00:00
1778284800000,649.77,656.35,649.44,654.03,68195.84,2026-05-09 00:00:00+00:00
1778299200000,654.04,656.63,649.32,650.18,71994.2,2026-05-09 04:00:00+00:00
1778313600000,650.19,651.46,648.81,650.37,38887.27,2026-05-09 08:00:00+00:00
1778328000000,650.37,651.07,646.66,648.04,46144.8,2026-05-09 12:00:00+00:00
1778342400000,648.05,652.3,647.4,651.42,42298.51,2026-05-09 16:00:00+00:00
1778356800000,651.43,652.71,649.93,650.08,24946.35,2026-05-09 20:00:00+00:00
1778371200000,650.07,650.88,645.2,648.02,46986.23,2026-05-10 00:00:00+00:00
1778385600000,648.01,649.67,647.64,648.69,19502.21,2026-05-10 04:00:00+00:00
1778400000000,648.7,652.21,647.88,649.95,44419.91,2026-05-10 08:00:00+00:00
1778414400000,649.95,656.7,648.66,655.92,54204.74,2026-05-10 12:00:00+00:00
1778428800000,655.93,662.94,654.63,661.62,82688.09,2026-05-10 16:00:00+00:00
1778443200000,661.61,667.26,648.87,664.13,187127.02,2026-05-10 20:00:00+00:00
1778457600000,664.13,665.34,650.32,651.98,122019.66,2026-05-11 00:00:00+00:00
1778472000000,651.98,654.46,650.32,651.0,52039.44,2026-05-11 04:00:00+00:00
1778486400000,651.0,656.16,649.69,656.14,56544.88,2026-05-11 08:00:00+00:00
1778500800000,656.14,661.96,651.77,661.95,99672.85,2026-05-11 12:00:00+00:00
1778515200000,661.94,664.0,659.75,663.7,71705.6,2026-05-11 16:00:00+00:00
1778529600000,663.69,673.59,661.38,670.98,121702.11,2026-05-11 20:00:00+00:00
1778544000000,670.96,671.89,659.25,662.37,128031.98,2026-05-12 00:00:00+00:00
1778558400000,662.38,664.87,658.13,658.86,69572.78,2026-05-12 04:00:00+00:00
1778572800000,658.87,663.91,657.68,663.87,109389.89,2026-05-12 08:00:00+00:00
1778587200000,663.87,665.28,650.39,652.61,207265.04,2026-05-12 12:00:00+00:00
1778601600000,652.62,663.8,650.99,663.48,114818.06,2026-05-12 16:00:00+00:00
1778616000000,663.47,668.5,663.47,665.23,73423.79,2026-05-12 20:00:00+00:00
1778630400000,665.24,683.45,664.74,681.65,218578.11,2026-05-13 00:00:00+00:00
1778644800000,681.65,682.64,676.27,679.37,112454.38,2026-05-13 04:00:00+00:00
1778659200000,679.37,686.14,677.67,678.77,126402.22,2026-05-13 08:00:00+00:00
1778673600000,678.77,680.75,664.11,664.58,270489.14,2026-05-13 12:00:00+00:00
1778688000000,664.58,674.97,664.54,671.58,87591.55,2026-05-13 16:00:00+00:00
1778702400000,671.59,674.15,668.37,671.9,37002.95,2026-05-13 20:00:00+00:00
1778716800000,671.89,677.76,665.62,666.18,98996.17,2026-05-14 00:00:00+00:00
1778731200000,666.17,672.49,665.7,669.56,73451.51,2026-05-14 04:00:00+00:00
1778745600000,669.57,674.43,668.89,671.16,63645.73,2026-05-14 08:00:00+00:00
1778760000000,671.16,680.95,670.96,680.19,182763.9,2026-05-14 12:00:00+00:00
1778774400000,680.2,688.4,678.69,680.71,182798.95,2026-05-14 16:00:00+00:00
1778788800000,680.72,682.4,677.36,678.76,51260.87,2026-05-14 20:00:00+00:00
1778803200000,678.76,686.4,677.54,682.24,113098.84,2026-05-15 00:00:00+00:00
1778817600000,682.25,689.72,674.0,684.87,158288.51,2026-05-15 04:00:00+00:00
1778832000000,684.88,690.55,682.07,686.78,130481.75,2026-05-15 08:00:00+00:00
1778846400000,686.77,687.08,669.42,671.91,264499.32,2026-05-15 12:00:00+00:00
1778860800000,671.91,677.08,671.38,674.31,56627.05,2026-05-15 16:00:00+00:00
1778875200000,674.31,674.88,671.5,672.63,34707.1,2026-05-15 20:00:00+00:00
1778889600000,672.62,675.2,665.25,665.5,83951.94,2026-05-16 00:00:00+00:00
1778904000000,665.5,665.5,656.33,660.95,154442.74,2026-05-16 04:00:00+00:00
1778918400000,660.96,662.38,651.01,654.59,176722.04,2026-05-16 08:00:00+00:00
1778932800000,654.59,660.58,651.39,655.48,91557.98,2026-05-16 12:00:00+00:00
1778947200000,655.48,658.84,655.19,656.48,45553.44,2026-05-16 16:00:00+00:00
1778961600000,656.49,657.97,656.04,656.52,17662.61,2026-05-16 20:00:00+00:00
1778976000000,656.52,657.62,650.28,653.0,100462.86,2026-05-17 00:00:00+00:00
1778990400000,653.0,656.66,652.62,655.58,36181.12,2026-05-17 04:00:00+00:00
1779004800000,655.59,655.85,650.66,655.37,56777.2,2026-05-17 08:00:00+00:00
1779019200000,655.37,657.83,650.79,652.63,80117.59,2026-05-17 12:00:00+00:00
1779033600000,652.63,656.65,650.4,656.35,43181.73,2026-05-17 16:00:00+00:00
1779048000000,656.36,657.89,640.0,649.75,124103.18,2026-05-17 20:00:00+00:00
1779062400000,649.76,649.98,642.46,643.83,105130.61,2026-05-18 00:00:00+00:00
1779076800000,643.83,644.93,637.13,642.16,100875.98,2026-05-18 04:00:00+00:00
1779091200000,642.17,644.0,637.59,642.03,63799.2,2026-05-18 08:00:00+00:00
1779105600000,642.03,645.76,634.43,637.24,129351.89,2026-05-18 12:00:00+00:00
1779120000000,637.24,645.23,635.97,645.14,80399.25,2026-05-18 16:00:00+00:00
1779134400000,645.15,646.75,642.14,643.85,56392.94,2026-05-18 20:00:00+00:00
1779148800000,643.85,647.47,641.26,643.24,69759.6,2026-05-19 00:00:00+00:00
1779163200000,643.23,646.65,641.09,646.1,44255.5,2026-05-19 04:00:00+00:00
1779177600000,646.11,646.23,638.26,640.14,65269.09,2026-05-19 08:00:00+00:00
1779192000000,640.14,642.49,636.46,639.12,77798.8,2026-05-19 12:00:00+00:00
1779206400000,639.12,642.3,638.26,640.35,29241.18,2026-05-19 16:00:00+00:00
1779220800000,640.35,642.15,638.24,640.35,24905.28,2026-05-19 20:00:00+00:00
1779235200000,640.34,641.25,637.85,640.49,44588.31,2026-05-20 00:00:00+00:00
1779249600000,640.49,645.48,638.8,643.72,52507.21,2026-05-20 04:00:00+00:00
1779264000000,643.72,645.74,642.67,643.7,34189.03,2026-05-20 08:00:00+00:00
1779278400000,643.7,650.36,641.62,649.15,106455.68,2026-05-20 12:00:00+00:00
1779292800000,649.16,651.69,646.29,650.95,47241.2,2026-05-20 16:00:00+00:00
1779307200000,650.95,652.24,647.4,649.8,30376.1,2026-05-20 20:00:00+00:00
1779321600000,649.8,655.9,649.52,655.11,63630.4,2026-05-21 00:00:00+00:00
1779336000000,655.11,655.75,650.53,653.26,46421.81,2026-05-21 04:00:00+00:00
1779350400000,653.26,656.47,647.31,648.05,70634.95,2026-05-21 08:00:00+00:00
1779364800000,648.06,653.54,646.64,652.75,80885.15,2026-05-21 12:00:00+00:00
1779379200000,652.76,660.0,650.65,658.34,98005.29,2026-05-21 16:00:00+00:00
1779393600000,658.34,659.35,656.43,658.82,34187.77,2026-05-21 20:00:00+00:00
1779408000000,658.82,661.81,656.27,659.98,70905.84,2026-05-22 00:00:00+00:00
1779422400000,659.98,660.92,655.74,659.87,54865.63,2026-05-22 04:00:00+00:00
1779436800000,659.86,661.45,655.18,658.34,65411.63,2026-05-22 08:00:00+00:00
1779451200000,658.33,664.95,656.58,658.67,127885.58,2026-05-22 12:00:00+00:00
1779465600000,658.68,661.96,648.71,652.8,122504.07,2026-05-22 16:00:00+00:00
1779480000000,652.81,654.48,649.04,650.84,48244.84,2026-05-22 20:00:00+00:00
1779494400000,650.84,653.45,648.5,652.74,50834.58,2026-05-23 00:00:00+00:00
1779508800000,652.74,653.31,635.0,636.97,131423.94,2026-05-23 04:00:00+00:00
1779523200000,636.99,641.59,635.85,640.46,80472.56,2026-05-23 08:00:00+00:00
1779537600000,640.47,649.2,639.57,647.87,83075.98,2026-05-23 12:00:00+00:00
1779552000000,647.87,653.48,646.7,652.75,55390.34,2026-05-23 16:00:00+00:00
1779566400000,652.76,664.4,652.11,656.62,110183.87,2026-05-23 20:00:00+00:00
1779580800000,656.63,659.41,655.79,657.6,44170.44,2026-05-24 00:00:00+00:00
1779595200000,657.61,658.59,654.3,656.99,39789.02,2026-05-24 04:00:00+00:00
1779609600000,657.0,663.26,656.53,661.77,64966.0,2026-05-24 08:00:00+00:00
1779624000000,661.78,661.78,652.48,655.9,83813.18,2026-05-24 12:00:00+00:00
1779638400000,655.91,658.2,655.09,656.45,39595.32,2026-05-24 16:00:00+00:00
1779652800000,656.45,658.1,650.0,656.87,74722.04,2026-05-24 20:00:00+00:00
1779667200000,656.88,660.3,656.06,657.38,42198.96,2026-05-25 00:00:00+00:00
1779681600000,657.39,662.5,656.77,662.32,56549.57,2026-05-25 04:00:00+00:00
1779696000000,662.33,663.84,660.95,662.69,50235.21,2026-05-25 08:00:00+00:00
1779710400000,662.7,673.51,662.52,668.08,200364.85,2026-05-25 12:00:00+00:00
1779724800000,668.09,668.67,661.26,662.78,100270.83,2026-05-25 16:00:00+00:00
1779739200000,662.78,663.74,660.64,663.47,52941.83,2026-05-25 20:00:00+00:00
1779753600000,663.47,664.22,656.34,658.3,87041.98,2026-05-26 00:00:00+00:00
1779768000000,658.3,660.23,655.6,658.0,57986.55,2026-05-26 04:00:00+00:00
1779782400000,658.0,664.98,656.59,662.82,74271.08,2026-05-26 08:00:00+00:00
1779796800000,662.81,668.5,657.63,660.59,129907.88,2026-05-26 12:00:00+00:00
1779811200000,660.59,661.42,653.76,657.55,83199.27,2026-05-26 16:00:00+00:00
1779825600000,657.56,658.3,655.47,656.78,29723.59,2026-05-26 20:00:00+00:00
1779840000000,656.79,659.68,654.01,654.76,44810.0,2026-05-27 00:00:00+00:00
1779854400000,654.76,655.15,650.97,653.78,52787.36,2026-05-27 04:00:00+00:00
1779868800000,653.78,656.13,652.67,654.29,43913.96,2026-05-27 08:00:00+00:00
1779883200000,654.29,658.81,650.5,658.2,99797.75,2026-05-27 12:00:00+00:00
1779897600000,658.2,660.44,650.61,653.85,69661.15,2026-05-27 16:00:00+00:00
1779912000000,653.86,655.42,646.86,649.1,69815.59,2026-05-27 20:00:00+00:00
1779926400000,649.09,649.87,637.01,638.01,135751.99,2026-05-28 00:00:00+00:00
1779940800000,638.01,638.15,631.52,635.12,151039.3,2026-05-28 04:00:00+00:00
1779955200000,635.13,635.51,631.69,633.05,76618.03,2026-05-28 08:00:00+00:00
1779969600000,633.05,636.94,628.42,635.01,124649.05,2026-05-28 12:00:00+00:00
1779984000000,635.01,642.96,633.67,640.08,71318.27,2026-05-28 16:00:00+00:00
1779998400000,640.08,642.99,638.04,638.66,42435.26,2026-05-28 20:00:00+00:00
1780012800000,638.65,640.0,634.15,635.9,55636.39,2026-05-29 00:00:00+00:00
1780027200000,635.89,639.79,634.8,637.23,38813.27,2026-05-29 04:00:00+00:00
1780041600000,637.23,641.5,635.35,637.41,55397.08,2026-05-29 08:00:00+00:00
1780056000000,637.41,643.63,631.15,640.22,130129.18,2026-05-29 12:00:00+00:00
1780070400000,640.22,645.34,637.71,641.78,96029.22,2026-05-29 16:00:00+00:00
1780084800000,641.77,644.18,641.74,643.5,33112.13,2026-05-29 20:00:00+00:00
1780099200000,643.51,661.5,643.02,658.61,192839.97,2026-05-30 00:00:00+00:00
1780113600000,658.61,674.77,656.8,673.45,219859.48,2026-05-30 04:00:00+00:00
1780128000000,673.45,677.68,669.76,674.19,175017.64,2026-05-30 08:00:00+00:00
1780142400000,674.2,695.73,671.2,694.99,359708.32,2026-05-30 12:00:00+00:00
1780156800000,694.99,726.0,694.82,721.56,867012.18,2026-05-30 16:00:00+00:00
1780171200000,721.56,729.99,706.17,719.01,473179.67,2026-05-30 20:00:00+00:00
1780185600000,719.01,746.59,719.01,740.2,596341.48,2026-05-31 00:00:00+00:00
1780200000000,740.2,742.51,717.04,720.2,501923.77,2026-05-31 04:00:00+00:00
1780214400000,720.2,725.94,717.53,723.35,258945.35,2026-05-31 08:00:00+00:00
1780228800000,723.34,734.33,717.23,721.25,382231.66,2026-05-31 12:00:00+00:00
1780243200000,721.26,722.52,702.1,709.01,414667.95,2026-05-31 16:00:00+00:00
1780257600000,709.02,715.21,706.65,710.91,146136.87,2026-05-31 20:00:00+00:00
1780272000000,710.91,717.41,693.2,704.11,400503.58,2026-06-01 00:00:00+00:00
1780286400000,704.11,706.05,685.21,686.58,328359.49,2026-06-01 04:00:00+00:00
1780300800000,686.58,731.4,685.72,697.5,1065633.5,2026-06-01 08:00:00+00:00
1780315200000,697.5,698.94,674.61,677.91,525362.37,2026-06-01 12:00:00+00:00
1780329600000,677.92,696.53,674.15,696.38,245612.18,2026-06-01 16:00:00+00:00
1780344000000,696.38,702.0,688.67,693.45,167930.95,2026-06-01 20:00:00+00:00
1780358400000,693.46,696.0,681.55,694.1,211034.32,2026-06-02 00:00:00+00:00
1780372800000,694.1,694.69,680.72,682.34,167165.89,2026-06-02 04:00:00+00:00
1780387200000,682.33,685.49,675.87,678.56,156569.56,2026-06-02 08:00:00+00:00
1780401600000,678.55,680.64,658.53,663.67,442792.05,2026-06-02 12:00:00+00:00
1780416000000,663.68,672.0,652.16,660.62,258867.33,2026-06-02 16:00:00+00:00
1780430400000,660.61,663.73,642.49,651.07,240542.97,2026-06-02 20:00:00+00:00
1780444800000,651.08,657.9,631.01,634.29,241166.52,2026-06-03 00:00:00+00:00
1780459200000,634.29,647.15,633.21,644.33,229283.62,2026-06-03 04:00:00+00:00
1780473600000,644.33,646.5,637.44,637.73,125207.98,2026-06-03 08:00:00+00:00
1780488000000,637.74,639.67,630.3,633.4,209316.64,2026-06-03 12:00:00+00:00
1780502400000,633.4,633.98,620.27,623.06,261460.09,2026-06-03 16:00:00+00:00
1780516800000,623.06,630.42,616.33,620.98,177766.98,2026-06-03 20:00:00+00:00
1780531200000,620.97,624.94,590.26,619.28,492554.88,2026-06-04 00:00:00+00:00
1780545600000,619.29,621.73,599.44,600.48,286873.62,2026-06-04 04:00:00+00:00
1780560000000,600.49,604.04,588.33,595.61,246833.55,2026-06-04 08:00:00+00:00
1780574400000,595.6,609.97,594.19,606.68,200013.01,2026-06-04 12:00:00+00:00
1780588800000,606.69,610.84,599.56,606.75,116494.05,2026-06-04 16:00:00+00:00
1780603200000,606.75,607.98,598.09,604.85,107853.75,2026-06-04 20:00:00+00:00
1780617600000,604.84,608.35,591.61,595.98,202825.44,2026-06-05 00:00:00+00:00
1780632000000,595.99,603.25,570.32,593.4,492855.13,2026-06-05 04:00:00+00:00
1780646400000,593.4,597.39,585.72,590.45,179684.27,2026-06-05 08:00:00+00:00
1780660800000,590.45,596.75,575.04,579.15,381608.72,2026-06-05 12:00:00+00:00
1780675200000,579.14,583.64,556.88,567.69,461478.45,2026-06-05 16:00:00+00:00
1780689600000,567.68,579.93,563.55,572.44,185569.66,2026-06-05 20:00:00+00:00
1780704000000,572.45,580.3,570.85,573.42,125336.27,2026-06-06 00:00:00+00:00
1780718400000,573.42,582.33,560.0,579.37,263465.73,2026-06-06 04:00:00+00:00
1780732800000,579.37,584.78,570.78,574.24,148554.34,2026-06-06 08:00:00+00:00
1780747200000,574.25,577.73,571.24,576.04,94416.67,2026-06-06 12:00:00+00:00
1780761600000,576.05,578.0,571.47,573.95,65988.27,2026-06-06 16:00:00+00:00
1780776000000,573.96,577.15,571.12,574.72,47928.19,2026-06-06 20:00:00+00:00
1780790400000,574.73,582.0,573.68,581.23,102728.42,2026-06-07 00:00:00+00:00
1780804800000,581.23,590.37,578.19,589.98,143865.21,2026-06-07 04:00:00+00:00
1780819200000,589.98,599.86,587.6,593.67,161006.9,2026-06-07 08:00:00+00:00
1780833600000,593.67,594.29,585.81,591.84,128338.0,2026-06-07 12:00:00+00:00
1780848000000,591.83,598.03,587.01,589.0,96938.3,2026-06-07 16:00:00+00:00
1780862400000,588.99,611.19,588.01,604.81,135438.22,2026-06-07 20:00:00+00:00
1780876800000,604.82,608.81,599.33,603.64,91964.18,2026-06-08 00:00:00+00:00
1780891200000,603.64,604.04,591.8,596.6,108856.82,2026-06-08 04:00:00+00:00
1780905600000,596.6,604.52,593.63,602.54,107954.89,2026-06-08 08:00:00+00:00
1780920000000,602.55,606.43,597.93,604.55,110368.84,2026-06-08 12:00:00+00:00
1780934400000,604.54,610.3,602.57,607.92,73912.1,2026-06-08 16:00:00+00:00
1780948800000,607.92,610.79,601.36,602.13,66696.65,2026-06-08 20:00:00+00:00
1780963200000,602.12,603.13,593.21,599.25,111299.5,2026-06-09 00:00:00+00:00
1780977600000,599.25,605.81,596.62,604.33,74992.69,2026-06-09 04:00:00+00:00
1780992000000,604.33,604.81,596.33,597.13,77156.44,2026-06-09 08:00:00+00:00
1781006400000,597.12,600.65,583.99,587.23,168656.41,2026-06-09 12:00:00+00:00
1781020800000,587.23,597.33,584.02,597.05,100301.68,2026-06-09 16:00:00+00:00
1781035200000,597.05,599.07,591.2,593.83,51072.06,2026-06-09 20:00:00+00:00
1781049600000,593.83,595.24,586.81,588.22,64341.82,2026-06-10 00:00:00+00:00
1781064000000,588.22,589.85,583.73,588.92,81668.74,2026-06-10 04:00:00+00:00
1781078400000,588.92,588.92,580.9,583.21,79672.02,2026-06-10 08:00:00+00:00
1781092800000,583.21,598.87,582.64,597.2,144980.38,2026-06-10 12:00:00+00:00
1781107200000,597.21,597.52,587.24,588.25,68149.7,2026-06-10 16:00:00+00:00
1781121600000,588.25,589.46,582.32,586.75,68819.2,2026-06-10 20:00:00+00:00
1781136000000,586.76,599.88,586.76,596.71,89791.79,2026-06-11 00:00:00+00:00
1781150400000,596.71,598.59,594.02,598.59,49370.33,2026-06-11 04:00:00+00:00
1781164800000,598.58,603.88,598.53,601.06,101819.29,2026-06-11 08:00:00+00:00
1781179200000,601.07,603.49,597.3,598.97,88564.22,2026-06-11 12:00:00+00:00
1781193600000,598.97,607.99,596.4,604.78,100974.2,2026-06-11 16:00:00+00:00
1781208000000,604.78,606.68,601.06,606.08,53216.62,2026-06-11 20:00:00+00:00
1781222400000,606.09,606.54,601.51,602.59,54310.79,2026-06-12 00:00:00+00:00
1781236800000,602.59,605.31,596.78,600.17,59086.92,2026-06-12 04:00:00+00:00
1781251200000,600.17,609.12,600.12,607.01,88643.43,2026-06-12 08:00:00+00:00
1781265600000,607.0,613.9,603.75,605.66,132272.52,2026-06-12 12:00:00+00:00
1781280000000,605.66,609.82,603.01,603.79,42402.15,2026-06-12 16:00:00+00:00
1781294400000,603.79,604.99,602.3,604.08,28413.2,2026-06-12 20:00:00+00:00
1781308800000,604.08,606.57,600.66,600.67,44321.95,2026-06-13 00:00:00+00:00
1781323200000,600.66,604.33,599.7,603.5,50726.78,2026-06-13 04:00:00+00:00
1781337600000,603.51,607.95,603.0,607.0,41923.17,2026-06-13 08:00:00+00:00
1781352000000,607.0,611.5,606.51,610.77,65744.81,2026-06-13 12:00:00+00:00
1781366400000,610.77,610.91,607.07,608.81,49260.52,2026-06-13 16:00:00+00:00
1781380800000,608.81,612.71,608.0,609.9,39598.12,2026-06-13 20:00:00+00:00
1781395200000,609.9,611.29,608.73,610.32,29813.25,2026-06-14 00:00:00+00:00
1781409600000,610.32,612.43,608.1,610.53,38996.39,2026-06-14 04:00:00+00:00
1781424000000,610.54,613.44,609.84,612.6,36849.69,2026-06-14 08:00:00+00:00
1781438400000,612.6,612.86,605.48,608.32,73857.4,2026-06-14 12:00:00+00:00
1781452800000,608.32,609.0,603.05,603.52,48078.3,2026-06-14 16:00:00+00:00
1781467200000,603.52,617.63,603.0,617.17,127947.1,2026-06-14 20:00:00+00:00
1781481600000,617.18,618.7,612.96,618.28,72288.95,2026-06-15 00:00:00+00:00
1781496000000,618.29,619.4,615.75,615.83,62995.27,2026-06-15 04:00:00+00:00
1781510400000,615.84,623.4,612.85,621.09,111211.77,2026-06-15 08:00:00+00:00
1781524800000,621.09,633.16,619.85,629.35,222993.41,2026-06-15 12:00:00+00:00
1781539200000,629.36,630.0,618.68,621.14,92482.64,2026-06-15 16:00:00+00:00
1781553600000,621.13,622.0,615.44,618.15,52680.47,2026-06-15 20:00:00+00:00
1781568000000,618.15,619.44,611.21,615.39,73244.91,2026-06-16 00:00:00+00:00
1781582400000,615.39,619.58,611.87,616.16,68399.59,2026-06-16 04:00:00+00:00
1781596800000,616.16,619.98,613.55,614.68,61669.48,2026-06-16 08:00:00+00:00
1781611200000,614.68,618.36,600.77,606.64,261574.19,2026-06-16 12:00:00+00:00
1781625600000,606.64,611.2,604.26,607.48,62352.87,2026-06-16 16:00:00+00:00
1781640000000,607.47,609.36,604.93,605.38,35802.45,2026-06-16 20:00:00+00:00
1781654400000,605.38,608.8,603.56,605.18,48510.1,2026-06-17 00:00:00+00:00
1781668800000,605.18,610.18,604.65,606.98,57889.93,2026-06-17 04:00:00+00:00
1781683200000,606.99,607.07,601.15,604.32,79238.14,2026-06-17 08:00:00+00:00
1781697600000,604.33,612.9,601.31,605.96,171870.54,2026-06-17 12:00:00+00:00
1781712000000,605.97,610.17,597.37,599.02,185615.1,2026-06-17 16:00:00+00:00
1781726400000,599.03,602.65,595.33,601.93,61701.9,2026-06-17 20:00:00+00:00
1781740800000,601.93,604.54,596.57,596.88,54993.88,2026-06-18 00:00:00+00:00
1781755200000,596.87,597.36,587.57,589.76,207025.51,2026-06-18 04:00:00+00:00
1781769600000,589.77,593.0,588.66,589.82,83758.03,2026-06-18 08:00:00+00:00
1781784000000,589.82,592.8,573.16,573.81,197093.6,2026-06-18 12:00:00+00:00
1781798400000,573.8,579.87,573.58,578.96,108962.15,2026-06-18 16:00:00+00:00
1781812800000,578.97,581.32,577.03,578.56,48599.9,2026-06-18 20:00:00+00:00
1781827200000,578.55,583.43,575.11,578.29,79315.64,2026-06-19 00:00:00+00:00
1781841600000,578.29,579.04,570.69,574.97,73451.83,2026-06-19 04:00:00+00:00
1781856000000,574.97,575.28,571.02,573.36,47818.59,2026-06-19 08:00:00+00:00
1781870400000,573.36,579.84,572.21,578.81,77253.65,2026-06-19 12:00:00+00:00
1781884800000,578.81,582.08,577.16,579.96,48326.51,2026-06-19 16:00:00+00:00
1781899200000,579.97,582.65,579.0,581.59,31649.7,2026-06-19 20:00:00+00:00
1781913600000,581.59,582.99,580.33,580.94,35994.86,2026-06-20 00:00:00+00:00
1781928000000,580.93,589.92,580.42,588.12,92979.4,2026-06-20 04:00:00+00:00
1781942400000,588.11,588.46,585.66,586.68,50871.28,2026-06-20 08:00:00+00:00
1781956800000,586.69,589.31,582.35,587.55,84656.3,2026-06-20 12:00:00+00:00
1781971200000,587.56,587.73,584.35,586.22,33435.02,2026-06-20 16:00:00+00:00
1781985600000,586.23,588.85,585.24,588.35,30582.48,2026-06-20 20:00:00+00:00
1782000000000,588.35,591.4,587.23,590.74,39504.16,2026-06-21 00:00:00+00:00
1782014400000,590.73,592.27,589.1,591.31,44979.45,2026-06-21 04:00:00+00:00
1782028800000,591.31,592.16,587.74,588.82,59354.64,2026-06-21 08:00:00+00:00
1782043200000,588.82,590.95,585.58,590.32,81023.21,2026-06-21 12:00:00+00:00
1782057600000,590.31,592.86,588.87,592.25,45625.35,2026-06-21 16:00:00+00:00
1782072000000,592.26,592.29,583.85,584.55,77211.92,2026-06-21 20:00:00+00:00
1782086400000,584.54,595.94,584.28,590.36,117932.08,2026-06-22 00:00:00+00:00
1782100800000,590.36,595.46,589.6,594.25,52760.77,2026-06-22 04:00:00+00:00
1782115200000,594.25,598.47,591.53,597.58,57550.74,2026-06-22 08:00:00+00:00
1782129600000,597.58,602.79,595.7,596.5,127135.7,2026-06-22 12:00:00+00:00
1782144000000,596.5,597.24,590.42,592.46,84877.07,2026-06-22 16:00:00+00:00
1782158400000,592.47,593.38,588.0,590.43,44249.01,2026-06-22 20:00:00+00:00
1782172800000,590.42,593.17,588.24,592.23,42973.19,2026-06-23 00:00:00+00:00
1782187200000,592.23,592.57,577.29,581.08,115597.41,2026-06-23 04:00:00+00:00
1782201600000,581.08,581.66,570.65,574.02,151998.29,2026-06-23 08:00:00+00:00
1782216000000,574.03,577.17,571.21,574.65,90571.28,2026-06-23 12:00:00+00:00
1782230400000,574.66,577.42,572.66,576.17,50467.97,2026-06-23 16:00:00+00:00
1782244800000,576.18,579.33,575.51,578.19,29999.69,2026-06-23 20:00:00+00:00
1782259200000,578.18,581.75,575.41,577.95,53483.67,2026-06-24 00:00:00+00:00
1782273600000,577.95,581.54,574.27,577.09,49322.96,2026-06-24 04:00:00+00:00
1782288000000,577.09,582.34,573.96,579.97,61747.67,2026-06-24 08:00:00+00:00
1782302400000,579.98,580.45,561.04,561.51,193990.73,2026-06-24 12:00:00+00:00
1782316800000,561.5,563.78,546.32,555.26,247916.81,2026-06-24 16:00:00+00:00
1782331200000,555.27,566.18,554.38,564.54,101119.97,2026-06-24 20:00:00+00:00
1782345600000,564.55,567.13,563.11,565.87,50551.68,2026-06-25 00:00:00+00:00
1782360000000,565.87,572.71,563.81,570.48,80688.35,2026-06-25 04:00:00+00:00
1782374400000,570.48,570.65,560.98,562.87,68763.75,2026-06-25 08:00:00+00:00
1782388800000,562.87,568.82,540.5,554.1,350442.97,2026-06-25 12:00:00+00:00
1782403200000,554.11,560.44,552.43,554.44,93457.59,2026-06-25 16:00:00+00:00
1782417600000,554.44,563.24,554.44,560.9,49646.86,2026-06-25 20:00:00+00:00
1782432000000,560.91,564.66,550.53,563.24,138518.68,2026-06-26 00:00:00+00:00
1782446400000,563.24,570.74,559.35,569.8,92833.99,2026-06-26 04:00:00+00:00
1782460800000,569.8,570.31,558.71,559.05,115636.0,2026-06-26 08:00:00+00:00
1782475200000,559.04,567.64,552.21,565.72,182596.1,2026-06-26 12:00:00+00:00
1782489600000,565.72,569.36,563.28,566.22,83827.43,2026-06-26 16:00:00+00:00
1782504000000,566.22,569.06,564.8,567.98,37766.2,2026-06-26 20:00:00+00:00
1782518400000,567.99,568.99,565.62,567.21,40620.84,2026-06-27 00:00:00+00:00
1782532800000,567.21,568.31,564.17,565.86,38518.5,2026-06-27 04:00:00+00:00
1782547200000,565.87,566.09,562.69,563.46,34406.92,2026-06-27 08:00:00+00:00
1782561600000,563.46,567.51,562.71,565.86,49859.81,2026-06-27 12:00:00+00:00
1782576000000,565.86,567.17,558.07,559.42,68853.03,2026-06-27 16:00:00+00:00
1782590400000,559.42,565.03,554.6,557.44,78632.35,2026-06-27 20:00:00+00:00
1782604800000,557.43,559.05,556.71,558.96,29231.5,2026-06-28 00:00:00+00:00
1782619200000,558.97,558.98,554.27,556.69,42529.62,2026-06-28 04:00:00+00:00
1782633600000,556.69,559.09,554.46,557.46,43630.63,2026-06-28 08:00:00+00:00
1782648000000,557.47,558.26,553.87,554.82,50688.36,2026-06-28 12:00:00+00:00
1782662400000,554.82,555.07,547.52,548.73,90154.06,2026-06-28 16:00:00+00:00
1782676800000,548.72,555.57,545.78,551.43,102518.47,2026-06-28 20:00:00+00:00
1782691200000,551.42,557.07,546.98,555.58,82006.73,2026-06-29 00:00:00+00:00
1782705600000,555.58,555.83,548.58,553.88,56161.63,2026-06-29 04:00:00+00:00
1782720000000,553.88,556.08,550.74,552.12,49037.53,2026-06-29 08:00:00+00:00
1782734400000,552.12,558.91,546.45,552.23,161487.4,2026-06-29 12:00:00+00:00
1782748800000,552.24,563.26,550.56,562.09,108129.86,2026-06-29 16:00:00+00:00
1782763200000,562.1,562.6,559.43,559.82,31910.75,2026-06-29 20:00:00+00:00
1782777600000,559.83,560.82,554.01,554.03,47126.21,2026-06-30 00:00:00+00:00
1782792000000,554.04,555.04,551.73,552.61,47177.69,2026-06-30 04:00:00+00:00
1782806400000,552.62,553.34,547.23,548.01,78061.96,2026-06-30 08:00:00+00:00
1782820800000,548.01,551.91,543.93,545.22,149286.65,2026-06-30 12:00:00+00:00
1782835200000,545.22,549.15,545.13,547.81,69273.38,2026-06-30 16:00:00+00:00
1782849600000,547.79,548.06,544.45,546.84,35470.48,2026-06-30 20:00:00+00:00
1782864000000,546.84,553.36,540.05,551.89,127011.83,2026-07-01 00:00:00+00:00
1782878400000,551.9,553.04,545.33,547.15,73003.61,2026-07-01 04:00:00+00:00
1782892800000,547.15,548.15,537.31,542.82,134692.39,2026-07-01 08:00:00+00:00
1782907200000,542.82,556.22,541.54,554.84,173689.39,2026-07-01 12:00:00+00:00
1782921600000,554.83,555.33,550.55,551.61,81227.2,2026-07-01 16:00:00+00:00
1782936000000,551.62,560.01,550.34,550.81,77836.36,2026-07-01 20:00:00+00:00
1782950400000,550.81,559.7,546.52,557.22,87457.44,2026-07-02 00:00:00+00:00
1782964800000,557.21,557.26,549.05,549.75,68863.54,2026-07-02 04:00:00+00:00
1782979200000,549.75,562.28,549.6,560.29,135819.7,2026-07-02 08:00:00+00:00
1782993600000,560.28,567.77,559.59,562.88,173833.58,2026-07-02 12:00:00+00:00
1783008000000,562.89,564.59,558.3,558.46,64001.59,2026-07-02 16:00:00+00:00
1783022400000,558.46,559.95,556.45,559.18,36689.98,2026-07-02 20:00:00+00:00
1783036800000,559.18,562.5,557.42,561.33,50599.27,2026-07-03 00:00:00+00:00
1783051200000,561.34,564.31,560.42,562.06,39938.4,2026-07-03 04:00:00+00:00
1783065600000,562.07,567.98,561.8,567.19,69731.93,2026-07-03 08:00:00+00:00
1783080000000,567.2,568.9,563.69,566.14,82497.29,2026-07-03 12:00:00+00:00
1783094400000,566.14,571.85,565.0,570.1,58797.88,2026-07-03 16:00:00+00:00
1783108800000,570.09,575.63,569.88,574.23,66452.07,2026-07-03 20:00:00+00:00
1783123200000,574.23,576.16,571.37,572.66,42751.15,2026-07-04 00:00:00+00:00
1783137600000,572.66,573.65,569.04,570.15,56212.48,2026-07-04 04:00:00+00:00
1783152000000,570.14,576.7,569.61,572.25,67858.27,2026-07-04 08:00:00+00:00
1783166400000,572.25,578.7,572.22,577.13,75703.56,2026-07-04 12:00:00+00:00
1783180800000,577.12,579.24,574.81,575.81,57006.95,2026-07-04 16:00:00+00:00
1783195200000,575.8,578.6,572.82,575.76,51696.02,2026-07-04 20:00:00+00:00
1783209600000,575.76,575.86,568.58,570.76,67652.31,2026-07-05 00:00:00+00:00
1783224000000,570.77,576.25,570.21,576.06,43634.49,2026-07-05 04:00:00+00:00
1783238400000,576.05,579.5,573.08,577.38,102479.23,2026-07-05 08:00:00+00:00
1783252800000,577.37,590.31,576.5,587.72,228414.77,2026-07-05 12:00:00+00:00
1783267200000,587.71,592.43,583.83,589.84,93886.56,2026-07-05 16:00:00+00:00
1783281600000,589.84,593.83,585.88,590.32,98565.23,2026-07-05 20:00:00+00:00
1783296000000,590.31,593.58,583.3,585.79,105455.06,2026-07-06 00:00:00+00:00
1783310400000,585.79,586.09,581.29,582.46,65067.14,2026-07-06 04:00:00+00:00
1783324800000,582.46,583.22,576.35,578.12,85613.28,2026-07-06 08:00:00+00:00
1783339200000,578.12,585.33,570.48,585.08,199375.19,2026-07-06 12:00:00+00:00
1783353600000,585.08,586.94,583.17,585.59,76675.2,2026-07-06 16:00:00+00:00
1783368000000,585.59,592.6,583.86,586.38,74906.04,2026-07-06 20:00:00+00:00
1783382400000,586.38,588.19,578.5,579.5,79854.3,2026-07-07 00:00:00+00:00
1783396800000,579.5,581.07,576.68,578.63,52977.66,2026-07-07 04:00:00+00:00
1783411200000,578.63,580.86,576.91,580.66,56067.97,2026-07-07 08:00:00+00:00
1783425600000,580.66,586.0,575.57,585.07,125981.32,2026-07-07 12:00:00+00:00
1783440000000,585.07,587.47,580.44,583.73,65558.65,2026-07-07 16:00:00+00:00
1783454400000,583.72,584.15,576.67,577.11,45324.3,2026-07-07 20:00:00+00:00
1783468800000,577.11,579.33,567.5,569.38,111075.24,2026-07-08 00:00:00+00:00
1783483200000,569.38,570.73,565.51,568.18,60638.64,2026-07-08 04:00:00+00:00
1783497600000,568.18,569.1,560.58,566.4,113994.35,2026-07-08 08:00:00+00:00
1783512000000,566.39,567.71,561.21,562.68,74286.9,2026-07-08 12:00:00+00:00
1783526400000,562.68,568.33,561.95,567.32,55881.6,2026-07-08 16:00:00+00:00
1783540800000,567.33,569.29,565.11,568.98,27613.07,2026-07-08 20:00:00+00:00
1783555200000,568.97,573.2,565.71,568.63,53802.34,2026-07-09 00:00:00+00:00
1783569600000,568.64,577.0,568.0,573.18,74761.82,2026-07-09 04:00:00+00:00
1783584000000,573.18,573.89,569.3,570.12,53291.67,2026-07-09 08:00:00+00:00
1783598400000,570.12,573.47,568.35,571.42,60016.37,2026-07-09 12:00:00+00:00
1783612800000,571.42,574.07,569.61,570.62,41488.88,2026-07-09 16:00:00+00:00
1783627200000,570.62,571.53,568.99,569.05,26748.84,2026-07-09 20:00:00+00:00
1783641600000,569.05,577.03,568.4,575.92,63361.9,2026-07-10 00:00:00+00:00
1783656000000,575.93,578.65,574.21,574.41,60638.9,2026-07-10 04:00:00+00:00
1783670400000,574.42,578.04,574.28,575.99,56758.29,2026-07-10 08:00:00+00:00
1783684800000,576.0,577.39,569.96,574.21,83684.5,2026-07-10 12:00:00+00:00
1783699200000,574.2,578.81,574.16,576.31,43044.99,2026-07-10 16:00:00+00:00
1783713600000,576.32,577.41,574.99,575.72,18870.47,2026-07-10 20:00:00+00:00
1783728000000,575.73,576.42,573.38,575.29,30075.09,2026-07-11 00:00:00+00:00
1783742400000,575.28,578.08,574.76,577.27,33525.63,2026-07-11 04:00:00+00:00
1783756800000,577.26,580.3,576.97,579.74,46065.84,2026-07-11 08:00:00+00:00
1783771200000,579.74,583.42,578.29,580.21,64146.27,2026-07-11 12:00:00+00:00
1783785600000,580.22,581.86,579.58,580.95,27810.57,2026-07-11 16:00:00+00:00
1783800000000,580.94,582.47,574.91,574.91,44841.81,2026-07-11 20:00:00+00:00
1783814400000,574.91,576.18,570.52,575.64,71448.61,2026-07-12 00:00:00+00:00
1783828800000,575.63,576.19,570.24,572.6,48390.78,2026-07-12 04:00:00+00:00
1783843200000,572.6,580.87,572.48,580.47,56060.05,2026-07-12 08:00:00+00:00
1783857600000,580.48,585.07,579.75,581.47,90263.21,2026-07-12 12:00:00+00:00
1783872000000,581.46,582.5,579.06,580.19,44971.45,2026-07-12 16:00:00+00:00
1783886400000,580.19,580.29,573.12,574.14,58432.58,2026-07-12 20:00:00+00:00
1783900800000,574.13,580.2,566.87,569.31,123569.21,2026-07-13 00:00:00+00:00
1783915200000,569.31,570.91,566.51,570.29,43520.82,2026-07-13 04:00:00+00:00
1783929600000,570.3,571.41,568.68,570.04,32509.48,2026-07-13 08:00:00+00:00
1783944000000,570.04,572.16,565.73,568.94,62382.81,2026-07-13 12:00:00+00:00
1783958400000,568.94,569.17,562.52,566.47,63526.93,2026-07-13 16:00:00+00:00
1783972800000,566.47,567.85,563.53,567.85,28442.72,2026-07-13 20:00:00+00:00
1783987200000,567.85,570.86,567.01,570.39,54867.74,2026-07-14 00:00:00+00:00
1784001600000,570.38,572.06,569.18,570.36,41836.21,2026-07-14 04:00:00+00:00
1784016000000,570.36,572.0,569.42,571.2,40171.97,2026-07-14 08:00:00+00:00
1784030400000,571.21,585.0,570.5,583.33,192455.14,2026-07-14 12:00:00+00:00
1784044800000,583.33,583.87,579.5,581.0,60680.1,2026-07-14 16:00:00+00:00
1784059200000,581.0,583.37,579.67,582.22,42160.02,2026-07-14 20:00:00+00:00
1784073600000,582.23,583.56,579.57,581.14,40925.49,2026-07-15 00:00:00+00:00
1784088000000,581.13,582.71,576.8,576.84,77189.7,2026-07-15 04:00:00+00:00
1784102400000,576.85,579.41,576.19,579.3,54381.58,2026-07-15 08:00:00+00:00
1784116800000,579.3,585.77,577.51,582.08,124063.48,2026-07-15 12:00:00+00:00
1784131200000,582.09,582.35,576.9,579.94,62069.63,2026-07-15 16:00:00+00:00
1784145600000,579.93,582.4,579.67,581.03,24606.14,2026-07-15 20:00:00+00:00
1784160000000,581.03,582.87,578.2,581.8,55298.45,2026-07-16 00:00:00+00:00
1784174400000,581.8,586.34,579.35,580.25,68532.29,2026-07-16 04:00:00+00:00
1784188800000,580.25,580.5,574.86,578.45,85072.32,2026-07-16 08:00:00+00:00
1784203200000,578.45,581.64,576.0,579.94,71651.56,2026-07-16 12:00:00+00:00
1784217600000,579.93,579.95,574.49,576.09,47348.42,2026-07-16 16:00:00+00:00
1784232000000,576.1,577.37,572.0,572.79,35506.5,2026-07-16 20:00:00+00:00
1784246400000,572.79,575.18,570.61,572.75,49130.82,2026-07-17 00:00:00+00:00
1784260800000,572.75,573.08,566.31,566.34,66354.47,2026-07-17 04:00:00+00:00
1784275200000,566.35,566.35,563.14,565.19,77973.09,2026-07-17 08:00:00+00:00
1784289600000,565.19,565.56,555.69,563.25,132220.36,2026-07-17 12:00:00+00:00
1784304000000,563.25,568.39,562.49,568.36,71311.03,2026-07-17 16:00:00+00:00
1784318400000,568.36,569.5,566.9,568.42,29216.56,2026-07-17 20:00:00+00:00
1784332800000,568.42,569.52,566.69,568.77,25173.21,2026-07-18 00:00:00+00:00
1784347200000,568.77,568.81,566.7,568.2,34599.82,2026-07-18 04:00:00+00:00
1784361600000,568.19,570.89,567.95,570.12,41911.25,2026-07-18 08:00:00+00:00
1784376000000,570.12,572.43,569.22,571.15,44607.91,2026-07-18 12:00:00+00:00
1784390400000,571.14,573.1,570.34,570.98,31904.4,2026-07-18 16:00:00+00:00
1784404800000,570.98,572.87,570.0,570.99,22539.32,2026-07-18 20:00:00+00:00
1784419200000,570.99,572.95,569.07,569.47,24521.84,2026-07-19 00:00:00+00:00
1784433600000,569.46,570.0,567.62,569.33,27658.87,2026-07-19 04:00:00+00:00
1784448000000,569.33,570.44,567.51,568.41,28491.72,2026-07-19 08:00:00+00:00
1784462400000,568.42,571.3,567.3,570.51,36938.47,2026-07-19 12:00:00+00:00
1784476800000,570.51,570.79,566.58,568.41,32985.48,2026-07-19 16:00:00+00:00
1784491200000,568.42,572.11,568.21,571.43,35189.76,2026-07-19 20:00:00+00:00
1784505600000,571.43,574.41,568.5,570.46,65407.15,2026-07-20 00:00:00+00:00
1784520000000,570.46,570.53,563.01,567.02,68819.51,2026-07-20 04:00:00+00:00
1784534400000,567.02,571.84,564.65,571.5,62650.29,2026-07-20 08:00:00+00:00
1784548800000,571.49,575.15,565.3,574.34,91690.43,2026-07-20 12:00:00+00:00
1784563200000,574.33,575.68,571.41,571.68,57158.14,2026-07-20 16:00:00+00:00
1784577600000,571.68,573.37,570.14,571.57,23638.19,2026-07-20 20:00:00+00:00
1784592000000,571.58,575.73,571.07,575.59,40172.27,2026-07-21 00:00:00+00:00
1784606400000,575.6,577.38,574.05,577.22,47264.22,2026-07-21 04:00:00+00:00
1784620800000,577.23,580.2,576.6,577.1,65912.01,2026-07-21 08:00:00+00:00
1784635200000,577.11,578.46,574.79,575.53,74167.18,2026-07-21 12:00:00+00:00
1784649600000,575.52,576.05,572.63,573.17,44253.62,2026-07-21 16:00:00+00:00
1784664000000,573.16,574.57,572.05,574.37,24781.26,2026-07-21 20:00:00+00:00
1784678400000,574.36,576.02,571.28,571.43,49869.31,2026-07-22 00:00:00+00:00
1784692800000,571.43,572.95,567.36,568.53,62557.05,2026-07-22 04:00:00+00:00
1784707200000,568.53,572.16,568.45,571.34,38504.09,2026-07-22 08:00:00+00:00
1784721600000,571.34,575.56,569.65,572.88,63824.34,2026-07-22 12:00:00+00:00
1784736000000,572.88,575.83,569.2,570.45,61070.23,2026-07-22 16:00:00+00:00
1784750400000,570.45,572.48,569.72,571.39,27295.78,2026-07-22 20:00:00+00:00
1784764800000,571.39,572.55,570.0,570.64,29713.48,2026-07-23 00:00:00+00:00
1784779200000,570.63,570.91,568.5,570.12,32960.41,2026-07-23 04:00:00+00:00
1784793600000,570.12,571.86,569.54,570.4,33789.2,2026-07-23 08:00:00+00:00
1784808000000,570.39,570.7,563.93,567.9,87426.54,2026-07-23 12:00:00+00:00
1784822400000,567.9,568.05,565.37,566.95,29794.88,2026-07-23 16:00:00+00:00
1784836800000,566.95,569.17,566.4,567.71,21545.42,2026-07-23 20:00:00+00:00
1784851200000,567.7,570.77,566.16,569.49,42546.54,2026-07-24 00:00:00+00:00
1784865600000,569.48,571.62,567.1,569.73,40260.44,2026-07-24 04:00:00+00:00
1784880000000,569.74,569.87,565.39,567.18,36840.52,2026-07-24 08:00:00+00:00
1784894400000,567.18,567.18,556.12,561.63,147150.34,2026-07-24 12:00:00+00:00
1784908800000,561.63,566.77,560.08,565.48,64408.51,2026-07-24 16:00:00+00:00
1784923200000,565.48,565.99,563.77,565.26,32108.71,2026-07-24 20:00:00+00:00
1784937600000,565.25,566.84,564.58,565.7,32477.66,2026-07-25 00:00:00+00:00
1784952000000,565.7,566.3,564.15,565.06,20645.1,2026-07-25 04:00:00+00:00
1784966400000,565.06,566.45,564.63,566.05,23679.27,2026-07-25 08:00:00+00:00
1784980800000,566.04,569.8,565.31,567.68,40621.18,2026-07-25 12:00:00+00:00
1784995200000,567.67,569.5,566.95,569.04,21189.48,2026-07-25 16:00:00+00:00
1785009600000,569.04,570.4,568.53,569.32,19408.28,2026-07-25 20:00:00+00:00
1785024000000,569.33,571.24,569.32,570.77,30041.23,2026-07-26 00:00:00+00:00
1785038400000,570.76,573.32,570.22,571.97,36952.6,2026-07-26 04:00:00+00:00
1785052800000,571.97,572.84,570.8,571.06,19777.65,2026-07-26 08:00:00+00:00
1785067200000,571.06,574.37,570.41,574.19,47252.66,2026-07-26 12:00:00+00:00
1785081600000,574.2,575.2,572.48,573.99,27936.72,2026-07-26 16:00:00+00:00
1785096000000,573.98,576.9,573.16,575.61,47711.59,2026-07-26 20:00:00+00:00
1785110400000,575.62,576.03,571.71,573.9,34069.21,2026-07-27 00:00:00+00:00
1785124800000,573.91,577.6,573.36,574.98,36993.73,2026-07-27 04:00:00+00:00
1785139200000,574.99,575.48,572.04,573.26,37726.4,2026-07-27 08:00:00+00:00
1785153600000,573.26,577.35,565.97,568.87,119707.34,2026-07-27 12:00:00+00:00
1785168000000,568.87,576.4,568.28,575.9,64086.61,2026-07-27 16:00:00+00:00
1785182400000,575.9,576.17,565.59,566.55,64835.06,2026-07-27 20:00:00+00:00
1785196800000,566.56,567.55,562.49,566.84,64724.76,2026-07-28 00:00:00+00:00
1785211200000,566.85,567.12,564.86,566.13,33453.25,2026-07-28 04:00:00+00:00
1785225600000,566.13,567.74,565.2,567.13,33921.73,2026-07-28 08:00:00+00:00
1785240000000,567.14,576.1,563.57,573.7,123905.77,2026-07-28 12:00:00+00:00
1785254400000,573.71,574.41,567.38,571.26,55554.81,2026-07-28 16:00:00+00:00
1785268800000,571.27,572.39,568.6,571.6,25685.61,2026-07-28 20:00:00+00:00
1785283200000,571.6,573.86,567.34,567.75,45023.63,2026-07-29 00:00:00+00:00
1785297600000,567.75,572.5,566.3,572.27,44762.9,2026-07-29 04:00:00+00:00
1785312000000,572.27,573.63,570.4,571.06,36436.99,2026-07-29 08:00:00+00:00
1785326400000,571.06,571.13,567.71,568.92,44958.29,2026-07-29 12:00:00+00:00
1785340800000,568.93,574.0,567.67,568.85,86482.72,2026-07-29 16:00:00+00:00
1785355200000,568.85,573.0,565.52,572.41,56793.78,2026-07-29 20:00:00+00:00
1785369600000,572.41,577.95,571.38,573.84,78620.71,2026-07-30 00:00:00+00:00
1785384000000,573.84,576.45,571.91,575.08,40867.16,2026-07-30 04:00:00+00:00
1785398400000,575.08,591.85,574.79,589.44,191875.34,2026-07-30 08:00:00+00:00
1785412800000,589.43,591.52,585.82,591.5,96509.22,2026-07-30 12:00:00+00:00
1785427200000,591.5,596.6,591.44,595.02,90457.36,2026-07-30 16:00:00+00:00
1785441600000,595.02,595.65,591.14,592.38,57468.06,2026-07-30 20:00:00+00:00
1785456000000,592.38,594.76,586.01,589.74,88907.68,2026-07-31 00:00:00+00:00
1785470400000,589.74,593.26,588.75,590.19,62298.72,2026-07-31 04:00:00+00:00
1785484800000,590.2,594.32,588.5,592.39,64348.73,2026-07-31 08:00:00+00:00
1785499200000,592.39,595.86,584.37,585.8,162185.03,2026-07-31 12:00:00+00:00
1785513600000,585.79,590.43,585.63,588.53,45869.79,2026-07-31 16:00:00+00:00
1785528000000,588.53,589.34,586.68,587.32,26266.48,2026-07-31 20:00:00+00:00
1785542400000,587.32,591.85,587.32,589.69,40998.39,2026-08-01 00:00:00+00:00
1785556800000,589.7,593.25,589.15,590.56,45869.65,2026-08-01 04:00:00+00:00
1785571200000,590.56,590.97,580.0,580.65,108460.58,2026-08-01 08:00:00+00:00
1785585600000,580.65,580.83,576.69,576.83,83900.74,2026-08-01 12:00:00+00:00
1785600000000,576.84,579.07,573.7,576.11,77850.31,2026-08-01 16:00:00+00:00
1785614400000,576.12,576.93,575.14,575.46,32538.09,2026-08-01 20:00:00+00:00
1785628800000,575.47,583.44,574.28,582.64,94663.23,2026-08-02 00:00:00+00:00
1785643200000,582.64,586.48,582.64,585.79,72419.42,2026-08-02 04:00:00+00:00
1785657600000,585.79,585.97,581.83,582.44,39694.48,2026-08-02 08:00:00+00:00
1785672000000,582.44,587.98,581.59,586.68,57483.27,2026-08-02 12:00:00+00:00
1785686400000,586.69,591.59,586.24,589.81,55001.26,2026-08-02 16:00:00+00:00
1785700800000,589.81,591.2,588.08,588.86,33591.67,2026-08-02 20:00:00+00:00
1785715200000,588.86,588.9,583.27,583.49,48971.43,2026-08-03 00:00:00+00:00
1785729600000,583.49,584.76,582.12,584.01,40046.83,2026-08-03 04:00:00+00:00
1785744000000,584.01,588.19,581.43,586.18,65041.21,2026-08-03 08:00:00+00:00
1785758400000,586.18,594.19,584.82,592.97,103216.09,2026-08-03 12:00:00+00:00
1785772800000,592.97,594.77,591.56,591.82,51377.9,2026-08-03 16:00:00+00:00
1785787200000,591.82,592.89,589.41,589.72,30269.91,2026-08-03 20:00:00+00:00
1785801600000,589.72,593.0,589.2,591.23,41509.24,2026-08-04 00:00:00+00:00
1785816000000,591.22,593.49,589.71,591.0,39719.02,2026-08-04 04:00:00+00:00
1785830400000,591.0,592.41,588.24,592.11,43863.22,2026-08-04 08:00:00+00:00
1785844800000,592.11,595.2,589.07,593.59,79292.45,2026-08-04 12:00:00+00:00
1785859200000,593.59,595.4,592.51,594.13,45481.91,2026-08-04 16:00:00+00:00
1785873600000,594.13,595.14,592.86,593.58,27271.82,2026-08-04 20:00:00+00:00
1785888000000,593.57,606.08,592.59,599.18,217164.75,2026-08-05 00:00:00+00:00
1785902400000,599.18,603.24,598.29,600.47,61119.49,2026-08-05 04:00:00+00:00
1785916800000,600.48,601.34,595.49,597.0,65806.51,2026-08-05 08:00:00+00:00
1785931200000,597.0,604.23,596.65,600.23,94443.06,2026-08-05 12:00:00+00:00
1785945600000,600.24,602.87,597.36,600.06,62711.5,2026-08-05 16:00:00+00:00
1785960000000,600.06,600.42,592.09,594.15,59792.86,2026-08-05 20:00:00+00:00
1785974400000,594.15,597.24,592.21,594.87,56529.33,2026-08-06 00:00:00+00:00
1785988800000,594.88,598.73,594.35,595.65,45334.58,2026-08-06 04:00:00+00:00
1786003200000,595.65,596.58,592.71,594.36,46837.15,2026-08-06 08:00:00+00:00
1786017600000,594.36,594.78,591.01,592.7,76495.35,2026-08-06 12:00:00+00:00
1786032000000,592.71,594.0,590.11,590.7,47029.85,2026-08-06 16:00:00+00:00
1786046400000,590.7,592.92,590.53,592.6,23331.54,2026-08-06 20:00:00+00:00
1786060800000,592.6,594.93,592.24,593.15,44052.1,2026-08-07 00:00:00+00:00
1786075200000,593.15,593.21,585.6,585.83,97770.2,2026-08-07 04:00:00+00:00
1786089600000,585.82,592.37,585.64,591.78,59305.28,2026-08-07 08:00:00+00:00
1786104000000,591.77,593.83,590.7,592.71,67573.52,2026-08-07 12:00:00+00:00
1786118400000,592.71,594.85,591.45,593.73,35295.75,2026-08-07 16:00:00+00:00
1786132800000,593.73,594.1,592.53,592.81,12524.0,2026-08-07 20:00:00+00:00
1786147200000,592.82,594.15,591.08,593.78,29713.97,2026-08-08 00:00:00+00:00
1786161600000,593.77,595.65,593.03,594.91,37129.32,2026-08-08 04:00:00+00:00
1786176000000,594.92,596.88,594.1,596.81,30283.61,2026-08-08 08:00:00+00:00
1786190400000,596.8,612.46,595.65,605.53,227906.09,2026-08-08 12:00:00+00:00
1786204800000,605.54,607.92,603.0,603.66,52937.13,2026-08-08 16:00:00+00:00
1786219200000,603.66,603.66,599.34,601.0,40951.44,2026-08-08 20:00:00+00:00
1786233600000,601.0,604.77,600.49,600.76,44871.24,2026-08-09 00:00:00+00:00
1786248000000,600.76,604.12,600.69,603.48,32010.08,2026-08-09 04:00:00+00:00
1786262400000,603.49,605.05,601.45,604.34,33862.09,2026-08-09 08:00:00+00:00
1786276800000,604.34,612.09,603.5,608.97,97150.99,2026-08-09 12:00:00+00:00
1786291200000,608.97,609.81,607.87,608.12,26542.39,2026-08-09 16:00:00+00:00
1786305600000,608.12,611.95,602.07,602.5,72085.78,2026-08-09 20:00:00+00:00
1786320000000,602.51,607.2,601.6,602.87,68483.55,2026-08-10 00:00:00+00:00
1786334400000,602.88,605.3,601.22,604.35,42125.25,2026-08-10 04:00:00+00:00
1786348800000,604.35,607.09,603.91,605.58,28911.59,2026-08-10 08:00:00+00:00
1786363200000,605.58,606.0,600.0,601.44,83540.27,2026-08-10 12:00:00+00:00
1786377600000,601.45,602.9,597.61,601.04,52478.98,2026-08-10 16:00:00+00:00
1786392000000,601.04,601.86,598.64,599.54,22060.37,2026-08-10 20:00:00+00:00
1786406400000,599.55,601.33,599.39,600.68,23093.52,2026-08-11 00:00:00+00:00
1786420800000,600.68,602.87,598.75,602.85,35599.47,2026-08-11 04:00:00+00:00
1786435200000,602.85,608.92,602.73,608.75,85052.2,2026-08-11 08:00:00+00:00
1786449600000,608.75,615.5,605.82,608.79,178655.13,2026-08-11 12:00:00+00:00
1786464000000,608.78,612.2,608.13,612.05,45305.81,2026-08-11 16:00:00+00:00
1786478400000,612.06,618.11,611.48,616.95,72472.78,2026-08-11 20:00:00+00:00
1786492800000,616.96,620.88,613.42,613.62,102274.23,2026-08-12 00:00:00+00:00
1786507200000,613.61,616.19,609.17,612.67,89437.85,2026-08-12 04:00:00+00:00
1786521600000,612.67,615.17,610.37,615.09,62798.36,2026-08-12 08:00:00+00:00
1786536000000,615.08,615.94,608.9,611.16,102435.16,2026-08-12 12:00:00+00:00
1786550400000,611.15,612.0,609.25,609.97,29941.14,2026-08-12 16:00:00+00:00
1786564800000,609.98,612.5,609.09,610.7,27761.42,2026-08-12 20:00:00+00:00
1786579200000,610.7,612.74,610.13,612.52,32363.15,2026-08-13 00:00:00+00:00
1786593600000,612.52,615.23,611.01,613.88,55407.52,2026-08-13 04:00:00+00:00
1786608000000,613.87,614.64,608.02,609.17,61227.44,2026-08-13 08:00:00+00:00
1786622400000,609.17,611.88,606.6,607.73,70243.36,2026-08-13 12:00:00+00:00
1786636800000,607.72,610.53,605.03,609.99,66482.16,2026-08-13 16:00:00+00:00
1786651200000,609.99,612.0,609.73,610.89,29965.03,2026-08-13 20:00:00+00:00
1786665600000,610.89,613.26,610.13,611.95,36785.11,2026-08-14 00:00:00+00:00
1786680000000,611.95,612.88,607.77,607.77,37275.89,2026-08-14 04:00:00+00:00
1786694400000,607.77,609.24,603.65,605.15,71132.99,2026-08-14 08:00:00+00:00
1786708800000,605.15,607.44,603.1,606.91,55387.98,2026-08-14 12:00:00+00:00
1786723200000,606.92,607.71,605.26,606.79,37961.38,2026-08-14 16:00:00+00:00
1786737600000,606.8,608.74,606.66,608.33,31107.53,2026-08-14 20:00:00+00:00
1786752000000,608.33,611.2,607.17,610.73,40066.26,2026-08-15 00:00:00+00:00
1786766400000,610.73,612.67,610.35,611.93,40654.18,2026-08-15 04:00:00+00:00
1786780800000,611.92,612.57,610.23,612.11,36721.47,2026-08-15 08:00:00+00:00
1786795200000,612.11,613.22,609.0,611.96,54113.08,2026-08-15 12:00:00+00:00
1786809600000,611.96,612.39,610.31,611.7,29989.8,2026-08-15 16:00:00+00:00
1786824000000,611.69,611.97,607.77,608.08,35552.17,2026-08-15 20:00:00+00:00
1786838400000,608.08,608.37,606.61,606.8,31802.82,2026-08-16 00:00:00+00:00
1786852800000,606.81,606.89,604.57,605.92,35760.24,2026-08-16 04:00:00+00:00
1786867200000,605.92,608.55,605.17,607.16,34316.82,2026-08-16 08:00:00+00:00
1786881600000,607.17,608.68,607.0,607.73,26412.27,2026-08-16 12:00:00+00:00
1786896000000,607.73,608.44,605.59,606.41,46246.36,2026-08-16 16:00:00+00:00
1786910400000,606.41,606.45,601.74,603.32,71760.51,2026-08-16 20:00:00+00:00
1786924800000,603.31,606.1,601.27,605.49,57750.25,2026-08-17 00:00:00+00:00
1786939200000,605.5,607.68,605.13,605.31,48763.03,2026-08-17 04:00:00+00:00
1786953600000,605.32,605.97,603.8,605.28,48699.21,2026-08-17 08:00:00+00:00
1786968000000,605.29,608.18,604.2,607.47,60969.99,2026-08-17 12:00:00+00:00
1786982400000,607.47,608.33,605.25,605.62,44360.64,2026-08-17 16:00:00+00:00
1786996800000,605.62,606.8,604.64,606.12,30700.04,2026-08-17 20:00:00+00:00
1787011200000,606.13,606.35,602.41,603.94,49529.93,2026-08-18 00:00:00+00:00
1787025600000,603.95,605.54,603.3,603.68,29802.96,2026-08-18 04:00:00+00:00
1787040000000,603.68,603.69,601.32,602.49,52769.47,2026-08-18 08:00:00+00:00
1787054400000,602.5,604.5,600.18,603.71,72478.36,2026-08-18 12:00:00+00:00
1787068800000,603.72,604.79,602.88,603.36,31156.31,2026-08-18 16:00:00+00:00
1787083200000,603.37,604.55,602.5,604.27,18490.15,2026-08-18 20:00:00+00:00
1787097600000,604.28,605.19,601.8,602.38,42611.61,2026-08-19 00:00:00+00:00
1787112000000,602.38,602.96,601.63,602.15,24726.07,2026-08-19 04:00:00+00:00
1787126400000,602.15,603.8,602.0,603.08,24989.61,2026-08-19 08:00:00+00:00
1787140800000,603.08,620.44,603.08,616.9,288320.32,2026-08-19 12:00:00+00:00
1787155200000,616.9,620.65,614.6,617.05,158613.05,2026-08-19 16:00:00+00:00
1787169600000,617.05,637.0,616.73,627.97,253551.05,2026-08-19 20:00:00+00:00
1787184000000,627.96,630.74,622.8,626.79,128840.05,2026-08-20 00:00:00+00:00
1787198400000,626.8,633.3,624.73,630.82,86971.04,2026-08-20 04:00:00+00:00
1787212800000,630.83,649.49,630.78,646.23,276176.77,2026-08-20 08:00:00+00:00
1787227200000,646.23,653.14,638.49,653.04,203340.62,2026-08-20 12:00:00+00:00
1787241600000,653.03,655.0,647.3,650.9,127017.82,2026-08-20 16:00:00+00:00
1787256000000,650.89,658.8,650.66,655.12,76944.69,2026-08-20 20:00:00+00:00
1787270400000,655.12,667.19,653.59,661.31,178484.46,2026-08-21 00:00:00+00:00
1787284800000,661.31,673.99,659.17,670.42,210461.98,2026-08-21 04:00:00+00:00
1787299200000,670.43,686.95,668.53,674.99,344016.76,2026-08-21 08:00:00+00:00
1787313600000,674.98,682.63,673.54,679.54,125263.25,2026-08-21 12:00:00+00:00
1787328000000,679.54,682.6,673.23,673.47,103701.03,2026-08-21 16:00:00+00:00
1787342400000,673.48,692.85,672.2,687.51,172202.26,2026-08-21 20:00:00+00:00
1787356800000,687.5,723.78,682.12,718.87,381138.4,2026-08-22 00:00:00+00:00
1787371200000,718.87,727.15,684.0,706.55,508723.9,2026-08-22 04:00:00+00:00
1787385600000,706.55,710.95,684.47,694.91,261608.5,2026-08-22 08:00:00+00:00
1787400000000,694.91,698.78,688.68,688.95,99242.5,2026-08-22 12:00:00+00:00
1787414400000,688.95,700.31,688.77,699.07,66008.05,2026-08-22 16:00:00+00:00
1787428800000,699.07,701.09,691.66,695.69,89418.66,2026-08-22 20:00:00+00:00
1787443200000,695.69,702.45,688.78,689.68,117882.6,2026-08-23 00:00:00+00:00
1787457600000,689.68,690.82,677.29,684.42,193508.62,2026-08-23 04:00:00+00:00
1787472000000,684.41,695.93,684.06,695.39,94576.01,2026-08-23 08:00:00+00:00
1787486400000,695.39,700.49,690.24,695.42,94473.53,2026-08-23 12:00:00+00:00
1787500800000,695.44,700.85,695.44,699.29,62739.41,2026-08-23 16:00:00+00:00
1787515200000,699.3,707.77,698.2,702.93,85261.15,2026-08-23 20:00:00+00:00
1787529600000,702.93,705.57,693.68,696.25,106451.8,2026-08-24 00:00:00+00:00
1787544000000,696.25,703.88,694.81,699.12,78341.28,2026-08-24 04:00:00+00:00
1787558400000,699.13,707.6,693.23,704.21,102074.3,2026-08-24 08:00:00+00:00
1787572800000,704.2,717.41,696.8,706.32,241428.0,2026-08-24 12:00:00+00:00
1787587200000,706.33,712.82,698.9,702.41,139974.51,2026-08-24 16:00:00+00:00
1787601600000,702.42,705.73,700.46,704.67,46388.45,2026-08-24 20:00:00+00:00
1787616000000,704.66,719.8,703.92,715.89,149145.65,2026-08-25 00:00:00+00:00
1787630400000,715.9,719.17,702.73,706.73,108497.31,2026-08-25 04:00:00+00:00
1787644800000,706.73,709.2,697.08,697.24,105266.16,2026-08-25 08:00:00+00:00
1787659200000,697.24,700.75,690.64,700.35,142449.86,2026-08-25 12:00:00+00:00
1787673600000,700.36,701.88,697.01,698.48,41413.25,2026-08-25 16:00:00+00:00
1787688000000,698.49,698.81,688.15,694.83,72649.15,2026-08-25 20:00:00+00:00
1787702400000,694.83,698.59,691.75,696.44,45887.81,2026-08-26 00:00:00+00:00
1787716800000,696.45,700.47,693.03,698.93,53562.34,2026-08-26 04:00:00+00:00
1787731200000,698.93,708.71,694.57,702.64,107365.97,2026-08-26 08:00:00+00:00
1787745600000,702.64,704.49,692.31,697.42,134455.02,2026-08-26 12:00:00+00:00
1787760000000,697.42,702.49,695.08,699.87,52100.35,2026-08-26 16:00:00+00:00
1787774400000,699.88,708.8,698.06,707.89,61367.36,2026-08-26 20:00:00+00:00
1787788800000,707.9,708.13,702.4,703.68,50140.73,2026-08-27 00:00:00+00:00
1787803200000,703.67,708.26,701.4,707.79,45138.17,2026-08-27 04:00:00+00:00
1787817600000,707.79,716.15,705.27,707.14,142175.6,2026-08-27 08:00:00+00:00
1787832000000,707.14,714.24,705.32,711.84,106888.53,2026-08-27 12:00:00+00:00
1787846400000,711.83,714.69,706.99,710.4,61106.43,2026-08-27 16:00:00+00:00
1787860800000,710.4,713.08,709.15,712.14,29754.37,2026-08-27 20:00:00+00:00
1787875200000,712.14,719.14,706.47,709.88,126393.73,2026-08-28 00:00:00+00:00
1787889600000,709.87,714.66,706.54,707.19,57582.89,2026-08-28 04:00:00+00:00
1787904000000,707.19,709.76,703.2,706.47,66634.16,2026-08-28 08:00:00+00:00
1787918400000,706.47,707.78,696.06,696.3,129125.8,2026-08-28 12:00:00+00:00
1787932800000,696.3,696.79,685.81,689.28,150369.2,2026-08-28 16:00:00+00:00
1787947200000,689.28,691.98,687.06,691.77,35918.69,2026-08-28 20:00:00+00:00
1787961600000,691.76,692.78,688.82,688.96,26532.27,2026-08-29 00:00:00+00:00
1787976000000,688.96,691.64,687.2,688.39,36350.51,2026-08-29 04:00:00+00:00
1787990400000,688.39,690.14,687.44,689.67,27502.46,2026-08-29 08:00:00+00:00
1788004800000,689.68,692.97,687.75,691.14,43987.31,2026-08-29 12:00:00+00:00
1788019200000,691.14,694.62,690.65,693.74,41950.93,2026-08-29 16:00:00+00:00
1788033600000,693.74,694.06,692.3,692.85,27662.27,2026-08-29 20:00:00+00:00
1788048000000,692.84,696.0,691.0,695.06,36745.43,2026-08-30 00:00:00+00:00
1788062400000,695.05,695.75,692.75,693.61,31310.76,2026-08-30 04:00:00+00:00
1788076800000,693.6,695.33,691.74,693.28,40364.14,2026-08-30 08:00:00+00:00
1788091200000,693.28,700.46,693.25,699.74,72035.27,2026-08-30 12:00:00+00:00
1788105600000,699.74,704.4,698.37,699.95,63414.42,2026-08-30 16:00:00+00:00
1788120000000,699.95,700.79,679.3,685.02,113064.32,2026-08-30 20:00:00+00:00
1788134400000,685.02,688.74,682.53,685.67,64025.25,2026-08-31 00:00:00+00:00
1788148800000,685.67,688.53,683.08,687.07,56771.9,2026-08-31 04:00:00+00:00
1788163200000,687.07,689.94,685.09,687.42,48442.46,2026-08-31 08:00:00+00:00
1788177600000,687.42,691.8,684.51,689.92,74565.46,2026-08-31 12:00:00+00:00
1788192000000,689.93,695.07,688.4,691.96,54781.29,2026-08-31 16:00:00+00:00
1788206400000,691.97,693.41,690.33,691.67,23473.2,2026-08-31 20:00:00+00:00
1788220800000,691.67,695.23,690.42,693.85,41226.73,2026-09-01 00:00:00+00:00
1788235200000,693.84,694.89,689.3,690.87,42303.16,2026-09-01 04:00:00+00:00
1788249600000,690.88,691.1,685.82,687.69,57473.35,2026-09-01 08:00:00+00:00
1788264000000,687.69,689.14,683.6,687.09,49778.29,2026-09-01 12:00:00+00:00
1788278400000,687.09,687.24,675.0,680.21,81510.76,2026-09-01 16:00:00+00:00
1788292800000,680.2,684.42,677.97,683.35,46136.13,2026-09-01 20:00:00+00:00
1788307200000,683.35,690.0,679.97,687.83,82342.82,2026-09-02 00:00:00+00:00
1788321600000,687.83,690.03,686.27,688.04,52717.54,2026-09-02 04:00:00+00:00
1788336000000,688.03,688.44,680.63,684.21,65218.1,2026-09-02 08:00:00+00:00
1788350400000,684.21,689.97,683.23,688.02,65032.34,2026-09-02 12:00:00+00:00
1788364800000,688.02,689.48,685.05,686.99,53686.83,2026-09-02 16:00:00+00:00
1788379200000,687.0,689.41,685.87,689.26,26215.84,2026-09-02 20:00:00+00:00
1788393600000,689.26,695.4,686.6,693.02,60830.21,2026-09-03 00:00:00+00:00
1788408000000,693.02,699.99,690.16,698.41,75904.28,2026-09-03 04:00:00+00:00
1788422400000,698.41,716.24,698.41,711.91,174960.25,2026-09-03 08:00:00+00:00
1788436800000,711.92,728.86,709.0,728.33,218050.99,2026-09-03 12:00:00+00:00
1788451200000,728.34,728.92,719.28,725.05,100061.38,2026-09-03 16:00:00+00:00
1788465600000,725.05,728.13,721.01,725.6,62657.34,2026-09-03 20:00:00+00:00
1788480000000,725.61,730.65,719.33,724.01,96237.07,2026-09-04 00:00:00+00:00
1788494400000,724.02,730.0,714.5,714.95,107049.64,2026-09-04 04:00:00+00:00
1788508800000,714.96,725.59,714.13,724.74,97214.22,2026-09-04 08:00:00+00:00
1788523200000,724.74,727.93,709.17,717.1,208401.56,2026-09-04 12:00:00+00:00
1788537600000,717.09,721.97,716.49,720.54,59635.01,2026-09-04 16:00:00+00:00
1788552000000,720.54,721.88,716.91,721.81,29054.21,2026-09-04 20:00:00+00:00
1788566400000,721.8,725.54,719.73,723.93,63790.71,2026-09-05 00:00:00+00:00
1788580800000,723.92,740.0,720.95,738.76,147748.75,2026-09-05 04:00:00+00:00
1788595200000,738.75,757.78,738.62,748.4,362176.41,2026-09-05 08:00:00+00:00
1788609600000,748.39,773.0,748.39,770.44,340333.24,2026-09-05 12:00:00+00:00
1788624000000,770.45,781.44,768.19,773.88,228531.09,2026-09-05 16:00:00+00:00
1788638400000,773.88,774.54,763.8,766.95,111276.27,2026-09-05 20:00:00+00:00
1788652800000,766.96,769.42,761.62,765.24,102962.97,2026-09-06 00:00:00+00:00
1788667200000,765.24,765.69,755.22,756.95,119102.59,2026-09-06 04:00:00+00:00
1788681600000,756.96,759.41,754.22,758.59,85588.52,2026-09-06 08:00:00+00:00
1788696000000,758.59,758.91,740.59,746.32,198361.2,2026-09-06 12:00:00+00:00
1788710400000,746.33,750.9,745.41,749.64,78993.42,2026-09-06 16:00:00+00:00
1788724800000,749.64,755.35,748.74,753.48,82637.39,2026-09-06 20:00:00+00:00
1788739200000,753.48,757.01,745.32,746.7,130172.71,2026-09-07 00:00:00+00:00
1788753600000,746.7,750.86,740.8,744.39,68951.8,2026-09-07 04:00:00+00:00
1788768000000,744.4,747.43,743.03,745.4,58568.72,2026-09-07 08:00:00+00:00
1788782400000,745.4,748.08,733.24,735.12,118619.55,2026-09-07 12:00:00+00:00
1788796800000,735.13,742.48,734.79,742.27,52099.31,2026-09-07 16:00:00+00:00
1788811200000,742.27,742.41,736.36,740.39,48189.94,2026-09-07 20:00:00+00:00
1788825600000,740.4,745.75,737.28,743.28,74226.5,2026-09-08 00:00:00+00:00
1788840000000,743.28,758.41,742.14,755.1,199915.78,2026-09-08 04:00:00+00:00
1788854400000,755.11,761.91,749.97,752.75,182994.89,2026-09-08 08:00:00+00:00
1788868800000,752.75,757.41,742.67,756.66,146561.5,2026-09-08 12:00:00+00:00
1788883200000,756.67,758.4,747.71,749.27,58729.08,2026-09-08 16:00:00+00:00
1788897600000,749.26,755.38,749.26,752.46,53099.54,2026-09-08 20:00:00+00:00
1788912000000,752.46,757.28,747.14,749.8,83206.55,2026-09-09 00:00:00+00:00
1788926400000,749.8,757.95,749.8,754.94,70479.17,2026-09-09 04:00:00+00:00
1788940800000,754.94,758.0,748.0,750.54,77846.5,2026-09-09 08:00:00+00:00
1788955200000,750.53,752.05,735.11,739.39,154265.84,2026-09-09 12:00:00+00:00
1788969600000,739.39,742.58,736.66,737.59,60202.7,2026-09-09 16:00:00+00:00
1788984000000,737.59,738.46,717.61,722.77,163523.02,2026-09-09 20:00:00+00:00
1788998400000,722.78,726.47,716.3,723.79,92783.62,2026-09-10 00:00:00+00:00
1789012800000,723.79,723.99,715.55,719.22,85270.49,2026-09-10 04:00:00+00:00
1789027200000,719.22,719.85,715.68,716.66,54235.16,2026-09-10 08:00:00+00:00
1789041600000,716.65,718.39,703.0,708.16,208080.57,2026-09-10 12:00:00+00:00
1789056000000,708.17,716.33,704.56,714.69,73271.5,2026-09-10 16:00:00+00:00
1789070400000,714.68,716.68,708.67,709.13,65149.48,2026-09-10 20:00:00+00:00
1789084800000,709.14,715.37,709.13,712.62,48195.65,2026-09-11 00:00:00+00:00
1789099200000,712.63,717.79,712.47,714.09,54869.37,2026-09-11 04:00:00+00:00
1789113600000,714.09,716.4,710.65,713.64,49687.11,2026-09-11 08:00:00+00:00
1789128000000,713.64,741.71,706.77,728.94,330394.5,2026-09-11 12:00:00+00:00
1789142400000,728.93,734.04,720.43,725.38,99833.04,2026-09-11 16:00:00+00:00
1789156800000,725.37,728.12,722.11,727.1,55349.58,2026-09-11 20:00:00+00:00
1789171200000,727.11,736.73,726.44,733.92,71650.43,2026-09-12 00:00:00+00:00
1789185600000,733.93,735.81,731.94,733.89,51983.12,2026-09-12 04:00:00+00:00
1789200000000,733.9,740.39,733.02,737.16,72194.77,2026-09-12 08:00:00+00:00
1789214400000,737.17,737.97,735.03,735.59,47624.09,2026-09-12 12:00:00+00:00
1789228800000,735.58,735.63,725.5,726.62,54483.4,2026-09-12 16:00:00+00:00
1789243200000,726.62,728.38,725.88,727.96,29029.85,2026-09-12 20:00:00+00:00
1789257600000,727.96,730.2,727.29,729.18,16694.83,2026-09-13 00:00:00+00:00
