ts,open,high,low,close,volume,dt
1694664000000,0.06126,0.06158,0.06104,0.06135,467419349.0,2023-09-14 04:00:00+00:00
1694678400000,0.06135,0.06163,0.06125,0.06152,300303084.0,2023-09-14 08:00:00+00:00
1694692800000,0.06152,0.06213,0.06129,0.06172,1116305200.0,2023-09-14 12:00:00+00:00
1694707200000,0.06173,0.0625,0.06146,0.06221,668645103.0,2023-09-14 16:00:00+00:00
1694721600000,0.06221,0.06238,0.0619,0.06203,301234925.0,2023-09-14 20:00:00+00:00
1694736000000,0.06203,0.06241,0.06171,0.06209,379894790.0,2023-09-15 00:00:00+00:00
1694750400000,0.06209,0.0622,0.06175,0.06181,275540141.0,2023-09-15 04:00:00+00:00
1694764800000,0.06181,0.06209,0.06156,0.06165,317513359.0,2023-09-15 08:00:00+00:00
1694779200000,0.06166,0.06192,0.06132,0.06185,495094610.0,2023-09-15 12:00:00+00:00
1694793600000,0.06185,0.06214,0.06173,0.06191,417068910.0,2023-09-15 16:00:00+00:00
1694808000000,0.06192,0.06293,0.06185,0.06246,739344612.0,2023-09-15 20:00:00+00:00
1694822400000,0.06247,0.06296,0.06224,0.06239,579094190.0,2023-09-16 00:00:00+00:00
1694836800000,0.0624,0.06244,0.06208,0.06225,344709482.0,2023-09-16 04:00:00+00:00
1694851200000,0.06225,0.06245,0.06196,0.0623,430825379.0,2023-09-16 08:00:00+00:00
1694865600000,0.06229,0.06236,0.06189,0.06211,356077098.0,2023-09-16 12:00:00+00:00
1694880000000,0.06211,0.06227,0.0617,0.06191,351558289.0,2023-09-16 16:00:00+00:00
1694894400000,0.06191,0.06234,0.06187,0.06209,355779236.0,2023-09-16 20:00:00+00:00
1694908800000,0.0621,0.0621,0.06117,0.06192,662464688.0,2023-09-17 00:00:00+00:00
1694923200000,0.06193,0.06252,0.06185,0.06217,410657749.0,2023-09-17 04:00:00+00:00
1694937600000,0.06216,0.06238,0.06207,0.06223,378792364.0,2023-09-17 08:00:00+00:00
1694952000000,0.06222,0.06237,0.0619,0.06196,291961793.0,2023-09-17 12:00:00+00:00
1694966400000,0.06195,0.062,0.06134,0.06159,419130577.0,2023-09-17 16:00:00+00:00
1694980800000,0.0616,0.06177,0.06085,0.06141,695032533.0,2023-09-17 20:00:00+00:00
1694995200000,0.06142,0.06187,0.0609,0.06179,825072304.0,2023-09-18 00:00:00+00:00
1695009600000,0.06179,0.06197,0.06155,0.06175,464789421.0,2023-09-18 04:00:00+00:00
1695024000000,0.06176,0.06266,0.06169,0.06242,763162245.0,2023-09-18 08:00:00+00:00
1695038400000,0.06243,0.0628,0.06224,0.06235,719893400.0,2023-09-18 12:00:00+00:00
1695052800000,0.06235,0.06242,0.06145,0.06182,970828237.0,2023-09-18 16:00:00+00:00
1695067200000,0.06182,0.06216,0.06167,0.06195,339030032.0,2023-09-18 20:00:00+00:00
1695081600000,0.06195,0.06224,0.06176,0.06223,516997230.0,2023-09-19 00:00:00+00:00
1695096000000,0.06223,0.06247,0.06212,0.06213,362430343.0,2023-09-19 04:00:00+00:00
1695110400000,0.06213,0.06299,0.06213,0.06254,800852924.0,2023-09-19 08:00:00+00:00
1695124800000,0.06254,0.06319,0.06233,0.06314,925409534.0,2023-09-19 12:00:00+00:00
1695139200000,0.06315,0.06321,0.06242,0.06256,546206237.0,2023-09-19 16:00:00+00:00
1695153600000,0.06255,0.06273,0.06233,0.06264,276404827.0,2023-09-19 20:00:00+00:00
1695168000000,0.06264,0.063,0.06217,0.06235,534933995.0,2023-09-20 00:00:00+00:00
1695182400000,0.06235,0.06246,0.06204,0.0623,351207622.0,2023-09-20 04:00:00+00:00
1695196800000,0.06229,0.06244,0.06176,0.06207,502145553.0,2023-09-20 08:00:00+00:00
1695211200000,0.06207,0.06234,0.0618,0.06226,506793301.0,2023-09-20 12:00:00+00:00
1695225600000,0.06227,0.06276,0.06123,0.06212,1136614384.0,2023-09-20 16:00:00+00:00
1695240000000,0.06212,0.06282,0.06209,0.06259,370185579.0,2023-09-20 20:00:00+00:00
1695254400000,0.06259,0.06289,0.06229,0.06289,609967074.0,2023-09-21 00:00:00+00:00
1695268800000,0.06289,0.06346,0.06239,0.06254,791317690.0,2023-09-21 04:00:00+00:00
1695283200000,0.06254,0.06281,0.0612,0.06169,1418779298.0,2023-09-21 08:00:00+00:00
1695297600000,0.06169,0.06176,0.06097,0.06161,928137034.0,2023-09-21 12:00:00+00:00
1695312000000,0.0616,0.06169,0.06136,0.06144,335170847.0,2023-09-21 16:00:00+00:00
1695326400000,0.06145,0.06147,0.06112,0.06125,283511767.0,2023-09-21 20:00:00+00:00
1695340800000,0.06126,0.06173,0.06053,0.06159,835863032.0,2023-09-22 00:00:00+00:00
1695355200000,0.06159,0.06178,0.06145,0.06171,211194620.0,2023-09-22 04:00:00+00:00
1695369600000,0.06171,0.06184,0.06145,0.06161,264894317.0,2023-09-22 08:00:00+00:00
1695384000000,0.06161,0.06176,0.06132,0.06141,482187494.0,2023-09-22 12:00:00+00:00
1695398400000,0.0614,0.06161,0.06115,0.0613,361945570.0,2023-09-22 16:00:00+00:00
1695412800000,0.0613,0.06155,0.0612,0.06148,233368783.0,2023-09-22 20:00:00+00:00
1695427200000,0.06149,0.06175,0.06137,0.06144,348976180.0,2023-09-23 00:00:00+00:00
1695441600000,0.06144,0.06167,0.06135,0.06156,175377399.0,2023-09-23 04:00:00+00:00
1695456000000,0.06156,0.06164,0.06144,0.06155,159659437.0,2023-09-23 08:00:00+00:00
1695470400000,0.06156,0.06198,0.06123,0.06124,594434066.0,2023-09-23 12:00:00+00:00
1695484800000,0.06124,0.06168,0.06121,0.06159,343042722.0,2023-09-23 16:00:00+00:00
1695499200000,0.06159,0.06164,0.06123,0.06147,198203046.0,2023-09-23 20:00:00+00:00
1695513600000,0.06148,0.0616,0.06122,0.06152,266994534.0,2023-09-24 00:00:00+00:00
1695528000000,0.06153,0.06157,0.06141,0.06142,86430731.0,2023-09-24 04:00:00+00:00
1695542400000,0.06142,0.06162,0.0614,0.06147,147040755.0,2023-09-24 08:00:00+00:00
1695556800000,0.06148,0.06158,0.06138,0.06147,139677681.0,2023-09-24 12:00:00+00:00
1695571200000,0.06147,0.06171,0.06085,0.06111,608687398.0,2023-09-24 16:00:00+00:00
1695585600000,0.06111,0.06117,0.06018,0.06064,492711048.0,2023-09-24 20:00:00+00:00
1695600000000,0.06064,0.06107,0.06003,0.06081,470236273.0,2023-09-25 00:00:00+00:00
1695614400000,0.06081,0.06096,0.06052,0.06086,209507826.0,2023-09-25 04:00:00+00:00
1695628800000,0.06086,0.0609,0.06039,0.06056,218972876.0,2023-09-25 08:00:00+00:00
1695643200000,0.06057,0.06114,0.06042,0.06099,385410040.0,2023-09-25 12:00:00+00:00
1695657600000,0.06099,0.06121,0.06084,0.06096,300674085.0,2023-09-25 16:00:00+00:00
1695672000000,0.06097,0.06108,0.06075,0.0609,193328331.0,2023-09-25 20:00:00+00:00
1695686400000,0.0609,0.06112,0.06078,0.06102,317998154.0,2023-09-26 00:00:00+00:00
1695700800000,0.06101,0.06107,0.06075,0.06079,231899549.0,2023-09-26 04:00:00+00:00
1695715200000,0.0608,0.06088,0.06056,0.06078,369605640.0,2023-09-26 08:00:00+00:00
1695729600000,0.06078,0.06085,0.06028,0.06047,614434688.0,2023-09-26 12:00:00+00:00
1695744000000,0.06047,0.06068,0.0601,0.06041,407727882.0,2023-09-26 16:00:00+00:00
1695758400000,0.0604,0.06077,0.05894,0.06059,798533203.0,2023-09-26 20:00:00+00:00
1695772800000,0.06059,0.06083,0.06052,0.06079,299491097.0,2023-09-27 00:00:00+00:00
1695787200000,0.06078,0.06082,0.06049,0.06056,217724529.0,2023-09-27 04:00:00+00:00
1695801600000,0.06057,0.06144,0.0604,0.06129,648178470.0,2023-09-27 08:00:00+00:00
1695816000000,0.06129,0.06134,0.06025,0.06061,1140084290.0,2023-09-27 12:00:00+00:00
1695830400000,0.0606,0.06068,0.06011,0.06049,419411045.0,2023-09-27 16:00:00+00:00
1695844800000,0.06049,0.06056,0.06022,0.06048,275180155.0,2023-09-27 20:00:00+00:00
1695859200000,0.06048,0.06087,0.06038,0.06043,551604561.0,2023-09-28 00:00:00+00:00
1695873600000,0.06043,0.06088,0.06033,0.06076,316700910.0,2023-09-28 04:00:00+00:00
1695888000000,0.06077,0.06127,0.06063,0.06092,561681666.0,2023-09-28 08:00:00+00:00
1695902400000,0.06093,0.06153,0.06078,0.06143,1062930127.0,2023-09-28 12:00:00+00:00
1695916800000,0.06143,0.06166,0.061,0.06141,974775432.0,2023-09-28 16:00:00+00:00
1695931200000,0.06141,0.06152,0.06106,0.06148,339160681.0,2023-09-28 20:00:00+00:00
1695945600000,0.06147,0.06162,0.06126,0.06149,502340530.0,2023-09-29 00:00:00+00:00
1695960000000,0.06148,0.06216,0.06138,0.06204,617899506.0,2023-09-29 04:00:00+00:00
1695974400000,0.06204,0.06205,0.06153,0.0616,489971411.0,2023-09-29 08:00:00+00:00
1695988800000,0.0616,0.06248,0.06141,0.06185,1492500014.0,2023-09-29 12:00:00+00:00
1696003200000,0.06186,0.06204,0.06159,0.06197,376277139.0,2023-09-29 16:00:00+00:00
1696017600000,0.06196,0.06233,0.06187,0.06208,322614898.0,2023-09-29 20:00:00+00:00
1696032000000,0.06209,0.06227,0.06178,0.06183,283379998.0,2023-09-30 00:00:00+00:00
1696046400000,0.06183,0.06196,0.06171,0.06173,193216709.0,2023-09-30 04:00:00+00:00
1696060800000,0.06173,0.06195,0.06168,0.06173,257927024.0,2023-09-30 08:00:00+00:00
1696075200000,0.06173,0.06218,0.06172,0.06199,325283089.0,2023-09-30 12:00:00+00:00
1696089600000,0.06199,0.06271,0.06195,0.0623,1266670858.0,2023-09-30 16:00:00+00:00
1696104000000,0.06229,0.06256,0.06197,0.06203,419481310.0,2023-09-30 20:00:00+00:00
1696118400000,0.06203,0.06212,0.06191,0.06203,226074520.0,2023-10-01 00:00:00+00:00
1696132800000,0.06202,0.06227,0.06194,0.06211,179266771.0,2023-10-01 04:00:00+00:00
1696147200000,0.06211,0.06284,0.06207,0.06268,636731843.0,2023-10-01 08:00:00+00:00
1696161600000,0.06269,0.06283,0.06227,0.06248,495436044.0,2023-10-01 12:00:00+00:00
1696176000000,0.06247,0.06249,0.06181,0.06193,438346590.0,2023-10-01 16:00:00+00:00
1696190400000,0.06193,0.06356,0.06162,0.06317,1562988816.0,2023-10-01 20:00:00+00:00
1696204800000,0.06318,0.06368,0.06285,0.06349,747790938.0,2023-10-02 00:00:00+00:00
1696219200000,0.06349,0.06351,0.0629,0.06345,571465561.0,2023-10-02 04:00:00+00:00
1696233600000,0.06344,0.06418,0.06332,0.06356,918063578.0,2023-10-02 08:00:00+00:00
1696248000000,0.06357,0.06389,0.06232,0.06263,1381220056.0,2023-10-02 12:00:00+00:00
1696262400000,0.06263,0.06285,0.06033,0.06214,1757106862.0,2023-10-02 16:00:00+00:00
1696276800000,0.06215,0.0622,0.06137,0.06196,719255321.0,2023-10-02 20:00:00+00:00
1696291200000,0.06196,0.06223,0.06172,0.06211,361302092.0,2023-10-03 00:00:00+00:00
1696305600000,0.06212,0.06227,0.06185,0.06185,339760877.0,2023-10-03 04:00:00+00:00
1696320000000,0.06186,0.0621,0.06164,0.06176,444765261.0,2023-10-03 08:00:00+00:00
1696334400000,0.06176,0.06197,0.06118,0.06143,960425556.0,2023-10-03 12:00:00+00:00
1696348800000,0.06143,0.06161,0.06115,0.06126,377776604.0,2023-10-03 16:00:00+00:00
1696363200000,0.06126,0.06151,0.06103,0.06132,582684055.0,2023-10-03 20:00:00+00:00
1696377600000,0.06133,0.06133,0.05994,0.06081,1249270268.0,2023-10-04 00:00:00+00:00
1696392000000,0.06081,0.0611,0.06065,0.06105,320420569.0,2023-10-04 04:00:00+00:00
1696406400000,0.06105,0.06119,0.06094,0.06101,340298701.0,2023-10-04 08:00:00+00:00
1696420800000,0.06101,0.06117,0.06058,0.06078,650824051.0,2023-10-04 12:00:00+00:00
1696435200000,0.06079,0.06132,0.06073,0.06104,483969990.0,2023-10-04 16:00:00+00:00
1696449600000,0.06104,0.06153,0.06095,0.06141,237878781.0,2023-10-04 20:00:00+00:00
1696464000000,0.0614,0.06162,0.06102,0.06103,365040356.0,2023-10-05 00:00:00+00:00
1696478400000,0.06102,0.06114,0.06078,0.06094,253237984.0,2023-10-05 04:00:00+00:00
1696492800000,0.06094,0.06112,0.06088,0.06095,300666636.0,2023-10-05 08:00:00+00:00
1696507200000,0.06095,0.06134,0.06053,0.0608,960758229.0,2023-10-05 12:00:00+00:00
1696521600000,0.06079,0.06117,0.06073,0.06108,493327402.0,2023-10-05 16:00:00+00:00
1696536000000,0.06108,0.06117,0.06078,0.06083,265864007.0,2023-10-05 20:00:00+00:00
1696550400000,0.06083,0.06118,0.06082,0.06101,294490485.0,2023-10-06 00:00:00+00:00
1696564800000,0.06102,0.06114,0.06088,0.06106,182205433.0,2023-10-06 04:00:00+00:00
1696579200000,0.06106,0.06125,0.06098,0.06109,234041678.0,2023-10-06 08:00:00+00:00
1696593600000,0.06108,0.06135,0.06065,0.06125,988900062.0,2023-10-06 12:00:00+00:00
1696608000000,0.06126,0.06141,0.06107,0.06124,358945446.0,2023-10-06 16:00:00+00:00
1696622400000,0.06125,0.06155,0.06123,0.06132,310716958.0,2023-10-06 20:00:00+00:00
1696636800000,0.06133,0.0616,0.06129,0.0615,353487294.0,2023-10-07 00:00:00+00:00
1696651200000,0.0615,0.06164,0.06131,0.06135,225192257.0,2023-10-07 04:00:00+00:00
1696665600000,0.06135,0.06149,0.06127,0.06133,153855553.0,2023-10-07 08:00:00+00:00
1696680000000,0.06132,0.0614,0.06121,0.0613,188840454.0,2023-10-07 12:00:00+00:00
1696694400000,0.06129,0.06131,0.06101,0.06104,162338311.0,2023-10-07 16:00:00+00:00
1696708800000,0.06104,0.06149,0.06102,0.0614,153731278.0,2023-10-07 20:00:00+00:00
1696723200000,0.0614,0.06158,0.06138,0.06153,178302440.0,2023-10-08 00:00:00+00:00
1696737600000,0.06153,0.06158,0.06106,0.06122,183033581.0,2023-10-08 04:00:00+00:00
1696752000000,0.06122,0.0613,0.0606,0.06091,336503494.0,2023-10-08 08:00:00+00:00
1696766400000,0.06092,0.06127,0.06088,0.0611,253500081.0,2023-10-08 12:00:00+00:00
1696780800000,0.06111,0.06119,0.06092,0.06098,181937105.0,2023-10-08 16:00:00+00:00
1696795200000,0.06099,0.06106,0.06071,0.0609,257912845.0,2023-10-08 20:00:00+00:00
1696809600000,0.0609,0.06098,0.06064,0.06085,307249517.0,2023-10-09 00:00:00+00:00
1696824000000,0.06086,0.06091,0.05996,0.06029,670950388.0,2023-10-09 04:00:00+00:00
1696838400000,0.06028,0.06033,0.05638,0.05867,2259608221.0,2023-10-09 08:00:00+00:00
1696852800000,0.05867,0.05909,0.05856,0.05875,589153291.0,2023-10-09 12:00:00+00:00
1696867200000,0.05876,0.05896,0.05744,0.05891,1273377514.0,2023-10-09 16:00:00+00:00
1696881600000,0.0589,0.05897,0.05859,0.05869,238290839.0,2023-10-09 20:00:00+00:00
1696896000000,0.05869,0.05913,0.05841,0.05894,485006210.0,2023-10-10 00:00:00+00:00
1696910400000,0.05894,0.05918,0.05878,0.05901,268873938.0,2023-10-10 04:00:00+00:00
1696924800000,0.05902,0.05917,0.0586,0.05863,423487121.0,2023-10-10 08:00:00+00:00
1696939200000,0.05862,0.05901,0.05848,0.0586,553374464.0,2023-10-10 12:00:00+00:00
1696953600000,0.05861,0.05904,0.05851,0.05894,428314089.0,2023-10-10 16:00:00+00:00
1696968000000,0.05895,0.05916,0.0585,0.05907,319868638.0,2023-10-10 20:00:00+00:00
1696982400000,0.05907,0.05945,0.05795,0.05876,854560654.0,2023-10-11 00:00:00+00:00
1696996800000,0.05876,0.05909,0.05869,0.05874,335151868.0,2023-10-11 04:00:00+00:00
1697011200000,0.05874,0.05906,0.0586,0.05884,341987714.0,2023-10-11 08:00:00+00:00
1697025600000,0.05885,0.05894,0.05749,0.05799,882968612.0,2023-10-11 12:00:00+00:00
1697040000000,0.05799,0.05814,0.05758,0.0581,524816725.0,2023-10-11 16:00:00+00:00
1697054400000,0.0581,0.05853,0.058,0.05847,315606606.0,2023-10-11 20:00:00+00:00
1697068800000,0.05848,0.05849,0.0579,0.05815,328213306.0,2023-10-12 00:00:00+00:00
1697083200000,0.05815,0.05844,0.05807,0.05827,203091489.0,2023-10-12 04:00:00+00:00
1697097600000,0.05828,0.05831,0.05678,0.05804,673783138.0,2023-10-12 08:00:00+00:00
1697112000000,0.05805,0.05812,0.05776,0.05784,404037705.0,2023-10-12 12:00:00+00:00
1697126400000,0.05784,0.05789,0.05718,0.05774,609373064.0,2023-10-12 16:00:00+00:00
1697140800000,0.05773,0.05792,0.05768,0.05785,148152552.0,2023-10-12 20:00:00+00:00
1697155200000,0.05786,0.0581,0.05779,0.05784,256486384.0,2023-10-13 00:00:00+00:00
1697169600000,0.05784,0.05807,0.05775,0.05794,175279892.0,2023-10-13 04:00:00+00:00
1697184000000,0.05794,0.05945,0.05776,0.05841,583596883.0,2023-10-13 08:00:00+00:00
1697198400000,0.05841,0.05877,0.05813,0.05826,637729166.0,2023-10-13 12:00:00+00:00
1697212800000,0.05826,0.05858,0.05795,0.05808,490475930.0,2023-10-13 16:00:00+00:00
1697227200000,0.05809,0.05885,0.05808,0.05836,559721970.0,2023-10-13 20:00:00+00:00
1697241600000,0.05837,0.05873,0.05831,0.0586,214877589.0,2023-10-14 00:00:00+00:00
1697256000000,0.0586,0.05869,0.05833,0.05842,125805552.0,2023-10-14 04:00:00+00:00
1697270400000,0.05843,0.05887,0.05838,0.05883,216763327.0,2023-10-14 08:00:00+00:00
1697284800000,0.05882,0.05968,0.05875,0.05947,784595119.0,2023-10-14 12:00:00+00:00
1697299200000,0.05947,0.05955,0.05923,0.05954,216541101.0,2023-10-14 16:00:00+00:00
1697313600000,0.05954,0.05997,0.05946,0.05983,366958351.0,2023-10-14 20:00:00+00:00
1697328000000,0.05983,0.05984,0.05936,0.05945,351819904.0,2023-10-15 00:00:00+00:00
1697342400000,0.05944,0.05948,0.05924,0.05931,148286198.0,2023-10-15 04:00:00+00:00
1697356800000,0.0593,0.05943,0.05913,0.05917,192246279.0,2023-10-15 08:00:00+00:00
1697371200000,0.05917,0.05935,0.05895,0.05931,362881030.0,2023-10-15 12:00:00+00:00
1697385600000,0.05931,0.05969,0.05924,0.05943,218337818.0,2023-10-15 16:00:00+00:00
1697400000000,0.05943,0.05964,0.05916,0.05929,321036847.0,2023-10-15 20:00:00+00:00
1697414400000,0.0593,0.05958,0.05921,0.0594,233420997.0,2023-10-16 00:00:00+00:00
1697428800000,0.0594,0.06028,0.05921,0.05998,895152490.0,2023-10-16 04:00:00+00:00
1697443200000,0.05997,0.0606,0.05963,0.0598,973493833.0,2023-10-16 08:00:00+00:00
1697457600000,0.05981,0.0618,0.05903,0.05967,2462720654.0,2023-10-16 12:00:00+00:00
1697472000000,0.05967,0.06024,0.05966,0.06,372163001.0,2023-10-16 16:00:00+00:00
1697486400000,0.06001,0.06019,0.05971,0.05995,274071824.0,2023-10-16 20:00:00+00:00
1697500800000,0.05995,0.06013,0.05975,0.05992,372293422.0,2023-10-17 00:00:00+00:00
1697515200000,0.05991,0.05993,0.05957,0.05984,317175123.0,2023-10-17 04:00:00+00:00
1697529600000,0.05985,0.06007,0.05978,0.05986,288081415.0,2023-10-17 08:00:00+00:00
1697544000000,0.05986,0.05992,0.058,0.05913,1177804659.0,2023-10-17 12:00:00+00:00
1697558400000,0.05913,0.05916,0.05846,0.05892,407074081.0,2023-10-17 16:00:00+00:00
1697572800000,0.05891,0.05908,0.05883,0.05899,174472372.0,2023-10-17 20:00:00+00:00
1697587200000,0.059,0.05904,0.05861,0.0589,373609982.0,2023-10-18 00:00:00+00:00
1697601600000,0.0589,0.05931,0.05883,0.05891,473401956.0,2023-10-18 04:00:00+00:00
1697616000000,0.0589,0.05908,0.05868,0.05873,317310969.0,2023-10-18 08:00:00+00:00
1697630400000,0.05873,0.05879,0.05831,0.05852,482404022.0,2023-10-18 12:00:00+00:00
1697644800000,0.05852,0.05863,0.0583,0.0584,333122305.0,2023-10-18 16:00:00+00:00
1697659200000,0.05841,0.05894,0.05822,0.05854,498272122.0,2023-10-18 20:00:00+00:00
1697673600000,0.05854,0.05869,0.05721,0.05814,783457851.0,2023-10-19 00:00:00+00:00
1697688000000,0.05814,0.05831,0.05805,0.05817,227398061.0,2023-10-19 04:00:00+00:00
1697702400000,0.05816,0.05827,0.05796,0.0582,271899919.0,2023-10-19 08:00:00+00:00
1697716800000,0.05821,0.05853,0.0581,0.0584,450068494.0,2023-10-19 12:00:00+00:00
1697731200000,0.0584,0.05873,0.05823,0.05864,488486005.0,2023-10-19 16:00:00+00:00
1697745600000,0.05863,0.05896,0.05851,0.05881,467144022.0,2023-10-19 20:00:00+00:00
1697760000000,0.05882,0.05961,0.05859,0.05944,719175824.0,2023-10-20 00:00:00+00:00
1697774400000,0.05944,0.05953,0.0591,0.05935,426024171.0,2023-10-20 04:00:00+00:00
1697788800000,0.05934,0.06046,0.05934,0.05974,1135378545.0,2023-10-20 08:00:00+00:00
1697803200000,0.05974,0.06004,0.05951,0.05986,738654003.0,2023-10-20 12:00:00+00:00
1697817600000,0.05986,0.0602,0.05965,0.06016,373144320.0,2023-10-20 16:00:00+00:00
1697832000000,0.06016,0.06023,0.05985,0.05987,233853763.0,2023-10-20 20:00:00+00:00
1697846400000,0.05988,0.05998,0.05937,0.05974,313422895.0,2023-10-21 00:00:00+00:00
1697860800000,0.05973,0.06043,0.05973,0.06039,301474057.0,2023-10-21 04:00:00+00:00
1697875200000,0.0604,0.06064,0.0601,0.0604,437902719.0,2023-10-21 08:00:00+00:00
1697889600000,0.06041,0.06123,0.0603,0.0612,748133432.0,2023-10-21 12:00:00+00:00
1697904000000,0.0612,0.06144,0.06075,0.06099,887761839.0,2023-10-21 16:00:00+00:00
1697918400000,0.06099,0.06138,0.06078,0.06117,405574120.0,2023-10-21 20:00:00+00:00
1697932800000,0.06117,0.06169,0.06101,0.06123,524027435.0,2023-10-22 00:00:00+00:00
1697947200000,0.06122,0.06164,0.05961,0.06068,965387038.0,2023-10-22 04:00:00+00:00
1697961600000,0.06069,0.06096,0.06039,0.06063,496484328.0,2023-10-22 08:00:00+00:00
1697976000000,0.06063,0.06093,0.06046,0.06072,422248747.0,2023-10-22 12:00:00+00:00
1697990400000,0.06073,0.06114,0.06069,0.06081,322230011.0,2023-10-22 16:00:00+00:00
1698004800000,0.06081,0.06173,0.06065,0.06167,516083751.0,2023-10-22 20:00:00+00:00
1698019200000,0.06166,0.06283,0.06127,0.0626,1571829087.0,2023-10-23 00:00:00+00:00
1698033600000,0.06261,0.06313,0.06224,0.06252,1220552717.0,2023-10-23 04:00:00+00:00
1698048000000,0.06252,0.06542,0.06239,0.06486,3291351256.0,2023-10-23 08:00:00+00:00
1698062400000,0.06486,0.06549,0.06332,0.06414,2189792329.0,2023-10-23 12:00:00+00:00
1698076800000,0.06414,0.06444,0.0631,0.06438,1643924369.0,2023-10-23 16:00:00+00:00
1698091200000,0.06438,0.06796,0.06415,0.06745,3070005360.0,2023-10-23 20:00:00+00:00
1698105600000,0.06745,0.06948,0.06631,0.06758,3570509862.0,2023-10-24 00:00:00+00:00
1698120000000,0.06758,0.06848,0.06589,0.06652,1449271676.0,2023-10-24 04:00:00+00:00
1698134400000,0.06653,0.06794,0.06643,0.0679,1218621899.0,2023-10-24 08:00:00+00:00
1698148800000,0.06789,0.07013,0.0638,0.06567,3747632386.0,2023-10-24 12:00:00+00:00
1698163200000,0.06568,0.06691,0.06503,0.06661,1425653561.0,2023-10-24 16:00:00+00:00
1698177600000,0.0666,0.06714,0.0656,0.06661,949743418.0,2023-10-24 20:00:00+00:00
1698192000000,0.06661,0.06727,0.06574,0.06596,947184045.0,2023-10-25 00:00:00+00:00
1698206400000,0.06596,0.06647,0.06459,0.06523,953693675.0,2023-10-25 04:00:00+00:00
1698220800000,0.06523,0.06598,0.06482,0.06553,792347798.0,2023-10-25 08:00:00+00:00
1698235200000,0.06553,0.06909,0.06553,0.06783,2705293850.0,2023-10-25 12:00:00+00:00
1698249600000,0.06783,0.06895,0.06607,0.06808,2779711833.0,2023-10-25 16:00:00+00:00
1698264000000,0.06808,0.06985,0.06801,0.06836,1999609820.0,2023-10-25 20:00:00+00:00
1698278400000,0.06835,0.07294,0.06782,0.07146,3098892499.0,2023-10-26 00:00:00+00:00
1698292800000,0.07146,0.07265,0.07003,0.07258,1586267882.0,2023-10-26 04:00:00+00:00
1698307200000,0.07257,0.07457,0.07086,0.07398,4635676986.0,2023-10-26 08:00:00+00:00
1698321600000,0.07397,0.07523,0.0691,0.07064,5222279483.0,2023-10-26 12:00:00+00:00
1698336000000,0.07064,0.07185,0.06991,0.07153,1388214053.0,2023-10-26 16:00:00+00:00
1698350400000,0.07152,0.07244,0.07123,0.07189,994546943.0,2023-10-26 20:00:00+00:00
1698364800000,0.07188,0.07248,0.07028,0.07161,1384591746.0,2023-10-27 00:00:00+00:00
1698379200000,0.07161,0.07162,0.07006,0.07011,791482182.0,2023-10-27 04:00:00+00:00
1698393600000,0.07012,0.07165,0.07006,0.07159,771583473.0,2023-10-27 08:00:00+00:00
1698408000000,0.07158,0.07192,0.06979,0.07048,1345334636.0,2023-10-27 12:00:00+00:00
1698422400000,0.07047,0.07059,0.06703,0.06829,1971112469.0,2023-10-27 16:00:00+00:00
1698436800000,0.06829,0.06842,0.06736,0.06779,775627933.0,2023-10-27 20:00:00+00:00
1698451200000,0.06778,0.06852,0.06752,0.0685,722457877.0,2023-10-28 00:00:00+00:00
1698465600000,0.06851,0.06896,0.06834,0.06876,488780247.0,2023-10-28 04:00:00+00:00
1698480000000,0.06876,0.06988,0.06849,0.06915,1146520468.0,2023-10-28 08:00:00+00:00
1698494400000,0.06915,0.06932,0.06824,0.069,774930751.0,2023-10-28 12:00:00+00:00
1698508800000,0.06899,0.069,0.06836,0.06842,396809304.0,2023-10-28 16:00:00+00:00
1698523200000,0.06842,0.06955,0.06838,0.06903,474859930.0,2023-10-28 20:00:00+00:00
1698537600000,0.06903,0.06917,0.06719,0.06824,792057378.0,2023-10-29 00:00:00+00:00
1698552000000,0.06823,0.0687,0.0681,0.06855,319425657.0,2023-10-29 04:00:00+00:00
1698566400000,0.06855,0.0692,0.06846,0.06897,494047248.0,2023-10-29 08:00:00+00:00
1698580800000,0.06898,0.0697,0.06878,0.0695,647378294.0,2023-10-29 12:00:00+00:00
1698595200000,0.0695,0.06988,0.06899,0.06948,506290921.0,2023-10-29 16:00:00+00:00
1698609600000,0.06948,0.07028,0.0692,0.06939,421778775.0,2023-10-29 20:00:00+00:00
1698624000000,0.0694,0.06958,0.06837,0.06868,613584818.0,2023-10-30 00:00:00+00:00
1698638400000,0.06869,0.06894,0.06812,0.06863,550111565.0,2023-10-30 04:00:00+00:00
1698652800000,0.06863,0.0698,0.06847,0.06958,745701742.0,2023-10-30 08:00:00+00:00
1698667200000,0.06959,0.07049,0.06921,0.06983,1212511219.0,2023-10-30 12:00:00+00:00
1698681600000,0.06982,0.06988,0.06752,0.06944,1249835145.0,2023-10-30 16:00:00+00:00
1698696000000,0.06944,0.06983,0.06924,0.06963,325656418.0,2023-10-30 20:00:00+00:00
1698710400000,0.06964,0.07008,0.06895,0.06903,684557560.0,2023-10-31 00:00:00+00:00
1698724800000,0.06904,0.06946,0.06835,0.06856,579441905.0,2023-10-31 04:00:00+00:00
1698739200000,0.06856,0.07041,0.06789,0.07023,1229821077.0,2023-10-31 08:00:00+00:00
1698753600000,0.07022,0.07093,0.06549,0.06725,3035488219.0,2023-10-31 12:00:00+00:00
1698768000000,0.06725,0.06832,0.06687,0.06818,821125390.0,2023-10-31 16:00:00+00:00
1698782400000,0.06817,0.06869,0.06773,0.06826,557446036.0,2023-10-31 20:00:00+00:00
1698796800000,0.06827,0.06861,0.06731,0.06747,622737431.0,2023-11-01 00:00:00+00:00
1698811200000,0.06748,0.06755,0.06639,0.06685,683595812.0,2023-11-01 04:00:00+00:00
1698825600000,0.06686,0.06703,0.06608,0.06677,680000614.0,2023-11-01 08:00:00+00:00
1698840000000,0.06676,0.06798,0.06555,0.06616,1636555112.0,2023-11-01 12:00:00+00:00
1698854400000,0.06616,0.0689,0.06594,0.06837,1464540304.0,2023-11-01 16:00:00+00:00
1698868800000,0.06837,0.06977,0.06837,0.06897,1278076037.0,2023-11-01 20:00:00+00:00
1698883200000,0.06898,0.07004,0.06874,0.06959,966533374.0,2023-11-02 00:00:00+00:00
1698897600000,0.06959,0.06993,0.06843,0.06977,967906246.0,2023-11-02 04:00:00+00:00
1698912000000,0.06976,0.07099,0.06904,0.06951,1479907939.0,2023-11-02 08:00:00+00:00
1698926400000,0.06951,0.06969,0.06719,0.06751,1818776298.0,2023-11-02 12:00:00+00:00
1698940800000,0.06751,0.0684,0.06661,0.06838,1128701859.0,2023-11-02 16:00:00+00:00
1698955200000,0.06837,0.06841,0.06746,0.06793,408957342.0,2023-11-02 20:00:00+00:00
1698969600000,0.06793,0.06812,0.06619,0.06731,688095473.0,2023-11-03 00:00:00+00:00
1698984000000,0.06731,0.06778,0.06683,0.06753,361700376.0,2023-11-03 04:00:00+00:00
1698998400000,0.06753,0.06779,0.06659,0.06716,519178102.0,2023-11-03 08:00:00+00:00
1699012800000,0.06716,0.06791,0.067,0.06777,591327261.0,2023-11-03 12:00:00+00:00
1699027200000,0.06777,0.06792,0.06713,0.06765,515967969.0,2023-11-03 16:00:00+00:00
1699041600000,0.06765,0.06829,0.06753,0.06813,279632489.0,2023-11-03 20:00:00+00:00
1699056000000,0.06812,0.06881,0.06795,0.06874,324639241.0,2023-11-04 00:00:00+00:00
1699070400000,0.06874,0.06912,0.06836,0.06879,441694957.0,2023-11-04 04:00:00+00:00
1699084800000,0.06879,0.06907,0.06851,0.06871,445202815.0,2023-11-04 08:00:00+00:00
1699099200000,0.06872,0.06882,0.06789,0.0683,482964625.0,2023-11-04 12:00:00+00:00
1699113600000,0.0683,0.06851,0.0682,0.06831,213491436.0,2023-11-04 16:00:00+00:00
1699128000000,0.06832,0.06935,0.06824,0.06914,373110130.0,2023-11-04 20:00:00+00:00
1699142400000,0.06914,0.07,0.06886,0.06996,554486279.0,2023-11-05 00:00:00+00:00
1699156800000,0.06996,0.07011,0.06915,0.06966,631661947.0,2023-11-05 04:00:00+00:00
1699171200000,0.06965,0.07117,0.06903,0.07066,992083064.0,2023-11-05 08:00:00+00:00
1699185600000,0.07066,0.07179,0.06921,0.06993,1664145144.0,2023-11-05 12:00:00+00:00
1699200000000,0.06994,0.07144,0.06984,0.07088,872521386.0,2023-11-05 16:00:00+00:00
1699214400000,0.07088,0.07157,0.06972,0.07111,1015243483.0,2023-11-05 20:00:00+00:00
1699228800000,0.07112,0.07328,0.07067,0.0718,1208495590.0,2023-11-06 00:00:00+00:00
1699243200000,0.07181,0.07186,0.07027,0.07136,822488849.0,2023-11-06 04:00:00+00:00
1699257600000,0.07136,0.07296,0.07087,0.07266,955793138.0,2023-11-06 08:00:00+00:00
1699272000000,0.07265,0.07491,0.07214,0.07388,2168498661.0,2023-11-06 12:00:00+00:00
1699286400000,0.07388,0.07639,0.0732,0.07606,3114924423.0,2023-11-06 16:00:00+00:00
1699300800000,0.07605,0.07658,0.07455,0.07643,1381369595.0,2023-11-06 20:00:00+00:00
1699315200000,0.07643,0.07654,0.07338,0.07466,1972536184.0,2023-11-07 00:00:00+00:00
1699329600000,0.07465,0.07561,0.07393,0.07549,877851420.0,2023-11-07 04:00:00+00:00
1699344000000,0.0755,0.07597,0.07278,0.07359,1996609594.0,2023-11-07 08:00:00+00:00
1699358400000,0.07358,0.07406,0.0715,0.0723,1768900313.0,2023-11-07 12:00:00+00:00
1699372800000,0.07231,0.07446,0.07152,0.07389,2055090946.0,2023-11-07 16:00:00+00:00
1699387200000,0.0739,0.07455,0.07312,0.07341,829748658.0,2023-11-07 20:00:00+00:00
1699401600000,0.07341,0.07422,0.0728,0.0737,542177672.0,2023-11-08 00:00:00+00:00
1699416000000,0.07369,0.0741,0.07309,0.07373,497075738.0,2023-11-08 04:00:00+00:00
1699430400000,0.07373,0.07507,0.07358,0.07446,922277975.0,2023-11-08 08:00:00+00:00
1699444800000,0.07447,0.07478,0.0733,0.07407,858897952.0,2023-11-08 12:00:00+00:00
1699459200000,0.07407,0.07738,0.07379,0.0755,2367262129.0,2023-11-08 16:00:00+00:00
1699473600000,0.07551,0.07593,0.0747,0.0754,815228379.0,2023-11-08 20:00:00+00:00
1699488000000,0.0754,0.07666,0.07484,0.07628,1001163594.0,2023-11-09 00:00:00+00:00
1699502400000,0.07628,0.07719,0.0758,0.07586,1135715570.0,2023-11-09 04:00:00+00:00
1699516800000,0.07586,0.07658,0.07511,0.07582,986409219.0,2023-11-09 08:00:00+00:00
1699531200000,0.07582,0.07804,0.07517,0.07575,2834031732.0,2023-11-09 12:00:00+00:00
1699545600000,0.07575,0.07625,0.06414,0.0713,4951337901.0,2023-11-09 16:00:00+00:00
1699560000000,0.07129,0.07365,0.07025,0.07358,1256297649.0,2023-11-09 20:00:00+00:00
1699574400000,0.07358,0.07456,0.07314,0.07374,1001036400.0,2023-11-10 00:00:00+00:00
1699588800000,0.07374,0.075,0.07356,0.07443,859989039.0,2023-11-10 04:00:00+00:00
1699603200000,0.07443,0.07472,0.0732,0.07462,885070626.0,2023-11-10 08:00:00+00:00
1699617600000,0.07462,0.07464,0.0724,0.07332,1170003058.0,2023-11-10 12:00:00+00:00
1699632000000,0.0733,0.07457,0.07326,0.07398,794038907.0,2023-11-10 16:00:00+00:00
1699646400000,0.07397,0.07565,0.0738,0.07547,835847132.0,2023-11-10 20:00:00+00:00
1699660800000,0.07547,0.07701,0.07505,0.07519,1997841834.0,2023-11-11 00:00:00+00:00
1699675200000,0.0752,0.08001,0.07443,0.07858,3533335711.0,2023-11-11 04:00:00+00:00
1699689600000,0.07858,0.08181,0.07748,0.0799,2740350389.0,2023-11-11 08:00:00+00:00
1699704000000,0.0799,0.08198,0.07922,0.08019,2143003546.0,2023-11-11 12:00:00+00:00
1699718400000,0.0802,0.08109,0.07863,0.08042,1748572275.0,2023-11-11 16:00:00+00:00
1699732800000,0.08042,0.08042,0.07701,0.0785,1619270253.0,2023-11-11 20:00:00+00:00
1699747200000,0.07851,0.07894,0.075,0.07796,1967901560.0,2023-11-12 00:00:00+00:00
1699761600000,0.07796,0.07965,0.07706,0.07947,956302572.0,2023-11-12 04:00:00+00:00
1699776000000,0.07947,0.08046,0.07873,0.0792,1230585911.0,2023-11-12 08:00:00+00:00
1699790400000,0.07919,0.07932,0.07776,0.07852,1047882480.0,2023-11-12 12:00:00+00:00
1699804800000,0.07853,0.0787,0.07684,0.07813,892656375.0,2023-11-12 16:00:00+00:00
1699819200000,0.07813,0.07878,0.07733,0.07801,582737856.0,2023-11-12 20:00:00+00:00
1699833600000,0.07802,0.07963,0.07613,0.07653,1402317640.0,2023-11-13 00:00:00+00:00
1699848000000,0.07653,0.07755,0.07596,0.07724,1030702374.0,2023-11-13 04:00:00+00:00
1699862400000,0.07725,0.07883,0.07661,0.07721,1311017504.0,2023-11-13 08:00:00+00:00
1699876800000,0.07721,0.07818,0.0751,0.07712,1781846619.0,2023-11-13 12:00:00+00:00
1699891200000,0.07711,0.07789,0.07532,0.07661,1133042556.0,2023-11-13 16:00:00+00:00
1699905600000,0.07661,0.07726,0.07335,0.07455,1747858332.0,2023-11-13 20:00:00+00:00
1699920000000,0.07456,0.07508,0.07246,0.07492,1125163028.0,2023-11-14 00:00:00+00:00
1699934400000,0.07491,0.07533,0.07449,0.07521,501373335.0,2023-11-14 04:00:00+00:00
1699948800000,0.0752,0.07567,0.07258,0.0734,1281462871.0,2023-11-14 08:00:00+00:00
1699963200000,0.0734,0.07558,0.07256,0.07406,1995308811.0,2023-11-14 12:00:00+00:00
1699977600000,0.07406,0.07463,0.06835,0.07153,2375502363.0,2023-11-14 16:00:00+00:00
1699992000000,0.07153,0.07282,0.07136,0.07247,618593228.0,2023-11-14 20:00:00+00:00
1700006400000,0.07247,0.0731,0.07228,0.07259,531496977.0,2023-11-15 00:00:00+00:00
1700020800000,0.07259,0.07385,0.07258,0.07363,626288580.0,2023-11-15 04:00:00+00:00
1700035200000,0.07364,0.0749,0.07343,0.07469,919709167.0,2023-11-15 08:00:00+00:00
1700049600000,0.07469,0.07493,0.07394,0.07448,1022192013.0,2023-11-15 12:00:00+00:00
1700064000000,0.07448,0.07555,0.0736,0.07534,1402606276.0,2023-11-15 16:00:00+00:00
1700078400000,0.07534,0.0766,0.07482,0.07629,893249212.0,2023-11-15 20:00:00+00:00
1700092800000,0.07628,0.07743,0.07597,0.07686,877934972.0,2023-11-16 00:00:00+00:00
1700107200000,0.07685,0.08008,0.07639,0.07947,1545189706.0,2023-11-16 04:00:00+00:00
1700121600000,0.07946,0.08354,0.07664,0.08102,5238267526.0,2023-11-16 08:00:00+00:00
1700136000000,0.08102,0.0812,0.076,0.07694,4126603052.0,2023-11-16 12:00:00+00:00
1700150400000,0.07695,0.08102,0.07647,0.0797,3992441664.0,2023-11-16 16:00:00+00:00
1700164800000,0.07969,0.08238,0.07704,0.07949,3893285983.0,2023-11-16 20:00:00+00:00
1700179200000,0.07949,0.08214,0.07911,0.08101,2617047749.0,2023-11-17 00:00:00+00:00
1700193600000,0.081,0.08373,0.08072,0.08271,3052798031.0,2023-11-17 04:00:00+00:00
1700208000000,0.0827,0.08763,0.08213,0.08395,7402905864.0,2023-11-17 08:00:00+00:00
1700222400000,0.08396,0.08487,0.07921,0.08008,6877100699.0,2023-11-17 12:00:00+00:00
1700236800000,0.08008,0.08419,0.07935,0.08299,4426551664.0,2023-11-17 16:00:00+00:00
1700251200000,0.08298,0.0866,0.08211,0.08645,2730569449.0,2023-11-17 20:00:00+00:00
1700265600000,0.08645,0.08667,0.08383,0.08475,2624501827.0,2023-11-18 00:00:00+00:00
1700280000000,0.08476,0.08568,0.08045,0.08358,3173501104.0,2023-11-18 04:00:00+00:00
1700294400000,0.08357,0.08521,0.08324,0.08483,2321665043.0,2023-11-18 08:00:00+00:00
1700308800000,0.08483,0.086,0.0792,0.08103,7932591982.0,2023-11-18 12:00:00+00:00
1700323200000,0.08102,0.08175,0.07952,0.08148,2091161607.0,2023-11-18 16:00:00+00:00
1700337600000,0.08148,0.08156,0.07995,0.08032,946366465.0,2023-11-18 20:00:00+00:00
1700352000000,0.08032,0.08032,0.07739,0.07872,2171603910.0,2023-11-19 00:00:00+00:00
1700366400000,0.07872,0.0795,0.07807,0.07935,1321626658.0,2023-11-19 04:00:00+00:00
1700380800000,0.07936,0.07984,0.07762,0.0782,1382263827.0,2023-11-19 08:00:00+00:00
1700395200000,0.07819,0.0788,0.07759,0.07843,1379912363.0,2023-11-19 12:00:00+00:00
1700409600000,0.07843,0.08052,0.0782,0.08048,1485059070.0,2023-11-19 16:00:00+00:00
1700424000000,0.08048,0.08069,0.0793,0.0805,1203691849.0,2023-11-19 20:00:00+00:00
1700438400000,0.0805,0.08063,0.07963,0.07998,920247918.0,2023-11-20 00:00:00+00:00
1700452800000,0.07999,0.08134,0.0798,0.08106,1026808550.0,2023-11-20 04:00:00+00:00
1700467200000,0.08107,0.08175,0.08021,0.08172,1183939925.0,2023-11-20 08:00:00+00:00
1700481600000,0.08172,0.0823,0.0787,0.0805,2527571440.0,2023-11-20 12:00:00+00:00
1700496000000,0.0805,0.08143,0.07913,0.07963,1848829779.0,2023-11-20 16:00:00+00:00
1700510400000,0.07963,0.07972,0.07642,0.07774,1726806738.0,2023-11-20 20:00:00+00:00
1700524800000,0.07774,0.0788,0.0765,0.07731,1289184958.0,2023-11-21 00:00:00+00:00
1700539200000,0.0773,0.07741,0.07608,0.0763,903927747.0,2023-11-21 04:00:00+00:00
1700553600000,0.07631,0.07755,0.07612,0.07692,729684796.0,2023-11-21 08:00:00+00:00
1700568000000,0.07693,0.07728,0.0736,0.07594,2710222222.0,2023-11-21 12:00:00+00:00
1700582400000,0.07594,0.07639,0.07278,0.07471,2542346082.0,2023-11-21 16:00:00+00:00
1700596800000,0.07472,0.0757,0.0705,0.07176,2148525167.0,2023-11-21 20:00:00+00:00
1700611200000,0.07176,0.07443,0.07153,0.07434,919417079.0,2023-11-22 00:00:00+00:00
1700625600000,0.07435,0.07468,0.07396,0.07424,690116527.0,2023-11-22 04:00:00+00:00
1700640000000,0.07424,0.07476,0.07406,0.07429,504948876.0,2023-11-22 08:00:00+00:00
1700654400000,0.0743,0.07503,0.07382,0.07422,914047768.0,2023-11-22 12:00:00+00:00
1700668800000,0.07421,0.07612,0.07409,0.07582,1202403972.0,2023-11-22 16:00:00+00:00
1700683200000,0.07581,0.07661,0.07504,0.07574,950713946.0,2023-11-22 20:00:00+00:00
1700697600000,0.07574,0.07626,0.07528,0.07596,561219044.0,2023-11-23 00:00:00+00:00
1700712000000,0.07596,0.07625,0.07563,0.07579,403865495.0,2023-11-23 04:00:00+00:00
1700726400000,0.07578,0.0764,0.0754,0.07578,683737616.0,2023-11-23 08:00:00+00:00
1700740800000,0.07579,0.07597,0.07492,0.07506,771902824.0,2023-11-23 12:00:00+00:00
1700755200000,0.07507,0.07612,0.07501,0.07572,459776316.0,2023-11-23 16:00:00+00:00
1700769600000,0.07573,0.0764,0.07568,0.0762,403165748.0,2023-11-23 20:00:00+00:00
1700784000000,0.07621,0.07745,0.07602,0.07709,760894768.0,2023-11-24 00:00:00+00:00
1700798400000,0.07709,0.0778,0.07679,0.07772,505688799.0,2023-11-24 04:00:00+00:00
1700812800000,0.07773,0.07839,0.0773,0.07741,1100066888.0,2023-11-24 08:00:00+00:00
1700827200000,0.07742,0.0782,0.07695,0.07792,1001648672.0,2023-11-24 12:00:00+00:00
1700841600000,0.07792,0.07816,0.07712,0.07738,815239122.0,2023-11-24 16:00:00+00:00
1700856000000,0.07739,0.07866,0.07725,0.07816,773881351.0,2023-11-24 20:00:00+00:00
1700870400000,0.07816,0.07917,0.07773,0.07905,961301177.0,2023-11-25 00:00:00+00:00
1700884800000,0.07905,0.07909,0.0783,0.07887,357580798.0,2023-11-25 04:00:00+00:00
1700899200000,0.07888,0.07905,0.07754,0.07797,566780296.0,2023-11-25 08:00:00+00:00
1700913600000,0.07797,0.0785,0.07782,0.07839,397664993.0,2023-11-25 12:00:00+00:00
1700928000000,0.07839,0.07915,0.07828,0.07863,466929140.0,2023-11-25 16:00:00+00:00
1700942400000,0.07864,0.07901,0.07828,0.07895,387235109.0,2023-11-25 20:00:00+00:00
1700956800000,0.07894,0.07901,0.0781,0.07834,442832678.0,2023-11-26 00:00:00+00:00
1700971200000,0.07834,0.07872,0.07816,0.07826,336730195.0,2023-11-26 04:00:00+00:00
1700985600000,0.07827,0.07832,0.07766,0.07777,432771300.0,2023-11-26 08:00:00+00:00
1701000000000,0.07778,0.07804,0.07709,0.07733,961736159.0,2023-11-26 12:00:00+00:00
1701014400000,0.07733,0.07753,0.07524,0.07702,1320198869.0,2023-11-26 16:00:00+00:00
1701028800000,0.07703,0.07891,0.07685,0.07865,821315336.0,2023-11-26 20:00:00+00:00
1701043200000,0.07865,0.08052,0.0776,0.07824,1604311278.0,2023-11-27 00:00:00+00:00
1701057600000,0.07824,0.08159,0.07816,0.08089,2783817216.0,2023-11-27 04:00:00+00:00
1701072000000,0.08088,0.08148,0.07822,0.07927,1671000767.0,2023-11-27 08:00:00+00:00
1701086400000,0.07928,0.07949,0.07697,0.0772,1492962840.0,2023-11-27 12:00:00+00:00
1701100800000,0.07721,0.07877,0.07686,0.07746,990469959.0,2023-11-27 16:00:00+00:00
1701115200000,0.07746,0.07884,0.07675,0.07883,655517048.0,2023-11-27 20:00:00+00:00
1701129600000,0.07883,0.07931,0.07785,0.07812,790521460.0,2023-11-28 00:00:00+00:00
1701144000000,0.07811,0.07833,0.07667,0.0773,856389754.0,2023-11-28 04:00:00+00:00
1701158400000,0.0773,0.07816,0.0768,0.07803,606134930.0,2023-11-28 08:00:00+00:00
1701172800000,0.07804,0.08046,0.07751,0.08,2724293756.0,2023-11-28 12:00:00+00:00
1701187200000,0.08,0.081,0.07956,0.08031,1757333839.0,2023-11-28 16:00:00+00:00
1701201600000,0.08031,0.08125,0.07996,0.08087,1028328160.0,2023-11-28 20:00:00+00:00
1701216000000,0.08086,0.08128,0.08028,0.08062,944065036.0,2023-11-29 00:00:00+00:00
1701230400000,0.08062,0.08136,0.08053,0.08097,727565775.0,2023-11-29 04:00:00+00:00
1701244800000,0.08097,0.08143,0.07958,0.08142,1028920772.0,2023-11-29 08:00:00+00:00
1701259200000,0.08143,0.08318,0.08006,0.08028,3410811019.0,2023-11-29 12:00:00+00:00
1701273600000,0.08027,0.08147,0.07974,0.08136,1004750400.0,2023-11-29 16:00:00+00:00
1701288000000,0.08136,0.08139,0.08034,0.08047,636688359.0,2023-11-29 20:00:00+00:00
1701302400000,0.08046,0.08167,0.0804,0.08145,945162538.0,2023-11-30 00:00:00+00:00
1701316800000,0.08144,0.08194,0.08109,0.08165,662905948.0,2023-11-30 04:00:00+00:00
1701331200000,0.08164,0.08295,0.08132,0.0818,1178974369.0,2023-11-30 08:00:00+00:00
1701345600000,0.08181,0.0831,0.08141,0.08241,2102892429.0,2023-11-30 12:00:00+00:00
1701360000000,0.0824,0.08444,0.08217,0.08409,1589038110.0,2023-11-30 16:00:00+00:00
1701374400000,0.08409,0.08427,0.08271,0.08347,966669027.0,2023-11-30 20:00:00+00:00
1701388800000,0.08347,0.08418,0.0823,0.08412,1202134169.0,2023-12-01 00:00:00+00:00
1701403200000,0.08413,0.08511,0.08379,0.08424,1583144383.0,2023-12-01 04:00:00+00:00
1701417600000,0.08424,0.08459,0.0837,0.08385,952947812.0,2023-12-01 08:00:00+00:00
1701432000000,0.08386,0.0839,0.08256,0.08298,1085084352.0,2023-12-01 12:00:00+00:00
1701446400000,0.08298,0.08387,0.08271,0.08347,976987295.0,2023-12-01 16:00:00+00:00
1701460800000,0.08347,0.08417,0.08322,0.08385,635678501.0,2023-12-01 20:00:00+00:00
1701475200000,0.08385,0.08441,0.08356,0.08424,657859938.0,2023-12-02 00:00:00+00:00
1701489600000,0.08423,0.08447,0.08378,0.08381,485085287.0,2023-12-02 04:00:00+00:00
1701504000000,0.0838,0.08436,0.08363,0.08386,367034061.0,2023-12-02 08:00:00+00:00
1701518400000,0.08386,0.08464,0.08325,0.08436,730171425.0,2023-12-02 12:00:00+00:00
1701532800000,0.08435,0.086,0.0837,0.08583,1155253372.0,2023-12-02 16:00:00+00:00
1701547200000,0.08582,0.08668,0.08555,0.08623,1301115896.0,2023-12-02 20:00:00+00:00
1701561600000,0.08623,0.0875,0.08534,0.08592,1146449455.0,2023-12-03 00:00:00+00:00
1701576000000,0.08593,0.08603,0.08502,0.08546,525193298.0,2023-12-03 04:00:00+00:00
1701590400000,0.08547,0.08555,0.08448,0.08485,611422873.0,2023-12-03 08:00:00+00:00
1701604800000,0.08485,0.08502,0.08359,0.08404,949913871.0,2023-12-03 12:00:00+00:00
1701619200000,0.08404,0.08558,0.08375,0.08538,919331184.0,2023-12-03 16:00:00+00:00
1701633600000,0.08538,0.08638,0.08455,0.08574,1516075954.0,2023-12-03 20:00:00+00:00
1701648000000,0.08575,0.08695,0.08536,0.08642,1043127519.0,2023-12-04 00:00:00+00:00
1701662400000,0.08642,0.09139,0.08642,0.09062,3505427428.0,2023-12-04 04:00:00+00:00
1701676800000,0.09062,0.09089,0.08462,0.08761,3089960918.0,2023-12-04 08:00:00+00:00
1701691200000,0.08761,0.08948,0.08622,0.08939,2323221304.0,2023-12-04 12:00:00+00:00
1701705600000,0.08939,0.08943,0.08825,0.08894,1176479057.0,2023-12-04 16:00:00+00:00
1701720000000,0.08893,0.09271,0.08854,0.09197,1815638518.0,2023-12-04 20:00:00+00:00
1701734400000,0.09198,0.09244,0.0892,0.09024,1356712877.0,2023-12-05 00:00:00+00:00
1701748800000,0.09023,0.09034,0.08726,0.08849,1301420593.0,2023-12-05 04:00:00+00:00
1701763200000,0.08849,0.08889,0.0875,0.08871,857086203.0,2023-12-05 08:00:00+00:00
1701777600000,0.0887,0.09029,0.08862,0.08982,1399547617.0,2023-12-05 12:00:00+00:00
1701792000000,0.08982,0.09594,0.08936,0.09486,4377807701.0,2023-12-05 16:00:00+00:00
1701806400000,0.09487,0.09525,0.0925,0.09439,1757851250.0,2023-12-05 20:00:00+00:00
1701820800000,0.0944,0.09681,0.09344,0.09504,2006395961.0,2023-12-06 00:00:00+00:00
1701835200000,0.09504,0.10659,0.09498,0.10272,7386133420.0,2023-12-06 04:00:00+00:00
1701849600000,0.10272,0.1045,0.09801,0.10015,5335241262.0,2023-12-06 08:00:00+00:00
1701864000000,0.10015,0.10476,0.09989,0.10084,3918303643.0,2023-12-06 12:00:00+00:00
1701878400000,0.10084,0.1014,0.09815,0.09928,2301260107.0,2023-12-06 16:00:00+00:00
1701892800000,0.09928,0.09958,0.09427,0.095,2587329398.0,2023-12-06 20:00:00+00:00
1701907200000,0.09501,0.09783,0.09468,0.09721,1723560754.0,2023-12-07 00:00:00+00:00
1701921600000,0.09721,0.09838,0.09655,0.0977,1192471854.0,2023-12-07 04:00:00+00:00
1701936000000,0.0977,0.0981,0.093,0.09457,2595233339.0,2023-12-07 08:00:00+00:00
1701950400000,0.09457,0.09692,0.09389,0.09633,1805895943.0,2023-12-07 12:00:00+00:00
1701964800000,0.09634,0.09726,0.0941,0.09414,1831134930.0,2023-12-07 16:00:00+00:00
1701979200000,0.09415,0.09625,0.09303,0.09595,1849820605.0,2023-12-07 20:00:00+00:00
1701993600000,0.09595,0.09705,0.09563,0.09667,919355368.0,2023-12-08 00:00:00+00:00
1702008000000,0.09667,0.09827,0.09613,0.09751,1185336956.0,2023-12-08 04:00:00+00:00
1702022400000,0.0975,0.09812,0.09651,0.09794,982858942.0,2023-12-08 08:00:00+00:00
1702036800000,0.09794,0.0988,0.097,0.09795,1528763284.0,2023-12-08 12:00:00+00:00
1702051200000,0.09795,0.1007,0.09748,0.10037,1390065522.0,2023-12-08 16:00:00+00:00
1702065600000,0.10036,0.10399,0.10001,0.10174,2214301356.0,2023-12-08 20:00:00+00:00
1702080000000,0.10173,0.10344,0.101,0.10303,1331378540.0,2023-12-09 00:00:00+00:00
1702094400000,0.10303,0.10498,0.10247,0.10485,1195496570.0,2023-12-09 04:00:00+00:00
1702108800000,0.10484,0.10495,0.10057,0.10198,2124041434.0,2023-12-09 08:00:00+00:00
1702123200000,0.10198,0.10269,0.09894,0.10125,1929330641.0,2023-12-09 12:00:00+00:00
1702137600000,0.10125,0.1026,0.09854,0.10031,1257945636.0,2023-12-09 16:00:00+00:00
1702152000000,0.10031,0.10092,0.09727,0.09856,932873107.0,2023-12-09 20:00:00+00:00
1702166400000,0.09856,0.10043,0.09856,0.1003,639464139.0,2023-12-10 00:00:00+00:00
1702180800000,0.1003,0.10183,0.09922,0.10013,808922672.0,2023-12-10 04:00:00+00:00
1702195200000,0.10013,0.1003,0.09669,0.09844,1168279115.0,2023-12-10 08:00:00+00:00
1702209600000,0.09845,0.10103,0.09834,0.10079,1033332242.0,2023-12-10 12:00:00+00:00
1702224000000,0.1008,0.10264,0.09981,0.10214,994024299.0,2023-12-10 16:00:00+00:00
1702238400000,0.10214,0.10284,0.10131,0.10197,817658353.0,2023-12-10 20:00:00+00:00
1702252800000,0.10197,0.10758,0.08902,0.10098,7219109114.0,2023-12-11 00:00:00+00:00
1702267200000,0.10097,0.10266,0.09631,0.09703,2783183327.0,2023-12-11 04:00:00+00:00
1702281600000,0.09703,0.09944,0.09597,0.09891,1248048541.0,2023-12-11 08:00:00+00:00
1702296000000,0.09892,0.09898,0.094,0.09542,2135372628.0,2023-12-11 12:00:00+00:00
1702310400000,0.09542,0.09556,0.09105,0.09379,2812824441.0,2023-12-11 16:00:00+00:00
1702324800000,0.09379,0.09511,0.0931,0.09413,992458566.0,2023-12-11 20:00:00+00:00
1702339200000,0.09413,0.09809,0.09403,0.09625,1640353216.0,2023-12-12 00:00:00+00:00
1702353600000,0.09625,0.09721,0.09456,0.09688,1040026492.0,2023-12-12 04:00:00+00:00
1702368000000,0.09687,0.0976,0.09528,0.09534,963084733.0,2023-12-12 08:00:00+00:00
1702382400000,0.09535,0.09687,0.0933,0.09414,1677537546.0,2023-12-12 12:00:00+00:00
1702396800000,0.09414,0.09445,0.0913,0.09259,1736359686.0,2023-12-12 16:00:00+00:00
1702411200000,0.09258,0.09413,0.09161,0.09385,816478356.0,2023-12-12 20:00:00+00:00
1702425600000,0.09384,0.0945,0.09013,0.09105,1594935724.0,2023-12-13 00:00:00+00:00
1702440000000,0.09106,0.09217,0.08973,0.09159,1120182231.0,2023-12-13 04:00:00+00:00
1702454400000,0.0916,0.09326,0.09153,0.09223,753639423.0,2023-12-13 08:00:00+00:00
1702468800000,0.09222,0.0937,0.09182,0.09304,1336646287.0,2023-12-13 12:00:00+00:00
1702483200000,0.09304,0.09524,0.09237,0.09491,922766146.0,2023-12-13 16:00:00+00:00
1702497600000,0.0949,0.09759,0.0947,0.09647,1258292330.0,2023-12-13 20:00:00+00:00
1702512000000,0.09647,0.09683,0.0952,0.0957,828476320.0,2023-12-14 00:00:00+00:00
1702526400000,0.09571,0.09705,0.0952,0.0964,656854801.0,2023-12-14 04:00:00+00:00
1702540800000,0.0964,0.09788,0.09603,0.09779,721327466.0,2023-12-14 08:00:00+00:00
1702555200000,0.0978,0.09784,0.0929,0.09558,1782329451.0,2023-12-14 12:00:00+00:00
1702569600000,0.09558,0.09881,0.09555,0.09724,1377923781.0,2023-12-14 16:00:00+00:00
1702584000000,0.09723,0.09869,0.09657,0.09837,590503918.0,2023-12-14 20:00:00+00:00
1702598400000,0.09837,0.09887,0.0971,0.09753,665348578.0,2023-12-15 00:00:00+00:00
1702612800000,0.09753,0.09769,0.09583,0.09603,588209991.0,2023-12-15 04:00:00+00:00
1702627200000,0.09603,0.09714,0.09564,0.09609,603955632.0,2023-12-15 08:00:00+00:00
1702641600000,0.09609,0.09624,0.09317,0.09402,1282700307.0,2023-12-15 12:00:00+00:00
1702656000000,0.09401,0.0954,0.09358,0.09498,708670285.0,2023-12-15 16:00:00+00:00
1702670400000,0.09498,0.0953,0.0921,0.09305,676383942.0,2023-12-15 20:00:00+00:00
1702684800000,0.09305,0.09407,0.09162,0.09405,833199895.0,2023-12-16 00:00:00+00:00
1702699200000,0.09404,0.09434,0.09349,0.09383,376987625.0,2023-12-16 04:00:00+00:00
1702713600000,0.09384,0.09463,0.09356,0.09462,429791172.0,2023-12-16 08:00:00+00:00
1702728000000,0.09462,0.09512,0.09384,0.09508,711648323.0,2023-12-16 12:00:00+00:00
1702742400000,0.09508,0.09548,0.09359,0.09439,869153307.0,2023-12-16 16:00:00+00:00
1702756800000,0.09439,0.0973,0.09428,0.09715,1404593963.0,2023-12-16 20:00:00+00:00
1702771200000,0.09715,0.0979,0.09486,0.09525,912714684.0,2023-12-17 00:00:00+00:00
1702785600000,0.09524,0.096,0.09336,0.09393,827347249.0,2023-12-17 04:00:00+00:00
1702800000000,0.09393,0.0956,0.09364,0.09533,563908069.0,2023-12-17 08:00:00+00:00
1702814400000,0.09533,0.09543,0.09319,0.09465,780737369.0,2023-12-17 12:00:00+00:00
1702828800000,0.09464,0.09671,0.09435,0.09514,819591512.0,2023-12-17 16:00:00+00:00
1702843200000,0.09515,0.09554,0.0924,0.09299,704974231.0,2023-12-17 20:00:00+00:00
1702857600000,0.093,0.09384,0.09094,0.09196,1070309607.0,2023-12-18 00:00:00+00:00
1702872000000,0.09197,0.09229,0.09065,0.09094,585519472.0,2023-12-18 04:00:00+00:00
1702886400000,0.09094,0.09145,0.08637,0.08841,2685259071.0,2023-12-18 08:00:00+00:00
1702900800000,0.0884,0.09023,0.08728,0.08909,1099617278.0,2023-12-18 12:00:00+00:00
1702915200000,0.08909,0.09058,0.08854,0.09037,633848026.0,2023-12-18 16:00:00+00:00
1702929600000,0.09036,0.09238,0.0898,0.09215,747208997.0,2023-12-18 20:00:00+00:00
1702944000000,0.09214,0.09355,0.09172,0.09236,765586787.0,2023-12-19 00:00:00+00:00
1702958400000,0.09237,0.09336,0.09231,0.0932,549174609.0,2023-12-19 04:00:00+00:00
1702972800000,0.09321,0.09348,0.09214,0.09228,564258488.0,2023-12-19 08:00:00+00:00
1702987200000,0.09228,0.09245,0.0903,0.09136,1055736677.0,2023-12-19 12:00:00+00:00
1703001600000,0.09135,0.09172,0.0893,0.09038,1015909838.0,2023-12-19 16:00:00+00:00
1703016000000,0.09038,0.09132,0.08988,0.09025,573589188.0,2023-12-19 20:00:00+00:00
1703030400000,0.09026,0.09104,0.08964,0.09065,640448382.0,2023-12-20 00:00:00+00:00
1703044800000,0.09065,0.09172,0.09002,0.09043,732512421.0,2023-12-20 04:00:00+00:00
1703059200000,0.09043,0.09087,0.08949,0.09064,675335292.0,2023-12-20 08:00:00+00:00
1703073600000,0.09064,0.09343,0.09015,0.09303,1434386835.0,2023-12-20 12:00:00+00:00
1703088000000,0.09303,0.0934,0.0913,0.09171,1095415180.0,2023-12-20 16:00:00+00:00
1703102400000,0.09171,0.09188,0.09,0.09158,947838890.0,2023-12-20 20:00:00+00:00
1703116800000,0.09158,0.0919,0.09071,0.09155,463541199.0,2023-12-21 00:00:00+00:00
1703131200000,0.09156,0.09188,0.0909,0.09158,474004612.0,2023-12-21 04:00:00+00:00
1703145600000,0.09158,0.09291,0.09113,0.09249,664855229.0,2023-12-21 08:00:00+00:00
1703160000000,0.09248,0.09297,0.09074,0.09141,984790467.0,2023-12-21 12:00:00+00:00
1703174400000,0.0914,0.0935,0.09101,0.09323,954675846.0,2023-12-21 16:00:00+00:00
1703188800000,0.09323,0.0981,0.09316,0.09509,4401569125.0,2023-12-21 20:00:00+00:00
1703203200000,0.09509,0.0957,0.09324,0.09378,968869326.0,2023-12-22 00:00:00+00:00
1703217600000,0.09378,0.09445,0.09208,0.09268,1241170695.0,2023-12-22 04:00:00+00:00
1703232000000,0.09268,0.09355,0.092,0.0934,875314204.0,2023-12-22 08:00:00+00:00
1703246400000,0.0934,0.09413,0.09241,0.09388,948633506.0,2023-12-22 12:00:00+00:00
1703260800000,0.09387,0.09512,0.0935,0.09358,903571546.0,2023-12-22 16:00:00+00:00
1703275200000,0.09358,0.09539,0.09346,0.09505,557176281.0,2023-12-22 20:00:00+00:00
1703289600000,0.09505,0.09512,0.09212,0.09248,915037100.0,2023-12-23 00:00:00+00:00
1703304000000,0.09247,0.09331,0.09207,0.09264,423810719.0,2023-12-23 04:00:00+00:00
1703318400000,0.09264,0.09326,0.09237,0.09279,344505938.0,2023-12-23 08:00:00+00:00
1703332800000,0.09279,0.09347,0.09272,0.0931,486829141.0,2023-12-23 12:00:00+00:00
1703347200000,0.0931,0.09353,0.09275,0.09308,343947272.0,2023-12-23 16:00:00+00:00
1703361600000,0.09309,0.09393,0.09273,0.09353,331342639.0,2023-12-23 20:00:00+00:00
1703376000000,0.09352,0.0946,0.09314,0.09438,586712101.0,2023-12-24 00:00:00+00:00
1703390400000,0.09439,0.09466,0.09205,0.09347,803715656.0,2023-12-24 04:00:00+00:00
1703404800000,0.09347,0.09498,0.09306,0.09445,1327727000.0,2023-12-24 08:00:00+00:00
1703419200000,0.09445,0.09492,0.09368,0.09382,668890921.0,2023-12-24 12:00:00+00:00
1703433600000,0.09384,0.09426,0.09339,0.09423,430757144.0,2023-12-24 16:00:00+00:00
1703448000000,0.09423,0.09427,0.09022,0.09176,1180253423.0,2023-12-24 20:00:00+00:00
1703462400000,0.09176,0.09309,0.09127,0.09254,719411967.0,2023-12-25 00:00:00+00:00
1703476800000,0.09254,0.09307,0.09232,0.09267,282236652.0,2023-12-25 04:00:00+00:00
1703491200000,0.09268,0.0934,0.09261,0.09316,578559816.0,2023-12-25 08:00:00+00:00
1703505600000,0.09315,0.09414,0.0929,0.09385,752082460.0,2023-12-25 12:00:00+00:00
1703520000000,0.09384,0.09564,0.09357,0.09421,1000026272.0,2023-12-25 16:00:00+00:00
1703534400000,0.09421,0.09504,0.0933,0.09445,594131042.0,2023-12-25 20:00:00+00:00
1703548800000,0.09445,0.09456,0.0935,0.09413,396411401.0,2023-12-26 00:00:00+00:00
1703563200000,0.09413,0.0942,0.09121,0.09276,1253109273.0,2023-12-26 04:00:00+00:00
1703577600000,0.09275,0.09301,0.09153,0.09289,649612475.0,2023-12-26 08:00:00+00:00
1703592000000,0.09289,0.09339,0.09131,0.09161,712055557.0,2023-12-26 12:00:00+00:00
1703606400000,0.09162,0.09251,0.0855,0.09024,2029492860.0,2023-12-26 16:00:00+00:00
1703620800000,0.09023,0.0917,0.0901,0.09143,460582209.0,2023-12-26 20:00:00+00:00
1703635200000,0.09144,0.09156,0.08959,0.09022,689478226.0,2023-12-27 00:00:00+00:00
1703649600000,0.09023,0.09209,0.09015,0.09195,590939275.0,2023-12-27 04:00:00+00:00
1703664000000,0.09194,0.09282,0.09138,0.09242,777074194.0,2023-12-27 08:00:00+00:00
1703678400000,0.09243,0.09389,0.0918,0.09336,931220804.0,2023-12-27 12:00:00+00:00
1703692800000,0.09336,0.09395,0.09291,0.09349,646846039.0,2023-12-27 16:00:00+00:00
1703707200000,0.09349,0.09397,0.09275,0.09378,514786650.0,2023-12-27 20:00:00+00:00
1703721600000,0.09378,0.0951,0.09351,0.09484,1066133302.0,2023-12-28 00:00:00+00:00
1703736000000,0.09485,0.09495,0.09295,0.09355,810446505.0,2023-12-28 04:00:00+00:00
1703750400000,0.09355,0.09407,0.09304,0.09353,437744522.0,2023-12-28 08:00:00+00:00
1703764800000,0.09353,0.09371,0.09108,0.09143,1643423024.0,2023-12-28 12:00:00+00:00
1703779200000,0.09143,0.09223,0.09124,0.09199,518877797.0,2023-12-28 16:00:00+00:00
1703793600000,0.09199,0.09231,0.09115,0.0918,374744542.0,2023-12-28 20:00:00+00:00
1703808000000,0.09181,0.09247,0.08976,0.09207,941583910.0,2023-12-29 00:00:00+00:00
1703822400000,0.09207,0.09256,0.0911,0.09139,419990453.0,2023-12-29 04:00:00+00:00
1703836800000,0.09139,0.09309,0.0913,0.09272,630245391.0,2023-12-29 08:00:00+00:00
1703851200000,0.09272,0.0931,0.09068,0.09166,781394636.0,2023-12-29 12:00:00+00:00
1703865600000,0.09166,0.09174,0.09005,0.09137,1038754230.0,2023-12-29 16:00:00+00:00
1703880000000,0.09138,0.09138,0.08754,0.09103,728821239.0,2023-12-29 20:00:00+00:00
1703894400000,0.09102,0.09151,0.09046,0.09069,399846181.0,2023-12-30 00:00:00+00:00
1703908800000,0.09069,0.09106,0.09006,0.09055,394594846.0,2023-12-30 04:00:00+00:00
1703923200000,0.09054,0.09063,0.08925,0.08999,496914373.0,2023-12-30 08:00:00+00:00
1703937600000,0.08999,0.09101,0.08967,0.09089,363794221.0,2023-12-30 12:00:00+00:00
1703952000000,0.0909,0.09121,0.09062,0.09066,310270666.0,2023-12-30 16:00:00+00:00
1703966400000,0.09066,0.09077,0.0897,0.09007,262272494.0,2023-12-30 20:00:00+00:00
1703980800000,0.09007,0.09059,0.08927,0.08974,333256446.0,2023-12-31 00:00:00+00:00
1703995200000,0.08974,0.09094,0.08962,0.09057,219388929.0,2023-12-31 04:00:00+00:00
1704009600000,0.09057,0.091,0.09033,0.0905,250927593.0,2023-12-31 08:00:00+00:00
1704024000000,0.09051,0.09085,0.0899,0.09019,333989917.0,2023-12-31 12:00:00+00:00
1704038400000,0.09019,0.09092,0.09011,0.09038,295096436.0,2023-12-31 16:00:00+00:00
1704052800000,0.09038,0.0904,0.088,0.08957,593719509.0,2023-12-31 20:00:00+00:00
1704067200000,0.08958,0.09033,0.08907,0.08928,360971941.0,2024-01-01 00:00:00+00:00
1704081600000,0.08929,0.08982,0.08852,0.08972,363015383.0,2024-01-01 04:00:00+00:00
1704096000000,0.08971,0.09021,0.08948,0.09002,238780000.0,2024-01-01 08:00:00+00:00
1704110400000,0.09003,0.09129,0.09003,0.09114,392480778.0,2024-01-01 12:00:00+00:00
1704124800000,0.09114,0.092,0.09074,0.09191,451745127.0,2024-01-01 16:00:00+00:00
1704139200000,0.09191,0.0922,0.0914,0.09209,397901734.0,2024-01-01 20:00:00+00:00
1704153600000,0.09208,0.09362,0.09189,0.09319,860804712.0,2024-01-02 00:00:00+00:00
1704168000000,0.09318,0.0942,0.09269,0.09355,656452149.0,2024-01-02 04:00:00+00:00
1704182400000,0.09355,0.0945,0.09258,0.09307,946272633.0,2024-01-02 08:00:00+00:00
1704196800000,0.09307,0.09322,0.09085,0.09158,1223399548.0,2024-01-02 12:00:00+00:00
1704211200000,0.09158,0.09204,0.09102,0.09142,528844404.0,2024-01-02 16:00:00+00:00
1704225600000,0.09143,0.09177,0.0904,0.09115,584894877.0,2024-01-02 20:00:00+00:00
1704240000000,0.09116,0.09204,0.09107,0.09147,369026687.0,2024-01-03 00:00:00+00:00
1704254400000,0.09146,0.09199,0.0913,0.09171,397517629.0,2024-01-03 04:00:00+00:00
1704268800000,0.09171,0.09222,0.08852,0.08961,1225688913.0,2024-01-03 08:00:00+00:00
1704283200000,0.08961,0.08962,0.07358,0.08243,6066748197.0,2024-01-03 12:00:00+00:00
1704297600000,0.08244,0.08281,0.08045,0.08162,1441158904.0,2024-01-03 16:00:00+00:00
1704312000000,0.08162,0.08287,0.08152,0.08197,615164698.0,2024-01-03 20:00:00+00:00
1704326400000,0.08198,0.08264,0.08091,0.0821,728793589.0,2024-01-04 00:00:00+00:00
1704340800000,0.08211,0.083,0.0819,0.08226,623868586.0,2024-01-04 04:00:00+00:00
1704355200000,0.08227,0.0831,0.08143,0.08263,834987488.0,2024-01-04 08:00:00+00:00
1704369600000,0.08263,0.08459,0.08224,0.08404,1241301257.0,2024-01-04 12:00:00+00:00
1704384000000,0.08405,0.0843,0.0831,0.0838,670917373.0,2024-01-04 16:00:00+00:00
1704398400000,0.0838,0.08466,0.0838,0.084,508143944.0,2024-01-04 20:00:00+00:00
1704412800000,0.084,0.08482,0.07855,0.08295,1629237278.0,2024-01-05 00:00:00+00:00
1704427200000,0.08294,0.08329,0.08244,0.08281,498551717.0,2024-01-05 04:00:00+00:00
1704441600000,0.0828,0.08403,0.08198,0.08219,929930462.0,2024-01-05 08:00:00+00:00
1704456000000,0.08219,0.08277,0.08092,0.08193,1254398364.0,2024-01-05 12:00:00+00:00
1704470400000,0.08193,0.0823,0.08022,0.08159,1242825174.0,2024-01-05 16:00:00+00:00
1704484800000,0.08159,0.08316,0.08158,0.08266,732342755.0,2024-01-05 20:00:00+00:00
1704499200000,0.08267,0.08268,0.08175,0.0821,456079720.0,2024-01-06 00:00:00+00:00
1704513600000,0.0821,0.08235,0.0783,0.08017,1801514077.0,2024-01-06 04:00:00+00:00
1704528000000,0.08016,0.08072,0.07976,0.08063,416427226.0,2024-01-06 08:00:00+00:00
1704542400000,0.08062,0.0819,0.08012,0.08149,719211685.0,2024-01-06 12:00:00+00:00
1704556800000,0.08149,0.0818,0.08049,0.08081,442875947.0,2024-01-06 16:00:00+00:00
1704571200000,0.08081,0.08107,0.07971,0.08058,407929226.0,2024-01-06 20:00:00+00:00
1704585600000,0.08057,0.08147,0.08031,0.08077,412455178.0,2024-01-07 00:00:00+00:00
1704600000000,0.08077,0.08151,0.08058,0.08073,581525051.0,2024-01-07 04:00:00+00:00
1704614400000,0.08073,0.08122,0.07946,0.08006,596798679.0,2024-01-07 08:00:00+00:00
1704628800000,0.08006,0.08075,0.07923,0.07943,599405471.0,2024-01-07 12:00:00+00:00
1704643200000,0.07943,0.08021,0.07899,0.08006,729714744.0,2024-01-07 16:00:00+00:00
1704657600000,0.08006,0.08013,0.07695,0.07821,1104660293.0,2024-01-07 20:00:00+00:00
1704672000000,0.0782,0.07897,0.07408,0.07589,2368441337.0,2024-01-08 00:00:00+00:00
1704686400000,0.07589,0.07866,0.07555,0.07761,1007619653.0,2024-01-08 04:00:00+00:00
1704700800000,0.07761,0.07838,0.07679,0.0783,630789563.0,2024-01-08 08:00:00+00:00
1704715200000,0.0783,0.07965,0.0779,0.07908,1134683096.0,2024-01-08 12:00:00+00:00
1704729600000,0.07908,0.08119,0.07883,0.08114,940838335.0,2024-01-08 16:00:00+00:00
1704744000000,0.08113,0.08176,0.08001,0.08134,671021547.0,2024-01-08 20:00:00+00:00
1704758400000,0.08133,0.08175,0.07923,0.07996,953424434.0,2024-01-09 00:00:00+00:00
1704772800000,0.07996,0.08133,0.07987,0.08049,616606320.0,2024-01-09 04:00:00+00:00
1704787200000,0.08048,0.08049,0.07833,0.07899,845389281.0,2024-01-09 08:00:00+00:00
1704801600000,0.07899,0.07921,0.07608,0.07825,1651003600.0,2024-01-09 12:00:00+00:00
1704816000000,0.07824,0.08405,0.077,0.07983,4529387920.0,2024-01-09 16:00:00+00:00
1704830400000,0.07983,0.08288,0.07679,0.07923,3174119185.0,2024-01-09 20:00:00+00:00
1704844800000,0.07922,0.08085,0.07905,0.07988,745069087.0,2024-01-10 00:00:00+00:00
1704859200000,0.07988,0.08008,0.07816,0.07863,645408785.0,2024-01-10 04:00:00+00:00
1704873600000,0.07863,0.0797,0.07771,0.07915,793940351.0,2024-01-10 08:00:00+00:00
1704888000000,0.07915,0.07936,0.07617,0.07835,1500114119.0,2024-01-10 12:00:00+00:00
1704902400000,0.07834,0.0793,0.07764,0.07918,824669541.0,2024-01-10 16:00:00+00:00
1704916800000,0.07917,0.08498,0.0768,0.08309,2761688027.0,2024-01-10 20:00:00+00:00
1704931200000,0.0831,0.08469,0.08225,0.08407,1101512705.0,2024-01-11 00:00:00+00:00
1704945600000,0.08407,0.08458,0.08202,0.08382,902313107.0,2024-01-11 04:00:00+00:00
1704960000000,0.08381,0.08616,0.0836,0.08597,1041875129.0,2024-01-11 08:00:00+00:00
1704974400000,0.08596,0.08795,0.08411,0.08494,2917031588.0,2024-01-11 12:00:00+00:00
1704988800000,0.08495,0.08554,0.08296,0.08526,1168827239.0,2024-01-11 16:00:00+00:00
1705003200000,0.08525,0.08569,0.08384,0.08457,570116047.0,2024-01-11 20:00:00+00:00
1705017600000,0.08457,0.08495,0.08319,0.08359,646125853.0,2024-01-12 00:00:00+00:00
1705032000000,0.08359,0.08503,0.08343,0.0841,605489138.0,2024-01-12 04:00:00+00:00
1705046400000,0.0841,0.08506,0.08328,0.08469,674399841.0,2024-01-12 08:00:00+00:00
1705060800000,0.08468,0.08552,0.08241,0.08272,1219149383.0,2024-01-12 12:00:00+00:00
1705075200000,0.08272,0.08307,0.07955,0.08162,1557021916.0,2024-01-12 16:00:00+00:00
1705089600000,0.08161,0.08198,0.07678,0.08008,1262491564.0,2024-01-12 20:00:00+00:00
1705104000000,0.08008,0.08046,0.07858,0.08021,584143692.0,2024-01-13 00:00:00+00:00
1705118400000,0.08021,0.08108,0.08009,0.0808,273267252.0,2024-01-13 04:00:00+00:00
1705132800000,0.0808,0.08103,0.07965,0.08023,594622660.0,2024-01-13 08:00:00+00:00
1705147200000,0.08023,0.08139,0.07991,0.0812,470418498.0,2024-01-13 12:00:00+00:00
1705161600000,0.0812,0.0813,0.08059,0.08102,393645726.0,2024-01-13 16:00:00+00:00
1705176000000,0.08101,0.08126,0.08054,0.08093,358747360.0,2024-01-13 20:00:00+00:00
1705190400000,0.08093,0.08111,0.08022,0.08072,359665170.0,2024-01-14 00:00:00+00:00
1705204800000,0.08071,0.08282,0.0803,0.08252,688047383.0,2024-01-14 04:00:00+00:00
1705219200000,0.08252,0.08394,0.08162,0.08304,1548471570.0,2024-01-14 08:00:00+00:00
1705233600000,0.08304,0.08312,0.08188,0.08202,599048692.0,2024-01-14 12:00:00+00:00
1705248000000,0.08202,0.08243,0.08069,0.08085,690263189.0,2024-01-14 16:00:00+00:00
1705262400000,0.08085,0.08139,0.07965,0.08003,834042138.0,2024-01-14 20:00:00+00:00
1705276800000,0.08002,0.08148,0.07997,0.08118,420099583.0,2024-01-15 00:00:00+00:00
1705291200000,0.08118,0.08165,0.08053,0.08091,397501983.0,2024-01-15 04:00:00+00:00
1705305600000,0.08091,0.0818,0.08065,0.08159,381765076.0,2024-01-15 08:00:00+00:00
1705320000000,0.08159,0.08169,0.07986,0.08031,654446220.0,2024-01-15 12:00:00+00:00
1705334400000,0.0803,0.08178,0.08016,0.08118,436175355.0,2024-01-15 16:00:00+00:00
1705348800000,0.08118,0.08138,0.07996,0.08108,486980451.0,2024-01-15 20:00:00+00:00
1705363200000,0.08108,0.08176,0.08086,0.0812,478354894.0,2024-01-16 00:00:00+00:00
1705377600000,0.0812,0.08132,0.08024,0.08097,407999337.0,2024-01-16 04:00:00+00:00
1705392000000,0.08097,0.0826,0.08085,0.08162,740086094.0,2024-01-16 08:00:00+00:00
1705406400000,0.08161,0.08224,0.07984,0.08134,962478734.0,2024-01-16 12:00:00+00:00
1705420800000,0.08134,0.08164,0.08091,0.08139,394745932.0,2024-01-16 16:00:00+00:00
1705435200000,0.08139,0.08187,0.08124,0.08136,304713312.0,2024-01-16 20:00:00+00:00
1705449600000,0.08136,0.08162,0.08119,0.08124,274078502.0,2024-01-17 00:00:00+00:00
1705464000000,0.08124,0.0814,0.08034,0.08043,397997427.0,2024-01-17 04:00:00+00:00
1705478400000,0.08043,0.08115,0.08021,0.08063,411421067.0,2024-01-17 08:00:00+00:00
1705492800000,0.08063,0.08088,0.07988,0.08008,682117664.0,2024-01-17 12:00:00+00:00
1705507200000,0.08009,0.08069,0.0793,0.08048,488151638.0,2024-01-17 16:00:00+00:00
1705521600000,0.08048,0.08064,0.07971,0.0806,260306408.0,2024-01-17 20:00:00+00:00
1705536000000,0.08059,0.08081,0.08008,0.08025,332421423.0,2024-01-18 00:00:00+00:00
1705550400000,0.08026,0.08083,0.08016,0.08073,274174930.0,2024-01-18 04:00:00+00:00
1705564800000,0.08072,0.08076,0.07981,0.08019,339151654.0,2024-01-18 08:00:00+00:00
1705579200000,0.08019,0.08026,0.07914,0.0801,549883575.0,2024-01-18 12:00:00+00:00
1705593600000,0.0801,0.08016,0.07683,0.07756,1536146467.0,2024-01-18 16:00:00+00:00
1705608000000,0.07755,0.07833,0.07738,0.07809,534595543.0,2024-01-18 20:00:00+00:00
1705622400000,0.07808,0.07828,0.07633,0.07744,713163551.0,2024-01-19 00:00:00+00:00
1705636800000,0.07745,0.07832,0.07733,0.07813,261661995.0,2024-01-19 04:00:00+00:00
1705651200000,0.07814,0.07852,0.07788,0.07821,337250917.0,2024-01-19 08:00:00+00:00
1705665600000,0.07821,0.07866,0.07707,0.07745,742379522.0,2024-01-19 12:00:00+00:00
1705680000000,0.07745,0.07851,0.07479,0.07843,1658666011.0,2024-01-19 16:00:00+00:00
1705694400000,0.07843,0.07886,0.07793,0.07858,393793954.0,2024-01-19 20:00:00+00:00
1705708800000,0.07858,0.07903,0.07824,0.07853,454251508.0,2024-01-20 00:00:00+00:00
1705723200000,0.07854,0.07961,0.07821,0.07927,588483939.0,2024-01-20 04:00:00+00:00
1705737600000,0.07928,0.07952,0.07845,0.07926,461028297.0,2024-01-20 08:00:00+00:00
1705752000000,0.07926,0.07963,0.07897,0.07922,350027213.0,2024-01-20 12:00:00+00:00
1705766400000,0.07922,0.08251,0.0791,0.08233,1053941955.0,2024-01-20 16:00:00+00:00
1705780800000,0.08233,0.09056,0.08192,0.08776,5153243799.0,2024-01-20 20:00:00+00:00
1705795200000,0.08776,0.09048,0.0864,0.08681,4221276506.0,2024-01-21 00:00:00+00:00
1705809600000,0.08682,0.08711,0.08469,0.08585,2011823607.0,2024-01-21 04:00:00+00:00
1705824000000,0.08584,0.08725,0.08508,0.08694,1334100929.0,2024-01-21 08:00:00+00:00
1705838400000,0.08694,0.08891,0.08613,0.08722,1890298982.0,2024-01-21 12:00:00+00:00
1705852800000,0.08722,0.08734,0.08569,0.08643,956198908.0,2024-01-21 16:00:00+00:00
1705867200000,0.08643,0.08648,0.08472,0.08547,795821696.0,2024-01-21 20:00:00+00:00
1705881600000,0.08548,0.08563,0.08255,0.08331,1500086082.0,2024-01-22 00:00:00+00:00
1705896000000,0.08332,0.0842,0.0822,0.08339,876672836.0,2024-01-22 04:00:00+00:00
1705910400000,0.08339,0.0837,0.08145,0.08338,1371261174.0,2024-01-22 08:00:00+00:00
1705924800000,0.08338,0.08471,0.08299,0.0841,1704802924.0,2024-01-22 12:00:00+00:00
1705939200000,0.0841,0.0849,0.08004,0.08192,1875790034.0,2024-01-22 16:00:00+00:00
1705953600000,0.08192,0.0826,0.0801,0.08055,812814122.0,2024-01-22 20:00:00+00:00
1705968000000,0.08056,0.08188,0.08043,0.08091,705099334.0,2024-01-23 00:00:00+00:00
1705982400000,0.0809,0.08136,0.07943,0.07978,755558683.0,2024-01-23 04:00:00+00:00
1705996800000,0.07978,0.08005,0.07587,0.07733,2348553820.0,2024-01-23 08:00:00+00:00
1706011200000,0.07732,0.07783,0.076,0.07753,1095958455.0,2024-01-23 12:00:00+00:00
1706025600000,0.07752,0.07788,0.07654,0.07662,606845216.0,2024-01-23 16:00:00+00:00
1706040000000,0.07662,0.07825,0.07632,0.07817,542178915.0,2024-01-23 20:00:00+00:00
1706054400000,0.07816,0.07889,0.0776,0.07785,598330162.0,2024-01-24 00:00:00+00:00
1706068800000,0.07785,0.08006,0.07782,0.07955,1021744085.0,2024-01-24 04:00:00+00:00
1706083200000,0.07956,0.08063,0.07947,0.08008,614181816.0,2024-01-24 08:00:00+00:00
1706097600000,0.08009,0.08036,0.0785,0.07912,965757625.0,2024-01-24 12:00:00+00:00
1706112000000,0.07912,0.07939,0.07803,0.07856,497632737.0,2024-01-24 16:00:00+00:00
1706126400000,0.07856,0.07925,0.07803,0.07904,368382879.0,2024-01-24 20:00:00+00:00
1706140800000,0.07904,0.07926,0.07802,0.07825,401546257.0,2024-01-25 00:00:00+00:00
1706155200000,0.07826,0.07836,0.07733,0.07819,565107578.0,2024-01-25 04:00:00+00:00
1706169600000,0.07818,0.07881,0.07758,0.07823,604260201.0,2024-01-25 08:00:00+00:00
1706184000000,0.07824,0.07849,0.0771,0.07739,720286816.0,2024-01-25 12:00:00+00:00
1706198400000,0.07739,0.07833,0.07708,0.07804,470001639.0,2024-01-25 16:00:00+00:00
1706212800000,0.07805,0.07831,0.07768,0.07793,215022901.0,2024-01-25 20:00:00+00:00
1706227200000,0.07794,0.07851,0.07751,0.0781,338438519.0,2024-01-26 00:00:00+00:00
1706241600000,0.07811,0.07853,0.0777,0.07781,309692978.0,2024-01-26 04:00:00+00:00
1706256000000,0.07782,0.07963,0.0778,0.0795,544707937.0,2024-01-26 08:00:00+00:00
1706270400000,0.07951,0.07968,0.07883,0.07946,750098892.0,2024-01-26 12:00:00+00:00
1706284800000,0.07946,0.08032,0.07944,0.08003,524015506.0,2024-01-26 16:00:00+00:00
1706299200000,0.08002,0.08031,0.07961,0.07984,410995333.0,2024-01-26 20:00:00+00:00
1706313600000,0.07985,0.08028,0.0797,0.07993,261697064.0,2024-01-27 00:00:00+00:00
1706328000000,0.07994,0.08008,0.07899,0.07936,293734736.0,2024-01-27 04:00:00+00:00
1706342400000,0.07936,0.07988,0.07924,0.07964,251542261.0,2024-01-27 08:00:00+00:00
1706356800000,0.07965,0.07991,0.0794,0.07957,187379950.0,2024-01-27 12:00:00+00:00
1706371200000,0.07958,0.07998,0.0794,0.07979,364697942.0,2024-01-27 16:00:00+00:00
1706385600000,0.0798,0.0807,0.07979,0.0801,481424671.0,2024-01-27 20:00:00+00:00
1706400000000,0.0801,0.08066,0.07981,0.08059,306985664.0,2024-01-28 00:00:00+00:00
1706414400000,0.08058,0.08148,0.07977,0.0802,706107571.0,2024-01-28 04:00:00+00:00
1706428800000,0.08019,0.08101,0.07996,0.08012,344744559.0,2024-01-28 08:00:00+00:00
1706443200000,0.08013,0.0802,0.0792,0.07963,536460011.0,2024-01-28 12:00:00+00:00
1706457600000,0.07962,0.07982,0.07813,0.07854,493101726.0,2024-01-28 16:00:00+00:00
1706472000000,0.07854,0.07917,0.07821,0.07879,326737366.0,2024-01-28 20:00:00+00:00
1706486400000,0.0788,0.07934,0.07839,0.079,261371076.0,2024-01-29 00:00:00+00:00
1706500800000,0.079,0.07922,0.07843,0.07847,323572199.0,2024-01-29 04:00:00+00:00
1706515200000,0.07846,0.08234,0.07814,0.08062,1817512245.0,2024-01-29 08:00:00+00:00
1706529600000,0.08061,0.08305,0.0799,0.08217,2000755293.0,2024-01-29 12:00:00+00:00
1706544000000,0.08217,0.08275,0.08143,0.08227,1045456809.0,2024-01-29 16:00:00+00:00
1706558400000,0.08226,0.08264,0.08116,0.08135,513341593.0,2024-01-29 20:00:00+00:00
1706572800000,0.08135,0.08214,0.08084,0.0816,488303281.0,2024-01-30 00:00:00+00:00
1706587200000,0.08159,0.08184,0.0809,0.08139,308753884.0,2024-01-30 04:00:00+00:00
1706601600000,0.08138,0.08179,0.08095,0.08172,491949129.0,2024-01-30 08:00:00+00:00
1706616000000,0.08172,0.08216,0.08037,0.08119,857266862.0,2024-01-30 12:00:00+00:00
1706630400000,0.08119,0.08168,0.08076,0.08128,376215000.0,2024-01-30 16:00:00+00:00
1706644800000,0.08128,0.08161,0.07934,0.0797,579960964.0,2024-01-30 20:00:00+00:00
1706659200000,0.0797,0.08017,0.07896,0.0801,461552853.0,2024-01-31 00:00:00+00:00
1706673600000,0.08009,0.08026,0.07949,0.07975,282823800.0,2024-01-31 04:00:00+00:00
1706688000000,0.07974,0.07986,0.07826,0.079,591101272.0,2024-01-31 08:00:00+00:00
1706702400000,0.079,0.07956,0.07812,0.07949,532587023.0,2024-01-31 12:00:00+00:00
1706716800000,0.07949,0.08007,0.07913,0.07985,451470165.0,2024-01-31 16:00:00+00:00
1706731200000,0.07984,0.07989,0.0779,0.0787,575967194.0,2024-01-31 20:00:00+00:00
1706745600000,0.0787,0.07912,0.0772,0.07861,608749327.0,2024-02-01 00:00:00+00:00
1706760000000,0.07861,0.07934,0.07854,0.07883,278258597.0,2024-02-01 04:00:00+00:00
1706774400000,0.07882,0.07927,0.0785,0.07855,264751892.0,2024-02-01 08:00:00+00:00
1706788800000,0.07855,0.07937,0.07837,0.07894,315865635.0,2024-02-01 12:00:00+00:00
1706803200000,0.07894,0.07983,0.07845,0.07966,448905149.0,2024-02-01 16:00:00+00:00
1706817600000,0.07967,0.07978,0.07901,0.07933,251052826.0,2024-02-01 20:00:00+00:00
1706832000000,0.07933,0.07992,0.07913,0.07963,311958660.0,2024-02-02 00:00:00+00:00
1706846400000,0.07963,0.07994,0.07935,0.07977,296929712.0,2024-02-02 04:00:00+00:00
1706860800000,0.07976,0.07991,0.07941,0.07946,275190029.0,2024-02-02 08:00:00+00:00
1706875200000,0.07947,0.07963,0.07854,0.07937,432871029.0,2024-02-02 12:00:00+00:00
1706889600000,0.07936,0.0796,0.07869,0.07895,336812274.0,2024-02-02 16:00:00+00:00
1706904000000,0.07896,0.07935,0.07881,0.07925,178583759.0,2024-02-02 20:00:00+00:00
1706918400000,0.07925,0.0795,0.07904,0.07921,167393650.0,2024-02-03 00:00:00+00:00
1706932800000,0.07922,0.07949,0.07886,0.07898,142165031.0,2024-02-03 04:00:00+00:00
1706947200000,0.07897,0.07912,0.07876,0.07901,164791419.0,2024-02-03 08:00:00+00:00
1706961600000,0.079,0.07931,0.0785,0.07904,226901562.0,2024-02-03 12:00:00+00:00
1706976000000,0.07904,0.07947,0.07903,0.07917,211572769.0,2024-02-03 16:00:00+00:00
1706990400000,0.07917,0.07928,0.07856,0.07872,184326508.0,2024-02-03 20:00:00+00:00
1707004800000,0.07871,0.07904,0.07831,0.07898,208021548.0,2024-02-04 00:00:00+00:00
1707019200000,0.07898,0.07899,0.07841,0.07863,197330437.0,2024-02-04 04:00:00+00:00
1707033600000,0.07862,0.07911,0.0784,0.07905,237147890.0,2024-02-04 08:00:00+00:00
1707048000000,0.07904,0.07926,0.07874,0.0791,223227719.0,2024-02-04 12:00:00+00:00
1707062400000,0.0791,0.07996,0.07863,0.0791,509068996.0,2024-02-04 16:00:00+00:00
1707076800000,0.07909,0.07942,0.0775,0.07828,414311988.0,2024-02-04 20:00:00+00:00
1707091200000,0.07827,0.07855,0.07726,0.07819,502841398.0,2024-02-05 00:00:00+00:00
1707105600000,0.07819,0.07889,0.07792,0.07875,327051881.0,2024-02-05 04:00:00+00:00
1707120000000,0.07874,0.08031,0.07863,0.07963,626584154.0,2024-02-05 08:00:00+00:00
1707134400000,0.07963,0.08012,0.07854,0.0787,591375507.0,2024-02-05 12:00:00+00:00
1707148800000,0.0787,0.07906,0.07838,0.07885,254825723.0,2024-02-05 16:00:00+00:00
1707163200000,0.07885,0.07888,0.07755,0.07831,452055898.0,2024-02-05 20:00:00+00:00
1707177600000,0.07831,0.07865,0.0782,0.07847,205210851.0,2024-02-06 00:00:00+00:00
1707192000000,0.07847,0.0785,0.07808,0.07845,159691314.0,2024-02-06 04:00:00+00:00
1707206400000,0.07845,0.07874,0.07782,0.07809,341883394.0,2024-02-06 08:00:00+00:00
1707220800000,0.07808,0.0786,0.07768,0.07857,331752542.0,2024-02-06 12:00:00+00:00
1707235200000,0.07856,0.07915,0.07845,0.07912,347875357.0,2024-02-06 16:00:00+00:00
1707249600000,0.07911,0.07922,0.0784,0.07849,265219975.0,2024-02-06 20:00:00+00:00
1707264000000,0.07848,0.07896,0.07847,0.07853,199644545.0,2024-02-07 00:00:00+00:00
1707278400000,0.07853,0.07863,0.07812,0.07838,245910031.0,2024-02-07 04:00:00+00:00
1707292800000,0.07838,0.07875,0.07827,0.07847,213134118.0,2024-02-07 08:00:00+00:00
1707307200000,0.07847,0.07906,0.0784,0.07897,332179786.0,2024-02-07 12:00:00+00:00
1707321600000,0.07898,0.07997,0.0789,0.07968,552008651.0,2024-02-07 16:00:00+00:00
1707336000000,0.07968,0.08032,0.07967,0.08013,411821139.0,2024-02-07 20:00:00+00:00
1707350400000,0.08012,0.08049,0.07995,0.08009,318980144.0,2024-02-08 00:00:00+00:00
1707364800000,0.0801,0.08032,0.07969,0.07989,283844528.0,2024-02-08 04:00:00+00:00
1707379200000,0.07988,0.08036,0.07964,0.07988,367711189.0,2024-02-08 08:00:00+00:00
1707393600000,0.07988,0.08085,0.07972,0.08067,549783905.0,2024-02-08 12:00:00+00:00
1707408000000,0.08068,0.08086,0.0796,0.08022,471556714.0,2024-02-08 16:00:00+00:00
1707422400000,0.08023,0.08054,0.07952,0.07986,426835407.0,2024-02-08 20:00:00+00:00
1707436800000,0.07986,0.08088,0.07985,0.08044,390278596.0,2024-02-09 00:00:00+00:00
1707451200000,0.08043,0.082,0.08026,0.0819,578604335.0,2024-02-09 04:00:00+00:00
1707465600000,0.0819,0.08215,0.08126,0.08188,619799217.0,2024-02-09 08:00:00+00:00
1707480000000,0.08188,0.08223,0.08069,0.08145,917459398.0,2024-02-09 12:00:00+00:00
1707494400000,0.08144,0.08201,0.08092,0.08148,585656283.0,2024-02-09 16:00:00+00:00
1707508800000,0.08147,0.08162,0.08111,0.08157,315491875.0,2024-02-09 20:00:00+00:00
1707523200000,0.08156,0.08217,0.08131,0.08186,351422240.0,2024-02-10 00:00:00+00:00
1707537600000,0.08185,0.08195,0.08121,0.08126,240261258.0,2024-02-10 04:00:00+00:00
1707552000000,0.08126,0.08144,0.08028,0.0808,443180735.0,2024-02-10 08:00:00+00:00
1707566400000,0.0808,0.08114,0.0806,0.0811,253509346.0,2024-02-10 12:00:00+00:00
1707580800000,0.0811,0.08126,0.08085,0.08107,233419582.0,2024-02-10 16:00:00+00:00
1707595200000,0.08106,0.08179,0.08098,0.08141,317960149.0,2024-02-10 20:00:00+00:00
1707609600000,0.0814,0.08241,0.08123,0.08227,360527713.0,2024-02-11 00:00:00+00:00
1707624000000,0.08226,0.0838,0.08182,0.08284,779318246.0,2024-02-11 04:00:00+00:00
1707638400000,0.08283,0.08336,0.08206,0.08255,695802632.0,2024-02-11 08:00:00+00:00
1707652800000,0.08255,0.08255,0.08144,0.08181,404250912.0,2024-02-11 12:00:00+00:00
1707667200000,0.0818,0.0822,0.08135,0.08196,537331584.0,2024-02-11 16:00:00+00:00
1707681600000,0.08195,0.08209,0.08071,0.08123,521621168.0,2024-02-11 20:00:00+00:00
1707696000000,0.08122,0.08155,0.07985,0.08043,677202154.0,2024-02-12 00:00:00+00:00
1707710400000,0.08043,0.08049,0.07946,0.08035,391756922.0,2024-02-12 04:00:00+00:00
1707724800000,0.08035,0.08046,0.0794,0.07981,399410887.0,2024-02-12 08:00:00+00:00
1707739200000,0.0798,0.08155,0.07956,0.08152,647848968.0,2024-02-12 12:00:00+00:00
1707753600000,0.08152,0.08292,0.081,0.08157,1201448549.0,2024-02-12 16:00:00+00:00
1707768000000,0.08158,0.0825,0.08157,0.08229,516062283.0,2024-02-12 20:00:00+00:00
1707782400000,0.08228,0.08309,0.0816,0.08186,586019603.0,2024-02-13 00:00:00+00:00
1707796800000,0.08186,0.08269,0.08182,0.08257,299307670.0,2024-02-13 04:00:00+00:00
1707811200000,0.08257,0.08307,0.08206,0.0825,522853554.0,2024-02-13 08:00:00+00:00
1707825600000,0.0825,0.08271,0.07962,0.08101,1685989368.0,2024-02-13 12:00:00+00:00
1707840000000,0.081,0.08126,0.08028,0.08086,476446410.0,2024-02-13 16:00:00+00:00
1707854400000,0.08086,0.08156,0.08083,0.0811,259628941.0,2024-02-13 20:00:00+00:00
1707868800000,0.08111,0.08116,0.08052,0.08116,329520569.0,2024-02-14 00:00:00+00:00
1707883200000,0.08116,0.08188,0.08096,0.0818,305124018.0,2024-02-14 04:00:00+00:00
1707897600000,0.08179,0.08358,0.08172,0.08303,1159430485.0,2024-02-14 08:00:00+00:00
1707912000000,0.08303,0.08367,0.08238,0.08325,1439502661.0,2024-02-14 12:00:00+00:00
1707926400000,0.08325,0.08677,0.08271,0.08625,3003797158.0,2024-02-14 16:00:00+00:00
1707940800000,0.08625,0.08709,0.08539,0.08558,1124779249.0,2024-02-14 20:00:00+00:00
1707955200000,0.08557,0.08831,0.08557,0.08725,1776252010.0,2024-02-15 00:00:00+00:00
1707969600000,0.08725,0.08737,0.08509,0.08564,850179347.0,2024-02-15 04:00:00+00:00
1707984000000,0.08563,0.08618,0.08515,0.08584,706126035.0,2024-02-15 08:00:00+00:00
1707998400000,0.08584,0.08703,0.08463,0.0851,1494106041.0,2024-02-15 12:00:00+00:00
1708012800000,0.08511,0.08569,0.08394,0.08545,1018753679.0,2024-02-15 16:00:00+00:00
1708027200000,0.08546,0.08562,0.08455,0.08534,533649557.0,2024-02-15 20:00:00+00:00
1708041600000,0.08534,0.08657,0.08501,0.08642,481864576.0,2024-02-16 00:00:00+00:00
1708056000000,0.08642,0.0868,0.08515,0.08519,675727386.0,2024-02-16 04:00:00+00:00
1708070400000,0.0852,0.08671,0.08462,0.08638,672824992.0,2024-02-16 08:00:00+00:00
1708084800000,0.08637,0.08811,0.08391,0.0855,1851191495.0,2024-02-16 12:00:00+00:00
1708099200000,0.0855,0.086,0.08469,0.08502,628579804.0,2024-02-16 16:00:00+00:00
1708113600000,0.08503,0.08614,0.08487,0.08595,289209567.0,2024-02-16 20:00:00+00:00
1708128000000,0.08596,0.08613,0.08436,0.08515,470561414.0,2024-02-17 00:00:00+00:00
1708142400000,0.08515,0.0854,0.08466,0.08522,363033430.0,2024-02-17 04:00:00+00:00
1708156800000,0.08522,0.08526,0.08395,0.0846,525283521.0,2024-02-17 08:00:00+00:00
1708171200000,0.0846,0.08475,0.08188,0.08303,1298480094.0,2024-02-17 12:00:00+00:00
1708185600000,0.08303,0.08343,0.08265,0.08341,376963526.0,2024-02-17 16:00:00+00:00
1708200000000,0.08341,0.08426,0.08334,0.08361,329724503.0,2024-02-17 20:00:00+00:00
1708214400000,0.08362,0.08385,0.08284,0.08357,411632127.0,2024-02-18 00:00:00+00:00
1708228800000,0.08356,0.08416,0.0832,0.08391,401490305.0,2024-02-18 04:00:00+00:00
1708243200000,0.0839,0.08441,0.08378,0.08407,465022959.0,2024-02-18 08:00:00+00:00
1708257600000,0.08406,0.08413,0.08325,0.08398,537661669.0,2024-02-18 12:00:00+00:00
1708272000000,0.08397,0.0854,0.08368,0.085,708879023.0,2024-02-18 16:00:00+00:00
1708286400000,0.08499,0.0858,0.08452,0.08523,560277494.0,2024-02-18 20:00:00+00:00
1708300800000,0.08523,0.0864,0.08508,0.08619,566866611.0,2024-02-19 00:00:00+00:00
1708315200000,0.0862,0.08689,0.08555,0.08668,668950694.0,2024-02-19 04:00:00+00:00
1708329600000,0.08667,0.08696,0.08579,0.08666,680595781.0,2024-02-19 08:00:00+00:00
1708344000000,0.08666,0.08801,0.0855,0.0876,1056590731.0,2024-02-19 12:00:00+00:00
1708358400000,0.08759,0.08954,0.08678,0.08917,1789140938.0,2024-02-19 16:00:00+00:00
1708372800000,0.08916,0.09091,0.0889,0.08949,1269410952.0,2024-02-19 20:00:00+00:00
1708387200000,0.08949,0.09171,0.08778,0.08797,1669065182.0,2024-02-20 00:00:00+00:00
1708401600000,0.08797,0.08886,0.0868,0.08754,769568824.0,2024-02-20 04:00:00+00:00
1708416000000,0.08755,0.08756,0.08545,0.08745,1094021659.0,2024-02-20 08:00:00+00:00
1708430400000,0.08744,0.08819,0.08181,0.08458,2096187350.0,2024-02-20 12:00:00+00:00
1708444800000,0.08458,0.08534,0.08314,0.08531,935582508.0,2024-02-20 16:00:00+00:00
1708459200000,0.08531,0.08654,0.08505,0.08618,545143311.0,2024-02-20 20:00:00+00:00
1708473600000,0.08619,0.08633,0.08511,0.08561,435594205.0,2024-02-21 00:00:00+00:00
1708488000000,0.08561,0.08569,0.08394,0.0843,606705049.0,2024-02-21 04:00:00+00:00
1708502400000,0.0843,0.08475,0.08236,0.0832,991471295.0,2024-02-21 08:00:00+00:00
1708516800000,0.0832,0.08409,0.08239,0.08341,1015175439.0,2024-02-21 12:00:00+00:00
1708531200000,0.08341,0.08385,0.08196,0.08342,628510347.0,2024-02-21 16:00:00+00:00
1708545600000,0.08342,0.08478,0.08307,0.08462,440811848.0,2024-02-21 20:00:00+00:00
1708560000000,0.08462,0.08462,0.08306,0.08397,396435660.0,2024-02-22 00:00:00+00:00
1708574400000,0.08396,0.08547,0.08363,0.08516,430278024.0,2024-02-22 04:00:00+00:00
1708588800000,0.08516,0.08557,0.0845,0.08482,487022260.0,2024-02-22 08:00:00+00:00
1708603200000,0.08481,0.08516,0.08352,0.08498,789930707.0,2024-02-22 12:00:00+00:00
1708617600000,0.08498,0.08525,0.08425,0.08496,393449170.0,2024-02-22 16:00:00+00:00
1708632000000,0.08496,0.0856,0.08397,0.08417,483422096.0,2024-02-22 20:00:00+00:00
1708646400000,0.08417,0.08478,0.08329,0.084,359031145.0,2024-02-23 00:00:00+00:00
1708660800000,0.08399,0.08438,0.08354,0.08366,272825728.0,2024-02-23 04:00:00+00:00
1708675200000,0.08366,0.08424,0.08301,0.0839,700643299.0,2024-02-23 08:00:00+00:00
1708689600000,0.08389,0.08535,0.08303,0.08383,1042989791.0,2024-02-23 12:00:00+00:00
1708704000000,0.08383,0.08546,0.0829,0.08542,892148367.0,2024-02-23 16:00:00+00:00
1708718400000,0.08541,0.08562,0.0836,0.08457,419744755.0,2024-02-23 20:00:00+00:00
1708732800000,0.08457,0.08532,0.0839,0.08529,581374841.0,2024-02-24 00:00:00+00:00
1708747200000,0.0853,0.08539,0.0847,0.08514,313710770.0,2024-02-24 04:00:00+00:00
1708761600000,0.08514,0.08548,0.08481,0.08541,344225364.0,2024-02-24 08:00:00+00:00
1708776000000,0.08542,0.0862,0.08511,0.08581,646318799.0,2024-02-24 12:00:00+00:00
1708790400000,0.0858,0.08645,0.08562,0.08587,394939384.0,2024-02-24 16:00:00+00:00
1708804800000,0.08588,0.08637,0.08553,0.08622,340734544.0,2024-02-24 20:00:00+00:00
1708819200000,0.08622,0.08646,0.08527,0.08627,343229704.0,2024-02-25 00:00:00+00:00
1708833600000,0.08627,0.08653,0.08575,0.08604,328547426.0,2024-02-25 04:00:00+00:00
1708848000000,0.08604,0.08687,0.08588,0.08621,450099360.0,2024-02-25 08:00:00+00:00
1708862400000,0.08622,0.08689,0.08588,0.08637,553855330.0,2024-02-25 12:00:00+00:00
1708876800000,0.08637,0.08671,0.08594,0.08654,395086142.0,2024-02-25 16:00:00+00:00
1708891200000,0.08654,0.08686,0.08604,0.08618,399571619.0,2024-02-25 20:00:00+00:00
1708905600000,0.08619,0.08622,0.08509,0.08566,382147858.0,2024-02-26 00:00:00+00:00
1708920000000,0.08567,0.08622,0.08526,0.08555,382708572.0,2024-02-26 04:00:00+00:00
1708934400000,0.08555,0.08583,0.08421,0.08464,657356566.0,2024-02-26 08:00:00+00:00
1708948800000,0.08464,0.08676,0.08425,0.08668,662885014.0,2024-02-26 12:00:00+00:00
1708963200000,0.08668,0.08922,0.08649,0.08891,1339094077.0,2024-02-26 16:00:00+00:00
1708977600000,0.0889,0.09015,0.08792,0.08933,1092904970.0,2024-02-26 20:00:00+00:00
1708992000000,0.08933,0.09087,0.08856,0.08938,1279787222.0,2024-02-27 00:00:00+00:00
1709006400000,0.08938,0.09201,0.0892,0.09188,1224209833.0,2024-02-27 04:00:00+00:00
1709020800000,0.09187,0.0966,0.09138,0.09445,2903711994.0,2024-02-27 08:00:00+00:00
1709035200000,0.09445,0.09829,0.09424,0.096,3501155222.0,2024-02-27 12:00:00+00:00
1709049600000,0.09599,0.0998,0.09464,0.09891,3687753090.0,2024-02-27 16:00:00+00:00
1709064000000,0.0989,0.10071,0.0963,0.09768,2841777994.0,2024-02-27 20:00:00+00:00
1709078400000,0.09769,0.09848,0.0941,0.0946,1819197292.0,2024-02-28 00:00:00+00:00
1709092800000,0.09461,0.09729,0.09458,0.09693,1244204790.0,2024-02-28 04:00:00+00:00
1709107200000,0.09694,0.101,0.0959,0.09745,3654455077.0,2024-02-28 08:00:00+00:00
1709121600000,0.09744,0.10067,0.09729,0.10021,2133974984.0,2024-02-28 12:00:00+00:00
1709136000000,0.1002,0.12369,0.09772,0.11322,14793080667.0,2024-02-28 16:00:00+00:00
1709150400000,0.11322,0.11992,0.11146,0.11596,3618976659.0,2024-02-28 20:00:00+00:00
1709164800000,0.11597,0.12647,0.11133,0.12438,3720298645.0,2024-02-29 00:00:00+00:00
1709179200000,0.12437,0.13523,0.12324,0.1282,5456326218.0,2024-02-29 04:00:00+00:00
1709193600000,0.1282,0.13117,0.12425,0.12919,2984279425.0,2024-02-29 08:00:00+00:00
1709208000000,0.12918,0.13475,0.12607,0.13429,4672788590.0,2024-02-29 12:00:00+00:00
1709222400000,0.1343,0.13512,0.12257,0.12669,3966850656.0,2024-02-29 16:00:00+00:00
1709236800000,0.12668,0.12816,0.11436,0.11743,4036446048.0,2024-02-29 20:00:00+00:00
1709251200000,0.11743,0.12207,0.11702,0.11971,2117582344.0,2024-03-01 00:00:00+00:00
1709265600000,0.11972,0.12238,0.11819,0.11845,1747431392.0,2024-03-01 04:00:00+00:00
1709280000000,0.11845,0.12383,0.11831,0.12157,1737167204.0,2024-03-01 08:00:00+00:00
1709294400000,0.12158,0.13012,0.12127,0.12442,3386297194.0,2024-03-01 12:00:00+00:00
1709308800000,0.12443,0.13965,0.1244,0.13578,5336387057.0,2024-03-01 16:00:00+00:00
1709323200000,0.13577,0.1458,0.13531,0.13953,4719323063.0,2024-03-01 20:00:00+00:00
1709337600000,0.13952,0.1504,0.13822,0.14132,3964993345.0,2024-03-02 00:00:00+00:00
1709352000000,0.14132,0.14816,0.13914,0.1469,2225466871.0,2024-03-02 04:00:00+00:00
1709366400000,0.14691,0.15147,0.14049,0.14158,3725961273.0,2024-03-02 08:00:00+00:00
1709380800000,0.14159,0.14413,0.13601,0.13768,2212014255.0,2024-03-02 12:00:00+00:00
1709395200000,0.1377,0.1432,0.13615,0.14191,1818907651.0,2024-03-02 16:00:00+00:00
1709409600000,0.14191,0.14492,0.13945,0.14219,1164424572.0,2024-03-02 20:00:00+00:00
1709424000000,0.14218,0.14419,0.138,0.14067,1547401624.0,2024-03-03 00:00:00+00:00
1709438400000,0.14067,0.1438,0.1199,0.13136,3041566889.0,2024-03-03 04:00:00+00:00
1709452800000,0.13137,0.143,0.12926,0.14159,2873295705.0,2024-03-03 08:00:00+00:00
1709467200000,0.14158,0.14379,0.13731,0.14039,2033375682.0,2024-03-03 12:00:00+00:00
1709481600000,0.1404,0.15391,0.13888,0.15113,3621083881.0,2024-03-03 16:00:00+00:00
1709496000000,0.15114,0.15655,0.14925,0.15365,2759835366.0,2024-03-03 20:00:00+00:00
1709510400000,0.15366,0.15922,0.14451,0.15676,3783205175.0,2024-03-04 00:00:00+00:00
1709524800000,0.15675,0.16728,0.15506,0.16389,3080588076.0,2024-03-04 04:00:00+00:00
1709539200000,0.1639,0.17233,0.15917,0.16276,3253464575.0,2024-03-04 08:00:00+00:00
1709553600000,0.16276,0.17222,0.15787,0.17198,3320399538.0,2024-03-04 12:00:00+00:00
1709568000000,0.17196,0.18586,0.16694,0.17859,7179650290.0,2024-03-04 16:00:00+00:00
1709582400000,0.17856,0.18493,0.1726,0.18218,2865769322.0,2024-03-04 20:00:00+00:00
1709596800000,0.18216,0.20711,0.181,0.1961,5482313236.0,2024-03-05 00:00:00+00:00
1709611200000,0.1961,0.19935,0.16888,0.17834,4776600760.0,2024-03-05 04:00:00+00:00
1709625600000,0.17835,0.18769,0.175,0.18116,2408101165.0,2024-03-05 08:00:00+00:00
1709640000000,0.18115,0.19236,0.173,0.17304,4289099031.0,2024-03-05 12:00:00+00:00
1709654400000,0.17306,0.17527,0.12035,0.13832,9392758594.0,2024-03-05 16:00:00+00:00
1709668800000,0.13834,0.15726,0.1276,0.15302,8181534848.0,2024-03-05 20:00:00+00:00
1709683200000,0.15306,0.16023,0.14607,0.1511,3350500265.0,2024-03-06 00:00:00+00:00
1709697600000,0.15111,0.16986,0.15,0.16807,3525189602.0,2024-03-06 04:00:00+00:00
1709712000000,0.16806,0.17997,0.1663,0.16832,3293485766.0,2024-03-06 08:00:00+00:00
1709726400000,0.16832,0.17005,0.15572,0.16129,3478133328.0,2024-03-06 12:00:00+00:00
1709740800000,0.16129,0.16359,0.15494,0.15988,1780206585.0,2024-03-06 16:00:00+00:00
1709755200000,0.15988,0.16375,0.15554,0.15797,1335776722.0,2024-03-06 20:00:00+00:00
1709769600000,0.15797,0.16245,0.15202,0.15258,2285711840.0,2024-03-07 00:00:00+00:00
1709784000000,0.15259,0.15406,0.1466,0.15123,2214200832.0,2024-03-07 04:00:00+00:00
1709798400000,0.15124,0.15694,0.15084,0.15343,2000289881.0,2024-03-07 08:00:00+00:00
1709812800000,0.15344,0.16015,0.1484,0.15889,2762774589.0,2024-03-07 12:00:00+00:00
1709827200000,0.15891,0.16092,0.15207,0.15609,1825373616.0,2024-03-07 16:00:00+00:00
1709841600000,0.15609,0.15988,0.15337,0.15781,1468147958.0,2024-03-07 20:00:00+00:00
1709856000000,0.15783,0.1684,0.15521,0.16837,2354474903.0,2024-03-08 00:00:00+00:00
1709870400000,0.16838,0.16896,0.16137,0.16487,1912742712.0,2024-03-08 04:00:00+00:00
1709884800000,0.16487,0.17397,0.16273,0.16911,2143515952.0,2024-03-08 08:00:00+00:00
1709899200000,0.16911,0.17631,0.15467,0.16359,4521975782.0,2024-03-08 12:00:00+00:00
1709913600000,0.1636,0.17027,0.15871,0.16786,2715635692.0,2024-03-08 16:00:00+00:00
1709928000000,0.16786,0.1731,0.16376,0.16467,1630936249.0,2024-03-08 20:00:00+00:00
1709942400000,0.16466,0.17143,0.164,0.1693,1464087127.0,2024-03-09 00:00:00+00:00
1709956800000,0.16931,0.17239,0.16776,0.16789,1250819289.0,2024-03-09 04:00:00+00:00
1709971200000,0.1679,0.17166,0.16311,0.16637,1548761262.0,2024-03-09 08:00:00+00:00
1709985600000,0.16637,0.1709,0.16509,0.16999,1201633969.0,2024-03-09 12:00:00+00:00
1710000000000,0.16999,0.18511,0.16821,0.17707,3985652813.0,2024-03-09 16:00:00+00:00
1710014400000,0.17707,0.1833,0.17458,0.17901,1845729590.0,2024-03-09 20:00:00+00:00
1710028800000,0.17901,0.1799,0.17388,0.17598,1553165093.0,2024-03-10 00:00:00+00:00
1710043200000,0.17598,0.17927,0.17537,0.17625,907263670.0,2024-03-10 04:00:00+00:00
1710057600000,0.17626,0.17791,0.17118,0.1733,1501673585.0,2024-03-10 08:00:00+00:00
1710072000000,0.1733,0.17462,0.1665,0.17241,1804978801.0,2024-03-10 12:00:00+00:00
1710086400000,0.17242,0.17464,0.17108,0.17361,964524927.0,2024-03-10 16:00:00+00:00
1710100800000,0.17361,0.17436,0.16542,0.17007,1197672940.0,2024-03-10 20:00:00+00:00
1710115200000,0.17008,0.17016,0.15958,0.1665,1837241351.0,2024-03-11 00:00:00+00:00
1710129600000,0.16651,0.17898,0.16587,0.17642,1736125503.0,2024-03-11 04:00:00+00:00
1710144000000,0.17644,0.1799,0.17441,0.17547,1491008529.0,2024-03-11 08:00:00+00:00
1710158400000,0.17547,0.17794,0.17142,0.17446,1518515085.0,2024-03-11 12:00:00+00:00
1710172800000,0.17447,0.17836,0.17202,0.17421,1461123804.0,2024-03-11 16:00:00+00:00
1710187200000,0.17421,0.18349,0.17378,0.18236,1369335088.0,2024-03-11 20:00:00+00:00
1710201600000,0.18236,0.18389,0.17355,0.17389,1312011113.0,2024-03-12 00:00:00+00:00
1710216000000,0.17389,0.17538,0.17066,0.17257,974545908.0,2024-03-12 04:00:00+00:00
1710230400000,0.17258,0.17292,0.1677,0.17089,1118049146.0,2024-03-12 08:00:00+00:00
1710244800000,0.1709,0.17324,0.16549,0.17017,1795806345.0,2024-03-12 12:00:00+00:00
1710259200000,0.17018,0.1704,0.15115,0.16767,3182438711.0,2024-03-12 16:00:00+00:00
1710273600000,0.16767,0.16859,0.16369,0.16827,904184022.0,2024-03-12 20:00:00+00:00
1710288000000,0.16827,0.17375,0.16691,0.17227,1229185375.0,2024-03-13 00:00:00+00:00
1710302400000,0.17228,0.17475,0.17101,0.17248,1126303946.0,2024-03-13 04:00:00+00:00
1710316800000,0.17248,0.17417,0.16952,0.17051,929384688.0,2024-03-13 08:00:00+00:00
1710331200000,0.17052,0.1714,0.16488,0.16689,1422804267.0,2024-03-13 12:00:00+00:00
1710345600000,0.1669,0.1716,0.16609,0.16912,1069371423.0,2024-03-13 16:00:00+00:00
1710360000000,0.16912,0.17109,0.16801,0.16911,633625832.0,2024-03-13 20:00:00+00:00
1710374400000,0.16911,0.17435,0.16542,0.17319,1487285948.0,2024-03-14 00:00:00+00:00
1710388800000,0.17318,0.19394,0.17308,0.18643,7208202465.0,2024-03-14 04:00:00+00:00
1710403200000,0.18643,0.19096,0.17919,0.18321,2890702835.0,2024-03-14 08:00:00+00:00
1710417600000,0.1832,0.18964,0.17092,0.1729,5602933784.0,2024-03-14 12:00:00+00:00
1710432000000,0.17291,0.1795,0.16392,0.16993,4116118073.0,2024-03-14 16:00:00+00:00
1710446400000,0.16993,0.17971,0.1696,0.17742,1508866074.0,2024-03-14 20:00:00+00:00
1710460800000,0.17741,0.18165,0.15911,0.16702,3723644758.0,2024-03-15 00:00:00+00:00
1710475200000,0.16702,0.16976,0.16149,0.1679,2300691027.0,2024-03-15 04:00:00+00:00
1710489600000,0.16791,0.16817,0.15072,0.16066,3968535106.0,2024-03-15 08:00:00+00:00
1710504000000,0.16066,0.16574,0.15944,0.16236,1898197317.0,2024-03-15 12:00:00+00:00
1710518400000,0.16236,0.16819,0.16018,0.16245,1945886360.0,2024-03-15 16:00:00+00:00
1710532800000,0.16243,0.1639,0.15741,0.1637,1421387199.0,2024-03-15 20:00:00+00:00
1710547200000,0.16371,0.16547,0.16134,0.16248,1045252937.0,2024-03-16 00:00:00+00:00
1710561600000,0.16247,0.1635,0.15797,0.16333,977381613.0,2024-03-16 04:00:00+00:00
1710576000000,0.16332,0.16356,0.15659,0.15817,1138828284.0,2024-03-16 08:00:00+00:00
1710590400000,0.15815,0.15837,0.15072,0.15403,2352283541.0,2024-03-16 12:00:00+00:00
1710604800000,0.15403,0.15495,0.14034,0.14342,4101001704.0,2024-03-16 16:00:00+00:00
1710619200000,0.14343,0.1455,0.13802,0.14261,2279280045.0,2024-03-16 20:00:00+00:00
1710633600000,0.14262,0.14783,0.14041,0.14681,1788960409.0,2024-03-17 00:00:00+00:00
1710648000000,0.14682,0.14688,0.13673,0.14098,1900878314.0,2024-03-17 04:00:00+00:00
1710662400000,0.14097,0.15197,0.13996,0.14886,2233467861.0,2024-03-17 08:00:00+00:00
1710676800000,0.14887,0.15457,0.14596,0.15293,1645585049.0,2024-03-17 12:00:00+00:00
1710691200000,0.15293,0.15939,0.15051,0.1547,2171365760.0,2024-03-17 16:00:00+00:00
1710705600000,0.1547,0.15708,0.15304,0.15439,932289286.0,2024-03-17 20:00:00+00:00
1710720000000,0.15439,0.15443,0.14849,0.15111,1487293013.0,2024-03-18 00:00:00+00:00
1710734400000,0.15112,0.15374,0.14888,0.14952,955342274.0,2024-03-18 04:00:00+00:00
1710748800000,0.14953,0.14958,0.14537,0.14833,1431687312.0,2024-03-18 08:00:00+00:00
1710763200000,0.14832,0.1493,0.14231,0.14381,2002519276.0,2024-03-18 12:00:00+00:00
1710777600000,0.14381,0.14562,0.1401,0.14212,1548108361.0,2024-03-18 16:00:00+00:00
1710792000000,0.14213,0.14546,0.14213,0.14362,764746689.0,2024-03-18 20:00:00+00:00
1710806400000,0.14362,0.14528,0.1324,0.13561,2867613428.0,2024-03-19 00:00:00+00:00
1710820800000,0.1356,0.13618,0.126,0.13284,2998615191.0,2024-03-19 04:00:00+00:00
1710835200000,0.13285,0.13292,0.12531,0.13058,3184190024.0,2024-03-19 08:00:00+00:00
1710849600000,0.13057,0.13471,0.12863,0.13431,2433156582.0,2024-03-19 12:00:00+00:00
1710864000000,0.13433,0.13657,0.1326,0.1344,1871802345.0,2024-03-19 16:00:00+00:00
1710878400000,0.1344,0.13489,0.1266,0.12887,1941380888.0,2024-03-19 20:00:00+00:00
1710892800000,0.12887,0.13188,0.12584,0.12762,2021061926.0,2024-03-20 00:00:00+00:00
1710907200000,0.12762,0.13495,0.12252,0.13346,2507165869.0,2024-03-20 04:00:00+00:00
1710921600000,0.13346,0.13608,0.13184,0.13449,1781818627.0,2024-03-20 08:00:00+00:00
1710936000000,0.13449,0.13624,0.13131,0.13241,1600445675.0,2024-03-20 12:00:00+00:00
1710950400000,0.13242,0.15046,0.12679,0.14616,4432863031.0,2024-03-20 16:00:00+00:00
1710964800000,0.14616,0.15345,0.1442,0.15223,2945491093.0,2024-03-20 20:00:00+00:00
1710979200000,0.15222,0.15388,0.1493,0.15034,1673188542.0,2024-03-21 00:00:00+00:00
1710993600000,0.15034,0.15463,0.14675,0.15388,1674093315.0,2024-03-21 04:00:00+00:00
1711008000000,0.15389,0.158,0.15064,0.15159,1470065894.0,2024-03-21 08:00:00+00:00
1711022400000,0.1516,0.15741,0.15156,0.15711,1887124119.0,2024-03-21 12:00:00+00:00
1711036800000,0.15711,0.16038,0.14847,0.15136,2921612625.0,2024-03-21 16:00:00+00:00
1711051200000,0.15136,0.15714,0.14922,0.15549,1634863707.0,2024-03-21 20:00:00+00:00
1711065600000,0.15549,0.15968,0.15161,0.1578,1823752428.0,2024-03-22 00:00:00+00:00
1711080000000,0.1578,0.16493,0.15536,0.16332,1914333500.0,2024-03-22 04:00:00+00:00
1711094400000,0.16332,0.16519,0.15506,0.156,2216574058.0,2024-03-22 08:00:00+00:00
1711108800000,0.15601,0.15688,0.14533,0.14985,3238685905.0,2024-03-22 12:00:00+00:00
1711123200000,0.14985,0.15306,0.14785,0.15219,1459418201.0,2024-03-22 16:00:00+00:00
1711137600000,0.15217,0.15336,0.14816,0.15304,1184186206.0,2024-03-22 20:00:00+00:00
1711152000000,0.15305,0.16504,0.15174,0.15874,2705204615.0,2024-03-23 00:00:00+00:00
1711166400000,0.15874,0.16399,0.1582,0.16139,1612190093.0,2024-03-23 04:00:00+00:00
1711180800000,0.16138,0.16523,0.16128,0.16372,1619428868.0,2024-03-23 08:00:00+00:00
1711195200000,0.16371,0.16882,0.16311,0.16677,2157680829.0,2024-03-23 12:00:00+00:00
1711209600000,0.16677,0.17511,0.16555,0.1699,2584267204.0,2024-03-23 16:00:00+00:00
1711224000000,0.16991,0.17023,0.16111,0.16202,1430496912.0,2024-03-23 20:00:00+00:00
1711238400000,0.16202,0.17209,0.16128,0.16892,2545613364.0,2024-03-24 00:00:00+00:00
1711252800000,0.16893,0.17437,0.16771,0.17408,2155766915.0,2024-03-24 04:00:00+00:00
1711267200000,0.17408,0.17519,0.17128,0.17223,1566126932.0,2024-03-24 08:00:00+00:00
1711281600000,0.17223,0.1751,0.17006,0.17502,1774461785.0,2024-03-24 12:00:00+00:00
1711296000000,0.17502,0.17738,0.1692,0.17405,2549875119.0,2024-03-24 16:00:00+00:00
1711310400000,0.17405,0.18036,0.17324,0.1766,1642980605.0,2024-03-24 20:00:00+00:00
1711324800000,0.1766,0.17758,0.17131,0.17264,1397782633.0,2024-03-25 00:00:00+00:00
1711339200000,0.17264,0.17584,0.17135,0.17147,1119304275.0,2024-03-25 04:00:00+00:00
1711353600000,0.17147,0.17338,0.17011,0.17069,994982458.0,2024-03-25 08:00:00+00:00
1711368000000,0.17068,0.1873,0.17041,0.18307,3804357177.0,2024-03-25 12:00:00+00:00
1711382400000,0.18308,0.18475,0.17864,0.18049,1843943908.0,2024-03-25 16:00:00+00:00
1711396800000,0.18048,0.18177,0.1748,0.17539,1355016811.0,2024-03-25 20:00:00+00:00
1711411200000,0.17539,0.17894,0.17494,0.17737,1002723128.0,2024-03-26 00:00:00+00:00
1711425600000,0.17737,0.1833,0.17701,0.1794,1230968473.0,2024-03-26 04:00:00+00:00
1711440000000,0.1794,0.1875,0.17797,0.18393,2342748824.0,2024-03-26 08:00:00+00:00
1711454400000,0.18393,0.1864,0.1738,0.17863,3411877453.0,2024-03-26 12:00:00+00:00
1711468800000,0.17864,0.18023,0.17497,0.17636,1556449327.0,2024-03-26 16:00:00+00:00
1711483200000,0.17636,0.1842,0.17636,0.18245,1203954027.0,2024-03-26 20:00:00+00:00
1711497600000,0.18244,0.1875,0.18118,0.18442,1875859616.0,2024-03-27 00:00:00+00:00
1711512000000,0.18443,0.19,0.18282,0.18306,2343926253.0,2024-03-27 04:00:00+00:00
1711526400000,0.18307,0.1872,0.17962,0.18677,1819607628.0,2024-03-27 08:00:00+00:00
1711540800000,0.18677,0.19156,0.17823,0.18785,5248917608.0,2024-03-27 12:00:00+00:00
1711555200000,0.18785,0.19185,0.18111,0.18295,2691950794.0,2024-03-27 16:00:00+00:00
1711569600000,0.18295,0.19229,0.18279,0.1907,2090232144.0,2024-03-27 20:00:00+00:00
1711584000000,0.19071,0.20686,0.1894,0.19491,4837604925.0,2024-03-28 00:00:00+00:00
1711598400000,0.19491,0.20169,0.19479,0.2002,1627799002.0,2024-03-28 04:00:00+00:00
1711612800000,0.20021,0.22094,0.1984,0.21741,4403525468.0,2024-03-28 08:00:00+00:00
1711627200000,0.21741,0.22575,0.21299,0.21763,5595817821.0,2024-03-28 12:00:00+00:00
1711641600000,0.21764,0.2293,0.21581,0.22738,3470401681.0,2024-03-28 16:00:00+00:00
1711656000000,0.22738,0.22742,0.21603,0.22022,2574784569.0,2024-03-28 20:00:00+00:00
1711670400000,0.22022,0.22506,0.21135,0.2182,3091823370.0,2024-03-29 00:00:00+00:00
1711684800000,0.2182,0.21827,0.20857,0.20974,2190944580.0,2024-03-29 04:00:00+00:00
1711699200000,0.20974,0.21784,0.20929,0.21386,1829704050.0,2024-03-29 08:00:00+00:00
1711713600000,0.21389,0.21863,0.20804,0.20892,2451381329.0,2024-03-29 12:00:00+00:00
1711728000000,0.20894,0.21865,0.20877,0.21431,1709131933.0,2024-03-29 16:00:00+00:00
1711742400000,0.21431,0.21509,0.20953,0.21319,1018108814.0,2024-03-29 20:00:00+00:00
1711756800000,0.21318,0.21717,0.21061,0.21218,1351376194.0,2024-03-30 00:00:00+00:00
1711771200000,0.21218,0.21489,0.20529,0.20627,1622284150.0,2024-03-30 04:00:00+00:00
1711785600000,0.20627,0.21121,0.20608,0.21108,849755882.0,2024-03-30 08:00:00+00:00
1711800000000,0.21108,0.21124,0.20301,0.20398,1410855950.0,2024-03-30 12:00:00+00:00
1711814400000,0.20398,0.20494,0.19618,0.20124,2090406957.0,2024-03-30 16:00:00+00:00
1711828800000,0.20124,0.20228,0.19832,0.19929,795572837.0,2024-03-30 20:00:00+00:00
1711843200000,0.19929,0.20554,0.19926,0.20179,1171806546.0,2024-03-31 00:00:00+00:00
1711857600000,0.2018,0.20761,0.20157,0.20707,933466292.0,2024-03-31 04:00:00+00:00
1711872000000,0.20707,0.20855,0.20553,0.20701,676419040.0,2024-03-31 08:00:00+00:00
1711886400000,0.20702,0.21419,0.206,0.21265,1538501904.0,2024-03-31 12:00:00+00:00
1711900800000,0.21264,0.22478,0.21022,0.2225,2054572258.0,2024-03-31 16:00:00+00:00
1711915200000,0.2225,0.2238,0.21778,0.22024,1322098833.0,2024-03-31 20:00:00+00:00
1711929600000,0.22023,0.22032,0.2145,0.21613,1171851065.0,2024-04-01 00:00:00+00:00
1711944000000,0.21614,0.2175,0.1964,0.20713,3229636404.0,2024-04-01 04:00:00+00:00
1711958400000,0.20712,0.20803,0.20194,0.20571,1564809823.0,2024-04-01 08:00:00+00:00
1711972800000,0.20571,0.21151,0.1972,0.19939,3014076270.0,2024-04-01 12:00:00+00:00
1711987200000,0.19937,0.20678,0.19862,0.20638,1653516375.0,2024-04-01 16:00:00+00:00
1712001600000,0.20638,0.20677,0.20338,0.20513,767045906.0,2024-04-01 20:00:00+00:00
1712016000000,0.20513,0.20544,0.18617,0.18874,3409042470.0,2024-04-02 00:00:00+00:00
1712030400000,0.18873,0.1918,0.185,0.18688,1643199986.0,2024-04-02 04:00:00+00:00
1712044800000,0.18688,0.18795,0.18003,0.18453,2975591035.0,2024-04-02 08:00:00+00:00
1712059200000,0.18453,0.19057,0.18062,0.18154,2821279571.0,2024-04-02 12:00:00+00:00
1712073600000,0.18156,0.18929,0.18081,0.18663,1715760012.0,2024-04-02 16:00:00+00:00
1712088000000,0.18663,0.1878,0.181,0.1826,1110987395.0,2024-04-02 20:00:00+00:00
1712102400000,0.18259,0.1871,0.17095,0.18621,3251111099.0,2024-04-03 00:00:00+00:00
1712116800000,0.18621,0.18735,0.18288,0.18461,1141025187.0,2024-04-03 04:00:00+00:00
1712131200000,0.1846,0.18765,0.18127,0.18343,1496853173.0,2024-04-03 08:00:00+00:00
1712145600000,0.18344,0.18499,0.17719,0.179,2434436473.0,2024-04-03 12:00:00+00:00
1712160000000,0.179,0.18143,0.17403,0.17571,1716024222.0,2024-04-03 16:00:00+00:00
1712174400000,0.17572,0.17694,0.17019,0.17535,1303842995.0,2024-04-03 20:00:00+00:00
1712188800000,0.17533,0.18071,0.17334,0.17434,1445383077.0,2024-04-04 00:00:00+00:00
1712203200000,0.17434,0.18116,0.172,0.17924,1210313690.0,2024-04-04 04:00:00+00:00
1712217600000,0.17925,0.18268,0.17856,0.18185,1014973781.0,2024-04-04 08:00:00+00:00
1712232000000,0.18185,0.18846,0.181,0.18326,2012842138.0,2024-04-04 12:00:00+00:00
1712246400000,0.18326,0.18827,0.18186,0.18248,1424045268.0,2024-04-04 16:00:00+00:00
1712260800000,0.18248,0.18267,0.17534,0.18006,1466810888.0,2024-04-04 20:00:00+00:00
1712275200000,0.18006,0.18096,0.17407,0.17692,1030178378.0,2024-04-05 00:00:00+00:00
1712289600000,0.17692,0.17743,0.1713,0.17432,1108713029.0,2024-04-05 04:00:00+00:00
1712304000000,0.17431,0.17654,0.16851,0.16918,1406681479.0,2024-04-05 08:00:00+00:00
1712318400000,0.16918,0.17695,0.16749,0.17647,1944221408.0,2024-04-05 12:00:00+00:00
1712332800000,0.17646,0.17927,0.174,0.17682,1039242769.0,2024-04-05 16:00:00+00:00
1712347200000,0.17682,0.17998,0.17673,0.17733,583146881.0,2024-04-05 20:00:00+00:00
1712361600000,0.17733,0.18203,0.17653,0.18098,1070071119.0,2024-04-06 00:00:00+00:00
1712376000000,0.18098,0.18573,0.18026,0.18455,1029608390.0,2024-04-06 04:00:00+00:00
1712390400000,0.18455,0.18618,0.18224,0.18271,1114989921.0,2024-04-06 08:00:00+00:00
1712404800000,0.1827,0.18379,0.18018,0.18343,991933630.0,2024-04-06 12:00:00+00:00
1712419200000,0.18345,0.18504,0.18211,0.18313,618014534.0,2024-04-06 16:00:00+00:00
1712433600000,0.18313,0.188,0.18239,0.18585,822047261.0,2024-04-06 20:00:00+00:00
1712448000000,0.18586,0.19878,0.18556,0.19575,2286593663.0,2024-04-07 00:00:00+00:00
1712462400000,0.19575,0.19818,0.19316,0.19531,1429698549.0,2024-04-07 04:00:00+00:00
1712476800000,0.19531,0.19859,0.19263,0.19839,1095979461.0,2024-04-07 08:00:00+00:00
1712491200000,0.19838,0.20536,0.19649,0.20012,2428025621.0,2024-04-07 12:00:00+00:00
1712505600000,0.20013,0.204,0.19651,0.19704,1427959079.0,2024-04-07 16:00:00+00:00
1712520000000,0.19703,0.20053,0.19583,0.19902,919339078.0,2024-04-07 20:00:00+00:00
1712534400000,0.19902,0.20015,0.1956,0.19871,1152610854.0,2024-04-08 00:00:00+00:00
1712548800000,0.1987,0.20786,0.197,0.20618,1746780166.0,2024-04-08 04:00:00+00:00
1712563200000,0.20619,0.20888,0.20546,0.20706,1616272811.0,2024-04-08 08:00:00+00:00
1712577600000,0.20707,0.20927,0.20112,0.20305,1612548610.0,2024-04-08 12:00:00+00:00
1712592000000,0.20306,0.20528,0.20029,0.20147,972844454.0,2024-04-08 16:00:00+00:00
1712606400000,0.20147,0.20379,0.20094,0.20277,586304292.0,2024-04-08 20:00:00+00:00
1712620800000,0.20276,0.20364,0.19774,0.19939,1214472959.0,2024-04-09 00:00:00+00:00
1712635200000,0.1994,0.20144,0.19589,0.1974,1328475254.0,2024-04-09 04:00:00+00:00
1712649600000,0.1974,0.19758,0.193,0.19704,1233225411.0,2024-04-09 08:00:00+00:00
1712664000000,0.19704,0.19725,0.18668,0.19023,2109147625.0,2024-04-09 12:00:00+00:00
1712678400000,0.19024,0.19027,0.186,0.1893,1120290908.0,2024-04-09 16:00:00+00:00
1712692800000,0.18929,0.19088,0.18703,0.18927,823754270.0,2024-04-09 20:00:00+00:00
1712707200000,0.18926,0.19198,0.18467,0.18841,1531543643.0,2024-04-10 00:00:00+00:00
1712721600000,0.18841,0.19201,0.18768,0.19044,709893505.0,2024-04-10 04:00:00+00:00
1712736000000,0.19044,0.19047,0.18612,0.18871,870659834.0,2024-04-10 08:00:00+00:00
1712750400000,0.18871,0.1945,0.1802,0.19335,2966338855.0,2024-04-10 12:00:00+00:00
1712764800000,0.19334,0.20219,0.191,0.20177,2510561925.0,2024-04-10 16:00:00+00:00
1712779200000,0.20178,0.20245,0.19768,0.1999,1362531179.0,2024-04-10 20:00:00+00:00
1712793600000,0.1999,0.19993,0.19541,0.19719,908233466.0,2024-04-11 00:00:00+00:00
1712808000000,0.19719,0.20209,0.19504,0.20102,983431471.0,2024-04-11 04:00:00+00:00
1712822400000,0.20101,0.20378,0.19353,0.1943,1514763145.0,2024-04-11 08:00:00+00:00
1712836800000,0.1943,0.19751,0.19017,0.19266,2537374596.0,2024-04-11 12:00:00+00:00
1712851200000,0.19266,0.19465,0.18977,0.19351,1183817480.0,2024-04-11 16:00:00+00:00
1712865600000,0.19351,0.1983,0.19279,0.19393,1080066450.0,2024-04-11 20:00:00+00:00
1712880000000,0.19393,0.19865,0.19366,0.19861,750613925.0,2024-04-12 00:00:00+00:00
1712894400000,0.19861,0.20115,0.19687,0.19798,1346697985.0,2024-04-12 04:00:00+00:00
1712908800000,0.19796,0.20151,0.19698,0.19949,981489030.0,2024-04-12 08:00:00+00:00
1712923200000,0.19948,0.19953,0.19005,0.1934,2270793336.0,2024-04-12 12:00:00+00:00
1712937600000,0.19341,0.19514,0.15305,0.16909,7191259031.0,2024-04-12 16:00:00+00:00
1712952000000,0.16908,0.17623,0.16815,0.17406,1928330043.0,2024-04-12 20:00:00+00:00
1712966400000,0.17407,0.17408,0.165,0.17307,2069474885.0,2024-04-13 00:00:00+00:00
1712980800000,0.17307,0.17595,0.17063,0.17129,1095237381.0,2024-04-13 04:00:00+00:00
1712995200000,0.17127,0.17423,0.16873,0.17128,1063007894.0,2024-04-13 08:00:00+00:00
1713009600000,0.17129,0.17363,0.16953,0.17066,1184023839.0,2024-04-13 12:00:00+00:00
1713024000000,0.17065,0.17147,0.14428,0.15117,5034136898.0,2024-04-13 16:00:00+00:00
1713038400000,0.15116,0.15583,0.124,0.15256,9736784352.0,2024-04-13 20:00:00+00:00
1713052800000,0.15257,0.15464,0.14366,0.1491,2598777819.0,2024-04-14 00:00:00+00:00
1713067200000,0.14909,0.16002,0.14812,0.15864,1933650921.0,2024-04-14 04:00:00+00:00
1713081600000,0.15864,0.15984,0.15101,0.15223,1720884340.0,2024-04-14 08:00:00+00:00
1713096000000,0.15223,0.1568,0.14944,0.15109,2234783523.0,2024-04-14 12:00:00+00:00
1713110400000,0.15109,0.15696,0.14545,0.15237,3152742301.0,2024-04-14 16:00:00+00:00
1713124800000,0.15237,0.165,0.14903,0.16197,1976648152.0,2024-04-14 20:00:00+00:00
1713139200000,0.16197,0.16277,0.15594,0.15763,1507673892.0,2024-04-15 00:00:00+00:00
1713153600000,0.15764,0.16893,0.15536,0.16534,1862244064.0,2024-04-15 04:00:00+00:00
1713168000000,0.16534,0.16655,0.16204,0.1621,1192002221.0,2024-04-15 08:00:00+00:00
1713182400000,0.16211,0.16348,0.15175,0.15439,2704749313.0,2024-04-15 12:00:00+00:00
1713196800000,0.1544,0.16492,0.1502,0.15895,5352501079.0,2024-04-15 16:00:00+00:00
1713211200000,0.15894,0.1633,0.15611,0.16115,1409591105.0,2024-04-15 20:00:00+00:00
1713225600000,0.16116,0.16245,0.1536,0.1554,1860252565.0,2024-04-16 00:00:00+00:00
1713240000000,0.15541,0.15889,0.15032,0.15723,1934012323.0,2024-04-16 04:00:00+00:00
1713254400000,0.15724,0.15728,0.14934,0.15579,2064401139.0,2024-04-16 08:00:00+00:00
1713268800000,0.15579,0.15656,0.1472,0.14783,2610753117.0,2024-04-16 12:00:00+00:00
1713283200000,0.14781,0.15508,0.14617,0.15301,1898803026.0,2024-04-16 16:00:00+00:00
1713297600000,0.15301,0.15839,0.15283,0.15594,770020031.0,2024-04-16 20:00:00+00:00
1713312000000,0.15595,0.15803,0.15417,0.15661,863055195.0,2024-04-17 00:00:00+00:00
1713326400000,0.15661,0.15866,0.15407,0.15468,903355562.0,2024-04-17 04:00:00+00:00
1713340800000,0.15467,0.15847,0.15268,0.15309,1239583474.0,2024-04-17 08:00:00+00:00
1713355200000,0.15309,0.15393,0.14415,0.14585,2848740371.0,2024-04-17 12:00:00+00:00
1713369600000,0.14585,0.15145,0.14423,0.14819,1881535338.0,2024-04-17 16:00:00+00:00
1713384000000,0.14818,0.1508,0.14635,0.14747,949968418.0,2024-04-17 20:00:00+00:00
1713398400000,0.14747,0.1505,0.14421,0.1494,1272977793.0,2024-04-18 00:00:00+00:00
1713412800000,0.1494,0.14989,0.1421,0.14249,1275190397.0,2024-04-18 04:00:00+00:00
1713427200000,0.1425,0.15034,0.14079,0.14877,1704213034.0,2024-04-18 08:00:00+00:00
1713441600000,0.14878,0.1535,0.14487,0.1505,2506386709.0,2024-04-18 12:00:00+00:00
1713456000000,0.15049,0.15141,0.1468,0.15073,1412219649.0,2024-04-18 16:00:00+00:00
1713470400000,0.15074,0.15366,0.14994,0.15215,805342133.0,2024-04-18 20:00:00+00:00
1713484800000,0.15215,0.15219,0.13874,0.14569,3104503333.0,2024-04-19 00:00:00+00:00
1713499200000,0.14568,0.15558,0.14539,0.15194,2137648436.0,2024-04-19 04:00:00+00:00
1713513600000,0.15195,0.1542,0.15053,0.15264,1244956759.0,2024-04-19 08:00:00+00:00
1713528000000,0.15264,0.15344,0.14961,0.15252,1170110155.0,2024-04-19 12:00:00+00:00
1713542400000,0.15252,0.15449,0.15006,0.15409,1199278795.0,2024-04-19 16:00:00+00:00
1713556800000,0.15409,0.15715,0.15054,0.15627,1278990376.0,2024-04-19 20:00:00+00:00
1713571200000,0.15626,0.15746,0.15264,0.15559,1331183327.0,2024-04-20 00:00:00+00:00
1713585600000,0.1556,0.157,0.15411,0.15443,674340611.0,2024-04-20 04:00:00+00:00
1713600000000,0.15443,0.1545,0.15054,0.15218,959870508.0,2024-04-20 08:00:00+00:00
1713614400000,0.15218,0.15849,0.15145,0.1579,915804217.0,2024-04-20 12:00:00+00:00
1713628800000,0.15791,0.1651,0.1565,0.16126,2251821197.0,2024-04-20 16:00:00+00:00
1713643200000,0.16125,0.16358,0.16086,0.16251,927604354.0,2024-04-20 20:00:00+00:00
1713657600000,0.16252,0.16578,0.15928,0.16318,1310826488.0,2024-04-21 00:00:00+00:00
1713672000000,0.16318,0.16521,0.16159,0.16301,800136448.0,2024-04-21 04:00:00+00:00
1713686400000,0.163,0.16353,0.16058,0.16196,679856364.0,2024-04-21 08:00:00+00:00
1713700800000,0.16197,0.16248,0.15822,0.16013,945368461.0,2024-04-21 12:00:00+00:00
1713715200000,0.16013,0.16032,0.15501,0.15706,1366306453.0,2024-04-21 16:00:00+00:00
1713729600000,0.15705,0.16034,0.15663,0.15815,669068375.0,2024-04-21 20:00:00+00:00
1713744000000,0.15814,0.16187,0.15631,0.16063,1332464175.0,2024-04-22 00:00:00+00:00
1713758400000,0.16063,0.16332,0.16013,0.16042,845965217.0,2024-04-22 04:00:00+00:00
1713772800000,0.16043,0.16148,0.1585,0.15955,744550284.0,2024-04-22 08:00:00+00:00
1713787200000,0.15955,0.16125,0.15743,0.15847,1011149202.0,2024-04-22 12:00:00+00:00
1713801600000,0.15848,0.16192,0.15771,0.16009,953145562.0,2024-04-22 16:00:00+00:00
1713816000000,0.16008,0.16257,0.15987,0.16115,533398411.0,2024-04-22 20:00:00+00:00
1713830400000,0.16115,0.16218,0.15812,0.1585,556933292.0,2024-04-23 00:00:00+00:00
1713844800000,0.15849,0.1593,0.15671,0.15738,733156553.0,2024-04-23 04:00:00+00:00
1713859200000,0.15738,0.15918,0.1567,0.158,518542223.0,2024-04-23 08:00:00+00:00
1713873600000,0.158,0.16297,0.15731,0.1611,1278531478.0,2024-04-23 12:00:00+00:00
1713888000000,0.16109,0.16288,0.16041,0.16114,670274454.0,2024-04-23 16:00:00+00:00
1713902400000,0.16114,0.16129,0.15857,0.15972,482035770.0,2024-04-23 20:00:00+00:00
1713916800000,0.15972,0.16427,0.15901,0.16268,1037125428.0,2024-04-24 00:00:00+00:00
1713931200000,0.16269,0.16344,0.16047,0.16123,929584514.0,2024-04-24 04:00:00+00:00
1713945600000,0.16122,0.1645,0.16036,0.16322,869456220.0,2024-04-24 08:00:00+00:00
1713960000000,0.16322,0.16366,0.1522,0.15266,2454338889.0,2024-04-24 12:00:00+00:00
1713974400000,0.15266,0.15557,0.15102,0.15333,1338239195.0,2024-04-24 16:00:00+00:00
1713988800000,0.15332,0.15399,0.14923,0.1513,864116377.0,2024-04-24 20:00:00+00:00
1714003200000,0.15131,0.15294,0.14906,0.15059,759090817.0,2024-04-25 00:00:00+00:00
1714017600000,0.15059,0.15193,0.14805,0.15005,769303534.0,2024-04-25 04:00:00+00:00
1714032000000,0.15006,0.15102,0.14733,0.14993,949588955.0,2024-04-25 08:00:00+00:00
1714046400000,0.14994,0.15169,0.14755,0.15141,1089668442.0,2024-04-25 12:00:00+00:00
1714060800000,0.15141,0.15284,0.15092,0.15238,761217475.0,2024-04-25 16:00:00+00:00
1714075200000,0.15238,0.15432,0.1511,0.15123,575141534.0,2024-04-25 20:00:00+00:00
1714089600000,0.15124,0.15156,0.14733,0.15053,808693789.0,2024-04-26 00:00:00+00:00
1714104000000,0.15053,0.15171,0.14972,0.15011,491118186.0,2024-04-26 04:00:00+00:00
1714118400000,0.15011,0.15151,0.1495,0.14965,543354610.0,2024-04-26 08:00:00+00:00
1714132800000,0.14964,0.15092,0.14678,0.14812,1137783803.0,2024-04-26 12:00:00+00:00
1714147200000,0.14812,0.15003,0.14747,0.14927,428089660.0,2024-04-26 16:00:00+00:00
1714161600000,0.14927,0.15023,0.14674,0.14792,458738175.0,2024-04-26 20:00:00+00:00
1714176000000,0.14791,0.14891,0.14145,0.14644,1371625896.0,2024-04-27 00:00:00+00:00
1714190400000,0.14644,0.14687,0.14442,0.145,517584218.0,2024-04-27 04:00:00+00:00
1714204800000,0.145,0.14555,0.14305,0.14405,501747497.0,2024-04-27 08:00:00+00:00
1714219200000,0.14405,0.14715,0.14368,0.14556,621095333.0,2024-04-27 12:00:00+00:00
1714233600000,0.14557,0.14965,0.14528,0.14806,868164273.0,2024-04-27 16:00:00+00:00
1714248000000,0.14807,0.14823,0.14664,0.14767,265204268.0,2024-04-27 20:00:00+00:00
1714262400000,0.14767,0.15087,0.14749,0.14991,594279059.0,2024-04-28 00:00:00+00:00
1714276800000,0.14992,0.15058,0.14933,0.15006,371544328.0,2024-04-28 04:00:00+00:00
1714291200000,0.15007,0.15028,0.14815,0.14853,475135046.0,2024-04-28 08:00:00+00:00
1714305600000,0.14853,0.15064,0.14843,0.14988,404136799.0,2024-04-28 12:00:00+00:00
1714320000000,0.14988,0.15106,0.14971,0.15005,345101823.0,2024-04-28 16:00:00+00:00
1714334400000,0.15005,0.15039,0.14588,0.14659,696734899.0,2024-04-28 20:00:00+00:00
1714348800000,0.14659,0.14803,0.14332,0.14378,837193589.0,2024-04-29 00:00:00+00:00
1714363200000,0.14377,0.14513,0.14017,0.14146,1046220956.0,2024-04-29 04:00:00+00:00
1714377600000,0.14146,0.14255,0.13943,0.14052,878141091.0,2024-04-29 08:00:00+00:00
1714392000000,0.14051,0.14338,0.13961,0.14317,1049084527.0,2024-04-29 12:00:00+00:00
1714406400000,0.14317,0.14356,0.13973,0.14098,704110049.0,2024-04-29 16:00:00+00:00
1714420800000,0.14098,0.14467,0.13958,0.14334,739972888.0,2024-04-29 20:00:00+00:00
1714435200000,0.14334,0.14593,0.14091,0.14358,910798594.0,2024-04-30 00:00:00+00:00
1714449600000,0.14359,0.14419,0.14133,0.14199,538337035.0,2024-04-30 04:00:00+00:00
1714464000000,0.142,0.14248,0.13482,0.13543,1845657818.0,2024-04-30 08:00:00+00:00
1714478400000,0.13543,0.13599,0.1322,0.13429,1500211638.0,2024-04-30 12:00:00+00:00
1714492800000,0.13429,0.1345,0.12901,0.13076,1729075565.0,2024-04-30 16:00:00+00:00
1714507200000,0.13075,0.13448,0.13073,0.13329,881622731.0,2024-04-30 20:00:00+00:00
1714521600000,0.13329,0.13387,0.12834,0.13215,1204613768.0,2024-05-01 00:00:00+00:00
1714536000000,0.13215,0.13326,0.12246,0.12462,2065905519.0,2024-05-01 04:00:00+00:00
1714550400000,0.12464,0.12557,0.12154,0.12552,1800201597.0,2024-05-01 08:00:00+00:00
1714564800000,0.12551,0.12727,0.12002,0.1209,1744474885.0,2024-05-01 12:00:00+00:00
1714579200000,0.12091,0.13284,0.12023,0.12695,3457526362.0,2024-05-01 16:00:00+00:00
1714593600000,0.12696,0.13076,0.12616,0.13014,1157372958.0,2024-05-01 20:00:00+00:00
1714608000000,0.13013,0.13071,0.12502,0.12612,1104219535.0,2024-05-02 00:00:00+00:00
1714622400000,0.12613,0.12777,0.12397,0.12682,965348878.0,2024-05-02 04:00:00+00:00
1714636800000,0.12682,0.13237,0.12651,0.13181,1391378590.0,2024-05-02 08:00:00+00:00
1714651200000,0.13181,0.13418,0.12903,0.13337,1990936552.0,2024-05-02 12:00:00+00:00
1714665600000,0.13337,0.13436,0.13196,0.13297,902886724.0,2024-05-02 16:00:00+00:00
1714680000000,0.13297,0.13391,0.13093,0.13188,619971082.0,2024-05-02 20:00:00+00:00
1714694400000,0.13187,0.13579,0.13117,0.13503,1086099418.0,2024-05-03 00:00:00+00:00
1714708800000,0.13503,0.13547,0.13166,0.1323,605521142.0,2024-05-03 04:00:00+00:00
1714723200000,0.13231,0.13366,0.13104,0.13257,647036080.0,2024-05-03 08:00:00+00:00
1714737600000,0.13256,0.13969,0.13236,0.13875,1842322982.0,2024-05-03 12:00:00+00:00
1714752000000,0.13876,0.14084,0.13875,0.14049,719421328.0,2024-05-03 16:00:00+00:00
1714766400000,0.14049,0.148,0.1403,0.14597,1316013818.0,2024-05-03 20:00:00+00:00
1714780800000,0.14597,0.15214,0.14565,0.14933,1605429433.0,2024-05-04 00:00:00+00:00
1714795200000,0.14935,0.15213,0.14865,0.15005,1053288324.0,2024-05-04 04:00:00+00:00
1714809600000,0.15005,0.16229,0.15001,0.15797,2863496168.0,2024-05-04 08:00:00+00:00
1714824000000,0.15797,0.17025,0.15717,0.16321,5106456076.0,2024-05-04 12:00:00+00:00
1714838400000,0.16321,0.16372,0.15781,0.1607,1910322541.0,2024-05-04 16:00:00+00:00
1714852800000,0.16069,0.16349,0.15888,0.16005,1094198854.0,2024-05-04 20:00:00+00:00
1714867200000,0.16005,0.16266,0.15445,0.15828,2073586532.0,2024-05-05 00:00:00+00:00
1714881600000,0.15829,0.16259,0.15814,0.16161,1600914797.0,2024-05-05 04:00:00+00:00
1714896000000,0.16161,0.16268,0.16001,0.16079,1068088543.0,2024-05-05 08:00:00+00:00
1714910400000,0.16079,0.16237,0.15864,0.16179,1341138410.0,2024-05-05 12:00:00+00:00
1714924800000,0.16179,0.16348,0.16018,0.16215,989279712.0,2024-05-05 16:00:00+00:00
1714939200000,0.16214,0.16219,0.15949,0.16089,593438433.0,2024-05-05 20:00:00+00:00
1714953600000,0.1609,0.16604,0.16087,0.1618,1326792061.0,2024-05-06 00:00:00+00:00
1714968000000,0.16181,0.16443,0.16127,0.16415,1008364698.0,2024-05-06 04:00:00+00:00
1714982400000,0.16416,0.1691,0.1598,0.16195,2699479395.0,2024-05-06 08:00:00+00:00
1714996800000,0.16195,0.16248,0.15492,0.15811,2544162360.0,2024-05-06 12:00:00+00:00
1715011200000,0.15811,0.15862,0.15406,0.15699,1215938813.0,2024-05-06 16:00:00+00:00
1715025600000,0.15699,0.1587,0.15624,0.15642,628353691.0,2024-05-06 20:00:00+00:00
1715040000000,0.15642,0.15867,0.15312,0.15481,1147565392.0,2024-05-07 00:00:00+00:00
1715054400000,0.15482,0.1569,0.15459,0.15593,717395611.0,2024-05-07 04:00:00+00:00
1715068800000,0.15593,0.1599,0.15566,0.15636,1510410909.0,2024-05-07 08:00:00+00:00
1715083200000,0.15636,0.15908,0.15475,0.15632,970599970.0,2024-05-07 12:00:00+00:00
1715097600000,0.15631,0.15707,0.15242,0.15344,778278932.0,2024-05-07 16:00:00+00:00
1715112000000,0.15343,0.15424,0.14925,0.14997,937632482.0,2024-05-07 20:00:00+00:00
1715126400000,0.14997,0.15191,0.14867,0.15138,653497058.0,2024-05-08 00:00:00+00:00
1715140800000,0.15138,0.15176,0.14729,0.14776,853732975.0,2024-05-08 04:00:00+00:00
1715155200000,0.14776,0.1495,0.1465,0.14689,905336385.0,2024-05-08 08:00:00+00:00
1715169600000,0.1469,0.15077,0.1461,0.1485,1532614666.0,2024-05-08 12:00:00+00:00
1715184000000,0.1485,0.15059,0.14611,0.14663,731545487.0,2024-05-08 16:00:00+00:00
1715198400000,0.14662,0.14723,0.142,0.14311,1119892302.0,2024-05-08 20:00:00+00:00
1715212800000,0.14311,0.14806,0.143,0.14771,670956917.0,2024-05-09 00:00:00+00:00
1715227200000,0.14771,0.14889,0.14532,0.146,853244425.0,2024-05-09 04:00:00+00:00
1715241600000,0.146,0.14672,0.14312,0.14585,1096453878.0,2024-05-09 08:00:00+00:00
1715256000000,0.14585,0.15013,0.14541,0.1488,1268184483.0,2024-05-09 12:00:00+00:00
1715270400000,0.14881,0.1503,0.14703,0.14998,869184089.0,2024-05-09 16:00:00+00:00
1715284800000,0.14998,0.15412,0.14967,0.15211,872654796.0,2024-05-09 20:00:00+00:00
1715299200000,0.15211,0.15211,0.1492,0.15056,663239633.0,2024-05-10 00:00:00+00:00
1715313600000,0.15056,0.15385,0.15017,0.15229,636688017.0,2024-05-10 04:00:00+00:00
1715328000000,0.1523,0.15248,0.14982,0.15128,540934291.0,2024-05-10 08:00:00+00:00
1715342400000,0.15127,0.15174,0.14335,0.14486,1748688534.0,2024-05-10 12:00:00+00:00
1715356800000,0.14487,0.14561,0.1426,0.14308,1266453992.0,2024-05-10 16:00:00+00:00
1715371200000,0.14309,0.14455,0.14216,0.14381,597070331.0,2024-05-10 20:00:00+00:00
1715385600000,0.1438,0.14623,0.14347,0.14388,596482565.0,2024-05-11 00:00:00+00:00
1715400000000,0.14389,0.14513,0.14378,0.14443,298770300.0,2024-05-11 04:00:00+00:00
1715414400000,0.14442,0.14464,0.14242,0.14326,465200358.0,2024-05-11 08:00:00+00:00
1715428800000,0.14326,0.14588,0.14302,0.14447,639490689.0,2024-05-11 12:00:00+00:00
1715443200000,0.14448,0.14519,0.14387,0.14466,331348705.0,2024-05-11 16:00:00+00:00
1715457600000,0.14466,0.14468,0.14251,0.143,309771222.0,2024-05-11 20:00:00+00:00
1715472000000,0.14299,0.1444,0.14276,0.14341,268491151.0,2024-05-12 00:00:00+00:00
1715486400000,0.14341,0.14416,0.1389,0.14015,963858648.0,2024-05-12 04:00:00+00:00
1715500800000,0.14015,0.14435,0.13927,0.14315,913869417.0,2024-05-12 08:00:00+00:00
1715515200000,0.14315,0.14364,0.142,0.14305,480794096.0,2024-05-12 12:00:00+00:00
1715529600000,0.14305,0.14427,0.14035,0.14091,577001620.0,2024-05-12 16:00:00+00:00
1715544000000,0.14092,0.14152,0.14,0.14111,349266500.0,2024-05-12 20:00:00+00:00
1715558400000,0.14111,0.14261,0.13574,0.13732,1322198647.0,2024-05-13 00:00:00+00:00
1715572800000,0.13732,0.14345,0.13613,0.14267,1065493999.0,2024-05-13 04:00:00+00:00
1715587200000,0.14266,0.1453,0.1418,0.14307,1320549478.0,2024-05-13 08:00:00+00:00
1715601600000,0.14307,0.15397,0.14229,0.15239,3439480834.0,2024-05-13 12:00:00+00:00
1715616000000,0.15239,0.15728,0.14778,0.15063,2787708258.0,2024-05-13 16:00:00+00:00
1715630400000,0.15063,0.15099,0.1474,0.14856,618847681.0,2024-05-13 20:00:00+00:00
1715644800000,0.14856,0.15053,0.14703,0.14989,1041545348.0,2024-05-14 00:00:00+00:00
1715659200000,0.14988,0.15279,0.146,0.1523,1661779706.0,2024-05-14 04:00:00+00:00
1715673600000,0.1523,0.15246,0.1479,0.1522,1198669892.0,2024-05-14 08:00:00+00:00
1715688000000,0.1522,0.1551,0.14598,0.14812,3001453347.0,2024-05-14 12:00:00+00:00
1715702400000,0.14812,0.14845,0.14456,0.14605,1142043278.0,2024-05-14 16:00:00+00:00
1715716800000,0.14605,0.14741,0.14422,0.14543,604518694.0,2024-05-14 20:00:00+00:00
1715731200000,0.14543,0.14705,0.14537,0.14635,485400356.0,2024-05-15 00:00:00+00:00
1715745600000,0.14634,0.14951,0.1452,0.14944,782375399.0,2024-05-15 04:00:00+00:00
1715760000000,0.14944,0.15193,0.14776,0.14934,1350857682.0,2024-05-15 08:00:00+00:00
1715774400000,0.14935,0.15436,0.14784,0.15122,2034072440.0,2024-05-15 12:00:00+00:00
1715788800000,0.15123,0.15399,0.14947,0.15351,1100006562.0,2024-05-15 16:00:00+00:00
1715803200000,0.15351,0.15696,0.15296,0.15527,917353791.0,2024-05-15 20:00:00+00:00
1715817600000,0.15527,0.15931,0.15355,0.15755,1105326559.0,2024-05-16 00:00:00+00:00
1715832000000,0.15755,0.15761,0.15534,0.15604,596110117.0,2024-05-16 04:00:00+00:00
1715846400000,0.15604,0.15639,0.15408,0.15514,614106588.0,2024-05-16 08:00:00+00:00
1715860800000,0.15513,0.15533,0.14935,0.15144,1305186883.0,2024-05-16 12:00:00+00:00
1715875200000,0.15144,0.15163,0.149,0.14985,593242920.0,2024-05-16 16:00:00+00:00
1715889600000,0.14984,0.15044,0.14857,0.14963,430337399.0,2024-05-16 20:00:00+00:00
1715904000000,0.14962,0.15118,0.14926,0.15049,439226992.0,2024-05-17 00:00:00+00:00
1715918400000,0.15049,0.1539,0.1491,0.15368,615119057.0,2024-05-17 04:00:00+00:00
1715932800000,0.15369,0.15403,0.15179,0.15206,452835205.0,2024-05-17 08:00:00+00:00
1715947200000,0.15207,0.15615,0.15105,0.15555,865852038.0,2024-05-17 12:00:00+00:00
1715961600000,0.15554,0.15664,0.15249,0.15399,626619770.0,2024-05-17 16:00:00+00:00
1715976000000,0.154,0.15617,0.15374,0.15549,439951757.0,2024-05-17 20:00:00+00:00
1715990400000,0.1555,0.15688,0.15419,0.15615,490978176.0,2024-05-18 00:00:00+00:00
1716004800000,0.15616,0.15668,0.15416,0.1545,395757996.0,2024-05-18 04:00:00+00:00
1716019200000,0.15449,0.15643,0.15433,0.15596,415691237.0,2024-05-18 08:00:00+00:00
1716033600000,0.15595,0.15615,0.15112,0.15282,1009684470.0,2024-05-18 12:00:00+00:00
1716048000000,0.15283,0.15359,0.15213,0.15297,287666281.0,2024-05-18 16:00:00+00:00
1716062400000,0.15298,0.15391,0.15241,0.15295,238813610.0,2024-05-18 20:00:00+00:00
1716076800000,0.15295,0.156,0.15245,0.15568,440948968.0,2024-05-19 00:00:00+00:00
1716091200000,0.15568,0.15591,0.15307,0.15397,465483771.0,2024-05-19 04:00:00+00:00
1716105600000,0.15397,0.15402,0.15106,0.15208,640904047.0,2024-05-19 08:00:00+00:00
1716120000000,0.15208,0.15212,0.14818,0.15032,957614953.0,2024-05-19 12:00:00+00:00
1716134400000,0.15032,0.15051,0.14847,0.14888,515352086.0,2024-05-19 16:00:00+00:00
1716148800000,0.14889,0.14955,0.1473,0.14899,334243013.0,2024-05-19 20:00:00+00:00
1716163200000,0.14899,0.15177,0.14755,0.15085,655292032.0,2024-05-20 00:00:00+00:00
1716177600000,0.15084,0.15332,0.14875,0.15099,706173254.0,2024-05-20 04:00:00+00:00
1716192000000,0.15098,0.1525,0.15056,0.15073,452247303.0,2024-05-20 08:00:00+00:00
1716206400000,0.15073,0.15305,0.15036,0.15229,585656183.0,2024-05-20 12:00:00+00:00
1716220800000,0.15228,0.15774,0.15155,0.15759,1394873340.0,2024-05-20 16:00:00+00:00
1716235200000,0.15759,0.16637,0.15573,0.16572,2303300996.0,2024-05-20 20:00:00+00:00
1716249600000,0.16573,0.16739,0.16076,0.16343,1395265488.0,2024-05-21 00:00:00+00:00
1716264000000,0.16343,0.16442,0.16088,0.1641,619797706.0,2024-05-21 04:00:00+00:00
1716278400000,0.16411,0.16609,0.16328,0.16472,760527641.0,2024-05-21 08:00:00+00:00
1716292800000,0.16473,0.17346,0.16374,0.16632,2848820612.0,2024-05-21 12:00:00+00:00
1716307200000,0.16632,0.17034,0.1632,0.16435,1616131404.0,2024-05-21 16:00:00+00:00
1716321600000,0.16435,0.17137,0.16416,0.17035,943677544.0,2024-05-21 20:00:00+00:00
1716336000000,0.17034,0.1748,0.17017,0.17089,1384952974.0,2024-05-22 00:00:00+00:00
1716350400000,0.17089,0.17133,0.16499,0.16817,1009862529.0,2024-05-22 04:00:00+00:00
1716364800000,0.16817,0.17,0.1653,0.1653,891398987.0,2024-05-22 08:00:00+00:00
1716379200000,0.1653,0.17087,0.16175,0.16981,1756697474.0,2024-05-22 12:00:00+00:00
1716393600000,0.16982,0.17013,0.16384,0.16537,939996446.0,2024-05-22 16:00:00+00:00
1716408000000,0.16537,0.16854,0.16459,0.16637,552931314.0,2024-05-22 20:00:00+00:00
1716422400000,0.16638,0.1678,0.1643,0.16744,522683336.0,2024-05-23 00:00:00+00:00
1716436800000,0.16745,0.168,0.16521,0.16709,518043914.0,2024-05-23 04:00:00+00:00
1716451200000,0.1671,0.16929,0.1651,0.16915,701266736.0,2024-05-23 08:00:00+00:00
1716465600000,0.16914,0.16954,0.15572,0.15954,2815840305.0,2024-05-23 12:00:00+00:00
1716480000000,0.15954,0.16141,0.15604,0.15781,1057804243.0,2024-05-23 16:00:00+00:00
1716494400000,0.15783,0.16212,0.15004,0.15973,2138118733.0,2024-05-23 20:00:00+00:00
1716508800000,0.15973,0.1604,0.15813,0.15968,435152989.0,2024-05-24 00:00:00+00:00
1716523200000,0.15967,0.17118,0.15502,0.15852,4271766678.0,2024-05-24 04:00:00+00:00
1716537600000,0.15852,0.16387,0.15627,0.16339,1008356975.0,2024-05-24 08:00:00+00:00
1716552000000,0.16338,0.17337,0.162,0.16665,2967899429.0,2024-05-24 12:00:00+00:00
1716566400000,0.16664,0.16756,0.16372,0.16557,1027650459.0,2024-05-24 16:00:00+00:00
1716580800000,0.16557,0.16649,0.16258,0.16388,541249812.0,2024-05-24 20:00:00+00:00
1716595200000,0.16387,0.16459,0.16271,0.16419,433844574.0,2024-05-25 00:00:00+00:00
1716609600000,0.16418,0.16605,0.16372,0.16559,585054507.0,2024-05-25 04:00:00+00:00
1716624000000,0.16559,0.16984,0.16519,0.16695,1105589220.0,2024-05-25 08:00:00+00:00
1716638400000,0.16696,0.16889,0.16426,0.16703,1002245510.0,2024-05-25 12:00:00+00:00
1716652800000,0.16703,0.17106,0.16688,0.17003,799105626.0,2024-05-25 16:00:00+00:00
1716667200000,0.17003,0.17442,0.16879,0.1741,680991708.0,2024-05-25 20:00:00+00:00
1716681600000,0.1741,0.17497,0.16955,0.17391,1200450132.0,2024-05-26 00:00:00+00:00
1716696000000,0.17391,0.17391,0.17093,0.17273,751336121.0,2024-05-26 04:00:00+00:00
1716710400000,0.17272,0.17315,0.16888,0.17102,869396113.0,2024-05-26 08:00:00+00:00
1716724800000,0.17102,0.17103,0.16621,0.16743,978980514.0,2024-05-26 12:00:00+00:00
1716739200000,0.16743,0.16868,0.16661,0.16845,510335912.0,2024-05-26 16:00:00+00:00
1716753600000,0.16845,0.16864,0.16557,0.16625,394015225.0,2024-05-26 20:00:00+00:00
1716768000000,0.16625,0.16897,0.16625,0.1665,481850906.0,2024-05-27 00:00:00+00:00
1716782400000,0.16651,0.16719,0.1642,0.166,495750656.0,2024-05-27 04:00:00+00:00
1716796800000,0.16601,0.16834,0.16488,0.16785,723118441.0,2024-05-27 08:00:00+00:00
1716811200000,0.16785,0.1737,0.16738,0.17258,1336788004.0,2024-05-27 12:00:00+00:00
1716825600000,0.17258,0.17296,0.16634,0.16711,844366264.0,2024-05-27 16:00:00+00:00
1716840000000,0.16711,0.16971,0.16652,0.16919,443488797.0,2024-05-27 20:00:00+00:00
1716854400000,0.1692,0.16999,0.16412,0.16536,1121377861.0,2024-05-28 00:00:00+00:00
1716868800000,0.16537,0.1657,0.16301,0.16389,623380722.0,2024-05-28 04:00:00+00:00
1716883200000,0.16388,0.16798,0.16371,0.16596,1034987077.0,2024-05-28 08:00:00+00:00
1716897600000,0.16595,0.1663,0.16209,0.16399,1170050678.0,2024-05-28 12:00:00+00:00
1716912000000,0.16398,0.16514,0.1616,0.16487,746131094.0,2024-05-28 16:00:00+00:00
1716926400000,0.16487,0.16733,0.16444,0.16511,568825110.0,2024-05-28 20:00:00+00:00
1716940800000,0.1651,0.17114,0.165,0.17001,1011948859.0,2024-05-29 00:00:00+00:00
1716955200000,0.17,0.17102,0.16662,0.16698,1078495354.0,2024-05-29 04:00:00+00:00
1716969600000,0.16698,0.16731,0.16404,0.16454,1026077313.0,2024-05-29 08:00:00+00:00
1716984000000,0.16454,0.16705,0.16321,0.16388,1150362026.0,2024-05-29 12:00:00+00:00
1716998400000,0.16388,0.1673,0.16224,0.16527,861011185.0,2024-05-29 16:00:00+00:00
1717012800000,0.16527,0.1659,0.16285,0.16397,494933350.0,2024-05-29 20:00:00+00:00
1717027200000,0.16397,0.16568,0.16275,0.1654,553336640.0,2024-05-30 00:00:00+00:00
1717041600000,0.16539,0.16588,0.15745,0.15847,1250967571.0,2024-05-30 04:00:00+00:00
1717056000000,0.15848,0.1605,0.15642,0.1591,951456676.0,2024-05-30 08:00:00+00:00
1717070400000,0.1591,0.16495,0.15881,0.16415,1513419456.0,2024-05-30 12:00:00+00:00
1717084800000,0.16415,0.16487,0.16075,0.16116,1109592941.0,2024-05-30 16:00:00+00:00
1717099200000,0.16116,0.16117,0.15842,0.15954,560157235.0,2024-05-30 20:00:00+00:00
1717113600000,0.15953,0.16085,0.15887,0.16031,390409533.0,2024-05-31 00:00:00+00:00
1717128000000,0.16032,0.16076,0.15807,0.15991,471886033.0,2024-05-31 04:00:00+00:00
1717142400000,0.15992,0.16144,0.15862,0.16096,463838886.0,2024-05-31 08:00:00+00:00
1717156800000,0.16097,0.16309,0.1566,0.15671,1033198613.0,2024-05-31 12:00:00+00:00
1717171200000,0.15672,0.15974,0.15432,0.15923,934789416.0,2024-05-31 16:00:00+00:00
1717185600000,0.15925,0.16058,0.15843,0.15909,437617437.0,2024-05-31 20:00:00+00:00
1717200000000,0.15909,0.15986,0.15851,0.15958,269086972.0,2024-06-01 00:00:00+00:00
1717214400000,0.15959,0.15995,0.159,0.15914,207508270.0,2024-06-01 04:00:00+00:00
1717228800000,0.15915,0.16,0.15909,0.15955,204019548.0,2024-06-01 08:00:00+00:00
1717243200000,0.15955,0.16196,0.15943,0.16019,478130121.0,2024-06-01 12:00:00+00:00
1717257600000,0.1602,0.1611,0.15954,0.1609,278501936.0,2024-06-01 16:00:00+00:00
1717272000000,0.16091,0.16153,0.16015,0.16043,227143968.0,2024-06-01 20:00:00+00:00
1717286400000,0.16044,0.16149,0.15955,0.16037,285272109.0,2024-06-02 00:00:00+00:00
1717300800000,0.16038,0.16054,0.15872,0.15882,315218512.0,2024-06-02 04:00:00+00:00
1717315200000,0.15882,0.15955,0.15716,0.15933,508301092.0,2024-06-02 08:00:00+00:00
1717329600000,0.15933,0.15988,0.15834,0.15884,323408559.0,2024-06-02 12:00:00+00:00
1717344000000,0.15885,0.15902,0.15471,0.15609,644207168.0,2024-06-02 16:00:00+00:00
1717358400000,0.15608,0.15782,0.15501,0.15718,280113172.0,2024-06-02 20:00:00+00:00
1717372800000,0.15719,0.16093,0.15588,0.1599,690721293.0,2024-06-03 00:00:00+00:00
1717387200000,0.15989,0.16217,0.15897,0.16167,588623482.0,2024-06-03 04:00:00+00:00
1717401600000,0.16168,0.16279,0.16103,0.16182,674775994.0,2024-06-03 08:00:00+00:00
1717416000000,0.16182,0.16363,0.15899,0.16145,927612568.0,2024-06-03 12:00:00+00:00
1717430400000,0.16145,0.16159,0.15935,0.16031,355864969.0,2024-06-03 16:00:00+00:00
1717444800000,0.16032,0.16075,0.15789,0.15841,382333423.0,2024-06-03 20:00:00+00:00
1717459200000,0.15841,0.1598,0.15757,0.15949,380999566.0,2024-06-04 00:00:00+00:00
1717473600000,0.15948,0.15949,0.15723,0.15835,454793159.0,2024-06-04 04:00:00+00:00
1717488000000,0.15836,0.15891,0.15716,0.15848,356972759.0,2024-06-04 08:00:00+00:00
1717502400000,0.15847,0.16054,0.15844,0.16039,510350340.0,2024-06-04 12:00:00+00:00
1717516800000,0.16039,0.16199,0.15954,0.16084,570462018.0,2024-06-04 16:00:00+00:00
1717531200000,0.16084,0.16166,0.16017,0.16148,268831039.0,2024-06-04 20:00:00+00:00
1717545600000,0.16149,0.164,0.16129,0.1631,638867461.0,2024-06-05 00:00:00+00:00
1717560000000,0.16309,0.16499,0.16215,0.16412,593759466.0,2024-06-05 04:00:00+00:00
1717574400000,0.16413,0.1644,0.16222,0.16267,417811998.0,2024-06-05 08:00:00+00:00
1717588800000,0.16267,0.16425,0.16143,0.16357,659253586.0,2024-06-05 12:00:00+00:00
1717603200000,0.16358,0.16442,0.16231,0.16377,374589647.0,2024-06-05 16:00:00+00:00
1717617600000,0.16377,0.16421,0.16269,0.16341,231384985.0,2024-06-05 20:00:00+00:00
1717632000000,0.16342,0.16365,0.16241,0.16264,239443731.0,2024-06-06 00:00:00+00:00
1717646400000,0.16264,0.16289,0.16152,0.16223,331455205.0,2024-06-06 04:00:00+00:00
1717660800000,0.16223,0.16355,0.16158,0.16351,371474882.0,2024-06-06 08:00:00+00:00
1717675200000,0.16352,0.16595,0.16236,0.16313,995036525.0,2024-06-06 12:00:00+00:00
1717689600000,0.16312,0.16347,0.15902,0.15982,725688646.0,2024-06-06 16:00:00+00:00
1717704000000,0.15982,0.16103,0.15836,0.16026,363264256.0,2024-06-06 20:00:00+00:00
1717718400000,0.16025,0.16115,0.15966,0.16108,314892801.0,2024-06-07 00:00:00+00:00
1717732800000,0.16107,0.16223,0.16087,0.1611,271836130.0,2024-06-07 04:00:00+00:00
1717747200000,0.16111,0.16155,0.15993,0.16126,371182788.0,2024-06-07 08:00:00+00:00
1717761600000,0.16125,0.16204,0.15853,0.16011,967098627.0,2024-06-07 12:00:00+00:00
1717776000000,0.16012,0.16069,0.13628,0.14824,3625189830.0,2024-06-07 16:00:00+00:00
1717790400000,0.14825,0.14988,0.14726,0.14821,628165542.0,2024-06-07 20:00:00+00:00
1717804800000,0.14821,0.14872,0.14755,0.14869,390134872.0,2024-06-08 00:00:00+00:00
1717819200000,0.14868,0.14876,0.14746,0.14835,350495363.0,2024-06-08 04:00:00+00:00
1717833600000,0.14834,0.14837,0.14515,0.14558,469423914.0,2024-06-08 08:00:00+00:00
1717848000000,0.14558,0.14693,0.14354,0.14632,697584595.0,2024-06-08 12:00:00+00:00
1717862400000,0.14632,0.14689,0.14425,0.14608,426417958.0,2024-06-08 16:00:00+00:00
1717876800000,0.14607,0.14658,0.14505,0.14589,199844951.0,2024-06-08 20:00:00+00:00
1717891200000,0.14588,0.14725,0.14491,0.14562,343773951.0,2024-06-09 00:00:00+00:00
1717905600000,0.14562,0.14667,0.14503,0.14569,291256452.0,2024-06-09 04:00:00+00:00
1717920000000,0.14569,0.14629,0.14546,0.14603,204405176.0,2024-06-09 08:00:00+00:00
1717934400000,0.14603,0.14752,0.1457,0.14682,443182465.0,2024-06-09 12:00:00+00:00
1717948800000,0.14681,0.14916,0.14671,0.14778,354322669.0,2024-06-09 16:00:00+00:00
1717963200000,0.14778,0.14793,0.14657,0.14676,233883273.0,2024-06-09 20:00:00+00:00
1717977600000,0.14676,0.14689,0.14566,0.14598,249392410.0,2024-06-10 00:00:00+00:00
1717992000000,0.14598,0.14625,0.14321,0.14337,521199879.0,2024-06-10 04:00:00+00:00
1718006400000,0.14337,0.1457,0.14316,0.14494,317046280.0,2024-06-10 08:00:00+00:00
1718020800000,0.14495,0.14794,0.1439,0.14705,495328578.0,2024-06-10 12:00:00+00:00
1718035200000,0.14706,0.14729,0.14435,0.1445,346751997.0,2024-06-10 16:00:00+00:00
1718049600000,0.14451,0.14495,0.14315,0.14476,315376157.0,2024-06-10 20:00:00+00:00
1718064000000,0.14477,0.1452,0.1401,0.14217,982382575.0,2024-06-11 00:00:00+00:00
1718078400000,0.14217,0.14217,0.13814,0.14106,634399969.0,2024-06-11 04:00:00+00:00
1718092800000,0.14105,0.1424,0.14057,0.14122,418707312.0,2024-06-11 08:00:00+00:00
1718107200000,0.14123,0.14168,0.13459,0.13677,1392449584.0,2024-06-11 12:00:00+00:00
1718121600000,0.13677,0.13864,0.1335,0.13792,974909299.0,2024-06-11 16:00:00+00:00
1718136000000,0.13792,0.13903,0.13754,0.13801,215452932.0,2024-06-11 20:00:00+00:00
1718150400000,0.13801,0.13883,0.13453,0.13876,606637350.0,2024-06-12 00:00:00+00:00
1718164800000,0.13876,0.14027,0.13861,0.13998,331155275.0,2024-06-12 04:00:00+00:00
1718179200000,0.13997,0.14114,0.13903,0.13922,401437759.0,2024-06-12 08:00:00+00:00
1718193600000,0.13922,0.14999,0.1391,0.14948,2355552342.0,2024-06-12 12:00:00+00:00
1718208000000,0.14949,0.1508,0.14321,0.14412,1629982276.0,2024-06-12 16:00:00+00:00
1718222400000,0.14412,0.1465,0.14321,0.14624,369562585.0,2024-06-12 20:00:00+00:00
1718236800000,0.14623,0.14652,0.14136,0.14284,700882026.0,2024-06-13 00:00:00+00:00
1718251200000,0.14284,0.14406,0.14243,0.14396,354655066.0,2024-06-13 04:00:00+00:00
1718265600000,0.14396,0.14494,0.143,0.14345,595780057.0,2024-06-13 08:00:00+00:00
1718280000000,0.14344,0.14575,0.14026,0.14107,1129046974.0,2024-06-13 12:00:00+00:00
1718294400000,0.14106,0.14288,0.14011,0.14194,467768090.0,2024-06-13 16:00:00+00:00
1718308800000,0.14194,0.1424,0.14037,0.14111,266762032.0,2024-06-13 20:00:00+00:00
1718323200000,0.14111,0.14302,0.14039,0.14159,397276209.0,2024-06-14 00:00:00+00:00
1718337600000,0.14159,0.14331,0.14154,0.14269,283433654.0,2024-06-14 04:00:00+00:00
1718352000000,0.14269,0.14341,0.14201,0.14232,345838919.0,2024-06-14 08:00:00+00:00
1718366400000,0.14232,0.14284,0.13853,0.13938,694564318.0,2024-06-14 12:00:00+00:00
1718380800000,0.13938,0.13961,0.131,0.13346,1963858235.0,2024-06-14 16:00:00+00:00
1718395200000,0.13347,0.13626,0.13294,0.13488,490678143.0,2024-06-14 20:00:00+00:00
1718409600000,0.13488,0.136,0.13391,0.13567,322620954.0,2024-06-15 00:00:00+00:00
1718424000000,0.13568,0.13713,0.13521,0.13623,296511230.0,2024-06-15 04:00:00+00:00
1718438400000,0.13623,0.13714,0.13599,0.13672,311998356.0,2024-06-15 08:00:00+00:00
1718452800000,0.13671,0.13742,0.13598,0.13683,322684108.0,2024-06-15 12:00:00+00:00
1718467200000,0.13683,0.13702,0.13581,0.13661,290017547.0,2024-06-15 16:00:00+00:00
1718481600000,0.13662,0.13688,0.13574,0.1367,179312481.0,2024-06-15 20:00:00+00:00
1718496000000,0.1367,0.13672,0.135,0.13528,248245546.0,2024-06-16 00:00:00+00:00
1718510400000,0.13527,0.13663,0.13458,0.13616,242973662.0,2024-06-16 04:00:00+00:00
1718524800000,0.13616,0.1365,0.13533,0.1357,207393138.0,2024-06-16 08:00:00+00:00
1718539200000,0.13571,0.13706,0.13545,0.1369,277775293.0,2024-06-16 12:00:00+00:00
1718553600000,0.1369,0.13696,0.1359,0.13624,184858424.0,2024-06-16 16:00:00+00:00
1718568000000,0.13624,0.13764,0.13578,0.13705,284090729.0,2024-06-16 20:00:00+00:00
1718582400000,0.13704,0.13819,0.13438,0.13484,469790517.0,2024-06-17 00:00:00+00:00
1718596800000,0.13484,0.13574,0.13262,0.13375,425427010.0,2024-06-17 04:00:00+00:00
1718611200000,0.13374,0.13491,0.13203,0.13424,837413467.0,2024-06-17 08:00:00+00:00
1718625600000,0.13425,0.13469,0.12835,0.12949,1181882777.0,2024-06-17 12:00:00+00:00
1718640000000,0.1295,0.1339,0.126,0.13251,1585587347.0,2024-06-17 16:00:00+00:00
1718654400000,0.1325,0.13255,0.1285,0.12869,585796927.0,2024-06-17 20:00:00+00:00
1718668800000,0.12869,0.12922,0.11309,0.12171,3451123468.0,2024-06-18 00:00:00+00:00
1718683200000,0.12171,0.12334,0.12077,0.12268,653364097.0,2024-06-18 04:00:00+00:00
1718697600000,0.12267,0.12299,0.11907,0.12047,726982875.0,2024-06-18 08:00:00+00:00
1718712000000,0.12046,0.1213,0.11756,0.11934,1533405728.0,2024-06-18 12:00:00+00:00
1718726400000,0.11934,0.12053,0.11811,0.12038,756130653.0,2024-06-18 16:00:00+00:00
1718740800000,0.12037,0.12251,0.11971,0.12216,524057804.0,2024-06-18 20:00:00+00:00
1718755200000,0.12216,0.1267,0.12133,0.12562,897063736.0,2024-06-19 00:00:00+00:00
1718769600000,0.12562,0.12625,0.12494,0.12539,368306470.0,2024-06-19 04:00:00+00:00
1718784000000,0.12539,0.12587,0.12298,0.12379,827079079.0,2024-06-19 08:00:00+00:00
1718798400000,0.12379,0.12462,0.12159,0.1221,607240438.0,2024-06-19 12:00:00+00:00
1718812800000,0.12209,0.12419,0.12171,0.12262,444303528.0,2024-06-19 16:00:00+00:00
1718827200000,0.12263,0.12349,0.12167,0.12242,309103949.0,2024-06-19 20:00:00+00:00
1718841600000,0.12242,0.12414,0.12137,0.12269,511516869.0,2024-06-20 00:00:00+00:00
1718856000000,0.12268,0.12594,0.12201,0.12582,528679591.0,2024-06-20 04:00:00+00:00
1718870400000,0.12583,0.12872,0.12508,0.12641,736776139.0,2024-06-20 08:00:00+00:00
1718884800000,0.12641,0.12679,0.12182,0.12257,896811814.0,2024-06-20 12:00:00+00:00
1718899200000,0.12257,0.12515,0.12127,0.12461,627007554.0,2024-06-20 16:00:00+00:00
1718913600000,0.12461,0.12489,0.1241,0.12447,191358973.0,2024-06-20 20:00:00+00:00
1718928000000,0.12447,0.12565,0.12313,0.12384,480238815.0,2024-06-21 00:00:00+00:00
1718942400000,0.12384,0.12463,0.12311,0.12342,293561716.0,2024-06-21 04:00:00+00:00
1718956800000,0.12343,0.12506,0.12178,0.12443,709419677.0,2024-06-21 08:00:00+00:00
1718971200000,0.12443,0.12474,0.12129,0.12273,799825717.0,2024-06-21 12:00:00+00:00
1718985600000,0.12274,0.12467,0.12197,0.12411,605801406.0,2024-06-21 16:00:00+00:00
1719000000000,0.12412,0.12541,0.12318,0.12411,298639495.0,2024-06-21 20:00:00+00:00
1719014400000,0.1241,0.12478,0.1228,0.1242,272974328.0,2024-06-22 00:00:00+00:00
1719028800000,0.1242,0.12469,0.12374,0.12396,205470601.0,2024-06-22 04:00:00+00:00
1719043200000,0.12397,0.1251,0.12333,0.12453,254116194.0,2024-06-22 08:00:00+00:00
1719057600000,0.12452,0.12551,0.12414,0.12506,266642315.0,2024-06-22 12:00:00+00:00
1719072000000,0.12506,0.12526,0.124,0.12428,300247473.0,2024-06-22 16:00:00+00:00
1719086400000,0.12427,0.12432,0.12361,0.12368,235547166.0,2024-06-22 20:00:00+00:00
1719100800000,0.12368,0.12488,0.12362,0.12466,299638521.0,2024-06-23 00:00:00+00:00
1719115200000,0.12466,0.12498,0.1243,0.12487,190801990.0,2024-06-23 04:00:00+00:00
1719129600000,0.12488,0.1255,0.12404,0.12453,319333132.0,2024-06-23 08:00:00+00:00
1719144000000,0.12454,0.12482,0.12231,0.12266,393208571.0,2024-06-23 12:00:00+00:00
1719158400000,0.12265,0.12336,0.12176,0.12335,396785835.0,2024-06-23 16:00:00+00:00
1719172800000,0.12336,0.12635,0.12079,0.12214,1209326557.0,2024-06-23 20:00:00+00:00
1719187200000,0.12214,0.12389,0.11952,0.12148,804794348.0,2024-06-24 00:00:00+00:00
1719201600000,0.12147,0.12171,0.11775,0.11845,830425011.0,2024-06-24 04:00:00+00:00
1719216000000,0.11845,0.11947,0.11355,0.11715,1284371028.0,2024-06-24 08:00:00+00:00
1719230400000,0.11715,0.11961,0.1163,0.11692,694700031.0,2024-06-24 12:00:00+00:00
1719244800000,0.11692,0.11776,0.1151,0.1157,841059268.0,2024-06-24 16:00:00+00:00
1719259200000,0.1157,0.11933,0.11384,0.11894,648650730.0,2024-06-24 20:00:00+00:00
1719273600000,0.11894,0.12476,0.11873,0.12338,858332198.0,2024-06-25 00:00:00+00:00
1719288000000,0.12337,0.12451,0.12178,0.12193,784620023.0,2024-06-25 04:00:00+00:00
1719302400000,0.12194,0.12393,0.12136,0.12342,496451244.0,2024-06-25 08:00:00+00:00
1719316800000,0.12341,0.12776,0.12299,0.12702,801048117.0,2024-06-25 12:00:00+00:00
1719331200000,0.12703,0.12856,0.12555,0.12764,641696737.0,2024-06-25 16:00:00+00:00
1719345600000,0.12763,0.1278,0.12546,0.12611,346194341.0,2024-06-25 20:00:00+00:00
1719360000000,0.1261,0.12863,0.12569,0.12716,476274362.0,2024-06-26 00:00:00+00:00
1719374400000,0.12716,0.12727,0.12506,0.12576,383631958.0,2024-06-26 04:00:00+00:00
1719388800000,0.12575,0.12599,0.12407,0.12438,366295327.0,2024-06-26 08:00:00+00:00
1719403200000,0.12438,0.12534,0.12293,0.12379,502984624.0,2024-06-26 12:00:00+00:00
1719417600000,0.12379,0.12416,0.12177,0.12406,547732829.0,2024-06-26 16:00:00+00:00
1719432000000,0.12405,0.12447,0.12231,0.12274,335372778.0,2024-06-26 20:00:00+00:00
1719446400000,0.12274,0.12312,0.12185,0.12243,289129589.0,2024-06-27 00:00:00+00:00
1719460800000,0.12243,0.12251,0.12059,0.12119,344323212.0,2024-06-27 04:00:00+00:00
1719475200000,0.12119,0.12392,0.12103,0.12236,429327703.0,2024-06-27 08:00:00+00:00
1719489600000,0.12236,0.12583,0.12196,0.12358,987622864.0,2024-06-27 12:00:00+00:00
1719504000000,0.12358,0.12581,0.12307,0.12443,555058514.0,2024-06-27 16:00:00+00:00
1719518400000,0.12443,0.12843,0.12416,0.12707,540312746.0,2024-06-27 20:00:00+00:00
1719532800000,0.12707,0.12849,0.12561,0.12659,486948626.0,2024-06-28 00:00:00+00:00
1719547200000,0.12658,0.12668,0.12463,0.12528,355886399.0,2024-06-28 04:00:00+00:00
1719561600000,0.12528,0.12765,0.12492,0.12732,373122565.0,2024-06-28 08:00:00+00:00
1719576000000,0.12733,0.12798,0.12403,0.12551,941336257.0,2024-06-28 12:00:00+00:00
1719590400000,0.12551,0.12665,0.12282,0.12323,680170558.0,2024-06-28 16:00:00+00:00
1719604800000,0.12323,0.12395,0.12211,0.12301,318701308.0,2024-06-28 20:00:00+00:00
1719619200000,0.12301,0.12434,0.12297,0.12399,257353651.0,2024-06-29 00:00:00+00:00
1719633600000,0.12399,0.1243,0.12304,0.12391,177715320.0,2024-06-29 04:00:00+00:00
1719648000000,0.12391,0.12436,0.12338,0.12409,171175242.0,2024-06-29 08:00:00+00:00
1719662400000,0.1241,0.12425,0.12306,0.12366,197440172.0,2024-06-29 12:00:00+00:00
1719676800000,0.12366,0.12371,0.12214,0.12268,167457445.0,2024-06-29 16:00:00+00:00
1719691200000,0.12267,0.12285,0.12133,0.1218,217087125.0,2024-06-29 20:00:00+00:00
1719705600000,0.1218,0.12229,0.12054,0.12101,276260996.0,2024-06-30 00:00:00+00:00
1719720000000,0.12101,0.12302,0.12043,0.12257,322440508.0,2024-06-30 04:00:00+00:00
1719734400000,0.12257,0.12344,0.12204,0.12235,233695786.0,2024-06-30 08:00:00+00:00
1719748800000,0.12236,0.12288,0.12168,0.12277,204033594.0,2024-06-30 12:00:00+00:00
1719763200000,0.12278,0.12389,0.12218,0.1237,252480395.0,2024-06-30 16:00:00+00:00
1719777600000,0.12371,0.1256,0.12286,0.12445,389697706.0,2024-06-30 20:00:00+00:00
1719792000000,0.12445,0.12748,0.12403,0.12662,505067145.0,2024-07-01 00:00:00+00:00
1719806400000,0.12663,0.12692,0.126,0.12639,215106027.0,2024-07-01 04:00:00+00:00
1719820800000,0.1264,0.12648,0.12426,0.12455,355685959.0,2024-07-01 08:00:00+00:00
1719835200000,0.12455,0.1251,0.12316,0.12469,498601160.0,2024-07-01 12:00:00+00:00
1719849600000,0.1247,0.12621,0.12442,0.12502,343496873.0,2024-07-01 16:00:00+00:00
1719864000000,0.12503,0.1254,0.12318,0.12345,277023187.0,2024-07-01 20:00:00+00:00
1719878400000,0.12344,0.12416,0.12267,0.12385,317651813.0,2024-07-02 00:00:00+00:00
1719892800000,0.12385,0.12428,0.12276,0.12292,242692503.0,2024-07-02 04:00:00+00:00
1719907200000,0.12292,0.12407,0.1227,0.12404,188632160.0,2024-07-02 08:00:00+00:00
1719921600000,0.12405,0.12477,0.12235,0.12279,490080932.0,2024-07-02 12:00:00+00:00
1719936000000,0.12279,0.12541,0.12243,0.12412,367747957.0,2024-07-02 16:00:00+00:00
1719950400000,0.12412,0.12532,0.12385,0.12529,212314875.0,2024-07-02 20:00:00+00:00
1719964800000,0.12528,0.12554,0.12078,0.12236,603777587.0,2024-07-03 00:00:00+00:00
1719979200000,0.12236,0.12238,0.12122,0.1215,303645862.0,2024-07-03 04:00:00+00:00
1719993600000,0.1215,0.12206,0.11834,0.11919,845458223.0,2024-07-03 08:00:00+00:00
1720008000000,0.11919,0.11987,0.11752,0.11817,734621042.0,2024-07-03 12:00:00+00:00
1720022400000,0.11817,0.11923,0.11668,0.11749,505916556.0,2024-07-03 16:00:00+00:00
1720036800000,0.11749,0.11869,0.11685,0.11842,315696644.0,2024-07-03 20:00:00+00:00
1720051200000,0.11842,0.11906,0.11167,0.11539,1704287749.0,2024-07-04 00:00:00+00:00
1720065600000,0.11538,0.11545,0.11152,0.11209,643496542.0,2024-07-04 04:00:00+00:00
1720080000000,0.11208,0.11244,0.1097,0.11075,1118074838.0,2024-07-04 08:00:00+00:00
1720094400000,0.11074,0.11081,0.10532,0.10973,2177500812.0,2024-07-04 12:00:00+00:00
1720108800000,0.10973,0.10974,0.10731,0.10761,644460995.0,2024-07-04 16:00:00+00:00
1720123200000,0.10761,0.10979,0.10374,0.10497,881246474.0,2024-07-04 20:00:00+00:00
1720137600000,0.10497,0.10514,0.09099,0.09408,4399406605.0,2024-07-05 00:00:00+00:00
1720152000000,0.09408,0.0982,0.09206,0.09636,1886729163.0,2024-07-05 04:00:00+00:00
1720166400000,0.09637,0.10007,0.09381,0.0998,1253323564.0,2024-07-05 08:00:00+00:00
1720180800000,0.09979,0.1037,0.09862,0.10336,1337297371.0,2024-07-05 12:00:00+00:00
1720195200000,0.10336,0.1052,0.10248,0.10421,813434258.0,2024-07-05 16:00:00+00:00
1720209600000,0.10422,0.10642,0.10359,0.10537,586671449.0,2024-07-05 20:00:00+00:00
1720224000000,0.10537,0.10917,0.10464,0.10607,1061348571.0,2024-07-06 00:00:00+00:00
1720238400000,0.10608,0.1093,0.10544,0.10805,693862364.0,2024-07-06 04:00:00+00:00
1720252800000,0.10805,0.10971,0.10728,0.10914,613714094.0,2024-07-06 08:00:00+00:00
1720267200000,0.10913,0.1101,0.10703,0.10916,868484591.0,2024-07-06 12:00:00+00:00
1720281600000,0.10915,0.11356,0.10847,0.11257,901626797.0,2024-07-06 16:00:00+00:00
1720296000000,0.11257,0.11413,0.11242,0.11337,457254774.0,2024-07-06 20:00:00+00:00
1720310400000,0.11338,0.11345,0.11029,0.11174,740038527.0,2024-07-07 00:00:00+00:00
1720324800000,0.11174,0.1119,0.109,0.10994,560096127.0,2024-07-07 04:00:00+00:00
1720339200000,0.10995,0.11114,0.1095,0.11022,308887067.0,2024-07-07 08:00:00+00:00
1720353600000,0.11022,0.11068,0.10501,0.10673,956956313.0,2024-07-07 12:00:00+00:00
1720368000000,0.10673,0.10906,0.10637,0.10748,403322070.0,2024-07-07 16:00:00+00:00
1720382400000,0.10749,0.10792,0.10353,0.10409,540086455.0,2024-07-07 20:00:00+00:00
1720396800000,0.10409,0.10458,0.09867,0.10228,1552185193.0,2024-07-08 00:00:00+00:00
1720411200000,0.10227,0.10524,0.10184,0.10422,634751942.0,2024-07-08 04:00:00+00:00
1720425600000,0.10422,0.11133,0.1039,0.10932,1353863898.0,2024-07-08 08:00:00+00:00
1720440000000,0.10932,0.11,0.10361,0.10542,1507112409.0,2024-07-08 12:00:00+00:00
1720454400000,0.10542,0.10785,0.10475,0.1077,437955295.0,2024-07-08 16:00:00+00:00
1720468800000,0.10769,0.10858,0.10664,0.10752,304405957.0,2024-07-08 20:00:00+00:00
1720483200000,0.10752,0.10863,0.10571,0.10799,550200470.0,2024-07-09 00:00:00+00:00
1720497600000,0.108,0.1092,0.10747,0.10791,352567734.0,2024-07-09 04:00:00+00:00
1720512000000,0.10792,0.10948,0.10736,0.10831,419613477.0,2024-07-09 08:00:00+00:00
1720526400000,0.1083,0.10921,0.10652,0.10777,641480819.0,2024-07-09 12:00:00+00:00
1720540800000,0.10777,0.10842,0.10661,0.10733,333537412.0,2024-07-09 16:00:00+00:00
1720555200000,0.10732,0.10811,0.10681,0.10751,232610290.0,2024-07-09 20:00:00+00:00
1720569600000,0.1075,0.10786,0.10564,0.10781,364961258.0,2024-07-10 00:00:00+00:00
1720584000000,0.10781,0.11043,0.10781,0.1096,639023299.0,2024-07-10 04:00:00+00:00
1720598400000,0.1096,0.10973,0.10819,0.10937,376440792.0,2024-07-10 08:00:00+00:00
1720612800000,0.10937,0.10992,0.10798,0.10936,474165363.0,2024-07-10 12:00:00+00:00
1720627200000,0.10935,0.11049,0.10764,0.10788,402087678.0,2024-07-10 16:00:00+00:00
1720641600000,0.10789,0.10813,0.10663,0.10794,209785647.0,2024-07-10 20:00:00+00:00
1720656000000,0.10794,0.10896,0.10624,0.10733,383839255.0,2024-07-11 00:00:00+00:00
1720670400000,0.10731,0.10901,0.10709,0.10892,193638050.0,2024-07-11 04:00:00+00:00
1720684800000,0.10891,0.11011,0.1085,0.10977,251021257.0,2024-07-11 08:00:00+00:00
1720699200000,0.10976,0.11238,0.10673,0.10726,1075540727.0,2024-07-11 12:00:00+00:00
1720713600000,0.10726,0.10844,0.10638,0.10704,274419628.0,2024-07-11 16:00:00+00:00
1720728000000,0.10705,0.10732,0.10607,0.10656,306952174.0,2024-07-11 20:00:00+00:00
1720742400000,0.10656,0.10759,0.1047,0.10611,488922252.0,2024-07-12 00:00:00+00:00
1720756800000,0.10611,0.10685,0.10546,0.10614,227661145.0,2024-07-12 04:00:00+00:00
1720771200000,0.10614,0.1065,0.10484,0.10573,275793587.0,2024-07-12 08:00:00+00:00
1720785600000,0.10573,0.1075,0.10544,0.10726,379169121.0,2024-07-12 12:00:00+00:00
1720800000000,0.10725,0.10827,0.10681,0.10731,271584080.0,2024-07-12 16:00:00+00:00
1720814400000,0.10731,0.10762,0.10619,0.10759,201267992.0,2024-07-12 20:00:00+00:00
1720828800000,0.10759,0.1082,0.10721,0.10782,154685390.0,2024-07-13 00:00:00+00:00
1720843200000,0.10781,0.1093,0.10733,0.10927,280865733.0,2024-07-13 04:00:00+00:00
1720857600000,0.10927,0.11008,0.1086,0.10954,299102751.0,2024-07-13 08:00:00+00:00
1720872000000,0.10955,0.11108,0.1091,0.11071,449993234.0,2024-07-13 12:00:00+00:00
1720886400000,0.11072,0.11246,0.10973,0.11231,522192952.0,2024-07-13 16:00:00+00:00
1720900800000,0.1123,0.11298,0.11083,0.11227,473905200.0,2024-07-13 20:00:00+00:00
1720915200000,0.11226,0.11457,0.11186,0.11255,681320120.0,2024-07-14 00:00:00+00:00
1720929600000,0.11255,0.11404,0.11236,0.1135,334097578.0,2024-07-14 04:00:00+00:00
1720944000000,0.11351,0.1142,0.11261,0.11277,280402495.0,2024-07-14 08:00:00+00:00
1720958400000,0.11278,0.11278,0.11105,0.11269,371680303.0,2024-07-14 12:00:00+00:00
1720972800000,0.1127,0.11286,0.11222,0.11258,144698063.0,2024-07-14 16:00:00+00:00
1720987200000,0.11259,0.11696,0.11248,0.11526,586196541.0,2024-07-14 20:00:00+00:00
1721001600000,0.11527,0.11877,0.11451,0.1177,694828203.0,2024-07-15 00:00:00+00:00
1721016000000,0.11771,0.11912,0.11701,0.11866,372506529.0,2024-07-15 04:00:00+00:00
1721030400000,0.11865,0.11964,0.11663,0.11708,474115802.0,2024-07-15 08:00:00+00:00
1721044800000,0.11708,0.11971,0.11668,0.11859,880545180.0,2024-07-15 12:00:00+00:00
1721059200000,0.11858,0.1221,0.11813,0.12119,787082261.0,2024-07-15 16:00:00+00:00
1721073600000,0.1212,0.12549,0.12111,0.12482,621412162.0,2024-07-15 20:00:00+00:00
1721088000000,0.12481,0.1278,0.12399,0.12611,851235369.0,2024-07-16 00:00:00+00:00
1721102400000,0.12611,0.12655,0.12044,0.12078,915048115.0,2024-07-16 04:00:00+00:00
1721116800000,0.12078,0.12253,0.11888,0.1222,695945685.0,2024-07-16 08:00:00+00:00
1721131200000,0.1222,0.12574,0.12105,0.12558,705922272.0,2024-07-16 12:00:00+00:00
1721145600000,0.12559,0.12696,0.12421,0.12564,660657697.0,2024-07-16 16:00:00+00:00
1721160000000,0.12563,0.12606,0.12327,0.12474,438410916.0,2024-07-16 20:00:00+00:00
1721174400000,0.12474,0.12765,0.12447,0.12546,514639454.0,2024-07-17 00:00:00+00:00
1721188800000,0.12547,0.1265,0.12507,0.12534,321792600.0,2024-07-17 04:00:00+00:00
1721203200000,0.12535,0.12596,0.12343,0.12402,526910808.0,2024-07-17 08:00:00+00:00
1721217600000,0.12403,0.12609,0.12251,0.12284,749488789.0,2024-07-17 12:00:00+00:00
1721232000000,0.12284,0.12315,0.12025,0.12288,666333305.0,2024-07-17 16:00:00+00:00
1721246400000,0.12288,0.12369,0.1213,0.12172,305400876.0,2024-07-17 20:00:00+00:00
1721260800000,0.12172,0.1239,0.1217,0.1233,335955490.0,2024-07-18 00:00:00+00:00
1721275200000,0.12331,0.1234,0.1207,0.12149,434446265.0,2024-07-18 04:00:00+00:00
1721289600000,0.12149,0.12233,0.12005,0.12185,488937289.0,2024-07-18 08:00:00+00:00
1721304000000,0.12185,0.12301,0.11781,0.11792,845387444.0,2024-07-18 12:00:00+00:00
1721318400000,0.11792,0.11963,0.11703,0.11799,466067343.0,2024-07-18 16:00:00+00:00
1721332800000,0.11799,0.11987,0.11763,0.11948,195080063.0,2024-07-18 20:00:00+00:00
1721347200000,0.11948,0.121,0.11735,0.12083,391571924.0,2024-07-19 00:00:00+00:00
1721361600000,0.12083,0.12126,0.11866,0.11913,320301753.0,2024-07-19 04:00:00+00:00
1721376000000,0.11912,0.11954,0.11774,0.11939,398685593.0,2024-07-19 08:00:00+00:00
1721390400000,0.11938,0.12336,0.1189,0.12322,657503995.0,2024-07-19 12:00:00+00:00
1721404800000,0.12322,0.12599,0.12318,0.12519,733542282.0,2024-07-19 16:00:00+00:00
1721419200000,0.12519,0.126,0.12445,0.12541,319181799.0,2024-07-19 20:00:00+00:00
1721433600000,0.12541,0.12626,0.12423,0.12535,362337594.0,2024-07-20 00:00:00+00:00
1721448000000,0.12535,0.12963,0.12508,0.12741,785180927.0,2024-07-20 04:00:00+00:00
1721462400000,0.1274,0.1278,0.12568,0.1259,448501486.0,2024-07-20 08:00:00+00:00
1721476800000,0.12591,0.135,0.12519,0.13477,1534316092.0,2024-07-20 12:00:00+00:00
1721491200000,0.13477,0.13578,0.13255,0.13364,1374393617.0,2024-07-20 16:00:00+00:00
1721505600000,0.13364,0.13533,0.13285,0.1342,425599816.0,2024-07-20 20:00:00+00:00
1721520000000,0.13421,0.13458,0.13183,0.13215,437700788.0,2024-07-21 00:00:00+00:00
1721534400000,0.13215,0.13258,0.1296,0.13086,628691716.0,2024-07-21 04:00:00+00:00
1721548800000,0.13086,0.13215,0.13064,0.13154,424537931.0,2024-07-21 08:00:00+00:00
1721563200000,0.13153,0.13278,0.13028,0.13146,541649295.0,2024-07-21 12:00:00+00:00
1721577600000,0.13145,0.13424,0.12564,0.13393,1797855118.0,2024-07-21 16:00:00+00:00
1721592000000,0.13393,0.14372,0.1328,0.14025,2482183961.0,2024-07-21 20:00:00+00:00
1721606400000,0.14025,0.14157,0.13812,0.14147,822435567.0,2024-07-22 00:00:00+00:00
1721620800000,0.14148,0.14265,0.13645,0.13696,961730596.0,2024-07-22 04:00:00+00:00
1721635200000,0.13696,0.13893,0.1355,0.13866,834521598.0,2024-07-22 08:00:00+00:00
1721649600000,0.13867,0.14183,0.13595,0.13971,1489697705.0,2024-07-22 12:00:00+00:00
1721664000000,0.1397,0.14222,0.13788,0.14208,1053363413.0,2024-07-22 16:00:00+00:00
1721678400000,0.14207,0.14238,0.13678,0.1377,792931700.0,2024-07-22 20:00:00+00:00
1721692800000,0.1377,0.13918,0.1367,0.1377,469826407.0,2024-07-23 00:00:00+00:00
1721707200000,0.1377,0.1382,0.13302,0.13446,961335875.0,2024-07-23 04:00:00+00:00
1721721600000,0.13446,0.13654,0.13337,0.13451,648308936.0,2024-07-23 08:00:00+00:00
1721736000000,0.13451,0.13466,0.12964,0.13183,1451511924.0,2024-07-23 12:00:00+00:00
1721750400000,0.13182,0.13232,0.128,0.13041,900917974.0,2024-07-23 16:00:00+00:00
1721764800000,0.1304,0.13168,0.12951,0.13024,367793923.0,2024-07-23 20:00:00+00:00
1721779200000,0.13023,0.13172,0.12914,0.13124,392655802.0,2024-07-24 00:00:00+00:00
1721793600000,0.13123,0.13233,0.12972,0.13224,308315694.0,2024-07-24 04:00:00+00:00
1721808000000,0.13225,0.13398,0.13175,0.13314,419420342.0,2024-07-24 08:00:00+00:00
1721822400000,0.13315,0.13477,0.13124,0.13154,688683550.0,2024-07-24 12:00:00+00:00
1721836800000,0.13156,0.13274,0.1293,0.12975,588651349.0,2024-07-24 16:00:00+00:00
1721851200000,0.12975,0.13073,0.12678,0.12786,585267590.0,2024-07-24 20:00:00+00:00
1721865600000,0.12785,0.12869,0.12151,0.12271,1510834522.0,2024-07-25 00:00:00+00:00
1721880000000,0.12271,0.12454,0.12192,0.12357,405581830.0,2024-07-25 04:00:00+00:00
1721894400000,0.12357,0.12516,0.12309,0.12422,435563182.0,2024-07-25 08:00:00+00:00
1721908800000,0.12421,0.1255,0.12221,0.12407,793578273.0,2024-07-25 12:00:00+00:00
1721923200000,0.12406,0.12514,0.12069,0.12205,626388599.0,2024-07-25 16:00:00+00:00
1721937600000,0.12205,0.12558,0.12,0.12516,612933768.0,2024-07-25 20:00:00+00:00
1721952000000,0.12517,0.12955,0.12498,0.12863,732025454.0,2024-07-26 00:00:00+00:00
1721966400000,0.12863,0.12984,0.12829,0.129,300911736.0,2024-07-26 04:00:00+00:00
1721980800000,0.129,0.13035,0.12889,0.12969,333683756.0,2024-07-26 08:00:00+00:00
1721995200000,0.1297,0.13096,0.12892,0.13014,555711321.0,2024-07-26 12:00:00+00:00
1722009600000,0.13015,0.13475,0.1299,0.13353,843881561.0,2024-07-26 16:00:00+00:00
1722024000000,0.13354,0.13493,0.13232,0.13416,352089927.0,2024-07-26 20:00:00+00:00
1722038400000,0.13416,0.13473,0.13284,0.13418,380978757.0,2024-07-27 00:00:00+00:00
1722052800000,0.13418,0.135,0.13351,0.13415,235978658.0,2024-07-27 04:00:00+00:00
1722067200000,0.13416,0.13589,0.13374,0.13476,383572261.0,2024-07-27 08:00:00+00:00
1722081600000,0.13476,0.13878,0.13352,0.13451,988842890.0,2024-07-27 12:00:00+00:00
1722096000000,0.13451,0.13822,0.13082,0.1361,2762047306.0,2024-07-27 16:00:00+00:00
1722110400000,0.13609,0.13614,0.13001,0.13141,1663862721.0,2024-07-27 20:00:00+00:00
1722124800000,0.13141,0.13179,0.1292,0.12951,553250826.0,2024-07-28 00:00:00+00:00
1722139200000,0.12951,0.13054,0.12805,0.13045,483493314.0,2024-07-28 04:00:00+00:00
1722153600000,0.13045,0.13177,0.1297,0.13076,418805359.0,2024-07-28 08:00:00+00:00
1722168000000,0.13077,0.13132,0.12901,0.1294,389444987.0,2024-07-28 12:00:00+00:00
1722182400000,0.1294,0.13083,0.12922,0.12987,236047083.0,2024-07-28 16:00:00+00:00
1722196800000,0.12987,0.13005,0.12852,0.12996,224787668.0,2024-07-28 20:00:00+00:00
1722211200000,0.12995,0.13476,0.12959,0.13358,901234136.0,2024-07-29 00:00:00+00:00
1722225600000,0.13358,0.13486,0.13284,0.13457,485466039.0,2024-07-29 04:00:00+00:00
1722240000000,0.13456,0.13505,0.13324,0.13328,661153824.0,2024-07-29 08:00:00+00:00
1722254400000,0.13329,0.13417,0.12875,0.12985,872611397.0,2024-07-29 12:00:00+00:00
1722268800000,0.12985,0.13019,0.12796,0.1293,559708524.0,2024-07-29 16:00:00+00:00
1722283200000,0.12931,0.12987,0.12744,0.12837,354093926.0,2024-07-29 20:00:00+00:00
1722297600000,0.12837,0.1305,0.12701,0.12922,504724137.0,2024-07-30 00:00:00+00:00
1722312000000,0.12923,0.13058,0.12857,0.13004,290021242.0,2024-07-30 04:00:00+00:00
1722326400000,0.13003,0.1302,0.12881,0.12905,311717504.0,2024-07-30 08:00:00+00:00
1722340800000,0.12904,0.12955,0.12631,0.12725,659336400.0,2024-07-30 12:00:00+00:00
1722355200000,0.12724,0.12813,0.12423,0.12511,593073213.0,2024-07-30 16:00:00+00:00
1722369600000,0.12511,0.12621,0.12308,0.12542,510153332.0,2024-07-30 20:00:00+00:00
1722384000000,0.12543,0.12621,0.12459,0.12525,297442148.0,2024-07-31 00:00:00+00:00
1722398400000,0.12525,0.127,0.12356,0.12601,459406027.0,2024-07-31 04:00:00+00:00
1722412800000,0.12601,0.12638,0.1248,0.12546,286117523.0,2024-07-31 08:00:00+00:00
1722427200000,0.12547,0.1273,0.12524,0.12611,447514521.0,2024-07-31 12:00:00+00:00
1722441600000,0.12611,0.12699,0.12209,0.12288,724027751.0,2024-07-31 16:00:00+00:00
1722456000000,0.12287,0.1231,0.12107,0.12187,526907700.0,2024-07-31 20:00:00+00:00
1722470400000,0.12186,0.12308,0.12055,0.12093,511117931.0,2024-08-01 00:00:00+00:00
1722484800000,0.12092,0.12137,0.118,0.12031,710011688.0,2024-08-01 04:00:00+00:00
1722499200000,0.1203,0.12148,0.1199,0.12039,292795178.0,2024-08-01 08:00:00+00:00
1722513600000,0.12039,0.12139,0.11506,0.11584,1081863205.0,2024-08-01 12:00:00+00:00
1722528000000,0.11584,0.11611,0.112,0.11488,1262448725.0,2024-08-01 16:00:00+00:00
1722542400000,0.11487,0.1199,0.11425,0.11895,673827970.0,2024-08-01 20:00:00+00:00
1722556800000,0.11894,0.11969,0.11569,0.11771,435076522.0,2024-08-02 00:00:00+00:00
1722571200000,0.11771,0.11803,0.11437,0.11626,399158950.0,2024-08-02 04:00:00+00:00
1722585600000,0.11626,0.11793,0.1156,0.11716,314842514.0,2024-08-02 08:00:00+00:00
1722600000000,0.11716,0.11949,0.11012,0.1132,1612690537.0,2024-08-02 12:00:00+00:00
1722614400000,0.1132,0.11405,0.11152,0.11251,667726404.0,2024-08-02 16:00:00+00:00
1722628800000,0.11251,0.11344,0.11023,0.11149,721168097.0,2024-08-02 20:00:00+00:00
1722643200000,0.11148,0.11275,0.1082,0.1126,897955550.0,2024-08-03 00:00:00+00:00
1722657600000,0.11261,0.11468,0.11217,0.11379,322136387.0,2024-08-03 04:00:00+00:00
1722672000000,0.11378,0.11382,0.11221,0.11284,387839690.0,2024-08-03 08:00:00+00:00
1722686400000,0.11284,0.1142,0.11039,0.11054,592539482.0,2024-08-03 12:00:00+00:00
1722700800000,0.11054,0.11129,0.10568,0.1058,1344771569.0,2024-08-03 16:00:00+00:00
1722715200000,0.1058,0.10854,0.10517,0.10807,579200653.0,2024-08-03 20:00:00+00:00
1722729600000,0.10806,0.10937,0.10714,0.10871,340827273.0,2024-08-04 00:00:00+00:00
1722744000000,0.10871,0.10897,0.10656,0.10661,366076918.0,2024-08-04 04:00:00+00:00
1722758400000,0.10661,0.10804,0.10554,0.10752,326292166.0,2024-08-04 08:00:00+00:00
1722772800000,0.10752,0.10808,0.10285,0.10316,1028849739.0,2024-08-04 12:00:00+00:00
1722787200000,0.10317,0.10538,0.0989,0.10474,1916558507.0,2024-08-04 16:00:00+00:00
1722801600000,0.10473,0.10597,0.10355,0.10371,545377377.0,2024-08-04 20:00:00+00:00
1722816000000,0.1037,0.10425,0.08788,0.09133,4932362665.0,2024-08-05 00:00:00+00:00
1722830400000,0.09133,0.09338,0.08101,0.08873,4063393006.0,2024-08-05 04:00:00+00:00
1722844800000,0.08874,0.08914,0.08041,0.08453,2673357870.0,2024-08-05 08:00:00+00:00
1722859200000,0.08452,0.09544,0.082,0.09516,3998228917.0,2024-08-05 12:00:00+00:00
1722873600000,0.09514,0.09855,0.09266,0.09383,1846465876.0,2024-08-05 16:00:00+00:00
1722888000000,0.09382,0.09682,0.09375,0.0943,748815077.0,2024-08-05 20:00:00+00:00
1722902400000,0.09431,0.10142,0.094,0.09826,1210932661.0,2024-08-06 00:00:00+00:00
1722916800000,0.09826,0.10014,0.09748,0.09922,701980073.0,2024-08-06 04:00:00+00:00
1722931200000,0.09921,0.09928,0.09517,0.09592,955781129.0,2024-08-06 08:00:00+00:00
1722945600000,0.09591,0.09955,0.0939,0.09756,1451688322.0,2024-08-06 12:00:00+00:00
1722960000000,0.09756,0.09897,0.09661,0.09711,840419758.0,2024-08-06 16:00:00+00:00
1722974400000,0.09711,0.09845,0.09587,0.09638,616496240.0,2024-08-06 20:00:00+00:00
1722988800000,0.09639,0.09951,0.09504,0.09833,822842787.0,2024-08-07 00:00:00+00:00
1723003200000,0.09832,0.09988,0.09788,0.09877,561732892.0,2024-08-07 04:00:00+00:00
1723017600000,0.09877,0.10201,0.09863,0.0992,932901079.0,2024-08-07 08:00:00+00:00
1723032000000,0.0992,0.10158,0.09579,0.09805,1499937616.0,2024-08-07 12:00:00+00:00
1723046400000,0.09805,0.09829,0.09526,0.09616,1054852063.0,2024-08-07 16:00:00+00:00
1723060800000,0.09616,0.09764,0.09421,0.09555,904665090.0,2024-08-07 20:00:00+00:00
1723075200000,0.09554,0.10096,0.09348,0.09886,1059325966.0,2024-08-08 00:00:00+00:00
1723089600000,0.09885,0.10029,0.09879,0.09914,456970448.0,2024-08-08 04:00:00+00:00
1723104000000,0.09914,0.10057,0.09896,0.0999,405863989.0,2024-08-08 08:00:00+00:00
1723118400000,0.0999,0.105,0.09892,0.10368,1524140989.0,2024-08-08 12:00:00+00:00
1723132800000,0.10369,0.10495,0.10182,0.1021,781626023.0,2024-08-08 16:00:00+00:00
1723147200000,0.1021,0.10797,0.10189,0.10741,860879909.0,2024-08-08 20:00:00+00:00
1723161600000,0.10741,0.10778,0.10525,0.10598,510080138.0,2024-08-09 00:00:00+00:00
1723176000000,0.10597,0.1061,0.1038,0.10488,369921153.0,2024-08-09 04:00:00+00:00
1723190400000,0.10487,0.10568,0.1035,0.1044,402411326.0,2024-08-09 08:00:00+00:00
1723204800000,0.1044,0.10519,0.10153,0.10162,854043653.0,2024-08-09 12:00:00+00:00
1723219200000,0.10163,0.10355,0.10157,0.10325,379611459.0,2024-08-09 16:00:00+00:00
1723233600000,0.10325,0.10456,0.10287,0.10378,347128075.0,2024-08-09 20:00:00+00:00
1723248000000,0.10379,0.10553,0.1033,0.10384,332876125.0,2024-08-10 00:00:00+00:00
1723262400000,0.10385,0.10471,0.10282,0.10468,194361444.0,2024-08-10 04:00:00+00:00
1723276800000,0.10468,0.10479,0.10384,0.10445,225563766.0,2024-08-10 08:00:00+00:00
1723291200000,0.10446,0.10479,0.1033,0.10421,228539247.0,2024-08-10 12:00:00+00:00
1723305600000,0.10421,0.10587,0.10405,0.10539,292393090.0,2024-08-10 16:00:00+00:00
1723320000000,0.10538,0.10557,0.10477,0.10511,147805154.0,2024-08-10 20:00:00+00:00
1723334400000,0.10512,0.11094,0.10493,0.10986,838289520.0,2024-08-11 00:00:00+00:00
1723348800000,0.10986,0.11013,0.10832,0.10973,456248139.0,2024-08-11 04:00:00+00:00
1723363200000,0.10973,0.11,0.10714,0.10744,563284527.0,2024-08-11 08:00:00+00:00
1723377600000,0.10744,0.10777,0.10397,0.10458,898842293.0,2024-08-11 12:00:00+00:00
1723392000000,0.10457,0.10586,0.10274,0.10293,540576822.0,2024-08-11 16:00:00+00:00
1723406400000,0.10293,0.10296,0.10001,0.10053,780279252.0,2024-08-11 20:00:00+00:00
1723420800000,0.10054,0.10238,0.10005,0.10153,492854300.0,2024-08-12 00:00:00+00:00
1723435200000,0.10153,0.10361,0.1004,0.10304,431698520.0,2024-08-12 04:00:00+00:00
1723449600000,0.10303,0.10725,0.10217,0.10635,678382853.0,2024-08-12 08:00:00+00:00
1723464000000,0.10635,0.10811,0.10174,0.10708,1717148393.0,2024-08-12 12:00:00+00:00
1723478400000,0.10707,0.10769,0.10382,0.10516,624560454.0,2024-08-12 16:00:00+00:00
1723492800000,0.10517,0.10864,0.10426,0.10784,721862192.0,2024-08-12 20:00:00+00:00
1723507200000,0.10783,0.10899,0.10432,0.10469,1015348159.0,2024-08-13 00:00:00+00:00
1723521600000,0.1047,0.10572,0.10401,0.10459,328503600.0,2024-08-13 04:00:00+00:00
1723536000000,0.10458,0.10498,0.10324,0.10424,362267300.0,2024-08-13 08:00:00+00:00
1723550400000,0.10424,0.10582,0.10388,0.1051,463212086.0,2024-08-13 12:00:00+00:00
1723564800000,0.1051,0.10752,0.10444,0.10549,572153955.0,2024-08-13 16:00:00+00:00
1723579200000,0.10548,0.10671,0.10507,0.1063,249970118.0,2024-08-13 20:00:00+00:00
1723593600000,0.1063,0.10657,0.10511,0.10573,232304822.0,2024-08-14 00:00:00+00:00
1723608000000,0.10574,0.10638,0.10525,0.10563,247867529.0,2024-08-14 04:00:00+00:00
1723622400000,0.10562,0.10649,0.10503,0.10573,336274441.0,2024-08-14 08:00:00+00:00
1723636800000,0.10573,0.10686,0.1013,0.10315,1236373445.0,2024-08-14 12:00:00+00:00
1723651200000,0.10315,0.10339,0.1022,0.10246,258872745.0,2024-08-14 16:00:00+00:00
1723665600000,0.10246,0.10311,0.10144,0.10235,190373859.0,2024-08-14 20:00:00+00:00
1723680000000,0.10235,0.1029,0.10167,0.10263,214417896.0,2024-08-15 00:00:00+00:00
1723694400000,0.10263,0.10314,0.10177,0.10255,358717967.0,2024-08-15 04:00:00+00:00
1723708800000,0.10255,0.10347,0.10193,0.10268,302590216.0,2024-08-15 08:00:00+00:00
1723723200000,0.10267,0.10491,0.10215,0.10426,640163198.0,2024-08-15 12:00:00+00:00
1723737600000,0.10426,0.10462,0.09782,0.09904,1330587943.0,2024-08-15 16:00:00+00:00
1723752000000,0.09904,0.10048,0.09827,0.10013,464390711.0,2024-08-15 20:00:00+00:00
1723766400000,0.10013,0.10149,0.09932,0.10039,417689972.0,2024-08-16 00:00:00+00:00
1723780800000,0.10039,0.102,0.1003,0.10167,314733282.0,2024-08-16 04:00:00+00:00
1723795200000,0.10166,0.10178,0.10067,0.10088,210261631.0,2024-08-16 08:00:00+00:00
1723809600000,0.10088,0.10124,0.09736,0.09824,927465607.0,2024-08-16 12:00:00+00:00
1723824000000,0.09823,0.1017,0.09802,0.10085,674501834.0,2024-08-16 16:00:00+00:00
1723838400000,0.10085,0.10134,0.09984,0.10028,207341206.0,2024-08-16 20:00:00+00:00
1723852800000,0.10028,0.10132,0.09992,0.10073,209363370.0,2024-08-17 00:00:00+00:00
1723867200000,0.10074,0.10125,0.10055,0.10119,122794670.0,2024-08-17 04:00:00+00:00
1723881600000,0.10119,0.10137,0.10067,0.101,181511330.0,2024-08-17 08:00:00+00:00
1723896000000,0.101,0.10252,0.10084,0.10204,385383351.0,2024-08-17 12:00:00+00:00
1723910400000,0.10204,0.10366,0.10203,0.10284,332738043.0,2024-08-17 16:00:00+00:00
1723924800000,0.10284,0.10312,0.10235,0.10271,128540674.0,2024-08-17 20:00:00+00:00
1723939200000,0.10271,0.10341,0.10176,0.10203,283605567.0,2024-08-18 00:00:00+00:00
1723953600000,0.10204,0.10257,0.1017,0.1022,142671996.0,2024-08-18 04:00:00+00:00
1723968000000,0.10219,0.10367,0.102,0.10351,410575580.0,2024-08-18 08:00:00+00:00
1723982400000,0.10351,0.10456,0.10262,0.10319,409776620.0,2024-08-18 12:00:00+00:00
1723996800000,0.10319,0.10369,0.1019,0.10246,249262844.0,2024-08-18 16:00:00+00:00
1724011200000,0.10246,0.10258,0.09989,0.09998,297810656.0,2024-08-18 20:00:00+00:00
1724025600000,0.09999,0.10061,0.09937,0.10039,367108477.0,2024-08-19 00:00:00+00:00
1724040000000,0.1004,0.10046,0.09946,0.09979,210517450.0,2024-08-19 04:00:00+00:00
1724054400000,0.09979,0.10045,0.09853,0.09978,457264140.0,2024-08-19 08:00:00+00:00
1724068800000,0.09978,0.10099,0.099,0.09981,448040657.0,2024-08-19 12:00:00+00:00
1724083200000,0.09981,0.10184,0.09929,0.10039,401922417.0,2024-08-19 16:00:00+00:00
1724097600000,0.10039,0.1019,0.1002,0.10127,228940279.0,2024-08-19 20:00:00+00:00
1724112000000,0.10128,0.10624,0.10102,0.10466,1502353285.0,2024-08-20 00:00:00+00:00
1724126400000,0.10467,0.10566,0.10376,0.10546,585053666.0,2024-08-20 04:00:00+00:00
1724140800000,0.10545,0.10562,0.10447,0.10473,429317853.0,2024-08-20 08:00:00+00:00
1724155200000,0.10472,0.1053,0.10105,0.10212,1094909563.0,2024-08-20 12:00:00+00:00
1724169600000,0.10212,0.10437,0.10181,0.10418,448002202.0,2024-08-20 16:00:00+00:00
1724184000000,0.10419,0.10462,0.10284,0.10286,248248160.0,2024-08-20 20:00:00+00:00
1724198400000,0.10285,0.10414,0.10223,0.10376,267778534.0,2024-08-21 00:00:00+00:00
1724212800000,0.10377,0.10472,0.10295,0.10457,272866172.0,2024-08-21 04:00:00+00:00
1724227200000,0.10458,0.10488,0.10324,0.10363,294833264.0,2024-08-21 08:00:00+00:00
1724241600000,0.10363,0.10479,0.10203,0.1037,659811988.0,2024-08-21 12:00:00+00:00
1724256000000,0.1037,0.1068,0.1034,0.10674,498869086.0,2024-08-21 16:00:00+00:00
1724270400000,0.10674,0.10792,0.10575,0.10612,419075736.0,2024-08-21 20:00:00+00:00
1724284800000,0.10613,0.10638,0.10392,0.10525,355512596.0,2024-08-22 00:00:00+00:00
1724299200000,0.10526,0.10592,0.10481,0.10583,218119505.0,2024-08-22 04:00:00+00:00
1724313600000,0.10583,0.10686,0.1055,0.10648,262611556.0,2024-08-22 08:00:00+00:00
1724328000000,0.10647,0.10653,0.10466,0.10512,397410175.0,2024-08-22 12:00:00+00:00
1724342400000,0.10512,0.10604,0.10467,0.10478,279192128.0,2024-08-22 16:00:00+00:00
1724356800000,0.10478,0.10543,0.10471,0.10522,138515757.0,2024-08-22 20:00:00+00:00
1724371200000,0.10521,0.1064,0.10518,0.10596,214725524.0,2024-08-23 00:00:00+00:00
1724385600000,0.10597,0.10762,0.10596,0.10717,293231368.0,2024-08-23 04:00:00+00:00
1724400000000,0.10717,0.10762,0.10602,0.10606,272251868.0,2024-08-23 08:00:00+00:00
1724414400000,0.10607,0.11281,0.10544,0.10985,2153928265.0,2024-08-23 12:00:00+00:00
1724428800000,0.10985,0.11323,0.10958,0.113,1025721538.0,2024-08-23 16:00:00+00:00
1724443200000,0.11301,0.1154,0.11249,0.11288,818316281.0,2024-08-23 20:00:00+00:00
1724457600000,0.11288,0.11335,0.11163,0.11254,309072943.0,2024-08-24 00:00:00+00:00
1724472000000,0.11253,0.113,0.11203,0.11231,295322317.0,2024-08-24 04:00:00+00:00
1724486400000,0.1123,0.11387,0.11188,0.11214,438406611.0,2024-08-24 08:00:00+00:00
1724500800000,0.11213,0.11314,0.11116,0.11208,654506517.0,2024-08-24 12:00:00+00:00
1724515200000,0.11208,0.11487,0.11194,0.11422,767034531.0,2024-08-24 16:00:00+00:00
1724529600000,0.11423,0.11496,0.11067,0.1125,613229041.0,2024-08-24 20:00:00+00:00
1724544000000,0.11251,0.11279,0.10974,0.1109,666700479.0,2024-08-25 00:00:00+00:00
1724558400000,0.11091,0.11113,0.10772,0.10834,553744424.0,2024-08-25 04:00:00+00:00
1724572800000,0.10833,0.10941,0.10787,0.1088,358999018.0,2024-08-25 08:00:00+00:00
1724587200000,0.10881,0.11087,0.10855,0.11017,421920276.0,2024-08-25 12:00:00+00:00
1724601600000,0.11018,0.11066,0.10949,0.10966,361500197.0,2024-08-25 16:00:00+00:00
1724616000000,0.10966,0.11114,0.10928,0.10954,383346107.0,2024-08-25 20:00:00+00:00
1724630400000,0.10954,0.11027,0.1077,0.10929,448056124.0,2024-08-26 00:00:00+00:00
1724644800000,0.10929,0.10985,0.10809,0.10866,285751269.0,2024-08-26 04:00:00+00:00
1724659200000,0.10867,0.10966,0.1081,0.10873,389205466.0,2024-08-26 08:00:00+00:00
1724673600000,0.10874,0.10895,0.1061,0.10697,708300381.0,2024-08-26 12:00:00+00:00
1724688000000,0.10697,0.10749,0.10431,0.10543,590225871.0,2024-08-26 16:00:00+00:00
1724702400000,0.10542,0.10579,0.10438,0.10513,364085094.0,2024-08-26 20:00:00+00:00
1724716800000,0.10513,0.10629,0.10509,0.10567,232893814.0,2024-08-27 00:00:00+00:00
1724731200000,0.10567,0.10648,0.10541,0.10597,214258423.0,2024-08-27 04:00:00+00:00
1724745600000,0.10597,0.10616,0.1034,0.10425,507185273.0,2024-08-27 08:00:00+00:00
1724760000000,0.10424,0.10483,0.10315,0.10388,447401628.0,2024-08-27 12:00:00+00:00
1724774400000,0.10388,0.1048,0.10332,0.10423,419289571.0,2024-08-27 16:00:00+00:00
1724788800000,0.10423,0.10431,0.09622,0.09884,1587369798.0,2024-08-27 20:00:00+00:00
1724803200000,0.09884,0.09968,0.09762,0.09952,442863105.0,2024-08-28 00:00:00+00:00
1724817600000,0.09953,0.09966,0.09791,0.09801,348393643.0,2024-08-28 04:00:00+00:00
1724832000000,0.09802,0.10186,0.0974,0.10071,507220530.0,2024-08-28 08:00:00+00:00
1724846400000,0.10071,0.10147,0.09874,0.09945,600260732.0,2024-08-28 12:00:00+00:00
1724860800000,0.09944,0.10163,0.09676,0.09908,979413758.0,2024-08-28 16:00:00+00:00
1724875200000,0.09908,0.10073,0.09856,0.09956,318000351.0,2024-08-28 20:00:00+00:00
1724889600000,0.09956,0.10067,0.09943,0.10048,208689201.0,2024-08-29 00:00:00+00:00
1724904000000,0.10049,0.10136,0.10005,0.10056,240202531.0,2024-08-29 04:00:00+00:00
1724918400000,0.10055,0.10182,0.10016,0.10111,269920828.0,2024-08-29 08:00:00+00:00
1724932800000,0.1011,0.10257,0.10089,0.10194,367519226.0,2024-08-29 12:00:00+00:00
1724947200000,0.10194,0.10231,0.09821,0.09897,510137707.0,2024-08-29 16:00:00+00:00
1724961600000,0.09896,0.10065,0.09832,0.10031,491760890.0,2024-08-29 20:00:00+00:00
1724976000000,0.10031,0.10076,0.09957,0.10007,280102369.0,2024-08-30 00:00:00+00:00
1724990400000,0.10007,0.10114,0.09951,0.1007,274618492.0,2024-08-30 04:00:00+00:00
1725004800000,0.10069,0.10243,0.10063,0.10127,382772769.0,2024-08-30 08:00:00+00:00
1725019200000,0.10127,0.10243,0.09802,0.0984,960466603.0,2024-08-30 12:00:00+00:00
1725033600000,0.09841,0.1018,0.09689,0.1001,905139443.0,2024-08-30 16:00:00+00:00
1725048000000,0.10011,0.10325,0.10008,0.10175,546161857.0,2024-08-30 20:00:00+00:00
1725062400000,0.10175,0.10235,0.1008,0.10121,549898597.0,2024-08-31 00:00:00+00:00
1725076800000,0.10122,0.10187,0.10091,0.10106,197315937.0,2024-08-31 04:00:00+00:00
1725091200000,0.10106,0.10149,0.1003,0.10122,170729602.0,2024-08-31 08:00:00+00:00
1725105600000,0.10122,0.10162,0.10073,0.10161,180740893.0,2024-08-31 12:00:00+00:00
1725120000000,0.10161,0.1023,0.10048,0.10104,277598212.0,2024-08-31 16:00:00+00:00
1725134400000,0.10104,0.1017,0.10088,0.10124,147983146.0,2024-08-31 20:00:00+00:00
1725148800000,0.10124,0.10148,0.09968,0.10024,231932975.0,2024-09-01 00:00:00+00:00
1725163200000,0.10023,0.10024,0.0984,0.09966,326642015.0,2024-09-01 04:00:00+00:00
1725177600000,0.09966,0.09978,0.09855,0.0993,223153078.0,2024-09-01 08:00:00+00:00
1725192000000,0.0993,0.09938,0.09696,0.09847,617471319.0,2024-09-01 12:00:00+00:00
1725206400000,0.09847,0.0993,0.09669,0.09906,503531760.0,2024-09-01 16:00:00+00:00
1725220800000,0.09907,0.0995,0.09382,0.09502,718468783.0,2024-09-01 20:00:00+00:00
1725235200000,0.09502,0.09599,0.09466,0.09517,357659791.0,2024-09-02 00:00:00+00:00
1725249600000,0.09517,0.09566,0.09403,0.09446,349853161.0,2024-09-02 04:00:00+00:00
1725264000000,0.09446,0.09799,0.09435,0.09726,593476508.0,2024-09-02 08:00:00+00:00
1725278400000,0.09726,0.09794,0.09605,0.09731,464075224.0,2024-09-02 12:00:00+00:00
1725292800000,0.09732,0.09804,0.09684,0.09779,301400341.0,2024-09-02 16:00:00+00:00
1725307200000,0.09779,0.09994,0.09755,0.09907,542919377.0,2024-09-02 20:00:00+00:00
1725321600000,0.09907,0.10074,0.09874,0.09953,437570819.0,2024-09-03 00:00:00+00:00
1725336000000,0.09953,0.09968,0.09898,0.09954,208257208.0,2024-09-03 04:00:00+00:00
1725350400000,0.09955,0.09967,0.09855,0.09957,228322692.0,2024-09-03 08:00:00+00:00
1725364800000,0.09957,0.10045,0.09667,0.09687,782364164.0,2024-09-03 12:00:00+00:00
1725379200000,0.09686,0.09857,0.09662,0.09769,397500090.0,2024-09-03 16:00:00+00:00
1725393600000,0.09769,0.09809,0.09634,0.09674,327995025.0,2024-09-03 20:00:00+00:00
1725408000000,0.09673,0.09747,0.09186,0.09574,1272198428.0,2024-09-04 00:00:00+00:00
1725422400000,0.09575,0.09672,0.09438,0.09629,507499837.0,2024-09-04 04:00:00+00:00
1725436800000,0.09629,0.0969,0.09501,0.09551,373874849.0,2024-09-04 08:00:00+00:00
1725451200000,0.09551,0.09872,0.09483,0.09846,935365056.0,2024-09-04 12:00:00+00:00
1725465600000,0.09846,0.09951,0.09753,0.098,665719254.0,2024-09-04 16:00:00+00:00
1725480000000,0.09799,0.09874,0.09747,0.09797,170050996.0,2024-09-04 20:00:00+00:00
1725494400000,0.09797,0.09852,0.09595,0.09624,340633489.0,2024-09-05 00:00:00+00:00
1725508800000,0.09625,0.09808,0.09606,0.09758,350506112.0,2024-09-05 04:00:00+00:00
1725523200000,0.09757,0.09795,0.09694,0.09743,238350769.0,2024-09-05 08:00:00+00:00
1725537600000,0.09743,0.09897,0.09643,0.09683,938125683.0,2024-09-05 12:00:00+00:00
1725552000000,0.09684,0.09914,0.09644,0.09737,657430011.0,2024-09-05 16:00:00+00:00
1725566400000,0.09737,0.09869,0.09728,0.09837,250688331.0,2024-09-05 20:00:00+00:00
1725580800000,0.09837,0.0994,0.09797,0.09875,376463959.0,2024-09-06 00:00:00+00:00
1725595200000,0.09875,0.09904,0.09686,0.09738,462777072.0,2024-09-06 04:00:00+00:00
1725609600000,0.09737,0.09795,0.09677,0.09686,427747294.0,2024-09-06 08:00:00+00:00
1725624000000,0.09686,0.09783,0.09278,0.09364,1888341661.0,2024-09-06 12:00:00+00:00
1725638400000,0.09364,0.09366,0.09031,0.09081,1480129359.0,2024-09-06 16:00:00+00:00
1725652800000,0.09081,0.0925,0.08886,0.09244,1075712538.0,2024-09-06 20:00:00+00:00
1725667200000,0.09244,0.09278,0.0917,0.092,257983806.0,2024-09-07 00:00:00+00:00
1725681600000,0.092,0.09432,0.09186,0.09394,494144701.0,2024-09-07 04:00:00+00:00
1725696000000,0.09393,0.09487,0.09366,0.09443,412524051.0,2024-09-07 08:00:00+00:00
1725710400000,0.09444,0.09565,0.09444,0.09539,343798107.0,2024-09-07 12:00:00+00:00
1725724800000,0.09538,0.09552,0.09405,0.09486,419080661.0,2024-09-07 16:00:00+00:00
1725739200000,0.09486,0.09538,0.09442,0.09534,308456711.0,2024-09-07 20:00:00+00:00
1725753600000,0.09534,0.09698,0.09488,0.09614,363839335.0,2024-09-08 00:00:00+00:00
1725768000000,0.09613,0.09616,0.09507,0.09558,298245539.0,2024-09-08 04:00:00+00:00
1725782400000,0.09559,0.0964,0.09529,0.09571,257144437.0,2024-09-08 08:00:00+00:00
1725796800000,0.0957,0.09586,0.09417,0.09432,431855392.0,2024-09-08 12:00:00+00:00
1725811200000,0.09433,0.09565,0.09376,0.09526,324344409.0,2024-09-08 16:00:00+00:00
1725825600000,0.09526,0.09693,0.0949,0.09609,478882148.0,2024-09-08 20:00:00+00:00
1725840000000,0.09609,0.09767,0.09564,0.0969,899007780.0,2024-09-09 00:00:00+00:00
1725854400000,0.0969,0.09723,0.09595,0.0971,311177886.0,2024-09-09 04:00:00+00:00
1725868800000,0.09709,0.09895,0.09708,0.09787,573905772.0,2024-09-09 08:00:00+00:00
1725883200000,0.09787,0.09899,0.0969,0.09885,551094322.0,2024-09-09 12:00:00+00:00
1725897600000,0.09886,0.10482,0.09881,0.10376,1624493393.0,2024-09-09 16:00:00+00:00
1725912000000,0.10376,0.10492,0.10302,0.10375,545105309.0,2024-09-09 20:00:00+00:00
1725926400000,0.10375,0.10387,0.10204,0.10247,405263806.0,2024-09-10 00:00:00+00:00
1725940800000,0.10247,0.10399,0.10238,0.1037,384798953.0,2024-09-10 04:00:00+00:00
1725955200000,0.1037,0.10456,0.10343,0.10363,433760735.0,2024-09-10 08:00:00+00:00
1725969600000,0.10363,0.10367,0.1015,0.10158,641212687.0,2024-09-10 12:00:00+00:00
1725984000000,0.10159,0.10346,0.10153,0.10296,450708912.0,2024-09-10 16:00:00+00:00
1725998400000,0.10296,0.10325,0.10246,0.10274,241717875.0,2024-09-10 20:00:00+00:00
1726012800000,0.10275,0.10303,0.10071,0.101,435592693.0,2024-09-11 00:00:00+00:00
1726027200000,0.101,0.10104,0.09907,0.10086,535282595.0,2024-09-11 04:00:00+00:00
1726041600000,0.10086,0.10092,0.09959,0.1005,330094570.0,2024-09-11 08:00:00+00:00
1726056000000,0.10049,0.10148,0.09779,0.09992,999567809.0,2024-09-11 12:00:00+00:00
1726070400000,0.09993,0.10202,0.09984,0.10153,612099124.0,2024-09-11 16:00:00+00:00
1726084800000,0.10153,0.10202,0.10092,0.10125,241877217.0,2024-09-11 20:00:00+00:00
1726099200000,0.10125,0.10285,0.10119,0.10224,337800429.0,2024-09-12 00:00:00+00:00
1726113600000,0.10223,0.10314,0.10192,0.10255,382001114.0,2024-09-12 04:00:00+00:00
1726128000000,0.10255,0.1027,0.10152,0.10191,241756892.0,2024-09-12 08:00:00+00:00
1726142400000,0.10191,0.10277,0.10037,0.10065,622042117.0,2024-09-12 12:00:00+00:00
1726156800000,0.10065,0.10258,0.1006,0.10243,332277004.0,2024-09-12 16:00:00+00:00
1726171200000,0.10243,0.1033,0.1017,0.10267,342329625.0,2024-09-12 20:00:00+00:00
1726185600000,0.10268,0.10282,0.10172,0.10186,238306686.0,2024-09-13 00:00:00+00:00
1726200000000,0.10185,0.1043,0.10177,0.10339,575528466.0,2024-09-13 04:00:00+00:00
1726214400000,0.10339,0.10664,0.10334,0.10441,988641209.0,2024-09-13 08:00:00+00:00
1726228800000,0.10441,0.10842,0.10365,0.10794,1134242652.0,2024-09-13 12:00:00+00:00
1726243200000,0.10793,0.10803,0.10613,0.10648,595584577.0,2024-09-13 16:00:00+00:00
1726257600000,0.10649,0.10782,0.10638,0.1069,368647921.0,2024-09-13 20:00:00+00:00
1726272000000,0.10691,0.1077,0.10676,0.10709,273256039.0,2024-09-14 00:00:00+00:00
1726286400000,0.10709,0.10733,0.1062,0.10663,385036648.0,2024-09-14 04:00:00+00:00
1726300800000,0.10663,0.1068,0.10479,0.1052,384904860.0,2024-09-14 08:00:00+00:00
1726315200000,0.10521,0.10641,0.10498,0.10552,591132379.0,2024-09-14 12:00:00+00:00
1726329600000,0.10552,0.10576,0.10426,0.10499,315332982.0,2024-09-14 16:00:00+00:00
1726344000000,0.10499,0.10555,0.10486,0.10534,170719792.0,2024-09-14 20:00:00+00:00
1726358400000,0.10534,0.10635,0.10529,0.10565,282982576.0,2024-09-15 00:00:00+00:00
1726372800000,0.10564,0.1058,0.10491,0.1057,211959067.0,2024-09-15 04:00:00+00:00
1726387200000,0.10571,0.10578,0.10431,0.10475,266173259.0,2024-09-15 08:00:00+00:00
1726401600000,0.10475,0.10639,0.10458,0.10616,394660588.0,2024-09-15 12:00:00+00:00
1726416000000,0.10616,0.10633,0.10432,0.10526,478847779.0,2024-09-15 16:00:00+00:00
1726430400000,0.10526,0.10527,0.10207,0.10275,535674763.0,2024-09-15 20:00:00+00:00
1726444800000,0.10275,0.10318,0.09988,0.10143,675704488.0,2024-09-16 00:00:00+00:00
1726459200000,0.10143,0.10262,0.10107,0.10237,278822805.0,2024-09-16 04:00:00+00:00
1726473600000,0.10237,0.10296,0.10139,0.1016,316097433.0,2024-09-16 08:00:00+00:00
1726488000000,0.1016,0.10186,0.09892,0.09986,674335138.0,2024-09-16 12:00:00+00:00
1726502400000,0.09986,0.10002,0.0985,0.09918,534182182.0,2024-09-16 16:00:00+00:00
1726516800000,0.09917,0.09996,0.09829,0.0996,318869405.0,2024-09-16 20:00:00+00:00
1726531200000,0.0996,0.10001,0.09865,0.09974,276943717.0,2024-09-17 00:00:00+00:00
1726545600000,0.09975,0.10124,0.0997,0.1008,278096237.0,2024-09-17 04:00:00+00:00
1726560000000,0.1008,0.10127,0.1003,0.10054,272501249.0,2024-09-17 08:00:00+00:00
1726574400000,0.10053,0.1026,0.09954,0.10225,954565092.0,2024-09-17 12:00:00+00:00
1726588800000,0.10224,0.10246,0.10012,0.10074,552801020.0,2024-09-17 16:00:00+00:00
1726603200000,0.10073,0.10145,0.10044,0.10105,230406944.0,2024-09-17 20:00:00+00:00
1726617600000,0.10106,0.1015,0.09976,0.10108,330613088.0,2024-09-18 00:00:00+00:00
1726632000000,0.10107,0.1016,0.1003,0.10153,234862383.0,2024-09-18 04:00:00+00:00
1726646400000,0.10152,0.10174,0.09928,0.10019,439154822.0,2024-09-18 08:00:00+00:00
1726660800000,0.10018,0.10115,0.09954,0.09995,430010233.0,2024-09-18 12:00:00+00:00
1726675200000,0.09995,0.10341,0.09936,0.10101,1142104212.0,2024-09-18 16:00:00+00:00
1726689600000,0.101,0.10385,0.09981,0.10381,382366144.0,2024-09-18 20:00:00+00:00
1726704000000,0.10382,0.10555,0.10342,0.10403,680818888.0,2024-09-19 00:00:00+00:00
1726718400000,0.10403,0.10439,0.10352,0.10417,322716835.0,2024-09-19 04:00:00+00:00
1726732800000,0.10417,0.10482,0.104,0.10441,395855350.0,2024-09-19 08:00:00+00:00
1726747200000,0.10441,0.10545,0.10417,0.10498,538138543.0,2024-09-19 12:00:00+00:00
1726761600000,0.10498,0.1071,0.10492,0.10575,727900856.0,2024-09-19 16:00:00+00:00
1726776000000,0.10576,0.10622,0.10452,0.10497,358590685.0,2024-09-19 20:00:00+00:00
1726790400000,0.10496,0.1061,0.10355,0.10605,470367554.0,2024-09-20 00:00:00+00:00
1726804800000,0.10605,0.10747,0.10582,0.10662,664387353.0,2024-09-20 04:00:00+00:00
1726819200000,0.10662,0.10713,0.10555,0.10587,542133969.0,2024-09-20 08:00:00+00:00
1726833600000,0.10587,0.10655,0.1039,0.10512,752198698.0,2024-09-20 12:00:00+00:00
1726848000000,0.10513,0.10539,0.10368,0.10461,334923411.0,2024-09-20 16:00:00+00:00
1726862400000,0.10462,0.10584,0.10454,0.10548,198530732.0,2024-09-20 20:00:00+00:00
1726876800000,0.10548,0.10561,0.104,0.10482,292910735.0,2024-09-21 00:00:00+00:00
1726891200000,0.10482,0.10559,0.10422,0.10546,264845473.0,2024-09-21 04:00:00+00:00
1726905600000,0.10546,0.1065,0.10533,0.10618,307164633.0,2024-09-21 08:00:00+00:00
1726920000000,0.10618,0.10969,0.10588,0.10925,912039195.0,2024-09-21 12:00:00+00:00
1726934400000,0.10925,0.10944,0.10836,0.10856,373193168.0,2024-09-21 16:00:00+00:00
1726948800000,0.10856,0.11048,0.10841,0.1099,335825425.0,2024-09-21 20:00:00+00:00
1726963200000,0.10991,0.10996,0.10779,0.10801,397614744.0,2024-09-22 00:00:00+00:00
1726977600000,0.10801,0.10845,0.10751,0.10788,198307974.0,2024-09-22 04:00:00+00:00
1726992000000,0.10788,0.10809,0.10607,0.10654,535016882.0,2024-09-22 08:00:00+00:00
1727006400000,0.10653,0.10687,0.10526,0.10563,393705887.0,2024-09-22 12:00:00+00:00
1727020800000,0.10563,0.10693,0.10507,0.10637,339174194.0,2024-09-22 16:00:00+00:00
1727035200000,0.10637,0.10703,0.10369,0.10627,598957541.0,2024-09-22 20:00:00+00:00
1727049600000,0.10627,0.10917,0.10402,0.10815,832804097.0,2024-09-23 00:00:00+00:00
1727064000000,0.10816,0.1085,0.10674,0.10711,382390110.0,2024-09-23 04:00:00+00:00
1727078400000,0.10711,0.10756,0.10612,0.1066,422875185.0,2024-09-23 08:00:00+00:00
1727092800000,0.10659,0.10765,0.10591,0.10719,562044336.0,2024-09-23 12:00:00+00:00
1727107200000,0.10719,0.10772,0.10608,0.10693,328201047.0,2024-09-23 16:00:00+00:00
1727121600000,0.10693,0.10843,0.10621,0.108,369444519.0,2024-09-23 20:00:00+00:00
1727136000000,0.108,0.10884,0.10676,0.10821,626556763.0,2024-09-24 00:00:00+00:00
1727150400000,0.1082,0.10858,0.107,0.10818,312482821.0,2024-09-24 04:00:00+00:00
1727164800000,0.10819,0.10942,0.10785,0.10915,502704955.0,2024-09-24 08:00:00+00:00
1727179200000,0.10915,0.1101,0.1068,0.10745,918258242.0,2024-09-24 12:00:00+00:00
1727193600000,0.10746,0.10996,0.10685,0.10986,517059464.0,2024-09-24 16:00:00+00:00
1727208000000,0.10985,0.11066,0.10863,0.10973,469576081.0,2024-09-24 20:00:00+00:00
1727222400000,0.10973,0.11116,0.10937,0.11054,585707627.0,2024-09-25 00:00:00+00:00
1727236800000,0.11054,0.1107,0.10813,0.10895,407268768.0,2024-09-25 04:00:00+00:00
1727251200000,0.10894,0.11046,0.10824,0.10977,479882942.0,2024-09-25 08:00:00+00:00
1727265600000,0.10977,0.10998,0.1084,0.10881,571985643.0,2024-09-25 12:00:00+00:00
1727280000000,0.10881,0.11062,0.10864,0.10962,633435292.0,2024-09-25 16:00:00+00:00
1727294400000,0.10961,0.1105,0.1079,0.10843,495260823.0,2024-09-25 20:00:00+00:00
1727308800000,0.10843,0.10904,0.1069,0.10901,455974424.0,2024-09-26 00:00:00+00:00
1727323200000,0.10902,0.115,0.10848,0.11342,1730345424.0,2024-09-26 04:00:00+00:00
1727337600000,0.11343,0.11523,0.1132,0.11362,993113014.0,2024-09-26 08:00:00+00:00
1727352000000,0.11363,0.1172,0.11332,0.11669,1567263218.0,2024-09-26 12:00:00+00:00
1727366400000,0.11669,0.12071,0.11618,0.11758,1434144781.0,2024-09-26 16:00:00+00:00
1727380800000,0.11758,0.11829,0.11543,0.11813,922583279.0,2024-09-26 20:00:00+00:00
1727395200000,0.11813,0.11944,0.11697,0.11861,874315513.0,2024-09-27 00:00:00+00:00
1727409600000,0.11861,0.12371,0.11845,0.12285,1451148025.0,2024-09-27 04:00:00+00:00
1727424000000,0.12284,0.12684,0.12229,0.12261,1206188300.0,2024-09-27 08:00:00+00:00
1727438400000,0.12261,0.12872,0.12217,0.12686,1932245438.0,2024-09-27 12:00:00+00:00
1727452800000,0.12686,0.12773,0.12336,0.12419,1073796142.0,2024-09-27 16:00:00+00:00
1727467200000,0.12419,0.12446,0.123,0.12348,301567181.0,2024-09-27 20:00:00+00:00
1727481600000,0.12347,0.12676,0.12319,0.12615,777365904.0,2024-09-28 00:00:00+00:00
1727496000000,0.12614,0.12633,0.12149,0.12182,804978476.0,2024-09-28 04:00:00+00:00
1727510400000,0.12181,0.12545,0.12004,0.12483,1505054484.0,2024-09-28 08:00:00+00:00
1727524800000,0.12483,0.1322,0.12239,0.13099,2689367428.0,2024-09-28 12:00:00+00:00
1727539200000,0.13099,0.13177,0.12852,0.13011,1043157978.0,2024-09-28 16:00:00+00:00
1727553600000,0.13012,0.13129,0.12723,0.12805,852249619.0,2024-09-28 20:00:00+00:00
1727568000000,0.12805,0.13038,0.12706,0.12941,830264326.0,2024-09-29 00:00:00+00:00
1727582400000,0.12941,0.12969,0.12582,0.12592,775604114.0,2024-09-29 04:00:00+00:00
1727596800000,0.12591,0.1274,0.12552,0.12695,743495387.0,2024-09-29 08:00:00+00:00
1727611200000,0.12694,0.12725,0.12488,0.12603,822857324.0,2024-09-29 12:00:00+00:00
1727625600000,0.12603,0.12828,0.12491,0.12827,600761420.0,2024-09-29 16:00:00+00:00
1727640000000,0.12827,0.12891,0.12432,0.12435,662566111.0,2024-09-29 20:00:00+00:00
1727654400000,0.12435,0.12461,0.12063,0.12247,1161370491.0,2024-09-30 00:00:00+00:00
1727668800000,0.12247,0.12355,0.12153,0.12288,501826859.0,2024-09-30 04:00:00+00:00
1727683200000,0.12287,0.123,0.11908,0.12046,1048305622.0,2024-09-30 08:00:00+00:00
1727697600000,0.12047,0.12112,0.11687,0.11709,1076488806.0,2024-09-30 12:00:00+00:00
1727712000000,0.11709,0.11832,0.11661,0.11774,674981347.0,2024-09-30 16:00:00+00:00
1727726400000,0.11775,0.11894,0.1132,0.11415,1009187114.0,2024-09-30 20:00:00+00:00
1727740800000,0.11415,0.11771,0.11334,0.11765,781817889.0,2024-10-01 00:00:00+00:00
1727755200000,0.11765,0.11902,0.11724,0.11853,496541459.0,2024-10-01 04:00:00+00:00
1727769600000,0.11853,0.11931,0.11777,0.11802,505002620.0,2024-10-01 08:00:00+00:00
1727784000000,0.11801,0.1185,0.10777,0.11061,2208398249.0,2024-10-01 12:00:00+00:00
1727798400000,0.11061,0.11137,0.10249,0.10593,2538557974.0,2024-10-01 16:00:00+00:00
1727812800000,0.10594,0.10775,0.10377,0.10679,971805791.0,2024-10-01 20:00:00+00:00
1727827200000,0.10679,0.10883,0.10626,0.10831,592870408.0,2024-10-02 00:00:00+00:00
1727841600000,0.1083,0.10947,0.10706,0.10841,494463048.0,2024-10-02 04:00:00+00:00
1727856000000,0.10841,0.10893,0.10535,0.10624,707706327.0,2024-10-02 08:00:00+00:00
1727870400000,0.10625,0.10676,0.10351,0.10613,1177264306.0,2024-10-02 12:00:00+00:00
1727884800000,0.10613,0.10763,0.10216,0.10422,1193778447.0,2024-10-02 16:00:00+00:00
1727899200000,0.10422,0.10595,0.10347,0.10459,614793123.0,2024-10-02 20:00:00+00:00
1727913600000,0.10458,0.10677,0.10397,0.10607,546112059.0,2024-10-03 00:00:00+00:00
1727928000000,0.10608,0.10614,0.10443,0.1046,339083675.0,2024-10-03 04:00:00+00:00
1727942400000,0.1046,0.10514,0.101,0.10391,1100035661.0,2024-10-03 08:00:00+00:00
1727956800000,0.10391,0.10552,0.10124,0.10397,1539505596.0,2024-10-03 12:00:00+00:00
1727971200000,0.10398,0.10519,0.10184,0.10494,779839064.0,2024-10-03 16:00:00+00:00
1727985600000,0.10493,0.10565,0.10366,0.10502,331176429.0,2024-10-03 20:00:00+00:00
1728000000000,0.10501,0.10686,0.10466,0.10633,521274964.0,2024-10-04 00:00:00+00:00
1728014400000,0.10632,0.10847,0.10629,0.10792,461053217.0,2024-10-04 04:00:00+00:00
1728028800000,0.10793,0.1088,0.10707,0.10849,476583177.0,2024-10-04 08:00:00+00:00
1728043200000,0.10848,0.11028,0.10652,0.10818,1160038492.0,2024-10-04 12:00:00+00:00
1728057600000,0.10819,0.11056,0.10784,0.11037,540860240.0,2024-10-04 16:00:00+00:00
1728072000000,0.11037,0.11046,0.10869,0.10918,298065091.0,2024-10-04 20:00:00+00:00
1728086400000,0.10918,0.11019,0.10741,0.1078,422934156.0,2024-10-05 00:00:00+00:00
1728100800000,0.1078,0.10928,0.10752,0.10871,269888971.0,2024-10-05 04:00:00+00:00
1728115200000,0.10871,0.10995,0.1087,0.10912,267701654.0,2024-10-05 08:00:00+00:00
1728129600000,0.10912,0.10994,0.10848,0.10969,354990438.0,2024-10-05 12:00:00+00:00
1728144000000,0.10969,0.1102,0.10784,0.10805,477129647.0,2024-10-05 16:00:00+00:00
1728158400000,0.10805,0.10981,0.10758,0.10937,314436396.0,2024-10-05 20:00:00+00:00
1728172800000,0.10938,0.11004,0.10847,0.10855,240442088.0,2024-10-06 00:00:00+00:00
1728187200000,0.10855,0.10918,0.10834,0.10892,206439892.0,2024-10-06 04:00:00+00:00
1728201600000,0.10891,0.10965,0.10871,0.10927,221710527.0,2024-10-06 08:00:00+00:00
1728216000000,0.10926,0.11284,0.10908,0.1121,817799599.0,2024-10-06 12:00:00+00:00
1728230400000,0.1121,0.11276,0.11042,0.11063,386720878.0,2024-10-06 16:00:00+00:00
1728244800000,0.11062,0.11184,0.10959,0.11153,314740786.0,2024-10-06 20:00:00+00:00
1728259200000,0.11154,0.11545,0.11084,0.1139,882424225.0,2024-10-07 00:00:00+00:00
1728273600000,0.11391,0.11441,0.1133,0.11361,319495396.0,2024-10-07 04:00:00+00:00
1728288000000,0.11362,0.1145,0.1104,0.11145,748134898.0,2024-10-07 08:00:00+00:00
1728302400000,0.11145,0.11467,0.1108,0.11182,849293866.0,2024-10-07 12:00:00+00:00
1728316800000,0.11181,0.11299,0.10922,0.11082,715409186.0,2024-10-07 16:00:00+00:00
1728331200000,0.11083,0.11232,0.1082,0.10837,714679900.0,2024-10-07 20:00:00+00:00
1728345600000,0.10837,0.10982,0.10786,0.10927,466257265.0,2024-10-08 00:00:00+00:00
1728360000000,0.10926,0.10972,0.10623,0.1073,633003570.0,2024-10-08 04:00:00+00:00
1728374400000,0.10729,0.10798,0.10694,0.10796,360709983.0,2024-10-08 08:00:00+00:00
1728388800000,0.10797,0.10843,0.10517,0.10639,827005798.0,2024-10-08 12:00:00+00:00
1728403200000,0.10639,0.10763,0.10585,0.1071,438648464.0,2024-10-08 16:00:00+00:00
1728417600000,0.10709,0.10805,0.10647,0.10704,231908593.0,2024-10-08 20:00:00+00:00
1728432000000,0.10705,0.10932,0.10691,0.1087,488947488.0,2024-10-09 00:00:00+00:00
1728446400000,0.10869,0.10963,0.10833,0.10887,317232206.0,2024-10-09 04:00:00+00:00
1728460800000,0.10887,0.11046,0.10837,0.11038,362969760.0,2024-10-09 08:00:00+00:00
1728475200000,0.11038,0.11149,0.10812,0.11057,1257842755.0,2024-10-09 12:00:00+00:00
1728489600000,0.11056,0.11077,0.10825,0.1091,585993934.0,2024-10-09 16:00:00+00:00
1728504000000,0.10909,0.10912,0.10604,0.10788,595247092.0,2024-10-09 20:00:00+00:00
1728518400000,0.10788,0.1083,0.10692,0.10785,352072124.0,2024-10-10 00:00:00+00:00
1728532800000,0.10786,0.10868,0.10717,0.10722,284731897.0,2024-10-10 04:00:00+00:00
1728547200000,0.10723,0.1075,0.10569,0.10724,509486668.0,2024-10-10 08:00:00+00:00
1728561600000,0.10724,0.10741,0.10435,0.10535,1046103737.0,2024-10-10 12:00:00+00:00
1728576000000,0.10534,0.10583,0.10307,0.10449,808954905.0,2024-10-10 16:00:00+00:00
1728590400000,0.10449,0.10627,0.10421,0.10596,369739966.0,2024-10-10 20:00:00+00:00
1728604800000,0.10595,0.10818,0.10552,0.10749,535774692.0,2024-10-11 00:00:00+00:00
1728619200000,0.10748,0.10827,0.1072,0.10769,311956199.0,2024-10-11 04:00:00+00:00
1728633600000,0.10768,0.10882,0.10761,0.10851,324078720.0,2024-10-11 08:00:00+00:00
1728648000000,0.1085,0.11016,0.10802,0.10989,648161282.0,2024-10-11 12:00:00+00:00
1728662400000,0.10989,0.11133,0.1094,0.11103,605718782.0,2024-10-11 16:00:00+00:00
1728676800000,0.11102,0.11137,0.1106,0.11075,382327809.0,2024-10-11 20:00:00+00:00
1728691200000,0.11075,0.11156,0.1093,0.10967,438127400.0,2024-10-12 00:00:00+00:00
1728705600000,0.10967,0.11133,0.10967,0.11124,230316670.0,2024-10-12 04:00:00+00:00
1728720000000,0.11124,0.11216,0.11088,0.11131,402844956.0,2024-10-12 08:00:00+00:00
1728734400000,0.11131,0.11205,0.11064,0.11132,383082322.0,2024-10-12 12:00:00+00:00
1728748800000,0.11133,0.11203,0.11071,0.11118,291486117.0,2024-10-12 16:00:00+00:00
1728763200000,0.11117,0.11189,0.11115,0.11132,163947282.0,2024-10-12 20:00:00+00:00
1728777600000,0.11133,0.11207,0.11035,0.11089,320659165.0,2024-10-13 00:00:00+00:00
1728792000000,0.11089,0.11192,0.11089,0.11152,230485296.0,2024-10-13 04:00:00+00:00
1728806400000,0.11151,0.11205,0.11051,0.11057,379957681.0,2024-10-13 08:00:00+00:00
1728820800000,0.11058,0.11187,0.1086,0.10949,776440362.0,2024-10-13 12:00:00+00:00
1728835200000,0.1095,0.1109,0.10886,0.11001,420889911.0,2024-10-13 16:00:00+00:00
1728849600000,0.11001,0.11177,0.10968,0.11136,324202739.0,2024-10-13 20:00:00+00:00
1728864000000,0.11135,0.11296,0.10926,0.11271,783153823.0,2024-10-14 00:00:00+00:00
1728878400000,0.11272,0.1136,0.11121,0.11241,709813086.0,2024-10-14 04:00:00+00:00
1728892800000,0.1124,0.11371,0.11179,0.11293,497824303.0,2024-10-14 08:00:00+00:00
1728907200000,0.11293,0.1167,0.11247,0.11561,1014127155.0,2024-10-14 12:00:00+00:00
1728921600000,0.11561,0.11611,0.11415,0.11556,822626670.0,2024-10-14 16:00:00+00:00
1728936000000,0.11556,0.11768,0.11528,0.11664,525263255.0,2024-10-14 20:00:00+00:00
1728950400000,0.11664,0.1193,0.11621,0.1163,813511335.0,2024-10-15 00:00:00+00:00
1728964800000,0.11629,0.11733,0.11542,0.11585,487148618.0,2024-10-15 04:00:00+00:00
1728979200000,0.11585,0.11668,0.1125,0.11289,909894922.0,2024-10-15 08:00:00+00:00
1728993600000,0.11289,0.11832,0.11008,0.11286,2290137147.0,2024-10-15 12:00:00+00:00
1729008000000,0.11286,0.11737,0.11271,0.11468,1185515206.0,2024-10-15 16:00:00+00:00
1729022400000,0.11468,0.11783,0.11236,0.11747,776916779.0,2024-10-15 20:00:00+00:00
1729036800000,0.11747,0.11774,0.11575,0.11657,731908286.0,2024-10-16 00:00:00+00:00
1729051200000,0.11657,0.12036,0.11619,0.12016,1251699597.0,2024-10-16 04:00:00+00:00
1729065600000,0.12016,0.12845,0.11976,0.12592,3727472889.0,2024-10-16 08:00:00+00:00
1729080000000,0.12593,0.12792,0.1235,0.12616,2662160411.0,2024-10-16 12:00:00+00:00
1729094400000,0.12615,0.12826,0.12459,0.12736,1722242599.0,2024-10-16 16:00:00+00:00
1729108800000,0.12735,0.13006,0.12522,0.12571,1646686451.0,2024-10-16 20:00:00+00:00
1729123200000,0.12572,0.1267,0.1236,0.12508,1010631839.0,2024-10-17 00:00:00+00:00
1729137600000,0.12508,0.12516,0.12132,0.12201,1240477597.0,2024-10-17 04:00:00+00:00
1729152000000,0.12201,0.12356,0.12102,0.12161,1157556578.0,2024-10-17 08:00:00+00:00
1729166400000,0.1216,0.123,0.12043,0.12272,1478036825.0,2024-10-17 12:00:00+00:00
1729180800000,0.12272,0.12417,0.12053,0.12407,1318265288.0,2024-10-17 16:00:00+00:00
1729195200000,0.12406,0.13099,0.12394,0.1296,2447427497.0,2024-10-17 20:00:00+00:00
1729209600000,0.12961,0.13647,0.12946,0.13268,2458345567.0,2024-10-18 00:00:00+00:00
1729224000000,0.13268,0.13588,0.13085,0.1347,2225542375.0,2024-10-18 04:00:00+00:00
1729238400000,0.13469,0.13644,0.13314,0.13341,1336002058.0,2024-10-18 08:00:00+00:00
1729252800000,0.13341,0.1384,0.13244,0.13761,2137034335.0,2024-10-18 12:00:00+00:00
1729267200000,0.13761,0.14081,0.13602,0.13653,2513492634.0,2024-10-18 16:00:00+00:00
1729281600000,0.13653,0.13868,0.13601,0.13717,770598427.0,2024-10-18 20:00:00+00:00
1729296000000,0.13717,0.14697,0.13692,0.14418,2490266736.0,2024-10-19 00:00:00+00:00
1729310400000,0.14418,0.1454,0.14278,0.14398,1394281396.0,2024-10-19 04:00:00+00:00
1729324800000,0.14398,0.14658,0.1421,0.14218,1723099145.0,2024-10-19 08:00:00+00:00
1729339200000,0.14217,0.14683,0.14209,0.14385,1793760865.0,2024-10-19 12:00:00+00:00
1729353600000,0.14384,0.14447,0.1393,0.14003,1769260374.0,2024-10-19 16:00:00+00:00
1729368000000,0.14004,0.14675,0.13989,0.14402,1127552791.0,2024-10-19 20:00:00+00:00
1729382400000,0.14401,0.14574,0.14061,0.14133,1151579982.0,2024-10-20 00:00:00+00:00
1729396800000,0.14134,0.14388,0.14067,0.14278,1017329152.0,2024-10-20 04:00:00+00:00
1729411200000,0.14278,0.1437,0.14185,0.14269,719276794.0,2024-10-20 08:00:00+00:00
1729425600000,0.14269,0.14285,0.13718,0.13833,2073687230.0,2024-10-20 12:00:00+00:00
1729440000000,0.13834,0.1426,0.1383,0.14026,1032534097.0,2024-10-20 16:00:00+00:00
1729454400000,0.14026,0.1435,0.13962,0.1421,1013360980.0,2024-10-20 20:00:00+00:00
1729468800000,0.1421,0.14708,0.14138,0.14542,1862739650.0,2024-10-21 00:00:00+00:00
1729483200000,0.14542,0.14979,0.14422,0.14616,2140774319.0,2024-10-21 04:00:00+00:00
1729497600000,0.14616,0.14714,0.14391,0.14438,1311822660.0,2024-10-21 08:00:00+00:00
1729512000000,0.14439,0.14511,0.13869,0.14077,2310642694.0,2024-10-21 12:00:00+00:00
1729526400000,0.14077,0.14412,0.13812,0.14353,1341706111.0,2024-10-21 16:00:00+00:00
1729540800000,0.14355,0.14511,0.14259,0.14363,710045977.0,2024-10-21 20:00:00+00:00
1729555200000,0.14363,0.14853,0.14036,0.14473,2019729513.0,2024-10-22 00:00:00+00:00
1729569600000,0.14474,0.14662,0.14365,0.14441,770537241.0,2024-10-22 04:00:00+00:00
1729584000000,0.1444,0.14451,0.14137,0.14185,1334714348.0,2024-10-22 08:00:00+00:00
1729598400000,0.14185,0.14265,0.13812,0.13937,2191716072.0,2024-10-22 12:00:00+00:00
1729612800000,0.13937,0.1407,0.13642,0.13957,1384587899.0,2024-10-22 16:00:00+00:00
1729627200000,0.13957,0.14133,0.13923,0.13964,603329919.0,2024-10-22 20:00:00+00:00
1729641600000,0.13964,0.1399,0.13678,0.13814,923093478.0,2024-10-23 00:00:00+00:00
1729656000000,0.13815,0.14091,0.13749,0.13965,923640769.0,2024-10-23 04:00:00+00:00
1729670400000,0.13965,0.14038,0.13593,0.13698,1313469445.0,2024-10-23 08:00:00+00:00
1729684800000,0.13698,0.14091,0.13624,0.13937,1578142443.0,2024-10-23 12:00:00+00:00
1729699200000,0.13937,0.14003,0.1331,0.13904,2219924204.0,2024-10-23 16:00:00+00:00
1729713600000,0.13905,0.14026,0.13757,0.13998,776900235.0,2024-10-23 20:00:00+00:00
1729728000000,0.13998,0.14318,0.13907,0.13939,1375226517.0,2024-10-24 00:00:00+00:00
1729742400000,0.13938,0.14108,0.13795,0.13832,798933178.0,2024-10-24 04:00:00+00:00
1729756800000,0.13832,0.13915,0.13627,0.13893,929096892.0,2024-10-24 08:00:00+00:00
1729771200000,0.13892,0.14343,0.13867,0.14056,1851536994.0,2024-10-24 12:00:00+00:00
1729785600000,0.14055,0.14286,0.13922,0.14238,808073807.0,2024-10-24 16:00:00+00:00
1729800000000,0.14238,0.14385,0.14112,0.14188,773046258.0,2024-10-24 20:00:00+00:00
1729814400000,0.14187,0.14275,0.13872,0.13983,833939443.0,2024-10-25 00:00:00+00:00
1729828800000,0.13981,0.14079,0.13749,0.13806,849684819.0,2024-10-25 04:00:00+00:00
1729843200000,0.13806,0.13968,0.13666,0.13909,986058990.0,2024-10-25 08:00:00+00:00
1729857600000,0.13909,0.13974,0.1357,0.13633,1251852842.0,2024-10-25 12:00:00+00:00
1729872000000,0.13632,0.13709,0.13212,0.13543,1764929321.0,2024-10-25 16:00:00+00:00
1729886400000,0.13543,0.13676,0.12771,0.13154,1943016327.0,2024-10-25 20:00:00+00:00
1729900800000,0.13155,0.13419,0.13062,0.13366,1152949506.0,2024-10-26 00:00:00+00:00
1729915200000,0.13366,0.13501,0.13317,0.13435,467503332.0,2024-10-26 04:00:00+00:00
1729929600000,0.13434,0.13548,0.13429,0.13502,396517738.0,2024-10-26 08:00:00+00:00
1729944000000,0.13501,0.13534,0.13205,0.13346,825767896.0,2024-10-26 12:00:00+00:00
1729958400000,0.13346,0.13816,0.13324,0.13625,887441649.0,2024-10-26 16:00:00+00:00
1729972800000,0.13625,0.13793,0.13608,0.13739,399453380.0,2024-10-26 20:00:00+00:00
1729987200000,0.13739,0.1387,0.13602,0.1381,518176259.0,2024-10-27 00:00:00+00:00
1730001600000,0.1381,0.13862,0.13761,0.13814,337378019.0,2024-10-27 04:00:00+00:00
1730016000000,0.13813,0.13854,0.1366,0.13729,516278927.0,2024-10-27 08:00:00+00:00
1730030400000,0.13729,0.1411,0.13728,0.14099,895286812.0,2024-10-27 12:00:00+00:00
1730044800000,0.14098,0.14423,0.14035,0.14126,1412083653.0,2024-10-27 16:00:00+00:00
1730059200000,0.14126,0.1463,0.14053,0.14425,1105264947.0,2024-10-27 20:00:00+00:00
1730073600000,0.14424,0.14633,0.14107,0.14316,1509346805.0,2024-10-28 00:00:00+00:00
1730088000000,0.14317,0.14538,0.14182,0.14338,1362271456.0,2024-10-28 04:00:00+00:00
1730102400000,0.14338,0.14695,0.14211,0.14563,1241764600.0,2024-10-28 08:00:00+00:00
1730116800000,0.14562,0.1513,0.14506,0.14791,3593322738.0,2024-10-28 12:00:00+00:00
1730131200000,0.14791,0.16205,0.1478,0.15851,4927619083.0,2024-10-28 16:00:00+00:00
1730145600000,0.15929,0.16263,0.15716,0.1614,2077679478.0,2024-10-28 20:00:00+00:00
1730160000000,0.16141,0.16916,0.16048,0.16719,3812573353.0,2024-10-29 00:00:00+00:00
1730174400000,0.1672,0.16755,0.16332,0.16472,1688332863.0,2024-10-29 04:00:00+00:00
1730188800000,0.16472,0.16777,0.16354,0.16658,1309030047.0,2024-10-29 08:00:00+00:00
1730203200000,0.16657,0.1732,0.16461,0.17275,3141742686.0,2024-10-29 12:00:00+00:00
1730217600000,0.17275,0.17974,0.16928,0.16983,5047594112.0,2024-10-29 16:00:00+00:00
1730232000000,0.16982,0.17683,0.16829,0.17587,2245630373.0,2024-10-29 20:00:00+00:00
1730246400000,0.17586,0.17802,0.17215,0.17497,2150414472.0,2024-10-30 00:00:00+00:00
1730260800000,0.17497,0.17796,0.17211,0.17267,1454406010.0,2024-10-30 04:00:00+00:00
1730275200000,0.17267,0.17385,0.16723,0.16822,1870639527.0,2024-10-30 08:00:00+00:00
1730289600000,0.16821,0.17141,0.16481,0.16536,2599567532.0,2024-10-30 12:00:00+00:00
1730304000000,0.16537,0.1689,0.1644,0.16748,1024586053.0,2024-10-30 16:00:00+00:00
1730318400000,0.16747,0.17091,0.16644,0.16829,997071506.0,2024-10-30 20:00:00+00:00
1730332800000,0.1683,0.17285,0.16728,0.17047,1387576187.0,2024-10-31 00:00:00+00:00
1730347200000,0.17047,0.17312,0.17041,0.17207,812315526.0,2024-10-31 04:00:00+00:00
1730361600000,0.17206,0.17368,0.16882,0.17137,1308549611.0,2024-10-31 08:00:00+00:00
1730376000000,0.17137,0.17224,0.16463,0.16611,3042927570.0,2024-10-31 12:00:00+00:00
1730390400000,0.16611,0.16694,0.15878,0.15936,2630203707.0,2024-10-31 16:00:00+00:00
1730404800000,0.15935,0.16282,0.15634,0.16162,1865182087.0,2024-10-31 20:00:00+00:00
1730419200000,0.16163,0.16432,0.1568,0.15838,1890301985.0,2024-11-01 00:00:00+00:00
1730433600000,0.15837,0.16049,0.15417,0.15601,1630432678.0,2024-11-01 04:00:00+00:00
1730448000000,0.15602,0.1626,0.15573,0.16094,1740811408.0,2024-11-01 08:00:00+00:00
1730462400000,0.16094,0.16894,0.15814,0.15932,3957866394.0,2024-11-01 12:00:00+00:00
1730476800000,0.15932,0.16366,0.15874,0.16033,1844462022.0,2024-11-01 16:00:00+00:00
1730491200000,0.16034,0.16185,0.15652,0.15913,1173621092.0,2024-11-01 20:00:00+00:00
1730505600000,0.15912,0.16357,0.15903,0.16133,1117671352.0,2024-11-02 00:00:00+00:00
1730520000000,0.16133,0.16285,0.1593,0.16191,794520317.0,2024-11-02 04:00:00+00:00
1730534400000,0.16191,0.16238,0.15852,0.15935,932088920.0,2024-11-02 08:00:00+00:00
1730548800000,0.15935,0.16041,0.15531,0.15692,1629920975.0,2024-11-02 12:00:00+00:00
1730563200000,0.15693,0.16027,0.15654,0.15956,928249820.0,2024-11-02 16:00:00+00:00
1730577600000,0.15956,0.16018,0.15751,0.15952,629310350.0,2024-11-02 20:00:00+00:00
1730592000000,0.15952,0.15987,0.1478,0.15015,3029233737.0,2024-11-03 00:00:00+00:00
1730606400000,0.15016,0.15273,0.14968,0.15181,1213591894.0,2024-11-03 04:00:00+00:00
1730620800000,0.15181,0.15254,0.14765,0.14844,1458198374.0,2024-11-03 08:00:00+00:00
1730635200000,0.14844,0.15016,0.14217,0.14579,3420661641.0,2024-11-03 12:00:00+00:00
1730649600000,0.14577,0.14912,0.14389,0.1488,2188276604.0,2024-11-03 16:00:00+00:00
1730664000000,0.14881,0.15405,0.14809,0.15129,2151877783.0,2024-11-03 20:00:00+00:00
1730678400000,0.15129,0.15464,0.14815,0.15162,1705152196.0,2024-11-04 00:00:00+00:00
1730692800000,0.15161,0.15285,0.14936,0.15077,1014218767.0,2024-11-04 04:00:00+00:00
1730707200000,0.15076,0.15828,0.1495,0.15697,2625613911.0,2024-11-04 08:00:00+00:00
1730721600000,0.15696,0.15986,0.1544,0.15811,3046326842.0,2024-11-04 12:00:00+00:00
1730736000000,0.1581,0.16024,0.15436,0.15923,2992089512.0,2024-11-04 16:00:00+00:00
1730750400000,0.15924,0.16019,0.15169,0.15817,2839538934.0,2024-11-04 20:00:00+00:00
1730764800000,0.15817,0.16653,0.15785,0.16231,3064520524.0,2024-11-05 00:00:00+00:00
1730779200000,0.1623,0.1694,0.16133,0.16768,2586776093.0,2024-11-05 04:00:00+00:00
1730793600000,0.16769,0.17268,0.16579,0.17146,2850403772.0,2024-11-05 08:00:00+00:00
1730808000000,0.17146,0.17943,0.16851,0.17458,5508536422.0,2024-11-05 12:00:00+00:00
1730822400000,0.17459,0.17765,0.1656,0.16783,4451971713.0,2024-11-05 16:00:00+00:00
1730836800000,0.16783,0.17326,0.16524,0.16991,3748890376.0,2024-11-05 20:00:00+00:00
1730851200000,0.16991,0.22,0.1689,0.21143,16723668324.0,2024-11-06 00:00:00+00:00
1730865600000,0.21143,0.2134,0.19529,0.19989,11422621731.0,2024-11-06 04:00:00+00:00
1730880000000,0.19988,0.20429,0.18656,0.20224,8062282858.0,2024-11-06 08:00:00+00:00
1730894400000,0.20224,0.20579,0.18916,0.19169,6673144231.0,2024-11-06 12:00:00+00:00
1730908800000,0.19168,0.19604,0.18712,0.19486,3952692494.0,2024-11-06 16:00:00+00:00
1730923200000,0.19487,0.1998,0.19309,0.19646,3001943432.0,2024-11-06 20:00:00+00:00
1730937600000,0.19646,0.2046,0.19274,0.19612,3867480280.0,2024-11-07 00:00:00+00:00
1730952000000,0.19612,0.19684,0.18872,0.19168,2681456819.0,2024-11-07 04:00:00+00:00
1730966400000,0.19168,0.19448,0.19021,0.19084,1690589282.0,2024-11-07 08:00:00+00:00
1730980800000,0.19084,0.19469,0.1852,0.19421,3132737602.0,2024-11-07 12:00:00+00:00
1730995200000,0.19422,0.19759,0.19022,0.19377,2826532544.0,2024-11-07 16:00:00+00:00
1731009600000,0.19378,0.19548,0.19005,0.19334,1504228118.0,2024-11-07 20:00:00+00:00
1731024000000,0.19334,0.19924,0.19092,0.19487,2129149704.0,2024-11-08 00:00:00+00:00
1731038400000,0.19487,0.20208,0.19417,0.19987,2631755832.0,2024-11-08 04:00:00+00:00
1731052800000,0.19986,0.20009,0.19521,0.19666,1615986857.0,2024-11-08 08:00:00+00:00
1731067200000,0.19665,0.20046,0.19323,0.19717,2744900380.0,2024-11-08 12:00:00+00:00
1731081600000,0.19715,0.19843,0.19051,0.19719,2750715811.0,2024-11-08 16:00:00+00:00
1731096000000,0.1972,0.20713,0.19521,0.20203,2884300347.0,2024-11-08 20:00:00+00:00
1731110400000,0.20203,0.20458,0.19722,0.1994,1686007156.0,2024-11-09 00:00:00+00:00
1731124800000,0.19941,0.21019,0.19871,0.20935,2419265754.0,2024-11-09 04:00:00+00:00
1731139200000,0.20935,0.21293,0.2072,0.20751,2218100829.0,2024-11-09 08:00:00+00:00
1731153600000,0.20749,0.20845,0.20301,0.2055,1910080398.0,2024-11-09 12:00:00+00:00
1731168000000,0.20549,0.21129,0.2011,0.20791,2139292033.0,2024-11-09 16:00:00+00:00
1731182400000,0.20791,0.22025,0.20772,0.219,3101472092.0,2024-11-09 20:00:00+00:00
1731196800000,0.219,0.2297,0.21664,0.22861,4217882396.0,2024-11-10 00:00:00+00:00
1731211200000,0.22862,0.23295,0.22455,0.22684,2962358997.0,2024-11-10 04:00:00+00:00
1731225600000,0.22684,0.24383,0.22657,0.24242,3415988003.0,2024-11-10 08:00:00+00:00
1731240000000,0.24242,0.24976,0.238,0.24722,5465515883.0,2024-11-10 12:00:00+00:00
1731254400000,0.24723,0.298,0.24484,0.27132,13386967266.0,2024-11-10 16:00:00+00:00
1731268800000,0.27132,0.28733,0.2479,0.27794,8207022941.0,2024-11-10 20:00:00+00:00
1731283200000,0.27794,0.30437,0.27553,0.29322,6922614140.0,2024-11-11 00:00:00+00:00
1731297600000,0.29323,0.29749,0.27285,0.28165,5628446386.0,2024-11-11 04:00:00+00:00
1731312000000,0.28165,0.29602,0.2756,0.29321,4463766352.0,2024-11-11 08:00:00+00:00
1731326400000,0.2932,0.31381,0.28269,0.31005,8274821994.0,2024-11-11 12:00:00+00:00
1731340800000,0.31005,0.32898,0.30931,0.31794,8814243646.0,2024-11-11 16:00:00+00:00
1731355200000,0.31794,0.352,0.31752,0.35184,8209538641.0,2024-11-11 20:00:00+00:00
1731369600000,0.35185,0.3675,0.32699,0.36387,8741329153.0,2024-11-12 00:00:00+00:00
1731384000000,0.36386,0.42295,0.35973,0.41204,12635222929.0,2024-11-12 04:00:00+00:00
1731398400000,0.41204,0.43995,0.35244,0.39629,18768809384.0,2024-11-12 08:00:00+00:00
1731412800000,0.39625,0.406,0.34112,0.37217,15513367437.0,2024-11-12 12:00:00+00:00
1731427200000,0.37216,0.39735,0.35,0.3825,7781085466.0,2024-11-12 16:00:00+00:00
1731441600000,0.3825,0.39919,0.36716,0.3802,4590993524.0,2024-11-12 20:00:00+00:00
1731456000000,0.3802,0.4165,0.36811,0.37127,10054935597.0,2024-11-13 00:00:00+00:00
1731470400000,0.37128,0.38419,0.35173,0.37766,6135996478.0,2024-11-13 04:00:00+00:00
1731484800000,0.37767,0.39507,0.369,0.38868,4701984283.0,2024-11-13 08:00:00+00:00
1731499200000,0.38866,0.43439,0.379,0.42043,9686749056.0,2024-11-13 12:00:00+00:00
1731513600000,0.42042,0.42763,0.38121,0.3842,6865403509.0,2024-11-13 16:00:00+00:00
1731528000000,0.3842,0.4048,0.3711,0.39903,4023712398.0,2024-11-13 20:00:00+00:00
1731542400000,0.39903,0.40082,0.37942,0.38654,2855702497.0,2024-11-14 00:00:00+00:00
1731556800000,0.38654,0.402,0.3805,0.39794,2732561375.0,2024-11-14 04:00:00+00:00
1731571200000,0.39794,0.40899,0.3872,0.39611,3901426923.0,2024-11-14 08:00:00+00:00
1731585600000,0.39611,0.4175,0.37888,0.38418,7085129043.0,2024-11-14 12:00:00+00:00
1731600000000,0.38419,0.40095,0.38056,0.39497,2797051654.0,2024-11-14 16:00:00+00:00
1731614400000,0.39498,0.39498,0.35276,0.36261,3795952625.0,2024-11-14 20:00:00+00:00
1731628800000,0.36261,0.37644,0.36181,0.37095,3202786550.0,2024-11-15 00:00:00+00:00
1731643200000,0.37095,0.37239,0.35313,0.36608,3112871183.0,2024-11-15 04:00:00+00:00
1731657600000,0.36609,0.37832,0.3615,0.37326,2808650826.0,2024-11-15 08:00:00+00:00
1731672000000,0.37325,0.38133,0.35214,0.35666,3842818500.0,2024-11-15 12:00:00+00:00
1731686400000,0.35666,0.37394,0.35418,0.36982,2892260600.0,2024-11-15 16:00:00+00:00
1731700800000,0.36981,0.3854,0.36905,0.38203,2726202565.0,2024-11-15 20:00:00+00:00
1731715200000,0.38202,0.38438,0.37231,0.38027,1771083044.0,2024-11-16 00:00:00+00:00
1731729600000,0.38026,0.39181,0.37441,0.37886,2447129787.0,2024-11-16 04:00:00+00:00
1731744000000,0.37887,0.381,0.372,0.37622,1688618759.0,2024-11-16 08:00:00+00:00
1731758400000,0.37622,0.3779,0.36124,0.36587,2439564170.0,2024-11-16 12:00:00+00:00
1731772800000,0.36586,0.37548,0.3634,0.37283,1470214012.0,2024-11-16 16:00:00+00:00
1731787200000,0.37283,0.37371,0.3599,0.36435,1235913239.0,2024-11-16 20:00:00+00:00
1731801600000,0.36436,0.36915,0.3401,0.35129,3482855842.0,2024-11-17 00:00:00+00:00
1731816000000,0.3513,0.36029,0.3475,0.35926,1714832605.0,2024-11-17 04:00:00+00:00
1731830400000,0.35925,0.37611,0.35771,0.36062,2424309228.0,2024-11-17 08:00:00+00:00
1731844800000,0.36062,0.37158,0.35728,0.36357,1701544235.0,2024-11-17 12:00:00+00:00
1731859200000,0.3636,0.37089,0.3551,0.3595,1462549320.0,2024-11-17 16:00:00+00:00
1731873600000,0.35951,0.36819,0.3515,0.36737,1531661319.0,2024-11-17 20:00:00+00:00
1731888000000,0.36737,0.37646,0.3611,0.37241,1924401206.0,2024-11-18 00:00:00+00:00
1731902400000,0.3724,0.38128,0.36814,0.37544,1989154042.0,2024-11-18 04:00:00+00:00
1731916800000,0.37544,0.38041,0.36137,0.36312,2164299036.0,2024-11-18 08:00:00+00:00
1731931200000,0.36312,0.38026,0.35737,0.3781,3062485117.0,2024-11-18 12:00:00+00:00
1731945600000,0.3781,0.38073,0.36241,0.36752,2474498294.0,2024-11-18 16:00:00+00:00
1731960000000,0.36752,0.38164,0.36566,0.37144,1856748072.0,2024-11-18 20:00:00+00:00
1731974400000,0.37145,0.37795,0.3664,0.37715,1182074785.0,2024-11-19 00:00:00+00:00
1731988800000,0.37716,0.39619,0.37715,0.38856,3513521208.0,2024-11-19 04:00:00+00:00
1732003200000,0.38858,0.39039,0.37882,0.38317,1903401857.0,2024-11-19 08:00:00+00:00
1732017600000,0.38316,0.40656,0.3828,0.39507,4758173859.0,2024-11-19 12:00:00+00:00
1732032000000,0.39508,0.421,0.3934,0.40552,4386648032.0,2024-11-19 16:00:00+00:00
1732046400000,0.40553,0.40778,0.37951,0.3908,4068544671.0,2024-11-19 20:00:00+00:00
1732060800000,0.3908,0.39136,0.376,0.38356,1990894582.0,2024-11-20 00:00:00+00:00
1732075200000,0.38356,0.3925,0.38123,0.39004,1373925805.0,2024-11-20 04:00:00+00:00
1732089600000,0.39004,0.39618,0.38404,0.38952,1877730688.0,2024-11-20 08:00:00+00:00
1732104000000,0.38951,0.39734,0.38045,0.39297,2962281802.0,2024-11-20 12:00:00+00:00
1732118400000,0.39297,0.3933,0.364,0.37223,3537880224.0,2024-11-20 16:00:00+00:00
1732132800000,0.37222,0.38149,0.37049,0.37791,1285519706.0,2024-11-20 20:00:00+00:00
1732147200000,0.3779,0.38605,0.3687,0.3763,2041833107.0,2024-11-21 00:00:00+00:00
1732161600000,0.37629,0.3906,0.37611,0.38535,2117464588.0,2024-11-21 04:00:00+00:00
1732176000000,0.38536,0.38797,0.37902,0.38299,1263956278.0,2024-11-21 08:00:00+00:00
1732190400000,0.38299,0.396,0.37737,0.38059,3740448776.0,2024-11-21 12:00:00+00:00
1732204800000,0.38059,0.389,0.3789,0.38487,1530170803.0,2024-11-21 16:00:00+00:00
1732219200000,0.38488,0.39199,0.38197,0.387,1174585391.0,2024-11-21 20:00:00+00:00
1732233600000,0.387,0.40274,0.381,0.39415,3052331062.0,2024-11-22 00:00:00+00:00
1732248000000,0.39414,0.40598,0.3906,0.39151,1781287668.0,2024-11-22 04:00:00+00:00
1732262400000,0.39152,0.39485,0.38508,0.39464,1548683815.0,2024-11-22 08:00:00+00:00
1732276800000,0.39465,0.41781,0.38687,0.40381,6642666607.0,2024-11-22 12:00:00+00:00
1732291200000,0.40381,0.41581,0.395,0.4002,3374131730.0,2024-11-22 16:00:00+00:00
1732305600000,0.4002,0.4211,0.39906,0.41301,2482310363.0,2024-11-22 20:00:00+00:00
1732320000000,0.41301,0.43537,0.40428,0.43385,4006414659.0,2024-11-23 00:00:00+00:00
1732334400000,0.43384,0.48044,0.43372,0.46176,6876590101.0,2024-11-23 04:00:00+00:00
1732348800000,0.46177,0.481,0.45374,0.46988,3068054287.0,2024-11-23 08:00:00+00:00
1732363200000,0.46988,0.47586,0.45492,0.45539,2503711162.0,2024-11-23 12:00:00+00:00
1732377600000,0.45539,0.45883,0.412,0.42394,5950191218.0,2024-11-23 16:00:00+00:00
1732392000000,0.42394,0.44332,0.41337,0.43049,2526820300.0,2024-11-23 20:00:00+00:00
1732406400000,0.4305,0.45356,0.42756,0.44217,2432181102.0,2024-11-24 00:00:00+00:00
1732420800000,0.44217,0.44364,0.43011,0.43876,1678132186.0,2024-11-24 04:00:00+00:00
1732435200000,0.43875,0.4396,0.41425,0.41519,2572202739.0,2024-11-24 08:00:00+00:00
1732449600000,0.41519,0.42214,0.4,0.40215,5446427867.0,2024-11-24 12:00:00+00:00
1732464000000,0.40214,0.42382,0.3992,0.41803,2611620902.0,2024-11-24 16:00:00+00:00
1732478400000,0.41801,0.43733,0.4165,0.43046,1749845298.0,2024-11-24 20:00:00+00:00
1732492800000,0.43045,0.43093,0.41164,0.4234,1508885099.0,2024-11-25 00:00:00+00:00
1732507200000,0.42341,0.42975,0.42005,0.42863,1072505598.0,2024-11-25 04:00:00+00:00
1732521600000,0.42863,0.43794,0.42275,0.42543,1821495129.0,2024-11-25 08:00:00+00:00
1732536000000,0.42543,0.42748,0.39515,0.41444,3871573026.0,2024-11-25 12:00:00+00:00
1732550400000,0.41445,0.42482,0.39848,0.40383,2862226062.0,2024-11-25 16:00:00+00:00
1732564800000,0.40383,0.40883,0.38111,0.39284,2526593214.0,2024-11-25 20:00:00+00:00
1732579200000,0.39282,0.4089,0.3906,0.40587,1578308909.0,2024-11-26 00:00:00+00:00
1732593600000,0.40587,0.4091,0.39603,0.39822,1199786969.0,2024-11-26 04:00:00+00:00
1732608000000,0.3982,0.39845,0.36482,0.37721,4270919344.0,2024-11-26 08:00:00+00:00
1732622400000,0.37721,0.388,0.36791,0.3794,3400774470.0,2024-11-26 12:00:00+00:00
1732636800000,0.3794,0.39075,0.37018,0.37897,2337860463.0,2024-11-26 16:00:00+00:00
1732651200000,0.37896,0.38922,0.37813,0.38733,1316968245.0,2024-11-26 20:00:00+00:00
1732665600000,0.38733,0.39374,0.38035,0.38748,1644734538.0,2024-11-27 00:00:00+00:00
1732680000000,0.38747,0.3998,0.38662,0.39774,1350033514.0,2024-11-27 04:00:00+00:00
1732694400000,0.39773,0.39798,0.38858,0.39075,1410233819.0,2024-11-27 08:00:00+00:00
1732708800000,0.39076,0.40436,0.38543,0.40148,2277623816.0,2024-11-27 12:00:00+00:00
1732723200000,0.40147,0.40569,0.39723,0.40364,1465460143.0,2024-11-27 16:00:00+00:00
1732737600000,0.40363,0.408,0.4,0.4013,1049890847.0,2024-11-27 20:00:00+00:00
1732752000000,0.40129,0.42927,0.3972,0.40941,2900173338.0,2024-11-28 00:00:00+00:00
1732766400000,0.40941,0.41325,0.4012,0.40318,1118120964.0,2024-11-28 04:00:00+00:00
1732780800000,0.40319,0.4074,0.3944,0.40202,1525280362.0,2024-11-28 08:00:00+00:00
1732795200000,0.40201,0.40517,0.39122,0.39294,1475803014.0,2024-11-28 12:00:00+00:00
1732809600000,0.39293,0.40092,0.39293,0.39919,751796912.0,2024-11-28 16:00:00+00:00
1732824000000,0.39919,0.40435,0.39618,0.40192,643590143.0,2024-11-28 20:00:00+00:00
1732838400000,0.40193,0.40914,0.39965,0.40723,868640063.0,2024-11-29 00:00:00+00:00
1732852800000,0.40723,0.4083,0.40032,0.40069,798873218.0,2024-11-29 04:00:00+00:00
1732867200000,0.40068,0.41646,0.40068,0.4138,1332147150.0,2024-11-29 08:00:00+00:00
1732881600000,0.4138,0.42522,0.40906,0.41853,2066237510.0,2024-11-29 12:00:00+00:00
1732896000000,0.41854,0.4348,0.41552,0.43475,2362141958.0,2024-11-29 16:00:00+00:00
1732910400000,0.43477,0.43791,0.42434,0.42664,1287037879.0,2024-11-29 20:00:00+00:00
1732924800000,0.42663,0.4272,0.41402,0.42258,1259135392.0,2024-11-30 00:00:00+00:00
1732939200000,0.42258,0.43443,0.42066,0.43189,1384837653.0,2024-11-30 04:00:00+00:00
1732953600000,0.43189,0.43626,0.41905,0.4226,1689191194.0,2024-11-30 08:00:00+00:00
1732968000000,0.4226,0.42603,0.41756,0.42297,897311720.0,2024-11-30 12:00:00+00:00
1732982400000,0.42296,0.42929,0.42208,0.42632,774456026.0,2024-11-30 16:00:00+00:00
1732996800000,0.42631,0.43024,0.42065,0.42179,725103142.0,2024-11-30 20:00:00+00:00
1733011200000,0.42179,0.4375,0.41648,0.42504,2344400514.0,2024-12-01 00:00:00+00:00
1733025600000,0.42503,0.43235,0.42417,0.42743,1021803607.0,2024-12-01 04:00:00+00:00
1733040000000,0.42743,0.43138,0.4205,0.42497,1001223710.0,2024-12-01 08:00:00+00:00
1733054400000,0.42496,0.43055,0.42141,0.42865,1057247476.0,2024-12-01 12:00:00+00:00
1733068800000,0.42866,0.444,0.42813,0.43203,2645968539.0,2024-12-01 16:00:00+00:00
1733083200000,0.43202,0.4502,0.426,0.44092,1999089304.0,2024-12-01 20:00:00+00:00
1733097600000,0.44091,0.4643,0.43851,0.4423,3613988304.0,2024-12-02 00:00:00+00:00
1733112000000,0.4423,0.44551,0.427,0.42884,2949399175.0,2024-12-02 04:00:00+00:00
1733126400000,0.42883,0.42919,0.4,0.40895,3643873875.0,2024-12-02 08:00:00+00:00
1733140800000,0.40895,0.43798,0.40729,0.43375,2715039117.0,2024-12-02 12:00:00+00:00
1733155200000,0.43375,0.43921,0.408,0.42476,2890873290.0,2024-12-02 16:00:00+00:00
1733169600000,0.42477,0.4275,0.41801,0.42497,889030581.0,2024-12-02 20:00:00+00:00
1733184000000,0.42496,0.42997,0.41509,0.42284,1160549707.0,2024-12-03 00:00:00+00:00
1733198400000,0.42284,0.42959,0.41222,0.41696,1468099485.0,2024-12-03 04:00:00+00:00
1733212800000,0.41696,0.42166,0.4112,0.4189,1188451803.0,2024-12-03 08:00:00+00:00
1733227200000,0.4189,0.419,0.38799,0.40638,4265207953.0,2024-12-03 12:00:00+00:00
1733241600000,0.40638,0.4125,0.4,0.40831,1314569503.0,2024-12-03 16:00:00+00:00
1733256000000,0.40831,0.41748,0.4066,0.4067,1157787947.0,2024-12-03 20:00:00+00:00
1733270400000,0.40671,0.41907,0.40666,0.41593,1324181686.0,2024-12-04 00:00:00+00:00
1733284800000,0.41593,0.42328,0.415,0.42112,934295708.0,2024-12-04 04:00:00+00:00
1733299200000,0.42112,0.42399,0.41627,0.41731,1063800126.0,2024-12-04 08:00:00+00:00
1733313600000,0.4173,0.41856,0.40726,0.41337,1700696566.0,2024-12-04 12:00:00+00:00
1733328000000,0.41336,0.41885,0.40017,0.41662,1876902865.0,2024-12-04 16:00:00+00:00
1733342400000,0.41663,0.43714,0.41483,0.43318,3018285119.0,2024-12-04 20:00:00+00:00
1733356800000,0.43318,0.455,0.40644,0.43577,4968472440.0,2024-12-05 00:00:00+00:00
1733371200000,0.43576,0.46747,0.43148,0.43997,4233702785.0,2024-12-05 04:00:00+00:00
1733385600000,0.43997,0.44912,0.43514,0.44662,2038712361.0,2024-12-05 08:00:00+00:00
1733400000000,0.44662,0.45768,0.435,0.4393,3357339788.0,2024-12-05 12:00:00+00:00
1733414400000,0.4393,0.44626,0.4315,0.43281,1867562632.0,2024-12-05 16:00:00+00:00
1733428800000,0.4328,0.43704,0.412,0.42718,3012182720.0,2024-12-05 20:00:00+00:00
1733443200000,0.42719,0.44052,0.42238,0.43748,1464400610.0,2024-12-06 00:00:00+00:00
1733457600000,0.43749,0.43917,0.43406,0.43697,737423009.0,2024-12-06 04:00:00+00:00
1733472000000,0.43698,0.44177,0.42342,0.42779,1579457090.0,2024-12-06 08:00:00+00:00
1733486400000,0.42779,0.43792,0.42,0.43278,2109433055.0,2024-12-06 12:00:00+00:00
1733500800000,0.43278,0.4412,0.4316,0.43921,1153785317.0,2024-12-06 16:00:00+00:00
1733515200000,0.43921,0.44199,0.43224,0.43505,794595580.0,2024-12-06 20:00:00+00:00
1733529600000,0.43506,0.44091,0.43201,0.43403,805220572.0,2024-12-07 00:00:00+00:00
1733544000000,0.43403,0.45437,0.4309,0.44817,1990272731.0,2024-12-07 04:00:00+00:00
1733558400000,0.44817,0.45368,0.44204,0.45025,1478616586.0,2024-12-07 08:00:00+00:00
1733572800000,0.45026,0.45588,0.4425,0.45313,1451608246.0,2024-12-07 12:00:00+00:00
1733587200000,0.45314,0.4669,0.45131,0.46536,2550604249.0,2024-12-07 16:00:00+00:00
1733601600000,0.46536,0.46543,0.45198,0.45332,1197797858.0,2024-12-07 20:00:00+00:00
1733616000000,0.45333,0.46957,0.45014,0.46871,1635026249.0,2024-12-08 00:00:00+00:00
1733630400000,0.46871,0.485,0.46424,0.46535,3131307524.0,2024-12-08 04:00:00+00:00
1733644800000,0.46536,0.4664,0.44637,0.45988,2386220716.0,2024-12-08 08:00:00+00:00
1733659200000,0.45987,0.46591,0.45433,0.46136,1549023169.0,2024-12-08 12:00:00+00:00
1733673600000,0.46136,0.469,0.45904,0.46513,1376543048.0,2024-12-08 16:00:00+00:00
1733688000000,0.46514,0.46822,0.45938,0.46673,718020353.0,2024-12-08 20:00:00+00:00
1733702400000,0.46674,0.4677,0.44497,0.45199,1716159838.0,2024-12-09 00:00:00+00:00
1733716800000,0.45198,0.45488,0.43829,0.44613,1715284979.0,2024-12-09 04:00:00+00:00
1733731200000,0.44612,0.44657,0.42709,0.42961,2749753551.0,2024-12-09 08:00:00+00:00
1733745600000,0.42961,0.44873,0.42495,0.43416,2962742784.0,2024-12-09 12:00:00+00:00
1733760000000,0.43418,0.44077,0.43213,0.43296,1118230508.0,2024-12-09 16:00:00+00:00
1733774400000,0.43295,0.43386,0.36867,0.41393,7453504976.0,2024-12-09 20:00:00+00:00
1733788800000,0.41395,0.42298,0.38685,0.40066,4078117463.0,2024-12-10 00:00:00+00:00
1733803200000,0.40066,0.41365,0.3904,0.4091,1861418814.0,2024-12-10 04:00:00+00:00
1733817600000,0.4091,0.4157,0.4044,0.40947,1436992277.0,2024-12-10 08:00:00+00:00
1733832000000,0.40948,0.41067,0.37172,0.37283,4155169691.0,2024-12-10 12:00:00+00:00
1733846400000,0.37283,0.38798,0.365,0.38482,3985763971.0,2024-12-10 16:00:00+00:00
1733860800000,0.38482,0.39892,0.38337,0.39372,1288171685.0,2024-12-10 20:00:00+00:00
1733875200000,0.39372,0.39827,0.37497,0.39025,1900780484.0,2024-12-11 00:00:00+00:00
1733889600000,0.39026,0.3946,0.38622,0.38671,996045033.0,2024-12-11 04:00:00+00:00
1733904000000,0.38671,0.40513,0.38609,0.40192,1597317700.0,2024-12-11 08:00:00+00:00
1733918400000,0.40193,0.41895,0.40028,0.41288,2400985117.0,2024-12-11 12:00:00+00:00
1733932800000,0.41289,0.41853,0.40514,0.41504,1897217959.0,2024-12-11 16:00:00+00:00
1733947200000,0.41503,0.41877,0.41311,0.41404,713904245.0,2024-12-11 20:00:00+00:00
1733961600000,0.41403,0.42205,0.40696,0.41561,1367408157.0,2024-12-12 00:00:00+00:00
1733976000000,0.4156,0.42423,0.41301,0.41381,1108853253.0,2024-12-12 04:00:00+00:00
1733990400000,0.4138,0.41859,0.40783,0.41058,1217365038.0,2024-12-12 08:00:00+00:00
1734004800000,0.41059,0.41849,0.40817,0.41482,1822599210.0,2024-12-12 12:00:00+00:00
1734019200000,0.41481,0.41832,0.40114,0.4018,1446312685.0,2024-12-12 16:00:00+00:00
1734033600000,0.40181,0.40964,0.40145,0.406,830780505.0,2024-12-12 20:00:00+00:00
1734048000000,0.406,0.40977,0.3989,0.4077,900101596.0,2024-12-13 00:00:00+00:00
1734062400000,0.40771,0.409,0.39938,0.40437,626944246.0,2024-12-13 04:00:00+00:00
1734076800000,0.40438,0.40773,0.40035,0.40331,705561413.0,2024-12-13 08:00:00+00:00
1734091200000,0.4033,0.41218,0.4015,0.40271,1216494588.0,2024-12-13 12:00:00+00:00
1734105600000,0.4027,0.40984,0.40066,0.40371,1093112591.0,2024-12-13 16:00:00+00:00
1734120000000,0.4037,0.4094,0.4022,0.40901,567490020.0,2024-12-13 20:00:00+00:00
1734134400000,0.409,0.41416,0.40583,0.4099,697287475.0,2024-12-14 00:00:00+00:00
1734148800000,0.40989,0.41211,0.40808,0.40927,401901697.0,2024-12-14 04:00:00+00:00
1734163200000,0.40927,0.411,0.40445,0.40582,503101046.0,2024-12-14 08:00:00+00:00
1734177600000,0.40582,0.40647,0.39312,0.39706,1486232882.0,2024-12-14 12:00:00+00:00
1734192000000,0.39705,0.39705,0.38704,0.39223,1298889182.0,2024-12-14 16:00:00+00:00
1734206400000,0.39223,0.39987,0.38753,0.39805,761587736.0,2024-12-14 20:00:00+00:00
1734220800000,0.39806,0.40016,0.39406,0.39668,597425832.0,2024-12-15 00:00:00+00:00
1734235200000,0.39668,0.40231,0.39225,0.39578,632703824.0,2024-12-15 04:00:00+00:00
1734249600000,0.39578,0.40089,0.394,0.40038,642011305.0,2024-12-15 08:00:00+00:00
1734264000000,0.40039,0.40477,0.39912,0.40284,751246749.0,2024-12-15 12:00:00+00:00
1734278400000,0.40285,0.40528,0.40157,0.40238,402825905.0,2024-12-15 16:00:00+00:00
1734292800000,0.40237,0.4113,0.39691,0.40642,1265186947.0,2024-12-15 20:00:00+00:00
1734307200000,0.40643,0.41492,0.40281,0.40494,1193647691.0,2024-12-16 00:00:00+00:00
1734321600000,0.40494,0.4066,0.4031,0.40429,449690189.0,2024-12-16 04:00:00+00:00
1734336000000,0.4043,0.40498,0.39226,0.39333,947355671.0,2024-12-16 08:00:00+00:00
1734350400000,0.39334,0.40158,0.39255,0.40014,1067373368.0,2024-12-16 12:00:00+00:00
1734364800000,0.40015,0.4139,0.39993,0.40608,1819625490.0,2024-12-16 16:00:00+00:00
1734379200000,0.40609,0.40647,0.40006,0.40185,597807866.0,2024-12-16 20:00:00+00:00
1734393600000,0.40185,0.40358,0.39542,0.40319,789634579.0,2024-12-17 00:00:00+00:00
1734408000000,0.40318,0.40334,0.3951,0.39766,789331844.0,2024-12-17 04:00:00+00:00
1734422400000,0.39766,0.40734,0.39752,0.40415,908829558.0,2024-12-17 08:00:00+00:00
1734436800000,0.40414,0.41028,0.3955,0.39852,1611572837.0,2024-12-17 12:00:00+00:00
1734451200000,0.39852,0.40366,0.39601,0.39929,725204406.0,2024-12-17 16:00:00+00:00
1734465600000,0.3993,0.40189,0.39103,0.39393,824357489.0,2024-12-17 20:00:00+00:00
1734480000000,0.39393,0.39625,0.3881,0.38964,1045093968.0,2024-12-18 00:00:00+00:00
1734494400000,0.38963,0.38982,0.378,0.38366,1440621610.0,2024-12-18 04:00:00+00:00
1734508800000,0.38366,0.3899,0.38212,0.38943,554474952.0,2024-12-18 08:00:00+00:00
1734523200000,0.38942,0.39012,0.37963,0.38411,1135363870.0,2024-12-18 12:00:00+00:00
1734537600000,0.38411,0.39002,0.37368,0.37422,1282296713.0,2024-12-18 16:00:00+00:00
1734552000000,0.37416,0.37635,0.3486,0.35808,4151486461.0,2024-12-18 20:00:00+00:00
1734566400000,0.35809,0.36428,0.34,0.36384,3244345059.0,2024-12-19 00:00:00+00:00
1734580800000,0.36383,0.36474,0.35981,0.36283,794899678.0,2024-12-19 04:00:00+00:00
1734595200000,0.36284,0.3672,0.35749,0.36602,893100670.0,2024-12-19 08:00:00+00:00
1734609600000,0.36602,0.36707,0.34296,0.35168,2312378109.0,2024-12-19 12:00:00+00:00
1734624000000,0.35169,0.35304,0.302,0.31278,7179313019.0,2024-12-19 16:00:00+00:00
1734638400000,0.3128,0.32349,0.3,0.31416,2883042347.0,2024-12-19 20:00:00+00:00
1734652800000,0.31417,0.32893,0.30939,0.3217,2085059033.0,2024-12-20 00:00:00+00:00
1734667200000,0.3217,0.32463,0.31083,0.31677,1518509592.0,2024-12-20 04:00:00+00:00
1734681600000,0.31676,0.31695,0.2623,0.2662,7380808018.0,2024-12-20 08:00:00+00:00
1734696000000,0.26624,0.30891,0.26484,0.30449,5735943330.0,2024-12-20 12:00:00+00:00
1734710400000,0.3045,0.31957,0.30202,0.3171,2489487528.0,2024-12-20 16:00:00+00:00
1734724800000,0.3171,0.32108,0.30554,0.31779,1751542262.0,2024-12-20 20:00:00+00:00
1734739200000,0.31778,0.3316,0.31483,0.32594,1738364934.0,2024-12-21 00:00:00+00:00
1734753600000,0.32594,0.34987,0.32508,0.3461,2372797055.0,2024-12-21 04:00:00+00:00
1734768000000,0.3461,0.34791,0.332,0.33654,2140360889.0,2024-12-21 08:00:00+00:00
1734782400000,0.33653,0.33668,0.3139,0.32681,3392723859.0,2024-12-21 12:00:00+00:00
1734796800000,0.32682,0.32958,0.31472,0.32172,2060215568.0,2024-12-21 16:00:00+00:00
1734811200000,0.32171,0.3255,0.31572,0.32027,1240952296.0,2024-12-21 20:00:00+00:00
1734825600000,0.32028,0.3235,0.31216,0.31777,1648145080.0,2024-12-22 00:00:00+00:00
1734840000000,0.31776,0.31865,0.30538,0.31292,1762542680.0,2024-12-22 04:00:00+00:00
1734854400000,0.31292,0.32435,0.3127,0.32115,1323366231.0,2024-12-22 08:00:00+00:00
1734868800000,0.32115,0.32372,0.30901,0.31278,1907080805.0,2024-12-22 12:00:00+00:00
1734883200000,0.31278,0.3215,0.30849,0.30967,1343913460.0,2024-12-22 16:00:00+00:00
1734897600000,0.30968,0.31616,0.30482,0.31246,1427023999.0,2024-12-22 20:00:00+00:00
1734912000000,0.31247,0.32141,0.30273,0.32046,2013019056.0,2024-12-23 00:00:00+00:00
1734926400000,0.32046,0.32238,0.30867,0.31241,1181245764.0,2024-12-23 04:00:00+00:00
1734940800000,0.31241,0.31879,0.31054,0.31443,860877629.0,2024-12-23 08:00:00+00:00
1734955200000,0.31443,0.31755,0.3033,0.30506,1774961977.0,2024-12-23 12:00:00+00:00
1734969600000,0.30506,0.3184,0.30456,0.31601,1571426702.0,2024-12-23 16:00:00+00:00
1734984000000,0.316,0.32868,0.31482,0.32481,1251814422.0,2024-12-23 20:00:00+00:00
1734998400000,0.32482,0.32483,0.31596,0.32167,821765778.0,2024-12-24 00:00:00+00:00
1735012800000,0.32168,0.32432,0.31845,0.32147,551659910.0,2024-12-24 04:00:00+00:00
1735027200000,0.32147,0.323,0.31745,0.32155,590227230.0,2024-12-24 08:00:00+00:00
1735041600000,0.32155,0.34032,0.319,0.33627,1676911230.0,2024-12-24 12:00:00+00:00
1735056000000,0.33627,0.33882,0.33158,0.33176,1166025259.0,2024-12-24 16:00:00+00:00
1735070400000,0.33176,0.3384,0.32759,0.33696,756408393.0,2024-12-24 20:00:00+00:00
1735084800000,0.33695,0.3399,0.33139,0.33245,674946843.0,2024-12-25 00:00:00+00:00
1735099200000,0.33246,0.33538,0.33037,0.33134,452775778.0,2024-12-25 04:00:00+00:00
1735113600000,0.33134,0.34212,0.32971,0.33053,1055788031.0,2024-12-25 08:00:00+00:00
1735128000000,0.33053,0.33395,0.32812,0.33045,721591837.0,2024-12-25 12:00:00+00:00
1735142400000,0.33045,0.33333,0.32644,0.33266,722855759.0,2024-12-25 16:00:00+00:00
1735156800000,0.33266,0.3352,0.32874,0.3342,594719210.0,2024-12-25 20:00:00+00:00
1735171200000,0.3342,0.33788,0.32818,0.32853,676129419.0,2024-12-26 00:00:00+00:00
1735185600000,0.32853,0.32861,0.322,0.32355,701198318.0,2024-12-26 04:00:00+00:00
1735200000000,0.32354,0.32438,0.31384,0.31745,1250917658.0,2024-12-26 08:00:00+00:00
1735214400000,0.31745,0.31845,0.31258,0.31429,915644989.0,2024-12-26 12:00:00+00:00
1735228800000,0.31429,0.31729,0.31011,0.31403,789236355.0,2024-12-26 16:00:00+00:00
1735243200000,0.31402,0.31493,0.3083,0.31252,676728382.0,2024-12-26 20:00:00+00:00
1735257600000,0.31252,0.31649,0.31,0.31516,655516590.0,2024-12-27 00:00:00+00:00
1735272000000,0.31516,0.31737,0.30855,0.31139,737882555.0,2024-12-27 04:00:00+00:00
1735286400000,0.31139,0.32482,0.31139,0.32155,1188847855.0,2024-12-27 08:00:00+00:00
1735300800000,0.32153,0.32197,0.30906,0.31176,1119802178.0,2024-12-27 12:00:00+00:00
1735315200000,0.31176,0.31556,0.30964,0.31529,742357601.0,2024-12-27 16:00:00+00:00
1735329600000,0.31529,0.31548,0.30965,0.31176,429251778.0,2024-12-27 20:00:00+00:00
1735344000000,0.31176,0.31537,0.31111,0.3147,450199998.0,2024-12-28 00:00:00+00:00
1735358400000,0.31469,0.31782,0.31333,0.31487,421991471.0,2024-12-28 04:00:00+00:00
1735372800000,0.31488,0.31835,0.31476,0.31746,351175519.0,2024-12-28 08:00:00+00:00
1735387200000,0.31746,0.32178,0.31618,0.31859,673963158.0,2024-12-28 12:00:00+00:00
1735401600000,0.3186,0.32444,0.31855,0.32235,470238309.0,2024-12-28 16:00:00+00:00
1735416000000,0.32236,0.32745,0.32156,0.32429,414215627.0,2024-12-28 20:00:00+00:00
1735430400000,0.32429,0.32633,0.32098,0.3255,386822026.0,2024-12-29 00:00:00+00:00
1735444800000,0.3255,0.32955,0.32312,0.32922,455476908.0,2024-12-29 04:00:00+00:00
1735459200000,0.32921,0.32945,0.32524,0.32555,375740356.0,2024-12-29 08:00:00+00:00
1735473600000,0.32555,0.32647,0.3194,0.31965,747717696.0,2024-12-29 12:00:00+00:00
1735488000000,0.31965,0.32001,0.31422,0.31607,725530944.0,2024-12-29 16:00:00+00:00
1735502400000,0.31607,0.31701,0.31169,0.31419,611279301.0,2024-12-29 20:00:00+00:00
1735516800000,0.31418,0.3229,0.31301,0.31931,834141106.0,2024-12-30 00:00:00+00:00
1735531200000,0.3193,0.322,0.31534,0.32025,528646847.0,2024-12-30 04:00:00+00:00
1735545600000,0.32026,0.32285,0.31814,0.32083,561022493.0,2024-12-30 08:00:00+00:00
1735560000000,0.32083,0.32319,0.30654,0.31075,1468103328.0,2024-12-30 12:00:00+00:00
1735574400000,0.31074,0.32054,0.30705,0.31983,1072531474.0,2024-12-30 16:00:00+00:00
1735588800000,0.31983,0.32258,0.31001,0.31382,871464848.0,2024-12-30 20:00:00+00:00
1735603200000,0.31382,0.31519,0.31006,0.31138,555984638.0,2024-12-31 00:00:00+00:00
1735617600000,0.31138,0.31352,0.30909,0.31207,453790389.0,2024-12-31 04:00:00+00:00
1735632000000,0.31209,0.3215,0.31194,0.31971,806488127.0,2024-12-31 08:00:00+00:00
1735646400000,0.31972,0.3289,0.31939,0.32745,1241002537.0,2024-12-31 12:00:00+00:00
1735660800000,0.32745,0.32792,0.31501,0.31811,1070103182.0,2024-12-31 16:00:00+00:00
1735675200000,0.3181,0.31895,0.315,0.31582,410765548.0,2024-12-31 20:00:00+00:00
1735689600000,0.31582,0.32145,0.3154,0.31876,425790984.0,2025-01-01 00:00:00+00:00
1735704000000,0.31877,0.31906,0.31601,0.31665,337851151.0,2025-01-01 04:00:00+00:00
1735718400000,0.31665,0.31712,0.3118,0.31603,578373701.0,2025-01-01 08:00:00+00:00
1735732800000,0.31602,0.32062,0.3158,0.32024,575470819.0,2025-01-01 12:00:00+00:00
1735747200000,0.32024,0.32595,0.31704,0.3248,639427377.0,2025-01-01 16:00:00+00:00
1735761600000,0.32481,0.32741,0.324,0.32504,498015258.0,2025-01-01 20:00:00+00:00
1735776000000,0.32505,0.3388,0.3245,0.33131,1359549343.0,2025-01-02 00:00:00+00:00
1735790400000,0.33132,0.33556,0.32924,0.33425,692934995.0,2025-01-02 04:00:00+00:00
1735804800000,0.33425,0.34483,0.33335,0.34207,1162269380.0,2025-01-02 08:00:00+00:00
1735819200000,0.34207,0.34408,0.33533,0.33689,1352176796.0,2025-01-02 12:00:00+00:00
1735833600000,0.33689,0.34037,0.33414,0.33864,677703154.0,2025-01-02 16:00:00+00:00
1735848000000,0.33865,0.34021,0.3345,0.33879,324915169.0,2025-01-02 20:00:00+00:00
1735862400000,0.3388,0.34265,0.33575,0.34169,515113610.0,2025-01-03 00:00:00+00:00
1735876800000,0.3417,0.34195,0.33552,0.33663,569738935.0,2025-01-03 04:00:00+00:00
1735891200000,0.33664,0.3495,0.3358,0.3486,998780926.0,2025-01-03 08:00:00+00:00
1735905600000,0.34861,0.369,0.34767,0.36596,3095529085.0,2025-01-03 12:00:00+00:00
1735920000000,0.36595,0.3829,0.3644,0.37946,2048788652.0,2025-01-03 16:00:00+00:00
1735934400000,0.37946,0.3894,0.37379,0.37981,1313112843.0,2025-01-03 20:00:00+00:00
1735948800000,0.37981,0.395,0.37702,0.39189,1599315832.0,2025-01-04 00:00:00+00:00
1735963200000,0.39189,0.39499,0.38414,0.38782,1459824932.0,2025-01-04 04:00:00+00:00
1735977600000,0.38783,0.39178,0.38286,0.39161,945310800.0,2025-01-04 08:00:00+00:00
1735992000000,0.39162,0.39476,0.37632,0.37921,1695978555.0,2025-01-04 12:00:00+00:00
1736006400000,0.37922,0.3851,0.379,0.38389,786435263.0,2025-01-04 16:00:00+00:00
1736020800000,0.38389,0.39864,0.38312,0.39467,1129824215.0,2025-01-04 20:00:00+00:00
1736035200000,0.39466,0.39773,0.38755,0.38854,798643814.0,2025-01-05 00:00:00+00:00
1736049600000,0.38854,0.39185,0.38779,0.38964,551896567.0,2025-01-05 04:00:00+00:00
1736064000000,0.38964,0.38972,0.38111,0.38217,946090108.0,2025-01-05 08:00:00+00:00
1736078400000,0.38217,0.38548,0.37512,0.38345,1210993022.0,2025-01-05 12:00:00+00:00
1736092800000,0.38346,0.38487,0.37784,0.382,551143142.0,2025-01-05 16:00:00+00:00
1736107200000,0.38199,0.38489,0.38036,0.38219,410480199.0,2025-01-05 20:00:00+00:00
1736121600000,0.3822,0.38952,0.3758,0.38575,1140988527.0,2025-01-06 00:00:00+00:00
1736136000000,0.38576,0.38855,0.3795,0.38295,762490940.0,2025-01-06 04:00:00+00:00
1736150400000,0.38295,0.38833,0.38101,0.38667,654685088.0,2025-01-06 08:00:00+00:00
1736164800000,0.38667,0.39319,0.38173,0.38947,1507749204.0,2025-01-06 12:00:00+00:00
1736179200000,0.38948,0.39556,0.38402,0.38891,1164625876.0,2025-01-06 16:00:00+00:00
1736193600000,0.38891,0.3907,0.38503,0.38767,380698960.0,2025-01-06 20:00:00+00:00
1736208000000,0.38768,0.3983,0.3858,0.39174,1100147273.0,2025-01-07 00:00:00+00:00
1736222400000,0.39173,0.3934,0.38889,0.39156,501351535.0,2025-01-07 04:00:00+00:00
1736236800000,0.39156,0.39719,0.38208,0.38496,1201271472.0,2025-01-07 08:00:00+00:00
1736251200000,0.38497,0.3879,0.35667,0.36377,3562741543.0,2025-01-07 12:00:00+00:00
1736265600000,0.36377,0.36917,0.35043,0.3538,2650809549.0,2025-01-07 16:00:00+00:00
1736280000000,0.3538,0.35563,0.34649,0.3478,1635151928.0,2025-01-07 20:00:00+00:00
1736294400000,0.3478,0.35465,0.34488,0.35432,1621640863.0,2025-01-08 00:00:00+00:00
1736308800000,0.35432,0.3555,0.33882,0.3443,1814049203.0,2025-01-08 04:00:00+00:00
1736323200000,0.3443,0.35213,0.34402,0.34658,968597322.0,2025-01-08 08:00:00+00:00
1736337600000,0.34658,0.35352,0.34142,0.34628,1549820037.0,2025-01-08 12:00:00+00:00
1736352000000,0.34627,0.34636,0.32434,0.33552,3053330016.0,2025-01-08 16:00:00+00:00
1736366400000,0.33552,0.34484,0.33303,0.34206,761355588.0,2025-01-08 20:00:00+00:00
1736380800000,0.34206,0.34669,0.33708,0.33807,831586875.0,2025-01-09 00:00:00+00:00
1736395200000,0.33808,0.34061,0.33018,0.3317,817107150.0,2025-01-09 04:00:00+00:00
1736409600000,0.33169,0.33549,0.32551,0.33005,1267581705.0,2025-01-09 08:00:00+00:00
1736424000000,0.33005,0.33552,0.31745,0.33291,2201656504.0,2025-01-09 12:00:00+00:00
1736438400000,0.33292,0.33494,0.31541,0.31663,1924155037.0,2025-01-09 16:00:00+00:00
1736452800000,0.31663,0.32346,0.31406,0.32071,965097994.0,2025-01-09 20:00:00+00:00
1736467200000,0.3207,0.3282,0.32063,0.32741,654266321.0,2025-01-10 00:00:00+00:00
1736481600000,0.32741,0.33927,0.32534,0.33538,988177404.0,2025-01-10 04:00:00+00:00
1736496000000,0.33537,0.33816,0.3342,0.33596,702549663.0,2025-01-10 08:00:00+00:00
1736510400000,0.33597,0.3365,0.32171,0.32826,2423001116.0,2025-01-10 12:00:00+00:00
1736524800000,0.32827,0.33955,0.3242,0.3349,1254787755.0,2025-01-10 16:00:00+00:00
1736539200000,0.3349,0.33534,0.33121,0.33364,437175785.0,2025-01-10 20:00:00+00:00
1736553600000,0.33365,0.33497,0.33071,0.33184,352510372.0,2025-01-11 00:00:00+00:00
1736568000000,0.33183,0.33412,0.32941,0.33166,366276395.0,2025-01-11 04:00:00+00:00
1736582400000,0.33165,0.33949,0.33028,0.33762,581482341.0,2025-01-11 08:00:00+00:00
1736596800000,0.33762,0.33835,0.33372,0.33457,438599138.0,2025-01-11 12:00:00+00:00
1736611200000,0.33458,0.33849,0.33265,0.33824,526371611.0,2025-01-11 16:00:00+00:00
1736625600000,0.33824,0.34792,0.33736,0.341,867624487.0,2025-01-11 20:00:00+00:00
1736640000000,0.341,0.34132,0.33729,0.34057,444602589.0,2025-01-12 00:00:00+00:00
1736654400000,0.34058,0.34331,0.33776,0.33993,375665771.0,2025-01-12 04:00:00+00:00
1736668800000,0.33994,0.34048,0.334,0.33598,545508502.0,2025-01-12 08:00:00+00:00
1736683200000,0.33598,0.34234,0.33491,0.34032,634330926.0,2025-01-12 12:00:00+00:00
1736697600000,0.34033,0.34188,0.33786,0.3395,370062714.0,2025-01-12 16:00:00+00:00
1736712000000,0.33951,0.34063,0.3315,0.33573,599396698.0,2025-01-12 20:00:00+00:00
1736726400000,0.33574,0.34606,0.33038,0.33199,1256607759.0,2025-01-13 00:00:00+00:00
1736740800000,0.33199,0.33571,0.32534,0.32828,877988159.0,2025-01-13 04:00:00+00:00
1736755200000,0.32829,0.32856,0.31501,0.31519,1517233510.0,2025-01-13 08:00:00+00:00
1736769600000,0.31517,0.3278,0.30834,0.32446,2483902330.0,2025-01-13 12:00:00+00:00
1736784000000,0.32446,0.32832,0.31841,0.3251,1190286603.0,2025-01-13 16:00:00+00:00
1736798400000,0.3251,0.33887,0.32377,0.33791,925165492.0,2025-01-13 20:00:00+00:00
1736812800000,0.3379,0.34524,0.33567,0.34354,989424574.0,2025-01-14 00:00:00+00:00
1736827200000,0.34353,0.34614,0.34104,0.3426,676498650.0,2025-01-14 04:00:00+00:00
1736841600000,0.3426,0.35542,0.34256,0.34884,1313241940.0,2025-01-14 08:00:00+00:00
1736856000000,0.34884,0.3544,0.34492,0.35286,1238056008.0,2025-01-14 12:00:00+00:00
1736870400000,0.35285,0.36209,0.3485,0.35431,1156186076.0,2025-01-14 16:00:00+00:00
1736884800000,0.3543,0.3592,0.35166,0.35579,633305245.0,2025-01-14 20:00:00+00:00
1736899200000,0.35579,0.364,0.35427,0.36302,943397342.0,2025-01-15 00:00:00+00:00
1736913600000,0.36302,0.36518,0.35808,0.36076,821970471.0,2025-01-15 04:00:00+00:00
1736928000000,0.36077,0.36251,0.34862,0.35174,1103728579.0,2025-01-15 08:00:00+00:00
1736942400000,0.35174,0.37802,0.34817,0.37096,2849052939.0,2025-01-15 12:00:00+00:00
1736956800000,0.37096,0.37769,0.36811,0.37695,961884294.0,2025-01-15 16:00:00+00:00
1736971200000,0.37695,0.38762,0.37428,0.38509,1007899133.0,2025-01-15 20:00:00+00:00
1736985600000,0.38509,0.38736,0.37317,0.37568,1033125969.0,2025-01-16 00:00:00+00:00
1737000000000,0.37568,0.38066,0.37509,0.37963,466413139.0,2025-01-16 04:00:00+00:00
1737014400000,0.37964,0.38029,0.36743,0.37746,1417467010.0,2025-01-16 08:00:00+00:00
1737028800000,0.37746,0.38663,0.3681,0.38141,2511113189.0,2025-01-16 12:00:00+00:00
1737043200000,0.38139,0.39021,0.38076,0.38631,1299038875.0,2025-01-16 16:00:00+00:00
1737057600000,0.38631,0.38728,0.37408,0.37632,729186745.0,2025-01-16 20:00:00+00:00
1737072000000,0.37632,0.38945,0.37534,0.3854,942387268.0,2025-01-17 00:00:00+00:00
1737086400000,0.38539,0.39559,0.38356,0.39536,919726384.0,2025-01-17 04:00:00+00:00
1737100800000,0.39534,0.41926,0.39528,0.41124,3330042671.0,2025-01-17 08:00:00+00:00
1737115200000,0.41124,0.41542,0.40336,0.41288,1801706140.0,2025-01-17 12:00:00+00:00
1737129600000,0.41288,0.4219,0.4085,0.41619,1501546193.0,2025-01-17 16:00:00+00:00
1737144000000,0.4162,0.4186,0.41,0.41512,753985809.0,2025-01-17 20:00:00+00:00
1737158400000,0.41512,0.434,0.40482,0.41125,2834118216.0,2025-01-18 00:00:00+00:00
1737172800000,0.41124,0.41322,0.383,0.39506,2954868954.0,2025-01-18 04:00:00+00:00
1737187200000,0.39506,0.40239,0.38827,0.39969,1719138000.0,2025-01-18 08:00:00+00:00
1737201600000,0.3997,0.40459,0.3936,0.39742,1295857302.0,2025-01-18 12:00:00+00:00
1737216000000,0.39742,0.40036,0.3864,0.39656,2232038546.0,2025-01-18 16:00:00+00:00
1737230400000,0.39657,0.3987,0.39002,0.39625,639075131.0,2025-01-18 20:00:00+00:00
1737244800000,0.39626,0.40978,0.39602,0.3999,1230521674.0,2025-01-19 00:00:00+00:00
1737259200000,0.3999,0.40184,0.388,0.39236,2176793359.0,2025-01-19 04:00:00+00:00
1737273600000,0.39236,0.39317,0.3588,0.36294,3418654387.0,2025-01-19 08:00:00+00:00
1737288000000,0.36293,0.39563,0.36266,0.38803,2244409934.0,2025-01-19 12:00:00+00:00
1737302400000,0.38803,0.39851,0.38524,0.39634,910273637.0,2025-01-19 16:00:00+00:00
1737316800000,0.39635,0.39968,0.34641,0.35822,4060466424.0,2025-01-19 20:00:00+00:00
1737331200000,0.35823,0.36648,0.3449,0.36402,2649406208.0,2025-01-20 00:00:00+00:00
1737345600000,0.36402,0.38633,0.35932,0.37607,2437811239.0,2025-01-20 04:00:00+00:00
1737360000000,0.37608,0.38379,0.37468,0.38236,1194483214.0,2025-01-20 08:00:00+00:00
1737374400000,0.38235,0.38278,0.363,0.36762,2091522236.0,2025-01-20 12:00:00+00:00
1737388800000,0.36762,0.38403,0.34808,0.35973,3739895702.0,2025-01-20 16:00:00+00:00
1737403200000,0.3597,0.36521,0.34791,0.3544,976403641.0,2025-01-20 20:00:00+00:00
1737417600000,0.3544,0.35648,0.33847,0.3474,1719586090.0,2025-01-21 00:00:00+00:00
1737432000000,0.34741,0.34745,0.33552,0.34225,1273695851.0,2025-01-21 04:00:00+00:00
1737446400000,0.34224,0.40157,0.3386,0.38474,5563217388.0,2025-01-21 08:00:00+00:00
1737460800000,0.38474,0.39449,0.36466,0.37946,4694551139.0,2025-01-21 12:00:00+00:00
1737475200000,0.37944,0.38659,0.37755,0.3843,1565778838.0,2025-01-21 16:00:00+00:00
1737489600000,0.3843,0.38522,0.369,0.37166,1279145813.0,2025-01-21 20:00:00+00:00
1737504000000,0.37165,0.37365,0.367,0.37133,668229353.0,2025-01-22 00:00:00+00:00
1737518400000,0.37133,0.37311,0.36331,0.36476,642558728.0,2025-01-22 04:00:00+00:00
1737532800000,0.36477,0.3675,0.35895,0.36647,912523955.0,2025-01-22 08:00:00+00:00
1737547200000,0.36648,0.36777,0.35802,0.36028,1012505522.0,2025-01-22 12:00:00+00:00
1737561600000,0.36029,0.36408,0.35507,0.36023,834400113.0,2025-01-22 16:00:00+00:00
1737576000000,0.36022,0.37366,0.35684,0.36272,1522973007.0,2025-01-22 20:00:00+00:00
1737590400000,0.36271,0.36434,0.35088,0.35172,919910563.0,2025-01-23 00:00:00+00:00
1737604800000,0.35173,0.35552,0.3482,0.35379,672108907.0,2025-01-23 04:00:00+00:00
1737619200000,0.35379,0.35382,0.34631,0.34846,594153183.0,2025-01-23 08:00:00+00:00
1737633600000,0.34846,0.35726,0.34416,0.35386,1500781858.0,2025-01-23 12:00:00+00:00
1737648000000,0.35386,0.35976,0.34447,0.34607,1058046602.0,2025-01-23 16:00:00+00:00
1737662400000,0.34606,0.35874,0.34081,0.35193,1549062085.0,2025-01-23 20:00:00+00:00
1737676800000,0.35193,0.35307,0.34252,0.34752,723315445.0,2025-01-24 00:00:00+00:00
1737691200000,0.34751,0.35866,0.34612,0.3574,802122625.0,2025-01-24 04:00:00+00:00
1737705600000,0.3574,0.36453,0.35687,0.36258,662038596.0,2025-01-24 08:00:00+00:00
1737720000000,0.36258,0.36345,0.3575,0.35987,685939789.0,2025-01-24 12:00:00+00:00
1737734400000,0.35987,0.36117,0.35663,0.35726,462444679.0,2025-01-24 16:00:00+00:00
1737748800000,0.35726,0.35819,0.3485,0.35065,579695821.0,2025-01-24 20:00:00+00:00
1737763200000,0.35065,0.354,0.34529,0.35328,544400447.0,2025-01-25 00:00:00+00:00
1737777600000,0.35329,0.35331,0.34782,0.34837,347804208.0,2025-01-25 04:00:00+00:00
1737792000000,0.34837,0.3508,0.34521,0.35026,362306718.0,2025-01-25 08:00:00+00:00
1737806400000,0.35025,0.36204,0.3485,0.35609,1043368619.0,2025-01-25 12:00:00+00:00
1737820800000,0.35609,0.35859,0.35193,0.35615,474934386.0,2025-01-25 16:00:00+00:00
1737835200000,0.35615,0.35979,0.35306,0.35335,340764244.0,2025-01-25 20:00:00+00:00
1737849600000,0.35335,0.35613,0.3515,0.35457,306535066.0,2025-01-26 00:00:00+00:00
1737864000000,0.35457,0.3572,0.35307,0.35449,270293179.0,2025-01-26 04:00:00+00:00
1737878400000,0.35449,0.35527,0.34866,0.35156,385751255.0,2025-01-26 08:00:00+00:00
1737892800000,0.35156,0.3526,0.34994,0.35084,251101241.0,2025-01-26 12:00:00+00:00
1737907200000,0.35083,0.35399,0.34965,0.35293,239606703.0,2025-01-26 16:00:00+00:00
1737921600000,0.35294,0.35352,0.33459,0.33579,1064832584.0,2025-01-26 20:00:00+00:00
1737936000000,0.33579,0.33689,0.32468,0.32971,1495766854.0,2025-01-27 00:00:00+00:00
1737950400000,0.32971,0.32971,0.30441,0.31496,2141955388.0,2025-01-27 04:00:00+00:00
1737964800000,0.31491,0.31696,0.30772,0.31174,1377768389.0,2025-01-27 08:00:00+00:00
1737979200000,0.31175,0.32861,0.31018,0.32621,1730061526.0,2025-01-27 12:00:00+00:00
1737993600000,0.32622,0.33058,0.31701,0.32154,1043089366.0,2025-01-27 16:00:00+00:00
1738008000000,0.32155,0.33538,0.32152,0.33377,807162173.0,2025-01-27 20:00:00+00:00
1738022400000,0.33377,0.33769,0.32916,0.33462,676029981.0,2025-01-28 00:00:00+00:00
1738036800000,0.33463,0.33889,0.333,0.33416,441256081.0,2025-01-28 04:00:00+00:00
1738051200000,0.33417,0.33596,0.33197,0.33335,412597556.0,2025-01-28 08:00:00+00:00
1738065600000,0.33335,0.3375,0.32809,0.333,1127969504.0,2025-01-28 12:00:00+00:00
1738080000000,0.333,0.33335,0.32259,0.32599,741756936.0,2025-01-28 16:00:00+00:00
1738094400000,0.326,0.32695,0.315,0.31853,1053678725.0,2025-01-28 20:00:00+00:00
1738108800000,0.31852,0.32919,0.31801,0.32765,557675833.0,2025-01-29 00:00:00+00:00
1738123200000,0.32766,0.3326,0.32592,0.33219,396938455.0,2025-01-29 04:00:00+00:00
1738137600000,0.33219,0.33355,0.32502,0.32757,587394720.0,2025-01-29 08:00:00+00:00
1738152000000,0.32757,0.32889,0.32191,0.32421,632268651.0,2025-01-29 12:00:00+00:00
1738166400000,0.32421,0.33291,0.31635,0.3282,1222401809.0,2025-01-29 16:00:00+00:00
1738180800000,0.32818,0.33469,0.323,0.32388,965000953.0,2025-01-29 20:00:00+00:00
1738195200000,0.32389,0.33328,0.32183,0.33293,474371649.0,2025-01-30 00:00:00+00:00
1738209600000,0.33293,0.3336,0.32959,0.33092,324034846.0,2025-01-30 04:00:00+00:00
1738224000000,0.33093,0.33332,0.32914,0.33215,292581700.0,2025-01-30 08:00:00+00:00
1738238400000,0.33216,0.3387,0.32968,0.33631,765752607.0,2025-01-30 12:00:00+00:00
1738252800000,0.33631,0.33706,0.33189,0.33473,422470671.0,2025-01-30 16:00:00+00:00
1738267200000,0.33472,0.33504,0.3299,0.33137,313830664.0,2025-01-30 20:00:00+00:00
1738281600000,0.33137,0.33245,0.3258,0.32784,329990411.0,2025-01-31 00:00:00+00:00
1738296000000,0.32783,0.33065,0.32551,0.32801,295399649.0,2025-01-31 04:00:00+00:00
1738310400000,0.328,0.33198,0.32593,0.33114,374413869.0,2025-01-31 08:00:00+00:00
1738324800000,0.33114,0.34181,0.3304,0.33943,1421524025.0,2025-01-31 12:00:00+00:00
1738339200000,0.33943,0.34092,0.32419,0.32764,1170459165.0,2025-01-31 16:00:00+00:00
1738353600000,0.32763,0.33031,0.32329,0.32872,456723433.0,2025-01-31 20:00:00+00:00
1738368000000,0.32873,0.33217,0.3265,0.3275,320167325.0,2025-02-01 00:00:00+00:00
1738382400000,0.32749,0.3298,0.32512,0.3255,301188274.0,2025-02-01 04:00:00+00:00
1738396800000,0.32549,0.32618,0.32015,0.32528,509958744.0,2025-02-01 08:00:00+00:00
1738411200000,0.32528,0.32618,0.31969,0.3219,407567715.0,2025-02-01 12:00:00+00:00
1738425600000,0.3219,0.32329,0.31312,0.315,541376763.0,2025-02-01 16:00:00+00:00
1738440000000,0.31499,0.31561,0.30298,0.30771,1310421502.0,2025-02-01 20:00:00+00:00
1738454400000,0.3077,0.31459,0.29667,0.29855,1332021980.0,2025-02-02 00:00:00+00:00
1738468800000,0.29855,0.30618,0.29702,0.30009,1052944611.0,2025-02-02 04:00:00+00:00
1738483200000,0.30009,0.30461,0.2884,0.29125,1224952326.0,2025-02-02 08:00:00+00:00
1738497600000,0.29125,0.29905,0.29008,0.29448,1002623444.0,2025-02-02 12:00:00+00:00
1738512000000,0.29451,0.29468,0.26263,0.27443,5093958358.0,2025-02-02 16:00:00+00:00
1738526400000,0.27444,0.27878,0.24946,0.26793,3168830121.0,2025-02-02 20:00:00+00:00
1738540800000,0.26794,0.26824,0.202,0.23376,8116361905.0,2025-02-03 00:00:00+00:00
1738555200000,0.23376,0.25643,0.22206,0.25566,3221172481.0,2025-02-03 04:00:00+00:00
1738569600000,0.25565,0.2616,0.24505,0.25382,2168277403.0,2025-02-03 08:00:00+00:00
1738584000000,0.25383,0.27189,0.24041,0.26816,3677716020.0,2025-02-03 12:00:00+00:00
1738598400000,0.26817,0.28811,0.26574,0.28645,2513121006.0,2025-02-03 16:00:00+00:00
1738612800000,0.28646,0.29275,0.27446,0.28469,1705586323.0,2025-02-03 20:00:00+00:00
1738627200000,0.28468,0.28883,0.27862,0.28121,1089658667.0,2025-02-04 00:00:00+00:00
1738641600000,0.2812,0.28305,0.25611,0.25969,2687080696.0,2025-02-04 04:00:00+00:00
1738656000000,0.25968,0.27242,0.25758,0.2676,1402957074.0,2025-02-04 08:00:00+00:00
1738670400000,0.26761,0.27591,0.26278,0.26869,1995172258.0,2025-02-04 12:00:00+00:00
1738684800000,0.2687,0.27637,0.2653,0.2653,1265683844.0,2025-02-04 16:00:00+00:00
1738699200000,0.2653,0.26778,0.25517,0.26331,1758166111.0,2025-02-04 20:00:00+00:00
1738713600000,0.26332,0.26684,0.26069,0.26389,726524294.0,2025-02-05 00:00:00+00:00
1738728000000,0.26388,0.2683,0.26218,0.26528,542070540.0,2025-02-05 04:00:00+00:00
1738742400000,0.26527,0.26814,0.26324,0.26775,533797331.0,2025-02-05 08:00:00+00:00
1738756800000,0.26776,0.26899,0.26083,0.26315,934222645.0,2025-02-05 12:00:00+00:00
1738771200000,0.26314,0.26379,0.25357,0.25926,1239507670.0,2025-02-05 16:00:00+00:00
1738785600000,0.25927,0.26046,0.25309,0.25604,547108697.0,2025-02-05 20:00:00+00:00
1738800000000,0.25603,0.2603,0.25479,0.25981,474198242.0,2025-02-06 00:00:00+00:00
1738814400000,0.25982,0.26588,0.25924,0.26302,510225098.0,2025-02-06 04:00:00+00:00
1738828800000,0.263,0.26507,0.25965,0.26256,550576409.0,2025-02-06 08:00:00+00:00
1738843200000,0.26255,0.26322,0.2474,0.2491,1339514887.0,2025-02-06 12:00:00+00:00
1738857600000,0.2491,0.25165,0.24248,0.24377,1242169806.0,2025-02-06 16:00:00+00:00
1738872000000,0.24377,0.25062,0.2432,0.24773,672849101.0,2025-02-06 20:00:00+00:00
1738886400000,0.24773,0.25413,0.2473,0.25153,483866351.0,2025-02-07 00:00:00+00:00
1738900800000,0.25153,0.25326,0.24591,0.24879,613796858.0,2025-02-07 04:00:00+00:00
1738915200000,0.24878,0.25546,0.24757,0.2554,565122600.0,2025-02-07 08:00:00+00:00
1738929600000,0.25539,0.26143,0.25111,0.25442,1499311519.0,2025-02-07 12:00:00+00:00
1738944000000,0.25443,0.25519,0.24847,0.25081,677493322.0,2025-02-07 16:00:00+00:00
1738958400000,0.2508,0.25104,0.23842,0.24637,1068500361.0,2025-02-07 20:00:00+00:00
1738972800000,0.24636,0.24983,0.24553,0.24667,577423463.0,2025-02-08 00:00:00+00:00
1738987200000,0.24667,0.24912,0.24438,0.24789,412694708.0,2025-02-08 04:00:00+00:00
1739001600000,0.24789,0.24879,0.24594,0.24809,280276058.0,2025-02-08 08:00:00+00:00
1739016000000,0.24808,0.25141,0.2466,0.24853,522227942.0,2025-02-08 12:00:00+00:00
1739030400000,0.24853,0.25395,0.24736,0.25234,475853378.0,2025-02-08 16:00:00+00:00
1739044800000,0.25235,0.25407,0.25044,0.25274,242179803.0,2025-02-08 20:00:00+00:00
1739059200000,0.25274,0.25994,0.25182,0.2591,425477174.0,2025-02-09 00:00:00+00:00
1739073600000,0.2591,0.2591,0.2549,0.25584,356826746.0,2025-02-09 04:00:00+00:00
1739088000000,0.25584,0.25795,0.25384,0.2539,352347794.0,2025-02-09 08:00:00+00:00
1739102400000,0.2539,0.25514,0.24853,0.25312,679518239.0,2025-02-09 12:00:00+00:00
1739116800000,0.25312,0.25469,0.24853,0.2495,374377314.0,2025-02-09 16:00:00+00:00
1739131200000,0.24949,0.25259,0.2395,0.24873,984402464.0,2025-02-09 20:00:00+00:00
1739145600000,0.24873,0.25346,0.24142,0.24796,1177709245.0,2025-02-10 00:00:00+00:00
1739160000000,0.24796,0.25249,0.247,0.2507,473618350.0,2025-02-10 04:00:00+00:00
1739174400000,0.2507,0.25337,0.24957,0.25118,461646602.0,2025-02-10 08:00:00+00:00
1739188800000,0.25118,0.25533,0.24861,0.25134,762723658.0,2025-02-10 12:00:00+00:00
1739203200000,0.25133,0.25534,0.25101,0.25324,496311073.0,2025-02-10 16:00:00+00:00
1739217600000,0.25324,0.25637,0.25229,0.25528,312387840.0,2025-02-10 20:00:00+00:00
1739232000000,0.25528,0.26056,0.25494,0.25776,523377471.0,2025-02-11 00:00:00+00:00
1739246400000,0.25776,0.2699,0.2574,0.26635,936487259.0,2025-02-11 04:00:00+00:00
1739260800000,0.26636,0.26826,0.26359,0.26507,635283711.0,2025-02-11 08:00:00+00:00
1739275200000,0.26507,0.26523,0.25518,0.25901,1197988523.0,2025-02-11 12:00:00+00:00
1739289600000,0.259,0.26035,0.24824,0.25034,973720064.0,2025-02-11 16:00:00+00:00
1739304000000,0.25034,0.25631,0.24986,0.25292,675645798.0,2025-02-11 20:00:00+00:00
1739318400000,0.25291,0.25479,0.24951,0.25069,584892910.0,2025-02-12 00:00:00+00:00
1739332800000,0.25068,0.25426,0.24933,0.25335,465674719.0,2025-02-12 04:00:00+00:00
1739347200000,0.25337,0.25696,0.25278,0.25593,426260769.0,2025-02-12 08:00:00+00:00
1739361600000,0.25593,0.26026,0.24642,0.25432,2012309678.0,2025-02-12 12:00:00+00:00
1739376000000,0.25433,0.26229,0.25047,0.26156,1079562955.0,2025-02-12 16:00:00+00:00
1739390400000,0.26157,0.26721,0.26052,0.26411,771662828.0,2025-02-12 20:00:00+00:00
1739404800000,0.26412,0.26704,0.26212,0.26519,548106384.0,2025-02-13 00:00:00+00:00
1739419200000,0.26519,0.26546,0.25677,0.2583,656805490.0,2025-02-13 04:00:00+00:00
1739433600000,0.2583,0.25936,0.25575,0.25734,405960371.0,2025-02-13 08:00:00+00:00
1739448000000,0.25735,0.25856,0.25321,0.25721,865150829.0,2025-02-13 12:00:00+00:00
1739462400000,0.25721,0.2595,0.25393,0.25609,549074611.0,2025-02-13 16:00:00+00:00
1739476800000,0.2561,0.26463,0.25593,0.2623,882303108.0,2025-02-13 20:00:00+00:00
1739491200000,0.26231,0.26529,0.26062,0.26382,637084417.0,2025-02-14 00:00:00+00:00
1739505600000,0.26382,0.26429,0.26071,0.26378,340469224.0,2025-02-14 04:00:00+00:00
1739520000000,0.26378,0.27486,0.26377,0.2714,1499061357.0,2025-02-14 08:00:00+00:00
1739534400000,0.2714,0.2758,0.26626,0.27209,1198804663.0,2025-02-14 12:00:00+00:00
1739548800000,0.27208,0.28662,0.26975,0.27617,1627052799.0,2025-02-14 16:00:00+00:00
1739563200000,0.27617,0.27736,0.26742,0.27164,770482959.0,2025-02-14 20:00:00+00:00
1739577600000,0.27164,0.28316,0.26985,0.27859,843592861.0,2025-02-15 00:00:00+00:00
1739592000000,0.27859,0.28093,0.27356,0.2751,605621145.0,2025-02-15 04:00:00+00:00
1739606400000,0.2751,0.28083,0.27509,0.27725,598428411.0,2025-02-15 08:00:00+00:00
1739620800000,0.27726,0.2798,0.27123,0.2752,884662377.0,2025-02-15 12:00:00+00:00
1739635200000,0.2752,0.27611,0.27007,0.27074,553257134.0,2025-02-15 16:00:00+00:00
1739649600000,0.27075,0.27248,0.26802,0.27161,400558817.0,2025-02-15 20:00:00+00:00
1739664000000,0.2716,0.27409,0.26879,0.27098,392703692.0,2025-02-16 00:00:00+00:00
1739678400000,0.27099,0.27318,0.26884,0.26941,392987232.0,2025-02-16 04:00:00+00:00
1739692800000,0.26942,0.27135,0.26729,0.27079,483758543.0,2025-02-16 08:00:00+00:00
1739707200000,0.27079,0.27092,0.26472,0.26754,633417900.0,2025-02-16 12:00:00+00:00
1739721600000,0.26754,0.26814,0.26334,0.26633,461442433.0,2025-02-16 16:00:00+00:00
1739736000000,0.26632,0.2679,0.2641,0.26545,351158255.0,2025-02-16 20:00:00+00:00
1739750400000,0.26546,0.26874,0.2642,0.26566,414193456.0,2025-02-17 00:00:00+00:00
1739764800000,0.26566,0.26573,0.25819,0.25962,792530592.0,2025-02-17 04:00:00+00:00
1739779200000,0.25961,0.2655,0.25833,0.26339,603035279.0,2025-02-17 08:00:00+00:00
1739793600000,0.2634,0.2686,0.25936,0.26016,856906341.0,2025-02-17 12:00:00+00:00
1739808000000,0.26016,0.26156,0.25358,0.25663,988560063.0,2025-02-17 16:00:00+00:00
1739822400000,0.25662,0.26127,0.25629,0.25807,375556700.0,2025-02-17 20:00:00+00:00
1739836800000,0.25807,0.25977,0.25577,0.2577,323660737.0,2025-02-18 00:00:00+00:00
1739851200000,0.2577,0.25793,0.24684,0.25049,963004560.0,2025-02-18 04:00:00+00:00
1739865600000,0.2505,0.25377,0.2479,0.25099,571190555.0,2025-02-18 08:00:00+00:00
1739880000000,0.251,0.25579,0.2447,0.24673,942952890.0,2025-02-18 12:00:00+00:00
1739894400000,0.24674,0.24862,0.24198,0.2468,1054996313.0,2025-02-18 16:00:00+00:00
1739908800000,0.24681,0.25124,0.24547,0.25119,362207201.0,2025-02-18 20:00:00+00:00
1739923200000,0.25118,0.25337,0.24876,0.2527,408471198.0,2025-02-19 00:00:00+00:00
1739937600000,0.2527,0.25451,0.2491,0.25374,460649309.0,2025-02-19 04:00:00+00:00
1739952000000,0.25373,0.2553,0.2518,0.25496,441746406.0,2025-02-19 08:00:00+00:00
1739966400000,0.25496,0.25528,0.24983,0.25224,637822040.0,2025-02-19 12:00:00+00:00
1739980800000,0.25225,0.25489,0.25012,0.25182,430601314.0,2025-02-19 16:00:00+00:00
1739995200000,0.25181,0.25518,0.25078,0.25467,444165052.0,2025-02-19 20:00:00+00:00
1740009600000,0.25466,0.25717,0.25397,0.25568,443495139.0,2025-02-20 00:00:00+00:00
1740024000000,0.25569,0.257,0.25351,0.25449,326206522.0,2025-02-20 04:00:00+00:00
1740038400000,0.25448,0.25557,0.25241,0.25504,424759283.0,2025-02-20 08:00:00+00:00
1740052800000,0.25505,0.25747,0.25032,0.25085,728584447.0,2025-02-20 12:00:00+00:00
1740067200000,0.25084,0.25486,0.24973,0.25429,620471429.0,2025-02-20 16:00:00+00:00
1740081600000,0.25428,0.25576,0.25125,0.25458,358873321.0,2025-02-20 20:00:00+00:00
1740096000000,0.25458,0.25507,0.25158,0.25192,311225376.0,2025-02-21 00:00:00+00:00
1740110400000,0.25192,0.25463,0.25185,0.25307,306496337.0,2025-02-21 04:00:00+00:00
1740124800000,0.25307,0.25835,0.25277,0.255,619608001.0,2025-02-21 08:00:00+00:00
1740139200000,0.25499,0.2612,0.24933,0.25223,1451162146.0,2025-02-21 12:00:00+00:00
1740153600000,0.25223,0.25524,0.2379,0.23984,1603183446.0,2025-02-21 16:00:00+00:00
1740168000000,0.23985,0.24149,0.23421,0.23941,965678384.0,2025-02-21 20:00:00+00:00
1740182400000,0.23942,0.24404,0.23785,0.24163,572225797.0,2025-02-22 00:00:00+00:00
1740196800000,0.24162,0.24511,0.24115,0.24376,335034193.0,2025-02-22 04:00:00+00:00
1740211200000,0.24377,0.24494,0.24283,0.24385,378116888.0,2025-02-22 08:00:00+00:00
1740225600000,0.24386,0.24628,0.24284,0.24552,425254814.0,2025-02-22 12:00:00+00:00
1740240000000,0.24552,0.24769,0.24476,0.24693,412361779.0,2025-02-22 16:00:00+00:00
1740254400000,0.24694,0.24725,0.24549,0.24643,221438122.0,2025-02-22 20:00:00+00:00
1740268800000,0.24643,0.24664,0.24339,0.24395,323823912.0,2025-02-23 00:00:00+00:00
1740283200000,0.24395,0.24743,0.24305,0.24678,298031174.0,2025-02-23 04:00:00+00:00
1740297600000,0.24678,0.24688,0.24425,0.24447,280631711.0,2025-02-23 08:00:00+00:00
1740312000000,0.24447,0.24541,0.2403,0.24062,478927667.0,2025-02-23 12:00:00+00:00
1740326400000,0.24063,0.24308,0.24051,0.24108,316155386.0,2025-02-23 16:00:00+00:00
1740340800000,0.24109,0.24382,0.24022,0.24269,267330447.0,2025-02-23 20:00:00+00:00
1740355200000,0.24268,0.24383,0.22789,0.23009,1175888542.0,2025-02-24 00:00:00+00:00
1740369600000,0.23009,0.23377,0.2263,0.23313,822095760.0,2025-02-24 04:00:00+00:00
1740384000000,0.23314,0.23317,0.22714,0.23119,801462570.0,2025-02-24 08:00:00+00:00
1740398400000,0.23119,0.23241,0.22224,0.22537,1286987998.0,2025-02-24 12:00:00+00:00
1740412800000,0.22537,0.22822,0.21844,0.22194,908327856.0,2025-02-24 16:00:00+00:00
1740427200000,0.22195,0.22515,0.20571,0.21037,2490057912.0,2025-02-24 20:00:00+00:00
1740441600000,0.21037,0.21393,0.20347,0.21021,1959997479.0,2025-02-25 00:00:00+00:00
1740456000000,0.21022,0.2129,0.19689,0.20372,2695836223.0,2025-02-25 04:00:00+00:00
1740470400000,0.20374,0.20729,0.19545,0.20646,2357337318.0,2025-02-25 08:00:00+00:00
1740484800000,0.20646,0.20966,0.19801,0.20341,1907544729.0,2025-02-25 12:00:00+00:00
1740499200000,0.20341,0.20877,0.19993,0.2085,1434845437.0,2025-02-25 16:00:00+00:00
1740513600000,0.2085,0.21448,0.207,0.21147,1032329727.0,2025-02-25 20:00:00+00:00
1740528000000,0.21147,0.21398,0.20819,0.21195,807865079.0,2025-02-26 00:00:00+00:00
1740542400000,0.21196,0.21375,0.2082,0.21002,568218963.0,2025-02-26 04:00:00+00:00
1740556800000,0.21003,0.21388,0.2081,0.2099,648708350.0,2025-02-26 08:00:00+00:00
1740571200000,0.2099,0.21306,0.20192,0.20983,1869693045.0,2025-02-26 12:00:00+00:00
1740585600000,0.20983,0.21092,0.196,0.19859,2093872887.0,2025-02-26 16:00:00+00:00
1740600000000,0.19859,0.20768,0.19614,0.20347,1213135318.0,2025-02-26 20:00:00+00:00
1740614400000,0.20348,0.20679,0.20088,0.20623,713987248.0,2025-02-27 00:00:00+00:00
1740628800000,0.20623,0.21048,0.20416,0.20861,708022726.0,2025-02-27 04:00:00+00:00
1740643200000,0.2086,0.21146,0.20735,0.20918,615030922.0,2025-02-27 08:00:00+00:00
1740657600000,0.20918,0.2105,0.20481,0.20903,1008069606.0,2025-02-27 12:00:00+00:00
1740672000000,0.20904,0.211,0.20411,0.20493,722936828.0,2025-02-27 16:00:00+00:00
1740686400000,0.20493,0.2076,0.2009,0.20678,919881618.0,2025-02-27 20:00:00+00:00
1740700800000,0.20677,0.20716,0.18875,0.18956,2848078883.0,2025-02-28 00:00:00+00:00
1740715200000,0.18957,0.19034,0.18257,0.18527,2231052981.0,2025-02-28 04:00:00+00:00
1740729600000,0.18528,0.18884,0.1814,0.18577,1453267517.0,2025-02-28 08:00:00+00:00
1740744000000,0.18576,0.19937,0.18445,0.19742,1921724847.0,2025-02-28 12:00:00+00:00
1740758400000,0.19742,0.20238,0.19552,0.20099,1088755747.0,2025-02-28 16:00:00+00:00
1740772800000,0.201,0.2026,0.19884,0.20176,722476038.0,2025-02-28 20:00:00+00:00
1740787200000,0.20176,0.20679,0.19926,0.20604,883743573.0,2025-03-01 00:00:00+00:00
1740801600000,0.20603,0.20889,0.20349,0.20408,769363657.0,2025-03-01 04:00:00+00:00
1740816000000,0.20407,0.20637,0.20143,0.20298,702635537.0,2025-03-01 08:00:00+00:00
1740830400000,0.20298,0.20348,0.19935,0.20199,727617286.0,2025-03-01 12:00:00+00:00
1740844800000,0.20198,0.20496,0.20083,0.20417,645887705.0,2025-03-01 16:00:00+00:00
1740859200000,0.20418,0.20779,0.20302,0.20663,416754033.0,2025-03-01 20:00:00+00:00
1740873600000,0.20663,0.20847,0.20454,0.20645,560446408.0,2025-03-02 00:00:00+00:00
1740888000000,0.20645,0.20853,0.20471,0.20703,436515990.0,2025-03-02 04:00:00+00:00
1740902400000,0.20703,0.21,0.20529,0.20765,651432037.0,2025-03-02 08:00:00+00:00
1740916800000,0.20765,0.21864,0.20158,0.21078,2210231345.0,2025-03-02 12:00:00+00:00
1740931200000,0.2108,0.23559,0.21035,0.23181,4197205438.0,2025-03-02 16:00:00+00:00
1740945600000,0.2318,0.24203,0.23028,0.23918,1177430106.0,2025-03-02 20:00:00+00:00
1740960000000,0.23918,0.24046,0.22547,0.22723,1353947345.0,2025-03-03 00:00:00+00:00
1740974400000,0.22723,0.2288,0.21663,0.22235,1141356598.0,2025-03-03 04:00:00+00:00
1740988800000,0.22235,0.22254,0.21524,0.21955,1017170037.0,2025-03-03 08:00:00+00:00
1741003200000,0.21956,0.22469,0.21237,0.2151,1745403863.0,2025-03-03 12:00:00+00:00
1741017600000,0.2151,0.21769,0.19719,0.19864,2160011000.0,2025-03-03 16:00:00+00:00
1741032000000,0.19866,0.20105,0.19312,0.19903,1753003486.0,2025-03-03 20:00:00+00:00
1741046400000,0.19903,0.20113,0.18528,0.19114,1974301409.0,2025-03-04 00:00:00+00:00
1741060800000,0.19115,0.19501,0.19044,0.19193,680305203.0,2025-03-04 04:00:00+00:00
1741075200000,0.19193,0.1952,0.19072,0.19316,590019673.0,2025-03-04 08:00:00+00:00
1741089600000,0.19315,0.20018,0.1877,0.19284,2105175838.0,2025-03-04 12:00:00+00:00
1741104000000,0.19284,0.20109,0.1826,0.20034,1810842375.0,2025-03-04 16:00:00+00:00
1741118400000,0.20035,0.20225,0.19611,0.19898,783637614.0,2025-03-04 20:00:00+00:00
1741132800000,0.19897,0.20417,0.19702,0.19934,744217244.0,2025-03-05 00:00:00+00:00
1741147200000,0.19935,0.20063,0.19622,0.19949,626417705.0,2025-03-05 04:00:00+00:00
1741161600000,0.19949,0.20656,0.19927,0.2027,878192216.0,2025-03-05 08:00:00+00:00
1741176000000,0.20271,0.20543,0.19802,0.19969,1123572895.0,2025-03-05 12:00:00+00:00
1741190400000,0.19968,0.20472,0.19767,0.20389,656981233.0,2025-03-05 16:00:00+00:00
1741204800000,0.20388,0.20557,0.20316,0.20463,367112045.0,2025-03-05 20:00:00+00:00
1741219200000,0.20462,0.20935,0.2022,0.20824,739734667.0,2025-03-06 00:00:00+00:00
1741233600000,0.20824,0.21989,0.20757,0.2087,1560472509.0,2025-03-06 04:00:00+00:00
1741248000000,0.2087,0.21175,0.20776,0.21108,917445941.0,2025-03-06 08:00:00+00:00
1741262400000,0.21109,0.21165,0.20258,0.20662,1267672907.0,2025-03-06 12:00:00+00:00
1741276800000,0.20662,0.20729,0.19886,0.19967,997541427.0,2025-03-06 16:00:00+00:00
1741291200000,0.19968,0.20475,0.19925,0.2014,700320785.0,2025-03-06 20:00:00+00:00
1741305600000,0.20139,0.20401,0.19011,0.19627,1704432378.0,2025-03-07 00:00:00+00:00
1741320000000,0.19627,0.20103,0.19603,0.20067,462579956.0,2025-03-07 04:00:00+00:00
1741334400000,0.20067,0.20545,0.19952,0.20422,592151751.0,2025-03-07 08:00:00+00:00
1741348800000,0.20422,0.20859,0.20184,0.20486,1388627925.0,2025-03-07 12:00:00+00:00
1741363200000,0.20485,0.20711,0.19824,0.2053,1180776097.0,2025-03-07 16:00:00+00:00
1741377600000,0.20529,0.20714,0.19576,0.19829,987596485.0,2025-03-07 20:00:00+00:00
1741392000000,0.1983,0.2008,0.19508,0.1974,588678034.0,2025-03-08 00:00:00+00:00
1741406400000,0.19741,0.19944,0.19591,0.19631,399911849.0,2025-03-08 04:00:00+00:00
1741420800000,0.1963,0.19708,0.193,0.19424,533979807.0,2025-03-08 08:00:00+00:00
1741435200000,0.19424,0.19659,0.19328,0.19454,462270222.0,2025-03-08 12:00:00+00:00
1741449600000,0.19455,0.19542,0.19103,0.19479,595939921.0,2025-03-08 16:00:00+00:00
1741464000000,0.19479,0.19523,0.19135,0.1922,298108250.0,2025-03-08 20:00:00+00:00
1741478400000,0.1922,0.19414,0.18924,0.19071,434783187.0,2025-03-09 00:00:00+00:00
1741492800000,0.19071,0.19197,0.18861,0.19133,413985344.0,2025-03-09 04:00:00+00:00
1741507200000,0.19133,0.19136,0.18368,0.18514,873715397.0,2025-03-09 08:00:00+00:00
1741521600000,0.18514,0.18518,0.17597,0.17726,1522934204.0,2025-03-09 12:00:00+00:00
1741536000000,0.17726,0.17788,0.16524,0.17138,3094247392.0,2025-03-09 16:00:00+00:00
1741550400000,0.17138,0.17262,0.16541,0.16799,1039764582.0,2025-03-09 20:00:00+00:00
1741564800000,0.168,0.17403,0.16445,0.17169,1256584712.0,2025-03-10 00:00:00+00:00
1741579200000,0.17169,0.17497,0.17153,0.17371,665085116.0,2025-03-10 04:00:00+00:00
1741593600000,0.17371,0.1809,0.17042,0.17731,1669237561.0,2025-03-10 08:00:00+00:00
1741608000000,0.1773,0.17835,0.1639,0.16713,2032672077.0,2025-03-10 12:00:00+00:00
1741622400000,0.16712,0.16778,0.15039,0.15742,2756239456.0,2025-03-10 16:00:00+00:00
1741636800000,0.15743,0.15854,0.1535,0.15401,968133966.0,2025-03-10 20:00:00+00:00
1741651200000,0.15402,0.1567,0.14269,0.15434,3052184325.0,2025-03-11 00:00:00+00:00
1741665600000,0.15434,0.16015,0.15393,0.15868,1129877956.0,2025-03-11 04:00:00+00:00
1741680000000,0.15868,0.16266,0.1583,0.16157,963278853.0,2025-03-11 08:00:00+00:00
1741694400000,0.16156,0.16288,0.15274,0.16108,2876108602.0,2025-03-11 12:00:00+00:00
1741708800000,0.16107,0.16848,0.15858,0.16827,2018002523.0,2025-03-11 16:00:00+00:00
1741723200000,0.16827,0.16853,0.16389,0.1645,596232635.0,2025-03-11 20:00:00+00:00
1741737600000,0.1645,0.16829,0.16085,0.1611,997398089.0,2025-03-12 00:00:00+00:00
1741752000000,0.1611,0.16587,0.15948,0.16533,968760798.0,2025-03-12 04:00:00+00:00
1741766400000,0.16533,0.16941,0.16479,0.16847,1107257036.0,2025-03-12 08:00:00+00:00
1741780800000,0.16847,0.17406,0.16127,0.16511,2382143200.0,2025-03-12 12:00:00+00:00
1741795200000,0.16512,0.16983,0.16464,0.16906,893846931.0,2025-03-12 16:00:00+00:00
1741809600000,0.16907,0.17259,0.16851,0.17231,601579030.0,2025-03-12 20:00:00+00:00
1741824000000,0.17231,0.1729,0.16984,0.17038,675641423.0,2025-03-13 00:00:00+00:00
1741838400000,0.17037,0.17123,0.16637,0.16968,893920209.0,2025-03-13 04:00:00+00:00
1741852800000,0.16967,0.1726,0.16809,0.17053,841521974.0,2025-03-13 08:00:00+00:00
1741867200000,0.17053,0.17266,0.16533,0.16593,1803255194.0,2025-03-13 12:00:00+00:00
1741881600000,0.16592,0.16652,0.1622,0.1628,1051106223.0,2025-03-13 16:00:00+00:00
1741896000000,0.16279,0.16659,0.1616,0.16513,582428906.0,2025-03-13 20:00:00+00:00
1741910400000,0.16514,0.16918,0.16454,0.1687,550819864.0,2025-03-14 00:00:00+00:00
1741924800000,0.1687,0.16946,0.16772,0.16838,437507827.0,2025-03-14 04:00:00+00:00
1741939200000,0.16837,0.17033,0.16807,0.16969,488331360.0,2025-03-14 08:00:00+00:00
1741953600000,0.1697,0.17621,0.16868,0.17334,1323749463.0,2025-03-14 12:00:00+00:00
1741968000000,0.17335,0.17407,0.1702,0.17086,710225115.0,2025-03-14 16:00:00+00:00
1741982400000,0.17086,0.17354,0.16918,0.17185,483076095.0,2025-03-14 20:00:00+00:00
1741996800000,0.17186,0.17381,0.17109,0.17366,369570559.0,2025-03-15 00:00:00+00:00
1742011200000,0.17366,0.17508,0.17142,0.17204,465634245.0,2025-03-15 04:00:00+00:00
1742025600000,0.17205,0.17449,0.17121,0.17418,353880998.0,2025-03-15 08:00:00+00:00
1742040000000,0.17418,0.1776,0.17385,0.17673,662975150.0,2025-03-15 12:00:00+00:00
1742054400000,0.17673,0.17777,0.1743,0.17525,504731643.0,2025-03-15 16:00:00+00:00
1742068800000,0.17526,0.17734,0.17518,0.17586,295096886.0,2025-03-15 20:00:00+00:00
1742083200000,0.17585,0.17676,0.17287,0.17462,469496211.0,2025-03-16 00:00:00+00:00
1742097600000,0.17461,0.17653,0.17422,0.17544,386369229.0,2025-03-16 04:00:00+00:00
1742112000000,0.17545,0.17566,0.16674,0.16746,1024635954.0,2025-03-16 08:00:00+00:00
1742126400000,0.16747,0.16918,0.16558,0.16805,985034664.0,2025-03-16 12:00:00+00:00
1742140800000,0.16805,0.17222,0.16719,0.16824,1026810789.0,2025-03-16 16:00:00+00:00
1742155200000,0.16824,0.16972,0.1665,0.1681,512160338.0,2025-03-16 20:00:00+00:00
1742169600000,0.1681,0.1731,0.16792,0.17279,519551436.0,2025-03-17 00:00:00+00:00
1742184000000,0.17279,0.17357,0.16982,0.17258,1045468705.0,2025-03-17 04:00:00+00:00
1742198400000,0.17258,0.17484,0.17168,0.17286,526356137.0,2025-03-17 08:00:00+00:00
1742212800000,0.17286,0.17423,0.16962,0.17214,957416125.0,2025-03-17 12:00:00+00:00
1742227200000,0.17213,0.17617,0.17116,0.17484,793736154.0,2025-03-17 16:00:00+00:00
1742241600000,0.17484,0.17508,0.17288,0.17325,376256344.0,2025-03-17 20:00:00+00:00
1742256000000,0.17325,0.17343,0.16679,0.16765,937032911.0,2025-03-18 00:00:00+00:00
1742270400000,0.16764,0.16886,0.16526,0.1677,748232030.0,2025-03-18 04:00:00+00:00
1742284800000,0.16769,0.16963,0.16595,0.16626,546912720.0,2025-03-18 08:00:00+00:00
1742299200000,0.16626,0.1671,0.16258,0.16359,965742997.0,2025-03-18 12:00:00+00:00
1742313600000,0.16359,0.16638,0.16274,0.16618,462998560.0,2025-03-18 16:00:00+00:00
1742328000000,0.16619,0.16863,0.16523,0.16794,384620442.0,2025-03-18 20:00:00+00:00
1742342400000,0.16794,0.16944,0.16671,0.16872,504602997.0,2025-03-19 00:00:00+00:00
1742356800000,0.16871,0.16889,0.16708,0.16717,249156041.0,2025-03-19 04:00:00+00:00
1742371200000,0.16717,0.1717,0.16714,0.17093,626211981.0,2025-03-19 08:00:00+00:00
1742385600000,0.17093,0.17398,0.16879,0.17334,1094578027.0,2025-03-19 12:00:00+00:00
1742400000000,0.17334,0.17592,0.1683,0.17397,1370922957.0,2025-03-19 16:00:00+00:00
1742414400000,0.17398,0.17871,0.17339,0.1779,610898344.0,2025-03-19 20:00:00+00:00
1742428800000,0.17791,0.17909,0.17536,0.1756,641390588.0,2025-03-20 00:00:00+00:00
1742443200000,0.17561,0.17583,0.17351,0.17408,435635652.0,2025-03-20 04:00:00+00:00
1742457600000,0.17408,0.17613,0.17078,0.17192,818942038.0,2025-03-20 08:00:00+00:00
1742472000000,0.17192,0.17424,0.16952,0.16963,859912235.0,2025-03-20 12:00:00+00:00
1742486400000,0.16962,0.1703,0.16652,0.16928,761647592.0,2025-03-20 16:00:00+00:00
1742500800000,0.16928,0.17005,0.16824,0.16938,278402357.0,2025-03-20 20:00:00+00:00
1742515200000,0.16938,0.17148,0.16874,0.16931,424309246.0,2025-03-21 00:00:00+00:00
1742529600000,0.16931,0.17066,0.16738,0.16836,412603306.0,2025-03-21 04:00:00+00:00
1742544000000,0.16837,0.16912,0.16596,0.16735,450169234.0,2025-03-21 08:00:00+00:00
1742558400000,0.16735,0.16809,0.16457,0.16542,756542013.0,2025-03-21 12:00:00+00:00
1742572800000,0.16541,0.16913,0.16498,0.16832,470680881.0,2025-03-21 16:00:00+00:00
1742587200000,0.16832,0.16968,0.16675,0.16718,302853772.0,2025-03-21 20:00:00+00:00
1742601600000,0.16718,0.169,0.16688,0.16864,278103589.0,2025-03-22 00:00:00+00:00
1742616000000,0.16864,0.16953,0.1684,0.16884,245988406.0,2025-03-22 04:00:00+00:00
1742630400000,0.16885,0.16972,0.16813,0.16869,304625605.0,2025-03-22 08:00:00+00:00
1742644800000,0.1687,0.16895,0.1672,0.16796,268247339.0,2025-03-22 12:00:00+00:00
1742659200000,0.16795,0.16962,0.1675,0.16893,255517163.0,2025-03-22 16:00:00+00:00
1742673600000,0.16893,0.16928,0.16648,0.16729,314961447.0,2025-03-22 20:00:00+00:00
1742688000000,0.16728,0.16883,0.16693,0.16864,260547700.0,2025-03-23 00:00:00+00:00
1742702400000,0.16864,0.17034,0.16727,0.16953,516270474.0,2025-03-23 04:00:00+00:00
1742716800000,0.16953,0.17218,0.16952,0.17091,436917725.0,2025-03-23 08:00:00+00:00
1742731200000,0.17092,0.17231,0.17023,0.17194,426054031.0,2025-03-23 12:00:00+00:00
1742745600000,0.17194,0.17203,0.16958,0.17096,426423381.0,2025-03-23 16:00:00+00:00
1742760000000,0.17095,0.17255,0.17004,0.17255,277622425.0,2025-03-23 20:00:00+00:00
1742774400000,0.17254,0.17472,0.17058,0.17367,677857755.0,2025-03-24 00:00:00+00:00
1742788800000,0.17367,0.17594,0.17367,0.17483,558807640.0,2025-03-24 04:00:00+00:00
1742803200000,0.17483,0.17714,0.17479,0.17692,526929835.0,2025-03-24 08:00:00+00:00
1742817600000,0.17692,0.1847,0.17545,0.18338,1528634392.0,2025-03-24 12:00:00+00:00
1742832000000,0.18338,0.18863,0.18039,0.18632,1274298044.0,2025-03-24 16:00:00+00:00
1742846400000,0.18632,0.18899,0.18182,0.1829,808490790.0,2025-03-24 20:00:00+00:00
1742860800000,0.1829,0.18789,0.18139,0.18191,1106930480.0,2025-03-25 00:00:00+00:00
1742875200000,0.18192,0.18512,0.1807,0.18294,675734567.0,2025-03-25 04:00:00+00:00
1742889600000,0.18295,0.18714,0.18246,0.18588,738705874.0,2025-03-25 08:00:00+00:00
1742904000000,0.18589,0.19355,0.18442,0.19067,1891390186.0,2025-03-25 12:00:00+00:00
1742918400000,0.19067,0.19328,0.18865,0.19104,1145516305.0,2025-03-25 16:00:00+00:00
1742932800000,0.19104,0.1939,0.18861,0.19056,808326400.0,2025-03-25 20:00:00+00:00
1742947200000,0.19056,0.19586,0.18928,0.19023,1081998103.0,2025-03-26 00:00:00+00:00
1742961600000,0.19022,0.20198,0.18993,0.20118,1268053007.0,2025-03-26 04:00:00+00:00
1742976000000,0.20115,0.20574,0.20052,0.20329,1703705035.0,2025-03-26 08:00:00+00:00
1742990400000,0.20329,0.20376,0.19464,0.19611,2026675593.0,2025-03-26 12:00:00+00:00
1743004800000,0.19611,0.19759,0.19163,0.19399,1501978062.0,2025-03-26 16:00:00+00:00
1743019200000,0.19399,0.19789,0.192,0.19481,1128330626.0,2025-03-26 20:00:00+00:00
1743033600000,0.1948,0.20049,0.19268,0.19934,1049386147.0,2025-03-27 00:00:00+00:00
1743048000000,0.19935,0.19952,0.19507,0.19595,701835498.0,2025-03-27 04:00:00+00:00
1743062400000,0.19596,0.19762,0.19238,0.19323,898870710.0,2025-03-27 08:00:00+00:00
1743076800000,0.19322,0.19514,0.18888,0.192,1573501681.0,2025-03-27 12:00:00+00:00
1743091200000,0.19199,0.19312,0.18756,0.19093,975726582.0,2025-03-27 16:00:00+00:00
1743105600000,0.19093,0.19331,0.19007,0.19039,459422889.0,2025-03-27 20:00:00+00:00
1743120000000,0.19039,0.1928,0.18745,0.18929,797057115.0,2025-03-28 00:00:00+00:00
1743134400000,0.18929,0.18977,0.1812,0.18151,1297358778.0,2025-03-28 04:00:00+00:00
1743148800000,0.18151,0.18294,0.1786,0.18169,1191381318.0,2025-03-28 08:00:00+00:00
1743163200000,0.18168,0.18256,0.17772,0.17942,1344319569.0,2025-03-28 12:00:00+00:00
1743177600000,0.17943,0.1813,0.17837,0.17851,698443188.0,2025-03-28 16:00:00+00:00
1743192000000,0.17851,0.18146,0.1771,0.18013,598508059.0,2025-03-28 20:00:00+00:00
1743206400000,0.18013,0.1825,0.175,0.17861,893868954.0,2025-03-29 00:00:00+00:00
1743220800000,0.17861,0.1797,0.17361,0.17467,805730160.0,2025-03-29 04:00:00+00:00
1743235200000,0.17467,0.17547,0.1683,0.16982,1252919451.0,2025-03-29 08:00:00+00:00
1743249600000,0.16982,0.17258,0.16938,0.16976,802455166.0,2025-03-29 12:00:00+00:00
1743264000000,0.16976,0.17047,0.16564,0.16931,1176626509.0,2025-03-29 16:00:00+00:00
1743278400000,0.16932,0.16975,0.16675,0.16946,472610946.0,2025-03-29 20:00:00+00:00
1743292800000,0.16946,0.1723,0.16774,0.17063,829098336.0,2025-03-30 00:00:00+00:00
1743307200000,0.17063,0.17209,0.1698,0.17036,436347078.0,2025-03-30 04:00:00+00:00
1743321600000,0.17036,0.172,0.1689,0.16962,486526190.0,2025-03-30 08:00:00+00:00
1743336000000,0.16963,0.17087,0.16746,0.16851,684713934.0,2025-03-30 12:00:00+00:00
1743350400000,0.16852,0.17114,0.166,0.16927,667882754.0,2025-03-30 16:00:00+00:00
1743364800000,0.16927,0.16953,0.16434,0.16645,778050812.0,2025-03-30 20:00:00+00:00
1743379200000,0.16646,0.16806,0.16265,0.16462,1063736001.0,2025-03-31 00:00:00+00:00
1743393600000,0.16462,0.16735,0.16218,0.16332,871679026.0,2025-03-31 04:00:00+00:00
1743408000000,0.16333,0.16485,0.16,0.16326,1209333751.0,2025-03-31 08:00:00+00:00
1743422400000,0.16326,0.16829,0.16068,0.16693,1636040585.0,2025-03-31 12:00:00+00:00
1743436800000,0.16694,0.16804,0.164,0.16569,929409212.0,2025-03-31 16:00:00+00:00
1743451200000,0.16569,0.16695,0.16423,0.16658,431642729.0,2025-03-31 20:00:00+00:00
1743465600000,0.16657,0.16967,0.16592,0.16846,575428456.0,2025-04-01 00:00:00+00:00
1743480000000,0.16847,0.17089,0.1677,0.16953,728721842.0,2025-04-01 04:00:00+00:00
1743494400000,0.16953,0.17515,0.16951,0.1704,1168503203.0,2025-04-01 08:00:00+00:00
1743508800000,0.1704,0.1756,0.16714,0.17487,1348002826.0,2025-04-01 12:00:00+00:00
1743523200000,0.17487,0.17572,0.17104,0.17205,581236873.0,2025-04-01 16:00:00+00:00
1743537600000,0.17204,0.17498,0.1709,0.17391,470432563.0,2025-04-01 20:00:00+00:00
1743552000000,0.1739,0.174,0.16981,0.17108,716981356.0,2025-04-02 00:00:00+00:00
1743566400000,0.17107,0.17211,0.16765,0.16961,727574344.0,2025-04-02 04:00:00+00:00
1743580800000,0.16961,0.17347,0.1689,0.17124,721944216.0,2025-04-02 08:00:00+00:00
1743595200000,0.17124,0.17804,0.1693,0.17609,2382530691.0,2025-04-02 12:00:00+00:00
1743609600000,0.17609,0.17645,0.17045,0.1742,1029529573.0,2025-04-02 16:00:00+00:00
1743624000000,0.1742,0.18005,0.16185,0.16376,2590677955.0,2025-04-02 20:00:00+00:00
1743638400000,0.16376,0.16668,0.16304,0.16604,777774650.0,2025-04-03 00:00:00+00:00
1743652800000,0.16603,0.1674,0.16332,0.16424,696289534.0,2025-04-03 04:00:00+00:00
1743667200000,0.16423,0.16503,0.15933,0.16042,862597067.0,2025-04-03 08:00:00+00:00
1743681600000,0.16041,0.16104,0.15527,0.15833,1894702713.0,2025-04-03 12:00:00+00:00
1743696000000,0.15832,0.15987,0.15698,0.15861,709353636.0,2025-04-03 16:00:00+00:00
1743710400000,0.15862,0.16222,0.15783,0.16222,561796290.0,2025-04-03 20:00:00+00:00
1743724800000,0.16222,0.16324,0.15991,0.16258,659656464.0,2025-04-04 00:00:00+00:00
1743739200000,0.16258,0.16678,0.16164,0.16623,742832317.0,2025-04-04 04:00:00+00:00
1743753600000,0.16623,0.1675,0.15991,0.16222,1734672325.0,2025-04-04 08:00:00+00:00
1743768000000,0.16221,0.17156,0.16149,0.16748,2817322054.0,2025-04-04 12:00:00+00:00
1743782400000,0.16748,0.17208,0.16696,0.16973,1290563448.0,2025-04-04 16:00:00+00:00
1743796800000,0.16974,0.17279,0.16858,0.1712,570905457.0,2025-04-04 20:00:00+00:00
1743811200000,0.17119,0.17165,0.16923,0.1693,466388267.0,2025-04-05 00:00:00+00:00
1743825600000,0.1693,0.17004,0.16797,0.16935,396205449.0,2025-04-05 04:00:00+00:00
1743840000000,0.16934,0.17076,0.1685,0.17007,457933601.0,2025-04-05 08:00:00+00:00
1743854400000,0.17007,0.17054,0.16603,0.16715,834437032.0,2025-04-05 12:00:00+00:00
1743868800000,0.16715,0.16872,0.16685,0.16749,313285236.0,2025-04-05 16:00:00+00:00
1743883200000,0.16749,0.16926,0.16706,0.16887,243181985.0,2025-04-05 20:00:00+00:00
1743897600000,0.16887,0.16992,0.16702,0.16762,372921380.0,2025-04-06 00:00:00+00:00
1743912000000,0.16762,0.16791,0.16486,0.16498,531070657.0,2025-04-06 04:00:00+00:00
1743926400000,0.16498,0.16542,0.1635,0.1642,560867114.0,2025-04-06 08:00:00+00:00
1743940800000,0.16419,0.16449,0.15944,0.16169,1187039703.0,2025-04-06 12:00:00+00:00
1743955200000,0.16168,0.16168,0.15059,0.15251,2377651981.0,2025-04-06 16:00:00+00:00
1743969600000,0.15251,0.1532,0.14574,0.14915,2420264750.0,2025-04-06 20:00:00+00:00
1743984000000,0.14914,0.15145,0.14015,0.14202,2165700902.0,2025-04-07 00:00:00+00:00
1743998400000,0.14203,0.1431,0.12983,0.13217,4081165664.0,2025-04-07 04:00:00+00:00
1744012800000,0.13216,0.14166,0.13169,0.13811,2718272030.0,2025-04-07 08:00:00+00:00
1744027200000,0.13811,0.15396,0.13713,0.14694,5614892135.0,2025-04-07 12:00:00+00:00
1744041600000,0.14694,0.14963,0.14378,0.14659,1965060478.0,2025-04-07 16:00:00+00:00
1744056000000,0.1466,0.15238,0.14654,0.14951,971120989.0,2025-04-07 20:00:00+00:00
1744070400000,0.1495,0.15327,0.1468,0.15127,1149065404.0,2025-04-08 00:00:00+00:00
1744084800000,0.15127,0.15259,0.14825,0.15068,811316491.0,2025-04-08 04:00:00+00:00
1744099200000,0.15067,0.1563,0.14959,0.156,1264736608.0,2025-04-08 08:00:00+00:00
1744113600000,0.156,0.15699,0.15,0.15077,2027861877.0,2025-04-08 12:00:00+00:00
1744128000000,0.15077,0.15108,0.14193,0.14299,2706256513.0,2025-04-08 16:00:00+00:00
1744142400000,0.143,0.14464,0.14102,0.1422,945063809.0,2025-04-08 20:00:00+00:00
1744156800000,0.1422,0.14356,0.13646,0.13874,2054676530.0,2025-04-09 00:00:00+00:00
1744171200000,0.13874,0.1475,0.13831,0.14675,1899114327.0,2025-04-09 04:00:00+00:00
1744185600000,0.14676,0.14814,0.14305,0.1438,1988090156.0,2025-04-09 08:00:00+00:00
1744200000000,0.14379,0.14915,0.14289,0.14607,1869415712.0,2025-04-09 12:00:00+00:00
1744214400000,0.14608,0.16206,0.14574,0.16023,3375918052.0,2025-04-09 16:00:00+00:00
1744228800000,0.16024,0.16416,0.15992,0.16028,1010924931.0,2025-04-09 20:00:00+00:00
1744243200000,0.16027,0.16043,0.15351,0.1554,1124041275.0,2025-04-10 00:00:00+00:00
1744257600000,0.1554,0.1583,0.15428,0.15603,1147058839.0,2025-04-10 04:00:00+00:00
1744272000000,0.15602,0.15689,0.15486,0.1562,673453433.0,2025-04-10 08:00:00+00:00
1744286400000,0.1562,0.15846,0.1491,0.1495,2088394786.0,2025-04-10 12:00:00+00:00
1744300800000,0.14949,0.15469,0.14872,0.1537,1171492322.0,2025-04-10 16:00:00+00:00
1744315200000,0.1537,0.15564,0.15303,0.15349,558224146.0,2025-04-10 20:00:00+00:00
1744329600000,0.15348,0.1575,0.1532,0.1566,720368409.0,2025-04-11 00:00:00+00:00
1744344000000,0.15661,0.15818,0.15572,0.15706,544447741.0,2025-04-11 04:00:00+00:00
1744358400000,0.15706,0.16,0.15606,0.15797,871876061.0,2025-04-11 08:00:00+00:00
1744372800000,0.15798,0.15999,0.15678,0.15861,1030789463.0,2025-04-11 12:00:00+00:00
1744387200000,0.15861,0.16104,0.15771,0.15968,577868305.0,2025-04-11 16:00:00+00:00
1744401600000,0.15967,0.16245,0.15938,0.15996,411574867.0,2025-04-11 20:00:00+00:00
1744416000000,0.15996,0.1602,0.15755,0.15869,430098883.0,2025-04-12 00:00:00+00:00
1744430400000,0.1587,0.16461,0.15843,0.16289,852735491.0,2025-04-12 04:00:00+00:00
1744444800000,0.1629,0.16418,0.16158,0.16176,463034720.0,2025-04-12 08:00:00+00:00
1744459200000,0.16176,0.16867,0.16135,0.16739,1297731166.0,2025-04-12 12:00:00+00:00
1744473600000,0.16738,0.16822,0.16476,0.16624,766058703.0,2025-04-12 16:00:00+00:00
1744488000000,0.16623,0.1694,0.16616,0.16757,453518543.0,2025-04-12 20:00:00+00:00
1744502400000,0.16757,0.16859,0.16507,0.16642,561329492.0,2025-04-13 00:00:00+00:00
1744516800000,0.16642,0.16647,0.1638,0.16403,449027379.0,2025-04-13 04:00:00+00:00
1744531200000,0.16404,0.16837,0.16333,0.16504,792391034.0,2025-04-13 08:00:00+00:00
1744545600000,0.16505,0.16562,0.16092,0.16223,848272088.0,2025-04-13 12:00:00+00:00
1744560000000,0.16223,0.16808,0.16093,0.16296,1332071146.0,2025-04-13 16:00:00+00:00
1744574400000,0.16295,0.1655,0.161,0.16252,767256080.0,2025-04-13 20:00:00+00:00
1744588800000,0.16252,0.16957,0.16212,0.16538,988899796.0,2025-04-14 00:00:00+00:00
1744603200000,0.16539,0.16802,0.16254,0.16436,679615730.0,2025-04-14 04:00:00+00:00
1744617600000,0.16436,0.16622,0.16256,0.1659,620594576.0,2025-04-14 08:00:00+00:00
1744632000000,0.1659,0.16683,0.15935,0.16017,1398623555.0,2025-04-14 12:00:00+00:00
1744646400000,0.16017,0.16155,0.15897,0.15978,794105004.0,2025-04-14 16:00:00+00:00
1744660800000,0.15978,0.15999,0.15717,0.15845,481487873.0,2025-04-14 20:00:00+00:00
1744675200000,0.15845,0.16088,0.15728,0.16075,642240575.0,2025-04-15 00:00:00+00:00
1744689600000,0.16075,0.16116,0.15866,0.15995,453271515.0,2025-04-15 04:00:00+00:00
1744704000000,0.15995,0.16088,0.15792,0.15867,653900729.0,2025-04-15 08:00:00+00:00
1744718400000,0.15867,0.16127,0.15456,0.15576,1328585831.0,2025-04-15 12:00:00+00:00
1744732800000,0.15577,0.15698,0.15433,0.15492,488406599.0,2025-04-15 16:00:00+00:00
1744747200000,0.15492,0.1562,0.15302,0.15349,542296840.0,2025-04-15 20:00:00+00:00
1744761600000,0.15349,0.15583,0.15206,0.15494,641911849.0,2025-04-16 00:00:00+00:00
1744776000000,0.15493,0.15545,0.15241,0.15272,561591576.0,2025-04-16 04:00:00+00:00
1744790400000,0.15272,0.15431,0.15128,0.15327,650575299.0,2025-04-16 08:00:00+00:00
1744804800000,0.15327,0.15639,0.15181,0.15508,1121577954.0,2025-04-16 12:00:00+00:00
1744819200000,0.15509,0.1568,0.1501,0.15557,1424114140.0,2025-04-16 16:00:00+00:00
1744833600000,0.15556,0.15729,0.15407,0.15464,464473395.0,2025-04-16 20:00:00+00:00
1744848000000,0.15463,0.15699,0.15396,0.15521,451312336.0,2025-04-17 00:00:00+00:00
1744862400000,0.15521,0.1578,0.15481,0.15664,482720942.0,2025-04-17 04:00:00+00:00
1744876800000,0.15664,0.15705,0.15531,0.15644,387741373.0,2025-04-17 08:00:00+00:00
1744891200000,0.15645,0.1572,0.15288,0.15517,727233033.0,2025-04-17 12:00:00+00:00
1744905600000,0.15517,0.15939,0.15452,0.15668,983341257.0,2025-04-17 16:00:00+00:00
1744920000000,0.15668,0.15754,0.15515,0.15579,315468507.0,2025-04-17 20:00:00+00:00
1744934400000,0.15578,0.156,0.15344,0.15467,497710090.0,2025-04-18 00:00:00+00:00
1744948800000,0.15467,0.15531,0.15407,0.15507,309135493.0,2025-04-18 04:00:00+00:00
1744963200000,0.15507,0.15612,0.15466,0.1554,352359417.0,2025-04-18 08:00:00+00:00
1744977600000,0.15539,0.15682,0.15508,0.15627,436384728.0,2025-04-18 12:00:00+00:00
1744992000000,0.15628,0.15875,0.156,0.15784,510829861.0,2025-04-18 16:00:00+00:00
1745006400000,0.15783,0.1589,0.1573,0.15753,304186824.0,2025-04-18 20:00:00+00:00
1745020800000,0.15753,0.15967,0.1569,0.15936,454978399.0,2025-04-19 00:00:00+00:00
1745035200000,0.15935,0.16086,0.15827,0.159,487377524.0,2025-04-19 04:00:00+00:00
1745049600000,0.159,0.15922,0.15754,0.158,376880773.0,2025-04-19 08:00:00+00:00
1745064000000,0.15801,0.15888,0.15728,0.15774,399920535.0,2025-04-19 12:00:00+00:00
1745078400000,0.15774,0.1584,0.1562,0.15724,508276250.0,2025-04-19 16:00:00+00:00
1745092800000,0.15724,0.1581,0.15672,0.15726,243218689.0,2025-04-19 20:00:00+00:00
1745107200000,0.15726,0.15936,0.15701,0.15828,379548349.0,2025-04-20 00:00:00+00:00
1745121600000,0.15829,0.1595,0.15642,0.15701,497264319.0,2025-04-20 04:00:00+00:00
1745136000000,0.157,0.15707,0.15264,0.15324,789900049.0,2025-04-20 08:00:00+00:00
1745150400000,0.15324,0.15504,0.15238,0.15279,628437099.0,2025-04-20 12:00:00+00:00
1745164800000,0.15279,0.15492,0.15235,0.15485,487129146.0,2025-04-20 16:00:00+00:00
1745179200000,0.15485,0.15727,0.15336,0.15519,705841288.0,2025-04-20 20:00:00+00:00
1745193600000,0.15519,0.16136,0.15493,0.16025,1337569091.0,2025-04-21 00:00:00+00:00
1745208000000,0.16025,0.16276,0.15955,0.16191,665779323.0,2025-04-21 04:00:00+00:00
1745222400000,0.16191,0.1628,0.16014,0.16145,757048020.0,2025-04-21 08:00:00+00:00
1745236800000,0.16146,0.16352,0.15961,0.16044,1112742727.0,2025-04-21 12:00:00+00:00
1745251200000,0.16044,0.16123,0.15568,0.15837,1263377738.0,2025-04-21 16:00:00+00:00
1745265600000,0.15838,0.15945,0.15733,0.15931,338984467.0,2025-04-21 20:00:00+00:00
1745280000000,0.15931,0.16234,0.15711,0.16089,985100582.0,2025-04-22 00:00:00+00:00
1745294400000,0.16089,0.16475,0.16019,0.16375,783744062.0,2025-04-22 04:00:00+00:00
1745308800000,0.16374,0.16491,0.16281,0.16404,873760732.0,2025-04-22 08:00:00+00:00
1745323200000,0.16404,0.17327,0.16369,0.17186,2235726776.0,2025-04-22 12:00:00+00:00
1745337600000,0.17186,0.17256,0.16988,0.17167,933991232.0,2025-04-22 16:00:00+00:00
1745352000000,0.17167,0.18,0.17147,0.17857,1782890305.0,2025-04-22 20:00:00+00:00
1745366400000,0.17858,0.18472,0.17856,0.18208,1484069270.0,2025-04-23 00:00:00+00:00
1745380800000,0.18208,0.18515,0.17985,0.18212,1058416620.0,2025-04-23 04:00:00+00:00
1745395200000,0.18211,0.18391,0.18062,0.1822,837555090.0,2025-04-23 08:00:00+00:00
1745409600000,0.18219,0.18538,0.17483,0.17838,2539555713.0,2025-04-23 12:00:00+00:00
1745424000000,0.17838,0.18164,0.17655,0.17831,1145439976.0,2025-04-23 16:00:00+00:00
1745438400000,0.17831,0.1799,0.17729,0.17858,390231375.0,2025-04-23 20:00:00+00:00
1745452800000,0.17857,0.17929,0.17272,0.17285,1123079946.0,2025-04-24 00:00:00+00:00
1745467200000,0.17284,0.17454,0.17189,0.1724,733108863.0,2025-04-24 04:00:00+00:00
1745481600000,0.17242,0.17406,0.16974,0.17353,980846387.0,2025-04-24 08:00:00+00:00
1745496000000,0.17354,0.18075,0.17277,0.17841,1592122758.0,2025-04-24 12:00:00+00:00
1745510400000,0.1784,0.18198,0.17758,0.18098,1256568537.0,2025-04-24 16:00:00+00:00
1745524800000,0.18098,0.18322,0.17929,0.18246,629598296.0,2025-04-24 20:00:00+00:00
1745539200000,0.18245,0.18471,0.17741,0.18039,1040293789.0,2025-04-25 00:00:00+00:00
1745553600000,0.18038,0.18295,0.17962,0.1824,719523209.0,2025-04-25 04:00:00+00:00
1745568000000,0.18241,0.18333,0.18014,0.18291,963551956.0,2025-04-25 08:00:00+00:00
1745582400000,0.18292,0.18615,0.17888,0.18263,2072812040.0,2025-04-25 12:00:00+00:00
1745596800000,0.18263,0.18476,0.18002,0.18155,1081967901.0,2025-04-25 16:00:00+00:00
1745611200000,0.18156,0.18299,0.18,0.18154,388898136.0,2025-04-25 20:00:00+00:00
1745625600000,0.18153,0.19298,0.18153,0.18659,1827439494.0,2025-04-26 00:00:00+00:00
1745640000000,0.1866,0.18758,0.18361,0.18592,694148616.0,2025-04-26 04:00:00+00:00
1745654400000,0.18591,0.1875,0.18085,0.18146,1080886313.0,2025-04-26 08:00:00+00:00
1745668800000,0.18146,0.18305,0.18008,0.18235,682785561.0,2025-04-26 12:00:00+00:00
1745683200000,0.18235,0.18243,0.18022,0.18108,410017758.0,2025-04-26 16:00:00+00:00
1745697600000,0.18108,0.18238,0.18002,0.18182,361608068.0,2025-04-26 20:00:00+00:00
1745712000000,0.18183,0.18345,0.17743,0.17945,1036782946.0,2025-04-27 00:00:00+00:00
1745726400000,0.17944,0.18037,0.17638,0.18016,509261974.0,2025-04-27 04:00:00+00:00
1745740800000,0.18015,0.1825,0.17966,0.18064,565900474.0,2025-04-27 08:00:00+00:00
1745755200000,0.18063,0.18306,0.17909,0.18001,1012490616.0,2025-04-27 12:00:00+00:00
1745769600000,0.18001,0.18222,0.17757,0.18222,582177966.0,2025-04-27 16:00:00+00:00
1745784000000,0.18221,0.18232,0.179,0.17924,418815042.0,2025-04-27 20:00:00+00:00
1745798400000,0.17923,0.17987,0.17364,0.17872,1311125393.0,2025-04-28 00:00:00+00:00
1745812800000,0.17871,0.18162,0.17857,0.18116,608579047.0,2025-04-28 04:00:00+00:00
1745827200000,0.18116,0.18269,0.179,0.18169,898797536.0,2025-04-28 08:00:00+00:00
1745841600000,0.1817,0.18178,0.17411,0.17563,1385149097.0,2025-04-28 12:00:00+00:00
1745856000000,0.17562,0.17948,0.17383,0.17877,836037328.0,2025-04-28 16:00:00+00:00
1745870400000,0.17877,0.17945,0.17733,0.17898,397004635.0,2025-04-28 20:00:00+00:00
1745884800000,0.17897,0.18066,0.17686,0.17937,745226377.0,2025-04-29 00:00:00+00:00
1745899200000,0.17936,0.18056,0.17723,0.17963,595441188.0,2025-04-29 04:00:00+00:00
1745913600000,0.17962,0.18018,0.1776,0.17905,573207701.0,2025-04-29 08:00:00+00:00
1745928000000,0.17905,0.17986,0.17673,0.17802,922714437.0,2025-04-29 12:00:00+00:00
1745942400000,0.17801,0.18056,0.17761,0.17838,562226515.0,2025-04-29 16:00:00+00:00
1745956800000,0.17837,0.1787,0.17229,0.17453,1025370414.0,2025-04-29 20:00:00+00:00
1745971200000,0.17454,0.17658,0.17328,0.17603,504712064.0,2025-04-30 00:00:00+00:00
1745985600000,0.17602,0.17629,0.17244,0.17336,477124526.0,2025-04-30 04:00:00+00:00
1746000000000,0.17336,0.17607,0.17282,0.17588,629544884.0,2025-04-30 08:00:00+00:00
1746014400000,0.17588,0.17591,0.16654,0.16965,1960641387.0,2025-04-30 12:00:00+00:00
1746028800000,0.16965,0.17276,0.16867,0.17213,606573810.0,2025-04-30 16:00:00+00:00
1746043200000,0.17214,0.17437,0.17183,0.17217,423017310.0,2025-04-30 20:00:00+00:00
1746057600000,0.17217,0.17536,0.17199,0.17399,507091469.0,2025-05-01 00:00:00+00:00
1746072000000,0.174,0.17547,0.17357,0.17523,314497574.0,2025-05-01 04:00:00+00:00
1746086400000,0.17522,0.1795,0.17493,0.17929,883061486.0,2025-05-01 08:00:00+00:00
1746100800000,0.17928,0.18245,0.17673,0.18054,1227853894.0,2025-05-01 12:00:00+00:00
1746115200000,0.18053,0.18329,0.18039,0.1806,799873086.0,2025-05-01 16:00:00+00:00
1746129600000,0.1806,0.18236,0.17995,0.18057,443458946.0,2025-05-01 20:00:00+00:00
1746144000000,0.18057,0.1844,0.1797,0.18235,791974249.0,2025-05-02 00:00:00+00:00
1746158400000,0.18235,0.18283,0.17907,0.17927,707865932.0,2025-05-02 04:00:00+00:00
1746172800000,0.17927,0.18159,0.17922,0.18082,425180362.0,2025-05-02 08:00:00+00:00
1746187200000,0.18082,0.1828,0.17995,0.18138,846048007.0,2025-05-02 12:00:00+00:00
1746201600000,0.18138,0.18412,0.17946,0.17993,759542189.0,2025-05-02 16:00:00+00:00
1746216000000,0.17993,0.18233,0.1797,0.18142,311012271.0,2025-05-02 20:00:00+00:00
1746230400000,0.18143,0.18212,0.1799,0.18027,415769053.0,2025-05-03 00:00:00+00:00
1746244800000,0.18026,0.18088,0.17818,0.17883,466114714.0,2025-05-03 04:00:00+00:00
1746259200000,0.17883,0.17958,0.17727,0.178,455991318.0,2025-05-03 08:00:00+00:00
1746273600000,0.17801,0.17948,0.17774,0.17842,398809655.0,2025-05-03 12:00:00+00:00
1746288000000,0.17842,0.17847,0.17521,0.17749,655794761.0,2025-05-03 16:00:00+00:00
1746302400000,0.17749,0.17755,0.17514,0.17555,311036402.0,2025-05-03 20:00:00+00:00
1746316800000,0.17555,0.17734,0.17467,0.17512,525708914.0,2025-05-04 00:00:00+00:00
1746331200000,0.17511,0.17649,0.17429,0.17514,462718161.0,2025-05-04 04:00:00+00:00
1746345600000,0.17513,0.17524,0.17318,0.17402,523397435.0,2025-05-04 08:00:00+00:00
1746360000000,0.17402,0.17467,0.17221,0.17362,563828208.0,2025-05-04 12:00:00+00:00
1746374400000,0.17363,0.17393,0.17124,0.17192,533191613.0,2025-05-04 16:00:00+00:00
1746388800000,0.17192,0.17298,0.16963,0.1704,651181919.0,2025-05-04 20:00:00+00:00
1746403200000,0.17039,0.17162,0.168,0.17029,707018211.0,2025-05-05 00:00:00+00:00
1746417600000,0.17028,0.17393,0.17015,0.17348,500192862.0,2025-05-05 04:00:00+00:00
1746432000000,0.17348,0.17456,0.17008,0.17086,714805363.0,2025-05-05 08:00:00+00:00
1746446400000,0.17087,0.17158,0.1684,0.16889,807809981.0,2025-05-05 12:00:00+00:00
1746460800000,0.1689,0.17253,0.16869,0.17079,501096965.0,2025-05-05 16:00:00+00:00
1746475200000,0.17079,0.17221,0.1681,0.1705,518850843.0,2025-05-05 20:00:00+00:00
1746489600000,0.1705,0.17109,0.16671,0.16972,737727283.0,2025-05-06 00:00:00+00:00
1746504000000,0.16972,0.1703,0.16868,0.16928,377300568.0,2025-05-06 04:00:00+00:00
1746518400000,0.16928,0.16929,0.16437,0.16528,1070736701.0,2025-05-06 08:00:00+00:00
1746532800000,0.16527,0.16823,0.16416,0.16659,1063101669.0,2025-05-06 12:00:00+00:00
1746547200000,0.16659,0.16975,0.16551,0.16881,710407423.0,2025-05-06 16:00:00+00:00
1746561600000,0.16882,0.1725,0.16706,0.17211,870983493.0,2025-05-06 20:00:00+00:00
1746576000000,0.1721,0.17437,0.17012,0.17175,859303277.0,2025-05-07 00:00:00+00:00
1746590400000,0.17175,0.17338,0.17144,0.17322,416858862.0,2025-05-07 04:00:00+00:00
1746604800000,0.17322,0.17391,0.17281,0.1733,358346334.0,2025-05-07 08:00:00+00:00
1746619200000,0.17329,0.17348,0.17044,0.17076,661788389.0,2025-05-07 12:00:00+00:00
1746633600000,0.17076,0.17258,0.16884,0.16984,1181831802.0,2025-05-07 16:00:00+00:00
1746648000000,0.16983,0.1729,0.1691,0.17193,519990858.0,2025-05-07 20:00:00+00:00
1746662400000,0.17193,0.17945,0.17161,0.17934,1237471548.0,2025-05-08 00:00:00+00:00
1746676800000,0.17934,0.18273,0.17934,0.18143,1228691058.0,2025-05-08 04:00:00+00:00
1746691200000,0.18142,0.18555,0.18137,0.18302,1035981887.0,2025-05-08 08:00:00+00:00
1746705600000,0.18302,0.19143,0.18285,0.18929,1796139241.0,2025-05-08 12:00:00+00:00
1746720000000,0.18928,0.19291,0.18912,0.19091,1106294018.0,2025-05-08 16:00:00+00:00
1746734400000,0.19091,0.19837,0.18989,0.19807,1449902201.0,2025-05-08 20:00:00+00:00
1746748800000,0.19808,0.19866,0.19311,0.1935,1148060305.0,2025-05-09 00:00:00+00:00
1746763200000,0.19351,0.20929,0.19294,0.20577,1858072076.0,2025-05-09 04:00:00+00:00
1746777600000,0.20577,0.2145,0.20126,0.20715,2827664837.0,2025-05-09 08:00:00+00:00
1746792000000,0.20715,0.2099,0.20068,0.20419,1805969314.0,2025-05-09 12:00:00+00:00
1746806400000,0.2042,0.20616,0.20102,0.20502,1026000042.0,2025-05-09 16:00:00+00:00
1746820800000,0.20503,0.20603,0.20365,0.20521,355543715.0,2025-05-09 20:00:00+00:00
1746835200000,0.20521,0.21078,0.20328,0.20975,1229587295.0,2025-05-10 00:00:00+00:00
1746849600000,0.20974,0.22633,0.20809,0.22413,2269177896.0,2025-05-10 04:00:00+00:00
1746864000000,0.22414,0.23081,0.22135,0.22246,2294078680.0,2025-05-10 08:00:00+00:00
1746878400000,0.22247,0.22914,0.22247,0.22692,1261700644.0,2025-05-10 12:00:00+00:00
1746892800000,0.22692,0.23941,0.22631,0.23521,2278957491.0,2025-05-10 16:00:00+00:00
1746907200000,0.23521,0.2512,0.23196,0.25057,2129880672.0,2025-05-10 20:00:00+00:00
1746921600000,0.25058,0.25973,0.23544,0.23953,3850687749.0,2025-05-11 00:00:00+00:00
1746936000000,0.23953,0.24252,0.2275,0.23024,2092028737.0,2025-05-11 04:00:00+00:00
1746950400000,0.23024,0.23474,0.2292,0.23408,1519898555.0,2025-05-11 08:00:00+00:00
1746964800000,0.23409,0.23624,0.22506,0.22685,2111949735.0,2025-05-11 12:00:00+00:00
1746979200000,0.22686,0.23328,0.22204,0.23096,1823796070.0,2025-05-11 16:00:00+00:00
1746993600000,0.23097,0.23451,0.22903,0.23172,600883356.0,2025-05-11 20:00:00+00:00
1747008000000,0.23173,0.24123,0.22998,0.23827,1909715329.0,2025-05-12 00:00:00+00:00
1747022400000,0.23825,0.25341,0.23603,0.24397,3062846835.0,2025-05-12 04:00:00+00:00
1747036800000,0.24397,0.2521,0.24035,0.2422,2512087532.0,2025-05-12 08:00:00+00:00
1747051200000,0.24219,0.24645,0.23012,0.23227,3139863915.0,2025-05-12 12:00:00+00:00
1747065600000,0.23226,0.23672,0.22039,0.22722,2500100192.0,2025-05-12 16:00:00+00:00
1747080000000,0.22722,0.23378,0.22531,0.2309,808352378.0,2025-05-12 20:00:00+00:00
1747094400000,0.2309,0.23107,0.21717,0.21841,1903173115.0,2025-05-13 00:00:00+00:00
1747108800000,0.2184,0.22581,0.21736,0.22401,877041441.0,2025-05-13 04:00:00+00:00
1747123200000,0.22402,0.22985,0.22286,0.22802,1086077379.0,2025-05-13 08:00:00+00:00
1747137600000,0.22802,0.23351,0.22412,0.23295,2002437559.0,2025-05-13 12:00:00+00:00
1747152000000,0.23294,0.24303,0.2328,0.23887,2098684829.0,2025-05-13 16:00:00+00:00
1747166400000,0.23887,0.2415,0.23644,0.24068,874603684.0,2025-05-13 20:00:00+00:00
1747180800000,0.24069,0.24335,0.23352,0.23879,1583741278.0,2025-05-14 00:00:00+00:00
1747195200000,0.23879,0.24751,0.23661,0.23704,1490973341.0,2025-05-14 04:00:00+00:00
1747209600000,0.23704,0.23877,0.23177,0.23741,1481591472.0,2025-05-14 08:00:00+00:00
1747224000000,0.23741,0.23869,0.22938,0.23291,1569241512.0,2025-05-14 12:00:00+00:00
1747238400000,0.2329,0.23492,0.22806,0.23421,922210099.0,2025-05-14 16:00:00+00:00
1747252800000,0.23422,0.23512,0.23059,0.23267,400480393.0,2025-05-14 20:00:00+00:00
1747267200000,0.23268,0.23667,0.22751,0.23194,1331257877.0,2025-05-15 00:00:00+00:00
1747281600000,0.23193,0.23489,0.22242,0.22359,1283423595.0,2025-05-15 04:00:00+00:00
1747296000000,0.22358,0.22887,0.22185,0.2266,1208497656.0,2025-05-15 08:00:00+00:00
1747310400000,0.22659,0.22936,0.21587,0.22508,2218808858.0,2025-05-15 12:00:00+00:00
1747324800000,0.22508,0.22937,0.21865,0.22202,1294262767.0,2025-05-15 16:00:00+00:00
1747339200000,0.22203,0.22416,0.21353,0.21926,1357028337.0,2025-05-15 20:00:00+00:00
1747353600000,0.21926,0.22714,0.2178,0.22607,1165342177.0,2025-05-16 00:00:00+00:00
1747368000000,0.22607,0.22761,0.22364,0.22571,741564433.0,2025-05-16 04:00:00+00:00
1747382400000,0.22571,0.22998,0.22128,0.22704,1217810199.0,2025-05-16 08:00:00+00:00
1747396800000,0.22703,0.22978,0.22444,0.22886,1067738625.0,2025-05-16 12:00:00+00:00
1747411200000,0.22885,0.23085,0.2243,0.22687,836532640.0,2025-05-16 16:00:00+00:00
1747425600000,0.22686,0.22695,0.21938,0.221,774922803.0,2025-05-16 20:00:00+00:00
1747440000000,0.22098,0.22214,0.21352,0.21815,1221289720.0,2025-05-17 00:00:00+00:00
1747454400000,0.21816,0.22006,0.21578,0.21702,594827878.0,2025-05-17 04:00:00+00:00
1747468800000,0.21702,0.21732,0.21406,0.21543,712377927.0,2025-05-17 08:00:00+00:00
1747483200000,0.21543,0.21672,0.21163,0.21494,810495540.0,2025-05-17 12:00:00+00:00
1747497600000,0.21494,0.21623,0.2106,0.21439,923932819.0,2025-05-17 16:00:00+00:00
1747512000000,0.21439,0.21772,0.21188,0.21449,641575634.0,2025-05-17 20:00:00+00:00
1747526400000,0.2145,0.21696,0.21388,0.21558,524830959.0,2025-05-18 00:00:00+00:00
1747540800000,0.21559,0.22197,0.21547,0.22179,716838529.0,2025-05-18 04:00:00+00:00
1747555200000,0.22179,0.22512,0.22175,0.22215,893991631.0,2025-05-18 08:00:00+00:00
1747569600000,0.22214,0.23742,0.22111,0.23652,1578396065.0,2025-05-18 12:00:00+00:00
1747584000000,0.23653,0.23793,0.2218,0.22229,2445226416.0,2025-05-18 16:00:00+00:00
1747598400000,0.22229,0.23444,0.21842,0.23296,1474944517.0,2025-05-18 20:00:00+00:00
1747612800000,0.23297,0.23576,0.21918,0.21945,1611442678.0,2025-05-19 00:00:00+00:00
1747627200000,0.21945,0.22141,0.21391,0.21777,1509791507.0,2025-05-19 04:00:00+00:00
1747641600000,0.21777,0.21802,0.21518,0.21706,796983922.0,2025-05-19 08:00:00+00:00
1747656000000,0.21706,0.22279,0.21368,0.22112,1350587200.0,2025-05-19 12:00:00+00:00
1747670400000,0.22111,0.22611,0.21916,0.22422,1225171469.0,2025-05-19 16:00:00+00:00
1747684800000,0.22422,0.22539,0.22217,0.22437,485548499.0,2025-05-19 20:00:00+00:00
1747699200000,0.22437,0.23077,0.22356,0.22572,1233955390.0,2025-05-20 00:00:00+00:00
1747713600000,0.22572,0.22804,0.22172,0.22235,911232889.0,2025-05-20 04:00:00+00:00
1747728000000,0.22234,0.22324,0.2186,0.22069,935346727.0,2025-05-20 08:00:00+00:00
1747742400000,0.22069,0.22111,0.21751,0.22049,995273750.0,2025-05-20 12:00:00+00:00
1747756800000,0.22048,0.22551,0.2176,0.22407,1196796556.0,2025-05-20 16:00:00+00:00
1747771200000,0.22408,0.22777,0.22254,0.22617,1055082576.0,2025-05-20 20:00:00+00:00
1747785600000,0.22617,0.23051,0.22381,0.229,1024848859.0,2025-05-21 00:00:00+00:00
1747800000000,0.229,0.2335,0.22586,0.22652,1442874675.0,2025-05-21 04:00:00+00:00
1747814400000,0.22652,0.22775,0.22455,0.22641,770752985.0,2025-05-21 08:00:00+00:00
1747828800000,0.22641,0.23437,0.22535,0.23179,1619497257.0,2025-05-21 12:00:00+00:00
1747843200000,0.23179,0.23799,0.22244,0.23008,2755436693.0,2025-05-21 16:00:00+00:00
1747857600000,0.23009,0.2377,0.2278,0.23398,1076551497.0,2025-05-21 20:00:00+00:00
1747872000000,0.23398,0.24361,0.23375,0.24109,1944668594.0,2025-05-22 00:00:00+00:00
1747886400000,0.2411,0.24204,0.23656,0.24101,1105352621.0,2025-05-22 04:00:00+00:00
1747900800000,0.24101,0.24496,0.2389,0.24015,1429996822.0,2025-05-22 08:00:00+00:00
1747915200000,0.24015,0.2428,0.23898,0.24123,1013981634.0,2025-05-22 12:00:00+00:00
1747929600000,0.24123,0.24268,0.23812,0.23927,728749162.0,2025-05-22 16:00:00+00:00
1747944000000,0.23928,0.24573,0.2375,0.24547,841470837.0,2025-05-22 20:00:00+00:00
1747958400000,0.24548,0.25439,0.24346,0.25095,2021203547.0,2025-05-23 00:00:00+00:00
1747972800000,0.25095,0.25149,0.24201,0.24339,1476388054.0,2025-05-23 04:00:00+00:00
1747987200000,0.24338,0.24882,0.23298,0.23509,1643296233.0,2025-05-23 08:00:00+00:00
1748001600000,0.2351,0.23841,0.22705,0.23433,2875509791.0,2025-05-23 12:00:00+00:00
1748016000000,0.23432,0.23683,0.23178,0.23302,1089022522.0,2025-05-23 16:00:00+00:00
1748030400000,0.23301,0.23319,0.22294,0.22505,1063633153.0,2025-05-23 20:00:00+00:00
1748044800000,0.22505,0.22993,0.22346,0.22932,767541718.0,2025-05-24 00:00:00+00:00
1748059200000,0.22932,0.2303,0.22663,0.22722,539857683.0,2025-05-24 04:00:00+00:00
1748073600000,0.22723,0.23025,0.22566,0.22894,687877642.0,2025-05-24 08:00:00+00:00
1748088000000,0.22894,0.22925,0.22674,0.22759,480634791.0,2025-05-24 12:00:00+00:00
1748102400000,0.22759,0.22889,0.2258,0.22711,401929240.0,2025-05-24 16:00:00+00:00
1748116800000,0.2271,0.22802,0.22364,0.22501,415874901.0,2025-05-24 20:00:00+00:00
1748131200000,0.22501,0.22633,0.21929,0.22358,943315978.0,2025-05-25 00:00:00+00:00
1748145600000,0.22358,0.22408,0.2204,0.22126,521098626.0,2025-05-25 04:00:00+00:00
1748160000000,0.22126,0.22128,0.21705,0.21924,886886529.0,2025-05-25 08:00:00+00:00
1748174400000,0.21924,0.22104,0.21552,0.21841,732626913.0,2025-05-25 12:00:00+00:00
1748188800000,0.21841,0.22073,0.21634,0.21992,415019152.0,2025-05-25 16:00:00+00:00
1748203200000,0.21993,0.22508,0.21815,0.22478,666566641.0,2025-05-25 20:00:00+00:00
1748217600000,0.22477,0.22768,0.2232,0.22709,753315398.0,2025-05-26 00:00:00+00:00
1748232000000,0.2271,0.23025,0.22654,0.22974,612718505.0,2025-05-26 04:00:00+00:00
1748246400000,0.22973,0.22999,0.22514,0.22606,659744790.0,2025-05-26 08:00:00+00:00
1748260800000,0.22605,0.22897,0.22322,0.22688,926262827.0,2025-05-26 12:00:00+00:00
1748275200000,0.22688,0.22795,0.22239,0.22402,614753466.0,2025-05-26 16:00:00+00:00
1748289600000,0.22402,0.22768,0.22321,0.22585,381880793.0,2025-05-26 20:00:00+00:00
1748304000000,0.22584,0.22701,0.21956,0.22416,827135371.0,2025-05-27 00:00:00+00:00
1748318400000,0.22416,0.22842,0.22242,0.22769,710657369.0,2025-05-27 04:00:00+00:00
1748332800000,0.22769,0.22908,0.22726,0.22862,615836120.0,2025-05-27 08:00:00+00:00
1748347200000,0.22862,0.23206,0.22473,0.22857,1420312584.0,2025-05-27 12:00:00+00:00
1748361600000,0.2286,0.23025,0.2265,0.22717,900371593.0,2025-05-27 16:00:00+00:00
1748376000000,0.22717,0.22864,0.22433,0.22589,471795578.0,2025-05-27 20:00:00+00:00
1748390400000,0.22589,0.22776,0.2228,0.22462,669883498.0,2025-05-28 00:00:00+00:00
1748404800000,0.22461,0.22521,0.22165,0.22249,476158117.0,2025-05-28 04:00:00+00:00
1748419200000,0.2225,0.22364,0.22076,0.22347,559194882.0,2025-05-28 08:00:00+00:00
1748433600000,0.22346,0.2246,0.21755,0.21825,1062784423.0,2025-05-28 12:00:00+00:00
1748448000000,0.21826,0.22105,0.21672,0.21716,580599667.0,2025-05-28 16:00:00+00:00
1748462400000,0.21715,0.22154,0.217,0.22086,449286654.0,2025-05-28 20:00:00+00:00
1748476800000,0.22085,0.22787,0.21975,0.22646,1104191065.0,2025-05-29 00:00:00+00:00
1748491200000,0.22646,0.22696,0.22203,0.22429,723764812.0,2025-05-29 04:00:00+00:00
1748505600000,0.22429,0.22601,0.22326,0.22481,567084134.0,2025-05-29 08:00:00+00:00
1748520000000,0.2248,0.22483,0.21791,0.21953,1159842886.0,2025-05-29 12:00:00+00:00
1748534400000,0.21954,0.22139,0.21436,0.21628,1292314830.0,2025-05-29 16:00:00+00:00
1748548800000,0.21628,0.21943,0.21389,0.21477,528714808.0,2025-05-29 20:00:00+00:00
1748563200000,0.21477,0.21637,0.2,0.20849,2035019319.0,2025-05-30 00:00:00+00:00
1748577600000,0.20848,0.20942,0.20296,0.20419,1128941355.0,2025-05-30 04:00:00+00:00
1748592000000,0.20419,0.20585,0.20138,0.20491,986294022.0,2025-05-30 08:00:00+00:00
1748606400000,0.20492,0.20582,0.20081,0.20196,1103344817.0,2025-05-30 12:00:00+00:00
1748620800000,0.20197,0.20274,0.1932,0.20031,1639118833.0,2025-05-30 16:00:00+00:00
1748635200000,0.20031,0.20055,0.19036,0.19348,1106578600.0,2025-05-30 20:00:00+00:00
1748649600000,0.19348,0.19445,0.18539,0.18923,2214446605.0,2025-05-31 00:00:00+00:00
1748664000000,0.18923,0.19104,0.18755,0.18916,710156074.0,2025-05-31 04:00:00+00:00
1748678400000,0.18917,0.18959,0.18554,0.18642,862564293.0,2025-05-31 08:00:00+00:00
1748692800000,0.18643,0.19496,0.18622,0.19167,1609942829.0,2025-05-31 12:00:00+00:00
1748707200000,0.19167,0.19499,0.19086,0.19443,521590899.0,2025-05-31 16:00:00+00:00
1748721600000,0.19444,0.19543,0.19208,0.19241,513248432.0,2025-05-31 20:00:00+00:00
1748736000000,0.19242,0.19253,0.18781,0.19,789930158.0,2025-06-01 00:00:00+00:00
1748750400000,0.19001,0.19211,0.18903,0.18999,540315555.0,2025-06-01 04:00:00+00:00
1748764800000,0.18998,0.19016,0.18628,0.18933,707576508.0,2025-06-01 08:00:00+00:00
1748779200000,0.18933,0.19245,0.18721,0.19173,790543996.0,2025-06-01 12:00:00+00:00
1748793600000,0.19172,0.19464,0.18888,0.19179,866349035.0,2025-06-01 16:00:00+00:00
1748808000000,0.19178,0.19483,0.19082,0.19353,491773066.0,2025-06-01 20:00:00+00:00
1748822400000,0.19352,0.19433,0.18906,0.19022,685706277.0,2025-06-02 00:00:00+00:00
1748836800000,0.19021,0.19331,0.18947,0.19178,540698321.0,2025-06-02 04:00:00+00:00
1748851200000,0.19178,0.19303,0.18841,0.18919,787225362.0,2025-06-02 08:00:00+00:00
1748865600000,0.18918,0.19305,0.1885,0.19181,992987582.0,2025-06-02 12:00:00+00:00
1748880000000,0.19181,0.19365,0.18874,0.19014,756452625.0,2025-06-02 16:00:00+00:00
1748894400000,0.19014,0.19633,0.19011,0.19498,790594099.0,2025-06-02 20:00:00+00:00
1748908800000,0.19498,0.2004,0.19446,0.1956,1280441952.0,2025-06-03 00:00:00+00:00
1748923200000,0.19561,0.19636,0.19414,0.19516,395897244.0,2025-06-03 04:00:00+00:00
1748937600000,0.19515,0.19584,0.1932,0.19494,598633333.0,2025-06-03 08:00:00+00:00
1748952000000,0.19493,0.19857,0.1939,0.19727,1086912359.0,2025-06-03 12:00:00+00:00
1748966400000,0.19727,0.19748,0.19507,0.19703,566123785.0,2025-06-03 16:00:00+00:00
1748980800000,0.19703,0.1971,0.1911,0.19302,707630514.0,2025-06-03 20:00:00+00:00
1748995200000,0.19301,0.19701,0.19198,0.19596,537398245.0,2025-06-04 00:00:00+00:00
1749009600000,0.19595,0.1966,0.19481,0.19533,421458833.0,2025-06-04 04:00:00+00:00
1749024000000,0.19533,0.19665,0.19353,0.19372,563737121.0,2025-06-04 08:00:00+00:00
1749038400000,0.19373,0.1943,0.18955,0.19273,997574911.0,2025-06-04 12:00:00+00:00
1749052800000,0.19273,0.19282,0.18918,0.18919,535010186.0,2025-06-04 16:00:00+00:00
1749067200000,0.18919,0.19016,0.18679,0.188,672007228.0,2025-06-04 20:00:00+00:00
1749081600000,0.188,0.1907,0.18727,0.19005,441220890.0,2025-06-05 00:00:00+00:00
1749096000000,0.19005,0.19066,0.18767,0.18841,535749528.0,2025-06-05 04:00:00+00:00
1749110400000,0.18841,0.18983,0.18772,0.18931,382493724.0,2025-06-05 08:00:00+00:00
1749124800000,0.18931,0.19239,0.187,0.18923,1226167833.0,2025-06-05 12:00:00+00:00
1749139200000,0.18922,0.18937,0.1695,0.17387,3683229324.0,2025-06-05 16:00:00+00:00
1749153600000,0.17387,0.1744,0.16778,0.17095,2661402858.0,2025-06-05 20:00:00+00:00
1749168000000,0.17096,0.17537,0.16929,0.17515,1108624527.0,2025-06-06 00:00:00+00:00
1749182400000,0.17514,0.17638,0.17421,0.17473,1009401106.0,2025-06-06 04:00:00+00:00
1749196800000,0.17472,0.17804,0.17472,0.17752,872889346.0,2025-06-06 08:00:00+00:00
1749211200000,0.17753,0.1844,0.17725,0.18177,1806040461.0,2025-06-06 12:00:00+00:00
1749225600000,0.18177,0.18232,0.17835,0.1789,983988059.0,2025-06-06 16:00:00+00:00
1749240000000,0.17888,0.18051,0.17841,0.17869,419612367.0,2025-06-06 20:00:00+00:00
1749254400000,0.1787,0.18247,0.17766,0.18245,635348925.0,2025-06-07 00:00:00+00:00
1749268800000,0.18246,0.1863,0.1814,0.18523,707900325.0,2025-06-07 04:00:00+00:00
1749283200000,0.18523,0.18724,0.18431,0.18589,552954633.0,2025-06-07 08:00:00+00:00
1749297600000,0.1859,0.18861,0.18565,0.18658,901584763.0,2025-06-07 12:00:00+00:00
1749312000000,0.18658,0.18725,0.1818,0.18317,1212111866.0,2025-06-07 16:00:00+00:00
1749326400000,0.18316,0.18633,0.18316,0.18502,514017884.0,2025-06-07 20:00:00+00:00
1749340800000,0.18502,0.18502,0.18304,0.18318,445719430.0,2025-06-08 00:00:00+00:00
1749355200000,0.18318,0.18476,0.18274,0.18292,346774960.0,2025-06-08 04:00:00+00:00
1749369600000,0.18292,0.18419,0.18026,0.18371,838964282.0,2025-06-08 08:00:00+00:00
1749384000000,0.18371,0.18543,0.18221,0.18399,736507312.0,2025-06-08 12:00:00+00:00
1749398400000,0.18398,0.1863,0.18376,0.18601,592321686.0,2025-06-08 16:00:00+00:00
1749412800000,0.18601,0.18694,0.18355,0.18409,524987930.0,2025-06-08 20:00:00+00:00
1749427200000,0.18409,0.18457,0.18106,0.18255,573572955.0,2025-06-09 00:00:00+00:00
1749441600000,0.18254,0.18271,0.18009,0.18145,683626394.0,2025-06-09 04:00:00+00:00
1749456000000,0.18145,0.1874,0.18071,0.18629,1168249673.0,2025-06-09 08:00:00+00:00
1749470400000,0.18628,0.18653,0.18242,0.1844,1088166363.0,2025-06-09 12:00:00+00:00
1749484800000,0.1844,0.18787,0.18439,0.18644,1001610393.0,2025-06-09 16:00:00+00:00
1749499200000,0.18644,0.19619,0.18643,0.19482,1419530503.0,2025-06-09 20:00:00+00:00
1749513600000,0.19481,0.19617,0.19276,0.19357,793348297.0,2025-06-10 00:00:00+00:00
1749528000000,0.19358,0.19387,0.18978,0.19092,887448959.0,2025-06-10 04:00:00+00:00
1749542400000,0.19093,0.19588,0.18954,0.19475,1181816787.0,2025-06-10 08:00:00+00:00
1749556800000,0.19474,0.19748,0.18847,0.19099,1780054168.0,2025-06-10 12:00:00+00:00
1749571200000,0.191,0.19655,0.18985,0.19454,852465841.0,2025-06-10 16:00:00+00:00
1749585600000,0.19454,0.19848,0.19318,0.19838,764547742.0,2025-06-10 20:00:00+00:00
1749600000000,0.19838,0.19897,0.19455,0.1976,836757266.0,2025-06-11 00:00:00+00:00
1749614400000,0.19761,0.2067,0.19677,0.20239,1655134966.0,2025-06-11 04:00:00+00:00
1749628800000,0.20239,0.20389,0.1981,0.19904,1075950733.0,2025-06-11 08:00:00+00:00
1749643200000,0.19904,0.20344,0.1982,0.20308,1484388490.0,2025-06-11 12:00:00+00:00
1749657600000,0.20308,0.20397,0.19405,0.19496,1375581633.0,2025-06-11 16:00:00+00:00
1749672000000,0.19495,0.19716,0.19117,0.19284,924362072.0,2025-06-11 20:00:00+00:00
1749686400000,0.19284,0.19358,0.19001,0.19064,842124169.0,2025-06-12 00:00:00+00:00
1749700800000,0.19065,0.19124,0.18886,0.18944,716812577.0,2025-06-12 04:00:00+00:00
1749715200000,0.18943,0.19019,0.18629,0.18706,772568707.0,2025-06-12 08:00:00+00:00
1749729600000,0.18707,0.1898,0.1854,0.1858,1210007836.0,2025-06-12 12:00:00+00:00
1749744000000,0.18581,0.19003,0.18363,0.18465,1091710096.0,2025-06-12 16:00:00+00:00
1749758400000,0.18464,0.18559,0.1798,0.18103,1456041686.0,2025-06-12 20:00:00+00:00
1749772800000,0.18103,0.1814,0.16961,0.17426,3119627197.0,2025-06-13 00:00:00+00:00
1749787200000,0.17426,0.17447,0.1714,0.17428,908842841.0,2025-06-13 04:00:00+00:00
1749801600000,0.17427,0.17633,0.17305,0.17559,1017649210.0,2025-06-13 08:00:00+00:00
1749816000000,0.1756,0.1787,0.17365,0.17777,1316708183.0,2025-06-13 12:00:00+00:00
1749830400000,0.17777,0.17985,0.1755,0.17645,1326709384.0,2025-06-13 16:00:00+00:00
1749844800000,0.17645,0.18043,0.17604,0.18032,556774631.0,2025-06-13 20:00:00+00:00
1749859200000,0.18031,0.18036,0.17693,0.17772,672672386.0,2025-06-14 00:00:00+00:00
1749873600000,0.17772,0.17843,0.1755,0.17651,608614799.0,2025-06-14 04:00:00+00:00
1749888000000,0.17651,0.17787,0.17588,0.1778,447136406.0,2025-06-14 08:00:00+00:00
1749902400000,0.17779,0.1783,0.17561,0.17666,525221544.0,2025-06-14 12:00:00+00:00
1749916800000,0.17666,0.17822,0.17451,0.17602,777491540.0,2025-06-14 16:00:00+00:00
1749931200000,0.17601,0.17848,0.17509,0.17817,412944461.0,2025-06-14 20:00:00+00:00
1749945600000,0.17818,0.17862,0.17721,0.17756,325672321.0,2025-06-15 00:00:00+00:00
1749960000000,0.17756,0.17839,0.17515,0.1755,674351774.0,2025-06-15 04:00:00+00:00
1749974400000,0.1755,0.17562,0.17351,0.17416,816835926.0,2025-06-15 08:00:00+00:00
1749988800000,0.17415,0.17736,0.17376,0.17587,887092022.0,2025-06-15 12:00:00+00:00
1750003200000,0.17586,0.17674,0.17258,0.17356,575149314.0,2025-06-15 16:00:00+00:00
1750017600000,0.17357,0.17588,0.17126,0.17543,742387482.0,2025-06-15 20:00:00+00:00
1750032000000,0.17543,0.1769,0.1727,0.17585,877166744.0,2025-06-16 00:00:00+00:00
1750046400000,0.17585,0.17879,0.1758,0.17822,751980081.0,2025-06-16 04:00:00+00:00
1750060800000,0.17822,0.1783,0.17527,0.17663,643840205.0,2025-06-16 08:00:00+00:00
1750075200000,0.17664,0.17938,0.17617,0.17748,992669306.0,2025-06-16 12:00:00+00:00
1750089600000,0.17749,0.18112,0.17716,0.17983,819703495.0,2025-06-16 16:00:00+00:00
1750104000000,0.17983,0.18029,0.172,0.17261,1322074587.0,2025-06-16 20:00:00+00:00
1750118400000,0.1726,0.17602,0.16847,0.17518,1596924074.0,2025-06-17 00:00:00+00:00
1750132800000,0.17518,0.17542,0.173,0.17374,520111155.0,2025-06-17 04:00:00+00:00
1750147200000,0.17375,0.17402,0.1705,0.17129,679600935.0,2025-06-17 08:00:00+00:00
1750161600000,0.17129,0.17232,0.1664,0.1678,1226273872.0,2025-06-17 12:00:00+00:00
1750176000000,0.1678,0.17142,0.16381,0.1703,1585718690.0,2025-06-17 16:00:00+00:00
1750190400000,0.17031,0.17112,0.16827,0.16926,727509752.0,2025-06-17 20:00:00+00:00
1750204800000,0.16927,0.17169,0.16903,0.17058,532491361.0,2025-06-18 00:00:00+00:00
1750219200000,0.17058,0.17216,0.16988,0.17112,406134070.0,2025-06-18 04:00:00+00:00
1750233600000,0.17112,0.17165,0.16613,0.16864,790602270.0,2025-06-18 08:00:00+00:00
1750248000000,0.16863,0.16941,0.16398,0.16808,1377816981.0,2025-06-18 12:00:00+00:00
1750262400000,0.16808,0.16888,0.16516,0.16694,1186380127.0,2025-06-18 16:00:00+00:00
1750276800000,0.16694,0.17149,0.16613,0.17057,689252117.0,2025-06-18 20:00:00+00:00
1750291200000,0.17058,0.17195,0.16924,0.17083,507071093.0,2025-06-19 00:00:00+00:00
1750305600000,0.17083,0.17149,0.16982,0.1699,364800933.0,2025-06-19 04:00:00+00:00
1750320000000,0.16991,0.17076,0.16843,0.16887,539134991.0,2025-06-19 08:00:00+00:00
1750334400000,0.16887,0.1699,0.16762,0.16818,655383972.0,2025-06-19 12:00:00+00:00
1750348800000,0.16818,0.1709,0.16792,0.16968,641404937.0,2025-06-19 16:00:00+00:00
1750363200000,0.16968,0.1717,0.16917,0.17085,457033030.0,2025-06-19 20:00:00+00:00
1750377600000,0.17084,0.1715,0.16904,0.16922,417482681.0,2025-06-20 00:00:00+00:00
1750392000000,0.16922,0.17054,0.16703,0.17046,717590262.0,2025-06-20 04:00:00+00:00
1750406400000,0.17046,0.17133,0.16965,0.17071,526509204.0,2025-06-20 08:00:00+00:00
1750420800000,0.1707,0.1719,0.16544,0.16592,1423002511.0,2025-06-20 12:00:00+00:00
1750435200000,0.16593,0.16609,0.1582,0.16271,2287886450.0,2025-06-20 16:00:00+00:00
1750449600000,0.16271,0.16422,0.16088,0.16227,507796178.0,2025-06-20 20:00:00+00:00
1750464000000,0.16227,0.16375,0.1619,0.16329,341170600.0,2025-06-21 00:00:00+00:00
1750478400000,0.16328,0.16344,0.16244,0.16277,279230606.0,2025-06-21 04:00:00+00:00
1750492800000,0.16276,0.1643,0.16261,0.16323,329511888.0,2025-06-21 08:00:00+00:00
1750507200000,0.16322,0.16342,0.15893,0.16013,939654981.0,2025-06-21 12:00:00+00:00
1750521600000,0.16013,0.1609,0.15707,0.15731,704908497.0,2025-06-21 16:00:00+00:00
1750536000000,0.1573,0.15895,0.15,0.1544,1710954448.0,2025-06-21 20:00:00+00:00
1750550400000,0.1544,0.15763,0.15259,0.15456,1236660484.0,2025-06-22 00:00:00+00:00
1750564800000,0.15456,0.15726,0.15413,0.15623,771110415.0,2025-06-22 04:00:00+00:00
1750579200000,0.15623,0.15714,0.15348,0.15553,923328025.0,2025-06-22 08:00:00+00:00
1750593600000,0.15553,0.1563,0.14522,0.14616,3229380838.0,2025-06-22 12:00:00+00:00
1750608000000,0.14615,0.15048,0.14553,0.14735,1511466194.0,2025-06-22 16:00:00+00:00
1750622400000,0.14735,0.15169,0.14258,0.15118,1900108275.0,2025-06-22 20:00:00+00:00
1750636800000,0.15119,0.15298,0.15054,0.15211,735145434.0,2025-06-23 00:00:00+00:00
1750651200000,0.15211,0.15494,0.1518,0.15376,755117908.0,2025-06-23 04:00:00+00:00
1750665600000,0.15375,0.15447,0.15111,0.1521,640342126.0,2025-06-23 08:00:00+00:00
1750680000000,0.15211,0.15645,0.15098,0.15237,2036809912.0,2025-06-23 12:00:00+00:00
1750694400000,0.15236,0.15771,0.14854,0.15712,2407917498.0,2025-06-23 16:00:00+00:00
1750708800000,0.15712,0.16533,0.15676,0.16371,1873912042.0,2025-06-23 20:00:00+00:00
1750723200000,0.16371,0.16434,0.16181,0.16283,808444380.0,2025-06-24 00:00:00+00:00
1750737600000,0.16283,0.16763,0.16239,0.16306,1261741411.0,2025-06-24 04:00:00+00:00
1750752000000,0.16305,0.16517,0.16217,0.1635,861987803.0,2025-06-24 08:00:00+00:00
1750766400000,0.16351,0.16474,0.1616,0.1635,1035973176.0,2025-06-24 12:00:00+00:00
1750780800000,0.1635,0.16643,0.16262,0.16358,842311170.0,2025-06-24 16:00:00+00:00
1750795200000,0.16357,0.16571,0.16341,0.16564,381098803.0,2025-06-24 20:00:00+00:00
1750809600000,0.16563,0.16696,0.16444,0.16526,583318100.0,2025-06-25 00:00:00+00:00
1750824000000,0.16526,0.16742,0.16419,0.16623,557105970.0,2025-06-25 04:00:00+00:00
1750838400000,0.16622,0.16648,0.16415,0.16553,732180100.0,2025-06-25 08:00:00+00:00
1750852800000,0.16553,0.16764,0.16247,0.1629,1434166937.0,2025-06-25 12:00:00+00:00
1750867200000,0.1629,0.16649,0.16288,0.16595,742712029.0,2025-06-25 16:00:00+00:00
1750881600000,0.16594,0.16684,0.16341,0.16451,480259236.0,2025-06-25 20:00:00+00:00
1750896000000,0.1645,0.16809,0.16383,0.16586,856662498.0,2025-06-26 00:00:00+00:00
1750910400000,0.16586,0.16597,0.16377,0.16478,595662794.0,2025-06-26 04:00:00+00:00
1750924800000,0.16477,0.16539,0.16103,0.16147,966887097.0,2025-06-26 08:00:00+00:00
1750939200000,0.16148,0.16179,0.15782,0.16001,1527124166.0,2025-06-26 12:00:00+00:00
1750953600000,0.16001,0.16126,0.15912,0.1609,544115035.0,2025-06-26 16:00:00+00:00
1750968000000,0.1609,0.16365,0.15906,0.15993,800611455.0,2025-06-26 20:00:00+00:00
1750982400000,0.15994,0.16262,0.158,0.16213,650412903.0,2025-06-27 00:00:00+00:00
1750996800000,0.16212,0.16257,0.16042,0.16071,449137907.0,2025-06-27 04:00:00+00:00
1751011200000,0.16072,0.16208,0.16008,0.16045,458771070.0,2025-06-27 08:00:00+00:00
1751025600000,0.16045,0.16166,0.15813,0.16103,986991088.0,2025-06-27 12:00:00+00:00
1751040000000,0.16103,0.16335,0.15693,0.15903,1053740874.0,2025-06-27 16:00:00+00:00
1751054400000,0.15903,0.16156,0.1588,0.16097,488211969.0,2025-06-27 20:00:00+00:00
1751068800000,0.16098,0.16239,0.16032,0.16197,370509228.0,2025-06-28 00:00:00+00:00
1751083200000,0.16198,0.16333,0.16153,0.16319,328817735.0,2025-06-28 04:00:00+00:00
1751097600000,0.16319,0.16339,0.16202,0.16212,413788237.0,2025-06-28 08:00:00+00:00
1751112000000,0.16211,0.16319,0.16122,0.16287,378515560.0,2025-06-28 12:00:00+00:00
1751126400000,0.16287,0.16495,0.16241,0.16351,624069866.0,2025-06-28 16:00:00+00:00
1751140800000,0.16351,0.16455,0.16301,0.16357,255591584.0,2025-06-28 20:00:00+00:00
1751155200000,0.16357,0.16421,0.16251,0.16266,328446166.0,2025-06-29 00:00:00+00:00
1751169600000,0.16265,0.16404,0.16252,0.16387,237183831.0,2025-06-29 04:00:00+00:00
1751184000000,0.16386,0.16505,0.16351,0.16451,485693100.0,2025-06-29 08:00:00+00:00
1751198400000,0.16451,0.16504,0.16311,0.16326,527322416.0,2025-06-29 12:00:00+00:00
1751212800000,0.16326,0.16479,0.16307,0.16406,420918947.0,2025-06-29 16:00:00+00:00
1751227200000,0.16406,0.16999,0.16315,0.16938,1267731616.0,2025-06-29 20:00:00+00:00
1751241600000,0.16937,0.16986,0.16658,0.16736,770175094.0,2025-06-30 00:00:00+00:00
1751256000000,0.16736,0.16788,0.1642,0.16575,742017149.0,2025-06-30 04:00:00+00:00
1751270400000,0.16574,0.16603,0.16442,0.16469,507087494.0,2025-06-30 08:00:00+00:00
1751284800000,0.16469,0.16575,0.16215,0.16485,1398476860.0,2025-06-30 12:00:00+00:00
1751299200000,0.16484,0.16777,0.16407,0.16747,849758592.0,2025-06-30 16:00:00+00:00
1751313600000,0.16749,0.16788,0.16472,0.16509,530744566.0,2025-06-30 20:00:00+00:00
1751328000000,0.16509,0.16622,0.16393,0.16487,474339007.0,2025-07-01 00:00:00+00:00
1751342400000,0.16487,0.16488,0.1611,0.16247,826328544.0,2025-07-01 04:00:00+00:00
1751356800000,0.16246,0.16246,0.16055,0.16077,703366369.0,2025-07-01 08:00:00+00:00
1751371200000,0.16077,0.1611,0.15837,0.15928,1290220857.0,2025-07-01 12:00:00+00:00
1751385600000,0.15929,0.15982,0.15731,0.1579,680641630.0,2025-07-01 16:00:00+00:00
1751400000000,0.1579,0.15885,0.15667,0.15769,536535365.0,2025-07-01 20:00:00+00:00
1751414400000,0.15769,0.15947,0.15645,0.15935,614968575.0,2025-07-02 00:00:00+00:00
1751428800000,0.15934,0.16166,0.15904,0.16077,611822412.0,2025-07-02 04:00:00+00:00
1751443200000,0.16077,0.16221,0.16077,0.1611,613214102.0,2025-07-02 08:00:00+00:00
1751457600000,0.1611,0.16591,0.15995,0.16572,1397558249.0,2025-07-02 12:00:00+00:00
1751472000000,0.16572,0.17263,0.16566,0.1709,2976475529.0,2025-07-02 16:00:00+00:00
1751486400000,0.1709,0.1723,0.16839,0.16866,788331268.0,2025-07-02 20:00:00+00:00
1751500800000,0.16866,0.16986,0.1673,0.16857,806301660.0,2025-07-03 00:00:00+00:00
1751515200000,0.16857,0.17516,0.16834,0.17444,1357911579.0,2025-07-03 04:00:00+00:00
1751529600000,0.17445,0.17538,0.1728,0.1736,806462957.0,2025-07-03 08:00:00+00:00
1751544000000,0.1736,0.17519,0.16843,0.16956,2276222417.0,2025-07-03 12:00:00+00:00
1751558400000,0.16956,0.17209,0.16895,0.17174,629906128.0,2025-07-03 16:00:00+00:00
1751572800000,0.17174,0.17277,0.17172,0.17194,306044113.0,2025-07-03 20:00:00+00:00
1751587200000,0.17195,0.1729,0.17004,0.17078,622227456.0,2025-07-04 00:00:00+00:00
1751601600000,0.17078,0.17114,0.16633,0.16655,896103859.0,2025-07-04 04:00:00+00:00
1751616000000,0.16654,0.16771,0.16476,0.16657,985937772.0,2025-07-04 08:00:00+00:00
1751630400000,0.16657,0.16723,0.16249,0.16307,1421222869.0,2025-07-04 12:00:00+00:00
1751644800000,0.16307,0.16329,0.16115,0.16188,1499332371.0,2025-07-04 16:00:00+00:00
1751659200000,0.16188,0.16422,0.16168,0.16279,535235894.0,2025-07-04 20:00:00+00:00
1751673600000,0.1628,0.1646,0.16187,0.16427,627791407.0,2025-07-05 00:00:00+00:00
1751688000000,0.16428,0.16499,0.16319,0.16435,385533928.0,2025-07-05 04:00:00+00:00
1751702400000,0.16435,0.16493,0.16307,0.16403,367034630.0,2025-07-05 08:00:00+00:00
1751716800000,0.16403,0.16442,0.16274,0.16294,444991733.0,2025-07-05 12:00:00+00:00
1751731200000,0.16294,0.16363,0.16207,0.16333,416802175.0,2025-07-05 16:00:00+00:00
1751745600000,0.16333,0.16462,0.16312,0.16413,260649992.0,2025-07-05 20:00:00+00:00
1751760000000,0.16414,0.16443,0.1632,0.16369,314851713.0,2025-07-06 00:00:00+00:00
1751774400000,0.16369,0.16426,0.16303,0.16373,288363735.0,2025-07-06 04:00:00+00:00
1751788800000,0.16373,0.1655,0.16305,0.16541,634329102.0,2025-07-06 08:00:00+00:00
1751803200000,0.16542,0.1752,0.16495,0.17011,2598493527.0,2025-07-06 12:00:00+00:00
1751817600000,0.17012,0.17099,0.16735,0.16938,809535683.0,2025-07-06 16:00:00+00:00
1751832000000,0.16937,0.17387,0.16935,0.17188,1027509079.0,2025-07-06 20:00:00+00:00
1751846400000,0.17188,0.17715,0.17011,0.17498,1345603416.0,2025-07-07 00:00:00+00:00
1751860800000,0.17499,0.17588,0.17163,0.17314,958464304.0,2025-07-07 04:00:00+00:00
1751875200000,0.17314,0.17331,0.1704,0.17087,718657524.0,2025-07-07 08:00:00+00:00
1751889600000,0.17087,0.17091,0.16784,0.16846,1442340559.0,2025-07-07 12:00:00+00:00
1751904000000,0.16846,0.16904,0.16621,0.16784,1238361588.0,2025-07-07 16:00:00+00:00
1751918400000,0.16783,0.16798,0.16558,0.16782,540728077.0,2025-07-07 20:00:00+00:00
1751932800000,0.16783,0.16868,0.16581,0.16789,822008595.0,2025-07-08 00:00:00+00:00
1751947200000,0.16789,0.16886,0.16724,0.16869,420651586.0,2025-07-08 04:00:00+00:00
1751961600000,0.1687,0.17188,0.16791,0.17088,1131799746.0,2025-07-08 08:00:00+00:00
1751976000000,0.17089,0.17182,0.16826,0.16919,965520105.0,2025-07-08 12:00:00+00:00
1751990400000,0.16919,0.17196,0.16848,0.17064,747261965.0,2025-07-08 16:00:00+00:00
1752004800000,0.17063,0.17124,0.16981,0.17085,302525215.0,2025-07-08 20:00:00+00:00
1752019200000,0.17084,0.17239,0.16981,0.17037,741949185.0,2025-07-09 00:00:00+00:00
1752033600000,0.17037,0.17356,0.1701,0.17184,705497651.0,2025-07-09 04:00:00+00:00
1752048000000,0.17185,0.17377,0.17104,0.17322,514573827.0,2025-07-09 08:00:00+00:00
1752062400000,0.17323,0.17474,0.17115,0.17295,1449102919.0,2025-07-09 12:00:00+00:00
1752076800000,0.17295,0.17767,0.1722,0.17689,1292483347.0,2025-07-09 16:00:00+00:00
1752091200000,0.17689,0.18667,0.17516,0.18051,2360029717.0,2025-07-09 20:00:00+00:00
1752105600000,0.18052,0.18167,0.17872,0.18023,682826244.0,2025-07-10 00:00:00+00:00
1752120000000,0.18023,0.1824,0.17935,0.18164,649463328.0,2025-07-10 04:00:00+00:00
1752134400000,0.18163,0.18269,0.18035,0.18057,675562021.0,2025-07-10 08:00:00+00:00
1752148800000,0.18057,0.18098,0.17877,0.1805,863211687.0,2025-07-10 12:00:00+00:00
1752163200000,0.1805,0.18732,0.18007,0.1857,1615572358.0,2025-07-10 16:00:00+00:00
1752177600000,0.1857,0.19635,0.18567,0.195,2115884005.0,2025-07-10 20:00:00+00:00
1752192000000,0.19501,0.1992,0.19115,0.19822,1564861041.0,2025-07-11 00:00:00+00:00
1752206400000,0.19821,0.20136,0.19494,0.19641,1828216944.0,2025-07-11 04:00:00+00:00
1752220800000,0.19642,0.2005,0.19641,0.19897,1242727216.0,2025-07-11 08:00:00+00:00
1752235200000,0.19897,0.20948,0.19777,0.20123,3600460878.0,2025-07-11 12:00:00+00:00
1752249600000,0.20123,0.21373,0.19923,0.21169,3002638516.0,2025-07-11 16:00:00+00:00
1752264000000,0.21168,0.21169,0.19624,0.20103,1950508835.0,2025-07-11 20:00:00+00:00
1752278400000,0.20103,0.20654,0.19766,0.20389,1272734974.0,2025-07-12 00:00:00+00:00
1752292800000,0.2039,0.20476,0.20034,0.20116,938852037.0,2025-07-12 04:00:00+00:00
1752307200000,0.20117,0.2028,0.19914,0.20042,947622237.0,2025-07-12 08:00:00+00:00
1752321600000,0.20042,0.20073,0.19184,0.19308,2164919419.0,2025-07-12 12:00:00+00:00
1752336000000,0.19307,0.19815,0.1921,0.19742,868118025.0,2025-07-12 16:00:00+00:00
1752350400000,0.19743,0.19784,0.19405,0.19732,591030094.0,2025-07-12 20:00:00+00:00
1752364800000,0.19731,0.19938,0.19622,0.19847,705261280.0,2025-07-13 00:00:00+00:00
1752379200000,0.19848,0.19984,0.19733,0.19931,633257312.0,2025-07-13 04:00:00+00:00
1752393600000,0.19932,0.19932,0.19635,0.19882,697018686.0,2025-07-13 08:00:00+00:00
1752408000000,0.19882,0.20406,0.19818,0.20006,1891768103.0,2025-07-13 12:00:00+00:00
1752422400000,0.20007,0.20335,0.19771,0.20116,885688333.0,2025-07-13 16:00:00+00:00
1752436800000,0.20116,0.20189,0.19565,0.19843,921452264.0,2025-07-13 20:00:00+00:00
1752451200000,0.19844,0.20664,0.19755,0.2045,1442588060.0,2025-07-14 00:00:00+00:00
1752465600000,0.2045,0.21094,0.20314,0.20762,2105237307.0,2025-07-14 04:00:00+00:00
1752480000000,0.20763,0.20924,0.20461,0.20558,1467841373.0,2025-07-14 08:00:00+00:00
1752494400000,0.20558,0.2071,0.19799,0.19926,1860382222.0,2025-07-14 12:00:00+00:00
1752508800000,0.19926,0.20154,0.19705,0.19835,1204200770.0,2025-07-14 16:00:00+00:00
1752523200000,0.19835,0.19849,0.19441,0.19736,819384507.0,2025-07-14 20:00:00+00:00
1752537600000,0.19737,0.19834,0.18843,0.19031,2125582196.0,2025-07-15 00:00:00+00:00
1752552000000,0.19031,0.19246,0.18856,0.19067,951069354.0,2025-07-15 04:00:00+00:00
1752566400000,0.19067,0.19269,0.18952,0.19193,910297308.0,2025-07-15 08:00:00+00:00
1752580800000,0.19193,0.19563,0.18919,0.19264,2401752011.0,2025-07-15 12:00:00+00:00
1752595200000,0.19264,0.19843,0.19153,0.19185,1818463445.0,2025-07-15 16:00:00+00:00
1752609600000,0.19185,0.19936,0.19115,0.19916,820815566.0,2025-07-15 20:00:00+00:00
1752624000000,0.19915,0.2023,0.1958,0.19701,1184231657.0,2025-07-16 00:00:00+00:00
1752638400000,0.19701,0.19987,0.1955,0.19906,765122056.0,2025-07-16 04:00:00+00:00
1752652800000,0.19906,0.20225,0.19831,0.2008,983293223.0,2025-07-16 08:00:00+00:00
1752667200000,0.20078,0.20675,0.1993,0.20324,2138324497.0,2025-07-16 12:00:00+00:00
1752681600000,0.20325,0.21075,0.20227,0.20874,1715944665.0,2025-07-16 16:00:00+00:00
1752696000000,0.20873,0.22083,0.20847,0.2127,2650338078.0,2025-07-16 20:00:00+00:00
1752710400000,0.21271,0.21778,0.20657,0.20818,2134727785.0,2025-07-17 00:00:00+00:00
1752724800000,0.20817,0.21391,0.20733,0.212,1426193579.0,2025-07-17 04:00:00+00:00
1752739200000,0.212,0.21716,0.21137,0.21575,1663031378.0,2025-07-17 08:00:00+00:00
1752753600000,0.21574,0.21867,0.20909,0.21382,2234996197.0,2025-07-17 12:00:00+00:00
1752768000000,0.2138,0.21574,0.20805,0.21143,1980294633.0,2025-07-17 16:00:00+00:00
1752782400000,0.21142,0.2224,0.20769,0.21826,2576145254.0,2025-07-17 20:00:00+00:00
1752796800000,0.21827,0.23794,0.21617,0.23642,3329390664.0,2025-07-18 00:00:00+00:00
1752811200000,0.23641,0.24928,0.23358,0.23927,4088142068.0,2025-07-18 04:00:00+00:00
1752825600000,0.23927,0.24293,0.23608,0.24012,2447667529.0,2025-07-18 08:00:00+00:00
1752840000000,0.24012,0.25439,0.23441,0.23723,5566761886.0,2025-07-18 12:00:00+00:00
1752854400000,0.23722,0.24101,0.23122,0.23411,2424168029.0,2025-07-18 16:00:00+00:00
1752868800000,0.23412,0.23666,0.22708,0.23576,2153255573.0,2025-07-18 20:00:00+00:00
1752883200000,0.23577,0.25204,0.23553,0.2493,2809271972.0,2025-07-19 00:00:00+00:00
1752897600000,0.2493,0.25705,0.24876,0.25375,3086700073.0,2025-07-19 04:00:00+00:00
1752912000000,0.25375,0.25806,0.24426,0.24497,3129004628.0,2025-07-19 08:00:00+00:00
1752926400000,0.24497,0.24752,0.23908,0.24233,2636586046.0,2025-07-19 12:00:00+00:00
1752940800000,0.24232,0.24407,0.23954,0.24263,1286887275.0,2025-07-19 16:00:00+00:00
1752955200000,0.24264,0.24322,0.2374,0.24136,1057565924.0,2025-07-19 20:00:00+00:00
1752969600000,0.24136,0.25716,0.23992,0.25519,3040864692.0,2025-07-20 00:00:00+00:00
1752984000000,0.25519,0.25784,0.24878,0.25139,1649852956.0,2025-07-20 04:00:00+00:00
1752998400000,0.2514,0.2558,0.2502,0.25158,1397585470.0,2025-07-20 08:00:00+00:00
1753012800000,0.25157,0.25526,0.25,0.25417,1709692001.0,2025-07-20 12:00:00+00:00
1753027200000,0.25418,0.27837,0.25416,0.2739,5471112825.0,2025-07-20 16:00:00+00:00
1753041600000,0.2739,0.27752,0.2625,0.27379,3490327066.0,2025-07-20 20:00:00+00:00
1753056000000,0.27378,0.27813,0.26426,0.27133,3091638244.0,2025-07-21 00:00:00+00:00
1753070400000,0.27134,0.27892,0.26903,0.27356,1917482016.0,2025-07-21 04:00:00+00:00
1753084800000,0.27357,0.27985,0.26712,0.27114,2732762571.0,2025-07-21 08:00:00+00:00
1753099200000,0.27114,0.28644,0.26931,0.28232,3987941654.0,2025-07-21 12:00:00+00:00
1753113600000,0.28233,0.28767,0.26751,0.26877,5059596885.0,2025-07-21 16:00:00+00:00
1753128000000,0.26878,0.27378,0.26553,0.2714,1507035206.0,2025-07-21 20:00:00+00:00
1753142400000,0.2714,0.27494,0.263,0.26606,3256013036.0,2025-07-22 00:00:00+00:00
1753156800000,0.26607,0.26956,0.25729,0.26656,2730687412.0,2025-07-22 04:00:00+00:00
1753171200000,0.26655,0.26905,0.26298,0.26712,1776538187.0,2025-07-22 08:00:00+00:00
1753185600000,0.26713,0.26897,0.25917,0.26659,2494680914.0,2025-07-22 12:00:00+00:00
1753200000000,0.26658,0.27038,0.258,0.25978,1614299397.0,2025-07-22 16:00:00+00:00
1753214400000,0.25976,0.2713,0.25919,0.27107,1082695310.0,2025-07-22 20:00:00+00:00
1753228800000,0.27108,0.27125,0.26364,0.26434,1217061637.0,2025-07-23 00:00:00+00:00
1753243200000,0.26434,0.26712,0.25851,0.26015,1145230934.0,2025-07-23 04:00:00+00:00
1753257600000,0.26015,0.26166,0.2535,0.25591,1969833348.0,2025-07-23 08:00:00+00:00
1753272000000,0.25592,0.25632,0.24037,0.24965,4467974000.0,2025-07-23 12:00:00+00:00
1753286400000,0.24966,0.24967,0.23702,0.24221,2647476442.0,2025-07-23 16:00:00+00:00
1753300800000,0.2422,0.24409,0.23011,0.24072,2702351781.0,2025-07-23 20:00:00+00:00
1753315200000,0.24072,0.24663,0.23844,0.24296,1639992976.0,2025-07-24 00:00:00+00:00
1753329600000,0.24297,0.24426,0.22164,0.23292,4466289584.0,2025-07-24 04:00:00+00:00
1753344000000,0.23291,0.23983,0.23118,0.23863,1981489129.0,2025-07-24 08:00:00+00:00
1753358400000,0.23863,0.245,0.23259,0.24,2922363158.0,2025-07-24 12:00:00+00:00
1753372800000,0.24,0.24154,0.23369,0.23817,1556046633.0,2025-07-24 16:00:00+00:00
1753387200000,0.23815,0.24087,0.231,0.23208,1019066695.0,2025-07-24 20:00:00+00:00
1753401600000,0.23208,0.23235,0.22222,0.22537,2274264932.0,2025-07-25 00:00:00+00:00
1753416000000,0.22537,0.22987,0.22261,0.22583,1840872970.0,2025-07-25 04:00:00+00:00
1753430400000,0.22584,0.23327,0.22519,0.23101,1720601507.0,2025-07-25 08:00:00+00:00
1753444800000,0.23101,0.23275,0.22082,0.22426,2116920748.0,2025-07-25 12:00:00+00:00
1753459200000,0.22428,0.22921,0.22213,0.2271,977417520.0,2025-07-25 16:00:00+00:00
1753473600000,0.22711,0.23691,0.22695,0.23662,1087753084.0,2025-07-25 20:00:00+00:00
1753488000000,0.23662,0.23884,0.23289,0.23656,987423804.0,2025-07-26 00:00:00+00:00
1753502400000,0.23656,0.23886,0.2364,0.23688,553142677.0,2025-07-26 04:00:00+00:00
1753516800000,0.23689,0.24004,0.23561,0.23662,924643004.0,2025-07-26 08:00:00+00:00
1753531200000,0.23662,0.23991,0.23535,0.23866,867540798.0,2025-07-26 12:00:00+00:00
1753545600000,0.23866,0.23981,0.23439,0.23897,906873436.0,2025-07-26 16:00:00+00:00
1753560000000,0.23897,0.24025,0.2351,0.23537,609510168.0,2025-07-26 20:00:00+00:00
1753574400000,0.23537,0.23993,0.23482,0.23913,792142417.0,2025-07-27 00:00:00+00:00
1753588800000,0.23914,0.24327,0.23615,0.23688,1161217117.0,2025-07-27 04:00:00+00:00
1753603200000,0.23688,0.23938,0.23414,0.23642,1171925724.0,2025-07-27 08:00:00+00:00
1753617600000,0.23642,0.23909,0.23437,0.23665,1076336866.0,2025-07-27 12:00:00+00:00
1753632000000,0.23666,0.24181,0.23651,0.23953,1584971175.0,2025-07-27 16:00:00+00:00
1753646400000,0.23953,0.24369,0.23743,0.24059,1098044574.0,2025-07-27 20:00:00+00:00
1753660800000,0.24059,0.2457,0.23774,0.24469,1751737415.0,2025-07-28 00:00:00+00:00
1753675200000,0.2447,0.2485,0.24132,0.24319,1409475828.0,2025-07-28 04:00:00+00:00
1753689600000,0.24318,0.24401,0.23953,0.24148,995467085.0,2025-07-28 08:00:00+00:00
1753704000000,0.24148,0.24277,0.23048,0.23213,2366095714.0,2025-07-28 12:00:00+00:00
1753718400000,0.23213,0.23379,0.22736,0.22954,1401384967.0,2025-07-28 16:00:00+00:00
1753732800000,0.22955,0.22979,0.22411,0.22606,1119207984.0,2025-07-28 20:00:00+00:00
1753747200000,0.22607,0.22834,0.22209,0.22686,1515437575.0,2025-07-29 00:00:00+00:00
1753761600000,0.22687,0.23268,0.22553,0.23171,1161012430.0,2025-07-29 04:00:00+00:00
1753776000000,0.23172,0.23215,0.22523,0.22752,1013191611.0,2025-07-29 08:00:00+00:00
1753790400000,0.22753,0.23092,0.22049,0.22255,2074511281.0,2025-07-29 12:00:00+00:00
1753804800000,0.22255,0.22446,0.21728,0.22135,1721669781.0,2025-07-29 16:00:00+00:00
1753819200000,0.22134,0.22429,0.21923,0.22381,745611547.0,2025-07-29 20:00:00+00:00
1753833600000,0.22381,0.22645,0.22099,0.22431,778440229.0,2025-07-30 00:00:00+00:00
1753848000000,0.22432,0.22507,0.22116,0.22185,778482925.0,2025-07-30 04:00:00+00:00
1753862400000,0.22185,0.22345,0.21465,0.21599,1692548802.0,2025-07-30 08:00:00+00:00
1753876800000,0.21599,0.223,0.21414,0.22133,2234606340.0,2025-07-30 12:00:00+00:00
1753891200000,0.22134,0.22439,0.20871,0.21722,2699921917.0,2025-07-30 16:00:00+00:00
1753905600000,0.21721,0.2205,0.2153,0.21988,985322293.0,2025-07-30 20:00:00+00:00
1753920000000,0.21987,0.22375,0.2189,0.22296,730118239.0,2025-07-31 00:00:00+00:00
1753934400000,0.22296,0.22425,0.22197,0.22346,597775266.0,2025-07-31 04:00:00+00:00
1753948800000,0.22347,0.22558,0.22136,0.22216,766826586.0,2025-07-31 08:00:00+00:00
1753963200000,0.22216,0.22251,0.21453,0.2175,2143739069.0,2025-07-31 12:00:00+00:00
1753977600000,0.21749,0.22129,0.21268,0.21368,1787521464.0,2025-07-31 16:00:00+00:00
1753992000000,0.21368,0.2146,0.208,0.20966,1281608425.0,2025-07-31 20:00:00+00:00
1754006400000,0.20967,0.21048,0.2032,0.20903,2088423317.0,2025-08-01 00:00:00+00:00
1754020800000,0.20903,0.20903,0.20379,0.20589,1263296095.0,2025-08-01 04:00:00+00:00
1754035200000,0.20589,0.20747,0.20076,0.20741,1578064371.0,2025-08-01 08:00:00+00:00
1754049600000,0.20741,0.2102,0.20182,0.20953,2349687438.0,2025-08-01 12:00:00+00:00
1754064000000,0.20952,0.2125,0.20369,0.20831,1967985385.0,2025-08-01 16:00:00+00:00
1754078400000,0.2083,0.20877,0.19511,0.20085,2691148137.0,2025-08-01 20:00:00+00:00
1754092800000,0.20085,0.20289,0.20006,0.20221,684754095.0,2025-08-02 00:00:00+00:00
1754107200000,0.2022,0.2034,0.19437,0.20008,1477042875.0,2025-08-02 04:00:00+00:00
1754121600000,0.20009,0.20096,0.19711,0.19962,963469723.0,2025-08-02 08:00:00+00:00
1754136000000,0.19963,0.2,0.19351,0.19446,1470285412.0,2025-08-02 12:00:00+00:00
1754150400000,0.19447,0.19727,0.1895,0.19232,2404962797.0,2025-08-02 16:00:00+00:00
1754164800000,0.19232,0.19467,0.18932,0.19093,1331115782.0,2025-08-02 20:00:00+00:00
1754179200000,0.19094,0.19638,0.18851,0.19569,1541892210.0,2025-08-03 00:00:00+00:00
1754193600000,0.19569,0.19684,0.19487,0.19619,550122439.0,2025-08-03 04:00:00+00:00
1754208000000,0.1962,0.19944,0.19546,0.19769,832906095.0,2025-08-03 08:00:00+00:00
1754222400000,0.1977,0.19922,0.19667,0.19884,891138188.0,2025-08-03 12:00:00+00:00
1754236800000,0.19885,0.20022,0.19775,0.19884,727961913.0,2025-08-03 16:00:00+00:00
1754251200000,0.19884,0.2004,0.19784,0.19866,504502734.0,2025-08-03 20:00:00+00:00
1754265600000,0.19866,0.20297,0.19837,0.20159,1138193412.0,2025-08-04 00:00:00+00:00
1754280000000,0.20159,0.20375,0.19947,0.20301,1016489019.0,2025-08-04 04:00:00+00:00
1754294400000,0.203,0.20398,0.2002,0.20094,866496863.0,2025-08-04 08:00:00+00:00
1754308800000,0.20095,0.20619,0.20038,0.20374,1571460260.0,2025-08-04 12:00:00+00:00
1754323200000,0.20374,0.2097,0.20374,0.20456,1295205324.0,2025-08-04 16:00:00+00:00
1754337600000,0.20456,0.21119,0.20424,0.21031,898715562.0,2025-08-04 20:00:00+00:00
1754352000000,0.21031,0.21097,0.20602,0.20633,917030230.0,2025-08-05 00:00:00+00:00
1754366400000,0.20634,0.20738,0.20144,0.20179,1227000085.0,2025-08-05 04:00:00+00:00
1754380800000,0.20178,0.20879,0.2012,0.20738,999322160.0,2025-08-05 08:00:00+00:00
1754395200000,0.20737,0.20759,0.19719,0.19814,2358642424.0,2025-08-05 12:00:00+00:00
1754409600000,0.19814,0.20003,0.19679,0.19774,974657799.0,2025-08-05 16:00:00+00:00
1754424000000,0.19775,0.20024,0.19591,0.19971,732913641.0,2025-08-05 20:00:00+00:00
1754438400000,0.19971,0.19976,0.19596,0.19632,690528684.0,2025-08-06 00:00:00+00:00
1754452800000,0.19632,0.2023,0.19551,0.20126,1178893449.0,2025-08-06 04:00:00+00:00
1754467200000,0.20126,0.20193,0.19864,0.20042,891663917.0,2025-08-06 08:00:00+00:00
1754481600000,0.20042,0.20568,0.19843,0.20514,1398222970.0,2025-08-06 12:00:00+00:00
1754496000000,0.20514,0.20709,0.20309,0.20575,917893909.0,2025-08-06 16:00:00+00:00
1754510400000,0.20575,0.20578,0.20438,0.20519,329008343.0,2025-08-06 20:00:00+00:00
1754524800000,0.20518,0.20652,0.20323,0.20384,697999183.0,2025-08-07 00:00:00+00:00
1754539200000,0.20383,0.20655,0.20374,0.20568,483664469.0,2025-08-07 04:00:00+00:00
1754553600000,0.20568,0.2148,0.20518,0.21412,1693715088.0,2025-08-07 08:00:00+00:00
1754568000000,0.21411,0.21599,0.21226,0.21426,1453325303.0,2025-08-07 12:00:00+00:00
1754582400000,0.21425,0.21827,0.21005,0.21714,1393074379.0,2025-08-07 16:00:00+00:00
1754596800000,0.21715,0.22294,0.21622,0.22216,1263183540.0,2025-08-07 20:00:00+00:00
1754611200000,0.22217,0.2248,0.21945,0.2228,2005015037.0,2025-08-08 00:00:00+00:00
1754625600000,0.2228,0.22507,0.21956,0.22443,1022352652.0,2025-08-08 04:00:00+00:00
1754640000000,0.22442,0.22678,0.2214,0.22351,1059698658.0,2025-08-08 08:00:00+00:00
1754654400000,0.22351,0.22939,0.2195,0.22116,1999528377.0,2025-08-08 12:00:00+00:00
1754668800000,0.22116,0.22981,0.22068,0.22905,1528084295.0,2025-08-08 16:00:00+00:00
1754683200000,0.22905,0.23245,0.22702,0.23032,922362033.0,2025-08-08 20:00:00+00:00
1754697600000,0.23033,0.23377,0.22962,0.23016,781426468.0,2025-08-09 00:00:00+00:00
1754712000000,0.23017,0.23665,0.22967,0.23571,1413649017.0,2025-08-09 04:00:00+00:00
1754726400000,0.2357,0.2387,0.23501,0.23767,1156842026.0,2025-08-09 08:00:00+00:00
1754740800000,0.23767,0.24448,0.23575,0.24065,2374556272.0,2025-08-09 12:00:00+00:00
1754755200000,0.24065,0.24673,0.24017,0.24294,1945685660.0,2025-08-09 16:00:00+00:00
1754769600000,0.24294,0.24502,0.23935,0.23989,1217553538.0,2025-08-09 20:00:00+00:00
1754784000000,0.2399,0.24346,0.23869,0.24255,1171188888.0,2025-08-10 00:00:00+00:00
1754798400000,0.24256,0.24345,0.23128,0.23235,1820217349.0,2025-08-10 04:00:00+00:00
1754812800000,0.23234,0.23445,0.22937,0.23092,1565955417.0,2025-08-10 08:00:00+00:00
1754827200000,0.23093,0.23479,0.22946,0.23252,1265406661.0,2025-08-10 12:00:00+00:00
1754841600000,0.23252,0.23547,0.23202,0.23488,632620225.0,2025-08-10 16:00:00+00:00
1754856000000,0.23489,0.23507,0.231,0.23377,751851373.0,2025-08-10 20:00:00+00:00
1754870400000,0.23378,0.24168,0.2321,0.23922,1655010486.0,2025-08-11 00:00:00+00:00
1754884800000,0.23922,0.24122,0.23311,0.23333,1321516024.0,2025-08-11 04:00:00+00:00
1754899200000,0.23333,0.23664,0.22681,0.22824,2054977919.0,2025-08-11 08:00:00+00:00
1754913600000,0.22823,0.2315,0.22555,0.23141,2378733842.0,2025-08-11 12:00:00+00:00
1754928000000,0.23141,0.23371,0.22588,0.22738,1534145371.0,2025-08-11 16:00:00+00:00
1754942400000,0.22738,0.22783,0.22111,0.22198,1294032212.0,2025-08-11 20:00:00+00:00
1754956800000,0.22198,0.22741,0.22178,0.22443,927545538.0,2025-08-12 00:00:00+00:00
1754971200000,0.22442,0.22635,0.22115,0.22512,917596375.0,2025-08-12 04:00:00+00:00
1754985600000,0.22512,0.22554,0.21854,0.22139,1258084767.0,2025-08-12 08:00:00+00:00
1755000000000,0.22139,0.22983,0.22053,0.22944,2416830913.0,2025-08-12 12:00:00+00:00
1755014400000,0.22945,0.23603,0.2279,0.23564,1650237240.0,2025-08-12 16:00:00+00:00
1755028800000,0.23565,0.23829,0.23462,0.23571,1228359951.0,2025-08-12 20:00:00+00:00
1755043200000,0.23572,0.23996,0.23131,0.23808,2002219692.0,2025-08-13 00:00:00+00:00
1755057600000,0.23808,0.24495,0.23444,0.24484,2059493690.0,2025-08-13 04:00:00+00:00
1755072000000,0.24484,0.25056,0.2444,0.24656,2776025374.0,2025-08-13 08:00:00+00:00
1755086400000,0.24657,0.24864,0.2392,0.24118,2827594641.0,2025-08-13 12:00:00+00:00
1755100800000,0.24119,0.24424,0.2402,0.24383,1295347663.0,2025-08-13 16:00:00+00:00
1755115200000,0.24383,0.24619,0.24188,0.24478,899248607.0,2025-08-13 20:00:00+00:00
1755129600000,0.24478,0.25578,0.24257,0.25269,2358719942.0,2025-08-14 00:00:00+00:00
1755144000000,0.25269,0.25458,0.24356,0.24515,2323768693.0,2025-08-14 04:00:00+00:00
1755158400000,0.24515,0.24524,0.23616,0.23803,1947235363.0,2025-08-14 08:00:00+00:00
1755172800000,0.23804,0.2393,0.21793,0.2253,5480626921.0,2025-08-14 12:00:00+00:00
1755187200000,0.2253,0.22541,0.22068,0.22336,1597247415.0,2025-08-14 16:00:00+00:00
1755201600000,0.22337,0.2242,0.2173,0.22368,1243417288.0,2025-08-14 20:00:00+00:00
1755216000000,0.22369,0.22989,0.22274,0.22976,1212091716.0,2025-08-15 00:00:00+00:00
1755230400000,0.22976,0.23302,0.22736,0.23048,1724954454.0,2025-08-15 04:00:00+00:00
1755244800000,0.23048,0.23272,0.22871,0.22967,1029229572.0,2025-08-15 08:00:00+00:00
1755259200000,0.22966,0.23229,0.22083,0.2223,2757419695.0,2025-08-15 12:00:00+00:00
1755273600000,0.2223,0.22528,0.22004,0.22166,1563495094.0,2025-08-15 16:00:00+00:00
1755288000000,0.22165,0.23171,0.22063,0.22875,1689075301.0,2025-08-15 20:00:00+00:00
1755302400000,0.22874,0.23615,0.22803,0.23264,1442851981.0,2025-08-16 00:00:00+00:00
1755316800000,0.23264,0.23375,0.22957,0.23301,875578589.0,2025-08-16 04:00:00+00:00
1755331200000,0.233,0.2349,0.22705,0.22718,1447995099.0,2025-08-16 08:00:00+00:00
1755345600000,0.22719,0.23039,0.22514,0.22848,1167318011.0,2025-08-16 12:00:00+00:00
1755360000000,0.22848,0.23099,0.2279,0.2292,592227686.0,2025-08-16 16:00:00+00:00
1755374400000,0.22919,0.23144,0.2287,0.23103,433233029.0,2025-08-16 20:00:00+00:00
1755388800000,0.23104,0.23439,0.2283,0.23346,986135406.0,2025-08-17 00:00:00+00:00
1755403200000,0.23347,0.23596,0.23218,0.23274,912104721.0,2025-08-17 04:00:00+00:00
1755417600000,0.23275,0.23551,0.23225,0.23444,847383585.0,2025-08-17 08:00:00+00:00
1755432000000,0.23445,0.24227,0.23213,0.2415,1491890775.0,2025-08-17 12:00:00+00:00
1755446400000,0.24149,0.24248,0.23054,0.23215,1925188358.0,2025-08-17 16:00:00+00:00
1755460800000,0.23216,0.2381,0.23167,0.23447,965080451.0,2025-08-17 20:00:00+00:00
1755475200000,0.23446,0.23546,0.22236,0.22426,2288086815.0,2025-08-18 00:00:00+00:00
1755489600000,0.22426,0.22633,0.22076,0.22168,1266774036.0,2025-08-18 04:00:00+00:00
1755504000000,0.22167,0.22324,0.21978,0.22165,1028085773.0,2025-08-18 08:00:00+00:00
1755518400000,0.22165,0.22444,0.22025,0.22346,1307172759.0,2025-08-18 12:00:00+00:00
1755532800000,0.22346,0.22535,0.22062,0.2237,1045049090.0,2025-08-18 16:00:00+00:00
1755547200000,0.2237,0.22679,0.2217,0.22253,778552875.0,2025-08-18 20:00:00+00:00
1755561600000,0.22253,0.22566,0.21557,0.21624,1760348636.0,2025-08-19 00:00:00+00:00
1755576000000,0.21624,0.21829,0.21429,0.21765,1230492213.0,2025-08-19 04:00:00+00:00
1755590400000,0.21765,0.22058,0.21616,0.22018,939654383.0,2025-08-19 08:00:00+00:00
1755604800000,0.22018,0.22228,0.21356,0.21432,2162326116.0,2025-08-19 12:00:00+00:00
1755619200000,0.21432,0.21483,0.21034,0.21198,1478641542.0,2025-08-19 16:00:00+00:00
1755633600000,0.21197,0.21417,0.2086,0.20933,932327854.0,2025-08-19 20:00:00+00:00
1755648000000,0.20932,0.21324,0.20792,0.21169,1132622040.0,2025-08-20 00:00:00+00:00
1755662400000,0.2117,0.21401,0.21145,0.21252,712742655.0,2025-08-20 04:00:00+00:00
1755676800000,0.21253,0.21564,0.21122,0.21395,1105703750.0,2025-08-20 08:00:00+00:00
1755691200000,0.21395,0.21789,0.20744,0.21498,2602242690.0,2025-08-20 12:00:00+00:00
1755705600000,0.21498,0.22164,0.21497,0.22119,1629816093.0,2025-08-20 16:00:00+00:00
1755720000000,0.22119,0.22278,0.22034,0.2216,757878147.0,2025-08-20 20:00:00+00:00
1755734400000,0.2216,0.22442,0.2194,0.22194,1040277713.0,2025-08-21 00:00:00+00:00
1755748800000,0.22193,0.2241,0.21983,0.22133,890637662.0,2025-08-21 04:00:00+00:00
1755763200000,0.22134,0.22171,0.21659,0.21751,911052485.0,2025-08-21 08:00:00+00:00
1755777600000,0.2175,0.22062,0.21437,0.2154,1620924355.0,2025-08-21 12:00:00+00:00
1755792000000,0.21539,0.2182,0.21441,0.21508,792513099.0,2025-08-21 16:00:00+00:00
1755806400000,0.21508,0.21747,0.21376,0.21465,564570493.0,2025-08-21 20:00:00+00:00
1755820800000,0.21465,0.21908,0.21443,0.21566,766930039.0,2025-08-22 00:00:00+00:00
1755835200000,0.21566,0.21862,0.21508,0.21785,723926145.0,2025-08-22 04:00:00+00:00
1755849600000,0.21785,0.21899,0.21167,0.21186,946074256.0,2025-08-22 08:00:00+00:00
1755864000000,0.21187,0.23362,0.20812,0.23008,5770029016.0,2025-08-22 12:00:00+00:00
1755878400000,0.23008,0.23976,0.23007,0.23872,2290146105.0,2025-08-22 16:00:00+00:00
1755892800000,0.23872,0.24218,0.23861,0.2405,1076721803.0,2025-08-22 20:00:00+00:00
1755907200000,0.24051,0.24084,0.22895,0.23147,1983114007.0,2025-08-23 00:00:00+00:00
1755921600000,0.23146,0.23937,0.23125,0.23719,1475343166.0,2025-08-23 04:00:00+00:00
1755936000000,0.23719,0.23974,0.23547,0.23613,993534921.0,2025-08-23 08:00:00+00:00
1755950400000,0.23614,0.23903,0.23439,0.23639,1204979807.0,2025-08-23 12:00:00+00:00
1755964800000,0.2364,0.23757,0.23547,0.23733,392622144.0,2025-08-23 16:00:00+00:00
1755979200000,0.23734,0.2375,0.23389,0.23625,582687002.0,2025-08-23 20:00:00+00:00
1755993600000,0.23626,0.23829,0.23489,0.23656,666235323.0,2025-08-24 00:00:00+00:00
1756008000000,0.23657,0.23704,0.2319,0.23215,767712681.0,2025-08-24 04:00:00+00:00
1756022400000,0.23214,0.23316,0.22817,0.22948,902529226.0,2025-08-24 08:00:00+00:00
1756036800000,0.22947,0.23391,0.22909,0.23113,949055102.0,2025-08-24 12:00:00+00:00
1756051200000,0.23114,0.24492,0.22923,0.23407,3262892520.0,2025-08-24 16:00:00+00:00
1756065600000,0.23407,0.23512,0.22737,0.23175,1730649001.0,2025-08-24 20:00:00+00:00
1756080000000,0.23174,0.2345,0.22536,0.23083,1456342278.0,2025-08-25 00:00:00+00:00
1756094400000,0.23082,0.2313,0.21948,0.22062,1628310310.0,2025-08-25 04:00:00+00:00
1756108800000,0.22063,0.22157,0.2168,0.21953,1550974487.0,2025-08-25 08:00:00+00:00
1756123200000,0.21953,0.22111,0.21729,0.2184,1474445504.0,2025-08-25 12:00:00+00:00
1756137600000,0.21841,0.22035,0.21338,0.2137,1310643541.0,2025-08-25 16:00:00+00:00
1756152000000,0.21371,0.21454,0.20571,0.20953,2490329152.0,2025-08-25 20:00:00+00:00
1756166400000,0.20953,0.21193,0.20699,0.20969,1099396302.0,2025-08-26 00:00:00+00:00
1756180800000,0.2097,0.2126,0.209,0.21114,804623502.0,2025-08-26 04:00:00+00:00
1756195200000,0.21113,0.212,0.20931,0.21042,556746449.0,2025-08-26 08:00:00+00:00
1756209600000,0.21043,0.21521,0.20915,0.21257,1841111298.0,2025-08-26 12:00:00+00:00
1756224000000,0.21257,0.21974,0.21231,0.21932,993311530.0,2025-08-26 16:00:00+00:00
1756238400000,0.21931,0.21996,0.21723,0.21833,641955740.0,2025-08-26 20:00:00+00:00
1756252800000,0.21832,0.2218,0.216,0.22111,848919825.0,2025-08-27 00:00:00+00:00
1756267200000,0.22111,0.22317,0.21804,0.21876,881311447.0,2025-08-27 04:00:00+00:00
1756281600000,0.21876,0.22116,0.2173,0.22025,642748765.0,2025-08-27 08:00:00+00:00
1756296000000,0.22026,0.22273,0.21765,0.22153,1111089698.0,2025-08-27 12:00:00+00:00
1756310400000,0.22154,0.22329,0.21852,0.22015,906033849.0,2025-08-27 16:00:00+00:00
1756324800000,0.22014,0.22382,0.218,0.21883,1768683476.0,2025-08-27 20:00:00+00:00
1756339200000,0.21884,0.22164,0.21661,0.22122,711452972.0,2025-08-28 00:00:00+00:00
1756353600000,0.22122,0.22546,0.22084,0.2239,840225117.0,2025-08-28 04:00:00+00:00
1756368000000,0.22389,0.22601,0.22239,0.22382,722739064.0,2025-08-28 08:00:00+00:00
1756382400000,0.22382,0.22508,0.22003,0.22112,1059788519.0,2025-08-28 12:00:00+00:00
1756396800000,0.22112,0.22347,0.21919,0.21955,862229896.0,2025-08-28 16:00:00+00:00
1756411200000,0.21956,0.22478,0.21911,0.2243,548835169.0,2025-08-28 20:00:00+00:00
1756425600000,0.2243,0.22538,0.21935,0.22248,1061153347.0,2025-08-29 00:00:00+00:00
1756440000000,0.22249,0.22286,0.21415,0.21454,1268549789.0,2025-08-29 04:00:00+00:00
1756454400000,0.21454,0.21578,0.2116,0.21471,1264784207.0,2025-08-29 08:00:00+00:00
1756468800000,0.21471,0.22119,0.21207,0.21316,2121860506.0,2025-08-29 12:00:00+00:00
1756483200000,0.21316,0.21424,0.20966,0.21192,1162336408.0,2025-08-29 16:00:00+00:00
1756497600000,0.21193,0.21445,0.20967,0.2138,782694099.0,2025-08-29 20:00:00+00:00
1756512000000,0.2138,0.21881,0.21119,0.21758,997917657.0,2025-08-30 00:00:00+00:00
1756526400000,0.21758,0.21822,0.21598,0.21719,470661925.0,2025-08-30 04:00:00+00:00
1756540800000,0.21719,0.21758,0.21471,0.21581,429291018.0,2025-08-30 08:00:00+00:00
1756555200000,0.21581,0.21663,0.21273,0.21591,719650598.0,2025-08-30 12:00:00+00:00
1756569600000,0.2159,0.21596,0.21446,0.21531,276508476.0,2025-08-30 16:00:00+00:00
1756584000000,0.21532,0.21604,0.21435,0.21585,225995719.0,2025-08-30 20:00:00+00:00
1756598400000,0.21586,0.2213,0.21583,0.22055,732323725.0,2025-08-31 00:00:00+00:00
1756612800000,0.22056,0.22064,0.21701,0.21788,545850805.0,2025-08-31 04:00:00+00:00
1756627200000,0.21788,0.21924,0.21602,0.21828,570881631.0,2025-08-31 08:00:00+00:00
1756641600000,0.21827,0.21861,0.21618,0.21847,539521558.0,2025-08-31 12:00:00+00:00
1756656000000,0.21848,0.21855,0.21688,0.21725,348016421.0,2025-08-31 16:00:00+00:00
1756670400000,0.21725,0.21811,0.21314,0.21359,635922988.0,2025-08-31 20:00:00+00:00
1756684800000,0.21358,0.214,0.20869,0.21033,1259846274.0,2025-09-01 00:00:00+00:00
1756699200000,0.21033,0.21799,0.20805,0.2179,1589344240.0,2025-09-01 04:00:00+00:00
1756713600000,0.2179,0.21982,0.21506,0.21588,1548503707.0,2025-09-01 08:00:00+00:00
1756728000000,0.21587,0.21709,0.21262,0.2133,984064347.0,2025-09-01 12:00:00+00:00
1756742400000,0.21329,0.21341,0.21006,0.21231,969126197.0,2025-09-01 16:00:00+00:00
1756756800000,0.21232,0.21271,0.20459,0.21063,1721065059.0,2025-09-01 20:00:00+00:00
1756771200000,0.21063,0.2141,0.2091,0.2133,1026000246.0,2025-09-02 00:00:00+00:00
1756785600000,0.2133,0.21483,0.2116,0.21217,787033194.0,2025-09-02 04:00:00+00:00
1756800000000,0.21219,0.214,0.21108,0.21145,589688515.0,2025-09-02 08:00:00+00:00
1756814400000,0.21144,0.2139,0.20648,0.20926,2444570146.0,2025-09-02 12:00:00+00:00
1756828800000,0.20926,0.21313,0.20923,0.21116,937602851.0,2025-09-02 16:00:00+00:00
1756843200000,0.21115,0.21549,0.2107,0.21481,715661552.0,2025-09-02 20:00:00+00:00
1756857600000,0.2148,0.21682,0.21241,0.21522,983646711.0,2025-09-03 00:00:00+00:00
1756872000000,0.21522,0.21627,0.21401,0.216,562967263.0,2025-09-03 04:00:00+00:00
1756886400000,0.21599,0.21723,0.21462,0.21634,659407644.0,2025-09-03 08:00:00+00:00
1756900800000,0.21634,0.21961,0.215,0.21879,1152704754.0,2025-09-03 12:00:00+00:00
1756915200000,0.21878,0.22137,0.21734,0.22114,658992545.0,2025-09-03 16:00:00+00:00
1756929600000,0.22114,0.22347,0.22018,0.22022,679480271.0,2025-09-03 20:00:00+00:00
1756944000000,0.22022,0.221,0.21589,0.21634,644987413.0,2025-09-04 00:00:00+00:00
1756958400000,0.21634,0.21728,0.21401,0.21514,869723481.0,2025-09-04 04:00:00+00:00
1756972800000,0.21514,0.2165,0.21466,0.21549,554159019.0,2025-09-04 08:00:00+00:00
1756987200000,0.2155,0.21694,0.2116,0.2122,1320338610.0,2025-09-04 12:00:00+00:00
1757001600000,0.21221,0.21343,0.21036,0.21061,810255504.0,2025-09-04 16:00:00+00:00
1757016000000,0.21062,0.2146,0.21045,0.2123,562102459.0,2025-09-04 20:00:00+00:00
1757030400000,0.21229,0.21496,0.21171,0.21417,637541856.0,2025-09-05 00:00:00+00:00
1757044800000,0.21418,0.2183,0.21342,0.218,723777391.0,2025-09-05 04:00:00+00:00
1757059200000,0.218,0.21805,0.21521,0.21666,828897289.0,2025-09-05 08:00:00+00:00
1757073600000,0.21666,0.22093,0.21227,0.21409,2944824753.0,2025-09-05 12:00:00+00:00
1757088000000,0.21409,0.21728,0.21353,0.21722,671698443.0,2025-09-05 16:00:00+00:00
1757102400000,0.21722,0.22008,0.21696,0.21778,885817247.0,2025-09-05 20:00:00+00:00
1757116800000,0.21778,0.2188,0.21677,0.21763,355415595.0,2025-09-06 00:00:00+00:00
1757131200000,0.21763,0.21779,0.21512,0.21578,398179453.0,2025-09-06 04:00:00+00:00
1757145600000,0.21579,0.21591,0.21388,0.21417,399518809.0,2025-09-06 08:00:00+00:00
1757160000000,0.21416,0.21571,0.21322,0.21377,588689987.0,2025-09-06 12:00:00+00:00
1757174400000,0.21377,0.21538,0.21213,0.21272,509219443.0,2025-09-06 16:00:00+00:00
1757188800000,0.21272,0.218,0.21261,0.21583,584844744.0,2025-09-06 20:00:00+00:00
1757203200000,0.21583,0.21737,0.21559,0.21644,399957882.0,2025-09-07 00:00:00+00:00
1757217600000,0.21644,0.21757,0.21605,0.21719,313449338.0,2025-09-07 04:00:00+00:00
1757232000000,0.21719,0.21943,0.21683,0.2191,445631988.0,2025-09-07 08:00:00+00:00
1757246400000,0.21911,0.22506,0.21823,0.22357,1648595393.0,2025-09-07 12:00:00+00:00
1757260800000,0.22357,0.22454,0.22016,0.22221,752760640.0,2025-09-07 16:00:00+00:00
1757275200000,0.2222,0.22918,0.22206,0.22868,1163620536.0,2025-09-07 20:00:00+00:00
1757289600000,0.22867,0.23489,0.2264,0.2316,1971856567.0,2025-09-08 00:00:00+00:00
1757304000000,0.23159,0.23289,0.23036,0.23251,988665678.0,2025-09-08 04:00:00+00:00
1757318400000,0.23252,0.23465,0.23233,0.23328,1167897218.0,2025-09-08 08:00:00+00:00
1757332800000,0.23329,0.23979,0.23279,0.2383,2160284829.0,2025-09-08 12:00:00+00:00
1757347200000,0.23829,0.2396,0.23638,0.23751,1157574912.0,2025-09-08 16:00:00+00:00
1757361600000,0.23752,0.2441,0.23715,0.24157,1313959165.0,2025-09-08 20:00:00+00:00
1757376000000,0.24156,0.24397,0.23351,0.23636,1926728501.0,2025-09-09 00:00:00+00:00
1757390400000,0.23636,0.24204,0.23504,0.24018,1538116404.0,2025-09-09 04:00:00+00:00
1757404800000,0.24018,0.24256,0.23971,0.24151,984227302.0,2025-09-09 08:00:00+00:00
1757419200000,0.24152,0.24948,0.2367,0.23817,4302236108.0,2025-09-09 12:00:00+00:00
1757433600000,0.23818,0.24334,0.23729,0.24108,1369733695.0,2025-09-09 16:00:00+00:00
1757448000000,0.24109,0.24262,0.2393,0.24051,663670961.0,2025-09-09 20:00:00+00:00
1757462400000,0.24052,0.24199,0.23607,0.241,1002641285.0,2025-09-10 00:00:00+00:00
1757476800000,0.24099,0.24235,0.2383,0.24125,714634754.0,2025-09-10 04:00:00+00:00
1757491200000,0.24126,0.24238,0.23925,0.24008,726569828.0,2025-09-10 08:00:00+00:00
1757505600000,0.24008,0.2457,0.23989,0.24359,1960214206.0,2025-09-10 12:00:00+00:00
1757520000000,0.2436,0.24862,0.23832,0.23974,1807614347.0,2025-09-10 16:00:00+00:00
1757534400000,0.23975,0.24572,0.23961,0.24525,674552660.0,2025-09-10 20:00:00+00:00
1757548800000,0.24524,0.25341,0.24366,0.25221,1333317496.0,2025-09-11 00:00:00+00:00
1757563200000,0.25221,0.25319,0.24812,0.24959,1203994801.0,2025-09-11 04:00:00+00:00
1757577600000,0.24958,0.2517,0.24866,0.25075,697933515.0,2025-09-11 08:00:00+00:00
1757592000000,0.25075,0.25472,0.24168,0.24679,2857413588.0,2025-09-11 12:00:00+00:00
1757606400000,0.24678,0.25276,0.24677,0.25205,997702421.0,2025-09-11 16:00:00+00:00
1757620800000,0.25205,0.25691,0.25,0.25591,1121070958.0,2025-09-11 20:00:00+00:00
1757635200000,0.25592,0.26463,0.25469,0.26085,1937491635.0,2025-09-12 00:00:00+00:00
1757649600000,0.26085,0.26382,0.25902,0.26005,1214276083.0,2025-09-12 04:00:00+00:00
1757664000000,0.26005,0.26162,0.25834,0.2598,898096071.0,2025-09-12 08:00:00+00:00
1757678400000,0.2598,0.26708,0.25776,0.26626,1975330628.0,2025-09-12 12:00:00+00:00
1757692800000,0.26625,0.27305,0.26484,0.27148,2093332994.0,2025-09-12 16:00:00+00:00
1757707200000,0.27146,0.27856,0.26974,0.27545,1597911898.0,2025-09-12 20:00:00+00:00
1757721600000,0.27545,0.28275,0.27261,0.28019,2056259618.0,2025-09-13 00:00:00+00:00
1757736000000,0.2802,0.28581,0.27977,0.28303,1600987220.0,2025-09-13 04:00:00+00:00
1757750400000,0.28303,0.29955,0.2824,0.29619,3642205571.0,2025-09-13 08:00:00+00:00
1757764800000,0.29619,0.30679,0.29164,0.29701,5210039329.0,2025-09-13 12:00:00+00:00
1757779200000,0.297,0.30097,0.27892,0.28609,4110020994.0,2025-09-13 16:00:00+00:00
1757793600000,0.28609,0.29237,0.28576,0.28933,1247455234.0,2025-09-13 20:00:00+00:00
1757808000000,0.28932,0.29505,0.28148,0.28633,2855973305.0,2025-09-14 00:00:00+00:00
1757822400000,0.28632,0.29242,0.2835,0.29165,1408308778.0,2025-09-14 04:00:00+00:00
1757836800000,0.29165,0.29328,0.28464,0.28545,1454698497.0,2025-09-14 08:00:00+00:00
1757851200000,0.28545,0.28711,0.27263,0.27378,3385997726.0,2025-09-14 12:00:00+00:00
1757865600000,0.27379,0.28332,0.27268,0.27784,1968500792.0,2025-09-14 16:00:00+00:00
1757880000000,0.27784,0.28277,0.27682,0.27785,1017600857.0,2025-09-14 20:00:00+00:00
1757894400000,0.27784,0.28138,0.27417,0.28007,1485702814.0,2025-09-15 00:00:00+00:00
1757908800000,0.28006,0.282,0.26713,0.26819,2391177185.0,2025-09-15 04:00:00+00:00
1757923200000,0.26818,0.26829,0.25854,0.26513,3659115791.0,2025-09-15 08:00:00+00:00
1757937600000,0.26513,0.26543,0.26091,0.26405,2111742358.0,2025-09-15 12:00:00+00:00
1757952000000,0.26406,0.26677,0.26201,0.26396,1303815954.0,2025-09-15 16:00:00+00:00
1757966400000,0.26397,0.26935,0.26324,0.26818,792458469.0,2025-09-15 20:00:00+00:00
1757980800000,0.26818,0.27,0.26538,0.26706,1123003593.0,2025-09-16 00:00:00+00:00
1757995200000,0.26707,0.26947,0.26205,0.26756,1588309424.0,2025-09-16 04:00:00+00:00
1758009600000,0.26755,0.26954,0.26328,0.26445,1229011538.0,2025-09-16 08:00:00+00:00
1758024000000,0.26446,0.26689,0.25653,0.26615,2946850464.0,2025-09-16 12:00:00+00:00
1758038400000,0.26615,0.26973,0.26429,0.26825,1593903098.0,2025-09-16 16:00:00+00:00
1758052800000,0.26825,0.27188,0.26718,0.26984,974061240.0,2025-09-16 20:00:00+00:00
1758067200000,0.26984,0.2712,0.26601,0.26657,1090053379.0,2025-09-17 00:00:00+00:00
1758081600000,0.26658,0.27,0.26362,0.2684,1099392359.0,2025-09-17 04:00:00+00:00
1758096000000,0.26841,0.26861,0.2643,0.2653,955531354.0,2025-09-17 08:00:00+00:00
1758110400000,0.26529,0.26784,0.2623,0.26529,1196554710.0,2025-09-17 12:00:00+00:00
1758124800000,0.26528,0.27441,0.26005,0.27256,4116675981.0,2025-09-17 16:00:00+00:00
1758139200000,0.27256,0.28368,0.2668,0.28241,2640900709.0,2025-09-17 20:00:00+00:00
1758153600000,0.28242,0.28569,0.27818,0.28286,2029902233.0,2025-09-18 00:00:00+00:00
1758168000000,0.28286,0.28343,0.27625,0.27972,1175266979.0,2025-09-18 04:00:00+00:00
1758182400000,0.27971,0.282,0.27805,0.2794,1068668250.0,2025-09-18 08:00:00+00:00
1758196800000,0.27939,0.28769,0.2785,0.28646,2610068837.0,2025-09-18 12:00:00+00:00
1758211200000,0.28646,0.2887,0.2808,0.28183,1721681965.0,2025-09-18 16:00:00+00:00
1758225600000,0.28184,0.28252,0.2754,0.27838,1135330369.0,2025-09-18 20:00:00+00:00
1758240000000,0.27838,0.28485,0.27629,0.27681,1613405492.0,2025-09-19 00:00:00+00:00
1758254400000,0.2768,0.27722,0.27317,0.27507,1223460183.0,2025-09-19 04:00:00+00:00
1758268800000,0.27506,0.27679,0.27014,0.27113,1153133530.0,2025-09-19 08:00:00+00:00
1758283200000,0.27113,0.27253,0.26401,0.26648,2175766665.0,2025-09-19 12:00:00+00:00
1758297600000,0.26649,0.26823,0.263,0.26471,1079427189.0,2025-09-19 16:00:00+00:00
1758312000000,0.26471,0.26728,0.26308,0.26513,689050247.0,2025-09-19 20:00:00+00:00
1758326400000,0.26513,0.26733,0.26277,0.26491,770891588.0,2025-09-20 00:00:00+00:00
1758340800000,0.2649,0.26681,0.2641,0.26642,584945736.0,2025-09-20 04:00:00+00:00
1758355200000,0.26642,0.26643,0.26318,0.26503,525682403.0,2025-09-20 08:00:00+00:00
1758369600000,0.26503,0.2693,0.26404,0.26865,972215119.0,2025-09-20 12:00:00+00:00
1758384000000,0.26865,0.26901,0.26529,0.26607,617748946.0,2025-09-20 16:00:00+00:00
1758398400000,0.26606,0.26877,0.26581,0.26747,315792458.0,2025-09-20 20:00:00+00:00
1758412800000,0.26746,0.2696,0.26673,0.26944,499824991.0,2025-09-21 00:00:00+00:00
1758427200000,0.26943,0.26953,0.26755,0.26809,445428484.0,2025-09-21 04:00:00+00:00
1758441600000,0.26808,0.26833,0.26339,0.2656,905325363.0,2025-09-21 08:00:00+00:00
1758456000000,0.26561,0.26791,0.26526,0.26551,560806703.0,2025-09-21 12:00:00+00:00
1758470400000,0.26551,0.26597,0.26052,0.26335,1079344220.0,2025-09-21 16:00:00+00:00
1758484800000,0.26334,0.26365,0.26016,0.2606,608385448.0,2025-09-21 20:00:00+00:00
1758499200000,0.26059,0.26219,0.24516,0.24864,3673320653.0,2025-09-22 00:00:00+00:00
1758513600000,0.24864,0.24962,0.22775,0.2376,3819537719.0,2025-09-22 04:00:00+00:00
1758528000000,0.2376,0.24055,0.23622,0.23908,1522166990.0,2025-09-22 08:00:00+00:00
1758542400000,0.23908,0.24314,0.23815,0.2394,1597299165.0,2025-09-22 12:00:00+00:00
1758556800000,0.2394,0.24138,0.23546,0.23622,1078698809.0,2025-09-22 16:00:00+00:00
1758571200000,0.23622,0.24159,0.23585,0.24109,663838205.0,2025-09-22 20:00:00+00:00
1758585600000,0.2411,0.24301,0.23401,0.24027,1708943049.0,2025-09-23 00:00:00+00:00
1758600000000,0.24027,0.2434,0.23808,0.24136,1351163275.0,2025-09-23 04:00:00+00:00
1758614400000,0.24136,0.24283,0.23909,0.24072,852240915.0,2025-09-23 08:00:00+00:00
1758628800000,0.24071,0.24196,0.23784,0.24059,1217779888.0,2025-09-23 12:00:00+00:00
1758643200000,0.24059,0.24384,0.23655,0.23783,1459092665.0,2025-09-23 16:00:00+00:00
1758657600000,0.23782,0.24139,0.23624,0.23698,832111124.0,2025-09-23 20:00:00+00:00
1758672000000,0.23698,0.24049,0.23334,0.23438,1327430265.0,2025-09-24 00:00:00+00:00
1758686400000,0.23438,0.23964,0.23087,0.23943,1757482205.0,2025-09-24 04:00:00+00:00
1758700800000,0.23944,0.24359,0.23882,0.24296,1148344734.0,2025-09-24 08:00:00+00:00
1758715200000,0.24296,0.25053,0.2423,0.24546,2186992837.0,2025-09-24 12:00:00+00:00
1758729600000,0.24546,0.24636,0.24214,0.24341,1220917531.0,2025-09-24 16:00:00+00:00
1758744000000,0.24341,0.24385,0.24021,0.24097,805184040.0,2025-09-24 20:00:00+00:00
1758758400000,0.24097,0.24185,0.23365,0.23599,1993664497.0,2025-09-25 00:00:00+00:00
1758772800000,0.23598,0.23653,0.23161,0.23315,1488014131.0,2025-09-25 04:00:00+00:00
1758787200000,0.23315,0.23473,0.23011,0.23117,1527138753.0,2025-09-25 08:00:00+00:00
1758801600000,0.23116,0.23472,0.22528,0.23098,2788870855.0,2025-09-25 12:00:00+00:00
1758816000000,0.23098,0.23168,0.22042,0.22638,2928107015.0,2025-09-25 16:00:00+00:00
1758830400000,0.22638,0.22676,0.22072,0.22281,1204766784.0,2025-09-25 20:00:00+00:00
1758844800000,0.22281,0.22767,0.22255,0.22708,1217562953.0,2025-09-26 00:00:00+00:00
1758859200000,0.22708,0.22795,0.22461,0.22691,979350296.0,2025-09-26 04:00:00+00:00
1758873600000,0.22693,0.22789,0.22123,0.22445,1183898347.0,2025-09-26 08:00:00+00:00
1758888000000,0.22445,0.22803,0.2216,0.22717,2046423136.0,2025-09-26 12:00:00+00:00
1758902400000,0.22717,0.2332,0.22701,0.23083,1406677283.0,2025-09-26 16:00:00+00:00
1758916800000,0.2308,0.2325,0.22974,0.23232,428156077.0,2025-09-26 20:00:00+00:00
1758931200000,0.23232,0.2342,0.23114,0.23347,618410290.0,2025-09-27 00:00:00+00:00
1758945600000,0.23347,0.23388,0.23047,0.23101,558055603.0,2025-09-27 04:00:00+00:00
1758960000000,0.23101,0.23101,0.22841,0.22996,727729424.0,2025-09-27 08:00:00+00:00
1758974400000,0.22996,0.23084,0.22779,0.23008,497232648.0,2025-09-27 12:00:00+00:00
1758988800000,0.23009,0.23049,0.22765,0.22972,494398906.0,2025-09-27 16:00:00+00:00
1759003200000,0.22972,0.23244,0.22927,0.23067,379771789.0,2025-09-27 20:00:00+00:00
1759017600000,0.23066,0.23088,0.22745,0.22843,599924721.0,2025-09-28 00:00:00+00:00
1759032000000,0.22843,0.22926,0.22706,0.22908,393948766.0,2025-09-28 04:00:00+00:00
1759046400000,0.22909,0.22918,0.22542,0.22631,735821701.0,2025-09-28 08:00:00+00:00
1759060800000,0.22631,0.2298,0.22487,0.22972,861286914.0,2025-09-28 12:00:00+00:00
1759075200000,0.22972,0.23193,0.22921,0.23178,668958122.0,2025-09-28 16:00:00+00:00
1759089600000,0.23178,0.23758,0.23153,0.23722,966846033.0,2025-09-28 20:00:00+00:00
1759104000000,0.23722,0.23736,0.23376,0.23572,877064041.0,2025-09-29 00:00:00+00:00
1759118400000,0.23571,0.23579,0.23085,0.23242,745203463.0,2025-09-29 04:00:00+00:00
1759132800000,0.23242,0.23359,0.229,0.23078,962856634.0,2025-09-29 08:00:00+00:00
1759147200000,0.23078,0.23758,0.2285,0.23364,2032887473.0,2025-09-29 12:00:00+00:00
1759161600000,0.23365,0.235,0.23046,0.23451,1037063864.0,2025-09-29 16:00:00+00:00
1759176000000,0.23451,0.23888,0.23438,0.23469,1002035741.0,2025-09-29 20:00:00+00:00
1759190400000,0.23468,0.23581,0.2317,0.23255,1075166080.0,2025-09-30 00:00:00+00:00
1759204800000,0.23256,0.23405,0.23109,0.23194,624731711.0,2025-09-30 04:00:00+00:00
1759219200000,0.23193,0.23231,0.22861,0.23013,870727553.0,2025-09-30 08:00:00+00:00
1759233600000,0.23013,0.23113,0.22623,0.2279,1311846734.0,2025-09-30 12:00:00+00:00
1759248000000,0.22789,0.23277,0.22726,0.23248,800017089.0,2025-09-30 16:00:00+00:00
1759262400000,0.23249,0.234,0.23076,0.23282,863199775.0,2025-09-30 20:00:00+00:00
1759276800000,0.23282,0.23423,0.23059,0.23067,654437731.0,2025-10-01 00:00:00+00:00
1759291200000,0.23067,0.23402,0.23023,0.23335,601295561.0,2025-10-01 04:00:00+00:00
1759305600000,0.23334,0.24473,0.2332,0.24267,2175123306.0,2025-10-01 08:00:00+00:00
1759320000000,0.24268,0.24609,0.24184,0.24518,1384072974.0,2025-10-01 12:00:00+00:00
1759334400000,0.24518,0.24729,0.24314,0.24658,1087779722.0,2025-10-01 16:00:00+00:00
1759348800000,0.24658,0.24909,0.24471,0.24894,647454342.0,2025-10-01 20:00:00+00:00
1759363200000,0.24893,0.25574,0.2466,0.25373,1760936506.0,2025-10-02 00:00:00+00:00
1759377600000,0.25374,0.25784,0.25216,0.25578,1044894847.0,2025-10-02 04:00:00+00:00
1759392000000,0.25579,0.25959,0.2553,0.25597,877392531.0,2025-10-02 08:00:00+00:00
1759406400000,0.25597,0.25714,0.25038,0.25482,2222732489.0,2025-10-02 12:00:00+00:00
1759420800000,0.25482,0.2607,0.25407,0.25897,1320099916.0,2025-10-02 16:00:00+00:00
1759435200000,0.25898,0.264,0.25828,0.26191,1130070803.0,2025-10-02 20:00:00+00:00
1759449600000,0.2619,0.26218,0.25653,0.25918,1414597545.0,2025-10-03 00:00:00+00:00
1759464000000,0.25917,0.26141,0.25396,0.2553,1098590267.0,2025-10-03 04:00:00+00:00
1759478400000,0.25529,0.25723,0.2535,0.25565,806894630.0,2025-10-03 08:00:00+00:00
1759492800000,0.25565,0.26092,0.2526,0.26051,1593321714.0,2025-10-03 12:00:00+00:00
1759507200000,0.26051,0.26529,0.25499,0.25916,2519122556.0,2025-10-03 16:00:00+00:00
1759521600000,0.25917,0.26042,0.25783,0.25811,492942213.0,2025-10-03 20:00:00+00:00
1759536000000,0.25812,0.25972,0.25129,0.2531,1228435625.0,2025-10-04 00:00:00+00:00
1759550400000,0.2531,0.25557,0.25218,0.25388,751840851.0,2025-10-04 04:00:00+00:00
1759564800000,0.25387,0.25416,0.24843,0.24939,1126333038.0,2025-10-04 08:00:00+00:00
1759579200000,0.24939,0.25255,0.24716,0.24766,1196147810.0,2025-10-04 12:00:00+00:00
1759593600000,0.24768,0.24948,0.24662,0.24933,610097555.0,2025-10-04 16:00:00+00:00
1759608000000,0.24934,0.25119,0.24916,0.2507,361188964.0,2025-10-04 20:00:00+00:00
1759622400000,0.2507,0.2595,0.24941,0.25821,1418872724.0,2025-10-05 00:00:00+00:00
1759636800000,0.25821,0.2642,0.25681,0.26391,1785604908.0,2025-10-05 04:00:00+00:00
1759651200000,0.26391,0.26516,0.25737,0.25859,2184985919.0,2025-10-05 08:00:00+00:00
1759665600000,0.25859,0.25863,0.25437,0.25623,1227753477.0,2025-10-05 12:00:00+00:00
1759680000000,0.25622,0.25756,0.25052,0.25137,1344715472.0,2025-10-05 16:00:00+00:00
1759694400000,0.25136,0.25382,0.2506,0.25268,659115857.0,2025-10-05 20:00:00+00:00
1759708800000,0.25268,0.2552,0.2504,0.25378,1253031556.0,2025-10-06 00:00:00+00:00
1759723200000,0.25377,0.25831,0.25201,0.25496,1131991833.0,2025-10-06 04:00:00+00:00
1759737600000,0.25497,0.26184,0.25497,0.2598,1306232218.0,2025-10-06 08:00:00+00:00
1759752000000,0.25981,0.26828,0.25918,0.2668,2740550161.0,2025-10-06 12:00:00+00:00
1759766400000,0.2668,0.27039,0.26326,0.2684,1888835076.0,2025-10-06 16:00:00+00:00
1759780800000,0.2684,0.26973,0.26553,0.26601,925285009.0,2025-10-06 20:00:00+00:00
1759795200000,0.26601,0.26816,0.26412,0.26654,1037261324.0,2025-10-07 00:00:00+00:00
1759809600000,0.26654,0.26833,0.25935,0.26027,1620063656.0,2025-10-07 04:00:00+00:00
1759824000000,0.26027,0.2621,0.25741,0.26155,1401115961.0,2025-10-07 08:00:00+00:00
1759838400000,0.26155,0.26539,0.25004,0.25137,3776543640.0,2025-10-07 12:00:00+00:00
1759852800000,0.25137,0.25366,0.24592,0.24916,2014933005.0,2025-10-07 16:00:00+00:00
1759867200000,0.24916,0.25203,0.24612,0.24671,868986006.0,2025-10-07 20:00:00+00:00
1759881600000,0.24672,0.25052,0.24374,0.24464,1347057396.0,2025-10-08 00:00:00+00:00
1759896000000,0.24463,0.247,0.2428,0.24653,1035479767.0,2025-10-08 04:00:00+00:00
1759910400000,0.24653,0.25052,0.24642,0.24918,1032064012.0,2025-10-08 08:00:00+00:00
1759924800000,0.24918,0.25669,0.24872,0.25316,2333805509.0,2025-10-08 12:00:00+00:00
1759939200000,0.25316,0.26107,0.25254,0.25917,1866357091.0,2025-10-08 16:00:00+00:00
1759953600000,0.25918,0.2599,0.25481,0.25557,814789228.0,2025-10-08 20:00:00+00:00
1759968000000,0.25557,0.25587,0.24645,0.249,1659082204.0,2025-10-09 00:00:00+00:00
1759982400000,0.249,0.25082,0.24634,0.24718,1048072786.0,2025-10-09 04:00:00+00:00
1759996800000,0.24717,0.24792,0.24288,0.2474,1827235525.0,2025-10-09 08:00:00+00:00
1760011200000,0.24741,0.25057,0.24215,0.24463,2525506149.0,2025-10-09 12:00:00+00:00
1760025600000,0.24464,0.24706,0.24097,0.24645,1348698537.0,2025-10-09 16:00:00+00:00
1760040000000,0.24646,0.25028,0.24574,0.24843,678277699.0,2025-10-09 20:00:00+00:00
1760054400000,0.24843,0.25332,0.24721,0.25119,1062918311.0,2025-10-10 00:00:00+00:00
1760068800000,0.25118,0.25285,0.2467,0.24719,1298274808.0,2025-10-10 04:00:00+00:00
1760083200000,0.24719,0.25115,0.24654,0.25069,966448196.0,2025-10-10 08:00:00+00:00
1760097600000,0.2507,0.25398,0.23581,0.23773,3965823120.0,2025-10-10 12:00:00+00:00
1760112000000,0.23773,0.23955,0.23001,0.23173,2881594639.0,2025-10-10 16:00:00+00:00
1760126400000,0.23173,0.23441,0.08385,0.19312,15606910930.0,2025-10-10 20:00:00+00:00
1760140800000,0.19312,0.2003,0.186,0.19301,5292559830.0,2025-10-11 00:00:00+00:00
1760155200000,0.19302,0.19693,0.1895,0.1911,3349822393.0,2025-10-11 04:00:00+00:00
1760169600000,0.19111,0.19772,0.19028,0.19376,2407896659.0,2025-10-11 08:00:00+00:00
1760184000000,0.19375,0.19429,0.18517,0.19194,2664795370.0,2025-10-11 12:00:00+00:00
1760198400000,0.19194,0.19406,0.18274,0.18433,2157310422.0,2025-10-11 16:00:00+00:00
1760212800000,0.18432,0.18612,0.17807,0.18516,2981667668.0,2025-10-11 20:00:00+00:00
1760227200000,0.18517,0.1867,0.18059,0.18515,2379289833.0,2025-10-12 00:00:00+00:00
1760241600000,0.18515,0.19105,0.18469,0.1897,1511575105.0,2025-10-12 04:00:00+00:00
1760256000000,0.1897,0.19065,0.18672,0.18863,2345150396.0,2025-10-12 08:00:00+00:00
1760270400000,0.18862,0.20673,0.18606,0.20497,9412049081.0,2025-10-12 12:00:00+00:00
1760284800000,0.20497,0.2106,0.20366,0.21006,3776379031.0,2025-10-12 16:00:00+00:00
1760299200000,0.21006,0.21406,0.20343,0.20704,2848453556.0,2025-10-12 20:00:00+00:00
1760313600000,0.20704,0.20993,0.20475,0.20712,2536586934.0,2025-10-13 00:00:00+00:00
1760328000000,0.20713,0.21267,0.20611,0.2098,5394802400.0,2025-10-13 04:00:00+00:00
1760342400000,0.2098,0.21264,0.20181,0.20564,6181994308.0,2025-10-13 08:00:00+00:00
1760356800000,0.20564,0.21312,0.20404,0.21002,7008886609.0,2025-10-13 12:00:00+00:00
1760371200000,0.21002,0.21697,0.20819,0.21587,4270398509.0,2025-10-13 16:00:00+00:00
1760385600000,0.21586,0.21823,0.21344,0.2137,3152262467.0,2025-10-13 20:00:00+00:00
1760400000000,0.21371,0.21553,0.20652,0.20771,4513188872.0,2025-10-14 00:00:00+00:00
1760414400000,0.20771,0.20824,0.19478,0.19773,10099241259.0,2025-10-14 04:00:00+00:00
1760428800000,0.19773,0.20143,0.1942,0.19894,4873681011.0,2025-10-14 08:00:00+00:00
1760443200000,0.19895,0.20376,0.19319,0.20336,3242842245.0,2025-10-14 12:00:00+00:00
1760457600000,0.20337,0.20702,0.19975,0.20298,2659627010.0,2025-10-14 16:00:00+00:00
1760472000000,0.20298,0.20512,0.20186,0.20426,748488522.0,2025-10-14 20:00:00+00:00
1760486400000,0.20427,0.20674,0.20134,0.20243,1144591591.0,2025-10-15 00:00:00+00:00
1760500800000,0.20243,0.20504,0.20154,0.20458,955648430.0,2025-10-15 04:00:00+00:00
1760515200000,0.20458,0.20845,0.20057,0.20206,1656739878.0,2025-10-15 08:00:00+00:00
1760529600000,0.20206,0.20318,0.197,0.1986,2753899478.0,2025-10-15 12:00:00+00:00
1760544000000,0.19861,0.20012,0.19612,0.19711,1499252039.0,2025-10-15 16:00:00+00:00
1760558400000,0.19711,0.19876,0.19404,0.19611,1376673997.0,2025-10-15 20:00:00+00:00
1760572800000,0.19611,0.19899,0.19524,0.19632,897182505.0,2025-10-16 00:00:00+00:00
1760587200000,0.19633,0.19961,0.1948,0.19728,1092477344.0,2025-10-16 04:00:00+00:00
1760601600000,0.19729,0.20057,0.18928,0.20026,2345386806.0,2025-10-16 08:00:00+00:00
1760616000000,0.20027,0.20142,0.18757,0.1893,3229038292.0,2025-10-16 12:00:00+00:00
1760630400000,0.1893,0.19485,0.18552,0.18766,3089055289.0,2025-10-16 16:00:00+00:00
1760644800000,0.18767,0.1888,0.18455,0.18838,1034549145.0,2025-10-16 20:00:00+00:00
1760659200000,0.18838,0.19106,0.18777,0.19024,897628797.0,2025-10-17 00:00:00+00:00
1760673600000,0.19024,0.19038,0.17823,0.17851,2596024853.0,2025-10-17 04:00:00+00:00
1760688000000,0.17852,0.18394,0.17538,0.18259,3353495399.0,2025-10-17 08:00:00+00:00
1760702400000,0.1826,0.18488,0.17956,0.18479,1932647036.0,2025-10-17 12:00:00+00:00
1760716800000,0.18479,0.18716,0.18317,0.18432,1340537178.0,2025-10-17 16:00:00+00:00
1760731200000,0.18433,0.18765,0.18386,0.18463,681913475.0,2025-10-17 20:00:00+00:00
1760745600000,0.18464,0.18841,0.18418,0.18685,796412799.0,2025-10-18 00:00:00+00:00
1760760000000,0.18684,0.18979,0.18491,0.18777,960936866.0,2025-10-18 04:00:00+00:00
1760774400000,0.18776,0.1883,0.18642,0.18788,573847753.0,2025-10-18 08:00:00+00:00
1760788800000,0.18787,0.18869,0.18574,0.18755,629214646.0,2025-10-18 12:00:00+00:00
1760803200000,0.18755,0.19052,0.18588,0.18926,759593928.0,2025-10-18 16:00:00+00:00
1760817600000,0.18926,0.19013,0.18804,0.18951,333635936.0,2025-10-18 20:00:00+00:00
1760832000000,0.18951,0.19067,0.18765,0.19052,511550248.0,2025-10-19 00:00:00+00:00
1760846400000,0.19052,0.19115,0.18806,0.18869,572919758.0,2025-10-19 04:00:00+00:00
1760860800000,0.18869,0.19679,0.18595,0.1932,2750190614.0,2025-10-19 08:00:00+00:00
1760875200000,0.1932,0.198,0.19249,0.19642,1238537559.0,2025-10-19 12:00:00+00:00
1760889600000,0.19642,0.19861,0.19537,0.19671,714389026.0,2025-10-19 16:00:00+00:00
1760904000000,0.1967,0.19752,0.19473,0.19526,610617277.0,2025-10-19 20:00:00+00:00
1760918400000,0.19526,0.19997,0.1916,0.19911,1425492183.0,2025-10-20 00:00:00+00:00
1760932800000,0.19912,0.2024,0.19912,0.20118,1151261387.0,2025-10-20 04:00:00+00:00
1760947200000,0.20117,0.20241,0.19941,0.2002,1178643512.0,2025-10-20 08:00:00+00:00
1760961600000,0.20021,0.20187,0.1991,0.19919,1041451606.0,2025-10-20 12:00:00+00:00
1760976000000,0.1992,0.20032,0.19574,0.19953,1677922298.0,2025-10-20 16:00:00+00:00
1760990400000,0.19954,0.20068,0.19831,0.19991,559910180.0,2025-10-20 20:00:00+00:00
1761004800000,0.19991,0.20066,0.19572,0.1965,865110404.0,2025-10-21 00:00:00+00:00
1761019200000,0.1965,0.19655,0.19271,0.19416,1277461610.0,2025-10-21 04:00:00+00:00
1761033600000,0.19416,0.19528,0.19199,0.19441,816049322.0,2025-10-21 08:00:00+00:00
1761048000000,0.19441,0.20556,0.19354,0.20433,2396785211.0,2025-10-21 12:00:00+00:00
1761062400000,0.20433,0.20493,0.19897,0.20142,1559115762.0,2025-10-21 16:00:00+00:00
1761076800000,0.20142,0.20169,0.19353,0.19418,1504692811.0,2025-10-21 20:00:00+00:00
1761091200000,0.19417,0.19532,0.19234,0.19367,957411826.0,2025-10-22 00:00:00+00:00
1761105600000,0.19367,0.19516,0.18926,0.19185,1331032919.0,2025-10-22 04:00:00+00:00
1761120000000,0.19184,0.19187,0.186,0.19087,1324064578.0,2025-10-22 08:00:00+00:00
1761134400000,0.19087,0.19334,0.18804,0.19206,2005156448.0,2025-10-22 12:00:00+00:00
1761148800000,0.19206,0.19308,0.18853,0.1904,1275454742.0,2025-10-22 16:00:00+00:00
1761163200000,0.19041,0.19097,0.18447,0.18982,1487454553.0,2025-10-22 20:00:00+00:00
1761177600000,0.18983,0.19166,0.18947,0.19097,540206154.0,2025-10-23 00:00:00+00:00
1761192000000,0.19098,0.19485,0.19071,0.19393,852480683.0,2025-10-23 04:00:00+00:00
1761206400000,0.19394,0.19587,0.19309,0.19326,897454610.0,2025-10-23 08:00:00+00:00
1761220800000,0.19326,0.19611,0.19139,0.19543,1264356470.0,2025-10-23 12:00:00+00:00
1761235200000,0.19542,0.19736,0.19472,0.19578,804689152.0,2025-10-23 16:00:00+00:00
1761249600000,0.19578,0.19581,0.19196,0.19484,594067780.0,2025-10-23 20:00:00+00:00
1761264000000,0.19484,0.19584,0.19424,0.19524,561193114.0,2025-10-24 00:00:00+00:00
1761278400000,0.19524,0.19843,0.19492,0.19667,922935739.0,2025-10-24 04:00:00+00:00
1761292800000,0.19666,0.19784,0.19533,0.19726,591653312.0,2025-10-24 08:00:00+00:00
1761307200000,0.19726,0.20113,0.19396,0.19485,1744047617.0,2025-10-24 12:00:00+00:00
1761321600000,0.19486,0.19699,0.19402,0.19665,561357074.0,2025-10-24 16:00:00+00:00
1761336000000,0.19665,0.19847,0.19656,0.19766,416235301.0,2025-10-24 20:00:00+00:00
1761350400000,0.19766,0.19983,0.19729,0.19775,787428037.0,2025-10-25 00:00:00+00:00
1761364800000,0.19776,0.19937,0.19761,0.19788,470739041.0,2025-10-25 04:00:00+00:00
1761379200000,0.19789,0.19878,0.1967,0.19743,385049613.0,2025-10-25 08:00:00+00:00
1761393600000,0.19743,0.19843,0.19582,0.19616,587912468.0,2025-10-25 12:00:00+00:00
1761408000000,0.19617,0.19807,0.196,0.19728,422754233.0,2025-10-25 16:00:00+00:00
1761422400000,0.19729,0.19753,0.19616,0.1964,320198267.0,2025-10-25 20:00:00+00:00
1761436800000,0.19639,0.19695,0.19449,0.19492,564324752.0,2025-10-26 00:00:00+00:00
1761451200000,0.19492,0.19661,0.19479,0.1966,303585747.0,2025-10-26 04:00:00+00:00
1761465600000,0.1966,0.20239,0.19634,0.20177,1247446367.0,2025-10-26 08:00:00+00:00
1761480000000,0.20176,0.20377,0.20132,0.20301,1082611975.0,2025-10-26 12:00:00+00:00
1761494400000,0.20301,0.20313,0.2015,0.2018,457194233.0,2025-10-26 16:00:00+00:00
1761508800000,0.2018,0.20745,0.20024,0.2057,1181154475.0,2025-10-26 20:00:00+00:00
1761523200000,0.2057,0.20945,0.20517,0.2068,1103427897.0,2025-10-27 00:00:00+00:00
1761537600000,0.20681,0.20886,0.20511,0.20623,980937093.0,2025-10-27 04:00:00+00:00
1761552000000,0.20623,0.20645,0.20136,0.20324,1352938605.0,2025-10-27 08:00:00+00:00
1761566400000,0.20324,0.20372,0.20043,0.20291,1040132272.0,2025-10-27 12:00:00+00:00
1761580800000,0.20292,0.20563,0.20282,0.20311,787439232.0,2025-10-27 16:00:00+00:00
1761595200000,0.2031,0.2031,0.199,0.2003,877024507.0,2025-10-27 20:00:00+00:00
1761609600000,0.2003,0.20149,0.19812,0.19961,891678064.0,2025-10-28 00:00:00+00:00
1761624000000,0.19961,0.20198,0.19801,0.20022,839257417.0,2025-10-28 04:00:00+00:00
1761638400000,0.20021,0.20108,0.19934,0.19967,539659574.0,2025-10-28 08:00:00+00:00
1761652800000,0.19967,0.20301,0.196,0.19964,1719410965.0,2025-10-28 12:00:00+00:00
1761667200000,0.19964,0.20246,0.19598,0.19671,1083504324.0,2025-10-28 16:00:00+00:00
1761681600000,0.19671,0.19678,0.19,0.19351,1959857516.0,2025-10-28 20:00:00+00:00
1761696000000,0.19352,0.19462,0.19252,0.19287,528896025.0,2025-10-29 00:00:00+00:00
1761710400000,0.19287,0.19471,0.19277,0.19424,422977143.0,2025-10-29 04:00:00+00:00
1761724800000,0.19425,0.19559,0.19248,0.19531,537570217.0,2025-10-29 08:00:00+00:00
1761739200000,0.19531,0.19721,0.19017,0.19101,1694889153.0,2025-10-29 12:00:00+00:00
1761753600000,0.19102,0.197,0.18703,0.19397,3170259803.0,2025-10-29 16:00:00+00:00
1761768000000,0.19397,0.19667,0.1914,0.19228,971497974.0,2025-10-29 20:00:00+00:00
1761782400000,0.19228,0.19452,0.19111,0.19363,616563806.0,2025-10-30 00:00:00+00:00
1761796800000,0.19362,0.19364,0.18538,0.19255,1861807644.0,2025-10-30 04:00:00+00:00
1761811200000,0.19254,0.19258,0.18769,0.18781,785713962.0,2025-10-30 08:00:00+00:00
1761825600000,0.18781,0.18821,0.17973,0.18057,2235868824.0,2025-10-30 12:00:00+00:00
1761840000000,0.18056,0.18196,0.17635,0.17685,1522947913.0,2025-10-30 16:00:00+00:00
1761854400000,0.17684,0.18275,0.17631,0.18256,1262129941.0,2025-10-30 20:00:00+00:00
1761868800000,0.18257,0.18577,0.18215,0.18445,796899287.0,2025-10-31 00:00:00+00:00
1761883200000,0.18446,0.18599,0.18382,0.18441,594095383.0,2025-10-31 04:00:00+00:00
1761897600000,0.1844,0.18728,0.18361,0.18662,560782209.0,2025-10-31 08:00:00+00:00
1761912000000,0.18662,0.18729,0.18444,0.18589,880724839.0,2025-10-31 12:00:00+00:00
1761926400000,0.18589,0.18801,0.18268,0.1874,1109299581.0,2025-10-31 16:00:00+00:00
1761940800000,0.18739,0.18753,0.18527,0.18635,368101985.0,2025-10-31 20:00:00+00:00
1761955200000,0.18635,0.1871,0.185,0.18689,375661109.0,2025-11-01 00:00:00+00:00
1761969600000,0.18689,0.18715,0.18546,0.187,280095395.0,2025-11-01 04:00:00+00:00
1761984000000,0.18699,0.18794,0.1866,0.18697,289402704.0,2025-11-01 08:00:00+00:00
1761998400000,0.18696,0.18763,0.18531,0.18725,427672545.0,2025-11-01 12:00:00+00:00
1762012800000,0.18724,0.18782,0.18653,0.18731,284451286.0,2025-11-01 16:00:00+00:00
1762027200000,0.18732,0.18831,0.18604,0.18726,244495817.0,2025-11-01 20:00:00+00:00
1762041600000,0.18727,0.18728,0.18574,0.18611,295498314.0,2025-11-02 00:00:00+00:00
1762056000000,0.18612,0.18877,0.18591,0.18813,398662993.0,2025-11-02 04:00:00+00:00
1762070400000,0.18813,0.18833,0.1847,0.18688,621040552.0,2025-11-02 08:00:00+00:00
1762084800000,0.18688,0.18695,0.1827,0.18335,701831795.0,2025-11-02 12:00:00+00:00
1762099200000,0.18335,0.18422,0.18157,0.18318,539983821.0,2025-11-02 16:00:00+00:00
1762113600000,0.18318,0.1867,0.18272,0.18629,422836085.0,2025-11-02 20:00:00+00:00
1762128000000,0.18629,0.18659,0.17442,0.175,1718112471.0,2025-11-03 00:00:00+00:00
1762142400000,0.175,0.17659,0.17094,0.17341,1844632640.0,2025-11-03 04:00:00+00:00
1762156800000,0.1734,0.17522,0.17119,0.17408,1085211195.0,2025-11-03 08:00:00+00:00
1762171200000,0.17408,0.17572,0.15942,0.16693,3552996838.0,2025-11-03 12:00:00+00:00
1762185600000,0.16693,0.17158,0.16546,0.168,1837370122.0,2025-11-03 16:00:00+00:00
1762200000000,0.168,0.16837,0.16425,0.1673,1194882745.0,2025-11-03 20:00:00+00:00
1762214400000,0.16731,0.1709,0.16551,0.17033,1020733195.0,2025-11-04 00:00:00+00:00
1762228800000,0.17034,0.17103,0.16053,0.16192,2442635282.0,2025-11-04 04:00:00+00:00
1762243200000,0.16192,0.16695,0.16083,0.16603,1323794995.0,2025-11-04 08:00:00+00:00
1762257600000,0.16604,0.16847,0.16068,0.16387,2238460084.0,2025-11-04 12:00:00+00:00
1762272000000,0.16387,0.16509,0.15406,0.15792,3605963787.0,2025-11-04 16:00:00+00:00
1762286400000,0.15792,0.16432,0.15146,0.16217,4102673943.0,2025-11-04 20:00:00+00:00
1762300800000,0.16216,0.16494,0.15443,0.16435,2198863604.0,2025-11-05 00:00:00+00:00
1762315200000,0.16435,0.16611,0.1636,0.16483,707174531.0,2025-11-05 04:00:00+00:00
1762329600000,0.16483,0.16483,0.16104,0.16379,906815930.0,2025-11-05 08:00:00+00:00
1762344000000,0.1638,0.16727,0.16291,0.1672,1359533690.0,2025-11-05 12:00:00+00:00
1762358400000,0.1672,0.16878,0.16558,0.16718,844009732.0,2025-11-05 16:00:00+00:00
1762372800000,0.16718,0.16825,0.16593,0.16709,526447471.0,2025-11-05 20:00:00+00:00
1762387200000,0.1671,0.16773,0.16427,0.16698,631581474.0,2025-11-06 00:00:00+00:00
1762401600000,0.16699,0.16734,0.16269,0.16317,687467117.0,2025-11-06 04:00:00+00:00
1762416000000,0.16316,0.16416,0.16208,0.16295,585333095.0,2025-11-06 08:00:00+00:00
1762430400000,0.16294,0.16377,0.15846,0.15907,1412576581.0,2025-11-06 12:00:00+00:00
1762444800000,0.15907,0.16204,0.15691,0.16069,1253592267.0,2025-11-06 16:00:00+00:00
1762459200000,0.1607,0.16282,0.15945,0.16155,570496535.0,2025-11-06 20:00:00+00:00
1762473600000,0.16155,0.16504,0.16087,0.16429,746678640.0,2025-11-07 00:00:00+00:00
1762488000000,0.16429,0.1672,0.16357,0.16692,553521184.0,2025-11-07 04:00:00+00:00
1762502400000,0.16692,0.16728,0.16207,0.16367,963864972.0,2025-11-07 08:00:00+00:00
1762516800000,0.16368,0.1702,0.15953,0.16894,1918034683.0,2025-11-07 12:00:00+00:00
1762531200000,0.16893,0.18159,0.16826,0.18056,2350612775.0,2025-11-07 16:00:00+00:00
1762545600000,0.18055,0.18155,0.17829,0.17873,680028631.0,2025-11-07 20:00:00+00:00
1762560000000,0.17872,0.18329,0.17724,0.17971,1311935551.0,2025-11-08 00:00:00+00:00
1762574400000,0.17972,0.18226,0.17756,0.18011,905999652.0,2025-11-08 04:00:00+00:00
1762588800000,0.18011,0.18217,0.17843,0.17905,795518027.0,2025-11-08 08:00:00+00:00
1762603200000,0.17905,0.17958,0.17315,0.17389,1207595876.0,2025-11-08 12:00:00+00:00
1762617600000,0.1739,0.17591,0.17287,0.17495,653575267.0,2025-11-08 16:00:00+00:00
1762632000000,0.17495,0.17652,0.17446,0.17597,360182190.0,2025-11-08 20:00:00+00:00
1762646400000,0.17596,0.17599,0.17112,0.17198,616028426.0,2025-11-09 00:00:00+00:00
1762660800000,0.17197,0.17536,0.17182,0.17511,486218864.0,2025-11-09 04:00:00+00:00
1762675200000,0.17511,0.17542,0.17231,0.17505,647311977.0,2025-11-09 08:00:00+00:00
1762689600000,0.17504,0.17952,0.17467,0.17799,1385208987.0,2025-11-09 12:00:00+00:00
1762704000000,0.17799,0.18007,0.17641,0.18004,647694340.0,2025-11-09 16:00:00+00:00
1762718400000,0.18003,0.18152,0.17834,0.17922,678198447.0,2025-11-09 20:00:00+00:00
1762732800000,0.17922,0.18365,0.17794,0.18157,1184885928.0,2025-11-10 00:00:00+00:00
1762747200000,0.18157,0.18194,0.17999,0.18121,543380064.0,2025-11-10 04:00:00+00:00
1762761600000,0.18122,0.18569,0.17948,0.18291,997939988.0,2025-11-10 08:00:00+00:00
1762776000000,0.18291,0.18392,0.17762,0.17914,1294621386.0,2025-11-10 12:00:00+00:00
1762790400000,0.17913,0.18108,0.17711,0.17982,725512212.0,2025-11-10 16:00:00+00:00
1762804800000,0.17982,0.18411,0.17811,0.1817,642929345.0,2025-11-10 20:00:00+00:00
1762819200000,0.18171,0.18636,0.17927,0.18272,1561736492.0,2025-11-11 00:00:00+00:00
1762833600000,0.18271,0.1833,0.17614,0.17629,985883373.0,2025-11-11 04:00:00+00:00
1762848000000,0.17628,0.17874,0.17607,0.17758,577885190.0,2025-11-11 08:00:00+00:00
1762862400000,0.17758,0.17879,0.1752,0.17608,1141651465.0,2025-11-11 12:00:00+00:00
1762876800000,0.17607,0.17711,0.17324,0.17426,1015343990.0,2025-11-11 16:00:00+00:00
1762891200000,0.17427,0.17453,0.17146,0.17197,667635053.0,2025-11-11 20:00:00+00:00
1762905600000,0.17198,0.173,0.17084,0.17152,631086701.0,2025-11-12 00:00:00+00:00
1762920000000,0.17153,0.17286,0.17101,0.17133,389603493.0,2025-11-12 04:00:00+00:00
1762934400000,0.17133,0.17702,0.17133,0.17613,990394983.0,2025-11-12 08:00:00+00:00
1762948800000,0.17613,0.17848,0.17071,0.17128,1471391182.0,2025-11-12 12:00:00+00:00
1762963200000,0.17128,0.17173,0.1671,0.16892,1650850577.0,2025-11-12 16:00:00+00:00
1762977600000,0.16892,0.17132,0.1684,0.17008,468312869.0,2025-11-12 20:00:00+00:00
1762992000000,0.17007,0.17555,0.16912,0.17396,904314384.0,2025-11-13 00:00:00+00:00
1763006400000,0.17395,0.17702,0.17316,0.17566,860907552.0,2025-11-13 04:00:00+00:00
1763020800000,0.17566,0.17682,0.17415,0.1758,605847048.0,2025-11-13 08:00:00+00:00
1763035200000,0.17581,0.17764,0.17202,0.17266,1456878747.0,2025-11-13 12:00:00+00:00
1763049600000,0.17265,0.17318,0.16009,0.16115,2220341184.0,2025-11-13 16:00:00+00:00
1763064000000,0.16115,0.16529,0.15981,0.16374,1221222483.0,2025-11-13 20:00:00+00:00
1763078400000,0.16373,0.1656,0.16241,0.16402,818871923.0,2025-11-14 00:00:00+00:00
1763092800000,0.16401,0.16618,0.15884,0.165,1863428004.0,2025-11-14 04:00:00+00:00
1763107200000,0.165,0.16519,0.16062,0.16199,1110060229.0,2025-11-14 08:00:00+00:00
1763121600000,0.162,0.16459,0.15761,0.1628,2341309091.0,2025-11-14 12:00:00+00:00
1763136000000,0.16281,0.1647,0.16083,0.16322,908401266.0,2025-11-14 16:00:00+00:00
1763150400000,0.16322,0.16333,0.15458,0.15756,1407982628.0,2025-11-14 20:00:00+00:00
1763164800000,0.15756,0.16301,0.15709,0.16284,711650153.0,2025-11-15 00:00:00+00:00
1763179200000,0.16284,0.16414,0.16215,0.16298,479917325.0,2025-11-15 04:00:00+00:00
1763193600000,0.16298,0.16306,0.16067,0.16175,569923959.0,2025-11-15 08:00:00+00:00
1763208000000,0.16176,0.16403,0.1615,0.16302,587064239.0,2025-11-15 12:00:00+00:00
1763222400000,0.16301,0.16476,0.16203,0.16368,498203989.0,2025-11-15 16:00:00+00:00
1763236800000,0.16368,0.16393,0.16185,0.16309,395375418.0,2025-11-15 20:00:00+00:00
1763251200000,0.16309,0.16439,0.15989,0.16379,740936288.0,2025-11-16 00:00:00+00:00
1763265600000,0.1638,0.16423,0.16265,0.16399,326735393.0,2025-11-16 04:00:00+00:00
1763280000000,0.164,0.16559,0.1609,0.16133,747735586.0,2025-11-16 08:00:00+00:00
1763294400000,0.16133,0.16224,0.15822,0.15852,834327987.0,2025-11-16 12:00:00+00:00
1763308800000,0.15853,0.1595,0.15345,0.15579,2015760784.0,2025-11-16 16:00:00+00:00
1763323200000,0.15579,0.15961,0.15489,0.15851,1066393096.0,2025-11-16 20:00:00+00:00
1763337600000,0.1585,0.1616,0.15694,0.1614,1007968446.0,2025-11-17 00:00:00+00:00
1763352000000,0.16141,0.16232,0.1606,0.16176,585326952.0,2025-11-17 04:00:00+00:00
1763366400000,0.16177,0.16297,0.16107,0.1621,455713986.0,2025-11-17 08:00:00+00:00
1763380800000,0.1621,0.16506,0.15751,0.15834,2438221299.0,2025-11-17 12:00:00+00:00
1763395200000,0.15834,0.16076,0.15169,0.15219,2724759943.0,2025-11-17 16:00:00+00:00
1763409600000,0.15218,0.15332,0.15054,0.15205,1078942375.0,2025-11-17 20:00:00+00:00
1763424000000,0.15206,0.15476,0.14928,0.1545,1872198727.0,2025-11-18 00:00:00+00:00
1763438400000,0.15451,0.15616,0.15212,0.155,1198026358.0,2025-11-18 04:00:00+00:00
1763452800000,0.155,0.1578,0.15496,0.15691,892055641.0,2025-11-18 08:00:00+00:00
1763467200000,0.15692,0.16048,0.15581,0.15915,1666539112.0,2025-11-18 12:00:00+00:00
1763481600000,0.15915,0.1629,0.15865,0.16217,979348822.0,2025-11-18 16:00:00+00:00
1763496000000,0.16217,0.16264,0.16048,0.16168,547598232.0,2025-11-18 20:00:00+00:00
1763510400000,0.16168,0.16247,0.15918,0.15948,807511405.0,2025-11-19 00:00:00+00:00
1763524800000,0.15948,0.16014,0.15534,0.15884,1328731286.0,2025-11-19 04:00:00+00:00
1763539200000,0.15883,0.15934,0.15717,0.15811,684365606.0,2025-11-19 08:00:00+00:00
1763553600000,0.15812,0.1597,0.15411,0.15442,1434256143.0,2025-11-19 12:00:00+00:00
1763568000000,0.15441,0.1553,0.14705,0.14871,2182205650.0,2025-11-19 16:00:00+00:00
1763582400000,0.14871,0.15509,0.14791,0.15453,1266510366.0,2025-11-19 20:00:00+00:00
1763596800000,0.15453,0.15828,0.15365,0.15761,932040026.0,2025-11-20 00:00:00+00:00
1763611200000,0.15761,0.15878,0.15632,0.15819,763454961.0,2025-11-20 04:00:00+00:00
1763625600000,0.15817,0.15837,0.15639,0.15794,542672743.0,2025-11-20 08:00:00+00:00
1763640000000,0.15795,0.15974,0.15621,0.15732,1512602596.0,2025-11-20 12:00:00+00:00
1763654400000,0.15733,0.15756,0.14607,0.14954,3453996930.0,2025-11-20 16:00:00+00:00
1763668800000,0.14954,0.1531,0.14809,0.14886,1241582603.0,2025-11-20 20:00:00+00:00
1763683200000,0.14886,0.15102,0.14495,0.14682,1427301128.0,2025-11-21 00:00:00+00:00
1763697600000,0.14682,0.14815,0.13392,0.14024,2769393802.0,2025-11-21 04:00:00+00:00
1763712000000,0.14024,0.14226,0.13635,0.13673,2240937192.0,2025-11-21 08:00:00+00:00
1763726400000,0.13673,0.14202,0.13316,0.13791,3494088656.0,2025-11-21 12:00:00+00:00
1763740800000,0.1379,0.14346,0.13568,0.1399,2326071799.0,2025-11-21 16:00:00+00:00
1763755200000,0.13989,0.14161,0.13562,0.14022,1655726912.0,2025-11-21 20:00:00+00:00
1763769600000,0.14023,0.14142,0.13842,0.13924,855046459.0,2025-11-22 00:00:00+00:00
1763784000000,0.13923,0.14013,0.13553,0.13959,1356136545.0,2025-11-22 04:00:00+00:00
1763798400000,0.13959,0.14009,0.13538,0.13813,1914546455.0,2025-11-22 08:00:00+00:00
1763812800000,0.13812,0.13946,0.13552,0.13811,1429540606.0,2025-11-22 12:00:00+00:00
1763827200000,0.13811,0.14013,0.13805,0.13939,559456778.0,2025-11-22 16:00:00+00:00
1763841600000,0.1394,0.14238,0.13866,0.14019,567192426.0,2025-11-22 20:00:00+00:00
1763856000000,0.1402,0.1433,0.13959,0.14277,720895683.0,2025-11-23 00:00:00+00:00
1763870400000,0.14277,0.1446,0.14188,0.1428,831641285.0,2025-11-23 04:00:00+00:00
1763884800000,0.14281,0.14426,0.14278,0.14375,505378596.0,2025-11-23 08:00:00+00:00
1763899200000,0.14375,0.1477,0.14359,0.14717,1110798818.0,2025-11-23 12:00:00+00:00
1763913600000,0.14717,0.14759,0.14455,0.14649,799648599.0,2025-11-23 16:00:00+00:00
1763928000000,0.14649,0.1475,0.14444,0.14494,652336728.0,2025-11-23 20:00:00+00:00
1763942400000,0.14495,0.14923,0.14351,0.14725,1455376112.0,2025-11-24 00:00:00+00:00
1763956800000,0.14726,0.14884,0.14441,0.14616,1037707109.0,2025-11-24 04:00:00+00:00
1763971200000,0.14616,0.14693,0.14389,0.14542,691446029.0,2025-11-24 08:00:00+00:00
1763985600000,0.14543,0.14761,0.14268,0.14674,1401733677.0,2025-11-24 12:00:00+00:00
1764000000000,0.14674,0.15325,0.14665,0.15242,1416146136.0,2025-11-24 16:00:00+00:00
1764014400000,0.15243,0.15392,0.15164,0.15173,713576142.0,2025-11-24 20:00:00+00:00
1764028800000,0.15174,0.15223,0.15015,0.1511,658916136.0,2025-11-25 00:00:00+00:00
1764043200000,0.15109,0.15194,0.14909,0.1492,438025110.0,2025-11-25 04:00:00+00:00
1764057600000,0.1492,0.14967,0.14744,0.14856,721745123.0,2025-11-25 08:00:00+00:00
1764072000000,0.14856,0.15002,0.14576,0.1479,1295867303.0,2025-11-25 12:00:00+00:00
1764086400000,0.1479,0.15216,0.14784,0.151,1025470428.0,2025-11-25 16:00:00+00:00
1764100800000,0.15099,0.15497,0.15074,0.15295,900118290.0,2025-11-25 20:00:00+00:00
1764115200000,0.15295,0.15397,0.15022,0.15052,683964649.0,2025-11-26 00:00:00+00:00
1764129600000,0.15052,0.1524,0.14996,0.15231,483044947.0,2025-11-26 04:00:00+00:00
1764144000000,0.15231,0.15235,0.14955,0.14979,689654625.0,2025-11-26 08:00:00+00:00
1764158400000,0.14979,0.15186,0.14856,0.15061,1170744471.0,2025-11-26 12:00:00+00:00
1764172800000,0.15062,0.15673,0.15059,0.15582,1506854164.0,2025-11-26 16:00:00+00:00
1764187200000,0.15582,0.15629,0.15421,0.15467,534607941.0,2025-11-26 20:00:00+00:00
1764201600000,0.15466,0.15554,0.15365,0.15382,678716529.0,2025-11-27 00:00:00+00:00
1764216000000,0.15383,0.15477,0.15364,0.15417,343000902.0,2025-11-27 04:00:00+00:00
1764230400000,0.15416,0.1545,0.15231,0.15277,561464846.0,2025-11-27 08:00:00+00:00
1764244800000,0.15277,0.15398,0.15212,0.15389,582287349.0,2025-11-27 12:00:00+00:00
1764259200000,0.15389,0.15435,0.15256,0.15387,463811027.0,2025-11-27 16:00:00+00:00
1764273600000,0.15387,0.15473,0.15216,0.15256,362831060.0,2025-11-27 20:00:00+00:00
1764288000000,0.15257,0.15284,0.14957,0.15092,701317583.0,2025-11-28 00:00:00+00:00
1764302400000,0.15091,0.15113,0.14952,0.14976,441565399.0,2025-11-28 04:00:00+00:00
1764316800000,0.14977,0.15349,0.14965,0.15033,901423092.0,2025-11-28 08:00:00+00:00
1764331200000,0.15033,0.15548,0.15008,0.15369,1330132736.0,2025-11-28 12:00:00+00:00
1764345600000,0.15368,0.15373,0.14815,0.15092,1269034628.0,2025-11-28 16:00:00+00:00
1764360000000,0.15093,0.15128,0.14942,0.15011,410007414.0,2025-11-28 20:00:00+00:00
1764374400000,0.15011,0.15089,0.14939,0.14982,407147493.0,2025-11-29 00:00:00+00:00
1764388800000,0.14983,0.15066,0.14843,0.14897,412875217.0,2025-11-29 04:00:00+00:00
1764403200000,0.14898,0.14953,0.14834,0.14941,284468848.0,2025-11-29 08:00:00+00:00
1764417600000,0.14941,0.14997,0.14826,0.1494,413033503.0,2025-11-29 12:00:00+00:00
1764432000000,0.14941,0.14944,0.14715,0.14814,557131255.0,2025-11-29 16:00:00+00:00
1764446400000,0.14815,0.14895,0.14774,0.14829,332455093.0,2025-11-29 20:00:00+00:00
1764460800000,0.1483,0.1495,0.14788,0.14929,328347696.0,2025-11-30 00:00:00+00:00
1764475200000,0.14929,0.14943,0.14831,0.14917,260508519.0,2025-11-30 04:00:00+00:00
1764489600000,0.14917,0.14982,0.14854,0.14875,321247476.0,2025-11-30 08:00:00+00:00
1764504000000,0.14876,0.15054,0.14844,0.1493,582897113.0,2025-11-30 12:00:00+00:00
1764518400000,0.1493,0.1505,0.14914,0.14965,536284940.0,2025-11-30 16:00:00+00:00
1764532800000,0.14965,0.15036,0.14577,0.1459,826704607.0,2025-11-30 20:00:00+00:00
1764547200000,0.1459,0.14629,0.13684,0.13708,2376098561.0,2025-12-01 00:00:00+00:00
1764561600000,0.13709,0.1377,0.13645,0.13764,726269299.0,2025-12-01 04:00:00+00:00
1764576000000,0.13765,0.13838,0.13652,0.13697,528404707.0,2025-12-01 08:00:00+00:00
1764590400000,0.13696,0.137,0.13165,0.13379,1891815963.0,2025-12-01 12:00:00+00:00
1764604800000,0.13379,0.13389,0.13203,0.13318,827008985.0,2025-12-01 16:00:00+00:00
1764619200000,0.13318,0.13656,0.13315,0.13536,941129463.0,2025-12-01 20:00:00+00:00
1764633600000,0.13536,0.13725,0.13484,0.13628,604019687.0,2025-12-02 00:00:00+00:00
1764648000000,0.13627,0.13669,0.13533,0.13554,257385652.0,2025-12-02 04:00:00+00:00
1764662400000,0.13553,0.13722,0.13436,0.1369,649730624.0,2025-12-02 08:00:00+00:00
1764676800000,0.13691,0.14781,0.1367,0.14627,2257372938.0,2025-12-02 12:00:00+00:00
1764691200000,0.14627,0.14727,0.14487,0.14596,1069461609.0,2025-12-02 16:00:00+00:00
1764705600000,0.14596,0.14728,0.14466,0.1457,664137683.0,2025-12-02 20:00:00+00:00
1764720000000,0.14569,0.14787,0.14513,0.14728,640067188.0,2025-12-03 00:00:00+00:00
1764734400000,0.14728,0.152,0.14713,0.15045,905851783.0,2025-12-03 04:00:00+00:00
1764748800000,0.15045,0.15088,0.14907,0.14996,592949195.0,2025-12-03 08:00:00+00:00
1764763200000,0.14997,0.15084,0.14641,0.1491,1353491841.0,2025-12-03 12:00:00+00:00
1764777600000,0.14911,0.15187,0.14834,0.15059,647881103.0,2025-12-03 16:00:00+00:00
1764792000000,0.1506,0.15337,0.15005,0.15159,667473605.0,2025-12-03 20:00:00+00:00
1764806400000,0.1516,0.15313,0.15063,0.15099,582390906.0,2025-12-04 00:00:00+00:00
1764820800000,0.151,0.15154,0.14912,0.14981,532695606.0,2025-12-04 04:00:00+00:00
1764835200000,0.14981,0.15034,0.149,0.14931,430223549.0,2025-12-04 08:00:00+00:00
1764849600000,0.1493,0.15102,0.14771,0.15016,949663870.0,2025-12-04 12:00:00+00:00
1764864000000,0.15016,0.15038,0.14551,0.14796,1056790576.0,2025-12-04 16:00:00+00:00
1764878400000,0.14796,0.1485,0.14707,0.14734,385786475.0,2025-12-04 20:00:00+00:00
1764892800000,0.14735,0.1483,0.14708,0.14737,359526080.0,2025-12-05 00:00:00+00:00
1764907200000,0.14736,0.14786,0.1461,0.1474,370640065.0,2025-12-05 04:00:00+00:00
1764921600000,0.1474,0.1474,0.14354,0.14425,720510608.0,2025-12-05 08:00:00+00:00
1764936000000,0.14425,0.14486,0.14176,0.14245,1125848491.0,2025-12-05 12:00:00+00:00
1764950400000,0.14245,0.14255,0.13712,0.13895,1550220723.0,2025-12-05 16:00:00+00:00
1764964800000,0.13895,0.13959,0.13791,0.13947,421232502.0,2025-12-05 20:00:00+00:00
1764979200000,0.13948,0.1403,0.13886,0.13988,309892419.0,2025-12-06 00:00:00+00:00
1764993600000,0.13987,0.13997,0.13873,0.13921,324713348.0,2025-12-06 04:00:00+00:00
1765008000000,0.13922,0.1398,0.13827,0.13959,312715341.0,2025-12-06 08:00:00+00:00
1765022400000,0.13958,0.14068,0.13892,0.13952,484474382.0,2025-12-06 12:00:00+00:00
1765036800000,0.13951,0.1405,0.139,0.13927,324542301.0,2025-12-06 16:00:00+00:00
1765051200000,0.13928,0.14041,0.13901,0.1397,297620367.0,2025-12-06 20:00:00+00:00
1765065600000,0.13969,0.14037,0.13948,0.14029,221117465.0,2025-12-07 00:00:00+00:00
1765080000000,0.14029,0.14084,0.13923,0.1394,311326931.0,2025-12-07 04:00:00+00:00
1765094400000,0.1394,0.13978,0.13834,0.13884,306958926.0,2025-12-07 08:00:00+00:00
1765108800000,0.13884,0.13983,0.13478,0.13925,1330215136.0,2025-12-07 12:00:00+00:00
1765123200000,0.13924,0.14282,0.13809,0.142,1021896285.0,2025-12-07 16:00:00+00:00
1765137600000,0.142,0.14224,0.13576,0.13862,885887078.0,2025-12-07 20:00:00+00:00
1765152000000,0.13861,0.14146,0.1379,0.14026,572752082.0,2025-12-08 00:00:00+00:00
1765166400000,0.14025,0.14258,0.14017,0.14214,407995353.0,2025-12-08 04:00:00+00:00
1765180800000,0.14214,0.14479,0.14186,0.14318,666046637.0,2025-12-08 08:00:00+00:00
1765195200000,0.14318,0.14499,0.14181,0.14238,1139841220.0,2025-12-08 12:00:00+00:00
1765209600000,0.14238,0.14393,0.1411,0.14261,881465535.0,2025-12-08 16:00:00+00:00
1765224000000,0.14261,0.14399,0.14185,0.14253,388022347.0,2025-12-08 20:00:00+00:00
1765238400000,0.14254,0.14266,0.1402,0.14154,540127583.0,2025-12-09 00:00:00+00:00
1765252800000,0.14155,0.1416,0.13935,0.14073,530575661.0,2025-12-09 04:00:00+00:00
1765267200000,0.14073,0.14097,0.13953,0.1408,387204038.0,2025-12-09 08:00:00+00:00
1765281600000,0.14079,0.14677,0.14041,0.14625,1377293848.0,2025-12-09 12:00:00+00:00
1765296000000,0.14624,0.15313,0.14624,0.15085,1855825837.0,2025-12-09 16:00:00+00:00
1765310400000,0.15085,0.15153,0.14672,0.1479,779484097.0,2025-12-09 20:00:00+00:00
1765324800000,0.14789,0.14823,0.14592,0.14732,568677175.0,2025-12-10 00:00:00+00:00
1765339200000,0.14731,0.14775,0.14597,0.14662,357271732.0,2025-12-10 04:00:00+00:00
1765353600000,0.14661,0.14806,0.14511,0.14578,640364757.0,2025-12-10 08:00:00+00:00
1765368000000,0.14579,0.14656,0.14446,0.14509,657785024.0,2025-12-10 12:00:00+00:00
1765382400000,0.14508,0.14925,0.14485,0.14748,1308668838.0,2025-12-10 16:00:00+00:00
1765396800000,0.14748,0.15029,0.14223,0.14324,1539047211.0,2025-12-10 20:00:00+00:00
1765411200000,0.14324,0.14352,0.13711,0.13798,1398100227.0,2025-12-11 00:00:00+00:00
1765425600000,0.13798,0.139,0.13734,0.13803,603808897.0,2025-12-11 04:00:00+00:00
1765440000000,0.13803,0.13837,0.13705,0.13792,405352535.0,2025-12-11 08:00:00+00:00
1765454400000,0.13792,0.13829,0.1365,0.13703,868363709.0,2025-12-11 12:00:00+00:00
1765468800000,0.13704,0.13958,0.13615,0.13833,804706842.0,2025-12-11 16:00:00+00:00
1765483200000,0.13832,0.14277,0.13827,0.14028,808652254.0,2025-12-11 20:00:00+00:00
1765497600000,0.14027,0.14127,0.13865,0.14052,523137563.0,2025-12-12 00:00:00+00:00
1765512000000,0.14051,0.14147,0.13968,0.14054,374652764.0,2025-12-12 04:00:00+00:00
1765526400000,0.14053,0.14134,0.13983,0.14102,327086495.0,2025-12-12 08:00:00+00:00
1765540800000,0.14101,0.14134,0.13489,0.13552,1132681557.0,2025-12-12 12:00:00+00:00
1765555200000,0.13552,0.13719,0.13416,0.136,1173723192.0,2025-12-12 16:00:00+00:00
1765569600000,0.136,0.13727,0.13537,0.13684,290897410.0,2025-12-12 20:00:00+00:00
1765584000000,0.13684,0.13763,0.13682,0.13745,257147891.0,2025-12-13 00:00:00+00:00
1765598400000,0.13744,0.13784,0.13706,0.1377,224724665.0,2025-12-13 04:00:00+00:00
1765612800000,0.1377,0.13948,0.13769,0.13875,353988639.0,2025-12-13 08:00:00+00:00
1765627200000,0.13875,0.13997,0.13847,0.13942,448075668.0,2025-12-13 12:00:00+00:00
1765641600000,0.13942,0.13987,0.1386,0.13892,279898859.0,2025-12-13 16:00:00+00:00
1765656000000,0.13893,0.13936,0.1378,0.13897,279401446.0,2025-12-13 20:00:00+00:00
1765670400000,0.13898,0.13919,0.13852,0.13875,202290027.0,2025-12-14 00:00:00+00:00
1765684800000,0.13876,0.13884,0.13744,0.13818,260081489.0,2025-12-14 04:00:00+00:00
1765699200000,0.13818,0.13838,0.13564,0.13673,453118658.0,2025-12-14 08:00:00+00:00
1765713600000,0.13672,0.13717,0.13486,0.13539,529553143.0,2025-12-14 12:00:00+00:00
1765728000000,0.13539,0.13611,0.13322,0.13423,800589585.0,2025-12-14 16:00:00+00:00
1765742400000,0.13424,0.13474,0.1325,0.134,590132756.0,2025-12-14 20:00:00+00:00
1765756800000,0.13399,0.13839,0.13397,0.13613,928901046.0,2025-12-15 00:00:00+00:00
1765771200000,0.13613,0.13722,0.13591,0.13626,333097959.0,2025-12-15 04:00:00+00:00
1765785600000,0.13626,0.13769,0.13607,0.13676,414613424.0,2025-12-15 08:00:00+00:00
1765800000000,0.13676,0.13743,0.12967,0.13064,2039769144.0,2025-12-15 12:00:00+00:00
1765814400000,0.13065,0.13112,0.12654,0.1288,1473117929.0,2025-12-15 16:00:00+00:00
1765828800000,0.1288,0.12973,0.12743,0.12968,496940055.0,2025-12-15 20:00:00+00:00
1765843200000,0.12967,0.1301,0.12826,0.12918,570351743.0,2025-12-16 00:00:00+00:00
1765857600000,0.12919,0.13013,0.12713,0.12837,615908328.0,2025-12-16 04:00:00+00:00
1765872000000,0.12836,0.13197,0.12828,0.13158,667954185.0,2025-12-16 08:00:00+00:00
1765886400000,0.13158,0.133,0.1288,0.13261,1415979772.0,2025-12-16 12:00:00+00:00
1765900800000,0.13261,0.13295,0.13087,0.132,589454596.0,2025-12-16 16:00:00+00:00
1765915200000,0.13199,0.13241,0.13137,0.13171,217345098.0,2025-12-16 20:00:00+00:00
1765929600000,0.13171,0.13239,0.13092,0.13119,335037231.0,2025-12-17 00:00:00+00:00
1765944000000,0.13118,0.13134,0.12992,0.13082,476783106.0,2025-12-17 04:00:00+00:00
1765958400000,0.13082,0.13084,0.12928,0.13024,392339242.0,2025-12-17 08:00:00+00:00
1765972800000,0.13025,0.13628,0.1293,0.12987,2181487951.0,2025-12-17 12:00:00+00:00
1765987200000,0.12987,0.13068,0.12469,0.1264,1910663500.0,2025-12-17 16:00:00+00:00
1766001600000,0.1264,0.12777,0.12527,0.12626,544798143.0,2025-12-17 20:00:00+00:00
1766016000000,0.12627,0.12673,0.1251,0.12534,489951263.0,2025-12-18 00:00:00+00:00
1766030400000,0.12534,0.12584,0.12372,0.12477,750620131.0,2025-12-18 04:00:00+00:00
1766044800000,0.12477,0.12639,0.12457,0.12606,710692065.0,2025-12-18 08:00:00+00:00
1766059200000,0.12607,0.13068,0.12571,0.12947,1826585297.0,2025-12-18 12:00:00+00:00
1766073600000,0.12947,0.12973,0.11985,0.12017,2482979949.0,2025-12-18 16:00:00+00:00
1766088000000,0.12017,0.12368,0.12002,0.12203,816760462.0,2025-12-18 20:00:00+00:00
1766102400000,0.12203,0.12627,0.12049,0.12546,1308285068.0,2025-12-19 00:00:00+00:00
1766116800000,0.12545,0.1288,0.12533,0.12789,853165636.0,2025-12-19 04:00:00+00:00
1766131200000,0.12788,0.1286,0.1274,0.12817,483997554.0,2025-12-19 08:00:00+00:00
1766145600000,0.12818,0.13203,0.12785,0.12956,1228030253.0,2025-12-19 12:00:00+00:00
1766160000000,0.12956,0.13349,0.12951,0.13283,1167608392.0,2025-12-19 16:00:00+00:00
1766174400000,0.13283,0.13335,0.13169,0.13215,420611460.0,2025-12-19 20:00:00+00:00
1766188800000,0.13216,0.13222,0.13064,0.1314,404575386.0,2025-12-20 00:00:00+00:00
1766203200000,0.13141,0.13162,0.13061,0.13149,269364767.0,2025-12-20 04:00:00+00:00
1766217600000,0.13149,0.13252,0.13144,0.13192,387494483.0,2025-12-20 08:00:00+00:00
1766232000000,0.13191,0.13234,0.13114,0.13205,372495365.0,2025-12-20 12:00:00+00:00
1766246400000,0.13205,0.1323,0.13153,0.13212,207958352.0,2025-12-20 16:00:00+00:00
1766260800000,0.13213,0.13239,0.13145,0.13188,194482756.0,2025-12-20 20:00:00+00:00
1766275200000,0.13188,0.13212,0.13038,0.13104,358233831.0,2025-12-21 00:00:00+00:00
1766289600000,0.13104,0.13172,0.13087,0.1313,173301496.0,2025-12-21 04:00:00+00:00
1766304000000,0.1313,0.1334,0.13115,0.13168,557713761.0,2025-12-21 08:00:00+00:00
1766318400000,0.13168,0.13228,0.12864,0.12945,924879487.0,2025-12-21 12:00:00+00:00
1766332800000,0.12945,0.13051,0.12904,0.13031,391011741.0,2025-12-21 16:00:00+00:00
1766347200000,0.13032,0.13134,0.12927,0.13105,284250529.0,2025-12-21 20:00:00+00:00
1766361600000,0.13106,0.13418,0.12937,0.13198,990055882.0,2025-12-22 00:00:00+00:00
1766376000000,0.13197,0.13269,0.13144,0.13202,329836256.0,2025-12-22 04:00:00+00:00
1766390400000,0.13202,0.13325,0.13162,0.1328,495560560.0,2025-12-22 08:00:00+00:00
1766404800000,0.13281,0.13534,0.13246,0.13434,966619312.0,2025-12-22 12:00:00+00:00
1766419200000,0.13434,0.13518,0.13158,0.13186,874000510.0,2025-12-22 16:00:00+00:00
1766433600000,0.13186,0.13263,0.13082,0.13249,530751595.0,2025-12-22 20:00:00+00:00
1766448000000,0.1325,0.13363,0.13125,0.13245,531596168.0,2025-12-23 00:00:00+00:00
1766462400000,0.13244,0.13303,0.12986,0.1304,613554572.0,2025-12-23 04:00:00+00:00
1766476800000,0.1304,0.13135,0.12991,0.13105,325602400.0,2025-12-23 08:00:00+00:00
1766491200000,0.13106,0.13106,0.12782,0.12941,994569516.0,2025-12-23 12:00:00+00:00
1766505600000,0.12941,0.13088,0.12817,0.12891,779733231.0,2025-12-23 16:00:00+00:00
1766520000000,0.12891,0.13041,0.12856,0.12923,342121891.0,2025-12-23 20:00:00+00:00
1766534400000,0.12922,0.1303,0.12742,0.12844,581203743.0,2025-12-24 00:00:00+00:00
1766548800000,0.12844,0.12888,0.12663,0.12703,505319357.0,2025-12-24 04:00:00+00:00
1766563200000,0.12704,0.12833,0.12643,0.12794,395964901.0,2025-12-24 08:00:00+00:00
1766577600000,0.12794,0.12853,0.1267,0.12831,599198799.0,2025-12-24 12:00:00+00:00
1766592000000,0.12832,0.12942,0.12756,0.12812,431091197.0,2025-12-24 16:00:00+00:00
1766606400000,0.12812,0.12933,0.12805,0.12849,199834553.0,2025-12-24 20:00:00+00:00
1766620800000,0.12849,0.12904,0.12785,0.12872,207261211.0,2025-12-25 00:00:00+00:00
1766635200000,0.12873,0.12879,0.12765,0.12788,213920252.0,2025-12-25 04:00:00+00:00
1766649600000,0.12788,0.12852,0.12545,0.12616,671673412.0,2025-12-25 08:00:00+00:00
1766664000000,0.12616,0.12823,0.12582,0.12758,574328619.0,2025-12-25 12:00:00+00:00
1766678400000,0.12758,0.12795,0.12666,0.12708,356619981.0,2025-12-25 16:00:00+00:00
1766692800000,0.12709,0.12723,0.12292,0.12356,784443484.0,2025-12-25 20:00:00+00:00
1766707200000,0.12356,0.12748,0.12305,0.12599,993129553.0,2025-12-26 00:00:00+00:00
1766721600000,0.126,0.12665,0.12516,0.12532,573066903.0,2025-12-26 04:00:00+00:00
1766736000000,0.12531,0.12603,0.12521,0.1253,292692514.0,2025-12-26 08:00:00+00:00
1766750400000,0.12531,0.12635,0.12117,0.12206,1526033825.0,2025-12-26 12:00:00+00:00
1766764800000,0.12207,0.12239,0.12052,0.12202,755987073.0,2025-12-26 16:00:00+00:00
1766779200000,0.12203,0.12256,0.1216,0.12205,354507041.0,2025-12-26 20:00:00+00:00
1766793600000,0.12206,0.12336,0.12186,0.12324,342151688.0,2025-12-27 00:00:00+00:00
1766808000000,0.12324,0.12331,0.12251,0.12265,311008138.0,2025-12-27 04:00:00+00:00
1766822400000,0.12264,0.12307,0.12198,0.123,352530779.0,2025-12-27 08:00:00+00:00
1766836800000,0.123,0.12334,0.12235,0.12297,404024490.0,2025-12-27 12:00:00+00:00
1766851200000,0.12297,0.12324,0.12255,0.12287,246384060.0,2025-12-27 16:00:00+00:00
1766865600000,0.12287,0.12491,0.12285,0.1243,571936580.0,2025-12-27 20:00:00+00:00
1766880000000,0.12431,0.1246,0.12362,0.12407,279378394.0,2025-12-28 00:00:00+00:00
1766894400000,0.12407,0.12434,0.12369,0.1241,212350051.0,2025-12-28 04:00:00+00:00
1766908800000,0.12411,0.12432,0.12342,0.12393,257599737.0,2025-12-28 08:00:00+00:00
1766923200000,0.12393,0.12483,0.12377,0.12422,348650485.0,2025-12-28 12:00:00+00:00
1766937600000,0.12421,0.12462,0.12306,0.12338,412638673.0,2025-12-28 16:00:00+00:00
1766952000000,0.12339,0.12405,0.12268,0.12388,347646070.0,2025-12-28 20:00:00+00:00
1766966400000,0.12389,0.12772,0.12373,0.12743,1172649364.0,2025-12-29 00:00:00+00:00
1766980800000,0.12742,0.128,0.12615,0.12709,601066336.0,2025-12-29 04:00:00+00:00
1766995200000,0.1271,0.12718,0.12426,0.12484,813349485.0,2025-12-29 08:00:00+00:00
1767009600000,0.12483,0.12496,0.12242,0.12402,1293359778.0,2025-12-29 12:00:00+00:00
1767024000000,0.12402,0.1241,0.12261,0.12279,645233931.0,2025-12-29 16:00:00+00:00
1767038400000,0.12279,0.12322,0.12218,0.1228,360780923.0,2025-12-29 20:00:00+00:00
1767052800000,0.12279,0.12367,0.12233,0.12342,369756527.0,2025-12-30 00:00:00+00:00
1767067200000,0.12342,0.12391,0.1228,0.12365,415316849.0,2025-12-30 04:00:00+00:00
1767081600000,0.12364,0.12512,0.12364,0.12451,714990144.0,2025-12-30 08:00:00+00:00
1767096000000,0.1245,0.12541,0.12311,0.12451,884401826.0,2025-12-30 12:00:00+00:00
1767110400000,0.12451,0.12498,0.12248,0.12325,532889019.0,2025-12-30 16:00:00+00:00
1767124800000,0.12324,0.12341,0.12251,0.12326,363884802.0,2025-12-30 20:00:00+00:00
1767139200000,0.12326,0.12369,0.12283,0.12305,324897386.0,2025-12-31 00:00:00+00:00
1767153600000,0.12306,0.12332,0.12282,0.12331,216904979.0,2025-12-31 04:00:00+00:00
1767168000000,0.12332,0.12366,0.12274,0.12335,385528254.0,2025-12-31 08:00:00+00:00
1767182400000,0.12336,0.12377,0.12046,0.12109,1098199783.0,2025-12-31 12:00:00+00:00
1767196800000,0.1211,0.12148,0.11534,0.11719,1900625669.0,2025-12-31 16:00:00+00:00
1767211200000,0.11719,0.11777,0.11605,0.11741,586396561.0,2025-12-31 20:00:00+00:00
1767225600000,0.11741,0.11874,0.11736,0.11823,484897799.0,2026-01-01 00:00:00+00:00
1767240000000,0.11824,0.11868,0.11789,0.11837,254891925.0,2026-01-01 04:00:00+00:00
1767254400000,0.11837,0.12129,0.11832,0.1206,1070009830.0,2026-01-01 08:00:00+00:00
1767268800000,0.12061,0.1275,0.12025,0.12463,1606746473.0,2026-01-01 12:00:00+00:00
1767283200000,0.12464,0.12585,0.12357,0.1258,1375742193.0,2026-01-01 16:00:00+00:00
1767297600000,0.1258,0.12721,0.12545,0.12679,740126624.0,2026-01-01 20:00:00+00:00
1767312000000,0.12679,0.12944,0.12588,0.12863,912379777.0,2026-01-02 00:00:00+00:00
1767326400000,0.12862,0.12906,0.12746,0.1279,690094808.0,2026-01-02 04:00:00+00:00
1767340800000,0.12789,0.13487,0.12787,0.12941,2458758172.0,2026-01-02 08:00:00+00:00
1767355200000,0.1294,0.13633,0.12923,0.13524,2659247470.0,2026-01-02 12:00:00+00:00
1767369600000,0.13523,0.13997,0.13479,0.13947,1882742654.0,2026-01-02 16:00:00+00:00
1767384000000,0.13947,0.145,0.13889,0.14181,2036810532.0,2026-01-02 20:00:00+00:00
1767398400000,0.14182,0.14448,0.1412,0.14403,858555880.0,2026-01-03 00:00:00+00:00
1767412800000,0.14403,0.14424,0.13897,0.13996,1076212487.0,2026-01-03 04:00:00+00:00
1767427200000,0.13995,0.14327,0.13933,0.14248,1118777437.0,2026-01-03 08:00:00+00:00
1767441600000,0.14249,0.14343,0.1422,0.1422,783111349.0,2026-01-03 12:00:00+00:00
1767456000000,0.14221,0.14239,0.14071,0.14161,754274007.0,2026-01-03 16:00:00+00:00
1767470400000,0.14161,0.14372,0.14121,0.14307,424788501.0,2026-01-03 20:00:00+00:00
1767484800000,0.14307,0.1519,0.14271,0.15096,1955000995.0,2026-01-04 00:00:00+00:00
1767499200000,0.15097,0.15406,0.1496,0.15142,1846038083.0,2026-01-04 04:00:00+00:00
1767513600000,0.15143,0.1528,0.1506,0.15187,1143579327.0,2026-01-04 08:00:00+00:00
1767528000000,0.15187,0.15417,0.15031,0.15134,1514293458.0,2026-01-04 12:00:00+00:00
1767542400000,0.15134,0.15282,0.14768,0.14982,1303187353.0,2026-01-04 16:00:00+00:00
1767556800000,0.14981,0.15063,0.14852,0.14944,692822643.0,2026-01-04 20:00:00+00:00
1767571200000,0.14944,0.1524,0.14876,0.15149,1389719895.0,2026-01-05 00:00:00+00:00
1767585600000,0.15149,0.15167,0.14863,0.14992,791436259.0,2026-01-05 04:00:00+00:00
1767600000000,0.14992,0.15068,0.14558,0.14772,1672056562.0,2026-01-05 08:00:00+00:00
1767614400000,0.14772,0.1494,0.14624,0.14874,1522491624.0,2026-01-05 12:00:00+00:00
1767628800000,0.14875,0.15385,0.14835,0.1517,1964915776.0,2026-01-05 16:00:00+00:00
1767643200000,0.1517,0.15439,0.15077,0.15165,919204756.0,2026-01-05 20:00:00+00:00
1767657600000,0.15164,0.15452,0.14914,0.15273,1399371342.0,2026-01-06 00:00:00+00:00
1767672000000,0.15274,0.15285,0.14903,0.14948,1016107503.0,2026-01-06 04:00:00+00:00
1767686400000,0.14948,0.15084,0.14942,0.15039,487800638.0,2026-01-06 08:00:00+00:00
1767700800000,0.15039,0.15656,0.149,0.1499,2238102298.0,2026-01-06 12:00:00+00:00
1767715200000,0.1499,0.15025,0.1424,0.14579,2752939415.0,2026-01-06 16:00:00+00:00
1767729600000,0.1458,0.15097,0.14576,0.15048,969718134.0,2026-01-06 20:00:00+00:00
1767744000000,0.15048,0.15048,0.14684,0.14832,875063586.0,2026-01-07 00:00:00+00:00
1767758400000,0.14832,0.14912,0.14725,0.14898,407518904.0,2026-01-07 04:00:00+00:00
1767772800000,0.14899,0.15404,0.14741,0.14882,2191287565.0,2026-01-07 08:00:00+00:00
1767787200000,0.14882,0.14889,0.14472,0.14605,1366622743.0,2026-01-07 12:00:00+00:00
1767801600000,0.14605,0.14844,0.14538,0.14654,852818254.0,2026-01-07 16:00:00+00:00
1767816000000,0.14654,0.14727,0.14533,0.14634,446680174.0,2026-01-07 20:00:00+00:00
1767830400000,0.14633,0.14772,0.14449,0.14519,639857159.0,2026-01-08 00:00:00+00:00
1767844800000,0.14518,0.14736,0.141,0.14392,1236646876.0,2026-01-08 04:00:00+00:00
1767859200000,0.14392,0.14478,0.13784,0.1409,1836378909.0,2026-01-08 08:00:00+00:00
1767873600000,0.14091,0.142,0.1381,0.14179,1427889446.0,2026-01-08 12:00:00+00:00
1767888000000,0.14179,0.14316,0.14047,0.14183,887291055.0,2026-01-08 16:00:00+00:00
1767902400000,0.14183,0.14341,0.14086,0.14189,378341500.0,2026-01-08 20:00:00+00:00
1767916800000,0.14189,0.14358,0.14111,0.14295,506348252.0,2026-01-09 00:00:00+00:00
1767931200000,0.14296,0.14314,0.14185,0.1419,330574895.0,2026-01-09 04:00:00+00:00
1767945600000,0.1419,0.1421,0.13877,0.14025,716804808.0,2026-01-09 08:00:00+00:00
1767960000000,0.14025,0.14455,0.13813,0.14205,1719532999.0,2026-01-09 12:00:00+00:00
1767974400000,0.14206,0.14419,0.13888,0.13945,970842904.0,2026-01-09 16:00:00+00:00
1767988800000,0.13944,0.14112,0.13927,0.14065,332736875.0,2026-01-09 20:00:00+00:00
1768003200000,0.14066,0.14069,0.13962,0.14022,240435861.0,2026-01-10 00:00:00+00:00
1768017600000,0.14023,0.14057,0.13937,0.14031,237296823.0,2026-01-10 04:00:00+00:00
1768032000000,0.14032,0.14046,0.13938,0.13994,337573972.0,2026-01-10 08:00:00+00:00
1768046400000,0.13994,0.1404,0.13953,0.13992,234182225.0,2026-01-10 12:00:00+00:00
1768060800000,0.13992,0.14031,0.13943,0.14024,218484586.0,2026-01-10 16:00:00+00:00
1768075200000,0.14024,0.14042,0.139,0.13958,192448398.0,2026-01-10 20:00:00+00:00
1768089600000,0.13959,0.13959,0.1385,0.13905,289883852.0,2026-01-11 00:00:00+00:00
1768104000000,0.13905,0.13999,0.13868,0.13996,252187244.0,2026-01-11 04:00:00+00:00
1768118400000,0.13996,0.1403,0.13937,0.13965,195317508.0,2026-01-11 08:00:00+00:00
1768132800000,0.13966,0.14116,0.13662,0.13808,862447864.0,2026-01-11 12:00:00+00:00
1768147200000,0.13807,0.13993,0.13719,0.1375,710910272.0,2026-01-11 16:00:00+00:00
1768161600000,0.1375,0.1383,0.13579,0.13794,752623311.0,2026-01-11 20:00:00+00:00
1768176000000,0.13795,0.14229,0.13656,0.14035,1102047441.0,2026-01-12 00:00:00+00:00
1768190400000,0.14036,0.14128,0.13772,0.13785,692047553.0,2026-01-12 04:00:00+00:00
1768204800000,0.13785,0.13866,0.13542,0.13661,819006220.0,2026-01-12 08:00:00+00:00
1768219200000,0.13661,0.1386,0.13484,0.1384,944494996.0,2026-01-12 12:00:00+00:00
1768233600000,0.1384,0.1401,0.13682,0.13824,909573934.0,2026-01-12 16:00:00+00:00
1768248000000,0.13825,0.13887,0.13543,0.13653,593533432.0,2026-01-12 20:00:00+00:00
1768262400000,0.13653,0.13734,0.13618,0.13704,396599072.0,2026-01-13 00:00:00+00:00
1768276800000,0.13704,0.13953,0.13703,0.13858,615615804.0,2026-01-13 04:00:00+00:00
1768291200000,0.13858,0.14033,0.13853,0.139,610899328.0,2026-01-13 08:00:00+00:00
1768305600000,0.13901,0.14231,0.13872,0.14204,1189233514.0,2026-01-13 12:00:00+00:00
1768320000000,0.14204,0.14478,0.14184,0.14432,967829266.0,2026-01-13 16:00:00+00:00
1768334400000,0.14433,0.15089,0.14346,0.14821,1752221691.0,2026-01-13 20:00:00+00:00
1768348800000,0.14821,0.14971,0.14715,0.14954,879795758.0,2026-01-14 00:00:00+00:00
1768363200000,0.14953,0.14977,0.14681,0.14841,655478340.0,2026-01-14 04:00:00+00:00
1768377600000,0.14841,0.1487,0.14573,0.14596,528446991.0,2026-01-14 08:00:00+00:00
1768392000000,0.14597,0.14977,0.14553,0.14891,1159574997.0,2026-01-14 12:00:00+00:00
1768406400000,0.14891,0.15127,0.1462,0.14785,1218188140.0,2026-01-14 16:00:00+00:00
1768420800000,0.14784,0.14912,0.1462,0.14712,474781774.0,2026-01-14 20:00:00+00:00
1768435200000,0.14713,0.14716,0.14232,0.14264,925422838.0,2026-01-15 00:00:00+00:00
1768449600000,0.14263,0.1445,0.14253,0.14409,498642986.0,2026-01-15 04:00:00+00:00
1768464000000,0.14409,0.14504,0.14324,0.14361,480489647.0,2026-01-15 08:00:00+00:00
1768478400000,0.14361,0.1449,0.14,0.14203,1216990930.0,2026-01-15 12:00:00+00:00
1768492800000,0.14202,0.1424,0.13906,0.13991,1005507441.0,2026-01-15 16:00:00+00:00
1768507200000,0.13991,0.14043,0.13871,0.13997,403806727.0,2026-01-15 20:00:00+00:00
1768521600000,0.13998,0.14037,0.1391,0.13936,400130002.0,2026-01-16 00:00:00+00:00
1768536000000,0.13936,0.14028,0.13832,0.13994,438797350.0,2026-01-16 04:00:00+00:00
1768550400000,0.13995,0.14026,0.13719,0.13797,743430451.0,2026-01-16 08:00:00+00:00
1768564800000,0.13797,0.13835,0.13501,0.13595,1066062370.0,2026-01-16 12:00:00+00:00
1768579200000,0.13594,0.13734,0.13555,0.13717,614684644.0,2026-01-16 16:00:00+00:00
1768593600000,0.13718,0.1384,0.13619,0.13804,481510339.0,2026-01-16 20:00:00+00:00
1768608000000,0.13804,0.13852,0.13723,0.13734,283937086.0,2026-01-17 00:00:00+00:00
1768622400000,0.13734,0.13783,0.13673,0.13724,236040820.0,2026-01-17 04:00:00+00:00
1768636800000,0.13725,0.13789,0.13701,0.13764,234859808.0,2026-01-17 08:00:00+00:00
1768651200000,0.13763,0.13996,0.13733,0.13945,470828405.0,2026-01-17 12:00:00+00:00
1768665600000,0.13944,0.13984,0.13814,0.13864,415315181.0,2026-01-17 16:00:00+00:00
1768680000000,0.13864,0.13896,0.1372,0.13781,252962492.0,2026-01-17 20:00:00+00:00
1768694400000,0.13781,0.13829,0.13672,0.13734,335129919.0,2026-01-18 00:00:00+00:00
1768708800000,0.13734,0.13745,0.13661,0.13707,207718228.0,2026-01-18 04:00:00+00:00
1768723200000,0.13708,0.13763,0.13679,0.13709,227127395.0,2026-01-18 08:00:00+00:00
1768737600000,0.1371,0.13802,0.13621,0.1365,502772846.0,2026-01-18 12:00:00+00:00
1768752000000,0.13651,0.13785,0.13625,0.13711,360415822.0,2026-01-18 16:00:00+00:00
1768766400000,0.13712,0.13792,0.1312,0.13156,1311499335.0,2026-01-18 20:00:00+00:00
1768780800000,0.13156,0.13156,0.11928,0.12728,3556977104.0,2026-01-19 00:00:00+00:00
1768795200000,0.12729,0.12765,0.12642,0.12713,598686969.0,2026-01-19 04:00:00+00:00
1768809600000,0.12714,0.12835,0.127,0.12778,522690230.0,2026-01-19 08:00:00+00:00
1768824000000,0.12779,0.12894,0.12725,0.12775,606795184.0,2026-01-19 12:00:00+00:00
1768838400000,0.12775,0.13016,0.12763,0.12982,588395231.0,2026-01-19 16:00:00+00:00
1768852800000,0.12983,0.13062,0.12848,0.12909,567445664.0,2026-01-19 20:00:00+00:00
1768867200000,0.1291,0.12929,0.12765,0.12791,470936717.0,2026-01-20 00:00:00+00:00
1768881600000,0.12791,0.12822,0.12628,0.12671,867649434.0,2026-01-20 04:00:00+00:00
1768896000000,0.12671,0.12699,0.12507,0.12522,893578845.0,2026-01-20 08:00:00+00:00
1768910400000,0.12521,0.12671,0.1241,0.12513,1437503683.0,2026-01-20 12:00:00+00:00
1768924800000,0.12513,0.12564,0.12321,0.12388,886127489.0,2026-01-20 16:00:00+00:00
1768939200000,0.12388,0.12442,0.12168,0.12329,717833266.0,2026-01-20 20:00:00+00:00
1768953600000,0.12329,0.12644,0.12313,0.12545,801829381.0,2026-01-21 00:00:00+00:00
1768968000000,0.12545,0.12632,0.12474,0.12491,546449055.0,2026-01-21 04:00:00+00:00
1768982400000,0.12492,0.125,0.12278,0.12301,594797040.0,2026-01-21 08:00:00+00:00
1768996800000,0.123,0.1266,0.12148,0.12631,1625470312.0,2026-01-21 12:00:00+00:00
1769011200000,0.12631,0.12834,0.12022,0.12805,2217177592.0,2026-01-21 16:00:00+00:00
1769025600000,0.12804,0.12876,0.12615,0.12644,856885894.0,2026-01-21 20:00:00+00:00
1769040000000,0.12645,0.12786,0.12637,0.12684,486900678.0,2026-01-22 00:00:00+00:00
1769054400000,0.12684,0.12737,0.12593,0.12605,402608824.0,2026-01-22 04:00:00+00:00
1769068800000,0.12604,0.12711,0.12567,0.1258,452346898.0,2026-01-22 08:00:00+00:00
1769083200000,0.1258,0.12643,0.12312,0.12422,1054231972.0,2026-01-22 12:00:00+00:00
1769097600000,0.12423,0.12552,0.12381,0.12469,574913693.0,2026-01-22 16:00:00+00:00
1769112000000,0.12469,0.12483,0.12359,0.12431,374076018.0,2026-01-22 20:00:00+00:00
1769126400000,0.1243,0.12569,0.12396,0.12543,361934334.0,2026-01-23 00:00:00+00:00
1769140800000,0.12543,0.12594,0.12485,0.125,351655880.0,2026-01-23 04:00:00+00:00
1769155200000,0.125,0.12539,0.12411,0.12513,376390349.0,2026-01-23 08:00:00+00:00
1769169600000,0.12513,0.1253,0.12194,0.12464,983346411.0,2026-01-23 12:00:00+00:00
1769184000000,0.12463,0.12783,0.12424,0.12468,1185499386.0,2026-01-23 16:00:00+00:00
1769198400000,0.12468,0.1251,0.12315,0.1247,517326745.0,2026-01-23 20:00:00+00:00
1769212800000,0.1247,0.12482,0.12403,0.12437,201189923.0,2026-01-24 00:00:00+00:00
1769227200000,0.12437,0.1248,0.12395,0.12412,177989092.0,2026-01-24 04:00:00+00:00
1769241600000,0.12412,0.12487,0.12405,0.12456,179330065.0,2026-01-24 08:00:00+00:00
1769256000000,0.12456,0.12469,0.12343,0.12362,266349236.0,2026-01-24 12:00:00+00:00
1769270400000,0.12363,0.12419,0.12284,0.12409,266437568.0,2026-01-24 16:00:00+00:00
1769284800000,0.12409,0.12471,0.12396,0.12415,171399962.0,2026-01-24 20:00:00+00:00
1769299200000,0.12416,0.1243,0.12291,0.12322,260228294.0,2026-01-25 00:00:00+00:00
1769313600000,0.12323,0.12353,0.12257,0.12293,232657354.0,2026-01-25 04:00:00+00:00
1769328000000,0.12294,0.12365,0.12228,0.12328,335250653.0,2026-01-25 08:00:00+00:00
1769342400000,0.12328,0.12333,0.12152,0.12222,527860235.0,2026-01-25 12:00:00+00:00
1769356800000,0.12222,0.12222,0.11754,0.1187,1858933322.0,2026-01-25 16:00:00+00:00
1769371200000,0.1187,0.11962,0.11777,0.11938,835108915.0,2026-01-25 20:00:00+00:00
1769385600000,0.11938,0.12276,0.11915,0.12128,925279659.0,2026-01-26 00:00:00+00:00
1769400000000,0.12128,0.12293,0.12123,0.12168,426564189.0,2026-01-26 04:00:00+00:00
1769414400000,0.12168,0.12256,0.1206,0.121,542663417.0,2026-01-26 08:00:00+00:00
1769428800000,0.121,0.12378,0.12099,0.12219,989041289.0,2026-01-26 12:00:00+00:00
1769443200000,0.12219,0.12344,0.1213,0.12234,810440001.0,2026-01-26 16:00:00+00:00
1769457600000,0.12233,0.12306,0.12145,0.12228,394258869.0,2026-01-26 20:00:00+00:00
1769472000000,0.12228,0.12327,0.12186,0.12278,371204315.0,2026-01-27 00:00:00+00:00
1769486400000,0.12279,0.12345,0.12193,0.12211,314000655.0,2026-01-27 04:00:00+00:00
1769500800000,0.12211,0.12265,0.12158,0.12232,365379628.0,2026-01-27 08:00:00+00:00
1769515200000,0.12232,0.12298,0.12131,0.12293,666354331.0,2026-01-27 12:00:00+00:00
1769529600000,0.12294,0.12562,0.12172,0.12431,1505368514.0,2026-01-27 16:00:00+00:00
1769544000000,0.1243,0.1266,0.12427,0.12615,786454431.0,2026-01-27 20:00:00+00:00
1769558400000,0.12614,0.12637,0.12417,0.12448,466724771.0,2026-01-28 00:00:00+00:00
1769572800000,0.12447,0.12601,0.12386,0.12548,445664412.0,2026-01-28 04:00:00+00:00
1769587200000,0.12548,0.12768,0.12539,0.1271,699402571.0,2026-01-28 08:00:00+00:00
1769601600000,0.1271,0.12713,0.12377,0.12457,891093862.0,2026-01-28 12:00:00+00:00
1769616000000,0.12457,0.12577,0.12363,0.12522,727204365.0,2026-01-28 16:00:00+00:00
1769630400000,0.12522,0.12627,0.1242,0.12495,477506977.0,2026-01-28 20:00:00+00:00
1769644800000,0.12496,0.12521,0.12177,0.12216,722742491.0,2026-01-29 00:00:00+00:00
1769659200000,0.12216,0.12247,0.12128,0.12194,458558723.0,2026-01-29 04:00:00+00:00
1769673600000,0.12194,0.12232,0.12059,0.12109,663714280.0,2026-01-29 08:00:00+00:00
1769688000000,0.12109,0.1211,0.11521,0.11613,2038267141.0,2026-01-29 12:00:00+00:00
1769702400000,0.11612,0.11872,0.11427,0.11547,1911344312.0,2026-01-29 16:00:00+00:00
1769716800000,0.11547,0.11735,0.11522,0.1172,545904325.0,2026-01-29 20:00:00+00:00
1769731200000,0.11721,0.11763,0.11139,0.11418,1637925210.0,2026-01-30 00:00:00+00:00
1769745600000,0.11417,0.11551,0.11213,0.11448,922692807.0,2026-01-30 04:00:00+00:00
1769760000000,0.11449,0.11587,0.11296,0.11547,662077588.0,2026-01-30 08:00:00+00:00
1769774400000,0.11547,0.11654,0.11371,0.11599,1151481389.0,2026-01-30 12:00:00+00:00
1769788800000,0.11598,0.11866,0.11346,0.11769,1524206251.0,2026-01-30 16:00:00+00:00
1769803200000,0.11769,0.11771,0.11528,0.11577,756604598.0,2026-01-30 20:00:00+00:00
1769817600000,0.11576,0.11588,0.11476,0.11511,340070716.0,2026-01-31 00:00:00+00:00
1769832000000,0.11511,0.11543,0.11202,0.11273,650554599.0,2026-01-31 04:00:00+00:00
1769846400000,0.11274,0.11301,0.11012,0.1118,1040618598.0,2026-01-31 08:00:00+00:00
1769860800000,0.1118,0.11181,0.10416,0.1067,2374916647.0,2026-01-31 12:00:00+00:00
1769875200000,0.1067,0.10799,0.09459,0.10175,4777143962.0,2026-01-31 16:00:00+00:00
1769889600000,0.10176,0.10471,0.10048,0.10417,1249756773.0,2026-01-31 20:00:00+00:00
1769904000000,0.10417,0.10552,0.10353,0.10487,774629219.0,2026-02-01 00:00:00+00:00
1769918400000,0.10488,0.1064,0.1044,0.10573,707687466.0,2026-02-01 04:00:00+00:00
1769932800000,0.10573,0.10651,0.10445,0.10583,815132078.0,2026-02-01 08:00:00+00:00
1769947200000,0.10582,0.10679,0.10253,0.10405,1679560786.0,2026-02-01 12:00:00+00:00
1769961600000,0.10405,0.10628,0.10293,0.10412,1245576200.0,2026-02-01 16:00:00+00:00
1769976000000,0.10411,0.10576,0.101,0.10421,1673630245.0,2026-02-01 20:00:00+00:00
1769990400000,0.10421,0.10624,0.09975,0.10333,1909652959.0,2026-02-02 00:00:00+00:00
1770004800000,0.10333,0.10515,0.09945,0.10305,2361127828.0,2026-02-02 04:00:00+00:00
1770019200000,0.10306,0.10546,0.10304,0.10483,1002324914.0,2026-02-02 08:00:00+00:00
1770033600000,0.10484,0.11048,0.10484,0.10949,1762632026.0,2026-02-02 12:00:00+00:00
1770048000000,0.10948,0.10994,0.10701,0.10738,827639167.0,2026-02-02 16:00:00+00:00
1770062400000,0.10743,0.10864,0.10696,0.10785,506559947.0,2026-02-02 20:00:00+00:00
1770076800000,0.10785,0.10818,0.10555,0.10739,809529142.0,2026-02-03 00:00:00+00:00
1770091200000,0.10739,0.10896,0.106,0.10819,811050342.0,2026-02-03 04:00:00+00:00
1770105600000,0.10819,0.10895,0.10636,0.10658,894249938.0,2026-02-03 08:00:00+00:00
1770120000000,0.10659,0.1105,0.10529,0.11012,1792863206.0,2026-02-03 12:00:00+00:00
1770134400000,0.11012,0.11017,0.1022,0.10637,2636902491.0,2026-02-03 16:00:00+00:00
1770148800000,0.10636,0.11054,0.10518,0.10595,1339372577.0,2026-02-03 20:00:00+00:00
1770163200000,0.10595,0.10946,0.10544,0.10885,729152329.0,2026-02-04 00:00:00+00:00
1770177600000,0.10885,0.10911,0.10729,0.10841,511419186.0,2026-02-04 04:00:00+00:00
1770192000000,0.10842,0.10868,0.10631,0.10726,666920871.0,2026-02-04 08:00:00+00:00
1770206400000,0.10726,0.10775,0.10267,0.10339,1585512845.0,2026-02-04 12:00:00+00:00
1770220800000,0.10339,0.10551,0.10136,0.10531,2037020158.0,2026-02-04 16:00:00+00:00
1770235200000,0.1053,0.10543,0.10119,0.10377,1090384546.0,2026-02-04 20:00:00+00:00
1770249600000,0.10377,0.10475,0.10214,0.10253,1258651275.0,2026-02-05 00:00:00+00:00
1770264000000,0.10254,0.10359,0.1006,0.10111,1629074465.0,2026-02-05 04:00:00+00:00
1770278400000,0.10112,0.10293,0.09728,0.09868,1685999050.0,2026-02-05 08:00:00+00:00
1770292800000,0.09868,0.10049,0.09245,0.09415,3676395154.0,2026-02-05 12:00:00+00:00
1770307200000,0.09415,0.0954,0.09042,0.09114,3350569733.0,2026-02-05 16:00:00+00:00
1770321600000,0.09114,0.09182,0.08667,0.08841,4770628507.0,2026-02-05 20:00:00+00:00
1770336000000,0.08841,0.09134,0.07991,0.08984,5117392628.0,2026-02-06 00:00:00+00:00
1770350400000,0.08984,0.09347,0.08944,0.09068,1631439265.0,2026-02-06 04:00:00+00:00
1770364800000,0.09067,0.09426,0.09004,0.09364,1380959986.0,2026-02-06 08:00:00+00:00
1770379200000,0.09364,0.09689,0.09299,0.09637,2184283534.0,2026-02-06 12:00:00+00:00
1770393600000,0.09636,0.10219,0.09595,0.09873,2761876272.0,2026-02-06 16:00:00+00:00
1770408000000,0.09873,0.09976,0.09805,0.09842,773289398.0,2026-02-06 20:00:00+00:00
1770422400000,0.09843,0.09898,0.09724,0.09858,937111001.0,2026-02-07 00:00:00+00:00
1770436800000,0.09858,0.09916,0.09458,0.09578,1439071677.0,2026-02-07 04:00:00+00:00
1770451200000,0.09578,0.09627,0.09477,0.09541,621494420.0,2026-02-07 08:00:00+00:00
1770465600000,0.0954,0.09767,0.0953,0.09677,1021850815.0,2026-02-07 12:00:00+00:00
1770480000000,0.09677,0.09943,0.0963,0.09836,1884745240.0,2026-02-07 16:00:00+00:00
1770494400000,0.09835,0.09888,0.09759,0.09819,324648328.0,2026-02-07 20:00:00+00:00
1770508800000,0.09819,0.09845,0.09686,0.09693,354288280.0,2026-02-08 00:00:00+00:00
1770523200000,0.09692,0.09757,0.09629,0.09681,400704619.0,2026-02-08 04:00:00+00:00
1770537600000,0.09681,0.09876,0.09615,0.09839,1033600707.0,2026-02-08 08:00:00+00:00
1770552000000,0.0984,0.09855,0.09678,0.09727,767544809.0,2026-02-08 12:00:00+00:00
1770566400000,0.09726,0.09793,0.09504,0.09767,780329346.0,2026-02-08 16:00:00+00:00
1770580800000,0.09767,0.09898,0.09584,0.09657,720691885.0,2026-02-08 20:00:00+00:00
1770595200000,0.09656,0.0975,0.0955,0.09711,642954138.0,2026-02-09 00:00:00+00:00
1770609600000,0.09711,0.09711,0.09482,0.09526,552549561.0,2026-02-09 04:00:00+00:00
1770624000000,0.09527,0.09531,0.09239,0.09314,982373506.0,2026-02-09 08:00:00+00:00
1770638400000,0.09315,0.09556,0.09309,0.09515,978228326.0,2026-02-09 12:00:00+00:00
1770652800000,0.09514,0.09675,0.09425,0.09631,828325375.0,2026-02-09 16:00:00+00:00
1770667200000,0.0963,0.09696,0.09522,0.09605,454608085.0,2026-02-09 20:00:00+00:00
1770681600000,0.09606,0.09653,0.09419,0.09481,501908584.0,2026-02-10 00:00:00+00:00
1770696000000,0.0948,0.09562,0.09288,0.0936,674126385.0,2026-02-10 04:00:00+00:00
1770710400000,0.09361,0.09416,0.09266,0.09286,527590794.0,2026-02-10 08:00:00+00:00
1770724800000,0.09287,0.09372,0.09162,0.09298,957036915.0,2026-02-10 12:00:00+00:00
1770739200000,0.09298,0.09412,0.09209,0.093,716424570.0,2026-02-10 16:00:00+00:00
1770753600000,0.09301,0.09313,0.09222,0.09271,309029236.0,2026-02-10 20:00:00+00:00
1770768000000,0.09271,0.09357,0.09203,0.09295,407093403.0,2026-02-11 00:00:00+00:00
1770782400000,0.09295,0.09318,0.09014,0.09049,840120695.0,2026-02-11 04:00:00+00:00
1770796800000,0.0905,0.09063,0.08934,0.09018,575918857.0,2026-02-11 08:00:00+00:00
1770811200000,0.09017,0.09254,0.08783,0.08896,1756311764.0,2026-02-11 12:00:00+00:00
1770825600000,0.08896,0.09137,0.08864,0.09101,1082106950.0,2026-02-11 16:00:00+00:00
1770840000000,0.091,0.09221,0.09026,0.09107,767144095.0,2026-02-11 20:00:00+00:00
1770854400000,0.09106,0.09226,0.09106,0.09211,443166690.0,2026-02-12 00:00:00+00:00
1770868800000,0.09212,0.09299,0.09143,0.09287,553303579.0,2026-02-12 04:00:00+00:00
1770883200000,0.09288,0.09422,0.09235,0.09383,526743427.0,2026-02-12 08:00:00+00:00
1770897600000,0.09382,0.09454,0.09296,0.09319,949564130.0,2026-02-12 12:00:00+00:00
1770912000000,0.09319,0.0937,0.09072,0.09164,1393049429.0,2026-02-12 16:00:00+00:00
1770926400000,0.09163,0.09342,0.09063,0.09296,574013135.0,2026-02-12 20:00:00+00:00
1770940800000,0.09296,0.09334,0.09208,0.09291,436688994.0,2026-02-13 00:00:00+00:00
1770955200000,0.09291,0.09346,0.09174,0.093,423290170.0,2026-02-13 04:00:00+00:00
1770969600000,0.09301,0.09407,0.09294,0.09394,433553633.0,2026-02-13 08:00:00+00:00
1770984000000,0.09393,0.09662,0.09287,0.09528,1469730587.0,2026-02-13 12:00:00+00:00
1770998400000,0.09528,0.09695,0.09493,0.09631,810763040.0,2026-02-13 16:00:00+00:00
1771012800000,0.09631,0.09771,0.09593,0.09663,641819992.0,2026-02-13 20:00:00+00:00
1771027200000,0.09662,0.09703,0.09625,0.09681,321561127.0,2026-02-14 00:00:00+00:00
1771041600000,0.0968,0.09701,0.09635,0.0965,239718566.0,2026-02-14 04:00:00+00:00
1771056000000,0.0965,0.10088,0.09647,0.10055,1142708103.0,2026-02-14 08:00:00+00:00
1771070400000,0.10054,0.10421,0.09902,0.10395,1430332000.0,2026-02-14 12:00:00+00:00
1771084800000,0.10395,0.10924,0.10245,0.10855,1915942925.0,2026-02-14 16:00:00+00:00
1771099200000,0.10855,0.11369,0.10791,0.11099,2203232047.0,2026-02-14 20:00:00+00:00
1771113600000,0.11098,0.11548,0.11041,0.11471,2126670949.0,2026-02-15 00:00:00+00:00
1771128000000,0.11471,0.11759,0.11381,0.11602,2035043477.0,2026-02-15 04:00:00+00:00
1771142400000,0.11601,0.11641,0.11211,0.1127,1773821532.0,2026-02-15 08:00:00+00:00
1771156800000,0.1127,0.11293,0.1068,0.1077,2485289991.0,2026-02-15 12:00:00+00:00
1771171200000,0.1077,0.1077,0.1024,0.10268,1878201265.0,2026-02-15 16:00:00+00:00
1771185600000,0.10268,0.10338,0.10147,0.10261,1097144433.0,2026-02-15 20:00:00+00:00
1771200000000,0.10261,0.10308,0.10153,0.10213,905061079.0,2026-02-16 00:00:00+00:00
1771214400000,0.10213,0.10355,0.10112,0.10195,957152851.0,2026-02-16 04:00:00+00:00
1771228800000,0.10196,0.10333,0.10063,0.10156,1016697586.0,2026-02-16 08:00:00+00:00
1771243200000,0.10157,0.10341,0.09844,0.09951,2371748453.0,2026-02-16 12:00:00+00:00
1771257600000,0.0995,0.10124,0.0994,0.10024,880377865.0,2026-02-16 16:00:00+00:00
1771272000000,0.10024,0.10134,0.09981,0.10097,727404729.0,2026-02-16 20:00:00+00:00
1771286400000,0.10097,0.1013,0.09952,0.10046,640970534.0,2026-02-17 00:00:00+00:00
1771300800000,0.10047,0.10074,0.09894,0.09972,663923418.0,2026-02-17 04:00:00+00:00
1771315200000,0.09972,0.10003,0.09836,0.09883,668927157.0,2026-02-17 08:00:00+00:00
1771329600000,0.09884,0.10101,0.09823,0.10045,1449361773.0,2026-02-17 12:00:00+00:00
1771344000000,0.10045,0.10353,0.09964,0.10103,1856283759.0,2026-02-17 16:00:00+00:00
1771358400000,0.10103,0.10139,0.10024,0.10061,365806283.0,2026-02-17 20:00:00+00:00
1771372800000,0.10062,0.10142,0.09988,0.10118,480478120.0,2026-02-18 00:00:00+00:00
1771387200000,0.10118,0.10171,0.10056,0.10137,426098544.0,2026-02-18 04:00:00+00:00
1771401600000,0.10138,0.10197,0.09913,0.10004,819641897.0,2026-02-18 08:00:00+00:00
1771416000000,0.10005,0.10227,0.09933,0.10105,1076418643.0,2026-02-18 12:00:00+00:00
1771430400000,0.10106,0.10114,0.09741,0.09846,1239810716.0,2026-02-18 16:00:00+00:00
1771444800000,0.09847,0.09909,0.09786,0.09849,586766150.0,2026-02-18 20:00:00+00:00
1771459200000,0.0985,0.09894,0.09779,0.09856,441027619.0,2026-02-19 00:00:00+00:00
1771473600000,0.09855,0.09923,0.09665,0.09829,879678546.0,2026-02-19 04:00:00+00:00
1771488000000,0.09829,0.09833,0.09707,0.09764,659161900.0,2026-02-19 08:00:00+00:00
1771502400000,0.09764,0.09829,0.09634,0.0968,1229470241.0,2026-02-19 12:00:00+00:00
1771516800000,0.0968,0.09843,0.09545,0.09806,1122133652.0,2026-02-19 16:00:00+00:00
1771531200000,0.09805,0.09834,0.09729,0.09831,385742118.0,2026-02-19 20:00:00+00:00
1771545600000,0.09831,0.09944,0.09812,0.09868,484187821.0,2026-02-20 00:00:00+00:00
1771560000000,0.09869,0.09977,0.09814,0.09854,588428112.0,2026-02-20 04:00:00+00:00
1771574400000,0.09853,0.09938,0.09817,0.09842,632961641.0,2026-02-20 08:00:00+00:00
1771588800000,0.09842,0.10056,0.09556,0.10026,2223096093.0,2026-02-20 12:00:00+00:00
1771603200000,0.10026,0.10236,0.0986,0.1002,1923905426.0,2026-02-20 16:00:00+00:00
1771617600000,0.10019,0.10114,0.09961,0.10004,440081080.0,2026-02-20 20:00:00+00:00
1771632000000,0.10004,0.10028,0.09897,0.0999,559287876.0,2026-02-21 00:00:00+00:00
1771646400000,0.09989,0.10017,0.0996,0.10004,277421375.0,2026-02-21 04:00:00+00:00
1771660800000,0.10004,0.10094,0.09972,0.09998,495894239.0,2026-02-21 08:00:00+00:00
1771675200000,0.09999,0.10075,0.09961,0.09996,573962687.0,2026-02-21 12:00:00+00:00
1771689600000,0.09996,0.1,0.09872,0.09941,501402587.0,2026-02-21 16:00:00+00:00
1771704000000,0.09941,0.09953,0.09834,0.09836,441579142.0,2026-02-21 20:00:00+00:00
1771718400000,0.09836,0.09849,0.09667,0.09738,591795144.0,2026-02-22 00:00:00+00:00
1771732800000,0.09737,0.09747,0.09684,0.09724,423370792.0,2026-02-22 04:00:00+00:00
1771747200000,0.09725,0.09761,0.097,0.0973,246841419.0,2026-02-22 08:00:00+00:00
1771761600000,0.09731,0.09735,0.09501,0.0957,1075862839.0,2026-02-22 12:00:00+00:00
1771776000000,0.0957,0.09585,0.09462,0.09502,519020921.0,2026-02-22 16:00:00+00:00
1771790400000,0.09503,0.09591,0.09452,0.09552,446635364.0,2026-02-22 20:00:00+00:00
1771804800000,0.09552,0.09572,0.09136,0.09271,2053953565.0,2026-02-23 00:00:00+00:00
1771819200000,0.09271,0.09525,0.09224,0.09482,804746806.0,2026-02-23 04:00:00+00:00
1771833600000,0.09482,0.09708,0.09435,0.09667,915354290.0,2026-02-23 08:00:00+00:00
1771848000000,0.09667,0.09757,0.09486,0.09491,1396535599.0,2026-02-23 12:00:00+00:00
1771862400000,0.09491,0.09537,0.09241,0.0928,1461611216.0,2026-02-23 16:00:00+00:00
1771876800000,0.09281,0.0935,0.09245,0.09263,614999674.0,2026-02-23 20:00:00+00:00
1771891200000,0.09263,0.09357,0.09091,0.09206,1124241649.0,2026-02-24 00:00:00+00:00
1771905600000,0.09206,0.09215,0.09057,0.0912,851720340.0,2026-02-24 04:00:00+00:00
1771920000000,0.09119,0.09164,0.09067,0.09124,614153579.0,2026-02-24 08:00:00+00:00
1771934400000,0.09124,0.09254,0.08987,0.09172,1288331668.0,2026-02-24 12:00:00+00:00
1771948800000,0.09172,0.09268,0.09133,0.09197,815032155.0,2026-02-24 16:00:00+00:00
1771963200000,0.09197,0.09236,0.09127,0.09133,459893406.0,2026-02-24 20:00:00+00:00
1771977600000,0.09132,0.09494,0.09083,0.09271,1463927439.0,2026-02-25 00:00:00+00:00
1771992000000,0.09271,0.09291,0.0913,0.09278,618629848.0,2026-02-25 04:00:00+00:00
1772006400000,0.09278,0.09424,0.09244,0.09403,719366829.0,2026-02-25 08:00:00+00:00
1772020800000,0.09402,0.10269,0.09397,0.10154,2861693308.0,2026-02-25 12:00:00+00:00
1772035200000,0.10155,0.1043,0.10078,0.10403,1869238672.0,2026-02-25 16:00:00+00:00
1772049600000,0.10404,0.10617,0.09944,0.10091,1935562344.0,2026-02-25 20:00:00+00:00
1772064000000,0.10091,0.10158,0.09978,0.10075,906233570.0,2026-02-26 00:00:00+00:00
1772078400000,0.10076,0.10165,0.09923,0.09952,813906026.0,2026-02-26 04:00:00+00:00
1772092800000,0.09953,0.10057,0.09822,0.09845,938694195.0,2026-02-26 08:00:00+00:00
1772107200000,0.09846,0.09944,0.09737,0.09855,1347868645.0,2026-02-26 12:00:00+00:00
1772121600000,0.09856,0.09874,0.09535,0.09727,1547139803.0,2026-02-26 16:00:00+00:00
1772136000000,0.09728,0.09758,0.09639,0.09694,426602698.0,2026-02-26 20:00:00+00:00
1772150400000,0.09695,0.09764,0.09617,0.09747,598046069.0,2026-02-27 00:00:00+00:00
1772164800000,0.09748,0.09907,0.09743,0.09837,920358766.0,2026-02-27 04:00:00+00:00
1772179200000,0.09836,0.09858,0.09455,0.09496,1098647254.0,2026-02-27 08:00:00+00:00
1772193600000,0.09496,0.09554,0.0935,0.09396,1494554709.0,2026-02-27 12:00:00+00:00
1772208000000,0.09396,0.09435,0.09266,0.09295,949530683.0,2026-02-27 16:00:00+00:00
1772222400000,0.09294,0.09342,0.09183,0.09331,622577673.0,2026-02-27 20:00:00+00:00
1772236800000,0.09331,0.09372,0.09305,0.09317,418658943.0,2026-02-28 00:00:00+00:00
1772251200000,0.09317,0.09336,0.08796,0.08927,2474212454.0,2026-02-28 04:00:00+00:00
1772265600000,0.08926,0.08942,0.08759,0.08868,1485830760.0,2026-02-28 08:00:00+00:00
1772280000000,0.08868,0.09204,0.08848,0.09074,1817311544.0,2026-02-28 12:00:00+00:00
1772294400000,0.09074,0.09339,0.0901,0.09278,1241622824.0,2026-02-28 16:00:00+00:00
1772308800000,0.09279,0.09497,0.09255,0.094,956715516.0,2026-02-28 20:00:00+00:00
1772323200000,0.09399,0.09786,0.09303,0.09604,1666108573.0,2026-03-01 00:00:00+00:00
1772337600000,0.09604,0.09655,0.09427,0.0948,819750407.0,2026-03-01 04:00:00+00:00
1772352000000,0.09481,0.09485,0.09311,0.09347,819939767.0,2026-03-01 08:00:00+00:00
1772366400000,0.09347,0.09549,0.09243,0.09382,1177506684.0,2026-03-01 12:00:00+00:00
1772380800000,0.09383,0.09448,0.09122,0.09174,1420484868.0,2026-03-01 16:00:00+00:00
1772395200000,0.09173,0.09345,0.09049,0.09186,1177034839.0,2026-03-01 20:00:00+00:00
1772409600000,0.09186,0.09445,0.09179,0.09323,859343185.0,2026-03-02 00:00:00+00:00
1772424000000,0.09323,0.0935,0.0911,0.09169,643107066.0,2026-03-02 04:00:00+00:00
1772438400000,0.09169,0.09293,0.09126,0.0918,776785350.0,2026-03-02 08:00:00+00:00
1772452800000,0.09179,0.0966,0.09072,0.09563,2202299302.0,2026-03-02 12:00:00+00:00
1772467200000,0.09563,0.09774,0.09426,0.09549,1591999745.0,2026-03-02 16:00:00+00:00
1772481600000,0.09549,0.09594,0.09324,0.09351,798977450.0,2026-03-02 20:00:00+00:00
1772496000000,0.09352,0.0938,0.09202,0.09252,800321777.0,2026-03-03 00:00:00+00:00
1772510400000,0.09251,0.09258,0.09105,0.09129,942430309.0,2026-03-03 04:00:00+00:00
1772524800000,0.0913,0.09152,0.08916,0.09,1313396365.0,2026-03-03 08:00:00+00:00
1772539200000,0.09,0.09104,0.08855,0.09014,1744772981.0,2026-03-03 12:00:00+00:00
1772553600000,0.09014,0.09235,0.08903,0.08934,1874446788.0,2026-03-03 16:00:00+00:00
1772568000000,0.08935,0.09083,0.08825,0.08991,854399986.0,2026-03-03 20:00:00+00:00
1772582400000,0.08991,0.0906,0.08852,0.08933,923458115.0,2026-03-04 00:00:00+00:00
1772596800000,0.08933,0.09052,0.08866,0.09008,1025605595.0,2026-03-04 04:00:00+00:00
1772611200000,0.09008,0.09341,0.08963,0.09224,2310201310.0,2026-03-04 08:00:00+00:00
1772625600000,0.09224,0.09916,0.09144,0.09899,2722581016.0,2026-03-04 12:00:00+00:00
1772640000000,0.099,0.10427,0.09742,0.1027,3368297596.0,2026-03-04 16:00:00+00:00
1772654400000,0.1027,0.10349,0.09818,0.0989,1951246401.0,2026-03-04 20:00:00+00:00
1772668800000,0.09889,0.0992,0.09586,0.09615,1362664130.0,2026-03-05 00:00:00+00:00
1772683200000,0.09616,0.09728,0.09515,0.09564,1188679124.0,2026-03-05 04:00:00+00:00
1772697600000,0.09565,0.09794,0.09526,0.09584,1635882949.0,2026-03-05 08:00:00+00:00
1772712000000,0.09584,0.09641,0.09377,0.09423,1753681901.0,2026-03-05 12:00:00+00:00
1772726400000,0.09424,0.0945,0.09268,0.09387,1261672326.0,2026-03-05 16:00:00+00:00
1772740800000,0.09386,0.09475,0.09337,0.09353,641077277.0,2026-03-05 20:00:00+00:00
1772755200000,0.09353,0.09427,0.09309,0.09385,647212978.0,2026-03-06 00:00:00+00:00
1772769600000,0.09384,0.0943,0.09293,0.09392,678471168.0,2026-03-06 04:00:00+00:00
1772784000000,0.09392,0.09393,0.09234,0.09304,928954052.0,2026-03-06 08:00:00+00:00
1772798400000,0.09303,0.0935,0.08991,0.09018,2145748307.0,2026-03-06 12:00:00+00:00
1772812800000,0.09018,0.09131,0.08993,0.0908,1096115810.0,2026-03-06 16:00:00+00:00
1772827200000,0.0908,0.09155,0.0905,0.09123,536554974.0,2026-03-06 20:00:00+00:00
1772841600000,0.09122,0.09208,0.09097,0.09102,667278048.0,2026-03-07 00:00:00+00:00
1772856000000,0.09103,0.09122,0.09033,0.09053,491382796.0,2026-03-07 04:00:00+00:00
1772870400000,0.09053,0.0908,0.08995,0.09054,536041198.0,2026-03-07 08:00:00+00:00
1772884800000,0.09054,0.09061,0.08934,0.08996,713907546.0,2026-03-07 12:00:00+00:00
1772899200000,0.08995,0.09058,0.08911,0.08953,566775159.0,2026-03-07 16:00:00+00:00
1772913600000,0.08953,0.09014,0.08934,0.08987,301997887.0,2026-03-07 20:00:00+00:00
1772928000000,0.08988,0.09014,0.08862,0.08929,633097550.0,2026-03-08 00:00:00+00:00
1772942400000,0.08928,0.08966,0.08866,0.08926,494023461.0,2026-03-08 04:00:00+00:00
1772956800000,0.08927,0.09127,0.08887,0.0893,985166874.0,2026-03-08 08:00:00+00:00
1772971200000,0.0893,0.08945,0.08773,0.08864,1299669815.0,2026-03-08 12:00:00+00:00
1772985600000,0.08865,0.08967,0.08813,0.08927,618150858.0,2026-03-08 16:00:00+00:00
1773000000000,0.08928,0.09006,0.08653,0.08907,1582251011.0,2026-03-08 20:00:00+00:00
1773014400000,0.08908,0.09165,0.08894,0.09032,1237401649.0,2026-03-09 00:00:00+00:00
1773028800000,0.09032,0.09177,0.08923,0.08994,1130233676.0,2026-03-09 04:00:00+00:00
1773043200000,0.08995,0.09138,0.0897,0.09032,875529295.0,2026-03-09 08:00:00+00:00
1773057600000,0.09033,0.09241,0.09031,0.09106,1479292365.0,2026-03-09 12:00:00+00:00
1773072000000,0.09106,0.09282,0.09061,0.09122,1100003511.0,2026-03-09 16:00:00+00:00
1773086400000,0.09122,0.09176,0.0901,0.09042,738468707.0,2026-03-09 20:00:00+00:00
1773100800000,0.09042,0.09234,0.09027,0.09115,1010550215.0,2026-03-10 00:00:00+00:00
1773115200000,0.09115,0.09243,0.09108,0.09227,737731187.0,2026-03-10 04:00:00+00:00
1773129600000,0.09227,0.09588,0.09218,0.09446,2178276944.0,2026-03-10 08:00:00+00:00
1773144000000,0.09446,0.09971,0.09423,0.09908,3845401088.0,2026-03-10 12:00:00+00:00
1773158400000,0.09908,0.10043,0.09426,0.09472,2949825121.0,2026-03-10 16:00:00+00:00
1773172800000,0.09472,0.09528,0.09374,0.09446,989504301.0,2026-03-10 20:00:00+00:00
1773187200000,0.09446,0.09481,0.09232,0.09255,1209890342.0,2026-03-11 00:00:00+00:00
1773201600000,0.09255,0.09318,0.09135,0.09189,1282049785.0,2026-03-11 04:00:00+00:00
1773216000000,0.09189,0.09235,0.09147,0.0919,722729867.0,2026-03-11 08:00:00+00:00
1773230400000,0.0919,0.09477,0.09105,0.09231,2734170601.0,2026-03-11 12:00:00+00:00
1773244800000,0.09231,0.09456,0.09217,0.09378,1170458191.0,2026-03-11 16:00:00+00:00
1773259200000,0.09378,0.09419,0.09272,0.09283,496398458.0,2026-03-11 20:00:00+00:00
1773273600000,0.09283,0.09299,0.09173,0.09208,707669607.0,2026-03-12 00:00:00+00:00
1773288000000,0.09208,0.09293,0.09172,0.09283,588944773.0,2026-03-12 04:00:00+00:00
1773302400000,0.09283,0.09517,0.09233,0.09463,1168503752.0,2026-03-12 08:00:00+00:00
1773316800000,0.09463,0.0958,0.09308,0.09405,2400883596.0,2026-03-12 12:00:00+00:00
1773331200000,0.09405,0.09488,0.09326,0.09438,994875632.0,2026-03-12 16:00:00+00:00
1773345600000,0.09438,0.0953,0.09399,0.09469,579580467.0,2026-03-12 20:00:00+00:00
1773360000000,0.09469,0.09804,0.09449,0.09672,1850078403.0,2026-03-13 00:00:00+00:00
1773374400000,0.09672,0.09684,0.09571,0.09645,826934875.0,2026-03-13 04:00:00+00:00
1773388800000,0.09645,0.10038,0.09602,0.1,1802581516.0,2026-03-13 08:00:00+00:00
1773403200000,0.1,0.10199,0.09729,0.09793,3147845005.0,2026-03-13 12:00:00+00:00
1773417600000,0.09793,0.09844,0.09531,0.096,1599611855.0,2026-03-13 16:00:00+00:00
1773432000000,0.096,0.09676,0.09538,0.09591,569443815.0,2026-03-13 20:00:00+00:00
1773446400000,0.09591,0.0962,0.09509,0.09598,740786144.0,2026-03-14 00:00:00+00:00
1773460800000,0.09599,0.09639,0.09417,0.09457,825591249.0,2026-03-14 04:00:00+00:00
1773475200000,0.09457,0.09547,0.09394,0.0952,763689582.0,2026-03-14 08:00:00+00:00
1773489600000,0.0952,0.09561,0.09438,0.09487,768668988.0,2026-03-14 12:00:00+00:00
1773504000000,0.09487,0.09545,0.09429,0.09473,353612051.0,2026-03-14 16:00:00+00:00
1773518400000,0.09473,0.09615,0.09455,0.09599,415198393.0,2026-03-14 20:00:00+00:00
1773532800000,0.09599,0.09739,0.09534,0.09595,964456233.0,2026-03-15 00:00:00+00:00
1773547200000,0.09596,0.09645,0.09547,0.09556,543881249.0,2026-03-15 04:00:00+00:00
1773561600000,0.09557,0.09658,0.09556,0.09634,484283599.0,2026-03-15 08:00:00+00:00
1773576000000,0.09635,0.09661,0.09464,0.09493,953170783.0,2026-03-15 12:00:00+00:00
1773590400000,0.09493,0.09578,0.0944,0.09514,489278332.0,2026-03-15 16:00:00+00:00
1773604800000,0.09514,0.09807,0.0949,0.09734,1117567693.0,2026-03-15 20:00:00+00:00
1773619200000,0.09734,0.10139,0.09701,0.09995,1952420061.0,2026-03-16 00:00:00+00:00
1773633600000,0.09996,0.10268,0.09975,0.10199,1847858036.0,2026-03-16 04:00:00+00:00
1773648000000,0.102,0.10294,0.09935,0.09994,1958862301.0,2026-03-16 08:00:00+00:00
1773662400000,0.09994,0.1035,0.0997,0.10004,2687567773.0,2026-03-16 12:00:00+00:00
1773676800000,0.10003,0.10295,0.09981,0.10194,1051559523.0,2026-03-16 16:00:00+00:00
1773691200000,0.10194,0.1037,0.10118,0.10299,931628668.0,2026-03-16 20:00:00+00:00
1773705600000,0.10298,0.10445,0.10059,0.1012,1810542810.0,2026-03-17 00:00:00+00:00
1773720000000,0.1012,0.10162,0.09938,0.10048,1123811028.0,2026-03-17 04:00:00+00:00
1773734400000,0.10048,0.1014,0.09992,0.10009,839180077.0,2026-03-17 08:00:00+00:00
1773748800000,0.10009,0.10049,0.09826,0.0996,1727152686.0,2026-03-17 12:00:00+00:00
1773763200000,0.09961,0.10108,0.09935,0.1002,690994922.0,2026-03-17 16:00:00+00:00
1773777600000,0.1002,0.10171,0.09987,0.10012,504554270.0,2026-03-17 20:00:00+00:00
1773792000000,0.10012,0.10183,0.09959,0.1011,686172073.0,2026-03-18 00:00:00+00:00
1773806400000,0.10111,0.1012,0.09915,0.09949,830315215.0,2026-03-18 04:00:00+00:00
1773820800000,0.09949,0.10006,0.09657,0.09704,1302019570.0,2026-03-18 08:00:00+00:00
1773835200000,0.09704,0.09708,0.0938,0.0943,2068203402.0,2026-03-18 12:00:00+00:00
1773849600000,0.09429,0.0955,0.0932,0.09459,1499168200.0,2026-03-18 16:00:00+00:00
1773864000000,0.0946,0.09558,0.09388,0.0952,557829944.0,2026-03-18 20:00:00+00:00
1773878400000,0.0952,0.09606,0.09439,0.09539,565250378.0,2026-03-19 00:00:00+00:00
1773892800000,0.0954,0.09546,0.09313,0.09433,985156066.0,2026-03-19 04:00:00+00:00
1773907200000,0.09432,0.09536,0.09371,0.09396,787217491.0,2026-03-19 08:00:00+00:00
1773921600000,0.09395,0.09395,0.09208,0.09283,1465435774.0,2026-03-19 12:00:00+00:00
1773936000000,0.09282,0.0939,0.09171,0.09329,773590746.0,2026-03-19 16:00:00+00:00
1773950400000,0.09328,0.09375,0.09294,0.09349,389494125.0,2026-03-19 20:00:00+00:00
1773964800000,0.09348,0.09462,0.09345,0.09403,647928617.0,2026-03-20 00:00:00+00:00
1773979200000,0.09403,0.09538,0.09358,0.09402,792893321.0,2026-03-20 04:00:00+00:00
1773993600000,0.09402,0.09507,0.09343,0.09402,722781089.0,2026-03-20 08:00:00+00:00
1774008000000,0.09402,0.09439,0.09299,0.09417,1029312868.0,2026-03-20 12:00:00+00:00
1774022400000,0.09417,0.09442,0.09274,0.09367,705041751.0,2026-03-20 16:00:00+00:00
1774036800000,0.09367,0.09491,0.09315,0.09413,474612242.0,2026-03-20 20:00:00+00:00
1774051200000,0.09412,0.09494,0.09387,0.09467,413769526.0,2026-03-21 00:00:00+00:00
1774065600000,0.09467,0.0949,0.09421,0.09432,461855352.0,2026-03-21 04:00:00+00:00
1774080000000,0.09432,0.09445,0.09375,0.09396,319929842.0,2026-03-21 08:00:00+00:00
1774094400000,0.09396,0.0946,0.09346,0.09458,521455119.0,2026-03-21 12:00:00+00:00
1774108800000,0.09459,0.09461,0.09381,0.09402,316748825.0,2026-03-21 16:00:00+00:00
1774123200000,0.09401,0.09436,0.0905,0.09129,1111322377.0,2026-03-21 20:00:00+00:00
1774137600000,0.09129,0.09286,0.0899,0.09228,1331148143.0,2026-03-22 00:00:00+00:00
1774152000000,0.09228,0.09278,0.09127,0.09129,620635909.0,2026-03-22 04:00:00+00:00
1774166400000,0.0913,0.09158,0.09067,0.09106,642124346.0,2026-03-22 08:00:00+00:00
1774180800000,0.09107,0.09194,0.09104,0.09157,576814527.0,2026-03-22 12:00:00+00:00
1774195200000,0.09158,0.09173,0.09003,0.09045,625627375.0,2026-03-22 16:00:00+00:00
1774209600000,0.09045,0.09073,0.08907,0.09008,917499525.0,2026-03-22 20:00:00+00:00
1774224000000,0.09008,0.09143,0.08971,0.0906,566057589.0,2026-03-23 00:00:00+00:00
1774238400000,0.09059,0.09119,0.08969,0.09041,675092309.0,2026-03-23 04:00:00+00:00
1774252800000,0.0904,0.09533,0.08918,0.0925,3253874820.0,2026-03-23 08:00:00+00:00
1774267200000,0.0925,0.09574,0.09182,0.09376,1909015778.0,2026-03-23 12:00:00+00:00
1774281600000,0.09375,0.09577,0.09303,0.09486,990998055.0,2026-03-23 16:00:00+00:00
1774296000000,0.09486,0.09545,0.09303,0.09408,684238418.0,2026-03-23 20:00:00+00:00
1774310400000,0.09408,0.09434,0.09262,0.09372,702646211.0,2026-03-24 00:00:00+00:00
1774324800000,0.09373,0.09539,0.09313,0.0952,579920991.0,2026-03-24 04:00:00+00:00
1774339200000,0.09521,0.09559,0.09348,0.09417,1159616732.0,2026-03-24 08:00:00+00:00
1774353600000,0.09418,0.09462,0.0926,0.0933,1108198712.0,2026-03-24 12:00:00+00:00
1774368000000,0.09331,0.09371,0.09236,0.09307,621229702.0,2026-03-24 16:00:00+00:00
1774382400000,0.09307,0.0954,0.09299,0.09506,674496951.0,2026-03-24 20:00:00+00:00
1774396800000,0.09506,0.09546,0.09433,0.09518,758375485.0,2026-03-25 00:00:00+00:00
1774411200000,0.09517,0.09767,0.09494,0.09677,1357454044.0,2026-03-25 04:00:00+00:00
1774425600000,0.09677,0.09748,0.0964,0.09693,825929222.0,2026-03-25 08:00:00+00:00
1774440000000,0.09694,0.09795,0.09552,0.09592,1310281880.0,2026-03-25 12:00:00+00:00
1774454400000,0.09593,0.09707,0.09578,0.0964,584624896.0,2026-03-25 16:00:00+00:00
1774468800000,0.09641,0.09679,0.09569,0.09613,402689106.0,2026-03-25 20:00:00+00:00
1774483200000,0.09613,0.09622,0.09406,0.09454,789338176.0,2026-03-26 00:00:00+00:00
1774497600000,0.09453,0.09457,0.09219,0.09269,1157118957.0,2026-03-26 04:00:00+00:00
1774512000000,0.09269,0.09271,0.09107,0.09127,1103645820.0,2026-03-26 08:00:00+00:00
1774526400000,0.09127,0.09215,0.09038,0.0909,1035406024.0,2026-03-26 12:00:00+00:00
1774540800000,0.0909,0.0915,0.09052,0.09103,688390387.0,2026-03-26 16:00:00+00:00
1774555200000,0.09104,0.09273,0.09089,0.09201,875793158.0,2026-03-26 20:00:00+00:00
1774569600000,0.092,0.09267,0.09172,0.09191,402688780.0,2026-03-27 00:00:00+00:00
1774584000000,0.09191,0.0923,0.09131,0.09217,406945544.0,2026-03-27 04:00:00+00:00
1774598400000,0.09216,0.09237,0.08918,0.09006,1355980064.0,2026-03-27 08:00:00+00:00
1774612800000,0.09005,0.0909,0.08925,0.0903,1210505465.0,2026-03-27 12:00:00+00:00
1774627200000,0.0903,0.09047,0.08942,0.09001,631288840.0,2026-03-27 16:00:00+00:00
1774641600000,0.09001,0.09026,0.08959,0.09005,273959293.0,2026-03-27 20:00:00+00:00
1774656000000,0.09004,0.09063,0.08975,0.08984,350131563.0,2026-03-28 00:00:00+00:00
1774670400000,0.08984,0.09124,0.08962,0.09116,444485253.0,2026-03-28 04:00:00+00:00
1774684800000,0.09117,0.09212,0.09077,0.09133,682976682.0,2026-03-28 08:00:00+00:00
1774699200000,0.09133,0.09532,0.09111,0.094,1728872426.0,2026-03-28 12:00:00+00:00
1774713600000,0.09401,0.09426,0.09181,0.09223,1048956867.0,2026-03-28 16:00:00+00:00
1774728000000,0.09223,0.09242,0.09031,0.09092,742918359.0,2026-03-28 20:00:00+00:00
1774742400000,0.09092,0.09162,0.09048,0.09138,552441734.0,2026-03-29 00:00:00+00:00
1774756800000,0.09138,0.09142,0.09064,0.09114,414469267.0,2026-03-29 04:00:00+00:00
1774771200000,0.09114,0.09133,0.09034,0.0909,424198032.0,2026-03-29 08:00:00+00:00
1774785600000,0.09091,0.09091,0.08993,0.09011,626858698.0,2026-03-29 12:00:00+00:00
1774800000000,0.09012,0.09079,0.08982,0.09057,402434777.0,2026-03-29 16:00:00+00:00
1774814400000,0.09058,0.09154,0.08786,0.0904,1565370035.0,2026-03-29 20:00:00+00:00
1774828800000,0.09041,0.09286,0.0902,0.09242,1197826644.0,2026-03-30 00:00:00+00:00
1774843200000,0.09242,0.09362,0.09242,0.0933,1036931084.0,2026-03-30 04:00:00+00:00
1774857600000,0.0933,0.09391,0.09185,0.09287,1042386431.0,2026-03-30 08:00:00+00:00
1774872000000,0.09287,0.09332,0.09228,0.09287,909379709.0,2026-03-30 12:00:00+00:00
1774886400000,0.09286,0.09302,0.09041,0.09088,1060504481.0,2026-03-30 16:00:00+00:00
1774900800000,0.09087,0.09148,0.09031,0.09078,562511581.0,2026-03-30 20:00:00+00:00
1774915200000,0.09079,0.09275,0.09045,0.09163,1148158144.0,2026-03-31 00:00:00+00:00
1774929600000,0.09164,0.0919,0.09094,0.09123,537144777.0,2026-03-31 04:00:00+00:00
1774944000000,0.09124,0.09147,0.08929,0.09028,1242414548.0,2026-03-31 08:00:00+00:00
1774958400000,0.09028,0.09187,0.09008,0.09037,1157182614.0,2026-03-31 12:00:00+00:00
1774972800000,0.09037,0.09265,0.09025,0.09211,1333346484.0,2026-03-31 16:00:00+00:00
1774987200000,0.0921,0.09281,0.0913,0.09228,654022209.0,2026-03-31 20:00:00+00:00
1775001600000,0.09227,0.09273,0.09155,0.09243,561934801.0,2026-04-01 00:00:00+00:00
1775016000000,0.09243,0.0945,0.09212,0.09323,1159451721.0,2026-04-01 04:00:00+00:00
1775030400000,0.09323,0.09341,0.09182,0.09245,901941118.0,2026-04-01 08:00:00+00:00
1775044800000,0.09245,0.09321,0.09204,0.09302,1000852445.0,2026-04-01 12:00:00+00:00
1775059200000,0.09303,0.09426,0.09234,0.09282,824836401.0,2026-04-01 16:00:00+00:00
1775073600000,0.09282,0.0933,0.09202,0.09214,434378337.0,2026-04-01 20:00:00+00:00
1775088000000,0.09214,0.09266,0.08946,0.09005,1994783962.0,2026-04-02 00:00:00+00:00
1775102400000,0.09005,0.0904,0.08912,0.0902,854491630.0,2026-04-02 04:00:00+00:00
1775116800000,0.0902,0.09052,0.08944,0.08991,586508963.0,2026-04-02 08:00:00+00:00
1775131200000,0.08992,0.09115,0.08891,0.09029,1260090483.0,2026-04-02 12:00:00+00:00
1775145600000,0.09029,0.09083,0.08956,0.09025,624266872.0,2026-04-02 16:00:00+00:00
1775160000000,0.09025,0.09067,0.09004,0.09035,261126873.0,2026-04-02 20:00:00+00:00
1775174400000,0.09034,0.09074,0.08986,0.09056,668674900.0,2026-04-03 00:00:00+00:00
1775188800000,0.09055,0.09149,0.09026,0.09113,649445320.0,2026-04-03 04:00:00+00:00
1775203200000,0.09113,0.09166,0.09093,0.09142,458617632.0,2026-04-03 08:00:00+00:00
1775217600000,0.09143,0.09223,0.09074,0.09149,1000149359.0,2026-04-03 12:00:00+00:00
1775232000000,0.09149,0.09256,0.09112,0.09175,697209893.0,2026-04-03 16:00:00+00:00
1775246400000,0.09175,0.09234,0.0912,0.0915,313135992.0,2026-04-03 20:00:00+00:00
1775260800000,0.09151,0.09151,0.09087,0.09118,348731041.0,2026-04-04 00:00:00+00:00
1775275200000,0.09118,0.09146,0.09095,0.09132,245978024.0,2026-04-04 04:00:00+00:00
1775289600000,0.09131,0.09132,0.09068,0.09108,322719457.0,2026-04-04 08:00:00+00:00
1775304000000,0.09108,0.09189,0.09069,0.09171,689330813.0,2026-04-04 12:00:00+00:00
1775318400000,0.09172,0.0931,0.09148,0.09224,902583143.0,2026-04-04 16:00:00+00:00
1775332800000,0.09225,0.09239,0.09178,0.09202,286827514.0,2026-04-04 20:00:00+00:00
1775347200000,0.09203,0.09211,0.09126,0.09135,432413288.0,2026-04-05 00:00:00+00:00
1775361600000,0.09134,0.09135,0.08982,0.09003,996084142.0,2026-04-05 04:00:00+00:00
1775376000000,0.09002,0.09058,0.08995,0.0903,424970892.0,2026-04-05 08:00:00+00:00
1775390400000,0.0903,0.09143,0.08962,0.09062,1171659026.0,2026-04-05 12:00:00+00:00
1775404800000,0.09063,0.09084,0.09017,0.09047,527024374.0,2026-04-05 16:00:00+00:00
1775419200000,0.09048,0.0924,0.09017,0.09235,1119952507.0,2026-04-05 20:00:00+00:00
1775433600000,0.09234,0.0936,0.09144,0.09228,1773600454.0,2026-04-06 00:00:00+00:00
1775448000000,0.09228,0.09285,0.09168,0.09205,627485503.0,2026-04-06 04:00:00+00:00
1775462400000,0.09206,0.09347,0.0919,0.09301,796813734.0,2026-04-06 08:00:00+00:00
1775476800000,0.09302,0.0931,0.09206,0.09279,805591363.0,2026-04-06 12:00:00+00:00
1775491200000,0.0928,0.09287,0.09155,0.0919,620225171.0,2026-04-06 16:00:00+00:00
1775505600000,0.09191,0.09193,0.08984,0.09053,1181566143.0,2026-04-06 20:00:00+00:00
1775520000000,0.09053,0.09091,0.09018,0.09045,499867425.0,2026-04-07 00:00:00+00:00
1775534400000,0.09046,0.09077,0.09018,0.09056,474460526.0,2026-04-07 04:00:00+00:00
1775548800000,0.09056,0.09144,0.09025,0.09046,828486864.0,2026-04-07 08:00:00+00:00
1775563200000,0.09046,0.09083,0.09,0.09035,739336185.0,2026-04-07 12:00:00+00:00
1775577600000,0.09036,0.09233,0.0903,0.09225,1164938078.0,2026-04-07 16:00:00+00:00
1775592000000,0.09225,0.09602,0.09202,0.09491,2457868736.0,2026-04-07 20:00:00+00:00
1775606400000,0.0949,0.09524,0.09369,0.09456,1008405939.0,2026-04-08 00:00:00+00:00
1775620800000,0.09457,0.09512,0.09434,0.09455,680916438.0,2026-04-08 04:00:00+00:00
1775635200000,0.09455,0.09558,0.09362,0.09421,1346919839.0,2026-04-08 08:00:00+00:00
1775649600000,0.09422,0.09507,0.09258,0.09337,1486134892.0,2026-04-08 12:00:00+00:00
1775664000000,0.09337,0.0941,0.09269,0.09305,627730775.0,2026-04-08 16:00:00+00:00
1775678400000,0.09305,0.09374,0.09207,0.09235,595526842.0,2026-04-08 20:00:00+00:00
1775692800000,0.09236,0.0924,0.09103,0.09148,909421205.0,2026-04-09 00:00:00+00:00
1775707200000,0.09148,0.09246,0.09086,0.09134,809200771.0,2026-04-09 04:00:00+00:00
1775721600000,0.09134,0.09201,0.09114,0.09163,591070158.0,2026-04-09 08:00:00+00:00
1775736000000,0.09163,0.09324,0.09091,0.09286,1256265243.0,2026-04-09 12:00:00+00:00
1775750400000,0.09286,0.09384,0.09205,0.09377,1098836859.0,2026-04-09 16:00:00+00:00
1775764800000,0.09377,0.09497,0.09227,0.09255,1031431394.0,2026-04-09 20:00:00+00:00
1775779200000,0.09256,0.09277,0.09186,0.09213,663065241.0,2026-04-10 00:00:00+00:00
1775793600000,0.09213,0.09313,0.09207,0.09224,488186144.0,2026-04-10 04:00:00+00:00
1775808000000,0.09224,0.09279,0.09192,0.09242,720960051.0,2026-04-10 08:00:00+00:00
1775822400000,0.09243,0.09456,0.09222,0.09329,1591381604.0,2026-04-10 12:00:00+00:00
1775836800000,0.0933,0.09527,0.09329,0.095,1006133206.0,2026-04-10 16:00:00+00:00
1775851200000,0.09501,0.09519,0.09352,0.09365,609241715.0,2026-04-10 20:00:00+00:00
1775865600000,0.09364,0.09405,0.09322,0.09361,486182700.0,2026-04-11 00:00:00+00:00
1775880000000,0.09361,0.0938,0.09261,0.09283,660288017.0,2026-04-11 04:00:00+00:00
1775894400000,0.09283,0.093,0.09253,0.09287,404213652.0,2026-04-11 08:00:00+00:00
1775908800000,0.09287,0.09302,0.09218,0.0927,649346448.0,2026-04-11 12:00:00+00:00
1775923200000,0.09271,0.09475,0.09267,0.09467,1057679708.0,2026-04-11 16:00:00+00:00
1775937600000,0.09467,0.09487,0.09275,0.09303,802789214.0,2026-04-11 20:00:00+00:00
1775952000000,0.09303,0.09321,0.0905,0.0911,1824158366.0,2026-04-12 00:00:00+00:00
1775966400000,0.09109,0.09158,0.09093,0.09132,538064958.0,2026-04-12 04:00:00+00:00
1775980800000,0.09132,0.09136,0.09085,0.09125,396008148.0,2026-04-12 08:00:00+00:00
1775995200000,0.09125,0.09141,0.09023,0.09059,815030842.0,2026-04-12 12:00:00+00:00
1776009600000,0.09059,0.09125,0.09049,0.09086,474898981.0,2026-04-12 16:00:00+00:00
1776024000000,0.09085,0.09169,0.09043,0.09078,694602252.0,2026-04-12 20:00:00+00:00
1776038400000,0.09079,0.0915,0.0907,0.09115,505925186.0,2026-04-13 00:00:00+00:00
1776052800000,0.09114,0.09148,0.09076,0.09084,480521256.0,2026-04-13 04:00:00+00:00
1776067200000,0.09085,0.09125,0.09066,0.09089,392618342.0,2026-04-13 08:00:00+00:00
1776081600000,0.09088,0.09262,0.09077,0.09167,1563406198.0,2026-04-13 12:00:00+00:00
1776096000000,0.09167,0.09323,0.09097,0.09305,1157650520.0,2026-04-13 16:00:00+00:00
1776110400000,0.09304,0.09434,0.09241,0.09409,1660014845.0,2026-04-13 20:00:00+00:00
1776124800000,0.0941,0.09426,0.093,0.09352,971741981.0,2026-04-14 00:00:00+00:00
1776139200000,0.09353,0.0937,0.09263,0.09355,755057954.0,2026-04-14 04:00:00+00:00
1776153600000,0.09356,0.09578,0.09334,0.09428,1936723744.0,2026-04-14 08:00:00+00:00
1776168000000,0.09429,0.09804,0.09363,0.09538,2809356383.0,2026-04-14 12:00:00+00:00
1776182400000,0.09537,0.09598,0.09233,0.0928,1573995652.0,2026-04-14 16:00:00+00:00
1776196800000,0.0928,0.09335,0.09235,0.0929,625465290.0,2026-04-14 20:00:00+00:00
1776211200000,0.0929,0.09356,0.09289,0.0931,605683417.0,2026-04-15 00:00:00+00:00
1776225600000,0.09311,0.09387,0.0926,0.09275,690048102.0,2026-04-15 04:00:00+00:00
1776240000000,0.09276,0.09372,0.09256,0.09351,538227239.0,2026-04-15 08:00:00+00:00
1776254400000,0.09352,0.09413,0.09307,0.09352,834846626.0,2026-04-15 12:00:00+00:00
1776268800000,0.09353,0.09676,0.09344,0.09604,1284645849.0,2026-04-15 16:00:00+00:00
1776283200000,0.09604,0.09615,0.09435,0.09485,969186231.0,2026-04-15 20:00:00+00:00
1776297600000,0.09486,0.09743,0.09447,0.09699,1182093964.0,2026-04-16 00:00:00+00:00
1776312000000,0.097,0.09797,0.09607,0.09644,1372111490.0,2026-04-16 04:00:00+00:00
1776326400000,0.09643,0.09658,0.09528,0.09628,1102202957.0,2026-04-16 08:00:00+00:00
1776340800000,0.09628,0.09771,0.09432,0.09725,2643358654.0,2026-04-16 12:00:00+00:00
1776355200000,0.09725,0.09984,0.09633,0.09939,2590024820.0,2026-04-16 16:00:00+00:00
1776369600000,0.0994,0.09979,0.09792,0.09917,1049522012.0,2026-04-16 20:00:00+00:00
1776384000000,0.09918,0.0996,0.0973,0.09769,1217902428.0,2026-04-17 00:00:00+00:00
1776398400000,0.0977,0.09849,0.09666,0.09801,948631631.0,2026-04-17 04:00:00+00:00
1776412800000,0.09802,0.09949,0.09764,0.09871,1373834948.0,2026-04-17 08:00:00+00:00
1776427200000,0.09871,0.10152,0.09838,0.10053,3328707490.0,2026-04-17 12:00:00+00:00
1776441600000,0.10052,0.10216,0.09974,0.09994,1459801901.0,2026-04-17 16:00:00+00:00
1776456000000,0.09994,0.10061,0.09872,0.09936,920697522.0,2026-04-17 20:00:00+00:00
1776470400000,0.09936,0.09973,0.0981,0.09851,797092341.0,2026-04-18 00:00:00+00:00
1776484800000,0.0985,0.09902,0.09802,0.09881,575524625.0,2026-04-18 04:00:00+00:00
1776499200000,0.09882,0.09884,0.09547,0.09595,1927269472.0,2026-04-18 08:00:00+00:00
1776513600000,0.09595,0.09636,0.09539,0.09594,922312598.0,2026-04-18 12:00:00+00:00
1776528000000,0.09594,0.09613,0.09403,0.09474,1074862223.0,2026-04-18 16:00:00+00:00
1776542400000,0.09474,0.09533,0.09455,0.09473,433895224.0,2026-04-18 20:00:00+00:00
1776556800000,0.09473,0.09506,0.09431,0.09472,661279906.0,2026-04-19 00:00:00+00:00
1776571200000,0.09472,0.09516,0.09339,0.09408,1043180323.0,2026-04-19 04:00:00+00:00
1776585600000,0.09408,0.0949,0.09338,0.09447,813947780.0,2026-04-19 08:00:00+00:00
1776600000000,0.09448,0.09706,0.09421,0.09556,2179890810.0,2026-04-19 12:00:00+00:00
1776614400000,0.09556,0.09564,0.09364,0.09446,821616583.0,2026-04-19 16:00:00+00:00
1776628800000,0.09445,0.09445,0.09246,0.09298,987794933.0,2026-04-19 20:00:00+00:00
1776643200000,0.09299,0.09429,0.09285,0.0942,508563197.0,2026-04-20 00:00:00+00:00
1776657600000,0.0942,0.09541,0.09354,0.09448,937402321.0,2026-04-20 04:00:00+00:00
1776672000000,0.09449,0.09495,0.09396,0.09443,670858842.0,2026-04-20 08:00:00+00:00
1776686400000,0.09444,0.09538,0.09402,0.09491,993324386.0,2026-04-20 12:00:00+00:00
1776700800000,0.09492,0.09574,0.09431,0.09548,665040532.0,2026-04-20 16:00:00+00:00
1776715200000,0.09548,0.09605,0.09493,0.09515,440879475.0,2026-04-20 20:00:00+00:00
1776729600000,0.09515,0.09582,0.09455,0.09483,555971313.0,2026-04-21 00:00:00+00:00
1776744000000,0.09483,0.09578,0.0948,0.09521,613935375.0,2026-04-21 04:00:00+00:00
1776758400000,0.09521,0.09588,0.09512,0.09538,555903123.0,2026-04-21 08:00:00+00:00
1776772800000,0.09539,0.09567,0.09437,0.09474,778292513.0,2026-04-21 12:00:00+00:00
1776787200000,0.09474,0.09513,0.0935,0.0938,727194846.0,2026-04-21 16:00:00+00:00
1776801600000,0.0938,0.09522,0.09373,0.09513,409647755.0,2026-04-21 20:00:00+00:00
1776816000000,0.09513,0.0969,0.09482,0.09625,918352189.0,2026-04-22 00:00:00+00:00
1776830400000,0.09625,0.09829,0.09595,0.09749,1495578336.0,2026-04-22 04:00:00+00:00
1776844800000,0.09749,0.09858,0.09717,0.09798,931393638.0,2026-04-22 08:00:00+00:00
1776859200000,0.09798,0.09827,0.09732,0.09783,1277007823.0,2026-04-22 12:00:00+00:00
1776873600000,0.09784,0.09817,0.09624,0.09664,721138730.0,2026-04-22 16:00:00+00:00
1776888000000,0.09663,0.09685,0.09553,0.09557,600031751.0,2026-04-22 20:00:00+00:00
1776902400000,0.09558,0.09663,0.09522,0.09556,1987963419.0,2026-04-23 00:00:00+00:00
1776916800000,0.09556,0.09643,0.09549,0.09588,668729512.0,2026-04-23 04:00:00+00:00
1776931200000,0.09589,0.09626,0.09526,0.09612,734806785.0,2026-04-23 08:00:00+00:00
1776945600000,0.09613,0.09799,0.0958,0.09733,1129113786.0,2026-04-23 12:00:00+00:00
1776960000000,0.09734,0.09741,0.09505,0.09616,930969949.0,2026-04-23 16:00:00+00:00
1776974400000,0.09616,0.09768,0.0961,0.09709,482586425.0,2026-04-23 20:00:00+00:00
1776988800000,0.09709,0.098,0.09686,0.09718,618706373.0,2026-04-24 00:00:00+00:00
1777003200000,0.09719,0.09811,0.09692,0.09778,733962345.0,2026-04-24 04:00:00+00:00
1777017600000,0.09778,0.09908,0.09678,0.09816,1259676609.0,2026-04-24 08:00:00+00:00
1777032000000,0.09817,0.09852,0.09717,0.09806,962389712.0,2026-04-24 12:00:00+00:00
1777046400000,0.09806,0.09846,0.09762,0.09837,493792296.0,2026-04-24 16:00:00+00:00
1777060800000,0.09837,0.09951,0.09781,0.09839,788096161.0,2026-04-24 20:00:00+00:00
1777075200000,0.09839,0.09905,0.09799,0.09876,573034931.0,2026-04-25 00:00:00+00:00
1777089600000,0.09877,0.09905,0.09803,0.09836,514193982.0,2026-04-25 04:00:00+00:00
1777104000000,0.09836,0.09863,0.0978,0.09793,372817117.0,2026-04-25 08:00:00+00:00
1777118400000,0.09792,0.09874,0.09765,0.09814,485129404.0,2026-04-25 12:00:00+00:00
1777132800000,0.09815,0.09832,0.09733,0.09763,525223198.0,2026-04-25 16:00:00+00:00
1777147200000,0.09764,0.0982,0.09753,0.09796,213347530.0,2026-04-25 20:00:00+00:00
1777161600000,0.09796,0.09839,0.0975,0.09774,496012799.0,2026-04-26 00:00:00+00:00
1777176000000,0.09773,0.09867,0.09741,0.09852,512802436.0,2026-04-26 04:00:00+00:00
1777190400000,0.09852,0.09916,0.09823,0.09898,456399013.0,2026-04-26 08:00:00+00:00
1777204800000,0.09898,0.09911,0.09808,0.09898,692679194.0,2026-04-26 12:00:00+00:00
1777219200000,0.09898,0.09968,0.09842,0.09913,534254613.0,2026-04-26 16:00:00+00:00
1777233600000,0.09914,0.09989,0.09861,0.09916,628587676.0,2026-04-26 20:00:00+00:00
1777248000000,0.09916,0.10084,0.09884,0.10016,1028648715.0,2026-04-27 00:00:00+00:00
1777262400000,0.10016,0.10051,0.09753,0.09775,1444235028.0,2026-04-27 04:00:00+00:00
1777276800000,0.09775,0.09848,0.09762,0.09844,720800983.0,2026-04-27 08:00:00+00:00
1777291200000,0.09844,0.09922,0.09686,0.09717,1319603764.0,2026-04-27 12:00:00+00:00
1777305600000,0.09716,0.09824,0.09701,0.0978,687491363.0,2026-04-27 16:00:00+00:00
1777320000000,0.09781,0.09906,0.09781,0.09889,424852889.0,2026-04-27 20:00:00+00:00
1777334400000,0.0989,0.09952,0.09855,0.09931,925450914.0,2026-04-28 00:00:00+00:00
1777348800000,0.0993,0.10099,0.09891,0.09961,1894000112.0,2026-04-28 04:00:00+00:00
1777363200000,0.0996,0.09995,0.09845,0.09858,842965859.0,2026-04-28 08:00:00+00:00
1777377600000,0.09857,0.0995,0.09801,0.09948,1012065565.0,2026-04-28 12:00:00+00:00
1777392000000,0.09949,0.09982,0.09913,0.09967,487024034.0,2026-04-28 16:00:00+00:00
1777406400000,0.09968,0.10015,0.09878,0.09928,661714500.0,2026-04-28 20:00:00+00:00
1777420800000,0.09929,0.10143,0.09919,0.10132,1267635439.0,2026-04-29 00:00:00+00:00
1777435200000,0.10133,0.10545,0.1011,0.10492,2483366995.0,2026-04-29 04:00:00+00:00
1777449600000,0.10492,0.112,0.1046,0.10965,4869338075.0,2026-04-29 08:00:00+00:00
1777464000000,0.10965,0.1097,0.10284,0.10334,4182559995.0,2026-04-29 12:00:00+00:00
1777478400000,0.10333,0.10426,0.1009,0.1014,3477407975.0,2026-04-29 16:00:00+00:00
1777492800000,0.10139,0.10417,0.10138,0.10402,1050396330.0,2026-04-29 20:00:00+00:00
1777507200000,0.10402,0.10835,0.1039,0.10675,3386081314.0,2026-04-30 00:00:00+00:00
1777521600000,0.10674,0.10704,0.10427,0.10695,1787454689.0,2026-04-30 04:00:00+00:00
1777536000000,0.10695,0.10812,0.10554,0.10635,1621704657.0,2026-04-30 08:00:00+00:00
1777550400000,0.10634,0.10752,0.1058,0.10703,1442621372.0,2026-04-30 12:00:00+00:00
1777564800000,0.10703,0.1071,0.10534,0.1061,920043482.0,2026-04-30 16:00:00+00:00
1777579200000,0.10609,0.10681,0.10577,0.10645,421087503.0,2026-04-30 20:00:00+00:00
1777593600000,0.10646,0.10981,0.10636,0.10905,1867352261.0,2026-05-01 00:00:00+00:00
1777608000000,0.10905,0.10942,0.10786,0.10818,1055650872.0,2026-05-01 04:00:00+00:00
1777622400000,0.10819,0.10915,0.1072,0.10878,1128691030.0,2026-05-01 08:00:00+00:00
1777636800000,0.10879,0.1105,0.10857,0.10937,2190696961.0,2026-05-01 12:00:00+00:00
1777651200000,0.10937,0.10966,0.10804,0.10903,957688906.0,2026-05-01 16:00:00+00:00
1777665600000,0.10904,0.10962,0.10751,0.10845,730785294.0,2026-05-01 20:00:00+00:00
1777680000000,0.10846,0.10926,0.10801,0.1081,627808204.0,2026-05-02 00:00:00+00:00
1777694400000,0.1081,0.10832,0.10732,0.10786,587284612.0,2026-05-02 04:00:00+00:00
1777708800000,0.10785,0.10802,0.10737,0.10768,473860740.0,2026-05-02 08:00:00+00:00
1777723200000,0.10768,0.10919,0.10711,0.10895,919001327.0,2026-05-02 12:00:00+00:00
1777737600000,0.10896,0.10931,0.10817,0.10838,486881422.0,2026-05-02 16:00:00+00:00
1777752000000,0.10838,0.1092,0.10777,0.10844,697796226.0,2026-05-02 20:00:00+00:00
1777766400000,0.10845,0.10852,0.10705,0.10778,683556931.0,2026-05-03 00:00:00+00:00
1777780800000,0.10777,0.10819,0.10745,0.10786,466784875.0,2026-05-03 04:00:00+00:00
1777795200000,0.10786,0.10871,0.10745,0.10862,574482223.0,2026-05-03 08:00:00+00:00
1777809600000,0.10863,0.10939,0.1082,0.10843,625074220.0,2026-05-03 12:00:00+00:00
1777824000000,0.10843,0.10872,0.10793,0.10855,320705752.0,2026-05-03 16:00:00+00:00
1777838400000,0.10854,0.10963,0.10765,0.10822,887237300.0,2026-05-03 20:00:00+00:00
1777852800000,0.10823,0.11383,0.10753,0.11292,2929008687.0,2026-05-04 00:00:00+00:00
1777867200000,0.11292,0.11356,0.11095,0.11226,1210008484.0,2026-05-04 04:00:00+00:00
1777881600000,0.11225,0.11239,0.10857,0.11043,2202271059.0,2026-05-04 08:00:00+00:00
1777896000000,0.11043,0.11262,0.10955,0.11019,2064868289.0,2026-05-04 12:00:00+00:00
1777910400000,0.11019,0.11154,0.10979,0.11036,881240904.0,2026-05-04 16:00:00+00:00
1777924800000,0.11037,0.11091,0.10994,0.11005,348298895.0,2026-05-04 20:00:00+00:00
1777939200000,0.11004,0.11176,0.10991,0.11135,550426851.0,2026-05-05 00:00:00+00:00
1777953600000,0.11134,0.11191,0.1112,0.11139,556251246.0,2026-05-05 04:00:00+00:00
1777968000000,0.1114,0.11209,0.11068,0.11189,599525358.0,2026-05-05 08:00:00+00:00
1777982400000,0.11189,0.11289,0.11143,0.11234,1222548017.0,2026-05-05 12:00:00+00:00
1777996800000,0.11234,0.11445,0.11155,0.11348,1385581574.0,2026-05-05 16:00:00+00:00
1778011200000,0.11348,0.1165,0.11304,0.11478,1375250314.0,2026-05-05 20:00:00+00:00
1778025600000,0.11477,0.11605,0.11371,0.11588,1137707397.0,2026-05-06 00:00:00+00:00
1778040000000,0.11588,0.11723,0.11453,0.11567,1435125180.0,2026-05-06 04:00:00+00:00
1778054400000,0.11567,0.117,0.11554,0.11651,1471459618.0,2026-05-06 08:00:00+00:00
1778068800000,0.11651,0.1167,0.11118,0.113,2912888387.0,2026-05-06 12:00:00+00:00
1778083200000,0.11299,0.11358,0.11239,0.1129,698403687.0,2026-05-06 16:00:00+00:00
1778097600000,0.1129,0.11323,0.11186,0.11239,465049413.0,2026-05-06 20:00:00+00:00
1778112000000,0.11239,0.11245,0.11003,0.11025,1038557908.0,2026-05-07 00:00:00+00:00
1778126400000,0.11025,0.11172,0.11001,0.11162,933025669.0,2026-05-07 04:00:00+00:00
1778140800000,0.11163,0.11179,0.1107,0.11106,891705118.0,2026-05-07 08:00:00+00:00
1778155200000,0.11106,0.11155,0.10652,0.10793,2317738770.0,2026-05-07 12:00:00+00:00
1778169600000,0.10793,0.10851,0.10703,0.10789,757881556.0,2026-05-07 16:00:00+00:00
1778184000000,0.10789,0.10841,0.10726,0.10778,434346488.0,2026-05-07 20:00:00+00:00
1778198400000,0.10779,0.10799,0.10569,0.10636,808931207.0,2026-05-08 00:00:00+00:00
1778212800000,0.10635,0.10657,0.10552,0.10625,624410496.0,2026-05-08 04:00:00+00:00
1778227200000,0.10625,0.10769,0.10612,0.10735,867935166.0,2026-05-08 08:00:00+00:00
1778241600000,0.10735,0.10816,0.10624,0.10803,905821587.0,2026-05-08 12:00:00+00:00
1778256000000,0.10803,0.10904,0.10721,0.1089,785224947.0,2026-05-08 16:00:00+00:00
1778270400000,0.10891,0.10963,0.10841,0.10947,537042555.0,2026-05-08 20:00:00+00:00
1778284800000,0.10948,0.11115,0.10932,0.11031,782195548.0,2026-05-09 00:00:00+00:00
1778299200000,0.11032,0.11129,0.10983,0.11016,879557275.0,2026-05-09 04:00:00+00:00
1778313600000,0.11016,0.11062,0.10937,0.10953,449615186.0,2026-05-09 08:00:00+00:00
1778328000000,0.10953,0.10972,0.10801,0.10855,714182591.0,2026-05-09 12:00:00+00:00
1778342400000,0.10855,0.10993,0.1084,0.10964,485748213.0,2026-05-09 16:00:00+00:00
1778356800000,0.10964,0.10967,0.10853,0.10869,249577242.0,2026-05-09 20:00:00+00:00
1778371200000,0.10869,0.10892,0.10769,0.10842,596796644.0,2026-05-10 00:00:00+00:00
1778385600000,0.10842,0.10871,0.10811,0.10848,286259348.0,2026-05-10 04:00:00+00:00
1778400000000,0.10848,0.10913,0.1078,0.10814,695211943.0,2026-05-10 08:00:00+00:00
1778414400000,0.10815,0.10909,0.10781,0.10907,739059343.0,2026-05-10 12:00:00+00:00
1778428800000,0.10908,0.11164,0.10882,0.11104,1563285973.0,2026-05-10 16:00:00+00:00
1778443200000,0.11105,0.11283,0.1062,0.11242,3319218442.0,2026-05-10 20:00:00+00:00
1778457600000,0.11243,0.11273,0.10834,0.10907,2129880130.0,2026-05-11 00:00:00+00:00
1778472000000,0.10907,0.11009,0.10856,0.10923,937912008.0,2026-05-11 04:00:00+00:00
1778486400000,0.10924,0.1104,0.10867,0.11027,740463964.0,2026-05-11 08:00:00+00:00
1778500800000,0.11027,0.11097,0.10883,0.11088,1656914238.0,2026-05-11 12:00:00+00:00
1778515200000,0.11089,0.1118,0.11034,0.11156,1311889366.0,2026-05-11 16:00:00+00:00
1778529600000,0.11157,0.11177,0.11091,0.11127,658084181.0,2026-05-11 20:00:00+00:00
1778544000000,0.11128,0.11157,0.10967,0.11005,1138943930.0,2026-05-12 00:00:00+00:00
1778558400000,0.11005,0.11125,0.10967,0.10983,1113316449.0,2026-05-12 04:00:00+00:00
1778572800000,0.10984,0.11028,0.10851,0.10938,1034347334.0,2026-05-12 08:00:00+00:00
1778587200000,0.10938,0.10961,0.10778,0.10862,1023242248.0,2026-05-12 12:00:00+00:00
1778601600000,0.10862,0.11029,0.10743,0.10981,855006381.0,2026-05-12 16:00:00+00:00
1778616000000,0.10982,0.11069,0.10977,0.11012,463802278.0,2026-05-12 20:00:00+00:00
1778630400000,0.11011,0.11176,0.10989,0.11169,677761004.0,2026-05-13 00:00:00+00:00
1778644800000,0.11169,0.11282,0.11125,0.11228,944720899.0,2026-05-13 04:00:00+00:00
1778659200000,0.11229,0.11459,0.11193,0.11264,1433109506.0,2026-05-13 08:00:00+00:00
1778673600000,0.11265,0.11309,0.10955,0.10989,1981020028.0,2026-05-13 12:00:00+00:00
1778688000000,0.10988,0.11468,0.10983,0.1129,1484127276.0,2026-05-13 16:00:00+00:00
1778702400000,0.1129,0.11399,0.1123,0.11261,573563950.0,2026-05-13 20:00:00+00:00
1778716800000,0.1126,0.1154,0.11206,0.11237,1722975393.0,2026-05-14 00:00:00+00:00
1778731200000,0.11237,0.11539,0.11184,0.11386,1410705345.0,2026-05-14 04:00:00+00:00
1778745600000,0.11385,0.11397,0.11268,0.1131,1020218861.0,2026-05-14 08:00:00+00:00
1778760000000,0.11309,0.11666,0.113,0.11387,3780050123.0,2026-05-14 12:00:00+00:00
1778774400000,0.11386,0.11859,0.11325,0.11608,2702154796.0,2026-05-14 16:00:00+00:00
1778788800000,0.11609,0.1168,0.11486,0.1154,702403329.0,2026-05-14 20:00:00+00:00
1778803200000,0.1154,0.11746,0.11516,0.11607,1133435375.0,2026-05-15 00:00:00+00:00
1778817600000,0.11607,0.11608,0.11261,0.11481,1732944011.0,2026-05-15 04:00:00+00:00
1778832000000,0.11482,0.11562,0.11377,0.11436,965384595.0,2026-05-15 08:00:00+00:00
1778846400000,0.11436,0.11442,0.11068,0.11151,1971618513.0,2026-05-15 12:00:00+00:00
1778860800000,0.11151,0.11338,0.11141,0.11292,865856838.0,2026-05-15 16:00:00+00:00
1778875200000,0.11293,0.11377,0.1125,0.1133,389936647.0,2026-05-15 20:00:00+00:00
1778889600000,0.1133,0.11343,0.11211,0.11257,454469767.0,2026-05-16 00:00:00+00:00
1778904000000,0.11256,0.1126,0.10896,0.11004,1302760297.0,2026-05-16 04:00:00+00:00
1778918400000,0.11004,0.11043,0.1081,0.10891,1002970713.0,2026-05-16 08:00:00+00:00
1778932800000,0.10891,0.10992,0.10764,0.10964,942230963.0,2026-05-16 12:00:00+00:00
1778947200000,0.10964,0.11009,0.10923,0.10958,340968567.0,2026-05-16 16:00:00+00:00
1778961600000,0.10957,0.11016,0.10916,0.10933,257645004.0,2026-05-16 20:00:00+00:00
1778976000000,0.10933,0.10962,0.10803,0.10914,524472264.0,2026-05-17 00:00:00+00:00
1778990400000,0.10915,0.11037,0.10907,0.11012,432757488.0,2026-05-17 04:00:00+00:00
1779004800000,0.11013,0.11188,0.10972,0.11144,715492405.0,2026-05-17 08:00:00+00:00
1779019200000,0.11144,0.11278,0.11018,0.11038,1042938777.0,2026-05-17 12:00:00+00:00
1779033600000,0.11039,0.11095,0.10951,0.11066,597520320.0,2026-05-17 16:00:00+00:00
1779048000000,0.11066,0.11126,0.10501,0.10891,1484522092.0,2026-05-17 20:00:00+00:00
1779062400000,0.10891,0.10902,0.10581,0.10652,1209081138.0,2026-05-18 00:00:00+00:00
1779076800000,0.10651,0.10699,0.1035,0.10424,1528380109.0,2026-05-18 04:00:00+00:00
1779091200000,0.10424,0.10654,0.10368,0.105,976684563.0,2026-05-18 08:00:00+00:00
1779105600000,0.10501,0.1064,0.10302,0.10386,2147138417.0,2026-05-18 12:00:00+00:00
1779120000000,0.10387,0.1049,0.10244,0.10471,1115511619.0,2026-05-18 16:00:00+00:00
1779134400000,0.10471,0.10551,0.10385,0.10472,545135557.0,2026-05-18 20:00:00+00:00
1779148800000,0.10472,0.10547,0.10382,0.10429,497467360.0,2026-05-19 00:00:00+00:00
1779163200000,0.10429,0.10535,0.10405,0.10513,784186249.0,2026-05-19 04:00:00+00:00
1779177600000,0.10513,0.10518,0.10342,0.10367,774220671.0,2026-05-19 08:00:00+00:00
1779192000000,0.10367,0.10459,0.10282,0.10355,894514720.0,2026-05-19 12:00:00+00:00
1779206400000,0.10355,0.10419,0.10308,0.10323,372691207.0,2026-05-19 16:00:00+00:00
1779220800000,0.10323,0.10375,0.10258,0.10293,290868793.0,2026-05-19 20:00:00+00:00
1779235200000,0.10293,0.10306,0.10181,0.10283,622153696.0,2026-05-20 00:00:00+00:00
1779249600000,0.10284,0.10407,0.10211,0.10355,664405906.0,2026-05-20 04:00:00+00:00
1779264000000,0.10356,0.10408,0.1034,0.10365,357312537.0,2026-05-20 08:00:00+00:00
1779278400000,0.10364,0.10492,0.10296,0.10413,1039410821.0,2026-05-20 12:00:00+00:00
1779292800000,0.10414,0.10481,0.10357,0.10419,494806448.0,2026-05-20 16:00:00+00:00
1779307200000,0.10419,0.10436,0.1029,0.10365,370095875.0,2026-05-20 20:00:00+00:00
1779321600000,0.10365,0.10582,0.1036,0.1056,674321907.0,2026-05-21 00:00:00+00:00
1779336000000,0.1056,0.1061,0.10476,0.10559,876525491.0,2026-05-21 04:00:00+00:00
1779350400000,0.10559,0.10635,0.10376,0.10424,920748306.0,2026-05-21 08:00:00+00:00
1779364800000,0.10425,0.10493,0.10377,0.10465,751851587.0,2026-05-21 12:00:00+00:00
1779379200000,0.10466,0.10649,0.10417,0.10575,925876621.0,2026-05-21 16:00:00+00:00
1779393600000,0.10574,0.10604,0.10512,0.10562,298334966.0,2026-05-21 20:00:00+00:00
1779408000000,0.10561,0.10625,0.10497,0.10584,352714841.0,2026-05-22 00:00:00+00:00
1779422400000,0.10585,0.10615,0.10481,0.10554,384652640.0,2026-05-22 04:00:00+00:00
1779436800000,0.10554,0.10642,0.10536,0.10637,454464614.0,2026-05-22 08:00:00+00:00
1779451200000,0.10637,0.10674,0.10516,0.10603,876342991.0,2026-05-22 12:00:00+00:00
1779465600000,0.10604,0.10634,0.10264,0.10341,1299149517.0,2026-05-22 16:00:00+00:00
1779480000000,0.10341,0.10434,0.1015,0.10228,696879195.0,2026-05-22 20:00:00+00:00
1779494400000,0.10229,0.10233,0.10067,0.10164,780740078.0,2026-05-23 00:00:00+00:00
1779508800000,0.10165,0.10171,0.09715,0.09887,1354353652.0,2026-05-23 04:00:00+00:00
1779523200000,0.09887,0.09986,0.09875,0.09921,736949870.0,2026-05-23 08:00:00+00:00
1779537600000,0.09922,0.10196,0.09888,0.10103,1113570760.0,2026-05-23 12:00:00+00:00
1779552000000,0.10104,0.10273,0.10074,0.10252,645209876.0,2026-05-23 16:00:00+00:00
1779566400000,0.10252,0.10502,0.10222,0.10303,992333041.0,2026-05-23 20:00:00+00:00
1779580800000,0.10303,0.10333,0.10262,0.10294,344238983.0,2026-05-24 00:00:00+00:00
1779595200000,0.10295,0.10326,0.10238,0.10283,294576590.0,2026-05-24 04:00:00+00:00
1779609600000,0.10283,0.10388,0.1026,0.10326,628609618.0,2026-05-24 08:00:00+00:00
1779624000000,0.10326,0.1033,0.10097,0.1019,716063950.0,2026-05-24 12:00:00+00:00
1779638400000,0.10191,0.10247,0.10174,0.10205,309725375.0,2026-05-24 16:00:00+00:00
1779652800000,0.10205,0.10247,0.1005,0.10222,549253822.0,2026-05-24 20:00:00+00:00
1779667200000,0.10222,0.1028,0.10166,0.10196,552766326.0,2026-05-25 00:00:00+00:00
1779681600000,0.10197,0.10328,0.10174,0.10276,500248358.0,2026-05-25 04:00:00+00:00
1779696000000,0.10277,0.10303,0.10231,0.10282,404098144.0,2026-05-25 08:00:00+00:00
1779710400000,0.10282,0.10358,0.10261,0.10294,410636663.0,2026-05-25 12:00:00+00:00
1779724800000,0.10294,0.10376,0.10263,0.10273,313377818.0,2026-05-25 16:00:00+00:00
1779739200000,0.10273,0.10287,0.10158,0.10208,412945015.0,2026-05-25 20:00:00+00:00
1779753600000,0.10209,0.10216,0.10038,0.10104,613221201.0,2026-05-26 00:00:00+00:00
1779768000000,0.10104,0.10209,0.10085,0.10112,351632528.0,2026-05-26 04:00:00+00:00
1779782400000,0.10112,0.10256,0.10095,0.10237,479140465.0,2026-05-26 08:00:00+00:00
1779796800000,0.10237,0.10382,0.10131,0.10199,1078242360.0,2026-05-26 12:00:00+00:00
1779811200000,0.10199,0.10207,0.1002,0.10107,806422308.0,2026-05-26 16:00:00+00:00
1779825600000,0.10108,0.10135,0.10055,0.10099,220397015.0,2026-05-26 20:00:00+00:00
1779840000000,0.10099,0.10184,0.10097,0.10117,339549013.0,2026-05-27 00:00:00+00:00
1779854400000,0.10117,0.10231,0.10021,0.10212,522992604.0,2026-05-27 04:00:00+00:00
1779868800000,0.10212,0.10255,0.10154,0.10166,481814049.0,2026-05-27 08:00:00+00:00
1779883200000,0.10166,0.10337,0.10065,0.10255,1177333001.0,2026-05-27 12:00:00+00:00
1779897600000,0.10255,0.10283,0.1009,0.10214,535662061.0,2026-05-27 16:00:00+00:00
1779912000000,0.10215,0.10237,0.0992,0.10043,841686561.0,2026-05-27 20:00:00+00:00
1779926400000,0.10043,0.1008,0.09795,0.09818,1073313428.0,2026-05-28 00:00:00+00:00
1779940800000,0.09817,0.09877,0.09703,0.09866,990654799.0,2026-05-28 04:00:00+00:00
1779955200000,0.09867,0.0988,0.09774,0.09801,389808175.0,2026-05-28 08:00:00+00:00
1779969600000,0.09801,0.09869,0.0964,0.0984,1036709154.0,2026-05-28 12:00:00+00:00
1779984000000,0.0984,0.10049,0.09789,0.09949,715503111.0,2026-05-28 16:00:00+00:00
1779998400000,0.09949,0.10048,0.09909,0.09951,470241496.0,2026-05-28 20:00:00+00:00
1780012800000,0.09951,0.10005,0.09879,0.09904,336120628.0,2026-05-29 00:00:00+00:00
1780027200000,0.09904,0.09983,0.09858,0.09958,302785598.0,2026-05-29 04:00:00+00:00
1780041600000,0.09959,0.09989,0.09864,0.09907,327437485.0,2026-05-29 08:00:00+00:00
1780056000000,0.09907,0.10116,0.09737,0.10035,1373678214.0,2026-05-29 12:00:00+00:00
1780070400000,0.10036,0.10089,0.09915,0.10004,771581023.0,2026-05-29 16:00:00+00:00
1780084800000,0.10004,0.10049,0.09936,0.09965,301508626.0,2026-05-29 20:00:00+00:00
1780099200000,0.09965,0.10177,0.09943,0.10104,702219840.0,2026-05-30 00:00:00+00:00
1780113600000,0.10105,0.1017,0.10013,0.10123,582067534.0,2026-05-30 04:00:00+00:00
1780128000000,0.10123,0.10127,0.10049,0.1008,256799084.0,2026-05-30 08:00:00+00:00
1780142400000,0.10081,0.10151,0.10065,0.10129,364904655.0,2026-05-30 12:00:00+00:00
1780156800000,0.1013,0.10168,0.10111,0.10136,227031819.0,2026-05-30 16:00:00+00:00
1780171200000,0.10137,0.10151,0.10032,0.10056,291292225.0,2026-05-30 20:00:00+00:00
1780185600000,0.10056,0.10138,0.10041,0.10128,393750045.0,2026-05-31 00:00:00+00:00
1780200000000,0.10128,0.10134,0.10013,0.10054,308714124.0,2026-05-31 04:00:00+00:00
1780214400000,0.10054,0.10098,0.10018,0.10073,242625814.0,2026-05-31 08:00:00+00:00
1780228800000,0.10073,0.10117,0.09947,0.0998,607299918.0,2026-05-31 12:00:00+00:00
1780243200000,0.0998,0.09994,0.09895,0.09949,509465029.0,2026-05-31 16:00:00+00:00
1780257600000,0.0995,0.101,0.0995,0.10038,455599545.0,2026-05-31 20:00:00+00:00
1780272000000,0.10039,0.10154,0.09963,0.10107,674310322.0,2026-06-01 00:00:00+00:00
1780286400000,0.10107,0.10127,0.09904,0.09915,812650293.0,2026-06-01 04:00:00+00:00
1780300800000,0.09916,0.10029,0.09902,0.0999,544359171.0,2026-06-01 08:00:00+00:00
1780315200000,0.0999,0.10009,0.0979,0.09826,1537655774.0,2026-06-01 12:00:00+00:00
1780329600000,0.09826,0.10063,0.09775,0.10059,873639007.0,2026-06-01 16:00:00+00:00
1780344000000,0.10059,0.10109,0.09947,0.10105,585586657.0,2026-06-01 20:00:00+00:00
1780358400000,0.10106,0.1012,0.09938,0.1009,780199275.0,2026-06-02 00:00:00+00:00
1780372800000,0.1009,0.10101,0.09857,0.09916,910931285.0,2026-06-02 04:00:00+00:00
1780387200000,0.09916,0.09944,0.09844,0.09871,580198889.0,2026-06-02 08:00:00+00:00
1780401600000,0.09871,0.09897,0.0935,0.09481,2553168087.0,2026-06-02 12:00:00+00:00
1780416000000,0.0948,0.09631,0.09242,0.09403,1554070112.0,2026-06-02 16:00:00+00:00
1780430400000,0.09403,0.0949,0.09112,0.09272,1419096376.0,2026-06-02 20:00:00+00:00
1780444800000,0.09272,0.09351,0.09078,0.09153,964150962.0,2026-06-03 00:00:00+00:00
1780459200000,0.09154,0.0945,0.09153,0.09414,1091298332.0,2026-06-03 04:00:00+00:00
1780473600000,0.09414,0.0945,0.09339,0.09394,561494529.0,2026-06-03 08:00:00+00:00
1780488000000,0.09394,0.09438,0.09271,0.09277,843090264.0,2026-06-03 12:00:00+00:00
1780502400000,0.09276,0.09303,0.09152,0.09173,1051345361.0,2026-06-03 16:00:00+00:00
1780516800000,0.09173,0.09323,0.0905,0.09136,1003462516.0,2026-06-03 20:00:00+00:00
1780531200000,0.09136,0.09185,0.08573,0.09128,2529655484.0,2026-06-04 00:00:00+00:00
1780545600000,0.09129,0.09155,0.0887,0.08871,1231415655.0,2026-06-04 04:00:00+00:00
1780560000000,0.08871,0.08916,0.08659,0.08788,1445249528.0,2026-06-04 08:00:00+00:00
1780574400000,0.08789,0.09015,0.08759,0.08949,1303649447.0,2026-06-04 12:00:00+00:00
1780588800000,0.08949,0.09002,0.08839,0.08904,799047738.0,2026-06-04 16:00:00+00:00
1780603200000,0.08903,0.08908,0.0869,0.08851,752443813.0,2026-06-04 20:00:00+00:00
1780617600000,0.08851,0.08875,0.08582,0.08589,1071841564.0,2026-06-05 00:00:00+00:00
1780632000000,0.0859,0.08715,0.08198,0.08495,2575470165.0,2026-06-05 04:00:00+00:00
1780646400000,0.08496,0.08534,0.08327,0.08398,854068524.0,2026-06-05 08:00:00+00:00
1780660800000,0.08398,0.08487,0.08089,0.0815,2187417676.0,2026-06-05 12:00:00+00:00
1780675200000,0.08149,0.08343,0.07893,0.081,2535551700.0,2026-06-05 16:00:00+00:00
1780689600000,0.08099,0.08358,0.08002,0.08143,1185818210.0,2026-06-05 20:00:00+00:00
1780704000000,0.08143,0.08299,0.08046,0.08102,612026636.0,2026-06-06 00:00:00+00:00
1780718400000,0.08101,0.08179,0.07761,0.08147,1905453019.0,2026-06-06 04:00:00+00:00
1780732800000,0.08147,0.08254,0.07983,0.08122,1166179848.0,2026-06-06 08:00:00+00:00
1780747200000,0.08122,0.08255,0.08085,0.08164,1389769625.0,2026-06-06 12:00:00+00:00
1780761600000,0.08163,0.08204,0.08041,0.08065,681807166.0,2026-06-06 16:00:00+00:00
1780776000000,0.08065,0.08189,0.08042,0.08186,531652275.0,2026-06-06 20:00:00+00:00
1780790400000,0.08186,0.08388,0.08158,0.08348,743934712.0,2026-06-07 00:00:00+00:00
1780804800000,0.08348,0.08497,0.08291,0.0849,756445006.0,2026-06-07 04:00:00+00:00
1780819200000,0.08491,0.08597,0.0841,0.08454,907823016.0,2026-06-07 08:00:00+00:00
1780833600000,0.08455,0.08495,0.08312,0.0846,833812547.0,2026-06-07 12:00:00+00:00
1780848000000,0.08461,0.08526,0.08292,0.08331,573780566.0,2026-06-07 16:00:00+00:00
1780862400000,0.0833,0.08754,0.08308,0.08622,1037984317.0,2026-06-07 20:00:00+00:00
1780876800000,0.08623,0.08679,0.08477,0.08586,701901661.0,2026-06-08 00:00:00+00:00
1780891200000,0.08587,0.08595,0.08431,0.08562,589822313.0,2026-06-08 04:00:00+00:00
1780905600000,0.08561,0.0868,0.08487,0.08635,643883865.0,2026-06-08 08:00:00+00:00
1780920000000,0.08636,0.08743,0.08576,0.08693,809478192.0,2026-06-08 12:00:00+00:00
1780934400000,0.08694,0.08749,0.08608,0.08676,467640484.0,2026-06-08 16:00:00+00:00
1780948800000,0.08677,0.08744,0.08609,0.08629,495148157.0,2026-06-08 20:00:00+00:00
1780963200000,0.0863,0.08644,0.08451,0.08527,963155241.0,2026-06-09 00:00:00+00:00
1780977600000,0.08526,0.08672,0.08501,0.08636,583961327.0,2026-06-09 04:00:00+00:00
1780992000000,0.08637,0.08641,0.08513,0.08547,584136100.0,2026-06-09 08:00:00+00:00
1781006400000,0.08547,0.0861,0.08401,0.08408,1143066881.0,2026-06-09 12:00:00+00:00
1781020800000,0.08407,0.08545,0.08313,0.08516,1079922828.0,2026-06-09 16:00:00+00:00
1781035200000,0.08517,0.08568,0.0844,0.08476,407345115.0,2026-06-09 20:00:00+00:00
1781049600000,0.08476,0.08511,0.0836,0.08389,509649724.0,2026-06-10 00:00:00+00:00
1781064000000,0.0839,0.08433,0.08321,0.0842,456355901.0,2026-06-10 04:00:00+00:00
1781078400000,0.08419,0.08422,0.08277,0.08325,791292616.0,2026-06-10 08:00:00+00:00
1781092800000,0.08326,0.08544,0.08297,0.08508,1231488372.0,2026-06-10 12:00:00+00:00
1781107200000,0.08508,0.08517,0.08298,0.08312,789042333.0,2026-06-10 16:00:00+00:00
1781121600000,0.08311,0.08327,0.08177,0.0829,827975264.0,2026-06-10 20:00:00+00:00
1781136000000,0.0829,0.08543,0.0829,0.08498,600771575.0,2026-06-11 00:00:00+00:00
1781150400000,0.08499,0.08539,0.08454,0.08482,420596598.0,2026-06-11 04:00:00+00:00
1781164800000,0.08482,0.08554,0.08475,0.08527,463193052.0,2026-06-11 08:00:00+00:00
1781179200000,0.08528,0.08541,0.08416,0.08491,852715179.0,2026-06-11 12:00:00+00:00
1781193600000,0.0849,0.08706,0.08434,0.08645,983757451.0,2026-06-11 16:00:00+00:00
1781208000000,0.08645,0.08669,0.08594,0.08603,365544447.0,2026-06-11 20:00:00+00:00
1781222400000,0.08603,0.08655,0.08556,0.08653,389518806.0,2026-06-12 00:00:00+00:00
1781236800000,0.08654,0.08779,0.08472,0.0859,1767317975.0,2026-06-12 04:00:00+00:00
1781251200000,0.08591,0.08727,0.08591,0.08689,858731572.0,2026-06-12 08:00:00+00:00
1781265600000,0.0869,0.09246,0.08662,0.08738,4063919185.0,2026-06-12 12:00:00+00:00
1781280000000,0.08738,0.08898,0.08715,0.08738,1066246987.0,2026-06-12 16:00:00+00:00
1781294400000,0.08738,0.08782,0.08554,0.08594,804525173.0,2026-06-12 20:00:00+00:00
1781308800000,0.08594,0.08687,0.08574,0.08625,514883704.0,2026-06-13 00:00:00+00:00
1781323200000,0.08624,0.08729,0.08575,0.08703,631831437.0,2026-06-13 04:00:00+00:00
1781337600000,0.08703,0.08793,0.08686,0.08792,466350376.0,2026-06-13 08:00:00+00:00
1781352000000,0.08793,0.08879,0.08769,0.08831,813482067.0,2026-06-13 12:00:00+00:00
1781366400000,0.08831,0.08834,0.08733,0.08758,703477044.0,2026-06-13 16:00:00+00:00
1781380800000,0.08757,0.08854,0.08747,0.08783,300467769.0,2026-06-13 20:00:00+00:00
1781395200000,0.08782,0.08813,0.08752,0.08802,290612745.0,2026-06-14 00:00:00+00:00
1781409600000,0.08803,0.08809,0.08696,0.08713,358554404.0,2026-06-14 04:00:00+00:00
1781424000000,0.08714,0.08745,0.08663,0.08698,375075391.0,2026-06-14 08:00:00+00:00
1781438400000,0.08699,0.08705,0.08563,0.08625,768628544.0,2026-06-14 12:00:00+00:00
1781452800000,0.08625,0.08663,0.08608,0.08636,414561643.0,2026-06-14 16:00:00+00:00
1781467200000,0.08637,0.08908,0.08625,0.08886,1017869533.0,2026-06-14 20:00:00+00:00
1781481600000,0.08886,0.08918,0.08822,0.08893,552069902.0,2026-06-15 00:00:00+00:00
1781496000000,0.08894,0.08899,0.08832,0.08848,380405185.0,2026-06-15 04:00:00+00:00
1781510400000,0.08849,0.09008,0.08808,0.08967,805673994.0,2026-06-15 08:00:00+00:00
1781524800000,0.08967,0.09088,0.08903,0.09065,1484373687.0,2026-06-15 12:00:00+00:00
1781539200000,0.09065,0.09066,0.08852,0.08895,943356925.0,2026-06-15 16:00:00+00:00
1781553600000,0.08893,0.08919,0.08768,0.08808,669253527.0,2026-06-15 20:00:00+00:00
1781568000000,0.08808,0.08827,0.08673,0.08742,764698492.0,2026-06-16 00:00:00+00:00
1781582400000,0.08743,0.08781,0.08665,0.08779,479557083.0,2026-06-16 04:00:00+00:00
1781596800000,0.0878,0.08905,0.08756,0.08817,782632880.0,2026-06-16 08:00:00+00:00
1781611200000,0.08817,0.08889,0.08617,0.08713,1228194053.0,2026-06-16 12:00:00+00:00
1781625600000,0.08714,0.08784,0.08634,0.08726,540320129.0,2026-06-16 16:00:00+00:00
1781640000000,0.08725,0.08776,0.08695,0.08712,321870035.0,2026-06-16 20:00:00+00:00
1781654400000,0.08712,0.08807,0.08694,0.08744,372436045.0,2026-06-17 00:00:00+00:00
1781668800000,0.08744,0.08781,0.08653,0.08685,471094860.0,2026-06-17 04:00:00+00:00
1781683200000,0.08686,0.08688,0.08542,0.08578,627948090.0,2026-06-17 08:00:00+00:00
1781697600000,0.08579,0.08726,0.08542,0.08723,710804610.0,2026-06-17 12:00:00+00:00
1781712000000,0.08724,0.08786,0.08491,0.08537,1380360756.0,2026-06-17 16:00:00+00:00
1781726400000,0.08537,0.08623,0.08456,0.08588,471178276.0,2026-06-17 20:00:00+00:00
1781740800000,0.08588,0.08654,0.08516,0.08528,287489600.0,2026-06-18 00:00:00+00:00
1781755200000,0.08528,0.08538,0.08384,0.08488,696622261.0,2026-06-18 04:00:00+00:00
1781769600000,0.08488,0.08521,0.08427,0.08449,303557792.0,2026-06-18 08:00:00+00:00
1781784000000,0.0845,0.08485,0.08178,0.08194,1126759107.0,2026-06-18 12:00:00+00:00
1781798400000,0.08194,0.08299,0.08186,0.08285,593980443.0,2026-06-18 16:00:00+00:00
1781812800000,0.08285,0.08356,0.08285,0.08348,298004863.0,2026-06-18 20:00:00+00:00
1781827200000,0.08348,0.08393,0.08254,0.08285,558931912.0,2026-06-19 00:00:00+00:00
1781841600000,0.08284,0.08299,0.08192,0.0823,435146019.0,2026-06-19 04:00:00+00:00
1781856000000,0.08229,0.08264,0.082,0.08235,246255100.0,2026-06-19 08:00:00+00:00
1781870400000,0.08236,0.08346,0.08181,0.08318,529935358.0,2026-06-19 12:00:00+00:00
1781884800000,0.08318,0.08343,0.08267,0.08288,252266209.0,2026-06-19 16:00:00+00:00
1781899200000,0.08289,0.08368,0.08267,0.0835,204282134.0,2026-06-19 20:00:00+00:00
1781913600000,0.08351,0.0839,0.08299,0.08324,246619659.0,2026-06-20 00:00:00+00:00
1781928000000,0.08324,0.08428,0.08318,0.08405,433980814.0,2026-06-20 04:00:00+00:00
1781942400000,0.08405,0.08426,0.08372,0.08382,271800460.0,2026-06-20 08:00:00+00:00
1781956800000,0.08383,0.08419,0.08256,0.0837,671326813.0,2026-06-20 12:00:00+00:00
1781971200000,0.08371,0.08372,0.08278,0.08329,288030809.0,2026-06-20 16:00:00+00:00
1781985600000,0.0833,0.08402,0.0832,0.08366,276528296.0,2026-06-20 20:00:00+00:00
1782000000000,0.08367,0.08382,0.0834,0.08363,212013032.0,2026-06-21 00:00:00+00:00
1782014400000,0.08363,0.08377,0.08308,0.08346,246456834.0,2026-06-21 04:00:00+00:00
1782028800000,0.08346,0.08353,0.0827,0.08299,433395642.0,2026-06-21 08:00:00+00:00
1782043200000,0.083,0.08361,0.08288,0.0834,320649528.0,2026-06-21 12:00:00+00:00
1782057600000,0.08339,0.08374,0.0831,0.08359,224318841.0,2026-06-21 16:00:00+00:00
1782072000000,0.0836,0.08364,0.08208,0.08221,531467469.0,2026-06-21 20:00:00+00:00
1782086400000,0.08221,0.08422,0.08218,0.08288,536612906.0,2026-06-22 00:00:00+00:00
1782100800000,0.08288,0.08371,0.08273,0.08348,269789348.0,2026-06-22 04:00:00+00:00
1782115200000,0.08348,0.08444,0.08331,0.0842,424129064.0,2026-06-22 08:00:00+00:00
1782129600000,0.0842,0.08504,0.08347,0.08359,786361076.0,2026-06-22 12:00:00+00:00
1782144000000,0.08358,0.08363,0.08243,0.08271,452941140.0,2026-06-22 16:00:00+00:00
1782158400000,0.08271,0.083,0.0818,0.08241,394632889.0,2026-06-22 20:00:00+00:00
1782172800000,0.08241,0.08267,0.08113,0.08217,654295621.0,2026-06-23 00:00:00+00:00
1782187200000,0.08217,0.08221,0.07963,0.07995,996744449.0,2026-06-23 04:00:00+00:00
1782201600000,0.07995,0.08,0.07833,0.07953,934968755.0,2026-06-23 08:00:00+00:00
1782216000000,0.07953,0.0798,0.07832,0.07879,803377806.0,2026-06-23 12:00:00+00:00
1782230400000,0.0788,0.07933,0.07821,0.07843,466983386.0,2026-06-23 16:00:00+00:00
1782244800000,0.07843,0.07909,0.07834,0.07882,255816070.0,2026-06-23 20:00:00+00:00
1782259200000,0.07883,0.07979,0.07876,0.07905,466474926.0,2026-06-24 00:00:00+00:00
1782273600000,0.07905,0.07943,0.07843,0.07882,320680297.0,2026-06-24 04:00:00+00:00
1782288000000,0.07883,0.07958,0.07794,0.07898,613798236.0,2026-06-24 08:00:00+00:00
1782302400000,0.07899,0.07904,0.07453,0.07473,2080769452.0,2026-06-24 12:00:00+00:00
1782316800000,0.07473,0.07561,0.07276,0.07409,1776455098.0,2026-06-24 16:00:00+00:00
1782331200000,0.0741,0.07644,0.07395,0.07609,578434927.0,2026-06-24 20:00:00+00:00
1782345600000,0.07609,0.07642,0.07585,0.07601,351203971.0,2026-06-25 00:00:00+00:00
1782360000000,0.07601,0.07748,0.07575,0.07731,580200087.0,2026-06-25 04:00:00+00:00
1782374400000,0.07732,0.07734,0.0757,0.07591,499338086.0,2026-06-25 08:00:00+00:00
1782388800000,0.07591,0.07643,0.0714,0.07339,2523960024.0,2026-06-25 12:00:00+00:00
1782403200000,0.0734,0.07524,0.07288,0.07335,905375515.0,2026-06-25 16:00:00+00:00
1782417600000,0.07335,0.07528,0.07334,0.07488,413140129.0,2026-06-25 20:00:00+00:00
1782432000000,0.07488,0.07508,0.07202,0.07463,1120996740.0,2026-06-26 00:00:00+00:00
1782446400000,0.07463,0.07527,0.07392,0.07506,685135440.0,2026-06-26 04:00:00+00:00
1782460800000,0.07505,0.07514,0.07327,0.07343,490121123.0,2026-06-26 08:00:00+00:00
1782475200000,0.07343,0.07533,0.07279,0.07495,1235806111.0,2026-06-26 12:00:00+00:00
1782489600000,0.07495,0.07609,0.07458,0.0755,681807983.0,2026-06-26 16:00:00+00:00
1782504000000,0.0755,0.07611,0.07513,0.07574,313116137.0,2026-06-26 20:00:00+00:00
1782518400000,0.07575,0.07604,0.07508,0.07561,395374561.0,2026-06-27 00:00:00+00:00
1782532800000,0.07562,0.07597,0.07536,0.07578,227079928.0,2026-06-27 04:00:00+00:00
1782547200000,0.07578,0.07579,0.07493,0.07529,311976693.0,2026-06-27 08:00:00+00:00
1782561600000,0.07529,0.07641,0.0752,0.07619,486201611.0,2026-06-27 12:00:00+00:00
1782576000000,0.07619,0.07632,0.07441,0.07472,594622158.0,2026-06-27 16:00:00+00:00
1782590400000,0.07472,0.07495,0.07404,0.07445,289934757.0,2026-06-27 20:00:00+00:00
1782604800000,0.07445,0.07465,0.07402,0.07424,276723882.0,2026-06-28 00:00:00+00:00
1782619200000,0.07425,0.07425,0.07318,0.07373,481021792.0,2026-06-28 04:00:00+00:00
1782633600000,0.07373,0.07425,0.07325,0.0738,412483221.0,2026-06-28 08:00:00+00:00
1782648000000,0.07381,0.07401,0.07334,0.07355,384452401.0,2026-06-28 12:00:00+00:00
1782662400000,0.07355,0.07359,0.07257,0.0729,540150673.0,2026-06-28 16:00:00+00:00
1782676800000,0.07289,0.0737,0.0721,0.07316,541017450.0,2026-06-28 20:00:00+00:00
1782691200000,0.07316,0.07362,0.0719,0.07326,788327728.0,2026-06-29 00:00:00+00:00
1782705600000,0.07327,0.07347,0.07202,0.07275,604977177.0,2026-06-29 04:00:00+00:00
1782720000000,0.07275,0.0732,0.07218,0.0728,675451526.0,2026-06-29 08:00:00+00:00
1782734400000,0.0728,0.07387,0.07195,0.07279,1560887876.0,2026-06-29 12:00:00+00:00
1782748800000,0.07279,0.07425,0.07207,0.07387,823775063.0,2026-06-29 16:00:00+00:00
1782763200000,0.07387,0.0741,0.07317,0.07339,278584923.0,2026-06-29 20:00:00+00:00
1782777600000,0.07339,0.07353,0.07222,0.0724,529501802.0,2026-06-30 00:00:00+00:00
1782792000000,0.07239,0.07257,0.07204,0.07236,456472154.0,2026-06-30 04:00:00+00:00
1782806400000,0.07237,0.0726,0.071,0.07139,790767886.0,2026-06-30 08:00:00+00:00
1782820800000,0.07139,0.0714,0.06946,0.07069,2096326903.0,2026-06-30 12:00:00+00:00
1782835200000,0.0707,0.07288,0.07055,0.07225,1018092029.0,2026-06-30 16:00:00+00:00
1782849600000,0.07224,0.07236,0.07177,0.07204,314983608.0,2026-06-30 20:00:00+00:00
1782864000000,0.07204,0.07247,0.07045,0.07229,817788588.0,2026-07-01 00:00:00+00:00
1782878400000,0.0723,0.0727,0.07104,0.07145,593158652.0,2026-07-01 04:00:00+00:00
1782892800000,0.07145,0.0716,0.07073,0.07111,579720542.0,2026-07-01 08:00:00+00:00
1782907200000,0.07111,0.07356,0.0708,0.07333,1052484354.0,2026-07-01 12:00:00+00:00
1782921600000,0.07333,0.07358,0.07265,0.0728,503691896.0,2026-07-01 16:00:00+00:00
1782936000000,0.0728,0.07394,0.07212,0.07218,575097381.0,2026-07-01 20:00:00+00:00
1782950400000,0.07219,0.07348,0.07163,0.07337,665355341.0,2026-07-02 00:00:00+00:00
1782964800000,0.07338,0.0734,0.07227,0.0725,387186797.0,2026-07-02 04:00:00+00:00
1782979200000,0.07251,0.07434,0.07246,0.07414,875815035.0,2026-07-02 08:00:00+00:00
1782993600000,0.07414,0.07555,0.074,0.0745,1453554154.0,2026-07-02 12:00:00+00:00
1783008000000,0.0745,0.07477,0.07406,0.07418,429614358.0,2026-07-02 16:00:00+00:00
1783022400000,0.07418,0.07437,0.07371,0.07415,292003239.0,2026-07-02 20:00:00+00:00
1783036800000,0.07415,0.07495,0.07391,0.07476,423534990.0,2026-07-03 00:00:00+00:00
1783051200000,0.07475,0.07538,0.07442,0.07527,365291801.0,2026-07-03 04:00:00+00:00
1783065600000,0.07528,0.0761,0.07473,0.07588,679774184.0,2026-07-03 08:00:00+00:00
1783080000000,0.07589,0.07735,0.07561,0.07632,1017294662.0,2026-07-03 12:00:00+00:00
1783094400000,0.07632,0.07765,0.07612,0.07716,499935753.0,2026-07-03 16:00:00+00:00
1783108800000,0.07715,0.07847,0.0771,0.07751,718937631.0,2026-07-03 20:00:00+00:00
1783123200000,0.07751,0.07773,0.07658,0.07729,609466887.0,2026-07-04 00:00:00+00:00
1783137600000,0.0773,0.07815,0.07667,0.0769,662289156.0,2026-07-04 04:00:00+00:00
1783152000000,0.07691,0.07722,0.07658,0.07688,526217317.0,2026-07-04 08:00:00+00:00
1783166400000,0.07688,0.07873,0.07681,0.07854,694487265.0,2026-07-04 12:00:00+00:00
1783180800000,0.07854,0.07936,0.07804,0.07853,739787212.0,2026-07-04 16:00:00+00:00
1783195200000,0.07853,0.0787,0.07733,0.07762,462081042.0,2026-07-04 20:00:00+00:00
1783209600000,0.07762,0.07764,0.07552,0.07593,869638560.0,2026-07-05 00:00:00+00:00
1783224000000,0.07593,0.07634,0.0756,0.07613,557080729.0,2026-07-05 04:00:00+00:00
1783238400000,0.07613,0.07624,0.07527,0.07588,444358226.0,2026-07-05 08:00:00+00:00
1783252800000,0.07589,0.07734,0.07566,0.07713,639175449.0,2026-07-05 12:00:00+00:00
1783267200000,0.07714,0.07784,0.07687,0.07727,451139922.0,2026-07-05 16:00:00+00:00
1783281600000,0.07726,0.0788,0.07687,0.07785,666289052.0,2026-07-05 20:00:00+00:00
1783296000000,0.07785,0.07824,0.07702,0.07744,674477519.0,2026-07-06 00:00:00+00:00
1783310400000,0.07745,0.07745,0.07639,0.07688,478639945.0,2026-07-06 04:00:00+00:00
1783324800000,0.07689,0.07741,0.07652,0.07669,465206777.0,2026-07-06 08:00:00+00:00
1783339200000,0.07668,0.0767,0.07432,0.07622,1763405411.0,2026-07-06 12:00:00+00:00
1783353600000,0.07622,0.07717,0.07595,0.07692,701623138.0,2026-07-06 16:00:00+00:00
1783368000000,0.07691,0.07833,0.07655,0.07663,516530709.0,2026-07-06 20:00:00+00:00
1783382400000,0.07662,0.07699,0.07491,0.0751,532106921.0,2026-07-07 00:00:00+00:00
1783396800000,0.0751,0.07561,0.07421,0.07494,726690263.0,2026-07-07 04:00:00+00:00
1783411200000,0.07494,0.07518,0.07433,0.07477,470220521.0,2026-07-07 08:00:00+00:00
1783425600000,0.07477,0.07541,0.07367,0.07516,1016298790.0,2026-07-07 12:00:00+00:00
1783440000000,0.07516,0.0757,0.07407,0.07471,652847387.0,2026-07-07 16:00:00+00:00
1783454400000,0.07471,0.07483,0.07355,0.07414,362335628.0,2026-07-07 20:00:00+00:00
1783468800000,0.07415,0.07443,0.07225,0.07257,789833602.0,2026-07-08 00:00:00+00:00
1783483200000,0.07258,0.07274,0.07171,0.0724,669448102.0,2026-07-08 04:00:00+00:00
1783497600000,0.07241,0.07251,0.07095,0.07201,881999562.0,2026-07-08 08:00:00+00:00
1783512000000,0.07201,0.07229,0.07122,0.07182,697655668.0,2026-07-08 12:00:00+00:00
1783526400000,0.07183,0.07292,0.0718,0.07262,479779931.0,2026-07-08 16:00:00+00:00
1783540800000,0.07263,0.07274,0.07204,0.07238,295196416.0,2026-07-08 20:00:00+00:00
1783555200000,0.07238,0.07298,0.07193,0.07224,423253154.0,2026-07-09 00:00:00+00:00
1783569600000,0.07223,0.07317,0.07216,0.07277,463923118.0,2026-07-09 04:00:00+00:00
1783584000000,0.07276,0.07305,0.07221,0.07246,345737035.0,2026-07-09 08:00:00+00:00
1783598400000,0.07247,0.07288,0.072,0.07261,508463770.0,2026-07-09 12:00:00+00:00
1783612800000,0.07261,0.0734,0.07231,0.07303,433756158.0,2026-07-09 16:00:00+00:00
1783627200000,0.07303,0.07354,0.07277,0.07287,285267336.0,2026-07-09 20:00:00+00:00
1783641600000,0.07287,0.07421,0.07261,0.07399,629428249.0,2026-07-10 00:00:00+00:00
1783656000000,0.07399,0.07424,0.07367,0.07373,315182369.0,2026-07-10 04:00:00+00:00
1783670400000,0.07374,0.07466,0.07372,0.07432,458955286.0,2026-07-10 08:00:00+00:00
1783684800000,0.07433,0.07449,0.07329,0.07403,676361813.0,2026-07-10 12:00:00+00:00
1783699200000,0.07403,0.07436,0.07362,0.07413,446362640.0,2026-07-10 16:00:00+00:00
1783713600000,0.07413,0.07425,0.07392,0.07408,167626951.0,2026-07-10 20:00:00+00:00
1783728000000,0.07408,0.07437,0.07386,0.07425,242907992.0,2026-07-11 00:00:00+00:00
1783742400000,0.07425,0.07462,0.07416,0.07425,240680547.0,2026-07-11 04:00:00+00:00
1783756800000,0.07425,0.07474,0.07409,0.07445,262134148.0,2026-07-11 08:00:00+00:00
1783771200000,0.07445,0.07558,0.07435,0.0753,637768460.0,2026-07-11 12:00:00+00:00
1783785600000,0.0753,0.07554,0.07487,0.07532,383617735.0,2026-07-11 16:00:00+00:00
1783800000000,0.07532,0.0754,0.07312,0.07316,904420288.0,2026-07-11 20:00:00+00:00
1783814400000,0.07315,0.07346,0.07223,0.07337,739490167.0,2026-07-12 00:00:00+00:00
1783828800000,0.07337,0.07351,0.07251,0.07289,376746111.0,2026-07-12 04:00:00+00:00
1783843200000,0.0729,0.07325,0.07268,0.07319,269928253.0,2026-07-12 08:00:00+00:00
1783857600000,0.07319,0.07387,0.07312,0.07369,417725853.0,2026-07-12 12:00:00+00:00
1783872000000,0.07369,0.07375,0.07328,0.07364,209666886.0,2026-07-12 16:00:00+00:00
1783886400000,0.07364,0.07366,0.07234,0.07269,412396838.0,2026-07-12 20:00:00+00:00
1783900800000,0.07269,0.07417,0.07153,0.07205,1003554346.0,2026-07-13 00:00:00+00:00
1783915200000,0.07206,0.0725,0.0718,0.07233,415485371.0,2026-07-13 04:00:00+00:00
1783929600000,0.07234,0.07267,0.07204,0.07225,327410546.0,2026-07-13 08:00:00+00:00
1783944000000,0.07225,0.07257,0.07184,0.07204,542483764.0,2026-07-13 12:00:00+00:00
1783958400000,0.07205,0.07214,0.07086,0.07178,767715261.0,2026-07-13 16:00:00+00:00
1783972800000,0.07178,0.07196,0.07103,0.07194,434052682.0,2026-07-13 20:00:00+00:00
1783987200000,0.07194,0.07241,0.0714,0.07202,525447588.0,2026-07-14 00:00:00+00:00
1784001600000,0.07201,0.07241,0.07189,0.07215,270920007.0,2026-07-14 04:00:00+00:00
1784016000000,0.07215,0.07234,0.07193,0.07223,239780788.0,2026-07-14 08:00:00+00:00
1784030400000,0.07223,0.07516,0.07207,0.07488,1535325781.0,2026-07-14 12:00:00+00:00
1784044800000,0.07488,0.07536,0.07404,0.07421,812450029.0,2026-07-14 16:00:00+00:00
1784059200000,0.07421,0.07466,0.07396,0.07442,497825210.0,2026-07-14 20:00:00+00:00
1784073600000,0.07442,0.0745,0.07361,0.074,450977479.0,2026-07-15 00:00:00+00:00
1784088000000,0.07399,0.0749,0.07377,0.07396,487550899.0,2026-07-15 04:00:00+00:00
1784102400000,0.07396,0.07449,0.0734,0.07382,605107783.0,2026-07-15 08:00:00+00:00
1784116800000,0.07383,0.07524,0.07363,0.07459,1094303698.0,2026-07-15 12:00:00+00:00
1784131200000,0.07459,0.07475,0.07329,0.0738,779453044.0,2026-07-15 16:00:00+00:00
1784145600000,0.0738,0.07424,0.07371,0.07405,194624491.0,2026-07-15 20:00:00+00:00
1784160000000,0.07405,0.07448,0.07357,0.07397,392440068.0,2026-07-16 00:00:00+00:00
1784174400000,0.07398,0.07434,0.07326,0.07351,473451806.0,2026-07-16 04:00:00+00:00
1784188800000,0.07351,0.07354,0.07258,0.07323,631057316.0,2026-07-16 08:00:00+00:00
1784203200000,0.07323,0.07394,0.0727,0.07359,684108148.0,2026-07-16 12:00:00+00:00
1784217600000,0.0736,0.0737,0.07289,0.07315,405126365.0,2026-07-16 16:00:00+00:00
1784232000000,0.07314,0.0733,0.07207,0.07231,469861239.0,2026-07-16 20:00:00+00:00
1784246400000,0.07232,0.07284,0.07181,0.0724,532885804.0,2026-07-17 00:00:00+00:00
1784260800000,0.07239,0.07243,0.07135,0.07163,517480340.0,2026-07-17 04:00:00+00:00
1784275200000,0.07163,0.07209,0.07111,0.07198,467037421.0,2026-07-17 08:00:00+00:00
1784289600000,0.07198,0.07227,0.0709,0.07211,778024914.0,2026-07-17 12:00:00+00:00
1784304000000,0.07212,0.07295,0.07193,0.07262,498268862.0,2026-07-17 16:00:00+00:00
1784318400000,0.07262,0.07289,0.07227,0.07252,242056666.0,2026-07-17 20:00:00+00:00
1784332800000,0.07252,0.07278,0.07238,0.07265,232051586.0,2026-07-18 00:00:00+00:00
1784347200000,0.07265,0.07267,0.07205,0.07227,198098234.0,2026-07-18 04:00:00+00:00
1784361600000,0.07227,0.07243,0.07188,0.07221,212706007.0,2026-07-18 08:00:00+00:00
1784376000000,0.07222,0.07248,0.07192,0.07214,250319710.0,2026-07-18 12:00:00+00:00
1784390400000,0.07215,0.07263,0.07204,0.07235,203605950.0,2026-07-18 16:00:00+00:00
1784404800000,0.07236,0.07254,0.07223,0.07249,181838694.0,2026-07-18 20:00:00+00:00
1784419200000,0.07249,0.07282,0.07231,0.0724,261144300.0,2026-07-19 00:00:00+00:00
1784433600000,0.0724,0.07262,0.07223,0.07244,150463959.0,2026-07-19 04:00:00+00:00
1784448000000,0.07244,0.07279,0.07232,0.0725,268875994.0,2026-07-19 08:00:00+00:00
1784462400000,0.07251,0.07277,0.07217,0.07243,299662671.0,2026-07-19 12:00:00+00:00
1784476800000,0.07244,0.07251,0.07157,0.07225,424687146.0,2026-07-19 16:00:00+00:00
1784491200000,0.07226,0.07258,0.07184,0.07237,338221708.0,2026-07-19 20:00:00+00:00
1784505600000,0.07237,0.07311,0.07217,0.0727,606714976.0,2026-07-20 00:00:00+00:00
1784520000000,0.0727,0.07272,0.07102,0.07182,797415142.0,2026-07-20 04:00:00+00:00
1784534400000,0.07182,0.07295,0.0715,0.07288,568662570.0,2026-07-20 08:00:00+00:00
1784548800000,0.07288,0.07347,0.07174,0.07334,961923690.0,2026-07-20 12:00:00+00:00
1784563200000,0.07334,0.07358,0.07146,0.07213,1278685135.0,2026-07-20 16:00:00+00:00
1784577600000,0.07213,0.07237,0.07164,0.07214,409463548.0,2026-07-20 20:00:00+00:00
1784592000000,0.07214,0.07283,0.07186,0.07276,502109091.0,2026-07-21 00:00:00+00:00
1784606400000,0.07276,0.07334,0.07251,0.07332,563271049.0,2026-07-21 04:00:00+00:00
1784620800000,0.07332,0.07382,0.07324,0.07364,684205403.0,2026-07-21 08:00:00+00:00
1784635200000,0.07364,0.07372,0.07306,0.07346,689852903.0,2026-07-21 12:00:00+00:00
1784649600000,0.07345,0.07365,0.07291,0.07352,392904719.0,2026-07-21 16:00:00+00:00
1784664000000,0.07352,0.07362,0.07295,0.07335,294066927.0,2026-07-21 20:00:00+00:00
1784678400000,0.07335,0.07387,0.07316,0.07321,462757501.0,2026-07-22 00:00:00+00:00
1784692800000,0.07321,0.07348,0.07205,0.07218,902912571.0,2026-07-22 04:00:00+00:00
1784707200000,0.07219,0.07279,0.07215,0.07261,402644768.0,2026-07-22 08:00:00+00:00
1784721600000,0.07261,0.07334,0.07212,0.07304,675621969.0,2026-07-22 12:00:00+00:00
1784736000000,0.07305,0.0735,0.07221,0.07247,564779985.0,2026-07-22 16:00:00+00:00
1784750400000,0.07246,0.0731,0.07235,0.07296,366281939.0,2026-07-22 20:00:00+00:00
1784764800000,0.07297,0.07319,0.07216,0.07233,453809544.0,2026-07-23 00:00:00+00:00
1784779200000,0.07232,0.07265,0.07206,0.07217,369614491.0,2026-07-23 04:00:00+00:00
1784793600000,0.07218,0.0725,0.07211,0.07234,306096797.0,2026-07-23 08:00:00+00:00
1784808000000,0.07234,0.07241,0.06833,0.06972,3180443251.0,2026-07-23 12:00:00+00:00
1784822400000,0.06971,0.06979,0.06889,0.06919,767701505.0,2026-07-23 16:00:00+00:00
1784836800000,0.0692,0.06972,0.06909,0.06916,409067482.0,2026-07-23 20:00:00+00:00
1784851200000,0.06916,0.06948,0.06871,0.06937,602547253.0,2026-07-24 00:00:00+00:00
1784865600000,0.06937,0.07013,0.06889,0.07001,929640680.0,2026-07-24 04:00:00+00:00
1784880000000,0.07002,0.07005,0.06915,0.06943,606965357.0,2026-07-24 08:00:00+00:00
1784894400000,0.06942,0.06962,0.06805,0.06917,1469177509.0,2026-07-24 12:00:00+00:00
1784908800000,0.06917,0.06927,0.06851,0.0692,433559868.0,2026-07-24 16:00:00+00:00
1784923200000,0.0692,0.06973,0.06877,0.06953,545213709.0,2026-07-24 20:00:00+00:00
1784937600000,0.06953,0.06973,0.06941,0.06964,341385333.0,2026-07-25 00:00:00+00:00
1784952000000,0.06964,0.06979,0.06917,0.06932,349673248.0,2026-07-25 04:00:00+00:00
1784966400000,0.06932,0.06958,0.06911,0.0694,272670785.0,2026-07-25 08:00:00+00:00
1784980800000,0.0694,0.07148,0.06937,0.07118,988538609.0,2026-07-25 12:00:00+00:00
1784995200000,0.07119,0.07366,0.07114,0.07278,1971579128.0,2026-07-25 16:00:00+00:00
1785009600000,0.07278,0.07294,0.07163,0.0717,607972750.0,2026-07-25 20:00:00+00:00
1785024000000,0.0717,0.07278,0.07156,0.07269,848474350.0,2026-07-26 00:00:00+00:00
1785038400000,0.0727,0.07406,0.07249,0.07323,1386410936.0,2026-07-26 04:00:00+00:00
1785052800000,0.07324,0.07376,0.07295,0.07319,487512860.0,2026-07-26 08:00:00+00:00
1785067200000,0.0732,0.07341,0.0727,0.07306,665894765.0,2026-07-26 12:00:00+00:00
1785081600000,0.07306,0.07337,0.07242,0.07261,572800329.0,2026-07-26 16:00:00+00:00
1785096000000,0.07262,0.07353,0.07247,0.07336,571887162.0,2026-07-26 20:00:00+00:00
1785110400000,0.07336,0.07338,0.07247,0.07283,593698602.0,2026-07-27 00:00:00+00:00
1785124800000,0.07284,0.07352,0.07264,0.07283,579582847.0,2026-07-27 04:00:00+00:00
1785139200000,0.07284,0.07289,0.07212,0.07254,487912510.0,2026-07-27 08:00:00+00:00
1785153600000,0.07255,0.0732,0.07078,0.07132,1327948995.0,2026-07-27 12:00:00+00:00
1785168000000,0.07132,0.0723,0.07117,0.07201,543671073.0,2026-07-27 16:00:00+00:00
1785182400000,0.07201,0.07218,0.07005,0.07031,764995742.0,2026-07-27 20:00:00+00:00
1785196800000,0.07032,0.07053,0.06925,0.0702,986290742.0,2026-07-28 00:00:00+00:00
1785211200000,0.07021,0.07048,0.06978,0.0701,509068276.0,2026-07-28 04:00:00+00:00
1785225600000,0.0701,0.0703,0.06968,0.06996,461946486.0,2026-07-28 08:00:00+00:00
1785240000000,0.06997,0.07106,0.06919,0.07077,978870976.0,2026-07-28 12:00:00+00:00
1785254400000,0.07078,0.0714,0.07042,0.07072,763768464.0,2026-07-28 16:00:00+00:00
1785268800000,0.07073,0.07112,0.06999,0.07084,509458088.0,2026-07-28 20:00:00+00:00
1785283200000,0.07084,0.07122,0.07016,0.07021,536225350.0,2026-07-29 00:00:00+00:00
1785297600000,0.07021,0.07101,0.06989,0.07097,574372406.0,2026-07-29 04:00:00+00:00
1785312000000,0.07097,0.07107,0.07039,0.07055,379883624.0,2026-07-29 08:00:00+00:00
1785326400000,0.07056,0.07073,0.06995,0.07015,523990523.0,2026-07-29 12:00:00+00:00
1785340800000,0.07015,0.07113,0.06962,0.06967,784314213.0,2026-07-29 16:00:00+00:00
1785355200000,0.06967,0.07022,0.06876,0.07012,901881468.0,2026-07-29 20:00:00+00:00
1785369600000,0.07012,0.07072,0.06984,0.07019,505643383.0,2026-07-30 00:00:00+00:00
1785384000000,0.07018,0.07021,0.06957,0.06975,389754643.0,2026-07-30 04:00:00+00:00
1785398400000,0.06975,0.07034,0.06974,0.07011,441069559.0,2026-07-30 08:00:00+00:00
1785412800000,0.07011,0.07071,0.06988,0.07053,630139963.0,2026-07-30 12:00:00+00:00
1785427200000,0.07053,0.07102,0.0704,0.07072,425002145.0,2026-07-30 16:00:00+00:00
1785441600000,0.07072,0.07094,0.07037,0.07055,302596164.0,2026-07-30 20:00:00+00:00
1785456000000,0.07055,0.07098,0.06975,0.07002,667194269.0,2026-07-31 00:00:00+00:00
1785470400000,0.07002,0.07028,0.06952,0.06999,445842408.0,2026-07-31 04:00:00+00:00
1785484800000,0.06999,0.07017,0.06905,0.06959,506143603.0,2026-07-31 08:00:00+00:00
1785499200000,0.0696,0.06968,0.0684,0.069,1297832541.0,2026-07-31 12:00:00+00:00
1785513600000,0.06901,0.07037,0.06894,0.06976,670477195.0,2026-07-31 16:00:00+00:00
1785528000000,0.06976,0.06993,0.06941,0.06956,294181626.0,2026-07-31 20:00:00+00:00
1785542400000,0.06957,0.07028,0.06955,0.0701,384492632.0,2026-08-01 00:00:00+00:00
1785556800000,0.0701,0.07029,0.06973,0.06983,373992401.0,2026-08-01 04:00:00+00:00
1785571200000,0.06983,0.06993,0.06958,0.06983,237098199.0,2026-08-01 08:00:00+00:00
1785585600000,0.06984,0.07023,0.06974,0.07009,301295036.0,2026-08-01 12:00:00+00:00
1785600000000,0.07009,0.07021,0.0676,0.06847,1449496130.0,2026-08-01 16:00:00+00:00
1785614400000,0.06847,0.06948,0.06835,0.0691,503003071.0,2026-08-01 20:00:00+00:00
1785628800000,0.06911,0.07022,0.06909,0.07004,689109176.0,2026-08-02 00:00:00+00:00
1785643200000,0.07003,0.07057,0.07001,0.07039,469051300.0,2026-08-02 04:00:00+00:00
1785657600000,0.07039,0.0704,0.06982,0.06996,422670310.0,2026-08-02 08:00:00+00:00
1785672000000,0.06996,0.07054,0.06994,0.07028,376483830.0,2026-08-02 12:00:00+00:00
1785686400000,0.07027,0.07124,0.07012,0.07074,514227911.0,2026-08-02 16:00:00+00:00
1785700800000,0.07074,0.07145,0.07043,0.07078,578821466.0,2026-08-02 20:00:00+00:00
1785715200000,0.07079,0.07093,0.06958,0.06978,541284315.0,2026-08-03 00:00:00+00:00
1785729600000,0.06978,0.07,0.06896,0.06924,681580314.0,2026-08-03 04:00:00+00:00
1785744000000,0.06924,0.06977,0.06892,0.0693,565353178.0,2026-08-03 08:00:00+00:00
1785758400000,0.0693,0.07058,0.0692,0.07046,887680066.0,2026-08-03 12:00:00+00:00
1785772800000,0.07046,0.0706,0.07011,0.07026,385039993.0,2026-08-03 16:00:00+00:00
1785787200000,0.07026,0.07053,0.07008,0.0702,246635187.0,2026-08-03 20:00:00+00:00
1785801600000,0.0702,0.07065,0.06986,0.07026,425548665.0,2026-08-04 00:00:00+00:00
1785816000000,0.07025,0.07057,0.06997,0.07025,310296996.0,2026-08-04 04:00:00+00:00
1785830400000,0.07026,0.07068,0.07001,0.07056,299790856.0,2026-08-04 08:00:00+00:00
1785844800000,0.07056,0.07056,0.06974,0.07021,663477811.0,2026-08-04 12:00:00+00:00
1785859200000,0.07021,0.07064,0.07001,0.07044,368340863.0,2026-08-04 16:00:00+00:00
1785873600000,0.07043,0.07054,0.07003,0.07003,308756359.0,2026-08-04 20:00:00+00:00
1785888000000,0.07003,0.07042,0.06961,0.06974,564174036.0,2026-08-05 00:00:00+00:00
1785902400000,0.06975,0.07013,0.06957,0.06982,351626806.0,2026-08-05 04:00:00+00:00
1785916800000,0.06983,0.06995,0.06958,0.0698,267700377.0,2026-08-05 08:00:00+00:00
1785931200000,0.0698,0.07025,0.06923,0.06966,776306648.0,2026-08-05 12:00:00+00:00
1785945600000,0.06966,0.07044,0.06965,0.07021,554186262.0,2026-08-05 16:00:00+00:00
1785960000000,0.07021,0.07054,0.06985,0.07001,400217124.0,2026-08-05 20:00:00+00:00
1785974400000,0.07001,0.07014,0.06952,0.0696,411127737.0,2026-08-06 00:00:00+00:00
1785988800000,0.0696,0.07014,0.06943,0.06977,325052998.0,2026-08-06 04:00:00+00:00
1786003200000,0.06977,0.07003,0.06876,0.06913,955719065.0,2026-08-06 08:00:00+00:00
1786017600000,0.06913,0.06925,0.06817,0.06898,870839151.0,2026-08-06 12:00:00+00:00
1786032000000,0.06899,0.06936,0.06861,0.06871,401123839.0,2026-08-06 16:00:00+00:00
1786046400000,0.06871,0.0691,0.0687,0.06906,311407740.0,2026-08-06 20:00:00+00:00
1786060800000,0.06905,0.06947,0.06895,0.06902,382524224.0,2026-08-07 00:00:00+00:00
1786075200000,0.06903,0.06948,0.06878,0.06927,545976863.0,2026-08-07 04:00:00+00:00
1786089600000,0.06926,0.06967,0.06925,0.06957,346336687.0,2026-08-07 08:00:00+00:00
1786104000000,0.06957,0.0703,0.06952,0.06992,912855956.0,2026-08-07 12:00:00+00:00
1786118400000,0.06992,0.07011,0.06937,0.06982,401069034.0,2026-08-07 16:00:00+00:00
1786132800000,0.06982,0.06991,0.06957,0.06961,237409464.0,2026-08-07 20:00:00+00:00
1786147200000,0.06961,0.07039,0.06952,0.07028,351945336.0,2026-08-08 00:00:00+00:00
1786161600000,0.07029,0.07036,0.07003,0.07022,349373266.0,2026-08-08 04:00:00+00:00
1786176000000,0.07022,0.07063,0.07011,0.07041,356188810.0,2026-08-08 08:00:00+00:00
1786190400000,0.07041,0.07158,0.07035,0.07114,704707226.0,2026-08-08 12:00:00+00:00
1786204800000,0.07114,0.07141,0.07084,0.07097,483705085.0,2026-08-08 16:00:00+00:00
1786219200000,0.07097,0.0711,0.07023,0.0704,348676615.0,2026-08-08 20:00:00+00:00
1786233600000,0.07041,0.07049,0.06981,0.06998,536257603.0,2026-08-09 00:00:00+00:00
1786248000000,0.06998,0.07023,0.06984,0.07011,299597166.0,2026-08-09 04:00:00+00:00
1786262400000,0.07012,0.07028,0.06989,0.07013,291376941.0,2026-08-09 08:00:00+00:00
1786276800000,0.07014,0.07073,0.07008,0.07067,314751112.0,2026-08-09 12:00:00+00:00
1786291200000,0.07067,0.0708,0.07036,0.07047,371057269.0,2026-08-09 16:00:00+00:00
1786305600000,0.07046,0.07095,0.06917,0.06928,758546526.0,2026-08-09 20:00:00+00:00
1786320000000,0.06929,0.07021,0.06902,0.06962,797012377.0,2026-08-10 00:00:00+00:00
1786334400000,0.06962,0.07012,0.0695,0.06999,262196601.0,2026-08-10 04:00:00+00:00
1786348800000,0.07,0.07014,0.06972,0.07,398378549.0,2026-08-10 08:00:00+00:00
1786363200000,0.07001,0.07012,0.06936,0.06963,735259873.0,2026-08-10 12:00:00+00:00
1786377600000,0.06963,0.06993,0.06943,0.06985,371981489.0,2026-08-10 16:00:00+00:00
1786392000000,0.06985,0.06995,0.06948,0.06966,204561745.0,2026-08-10 20:00:00+00:00
1786406400000,0.06967,0.07035,0.06958,0.07008,325692058.0,2026-08-11 00:00:00+00:00
1786420800000,0.07008,0.07026,0.06986,0.0701,430541193.0,2026-08-11 04:00:00+00:00
1786435200000,0.07009,0.07072,0.07008,0.07056,479255462.0,2026-08-11 08:00:00+00:00
1786449600000,0.07057,0.07133,0.06988,0.07057,1308636470.0,2026-08-11 12:00:00+00:00
1786464000000,0.07057,0.07128,0.07037,0.07101,780711211.0,2026-08-11 16:00:00+00:00
1786478400000,0.07101,0.07316,0.07101,0.07187,1323533428.0,2026-08-11 20:00:00+00:00
1786492800000,0.07187,0.07251,0.07181,0.0722,604163755.0,2026-08-12 00:00:00+00:00
1786507200000,0.0722,0.0723,0.07135,0.07167,570167054.0,2026-08-12 04:00:00+00:00
1786521600000,0.07168,0.07217,0.07146,0.07196,452076778.0,2026-08-12 08:00:00+00:00
1786536000000,0.07197,0.07216,0.07022,0.07079,1618693695.0,2026-08-12 12:00:00+00:00
1786550400000,0.07079,0.07094,0.07045,0.07055,399392374.0,2026-08-12 16:00:00+00:00
1786564800000,0.07055,0.07068,0.06879,0.06965,1400640741.0,2026-08-12 20:00:00+00:00
1786579200000,0.06966,0.07041,0.06959,0.07015,586197973.0,2026-08-13 00:00:00+00:00
1786593600000,0.07016,0.0708,0.07005,0.07055,581343380.0,2026-08-13 04:00:00+00:00
1786608000000,0.07055,0.07064,0.06986,0.07004,623082247.0,2026-08-13 08:00:00+00:00
1786622400000,0.07003,0.07035,0.06967,0.06969,617059380.0,2026-08-13 12:00:00+00:00
1786636800000,0.06969,0.0703,0.06946,0.07027,536860237.0,2026-08-13 16:00:00+00:00
1786651200000,0.07027,0.07034,0.06996,0.07014,218924489.0,2026-08-13 20:00:00+00:00
1786665600000,0.07015,0.07034,0.06988,0.06993,285220138.0,2026-08-14 00:00:00+00:00
1786680000000,0.06992,0.07011,0.06957,0.06964,312255545.0,2026-08-14 04:00:00+00:00
1786694400000,0.06965,0.06999,0.06926,0.06941,456164650.0,2026-08-14 08:00:00+00:00
1786708800000,0.06942,0.06997,0.06916,0.06986,498677184.0,2026-08-14 12:00:00+00:00
1786723200000,0.06986,0.07012,0.06955,0.06982,370825379.0,2026-08-14 16:00:00+00:00
1786737600000,0.06983,0.0701,0.06963,0.07005,203813256.0,2026-08-14 20:00:00+00:00
1786752000000,0.07005,0.07051,0.06994,0.07029,308646386.0,2026-08-15 00:00:00+00:00
1786766400000,0.07028,0.07042,0.06998,0.07003,279768272.0,2026-08-15 04:00:00+00:00
1786780800000,0.07002,0.07011,0.06986,0.06999,167767392.0,2026-08-15 08:00:00+00:00
1786795200000,0.06999,0.07011,0.06989,0.07003,164497308.0,2026-08-15 12:00:00+00:00
1786809600000,0.07004,0.07005,0.06968,0.06991,194414789.0,2026-08-15 16:00:00+00:00
1786824000000,0.06991,0.07008,0.06947,0.06958,278193264.0,2026-08-15 20:00:00+00:00
1786838400000,0.06957,0.0699,0.06947,0.06979,219398563.0,2026-08-16 00:00:00+00:00
1786852800000,0.06979,0.06989,0.06953,0.06986,176200598.0,2026-08-16 04:00:00+00:00
1786867200000,0.06986,0.0699,0.06964,0.06981,157367498.0,2026-08-16 08:00:00+00:00
1786881600000,0.06981,0.07006,0.06972,0.07002,184270603.0,2026-08-16 12:00:00+00:00
1786896000000,0.07002,0.07016,0.06985,0.06989,214274222.0,2026-08-16 16:00:00+00:00
1786910400000,0.06989,0.07,0.0689,0.06956,538685921.0,2026-08-16 20:00:00+00:00
1786924800000,0.06955,0.0703,0.06943,0.07017,550025743.0,2026-08-17 00:00:00+00:00
1786939200000,0.07017,0.07048,0.07009,0.07028,358324513.0,2026-08-17 04:00:00+00:00
1786953600000,0.07028,0.0704,0.07,0.07016,341111718.0,2026-08-17 08:00:00+00:00
1786968000000,0.07015,0.07057,0.06997,0.07048,426060427.0,2026-08-17 12:00:00+00:00
1786982400000,0.07047,0.07051,0.07022,0.07028,300534206.0,2026-08-17 16:00:00+00:00
1786996800000,0.07027,0.0705,0.07008,0.07037,296471902.0,2026-08-17 20:00:00+00:00
1787011200000,0.07037,0.0704,0.06955,0.06981,603685048.0,2026-08-18 00:00:00+00:00
1787025600000,0.06981,0.07007,0.06957,0.06984,432549833.0,2026-08-18 04:00:00+00:00
1787040000000,0.06983,0.07,0.06963,0.06994,271303951.0,2026-08-18 08:00:00+00:00
1787054400000,0.06994,0.07035,0.0697,0.0703,499027410.0,2026-08-18 12:00:00+00:00
1787068800000,0.0703,0.07051,0.07018,0.07034,351042059.0,2026-08-18 16:00:00+00:00
1787083200000,0.07033,0.07039,0.06991,0.07023,361494468.0,2026-08-18 20:00:00+00:00
1787097600000,0.07024,0.07026,0.06982,0.07007,310892647.0,2026-08-19 00:00:00+00:00
1787112000000,0.07006,0.07021,0.06984,0.0699,378816222.0,2026-08-19 04:00:00+00:00
1787126400000,0.0699,0.07028,0.06985,0.0702,404900180.0,2026-08-19 08:00:00+00:00
1787140800000,0.07021,0.0747,0.07008,0.07248,2629803855.0,2026-08-19 12:00:00+00:00
1787155200000,0.07248,0.07322,0.07189,0.07307,1055329332.0,2026-08-19 16:00:00+00:00
1787169600000,0.07308,0.07639,0.07288,0.07503,2526678394.0,2026-08-19 20:00:00+00:00
1787184000000,0.07503,0.07609,0.07467,0.07477,1069645582.0,2026-08-20 00:00:00+00:00
1787198400000,0.07477,0.07542,0.0744,0.07531,669860050.0,2026-08-20 04:00:00+00:00
1787212800000,0.0753,0.07792,0.07525,0.07713,1962472547.0,2026-08-20 08:00:00+00:00
1787227200000,0.07714,0.08066,0.07656,0.08021,2109344215.0,2026-08-20 12:00:00+00:00
1787241600000,0.08022,0.08355,0.07939,0.07968,2724909735.0,2026-08-20 16:00:00+00:00
1787256000000,0.07968,0.08067,0.07907,0.08044,1058691283.0,2026-08-20 20:00:00+00:00
1787270400000,0.08045,0.08304,0.08028,0.08176,1706256341.0,2026-08-21 00:00:00+00:00
1787284800000,0.08176,0.08452,0.08176,0.08345,1755128114.0,2026-08-21 04:00:00+00:00
1787299200000,0.08345,0.08574,0.08256,0.08301,2638277953.0,2026-08-21 08:00:00+00:00
1787313600000,0.08301,0.0848,0.08264,0.08383,1453676211.0,2026-08-21 12:00:00+00:00
1787328000000,0.08383,0.08536,0.08342,0.08493,1158042742.0,2026-08-21 16:00:00+00:00
1787342400000,0.08493,0.09475,0.0847,0.09157,4008595897.0,2026-08-21 20:00:00+00:00
1787356800000,0.09156,0.09725,0.09016,0.09573,2152606576.0,2026-08-22 00:00:00+00:00
1787371200000,0.09572,0.10105,0.08236,0.09308,5924435191.0,2026-08-22 04:00:00+00:00
1787385600000,0.09309,0.09352,0.08772,0.08995,2845390617.0,2026-08-22 08:00:00+00:00
1787400000000,0.08995,0.09217,0.08954,0.09035,1298649850.0,2026-08-22 12:00:00+00:00
1787414400000,0.09034,0.09395,0.08981,0.09352,1635027330.0,2026-08-22 16:00:00+00:00
1787428800000,0.09352,0.09534,0.09111,0.09188,1300246709.0,2026-08-22 20:00:00+00:00
1787443200000,0.09188,0.09436,0.09055,0.09109,1518439908.0,2026-08-23 00:00:00+00:00
1787457600000,0.09109,0.09175,0.08874,0.09033,1960536117.0,2026-08-23 04:00:00+00:00
1787472000000,0.09033,0.09309,0.09019,0.09273,1181053384.0,2026-08-23 08:00:00+00:00
1787486400000,0.09273,0.09452,0.09071,0.09244,1639971752.0,2026-08-23 12:00:00+00:00
1787500800000,0.09245,0.0934,0.0919,0.09239,845616999.0,2026-08-23 16:00:00+00:00
1787515200000,0.0924,0.09454,0.09201,0.09343,716396793.0,2026-08-23 20:00:00+00:00
1787529600000,0.09344,0.09365,0.09033,0.09121,1233291309.0,2026-08-24 00:00:00+00:00
1787544000000,0.0912,0.09314,0.09119,0.09138,850131156.0,2026-08-24 04:00:00+00:00
1787558400000,0.09137,0.09272,0.0902,0.09224,1396486870.0,2026-08-24 08:00:00+00:00
1787572800000,0.09223,0.09338,0.09031,0.09123,2035931062.0,2026-08-24 12:00:00+00:00
1787587200000,0.09123,0.09229,0.08792,0.08906,1655832087.0,2026-08-24 16:00:00+00:00
1787601600000,0.08906,0.09032,0.08861,0.0901,755785867.0,2026-08-24 20:00:00+00:00
1787616000000,0.0901,0.09303,0.08971,0.09192,1324974289.0,2026-08-25 00:00:00+00:00
1787630400000,0.09192,0.09309,0.09012,0.09078,1006788056.0,2026-08-25 04:00:00+00:00
1787644800000,0.09079,0.09155,0.08975,0.09015,792624085.0,2026-08-25 08:00:00+00:00
1787659200000,0.09014,0.09027,0.08695,0.08917,1604587235.0,2026-08-25 12:00:00+00:00
1787673600000,0.08918,0.08941,0.08782,0.08804,596452958.0,2026-08-25 16:00:00+00:00
1787688000000,0.08804,0.08812,0.08473,0.08568,1341706293.0,2026-08-25 20:00:00+00:00
1787702400000,0.08568,0.08694,0.08541,0.08662,572525880.0,2026-08-26 00:00:00+00:00
1787716800000,0.08662,0.08705,0.08596,0.08659,564402190.0,2026-08-26 04:00:00+00:00
1787731200000,0.0866,0.08708,0.08541,0.08632,702897958.0,2026-08-26 08:00:00+00:00
1787745600000,0.08632,0.08695,0.08369,0.08447,1424678610.0,2026-08-26 12:00:00+00:00
1787760000000,0.08447,0.0854,0.08381,0.08482,657817004.0,2026-08-26 16:00:00+00:00
1787774400000,0.08482,0.08781,0.08437,0.08764,876905969.0,2026-08-26 20:00:00+00:00
1787788800000,0.08764,0.08773,0.08622,0.08679,758036723.0,2026-08-27 00:00:00+00:00
1787803200000,0.08678,0.08715,0.08616,0.0871,407984401.0,2026-08-27 04:00:00+00:00
1787817600000,0.0871,0.09003,0.08707,0.08827,1566884028.0,2026-08-27 08:00:00+00:00
1787832000000,0.08826,0.08972,0.08708,0.08865,1170780062.0,2026-08-27 12:00:00+00:00
1787846400000,0.08864,0.08994,0.08789,0.08862,757018496.0,2026-08-27 16:00:00+00:00
1787860800000,0.08862,0.0894,0.08821,0.0891,390055562.0,2026-08-27 20:00:00+00:00
1787875200000,0.08909,0.09028,0.08726,0.08772,994043504.0,2026-08-28 00:00:00+00:00
1787889600000,0.08772,0.08829,0.0872,0.08748,574438890.0,2026-08-28 04:00:00+00:00
1787904000000,0.08749,0.08776,0.08555,0.08696,1081515152.0,2026-08-28 08:00:00+00:00
1787918400000,0.08697,0.08799,0.08541,0.08584,1290679141.0,2026-08-28 12:00:00+00:00
1787932800000,0.08583,0.08601,0.08375,0.08463,1329218764.0,2026-08-28 16:00:00+00:00
1787947200000,0.08463,0.08525,0.08435,0.08522,365138777.0,2026-08-28 20:00:00+00:00
1787961600000,0.08521,0.08539,0.08473,0.08481,316962996.0,2026-08-29 00:00:00+00:00
1787976000000,0.0848,0.08526,0.08421,0.08438,370718505.0,2026-08-29 04:00:00+00:00
1787990400000,0.08438,0.08466,0.08411,0.08444,345040657.0,2026-08-29 08:00:00+00:00
1788004800000,0.08445,0.08566,0.08442,0.08511,463413286.0,2026-08-29 12:00:00+00:00
1788019200000,0.08512,0.08551,0.08472,0.0852,439418264.0,2026-08-29 16:00:00+00:00
1788033600000,0.0852,0.08544,0.08491,0.08524,234168250.0,2026-08-29 20:00:00+00:00
1788048000000,0.08524,0.08547,0.08473,0.08499,363456229.0,2026-08-30 00:00:00+00:00
1788062400000,0.08498,0.0852,0.08451,0.08458,321776517.0,2026-08-30 04:00:00+00:00
1788076800000,0.08459,0.08506,0.08433,0.08492,416929186.0,2026-08-30 08:00:00+00:00
1788091200000,0.08492,0.0858,0.08485,0.08533,617907387.0,2026-08-30 12:00:00+00:00
1788105600000,0.08533,0.08644,0.08514,0.08575,890681649.0,2026-08-30 16:00:00+00:00
1788120000000,0.08575,0.08592,0.08075,0.08198,1960131831.0,2026-08-30 20:00:00+00:00
1788134400000,0.08198,0.08268,0.0814,0.08223,718008548.0,2026-08-31 00:00:00+00:00
1788148800000,0.08224,0.08303,0.08185,0.08269,597818274.0,2026-08-31 04:00:00+00:00
1788163200000,0.08269,0.08324,0.08236,0.08261,526134631.0,2026-08-31 08:00:00+00:00
1788177600000,0.08261,0.08327,0.08195,0.08279,938927403.0,2026-08-31 12:00:00+00:00
1788192000000,0.08278,0.08395,0.08263,0.08321,627483503.0,2026-08-31 16:00:00+00:00
1788206400000,0.0832,0.08352,0.08261,0.08281,367151853.0,2026-08-31 20:00:00+00:00
1788220800000,0.08281,0.08342,0.0824,0.08315,555063916.0,2026-09-01 00:00:00+00:00
1788235200000,0.08316,0.0839,0.08305,0.08333,476748456.0,2026-09-01 04:00:00+00:00
1788249600000,0.08334,0.08338,0.0821,0.08316,664633546.0,2026-09-01 08:00:00+00:00
1788264000000,0.08316,0.08319,0.08155,0.08268,815909928.0,2026-09-01 12:00:00+00:00
1788278400000,0.08268,0.0827,0.08064,0.08193,933827663.0,2026-09-01 16:00:00+00:00
1788292800000,0.08193,0.08209,0.08096,0.08164,654417839.0,2026-09-01 20:00:00+00:00
1788307200000,0.08163,0.08174,0.08023,0.08149,744122620.0,2026-09-02 00:00:00+00:00
1788321600000,0.08149,0.08207,0.08109,0.08164,478580993.0,2026-09-02 04:00:00+00:00
1788336000000,0.08164,0.08171,0.08009,0.0812,839249876.0,2026-09-02 08:00:00+00:00
1788350400000,0.08121,0.08204,0.08064,0.08164,900160195.0,2026-09-02 12:00:00+00:00
1788364800000,0.08163,0.08187,0.0808,0.08126,618950162.0,2026-09-02 16:00:00+00:00
1788379200000,0.08127,0.0819,0.08085,0.08172,613379247.0,2026-09-02 20:00:00+00:00
1788393600000,0.08172,0.08325,0.08107,0.08275,937059027.0,2026-09-03 00:00:00+00:00
1788408000000,0.08275,0.08366,0.08202,0.08286,906330510.0,2026-09-03 04:00:00+00:00
1788422400000,0.08287,0.08359,0.08251,0.08323,642111644.0,2026-09-03 08:00:00+00:00
1788436800000,0.08323,0.08938,0.08307,0.08919,2349776883.0,2026-09-03 12:00:00+00:00
1788451200000,0.08919,0.08997,0.08807,0.08929,1646182274.0,2026-09-03 16:00:00+00:00
1788465600000,0.08929,0.08937,0.08707,0.08779,883375367.0,2026-09-03 20:00:00+00:00
1788480000000,0.08778,0.08809,0.08645,0.08712,865140060.0,2026-09-04 00:00:00+00:00
1788494400000,0.08713,0.08755,0.0865,0.08698,708058373.0,2026-09-04 04:00:00+00:00
1788508800000,0.08699,0.08831,0.08672,0.08771,840927182.0,2026-09-04 08:00:00+00:00
1788523200000,0.08772,0.08802,0.08373,0.08436,2337716123.0,2026-09-04 12:00:00+00:00
1788537600000,0.08435,0.08499,0.08396,0.0847,593222611.0,2026-09-04 16:00:00+00:00
1788552000000,0.08471,0.08493,0.08438,0.08475,372521697.0,2026-09-04 20:00:00+00:00
1788566400000,0.08474,0.08494,0.08429,0.08458,547766190.0,2026-09-05 00:00:00+00:00
1788580800000,0.08459,0.08582,0.08444,0.08575,762457454.0,2026-09-05 04:00:00+00:00
1788595200000,0.08576,0.08636,0.08543,0.08609,628369664.0,2026-09-05 08:00:00+00:00
1788609600000,0.08609,0.08815,0.08607,0.08757,1390573082.0,2026-09-05 12:00:00+00:00
1788624000000,0.08757,0.09518,0.0873,0.09075,3164869210.0,2026-09-05 16:00:00+00:00
1788638400000,0.09075,0.09132,0.08919,0.08963,1416240821.0,2026-09-05 20:00:00+00:00
1788652800000,0.08963,0.0917,0.08962,0.09126,1172287741.0,2026-09-06 00:00:00+00:00
1788667200000,0.09126,0.09198,0.09021,0.09081,1528953810.0,2026-09-06 04:00:00+00:00
1788681600000,0.09082,0.09115,0.08813,0.09008,1571394543.0,2026-09-06 08:00:00+00:00
1788696000000,0.09008,0.09008,0.08751,0.08891,1478804042.0,2026-09-06 12:00:00+00:00
1788710400000,0.08892,0.08956,0.08864,0.08953,582104501.0,2026-09-06 16:00:00+00:00
1788724800000,0.08953,0.09104,0.08942,0.09087,949015698.0,2026-09-06 20:00:00+00:00
1788739200000,0.09088,0.09138,0.0891,0.08931,1461710567.0,2026-09-07 00:00:00+00:00
1788753600000,0.08931,0.0906,0.08851,0.08936,864135326.0,2026-09-07 04:00:00+00:00
1788768000000,0.08935,0.09007,0.08916,0.08976,744501206.0,2026-09-07 08:00:00+00:00
1788782400000,0.08975,0.09182,0.08861,0.08893,1656179262.0,2026-09-07 12:00:00+00:00
1788796800000,0.08893,0.0907,0.08891,0.09051,677307660.0,2026-09-07 16:00:00+00:00
1788811200000,0.09051,0.09095,0.08963,0.09047,700061596.0,2026-09-07 20:00:00+00:00
1788825600000,0.09047,0.09165,0.08948,0.08992,1168850007.0,2026-09-08 00:00:00+00:00
1788840000000,0.08992,0.09024,0.08883,0.08925,915419656.0,2026-09-08 04:00:00+00:00
1788854400000,0.08925,0.09095,0.08877,0.08951,1220406531.0,2026-09-08 08:00:00+00:00
1788868800000,0.08951,0.0908,0.08794,0.0906,1543798714.0,2026-09-08 12:00:00+00:00
1788883200000,0.09061,0.09085,0.08916,0.08954,1031009784.0,2026-09-08 16:00:00+00:00
1788897600000,0.08953,0.09043,0.08921,0.09001,458399419.0,2026-09-08 20:00:00+00:00
1788912000000,0.09001,0.091,0.08935,0.08956,757960789.0,2026-09-09 00:00:00+00:00
1788926400000,0.08955,0.09093,0.08955,0.09084,705816861.0,2026-09-09 04:00:00+00:00
1788940800000,0.09083,0.09141,0.09001,0.09081,976421798.0,2026-09-09 08:00:00+00:00
1788955200000,0.09081,0.09158,0.08801,0.08888,1754305747.0,2026-09-09 12:00:00+00:00
1788969600000,0.08888,0.08937,0.08644,0.08698,1118787025.0,2026-09-09 16:00:00+00:00
1788984000000,0.08697,0.08708,0.08461,0.0861,1291491850.0,2026-09-09 20:00:00+00:00
1788998400000,0.0861,0.08624,0.08508,0.08593,735143470.0,2026-09-10 00:00:00+00:00
1789012800000,0.08593,0.08619,0.08466,0.08531,716388131.0,2026-09-10 04:00:00+00:00
1789027200000,0.08531,0.08551,0.08475,0.08509,704387336.0,2026-09-10 08:00:00+00:00
1789041600000,0.08508,0.08546,0.08216,0.08368,2235810039.0,2026-09-10 12:00:00+00:00
1789056000000,0.08367,0.08429,0.08265,0.0839,891919322.0,2026-09-10 16:00:00+00:00
1789070400000,0.08389,0.08432,0.08276,0.08286,519576506.0,2026-09-10 20:00:00+00:00
1789084800000,0.08286,0.08374,0.08281,0.08369,528848809.0,2026-09-11 00:00:00+00:00
1789099200000,0.08369,0.08415,0.08362,0.08377,433792114.0,2026-09-11 04:00:00+00:00
1789113600000,0.08377,0.08422,0.08285,0.08363,553561919.0,2026-09-11 08:00:00+00:00
1789128000000,0.08363,0.08831,0.08223,0.08495,2847395414.0,2026-09-11 12:00:00+00:00
1789142400000,0.08494,0.0859,0.08353,0.08445,871844069.0,2026-09-11 16:00:00+00:00
1789156800000,0.08446,0.08473,0.08351,0.08426,501959663.0,2026-09-11 20:00:00+00:00
1789171200000,0.08426,0.08457,0.08408,0.08441,341344700.0,2026-09-12 00:00:00+00:00
1789185600000,0.08442,0.08477,0.08417,0.08471,365181614.0,2026-09-12 04:00:00+00:00
1789200000000,0.08471,0.08513,0.08458,0.08503,312291176.0,2026-09-12 08:00:00+00:00
1789214400000,0.08503,0.08534,0.08474,0.08507,460074429.0,2026-09-12 12:00:00+00:00
1789228800000,0.08506,0.08513,0.08455,0.08476,422468035.0,2026-09-12 16:00:00+00:00
1789243200000,0.08476,0.08494,0.08452,0.08479,288916465.0,2026-09-12 20:00:00+00:00
1789257600000,0.08478,0.08502,0.08466,0.08489,149658043.0,2026-09-13 00:00:00+00:00
