ts,open,high,low,close,volume,dt
1757390400000,0.4722,0.4881,0.456,0.4742,17689695.0,2025-09-09 04:00:00+00:00
1757404800000,0.4738,0.4964,0.4018,0.4132,68751819.0,2025-09-09 08:00:00+00:00
1757419200000,0.4132,0.442,0.4005,0.4112,71966958.0,2025-09-09 12:00:00+00:00
1757433600000,0.4112,0.4175,0.3925,0.4056,35247184.0,2025-09-09 16:00:00+00:00
1757448000000,0.4055,0.4208,0.4017,0.4091,17009673.0,2025-09-09 20:00:00+00:00
1757462400000,0.4089,0.4094,0.3808,0.3932,43378869.0,2025-09-10 00:00:00+00:00
1757476800000,0.3931,0.3956,0.3839,0.3863,25991287.0,2025-09-10 04:00:00+00:00
1757491200000,0.3863,0.392,0.3678,0.3792,29197435.0,2025-09-10 08:00:00+00:00
1757505600000,0.3792,0.3867,0.3706,0.3723,25785878.0,2025-09-10 12:00:00+00:00
1757520000000,0.3724,0.3725,0.3598,0.368,26288320.0,2025-09-10 16:00:00+00:00
1757534400000,0.3679,0.3736,0.3621,0.3692,15390090.0,2025-09-10 20:00:00+00:00
1757548800000,0.3691,0.3873,0.3561,0.3621,39303460.0,2025-09-11 00:00:00+00:00
1757563200000,0.3621,0.3714,0.3533,0.3673,20889797.0,2025-09-11 04:00:00+00:00
1757577600000,0.3672,0.3818,0.3585,0.3588,30985882.0,2025-09-11 08:00:00+00:00
1757592000000,0.3587,0.3601,0.3428,0.3448,32904644.0,2025-09-11 12:00:00+00:00
1757606400000,0.345,0.353,0.3411,0.3495,11742045.0,2025-09-11 16:00:00+00:00
1757620800000,0.3495,0.3548,0.3473,0.3504,8634656.0,2025-09-11 20:00:00+00:00
1757635200000,0.3503,0.3719,0.346,0.3697,21466267.0,2025-09-12 00:00:00+00:00
1757649600000,0.3698,0.3808,0.3593,0.372,30931401.0,2025-09-12 04:00:00+00:00
1757664000000,0.3719,0.3762,0.3638,0.3748,21551799.0,2025-09-12 08:00:00+00:00
1757678400000,0.3748,0.3853,0.3665,0.3792,22231311.0,2025-09-12 12:00:00+00:00
1757692800000,0.3792,0.3862,0.3698,0.3724,14593385.0,2025-09-12 16:00:00+00:00
1757707200000,0.3725,0.3857,0.371,0.3842,10872245.0,2025-09-12 20:00:00+00:00
1757721600000,0.3843,0.3863,0.3636,0.3701,14281157.0,2025-09-13 00:00:00+00:00
1757736000000,0.3702,0.372,0.3592,0.3657,12993236.0,2025-09-13 04:00:00+00:00
1757750400000,0.3658,0.3703,0.3651,0.3694,8009985.0,2025-09-13 08:00:00+00:00
1757764800000,0.3692,0.3757,0.3646,0.3734,13732760.0,2025-09-13 12:00:00+00:00
1757779200000,0.3734,0.3764,0.3655,0.3669,9588329.0,2025-09-13 16:00:00+00:00
1757793600000,0.3669,0.3727,0.3646,0.371,10051832.0,2025-09-13 20:00:00+00:00
1757808000000,0.371,0.3725,0.3388,0.3618,24937093.0,2025-09-14 00:00:00+00:00
1757822400000,0.3617,0.3674,0.3554,0.3637,10773560.0,2025-09-14 04:00:00+00:00
1757836800000,0.3638,0.3643,0.3525,0.3537,14998502.0,2025-09-14 08:00:00+00:00
1757851200000,0.3536,0.3575,0.3447,0.3522,21466076.0,2025-09-14 12:00:00+00:00
1757865600000,0.3522,0.3556,0.3491,0.3551,9807706.0,2025-09-14 16:00:00+00:00
1757880000000,0.355,0.355,0.3477,0.3511,14482478.0,2025-09-14 20:00:00+00:00
1757894400000,0.3511,0.3561,0.3493,0.3526,14669953.0,2025-09-15 00:00:00+00:00
1757908800000,0.3527,0.4301,0.3481,0.4203,147742179.0,2025-09-15 04:00:00+00:00
1757923200000,0.4204,0.442,0.368,0.3863,161570819.0,2025-09-15 08:00:00+00:00
1757937600000,0.3864,0.3914,0.3481,0.3535,60983335.0,2025-09-15 12:00:00+00:00
1757952000000,0.3536,0.3606,0.3457,0.3578,27418893.0,2025-09-15 16:00:00+00:00
1757966400000,0.3578,0.3649,0.3558,0.3623,14975789.0,2025-09-15 20:00:00+00:00
1757980800000,0.3622,0.3884,0.3584,0.3696,69426150.0,2025-09-16 00:00:00+00:00
1757995200000,0.3696,0.3808,0.3584,0.3748,30494580.0,2025-09-16 04:00:00+00:00
1758009600000,0.3748,0.3844,0.3706,0.3755,20828004.0,2025-09-16 08:00:00+00:00
1758024000000,0.3754,0.3784,0.3663,0.3714,20531969.0,2025-09-16 12:00:00+00:00
1758038400000,0.3714,0.3776,0.3707,0.3737,12352628.0,2025-09-16 16:00:00+00:00
1758052800000,0.3738,0.3808,0.371,0.3795,10033612.0,2025-09-16 20:00:00+00:00
1758067200000,0.3794,0.3801,0.3541,0.3562,25424845.0,2025-09-17 00:00:00+00:00
1758081600000,0.3562,0.3585,0.3459,0.3521,19443082.0,2025-09-17 04:00:00+00:00
1758096000000,0.3521,0.3524,0.3434,0.3481,16975051.0,2025-09-17 08:00:00+00:00
1758110400000,0.3481,0.3538,0.3466,0.3491,17365946.0,2025-09-17 12:00:00+00:00
1758124800000,0.3492,0.3565,0.3446,0.3546,33164468.0,2025-09-17 16:00:00+00:00
1758139200000,0.3545,0.3601,0.3502,0.355,15186866.0,2025-09-17 20:00:00+00:00
1758153600000,0.355,0.3579,0.3501,0.3552,18183992.0,2025-09-18 00:00:00+00:00
1758168000000,0.3551,0.3562,0.3492,0.3501,17134590.0,2025-09-18 04:00:00+00:00
1758182400000,0.3501,0.3557,0.3486,0.3522,22024448.0,2025-09-18 08:00:00+00:00
1758196800000,0.3522,0.3536,0.3493,0.3514,30565757.0,2025-09-18 12:00:00+00:00
1758211200000,0.3515,0.3587,0.351,0.3528,30048134.0,2025-09-18 16:00:00+00:00
1758225600000,0.3528,0.3541,0.3491,0.354,19822663.0,2025-09-18 20:00:00+00:00
1758240000000,0.354,0.354,0.3443,0.3446,11473015.0,2025-09-19 00:00:00+00:00
1758254400000,0.3446,0.3456,0.3385,0.3392,10143296.0,2025-09-19 04:00:00+00:00
1758268800000,0.3392,0.3428,0.336,0.3382,10213661.0,2025-09-19 08:00:00+00:00
1758283200000,0.3381,0.3417,0.3312,0.3337,11217525.0,2025-09-19 12:00:00+00:00
1758297600000,0.3338,0.3386,0.3305,0.3315,6695063.0,2025-09-19 16:00:00+00:00
1758312000000,0.3315,0.3328,0.3241,0.3279,7938395.0,2025-09-19 20:00:00+00:00
1758326400000,0.3279,0.3286,0.3178,0.3249,7592805.0,2025-09-20 00:00:00+00:00
1758340800000,0.3248,0.3278,0.3235,0.326,5399088.0,2025-09-20 04:00:00+00:00
1758355200000,0.3259,0.3325,0.3238,0.332,12976981.0,2025-09-20 08:00:00+00:00
1758369600000,0.332,0.3345,0.3285,0.3326,8650987.0,2025-09-20 12:00:00+00:00
1758384000000,0.3325,0.3365,0.3288,0.3342,8279848.0,2025-09-20 16:00:00+00:00
1758398400000,0.3341,0.3468,0.3327,0.3366,8336833.0,2025-09-20 20:00:00+00:00
1758412800000,0.3366,0.3485,0.3327,0.3421,10068088.0,2025-09-21 00:00:00+00:00
1758427200000,0.3419,0.3555,0.3377,0.3484,17068002.0,2025-09-21 04:00:00+00:00
1758441600000,0.3485,0.3499,0.3328,0.3363,13434070.0,2025-09-21 08:00:00+00:00
1758456000000,0.3364,0.343,0.336,0.3372,6902080.0,2025-09-21 12:00:00+00:00
1758470400000,0.3372,0.3382,0.331,0.337,5883860.0,2025-09-21 16:00:00+00:00
1758484800000,0.3369,0.3377,0.3332,0.3365,3216870.0,2025-09-21 20:00:00+00:00
1758499200000,0.3365,0.3396,0.313,0.3145,16821849.0,2025-09-22 00:00:00+00:00
1758513600000,0.3144,0.3184,0.2787,0.2953,20100916.0,2025-09-22 04:00:00+00:00
1758528000000,0.2953,0.2983,0.2875,0.2878,9970740.0,2025-09-22 08:00:00+00:00
1758542400000,0.2878,0.2922,0.2812,0.286,11534277.0,2025-09-22 12:00:00+00:00
1758556800000,0.2862,0.2865,0.2728,0.2738,9898242.0,2025-09-22 16:00:00+00:00
1758571200000,0.2738,0.2858,0.2737,0.2843,6718411.0,2025-09-22 20:00:00+00:00
1758585600000,0.2843,0.2844,0.2651,0.268,14588973.0,2025-09-23 00:00:00+00:00
1758600000000,0.268,0.2693,0.2572,0.2675,17311619.0,2025-09-23 04:00:00+00:00
1758614400000,0.2675,0.2697,0.2637,0.2665,8133384.0,2025-09-23 08:00:00+00:00
1758628800000,0.2665,0.2747,0.2656,0.2713,11733418.0,2025-09-23 12:00:00+00:00
1758643200000,0.2712,0.3151,0.2706,0.3102,31488076.0,2025-09-23 16:00:00+00:00
1758657600000,0.3102,0.3136,0.2982,0.3053,16802148.0,2025-09-23 20:00:00+00:00
1758672000000,0.3053,0.337,0.2939,0.3345,34419266.0,2025-09-24 00:00:00+00:00
1758686400000,0.3346,0.3674,0.3144,0.3287,181155172.0,2025-09-24 04:00:00+00:00
1758700800000,0.3287,0.3298,0.3041,0.3156,54719432.0,2025-09-24 08:00:00+00:00
1758715200000,0.3156,0.3208,0.3098,0.3151,32482467.0,2025-09-24 12:00:00+00:00
1758729600000,0.315,0.3159,0.3073,0.3106,13933521.0,2025-09-24 16:00:00+00:00
1758744000000,0.3106,0.3222,0.3101,0.3188,14800615.0,2025-09-24 20:00:00+00:00
1758758400000,0.3189,0.3537,0.3067,0.308,111294841.0,2025-09-25 00:00:00+00:00
1758772800000,0.308,0.3084,0.2956,0.2959,25667863.0,2025-09-25 04:00:00+00:00
1758787200000,0.296,0.3086,0.2925,0.2991,18248628.0,2025-09-25 08:00:00+00:00
1758801600000,0.2991,0.3014,0.2873,0.291,17157901.0,2025-09-25 12:00:00+00:00
1758816000000,0.2911,0.2935,0.281,0.2857,12138085.0,2025-09-25 16:00:00+00:00
1758830400000,0.2856,0.2856,0.2758,0.28,9261864.0,2025-09-25 20:00:00+00:00
1758844800000,0.2801,0.2907,0.2766,0.2855,14063335.0,2025-09-26 00:00:00+00:00
1758859200000,0.2855,0.2884,0.2763,0.2879,8618088.0,2025-09-26 04:00:00+00:00
1758873600000,0.2878,0.3115,0.2822,0.3017,21208985.0,2025-09-26 08:00:00+00:00
1758888000000,0.3015,0.3058,0.2884,0.2928,20693707.0,2025-09-26 12:00:00+00:00
1758902400000,0.2928,0.301,0.2876,0.2889,9037335.0,2025-09-26 16:00:00+00:00
1758916800000,0.289,0.2974,0.2882,0.2967,4667368.0,2025-09-26 20:00:00+00:00
1758931200000,0.2968,0.3067,0.2903,0.304,10732687.0,2025-09-27 00:00:00+00:00
1758945600000,0.304,0.304,0.2922,0.2932,4716091.0,2025-09-27 04:00:00+00:00
1758960000000,0.2931,0.2959,0.2904,0.292,3344587.0,2025-09-27 08:00:00+00:00
1758974400000,0.292,0.2952,0.2872,0.2907,3680214.0,2025-09-27 12:00:00+00:00
1758988800000,0.2907,0.2915,0.284,0.2856,3092693.0,2025-09-27 16:00:00+00:00
1759003200000,0.2856,0.2864,0.2819,0.2843,2250553.0,2025-09-27 20:00:00+00:00
1759017600000,0.2843,0.285,0.2655,0.2774,8123393.0,2025-09-28 00:00:00+00:00
1759032000000,0.2773,0.2781,0.2712,0.2718,4138518.0,2025-09-28 04:00:00+00:00
1759046400000,0.2717,0.2744,0.2687,0.272,3222047.0,2025-09-28 08:00:00+00:00
1759060800000,0.272,0.2833,0.2701,0.2816,4323702.0,2025-09-28 12:00:00+00:00
1759075200000,0.2815,0.308,0.2811,0.2989,24506154.0,2025-09-28 16:00:00+00:00
1759089600000,0.2988,0.3022,0.2954,0.2992,3153946.0,2025-09-28 20:00:00+00:00
1759104000000,0.2992,0.2993,0.2881,0.2913,4827499.0,2025-09-29 00:00:00+00:00
1759118400000,0.2915,0.2966,0.2808,0.2894,5742585.0,2025-09-29 04:00:00+00:00
1759132800000,0.2894,0.2906,0.2777,0.2793,4153643.0,2025-09-29 08:00:00+00:00
1759147200000,0.2793,0.2838,0.2724,0.2729,5315450.0,2025-09-29 12:00:00+00:00
1759161600000,0.273,0.274,0.2686,0.273,3639362.0,2025-09-29 16:00:00+00:00
1759176000000,0.2729,0.2855,0.2729,0.2813,5786710.0,2025-09-29 20:00:00+00:00
1759190400000,0.2813,0.2815,0.2683,0.2704,4480322.0,2025-09-30 00:00:00+00:00
1759204800000,0.2704,0.278,0.2696,0.2731,3810936.0,2025-09-30 04:00:00+00:00
1759219200000,0.273,0.2746,0.2663,0.2691,3625614.0,2025-09-30 08:00:00+00:00
1759233600000,0.2691,0.2697,0.2603,0.2633,5012060.0,2025-09-30 12:00:00+00:00
1759248000000,0.2633,0.2688,0.2621,0.2676,2519037.0,2025-09-30 16:00:00+00:00
1759262400000,0.2676,0.2698,0.2644,0.2665,1482264.0,2025-09-30 20:00:00+00:00
1759276800000,0.2666,0.2771,0.2636,0.2678,5279911.0,2025-10-01 00:00:00+00:00
1759291200000,0.2677,0.272,0.2651,0.2675,3222283.0,2025-10-01 04:00:00+00:00
1759305600000,0.2673,0.2773,0.2666,0.2735,3848218.0,2025-10-01 08:00:00+00:00
1759320000000,0.2736,0.2763,0.2712,0.276,2246861.0,2025-10-01 12:00:00+00:00
1759334400000,0.2761,0.2792,0.2719,0.2778,2017166.0,2025-10-01 16:00:00+00:00
1759348800000,0.2777,0.2778,0.2734,0.2776,1512020.0,2025-10-01 20:00:00+00:00
1759363200000,0.2776,0.3052,0.2771,0.3003,10601858.0,2025-10-02 00:00:00+00:00
1759377600000,0.3001,0.3018,0.2781,0.2844,12014403.0,2025-10-02 04:00:00+00:00
1759392000000,0.2844,0.2881,0.2828,0.284,2642772.0,2025-10-02 08:00:00+00:00
1759406400000,0.2841,0.2863,0.2749,0.2858,4428497.0,2025-10-02 12:00:00+00:00
1759420800000,0.2858,0.2886,0.2831,0.288,2818448.0,2025-10-02 16:00:00+00:00
1759435200000,0.2878,0.2888,0.2837,0.2858,4056304.0,2025-10-02 20:00:00+00:00
1759449600000,0.2858,0.2985,0.28,0.2823,8400244.0,2025-10-03 00:00:00+00:00
1759464000000,0.2823,0.286,0.2815,0.2849,1967433.0,2025-10-03 04:00:00+00:00
1759478400000,0.2849,0.2849,0.2803,0.2825,1879335.0,2025-10-03 08:00:00+00:00
1759492800000,0.2825,0.2911,0.2809,0.291,3086846.0,2025-10-03 12:00:00+00:00
1759507200000,0.291,0.2933,0.2844,0.2906,3960370.0,2025-10-03 16:00:00+00:00
1759521600000,0.2906,0.2908,0.2861,0.2896,1861879.0,2025-10-03 20:00:00+00:00
1759536000000,0.2898,0.3005,0.2845,0.29,7629658.0,2025-10-04 00:00:00+00:00
1759550400000,0.29,0.2971,0.2863,0.2945,3151790.0,2025-10-04 04:00:00+00:00
1759564800000,0.2945,0.2981,0.2874,0.2923,3761643.0,2025-10-04 08:00:00+00:00
1759579200000,0.2922,0.2956,0.2835,0.2867,3949526.0,2025-10-04 12:00:00+00:00
1759593600000,0.2868,0.2879,0.2825,0.2862,2480052.0,2025-10-04 16:00:00+00:00
1759608000000,0.2863,0.3022,0.2855,0.2962,4781866.0,2025-10-04 20:00:00+00:00
1759622400000,0.2961,0.2988,0.2847,0.2953,6202977.0,2025-10-05 00:00:00+00:00
1759636800000,0.2952,0.2964,0.287,0.2921,4523039.0,2025-10-05 04:00:00+00:00
1759651200000,0.2921,0.294,0.2869,0.2895,3456799.0,2025-10-05 08:00:00+00:00
1759665600000,0.2895,0.2939,0.2873,0.2932,2211803.0,2025-10-05 12:00:00+00:00
1759680000000,0.2932,0.2937,0.285,0.2858,1995429.0,2025-10-05 16:00:00+00:00
1759694400000,0.2858,0.2874,0.2826,0.2845,2103696.0,2025-10-05 20:00:00+00:00
1759708800000,0.2845,0.2867,0.28,0.2824,2954277.0,2025-10-06 00:00:00+00:00
1759723200000,0.2825,0.2854,0.2781,0.2839,1962730.0,2025-10-06 04:00:00+00:00
1759737600000,0.2839,0.2878,0.2824,0.2874,2134111.0,2025-10-06 08:00:00+00:00
1759752000000,0.2874,0.294,0.2865,0.2928,3060785.0,2025-10-06 12:00:00+00:00
1759766400000,0.293,0.2947,0.2903,0.2929,2405757.0,2025-10-06 16:00:00+00:00
1759780800000,0.293,0.2941,0.2867,0.2891,2181057.0,2025-10-06 20:00:00+00:00
1759795200000,0.289,0.3199,0.2867,0.2956,39085088.0,2025-10-07 00:00:00+00:00
1759809600000,0.2957,0.298,0.2891,0.2915,9658078.0,2025-10-07 04:00:00+00:00
1759824000000,0.2915,0.2971,0.2862,0.2928,5730720.0,2025-10-07 08:00:00+00:00
1759838400000,0.2927,0.2954,0.2804,0.2816,8048661.0,2025-10-07 12:00:00+00:00
1759852800000,0.2815,0.285,0.2764,0.2778,4149441.0,2025-10-07 16:00:00+00:00
1759867200000,0.2779,0.2806,0.2748,0.2755,1947242.0,2025-10-07 20:00:00+00:00
1759881600000,0.2755,0.2869,0.2692,0.2698,9190129.0,2025-10-08 00:00:00+00:00
1759896000000,0.2699,0.2728,0.2671,0.2709,3116853.0,2025-10-08 04:00:00+00:00
1759910400000,0.2709,0.2754,0.2709,0.2737,3231423.0,2025-10-08 08:00:00+00:00
1759924800000,0.2736,0.2807,0.2725,0.2778,4410795.0,2025-10-08 12:00:00+00:00
1759939200000,0.2777,0.2814,0.2765,0.2792,2261742.0,2025-10-08 16:00:00+00:00
1759953600000,0.2791,0.282,0.2778,0.2809,2010123.0,2025-10-08 20:00:00+00:00
1759968000000,0.2808,0.2824,0.2708,0.2735,3968293.0,2025-10-09 00:00:00+00:00
1759982400000,0.2733,0.2766,0.2688,0.2707,2551094.0,2025-10-09 04:00:00+00:00
1759996800000,0.2705,0.2754,0.2656,0.2694,4250369.0,2025-10-09 08:00:00+00:00
1760011200000,0.2694,0.2717,0.2642,0.2658,4340370.0,2025-10-09 12:00:00+00:00
1760025600000,0.2657,0.2698,0.2638,0.2667,1835323.0,2025-10-09 16:00:00+00:00
1760040000000,0.2667,0.2682,0.265,0.2665,1344585.0,2025-10-09 20:00:00+00:00
1760054400000,0.2665,0.2692,0.264,0.267,1469505.0,2025-10-10 00:00:00+00:00
1760068800000,0.2671,0.2689,0.2575,0.2599,3882620.0,2025-10-10 04:00:00+00:00
1760083200000,0.2598,0.2638,0.2592,0.2631,1117851.0,2025-10-10 08:00:00+00:00
1760097600000,0.2633,0.2656,0.2436,0.2461,10105480.0,2025-10-10 12:00:00+00:00
1760112000000,0.2461,0.2638,0.2437,0.246,8974268.0,2025-10-10 16:00:00+00:00
1760126400000,0.2459,0.2489,0.0871,0.1893,29755744.0,2025-10-10 20:00:00+00:00
1760140800000,0.1895,0.2096,0.1865,0.1984,19256796.0,2025-10-11 00:00:00+00:00
1760155200000,0.198,0.2105,0.1949,0.2015,8152346.0,2025-10-11 04:00:00+00:00
1760169600000,0.2017,0.2078,0.2,0.2051,6955848.0,2025-10-11 08:00:00+00:00
1760184000000,0.2051,0.219,0.2035,0.2071,7513782.0,2025-10-11 12:00:00+00:00
1760198400000,0.2072,0.21,0.1994,0.2014,4050549.0,2025-10-11 16:00:00+00:00
1760212800000,0.2016,0.2017,0.19,0.1938,6087518.0,2025-10-11 20:00:00+00:00
1760227200000,0.1938,0.1971,0.1892,0.1942,4596782.0,2025-10-12 00:00:00+00:00
1760241600000,0.1943,0.1983,0.194,0.1967,2228416.0,2025-10-12 04:00:00+00:00
1760256000000,0.1968,0.1982,0.1937,0.1957,1316717.0,2025-10-12 08:00:00+00:00
1760270400000,0.1957,0.2071,0.1919,0.2058,7658847.0,2025-10-12 12:00:00+00:00
1760284800000,0.2058,0.2147,0.2056,0.2146,5933261.0,2025-10-12 16:00:00+00:00
1760299200000,0.2147,0.2158,0.2073,0.2086,4403524.0,2025-10-12 20:00:00+00:00
1760313600000,0.2085,0.2205,0.2054,0.2188,7129117.0,2025-10-13 00:00:00+00:00
1760328000000,0.2186,0.2257,0.2166,0.22,7655426.0,2025-10-13 04:00:00+00:00
1760342400000,0.2198,0.237,0.2172,0.2241,13737944.0,2025-10-13 08:00:00+00:00
1760356800000,0.2241,0.2381,0.2192,0.2342,13432933.0,2025-10-13 12:00:00+00:00
1760371200000,0.234,0.239,0.2295,0.2361,5742215.0,2025-10-13 16:00:00+00:00
1760385600000,0.2361,0.2454,0.2358,0.2421,3978634.0,2025-10-13 20:00:00+00:00
1760400000000,0.2419,0.246,0.2269,0.2284,6817097.0,2025-10-14 00:00:00+00:00
1760414400000,0.2285,0.2291,0.2082,0.2115,8536444.0,2025-10-14 04:00:00+00:00
1760428800000,0.2114,0.2156,0.2068,0.2132,3505220.0,2025-10-14 08:00:00+00:00
1760443200000,0.2132,0.2235,0.2088,0.2228,5305780.0,2025-10-14 12:00:00+00:00
1760457600000,0.2228,0.2371,0.2214,0.2261,6893881.0,2025-10-14 16:00:00+00:00
1760472000000,0.2261,0.2308,0.225,0.2289,1788295.0,2025-10-14 20:00:00+00:00
1760486400000,0.2288,0.2291,0.221,0.2222,5024249.0,2025-10-15 00:00:00+00:00
1760500800000,0.2222,0.2404,0.2168,0.2289,6298302.0,2025-10-15 04:00:00+00:00
1760515200000,0.2288,0.2306,0.2202,0.222,4111095.0,2025-10-15 08:00:00+00:00
1760529600000,0.2219,0.2239,0.2134,0.2156,3103698.0,2025-10-15 12:00:00+00:00
1760544000000,0.2156,0.2175,0.2119,0.2126,1821440.0,2025-10-15 16:00:00+00:00
1760558400000,0.2128,0.214,0.207,0.2126,2601866.0,2025-10-15 20:00:00+00:00
1760572800000,0.2125,0.2135,0.2075,0.2104,2021571.0,2025-10-16 00:00:00+00:00
1760587200000,0.2103,0.2124,0.2057,0.208,2732612.0,2025-10-16 04:00:00+00:00
1760601600000,0.2081,0.2182,0.1934,0.2152,7197867.0,2025-10-16 08:00:00+00:00
1760616000000,0.2151,0.2192,0.2036,0.2046,5099485.0,2025-10-16 12:00:00+00:00
1760630400000,0.2045,0.2102,0.1988,0.2005,4252792.0,2025-10-16 16:00:00+00:00
1760644800000,0.2005,0.2025,0.1971,0.2021,1776746.0,2025-10-16 20:00:00+00:00
1760659200000,0.2021,0.2107,0.2008,0.2037,2965422.0,2025-10-17 00:00:00+00:00
1760673600000,0.2037,0.2039,0.1839,0.1852,8469589.0,2025-10-17 04:00:00+00:00
1760688000000,0.1851,0.1908,0.1784,0.1879,9594280.0,2025-10-17 08:00:00+00:00
1760702400000,0.1879,0.1971,0.1852,0.1969,8004959.0,2025-10-17 12:00:00+00:00
1760716800000,0.197,0.1996,0.1926,0.1941,3470906.0,2025-10-17 16:00:00+00:00
1760731200000,0.1942,0.1981,0.1934,0.1943,837360.0,2025-10-17 20:00:00+00:00
1760745600000,0.1945,0.1977,0.1935,0.1956,1283018.0,2025-10-18 00:00:00+00:00
1760760000000,0.1956,0.1985,0.1903,0.194,2420273.0,2025-10-18 04:00:00+00:00
1760774400000,0.1942,0.1966,0.1932,0.1962,1403068.0,2025-10-18 08:00:00+00:00
1760788800000,0.1962,0.1997,0.1894,0.1912,4491296.0,2025-10-18 12:00:00+00:00
1760803200000,0.1911,0.1938,0.1883,0.1914,1400117.0,2025-10-18 16:00:00+00:00
1760817600000,0.1915,0.1931,0.1899,0.1917,726122.0,2025-10-18 20:00:00+00:00
1760832000000,0.1917,0.193,0.1895,0.1924,1016627.0,2025-10-19 00:00:00+00:00
1760846400000,0.1924,0.2049,0.1895,0.1922,4466833.0,2025-10-19 04:00:00+00:00
1760860800000,0.1922,0.1979,0.1895,0.1957,3590630.0,2025-10-19 08:00:00+00:00
1760875200000,0.1957,0.1983,0.1934,0.196,1297234.0,2025-10-19 12:00:00+00:00
1760889600000,0.1962,0.1991,0.1956,0.197,1043900.0,2025-10-19 16:00:00+00:00
1760904000000,0.197,0.1972,0.1927,0.1936,1152474.0,2025-10-19 20:00:00+00:00
1760918400000,0.1937,0.2003,0.1893,0.1999,1667589.0,2025-10-20 00:00:00+00:00
1760932800000,0.1999,0.2012,0.1976,0.1991,1393363.0,2025-10-20 04:00:00+00:00
1760947200000,0.1992,0.2022,0.1967,0.1982,4851004.0,2025-10-20 08:00:00+00:00
1760961600000,0.1982,0.2014,0.1973,0.1978,3049066.0,2025-10-20 12:00:00+00:00
1760976000000,0.1979,0.2014,0.193,0.1977,3178855.0,2025-10-20 16:00:00+00:00
1760990400000,0.1976,0.2049,0.1971,0.203,3430097.0,2025-10-20 20:00:00+00:00
1761004800000,0.203,0.2042,0.1975,0.1982,2913292.0,2025-10-21 00:00:00+00:00
1761019200000,0.1981,0.1983,0.1905,0.1971,3228188.0,2025-10-21 04:00:00+00:00
1761033600000,0.197,0.2005,0.1931,0.197,3792760.0,2025-10-21 08:00:00+00:00
1761048000000,0.197,0.2088,0.1952,0.2086,3745319.0,2025-10-21 12:00:00+00:00
1761062400000,0.2084,0.2095,0.201,0.2029,2496995.0,2025-10-21 16:00:00+00:00
1761076800000,0.2029,0.2033,0.1926,0.1938,2090199.0,2025-10-21 20:00:00+00:00
1761091200000,0.1937,0.196,0.1901,0.1921,1748311.0,2025-10-22 00:00:00+00:00
1761105600000,0.1919,0.1942,0.1885,0.1904,1506802.0,2025-10-22 04:00:00+00:00
1761120000000,0.1907,0.1907,0.1836,0.1883,2675996.0,2025-10-22 08:00:00+00:00
1761134400000,0.1884,0.192,0.185,0.1868,3866393.0,2025-10-22 12:00:00+00:00
1761148800000,0.1866,0.1876,0.1804,0.1827,3592382.0,2025-10-22 16:00:00+00:00
1761163200000,0.1826,0.1831,0.1704,0.1749,4506825.0,2025-10-22 20:00:00+00:00
1761177600000,0.175,0.1801,0.1742,0.179,2162522.0,2025-10-23 00:00:00+00:00
1761192000000,0.179,0.1841,0.1785,0.1824,1172056.0,2025-10-23 04:00:00+00:00
1761206400000,0.1823,0.1865,0.1809,0.181,1591808.0,2025-10-23 08:00:00+00:00
1761220800000,0.1811,0.1831,0.1789,0.1813,1945055.0,2025-10-23 12:00:00+00:00
1761235200000,0.1813,0.1852,0.181,0.1846,1303688.0,2025-10-23 16:00:00+00:00
1761249600000,0.1846,0.185,0.1815,0.1848,1137022.0,2025-10-23 20:00:00+00:00
1761264000000,0.1848,0.1961,0.1837,0.1954,5130882.0,2025-10-24 00:00:00+00:00
1761278400000,0.1955,0.1995,0.1903,0.1976,5001860.0,2025-10-24 04:00:00+00:00
1761292800000,0.1976,0.1999,0.1926,0.1962,4190442.0,2025-10-24 08:00:00+00:00
1761307200000,0.1961,0.2012,0.1909,0.1918,2908998.0,2025-10-24 12:00:00+00:00
1761321600000,0.1918,0.2045,0.1905,0.1988,7487908.0,2025-10-24 16:00:00+00:00
1761336000000,0.1985,0.2039,0.1985,0.2017,2670884.0,2025-10-24 20:00:00+00:00
1761350400000,0.2018,0.2087,0.1979,0.2077,5015253.0,2025-10-25 00:00:00+00:00
1761364800000,0.2076,0.2106,0.1996,0.201,5464774.0,2025-10-25 04:00:00+00:00
1761379200000,0.2011,0.2028,0.1964,0.1977,2068375.0,2025-10-25 08:00:00+00:00
1761393600000,0.1975,0.2051,0.1975,0.2024,2472114.0,2025-10-25 12:00:00+00:00
1761408000000,0.2024,0.2178,0.2017,0.2171,2726147.0,2025-10-25 16:00:00+00:00
1761422400000,0.2171,0.2253,0.2156,0.2166,4633503.0,2025-10-25 20:00:00+00:00
1761436800000,0.2167,0.2336,0.2128,0.2245,14215778.0,2025-10-26 00:00:00+00:00
1761451200000,0.2243,0.2291,0.2211,0.2242,5374470.0,2025-10-26 04:00:00+00:00
1761465600000,0.2241,0.2334,0.214,0.2162,10374377.0,2025-10-26 08:00:00+00:00
1761480000000,0.2161,0.2188,0.2111,0.2151,4716051.0,2025-10-26 12:00:00+00:00
1761494400000,0.215,0.2178,0.2123,0.2152,1861267.0,2025-10-26 16:00:00+00:00
1761508800000,0.2152,0.2221,0.2139,0.2197,2598063.0,2025-10-26 20:00:00+00:00
1761523200000,0.2197,0.25,0.2164,0.2452,18938572.0,2025-10-27 00:00:00+00:00
1761537600000,0.2454,0.2506,0.2276,0.2285,16814801.0,2025-10-27 04:00:00+00:00
1761552000000,0.2285,0.2348,0.2255,0.2291,7835400.0,2025-10-27 08:00:00+00:00
1761566400000,0.2292,0.2408,0.2227,0.2384,21129142.0,2025-10-27 12:00:00+00:00
1761580800000,0.2385,0.2484,0.2359,0.243,10408761.0,2025-10-27 16:00:00+00:00
1761595200000,0.243,0.2625,0.2371,0.2527,44850944.0,2025-10-27 20:00:00+00:00
1761609600000,0.2527,0.2534,0.2284,0.2329,39244925.0,2025-10-28 00:00:00+00:00
1761624000000,0.2329,0.2419,0.2292,0.2399,13703386.0,2025-10-28 04:00:00+00:00
1761638400000,0.2398,0.263,0.2346,0.2477,50838159.0,2025-10-28 08:00:00+00:00
1761652800000,0.2477,0.2788,0.2458,0.2591,84020701.0,2025-10-28 12:00:00+00:00
1761667200000,0.2591,0.2628,0.2446,0.2508,14899177.0,2025-10-28 16:00:00+00:00
1761681600000,0.2507,0.2608,0.243,0.2559,20056856.0,2025-10-28 20:00:00+00:00
1761696000000,0.2556,0.2597,0.2468,0.2559,9526214.0,2025-10-29 00:00:00+00:00
1761710400000,0.2557,0.2574,0.2325,0.2446,23342038.0,2025-10-29 04:00:00+00:00
1761724800000,0.2446,0.2451,0.2358,0.2413,5635064.0,2025-10-29 08:00:00+00:00
1761739200000,0.2411,0.2443,0.2285,0.231,6803157.0,2025-10-29 12:00:00+00:00
1761753600000,0.231,0.2467,0.2291,0.2389,10440023.0,2025-10-29 16:00:00+00:00
1761768000000,0.2391,0.2478,0.2361,0.2396,3193421.0,2025-10-29 20:00:00+00:00
1761782400000,0.2395,0.2455,0.2351,0.2432,4564383.0,2025-10-30 00:00:00+00:00
1761796800000,0.2432,0.2432,0.2255,0.2304,8146640.0,2025-10-30 04:00:00+00:00
1761811200000,0.2306,0.2311,0.2149,0.2197,4740162.0,2025-10-30 08:00:00+00:00
1761825600000,0.2198,0.2246,0.2091,0.2104,5583415.0,2025-10-30 12:00:00+00:00
1761840000000,0.2106,0.216,0.2063,0.2101,4109531.0,2025-10-30 16:00:00+00:00
1761854400000,0.21,0.2137,0.2075,0.2134,1920593.0,2025-10-30 20:00:00+00:00
1761868800000,0.2134,0.2281,0.2094,0.2259,4805323.0,2025-10-31 00:00:00+00:00
1761883200000,0.226,0.2306,0.2212,0.2236,6291780.0,2025-10-31 04:00:00+00:00
1761897600000,0.2234,0.2359,0.22,0.2331,5690264.0,2025-10-31 08:00:00+00:00
1761912000000,0.2332,0.2354,0.2247,0.2284,5566691.0,2025-10-31 12:00:00+00:00
1761926400000,0.2283,0.2306,0.224,0.2302,3335563.0,2025-10-31 16:00:00+00:00
1761940800000,0.2302,0.2344,0.2248,0.2294,2101244.0,2025-10-31 20:00:00+00:00
1761955200000,0.2295,0.2576,0.225,0.2552,13529330.0,2025-11-01 00:00:00+00:00
1761969600000,0.2553,0.264,0.2238,0.2464,28762514.0,2025-11-01 04:00:00+00:00
1761984000000,0.2464,0.2652,0.2445,0.2626,10883378.0,2025-11-01 08:00:00+00:00
1761998400000,0.2625,0.2794,0.246,0.2555,33533013.0,2025-11-01 12:00:00+00:00
1762012800000,0.2554,0.2646,0.2508,0.2592,6852399.0,2025-11-01 16:00:00+00:00
1762027200000,0.2592,0.2725,0.2577,0.2667,9872525.0,2025-11-01 20:00:00+00:00
1762041600000,0.2667,0.2895,0.2495,0.2528,28282531.0,2025-11-02 00:00:00+00:00
1762056000000,0.2529,0.2554,0.246,0.2535,5988802.0,2025-11-02 04:00:00+00:00
1762070400000,0.2537,0.2554,0.2389,0.2466,7010800.0,2025-11-02 08:00:00+00:00
1762084800000,0.2467,0.2468,0.2374,0.2381,5114963.0,2025-11-02 12:00:00+00:00
1762099200000,0.2382,0.2413,0.2342,0.237,3049912.0,2025-11-02 16:00:00+00:00
1762113600000,0.2369,0.2396,0.2351,0.2374,1591649.0,2025-11-02 20:00:00+00:00
1762128000000,0.2375,0.2375,0.2163,0.2168,11544708.0,2025-11-03 00:00:00+00:00
1762142400000,0.2169,0.2206,0.2116,0.2162,5248939.0,2025-11-03 04:00:00+00:00
1762156800000,0.2161,0.2192,0.21,0.2135,4053732.0,2025-11-03 08:00:00+00:00
1762171200000,0.2136,0.2147,0.1893,0.1993,14471244.0,2025-11-03 12:00:00+00:00
1762185600000,0.1994,0.2081,0.1986,0.2003,4761232.0,2025-11-03 16:00:00+00:00
1762200000000,0.2004,0.2032,0.1981,0.2009,4170152.0,2025-11-03 20:00:00+00:00
1762214400000,0.2008,0.2064,0.1987,0.202,3519485.0,2025-11-04 00:00:00+00:00
1762228800000,0.202,0.2035,0.1939,0.1964,5770473.0,2025-11-04 04:00:00+00:00
1762243200000,0.1962,0.203,0.194,0.202,4204227.0,2025-11-04 08:00:00+00:00
1762257600000,0.2019,0.2145,0.1987,0.2101,6426919.0,2025-11-04 12:00:00+00:00
1762272000000,0.21,0.2109,0.1988,0.1994,6696415.0,2025-11-04 16:00:00+00:00
1762286400000,0.1995,0.2071,0.1891,0.2014,8541870.0,2025-11-04 20:00:00+00:00
1762300800000,0.2015,0.2016,0.1852,0.1982,5923074.0,2025-11-05 00:00:00+00:00
1762315200000,0.198,0.1985,0.1935,0.1948,2464303.0,2025-11-05 04:00:00+00:00
1762329600000,0.1947,0.1947,0.1868,0.1905,2983437.0,2025-11-05 08:00:00+00:00
1762344000000,0.1905,0.1966,0.1882,0.1963,3377188.0,2025-11-05 12:00:00+00:00
1762358400000,0.1963,0.1988,0.194,0.1971,2298492.0,2025-11-05 16:00:00+00:00
1762372800000,0.1973,0.2029,0.1953,0.2023,3175987.0,2025-11-05 20:00:00+00:00
1762387200000,0.2023,0.2076,0.1949,0.1974,5027702.0,2025-11-06 00:00:00+00:00
1762401600000,0.1974,0.1985,0.1906,0.191,2175599.0,2025-11-06 04:00:00+00:00
1762416000000,0.1909,0.1924,0.1879,0.19,2594043.0,2025-11-06 08:00:00+00:00
1762430400000,0.1901,0.2041,0.1872,0.1996,5781300.0,2025-11-06 12:00:00+00:00
1762444800000,0.1995,0.202,0.1919,0.1971,3384713.0,2025-11-06 16:00:00+00:00
1762459200000,0.1974,0.1988,0.1914,0.1973,2308937.0,2025-11-06 20:00:00+00:00
1762473600000,0.1973,0.207,0.1972,0.2016,5548427.0,2025-11-07 00:00:00+00:00
1762488000000,0.2016,0.209,0.1996,0.2077,4765429.0,2025-11-07 04:00:00+00:00
1762502400000,0.2077,0.208,0.1924,0.1944,4447510.0,2025-11-07 08:00:00+00:00
1762516800000,0.1946,0.2044,0.1912,0.2033,4879717.0,2025-11-07 12:00:00+00:00
1762531200000,0.2033,0.2178,0.2025,0.215,5459313.0,2025-11-07 16:00:00+00:00
1762545600000,0.2151,0.2179,0.211,0.2122,2835532.0,2025-11-07 20:00:00+00:00
1762560000000,0.2122,0.2265,0.2122,0.2167,11829296.0,2025-11-08 00:00:00+00:00
1762574400000,0.2167,0.2178,0.209,0.2119,4556826.0,2025-11-08 04:00:00+00:00
1762588800000,0.2119,0.2142,0.2079,0.2089,2816745.0,2025-11-08 08:00:00+00:00
1762603200000,0.209,0.2099,0.1984,0.2002,4058686.0,2025-11-08 12:00:00+00:00
1762617600000,0.2002,0.2008,0.1971,0.1992,2265477.0,2025-11-08 16:00:00+00:00
1762632000000,0.1991,0.2045,0.1981,0.1998,2141168.0,2025-11-08 20:00:00+00:00
1762646400000,0.2001,0.2008,0.1895,0.1914,4154741.0,2025-11-09 00:00:00+00:00
1762660800000,0.1915,0.1992,0.191,0.1977,1883045.0,2025-11-09 04:00:00+00:00
1762675200000,0.1979,0.1998,0.1914,0.198,3145754.0,2025-11-09 08:00:00+00:00
1762689600000,0.198,0.2038,0.1974,0.2015,2841307.0,2025-11-09 12:00:00+00:00
1762704000000,0.2015,0.2048,0.1986,0.2043,1458299.0,2025-11-09 16:00:00+00:00
1762718400000,0.2044,0.2046,0.1993,0.2008,984848.0,2025-11-09 20:00:00+00:00
1762732800000,0.2007,0.208,0.1974,0.1985,2963358.0,2025-11-10 00:00:00+00:00
1762747200000,0.1984,0.2035,0.194,0.2023,4568092.0,2025-11-10 04:00:00+00:00
1762761600000,0.2024,0.2088,0.1995,0.2081,4185327.0,2025-11-10 08:00:00+00:00
1762776000000,0.2082,0.2091,0.2004,0.2017,3378264.0,2025-11-10 12:00:00+00:00
1762790400000,0.2018,0.2032,0.1988,0.2011,1237896.0,2025-11-10 16:00:00+00:00
1762804800000,0.2012,0.2055,0.199,0.2039,1250980.0,2025-11-10 20:00:00+00:00
1762819200000,0.2041,0.207,0.1996,0.2026,1550981.0,2025-11-11 00:00:00+00:00
1762833600000,0.2024,0.2032,0.1947,0.1949,1795371.0,2025-11-11 04:00:00+00:00
1762848000000,0.1948,0.1985,0.1946,0.1953,1483273.0,2025-11-11 08:00:00+00:00
1762862400000,0.1953,0.1973,0.1931,0.1944,1484683.0,2025-11-11 12:00:00+00:00
1762876800000,0.1944,0.1972,0.1858,0.189,3152594.0,2025-11-11 16:00:00+00:00
1762891200000,0.189,0.1908,0.1867,0.1881,1909920.0,2025-11-11 20:00:00+00:00
1762905600000,0.1881,0.1892,0.1836,0.1875,2436297.0,2025-11-12 00:00:00+00:00
1762920000000,0.1876,0.192,0.1868,0.1882,1032583.0,2025-11-12 04:00:00+00:00
1762934400000,0.1881,0.1988,0.1881,0.1949,2540210.0,2025-11-12 08:00:00+00:00
1762948800000,0.195,0.1963,0.1871,0.1882,2035644.0,2025-11-12 12:00:00+00:00
1762963200000,0.1882,0.1886,0.1836,0.1857,2354201.0,2025-11-12 16:00:00+00:00
1762977600000,0.1856,0.1885,0.1848,0.1855,901252.0,2025-11-12 20:00:00+00:00
1762992000000,0.1853,0.1959,0.1849,0.1907,4855183.0,2025-11-13 00:00:00+00:00
1763006400000,0.1908,0.1919,0.1886,0.1893,1324656.0,2025-11-13 04:00:00+00:00
1763020800000,0.1891,0.1907,0.1861,0.1875,1509612.0,2025-11-13 08:00:00+00:00
1763035200000,0.1874,0.1916,0.1854,0.1879,2084741.0,2025-11-13 12:00:00+00:00
1763049600000,0.1879,0.1882,0.1731,0.1736,4346398.0,2025-11-13 16:00:00+00:00
1763064000000,0.1738,0.1797,0.1719,0.1783,3265418.0,2025-11-13 20:00:00+00:00
1763078400000,0.1783,0.1791,0.175,0.1762,1594303.0,2025-11-14 00:00:00+00:00
1763092800000,0.1762,0.1763,0.1665,0.1718,4283492.0,2025-11-14 04:00:00+00:00
1763107200000,0.172,0.172,0.1625,0.1637,2329295.0,2025-11-14 08:00:00+00:00
1763121600000,0.1635,0.1701,0.161,0.1686,3778311.0,2025-11-14 12:00:00+00:00
1763136000000,0.1687,0.1712,0.1676,0.1708,1817539.0,2025-11-14 16:00:00+00:00
1763150400000,0.1709,0.1714,0.1605,0.1645,2723085.0,2025-11-14 20:00:00+00:00
1763164800000,0.1644,0.1717,0.1642,0.1699,2065431.0,2025-11-15 00:00:00+00:00
1763179200000,0.1699,0.1727,0.1691,0.1706,757737.0,2025-11-15 04:00:00+00:00
1763193600000,0.1707,0.1715,0.1652,0.1695,3192525.0,2025-11-15 08:00:00+00:00
1763208000000,0.1694,0.1755,0.1683,0.1708,3427973.0,2025-11-15 12:00:00+00:00
1763222400000,0.1708,0.171,0.1665,0.168,2520896.0,2025-11-15 16:00:00+00:00
1763236800000,0.1681,0.1686,0.1657,0.1669,778315.0,2025-11-15 20:00:00+00:00
1763251200000,0.1669,0.1709,0.1651,0.1698,1586085.0,2025-11-16 00:00:00+00:00
1763265600000,0.1698,0.1699,0.1645,0.1669,1249635.0,2025-11-16 04:00:00+00:00
1763280000000,0.1669,0.1688,0.1632,0.1636,1611394.0,2025-11-16 08:00:00+00:00
1763294400000,0.1637,0.1658,0.1586,0.1594,2448478.0,2025-11-16 12:00:00+00:00
1763308800000,0.1594,0.1612,0.1555,0.1568,2316570.0,2025-11-16 16:00:00+00:00
1763323200000,0.1569,0.1594,0.1532,0.1582,1871366.0,2025-11-16 20:00:00+00:00
1763337600000,0.1583,0.1597,0.1554,0.1572,902511.0,2025-11-17 00:00:00+00:00
1763352000000,0.1572,0.1585,0.1548,0.157,881345.0,2025-11-17 04:00:00+00:00
1763366400000,0.157,0.1593,0.1556,0.1579,1797430.0,2025-11-17 08:00:00+00:00
1763380800000,0.1578,0.1614,0.1517,0.1553,3277425.0,2025-11-17 12:00:00+00:00
1763395200000,0.1553,0.1572,0.1496,0.1503,2056065.0,2025-11-17 16:00:00+00:00
1763409600000,0.1503,0.1509,0.1453,0.1501,2267570.0,2025-11-17 20:00:00+00:00
1763424000000,0.1502,0.1517,0.1429,0.1486,3508229.0,2025-11-18 00:00:00+00:00
1763438400000,0.1486,0.1486,0.143,0.1457,2165405.0,2025-11-18 04:00:00+00:00
1763452800000,0.1456,0.1505,0.1453,0.1456,1443530.0,2025-11-18 08:00:00+00:00
1763467200000,0.1455,0.1498,0.1442,0.1485,1490009.0,2025-11-18 12:00:00+00:00
1763481600000,0.1483,0.1527,0.1481,0.1505,2707005.0,2025-11-18 16:00:00+00:00
1763496000000,0.1506,0.1511,0.1483,0.1505,1253844.0,2025-11-18 20:00:00+00:00
1763510400000,0.1506,0.1529,0.1479,0.1483,1962635.0,2025-11-19 00:00:00+00:00
1763524800000,0.1482,0.1489,0.1453,0.148,1479996.0,2025-11-19 04:00:00+00:00
1763539200000,0.1481,0.1491,0.1466,0.1469,1324601.0,2025-11-19 08:00:00+00:00
1763553600000,0.1468,0.1494,0.1418,0.142,2591937.0,2025-11-19 12:00:00+00:00
1763568000000,0.142,0.143,0.133,0.1343,3717016.0,2025-11-19 16:00:00+00:00
1763582400000,0.1344,0.1455,0.1338,0.1444,2094691.0,2025-11-19 20:00:00+00:00
1763596800000,0.1444,0.1463,0.1416,0.1448,1954609.0,2025-11-20 00:00:00+00:00
1763611200000,0.1448,0.1461,0.1437,0.146,730253.0,2025-11-20 04:00:00+00:00
1763625600000,0.146,0.1467,0.1448,0.1458,816743.0,2025-11-20 08:00:00+00:00
1763640000000,0.1458,0.1505,0.1425,0.1436,3133747.0,2025-11-20 12:00:00+00:00
1763654400000,0.1434,0.1436,0.1312,0.1334,5159923.0,2025-11-20 16:00:00+00:00
1763668800000,0.1336,0.1365,0.1313,0.1332,1808422.0,2025-11-20 20:00:00+00:00
1763683200000,0.1332,0.1394,0.1277,0.1307,6209617.0,2025-11-21 00:00:00+00:00
1763697600000,0.1306,0.1317,0.1131,0.1223,6862909.0,2025-11-21 04:00:00+00:00
1763712000000,0.1223,0.1238,0.1182,0.1194,4308988.0,2025-11-21 08:00:00+00:00
1763726400000,0.1196,0.128,0.117,0.1257,7867260.0,2025-11-21 12:00:00+00:00
1763740800000,0.1257,0.1338,0.1248,0.1313,3310649.0,2025-11-21 16:00:00+00:00
1763755200000,0.1313,0.1321,0.1257,0.1313,2684201.0,2025-11-21 20:00:00+00:00
1763769600000,0.1312,0.1484,0.1287,0.1436,26101869.0,2025-11-22 00:00:00+00:00
1763784000000,0.1436,0.171,0.1336,0.1383,71356543.0,2025-11-22 04:00:00+00:00
1763798400000,0.1382,0.1426,0.1345,0.138,19955345.0,2025-11-22 08:00:00+00:00
1763812800000,0.138,0.1448,0.1348,0.1393,19630805.0,2025-11-22 12:00:00+00:00
1763827200000,0.1393,0.1445,0.1378,0.1443,5696957.0,2025-11-22 16:00:00+00:00
1763841600000,0.1441,0.1445,0.1387,0.1419,8437483.0,2025-11-22 20:00:00+00:00
1763856000000,0.1418,0.1439,0.1311,0.1331,24933762.0,2025-11-23 00:00:00+00:00
1763870400000,0.1329,0.134,0.1303,0.1317,6618866.0,2025-11-23 04:00:00+00:00
1763884800000,0.1317,0.1351,0.13,0.1316,5993892.0,2025-11-23 08:00:00+00:00
1763899200000,0.1315,0.1375,0.1315,0.132,8376648.0,2025-11-23 12:00:00+00:00
1763913600000,0.132,0.1331,0.1287,0.1312,3440905.0,2025-11-23 16:00:00+00:00
1763928000000,0.131,0.132,0.1299,0.1308,2424265.0,2025-11-23 20:00:00+00:00
1763942400000,0.1309,0.1315,0.1283,0.1291,2760347.0,2025-11-24 00:00:00+00:00
1763956800000,0.129,0.13,0.1263,0.1266,3502417.0,2025-11-24 04:00:00+00:00
1763971200000,0.1266,0.1277,0.1234,0.1273,4044223.0,2025-11-24 08:00:00+00:00
1763985600000,0.1273,0.1292,0.1266,0.1288,2895356.0,2025-11-24 12:00:00+00:00
1764000000000,0.1289,0.1333,0.1289,0.1319,2023041.0,2025-11-24 16:00:00+00:00
1764014400000,0.1319,0.1338,0.1315,0.132,910387.0,2025-11-24 20:00:00+00:00
1764028800000,0.1321,0.1351,0.1272,0.1279,2782730.0,2025-11-25 00:00:00+00:00
1764043200000,0.1278,0.1299,0.1275,0.1284,1172964.0,2025-11-25 04:00:00+00:00
1764057600000,0.1283,0.1299,0.127,0.1294,1054635.0,2025-11-25 08:00:00+00:00
1764072000000,0.1295,0.1335,0.1271,0.1291,2743630.0,2025-11-25 12:00:00+00:00
1764086400000,0.1291,0.1349,0.1289,0.1314,2655291.0,2025-11-25 16:00:00+00:00
1764100800000,0.1315,0.1352,0.1312,0.1334,744346.0,2025-11-25 20:00:00+00:00
1764115200000,0.1334,0.1352,0.1317,0.1329,1744179.0,2025-11-26 00:00:00+00:00
1764129600000,0.1329,0.1336,0.1314,0.1326,1003921.0,2025-11-26 04:00:00+00:00
1764144000000,0.1327,0.1327,0.1284,0.1288,1239764.0,2025-11-26 08:00:00+00:00
1764158400000,0.1288,0.1303,0.1274,0.1293,1315306.0,2025-11-26 12:00:00+00:00
1764172800000,0.1294,0.1349,0.1294,0.1337,1773048.0,2025-11-26 16:00:00+00:00
1764187200000,0.1335,0.1348,0.1323,0.1345,921552.0,2025-11-26 20:00:00+00:00
1764201600000,0.1345,0.1348,0.1315,0.1328,1388012.0,2025-11-27 00:00:00+00:00
1764216000000,0.1329,0.1402,0.1329,0.1389,2402241.0,2025-11-27 04:00:00+00:00
1764230400000,0.1389,0.1452,0.1376,0.1426,10210157.0,2025-11-27 08:00:00+00:00
1764244800000,0.1425,0.1431,0.1367,0.1379,6361917.0,2025-11-27 12:00:00+00:00
1764259200000,0.1379,0.1409,0.1377,0.1407,1179134.0,2025-11-27 16:00:00+00:00
1764273600000,0.1407,0.1412,0.1373,0.1377,1332981.0,2025-11-27 20:00:00+00:00
1764288000000,0.1375,0.1411,0.1344,0.1361,6108997.0,2025-11-28 00:00:00+00:00
1764302400000,0.1361,0.1374,0.1338,0.1346,2812518.0,2025-11-28 04:00:00+00:00
1764316800000,0.1345,0.1374,0.1345,0.1369,1728830.0,2025-11-28 08:00:00+00:00
1764331200000,0.1368,0.1415,0.1368,0.1375,2526205.0,2025-11-28 12:00:00+00:00
1764345600000,0.1375,0.1375,0.1324,0.1342,1269215.0,2025-11-28 16:00:00+00:00
1764360000000,0.1343,0.1361,0.1335,0.1344,568345.0,2025-11-28 20:00:00+00:00
1764374400000,0.1345,0.1365,0.1333,0.1336,1233339.0,2025-11-29 00:00:00+00:00
1764388800000,0.1336,0.1343,0.1319,0.1319,661926.0,2025-11-29 04:00:00+00:00
1764403200000,0.1321,0.1327,0.1303,0.1324,578613.0,2025-11-29 08:00:00+00:00
1764417600000,0.1325,0.1336,0.1297,0.1299,1401477.0,2025-11-29 12:00:00+00:00
1764432000000,0.13,0.1304,0.1279,0.1288,986821.0,2025-11-29 16:00:00+00:00
1764446400000,0.1286,0.1288,0.1275,0.1283,326337.0,2025-11-29 20:00:00+00:00
1764460800000,0.1282,0.1307,0.1278,0.1284,1197512.0,2025-11-30 00:00:00+00:00
1764475200000,0.1284,0.1288,0.1268,0.1283,574612.0,2025-11-30 04:00:00+00:00
1764489600000,0.1283,0.1296,0.1274,0.1279,1248398.0,2025-11-30 08:00:00+00:00
1764504000000,0.1278,0.1308,0.1274,0.1292,868232.0,2025-11-30 12:00:00+00:00
1764518400000,0.1291,0.132,0.1291,0.1307,960497.0,2025-11-30 16:00:00+00:00
1764532800000,0.1306,0.1317,0.1268,0.127,1086530.0,2025-11-30 20:00:00+00:00
1764547200000,0.1269,0.1274,0.1218,0.1225,6176156.0,2025-12-01 00:00:00+00:00
1764561600000,0.1224,0.1248,0.1216,0.1229,2687580.0,2025-12-01 04:00:00+00:00
1764576000000,0.1229,0.1237,0.1204,0.121,1332190.0,2025-12-01 08:00:00+00:00
1764590400000,0.1211,0.1232,0.1189,0.1206,2771688.0,2025-12-01 12:00:00+00:00
1764604800000,0.1206,0.1207,0.1174,0.1181,2805966.0,2025-12-01 16:00:00+00:00
1764619200000,0.1181,0.1229,0.1181,0.1227,2038718.0,2025-12-01 20:00:00+00:00
1764633600000,0.1227,0.1227,0.1167,0.1187,3826476.0,2025-12-02 00:00:00+00:00
1764648000000,0.1185,0.1214,0.1185,0.1212,1139540.0,2025-12-02 04:00:00+00:00
1764662400000,0.1212,0.1244,0.12,0.1222,2645407.0,2025-12-02 08:00:00+00:00
1764676800000,0.122,0.1319,0.1214,0.1311,3352455.0,2025-12-02 12:00:00+00:00
1764691200000,0.1312,0.1314,0.1285,0.1293,1564692.0,2025-12-02 16:00:00+00:00
1764705600000,0.1292,0.1293,0.1271,0.1284,916522.0,2025-12-02 20:00:00+00:00
1764720000000,0.1284,0.1299,0.127,0.128,1267862.0,2025-12-03 00:00:00+00:00
1764734400000,0.128,0.1303,0.1278,0.1284,1201972.0,2025-12-03 04:00:00+00:00
1764748800000,0.1283,0.1296,0.1263,0.1276,1377834.0,2025-12-03 08:00:00+00:00
1764763200000,0.1277,0.1281,0.1241,0.127,2596416.0,2025-12-03 12:00:00+00:00
1764777600000,0.1269,0.1281,0.1259,0.1278,597111.0,2025-12-03 16:00:00+00:00
1764792000000,0.1278,0.1309,0.1274,0.1303,1240171.0,2025-12-03 20:00:00+00:00
1764806400000,0.1302,0.1309,0.127,0.1273,1968597.0,2025-12-04 00:00:00+00:00
1764820800000,0.1272,0.1295,0.1267,0.1281,1380646.0,2025-12-04 04:00:00+00:00
1764835200000,0.128,0.1284,0.1271,0.1276,904992.0,2025-12-04 08:00:00+00:00
1764849600000,0.1275,0.1287,0.126,0.1283,1330913.0,2025-12-04 12:00:00+00:00
1764864000000,0.1283,0.1288,0.1228,0.1254,1699893.0,2025-12-04 16:00:00+00:00
1764878400000,0.1254,0.1263,0.1245,0.1249,580315.0,2025-12-04 20:00:00+00:00
1764892800000,0.1248,0.1258,0.123,0.1233,2151316.0,2025-12-05 00:00:00+00:00
1764907200000,0.1233,0.1248,0.1226,0.1239,691946.0,2025-12-05 04:00:00+00:00
1764921600000,0.1238,0.1239,0.1207,0.1212,733150.0,2025-12-05 08:00:00+00:00
1764936000000,0.1211,0.1221,0.1187,0.1206,1243995.0,2025-12-05 12:00:00+00:00
1764950400000,0.1206,0.1206,0.1161,0.1169,1891199.0,2025-12-05 16:00:00+00:00
1764964800000,0.117,0.1185,0.1162,0.1182,513370.0,2025-12-05 20:00:00+00:00
1764979200000,0.1182,0.1236,0.1176,0.1218,1261995.0,2025-12-06 00:00:00+00:00
1764993600000,0.1219,0.1225,0.1195,0.1206,560177.0,2025-12-06 04:00:00+00:00
1765008000000,0.1205,0.1219,0.1193,0.1202,1740770.0,2025-12-06 08:00:00+00:00
1765022400000,0.1202,0.1219,0.1193,0.1199,694643.0,2025-12-06 12:00:00+00:00
1765036800000,0.12,0.1216,0.12,0.1204,798245.0,2025-12-06 16:00:00+00:00
1765051200000,0.1204,0.1214,0.1198,0.1202,427368.0,2025-12-06 20:00:00+00:00
1765065600000,0.1203,0.1245,0.1199,0.1244,1234553.0,2025-12-07 00:00:00+00:00
1765080000000,0.1248,0.1276,0.1213,0.1221,2753394.0,2025-12-07 04:00:00+00:00
1765094400000,0.122,0.1241,0.1196,0.123,2320225.0,2025-12-07 08:00:00+00:00
1765108800000,0.1227,0.1294,0.1171,0.1209,6436900.0,2025-12-07 12:00:00+00:00
1765123200000,0.1207,0.1225,0.1182,0.1212,1780739.0,2025-12-07 16:00:00+00:00
1765137600000,0.1213,0.1219,0.1172,0.1184,1219779.0,2025-12-07 20:00:00+00:00
1765152000000,0.1183,0.1205,0.1174,0.1196,1424957.0,2025-12-08 00:00:00+00:00
1765166400000,0.1195,0.1213,0.119,0.12,1158314.0,2025-12-08 04:00:00+00:00
1765180800000,0.12,0.1224,0.1197,0.1211,1213560.0,2025-12-08 08:00:00+00:00
1765195200000,0.1211,0.1221,0.1179,0.1192,3311649.0,2025-12-08 12:00:00+00:00
1765209600000,0.1191,0.1207,0.118,0.1186,1148303.0,2025-12-08 16:00:00+00:00
1765224000000,0.1186,0.1197,0.1179,0.1185,434036.0,2025-12-08 20:00:00+00:00
1765238400000,0.1186,0.1187,0.1163,0.1181,940819.0,2025-12-09 00:00:00+00:00
1765252800000,0.118,0.118,0.1157,0.1168,624475.0,2025-12-09 04:00:00+00:00
1765267200000,0.1169,0.1171,0.1157,0.1167,404009.0,2025-12-09 08:00:00+00:00
1765281600000,0.1168,0.1206,0.1167,0.1206,1693025.0,2025-12-09 12:00:00+00:00
1765296000000,0.1206,0.1231,0.1206,0.1222,1521974.0,2025-12-09 16:00:00+00:00
1765310400000,0.1224,0.1224,0.119,0.1201,857177.0,2025-12-09 20:00:00+00:00
1765324800000,0.12,0.1204,0.1169,0.1178,1119733.0,2025-12-10 00:00:00+00:00
1765339200000,0.1177,0.1186,0.1171,0.1176,816175.0,2025-12-10 04:00:00+00:00
1765353600000,0.1178,0.1184,0.1152,0.1156,1011460.0,2025-12-10 08:00:00+00:00
1765368000000,0.1155,0.1165,0.115,0.116,948748.0,2025-12-10 12:00:00+00:00
1765382400000,0.1159,0.1191,0.1158,0.1184,1643734.0,2025-12-10 16:00:00+00:00
1765396800000,0.1184,0.1205,0.1149,0.1152,1617046.0,2025-12-10 20:00:00+00:00
1765411200000,0.1153,0.1157,0.1077,0.1087,2270459.0,2025-12-11 00:00:00+00:00
1765425600000,0.1087,0.1098,0.1075,0.1088,835334.0,2025-12-11 04:00:00+00:00
1765440000000,0.1088,0.1105,0.1082,0.1098,858465.0,2025-12-11 08:00:00+00:00
1765454400000,0.1098,0.1105,0.1082,0.1091,1038717.0,2025-12-11 12:00:00+00:00
1765468800000,0.109,0.1104,0.1081,0.1095,1124966.0,2025-12-11 16:00:00+00:00
1765483200000,0.1093,0.1119,0.1093,0.1105,799290.0,2025-12-11 20:00:00+00:00
1765497600000,0.1106,0.1135,0.1091,0.1108,2809272.0,2025-12-12 00:00:00+00:00
1765512000000,0.1108,0.1119,0.1103,0.1105,678546.0,2025-12-12 04:00:00+00:00
1765526400000,0.1106,0.1155,0.1105,0.113,4790155.0,2025-12-12 08:00:00+00:00
1765540800000,0.113,0.1134,0.1083,0.1087,2466048.0,2025-12-12 12:00:00+00:00
1765555200000,0.1087,0.1091,0.1072,0.1076,1514654.0,2025-12-12 16:00:00+00:00
1765569600000,0.1077,0.1097,0.1072,0.1084,642782.0,2025-12-12 20:00:00+00:00
1765584000000,0.1084,0.1091,0.1079,0.1087,616976.0,2025-12-13 00:00:00+00:00
1765598400000,0.1088,0.1094,0.1076,0.109,480964.0,2025-12-13 04:00:00+00:00
1765612800000,0.109,0.1099,0.1088,0.1093,738730.0,2025-12-13 08:00:00+00:00
1765627200000,0.1094,0.1097,0.108,0.1086,1738870.0,2025-12-13 12:00:00+00:00
1765641600000,0.1086,0.1086,0.1065,0.1078,2013921.0,2025-12-13 16:00:00+00:00
1765656000000,0.1077,0.1078,0.1059,0.1076,827696.0,2025-12-13 20:00:00+00:00
1765670400000,0.1076,0.1076,0.1062,0.1067,962658.0,2025-12-14 00:00:00+00:00
1765684800000,0.1067,0.107,0.105,0.1051,1709086.0,2025-12-14 04:00:00+00:00
1765699200000,0.1052,0.1065,0.1027,0.1033,4020754.0,2025-12-14 08:00:00+00:00
1765713600000,0.1033,0.1043,0.1017,0.1023,2007663.0,2025-12-14 12:00:00+00:00
1765728000000,0.1022,0.1028,0.1004,0.101,1507153.0,2025-12-14 16:00:00+00:00
1765742400000,0.101,0.1014,0.0973,0.0992,1856684.0,2025-12-14 20:00:00+00:00
1765756800000,0.0993,0.1014,0.0982,0.0994,1756959.0,2025-12-15 00:00:00+00:00
1765771200000,0.0995,0.1006,0.0989,0.0992,1158217.0,2025-12-15 04:00:00+00:00
1765785600000,0.0992,0.0996,0.0975,0.098,2284845.0,2025-12-15 08:00:00+00:00
1765800000000,0.0979,0.0981,0.0922,0.0928,4864262.0,2025-12-15 12:00:00+00:00
1765814400000,0.0927,0.0928,0.0883,0.0895,3269884.0,2025-12-15 16:00:00+00:00
1765828800000,0.0894,0.0907,0.0882,0.09,1658088.0,2025-12-15 20:00:00+00:00
1765843200000,0.09,0.0903,0.0846,0.0875,6895267.0,2025-12-16 00:00:00+00:00
1765857600000,0.0875,0.0891,0.0866,0.0873,2944387.0,2025-12-16 04:00:00+00:00
1765872000000,0.0871,0.0893,0.0864,0.0885,2065404.0,2025-12-16 08:00:00+00:00
1765886400000,0.0885,0.0899,0.0871,0.0896,2582468.0,2025-12-16 12:00:00+00:00
1765900800000,0.0897,0.0899,0.0881,0.0892,1347094.0,2025-12-16 16:00:00+00:00
1765915200000,0.0892,0.0899,0.0886,0.0893,652171.0,2025-12-16 20:00:00+00:00
1765929600000,0.0892,0.0892,0.0873,0.0875,660434.0,2025-12-17 00:00:00+00:00
1765944000000,0.0875,0.0876,0.0855,0.0859,1287239.0,2025-12-17 04:00:00+00:00
1765958400000,0.0859,0.0869,0.0853,0.0864,1142955.0,2025-12-17 08:00:00+00:00
1765972800000,0.0864,0.0903,0.0858,0.0863,3921617.0,2025-12-17 12:00:00+00:00
1765987200000,0.0863,0.0872,0.0824,0.0834,3969548.0,2025-12-17 16:00:00+00:00
1766001600000,0.0834,0.0837,0.0815,0.083,1496028.0,2025-12-17 20:00:00+00:00
1766016000000,0.083,0.0836,0.0813,0.082,2138402.0,2025-12-18 00:00:00+00:00
1766030400000,0.082,0.0827,0.0809,0.0825,1479778.0,2025-12-18 04:00:00+00:00
1766044800000,0.0825,0.0869,0.0823,0.0854,6357643.0,2025-12-18 08:00:00+00:00
1766059200000,0.0854,0.0878,0.0844,0.0864,3916968.0,2025-12-18 12:00:00+00:00
1766073600000,0.0865,0.0874,0.0796,0.0798,5331889.0,2025-12-18 16:00:00+00:00
1766088000000,0.0799,0.0815,0.0798,0.081,1713095.0,2025-12-18 20:00:00+00:00
1766102400000,0.081,0.0839,0.0791,0.0824,3868371.0,2025-12-19 00:00:00+00:00
1766116800000,0.0824,0.0852,0.0823,0.085,1688281.0,2025-12-19 04:00:00+00:00
1766131200000,0.0849,0.0879,0.0848,0.0859,2751084.0,2025-12-19 08:00:00+00:00
1766145600000,0.0859,0.0876,0.0855,0.0859,1748434.0,2025-12-19 12:00:00+00:00
1766160000000,0.0859,0.0885,0.0857,0.088,1001733.0,2025-12-19 16:00:00+00:00
1766174400000,0.088,0.09,0.0876,0.0889,1373407.0,2025-12-19 20:00:00+00:00
1766188800000,0.0889,0.0894,0.0881,0.0887,1428182.0,2025-12-20 00:00:00+00:00
1766203200000,0.0887,0.09,0.0882,0.0893,1318868.0,2025-12-20 04:00:00+00:00
1766217600000,0.0893,0.0907,0.088,0.089,988155.0,2025-12-20 08:00:00+00:00
1766232000000,0.0891,0.0946,0.0887,0.0915,7822513.0,2025-12-20 12:00:00+00:00
1766246400000,0.0916,0.0952,0.091,0.0943,3767734.0,2025-12-20 16:00:00+00:00
1766260800000,0.0943,0.0965,0.0933,0.0951,2536521.0,2025-12-20 20:00:00+00:00
1766275200000,0.095,0.0952,0.0903,0.0907,2449141.0,2025-12-21 00:00:00+00:00
1766289600000,0.0908,0.092,0.0903,0.0909,2724165.0,2025-12-21 04:00:00+00:00
1766304000000,0.0908,0.0917,0.09,0.0903,1855466.0,2025-12-21 08:00:00+00:00
1766318400000,0.0903,0.0917,0.0866,0.0876,3259579.0,2025-12-21 12:00:00+00:00
1766332800000,0.0876,0.0886,0.0864,0.0879,1633773.0,2025-12-21 16:00:00+00:00
1766347200000,0.0879,0.088,0.0864,0.0876,1126294.0,2025-12-21 20:00:00+00:00
1766361600000,0.0875,0.0894,0.0871,0.0878,1897631.0,2025-12-22 00:00:00+00:00
1766376000000,0.0878,0.089,0.0871,0.0886,1050233.0,2025-12-22 04:00:00+00:00
1766390400000,0.0887,0.0892,0.0878,0.0885,1063570.0,2025-12-22 08:00:00+00:00
1766404800000,0.0885,0.0901,0.0879,0.0884,1898956.0,2025-12-22 12:00:00+00:00
1766419200000,0.0884,0.0887,0.0868,0.0871,697490.0,2025-12-22 16:00:00+00:00
1766433600000,0.0869,0.0879,0.0864,0.0877,832069.0,2025-12-22 20:00:00+00:00
1766448000000,0.0877,0.0881,0.0867,0.0871,573916.0,2025-12-23 00:00:00+00:00
1766462400000,0.0871,0.0871,0.0841,0.0841,1373607.0,2025-12-23 04:00:00+00:00
1766476800000,0.0841,0.0862,0.0841,0.0856,1328565.0,2025-12-23 08:00:00+00:00
1766491200000,0.0856,0.0859,0.0833,0.0849,1724560.0,2025-12-23 12:00:00+00:00
1766505600000,0.0849,0.087,0.0846,0.0867,1073378.0,2025-12-23 16:00:00+00:00
1766520000000,0.0867,0.0874,0.0863,0.0869,943343.0,2025-12-23 20:00:00+00:00
1766534400000,0.087,0.0949,0.0867,0.0948,5327576.0,2025-12-24 00:00:00+00:00
1766548800000,0.0947,0.0997,0.0915,0.0933,31040554.0,2025-12-24 04:00:00+00:00
1766563200000,0.0935,0.0965,0.0916,0.0961,13593823.0,2025-12-24 08:00:00+00:00
1766577600000,0.0961,0.0979,0.0926,0.0947,16313102.0,2025-12-24 12:00:00+00:00
1766592000000,0.0947,0.0954,0.093,0.0934,4139657.0,2025-12-24 16:00:00+00:00
1766606400000,0.0935,0.0953,0.0924,0.0948,3118874.0,2025-12-24 20:00:00+00:00
1766620800000,0.0948,0.0975,0.0923,0.096,4550823.0,2025-12-25 00:00:00+00:00
1766635200000,0.0959,0.0974,0.0929,0.0974,4352713.0,2025-12-25 04:00:00+00:00
1766649600000,0.0973,0.1008,0.0954,0.0981,11772148.0,2025-12-25 08:00:00+00:00
1766664000000,0.0981,0.1068,0.097,0.1009,23905884.0,2025-12-25 12:00:00+00:00
1766678400000,0.101,0.1058,0.1005,0.1036,8813288.0,2025-12-25 16:00:00+00:00
1766692800000,0.1035,0.1055,0.101,0.102,4636426.0,2025-12-25 20:00:00+00:00
1766707200000,0.102,0.1118,0.1006,0.1105,25885678.0,2025-12-26 00:00:00+00:00
1766721600000,0.1105,0.1299,0.1062,0.1264,240739309.0,2025-12-26 04:00:00+00:00
1766736000000,0.1263,0.1263,0.1142,0.121,273234579.0,2025-12-26 08:00:00+00:00
1766750400000,0.1208,0.1212,0.1116,0.1124,119854083.0,2025-12-26 12:00:00+00:00
1766764800000,0.1124,0.1145,0.1095,0.1116,34919571.0,2025-12-26 16:00:00+00:00
1766779200000,0.1115,0.1158,0.1105,0.1152,11886252.0,2025-12-26 20:00:00+00:00
1766793600000,0.1152,0.1153,0.1062,0.1069,24458240.0,2025-12-27 00:00:00+00:00
1766808000000,0.1069,0.11,0.1056,0.1082,16888485.0,2025-12-27 04:00:00+00:00
1766822400000,0.1082,0.1085,0.1035,0.1041,17289216.0,2025-12-27 08:00:00+00:00
1766836800000,0.1042,0.1043,0.1013,0.1023,17743434.0,2025-12-27 12:00:00+00:00
1766851200000,0.1022,0.1096,0.1012,0.1038,29890262.0,2025-12-27 16:00:00+00:00
1766865600000,0.1038,0.104,0.1019,0.1023,5398852.0,2025-12-27 20:00:00+00:00
1766880000000,0.1023,0.1028,0.098,0.0988,11780880.0,2025-12-28 00:00:00+00:00
1766894400000,0.0987,0.0994,0.0966,0.0971,8696639.0,2025-12-28 04:00:00+00:00
1766908800000,0.0971,0.0977,0.0961,0.0974,5108434.0,2025-12-28 08:00:00+00:00
1766923200000,0.0974,0.0977,0.0964,0.0971,3698623.0,2025-12-28 12:00:00+00:00
1766937600000,0.0971,0.0973,0.0941,0.0942,5313811.0,2025-12-28 16:00:00+00:00
1766952000000,0.0942,0.0954,0.0933,0.095,3582782.0,2025-12-28 20:00:00+00:00
1766966400000,0.095,0.1026,0.0925,0.0993,24005794.0,2025-12-29 00:00:00+00:00
1766980800000,0.0993,0.1112,0.0988,0.1103,33981555.0,2025-12-29 04:00:00+00:00
1766995200000,0.1102,0.1161,0.1012,0.1031,46162456.0,2025-12-29 08:00:00+00:00
1767009600000,0.103,0.1065,0.0986,0.0993,14897401.0,2025-12-29 12:00:00+00:00
1767024000000,0.0993,0.1027,0.0971,0.0999,7888999.0,2025-12-29 16:00:00+00:00
1767038400000,0.0999,0.0999,0.0976,0.0994,3598937.0,2025-12-29 20:00:00+00:00
1767052800000,0.0993,0.1011,0.0948,0.0966,10335407.0,2025-12-30 00:00:00+00:00
1767067200000,0.0966,0.0991,0.0951,0.0975,5430100.0,2025-12-30 04:00:00+00:00
1767081600000,0.0974,0.098,0.0956,0.0957,3672780.0,2025-12-30 08:00:00+00:00
1767096000000,0.0956,0.0968,0.0946,0.0957,4250243.0,2025-12-30 12:00:00+00:00
1767110400000,0.0957,0.0961,0.0948,0.0956,1647579.0,2025-12-30 16:00:00+00:00
1767124800000,0.0957,0.0957,0.0941,0.0953,1938556.0,2025-12-30 20:00:00+00:00
1767139200000,0.0953,0.0953,0.0911,0.0917,5055631.0,2025-12-31 00:00:00+00:00
1767153600000,0.0917,0.0923,0.0904,0.0913,3377269.0,2025-12-31 04:00:00+00:00
1767168000000,0.0913,0.0957,0.0886,0.0893,16382150.0,2025-12-31 08:00:00+00:00
1767182400000,0.0893,0.0894,0.0832,0.0847,14671711.0,2025-12-31 12:00:00+00:00
1767196800000,0.0848,0.0861,0.0828,0.0851,7318108.0,2025-12-31 16:00:00+00:00
1767211200000,0.0853,0.0854,0.0833,0.085,3834303.0,2025-12-31 20:00:00+00:00
1767225600000,0.085,0.086,0.0824,0.0842,6241686.0,2026-01-01 00:00:00+00:00
1767240000000,0.0843,0.0844,0.0817,0.083,5367199.0,2026-01-01 04:00:00+00:00
1767254400000,0.083,0.0844,0.0823,0.0844,5193306.0,2026-01-01 08:00:00+00:00
1767268800000,0.0844,0.0852,0.083,0.0848,3742391.0,2026-01-01 12:00:00+00:00
1767283200000,0.0848,0.0881,0.0844,0.0875,5205658.0,2026-01-01 16:00:00+00:00
1767297600000,0.0875,0.088,0.0867,0.0878,1860670.0,2026-01-01 20:00:00+00:00
1767312000000,0.0878,0.0917,0.0872,0.0882,7738661.0,2026-01-02 00:00:00+00:00
1767326400000,0.0882,0.0887,0.0858,0.0878,3487756.0,2026-01-02 04:00:00+00:00
1767340800000,0.0877,0.0898,0.0869,0.0889,3240721.0,2026-01-02 08:00:00+00:00
1767355200000,0.0889,0.09,0.0873,0.0891,5501658.0,2026-01-02 12:00:00+00:00
1767369600000,0.0891,0.0921,0.089,0.0917,3958690.0,2026-01-02 16:00:00+00:00
1767384000000,0.0918,0.0924,0.0914,0.0919,2251601.0,2026-01-02 20:00:00+00:00
1767398400000,0.0919,0.0934,0.091,0.0931,3110353.0,2026-01-03 00:00:00+00:00
1767412800000,0.0931,0.0935,0.0881,0.089,5800271.0,2026-01-03 04:00:00+00:00
1767427200000,0.089,0.0905,0.0885,0.0899,2461749.0,2026-01-03 08:00:00+00:00
1767441600000,0.0898,0.0923,0.0898,0.0906,2675979.0,2026-01-03 12:00:00+00:00
1767456000000,0.0906,0.0915,0.0906,0.0911,1552630.0,2026-01-03 16:00:00+00:00
1767470400000,0.0911,0.0922,0.0905,0.092,1010218.0,2026-01-03 20:00:00+00:00
1767484800000,0.092,0.0923,0.0909,0.0919,2426044.0,2026-01-04 00:00:00+00:00
1767499200000,0.0919,0.0923,0.0903,0.0909,3979612.0,2026-01-04 04:00:00+00:00
1767513600000,0.0909,0.0915,0.0899,0.0905,2222852.0,2026-01-04 08:00:00+00:00
1767528000000,0.0904,0.0911,0.0897,0.0907,3478452.0,2026-01-04 12:00:00+00:00
1767542400000,0.0906,0.0942,0.0905,0.0922,6819597.0,2026-01-04 16:00:00+00:00
1767556800000,0.0923,0.0936,0.0917,0.0928,2720021.0,2026-01-04 20:00:00+00:00
1767571200000,0.0927,0.0955,0.091,0.0919,10781534.0,2026-01-05 00:00:00+00:00
1767585600000,0.092,0.093,0.0884,0.0918,7974815.0,2026-01-05 04:00:00+00:00
1767600000000,0.0917,0.0926,0.09,0.0917,4603423.0,2026-01-05 08:00:00+00:00
1767614400000,0.0917,0.099,0.0908,0.093,28966005.0,2026-01-05 12:00:00+00:00
1767628800000,0.0931,0.0964,0.0923,0.0955,8063539.0,2026-01-05 16:00:00+00:00
1767643200000,0.0954,0.096,0.0946,0.0949,3291878.0,2026-01-05 20:00:00+00:00
1767657600000,0.0949,0.0966,0.0926,0.0961,6917816.0,2026-01-06 00:00:00+00:00
1767672000000,0.096,0.0976,0.0935,0.0945,6012043.0,2026-01-06 04:00:00+00:00
1767686400000,0.0945,0.0972,0.0935,0.0959,7106014.0,2026-01-06 08:00:00+00:00
1767700800000,0.0958,0.0977,0.0952,0.0963,7606160.0,2026-01-06 12:00:00+00:00
1767715200000,0.0964,0.0965,0.0915,0.0932,6938676.0,2026-01-06 16:00:00+00:00
1767729600000,0.0931,0.0962,0.0931,0.0954,4370490.0,2026-01-06 20:00:00+00:00
1767744000000,0.0954,0.098,0.0943,0.0961,12280305.0,2026-01-07 00:00:00+00:00
1767758400000,0.0961,0.0973,0.0948,0.0971,4467707.0,2026-01-07 04:00:00+00:00
1767772800000,0.0971,0.0977,0.0941,0.0958,6236766.0,2026-01-07 08:00:00+00:00
1767787200000,0.0959,0.0966,0.0922,0.0926,7922243.0,2026-01-07 12:00:00+00:00
1767801600000,0.0925,0.0952,0.0912,0.0944,6644523.0,2026-01-07 16:00:00+00:00
1767816000000,0.0944,0.0962,0.0924,0.0958,3427892.0,2026-01-07 20:00:00+00:00
1767830400000,0.0959,0.0969,0.0936,0.094,7073290.0,2026-01-08 00:00:00+00:00
1767844800000,0.094,0.0954,0.0916,0.0945,5035180.0,2026-01-08 04:00:00+00:00
1767859200000,0.0947,0.0947,0.0913,0.0946,4197191.0,2026-01-08 08:00:00+00:00
1767873600000,0.0944,0.0948,0.0913,0.0947,4693818.0,2026-01-08 12:00:00+00:00
1767888000000,0.0946,0.0966,0.0932,0.0935,5264346.0,2026-01-08 16:00:00+00:00
1767902400000,0.0936,0.0937,0.0925,0.093,2981161.0,2026-01-08 20:00:00+00:00
1767916800000,0.093,0.0932,0.0912,0.0931,3296058.0,2026-01-09 00:00:00+00:00
1767931200000,0.093,0.0931,0.0916,0.0923,2250621.0,2026-01-09 04:00:00+00:00
1767945600000,0.0924,0.0927,0.0902,0.0914,3658689.0,2026-01-09 08:00:00+00:00
1767960000000,0.0915,0.0935,0.0905,0.0925,5376968.0,2026-01-09 12:00:00+00:00
1767974400000,0.0925,0.0961,0.0901,0.0907,11023119.0,2026-01-09 16:00:00+00:00
1767988800000,0.0906,0.0916,0.0901,0.0912,1748717.0,2026-01-09 20:00:00+00:00
1768003200000,0.0913,0.0914,0.0901,0.0908,1985249.0,2026-01-10 00:00:00+00:00
1768017600000,0.0908,0.0908,0.0892,0.0901,2412990.0,2026-01-10 04:00:00+00:00
1768032000000,0.0901,0.0911,0.0899,0.0909,1366278.0,2026-01-10 08:00:00+00:00
1768046400000,0.091,0.0916,0.0906,0.0907,1885481.0,2026-01-10 12:00:00+00:00
1768060800000,0.0907,0.0912,0.09,0.0907,1263110.0,2026-01-10 16:00:00+00:00
1768075200000,0.0907,0.0909,0.0893,0.0897,1393481.0,2026-01-10 20:00:00+00:00
1768089600000,0.0897,0.0944,0.0894,0.0923,12145238.0,2026-01-11 00:00:00+00:00
1768104000000,0.0923,0.0928,0.0914,0.0923,2502920.0,2026-01-11 04:00:00+00:00
1768118400000,0.0923,0.0936,0.0921,0.0936,2208008.0,2026-01-11 08:00:00+00:00
1768132800000,0.0936,0.0939,0.0911,0.0914,2689745.0,2026-01-11 12:00:00+00:00
1768147200000,0.0914,0.0921,0.0911,0.0911,1646807.0,2026-01-11 16:00:00+00:00
1768161600000,0.0911,0.0911,0.089,0.0902,2673235.0,2026-01-11 20:00:00+00:00
1768176000000,0.0902,0.0909,0.0874,0.0896,6705590.0,2026-01-12 00:00:00+00:00
1768190400000,0.0895,0.09,0.088,0.0881,2288743.0,2026-01-12 04:00:00+00:00
1768204800000,0.0881,0.0888,0.0864,0.0877,4735470.0,2026-01-12 08:00:00+00:00
1768219200000,0.0877,0.0892,0.0863,0.0887,2918147.0,2026-01-12 12:00:00+00:00
1768233600000,0.0887,0.0908,0.0884,0.0887,2016372.0,2026-01-12 16:00:00+00:00
1768248000000,0.0889,0.089,0.0873,0.0877,1262484.0,2026-01-12 20:00:00+00:00
1768262400000,0.0877,0.088,0.0856,0.0867,3441118.0,2026-01-13 00:00:00+00:00
1768276800000,0.0867,0.0888,0.0865,0.0879,2602057.0,2026-01-13 04:00:00+00:00
1768291200000,0.0879,0.0891,0.0875,0.0885,2802154.0,2026-01-13 08:00:00+00:00
1768305600000,0.0885,0.0898,0.0882,0.0896,4168235.0,2026-01-13 12:00:00+00:00
1768320000000,0.0896,0.0912,0.0893,0.0909,3170619.0,2026-01-13 16:00:00+00:00
1768334400000,0.0909,0.0927,0.0885,0.0911,5176686.0,2026-01-13 20:00:00+00:00
1768348800000,0.0912,0.0926,0.0909,0.0921,2862603.0,2026-01-14 00:00:00+00:00
1768363200000,0.0921,0.0931,0.0904,0.0911,2934844.0,2026-01-14 04:00:00+00:00
1768377600000,0.0911,0.0942,0.0908,0.0916,4850802.0,2026-01-14 08:00:00+00:00
1768392000000,0.0915,0.0954,0.0914,0.0947,6049583.0,2026-01-14 12:00:00+00:00
1768406400000,0.0947,0.0956,0.0919,0.0941,7085767.0,2026-01-14 16:00:00+00:00
1768420800000,0.0942,0.0953,0.0931,0.0934,3176126.0,2026-01-14 20:00:00+00:00
1768435200000,0.0934,0.0959,0.0915,0.0921,8186858.0,2026-01-15 00:00:00+00:00
1768449600000,0.0921,0.0932,0.0915,0.0929,4178170.0,2026-01-15 04:00:00+00:00
1768464000000,0.0929,0.093,0.0905,0.0914,3432694.0,2026-01-15 08:00:00+00:00
1768478400000,0.0914,0.0972,0.0885,0.0912,16535786.0,2026-01-15 12:00:00+00:00
1768492800000,0.0912,0.0914,0.0881,0.0897,3499812.0,2026-01-15 16:00:00+00:00
1768507200000,0.0897,0.0905,0.0874,0.0903,2340121.0,2026-01-15 20:00:00+00:00
1768521600000,0.0903,0.092,0.0873,0.0899,4784734.0,2026-01-16 00:00:00+00:00
1768536000000,0.0899,0.0908,0.0883,0.0902,1855906.0,2026-01-16 04:00:00+00:00
1768550400000,0.0902,0.0904,0.0886,0.0894,2079369.0,2026-01-16 08:00:00+00:00
1768564800000,0.0895,0.0909,0.0881,0.0893,4696001.0,2026-01-16 12:00:00+00:00
1768579200000,0.0894,0.0925,0.0892,0.0899,3330198.0,2026-01-16 16:00:00+00:00
1768593600000,0.0899,0.0922,0.0892,0.0905,4447991.0,2026-01-16 20:00:00+00:00
1768608000000,0.0906,0.091,0.0895,0.09,1475106.0,2026-01-17 00:00:00+00:00
1768622400000,0.09,0.0923,0.0884,0.09,4366402.0,2026-01-17 04:00:00+00:00
1768636800000,0.09,0.0909,0.0889,0.0893,2540960.0,2026-01-17 08:00:00+00:00
1768651200000,0.0893,0.0909,0.0889,0.0905,3097594.0,2026-01-17 12:00:00+00:00
1768665600000,0.0904,0.0905,0.0889,0.0894,2393901.0,2026-01-17 16:00:00+00:00
1768680000000,0.0894,0.0904,0.0886,0.0887,2411927.0,2026-01-17 20:00:00+00:00
1768694400000,0.0887,0.0899,0.0884,0.0893,2201664.0,2026-01-18 00:00:00+00:00
1768708800000,0.0893,0.0893,0.0878,0.088,1993362.0,2026-01-18 04:00:00+00:00
1768723200000,0.088,0.0895,0.0878,0.0892,1609547.0,2026-01-18 08:00:00+00:00
1768737600000,0.0893,0.0905,0.0888,0.0899,2296528.0,2026-01-18 12:00:00+00:00
1768752000000,0.0899,0.0914,0.0898,0.0908,1073745.0,2026-01-18 16:00:00+00:00
1768766400000,0.0908,0.0911,0.0859,0.086,4945061.0,2026-01-18 20:00:00+00:00
1768780800000,0.086,0.0861,0.0647,0.0786,22267176.0,2026-01-19 00:00:00+00:00
1768795200000,0.0785,0.0804,0.0779,0.0782,3718464.0,2026-01-19 04:00:00+00:00
1768809600000,0.0782,0.0787,0.0772,0.0781,4409177.0,2026-01-19 08:00:00+00:00
1768824000000,0.0781,0.0789,0.0777,0.0777,2621235.0,2026-01-19 12:00:00+00:00
1768838400000,0.0778,0.0782,0.077,0.0773,2634627.0,2026-01-19 16:00:00+00:00
1768852800000,0.0773,0.0778,0.0755,0.0771,4514332.0,2026-01-19 20:00:00+00:00
1768867200000,0.0771,0.0772,0.0754,0.0758,2939595.0,2026-01-20 00:00:00+00:00
1768881600000,0.0758,0.0762,0.0733,0.0739,5051265.0,2026-01-20 04:00:00+00:00
1768896000000,0.0739,0.074,0.0723,0.0735,3778448.0,2026-01-20 08:00:00+00:00
1768910400000,0.0735,0.0745,0.0727,0.0735,3905985.0,2026-01-20 12:00:00+00:00
1768924800000,0.0734,0.074,0.0716,0.0723,2861652.0,2026-01-20 16:00:00+00:00
1768939200000,0.0722,0.0727,0.0702,0.0706,2532867.0,2026-01-20 20:00:00+00:00
1768953600000,0.0706,0.0725,0.0704,0.072,2534291.0,2026-01-21 00:00:00+00:00
1768968000000,0.072,0.0724,0.0714,0.0716,1514682.0,2026-01-21 04:00:00+00:00
1768982400000,0.0716,0.0723,0.0708,0.071,1903201.0,2026-01-21 08:00:00+00:00
1768996800000,0.0711,0.0723,0.0693,0.072,4905163.0,2026-01-21 12:00:00+00:00
1769011200000,0.072,0.0734,0.0697,0.0733,4066544.0,2026-01-21 16:00:00+00:00
1769025600000,0.0734,0.0741,0.0721,0.0723,2647432.0,2026-01-21 20:00:00+00:00
1769040000000,0.0723,0.0741,0.0723,0.0738,1879667.0,2026-01-22 00:00:00+00:00
1769054400000,0.0738,0.0744,0.0726,0.0727,1411412.0,2026-01-22 04:00:00+00:00
1769068800000,0.0726,0.0731,0.071,0.0716,2254776.0,2026-01-22 08:00:00+00:00
1769083200000,0.0716,0.0718,0.0689,0.07,3950432.0,2026-01-22 12:00:00+00:00
1769097600000,0.0699,0.0709,0.0694,0.07,1646628.0,2026-01-22 16:00:00+00:00
1769112000000,0.07,0.0703,0.069,0.0702,1501159.0,2026-01-22 20:00:00+00:00
1769126400000,0.0702,0.0724,0.0701,0.072,2504527.0,2026-01-23 00:00:00+00:00
1769140800000,0.0721,0.0832,0.0715,0.0766,32132059.0,2026-01-23 04:00:00+00:00
1769155200000,0.0767,0.0778,0.0747,0.0762,9232805.0,2026-01-23 08:00:00+00:00
1769169600000,0.0761,0.0776,0.0744,0.0771,6376592.0,2026-01-23 12:00:00+00:00
1769184000000,0.077,0.0785,0.0756,0.0767,6466696.0,2026-01-23 16:00:00+00:00
1769198400000,0.0769,0.0803,0.0759,0.0791,8290021.0,2026-01-23 20:00:00+00:00
1769212800000,0.0792,0.0865,0.077,0.0838,23171938.0,2026-01-24 00:00:00+00:00
1769227200000,0.0838,0.0874,0.0804,0.0849,26922202.0,2026-01-24 04:00:00+00:00
1769241600000,0.0849,0.0851,0.0818,0.0835,12786248.0,2026-01-24 08:00:00+00:00
1769256000000,0.0835,0.0894,0.0833,0.0863,23281987.0,2026-01-24 12:00:00+00:00
1769270400000,0.0862,0.0878,0.0838,0.0863,8968892.0,2026-01-24 16:00:00+00:00
1769284800000,0.0862,0.0878,0.0829,0.0876,5717692.0,2026-01-24 20:00:00+00:00
1769299200000,0.0876,0.0937,0.084,0.0931,21389897.0,2026-01-25 00:00:00+00:00
1769313600000,0.0931,0.0975,0.0889,0.095,33644251.0,2026-01-25 04:00:00+00:00
1769328000000,0.095,0.1031,0.0914,0.0919,45869885.0,2026-01-25 08:00:00+00:00
1769342400000,0.0919,0.0919,0.0832,0.0842,20737527.0,2026-01-25 12:00:00+00:00
1769356800000,0.0843,0.0844,0.0771,0.0774,14387483.0,2026-01-25 16:00:00+00:00
1769371200000,0.0775,0.0792,0.0753,0.0762,9184948.0,2026-01-25 20:00:00+00:00
1769385600000,0.0761,0.0761,0.073,0.0731,11530722.0,2026-01-26 00:00:00+00:00
1769400000000,0.0732,0.0763,0.0732,0.0747,7117510.0,2026-01-26 04:00:00+00:00
1769414400000,0.0747,0.0776,0.0739,0.0749,9401352.0,2026-01-26 08:00:00+00:00
1769428800000,0.0749,0.0765,0.0744,0.0757,7017957.0,2026-01-26 12:00:00+00:00
1769443200000,0.0757,0.0776,0.0749,0.0762,4618203.0,2026-01-26 16:00:00+00:00
1769457600000,0.0761,0.077,0.0757,0.0758,2598557.0,2026-01-26 20:00:00+00:00
1769472000000,0.0758,0.0816,0.0745,0.079,15909989.0,2026-01-27 00:00:00+00:00
1769486400000,0.079,0.0828,0.0788,0.0822,17725712.0,2026-01-27 04:00:00+00:00
1769500800000,0.0821,0.0851,0.0806,0.082,23489179.0,2026-01-27 08:00:00+00:00
1769515200000,0.0819,0.0824,0.0788,0.0824,12487585.0,2026-01-27 12:00:00+00:00
1769529600000,0.0823,0.083,0.0794,0.0809,5987055.0,2026-01-27 16:00:00+00:00
1769544000000,0.0808,0.0815,0.0799,0.0804,2521223.0,2026-01-27 20:00:00+00:00
1769558400000,0.0804,0.0806,0.0771,0.0777,5035464.0,2026-01-28 00:00:00+00:00
1769572800000,0.0777,0.0826,0.0766,0.081,7310552.0,2026-01-28 04:00:00+00:00
1769587200000,0.081,0.0839,0.0798,0.0818,8692704.0,2026-01-28 08:00:00+00:00
1769601600000,0.0818,0.0845,0.0799,0.0802,6906499.0,2026-01-28 12:00:00+00:00
1769616000000,0.0801,0.0844,0.0795,0.0822,15493410.0,2026-01-28 16:00:00+00:00
1769630400000,0.0822,0.084,0.082,0.0829,6159562.0,2026-01-28 20:00:00+00:00
1769644800000,0.083,0.0831,0.0789,0.08,7175693.0,2026-01-29 00:00:00+00:00
1769659200000,0.0799,0.0809,0.079,0.0791,4211446.0,2026-01-29 04:00:00+00:00
1769673600000,0.0791,0.0792,0.0774,0.0785,3293293.0,2026-01-29 08:00:00+00:00
1769688000000,0.0784,0.0797,0.0719,0.0731,12097985.0,2026-01-29 12:00:00+00:00
1769702400000,0.0731,0.0758,0.0723,0.0732,6372414.0,2026-01-29 16:00:00+00:00
1769716800000,0.0733,0.0747,0.0726,0.0728,2815132.0,2026-01-29 20:00:00+00:00
1769731200000,0.0727,0.0742,0.0702,0.0711,9095377.0,2026-01-30 00:00:00+00:00
1769745600000,0.0712,0.073,0.0706,0.0719,4412817.0,2026-01-30 04:00:00+00:00
1769760000000,0.0719,0.0743,0.0705,0.0739,5093386.0,2026-01-30 08:00:00+00:00
1769774400000,0.0738,0.075,0.0723,0.0728,6464925.0,2026-01-30 12:00:00+00:00
1769788800000,0.0727,0.0746,0.0718,0.074,5181415.0,2026-01-30 16:00:00+00:00
1769803200000,0.074,0.074,0.072,0.0734,4224376.0,2026-01-30 20:00:00+00:00
1769817600000,0.0734,0.0777,0.0734,0.0747,12360838.0,2026-01-31 00:00:00+00:00
1769832000000,0.0747,0.0749,0.0711,0.0715,4108078.0,2026-01-31 04:00:00+00:00
1769846400000,0.0715,0.0716,0.0695,0.0702,4667502.0,2026-01-31 08:00:00+00:00
1769860800000,0.0702,0.0705,0.0649,0.0662,11573756.0,2026-01-31 12:00:00+00:00
1769875200000,0.0662,0.0671,0.0574,0.0615,19615464.0,2026-01-31 16:00:00+00:00
1769889600000,0.0615,0.0637,0.061,0.0629,5234358.0,2026-01-31 20:00:00+00:00
1769904000000,0.0629,0.0712,0.0625,0.0663,30376383.0,2026-02-01 00:00:00+00:00
1769918400000,0.0662,0.0703,0.0657,0.067,16992674.0,2026-02-01 04:00:00+00:00
1769932800000,0.0669,0.0699,0.0638,0.0639,11060210.0,2026-02-01 08:00:00+00:00
1769947200000,0.064,0.0641,0.0609,0.0618,7641372.0,2026-02-01 12:00:00+00:00
1769961600000,0.0618,0.0631,0.0612,0.0621,7260303.0,2026-02-01 16:00:00+00:00
1769976000000,0.0621,0.0627,0.0596,0.0611,7992296.0,2026-02-01 20:00:00+00:00
1769990400000,0.061,0.0642,0.0585,0.0609,11634439.0,2026-02-02 00:00:00+00:00
1770004800000,0.0609,0.0618,0.0582,0.0596,6811879.0,2026-02-02 04:00:00+00:00
1770019200000,0.0598,0.0614,0.0596,0.0607,3155115.0,2026-02-02 08:00:00+00:00
1770033600000,0.0607,0.0634,0.0606,0.0629,4562981.0,2026-02-02 12:00:00+00:00
1770048000000,0.0629,0.0632,0.0622,0.0624,1995866.0,2026-02-02 16:00:00+00:00
1770062400000,0.0623,0.0633,0.062,0.0627,1916572.0,2026-02-02 20:00:00+00:00
1770076800000,0.0627,0.066,0.0612,0.0633,10542169.0,2026-02-03 00:00:00+00:00
1770091200000,0.0632,0.0649,0.0624,0.0634,4272702.0,2026-02-03 04:00:00+00:00
1770105600000,0.0633,0.0636,0.062,0.0626,3588758.0,2026-02-03 08:00:00+00:00
1770120000000,0.0626,0.0646,0.0613,0.0636,4052195.0,2026-02-03 12:00:00+00:00
1770134400000,0.0635,0.0636,0.0586,0.0607,5660738.0,2026-02-03 16:00:00+00:00
1770148800000,0.0607,0.0631,0.06,0.0609,4134025.0,2026-02-03 20:00:00+00:00
1770163200000,0.0608,0.0658,0.0607,0.0632,15271042.0,2026-02-04 00:00:00+00:00
1770177600000,0.0632,0.0634,0.0619,0.0625,3699672.0,2026-02-04 04:00:00+00:00
1770192000000,0.0625,0.0631,0.0611,0.0614,3031582.0,2026-02-04 08:00:00+00:00
1770206400000,0.0614,0.0618,0.0602,0.0613,5322456.0,2026-02-04 12:00:00+00:00
1770220800000,0.0612,0.0621,0.0593,0.062,5658572.0,2026-02-04 16:00:00+00:00
1770235200000,0.0619,0.0626,0.0604,0.062,2726862.0,2026-02-04 20:00:00+00:00
1770249600000,0.0619,0.062,0.06,0.0607,3456071.0,2026-02-05 00:00:00+00:00
1770264000000,0.0607,0.0619,0.0598,0.0607,3426032.0,2026-02-05 04:00:00+00:00
1770278400000,0.0607,0.0614,0.0575,0.0582,3617567.0,2026-02-05 08:00:00+00:00
1770292800000,0.0582,0.0596,0.0548,0.0562,7756608.0,2026-02-05 12:00:00+00:00
1770307200000,0.0562,0.0577,0.0542,0.0543,5412899.0,2026-02-05 16:00:00+00:00
1770321600000,0.0544,0.0547,0.0515,0.0534,8541585.0,2026-02-05 20:00:00+00:00
1770336000000,0.0534,0.0551,0.0479,0.0521,15423537.0,2026-02-06 00:00:00+00:00
1770350400000,0.0521,0.055,0.0519,0.0533,4420708.0,2026-02-06 04:00:00+00:00
1770364800000,0.0533,0.0551,0.0523,0.0545,5460661.0,2026-02-06 08:00:00+00:00
1770379200000,0.0545,0.0583,0.0539,0.0574,6487025.0,2026-02-06 12:00:00+00:00
1770393600000,0.0575,0.0594,0.0571,0.0583,3587578.0,2026-02-06 16:00:00+00:00
1770408000000,0.0582,0.0599,0.0575,0.0594,2471179.0,2026-02-06 20:00:00+00:00
1770422400000,0.0593,0.0691,0.0589,0.0624,48088709.0,2026-02-07 00:00:00+00:00
1770436800000,0.0623,0.0636,0.0583,0.0591,11041118.0,2026-02-07 04:00:00+00:00
1770451200000,0.059,0.0596,0.0576,0.0582,4734157.0,2026-02-07 08:00:00+00:00
1770465600000,0.0583,0.0605,0.0583,0.0591,4232800.0,2026-02-07 12:00:00+00:00
1770480000000,0.0592,0.0609,0.0588,0.0606,7255230.0,2026-02-07 16:00:00+00:00
1770494400000,0.0606,0.0619,0.06,0.0613,2215588.0,2026-02-07 20:00:00+00:00
1770508800000,0.0613,0.0614,0.0587,0.0587,5014861.0,2026-02-08 00:00:00+00:00
1770523200000,0.0587,0.0591,0.0576,0.0583,3158201.0,2026-02-08 04:00:00+00:00
1770537600000,0.0582,0.0592,0.0577,0.0589,3683427.0,2026-02-08 08:00:00+00:00
1770552000000,0.0589,0.0595,0.0579,0.0587,2698914.0,2026-02-08 12:00:00+00:00
1770566400000,0.0586,0.0593,0.0575,0.0593,2251026.0,2026-02-08 16:00:00+00:00
1770580800000,0.0591,0.0608,0.0585,0.0591,2593167.0,2026-02-08 20:00:00+00:00
1770595200000,0.0591,0.0594,0.0576,0.0586,5214100.0,2026-02-09 00:00:00+00:00
1770609600000,0.0586,0.0588,0.05603,0.05651,3764649.0,2026-02-09 04:00:00+00:00
1770624000000,0.05651,0.05701,0.05464,0.05536,5567186.0,2026-02-09 08:00:00+00:00
1770638400000,0.05537,0.05683,0.05518,0.05683,2923964.0,2026-02-09 12:00:00+00:00
1770652800000,0.05676,0.05785,0.05627,0.05782,2686398.0,2026-02-09 16:00:00+00:00
1770667200000,0.05777,0.05826,0.05708,0.05766,2492981.0,2026-02-09 20:00:00+00:00
1770681600000,0.05767,0.05962,0.05607,0.05653,9273542.0,2026-02-10 00:00:00+00:00
1770696000000,0.05652,0.05687,0.05571,0.05606,2010526.0,2026-02-10 04:00:00+00:00
1770710400000,0.05606,0.05802,0.05573,0.0566,3443425.0,2026-02-10 08:00:00+00:00
1770724800000,0.05656,0.05815,0.0565,0.05768,3068832.0,2026-02-10 12:00:00+00:00
1770739200000,0.05764,0.05915,0.05714,0.05845,5432936.0,2026-02-10 16:00:00+00:00
1770753600000,0.05842,0.05855,0.05729,0.05777,1982264.0,2026-02-10 20:00:00+00:00
1770768000000,0.05777,0.06131,0.05736,0.05939,9696254.0,2026-02-11 00:00:00+00:00
1770782400000,0.05935,0.06093,0.05794,0.06003,6527990.0,2026-02-11 04:00:00+00:00
1770796800000,0.05994,0.06216,0.05886,0.06055,11751612.0,2026-02-11 08:00:00+00:00
1770811200000,0.06062,0.06243,0.05941,0.06188,17049268.0,2026-02-11 12:00:00+00:00
1770825600000,0.06186,0.0633,0.06066,0.0622,6872325.0,2026-02-11 16:00:00+00:00
1770840000000,0.06218,0.06428,0.06126,0.0629,7184033.0,2026-02-11 20:00:00+00:00
1770854400000,0.0629,0.06713,0.06176,0.06648,22701543.0,2026-02-12 00:00:00+00:00
1770868800000,0.06648,0.0666,0.06172,0.06398,9810615.0,2026-02-12 04:00:00+00:00
1770883200000,0.06393,0.06589,0.06192,0.06417,6767279.0,2026-02-12 08:00:00+00:00
1770897600000,0.06422,0.06432,0.06147,0.06173,5512156.0,2026-02-12 12:00:00+00:00
1770912000000,0.06175,0.06394,0.06106,0.06311,3680373.0,2026-02-12 16:00:00+00:00
1770926400000,0.06311,0.06322,0.06137,0.0632,2454583.0,2026-02-12 20:00:00+00:00
1770940800000,0.0632,0.06329,0.06036,0.06149,2482106.0,2026-02-13 00:00:00+00:00
1770955200000,0.06149,0.06151,0.05933,0.06096,3586635.0,2026-02-13 04:00:00+00:00
1770969600000,0.06093,0.06318,0.06046,0.06112,4146550.0,2026-02-13 08:00:00+00:00
1770984000000,0.06112,0.06381,0.06063,0.06359,2988080.0,2026-02-13 12:00:00+00:00
1770998400000,0.06361,0.06466,0.063,0.06427,2585602.0,2026-02-13 16:00:00+00:00
1771012800000,0.06424,0.06551,0.06333,0.06405,2511882.0,2026-02-13 20:00:00+00:00
1771027200000,0.06405,0.06471,0.06285,0.06378,2766777.0,2026-02-14 00:00:00+00:00
1771041600000,0.06378,0.06399,0.0626,0.06341,1466899.0,2026-02-14 04:00:00+00:00
1771056000000,0.06335,0.0652,0.06332,0.06415,2833080.0,2026-02-14 08:00:00+00:00
1771070400000,0.06414,0.066,0.06316,0.06533,3392933.0,2026-02-14 12:00:00+00:00
1771084800000,0.06535,0.06702,0.06461,0.06598,4111086.0,2026-02-14 16:00:00+00:00
1771099200000,0.066,0.06634,0.06471,0.06573,1448951.0,2026-02-14 20:00:00+00:00
1771113600000,0.06574,0.06632,0.0638,0.0645,2796533.0,2026-02-15 00:00:00+00:00
1771128000000,0.06447,0.06534,0.06427,0.06486,1389651.0,2026-02-15 04:00:00+00:00
1771142400000,0.06487,0.06503,0.06297,0.06312,1974662.0,2026-02-15 08:00:00+00:00
1771156800000,0.06313,0.06335,0.06115,0.06283,6560019.0,2026-02-15 12:00:00+00:00
1771171200000,0.06283,0.06306,0.06136,0.06161,2039340.0,2026-02-15 16:00:00+00:00
1771185600000,0.06148,0.06323,0.06135,0.06315,1033481.0,2026-02-15 20:00:00+00:00
1771200000000,0.06312,0.06317,0.06108,0.06268,2892437.0,2026-02-16 00:00:00+00:00
1771214400000,0.06267,0.0632,0.06162,0.06228,2480651.0,2026-02-16 04:00:00+00:00
1771228800000,0.06227,0.06306,0.06156,0.06263,1371776.0,2026-02-16 08:00:00+00:00
1771243200000,0.06263,0.06385,0.06126,0.06159,2281884.0,2026-02-16 12:00:00+00:00
1771257600000,0.06157,0.06257,0.06151,0.06225,964539.0,2026-02-16 16:00:00+00:00
1771272000000,0.06221,0.0632,0.06178,0.0628,1113107.0,2026-02-16 20:00:00+00:00
1771286400000,0.06278,0.06311,0.06167,0.06221,1361567.0,2026-02-17 00:00:00+00:00
1771300800000,0.06221,0.06247,0.06111,0.06139,1481447.0,2026-02-17 04:00:00+00:00
1771315200000,0.06138,0.06157,0.0606,0.06144,1529355.0,2026-02-17 08:00:00+00:00
1771329600000,0.06144,0.06338,0.06099,0.06231,2012256.0,2026-02-17 12:00:00+00:00
1771344000000,0.06234,0.06329,0.06194,0.0629,1029406.0,2026-02-17 16:00:00+00:00
1771358400000,0.0629,0.0629,0.06206,0.06237,1060395.0,2026-02-17 20:00:00+00:00
1771372800000,0.06237,0.06674,0.06234,0.06417,15757563.0,2026-02-18 00:00:00+00:00
1771387200000,0.06417,0.06479,0.06321,0.06364,3366416.0,2026-02-18 04:00:00+00:00
1771401600000,0.06368,0.06401,0.06174,0.06185,2439111.0,2026-02-18 08:00:00+00:00
1771416000000,0.06185,0.06252,0.06119,0.06214,1668730.0,2026-02-18 12:00:00+00:00
1771430400000,0.06215,0.06226,0.05933,0.05961,2041716.0,2026-02-18 16:00:00+00:00
1771444800000,0.05955,0.06017,0.05865,0.05891,2540552.0,2026-02-18 20:00:00+00:00
1771459200000,0.05896,0.05969,0.05812,0.05836,4448464.0,2026-02-19 00:00:00+00:00
1771473600000,0.05835,0.05865,0.05752,0.05818,2760918.0,2026-02-19 04:00:00+00:00
1771488000000,0.05811,0.05844,0.05627,0.05656,4012294.0,2026-02-19 08:00:00+00:00
1771502400000,0.05655,0.05697,0.05548,0.05588,2953098.0,2026-02-19 12:00:00+00:00
1771516800000,0.05589,0.05693,0.05556,0.05668,1574751.0,2026-02-19 16:00:00+00:00
1771531200000,0.05665,0.05747,0.05648,0.05743,1027243.0,2026-02-19 20:00:00+00:00
1771545600000,0.05742,0.0592,0.05683,0.05866,2152793.0,2026-02-20 00:00:00+00:00
1771560000000,0.05865,0.05885,0.05769,0.05796,3084641.0,2026-02-20 04:00:00+00:00
1771574400000,0.05795,0.05905,0.05788,0.05797,1845563.0,2026-02-20 08:00:00+00:00
1771588800000,0.05794,0.05827,0.05624,0.05791,3197114.0,2026-02-20 12:00:00+00:00
1771603200000,0.05796,0.05896,0.05789,0.05838,1538852.0,2026-02-20 16:00:00+00:00
1771617600000,0.05839,0.05892,0.05805,0.05866,952104.0,2026-02-20 20:00:00+00:00
1771632000000,0.05866,0.05876,0.05799,0.0581,1064426.0,2026-02-21 00:00:00+00:00
1771646400000,0.05811,0.05873,0.05784,0.05863,1320734.0,2026-02-21 04:00:00+00:00
1771660800000,0.05861,0.0592,0.05839,0.05857,1212531.0,2026-02-21 08:00:00+00:00
1771675200000,0.05855,0.0587,0.0575,0.05812,2880435.0,2026-02-21 12:00:00+00:00
1771689600000,0.05809,0.05814,0.05718,0.0573,1548096.0,2026-02-21 16:00:00+00:00
1771704000000,0.05729,0.05745,0.0567,0.05686,1230481.0,2026-02-21 20:00:00+00:00
1771718400000,0.05686,0.06067,0.0567,0.05887,19809078.0,2026-02-22 00:00:00+00:00
1771732800000,0.05888,0.06086,0.0575,0.06046,8689594.0,2026-02-22 04:00:00+00:00
1771747200000,0.06057,0.067,0.0581,0.06076,70614993.0,2026-02-22 08:00:00+00:00
1771761600000,0.06073,0.0643,0.05989,0.06304,43776169.0,2026-02-22 12:00:00+00:00
1771776000000,0.06301,0.06375,0.06042,0.06095,17281387.0,2026-02-22 16:00:00+00:00
1771790400000,0.0609,0.06301,0.06054,0.06209,14950305.0,2026-02-22 20:00:00+00:00
1771804800000,0.06203,0.06762,0.0618,0.06583,92314177.0,2026-02-23 00:00:00+00:00
1771819200000,0.06582,0.06866,0.06463,0.06718,59110953.0,2026-02-23 04:00:00+00:00
1771833600000,0.06717,0.07585,0.06644,0.07079,282575362.0,2026-02-23 08:00:00+00:00
1771848000000,0.07077,0.07307,0.06943,0.07114,134310283.0,2026-02-23 12:00:00+00:00
1771862400000,0.07114,0.07288,0.07001,0.07048,67692962.0,2026-02-23 16:00:00+00:00
1771876800000,0.07045,0.07069,0.06583,0.06747,45739636.0,2026-02-23 20:00:00+00:00
1771891200000,0.06747,0.06846,0.06205,0.0627,61309824.0,2026-02-24 00:00:00+00:00
1771905600000,0.0627,0.06449,0.06102,0.06184,28834921.0,2026-02-24 04:00:00+00:00
1771920000000,0.06183,0.06318,0.06086,0.06242,15080594.0,2026-02-24 08:00:00+00:00
1771934400000,0.06241,0.06562,0.0595,0.06321,28624164.0,2026-02-24 12:00:00+00:00
1771948800000,0.06317,0.06413,0.06255,0.06371,9934109.0,2026-02-24 16:00:00+00:00
1771963200000,0.06371,0.06486,0.06305,0.06366,7663199.0,2026-02-24 20:00:00+00:00
1771977600000,0.06366,0.06877,0.0627,0.0674,21724655.0,2026-02-25 00:00:00+00:00
1771992000000,0.06745,0.06944,0.06554,0.06762,15723915.0,2026-02-25 04:00:00+00:00
1772006400000,0.06763,0.07004,0.0665,0.06692,14155301.0,2026-02-25 08:00:00+00:00
1772020800000,0.06694,0.06742,0.06283,0.06501,19354616.0,2026-02-25 12:00:00+00:00
1772035200000,0.065,0.06562,0.06403,0.06443,7326879.0,2026-02-25 16:00:00+00:00
1772049600000,0.06443,0.06515,0.0634,0.06411,6577406.0,2026-02-25 20:00:00+00:00
1772064000000,0.0641,0.0643,0.06138,0.0624,12052056.0,2026-02-26 00:00:00+00:00
1772078400000,0.0624,0.06263,0.0608,0.06259,6833308.0,2026-02-26 04:00:00+00:00
1772092800000,0.06258,0.06394,0.06191,0.06265,9419129.0,2026-02-26 08:00:00+00:00
1772107200000,0.06264,0.06345,0.06098,0.06191,6150904.0,2026-02-26 12:00:00+00:00
1772121600000,0.0619,0.06467,0.06032,0.06399,5854462.0,2026-02-26 16:00:00+00:00
1772136000000,0.06398,0.06399,0.0627,0.06277,3062096.0,2026-02-26 20:00:00+00:00
1772150400000,0.06279,0.06435,0.06156,0.06326,5044852.0,2026-02-27 00:00:00+00:00
1772164800000,0.06329,0.06473,0.06279,0.06433,4653180.0,2026-02-27 04:00:00+00:00
1772179200000,0.06423,0.068,0.06263,0.06489,24255096.0,2026-02-27 08:00:00+00:00
1772193600000,0.06493,0.06616,0.0628,0.06347,12517541.0,2026-02-27 12:00:00+00:00
1772208000000,0.06347,0.06405,0.06224,0.06257,3058347.0,2026-02-27 16:00:00+00:00
1772222400000,0.06253,0.06415,0.0618,0.06385,2769028.0,2026-02-27 20:00:00+00:00
1772236800000,0.06384,0.06684,0.06266,0.06329,7889072.0,2026-02-28 00:00:00+00:00
1772251200000,0.06326,0.0634,0.05783,0.05931,10842591.0,2026-02-28 04:00:00+00:00
1772265600000,0.05929,0.0596,0.05747,0.05819,4196229.0,2026-02-28 08:00:00+00:00
1772280000000,0.05821,0.06011,0.05775,0.05927,5490195.0,2026-02-28 12:00:00+00:00
1772294400000,0.05927,0.06154,0.05879,0.06109,2801774.0,2026-02-28 16:00:00+00:00
1772308800000,0.06112,0.06212,0.0606,0.06186,1935997.0,2026-02-28 20:00:00+00:00
1772323200000,0.06191,0.06304,0.05952,0.06113,3889449.0,2026-03-01 00:00:00+00:00
1772337600000,0.06115,0.06177,0.06041,0.06107,1772951.0,2026-03-01 04:00:00+00:00
1772352000000,0.06109,0.06122,0.05963,0.06063,2244743.0,2026-03-01 08:00:00+00:00
1772366400000,0.06052,0.06087,0.05903,0.05969,4068695.0,2026-03-01 12:00:00+00:00
1772380800000,0.05971,0.06058,0.05871,0.05906,2416677.0,2026-03-01 16:00:00+00:00
1772395200000,0.05905,0.05967,0.05771,0.0588,2184217.0,2026-03-01 20:00:00+00:00
1772409600000,0.05881,0.05924,0.05799,0.0589,1850454.0,2026-03-02 00:00:00+00:00
1772424000000,0.05892,0.05922,0.05727,0.05801,1702717.0,2026-03-02 04:00:00+00:00
1772438400000,0.05798,0.05872,0.0577,0.0585,1259726.0,2026-03-02 08:00:00+00:00
1772452800000,0.05845,0.06073,0.05768,0.06002,4806749.0,2026-03-02 12:00:00+00:00
1772467200000,0.06002,0.06049,0.05855,0.05932,4539021.0,2026-03-02 16:00:00+00:00
1772481600000,0.05934,0.0602,0.05818,0.05921,4539381.0,2026-03-02 20:00:00+00:00
1772496000000,0.0592,0.05932,0.05744,0.05778,2226811.0,2026-03-03 00:00:00+00:00
1772510400000,0.05774,0.05888,0.05759,0.05831,2978783.0,2026-03-03 04:00:00+00:00
1772524800000,0.05831,0.05838,0.05538,0.05653,5964687.0,2026-03-03 08:00:00+00:00
1772539200000,0.05658,0.05731,0.05607,0.05695,2356038.0,2026-03-03 12:00:00+00:00
1772553600000,0.05693,0.05823,0.05677,0.05744,3406675.0,2026-03-03 16:00:00+00:00
1772568000000,0.0574,0.05776,0.05664,0.05753,1557334.0,2026-03-03 20:00:00+00:00
1772582400000,0.05752,0.05757,0.05514,0.05565,2982444.0,2026-03-04 00:00:00+00:00
1772596800000,0.05568,0.05639,0.05524,0.05612,2142431.0,2026-03-04 04:00:00+00:00
1772611200000,0.0561,0.05819,0.05566,0.05726,4014700.0,2026-03-04 08:00:00+00:00
1772625600000,0.05727,0.05869,0.05693,0.05861,4988885.0,2026-03-04 12:00:00+00:00
1772640000000,0.05862,0.05874,0.05714,0.05791,4187663.0,2026-03-04 16:00:00+00:00
1772654400000,0.05792,0.05809,0.05688,0.05745,1456830.0,2026-03-04 20:00:00+00:00
1772668800000,0.05745,0.06028,0.05741,0.05835,7498492.0,2026-03-05 00:00:00+00:00
1772683200000,0.05835,0.05929,0.05782,0.0583,3739403.0,2026-03-05 04:00:00+00:00
1772697600000,0.0583,0.05964,0.05798,0.05831,3264059.0,2026-03-05 08:00:00+00:00
1772712000000,0.05831,0.05901,0.0574,0.05772,3523795.0,2026-03-05 12:00:00+00:00
1772726400000,0.05775,0.05796,0.05674,0.05759,2304135.0,2026-03-05 16:00:00+00:00
1772740800000,0.05755,0.05837,0.0575,0.05765,1636847.0,2026-03-05 20:00:00+00:00
1772755200000,0.05766,0.05843,0.0572,0.05818,1912408.0,2026-03-06 00:00:00+00:00
1772769600000,0.05818,0.05929,0.05764,0.05864,2580385.0,2026-03-06 04:00:00+00:00
1772784000000,0.05861,0.05929,0.05775,0.05795,2413421.0,2026-03-06 08:00:00+00:00
1772798400000,0.05795,0.05883,0.05522,0.05564,4716880.0,2026-03-06 12:00:00+00:00
1772812800000,0.05562,0.05662,0.05557,0.05636,1513122.0,2026-03-06 16:00:00+00:00
1772827200000,0.05637,0.05647,0.05571,0.05626,1036878.0,2026-03-06 20:00:00+00:00
1772841600000,0.05617,0.05784,0.05579,0.05645,2717997.0,2026-03-07 00:00:00+00:00
1772856000000,0.05645,0.06026,0.0555,0.0562,9398977.0,2026-03-07 04:00:00+00:00
1772870400000,0.05618,0.05694,0.05603,0.05645,1825198.0,2026-03-07 08:00:00+00:00
1772884800000,0.05647,0.05745,0.05599,0.05654,2241233.0,2026-03-07 12:00:00+00:00
1772899200000,0.05659,0.05781,0.05625,0.05643,10056915.0,2026-03-07 16:00:00+00:00
1772913600000,0.05643,0.05674,0.05593,0.05667,973560.0,2026-03-07 20:00:00+00:00
1772928000000,0.05662,0.05669,0.05551,0.05582,1367947.0,2026-03-08 00:00:00+00:00
1772942400000,0.0558,0.05645,0.05517,0.0558,2373378.0,2026-03-08 04:00:00+00:00
1772956800000,0.05579,0.05618,0.05522,0.05598,2259811.0,2026-03-08 08:00:00+00:00
1772971200000,0.05597,0.05607,0.05505,0.05533,1458380.0,2026-03-08 12:00:00+00:00
1772985600000,0.05531,0.05578,0.05461,0.05552,1312633.0,2026-03-08 16:00:00+00:00
1773000000000,0.05551,0.05559,0.05381,0.05416,2872199.0,2026-03-08 20:00:00+00:00
1773014400000,0.05415,0.05555,0.05381,0.05496,1714007.0,2026-03-09 00:00:00+00:00
1773028800000,0.05493,0.05604,0.05485,0.05596,1860953.0,2026-03-09 04:00:00+00:00
1773043200000,0.05595,0.05634,0.05526,0.0555,1574014.0,2026-03-09 08:00:00+00:00
1773057600000,0.05546,0.05658,0.05545,0.05622,1757082.0,2026-03-09 12:00:00+00:00
1773072000000,0.0562,0.05692,0.05604,0.05657,1427273.0,2026-03-09 16:00:00+00:00
1773086400000,0.05654,0.0566,0.05573,0.05595,941494.0,2026-03-09 20:00:00+00:00
1773100800000,0.05595,0.05639,0.05551,0.05612,1715529.0,2026-03-10 00:00:00+00:00
1773115200000,0.05612,0.05651,0.05571,0.05627,1831313.0,2026-03-10 04:00:00+00:00
1773129600000,0.05628,0.05667,0.05615,0.05621,1208280.0,2026-03-10 08:00:00+00:00
1773144000000,0.05621,0.05679,0.05568,0.05647,2022320.0,2026-03-10 12:00:00+00:00
1773158400000,0.05647,0.0566,0.05543,0.05591,2221427.0,2026-03-10 16:00:00+00:00
1773172800000,0.05588,0.05621,0.05546,0.05605,1915050.0,2026-03-10 20:00:00+00:00
1773187200000,0.05605,0.05621,0.05486,0.05545,2506889.0,2026-03-11 00:00:00+00:00
1773201600000,0.05539,0.05609,0.05509,0.05532,1792296.0,2026-03-11 04:00:00+00:00
1773216000000,0.0553,0.05541,0.05451,0.05463,3573194.0,2026-03-11 08:00:00+00:00
1773230400000,0.05463,0.05543,0.05426,0.05524,2363185.0,2026-03-11 12:00:00+00:00
1773244800000,0.05524,0.05535,0.0545,0.05513,1415117.0,2026-03-11 16:00:00+00:00
1773259200000,0.05507,0.05583,0.05489,0.05542,1418260.0,2026-03-11 20:00:00+00:00
1773273600000,0.05544,0.05607,0.05512,0.05569,2177552.0,2026-03-12 00:00:00+00:00
1773288000000,0.05569,0.05609,0.05511,0.05586,2966592.0,2026-03-12 04:00:00+00:00
1773302400000,0.05585,0.05598,0.05513,0.0555,1874630.0,2026-03-12 08:00:00+00:00
1773316800000,0.05548,0.05556,0.05443,0.05509,2172211.0,2026-03-12 12:00:00+00:00
1773331200000,0.05512,0.05573,0.05474,0.05537,1497487.0,2026-03-12 16:00:00+00:00
1773345600000,0.05538,0.05569,0.0548,0.05542,1263721.0,2026-03-12 20:00:00+00:00
1773360000000,0.05545,0.05726,0.05536,0.05676,4911854.0,2026-03-13 00:00:00+00:00
1773374400000,0.05678,0.05773,0.05578,0.05596,3389018.0,2026-03-13 04:00:00+00:00
1773388800000,0.05596,0.05679,0.05566,0.05653,2052641.0,2026-03-13 08:00:00+00:00
1773403200000,0.05651,0.0577,0.05616,0.05633,3103296.0,2026-03-13 12:00:00+00:00
1773417600000,0.05636,0.05726,0.05568,0.05654,2571124.0,2026-03-13 16:00:00+00:00
1773432000000,0.05653,0.05684,0.05561,0.0558,1399075.0,2026-03-13 20:00:00+00:00
1773446400000,0.0558,0.05656,0.05561,0.05638,1773224.0,2026-03-14 00:00:00+00:00
1773460800000,0.05638,0.05677,0.05533,0.05547,1042296.0,2026-03-14 04:00:00+00:00
1773475200000,0.05544,0.05549,0.05494,0.05529,1354158.0,2026-03-14 08:00:00+00:00
1773489600000,0.0553,0.05548,0.05461,0.05484,2218027.0,2026-03-14 12:00:00+00:00
1773504000000,0.05483,0.05531,0.05483,0.05497,1056786.0,2026-03-14 16:00:00+00:00
1773518400000,0.05493,0.0557,0.05457,0.05539,1788167.0,2026-03-14 20:00:00+00:00
1773532800000,0.0554,0.05548,0.05494,0.05518,1237094.0,2026-03-15 00:00:00+00:00
1773547200000,0.05517,0.05707,0.05453,0.0564,3641186.0,2026-03-15 04:00:00+00:00
1773561600000,0.0564,0.05737,0.05606,0.05645,2563889.0,2026-03-15 08:00:00+00:00
1773576000000,0.05645,0.0568,0.05533,0.05595,2798788.0,2026-03-15 12:00:00+00:00
1773590400000,0.05599,0.05639,0.05567,0.05605,1763787.0,2026-03-15 16:00:00+00:00
1773604800000,0.056,0.05649,0.05579,0.05628,1595403.0,2026-03-15 20:00:00+00:00
1773619200000,0.05632,0.05794,0.05574,0.05752,2552017.0,2026-03-16 00:00:00+00:00
1773633600000,0.05757,0.05823,0.05703,0.05718,2778985.0,2026-03-16 04:00:00+00:00
1773648000000,0.05718,0.05837,0.05693,0.05768,3893581.0,2026-03-16 08:00:00+00:00
1773662400000,0.05766,0.05863,0.05702,0.05762,5218503.0,2026-03-16 12:00:00+00:00
1773676800000,0.05761,0.05925,0.05751,0.05812,3684582.0,2026-03-16 16:00:00+00:00
1773691200000,0.05815,0.05909,0.05815,0.05871,2773618.0,2026-03-16 20:00:00+00:00
1773705600000,0.05873,0.06507,0.05852,0.06348,44916709.0,2026-03-17 00:00:00+00:00
1773720000000,0.06351,0.06694,0.06076,0.06102,39835564.0,2026-03-17 04:00:00+00:00
1773734400000,0.06105,0.06187,0.05886,0.05994,16820578.0,2026-03-17 08:00:00+00:00
1773748800000,0.05994,0.06032,0.05909,0.06017,8646708.0,2026-03-17 12:00:00+00:00
1773763200000,0.06016,0.06042,0.05964,0.05966,2198545.0,2026-03-17 16:00:00+00:00
1773777600000,0.05969,0.06028,0.0595,0.05978,2724285.0,2026-03-17 20:00:00+00:00
1773792000000,0.05977,0.05984,0.05772,0.05903,6155752.0,2026-03-18 00:00:00+00:00
1773806400000,0.05901,0.06024,0.05871,0.05982,6276408.0,2026-03-18 04:00:00+00:00
1773820800000,0.05979,0.06141,0.05856,0.05858,8231357.0,2026-03-18 08:00:00+00:00
1773835200000,0.0586,0.0607,0.05786,0.05863,11635152.0,2026-03-18 12:00:00+00:00
1773849600000,0.05861,0.05877,0.05697,0.05822,3800868.0,2026-03-18 16:00:00+00:00
1773864000000,0.0582,0.05896,0.05764,0.05843,1586924.0,2026-03-18 20:00:00+00:00
1773878400000,0.05843,0.0585,0.05705,0.05786,2050373.0,2026-03-19 00:00:00+00:00
1773892800000,0.0578,0.05843,0.05698,0.05732,3293650.0,2026-03-19 04:00:00+00:00
1773907200000,0.05731,0.05747,0.05642,0.05648,2390375.0,2026-03-19 08:00:00+00:00
1773921600000,0.0565,0.05666,0.05549,0.0564,3187645.0,2026-03-19 12:00:00+00:00
1773936000000,0.05643,0.05685,0.05539,0.05672,1703978.0,2026-03-19 16:00:00+00:00
1773950400000,0.05671,0.05712,0.05633,0.05646,1031807.0,2026-03-19 20:00:00+00:00
1773964800000,0.05649,0.05921,0.05624,0.05873,3254441.0,2026-03-20 00:00:00+00:00
1773979200000,0.05873,0.06075,0.05776,0.06024,9659816.0,2026-03-20 04:00:00+00:00
1773993600000,0.06024,0.06053,0.05823,0.05951,8382703.0,2026-03-20 08:00:00+00:00
1774008000000,0.05951,0.05961,0.05789,0.0584,4567657.0,2026-03-20 12:00:00+00:00
1774022400000,0.05839,0.05915,0.05747,0.05777,3085940.0,2026-03-20 16:00:00+00:00
1774036800000,0.05782,0.05891,0.05753,0.05878,1579440.0,2026-03-20 20:00:00+00:00
1774051200000,0.0588,0.06332,0.05857,0.06156,35771024.0,2026-03-21 00:00:00+00:00
1774065600000,0.06157,0.06611,0.06089,0.06469,27671985.0,2026-03-21 04:00:00+00:00
1774080000000,0.06469,0.06539,0.0599,0.06053,54103366.0,2026-03-21 08:00:00+00:00
1774094400000,0.06053,0.06196,0.05993,0.06094,12309559.0,2026-03-21 12:00:00+00:00
1774108800000,0.061,0.06122,0.0606,0.06085,2976117.0,2026-03-21 16:00:00+00:00
1774123200000,0.06086,0.06099,0.05909,0.05992,6047250.0,2026-03-21 20:00:00+00:00
1774137600000,0.0599,0.06171,0.05709,0.05849,19697015.0,2026-03-22 00:00:00+00:00
1774152000000,0.05852,0.05932,0.05793,0.05816,4696856.0,2026-03-22 04:00:00+00:00
1774166400000,0.05819,0.05845,0.05663,0.05682,6230304.0,2026-03-22 08:00:00+00:00
1774180800000,0.05677,0.05761,0.05677,0.05756,4365490.0,2026-03-22 12:00:00+00:00
1774195200000,0.05754,0.05765,0.05602,0.05653,2335240.0,2026-03-22 16:00:00+00:00
1774209600000,0.05653,0.05671,0.05565,0.05619,4138139.0,2026-03-22 20:00:00+00:00
1774224000000,0.0562,0.05633,0.0549,0.05531,6156503.0,2026-03-23 00:00:00+00:00
1774238400000,0.0553,0.05583,0.05431,0.05442,3356544.0,2026-03-23 04:00:00+00:00
1774252800000,0.05442,0.05671,0.05358,0.05625,6871569.0,2026-03-23 08:00:00+00:00
1774267200000,0.05625,0.05724,0.05591,0.0563,2663197.0,2026-03-23 12:00:00+00:00
1774281600000,0.05633,0.05666,0.05594,0.056,2032166.0,2026-03-23 16:00:00+00:00
1774296000000,0.05599,0.05627,0.05524,0.0559,1844183.0,2026-03-23 20:00:00+00:00
1774310400000,0.05594,0.06084,0.05558,0.05989,24523677.0,2026-03-24 00:00:00+00:00
1774324800000,0.05979,0.06081,0.05852,0.05948,17242898.0,2026-03-24 04:00:00+00:00
1774339200000,0.05948,0.05954,0.05588,0.05657,17140584.0,2026-03-24 08:00:00+00:00
1774353600000,0.05659,0.05712,0.05613,0.05669,3760351.0,2026-03-24 12:00:00+00:00
1774368000000,0.05666,0.05696,0.05598,0.05624,2928496.0,2026-03-24 16:00:00+00:00
1774382400000,0.05624,0.05745,0.0561,0.05741,2786740.0,2026-03-24 20:00:00+00:00
1774396800000,0.05741,0.05741,0.05627,0.05672,5444857.0,2026-03-25 00:00:00+00:00
1774411200000,0.05674,0.05714,0.05647,0.05673,2904351.0,2026-03-25 04:00:00+00:00
1774425600000,0.05675,0.05706,0.05647,0.05682,2928408.0,2026-03-25 08:00:00+00:00
1774440000000,0.05683,0.05725,0.0565,0.05665,2647961.0,2026-03-25 12:00:00+00:00
1774454400000,0.05661,0.05747,0.05661,0.05726,1382500.0,2026-03-25 16:00:00+00:00
1774468800000,0.05728,0.05818,0.05676,0.0575,3079525.0,2026-03-25 20:00:00+00:00
1774483200000,0.05751,0.05769,0.05544,0.05555,4576941.0,2026-03-26 00:00:00+00:00
1774497600000,0.05554,0.05648,0.05437,0.05463,5318752.0,2026-03-26 04:00:00+00:00
1774512000000,0.05462,0.05502,0.05335,0.05358,4709601.0,2026-03-26 08:00:00+00:00
1774526400000,0.0536,0.05473,0.05346,0.05385,3438692.0,2026-03-26 12:00:00+00:00
1774540800000,0.05385,0.05413,0.05298,0.05332,2516599.0,2026-03-26 16:00:00+00:00
1774555200000,0.0533,0.05436,0.05315,0.05372,2447169.0,2026-03-26 20:00:00+00:00
1774569600000,0.05372,0.05505,0.05358,0.05442,1936258.0,2026-03-27 00:00:00+00:00
1774584000000,0.05441,0.05507,0.05381,0.05495,1711247.0,2026-03-27 04:00:00+00:00
1774598400000,0.05498,0.05501,0.05252,0.05278,4998844.0,2026-03-27 08:00:00+00:00
1774612800000,0.05278,0.05334,0.05213,0.05266,2617222.0,2026-03-27 12:00:00+00:00
1774627200000,0.05255,0.05276,0.05196,0.0526,1774566.0,2026-03-27 16:00:00+00:00
1774641600000,0.05257,0.05267,0.05197,0.05223,979423.0,2026-03-27 20:00:00+00:00
1774656000000,0.05224,0.05237,0.05068,0.05147,2610616.0,2026-03-28 00:00:00+00:00
1774670400000,0.05151,0.05291,0.05124,0.05276,1722561.0,2026-03-28 04:00:00+00:00
1774684800000,0.0528,0.05293,0.05212,0.05255,1806238.0,2026-03-28 08:00:00+00:00
1774699200000,0.05253,0.05324,0.05222,0.05258,3136052.0,2026-03-28 12:00:00+00:00
1774713600000,0.05259,0.05318,0.05257,0.05269,846514.0,2026-03-28 16:00:00+00:00
1774728000000,0.05269,0.05281,0.0518,0.05213,857307.0,2026-03-28 20:00:00+00:00
1774742400000,0.05213,0.0522,0.05145,0.05185,1855640.0,2026-03-29 00:00:00+00:00
1774756800000,0.05184,0.05188,0.05147,0.05149,1045512.0,2026-03-29 04:00:00+00:00
1774771200000,0.05148,0.05168,0.05077,0.05118,2218807.0,2026-03-29 08:00:00+00:00
1774785600000,0.05118,0.05125,0.05001,0.05024,2682479.0,2026-03-29 12:00:00+00:00
1774800000000,0.05022,0.05068,0.05006,0.05045,979175.0,2026-03-29 16:00:00+00:00
1774814400000,0.05047,0.05083,0.04866,0.04936,3251394.0,2026-03-29 20:00:00+00:00
1774828800000,0.0494,0.05373,0.04912,0.05159,12780252.0,2026-03-30 00:00:00+00:00
1774843200000,0.05159,0.05234,0.05156,0.052,2287453.0,2026-03-30 04:00:00+00:00
1774857600000,0.05203,0.05235,0.0514,0.05158,2126221.0,2026-03-30 08:00:00+00:00
1774872000000,0.05158,0.05196,0.05073,0.05132,2686772.0,2026-03-30 12:00:00+00:00
1774886400000,0.05134,0.05186,0.05024,0.05056,1188034.0,2026-03-30 16:00:00+00:00
1774900800000,0.05054,0.05165,0.05038,0.0506,1901797.0,2026-03-30 20:00:00+00:00
1774915200000,0.0506,0.05411,0.05052,0.05279,27036948.0,2026-03-31 00:00:00+00:00
1774929600000,0.05276,0.05423,0.05192,0.05245,10727331.0,2026-03-31 04:00:00+00:00
1774944000000,0.05244,0.05246,0.05069,0.05156,7207271.0,2026-03-31 08:00:00+00:00
1774958400000,0.05161,0.05238,0.05071,0.05128,6049833.0,2026-03-31 12:00:00+00:00
1774972800000,0.05126,0.0522,0.05114,0.0522,2761968.0,2026-03-31 16:00:00+00:00
1774987200000,0.05213,0.05265,0.05187,0.05231,1813073.0,2026-03-31 20:00:00+00:00
1775001600000,0.05233,0.05242,0.05056,0.05086,4428181.0,2026-04-01 00:00:00+00:00
1775016000000,0.05081,0.05144,0.05059,0.05133,3150658.0,2026-04-01 04:00:00+00:00
1775030400000,0.05132,0.05158,0.05082,0.0512,2523576.0,2026-04-01 08:00:00+00:00
1775044800000,0.0512,0.05199,0.05087,0.05143,2752137.0,2026-04-01 12:00:00+00:00
1775059200000,0.05143,0.05192,0.05125,0.05154,1552134.0,2026-04-01 16:00:00+00:00
1775073600000,0.05155,0.0517,0.0512,0.05141,938420.0,2026-04-01 20:00:00+00:00
1775088000000,0.05141,0.05282,0.04896,0.0495,8803195.0,2026-04-02 00:00:00+00:00
1775102400000,0.04944,0.04973,0.0484,0.04962,2596462.0,2026-04-02 04:00:00+00:00
1775116800000,0.04958,0.04974,0.04867,0.04904,2947286.0,2026-04-02 08:00:00+00:00
1775131200000,0.04907,0.04981,0.04793,0.04954,3448957.0,2026-04-02 12:00:00+00:00
1775145600000,0.04952,0.04983,0.04906,0.04935,1982169.0,2026-04-02 16:00:00+00:00
1775160000000,0.04937,0.04969,0.04914,0.04939,860822.0,2026-04-02 20:00:00+00:00
1775174400000,0.04941,0.05065,0.04908,0.04999,3178913.0,2026-04-03 00:00:00+00:00
1775188800000,0.04996,0.05072,0.04978,0.05013,1577859.0,2026-04-03 04:00:00+00:00
1775203200000,0.05012,0.05104,0.05008,0.05077,2041620.0,2026-04-03 08:00:00+00:00
1775217600000,0.05077,0.05114,0.05002,0.05011,1985220.0,2026-04-03 12:00:00+00:00
1775232000000,0.05008,0.05082,0.04993,0.05064,884525.0,2026-04-03 16:00:00+00:00
1775246400000,0.05063,0.05078,0.05026,0.05054,772853.0,2026-04-03 20:00:00+00:00
1775260800000,0.05052,0.05181,0.05038,0.05171,1546395.0,2026-04-04 00:00:00+00:00
1775275200000,0.05168,0.05172,0.05057,0.05092,1325811.0,2026-04-04 04:00:00+00:00
1775289600000,0.05094,0.05131,0.05069,0.05076,995978.0,2026-04-04 08:00:00+00:00
1775304000000,0.05075,0.05088,0.05001,0.05069,1888220.0,2026-04-04 12:00:00+00:00
1775318400000,0.05069,0.05085,0.05025,0.05051,943739.0,2026-04-04 16:00:00+00:00
1775332800000,0.05045,0.05075,0.05031,0.05059,943209.0,2026-04-04 20:00:00+00:00
1775347200000,0.05062,0.0511,0.04987,0.05025,1844449.0,2026-04-05 00:00:00+00:00
1775361600000,0.05024,0.05058,0.0493,0.04948,1773768.0,2026-04-05 04:00:00+00:00
1775376000000,0.04945,0.05009,0.04923,0.04952,1330387.0,2026-04-05 08:00:00+00:00
1775390400000,0.04952,0.05118,0.04917,0.05032,2955637.0,2026-04-05 12:00:00+00:00
1775404800000,0.05035,0.05052,0.04996,0.05009,744482.0,2026-04-05 16:00:00+00:00
1775419200000,0.05007,0.0509,0.04987,0.05078,1170185.0,2026-04-05 20:00:00+00:00
1775433600000,0.05083,0.0559,0.05075,0.05319,31789526.0,2026-04-06 00:00:00+00:00
1775448000000,0.0532,0.0551,0.05263,0.05362,17513545.0,2026-04-06 04:00:00+00:00
1775462400000,0.05353,0.05434,0.05168,0.05194,11707486.0,2026-04-06 08:00:00+00:00
1775476800000,0.05203,0.05503,0.05199,0.05463,13594965.0,2026-04-06 12:00:00+00:00
1775491200000,0.05459,0.05767,0.05343,0.0536,36931179.0,2026-04-06 16:00:00+00:00
1775505600000,0.05364,0.05444,0.05213,0.05275,6882706.0,2026-04-06 20:00:00+00:00
1775520000000,0.05274,0.05291,0.05065,0.05135,8654786.0,2026-04-07 00:00:00+00:00
1775534400000,0.05134,0.05203,0.05116,0.05182,3920669.0,2026-04-07 04:00:00+00:00
1775548800000,0.05182,0.05197,0.05069,0.05078,3186946.0,2026-04-07 08:00:00+00:00
1775563200000,0.05075,0.05156,0.05011,0.05104,5563284.0,2026-04-07 12:00:00+00:00
1775577600000,0.05107,0.05159,0.05081,0.05147,2391418.0,2026-04-07 16:00:00+00:00
1775592000000,0.05151,0.05389,0.05149,0.05355,3765116.0,2026-04-07 20:00:00+00:00
1775606400000,0.05351,0.0567,0.05351,0.05551,13519012.0,2026-04-08 00:00:00+00:00
1775620800000,0.05552,0.05647,0.05407,0.05426,6850956.0,2026-04-08 04:00:00+00:00
1775635200000,0.05428,0.05532,0.05411,0.05485,4798994.0,2026-04-08 08:00:00+00:00
1775649600000,0.05486,0.05521,0.05365,0.0545,3605832.0,2026-04-08 12:00:00+00:00
1775664000000,0.0545,0.05488,0.05378,0.05406,2647899.0,2026-04-08 16:00:00+00:00
1775678400000,0.05414,0.05449,0.05304,0.05304,1261250.0,2026-04-08 20:00:00+00:00
1775692800000,0.05307,0.05566,0.05304,0.0539,18346182.0,2026-04-09 00:00:00+00:00
1775707200000,0.05387,0.054,0.05315,0.05364,3935466.0,2026-04-09 04:00:00+00:00
1775721600000,0.05364,0.05419,0.05288,0.05297,4179028.0,2026-04-09 08:00:00+00:00
1775736000000,0.05295,0.0535,0.05234,0.05335,2219097.0,2026-04-09 12:00:00+00:00
1775750400000,0.0533,0.05377,0.05313,0.0537,1274059.0,2026-04-09 16:00:00+00:00
1775764800000,0.0537,0.05398,0.05293,0.05309,2703957.0,2026-04-09 20:00:00+00:00
1775779200000,0.05305,0.05332,0.05236,0.05251,2163276.0,2026-04-10 00:00:00+00:00
1775793600000,0.05257,0.05345,0.05211,0.05239,1958008.0,2026-04-10 04:00:00+00:00
1775808000000,0.05236,0.05289,0.05229,0.05238,1303444.0,2026-04-10 08:00:00+00:00
1775822400000,0.05238,0.05316,0.05233,0.053,1472664.0,2026-04-10 12:00:00+00:00
1775836800000,0.05304,0.05527,0.05288,0.05439,8010083.0,2026-04-10 16:00:00+00:00
1775851200000,0.05435,0.0547,0.05364,0.05391,2860418.0,2026-04-10 20:00:00+00:00
1775865600000,0.05391,0.05456,0.05287,0.05335,4828422.0,2026-04-11 00:00:00+00:00
1775880000000,0.05334,0.05404,0.05308,0.05326,2704239.0,2026-04-11 04:00:00+00:00
1775894400000,0.05326,0.05444,0.05315,0.05388,2337880.0,2026-04-11 08:00:00+00:00
1775908800000,0.05392,0.05416,0.05339,0.05397,2201280.0,2026-04-11 12:00:00+00:00
1775923200000,0.05399,0.05572,0.05381,0.05549,3754128.0,2026-04-11 16:00:00+00:00
1775937600000,0.05549,0.05566,0.05434,0.05459,1945897.0,2026-04-11 20:00:00+00:00
1775952000000,0.05459,0.05526,0.05261,0.053,5348007.0,2026-04-12 00:00:00+00:00
1775966400000,0.05299,0.05361,0.0523,0.05255,2269572.0,2026-04-12 04:00:00+00:00
1775980800000,0.05257,0.05311,0.05237,0.05268,1274458.0,2026-04-12 08:00:00+00:00
1775995200000,0.05266,0.05312,0.05217,0.05245,2293929.0,2026-04-12 12:00:00+00:00
1776009600000,0.05245,0.0537,0.05214,0.05284,2649704.0,2026-04-12 16:00:00+00:00
1776024000000,0.05285,0.05325,0.05145,0.05162,2464054.0,2026-04-12 20:00:00+00:00
1776038400000,0.05165,0.05235,0.05157,0.05222,1543624.0,2026-04-13 00:00:00+00:00
1776052800000,0.05222,0.05362,0.05159,0.0529,4726706.0,2026-04-13 04:00:00+00:00
1776067200000,0.0529,0.0556,0.05228,0.05496,13806984.0,2026-04-13 08:00:00+00:00
1776081600000,0.05501,0.05848,0.05305,0.05419,35099951.0,2026-04-13 12:00:00+00:00
1776096000000,0.05422,0.05526,0.05409,0.0552,6130372.0,2026-04-13 16:00:00+00:00
1776110400000,0.0552,0.05638,0.05462,0.05587,4604116.0,2026-04-13 20:00:00+00:00
1776124800000,0.05587,0.0575,0.05502,0.05674,13695788.0,2026-04-14 00:00:00+00:00
1776139200000,0.05672,0.05924,0.05548,0.05743,16941496.0,2026-04-14 04:00:00+00:00
1776153600000,0.05746,0.05815,0.05427,0.05459,21188111.0,2026-04-14 08:00:00+00:00
1776168000000,0.05458,0.05592,0.05414,0.05508,8120830.0,2026-04-14 12:00:00+00:00
1776182400000,0.05501,0.05609,0.05493,0.05563,3108723.0,2026-04-14 16:00:00+00:00
1776196800000,0.05562,0.05754,0.05547,0.05694,5321842.0,2026-04-14 20:00:00+00:00
1776211200000,0.05694,0.05815,0.05556,0.05618,9914148.0,2026-04-15 00:00:00+00:00
1776225600000,0.05615,0.05964,0.0561,0.05868,10096059.0,2026-04-15 04:00:00+00:00
1776240000000,0.05873,0.06094,0.05803,0.0605,22353870.0,2026-04-15 08:00:00+00:00
1776254400000,0.06046,0.06226,0.05869,0.05953,20904710.0,2026-04-15 12:00:00+00:00
1776268800000,0.05953,0.06116,0.05945,0.06066,4313162.0,2026-04-15 16:00:00+00:00
1776283200000,0.06064,0.06181,0.06026,0.0608,6670228.0,2026-04-15 20:00:00+00:00
1776297600000,0.0608,0.06677,0.06041,0.0617,40747477.0,2026-04-16 00:00:00+00:00
1776312000000,0.06169,0.06175,0.05867,0.05932,15132925.0,2026-04-16 04:00:00+00:00
1776326400000,0.05928,0.06001,0.05871,0.05948,6326923.0,2026-04-16 08:00:00+00:00
1776340800000,0.05951,0.05999,0.05828,0.05969,8126724.0,2026-04-16 12:00:00+00:00
1776355200000,0.05975,0.06072,0.05885,0.06069,3850221.0,2026-04-16 16:00:00+00:00
1776369600000,0.06067,0.06108,0.05977,0.06087,5921434.0,2026-04-16 20:00:00+00:00
1776384000000,0.06085,0.06125,0.05897,0.05956,7285941.0,2026-04-17 00:00:00+00:00
1776398400000,0.05952,0.05971,0.05766,0.05964,10175941.0,2026-04-17 04:00:00+00:00
1776412800000,0.05961,0.06033,0.05873,0.06002,6163772.0,2026-04-17 08:00:00+00:00
1776427200000,0.06001,0.06153,0.05919,0.06106,4586160.0,2026-04-17 12:00:00+00:00
1776441600000,0.06104,0.06156,0.06006,0.06111,2929715.0,2026-04-17 16:00:00+00:00
1776456000000,0.06113,0.06198,0.06063,0.06071,2145252.0,2026-04-17 20:00:00+00:00
1776470400000,0.06072,0.0642,0.06069,0.0615,35027235.0,2026-04-18 00:00:00+00:00
1776484800000,0.06153,0.0631,0.06149,0.06173,6041357.0,2026-04-18 04:00:00+00:00
1776499200000,0.06175,0.06212,0.05918,0.05968,8962472.0,2026-04-18 08:00:00+00:00
1776513600000,0.05964,0.06065,0.05946,0.06025,3362858.0,2026-04-18 12:00:00+00:00
1776528000000,0.06018,0.06175,0.05938,0.06072,8482723.0,2026-04-18 16:00:00+00:00
1776542400000,0.06073,0.06284,0.06009,0.06079,5015628.0,2026-04-18 20:00:00+00:00
1776556800000,0.0608,0.06089,0.05767,0.05812,7443149.0,2026-04-19 00:00:00+00:00
1776571200000,0.05807,0.05883,0.0577,0.05844,2798564.0,2026-04-19 04:00:00+00:00
1776585600000,0.05834,0.05973,0.05833,0.05903,2942827.0,2026-04-19 08:00:00+00:00
1776600000000,0.05905,0.06016,0.05862,0.05906,3262580.0,2026-04-19 12:00:00+00:00
1776614400000,0.05916,0.05934,0.0574,0.05783,2425286.0,2026-04-19 16:00:00+00:00
1776628800000,0.05777,0.05787,0.05515,0.05586,5454833.0,2026-04-19 20:00:00+00:00
1776643200000,0.05592,0.05858,0.05592,0.05751,7324649.0,2026-04-20 00:00:00+00:00
1776657600000,0.05759,0.0585,0.05686,0.05811,2236055.0,2026-04-20 04:00:00+00:00
1776672000000,0.05816,0.06545,0.05795,0.05904,48848161.0,2026-04-20 08:00:00+00:00
1776686400000,0.05912,0.05942,0.05779,0.05856,5986452.0,2026-04-20 12:00:00+00:00
1776700800000,0.05855,0.05964,0.05838,0.05959,3279486.0,2026-04-20 16:00:00+00:00
1776715200000,0.05957,0.0606,0.05878,0.05966,7038625.0,2026-04-20 20:00:00+00:00
1776729600000,0.05963,0.06331,0.05945,0.06207,27324929.0,2026-04-21 00:00:00+00:00
1776744000000,0.06204,0.06238,0.06103,0.06198,5237416.0,2026-04-21 04:00:00+00:00
1776758400000,0.06195,0.06578,0.0613,0.06455,23621254.0,2026-04-21 08:00:00+00:00
1776772800000,0.06447,0.06542,0.06162,0.06241,22456069.0,2026-04-21 12:00:00+00:00
1776787200000,0.06242,0.06352,0.06206,0.06228,5781633.0,2026-04-21 16:00:00+00:00
1776801600000,0.06224,0.06422,0.06217,0.06367,5426460.0,2026-04-21 20:00:00+00:00
1776816000000,0.06367,0.06397,0.06151,0.06198,13198162.0,2026-04-22 00:00:00+00:00
1776830400000,0.062,0.06442,0.062,0.06365,5833455.0,2026-04-22 04:00:00+00:00
1776844800000,0.06364,0.06481,0.06253,0.06346,7819930.0,2026-04-22 08:00:00+00:00
1776859200000,0.06342,0.06406,0.06223,0.06284,6047536.0,2026-04-22 12:00:00+00:00
1776873600000,0.06281,0.06336,0.06248,0.06267,2953113.0,2026-04-22 16:00:00+00:00
1776888000000,0.06271,0.06274,0.06139,0.06177,3745127.0,2026-04-22 20:00:00+00:00
1776902400000,0.06177,0.06459,0.06169,0.06311,28587056.0,2026-04-23 00:00:00+00:00
1776916800000,0.06314,0.06581,0.06308,0.06568,20057152.0,2026-04-23 04:00:00+00:00
1776931200000,0.06568,0.06734,0.0641,0.06663,27110444.0,2026-04-23 08:00:00+00:00
1776945600000,0.06661,0.06962,0.06547,0.06836,34504827.0,2026-04-23 12:00:00+00:00
1776960000000,0.06839,0.06883,0.06618,0.06755,17875384.0,2026-04-23 16:00:00+00:00
1776974400000,0.06757,0.06875,0.06684,0.06846,12446905.0,2026-04-23 20:00:00+00:00
1776988800000,0.06838,0.06842,0.06554,0.06629,19165997.0,2026-04-24 00:00:00+00:00
1777003200000,0.06628,0.06766,0.06573,0.06634,10070245.0,2026-04-24 04:00:00+00:00
1777017600000,0.06635,0.06781,0.06628,0.06742,7453374.0,2026-04-24 08:00:00+00:00
1777032000000,0.06747,0.07075,0.06713,0.06882,16540859.0,2026-04-24 12:00:00+00:00
1777046400000,0.06888,0.06966,0.06831,0.06954,5205934.0,2026-04-24 16:00:00+00:00
1777060800000,0.06956,0.07074,0.06904,0.07003,6910852.0,2026-04-24 20:00:00+00:00
1777075200000,0.07003,0.07201,0.06853,0.07016,18706694.0,2026-04-25 00:00:00+00:00
1777089600000,0.07015,0.07029,0.06719,0.0674,12662496.0,2026-04-25 04:00:00+00:00
1777104000000,0.06747,0.06818,0.0665,0.06816,8564753.0,2026-04-25 08:00:00+00:00
1777118400000,0.06816,0.06848,0.06708,0.06768,10180302.0,2026-04-25 12:00:00+00:00
1777132800000,0.06765,0.06821,0.06693,0.06745,4511577.0,2026-04-25 16:00:00+00:00
1777147200000,0.06748,0.0683,0.0673,0.06775,2512301.0,2026-04-25 20:00:00+00:00
1777161600000,0.06773,0.06985,0.06566,0.06729,15140389.0,2026-04-26 00:00:00+00:00
1777176000000,0.06723,0.07,0.06695,0.0695,5300169.0,2026-04-26 04:00:00+00:00
1777190400000,0.06953,0.06981,0.06717,0.06757,3822997.0,2026-04-26 08:00:00+00:00
1777204800000,0.06756,0.06767,0.06513,0.06603,4782995.0,2026-04-26 12:00:00+00:00
1777219200000,0.06606,0.06756,0.06573,0.06684,2648237.0,2026-04-26 16:00:00+00:00
1777233600000,0.06683,0.06707,0.066,0.06652,2073668.0,2026-04-26 20:00:00+00:00
1777248000000,0.06652,0.06778,0.06382,0.06405,9799002.0,2026-04-27 00:00:00+00:00
1777262400000,0.06401,0.06464,0.06177,0.06206,10333336.0,2026-04-27 04:00:00+00:00
1777276800000,0.06206,0.06219,0.06047,0.06157,5230607.0,2026-04-27 08:00:00+00:00
1777291200000,0.06155,0.06219,0.05981,0.06008,5936390.0,2026-04-27 12:00:00+00:00
1777305600000,0.06004,0.06129,0.0597,0.06061,3587742.0,2026-04-27 16:00:00+00:00
1777320000000,0.06061,0.06123,0.06048,0.06122,1485778.0,2026-04-27 20:00:00+00:00
1777334400000,0.06122,0.06287,0.06055,0.06133,4322366.0,2026-04-28 00:00:00+00:00
1777348800000,0.06135,0.06195,0.06063,0.06173,2320708.0,2026-04-28 04:00:00+00:00
1777363200000,0.06173,0.0631,0.06136,0.06178,3012107.0,2026-04-28 08:00:00+00:00
1777377600000,0.06188,0.06246,0.06038,0.06086,2247719.0,2026-04-28 12:00:00+00:00
1777392000000,0.06084,0.06159,0.06063,0.06135,1185489.0,2026-04-28 16:00:00+00:00
1777406400000,0.06133,0.06216,0.0612,0.06206,1105313.0,2026-04-28 20:00:00+00:00
1777420800000,0.06206,0.06211,0.06007,0.06054,2077865.0,2026-04-29 00:00:00+00:00
1777435200000,0.06053,0.06155,0.06011,0.06022,2224747.0,2026-04-29 04:00:00+00:00
1777449600000,0.06016,0.06224,0.06007,0.06169,3625646.0,2026-04-29 08:00:00+00:00
1777464000000,0.0617,0.06184,0.05834,0.05911,3505232.0,2026-04-29 12:00:00+00:00
1777478400000,0.05912,0.06034,0.05824,0.05936,4449230.0,2026-04-29 16:00:00+00:00
1777492800000,0.05938,0.05991,0.0591,0.05937,1148446.0,2026-04-29 20:00:00+00:00
1777507200000,0.05935,0.06035,0.05841,0.05915,2092473.0,2026-04-30 00:00:00+00:00
1777521600000,0.05917,0.05936,0.05762,0.05916,2975700.0,2026-04-30 04:00:00+00:00
1777536000000,0.05917,0.05939,0.05793,0.05824,2325975.0,2026-04-30 08:00:00+00:00
1777550400000,0.05828,0.05915,0.05786,0.05894,1585591.0,2026-04-30 12:00:00+00:00
1777564800000,0.0589,0.05936,0.0586,0.05911,890388.0,2026-04-30 16:00:00+00:00
1777579200000,0.05912,0.05936,0.05872,0.0589,1281543.0,2026-04-30 20:00:00+00:00
1777593600000,0.05889,0.05892,0.05779,0.05842,1576084.0,2026-05-01 00:00:00+00:00
1777608000000,0.05842,0.05879,0.05792,0.05839,1436060.0,2026-05-01 04:00:00+00:00
1777622400000,0.05835,0.05916,0.05815,0.05845,1591850.0,2026-05-01 08:00:00+00:00
1777636800000,0.05841,0.05925,0.05832,0.05885,1942226.0,2026-05-01 12:00:00+00:00
1777651200000,0.05885,0.05919,0.05832,0.05872,1216816.0,2026-05-01 16:00:00+00:00
1777665600000,0.0587,0.05874,0.05743,0.05762,1370578.0,2026-05-01 20:00:00+00:00
1777680000000,0.05762,0.06203,0.05759,0.05942,14484315.0,2026-05-02 00:00:00+00:00
1777694400000,0.05945,0.05955,0.05822,0.05878,2735392.0,2026-05-02 04:00:00+00:00
1777708800000,0.0588,0.0594,0.0586,0.05889,1765969.0,2026-05-02 08:00:00+00:00
1777723200000,0.05889,0.06031,0.05881,0.06015,2076230.0,2026-05-02 12:00:00+00:00
1777737600000,0.06005,0.06014,0.0592,0.05942,1399333.0,2026-05-02 16:00:00+00:00
1777752000000,0.05938,0.06008,0.05901,0.05976,1365320.0,2026-05-02 20:00:00+00:00
1777766400000,0.05974,0.06042,0.05848,0.05923,2531462.0,2026-05-03 00:00:00+00:00
1777780800000,0.05928,0.06023,0.05917,0.05971,1635936.0,2026-05-03 04:00:00+00:00
1777795200000,0.05971,0.06107,0.05955,0.06094,3472431.0,2026-05-03 08:00:00+00:00
1777809600000,0.06087,0.06124,0.06045,0.06083,2095088.0,2026-05-03 12:00:00+00:00
1777824000000,0.06083,0.06089,0.06013,0.06053,2174428.0,2026-05-03 16:00:00+00:00
1777838400000,0.06053,0.06074,0.05959,0.0598,1109164.0,2026-05-03 20:00:00+00:00
1777852800000,0.05979,0.06057,0.05881,0.06055,6233026.0,2026-05-04 00:00:00+00:00
1777867200000,0.0605,0.061,0.0595,0.05952,2760752.0,2026-05-04 04:00:00+00:00
1777881600000,0.05954,0.0606,0.05903,0.05932,3246922.0,2026-05-04 08:00:00+00:00
1777896000000,0.05931,0.05987,0.05862,0.05952,2244375.0,2026-05-04 12:00:00+00:00
1777910400000,0.05951,0.05992,0.05912,0.05927,1225489.0,2026-05-04 16:00:00+00:00
1777924800000,0.05927,0.05964,0.05889,0.05913,1431952.0,2026-05-04 20:00:00+00:00
1777939200000,0.05913,0.06145,0.0591,0.05962,6910835.0,2026-05-05 00:00:00+00:00
1777953600000,0.05963,0.06026,0.05942,0.05985,2247336.0,2026-05-05 04:00:00+00:00
1777968000000,0.05991,0.06029,0.05952,0.06022,1481027.0,2026-05-05 08:00:00+00:00
1777982400000,0.06023,0.0606,0.05985,0.06021,1602475.0,2026-05-05 12:00:00+00:00
1777996800000,0.06021,0.06079,0.05998,0.06021,1600880.0,2026-05-05 16:00:00+00:00
1778011200000,0.06023,0.06096,0.06008,0.06074,1438154.0,2026-05-05 20:00:00+00:00
1778025600000,0.06071,0.06183,0.06001,0.0617,2319869.0,2026-05-06 00:00:00+00:00
1778040000000,0.06178,0.06414,0.06127,0.06323,10649598.0,2026-05-06 04:00:00+00:00
1778054400000,0.06324,0.06475,0.06317,0.06448,7701052.0,2026-05-06 08:00:00+00:00
1778068800000,0.06446,0.07228,0.0623,0.06871,50377505.0,2026-05-06 12:00:00+00:00
1778083200000,0.06861,0.07232,0.06674,0.06875,55538150.0,2026-05-06 16:00:00+00:00
1778097600000,0.06875,0.06897,0.06563,0.06638,17206997.0,2026-05-06 20:00:00+00:00
1778112000000,0.06638,0.06643,0.06391,0.06443,11658613.0,2026-05-07 00:00:00+00:00
1778126400000,0.06438,0.07837,0.0643,0.07618,180861823.0,2026-05-07 04:00:00+00:00
1778140800000,0.07617,0.0855,0.07402,0.07785,303613009.0,2026-05-07 08:00:00+00:00
1778155200000,0.0779,0.07882,0.07362,0.07477,108336289.0,2026-05-07 12:00:00+00:00
1778169600000,0.07474,0.07854,0.07423,0.07673,49693888.0,2026-05-07 16:00:00+00:00
1778184000000,0.07676,0.0787,0.0749,0.07551,29035216.0,2026-05-07 20:00:00+00:00
1778198400000,0.07552,0.08055,0.07406,0.07676,84064321.0,2026-05-08 00:00:00+00:00
1778212800000,0.07676,0.07758,0.073,0.07359,42577289.0,2026-05-08 04:00:00+00:00
1778227200000,0.07361,0.07854,0.07361,0.07716,47039841.0,2026-05-08 08:00:00+00:00
1778241600000,0.07712,0.07721,0.07385,0.07442,29404245.0,2026-05-08 12:00:00+00:00
1778256000000,0.07442,0.07809,0.07371,0.07638,16788722.0,2026-05-08 16:00:00+00:00
1778270400000,0.0764,0.07812,0.076,0.07758,8378338.0,2026-05-08 20:00:00+00:00
1778284800000,0.07755,0.07862,0.07597,0.07856,15435227.0,2026-05-09 00:00:00+00:00
1778299200000,0.0786,0.08022,0.07712,0.07731,18601095.0,2026-05-09 04:00:00+00:00
1778313600000,0.07731,0.08168,0.07675,0.08124,17311198.0,2026-05-09 08:00:00+00:00
1778328000000,0.08121,0.08403,0.0773,0.07812,40820992.0,2026-05-09 12:00:00+00:00
1778342400000,0.07815,0.07877,0.07739,0.07771,8925201.0,2026-05-09 16:00:00+00:00
1778356800000,0.0777,0.079,0.07693,0.07779,5913054.0,2026-05-09 20:00:00+00:00
1778371200000,0.07778,0.08235,0.0767,0.07818,28514875.0,2026-05-10 00:00:00+00:00
1778385600000,0.0782,0.07841,0.0743,0.07452,15856535.0,2026-05-10 04:00:00+00:00
1778400000000,0.07455,0.07626,0.07445,0.07495,7715824.0,2026-05-10 08:00:00+00:00
1778414400000,0.07496,0.07654,0.0743,0.07515,11697910.0,2026-05-10 12:00:00+00:00
1778428800000,0.0752,0.08377,0.07506,0.0796,30506559.0,2026-05-10 16:00:00+00:00
1778443200000,0.0796,0.07967,0.0768,0.07935,8346968.0,2026-05-10 20:00:00+00:00
1778457600000,0.07936,0.07938,0.07471,0.07583,13424190.0,2026-05-11 00:00:00+00:00
1778472000000,0.07584,0.08209,0.07534,0.08123,16268478.0,2026-05-11 04:00:00+00:00
1778486400000,0.08123,0.0826,0.0788,0.07908,16802428.0,2026-05-11 08:00:00+00:00
1778500800000,0.07909,0.0797,0.07704,0.07745,8369957.0,2026-05-11 12:00:00+00:00
1778515200000,0.07746,0.07899,0.07722,0.07852,4021871.0,2026-05-11 16:00:00+00:00
1778529600000,0.07852,0.07929,0.0776,0.07854,3696448.0,2026-05-11 20:00:00+00:00
1778544000000,0.07858,0.08009,0.07488,0.07582,9774580.0,2026-05-12 00:00:00+00:00
1778558400000,0.07582,0.07817,0.07518,0.07624,11127594.0,2026-05-12 04:00:00+00:00
1778572800000,0.07622,0.07631,0.0735,0.07442,10211086.0,2026-05-12 08:00:00+00:00
1778587200000,0.07439,0.07457,0.06903,0.07006,27728111.0,2026-05-12 12:00:00+00:00
1778601600000,0.07006,0.07148,0.06992,0.07043,5275459.0,2026-05-12 16:00:00+00:00
1778616000000,0.07043,0.07108,0.06931,0.06951,5680837.0,2026-05-12 20:00:00+00:00
1778630400000,0.06951,0.071,0.0688,0.07021,7187756.0,2026-05-13 00:00:00+00:00
1778644800000,0.07022,0.07051,0.0681,0.06832,6214953.0,2026-05-13 04:00:00+00:00
1778659200000,0.06832,0.06943,0.06755,0.06761,8173070.0,2026-05-13 08:00:00+00:00
1778673600000,0.06765,0.06788,0.06268,0.06352,20725171.0,2026-05-13 12:00:00+00:00
1778688000000,0.0635,0.0644,0.06225,0.06247,6189854.0,2026-05-13 16:00:00+00:00
1778702400000,0.06244,0.06351,0.06145,0.06294,5668687.0,2026-05-13 20:00:00+00:00
1778716800000,0.06288,0.0634,0.06031,0.06098,7184757.0,2026-05-14 00:00:00+00:00
1778731200000,0.06099,0.06218,0.06079,0.06184,2945348.0,2026-05-14 04:00:00+00:00
1778745600000,0.06183,0.06263,0.06124,0.06194,3919697.0,2026-05-14 08:00:00+00:00
1778760000000,0.06194,0.065,0.06185,0.06463,6839824.0,2026-05-14 12:00:00+00:00
1778774400000,0.06461,0.06539,0.06328,0.06437,6774303.0,2026-05-14 16:00:00+00:00
1778788800000,0.06436,0.06554,0.06378,0.06416,4549251.0,2026-05-14 20:00:00+00:00
1778803200000,0.0641,0.0658,0.06307,0.06397,7347033.0,2026-05-15 00:00:00+00:00
1778817600000,0.06396,0.06431,0.06177,0.06296,4821229.0,2026-05-15 04:00:00+00:00
1778832000000,0.06297,0.06731,0.06192,0.06694,14170167.0,2026-05-15 08:00:00+00:00
1778846400000,0.06695,0.0671,0.06089,0.063,19993078.0,2026-05-15 12:00:00+00:00
1778860800000,0.063,0.06494,0.06269,0.06459,3646765.0,2026-05-15 16:00:00+00:00
1778875200000,0.06464,0.06652,0.06404,0.06618,6118359.0,2026-05-15 20:00:00+00:00
1778889600000,0.06612,0.06614,0.06388,0.06412,6490497.0,2026-05-16 00:00:00+00:00
1778904000000,0.06408,0.06413,0.06107,0.06231,6410655.0,2026-05-16 04:00:00+00:00
1778918400000,0.06226,0.06245,0.06076,0.06171,4752325.0,2026-05-16 08:00:00+00:00
1778932800000,0.06169,0.06359,0.06165,0.06328,3788523.0,2026-05-16 12:00:00+00:00
1778947200000,0.06324,0.06368,0.06273,0.06313,1778880.0,2026-05-16 16:00:00+00:00
1778961600000,0.06313,0.06339,0.06264,0.06277,1670171.0,2026-05-16 20:00:00+00:00
1778976000000,0.06275,0.0628,0.06073,0.06201,4345506.0,2026-05-17 00:00:00+00:00
1778990400000,0.06193,0.0662,0.06157,0.06536,10543554.0,2026-05-17 04:00:00+00:00
1779004800000,0.06535,0.06594,0.06377,0.06518,11348394.0,2026-05-17 08:00:00+00:00
1779019200000,0.06518,0.06735,0.06501,0.06607,17731353.0,2026-05-17 12:00:00+00:00
1779033600000,0.06606,0.06691,0.06412,0.06553,8272172.0,2026-05-17 16:00:00+00:00
1779048000000,0.06554,0.06679,0.06125,0.06397,9770116.0,2026-05-17 20:00:00+00:00
1779062400000,0.06397,0.06448,0.06185,0.06427,9690209.0,2026-05-18 00:00:00+00:00
1779076800000,0.06423,0.06844,0.06422,0.06819,41210965.0,2026-05-18 04:00:00+00:00
1779091200000,0.06821,0.06931,0.06635,0.06804,27959954.0,2026-05-18 08:00:00+00:00
1779105600000,0.06805,0.06968,0.0666,0.0692,27224567.0,2026-05-18 12:00:00+00:00
1779120000000,0.06917,0.07008,0.06751,0.0698,20786187.0,2026-05-18 16:00:00+00:00
1779134400000,0.0698,0.07053,0.0679,0.06862,15305789.0,2026-05-18 20:00:00+00:00
1779148800000,0.06862,0.06877,0.06725,0.0675,10642538.0,2026-05-19 00:00:00+00:00
1779163200000,0.06749,0.06833,0.0669,0.06763,6635267.0,2026-05-19 04:00:00+00:00
1779177600000,0.0676,0.06815,0.0656,0.06606,7807002.0,2026-05-19 08:00:00+00:00
1779192000000,0.06607,0.0681,0.06582,0.06672,9112404.0,2026-05-19 12:00:00+00:00
1779206400000,0.06673,0.06928,0.06668,0.06826,4921133.0,2026-05-19 16:00:00+00:00
1779220800000,0.06826,0.06944,0.06682,0.06743,4736484.0,2026-05-19 20:00:00+00:00
1779235200000,0.06743,0.0725,0.06722,0.07126,17955943.0,2026-05-20 00:00:00+00:00
1779249600000,0.07128,0.07279,0.07078,0.07194,16805194.0,2026-05-20 04:00:00+00:00
1779264000000,0.07197,0.07214,0.06958,0.07027,12544582.0,2026-05-20 08:00:00+00:00
1779278400000,0.07025,0.071,0.06876,0.07,9080330.0,2026-05-20 12:00:00+00:00
1779292800000,0.06995,0.07038,0.06933,0.06957,3460175.0,2026-05-20 16:00:00+00:00
1779307200000,0.06957,0.07172,0.06916,0.0707,6865686.0,2026-05-20 20:00:00+00:00
1779321600000,0.0707,0.07321,0.06981,0.07144,13623747.0,2026-05-21 00:00:00+00:00
1779336000000,0.07145,0.07158,0.06951,0.07024,8132505.0,2026-05-21 04:00:00+00:00
1779350400000,0.07019,0.07089,0.06919,0.06953,4853580.0,2026-05-21 08:00:00+00:00
1779364800000,0.06958,0.07066,0.06922,0.06974,4726046.0,2026-05-21 12:00:00+00:00
1779379200000,0.06977,0.07069,0.06964,0.06974,2535557.0,2026-05-21 16:00:00+00:00
1779393600000,0.06976,0.07072,0.06916,0.0702,4799843.0,2026-05-21 20:00:00+00:00
1779408000000,0.07017,0.07028,0.06847,0.06857,5058383.0,2026-05-22 00:00:00+00:00
1779422400000,0.06858,0.06977,0.0677,0.06918,8176937.0,2026-05-22 04:00:00+00:00
1779436800000,0.06917,0.0696,0.06776,0.06834,5344606.0,2026-05-22 08:00:00+00:00
1779451200000,0.06834,0.06948,0.06785,0.06809,4322219.0,2026-05-22 12:00:00+00:00
1779465600000,0.06808,0.06861,0.06457,0.06549,8029073.0,2026-05-22 16:00:00+00:00
1779480000000,0.06553,0.06613,0.06338,0.0639,4344468.0,2026-05-22 20:00:00+00:00
1779494400000,0.0639,0.06648,0.06309,0.06585,8147956.0,2026-05-23 00:00:00+00:00
1779508800000,0.06586,0.06735,0.06393,0.06483,8276338.0,2026-05-23 04:00:00+00:00
1779523200000,0.06482,0.06759,0.06436,0.06736,5408274.0,2026-05-23 08:00:00+00:00
1779537600000,0.06731,0.06867,0.0666,0.06843,5607435.0,2026-05-23 12:00:00+00:00
1779552000000,0.06843,0.06984,0.06748,0.06796,5594511.0,2026-05-23 16:00:00+00:00
1779566400000,0.06796,0.06914,0.06732,0.06845,4174427.0,2026-05-23 20:00:00+00:00
1779580800000,0.06844,0.06848,0.06731,0.06746,3421827.0,2026-05-24 00:00:00+00:00
1779595200000,0.06751,0.06786,0.06636,0.06689,2782870.0,2026-05-24 04:00:00+00:00
1779609600000,0.06685,0.06825,0.06669,0.06711,2780113.0,2026-05-24 08:00:00+00:00
1779624000000,0.0671,0.0675,0.06524,0.06657,4167871.0,2026-05-24 12:00:00+00:00
1779638400000,0.06659,0.0667,0.0655,0.06583,2693285.0,2026-05-24 16:00:00+00:00
1779652800000,0.06581,0.0659,0.06389,0.06553,5661648.0,2026-05-24 20:00:00+00:00
1779667200000,0.06557,0.06576,0.06426,0.06515,2500662.0,2026-05-25 00:00:00+00:00
1779681600000,0.06515,0.06727,0.06513,0.06693,2704509.0,2026-05-25 04:00:00+00:00
1779696000000,0.06692,0.06755,0.06572,0.0658,3837493.0,2026-05-25 08:00:00+00:00
1779710400000,0.06581,0.06805,0.06526,0.06721,5470263.0,2026-05-25 12:00:00+00:00
1779724800000,0.06723,0.06885,0.06723,0.06759,5778655.0,2026-05-25 16:00:00+00:00
1779739200000,0.06757,0.0685,0.06631,0.0684,3082773.0,2026-05-25 20:00:00+00:00
1779753600000,0.06837,0.06871,0.06432,0.06525,8077699.0,2026-05-26 00:00:00+00:00
1779768000000,0.06525,0.0663,0.06472,0.06541,4542091.0,2026-05-26 04:00:00+00:00
1779782400000,0.06544,0.06871,0.06494,0.06843,7895671.0,2026-05-26 08:00:00+00:00
1779796800000,0.06846,0.06894,0.06592,0.06668,6386325.0,2026-05-26 12:00:00+00:00
1779811200000,0.06668,0.06768,0.06597,0.06637,3061078.0,2026-05-26 16:00:00+00:00
1779825600000,0.06637,0.06748,0.06567,0.06649,2366371.0,2026-05-26 20:00:00+00:00
1779840000000,0.06648,0.06736,0.06447,0.06508,5565471.0,2026-05-27 00:00:00+00:00
1779854400000,0.06502,0.06615,0.06371,0.06605,5015296.0,2026-05-27 04:00:00+00:00
1779868800000,0.06601,0.06634,0.06468,0.06476,2258786.0,2026-05-27 08:00:00+00:00
1779883200000,0.06479,0.06558,0.06341,0.06431,6957955.0,2026-05-27 12:00:00+00:00
1779897600000,0.06435,0.06458,0.06242,0.06335,4508720.0,2026-05-27 16:00:00+00:00
1779912000000,0.06339,0.06348,0.0611,0.06205,4744428.0,2026-05-27 20:00:00+00:00
1779926400000,0.062,0.06208,0.05711,0.05749,13169506.0,2026-05-28 00:00:00+00:00
1779940800000,0.05749,0.05776,0.05587,0.05732,9256214.0,2026-05-28 04:00:00+00:00
1779955200000,0.05727,0.0586,0.05634,0.05695,5550208.0,2026-05-28 08:00:00+00:00
1779969600000,0.05698,0.05758,0.05558,0.05633,4400904.0,2026-05-28 12:00:00+00:00
1779984000000,0.05631,0.05787,0.056,0.05726,2740066.0,2026-05-28 16:00:00+00:00
1779998400000,0.05727,0.05768,0.05657,0.05732,2353427.0,2026-05-28 20:00:00+00:00
1780012800000,0.05731,0.05789,0.05569,0.05577,3487124.0,2026-05-29 00:00:00+00:00
1780027200000,0.05581,0.05657,0.0557,0.05636,3123193.0,2026-05-29 04:00:00+00:00
1780041600000,0.05638,0.0565,0.05472,0.05532,5964876.0,2026-05-29 08:00:00+00:00
1780056000000,0.05535,0.05726,0.05357,0.05659,7170131.0,2026-05-29 12:00:00+00:00
1780070400000,0.05661,0.05712,0.05522,0.05544,3847255.0,2026-05-29 16:00:00+00:00
1780084800000,0.05549,0.0567,0.05549,0.05609,3378172.0,2026-05-29 20:00:00+00:00
1780099200000,0.05612,0.05682,0.05545,0.05604,3765709.0,2026-05-30 00:00:00+00:00
1780113600000,0.05609,0.05635,0.05506,0.05611,3733814.0,2026-05-30 04:00:00+00:00
1780128000000,0.05611,0.05633,0.05545,0.0556,2043633.0,2026-05-30 08:00:00+00:00
1780142400000,0.05557,0.05569,0.05432,0.05563,4152511.0,2026-05-30 12:00:00+00:00
1780156800000,0.05565,0.05681,0.05556,0.05597,2665028.0,2026-05-30 16:00:00+00:00
1780171200000,0.05596,0.05673,0.05549,0.05588,2314354.0,2026-05-30 20:00:00+00:00
1780185600000,0.05587,0.05765,0.05571,0.05726,4844873.0,2026-05-31 00:00:00+00:00
1780200000000,0.05723,0.05784,0.05604,0.0564,3352648.0,2026-05-31 04:00:00+00:00
1780214400000,0.05638,0.05765,0.056,0.05623,2777311.0,2026-05-31 08:00:00+00:00
1780228800000,0.05623,0.05901,0.05531,0.05553,16925570.0,2026-05-31 12:00:00+00:00
1780243200000,0.05554,0.05604,0.05403,0.05436,5077648.0,2026-05-31 16:00:00+00:00
1780257600000,0.0544,0.05581,0.0544,0.05544,2720646.0,2026-05-31 20:00:00+00:00
1780272000000,0.05542,0.05732,0.05539,0.05624,7104754.0,2026-06-01 00:00:00+00:00
1780286400000,0.05628,0.05642,0.05332,0.05349,7620504.0,2026-06-01 04:00:00+00:00
1780300800000,0.05349,0.05418,0.05307,0.05333,3558906.0,2026-06-01 08:00:00+00:00
1780315200000,0.0534,0.05394,0.0524,0.05333,5657367.0,2026-06-01 12:00:00+00:00
1780329600000,0.05333,0.05514,0.0532,0.05499,3006621.0,2026-06-01 16:00:00+00:00
1780344000000,0.05503,0.05599,0.0545,0.05591,2667353.0,2026-06-01 20:00:00+00:00
1780358400000,0.05591,0.05603,0.05405,0.05599,5535826.0,2026-06-02 00:00:00+00:00
1780372800000,0.05597,0.05631,0.05418,0.05442,4055827.0,2026-06-02 04:00:00+00:00
1780387200000,0.05446,0.05505,0.05378,0.05401,3817475.0,2026-06-02 08:00:00+00:00
1780401600000,0.05399,0.05489,0.05085,0.05148,12084613.0,2026-06-02 12:00:00+00:00
1780416000000,0.05145,0.05294,0.04927,0.05104,12991087.0,2026-06-02 16:00:00+00:00
1780430400000,0.05095,0.052,0.04928,0.05034,5755017.0,2026-06-02 20:00:00+00:00
1780444800000,0.05034,0.05145,0.04935,0.0496,4474887.0,2026-06-03 00:00:00+00:00
1780459200000,0.04961,0.05199,0.04961,0.05176,4076525.0,2026-06-03 04:00:00+00:00
1780473600000,0.05173,0.05231,0.05102,0.05173,4745791.0,2026-06-03 08:00:00+00:00
1780488000000,0.05172,0.05225,0.05074,0.05085,5091226.0,2026-06-03 12:00:00+00:00
1780502400000,0.05085,0.05106,0.04946,0.04969,4913323.0,2026-06-03 16:00:00+00:00
1780516800000,0.04968,0.05055,0.04871,0.04891,4533024.0,2026-06-03 20:00:00+00:00
1780531200000,0.04891,0.04952,0.04404,0.04731,10004807.0,2026-06-04 00:00:00+00:00
1780545600000,0.04729,0.04762,0.04515,0.04528,4671580.0,2026-06-04 04:00:00+00:00
1780560000000,0.04525,0.04577,0.0437,0.04418,4639970.0,2026-06-04 08:00:00+00:00
1780574400000,0.04424,0.04575,0.04374,0.0456,3883674.0,2026-06-04 12:00:00+00:00
1780588800000,0.04556,0.04614,0.04484,0.04562,2801052.0,2026-06-04 16:00:00+00:00
1780603200000,0.04559,0.04559,0.04377,0.04452,3979776.0,2026-06-04 20:00:00+00:00
1780617600000,0.04451,0.04469,0.04223,0.0426,4611323.0,2026-06-05 00:00:00+00:00
1780632000000,0.04261,0.04367,0.04,0.04185,8009339.0,2026-06-05 04:00:00+00:00
1780646400000,0.04188,0.04225,0.04075,0.04176,4116385.0,2026-06-05 08:00:00+00:00
1780660800000,0.04175,0.04226,0.03996,0.04022,4996498.0,2026-06-05 12:00:00+00:00
1780675200000,0.04017,0.04155,0.03911,0.04021,4618051.0,2026-06-05 16:00:00+00:00
1780689600000,0.04025,0.04156,0.03972,0.04056,3704606.0,2026-06-05 20:00:00+00:00
1780704000000,0.04058,0.04109,0.0396,0.03973,2913862.0,2026-06-06 00:00:00+00:00
1780718400000,0.03975,0.0399,0.03728,0.03959,7494323.0,2026-06-06 04:00:00+00:00
1780732800000,0.03962,0.04031,0.03865,0.03943,2752950.0,2026-06-06 08:00:00+00:00
1780747200000,0.03946,0.04006,0.0391,0.03949,2003932.0,2026-06-06 12:00:00+00:00
1780761600000,0.03953,0.03974,0.0387,0.03884,2132180.0,2026-06-06 16:00:00+00:00
1780776000000,0.03881,0.03961,0.03868,0.0394,2029653.0,2026-06-06 20:00:00+00:00
1780790400000,0.03937,0.04035,0.03917,0.03959,2990314.0,2026-06-07 00:00:00+00:00
1780804800000,0.03959,0.04006,0.03922,0.03995,3548793.0,2026-06-07 04:00:00+00:00
1780819200000,0.03991,0.04093,0.03966,0.03989,2333505.0,2026-06-07 08:00:00+00:00
1780833600000,0.03989,0.04016,0.03895,0.03939,4244164.0,2026-06-07 12:00:00+00:00
1780848000000,0.03939,0.03989,0.0372,0.03756,8940030.0,2026-06-07 16:00:00+00:00
1780862400000,0.03754,0.04028,0.03748,0.03915,4596342.0,2026-06-07 20:00:00+00:00
1780876800000,0.03917,0.04216,0.03911,0.03948,31393115.0,2026-06-08 00:00:00+00:00
1780891200000,0.03951,0.03985,0.03904,0.03981,5339635.0,2026-06-08 04:00:00+00:00
1780905600000,0.03979,0.04062,0.03874,0.04049,7638219.0,2026-06-08 08:00:00+00:00
1780920000000,0.04048,0.0406,0.03976,0.0401,5041342.0,2026-06-08 12:00:00+00:00
1780934400000,0.04009,0.0405,0.03942,0.03969,4142853.0,2026-06-08 16:00:00+00:00
1780948800000,0.03973,0.04016,0.03906,0.03936,5580972.0,2026-06-08 20:00:00+00:00
1780963200000,0.03935,0.03938,0.03668,0.03711,12299017.0,2026-06-09 00:00:00+00:00
1780977600000,0.03712,0.03792,0.03674,0.03748,6586540.0,2026-06-09 04:00:00+00:00
1780992000000,0.0375,0.03837,0.03716,0.03832,6588609.0,2026-06-09 08:00:00+00:00
1781006400000,0.03833,0.03875,0.03709,0.03742,6700405.0,2026-06-09 12:00:00+00:00
1781020800000,0.03739,0.03857,0.03694,0.0385,4842174.0,2026-06-09 16:00:00+00:00
1781035200000,0.03853,0.03884,0.03784,0.03811,2977567.0,2026-06-09 20:00:00+00:00
1781049600000,0.03812,0.03915,0.03716,0.03732,8579710.0,2026-06-10 00:00:00+00:00
1781064000000,0.03733,0.03841,0.03726,0.03826,5154368.0,2026-06-10 04:00:00+00:00
1781078400000,0.03825,0.03916,0.03746,0.03805,6306017.0,2026-06-10 08:00:00+00:00
1781092800000,0.03806,0.03976,0.03763,0.03943,10553807.0,2026-06-10 12:00:00+00:00
1781107200000,0.03941,0.03989,0.03841,0.03861,6622519.0,2026-06-10 16:00:00+00:00
1781121600000,0.03861,0.03867,0.037,0.03784,5797944.0,2026-06-10 20:00:00+00:00
1781136000000,0.0378,0.0392,0.03767,0.03906,7137551.0,2026-06-11 00:00:00+00:00
1781150400000,0.039,0.03925,0.03845,0.03861,2469083.0,2026-06-11 04:00:00+00:00
1781164800000,0.03864,0.03907,0.03857,0.03881,2179128.0,2026-06-11 08:00:00+00:00
1781179200000,0.03877,0.03908,0.03807,0.0389,5646537.0,2026-06-11 12:00:00+00:00
1781193600000,0.03887,0.03989,0.03819,0.03948,7613874.0,2026-06-11 16:00:00+00:00
1781208000000,0.03946,0.03963,0.03884,0.03917,2474621.0,2026-06-11 20:00:00+00:00
1781222400000,0.03919,0.04089,0.03916,0.04004,10248544.0,2026-06-12 00:00:00+00:00
1781236800000,0.04004,0.04102,0.03903,0.04074,7403827.0,2026-06-12 04:00:00+00:00
1781251200000,0.04074,0.04239,0.04059,0.04081,11937944.0,2026-06-12 08:00:00+00:00
1781265600000,0.04077,0.04129,0.04001,0.04043,6736106.0,2026-06-12 12:00:00+00:00
1781280000000,0.04044,0.04101,0.04026,0.04055,3239620.0,2026-06-12 16:00:00+00:00
1781294400000,0.0405,0.04115,0.04032,0.04113,3058473.0,2026-06-12 20:00:00+00:00
1781308800000,0.04115,0.04197,0.0405,0.04116,9343217.0,2026-06-13 00:00:00+00:00
1781323200000,0.04115,0.04318,0.04053,0.04196,12739892.0,2026-06-13 04:00:00+00:00
1781337600000,0.04192,0.04365,0.04155,0.04276,11086014.0,2026-06-13 08:00:00+00:00
1781352000000,0.04271,0.04747,0.04242,0.04287,81877685.0,2026-06-13 12:00:00+00:00
1781366400000,0.04286,0.04289,0.04193,0.04253,10270756.0,2026-06-13 16:00:00+00:00
1781380800000,0.04254,0.04271,0.04178,0.04249,7212819.0,2026-06-13 20:00:00+00:00
1781395200000,0.04245,0.04313,0.04176,0.04265,9730337.0,2026-06-14 00:00:00+00:00
1781409600000,0.0426,0.04279,0.04157,0.04162,4580507.0,2026-06-14 04:00:00+00:00
1781424000000,0.04161,0.04226,0.04152,0.04192,2783056.0,2026-06-14 08:00:00+00:00
1781438400000,0.04194,0.04232,0.03966,0.04007,14511160.0,2026-06-14 12:00:00+00:00
1781452800000,0.04006,0.04058,0.03984,0.04025,3486005.0,2026-06-14 16:00:00+00:00
1781467200000,0.04023,0.04206,0.03989,0.04181,5660695.0,2026-06-14 20:00:00+00:00
1781481600000,0.04182,0.04206,0.04079,0.04136,9987984.0,2026-06-15 00:00:00+00:00
1781496000000,0.04136,0.04173,0.0407,0.04076,5187459.0,2026-06-15 04:00:00+00:00
1781510400000,0.04077,0.0417,0.04063,0.04161,5536967.0,2026-06-15 08:00:00+00:00
1781524800000,0.0416,0.04245,0.04123,0.04221,6312012.0,2026-06-15 12:00:00+00:00
1781539200000,0.04223,0.0423,0.04042,0.04091,7985732.0,2026-06-15 16:00:00+00:00
1781553600000,0.04093,0.04133,0.04037,0.04126,3835709.0,2026-06-15 20:00:00+00:00
1781568000000,0.04124,0.04171,0.04013,0.04099,5396769.0,2026-06-16 00:00:00+00:00
1781582400000,0.04099,0.04111,0.04026,0.04066,3381545.0,2026-06-16 04:00:00+00:00
1781596800000,0.04063,0.0413,0.04042,0.04078,2298869.0,2026-06-16 08:00:00+00:00
1781611200000,0.0408,0.04124,0.03907,0.03981,9192623.0,2026-06-16 12:00:00+00:00
1781625600000,0.03978,0.04038,0.0392,0.03973,6160841.0,2026-06-16 16:00:00+00:00
1781640000000,0.03972,0.04028,0.03955,0.03989,4066451.0,2026-06-16 20:00:00+00:00
1781654400000,0.0399,0.04157,0.0398,0.0405,11364983.0,2026-06-17 00:00:00+00:00
1781668800000,0.04048,0.04071,0.04003,0.04027,2988201.0,2026-06-17 04:00:00+00:00
1781683200000,0.04028,0.04033,0.03961,0.03995,3659802.0,2026-06-17 08:00:00+00:00
1781697600000,0.03995,0.04115,0.03979,0.0411,4738625.0,2026-06-17 12:00:00+00:00
1781712000000,0.04107,0.04158,0.03978,0.04011,6724834.0,2026-06-17 16:00:00+00:00
1781726400000,0.04012,0.04101,0.03951,0.04081,3799983.0,2026-06-17 20:00:00+00:00
1781740800000,0.04084,0.04111,0.03983,0.0399,3130856.0,2026-06-18 00:00:00+00:00
1781755200000,0.0399,0.04017,0.0391,0.03974,5158785.0,2026-06-18 04:00:00+00:00
1781769600000,0.03974,0.04018,0.0389,0.039,2814650.0,2026-06-18 08:00:00+00:00
1781784000000,0.03904,0.03927,0.03714,0.03725,8053894.0,2026-06-18 12:00:00+00:00
1781798400000,0.03729,0.03794,0.03709,0.03783,5425023.0,2026-06-18 16:00:00+00:00
1781812800000,0.03779,0.03813,0.03744,0.03777,2146352.0,2026-06-18 20:00:00+00:00
1781827200000,0.03775,0.03843,0.03717,0.03767,6098696.0,2026-06-19 00:00:00+00:00
1781841600000,0.03769,0.03868,0.03722,0.03808,4424779.0,2026-06-19 04:00:00+00:00
1781856000000,0.03808,0.03867,0.03778,0.03794,6017348.0,2026-06-19 08:00:00+00:00
1781870400000,0.03793,0.03868,0.0373,0.03831,4612388.0,2026-06-19 12:00:00+00:00
1781884800000,0.03831,0.03881,0.03795,0.03823,1485579.0,2026-06-19 16:00:00+00:00
1781899200000,0.03822,0.03892,0.03795,0.03851,3363722.0,2026-06-19 20:00:00+00:00
1781913600000,0.03848,0.03943,0.03815,0.03822,5079434.0,2026-06-20 00:00:00+00:00
1781928000000,0.03819,0.03854,0.03794,0.03806,2568371.0,2026-06-20 04:00:00+00:00
1781942400000,0.03804,0.03852,0.03768,0.03837,3049462.0,2026-06-20 08:00:00+00:00
1781956800000,0.03836,0.03875,0.03755,0.03853,4603029.0,2026-06-20 12:00:00+00:00
1781971200000,0.03854,0.03881,0.03833,0.03869,2382768.0,2026-06-20 16:00:00+00:00
1781985600000,0.03868,0.03929,0.03853,0.0389,3531213.0,2026-06-20 20:00:00+00:00
1782000000000,0.03892,0.03911,0.03853,0.03875,3075858.0,2026-06-21 00:00:00+00:00
1782014400000,0.03875,0.03877,0.03809,0.03857,2536844.0,2026-06-21 04:00:00+00:00
1782028800000,0.03854,0.03887,0.03831,0.03872,2638994.0,2026-06-21 08:00:00+00:00
1782043200000,0.0387,0.03976,0.03867,0.0394,3672247.0,2026-06-21 12:00:00+00:00
1782057600000,0.0394,0.03948,0.03866,0.03884,2648827.0,2026-06-21 16:00:00+00:00
1782072000000,0.03882,0.03897,0.03774,0.03778,3229835.0,2026-06-21 20:00:00+00:00
1782086400000,0.03778,0.03878,0.0377,0.03831,3174972.0,2026-06-22 00:00:00+00:00
1782100800000,0.03825,0.03838,0.03789,0.03823,1526447.0,2026-06-22 04:00:00+00:00
1782115200000,0.03821,0.03863,0.0378,0.0386,2234799.0,2026-06-22 08:00:00+00:00
1782129600000,0.03856,0.03916,0.03815,0.03838,4644219.0,2026-06-22 12:00:00+00:00
1782144000000,0.03839,0.03839,0.03725,0.03764,3175565.0,2026-06-22 16:00:00+00:00
1782158400000,0.03762,0.03786,0.03662,0.03688,5911747.0,2026-06-22 20:00:00+00:00
1782172800000,0.03687,0.03736,0.03655,0.03707,2902162.0,2026-06-23 00:00:00+00:00
1782187200000,0.0371,0.0371,0.03484,0.03502,12850762.0,2026-06-23 04:00:00+00:00
1782201600000,0.03497,0.03513,0.03355,0.03417,11984534.0,2026-06-23 08:00:00+00:00
1782216000000,0.03414,0.03449,0.03362,0.03408,6428920.0,2026-06-23 12:00:00+00:00
1782230400000,0.03408,0.0345,0.0338,0.03421,4644571.0,2026-06-23 16:00:00+00:00
1782244800000,0.03415,0.03459,0.03407,0.03441,2196108.0,2026-06-23 20:00:00+00:00
1782259200000,0.0344,0.036,0.03383,0.03427,11159204.0,2026-06-24 00:00:00+00:00
1782273600000,0.03427,0.035,0.03423,0.03451,3391564.0,2026-06-24 04:00:00+00:00
1782288000000,0.03449,0.03503,0.03443,0.03497,2567352.0,2026-06-24 08:00:00+00:00
1782302400000,0.03493,0.03494,0.03323,0.03331,6427595.0,2026-06-24 12:00:00+00:00
1782316800000,0.03327,0.03361,0.03188,0.03277,7226536.0,2026-06-24 16:00:00+00:00
1782331200000,0.03271,0.03386,0.03268,0.03346,3285799.0,2026-06-24 20:00:00+00:00
1782345600000,0.03343,0.03421,0.03314,0.03407,3463161.0,2026-06-25 00:00:00+00:00
1782360000000,0.03407,0.03471,0.03382,0.03426,4349075.0,2026-06-25 04:00:00+00:00
1782374400000,0.03424,0.0367,0.03422,0.03544,34184223.0,2026-06-25 08:00:00+00:00
1782388800000,0.03544,0.03544,0.03095,0.03255,25370284.0,2026-06-25 12:00:00+00:00
1782403200000,0.0325,0.03311,0.03222,0.0325,3936229.0,2026-06-25 16:00:00+00:00
1782417600000,0.03258,0.03366,0.03257,0.03342,3991575.0,2026-06-25 20:00:00+00:00
1782432000000,0.03343,0.03431,0.03173,0.03299,12307162.0,2026-06-26 00:00:00+00:00
1782446400000,0.03299,0.03463,0.03258,0.03456,6123021.0,2026-06-26 04:00:00+00:00
1782460800000,0.03456,0.03475,0.0334,0.03379,7811805.0,2026-06-26 08:00:00+00:00
1782475200000,0.03378,0.03449,0.03291,0.0341,6512498.0,2026-06-26 12:00:00+00:00
1782489600000,0.03409,0.03469,0.03389,0.034,3791864.0,2026-06-26 16:00:00+00:00
1782504000000,0.03391,0.03431,0.03358,0.03412,2725327.0,2026-06-26 20:00:00+00:00
1782518400000,0.03412,0.03485,0.03379,0.03455,5230313.0,2026-06-27 00:00:00+00:00
1782532800000,0.03454,0.03486,0.03402,0.03431,4421692.0,2026-06-27 04:00:00+00:00
1782547200000,0.03431,0.03486,0.03405,0.03424,3836622.0,2026-06-27 08:00:00+00:00
1782561600000,0.03421,0.03446,0.03384,0.03433,4322559.0,2026-06-27 12:00:00+00:00
1782576000000,0.03436,0.03455,0.03327,0.03352,3810480.0,2026-06-27 16:00:00+00:00
1782590400000,0.03352,0.03386,0.03333,0.03346,2473193.0,2026-06-27 20:00:00+00:00
1782604800000,0.03344,0.03454,0.03332,0.03416,2610642.0,2026-06-28 00:00:00+00:00
1782619200000,0.03415,0.03443,0.03368,0.034,3057550.0,2026-06-28 04:00:00+00:00
1782633600000,0.03398,0.03412,0.03348,0.03398,2897224.0,2026-06-28 08:00:00+00:00
1782648000000,0.03396,0.03414,0.03351,0.03362,2161747.0,2026-06-28 12:00:00+00:00
1782662400000,0.03362,0.0337,0.03293,0.03311,1982646.0,2026-06-28 16:00:00+00:00
1782676800000,0.03311,0.03324,0.03251,0.03291,1839425.0,2026-06-28 20:00:00+00:00
1782691200000,0.03289,0.03355,0.03223,0.03326,2642267.0,2026-06-29 00:00:00+00:00
1782705600000,0.03329,0.03331,0.03266,0.03305,2179779.0,2026-06-29 04:00:00+00:00
1782720000000,0.03301,0.03342,0.03284,0.0332,2892287.0,2026-06-29 08:00:00+00:00
1782734400000,0.03322,0.03377,0.03232,0.03272,3496925.0,2026-06-29 12:00:00+00:00
1782748800000,0.03269,0.03353,0.03249,0.0335,2591279.0,2026-06-29 16:00:00+00:00
1782763200000,0.03348,0.0335,0.03281,0.03314,1449104.0,2026-06-29 20:00:00+00:00
1782777600000,0.03313,0.03335,0.03273,0.03292,2584566.0,2026-06-30 00:00:00+00:00
1782792000000,0.03289,0.03297,0.03244,0.03268,3072440.0,2026-06-30 04:00:00+00:00
1782806400000,0.03269,0.03305,0.03198,0.03211,3774257.0,2026-06-30 08:00:00+00:00
1782820800000,0.0321,0.03235,0.03156,0.03217,5004716.0,2026-06-30 12:00:00+00:00
1782835200000,0.03213,0.03235,0.03163,0.03188,2964642.0,2026-06-30 16:00:00+00:00
1782849600000,0.03187,0.03192,0.03147,0.03181,2091481.0,2026-06-30 20:00:00+00:00
1782864000000,0.03184,0.03235,0.03093,0.03202,6689996.0,2026-07-01 00:00:00+00:00
1782878400000,0.03202,0.03245,0.03175,0.03187,3785776.0,2026-07-01 04:00:00+00:00
1782892800000,0.03185,0.03202,0.03141,0.03159,6920205.0,2026-07-01 08:00:00+00:00
1782907200000,0.03157,0.03306,0.03114,0.03283,14001507.0,2026-07-01 12:00:00+00:00
1782921600000,0.03283,0.03298,0.03197,0.03244,6489462.0,2026-07-01 16:00:00+00:00
1782936000000,0.03242,0.03357,0.03236,0.033,6692155.0,2026-07-01 20:00:00+00:00
1782950400000,0.03301,0.03335,0.03262,0.03329,5057909.0,2026-07-02 00:00:00+00:00
1782964800000,0.03327,0.0338,0.03291,0.03335,8957625.0,2026-07-02 04:00:00+00:00
1782979200000,0.03336,0.03597,0.03332,0.03551,23661729.0,2026-07-02 08:00:00+00:00
1782993600000,0.03547,0.03626,0.0351,0.03544,21942121.0,2026-07-02 12:00:00+00:00
1783008000000,0.03542,0.03546,0.03391,0.03439,19615096.0,2026-07-02 16:00:00+00:00
1783022400000,0.0344,0.03467,0.03415,0.03458,3973308.0,2026-07-02 20:00:00+00:00
1783036800000,0.03456,0.03698,0.0345,0.03566,18221006.0,2026-07-03 00:00:00+00:00
1783051200000,0.03565,0.03628,0.03466,0.03534,13762597.0,2026-07-03 04:00:00+00:00
1783065600000,0.03532,0.03591,0.03523,0.03558,6052133.0,2026-07-03 08:00:00+00:00
1783080000000,0.03557,0.03572,0.03521,0.03547,3693754.0,2026-07-03 12:00:00+00:00
1783094400000,0.03547,0.03555,0.03495,0.03546,3513683.0,2026-07-03 16:00:00+00:00
1783108800000,0.03547,0.0358,0.03543,0.03558,2911391.0,2026-07-03 20:00:00+00:00
1783123200000,0.03556,0.03696,0.03546,0.03553,10631736.0,2026-07-04 00:00:00+00:00
1783137600000,0.03551,0.03774,0.03544,0.0364,18722382.0,2026-07-04 04:00:00+00:00
1783152000000,0.03638,0.03666,0.03585,0.03648,7240327.0,2026-07-04 08:00:00+00:00
1783166400000,0.03646,0.03709,0.03635,0.03697,6205552.0,2026-07-04 12:00:00+00:00
1783180800000,0.03698,0.03727,0.03681,0.03694,3228685.0,2026-07-04 16:00:00+00:00
1783195200000,0.03694,0.03701,0.03602,0.0363,4285376.0,2026-07-04 20:00:00+00:00
1783209600000,0.03631,0.03631,0.03514,0.03534,5591999.0,2026-07-05 00:00:00+00:00
1783224000000,0.03531,0.03577,0.03468,0.03493,7512062.0,2026-07-05 04:00:00+00:00
1783238400000,0.03493,0.03521,0.03465,0.03483,3413969.0,2026-07-05 08:00:00+00:00
1783252800000,0.0348,0.03505,0.03469,0.03487,1713401.0,2026-07-05 12:00:00+00:00
1783267200000,0.03486,0.03495,0.03467,0.03472,1824452.0,2026-07-05 16:00:00+00:00
1783281600000,0.03471,0.03519,0.0345,0.03494,4757100.0,2026-07-05 20:00:00+00:00
1783296000000,0.03498,0.03505,0.03383,0.03414,8848839.0,2026-07-06 00:00:00+00:00
1783310400000,0.03415,0.03422,0.03357,0.03394,4006705.0,2026-07-06 04:00:00+00:00
1783324800000,0.03392,0.03421,0.03371,0.03373,4873204.0,2026-07-06 08:00:00+00:00
1783339200000,0.03371,0.03426,0.03271,0.03423,8010964.0,2026-07-06 12:00:00+00:00
1783353600000,0.03424,0.03448,0.03398,0.03428,4287159.0,2026-07-06 16:00:00+00:00
1783368000000,0.03426,0.03479,0.034,0.03434,5198070.0,2026-07-06 20:00:00+00:00
1783382400000,0.03434,0.03447,0.03306,0.03348,5852951.0,2026-07-07 00:00:00+00:00
1783396800000,0.03345,0.03375,0.03316,0.03346,2845200.0,2026-07-07 04:00:00+00:00
1783411200000,0.03347,0.03356,0.03294,0.03329,3193292.0,2026-07-07 08:00:00+00:00
1783425600000,0.03329,0.03365,0.03289,0.03324,4026997.0,2026-07-07 12:00:00+00:00
1783440000000,0.03325,0.03337,0.03224,0.03258,4760018.0,2026-07-07 16:00:00+00:00
1783454400000,0.03258,0.03262,0.0321,0.03225,2463241.0,2026-07-07 20:00:00+00:00
1783468800000,0.03223,0.03291,0.03134,0.03196,6534431.0,2026-07-08 00:00:00+00:00
1783483200000,0.03197,0.03235,0.03164,0.03202,3156383.0,2026-07-08 04:00:00+00:00
1783497600000,0.03204,0.03226,0.0311,0.03193,6494555.0,2026-07-08 08:00:00+00:00
1783512000000,0.03194,0.03205,0.03129,0.03149,2931634.0,2026-07-08 12:00:00+00:00
1783526400000,0.03146,0.03181,0.03138,0.03157,1306418.0,2026-07-08 16:00:00+00:00
1783540800000,0.03153,0.0317,0.03123,0.0317,1865842.0,2026-07-08 20:00:00+00:00
1783555200000,0.03171,0.03184,0.03127,0.03159,3514126.0,2026-07-09 00:00:00+00:00
1783569600000,0.03159,0.03226,0.03152,0.032,3642825.0,2026-07-09 04:00:00+00:00
1783584000000,0.03197,0.03214,0.03185,0.03214,1527871.0,2026-07-09 08:00:00+00:00
1783598400000,0.03209,0.03247,0.0319,0.03203,4319174.0,2026-07-09 12:00:00+00:00
1783612800000,0.03201,0.03245,0.03191,0.03217,1955240.0,2026-07-09 16:00:00+00:00
1783627200000,0.03219,0.03227,0.03125,0.03183,5657113.0,2026-07-09 20:00:00+00:00
1783641600000,0.03183,0.03304,0.03159,0.03272,4272128.0,2026-07-10 00:00:00+00:00
1783656000000,0.03272,0.03301,0.03256,0.03279,4727956.0,2026-07-10 04:00:00+00:00
1783670400000,0.03276,0.03289,0.03242,0.03257,3454895.0,2026-07-10 08:00:00+00:00
1783684800000,0.03255,0.03313,0.03233,0.03276,5959417.0,2026-07-10 12:00:00+00:00
1783699200000,0.03274,0.03286,0.03252,0.03274,2092504.0,2026-07-10 16:00:00+00:00
1783713600000,0.03273,0.03319,0.03272,0.03303,1562492.0,2026-07-10 20:00:00+00:00
1783728000000,0.033,0.03337,0.03293,0.03319,2652699.0,2026-07-11 00:00:00+00:00
1783742400000,0.03314,0.03324,0.03262,0.03271,2586566.0,2026-07-11 04:00:00+00:00
1783756800000,0.03269,0.03353,0.03268,0.03329,5274506.0,2026-07-11 08:00:00+00:00
1783771200000,0.0333,0.03363,0.03311,0.03329,3313045.0,2026-07-11 12:00:00+00:00
1783785600000,0.03326,0.03353,0.03313,0.03333,2206323.0,2026-07-11 16:00:00+00:00
1783800000000,0.03332,0.03343,0.03264,0.03273,3292665.0,2026-07-11 20:00:00+00:00
1783814400000,0.03269,0.03356,0.03224,0.03331,5088688.0,2026-07-12 00:00:00+00:00
1783828800000,0.03334,0.03347,0.03291,0.033,2974687.0,2026-07-12 04:00:00+00:00
1783843200000,0.03296,0.03334,0.03269,0.03283,2857592.0,2026-07-12 08:00:00+00:00
1783857600000,0.03281,0.03297,0.03246,0.03292,3044375.0,2026-07-12 12:00:00+00:00
1783872000000,0.0329,0.033,0.03243,0.03264,2503077.0,2026-07-12 16:00:00+00:00
1783886400000,0.03264,0.03268,0.03205,0.03219,2551765.0,2026-07-12 20:00:00+00:00
1783900800000,0.03216,0.03282,0.03082,0.03123,8757016.0,2026-07-13 00:00:00+00:00
1783915200000,0.03119,0.03171,0.03097,0.03149,3880466.0,2026-07-13 04:00:00+00:00
1783929600000,0.03148,0.0317,0.03131,0.03144,2361953.0,2026-07-13 08:00:00+00:00
1783944000000,0.03143,0.03206,0.03112,0.03153,4642704.0,2026-07-13 12:00:00+00:00
1783958400000,0.0315,0.03153,0.03058,0.0309,3482581.0,2026-07-13 16:00:00+00:00
1783972800000,0.0309,0.03114,0.03036,0.03111,2989235.0,2026-07-13 20:00:00+00:00
1783987200000,0.03114,0.03135,0.03062,0.03109,4359096.0,2026-07-14 00:00:00+00:00
1784001600000,0.03108,0.03173,0.03104,0.03135,4172864.0,2026-07-14 04:00:00+00:00
1784016000000,0.03132,0.03155,0.03101,0.03115,3122518.0,2026-07-14 08:00:00+00:00
1784030400000,0.03116,0.03233,0.03102,0.03217,6568601.0,2026-07-14 12:00:00+00:00
1784044800000,0.03213,0.03235,0.03152,0.03172,3783922.0,2026-07-14 16:00:00+00:00
1784059200000,0.03169,0.03172,0.03136,0.0317,2136238.0,2026-07-14 20:00:00+00:00
1784073600000,0.0317,0.03188,0.03154,0.03163,2490574.0,2026-07-15 00:00:00+00:00
1784088000000,0.0316,0.03244,0.0314,0.0318,10269786.0,2026-07-15 04:00:00+00:00
1784102400000,0.03178,0.03218,0.03147,0.03209,3309634.0,2026-07-15 08:00:00+00:00
1784116800000,0.03206,0.03997,0.03202,0.03706,497882872.0,2026-07-15 12:00:00+00:00
1784131200000,0.03705,0.0385,0.03622,0.0367,111676269.0,2026-07-15 16:00:00+00:00
1784145600000,0.0367,0.03679,0.03506,0.03552,50631057.0,2026-07-15 20:00:00+00:00
1784160000000,0.03552,0.03558,0.03413,0.03438,52273329.0,2026-07-16 00:00:00+00:00
1784174400000,0.03438,0.03963,0.0338,0.03908,335287049.0,2026-07-16 04:00:00+00:00
1784188800000,0.03909,0.04264,0.03757,0.03776,827631227.0,2026-07-16 08:00:00+00:00
1784203200000,0.03778,0.0388,0.03659,0.03726,220361526.0,2026-07-16 12:00:00+00:00
1784217600000,0.03726,0.03739,0.03587,0.03653,69417964.0,2026-07-16 16:00:00+00:00
1784232000000,0.03653,0.03743,0.03628,0.03696,52212756.0,2026-07-16 20:00:00+00:00
1784246400000,0.03694,0.03832,0.0344,0.03489,189865002.0,2026-07-17 00:00:00+00:00
1784260800000,0.03489,0.03495,0.03358,0.03379,70311460.0,2026-07-17 04:00:00+00:00
1784275200000,0.0338,0.03464,0.03374,0.03457,42087753.0,2026-07-17 08:00:00+00:00
1784289600000,0.03456,0.03477,0.03372,0.03466,57030635.0,2026-07-17 12:00:00+00:00
1784304000000,0.03466,0.03481,0.03418,0.03449,23477711.0,2026-07-17 16:00:00+00:00
1784318400000,0.03448,0.03463,0.03388,0.03413,14328056.0,2026-07-17 20:00:00+00:00
1784332800000,0.03411,0.03411,0.03153,0.03174,61607139.0,2026-07-18 00:00:00+00:00
1784347200000,0.03171,0.03193,0.03124,0.03167,23560908.0,2026-07-18 04:00:00+00:00
1784361600000,0.03167,0.03174,0.03125,0.03156,18085305.0,2026-07-18 08:00:00+00:00
1784376000000,0.03156,0.03162,0.03108,0.03144,22898313.0,2026-07-18 12:00:00+00:00
1784390400000,0.03141,0.03183,0.03127,0.03183,9716302.0,2026-07-18 16:00:00+00:00
1784404800000,0.03182,0.03203,0.0315,0.03191,7045041.0,2026-07-18 20:00:00+00:00
1784419200000,0.03188,0.03189,0.03121,0.03145,11386267.0,2026-07-19 00:00:00+00:00
1784433600000,0.03145,0.03238,0.0313,0.03226,20867548.0,2026-07-19 04:00:00+00:00
1784448000000,0.03226,0.03228,0.03067,0.03161,30486886.0,2026-07-19 08:00:00+00:00
1784462400000,0.03161,0.0317,0.03076,0.0314,19360456.0,2026-07-19 12:00:00+00:00
1784476800000,0.03139,0.03182,0.03108,0.03147,8677090.0,2026-07-19 16:00:00+00:00
1784491200000,0.03147,0.03178,0.03124,0.03166,7336006.0,2026-07-19 20:00:00+00:00
1784505600000,0.03166,0.03174,0.03093,0.03105,11722406.0,2026-07-20 00:00:00+00:00
1784520000000,0.03104,0.03116,0.03001,0.03045,18644718.0,2026-07-20 04:00:00+00:00
1784534400000,0.03044,0.03152,0.03023,0.0311,10813563.0,2026-07-20 08:00:00+00:00
1784548800000,0.03109,0.03118,0.0301,0.03099,11860756.0,2026-07-20 12:00:00+00:00
1784563200000,0.03098,0.03143,0.03094,0.03133,7720863.0,2026-07-20 16:00:00+00:00
1784577600000,0.03132,0.03183,0.03129,0.03141,6519103.0,2026-07-20 20:00:00+00:00
1784592000000,0.03139,0.03229,0.03114,0.03208,11351805.0,2026-07-21 00:00:00+00:00
1784606400000,0.03206,0.03268,0.03185,0.03223,14287710.0,2026-07-21 04:00:00+00:00
1784620800000,0.03224,0.03297,0.03208,0.03227,10776985.0,2026-07-21 08:00:00+00:00
1784635200000,0.03227,0.03237,0.03188,0.0321,8730469.0,2026-07-21 12:00:00+00:00
1784649600000,0.03208,0.03228,0.03193,0.03219,4639828.0,2026-07-21 16:00:00+00:00
1784664000000,0.03217,0.03231,0.03196,0.03212,3854107.0,2026-07-21 20:00:00+00:00
1784678400000,0.03212,0.03323,0.03196,0.03205,13739034.0,2026-07-22 00:00:00+00:00
1784692800000,0.03205,0.03226,0.03128,0.03173,9453391.0,2026-07-22 04:00:00+00:00
1784707200000,0.03171,0.03245,0.03163,0.03183,11079599.0,2026-07-22 08:00:00+00:00
1784721600000,0.03183,0.03289,0.0317,0.0328,9526397.0,2026-07-22 12:00:00+00:00
1784736000000,0.03278,0.0331,0.03205,0.03223,8269775.0,2026-07-22 16:00:00+00:00
1784750400000,0.03223,0.03242,0.03205,0.0321,3280216.0,2026-07-22 20:00:00+00:00
1784764800000,0.03211,0.03225,0.0317,0.03205,6504005.0,2026-07-23 00:00:00+00:00
1784779200000,0.03203,0.03278,0.0319,0.03212,7751764.0,2026-07-23 04:00:00+00:00
1784793600000,0.03213,0.03236,0.03187,0.03197,4139044.0,2026-07-23 08:00:00+00:00
1784808000000,0.03197,0.03203,0.03157,0.0319,5619513.0,2026-07-23 12:00:00+00:00
1784822400000,0.03187,0.03209,0.03161,0.03172,3315130.0,2026-07-23 16:00:00+00:00
1784836800000,0.03171,0.0319,0.03137,0.03148,4116829.0,2026-07-23 20:00:00+00:00
1784851200000,0.03148,0.03224,0.03121,0.0319,10653680.0,2026-07-24 00:00:00+00:00
1784865600000,0.0319,0.03232,0.0318,0.03202,5663887.0,2026-07-24 04:00:00+00:00
1784880000000,0.03203,0.03206,0.03141,0.03173,6403377.0,2026-07-24 08:00:00+00:00
1784894400000,0.03172,0.03184,0.03072,0.03085,14215516.0,2026-07-24 12:00:00+00:00
1784908800000,0.03085,0.031,0.0303,0.0305,7631946.0,2026-07-24 16:00:00+00:00
1784923200000,0.03049,0.03085,0.02976,0.03057,15388425.0,2026-07-24 20:00:00+00:00
1784937600000,0.03055,0.03102,0.0303,0.03043,8682081.0,2026-07-25 00:00:00+00:00
1784952000000,0.03043,0.03078,0.03017,0.03031,6860117.0,2026-07-25 04:00:00+00:00
1784966400000,0.03026,0.03067,0.03023,0.03045,5665293.0,2026-07-25 08:00:00+00:00
1784980800000,0.03045,0.03073,0.03041,0.0306,4176394.0,2026-07-25 12:00:00+00:00
1784995200000,0.03059,0.03092,0.03056,0.03072,4067977.0,2026-07-25 16:00:00+00:00
1785009600000,0.03073,0.03095,0.03061,0.03078,3973290.0,2026-07-25 20:00:00+00:00
1785024000000,0.03079,0.03101,0.03048,0.03058,4716981.0,2026-07-26 00:00:00+00:00
1785038400000,0.03061,0.03098,0.0305,0.0309,6372056.0,2026-07-26 04:00:00+00:00
1785052800000,0.03089,0.03174,0.03083,0.03119,13176561.0,2026-07-26 08:00:00+00:00
1785067200000,0.03117,0.0318,0.03117,0.03147,8583876.0,2026-07-26 12:00:00+00:00
1785081600000,0.03147,0.03156,0.0312,0.03122,2739240.0,2026-07-26 16:00:00+00:00
1785096000000,0.03122,0.0319,0.03112,0.0317,3942314.0,2026-07-26 20:00:00+00:00
1785110400000,0.03169,0.03181,0.03121,0.0317,6807476.0,2026-07-27 00:00:00+00:00
1785124800000,0.03166,0.03215,0.03132,0.03154,11487915.0,2026-07-27 04:00:00+00:00
1785139200000,0.03153,0.03163,0.0308,0.03084,10600928.0,2026-07-27 08:00:00+00:00
1785153600000,0.03085,0.03117,0.02996,0.03014,11199684.0,2026-07-27 12:00:00+00:00
1785168000000,0.03014,0.03052,0.03003,0.03038,4820903.0,2026-07-27 16:00:00+00:00
1785182400000,0.03038,0.03047,0.02914,0.02932,13159097.0,2026-07-27 20:00:00+00:00
1785196800000,0.02934,0.02943,0.02854,0.02895,17851135.0,2026-07-28 00:00:00+00:00
1785211200000,0.02895,0.02924,0.02873,0.02898,5293055.0,2026-07-28 04:00:00+00:00
1785225600000,0.02898,0.0291,0.02867,0.02883,4652946.0,2026-07-28 08:00:00+00:00
1785240000000,0.02882,0.02917,0.02834,0.02906,8500895.0,2026-07-28 12:00:00+00:00
1785254400000,0.02907,0.02918,0.02865,0.02906,4630973.0,2026-07-28 16:00:00+00:00
1785268800000,0.02909,0.02947,0.0288,0.02907,8160907.0,2026-07-28 20:00:00+00:00
1785283200000,0.02907,0.02918,0.02746,0.02758,14852733.0,2026-07-29 00:00:00+00:00
1785297600000,0.02761,0.02829,0.02732,0.02816,6915140.0,2026-07-29 04:00:00+00:00
1785312000000,0.02817,0.02821,0.02792,0.02806,4215534.0,2026-07-29 08:00:00+00:00
1785326400000,0.02806,0.02818,0.02774,0.02791,4541507.0,2026-07-29 12:00:00+00:00
1785340800000,0.0279,0.02856,0.02773,0.0278,8513923.0,2026-07-29 16:00:00+00:00
1785355200000,0.0278,0.02808,0.02734,0.02794,4913962.0,2026-07-29 20:00:00+00:00
1785369600000,0.02794,0.02835,0.02764,0.02819,6832550.0,2026-07-30 00:00:00+00:00
1785384000000,0.0282,0.02912,0.02802,0.02908,5744577.0,2026-07-30 04:00:00+00:00
1785398400000,0.02907,0.02935,0.02859,0.02867,9086310.0,2026-07-30 08:00:00+00:00
1785412800000,0.02867,0.02938,0.02849,0.0291,7629493.0,2026-07-30 12:00:00+00:00
1785427200000,0.0291,0.02926,0.02877,0.02884,4676875.0,2026-07-30 16:00:00+00:00
1785441600000,0.02886,0.02928,0.02877,0.02882,4394900.0,2026-07-30 20:00:00+00:00
1785456000000,0.02884,0.0293,0.02831,0.02874,7335593.0,2026-07-31 00:00:00+00:00
1785470400000,0.02874,0.02889,0.02848,0.02879,6045918.0,2026-07-31 04:00:00+00:00
1785484800000,0.02879,0.02901,0.02803,0.02877,10431763.0,2026-07-31 08:00:00+00:00
1785499200000,0.02874,0.02876,0.02802,0.02846,7233162.0,2026-07-31 12:00:00+00:00
1785513600000,0.02846,0.0287,0.02841,0.02848,3572525.0,2026-07-31 16:00:00+00:00
1785528000000,0.02848,0.02871,0.02823,0.02848,4652831.0,2026-07-31 20:00:00+00:00
1785542400000,0.02848,0.02899,0.02846,0.02872,5840365.0,2026-08-01 00:00:00+00:00
1785556800000,0.02871,0.02928,0.0287,0.02881,4329092.0,2026-08-01 04:00:00+00:00
1785571200000,0.02879,0.02911,0.02843,0.02858,4940725.0,2026-08-01 08:00:00+00:00
1785585600000,0.02857,0.02876,0.02842,0.02845,2591892.0,2026-08-01 12:00:00+00:00
1785600000000,0.02844,0.02909,0.02839,0.02876,8728346.0,2026-08-01 16:00:00+00:00
1785614400000,0.02876,0.02883,0.02828,0.02836,3488179.0,2026-08-01 20:00:00+00:00
1785628800000,0.02836,0.02881,0.02813,0.02847,6411862.0,2026-08-02 00:00:00+00:00
1785643200000,0.02848,0.0288,0.02809,0.02834,7657417.0,2026-08-02 04:00:00+00:00
1785657600000,0.02836,0.02851,0.02827,0.02835,4035733.0,2026-08-02 08:00:00+00:00
1785672000000,0.02836,0.02844,0.0281,0.02825,3839662.0,2026-08-02 12:00:00+00:00
1785686400000,0.02827,0.02849,0.02801,0.02833,4606831.0,2026-08-02 16:00:00+00:00
1785700800000,0.02835,0.02848,0.02803,0.02812,3184768.0,2026-08-02 20:00:00+00:00
1785715200000,0.02813,0.02835,0.0276,0.0277,7648698.0,2026-08-03 00:00:00+00:00
1785729600000,0.0277,0.02811,0.02759,0.02776,6287679.0,2026-08-03 04:00:00+00:00
1785744000000,0.02777,0.02784,0.02739,0.02739,5364444.0,2026-08-03 08:00:00+00:00
1785758400000,0.02741,0.02815,0.02732,0.02801,6152783.0,2026-08-03 12:00:00+00:00
1785772800000,0.02801,0.02856,0.02795,0.02822,7682195.0,2026-08-03 16:00:00+00:00
1785787200000,0.02822,0.02826,0.02776,0.0278,3693761.0,2026-08-03 20:00:00+00:00
1785801600000,0.02778,0.02842,0.02756,0.02804,6071768.0,2026-08-04 00:00:00+00:00
1785816000000,0.02804,0.02815,0.02762,0.02776,3501014.0,2026-08-04 04:00:00+00:00
1785830400000,0.02776,0.02783,0.02747,0.02758,4800602.0,2026-08-04 08:00:00+00:00
1785844800000,0.02761,0.02782,0.02739,0.02752,9557293.0,2026-08-04 12:00:00+00:00
1785859200000,0.02754,0.02768,0.02733,0.02765,4536487.0,2026-08-04 16:00:00+00:00
1785873600000,0.02765,0.02796,0.02751,0.02762,3526975.0,2026-08-04 20:00:00+00:00
1785888000000,0.02759,0.02798,0.02712,0.02779,9555763.0,2026-08-05 00:00:00+00:00
1785902400000,0.02777,0.0287,0.02777,0.02826,12328615.0,2026-08-05 04:00:00+00:00
1785916800000,0.02827,0.02886,0.02825,0.0283,11068788.0,2026-08-05 08:00:00+00:00
1785931200000,0.0283,0.02862,0.02791,0.02821,10348629.0,2026-08-05 12:00:00+00:00
1785945600000,0.02827,0.02837,0.02778,0.02784,6376565.0,2026-08-05 16:00:00+00:00
1785960000000,0.02785,0.0284,0.02781,0.02817,5358707.0,2026-08-05 20:00:00+00:00
1785974400000,0.02818,0.02839,0.02779,0.02821,6296810.0,2026-08-06 00:00:00+00:00
1785988800000,0.02821,0.02898,0.02819,0.02852,6434393.0,2026-08-06 04:00:00+00:00
1786003200000,0.02852,0.02865,0.02814,0.02855,5081726.0,2026-08-06 08:00:00+00:00
1786017600000,0.02853,0.02891,0.02839,0.02848,7629923.0,2026-08-06 12:00:00+00:00
1786032000000,0.02848,0.02873,0.02809,0.02823,5228228.0,2026-08-06 16:00:00+00:00
1786046400000,0.02823,0.02841,0.02813,0.02823,3120034.0,2026-08-06 20:00:00+00:00
1786060800000,0.02821,0.02889,0.0282,0.02839,8575749.0,2026-08-07 00:00:00+00:00
1786075200000,0.02841,0.02879,0.02828,0.02838,5453441.0,2026-08-07 04:00:00+00:00
1786089600000,0.02837,0.02865,0.02815,0.02853,6318167.0,2026-08-07 08:00:00+00:00
1786104000000,0.02852,0.02874,0.0283,0.02854,6344770.0,2026-08-07 12:00:00+00:00
1786118400000,0.02854,0.02877,0.02839,0.02846,3904464.0,2026-08-07 16:00:00+00:00
1786132800000,0.02845,0.02855,0.02821,0.02833,2985617.0,2026-08-07 20:00:00+00:00
1786147200000,0.02833,0.02898,0.02809,0.02877,7606491.0,2026-08-08 00:00:00+00:00
1786161600000,0.02876,0.02973,0.02866,0.02951,10627295.0,2026-08-08 04:00:00+00:00
1786176000000,0.02952,0.02994,0.02927,0.02985,7717846.0,2026-08-08 08:00:00+00:00
1786190400000,0.02986,0.02991,0.02926,0.02942,10143469.0,2026-08-08 12:00:00+00:00
1786204800000,0.02945,0.02964,0.02933,0.02937,4387402.0,2026-08-08 16:00:00+00:00
1786219200000,0.02936,0.02951,0.02908,0.02935,4741409.0,2026-08-08 20:00:00+00:00
1786233600000,0.02935,0.02984,0.02921,0.02966,10232940.0,2026-08-09 00:00:00+00:00
1786248000000,0.02964,0.02993,0.02937,0.02962,5786399.0,2026-08-09 04:00:00+00:00
1786262400000,0.02962,0.02991,0.02905,0.0292,5758157.0,2026-08-09 08:00:00+00:00
1786276800000,0.02919,0.02967,0.02895,0.02962,5604809.0,2026-08-09 12:00:00+00:00
1786291200000,0.02962,0.02986,0.02948,0.02966,4494647.0,2026-08-09 16:00:00+00:00
1786305600000,0.02967,0.02974,0.02913,0.02926,3708256.0,2026-08-09 20:00:00+00:00
1786320000000,0.02926,0.02974,0.02906,0.02941,4828178.0,2026-08-10 00:00:00+00:00
1786334400000,0.0294,0.02995,0.02934,0.02968,4508483.0,2026-08-10 04:00:00+00:00
1786348800000,0.02968,0.02981,0.02924,0.02969,5228662.0,2026-08-10 08:00:00+00:00
1786363200000,0.02968,0.0302,0.02937,0.02963,6193647.0,2026-08-10 12:00:00+00:00
1786377600000,0.02962,0.03031,0.0295,0.02956,9136952.0,2026-08-10 16:00:00+00:00
1786392000000,0.02955,0.02981,0.02944,0.02949,3455524.0,2026-08-10 20:00:00+00:00
1786406400000,0.02951,0.02981,0.02927,0.02963,3724002.0,2026-08-11 00:00:00+00:00
1786420800000,0.02963,0.03007,0.0295,0.02959,6629247.0,2026-08-11 04:00:00+00:00
1786435200000,0.0296,0.03004,0.02929,0.02932,5210473.0,2026-08-11 08:00:00+00:00
1786449600000,0.02931,0.02931,0.02815,0.02845,11923506.0,2026-08-11 12:00:00+00:00
1786464000000,0.02841,0.0287,0.02823,0.02866,5463215.0,2026-08-11 16:00:00+00:00
1786478400000,0.02867,0.02907,0.02855,0.02865,4401399.0,2026-08-11 20:00:00+00:00
1786492800000,0.02864,0.02951,0.02855,0.02915,6036657.0,2026-08-12 00:00:00+00:00
1786507200000,0.02914,0.02968,0.02891,0.02926,6782841.0,2026-08-12 04:00:00+00:00
1786521600000,0.02924,0.0309,0.02915,0.0301,29279685.0,2026-08-12 08:00:00+00:00
1786536000000,0.0301,0.03057,0.02961,0.0299,21654393.0,2026-08-12 12:00:00+00:00
1786550400000,0.02992,0.03054,0.02977,0.03021,10900244.0,2026-08-12 16:00:00+00:00
1786564800000,0.03022,0.03028,0.02934,0.03007,11695470.0,2026-08-12 20:00:00+00:00
1786579200000,0.0301,0.03079,0.03,0.03063,10001121.0,2026-08-13 00:00:00+00:00
1786593600000,0.03063,0.03074,0.03011,0.03023,6884894.0,2026-08-13 04:00:00+00:00
1786608000000,0.03023,0.03039,0.02957,0.03004,11550961.0,2026-08-13 08:00:00+00:00
1786622400000,0.03002,0.03006,0.02969,0.0297,3636423.0,2026-08-13 12:00:00+00:00
1786636800000,0.02972,0.02983,0.0295,0.02969,3673053.0,2026-08-13 16:00:00+00:00
1786651200000,0.0297,0.03036,0.02966,0.03007,6963848.0,2026-08-13 20:00:00+00:00
1786665600000,0.03008,0.03022,0.02969,0.02975,4462576.0,2026-08-14 00:00:00+00:00
1786680000000,0.02975,0.02983,0.02894,0.02894,5631228.0,2026-08-14 04:00:00+00:00
1786694400000,0.02895,0.0292,0.02883,0.02891,6001468.0,2026-08-14 08:00:00+00:00
1786708800000,0.02891,0.02903,0.02873,0.02894,4304480.0,2026-08-14 12:00:00+00:00
1786723200000,0.02893,0.02948,0.02886,0.0292,6516352.0,2026-08-14 16:00:00+00:00
1786737600000,0.02922,0.02938,0.02918,0.02931,2195089.0,2026-08-14 20:00:00+00:00
1786752000000,0.02934,0.0295,0.02915,0.02923,3515028.0,2026-08-15 00:00:00+00:00
1786766400000,0.02925,0.02959,0.0292,0.02932,3027733.0,2026-08-15 04:00:00+00:00
1786780800000,0.02934,0.03007,0.02932,0.0299,5599589.0,2026-08-15 08:00:00+00:00
1786795200000,0.02989,0.03011,0.02948,0.02983,9144909.0,2026-08-15 12:00:00+00:00
1786809600000,0.02982,0.02993,0.02954,0.02958,2851569.0,2026-08-15 16:00:00+00:00
1786824000000,0.02958,0.02981,0.0295,0.02972,2686392.0,2026-08-15 20:00:00+00:00
1786838400000,0.02972,0.03015,0.02967,0.02984,6111668.0,2026-08-16 00:00:00+00:00
1786852800000,0.02984,0.0299,0.02936,0.02956,4721508.0,2026-08-16 04:00:00+00:00
1786867200000,0.02956,0.02989,0.02938,0.02967,6225932.0,2026-08-16 08:00:00+00:00
1786881600000,0.02966,0.02973,0.02944,0.02965,2721045.0,2026-08-16 12:00:00+00:00
1786896000000,0.02964,0.02984,0.02945,0.02975,3352404.0,2026-08-16 16:00:00+00:00
1786910400000,0.02972,0.03008,0.02949,0.02981,6070798.0,2026-08-16 20:00:00+00:00
1786924800000,0.02982,0.03018,0.02964,0.02985,4856484.0,2026-08-17 00:00:00+00:00
1786939200000,0.02987,0.03008,0.02967,0.0298,3200742.0,2026-08-17 04:00:00+00:00
1786953600000,0.0298,0.02984,0.02961,0.02964,2595652.0,2026-08-17 08:00:00+00:00
1786968000000,0.02966,0.02976,0.02935,0.02951,4793361.0,2026-08-17 12:00:00+00:00
1786982400000,0.02951,0.02954,0.02906,0.02909,3481963.0,2026-08-17 16:00:00+00:00
1786996800000,0.0291,0.02935,0.02902,0.02914,2979923.0,2026-08-17 20:00:00+00:00
1787011200000,0.02914,0.02916,0.02811,0.02822,8985952.0,2026-08-18 00:00:00+00:00
1787025600000,0.02821,0.02854,0.02817,0.0283,5077830.0,2026-08-18 04:00:00+00:00
1787040000000,0.02829,0.02864,0.02817,0.02857,3723495.0,2026-08-18 08:00:00+00:00
1787054400000,0.02855,0.02874,0.02841,0.0286,4417928.0,2026-08-18 12:00:00+00:00
1787068800000,0.02861,0.0287,0.02835,0.02842,4112822.0,2026-08-18 16:00:00+00:00
1787083200000,0.02841,0.02845,0.02804,0.0282,3011613.0,2026-08-18 20:00:00+00:00
1787097600000,0.02822,0.02835,0.02788,0.02832,3430070.0,2026-08-19 00:00:00+00:00
1787112000000,0.02831,0.02832,0.02799,0.02808,4107361.0,2026-08-19 04:00:00+00:00
1787126400000,0.02808,0.02842,0.02795,0.02821,3545459.0,2026-08-19 08:00:00+00:00
1787140800000,0.02821,0.02981,0.02816,0.02937,9794664.0,2026-08-19 12:00:00+00:00
1787155200000,0.02938,0.03027,0.0293,0.03013,16265632.0,2026-08-19 16:00:00+00:00
1787169600000,0.03013,0.0307,0.02991,0.03032,9880246.0,2026-08-19 20:00:00+00:00
1787184000000,0.03032,0.03073,0.03009,0.03023,4053844.0,2026-08-20 00:00:00+00:00
1787198400000,0.03023,0.0308,0.03017,0.03053,6310355.0,2026-08-20 04:00:00+00:00
1787212800000,0.03052,0.0332,0.03051,0.03271,61465366.0,2026-08-20 08:00:00+00:00
1787227200000,0.03273,0.03284,0.03172,0.03253,13104442.0,2026-08-20 12:00:00+00:00
1787241600000,0.03254,0.03262,0.03202,0.03211,6628290.0,2026-08-20 16:00:00+00:00
1787256000000,0.03211,0.03265,0.03205,0.03259,4443925.0,2026-08-20 20:00:00+00:00
1787270400000,0.03259,0.03297,0.0323,0.0325,5394307.0,2026-08-21 00:00:00+00:00
1787284800000,0.0325,0.03282,0.03236,0.03266,5231410.0,2026-08-21 04:00:00+00:00
1787299200000,0.03266,0.03434,0.03241,0.03413,21178996.0,2026-08-21 08:00:00+00:00
1787313600000,0.03413,0.03446,0.03378,0.034,6843366.0,2026-08-21 12:00:00+00:00
1787328000000,0.03401,0.03612,0.03377,0.03427,20642233.0,2026-08-21 16:00:00+00:00
1787342400000,0.03427,0.03512,0.03419,0.03499,5193205.0,2026-08-21 20:00:00+00:00
1787356800000,0.03498,0.0362,0.03482,0.0362,6873058.0,2026-08-22 00:00:00+00:00
1787371200000,0.03622,0.03653,0.03086,0.03405,22831965.0,2026-08-22 04:00:00+00:00
1787385600000,0.03405,0.03437,0.03288,0.03382,8368184.0,2026-08-22 08:00:00+00:00
1787400000000,0.03382,0.03442,0.03339,0.03339,5743079.0,2026-08-22 12:00:00+00:00
1787414400000,0.03339,0.034,0.03336,0.03365,3349746.0,2026-08-22 16:00:00+00:00
1787428800000,0.03365,0.03371,0.03295,0.0331,3164213.0,2026-08-22 20:00:00+00:00
1787443200000,0.0331,0.03353,0.03195,0.03222,6425586.0,2026-08-23 00:00:00+00:00
1787457600000,0.03222,0.03229,0.03152,0.03211,6435779.0,2026-08-23 04:00:00+00:00
1787472000000,0.03211,0.03428,0.0321,0.0339,12301742.0,2026-08-23 08:00:00+00:00
1787486400000,0.0339,0.03414,0.03333,0.03389,5564155.0,2026-08-23 12:00:00+00:00
1787500800000,0.03389,0.03444,0.03382,0.03396,2815819.0,2026-08-23 16:00:00+00:00
1787515200000,0.03396,0.03424,0.03369,0.03403,3903012.0,2026-08-23 20:00:00+00:00
1787529600000,0.03404,0.03404,0.03253,0.03268,4702128.0,2026-08-24 00:00:00+00:00
1787544000000,0.03268,0.03302,0.03252,0.03267,4158369.0,2026-08-24 04:00:00+00:00
1787558400000,0.03267,0.03315,0.0319,0.03279,16260382.0,2026-08-24 08:00:00+00:00
1787572800000,0.03279,0.03291,0.03167,0.03238,10417669.0,2026-08-24 12:00:00+00:00
1787587200000,0.03238,0.03255,0.0315,0.03179,7207373.0,2026-08-24 16:00:00+00:00
1787601600000,0.03181,0.03216,0.0316,0.0318,2098345.0,2026-08-24 20:00:00+00:00
1787616000000,0.0318,0.03232,0.03166,0.03199,4830531.0,2026-08-25 00:00:00+00:00
1787630400000,0.03199,0.03232,0.0311,0.03147,10030833.0,2026-08-25 04:00:00+00:00
1787644800000,0.03148,0.0319,0.03117,0.03124,6861015.0,2026-08-25 08:00:00+00:00
1787659200000,0.03125,0.03146,0.03089,0.03134,6581418.0,2026-08-25 12:00:00+00:00
1787673600000,0.03133,0.03138,0.03082,0.03088,3730082.0,2026-08-25 16:00:00+00:00
1787688000000,0.03088,0.03089,0.03003,0.03062,6899426.0,2026-08-25 20:00:00+00:00
1787702400000,0.03063,0.03199,0.03056,0.03163,9022148.0,2026-08-26 00:00:00+00:00
1787716800000,0.03164,0.03267,0.03124,0.03189,11146968.0,2026-08-26 04:00:00+00:00
1787731200000,0.03188,0.03218,0.03135,0.03203,7083733.0,2026-08-26 08:00:00+00:00
1787745600000,0.03203,0.03307,0.03137,0.03185,14001827.0,2026-08-26 12:00:00+00:00
1787760000000,0.03183,0.03207,0.03155,0.03171,4668805.0,2026-08-26 16:00:00+00:00
1787774400000,0.03171,0.03238,0.03148,0.0323,3127125.0,2026-08-26 20:00:00+00:00
1787788800000,0.0323,0.03232,0.03157,0.03165,3728758.0,2026-08-27 00:00:00+00:00
1787803200000,0.03165,0.03183,0.03134,0.03179,2969833.0,2026-08-27 04:00:00+00:00
1787817600000,0.03179,0.03241,0.03169,0.032,4698890.0,2026-08-27 08:00:00+00:00
1787832000000,0.032,0.0323,0.03178,0.03213,3429507.0,2026-08-27 12:00:00+00:00
1787846400000,0.03213,0.03247,0.03187,0.03233,4790838.0,2026-08-27 16:00:00+00:00
1787860800000,0.03234,0.03416,0.03228,0.0331,20809982.0,2026-08-27 20:00:00+00:00
1787875200000,0.03311,0.03445,0.03282,0.03289,16295839.0,2026-08-28 00:00:00+00:00
1787889600000,0.03288,0.03372,0.03238,0.03309,9974703.0,2026-08-28 04:00:00+00:00
1787904000000,0.03309,0.0332,0.03255,0.03303,5363521.0,2026-08-28 08:00:00+00:00
1787918400000,0.03303,0.03333,0.03222,0.03223,7926407.0,2026-08-28 12:00:00+00:00
1787932800000,0.03223,0.03226,0.0315,0.03185,7168560.0,2026-08-28 16:00:00+00:00
1787947200000,0.03184,0.03228,0.03178,0.03224,3242301.0,2026-08-28 20:00:00+00:00
1787961600000,0.03223,0.03264,0.03203,0.03203,3757765.0,2026-08-29 00:00:00+00:00
1787976000000,0.03202,0.03216,0.03167,0.0318,4424998.0,2026-08-29 04:00:00+00:00
1787990400000,0.03179,0.03182,0.03157,0.03169,2807604.0,2026-08-29 08:00:00+00:00
1788004800000,0.03168,0.03285,0.03162,0.03249,4683751.0,2026-08-29 12:00:00+00:00
1788019200000,0.03252,0.03259,0.03222,0.03234,3724346.0,2026-08-29 16:00:00+00:00
1788033600000,0.03234,0.03238,0.0319,0.03196,1853926.0,2026-08-29 20:00:00+00:00
1788048000000,0.03195,0.032,0.03096,0.03172,5747794.0,2026-08-30 00:00:00+00:00
1788062400000,0.03172,0.03193,0.03154,0.03171,2922701.0,2026-08-30 04:00:00+00:00
1788076800000,0.03171,0.03447,0.03162,0.03334,31252072.0,2026-08-30 08:00:00+00:00
1788091200000,0.03335,0.0334,0.0319,0.03195,11465179.0,2026-08-30 12:00:00+00:00
1788105600000,0.03197,0.0372,0.03193,0.03492,334819658.0,2026-08-30 16:00:00+00:00
1788120000000,0.03493,0.03513,0.03316,0.03375,29165090.0,2026-08-30 20:00:00+00:00
1788134400000,0.03374,0.04314,0.03353,0.04,367038615.0,2026-08-31 00:00:00+00:00
1788148800000,0.03998,0.0488,0.03811,0.04308,816725581.0,2026-08-31 04:00:00+00:00
1788163200000,0.04306,0.04581,0.03754,0.03948,843519118.0,2026-08-31 08:00:00+00:00
1788177600000,0.03947,0.04209,0.0383,0.0411,335084019.0,2026-08-31 12:00:00+00:00
1788192000000,0.0411,0.04157,0.03866,0.03968,186533164.0,2026-08-31 16:00:00+00:00
1788206400000,0.03969,0.04199,0.03878,0.04051,116119847.0,2026-08-31 20:00:00+00:00
1788220800000,0.04051,0.0446,0.03814,0.03848,307999545.0,2026-09-01 00:00:00+00:00
1788235200000,0.03848,0.03922,0.03716,0.03877,78753244.0,2026-09-01 04:00:00+00:00
1788249600000,0.03879,0.03882,0.03603,0.03666,88326168.0,2026-09-01 08:00:00+00:00
1788264000000,0.03665,0.03666,0.0348,0.03506,85104555.0,2026-09-01 12:00:00+00:00
1788278400000,0.03505,0.03546,0.03416,0.03534,45754403.0,2026-09-01 16:00:00+00:00
1788292800000,0.03534,0.03599,0.03448,0.03476,25091075.0,2026-09-01 20:00:00+00:00
1788307200000,0.03476,0.03515,0.03383,0.03434,53542055.0,2026-09-02 00:00:00+00:00
1788321600000,0.03433,0.04357,0.03404,0.04161,308190285.0,2026-09-02 04:00:00+00:00
1788336000000,0.04159,0.04217,0.03634,0.03851,278753165.0,2026-09-02 08:00:00+00:00
1788350400000,0.03851,0.03918,0.03581,0.03725,157707409.0,2026-09-02 12:00:00+00:00
1788364800000,0.03725,0.03842,0.03645,0.03666,40638758.0,2026-09-02 16:00:00+00:00
1788379200000,0.03667,0.04019,0.03423,0.03801,159972199.0,2026-09-02 20:00:00+00:00
1788393600000,0.03804,0.03804,0.03602,0.03625,48347623.0,2026-09-03 00:00:00+00:00
1788408000000,0.03626,0.03725,0.03609,0.03686,42266926.0,2026-09-03 04:00:00+00:00
1788422400000,0.03686,0.04013,0.03591,0.03845,145294500.0,2026-09-03 08:00:00+00:00
1788436800000,0.03846,0.04246,0.03768,0.04105,118689327.0,2026-09-03 12:00:00+00:00
1788451200000,0.04105,0.04347,0.03681,0.04047,175538689.0,2026-09-03 16:00:00+00:00
1788465600000,0.0405,0.0409,0.03788,0.03926,35986614.0,2026-09-03 20:00:00+00:00
1788480000000,0.03925,0.04264,0.03868,0.03977,102811255.0,2026-09-04 00:00:00+00:00
1788494400000,0.03976,0.04135,0.03842,0.03862,63402473.0,2026-09-04 04:00:00+00:00
1788508800000,0.03865,0.0418,0.0382,0.04021,94507966.0,2026-09-04 08:00:00+00:00
1788523200000,0.0402,0.05939,0.03691,0.05865,1056546874.0,2026-09-04 12:00:00+00:00
1788537600000,0.05863,0.06538,0.05372,0.0552,1714513096.0,2026-09-04 16:00:00+00:00
1788552000000,0.05519,0.05696,0.05007,0.05224,382873128.0,2026-09-04 20:00:00+00:00
1788566400000,0.05224,0.05796,0.04872,0.05581,583897642.0,2026-09-05 00:00:00+00:00
1788580800000,0.05579,0.05586,0.05005,0.05036,281551084.0,2026-09-05 04:00:00+00:00
1788595200000,0.05036,0.05779,0.05015,0.05433,417000394.0,2026-09-05 08:00:00+00:00
1788609600000,0.05433,0.05824,0.0533,0.05661,357982809.0,2026-09-05 12:00:00+00:00
1788624000000,0.05661,0.0654,0.05083,0.06213,578815047.0,2026-09-05 16:00:00+00:00
1788638400000,0.06215,0.06583,0.06031,0.06406,239294797.0,2026-09-05 20:00:00+00:00
1788652800000,0.06406,0.07473,0.06242,0.07029,424116142.0,2026-09-06 00:00:00+00:00
1788667200000,0.0703,0.07483,0.06792,0.07206,345371904.0,2026-09-06 04:00:00+00:00
1788681600000,0.07203,0.08198,0.07125,0.08031,814803469.0,2026-09-06 08:00:00+00:00
1788696000000,0.08031,0.08205,0.06938,0.07216,809752500.0,2026-09-06 12:00:00+00:00
1788710400000,0.07216,0.0747,0.07073,0.072,254067013.0,2026-09-06 16:00:00+00:00
1788724800000,0.072,0.07869,0.07117,0.07527,240139528.0,2026-09-06 20:00:00+00:00
1788739200000,0.07529,0.07975,0.07218,0.07257,240355048.0,2026-09-07 00:00:00+00:00
1788753600000,0.07257,0.0754,0.06877,0.06968,154942690.0,2026-09-07 04:00:00+00:00
1788768000000,0.06969,0.07069,0.06667,0.06815,150733099.0,2026-09-07 08:00:00+00:00
1788782400000,0.06817,0.07254,0.06222,0.07057,388996887.0,2026-09-07 12:00:00+00:00
1788796800000,0.07057,0.0738,0.06003,0.06327,759735660.0,2026-09-07 16:00:00+00:00
1788811200000,0.06327,0.06646,0.05501,0.06178,457960010.0,2026-09-07 20:00:00+00:00
1788825600000,0.06176,0.06552,0.05791,0.0621,273678906.0,2026-09-08 00:00:00+00:00
1788840000000,0.06208,0.06317,0.05975,0.06176,69207091.0,2026-09-08 04:00:00+00:00
1788854400000,0.06175,0.06198,0.05796,0.05834,79314691.0,2026-09-08 08:00:00+00:00
1788868800000,0.05833,0.07432,0.04991,0.06541,1108341293.0,2026-09-08 12:00:00+00:00
1788883200000,0.06543,0.06856,0.0634,0.06418,86025989.0,2026-09-08 16:00:00+00:00
1788897600000,0.0642,0.06577,0.06334,0.06528,48007907.0,2026-09-08 20:00:00+00:00
1788912000000,0.06527,0.06619,0.0605,0.06129,73329307.0,2026-09-09 00:00:00+00:00
1788926400000,0.06129,0.06298,0.06116,0.06236,39539741.0,2026-09-09 04:00:00+00:00
1788940800000,0.06236,0.06275,0.06065,0.06207,33564082.0,2026-09-09 08:00:00+00:00
1788955200000,0.06206,0.07488,0.06091,0.07001,491219386.0,2026-09-09 12:00:00+00:00
1788969600000,0.07003,0.07048,0.06459,0.06487,74985129.0,2026-09-09 16:00:00+00:00
1788984000000,0.06487,0.06666,0.06276,0.06593,44412065.0,2026-09-09 20:00:00+00:00
1788998400000,0.06595,0.0712,0.06218,0.0631,130957770.0,2026-09-10 00:00:00+00:00
1789012800000,0.0631,0.06321,0.06141,0.0623,31968599.0,2026-09-10 04:00:00+00:00
1789027200000,0.0623,0.06291,0.06146,0.06178,31057060.0,2026-09-10 08:00:00+00:00
1789041600000,0.06179,0.06612,0.0602,0.0617,190133221.0,2026-09-10 12:00:00+00:00
1789056000000,0.06171,0.06377,0.05925,0.06071,79207510.0,2026-09-10 16:00:00+00:00
1789070400000,0.06072,0.06094,0.05982,0.06029,15879955.0,2026-09-10 20:00:00+00:00
1789084800000,0.0603,0.0616,0.05935,0.06134,30067628.0,2026-09-11 00:00:00+00:00
1789099200000,0.06134,0.0614,0.05988,0.06034,14688992.0,2026-09-11 04:00:00+00:00
1789113600000,0.06035,0.06109,0.05975,0.06035,17076608.0,2026-09-11 08:00:00+00:00
1789128000000,0.06036,0.06698,0.0598,0.06094,211529974.0,2026-09-11 12:00:00+00:00
1789142400000,0.06096,0.06365,0.06065,0.0612,44779140.0,2026-09-11 16:00:00+00:00
1789156800000,0.0612,0.06153,0.05988,0.06057,13830717.0,2026-09-11 20:00:00+00:00
1789171200000,0.06056,0.06093,0.06,0.06034,12134784.0,2026-09-12 00:00:00+00:00
1789185600000,0.06035,0.06162,0.05847,0.06053,30193258.0,2026-09-12 04:00:00+00:00
1789200000000,0.06056,0.06837,0.06039,0.06408,225602063.0,2026-09-12 08:00:00+00:00
1789214400000,0.06406,0.0758,0.06388,0.07345,439611021.0,2026-09-12 12:00:00+00:00
1789228800000,0.07347,0.08619,0.07305,0.08035,766798727.0,2026-09-12 16:00:00+00:00
1789243200000,0.08035,0.08273,0.07539,0.07847,292936966.0,2026-09-12 20:00:00+00:00
1789257600000,0.07846,0.07858,0.07318,0.07543,122050277.0,2026-09-13 00:00:00+00:00
