ts,open,high,low,close,volume,dt
1735819200000,0.40692,0.41481,0.38644,0.3964,23589394.0,2025-01-02 12:00:00+00:00
1735833600000,0.39623,0.41904,0.36316,0.40263,59613215.0,2025-01-02 16:00:00+00:00
1735848000000,0.40263,0.43199,0.381,0.4283,24869276.0,2025-01-02 20:00:00+00:00
1735862400000,0.42857,0.44054,0.38628,0.39406,22326589.0,2025-01-03 00:00:00+00:00
1735876800000,0.39374,0.42428,0.37597,0.40792,27021175.0,2025-01-03 04:00:00+00:00
1735891200000,0.4076,0.44151,0.38814,0.43657,38629164.0,2025-01-03 08:00:00+00:00
1735905600000,0.43653,0.43684,0.39595,0.42639,40228353.0,2025-01-03 12:00:00+00:00
1735920000000,0.42636,0.48896,0.42596,0.47858,101847580.0,2025-01-03 16:00:00+00:00
1735934400000,0.47839,0.47956,0.451,0.46277,37564157.0,2025-01-03 20:00:00+00:00
1735948800000,0.46274,0.46737,0.42697,0.43714,29440058.0,2025-01-04 00:00:00+00:00
1735963200000,0.43714,0.44606,0.42483,0.4367,24427227.0,2025-01-04 04:00:00+00:00
1735977600000,0.4367,0.43682,0.41502,0.42443,19965761.0,2025-01-04 08:00:00+00:00
1735992000000,0.42445,0.43228,0.4111,0.4274,23122620.0,2025-01-04 12:00:00+00:00
1736006400000,0.42741,0.44913,0.4205,0.42307,24157973.0,2025-01-04 16:00:00+00:00
1736020800000,0.42307,0.43966,0.41705,0.4353,15882541.0,2025-01-04 20:00:00+00:00
1736035200000,0.43539,0.45116,0.429,0.43983,17982303.0,2025-01-05 00:00:00+00:00
1736049600000,0.43976,0.45234,0.4121,0.42603,20925483.0,2025-01-05 04:00:00+00:00
1736064000000,0.42598,0.429,0.38533,0.39831,27564785.0,2025-01-05 08:00:00+00:00
1736078400000,0.3983,0.40176,0.37813,0.38572,24466364.0,2025-01-05 12:00:00+00:00
1736092800000,0.38584,0.39623,0.37701,0.38898,22921516.0,2025-01-05 16:00:00+00:00
1736107200000,0.38898,0.39858,0.38528,0.38613,13124414.0,2025-01-05 20:00:00+00:00
1736121600000,0.38616,0.42,0.3775,0.41286,27264843.0,2025-01-06 00:00:00+00:00
1736136000000,0.41288,0.44636,0.41045,0.43283,40073281.0,2025-01-06 04:00:00+00:00
1736150400000,0.43283,0.46555,0.42427,0.45969,90304388.0,2025-01-06 08:00:00+00:00
1736164800000,0.45982,0.5069,0.45881,0.50031,243142451.0,2025-01-06 12:00:00+00:00
1736179200000,0.50032,0.5298,0.49538,0.51696,221237035.0,2025-01-06 16:00:00+00:00
1736193600000,0.51693,0.52082,0.47859,0.48328,150862932.0,2025-01-06 20:00:00+00:00
1736208000000,0.48328,0.50488,0.48022,0.48767,103687429.0,2025-01-07 00:00:00+00:00
1736222400000,0.48759,0.49669,0.47299,0.49302,89636226.0,2025-01-07 04:00:00+00:00
1736236800000,0.49282,0.4973,0.47082,0.47619,82564785.0,2025-01-07 08:00:00+00:00
1736251200000,0.47631,0.4823,0.44233,0.44929,75092632.0,2025-01-07 12:00:00+00:00
1736265600000,0.44934,0.45984,0.44266,0.44956,37439494.0,2025-01-07 16:00:00+00:00
1736280000000,0.44964,0.4575,0.43397,0.43635,32389532.0,2025-01-07 20:00:00+00:00
1736294400000,0.43628,0.461,0.43571,0.44507,43812668.0,2025-01-08 00:00:00+00:00
1736308800000,0.44513,0.44862,0.42401,0.42616,44533742.0,2025-01-08 04:00:00+00:00
1736323200000,0.42616,0.4471,0.41694,0.41825,37635539.0,2025-01-08 08:00:00+00:00
1736337600000,0.4182,0.42377,0.3989,0.40672,44819232.0,2025-01-08 12:00:00+00:00
1736352000000,0.40672,0.42354,0.36785,0.41323,67587117.0,2025-01-08 16:00:00+00:00
1736366400000,0.41311,0.4165,0.40202,0.41275,21799828.0,2025-01-08 20:00:00+00:00
1736380800000,0.41265,0.42762,0.38465,0.38892,36521932.0,2025-01-09 00:00:00+00:00
1736395200000,0.38894,0.3955,0.36707,0.37088,28140430.0,2025-01-09 04:00:00+00:00
1736409600000,0.37089,0.38116,0.36568,0.36922,25188121.0,2025-01-09 08:00:00+00:00
1736424000000,0.36926,0.38429,0.34223,0.37728,52205553.0,2025-01-09 12:00:00+00:00
1736438400000,0.37741,0.38536,0.33785,0.33828,48652213.0,2025-01-09 16:00:00+00:00
1736452800000,0.33833,0.35498,0.3321,0.34917,36833507.0,2025-01-09 20:00:00+00:00
1736467200000,0.34925,0.3769,0.34429,0.37293,27483069.0,2025-01-10 00:00:00+00:00
1736481600000,0.37303,0.39587,0.36516,0.39286,32122191.0,2025-01-10 04:00:00+00:00
1736496000000,0.39282,0.43135,0.38374,0.4155,67362246.0,2025-01-10 08:00:00+00:00
1736510400000,0.4155,0.42097,0.37035,0.38629,70138282.0,2025-01-10 12:00:00+00:00
1736524800000,0.38633,0.4348,0.38376,0.41631,59875407.0,2025-01-10 16:00:00+00:00
1736539200000,0.41643,0.42063,0.40391,0.4104,36212409.0,2025-01-10 20:00:00+00:00
1736553600000,0.41035,0.41682,0.3962,0.40299,38414127.0,2025-01-11 00:00:00+00:00
1736568000000,0.4031,0.40703,0.38406,0.40352,39462102.0,2025-01-11 04:00:00+00:00
1736582400000,0.4033,0.40736,0.387,0.3888,29853518.0,2025-01-11 08:00:00+00:00
1736596800000,0.38886,0.404,0.37991,0.40296,30692264.0,2025-01-11 12:00:00+00:00
1736611200000,0.40283,0.40341,0.38003,0.38182,24474901.0,2025-01-11 16:00:00+00:00
1736625600000,0.38184,0.40874,0.37751,0.38822,27476013.0,2025-01-11 20:00:00+00:00
1736640000000,0.38828,0.38875,0.37,0.37585,18574036.0,2025-01-12 00:00:00+00:00
1736654400000,0.37582,0.38136,0.36117,0.36713,26761173.0,2025-01-12 04:00:00+00:00
1736668800000,0.36701,0.36875,0.35514,0.36114,25625929.0,2025-01-12 08:00:00+00:00
1736683200000,0.36115,0.3726,0.35747,0.36696,28737233.0,2025-01-12 12:00:00+00:00
1736697600000,0.36696,0.37041,0.34771,0.34833,26638715.0,2025-01-12 16:00:00+00:00
1736712000000,0.34837,0.35072,0.33689,0.33775,24241289.0,2025-01-12 20:00:00+00:00
1736726400000,0.33778,0.36102,0.32008,0.32076,51568466.0,2025-01-13 00:00:00+00:00
1736740800000,0.32077,0.33213,0.30764,0.31443,41672405.0,2025-01-13 04:00:00+00:00
1736755200000,0.31445,0.31621,0.28877,0.28927,56091998.0,2025-01-13 08:00:00+00:00
1736769600000,0.28934,0.33095,0.289,0.31984,88549141.0,2025-01-13 12:00:00+00:00
1736784000000,0.3198,0.33439,0.31306,0.32658,49451880.0,2025-01-13 16:00:00+00:00
1736798400000,0.32665,0.37055,0.32026,0.36701,56614864.0,2025-01-13 20:00:00+00:00
1736812800000,0.36701,0.3763,0.35739,0.36229,45498848.0,2025-01-14 00:00:00+00:00
1736827200000,0.36224,0.39398,0.36224,0.36837,61979836.0,2025-01-14 04:00:00+00:00
1736841600000,0.36823,0.39211,0.36569,0.37705,58104687.0,2025-01-14 08:00:00+00:00
1736856000000,0.37702,0.43193,0.3695,0.42288,120117068.0,2025-01-14 12:00:00+00:00
1736870400000,0.42293,0.43738,0.41044,0.43246,102275608.0,2025-01-14 16:00:00+00:00
1736884800000,0.43244,0.46951,0.42892,0.45053,88219700.0,2025-01-14 20:00:00+00:00
1736899200000,0.45053,0.4585,0.4275,0.43953,68259585.0,2025-01-15 00:00:00+00:00
1736913600000,0.43953,0.45999,0.42752,0.43922,65446219.0,2025-01-15 04:00:00+00:00
1736928000000,0.43918,0.44398,0.4138,0.42079,57527204.0,2025-01-15 08:00:00+00:00
1736942400000,0.42082,0.56931,0.41797,0.53924,244786389.0,2025-01-15 12:00:00+00:00
1736956800000,0.53924,0.57879,0.53705,0.56019,193163975.0,2025-01-15 16:00:00+00:00
1736971200000,0.56013,0.57717,0.54432,0.55988,77342714.0,2025-01-15 20:00:00+00:00
1736985600000,0.56,0.57497,0.54987,0.56369,76216852.0,2025-01-16 00:00:00+00:00
1737000000000,0.56362,0.59,0.54033,0.55315,89229892.0,2025-01-16 04:00:00+00:00
1737014400000,0.55325,0.57197,0.54513,0.5669,62931692.0,2025-01-16 08:00:00+00:00
1737028800000,0.56689,0.5707,0.52171,0.55023,109128145.0,2025-01-16 12:00:00+00:00
1737043200000,0.55013,0.56791,0.54331,0.55788,36882482.0,2025-01-16 16:00:00+00:00
1737057600000,0.5579,0.56188,0.51373,0.51862,36761219.0,2025-01-16 20:00:00+00:00
1737072000000,0.51856,0.52856,0.49529,0.51071,43651251.0,2025-01-17 00:00:00+00:00
1737086400000,0.51068,0.5699,0.50355,0.5635,39948174.0,2025-01-17 04:00:00+00:00
1737100800000,0.56352,0.58536,0.51565,0.5204,65605126.0,2025-01-17 08:00:00+00:00
1737115200000,0.52043,0.52595,0.48061,0.48374,41443430.0,2025-01-17 12:00:00+00:00
1737129600000,0.48361,0.50219,0.46087,0.46283,43929390.0,2025-01-17 16:00:00+00:00
1737144000000,0.46283,0.49731,0.46283,0.49005,26672114.0,2025-01-17 20:00:00+00:00
1737158400000,0.49006,0.49079,0.41335,0.41405,52066967.0,2025-01-18 00:00:00+00:00
1737172800000,0.41395,0.448,0.40447,0.44125,87017372.0,2025-01-18 04:00:00+00:00
1737187200000,0.44124,0.45336,0.41226,0.41678,54363413.0,2025-01-18 08:00:00+00:00
1737201600000,0.41676,0.43264,0.38255,0.41104,60751554.0,2025-01-18 12:00:00+00:00
1737216000000,0.41106,0.44514,0.40822,0.44039,57351451.0,2025-01-18 16:00:00+00:00
1737230400000,0.4404,0.52961,0.42983,0.48539,78060561.0,2025-01-18 20:00:00+00:00
1737244800000,0.48545,0.54506,0.48165,0.48381,81541610.0,2025-01-19 00:00:00+00:00
1737259200000,0.48392,0.48486,0.43488,0.46205,61291474.0,2025-01-19 04:00:00+00:00
1737273600000,0.46201,0.6,0.4512,0.5633,130231804.0,2025-01-19 08:00:00+00:00
1737288000000,0.5635,0.58625,0.5,0.54054,92977154.0,2025-01-19 12:00:00+00:00
1737302400000,0.54054,0.62015,0.53097,0.576,76500511.0,2025-01-19 16:00:00+00:00
1737316800000,0.576,0.58187,0.47666,0.49058,84975977.0,2025-01-19 20:00:00+00:00
1737331200000,0.4904,0.49314,0.4375,0.48162,87352593.0,2025-01-20 00:00:00+00:00
1737345600000,0.4817,0.52636,0.45341,0.4963,85088625.0,2025-01-20 04:00:00+00:00
1737360000000,0.49659,0.51076,0.46559,0.46764,47576734.0,2025-01-20 08:00:00+00:00
1737374400000,0.46763,0.46916,0.42599,0.4289,65797269.0,2025-01-20 12:00:00+00:00
1737388800000,0.42877,0.49526,0.41739,0.48894,95938494.0,2025-01-20 16:00:00+00:00
1737403200000,0.48878,0.54966,0.48009,0.54209,51086321.0,2025-01-20 20:00:00+00:00
1737417600000,0.54217,0.55734,0.48586,0.49499,64949537.0,2025-01-21 00:00:00+00:00
1737432000000,0.4951,0.49877,0.46533,0.47046,38588249.0,2025-01-21 04:00:00+00:00
1737446400000,0.47066,0.48061,0.45337,0.46229,34771594.0,2025-01-21 08:00:00+00:00
1737460800000,0.46224,0.50094,0.45453,0.48942,46106377.0,2025-01-21 12:00:00+00:00
1737475200000,0.48946,0.5875,0.48222,0.55174,83825085.0,2025-01-21 16:00:00+00:00
1737489600000,0.5518,0.57606,0.53723,0.5488,41806911.0,2025-01-21 20:00:00+00:00
1737504000000,0.54887,0.64449,0.53612,0.60356,71476352.0,2025-01-22 00:00:00+00:00
1737518400000,0.60378,0.62048,0.58771,0.60139,43407827.0,2025-01-22 04:00:00+00:00
1737532800000,0.60137,0.60144,0.52436,0.54224,62232235.0,2025-01-22 08:00:00+00:00
1737547200000,0.54243,0.549,0.52198,0.54336,41245894.0,2025-01-22 12:00:00+00:00
1737561600000,0.54341,0.61744,0.52843,0.57633,60828179.0,2025-01-22 16:00:00+00:00
1737576000000,0.5764,0.59872,0.51456,0.5196,45890587.0,2025-01-22 20:00:00+00:00
1737590400000,0.51961,0.52272,0.47688,0.50591,53288278.0,2025-01-23 00:00:00+00:00
1737604800000,0.50601,0.5466,0.50339,0.51142,49106473.0,2025-01-23 04:00:00+00:00
1737619200000,0.51147,0.53374,0.50208,0.52877,33216366.0,2025-01-23 08:00:00+00:00
1737633600000,0.52888,0.56264,0.50273,0.52208,64798048.0,2025-01-23 12:00:00+00:00
1737648000000,0.52215,0.55517,0.48402,0.48643,44290014.0,2025-01-23 16:00:00+00:00
1737662400000,0.48651,0.53304,0.48631,0.49541,42280587.0,2025-01-23 20:00:00+00:00
1737676800000,0.4954,0.50273,0.45006,0.47544,46697967.0,2025-01-24 00:00:00+00:00
1737691200000,0.47565,0.51533,0.46757,0.49135,43718952.0,2025-01-24 04:00:00+00:00
1737705600000,0.49153,0.50857,0.48788,0.50528,27775666.0,2025-01-24 08:00:00+00:00
1737720000000,0.50526,0.51645,0.47292,0.48165,39498623.0,2025-01-24 12:00:00+00:00
1737734400000,0.48169,0.49128,0.44094,0.44424,34390752.0,2025-01-24 16:00:00+00:00
1737748800000,0.44427,0.45151,0.42396,0.42744,31454349.0,2025-01-24 20:00:00+00:00
1737763200000,0.42744,0.44004,0.41697,0.43335,28810259.0,2025-01-25 00:00:00+00:00
1737777600000,0.43329,0.4516,0.41839,0.43772,28516940.0,2025-01-25 04:00:00+00:00
1737792000000,0.43767,0.45082,0.43162,0.44907,19860888.0,2025-01-25 08:00:00+00:00
1737806400000,0.44907,0.44908,0.42919,0.43816,24309170.0,2025-01-25 12:00:00+00:00
1737820800000,0.43816,0.46924,0.42906,0.45307,29121872.0,2025-01-25 16:00:00+00:00
1737835200000,0.45307,0.46039,0.42524,0.4272,23641053.0,2025-01-25 20:00:00+00:00
1737849600000,0.4272,0.44539,0.42539,0.43806,18324917.0,2025-01-26 00:00:00+00:00
1737864000000,0.43789,0.44176,0.4121,0.41641,26919346.0,2025-01-26 04:00:00+00:00
1737878400000,0.41644,0.44181,0.41022,0.44148,47457830.0,2025-01-26 08:00:00+00:00
1737892800000,0.44153,0.44432,0.38541,0.39011,49134383.0,2025-01-26 12:00:00+00:00
1737907200000,0.39011,0.4249,0.38432,0.4016,40503547.0,2025-01-26 16:00:00+00:00
1737921600000,0.40168,0.41036,0.35389,0.35573,47103626.0,2025-01-26 20:00:00+00:00
1737936000000,0.35571,0.36295,0.29652,0.32513,102043042.0,2025-01-27 00:00:00+00:00
1737950400000,0.32513,0.32705,0.28917,0.30481,70994451.0,2025-01-27 04:00:00+00:00
1737964800000,0.30469,0.30818,0.26777,0.28565,113463408.0,2025-01-27 08:00:00+00:00
1737979200000,0.28567,0.3401,0.2853,0.32114,134527810.0,2025-01-27 12:00:00+00:00
1737993600000,0.3212,0.33103,0.28996,0.29434,68455276.0,2025-01-27 16:00:00+00:00
1738008000000,0.29427,0.33435,0.29369,0.31363,83697232.0,2025-01-27 20:00:00+00:00
1738022400000,0.31371,0.32992,0.31274,0.32371,48680181.0,2025-01-28 00:00:00+00:00
1738036800000,0.32372,0.33916,0.29925,0.30252,48078574.0,2025-01-28 04:00:00+00:00
1738051200000,0.30256,0.30436,0.2917,0.2983,43436996.0,2025-01-28 08:00:00+00:00
1738065600000,0.2984,0.30918,0.28554,0.2973,74950904.0,2025-01-28 12:00:00+00:00
1738080000000,0.29725,0.29788,0.26328,0.26445,70058642.0,2025-01-28 16:00:00+00:00
1738094400000,0.26444,0.26886,0.23429,0.24333,94914081.0,2025-01-28 20:00:00+00:00
1738108800000,0.24337,0.25794,0.2419,0.25232,62102451.0,2025-01-29 00:00:00+00:00
1738123200000,0.25237,0.27836,0.2481,0.27607,88722117.0,2025-01-29 04:00:00+00:00
1738137600000,0.27604,0.28335,0.26298,0.27644,57999908.0,2025-01-29 08:00:00+00:00
1738152000000,0.27645,0.27646,0.25396,0.25963,44528168.0,2025-01-29 12:00:00+00:00
1738166400000,0.25963,0.29273,0.23,0.28892,116172533.0,2025-01-29 16:00:00+00:00
1738180800000,0.28898,0.3145,0.26179,0.28116,172607230.0,2025-01-29 20:00:00+00:00
1738195200000,0.28117,0.28131,0.24631,0.25216,92770481.0,2025-01-30 00:00:00+00:00
1738209600000,0.25209,0.2666,0.25005,0.2604,74772464.0,2025-01-30 04:00:00+00:00
1738224000000,0.26036,0.26833,0.25097,0.26535,62582165.0,2025-01-30 08:00:00+00:00
1738238400000,0.26545,0.27079,0.25012,0.26313,114624859.0,2025-01-30 12:00:00+00:00
1738252800000,0.26316,0.2692,0.23602,0.24895,152047712.0,2025-01-30 16:00:00+00:00
1738267200000,0.24894,0.25366,0.22101,0.2245,176849941.0,2025-01-30 20:00:00+00:00
1738281600000,0.22449,0.22898,0.21251,0.21643,135551086.0,2025-01-31 00:00:00+00:00
1738296000000,0.21631,0.21696,0.19872,0.21261,120754978.0,2025-01-31 04:00:00+00:00
1738310400000,0.21256,0.2262,0.20431,0.22483,140175521.0,2025-01-31 08:00:00+00:00
1738324800000,0.22485,0.22765,0.21193,0.22315,157711226.0,2025-01-31 12:00:00+00:00
1738339200000,0.22321,0.22632,0.191,0.21559,196664505.0,2025-01-31 16:00:00+00:00
1738353600000,0.21552,0.21621,0.20304,0.20626,164953785.0,2025-01-31 20:00:00+00:00
1738368000000,0.20626,0.2209,0.20269,0.21006,124034274.0,2025-02-01 00:00:00+00:00
1738382400000,0.21006,0.21474,0.20104,0.20255,63500486.0,2025-02-01 04:00:00+00:00
1738396800000,0.20252,0.20568,0.1953,0.20064,68540530.0,2025-02-01 08:00:00+00:00
1738411200000,0.20066,0.20148,0.18519,0.18867,81431966.0,2025-02-01 12:00:00+00:00
1738425600000,0.18869,0.18882,0.15742,0.15866,202023710.0,2025-02-01 16:00:00+00:00
1738440000000,0.15861,0.16693,0.15333,0.16011,123066338.0,2025-02-01 20:00:00+00:00
1738454400000,0.1601,0.16578,0.15474,0.15714,90316442.0,2025-02-02 00:00:00+00:00
1738468800000,0.15721,0.17282,0.15592,0.16676,82233466.0,2025-02-02 04:00:00+00:00
1738483200000,0.16671,0.17661,0.16504,0.17034,72580278.0,2025-02-02 08:00:00+00:00
1738497600000,0.17034,0.17684,0.16019,0.17197,119235976.0,2025-02-02 12:00:00+00:00
1738512000000,0.17193,0.1723,0.13747,0.15324,212147813.0,2025-02-02 16:00:00+00:00
1738526400000,0.1532,0.15817,0.13216,0.14608,152083318.0,2025-02-02 20:00:00+00:00
1738540800000,0.1461,0.14725,0.09918,0.12885,301909728.0,2025-02-03 00:00:00+00:00
1738555200000,0.12889,0.13462,0.11854,0.13407,108615379.0,2025-02-03 04:00:00+00:00
1738569600000,0.13402,0.14712,0.12961,0.13612,103411292.0,2025-02-03 08:00:00+00:00
1738584000000,0.13621,0.18882,0.12806,0.17752,224851702.0,2025-02-03 12:00:00+00:00
1738598400000,0.17757,0.21785,0.17541,0.21175,238978433.0,2025-02-03 16:00:00+00:00
1738612800000,0.21163,0.24475,0.19555,0.24148,217811281.0,2025-02-03 20:00:00+00:00
1738627200000,0.24148,0.25251,0.22175,0.22542,306010124.0,2025-02-04 00:00:00+00:00
1738641600000,0.2254,0.23658,0.20373,0.21418,501476400.0,2025-02-04 04:00:00+00:00
1738656000000,0.21419,0.24439,0.20643,0.23776,394234082.0,2025-02-04 08:00:00+00:00
1738670400000,0.23784,0.28129,0.23066,0.25822,582021103.0,2025-02-04 12:00:00+00:00
1738684800000,0.25809,0.26109,0.2182,0.21839,320604372.0,2025-02-04 16:00:00+00:00
1738699200000,0.21847,0.22288,0.19864,0.21436,234713077.0,2025-02-04 20:00:00+00:00
1738713600000,0.21436,0.22653,0.20977,0.21279,147949290.0,2025-02-05 00:00:00+00:00
1738728000000,0.2128,0.2209,0.2045,0.20773,108599498.0,2025-02-05 04:00:00+00:00
1738742400000,0.2077,0.21471,0.19782,0.20637,156666656.0,2025-02-05 08:00:00+00:00
1738756800000,0.20634,0.20663,0.18847,0.18966,175057978.0,2025-02-05 12:00:00+00:00
1738771200000,0.18964,0.1906,0.17561,0.17817,198243180.0,2025-02-05 16:00:00+00:00
1738785600000,0.17818,0.18162,0.16291,0.16458,120356772.0,2025-02-05 20:00:00+00:00
1738800000000,0.16458,0.1818,0.16457,0.17643,132563387.0,2025-02-06 00:00:00+00:00
1738814400000,0.17642,0.17977,0.16562,0.16684,93000405.0,2025-02-06 04:00:00+00:00
1738828800000,0.16688,0.16894,0.14763,0.1512,176017234.0,2025-02-06 08:00:00+00:00
1738843200000,0.1512,0.15726,0.14124,0.14207,222646556.0,2025-02-06 12:00:00+00:00
1738857600000,0.14213,0.15265,0.13627,0.14544,205327521.0,2025-02-06 16:00:00+00:00
1738872000000,0.14546,0.15085,0.14111,0.14276,92268711.0,2025-02-06 20:00:00+00:00
1738886400000,0.14277,0.15461,0.13847,0.14596,138770615.0,2025-02-07 00:00:00+00:00
1738900800000,0.14598,0.15416,0.13342,0.14039,169578767.0,2025-02-07 04:00:00+00:00
1738915200000,0.14038,0.159,0.13994,0.15185,130394188.0,2025-02-07 08:00:00+00:00
1738929600000,0.15183,0.16811,0.14435,0.14964,303026833.0,2025-02-07 12:00:00+00:00
1738944000000,0.1496,0.1522,0.12939,0.13019,150653138.0,2025-02-07 16:00:00+00:00
1738958400000,0.1302,0.13139,0.12184,0.12357,144008208.0,2025-02-07 20:00:00+00:00
1738972800000,0.12357,0.12919,0.1212,0.12447,113984477.0,2025-02-08 00:00:00+00:00
1738987200000,0.12446,0.13081,0.12156,0.12886,85870772.0,2025-02-08 04:00:00+00:00
1739001600000,0.12886,0.13631,0.12648,0.13583,95648520.0,2025-02-08 08:00:00+00:00
1739016000000,0.13583,0.1483,0.13418,0.1348,138954619.0,2025-02-08 12:00:00+00:00
1739030400000,0.13481,0.1547,0.13306,0.14877,137151640.0,2025-02-08 16:00:00+00:00
1739044800000,0.14875,0.15333,0.13996,0.14432,78644862.0,2025-02-08 20:00:00+00:00
1739059200000,0.14431,0.1555,0.13969,0.15035,121169387.0,2025-02-09 00:00:00+00:00
1739073600000,0.15026,0.15067,0.13618,0.13722,97662203.0,2025-02-09 04:00:00+00:00
1739088000000,0.13723,0.14052,0.13294,0.13395,82993047.0,2025-02-09 08:00:00+00:00
1739102400000,0.13397,0.1355,0.12824,0.1309,73021262.0,2025-02-09 12:00:00+00:00
1739116800000,0.13086,0.13255,0.12767,0.13032,50249233.0,2025-02-09 16:00:00+00:00
1739131200000,0.1303,0.13813,0.12981,0.13461,112026168.0,2025-02-09 20:00:00+00:00
1739145600000,0.13461,0.14598,0.12666,0.13806,147980886.0,2025-02-10 00:00:00+00:00
1739160000000,0.13804,0.14748,0.13555,0.14422,101561974.0,2025-02-10 04:00:00+00:00
1739174400000,0.14425,0.15246,0.14022,0.14758,131140530.0,2025-02-10 08:00:00+00:00
1739188800000,0.14759,0.16747,0.14622,0.15721,252895079.0,2025-02-10 12:00:00+00:00
1739203200000,0.1572,0.16308,0.1445,0.14493,116076175.0,2025-02-10 16:00:00+00:00
1739217600000,0.14491,0.14877,0.13483,0.13607,76293255.0,2025-02-10 20:00:00+00:00
1739232000000,0.13607,0.16588,0.13594,0.1591,199274105.0,2025-02-11 00:00:00+00:00
1739246400000,0.15913,0.17962,0.1577,0.17572,180867236.0,2025-02-11 04:00:00+00:00
1739260800000,0.1757,0.18087,0.16386,0.16559,127753813.0,2025-02-11 08:00:00+00:00
1739275200000,0.16558,0.17094,0.15368,0.16593,175195073.0,2025-02-11 12:00:00+00:00
1739289600000,0.16589,0.17424,0.15512,0.15776,140306359.0,2025-02-11 16:00:00+00:00
1739304000000,0.15779,0.16674,0.15204,0.16099,126993895.0,2025-02-11 20:00:00+00:00
1739318400000,0.161,0.16949,0.15677,0.15802,139812626.0,2025-02-12 00:00:00+00:00
1739332800000,0.15802,0.15947,0.14661,0.14862,120557288.0,2025-02-12 04:00:00+00:00
1739347200000,0.14864,0.1498,0.14004,0.14709,105585352.0,2025-02-12 08:00:00+00:00
1739361600000,0.14714,0.15817,0.13617,0.1405,230033698.0,2025-02-12 12:00:00+00:00
1739376000000,0.14053,0.15121,0.135,0.14553,106972698.0,2025-02-12 16:00:00+00:00
1739390400000,0.14553,0.18986,0.14177,0.18114,167078939.0,2025-02-12 20:00:00+00:00
1739404800000,0.1812,0.18204,0.16507,0.17528,117014410.0,2025-02-13 00:00:00+00:00
1739419200000,0.17525,0.17597,0.15775,0.15889,67244858.0,2025-02-13 04:00:00+00:00
1739433600000,0.15889,0.16392,0.15668,0.1593,66154948.0,2025-02-13 08:00:00+00:00
1739448000000,0.15927,0.16068,0.14912,0.15272,113910206.0,2025-02-13 12:00:00+00:00
1739462400000,0.15274,0.15586,0.14759,0.1518,67061563.0,2025-02-13 16:00:00+00:00
1739476800000,0.15181,0.15445,0.14727,0.15254,49411576.0,2025-02-13 20:00:00+00:00
1739491200000,0.15253,0.15451,0.14838,0.15282,67925025.0,2025-02-14 00:00:00+00:00
1739505600000,0.15281,0.15462,0.14402,0.1486,84054589.0,2025-02-14 04:00:00+00:00
1739520000000,0.14857,0.15947,0.14675,0.15099,111388417.0,2025-02-14 08:00:00+00:00
1739534400000,0.15101,0.1525,0.13821,0.151,163643636.0,2025-02-14 12:00:00+00:00
1739548800000,0.15101,0.16956,0.14801,0.1554,166656355.0,2025-02-14 16:00:00+00:00
1739563200000,0.15538,0.15655,0.13328,0.1416,149353452.0,2025-02-14 20:00:00+00:00
1739577600000,0.14164,0.14203,0.1341,0.13594,77179985.0,2025-02-15 00:00:00+00:00
1739592000000,0.13594,0.13753,0.12855,0.13189,74696894.0,2025-02-15 04:00:00+00:00
1739606400000,0.13191,0.13196,0.12224,0.1241,71248742.0,2025-02-15 08:00:00+00:00
1739620800000,0.12409,0.1256,0.11901,0.11952,74279587.0,2025-02-15 12:00:00+00:00
1739635200000,0.11951,0.12236,0.11479,0.11924,94825742.0,2025-02-15 16:00:00+00:00
1739649600000,0.11924,0.12026,0.11733,0.11808,51100372.0,2025-02-15 20:00:00+00:00
1739664000000,0.1181,0.11989,0.11131,0.11708,98171783.0,2025-02-16 00:00:00+00:00
1739678400000,0.1171,0.12196,0.11589,0.12118,76810481.0,2025-02-16 04:00:00+00:00
1739692800000,0.12119,0.12401,0.11818,0.12321,81464043.0,2025-02-16 08:00:00+00:00
1739707200000,0.12321,0.12347,0.11444,0.11945,140950080.0,2025-02-16 12:00:00+00:00
1739721600000,0.11946,0.12057,0.11233,0.11628,95862111.0,2025-02-16 16:00:00+00:00
1739736000000,0.1163,0.11929,0.11366,0.11613,71787810.0,2025-02-16 20:00:00+00:00
1739750400000,0.11615,0.11851,0.11316,0.11627,75941907.0,2025-02-17 00:00:00+00:00
1739764800000,0.11625,0.11672,0.10199,0.10395,181826480.0,2025-02-17 04:00:00+00:00
1739779200000,0.10394,0.11335,0.10181,0.1121,127226842.0,2025-02-17 08:00:00+00:00
1739793600000,0.11211,0.11521,0.104,0.10528,120090935.0,2025-02-17 12:00:00+00:00
1739808000000,0.10531,0.10669,0.09259,0.09308,201641983.0,2025-02-17 16:00:00+00:00
1739822400000,0.09307,0.09804,0.09296,0.09561,108881173.0,2025-02-17 20:00:00+00:00
1739836800000,0.09561,0.09794,0.09429,0.09575,82526967.0,2025-02-18 00:00:00+00:00
1739851200000,0.09575,0.09598,0.08634,0.08763,173298953.0,2025-02-18 04:00:00+00:00
1739865600000,0.08768,0.09156,0.08538,0.08955,118992427.0,2025-02-18 08:00:00+00:00
1739880000000,0.08954,0.09152,0.08393,0.08436,155647411.0,2025-02-18 12:00:00+00:00
1739894400000,0.08439,0.0894,0.08039,0.08769,219497753.0,2025-02-18 16:00:00+00:00
1739908800000,0.08773,0.09197,0.08682,0.08928,113838985.0,2025-02-18 20:00:00+00:00
1739923200000,0.08929,0.09084,0.08714,0.08974,104635399.0,2025-02-19 00:00:00+00:00
1739937600000,0.08973,0.09168,0.08611,0.09065,99930454.0,2025-02-19 04:00:00+00:00
1739952000000,0.09065,0.0922,0.0875,0.09166,112836673.0,2025-02-19 08:00:00+00:00
1739966400000,0.09167,0.09252,0.08596,0.08818,156898504.0,2025-02-19 12:00:00+00:00
1739980800000,0.08818,0.09226,0.08636,0.08723,173236731.0,2025-02-19 16:00:00+00:00
1739995200000,0.0872,0.08964,0.081,0.08588,189066687.0,2025-02-19 20:00:00+00:00
1740009600000,0.08591,0.08929,0.08228,0.08728,182885402.0,2025-02-20 00:00:00+00:00
1740024000000,0.08727,0.09053,0.08501,0.08783,120040318.0,2025-02-20 04:00:00+00:00
1740038400000,0.08784,0.09698,0.08616,0.09066,225114015.0,2025-02-20 08:00:00+00:00
1740052800000,0.09067,0.09165,0.08155,0.08371,256685963.0,2025-02-20 12:00:00+00:00
1740067200000,0.08368,0.08836,0.08301,0.08698,177587327.0,2025-02-20 16:00:00+00:00
1740081600000,0.08694,0.0911,0.08181,0.0889,169499037.0,2025-02-20 20:00:00+00:00
1740096000000,0.08888,0.09143,0.08331,0.08369,148758565.0,2025-02-21 00:00:00+00:00
1740110400000,0.08369,0.08893,0.08363,0.08821,109846396.0,2025-02-21 04:00:00+00:00
1740124800000,0.0882,0.09777,0.0882,0.0913,258118818.0,2025-02-21 08:00:00+00:00
1740139200000,0.09128,0.10086,0.08101,0.08121,382081431.0,2025-02-21 12:00:00+00:00
1740153600000,0.08124,0.08533,0.07059,0.071,508903654.0,2025-02-21 16:00:00+00:00
1740168000000,0.07101,0.0724,0.06487,0.06574,376884671.0,2025-02-21 20:00:00+00:00
1740182400000,0.06572,0.06857,0.06513,0.06642,258381833.0,2025-02-22 00:00:00+00:00
1740196800000,0.06641,0.06772,0.06237,0.06423,307427147.0,2025-02-22 04:00:00+00:00
1740211200000,0.06421,0.07142,0.06356,0.07064,396291993.0,2025-02-22 08:00:00+00:00
1740225600000,0.07062,0.07586,0.06814,0.07431,422284671.0,2025-02-22 12:00:00+00:00
1740240000000,0.07427,0.07569,0.06752,0.0695,368679913.0,2025-02-22 16:00:00+00:00
1740254400000,0.06951,0.07225,0.06868,0.07007,162581171.0,2025-02-22 20:00:00+00:00
1740268800000,0.07007,0.07075,0.06512,0.06606,163450654.0,2025-02-23 00:00:00+00:00
1740283200000,0.06608,0.06849,0.06452,0.06829,182207883.0,2025-02-23 04:00:00+00:00
1740297600000,0.06828,0.06839,0.0648,0.06548,181747089.0,2025-02-23 08:00:00+00:00
1740312000000,0.06549,0.06551,0.05901,0.05916,358567540.0,2025-02-23 12:00:00+00:00
1740326400000,0.05916,0.06004,0.05762,0.05831,246042828.0,2025-02-23 16:00:00+00:00
1740340800000,0.05832,0.06201,0.05784,0.06032,187740353.0,2025-02-23 20:00:00+00:00
1740355200000,0.06034,0.06235,0.05882,0.05976,212782528.0,2025-02-24 00:00:00+00:00
1740369600000,0.05976,0.06045,0.05787,0.05883,196501948.0,2025-02-24 04:00:00+00:00
1740384000000,0.05885,0.05915,0.05415,0.05527,327865509.0,2025-02-24 08:00:00+00:00
1740398400000,0.05527,0.05727,0.05296,0.05374,354311377.0,2025-02-24 12:00:00+00:00
1740412800000,0.05377,0.05472,0.05065,0.05202,289596817.0,2025-02-24 16:00:00+00:00
1740427200000,0.05202,0.05405,0.04687,0.04884,348933877.0,2025-02-24 20:00:00+00:00
1740441600000,0.04886,0.05118,0.04735,0.04932,257285465.0,2025-02-25 00:00:00+00:00
1740456000000,0.04933,0.05049,0.0461,0.04865,341464559.0,2025-02-25 04:00:00+00:00
1740470400000,0.04865,0.05275,0.04742,0.05233,273668084.0,2025-02-25 08:00:00+00:00
1740484800000,0.05234,0.05626,0.0514,0.05504,297272640.0,2025-02-25 12:00:00+00:00
1740499200000,0.05505,0.0585,0.05338,0.05831,247107749.0,2025-02-25 16:00:00+00:00
1740513600000,0.05831,0.06101,0.05713,0.05896,191978573.0,2025-02-25 20:00:00+00:00
1740528000000,0.05897,0.06176,0.05808,0.05926,160875504.0,2025-02-26 00:00:00+00:00
1740542400000,0.05927,0.06067,0.05804,0.05912,214347608.0,2025-02-26 04:00:00+00:00
1740556800000,0.05913,0.0614,0.05804,0.06068,255059294.0,2025-02-26 08:00:00+00:00
1740571200000,0.06069,0.06723,0.0598,0.06447,642934402.0,2025-02-26 12:00:00+00:00
1740585600000,0.06451,0.06659,0.05661,0.05725,469552861.0,2025-02-26 16:00:00+00:00
1740600000000,0.05728,0.06552,0.05728,0.06366,240189470.0,2025-02-26 20:00:00+00:00
1740614400000,0.06366,0.06657,0.06294,0.0653,261470383.0,2025-02-27 00:00:00+00:00
1740628800000,0.06531,0.06806,0.06296,0.06601,295222230.0,2025-02-27 04:00:00+00:00
1740643200000,0.06602,0.06645,0.06016,0.06244,303417493.0,2025-02-27 08:00:00+00:00
1740657600000,0.06246,0.06472,0.06063,0.06152,289230455.0,2025-02-27 12:00:00+00:00
1740672000000,0.06153,0.06205,0.05881,0.05962,171229719.0,2025-02-27 16:00:00+00:00
1740686400000,0.05961,0.06292,0.05851,0.06166,183548588.0,2025-02-27 20:00:00+00:00
1740700800000,0.06165,0.06236,0.05705,0.05828,288150873.0,2025-02-28 00:00:00+00:00
1740715200000,0.05831,0.06155,0.05739,0.05805,211442725.0,2025-02-28 04:00:00+00:00
1740729600000,0.05805,0.0603,0.05595,0.05868,209984852.0,2025-02-28 08:00:00+00:00
1740744000000,0.05867,0.06458,0.05806,0.0641,318666408.0,2025-02-28 12:00:00+00:00
1740758400000,0.06413,0.0657,0.06293,0.06439,262345366.0,2025-02-28 16:00:00+00:00
1740772800000,0.06439,0.06694,0.06264,0.0633,256481284.0,2025-02-28 20:00:00+00:00
1740787200000,0.06332,0.0641,0.06103,0.06108,128523157.0,2025-03-01 00:00:00+00:00
1740801600000,0.06106,0.06144,0.05533,0.05676,246089569.0,2025-03-01 04:00:00+00:00
1740816000000,0.05677,0.05715,0.05315,0.05339,206913127.0,2025-03-01 08:00:00+00:00
1740830400000,0.05339,0.05351,0.05045,0.05084,208830259.0,2025-03-01 12:00:00+00:00
1740844800000,0.05084,0.05117,0.04929,0.05091,206610087.0,2025-03-01 16:00:00+00:00
1740859200000,0.05091,0.05092,0.0486,0.04922,190711418.0,2025-03-01 20:00:00+00:00
1740873600000,0.04921,0.0509,0.04882,0.05028,190016732.0,2025-03-02 00:00:00+00:00
1740888000000,0.0503,0.0527,0.04916,0.05089,217592859.0,2025-03-02 04:00:00+00:00
1740902400000,0.05088,0.05329,0.05031,0.05245,178014553.0,2025-03-02 08:00:00+00:00
1740916800000,0.05245,0.05326,0.04777,0.05048,406985499.0,2025-03-02 12:00:00+00:00
1740931200000,0.05049,0.06538,0.04952,0.06449,519683821.0,2025-03-02 16:00:00+00:00
1740945600000,0.06449,0.06742,0.06222,0.06508,203586274.0,2025-03-02 20:00:00+00:00
1740960000000,0.06509,0.06629,0.0605,0.06243,205567459.0,2025-03-03 00:00:00+00:00
1740974400000,0.06243,0.0666,0.06203,0.06533,250161777.0,2025-03-03 04:00:00+00:00
1740988800000,0.06536,0.07049,0.06231,0.06928,395943721.0,2025-03-03 08:00:00+00:00
1741003200000,0.06926,0.07355,0.06178,0.06202,534010918.0,2025-03-03 12:00:00+00:00
1741017600000,0.06203,0.06375,0.05827,0.05923,356990065.0,2025-03-03 16:00:00+00:00
1741032000000,0.05927,0.06068,0.05573,0.05661,212601043.0,2025-03-03 20:00:00+00:00
1741046400000,0.05664,0.05876,0.05411,0.05528,285781811.0,2025-03-04 00:00:00+00:00
1741060800000,0.05529,0.05823,0.05414,0.05441,205121264.0,2025-03-04 04:00:00+00:00
1741075200000,0.05442,0.05818,0.0541,0.05731,221112719.0,2025-03-04 08:00:00+00:00
1741089600000,0.05731,0.06007,0.05282,0.0586,383382439.0,2025-03-04 12:00:00+00:00
1741104000000,0.05858,0.06376,0.05439,0.06275,261422443.0,2025-03-04 16:00:00+00:00
1741118400000,0.06273,0.06471,0.06038,0.06097,124665095.0,2025-03-04 20:00:00+00:00
1741132800000,0.06096,0.06205,0.05788,0.05904,112355517.0,2025-03-05 00:00:00+00:00
1741147200000,0.05906,0.06593,0.05848,0.06512,151463183.0,2025-03-05 04:00:00+00:00
1741161600000,0.06508,0.0746,0.06508,0.07352,470767064.0,2025-03-05 08:00:00+00:00
1741176000000,0.07349,0.0774,0.07253,0.07471,638461150.0,2025-03-05 12:00:00+00:00
1741190400000,0.07472,0.0752,0.06975,0.07349,430991570.0,2025-03-05 16:00:00+00:00
1741204800000,0.0735,0.07496,0.07141,0.07407,195343859.0,2025-03-05 20:00:00+00:00
1741219200000,0.0741,0.07597,0.06957,0.07118,259703491.0,2025-03-06 00:00:00+00:00
1741233600000,0.07117,0.07188,0.06964,0.07027,147746289.0,2025-03-06 04:00:00+00:00
1741248000000,0.07027,0.07338,0.06965,0.0705,153161983.0,2025-03-06 08:00:00+00:00
1741262400000,0.0705,0.07248,0.06555,0.0716,278889987.0,2025-03-06 12:00:00+00:00
1741276800000,0.07159,0.07177,0.0658,0.06602,143610436.0,2025-03-06 16:00:00+00:00
1741291200000,0.06603,0.06636,0.05965,0.06273,244180245.0,2025-03-06 20:00:00+00:00
1741305600000,0.06274,0.06373,0.05854,0.05897,239131348.0,2025-03-07 00:00:00+00:00
1741320000000,0.05896,0.05986,0.05364,0.05462,185823714.0,2025-03-07 04:00:00+00:00
1741334400000,0.05462,0.05561,0.0524,0.05322,236179436.0,2025-03-07 08:00:00+00:00
1741348800000,0.05324,0.05442,0.05113,0.05199,332628509.0,2025-03-07 12:00:00+00:00
1741363200000,0.05197,0.05545,0.05003,0.05257,302043273.0,2025-03-07 16:00:00+00:00
1741377600000,0.05258,0.05277,0.04623,0.04673,376545271.0,2025-03-07 20:00:00+00:00
1741392000000,0.04671,0.04947,0.04524,0.04848,266707337.0,2025-03-08 00:00:00+00:00
1741406400000,0.04847,0.04857,0.04635,0.04662,160921750.0,2025-03-08 04:00:00+00:00
1741420800000,0.04663,0.0477,0.04547,0.04588,221406175.0,2025-03-08 08:00:00+00:00
1741435200000,0.04588,0.04592,0.04231,0.04314,319813813.0,2025-03-08 12:00:00+00:00
1741449600000,0.04313,0.04633,0.04272,0.04566,270742077.0,2025-03-08 16:00:00+00:00
1741464000000,0.04567,0.04637,0.04306,0.04356,155348041.0,2025-03-08 20:00:00+00:00
1741478400000,0.04356,0.04537,0.04356,0.0449,121891811.0,2025-03-09 00:00:00+00:00
1741492800000,0.04491,0.04536,0.04362,0.04394,95285818.0,2025-03-09 04:00:00+00:00
1741507200000,0.04395,0.04447,0.04312,0.04335,114134682.0,2025-03-09 08:00:00+00:00
1741521600000,0.04335,0.04398,0.04135,0.04203,226335576.0,2025-03-09 12:00:00+00:00
1741536000000,0.04203,0.04371,0.04114,0.04255,232407159.0,2025-03-09 16:00:00+00:00
1741550400000,0.04254,0.04373,0.04135,0.04214,127365393.0,2025-03-09 20:00:00+00:00
1741564800000,0.04214,0.04445,0.04065,0.04143,169440780.0,2025-03-10 00:00:00+00:00
1741579200000,0.04144,0.04321,0.04121,0.0423,122206570.0,2025-03-10 04:00:00+00:00
1741593600000,0.04231,0.0438,0.04013,0.04104,219292251.0,2025-03-10 08:00:00+00:00
1741608000000,0.04103,0.04167,0.03621,0.03645,387562178.0,2025-03-10 12:00:00+00:00
1741622400000,0.03647,0.03778,0.03389,0.03776,367440651.0,2025-03-10 16:00:00+00:00
1741636800000,0.03776,0.03884,0.03617,0.03624,149882533.0,2025-03-10 20:00:00+00:00
1741651200000,0.03626,0.03767,0.03536,0.0363,196416058.0,2025-03-11 00:00:00+00:00
1741665600000,0.0363,0.03813,0.03592,0.03618,172331632.0,2025-03-11 04:00:00+00:00
1741680000000,0.03617,0.03679,0.0351,0.03634,132461917.0,2025-03-11 08:00:00+00:00
1741694400000,0.03633,0.03826,0.03488,0.03694,235559909.0,2025-03-11 12:00:00+00:00
1741708800000,0.03693,0.04033,0.03645,0.03961,218275123.0,2025-03-11 16:00:00+00:00
1741723200000,0.03959,0.03963,0.03773,0.03877,90173772.0,2025-03-11 20:00:00+00:00
1741737600000,0.03876,0.04095,0.03746,0.03797,147217344.0,2025-03-12 00:00:00+00:00
1741752000000,0.03798,0.03912,0.03688,0.03794,98267112.0,2025-03-12 04:00:00+00:00
1741766400000,0.03793,0.03889,0.03624,0.03864,126862549.0,2025-03-12 08:00:00+00:00
1741780800000,0.03863,0.04275,0.03835,0.04103,287240045.0,2025-03-12 12:00:00+00:00
1741795200000,0.04104,0.04345,0.04104,0.04304,151317989.0,2025-03-12 16:00:00+00:00
1741809600000,0.04303,0.04622,0.04275,0.04548,239708280.0,2025-03-12 20:00:00+00:00
1741824000000,0.04548,0.04724,0.04522,0.04645,169704336.0,2025-03-13 00:00:00+00:00
1741838400000,0.04645,0.04678,0.04486,0.04584,179495902.0,2025-03-13 04:00:00+00:00
1741852800000,0.04585,0.04815,0.0441,0.04494,344687954.0,2025-03-13 08:00:00+00:00
1741867200000,0.04493,0.0461,0.04343,0.04463,192468798.0,2025-03-13 12:00:00+00:00
1741881600000,0.04464,0.04524,0.0434,0.04424,149172183.0,2025-03-13 16:00:00+00:00
1741896000000,0.04425,0.04471,0.04313,0.04376,92102854.0,2025-03-13 20:00:00+00:00
1741910400000,0.04374,0.04499,0.04314,0.04321,83706277.0,2025-03-14 00:00:00+00:00
1741924800000,0.04321,0.04323,0.04034,0.0427,215954978.0,2025-03-14 04:00:00+00:00
1741939200000,0.04269,0.044,0.04133,0.04146,148129611.0,2025-03-14 08:00:00+00:00
1741953600000,0.04146,0.04614,0.04052,0.04438,237369871.0,2025-03-14 12:00:00+00:00
1741968000000,0.0444,0.04479,0.04112,0.04193,197779500.0,2025-03-14 16:00:00+00:00
1741982400000,0.04195,0.04267,0.04116,0.04135,87000887.0,2025-03-14 20:00:00+00:00
1741996800000,0.04135,0.04231,0.04086,0.04189,94222710.0,2025-03-15 00:00:00+00:00
1742011200000,0.04188,0.04289,0.04109,0.04234,88008200.0,2025-03-15 04:00:00+00:00
1742025600000,0.04234,0.04427,0.04136,0.04427,104291425.0,2025-03-15 08:00:00+00:00
1742040000000,0.04426,0.04456,0.04162,0.04338,122421628.0,2025-03-15 12:00:00+00:00
1742054400000,0.0434,0.04356,0.04133,0.04266,114948846.0,2025-03-15 16:00:00+00:00
1742068800000,0.04267,0.04509,0.04192,0.04238,120783556.0,2025-03-15 20:00:00+00:00
1742083200000,0.04238,0.0454,0.0419,0.04502,152128988.0,2025-03-16 00:00:00+00:00
1742097600000,0.045,0.04624,0.04348,0.0459,165851378.0,2025-03-16 04:00:00+00:00
1742112000000,0.0459,0.0484,0.04398,0.04435,384290501.0,2025-03-16 08:00:00+00:00
1742126400000,0.04436,0.0456,0.04243,0.04328,223177732.0,2025-03-16 12:00:00+00:00
1742140800000,0.04328,0.04516,0.04178,0.04202,156913850.0,2025-03-16 16:00:00+00:00
1742155200000,0.04202,0.04408,0.04153,0.04178,111315430.0,2025-03-16 20:00:00+00:00
1742169600000,0.04177,0.04262,0.04126,0.04175,98449935.0,2025-03-17 00:00:00+00:00
1742184000000,0.04174,0.04354,0.04133,0.04298,187502796.0,2025-03-17 04:00:00+00:00
1742198400000,0.043,0.0433,0.04157,0.04299,97781442.0,2025-03-17 08:00:00+00:00
1742212800000,0.04298,0.04468,0.04033,0.04159,196561464.0,2025-03-17 12:00:00+00:00
1742227200000,0.04159,0.04641,0.04126,0.04573,166216361.0,2025-03-17 16:00:00+00:00
1742241600000,0.04572,0.04609,0.04132,0.04187,116932895.0,2025-03-17 20:00:00+00:00
1742256000000,0.04187,0.04188,0.0371,0.03744,232850980.0,2025-03-18 00:00:00+00:00
1742270400000,0.03744,0.03813,0.03675,0.03715,201179839.0,2025-03-18 04:00:00+00:00
1742284800000,0.03716,0.03751,0.03604,0.03621,137295853.0,2025-03-18 08:00:00+00:00
1742299200000,0.0362,0.03628,0.03516,0.03555,152958764.0,2025-03-18 12:00:00+00:00
1742313600000,0.03553,0.03581,0.03452,0.03542,123924871.0,2025-03-18 16:00:00+00:00
1742328000000,0.03543,0.03597,0.03493,0.03534,80958265.0,2025-03-18 20:00:00+00:00
1742342400000,0.03534,0.03618,0.03493,0.03593,110017349.0,2025-03-19 00:00:00+00:00
1742356800000,0.03593,0.0363,0.03528,0.03559,171577740.0,2025-03-19 04:00:00+00:00
1742371200000,0.03558,0.03789,0.03502,0.03728,176713260.0,2025-03-19 08:00:00+00:00
1742385600000,0.03725,0.03882,0.03555,0.0381,193299935.0,2025-03-19 12:00:00+00:00
1742400000000,0.03811,0.04028,0.03689,0.03956,219049534.0,2025-03-19 16:00:00+00:00
1742414400000,0.03957,0.04282,0.03957,0.04242,200809423.0,2025-03-19 20:00:00+00:00
1742428800000,0.04243,0.0439,0.04092,0.04186,173809833.0,2025-03-20 00:00:00+00:00
1742443200000,0.04186,0.04296,0.04121,0.0421,132606859.0,2025-03-20 04:00:00+00:00
1742457600000,0.04209,0.04287,0.04145,0.04212,132968040.0,2025-03-20 08:00:00+00:00
1742472000000,0.04212,0.0434,0.04077,0.04116,206739201.0,2025-03-20 12:00:00+00:00
1742486400000,0.04115,0.04203,0.03934,0.04036,200843781.0,2025-03-20 16:00:00+00:00
1742500800000,0.04032,0.0424,0.04006,0.04216,84602348.0,2025-03-20 20:00:00+00:00
1742515200000,0.04215,0.04419,0.04212,0.04364,103823220.0,2025-03-21 00:00:00+00:00
1742529600000,0.04362,0.04389,0.04049,0.04118,104152788.0,2025-03-21 04:00:00+00:00
1742544000000,0.04119,0.04221,0.03968,0.04008,98451683.0,2025-03-21 08:00:00+00:00
1742558400000,0.04008,0.04183,0.03986,0.04029,104122826.0,2025-03-21 12:00:00+00:00
1742572800000,0.04029,0.0433,0.03958,0.04317,125991131.0,2025-03-21 16:00:00+00:00
1742587200000,0.04319,0.04601,0.04277,0.04493,156170581.0,2025-03-21 20:00:00+00:00
1742601600000,0.04489,0.04494,0.04279,0.04344,107110281.0,2025-03-22 00:00:00+00:00
1742616000000,0.04343,0.04353,0.03991,0.04018,105087315.0,2025-03-22 04:00:00+00:00
1742630400000,0.04018,0.04388,0.04,0.04187,178328434.0,2025-03-22 08:00:00+00:00
1742644800000,0.04185,0.04266,0.04094,0.04232,111007910.0,2025-03-22 12:00:00+00:00
1742659200000,0.04232,0.0438,0.04185,0.04303,105128787.0,2025-03-22 16:00:00+00:00
1742673600000,0.04304,0.04387,0.0427,0.04298,70149322.0,2025-03-22 20:00:00+00:00
1742688000000,0.04297,0.04356,0.04142,0.04354,75898352.0,2025-03-23 00:00:00+00:00
1742702400000,0.04355,0.04374,0.04196,0.04254,66912713.0,2025-03-23 04:00:00+00:00
1742716800000,0.04251,0.04498,0.04249,0.04469,114465386.0,2025-03-23 08:00:00+00:00
1742731200000,0.04469,0.04498,0.04145,0.04191,130597328.0,2025-03-23 12:00:00+00:00
1742745600000,0.04194,0.04338,0.04099,0.04293,91909926.0,2025-03-23 16:00:00+00:00
1742760000000,0.04289,0.04535,0.0428,0.04525,120864845.0,2025-03-23 20:00:00+00:00
1742774400000,0.04524,0.04887,0.0442,0.04845,151090129.0,2025-03-24 00:00:00+00:00
1742788800000,0.04846,0.05481,0.04805,0.05421,364466402.0,2025-03-24 04:00:00+00:00
1742803200000,0.0542,0.05598,0.05342,0.05552,282770831.0,2025-03-24 08:00:00+00:00
1742817600000,0.05551,0.05712,0.05384,0.05483,314609851.0,2025-03-24 12:00:00+00:00
1742832000000,0.05486,0.05495,0.05246,0.05331,190135937.0,2025-03-24 16:00:00+00:00
1742846400000,0.05333,0.05383,0.05123,0.05204,109070273.0,2025-03-24 20:00:00+00:00
1742860800000,0.05203,0.05248,0.04985,0.05183,168474708.0,2025-03-25 00:00:00+00:00
1742875200000,0.05182,0.0527,0.05093,0.05167,106685028.0,2025-03-25 04:00:00+00:00
1742889600000,0.05168,0.05388,0.05156,0.05314,108585945.0,2025-03-25 08:00:00+00:00
1742904000000,0.05314,0.05351,0.04961,0.04979,236487509.0,2025-03-25 12:00:00+00:00
1742918400000,0.04978,0.05152,0.0489,0.04942,111026987.0,2025-03-25 16:00:00+00:00
1742932800000,0.04941,0.04976,0.04546,0.04596,166852839.0,2025-03-25 20:00:00+00:00
1742947200000,0.04598,0.04684,0.04475,0.04635,130754491.0,2025-03-26 00:00:00+00:00
1742961600000,0.04635,0.04962,0.04607,0.04949,123389907.0,2025-03-26 04:00:00+00:00
1742976000000,0.04947,0.05519,0.04886,0.0529,289657936.0,2025-03-26 08:00:00+00:00
1742990400000,0.05291,0.05298,0.0452,0.04557,270750541.0,2025-03-26 12:00:00+00:00
1743004800000,0.04558,0.04791,0.04537,0.0458,161849641.0,2025-03-26 16:00:00+00:00
1743019200000,0.04581,0.04668,0.04327,0.04389,125128253.0,2025-03-26 20:00:00+00:00
1743033600000,0.04389,0.04666,0.04384,0.04664,117181804.0,2025-03-27 00:00:00+00:00
1743048000000,0.04663,0.04746,0.04569,0.0465,109292493.0,2025-03-27 04:00:00+00:00
1743062400000,0.04649,0.04673,0.04483,0.04524,127387028.0,2025-03-27 08:00:00+00:00
1743076800000,0.04524,0.04699,0.04417,0.04477,158231202.0,2025-03-27 12:00:00+00:00
1743091200000,0.04479,0.0461,0.04392,0.04426,113830684.0,2025-03-27 16:00:00+00:00
1743105600000,0.04427,0.04475,0.04216,0.04459,103604715.0,2025-03-27 20:00:00+00:00
1743120000000,0.04459,0.04486,0.04226,0.04272,89134934.0,2025-03-28 00:00:00+00:00
1743134400000,0.04272,0.04298,0.04135,0.04177,104907212.0,2025-03-28 04:00:00+00:00
1743148800000,0.04178,0.0429,0.04154,0.04214,83907182.0,2025-03-28 08:00:00+00:00
1743163200000,0.04212,0.04243,0.04118,0.04133,113843246.0,2025-03-28 12:00:00+00:00
1743177600000,0.04134,0.04139,0.03907,0.03934,100935603.0,2025-03-28 16:00:00+00:00
1743192000000,0.03934,0.03988,0.03868,0.03899,67123995.0,2025-03-28 20:00:00+00:00
1743206400000,0.03899,0.03971,0.03804,0.03934,100053639.0,2025-03-29 00:00:00+00:00
1743220800000,0.03933,0.03938,0.03741,0.03789,92649466.0,2025-03-29 04:00:00+00:00
1743235200000,0.0379,0.03833,0.03681,0.03706,93913889.0,2025-03-29 08:00:00+00:00
1743249600000,0.03706,0.03799,0.03657,0.03692,93123627.0,2025-03-29 12:00:00+00:00
1743264000000,0.03693,0.03733,0.03594,0.03719,102896023.0,2025-03-29 16:00:00+00:00
1743278400000,0.0372,0.03739,0.03654,0.0371,50620255.0,2025-03-29 20:00:00+00:00
1743292800000,0.0371,0.03725,0.03615,0.03647,63040760.0,2025-03-30 00:00:00+00:00
1743307200000,0.03647,0.03735,0.03636,0.03666,62087160.0,2025-03-30 04:00:00+00:00
1743321600000,0.03664,0.03813,0.03661,0.03808,73125021.0,2025-03-30 08:00:00+00:00
1743336000000,0.03808,0.03844,0.03711,0.038,83353513.0,2025-03-30 12:00:00+00:00
1743350400000,0.03799,0.0397,0.03694,0.03834,112130372.0,2025-03-30 16:00:00+00:00
1743364800000,0.03834,0.03872,0.03672,0.03798,78524217.0,2025-03-30 20:00:00+00:00
1743379200000,0.03799,0.03869,0.03704,0.03718,84344686.0,2025-03-31 00:00:00+00:00
1743393600000,0.03719,0.03845,0.03604,0.03646,95734741.0,2025-03-31 04:00:00+00:00
1743408000000,0.03644,0.03761,0.03559,0.03702,128235848.0,2025-03-31 08:00:00+00:00
1743422400000,0.03703,0.03806,0.03578,0.0364,128584393.0,2025-03-31 12:00:00+00:00
1743436800000,0.0364,0.03713,0.03531,0.03609,80180080.0,2025-03-31 16:00:00+00:00
1743451200000,0.03609,0.03648,0.03568,0.03617,49237087.0,2025-03-31 20:00:00+00:00
1743465600000,0.03615,0.03814,0.03602,0.03778,60105440.0,2025-04-01 00:00:00+00:00
1743480000000,0.03778,0.03806,0.03686,0.03713,67240024.0,2025-04-01 04:00:00+00:00
1743494400000,0.03713,0.03888,0.03644,0.03696,136255938.0,2025-04-01 08:00:00+00:00
1743508800000,0.03696,0.04011,0.03666,0.03928,145656477.0,2025-04-01 12:00:00+00:00
1743523200000,0.03928,0.03947,0.03634,0.03676,97937911.0,2025-04-01 16:00:00+00:00
1743537600000,0.03676,0.03966,0.03636,0.03937,78460752.0,2025-04-01 20:00:00+00:00
1743552000000,0.03935,0.03939,0.03711,0.03756,92597167.0,2025-04-02 00:00:00+00:00
1743566400000,0.03755,0.03784,0.03255,0.03339,189531604.0,2025-04-02 04:00:00+00:00
1743580800000,0.03339,0.03706,0.03332,0.03538,170732696.0,2025-04-02 08:00:00+00:00
1743595200000,0.03539,0.03784,0.03393,0.0372,189050378.0,2025-04-02 12:00:00+00:00
1743609600000,0.03721,0.03752,0.03471,0.03723,92435095.0,2025-04-02 16:00:00+00:00
1743624000000,0.03724,0.03951,0.03356,0.03466,228066105.0,2025-04-02 20:00:00+00:00
1743638400000,0.03465,0.03539,0.03386,0.03415,89883352.0,2025-04-03 00:00:00+00:00
1743652800000,0.03415,0.03518,0.03295,0.03373,90584752.0,2025-04-03 04:00:00+00:00
1743667200000,0.03372,0.03411,0.03161,0.03208,107448171.0,2025-04-03 08:00:00+00:00
1743681600000,0.03208,0.03267,0.03028,0.03093,161257643.0,2025-04-03 12:00:00+00:00
1743696000000,0.03093,0.03261,0.03008,0.0321,109217411.0,2025-04-03 16:00:00+00:00
1743710400000,0.03211,0.03482,0.03179,0.03361,116902043.0,2025-04-03 20:00:00+00:00
1743724800000,0.03361,0.03408,0.03301,0.03348,53690140.0,2025-04-04 00:00:00+00:00
1743739200000,0.03348,0.03437,0.03306,0.03393,57816978.0,2025-04-04 04:00:00+00:00
1743753600000,0.03395,0.03416,0.0307,0.03141,122151557.0,2025-04-04 08:00:00+00:00
1743768000000,0.0314,0.03338,0.03022,0.03293,210227105.0,2025-04-04 12:00:00+00:00
1743782400000,0.03293,0.03407,0.03236,0.03327,110604077.0,2025-04-04 16:00:00+00:00
1743796800000,0.03327,0.03374,0.03285,0.03324,47086996.0,2025-04-04 20:00:00+00:00
1743811200000,0.03324,0.03341,0.03201,0.03254,42954463.0,2025-04-05 00:00:00+00:00
1743825600000,0.03256,0.03317,0.03179,0.03311,49047074.0,2025-04-05 04:00:00+00:00
1743840000000,0.03311,0.03339,0.03212,0.03218,48039147.0,2025-04-05 08:00:00+00:00
1743854400000,0.03218,0.03238,0.03109,0.03136,67189345.0,2025-04-05 12:00:00+00:00
1743868800000,0.03138,0.03165,0.03089,0.03111,56977684.0,2025-04-05 16:00:00+00:00
1743883200000,0.03111,0.03209,0.03095,0.03191,31251100.0,2025-04-05 20:00:00+00:00
1743897600000,0.03192,0.03199,0.03076,0.031,33276028.0,2025-04-06 00:00:00+00:00
1743912000000,0.03098,0.03119,0.02994,0.03015,41279168.0,2025-04-06 04:00:00+00:00
1743926400000,0.03016,0.03017,0.02947,0.02978,55488248.0,2025-04-06 08:00:00+00:00
1743940800000,0.02978,0.02986,0.02795,0.02799,147367530.0,2025-04-06 12:00:00+00:00
1743955200000,0.02799,0.02802,0.02581,0.02688,299516535.0,2025-04-06 16:00:00+00:00
1743969600000,0.02688,0.02805,0.0264,0.02803,146580597.0,2025-04-06 20:00:00+00:00
1743984000000,0.02804,0.02842,0.02727,0.02761,100010397.0,2025-04-07 00:00:00+00:00
1743998400000,0.02761,0.02915,0.02713,0.02871,171546489.0,2025-04-07 04:00:00+00:00
1744012800000,0.02872,0.02967,0.02806,0.02845,186000833.0,2025-04-07 08:00:00+00:00
1744027200000,0.02844,0.03236,0.02825,0.02922,290575452.0,2025-04-07 12:00:00+00:00
1744041600000,0.02922,0.03016,0.02853,0.02878,153893934.0,2025-04-07 16:00:00+00:00
1744056000000,0.02876,0.02951,0.02833,0.0289,70365933.0,2025-04-07 20:00:00+00:00
1744070400000,0.0289,0.03069,0.02838,0.02953,89561790.0,2025-04-08 00:00:00+00:00
1744084800000,0.02954,0.0296,0.02804,0.02843,70232978.0,2025-04-08 04:00:00+00:00
1744099200000,0.02843,0.02866,0.02781,0.02856,61631370.0,2025-04-08 08:00:00+00:00
1744113600000,0.02857,0.02881,0.02657,0.02768,118340290.0,2025-04-08 12:00:00+00:00
1744128000000,0.02769,0.02769,0.02628,0.02648,123858811.0,2025-04-08 16:00:00+00:00
1744142400000,0.02648,0.02658,0.02488,0.02513,91040389.0,2025-04-08 20:00:00+00:00
1744156800000,0.02513,0.02597,0.02431,0.02574,121517821.0,2025-04-09 00:00:00+00:00
1744171200000,0.02574,0.02662,0.0255,0.02646,77421373.0,2025-04-09 04:00:00+00:00
1744185600000,0.02647,0.02701,0.02598,0.02639,83997585.0,2025-04-09 08:00:00+00:00
1744200000000,0.02639,0.02702,0.02579,0.0268,91719315.0,2025-04-09 12:00:00+00:00
1744214400000,0.02681,0.03181,0.02676,0.0316,226764214.0,2025-04-09 16:00:00+00:00
1744228800000,0.03161,0.03183,0.03056,0.03085,67619506.0,2025-04-09 20:00:00+00:00
1744243200000,0.03085,0.03099,0.02884,0.02911,82797370.0,2025-04-10 00:00:00+00:00
1744257600000,0.02912,0.02974,0.02755,0.02822,82539106.0,2025-04-10 04:00:00+00:00
1744272000000,0.02824,0.02832,0.02746,0.0283,78416759.0,2025-04-10 08:00:00+00:00
1744286400000,0.02831,0.02973,0.02779,0.02813,157600863.0,2025-04-10 12:00:00+00:00
1744300800000,0.02812,0.02849,0.02746,0.02803,80725024.0,2025-04-10 16:00:00+00:00
1744315200000,0.02803,0.02922,0.02793,0.02894,52878626.0,2025-04-10 20:00:00+00:00
1744329600000,0.02893,0.02956,0.02831,0.02949,62143097.0,2025-04-11 00:00:00+00:00
1744344000000,0.02948,0.02991,0.02873,0.02917,80592156.0,2025-04-11 04:00:00+00:00
1744358400000,0.02915,0.03063,0.02886,0.02983,113421630.0,2025-04-11 08:00:00+00:00
1744372800000,0.02982,0.03143,0.02964,0.03119,139509199.0,2025-04-11 12:00:00+00:00
1744387200000,0.03118,0.03149,0.03029,0.03073,108853508.0,2025-04-11 16:00:00+00:00
1744401600000,0.03072,0.03165,0.03013,0.03044,60672077.0,2025-04-11 20:00:00+00:00
1744416000000,0.03043,0.03062,0.02956,0.03007,88106393.0,2025-04-12 00:00:00+00:00
1744430400000,0.03008,0.03258,0.02985,0.03256,143739696.0,2025-04-12 04:00:00+00:00
1744444800000,0.03257,0.03519,0.03145,0.03198,273236089.0,2025-04-12 08:00:00+00:00
1744459200000,0.03197,0.03511,0.03147,0.03473,190191802.0,2025-04-12 12:00:00+00:00
1744473600000,0.0347,0.03493,0.03278,0.03347,115725223.0,2025-04-12 16:00:00+00:00
1744488000000,0.03345,0.03415,0.03306,0.03349,71919891.0,2025-04-12 20:00:00+00:00
1744502400000,0.0335,0.03379,0.03224,0.03245,79206283.0,2025-04-13 00:00:00+00:00
1744516800000,0.03246,0.03267,0.0306,0.03069,86002830.0,2025-04-13 04:00:00+00:00
1744531200000,0.03069,0.03223,0.03054,0.03142,91856975.0,2025-04-13 08:00:00+00:00
1744545600000,0.03142,0.03189,0.03,0.03056,105457699.0,2025-04-13 12:00:00+00:00
1744560000000,0.03057,0.03407,0.03051,0.03247,200663968.0,2025-04-13 16:00:00+00:00
1744574400000,0.03248,0.03297,0.02741,0.02873,191511971.0,2025-04-13 20:00:00+00:00
1744588800000,0.02873,0.03171,0.02841,0.03023,135867088.0,2025-04-14 00:00:00+00:00
1744603200000,0.03023,0.03095,0.02895,0.02956,69302884.0,2025-04-14 04:00:00+00:00
1744617600000,0.02956,0.03055,0.02897,0.03038,63899217.0,2025-04-14 08:00:00+00:00
1744632000000,0.03038,0.03108,0.02792,0.02836,131267189.0,2025-04-14 12:00:00+00:00
1744646400000,0.02836,0.02947,0.02833,0.02878,68941075.0,2025-04-14 16:00:00+00:00
1744660800000,0.0288,0.02966,0.02821,0.0286,53955699.0,2025-04-14 20:00:00+00:00
1744675200000,0.0286,0.02911,0.02776,0.02895,75412450.0,2025-04-15 00:00:00+00:00
1744689600000,0.02895,0.02961,0.02831,0.02927,59432754.0,2025-04-15 04:00:00+00:00
1744704000000,0.02926,0.02972,0.02817,0.02862,130817494.0,2025-04-15 08:00:00+00:00
1744718400000,0.02861,0.02978,0.02776,0.02811,107126461.0,2025-04-15 12:00:00+00:00
1744732800000,0.02812,0.02854,0.02661,0.02686,71509500.0,2025-04-15 16:00:00+00:00
1744747200000,0.02686,0.02716,0.0263,0.02664,46438091.0,2025-04-15 20:00:00+00:00
1744761600000,0.02663,0.02711,0.02644,0.02691,35054442.0,2025-04-16 00:00:00+00:00
1744776000000,0.02691,0.02697,0.02589,0.02604,44046569.0,2025-04-16 04:00:00+00:00
1744790400000,0.02606,0.02717,0.02551,0.02698,72956408.0,2025-04-16 08:00:00+00:00
1744804800000,0.02698,0.0277,0.02591,0.02735,102177680.0,2025-04-16 12:00:00+00:00
1744819200000,0.02735,0.02757,0.02543,0.02741,127080996.0,2025-04-16 16:00:00+00:00
1744833600000,0.0274,0.02786,0.0265,0.02679,52054297.0,2025-04-16 20:00:00+00:00
1744848000000,0.02679,0.02698,0.02622,0.02656,32219419.0,2025-04-17 00:00:00+00:00
1744862400000,0.02656,0.02838,0.02642,0.02801,58883919.0,2025-04-17 04:00:00+00:00
1744876800000,0.02801,0.0282,0.02745,0.02804,50320772.0,2025-04-17 08:00:00+00:00
1744891200000,0.02803,0.02853,0.02692,0.02791,80717421.0,2025-04-17 12:00:00+00:00
1744905600000,0.02792,0.02876,0.02737,0.02781,102992323.0,2025-04-17 16:00:00+00:00
1744920000000,0.02783,0.02918,0.02781,0.02845,92460604.0,2025-04-17 20:00:00+00:00
1744934400000,0.02846,0.02861,0.02773,0.02809,58951809.0,2025-04-18 00:00:00+00:00
1744948800000,0.02806,0.02844,0.02763,0.02815,43106281.0,2025-04-18 04:00:00+00:00
1744963200000,0.02815,0.02846,0.02758,0.02787,47060513.0,2025-04-18 08:00:00+00:00
1744977600000,0.02785,0.029,0.02663,0.02685,138224269.0,2025-04-18 12:00:00+00:00
1744992000000,0.02684,0.02817,0.02661,0.02735,52681270.0,2025-04-18 16:00:00+00:00
1745006400000,0.02734,0.0275,0.02683,0.02736,38596055.0,2025-04-18 20:00:00+00:00
1745020800000,0.02737,0.02843,0.02707,0.02819,32876382.0,2025-04-19 00:00:00+00:00
1745035200000,0.0282,0.02835,0.0277,0.02805,27358841.0,2025-04-19 04:00:00+00:00
1745049600000,0.02803,0.02863,0.02792,0.02836,32231177.0,2025-04-19 08:00:00+00:00
1745064000000,0.02833,0.02917,0.02807,0.02877,41524702.0,2025-04-19 12:00:00+00:00
1745078400000,0.02876,0.02908,0.02834,0.0286,41470686.0,2025-04-19 16:00:00+00:00
1745092800000,0.0286,0.02931,0.02845,0.02908,25973950.0,2025-04-19 20:00:00+00:00
1745107200000,0.02908,0.02995,0.02871,0.02977,44371894.0,2025-04-20 00:00:00+00:00
1745121600000,0.02977,0.03087,0.02959,0.03047,97999076.0,2025-04-20 04:00:00+00:00
1745136000000,0.03047,0.03153,0.028,0.0289,181656303.0,2025-04-20 08:00:00+00:00
1745150400000,0.02889,0.02968,0.02861,0.02874,41455373.0,2025-04-20 12:00:00+00:00
1745164800000,0.02873,0.02962,0.02868,0.0296,27558797.0,2025-04-20 16:00:00+00:00
1745179200000,0.0296,0.03027,0.02922,0.02969,28356588.0,2025-04-20 20:00:00+00:00
1745193600000,0.02967,0.03168,0.02951,0.03072,63247633.0,2025-04-21 00:00:00+00:00
1745208000000,0.03073,0.03215,0.03042,0.0316,54735894.0,2025-04-21 04:00:00+00:00
1745222400000,0.03159,0.03249,0.03118,0.03127,92885971.0,2025-04-21 08:00:00+00:00
1745236800000,0.03126,0.03308,0.03118,0.03215,103543749.0,2025-04-21 12:00:00+00:00
1745251200000,0.03216,0.03218,0.03019,0.03125,78173912.0,2025-04-21 16:00:00+00:00
1745265600000,0.03125,0.03172,0.03068,0.03164,48950705.0,2025-04-21 20:00:00+00:00
1745280000000,0.03163,0.03313,0.03039,0.03302,150442799.0,2025-04-22 00:00:00+00:00
1745294400000,0.033,0.03538,0.03225,0.03402,211549434.0,2025-04-22 04:00:00+00:00
1745308800000,0.034,0.0349,0.03336,0.03457,86951991.0,2025-04-22 08:00:00+00:00
1745323200000,0.03457,0.03804,0.03391,0.03596,309417235.0,2025-04-22 12:00:00+00:00
1745337600000,0.03597,0.03712,0.03523,0.0359,122799016.0,2025-04-22 16:00:00+00:00
1745352000000,0.0359,0.04328,0.03577,0.04313,352762702.0,2025-04-22 20:00:00+00:00
1745366400000,0.04313,0.05996,0.043,0.05813,831658866.0,2025-04-23 00:00:00+00:00
1745380800000,0.05815,0.07048,0.05606,0.06019,1013465105.0,2025-04-23 04:00:00+00:00
1745395200000,0.06019,0.06042,0.05246,0.05524,501336132.0,2025-04-23 08:00:00+00:00
1745409600000,0.05521,0.0588,0.05181,0.05456,488162560.0,2025-04-23 12:00:00+00:00
1745424000000,0.05453,0.05617,0.04888,0.05209,328028188.0,2025-04-23 16:00:00+00:00
1745438400000,0.05214,0.05388,0.05158,0.05316,121093785.0,2025-04-23 20:00:00+00:00
1745452800000,0.05315,0.05403,0.04825,0.04888,210971268.0,2025-04-24 00:00:00+00:00
1745467200000,0.04889,0.05376,0.04872,0.05304,150190662.0,2025-04-24 04:00:00+00:00
1745481600000,0.05305,0.05513,0.053,0.0544,116369915.0,2025-04-24 08:00:00+00:00
1745496000000,0.05441,0.05699,0.05099,0.05475,202474359.0,2025-04-24 12:00:00+00:00
1745510400000,0.05475,0.066,0.05329,0.05449,336911806.0,2025-04-24 16:00:00+00:00
1745524800000,0.05449,0.05987,0.05427,0.05912,93522667.0,2025-04-24 20:00:00+00:00
1745539200000,0.05911,0.06008,0.05451,0.05482,111742368.0,2025-04-25 00:00:00+00:00
1745553600000,0.05483,0.06644,0.05442,0.06551,172979621.0,2025-04-25 04:00:00+00:00
1745568000000,0.0655,0.06908,0.0605,0.06308,229160918.0,2025-04-25 08:00:00+00:00
1745582400000,0.06306,0.06326,0.05763,0.05816,163187499.0,2025-04-25 12:00:00+00:00
1745596800000,0.05817,0.05958,0.05562,0.05696,107516115.0,2025-04-25 16:00:00+00:00
1745611200000,0.05695,0.05813,0.05505,0.05785,72982117.0,2025-04-25 20:00:00+00:00
1745625600000,0.05785,0.06509,0.0577,0.06139,110577084.0,2025-04-26 00:00:00+00:00
1745640000000,0.06139,0.0659,0.05922,0.06357,92413749.0,2025-04-26 04:00:00+00:00
1745654400000,0.06361,0.06574,0.05951,0.06023,87798585.0,2025-04-26 08:00:00+00:00
1745668800000,0.06025,0.06918,0.06025,0.06848,106904616.0,2025-04-26 12:00:00+00:00
1745683200000,0.06847,0.06966,0.06134,0.06509,153419549.0,2025-04-26 16:00:00+00:00
1745697600000,0.06509,0.06902,0.06279,0.06874,98387743.0,2025-04-26 20:00:00+00:00
1745712000000,0.06873,0.07381,0.05924,0.06187,298269029.0,2025-04-27 00:00:00+00:00
1745726400000,0.06184,0.06363,0.06092,0.0623,80286101.0,2025-04-27 04:00:00+00:00
1745740800000,0.0623,0.06852,0.06156,0.06592,107527192.0,2025-04-27 08:00:00+00:00
1745755200000,0.06585,0.06592,0.06128,0.06215,76918958.0,2025-04-27 12:00:00+00:00
1745769600000,0.06216,0.06367,0.0602,0.06166,69356767.0,2025-04-27 16:00:00+00:00
1745784000000,0.06167,0.06498,0.06069,0.06097,89733143.0,2025-04-27 20:00:00+00:00
1745798400000,0.06097,0.06807,0.05821,0.067,149228069.0,2025-04-28 00:00:00+00:00
1745812800000,0.06702,0.07411,0.06595,0.07273,173125766.0,2025-04-28 04:00:00+00:00
1745827200000,0.07272,0.07402,0.06892,0.06999,143250254.0,2025-04-28 08:00:00+00:00
1745841600000,0.06995,0.07091,0.06522,0.06605,132140400.0,2025-04-28 12:00:00+00:00
1745856000000,0.06602,0.06704,0.06211,0.06606,108942090.0,2025-04-28 16:00:00+00:00
1745870400000,0.06607,0.06673,0.06357,0.06515,91310973.0,2025-04-28 20:00:00+00:00
1745884800000,0.06518,0.06674,0.0629,0.06468,107648765.0,2025-04-29 00:00:00+00:00
1745899200000,0.06468,0.06552,0.06192,0.06461,118139309.0,2025-04-29 04:00:00+00:00
1745913600000,0.06462,0.06616,0.06218,0.0645,84610391.0,2025-04-29 08:00:00+00:00
1745928000000,0.06448,0.0645,0.06038,0.06241,80826933.0,2025-04-29 12:00:00+00:00
1745942400000,0.06241,0.06906,0.06186,0.06741,116057506.0,2025-04-29 16:00:00+00:00
1745956800000,0.06742,0.06776,0.05939,0.06269,137302256.0,2025-04-29 20:00:00+00:00
1745971200000,0.06268,0.06318,0.05962,0.06086,81200354.0,2025-04-30 00:00:00+00:00
1745985600000,0.06082,0.06487,0.06057,0.06158,69758863.0,2025-04-30 04:00:00+00:00
1746000000000,0.06156,0.06324,0.06115,0.06322,41097014.0,2025-04-30 08:00:00+00:00
1746014400000,0.0632,0.06352,0.05561,0.05752,125293490.0,2025-04-30 12:00:00+00:00
1746028800000,0.05752,0.05868,0.05576,0.05686,70229134.0,2025-04-30 16:00:00+00:00
1746043200000,0.05687,0.06102,0.05673,0.06067,63862333.0,2025-04-30 20:00:00+00:00
1746057600000,0.06067,0.06408,0.0595,0.06313,85456239.0,2025-05-01 00:00:00+00:00
1746072000000,0.06314,0.06535,0.06111,0.06228,89859630.0,2025-05-01 04:00:00+00:00
1746086400000,0.06228,0.0691,0.06105,0.06867,101645174.0,2025-05-01 08:00:00+00:00
1746100800000,0.06868,0.07638,0.06755,0.0736,353569270.0,2025-05-01 12:00:00+00:00
1746115200000,0.07357,0.07487,0.0651,0.06702,246946438.0,2025-05-01 16:00:00+00:00
1746129600000,0.06703,0.07298,0.06625,0.07053,188010194.0,2025-05-01 20:00:00+00:00
1746144000000,0.07053,0.07257,0.06784,0.06991,120838501.0,2025-05-02 00:00:00+00:00
1746158400000,0.06992,0.06998,0.06585,0.06614,76616453.0,2025-05-02 04:00:00+00:00
1746172800000,0.06616,0.06987,0.06562,0.06819,90487438.0,2025-05-02 08:00:00+00:00
1746187200000,0.0682,0.07208,0.06657,0.07039,122887724.0,2025-05-02 12:00:00+00:00
1746201600000,0.07038,0.07203,0.06909,0.07124,78576165.0,2025-05-02 16:00:00+00:00
1746216000000,0.07121,0.07388,0.06745,0.06886,107454517.0,2025-05-02 20:00:00+00:00
1746230400000,0.06888,0.07122,0.06672,0.0698,67059740.0,2025-05-03 00:00:00+00:00
1746244800000,0.0698,0.07016,0.06679,0.06799,47364603.0,2025-05-03 04:00:00+00:00
1746259200000,0.06799,0.06831,0.06547,0.06602,53209145.0,2025-05-03 08:00:00+00:00
1746273600000,0.066,0.06807,0.06594,0.06744,40964303.0,2025-05-03 12:00:00+00:00
1746288000000,0.06743,0.06745,0.06316,0.06521,51107666.0,2025-05-03 16:00:00+00:00
1746302400000,0.06521,0.06536,0.06316,0.06417,26772195.0,2025-05-03 20:00:00+00:00
1746316800000,0.06416,0.06569,0.06218,0.06258,42365084.0,2025-05-04 00:00:00+00:00
1746331200000,0.06259,0.0635,0.06008,0.06133,38764595.0,2025-05-04 04:00:00+00:00
1746345600000,0.06135,0.06274,0.05967,0.06199,54391169.0,2025-05-04 08:00:00+00:00
1746360000000,0.06199,0.06334,0.05905,0.05996,140195843.0,2025-05-04 12:00:00+00:00
1746374400000,0.05996,0.06145,0.05808,0.05883,46781409.0,2025-05-04 16:00:00+00:00
1746388800000,0.05884,0.0604,0.05777,0.05926,37786690.0,2025-05-04 20:00:00+00:00
1746403200000,0.05926,0.06091,0.05824,0.05926,42523065.0,2025-05-05 00:00:00+00:00
1746417600000,0.05927,0.064,0.05904,0.06318,55085226.0,2025-05-05 04:00:00+00:00
1746432000000,0.06318,0.06432,0.06052,0.0609,55562178.0,2025-05-05 08:00:00+00:00
1746446400000,0.0609,0.06147,0.05852,0.0593,66769031.0,2025-05-05 12:00:00+00:00
1746460800000,0.05932,0.0613,0.05877,0.05888,42272453.0,2025-05-05 16:00:00+00:00
1746475200000,0.05888,0.05892,0.05577,0.05679,51589892.0,2025-05-05 20:00:00+00:00
1746489600000,0.05679,0.0581,0.05471,0.0581,116556195.0,2025-05-06 00:00:00+00:00
1746504000000,0.0581,0.05973,0.05667,0.0578,50288888.0,2025-05-06 04:00:00+00:00
1746518400000,0.0578,0.05796,0.05328,0.05373,79380986.0,2025-05-06 08:00:00+00:00
1746532800000,0.05372,0.05506,0.05172,0.05287,95696202.0,2025-05-06 12:00:00+00:00
1746547200000,0.05288,0.05374,0.05214,0.05236,50451568.0,2025-05-06 16:00:00+00:00
1746561600000,0.05234,0.05466,0.05061,0.05401,61948222.0,2025-05-06 20:00:00+00:00
1746576000000,0.05403,0.05632,0.05292,0.05382,63416609.0,2025-05-07 00:00:00+00:00
1746590400000,0.05381,0.05406,0.05153,0.0537,36306586.0,2025-05-07 04:00:00+00:00
1746604800000,0.05368,0.055,0.05268,0.05434,48806270.0,2025-05-07 08:00:00+00:00
1746619200000,0.05436,0.05453,0.05202,0.05218,43728174.0,2025-05-07 12:00:00+00:00
1746633600000,0.05216,0.05498,0.05058,0.05275,72704370.0,2025-05-07 16:00:00+00:00
1746648000000,0.05277,0.0592,0.05214,0.05561,128949381.0,2025-05-07 20:00:00+00:00
1746662400000,0.05561,0.05912,0.05469,0.0588,77227291.0,2025-05-08 00:00:00+00:00
1746676800000,0.05881,0.06394,0.05857,0.06261,128515062.0,2025-05-08 04:00:00+00:00
1746691200000,0.06262,0.0663,0.06243,0.06386,131842193.0,2025-05-08 08:00:00+00:00
1746705600000,0.0639,0.06889,0.06357,0.0674,133586783.0,2025-05-08 12:00:00+00:00
1746720000000,0.0674,0.07014,0.06708,0.06872,96871370.0,2025-05-08 16:00:00+00:00
1746734400000,0.06873,0.07387,0.06834,0.07078,88803246.0,2025-05-08 20:00:00+00:00
1746748800000,0.07081,0.07338,0.06856,0.06882,76993588.0,2025-05-09 00:00:00+00:00
1746763200000,0.06881,0.08635,0.06879,0.08204,180582677.0,2025-05-09 04:00:00+00:00
1746777600000,0.08204,0.09021,0.08024,0.08428,154968246.0,2025-05-09 08:00:00+00:00
1746792000000,0.08428,0.0843,0.07754,0.08229,127649471.0,2025-05-09 12:00:00+00:00
1746806400000,0.08228,0.087,0.07976,0.08361,80603701.0,2025-05-09 16:00:00+00:00
1746820800000,0.08367,0.088,0.08335,0.08723,48539598.0,2025-05-09 20:00:00+00:00
1746835200000,0.0872,0.09,0.0806,0.08978,113060591.0,2025-05-10 00:00:00+00:00
1746849600000,0.08975,0.09507,0.08545,0.0889,121128259.0,2025-05-10 04:00:00+00:00
1746864000000,0.08895,0.09006,0.08082,0.08255,91530450.0,2025-05-10 08:00:00+00:00
1746878400000,0.08256,0.08582,0.08176,0.08272,61919622.0,2025-05-10 12:00:00+00:00
1746892800000,0.08272,0.08732,0.08234,0.08662,45596620.0,2025-05-10 16:00:00+00:00
1746907200000,0.08664,0.0929,0.08601,0.09276,44052842.0,2025-05-10 20:00:00+00:00
1746921600000,0.09272,0.0935,0.08371,0.08569,78412657.0,2025-05-11 00:00:00+00:00
1746936000000,0.08568,0.08759,0.08098,0.08151,51687719.0,2025-05-11 04:00:00+00:00
1746950400000,0.08151,0.08673,0.08004,0.08633,52931559.0,2025-05-11 08:00:00+00:00
1746964800000,0.08634,0.08933,0.08418,0.08476,58121324.0,2025-05-11 12:00:00+00:00
1746979200000,0.08477,0.08645,0.08257,0.08502,41023147.0,2025-05-11 16:00:00+00:00
1746993600000,0.08502,0.08865,0.08405,0.08834,31708957.0,2025-05-11 20:00:00+00:00
1747008000000,0.08831,0.10347,0.08729,0.0982,141302198.0,2025-05-12 00:00:00+00:00
1747022400000,0.09818,0.10562,0.09287,0.10279,95730472.0,2025-05-12 04:00:00+00:00
1747036800000,0.10278,0.10619,0.09701,0.09845,104820921.0,2025-05-12 08:00:00+00:00
1747051200000,0.09844,0.11375,0.09695,0.10457,185010769.0,2025-05-12 12:00:00+00:00
1747065600000,0.10458,0.1125,0.09642,0.0984,205565599.0,2025-05-12 16:00:00+00:00
1747080000000,0.09838,0.10967,0.09673,0.10916,68014303.0,2025-05-12 20:00:00+00:00
1747094400000,0.10918,0.10997,0.09769,0.10056,95455386.0,2025-05-13 00:00:00+00:00
1747108800000,0.10054,0.11134,0.09893,0.11007,79862878.0,2025-05-13 04:00:00+00:00
1747123200000,0.11,0.12033,0.106,0.11674,133271721.0,2025-05-13 08:00:00+00:00
1747137600000,0.11673,0.12697,0.113,0.11798,181795670.0,2025-05-13 12:00:00+00:00
1747152000000,0.11795,0.15176,0.11739,0.14304,208710123.0,2025-05-13 16:00:00+00:00
1747166400000,0.14316,0.14572,0.13258,0.13637,129986877.0,2025-05-13 20:00:00+00:00
1747180800000,0.13638,0.13661,0.12763,0.13537,93313436.0,2025-05-14 00:00:00+00:00
1747195200000,0.13539,0.13931,0.1317,0.13278,64175165.0,2025-05-14 04:00:00+00:00
1747209600000,0.13278,0.13724,0.123,0.1311,116281368.0,2025-05-14 08:00:00+00:00
1747224000000,0.13115,0.13341,0.12562,0.13176,96632640.0,2025-05-14 12:00:00+00:00
1747238400000,0.13178,0.13303,0.12618,0.13223,60433731.0,2025-05-14 16:00:00+00:00
1747252800000,0.13224,0.13361,0.12668,0.1295,35238050.0,2025-05-14 20:00:00+00:00
1747267200000,0.12949,0.1328,0.12331,0.12592,51036161.0,2025-05-15 00:00:00+00:00
1747281600000,0.12594,0.13058,0.11326,0.11461,77106309.0,2025-05-15 04:00:00+00:00
1747296000000,0.11463,0.12427,0.11409,0.11951,67732070.0,2025-05-15 08:00:00+00:00
1747310400000,0.11953,0.12122,0.1102,0.11904,91374409.0,2025-05-15 12:00:00+00:00
1747324800000,0.11906,0.12527,0.11334,0.11755,76850654.0,2025-05-15 16:00:00+00:00
1747339200000,0.11755,0.11807,0.1057,0.10707,64585431.0,2025-05-15 20:00:00+00:00
1747353600000,0.10704,0.11477,0.10684,0.10903,50614079.0,2025-05-16 00:00:00+00:00
1747368000000,0.10905,0.11275,0.10634,0.11008,38250574.0,2025-05-16 04:00:00+00:00
1747382400000,0.11009,0.11116,0.10413,0.1094,48663896.0,2025-05-16 08:00:00+00:00
1747396800000,0.10933,0.11302,0.1028,0.10305,61107000.0,2025-05-16 12:00:00+00:00
1747411200000,0.10305,0.10576,0.0987,0.10154,100151805.0,2025-05-16 16:00:00+00:00
1747425600000,0.10156,0.10204,0.0952,0.09669,65577180.0,2025-05-16 20:00:00+00:00
1747440000000,0.09668,0.09797,0.08832,0.08904,76510227.0,2025-05-17 00:00:00+00:00
1747454400000,0.08903,0.09029,0.08284,0.0842,76967386.0,2025-05-17 04:00:00+00:00
1747468800000,0.08418,0.09189,0.0822,0.08985,120247496.0,2025-05-17 08:00:00+00:00
1747483200000,0.08987,0.09552,0.08964,0.09272,107144082.0,2025-05-17 12:00:00+00:00
1747497600000,0.09269,0.09393,0.09051,0.09176,65901799.0,2025-05-17 16:00:00+00:00
1747512000000,0.09176,0.09391,0.08874,0.09032,44394352.0,2025-05-17 20:00:00+00:00
1747526400000,0.0903,0.0925,0.08947,0.09088,32370512.0,2025-05-18 00:00:00+00:00
1747540800000,0.0909,0.10415,0.09021,0.10272,110158041.0,2025-05-18 04:00:00+00:00
1747555200000,0.10271,0.11718,0.10253,0.1115,255438571.0,2025-05-18 08:00:00+00:00
1747569600000,0.11151,0.1186,0.10707,0.11732,163751064.0,2025-05-18 12:00:00+00:00
1747584000000,0.11733,0.11873,0.10192,0.10204,163955388.0,2025-05-18 16:00:00+00:00
1747598400000,0.10205,0.11407,0.09823,0.11216,128280667.0,2025-05-18 20:00:00+00:00
1747612800000,0.11224,0.11246,0.09788,0.09892,84554833.0,2025-05-19 00:00:00+00:00
1747627200000,0.09891,0.10078,0.09434,0.09803,88815513.0,2025-05-19 04:00:00+00:00
1747641600000,0.09801,0.09802,0.09214,0.09394,72175817.0,2025-05-19 08:00:00+00:00
1747656000000,0.09392,0.09818,0.0905,0.09516,130456100.0,2025-05-19 12:00:00+00:00
1747670400000,0.09513,0.10188,0.09239,0.10006,113296350.0,2025-05-19 16:00:00+00:00
1747684800000,0.10001,0.10327,0.098,0.10233,50386685.0,2025-05-19 20:00:00+00:00
1747699200000,0.10235,0.10656,0.09804,0.10375,108048541.0,2025-05-20 00:00:00+00:00
1747713600000,0.1038,0.10548,0.09924,0.10158,68976324.0,2025-05-20 04:00:00+00:00
1747728000000,0.10155,0.10806,0.10008,0.10217,96651634.0,2025-05-20 08:00:00+00:00
1747742400000,0.10213,0.10365,0.09887,0.10247,82342587.0,2025-05-20 12:00:00+00:00
1747756800000,0.10245,0.1042,0.09609,0.10343,100511667.0,2025-05-20 16:00:00+00:00
1747771200000,0.10344,0.10676,0.101,0.10332,71297172.0,2025-05-20 20:00:00+00:00
1747785600000,0.10333,0.10656,0.0993,0.10424,63852084.0,2025-05-21 00:00:00+00:00
1747800000000,0.10428,0.11354,0.10206,0.10256,128150325.0,2025-05-21 04:00:00+00:00
1747814400000,0.10255,0.10841,0.0999,0.10762,73199412.0,2025-05-21 08:00:00+00:00
1747828800000,0.10762,0.10932,0.10406,0.10733,97454033.0,2025-05-21 12:00:00+00:00
1747843200000,0.10735,0.11367,0.10085,0.10528,153010890.0,2025-05-21 16:00:00+00:00
1747857600000,0.10524,0.11124,0.10168,0.10724,54627283.0,2025-05-21 20:00:00+00:00
1747872000000,0.10725,0.11646,0.10641,0.11306,85954495.0,2025-05-22 00:00:00+00:00
1747886400000,0.11307,0.11345,0.10597,0.11135,71488756.0,2025-05-22 04:00:00+00:00
1747900800000,0.11134,0.11399,0.10766,0.10846,61690635.0,2025-05-22 08:00:00+00:00
1747915200000,0.10842,0.11519,0.10606,0.11052,76212210.0,2025-05-22 12:00:00+00:00
1747929600000,0.11051,0.11187,0.10514,0.10638,52314841.0,2025-05-22 16:00:00+00:00
1747944000000,0.10641,0.11179,0.10525,0.11113,53221543.0,2025-05-22 20:00:00+00:00
1747958400000,0.11109,0.11703,0.10857,0.11351,91564529.0,2025-05-23 00:00:00+00:00
1747972800000,0.11354,0.11446,0.10606,0.10669,70425745.0,2025-05-23 04:00:00+00:00
1747987200000,0.10671,0.11295,0.09851,0.10063,100067390.0,2025-05-23 08:00:00+00:00
1748001600000,0.1007,0.10395,0.09433,0.09962,187340882.0,2025-05-23 12:00:00+00:00
1748016000000,0.09964,0.10102,0.09656,0.09737,54202996.0,2025-05-23 16:00:00+00:00
1748030400000,0.09736,0.09736,0.08752,0.08902,80188182.0,2025-05-23 20:00:00+00:00
1748044800000,0.08903,0.09461,0.0886,0.09392,78618227.0,2025-05-24 00:00:00+00:00
1748059200000,0.09391,0.09566,0.09157,0.09219,49894136.0,2025-05-24 04:00:00+00:00
1748073600000,0.09223,0.09343,0.08922,0.09188,71319573.0,2025-05-24 08:00:00+00:00
1748088000000,0.09188,0.09231,0.08878,0.09047,52749632.0,2025-05-24 12:00:00+00:00
1748102400000,0.09045,0.09564,0.08896,0.0926,67384580.0,2025-05-24 16:00:00+00:00
1748116800000,0.0926,0.09523,0.09151,0.09264,39335583.0,2025-05-24 20:00:00+00:00
1748131200000,0.09267,0.09328,0.0876,0.09055,48504127.0,2025-05-25 00:00:00+00:00
1748145600000,0.09054,0.09113,0.08571,0.08828,63318967.0,2025-05-25 04:00:00+00:00
1748160000000,0.08829,0.08832,0.08462,0.08545,49705124.0,2025-05-25 08:00:00+00:00
1748174400000,0.08544,0.08755,0.08278,0.08457,62148257.0,2025-05-25 12:00:00+00:00
1748188800000,0.08458,0.08627,0.08332,0.08553,34347225.0,2025-05-25 16:00:00+00:00
1748203200000,0.08546,0.09216,0.08431,0.09133,56449356.0,2025-05-25 20:00:00+00:00
1748217600000,0.09133,0.09362,0.09003,0.09234,56448390.0,2025-05-26 00:00:00+00:00
1748232000000,0.09234,0.09629,0.09159,0.09627,66979854.0,2025-05-26 04:00:00+00:00
1748246400000,0.09625,0.09626,0.09137,0.09261,60694215.0,2025-05-26 08:00:00+00:00
1748260800000,0.0926,0.09283,0.08527,0.08949,106441896.0,2025-05-26 12:00:00+00:00
1748275200000,0.08952,0.09039,0.08428,0.08609,72568295.0,2025-05-26 16:00:00+00:00
1748289600000,0.0861,0.08828,0.08554,0.08705,26757707.0,2025-05-26 20:00:00+00:00
1748304000000,0.08703,0.09009,0.08356,0.08955,58669052.0,2025-05-27 00:00:00+00:00
1748318400000,0.08956,0.092,0.08674,0.09112,49837695.0,2025-05-27 04:00:00+00:00
1748332800000,0.09114,0.09395,0.09014,0.09286,48826348.0,2025-05-27 08:00:00+00:00
1748347200000,0.09287,0.09523,0.08936,0.09144,63931898.0,2025-05-27 12:00:00+00:00
1748361600000,0.09146,0.09509,0.0912,0.09473,60048885.0,2025-05-27 16:00:00+00:00
1748376000000,0.09471,0.0961,0.09158,0.09301,41344882.0,2025-05-27 20:00:00+00:00
1748390400000,0.093,0.09446,0.09008,0.09247,37746082.0,2025-05-28 00:00:00+00:00
1748404800000,0.09246,0.0926,0.08875,0.08919,32670175.0,2025-05-28 04:00:00+00:00
1748419200000,0.0892,0.09038,0.08714,0.08939,31184472.0,2025-05-28 08:00:00+00:00
1748433600000,0.08938,0.092,0.08365,0.08424,76462695.0,2025-05-28 12:00:00+00:00
1748448000000,0.08425,0.08754,0.08222,0.08278,50753687.0,2025-05-28 16:00:00+00:00
1748462400000,0.08278,0.0878,0.08213,0.08759,43016576.0,2025-05-28 20:00:00+00:00
1748476800000,0.0876,0.09014,0.0865,0.08698,49133296.0,2025-05-29 00:00:00+00:00
1748491200000,0.08698,0.0874,0.08337,0.08494,41203248.0,2025-05-29 04:00:00+00:00
1748505600000,0.08495,0.08619,0.08421,0.0845,28886776.0,2025-05-29 08:00:00+00:00
1748520000000,0.0845,0.0845,0.07758,0.07786,102821079.0,2025-05-29 12:00:00+00:00
1748534400000,0.07789,0.07999,0.07616,0.07719,87890599.0,2025-05-29 16:00:00+00:00
1748548800000,0.07717,0.07972,0.07669,0.07745,44888714.0,2025-05-29 20:00:00+00:00
1748563200000,0.07745,0.07805,0.06775,0.07134,189621899.0,2025-05-30 00:00:00+00:00
1748577600000,0.07134,0.07181,0.06867,0.06956,104221317.0,2025-05-30 04:00:00+00:00
1748592000000,0.06956,0.07191,0.06898,0.07061,71682898.0,2025-05-30 08:00:00+00:00
1748606400000,0.07062,0.07098,0.06776,0.0683,90917543.0,2025-05-30 12:00:00+00:00
1748620800000,0.06831,0.06917,0.06334,0.06854,127214071.0,2025-05-30 16:00:00+00:00
1748635200000,0.06854,0.06879,0.06229,0.06282,70557111.0,2025-05-30 20:00:00+00:00
1748649600000,0.06285,0.06313,0.05858,0.05923,112856691.0,2025-05-31 00:00:00+00:00
1748664000000,0.05922,0.06054,0.05761,0.06014,75162469.0,2025-05-31 04:00:00+00:00
1748678400000,0.06013,0.0608,0.0577,0.05793,65477921.0,2025-05-31 08:00:00+00:00
1748692800000,0.05796,0.06269,0.05779,0.06121,85909497.0,2025-05-31 12:00:00+00:00
1748707200000,0.06122,0.06316,0.06037,0.06269,58341651.0,2025-05-31 16:00:00+00:00
1748721600000,0.06268,0.06344,0.06155,0.06225,37832720.0,2025-05-31 20:00:00+00:00
1748736000000,0.06224,0.06304,0.06017,0.06092,38015029.0,2025-06-01 00:00:00+00:00
1748750400000,0.06091,0.06248,0.06073,0.06155,38486803.0,2025-06-01 04:00:00+00:00
1748764800000,0.06155,0.06159,0.05806,0.06025,61267328.0,2025-06-01 08:00:00+00:00
1748779200000,0.06025,0.0621,0.05858,0.06179,66572319.0,2025-06-01 12:00:00+00:00
1748793600000,0.06178,0.06378,0.06076,0.06272,79951640.0,2025-06-01 16:00:00+00:00
1748808000000,0.06272,0.0664,0.06236,0.06618,75816252.0,2025-06-01 20:00:00+00:00
1748822400000,0.06617,0.06668,0.0629,0.06341,59399734.0,2025-06-02 00:00:00+00:00
1748836800000,0.06341,0.06395,0.06179,0.06322,39995194.0,2025-06-02 04:00:00+00:00
1748851200000,0.06322,0.06377,0.06037,0.06116,49906880.0,2025-06-02 08:00:00+00:00
1748865600000,0.06116,0.063,0.06042,0.0619,55674765.0,2025-06-02 12:00:00+00:00
1748880000000,0.06191,0.06288,0.05925,0.06026,52171334.0,2025-06-02 16:00:00+00:00
1748894400000,0.06026,0.0657,0.06026,0.06384,60584508.0,2025-06-02 20:00:00+00:00
1748908800000,0.06384,0.06696,0.06364,0.06456,55300695.0,2025-06-03 00:00:00+00:00
1748923200000,0.06456,0.0647,0.06294,0.06364,32345006.0,2025-06-03 04:00:00+00:00
1748937600000,0.06365,0.06433,0.06251,0.06347,34318209.0,2025-06-03 08:00:00+00:00
1748952000000,0.06344,0.06578,0.0619,0.06514,86791419.0,2025-06-03 12:00:00+00:00
1748966400000,0.06514,0.06536,0.0629,0.06419,70379438.0,2025-06-03 16:00:00+00:00
1748980800000,0.06419,0.06433,0.05944,0.05988,69588017.0,2025-06-03 20:00:00+00:00
1748995200000,0.05987,0.0622,0.0588,0.06074,55521264.0,2025-06-04 00:00:00+00:00
1749009600000,0.06074,0.06112,0.05906,0.05961,37848405.0,2025-06-04 04:00:00+00:00
1749024000000,0.05963,0.06052,0.05852,0.05906,51378862.0,2025-06-04 08:00:00+00:00
1749038400000,0.05906,0.06051,0.05702,0.05963,82687762.0,2025-06-04 12:00:00+00:00
1749052800000,0.05964,0.05975,0.05665,0.05665,50962828.0,2025-06-04 16:00:00+00:00
1749067200000,0.05664,0.05675,0.05413,0.05522,72629821.0,2025-06-04 20:00:00+00:00
1749081600000,0.0552,0.05685,0.05507,0.05603,47282952.0,2025-06-05 00:00:00+00:00
1749096000000,0.05604,0.0565,0.0542,0.0554,50442925.0,2025-06-05 04:00:00+00:00
1749110400000,0.05543,0.05585,0.05433,0.05498,36920628.0,2025-06-05 08:00:00+00:00
1749124800000,0.05499,0.05724,0.05314,0.05526,94104187.0,2025-06-05 12:00:00+00:00
1749139200000,0.05525,0.05552,0.04963,0.05128,117482324.0,2025-06-05 16:00:00+00:00
1749153600000,0.0513,0.05163,0.04825,0.05037,140913771.0,2025-06-05 20:00:00+00:00
1749168000000,0.05038,0.0518,0.05013,0.05156,46138733.0,2025-06-06 00:00:00+00:00
1749182400000,0.05157,0.05248,0.05096,0.05181,38435175.0,2025-06-06 04:00:00+00:00
1749196800000,0.05183,0.05292,0.05171,0.05237,38275904.0,2025-06-06 08:00:00+00:00
1749211200000,0.05238,0.05475,0.05231,0.05436,66159072.0,2025-06-06 12:00:00+00:00
1749225600000,0.05437,0.05439,0.05113,0.05157,62879491.0,2025-06-06 16:00:00+00:00
1749240000000,0.05159,0.0528,0.05124,0.05172,40200818.0,2025-06-06 20:00:00+00:00
1749254400000,0.05172,0.0553,0.05123,0.05496,73897428.0,2025-06-07 00:00:00+00:00
1749268800000,0.05499,0.05943,0.05473,0.05841,158252515.0,2025-06-07 04:00:00+00:00
1749283200000,0.05844,0.06041,0.05635,0.0582,281625770.0,2025-06-07 08:00:00+00:00
1749297600000,0.0582,0.05894,0.05694,0.05757,102505704.0,2025-06-07 12:00:00+00:00
1749312000000,0.0576,0.05764,0.05525,0.05642,79563153.0,2025-06-07 16:00:00+00:00
1749326400000,0.05641,0.05719,0.05587,0.05652,44962978.0,2025-06-07 20:00:00+00:00
1749340800000,0.05654,0.05725,0.05612,0.0563,43270332.0,2025-06-08 00:00:00+00:00
1749355200000,0.05631,0.05691,0.05464,0.0548,44138809.0,2025-06-08 04:00:00+00:00
1749369600000,0.05483,0.05592,0.05381,0.05578,60320171.0,2025-06-08 08:00:00+00:00
1749384000000,0.05579,0.05649,0.05486,0.05577,44402698.0,2025-06-08 12:00:00+00:00
1749398400000,0.05577,0.05889,0.05569,0.05782,76516905.0,2025-06-08 16:00:00+00:00
1749412800000,0.05783,0.05819,0.05531,0.05549,43484593.0,2025-06-08 20:00:00+00:00
1749427200000,0.05549,0.05619,0.05438,0.05509,44616700.0,2025-06-09 00:00:00+00:00
1749441600000,0.05507,0.05583,0.05362,0.05517,53009731.0,2025-06-09 04:00:00+00:00
1749456000000,0.05517,0.06038,0.05462,0.05966,118043425.0,2025-06-09 08:00:00+00:00
1749470400000,0.05965,0.05981,0.05662,0.05762,92453028.0,2025-06-09 12:00:00+00:00
1749484800000,0.05763,0.05959,0.05763,0.05828,53750949.0,2025-06-09 16:00:00+00:00
1749499200000,0.05829,0.06375,0.05802,0.0628,82988410.0,2025-06-09 20:00:00+00:00
1749513600000,0.06281,0.06324,0.05967,0.06009,61745266.0,2025-06-10 00:00:00+00:00
1749528000000,0.0601,0.06115,0.05898,0.06049,54525921.0,2025-06-10 04:00:00+00:00
1749542400000,0.0605,0.06377,0.05966,0.06315,58970311.0,2025-06-10 08:00:00+00:00
1749556800000,0.06315,0.064,0.05956,0.06111,110549638.0,2025-06-10 12:00:00+00:00
1749571200000,0.06111,0.06202,0.05855,0.06054,65906949.0,2025-06-10 16:00:00+00:00
1749585600000,0.06054,0.06234,0.05955,0.06154,44356700.0,2025-06-10 20:00:00+00:00
1749600000000,0.06155,0.06187,0.05806,0.05938,58331705.0,2025-06-11 00:00:00+00:00
1749614400000,0.0594,0.05949,0.05754,0.05778,44235326.0,2025-06-11 04:00:00+00:00
1749628800000,0.0578,0.05854,0.05547,0.05614,64267235.0,2025-06-11 08:00:00+00:00
1749643200000,0.05615,0.05972,0.05559,0.05848,114551012.0,2025-06-11 12:00:00+00:00
1749657600000,0.05847,0.05874,0.05414,0.05446,112645259.0,2025-06-11 16:00:00+00:00
1749672000000,0.05445,0.05559,0.05071,0.05184,125922433.0,2025-06-11 20:00:00+00:00
1749686400000,0.05184,0.05188,0.04969,0.05058,83501528.0,2025-06-12 00:00:00+00:00
1749700800000,0.05058,0.05087,0.04977,0.04989,56254921.0,2025-06-12 04:00:00+00:00
1749715200000,0.04989,0.0514,0.04921,0.05008,76879249.0,2025-06-12 08:00:00+00:00
1749729600000,0.05009,0.05111,0.04786,0.04851,89490682.0,2025-06-12 12:00:00+00:00
1749744000000,0.04851,0.05019,0.0464,0.047,88158549.0,2025-06-12 16:00:00+00:00
1749758400000,0.04701,0.04754,0.0442,0.04483,110639794.0,2025-06-12 20:00:00+00:00
1749772800000,0.04485,0.0452,0.03957,0.042,308236541.0,2025-06-13 00:00:00+00:00
1749787200000,0.04201,0.0424,0.04117,0.04203,93129296.0,2025-06-13 04:00:00+00:00
1749801600000,0.04205,0.04289,0.04093,0.04184,97818733.0,2025-06-13 08:00:00+00:00
1749816000000,0.04185,0.04363,0.04092,0.04289,126364260.0,2025-06-13 12:00:00+00:00
1749830400000,0.04288,0.04414,0.04223,0.04286,103405282.0,2025-06-13 16:00:00+00:00
1749844800000,0.04285,0.04359,0.04262,0.04336,48934975.0,2025-06-13 20:00:00+00:00
1749859200000,0.04337,0.04361,0.04235,0.04244,47449341.0,2025-06-14 00:00:00+00:00
1749873600000,0.04244,0.04291,0.04191,0.04244,40562948.0,2025-06-14 04:00:00+00:00
1749888000000,0.04245,0.04325,0.04197,0.04316,37296723.0,2025-06-14 08:00:00+00:00
1749902400000,0.04314,0.04363,0.04166,0.04216,48224879.0,2025-06-14 12:00:00+00:00
1749916800000,0.04215,0.04254,0.04097,0.0411,63396522.0,2025-06-14 16:00:00+00:00
1749931200000,0.0411,0.04216,0.04045,0.04129,42140407.0,2025-06-14 20:00:00+00:00
1749945600000,0.04131,0.04202,0.04119,0.04154,32329314.0,2025-06-15 00:00:00+00:00
1749960000000,0.04156,0.04237,0.04101,0.04119,41908197.0,2025-06-15 04:00:00+00:00
1749974400000,0.04118,0.04219,0.04083,0.04207,31422140.0,2025-06-15 08:00:00+00:00
1749988800000,0.04205,0.04288,0.04125,0.04214,59878362.0,2025-06-15 12:00:00+00:00
1750003200000,0.04215,0.04262,0.04141,0.04227,42131613.0,2025-06-15 16:00:00+00:00
1750017600000,0.04228,0.04239,0.04078,0.04217,47206684.0,2025-06-15 20:00:00+00:00
1750032000000,0.04216,0.04334,0.04113,0.0427,61929979.0,2025-06-16 00:00:00+00:00
1750046400000,0.04271,0.0484,0.0426,0.04817,183418009.0,2025-06-16 04:00:00+00:00
1750060800000,0.04817,0.05078,0.04612,0.04766,389874702.0,2025-06-16 08:00:00+00:00
1750075200000,0.04765,0.04917,0.04707,0.04722,231627335.0,2025-06-16 12:00:00+00:00
1750089600000,0.04723,0.04893,0.04693,0.04791,98902660.0,2025-06-16 16:00:00+00:00
1750104000000,0.04791,0.0489,0.04481,0.04507,119557459.0,2025-06-16 20:00:00+00:00
1750118400000,0.04505,0.04669,0.04323,0.04617,129935398.0,2025-06-17 00:00:00+00:00
1750132800000,0.04618,0.04641,0.04521,0.04541,58635923.0,2025-06-17 04:00:00+00:00
1750147200000,0.0454,0.04583,0.04362,0.04395,70193770.0,2025-06-17 08:00:00+00:00
1750161600000,0.04395,0.0444,0.04115,0.04168,103187807.0,2025-06-17 12:00:00+00:00
1750176000000,0.04169,0.04406,0.04006,0.04374,138380347.0,2025-06-17 16:00:00+00:00
1750190400000,0.04373,0.04388,0.04202,0.04235,67358236.0,2025-06-17 20:00:00+00:00
1750204800000,0.04236,0.04382,0.04225,0.04274,49733612.0,2025-06-18 00:00:00+00:00
1750219200000,0.04274,0.04321,0.04218,0.04259,44108673.0,2025-06-18 04:00:00+00:00
1750233600000,0.04258,0.04296,0.04103,0.04193,49062095.0,2025-06-18 08:00:00+00:00
1750248000000,0.04191,0.04223,0.0397,0.04151,96781085.0,2025-06-18 12:00:00+00:00
1750262400000,0.04154,0.04246,0.04096,0.04138,69950747.0,2025-06-18 16:00:00+00:00
1750276800000,0.04138,0.04334,0.04114,0.04321,65874154.0,2025-06-18 20:00:00+00:00
1750291200000,0.04321,0.04419,0.0424,0.04291,51181923.0,2025-06-19 00:00:00+00:00
1750305600000,0.04292,0.04366,0.04204,0.04211,40729698.0,2025-06-19 04:00:00+00:00
1750320000000,0.04211,0.04275,0.04171,0.04195,46703715.0,2025-06-19 08:00:00+00:00
1750334400000,0.04196,0.04229,0.04062,0.04085,43906941.0,2025-06-19 12:00:00+00:00
1750348800000,0.04083,0.0416,0.04,0.04074,60966026.0,2025-06-19 16:00:00+00:00
1750363200000,0.04075,0.04121,0.04026,0.0406,36123826.0,2025-06-19 20:00:00+00:00
1750377600000,0.04059,0.04095,0.03957,0.03989,38945466.0,2025-06-20 00:00:00+00:00
1750392000000,0.03988,0.04215,0.03888,0.04197,78624066.0,2025-06-20 04:00:00+00:00
1750406400000,0.04198,0.04226,0.04124,0.04179,53761638.0,2025-06-20 08:00:00+00:00
1750420800000,0.04179,0.04251,0.03893,0.03936,94838393.0,2025-06-20 12:00:00+00:00
1750435200000,0.03936,0.03951,0.03657,0.03771,148573116.0,2025-06-20 16:00:00+00:00
1750449600000,0.0377,0.03843,0.03678,0.03736,54831852.0,2025-06-20 20:00:00+00:00
1750464000000,0.03736,0.03845,0.03712,0.03802,37845500.0,2025-06-21 00:00:00+00:00
1750478400000,0.03802,0.0385,0.03756,0.03811,33418231.0,2025-06-21 04:00:00+00:00
1750492800000,0.03812,0.03836,0.03741,0.03768,32995789.0,2025-06-21 08:00:00+00:00
1750507200000,0.03768,0.03794,0.03444,0.03512,144834517.0,2025-06-21 12:00:00+00:00
1750521600000,0.03513,0.03559,0.03398,0.03418,86569773.0,2025-06-21 16:00:00+00:00
1750536000000,0.03418,0.03534,0.03285,0.0353,110610268.0,2025-06-21 20:00:00+00:00
1750550400000,0.0353,0.03595,0.03434,0.03471,73970811.0,2025-06-22 00:00:00+00:00
1750564800000,0.03471,0.03543,0.03442,0.03498,55664466.0,2025-06-22 04:00:00+00:00
1750579200000,0.03499,0.03513,0.03403,0.03446,60723064.0,2025-06-22 08:00:00+00:00
1750593600000,0.03446,0.0348,0.03212,0.03313,196526944.0,2025-06-22 12:00:00+00:00
1750608000000,0.03312,0.0342,0.0328,0.03356,86123910.0,2025-06-22 16:00:00+00:00
1750622400000,0.03357,0.03521,0.03246,0.03499,88390979.0,2025-06-22 20:00:00+00:00
1750636800000,0.035,0.03564,0.03469,0.03514,56916631.0,2025-06-23 00:00:00+00:00
1750651200000,0.03514,0.03556,0.0346,0.0354,65428375.0,2025-06-23 04:00:00+00:00
1750665600000,0.03539,0.03615,0.03495,0.03549,60035285.0,2025-06-23 08:00:00+00:00
1750680000000,0.03549,0.03725,0.0352,0.03567,94387471.0,2025-06-23 12:00:00+00:00
1750694400000,0.03568,0.03804,0.03441,0.03784,147413244.0,2025-06-23 16:00:00+00:00
1750708800000,0.03785,0.04193,0.03766,0.04156,124515844.0,2025-06-23 20:00:00+00:00
1750723200000,0.04155,0.04357,0.04151,0.04336,79088400.0,2025-06-24 00:00:00+00:00
1750737600000,0.04337,0.04815,0.04328,0.04641,378242491.0,2025-06-24 04:00:00+00:00
1750752000000,0.04641,0.04789,0.04573,0.04622,299821601.0,2025-06-24 08:00:00+00:00
1750766400000,0.04622,0.04771,0.04601,0.04638,186610794.0,2025-06-24 12:00:00+00:00
1750780800000,0.04638,0.04948,0.04613,0.04685,236500038.0,2025-06-24 16:00:00+00:00
1750795200000,0.04686,0.04723,0.04571,0.04697,78868060.0,2025-06-24 20:00:00+00:00
1750809600000,0.04696,0.04698,0.0456,0.04562,71271067.0,2025-06-25 00:00:00+00:00
1750824000000,0.04564,0.04569,0.04308,0.0433,116886989.0,2025-06-25 04:00:00+00:00
1750838400000,0.04332,0.04341,0.04174,0.04293,107527122.0,2025-06-25 08:00:00+00:00
1750852800000,0.04294,0.0448,0.04094,0.04137,216648747.0,2025-06-25 12:00:00+00:00
1750867200000,0.04138,0.04167,0.03963,0.04014,127645162.0,2025-06-25 16:00:00+00:00
1750881600000,0.04016,0.04126,0.03864,0.03917,117007307.0,2025-06-25 20:00:00+00:00
1750896000000,0.03918,0.04316,0.03891,0.04177,144823657.0,2025-06-26 00:00:00+00:00
1750910400000,0.04176,0.04186,0.04025,0.04039,74865887.0,2025-06-26 04:00:00+00:00
1750924800000,0.04038,0.04091,0.03902,0.03909,73660523.0,2025-06-26 08:00:00+00:00
1750939200000,0.03909,0.03926,0.03657,0.03706,143171163.0,2025-06-26 12:00:00+00:00
1750953600000,0.03706,0.03748,0.03579,0.03719,93102865.0,2025-06-26 16:00:00+00:00
1750968000000,0.03717,0.03901,0.037,0.03767,112098856.0,2025-06-26 20:00:00+00:00
1750982400000,0.03767,0.03779,0.03677,0.03726,59540605.0,2025-06-27 00:00:00+00:00
1750996800000,0.03726,0.03887,0.03699,0.03761,84946248.0,2025-06-27 04:00:00+00:00
1751011200000,0.03761,0.03985,0.03752,0.03872,108885529.0,2025-06-27 08:00:00+00:00
1751025600000,0.03872,0.03915,0.03791,0.03882,115568963.0,2025-06-27 12:00:00+00:00
1751040000000,0.03882,0.03998,0.03739,0.03778,125611118.0,2025-06-27 16:00:00+00:00
1751054400000,0.03778,0.03886,0.03753,0.03845,47777473.0,2025-06-27 20:00:00+00:00
1751068800000,0.03848,0.03875,0.03799,0.03799,39626207.0,2025-06-28 00:00:00+00:00
1751083200000,0.03799,0.03916,0.03762,0.03916,52944025.0,2025-06-28 04:00:00+00:00
1751097600000,0.03916,0.03924,0.03776,0.0387,63312809.0,2025-06-28 08:00:00+00:00
1751112000000,0.0387,0.03895,0.0377,0.03889,61792823.0,2025-06-28 12:00:00+00:00
1751126400000,0.03889,0.04255,0.03878,0.04126,144918261.0,2025-06-28 16:00:00+00:00
1751140800000,0.04126,0.04303,0.04034,0.04158,90315031.0,2025-06-28 20:00:00+00:00
1751155200000,0.04159,0.04257,0.04036,0.04045,66471071.0,2025-06-29 00:00:00+00:00
1751169600000,0.04045,0.04193,0.04037,0.04137,57202779.0,2025-06-29 04:00:00+00:00
1751184000000,0.04136,0.04232,0.04044,0.04072,86136722.0,2025-06-29 08:00:00+00:00
1751198400000,0.0407,0.04164,0.04004,0.04011,75631220.0,2025-06-29 12:00:00+00:00
1751212800000,0.0401,0.04099,0.03984,0.04071,49411820.0,2025-06-29 16:00:00+00:00
1751227200000,0.04071,0.04419,0.04005,0.04318,112118008.0,2025-06-29 20:00:00+00:00
1751241600000,0.04319,0.04393,0.04203,0.04228,64449533.0,2025-06-30 00:00:00+00:00
1751256000000,0.04229,0.04367,0.04176,0.04296,72698117.0,2025-06-30 04:00:00+00:00
1751270400000,0.04296,0.04354,0.04162,0.04179,67605227.0,2025-06-30 08:00:00+00:00
1751284800000,0.04177,0.0432,0.04021,0.04216,112953559.0,2025-06-30 12:00:00+00:00
1751299200000,0.04216,0.04423,0.04169,0.04353,146882751.0,2025-06-30 16:00:00+00:00
1751313600000,0.04353,0.04372,0.04132,0.04177,62122288.0,2025-06-30 20:00:00+00:00
1751328000000,0.04176,0.04192,0.03939,0.04034,73724850.0,2025-07-01 00:00:00+00:00
1751342400000,0.04034,0.04034,0.03853,0.03946,60921578.0,2025-07-01 04:00:00+00:00
1751356800000,0.03946,0.03946,0.03858,0.03883,45878764.0,2025-07-01 08:00:00+00:00
1751371200000,0.03885,0.03907,0.03765,0.03806,89547488.0,2025-07-01 12:00:00+00:00
1751385600000,0.03805,0.03851,0.03675,0.03706,64279440.0,2025-07-01 16:00:00+00:00
1751400000000,0.03706,0.03781,0.0368,0.03726,52503108.0,2025-07-01 20:00:00+00:00
1751414400000,0.03726,0.03818,0.0364,0.03757,54544300.0,2025-07-02 00:00:00+00:00
1751428800000,0.03757,0.0399,0.03726,0.03907,97638938.0,2025-07-02 04:00:00+00:00
1751443200000,0.03905,0.03993,0.0389,0.03926,50100246.0,2025-07-02 08:00:00+00:00
1751457600000,0.03923,0.04372,0.03879,0.04341,160540606.0,2025-07-02 12:00:00+00:00
1751472000000,0.0434,0.0462,0.04338,0.0461,286526638.0,2025-07-02 16:00:00+00:00
1751486400000,0.04609,0.04848,0.04562,0.04612,169203513.0,2025-07-02 20:00:00+00:00
1751500800000,0.04612,0.04716,0.04506,0.04508,112703745.0,2025-07-03 00:00:00+00:00
1751515200000,0.04509,0.04932,0.04502,0.04776,227981594.0,2025-07-03 04:00:00+00:00
1751529600000,0.04778,0.04866,0.04639,0.04663,120735370.0,2025-07-03 08:00:00+00:00
1751544000000,0.04662,0.04804,0.04384,0.04425,220266825.0,2025-07-03 12:00:00+00:00
1751558400000,0.04423,0.04552,0.04417,0.04528,83851103.0,2025-07-03 16:00:00+00:00
1751572800000,0.04529,0.04634,0.0451,0.04533,69082694.0,2025-07-03 20:00:00+00:00
1751587200000,0.04532,0.04565,0.04324,0.04402,73792627.0,2025-07-04 00:00:00+00:00
1751601600000,0.04401,0.04473,0.04152,0.04194,90108953.0,2025-07-04 04:00:00+00:00
1751616000000,0.04194,0.04315,0.0412,0.04216,69948760.0,2025-07-04 08:00:00+00:00
1751630400000,0.04217,0.04233,0.04041,0.04053,105169429.0,2025-07-04 12:00:00+00:00
1751644800000,0.04053,0.0407,0.03945,0.03965,73914912.0,2025-07-04 16:00:00+00:00
1751659200000,0.03965,0.04203,0.03961,0.04161,66684549.0,2025-07-04 20:00:00+00:00
1751673600000,0.04162,0.04279,0.04117,0.04231,77463410.0,2025-07-05 00:00:00+00:00
1751688000000,0.04232,0.04664,0.04126,0.04595,236583148.0,2025-07-05 04:00:00+00:00
1751702400000,0.04596,0.04697,0.04422,0.04429,171268382.0,2025-07-05 08:00:00+00:00
1751716800000,0.04429,0.04435,0.04148,0.04163,135531431.0,2025-07-05 12:00:00+00:00
1751731200000,0.04164,0.04317,0.04073,0.04164,134181590.0,2025-07-05 16:00:00+00:00
1751745600000,0.04164,0.0426,0.04152,0.04205,50335011.0,2025-07-05 20:00:00+00:00
1751760000000,0.04206,0.04273,0.04127,0.04159,63930909.0,2025-07-06 00:00:00+00:00
1751774400000,0.04158,0.04261,0.0414,0.04191,74058479.0,2025-07-06 04:00:00+00:00
1751788800000,0.04191,0.04239,0.04138,0.04228,74312257.0,2025-07-06 08:00:00+00:00
1751803200000,0.04228,0.0445,0.04196,0.04312,104221798.0,2025-07-06 12:00:00+00:00
1751817600000,0.04313,0.04333,0.04213,0.04245,55391203.0,2025-07-06 16:00:00+00:00
1751832000000,0.04245,0.04476,0.04241,0.04307,73023408.0,2025-07-06 20:00:00+00:00
1751846400000,0.04306,0.04591,0.0427,0.04384,90525691.0,2025-07-07 00:00:00+00:00
1751860800000,0.04386,0.04435,0.04277,0.04433,72543203.0,2025-07-07 04:00:00+00:00
1751875200000,0.04433,0.04438,0.04274,0.04286,55766230.0,2025-07-07 08:00:00+00:00
1751889600000,0.04287,0.04375,0.04163,0.04198,91211670.0,2025-07-07 12:00:00+00:00
1751904000000,0.042,0.04268,0.04104,0.04176,78204307.0,2025-07-07 16:00:00+00:00
1751918400000,0.04175,0.04185,0.04043,0.04176,64525899.0,2025-07-07 20:00:00+00:00
1751932800000,0.04176,0.04259,0.04079,0.04089,67927549.0,2025-07-08 00:00:00+00:00
1751947200000,0.04088,0.04155,0.04025,0.04062,58861580.0,2025-07-08 04:00:00+00:00
1751961600000,0.04062,0.04187,0.04028,0.04126,48487566.0,2025-07-08 08:00:00+00:00
1751976000000,0.04126,0.04193,0.03918,0.03953,96487945.0,2025-07-08 12:00:00+00:00
1751990400000,0.03954,0.04192,0.0394,0.04112,95406580.0,2025-07-08 16:00:00+00:00
1752004800000,0.04112,0.04126,0.04051,0.04081,39058365.0,2025-07-08 20:00:00+00:00
1752019200000,0.04081,0.04103,0.0397,0.0399,51227602.0,2025-07-09 00:00:00+00:00
1752033600000,0.03989,0.04138,0.03976,0.04048,59355170.0,2025-07-09 04:00:00+00:00
1752048000000,0.04049,0.04195,0.04028,0.04136,69397443.0,2025-07-09 08:00:00+00:00
1752062400000,0.04136,0.04288,0.04118,0.0417,100918053.0,2025-07-09 12:00:00+00:00
1752076800000,0.04171,0.04442,0.04149,0.04402,118531978.0,2025-07-09 16:00:00+00:00
1752091200000,0.04401,0.04566,0.04322,0.0452,106568359.0,2025-07-09 20:00:00+00:00
1752105600000,0.04519,0.04826,0.04519,0.04721,188258583.0,2025-07-10 00:00:00+00:00
1752120000000,0.04721,0.05014,0.04659,0.04879,155951024.0,2025-07-10 04:00:00+00:00
1752134400000,0.04878,0.05084,0.04808,0.04991,182090529.0,2025-07-10 08:00:00+00:00
1752148800000,0.0499,0.05027,0.04818,0.04829,169805785.0,2025-07-10 12:00:00+00:00
1752163200000,0.0483,0.0532,0.0478,0.05075,168643632.0,2025-07-10 16:00:00+00:00
1752177600000,0.05074,0.05844,0.05069,0.05741,179924567.0,2025-07-10 20:00:00+00:00
1752192000000,0.0574,0.05879,0.0547,0.05853,119993283.0,2025-07-11 00:00:00+00:00
1752206400000,0.05855,0.06198,0.0571,0.05832,169333598.0,2025-07-11 04:00:00+00:00
1752220800000,0.05831,0.06126,0.05631,0.05677,119410903.0,2025-07-11 08:00:00+00:00
1752235200000,0.05679,0.05952,0.05507,0.05554,115951416.0,2025-07-11 12:00:00+00:00
1752249600000,0.05555,0.05796,0.05545,0.05748,65201317.0,2025-07-11 16:00:00+00:00
1752264000000,0.0575,0.05771,0.05122,0.05348,108260171.0,2025-07-11 20:00:00+00:00
1752278400000,0.05347,0.05463,0.0518,0.05413,57292653.0,2025-07-12 00:00:00+00:00
1752292800000,0.05413,0.05446,0.05009,0.05206,98683455.0,2025-07-12 04:00:00+00:00
1752307200000,0.05206,0.05245,0.0507,0.05126,73794329.0,2025-07-12 08:00:00+00:00
1752321600000,0.05125,0.05172,0.04824,0.04898,141021972.0,2025-07-12 12:00:00+00:00
1752336000000,0.04899,0.0525,0.04865,0.05198,63696487.0,2025-07-12 16:00:00+00:00
1752350400000,0.05198,0.05212,0.05055,0.05177,49792429.0,2025-07-12 20:00:00+00:00
1752364800000,0.05177,0.05239,0.05101,0.0511,52316805.0,2025-07-13 00:00:00+00:00
1752379200000,0.05112,0.05252,0.05067,0.05165,51701437.0,2025-07-13 04:00:00+00:00
1752393600000,0.05166,0.05405,0.04967,0.05387,76750327.0,2025-07-13 08:00:00+00:00
1752408000000,0.05387,0.05632,0.05231,0.05318,158399494.0,2025-07-13 12:00:00+00:00
1752422400000,0.05318,0.05526,0.05305,0.05365,88204405.0,2025-07-13 16:00:00+00:00
1752436800000,0.05359,0.05531,0.05067,0.05186,80497549.0,2025-07-13 20:00:00+00:00
1752451200000,0.05186,0.05553,0.05084,0.05427,80520065.0,2025-07-14 00:00:00+00:00
1752465600000,0.05427,0.05727,0.05275,0.05345,114985669.0,2025-07-14 04:00:00+00:00
1752480000000,0.05346,0.055,0.05147,0.05329,114437602.0,2025-07-14 08:00:00+00:00
1752494400000,0.05327,0.05383,0.04966,0.05044,117810365.0,2025-07-14 12:00:00+00:00
1752508800000,0.05041,0.05122,0.04919,0.05004,84298078.0,2025-07-14 16:00:00+00:00
1752523200000,0.05004,0.05236,0.04877,0.05179,63644781.0,2025-07-14 20:00:00+00:00
1752537600000,0.05177,0.05194,0.04904,0.05036,107294790.0,2025-07-15 00:00:00+00:00
1752552000000,0.05036,0.05163,0.04938,0.04987,67116114.0,2025-07-15 04:00:00+00:00
1752566400000,0.04986,0.04998,0.04846,0.04945,70165148.0,2025-07-15 08:00:00+00:00
1752580800000,0.04947,0.05171,0.04803,0.05076,150288899.0,2025-07-15 12:00:00+00:00
1752595200000,0.05074,0.05281,0.04941,0.04999,98787241.0,2025-07-15 16:00:00+00:00
1752609600000,0.04997,0.0535,0.04968,0.053,84510877.0,2025-07-15 20:00:00+00:00
1752624000000,0.05301,0.05405,0.05073,0.05089,76444052.0,2025-07-16 00:00:00+00:00
1752638400000,0.0509,0.05296,0.05009,0.05211,91931040.0,2025-07-16 04:00:00+00:00
1752652800000,0.05209,0.05319,0.0508,0.0524,93473173.0,2025-07-16 08:00:00+00:00
1752667200000,0.05239,0.05468,0.05089,0.05227,145565559.0,2025-07-16 12:00:00+00:00
1752681600000,0.05227,0.05566,0.05196,0.05402,110498983.0,2025-07-16 16:00:00+00:00
1752696000000,0.05402,0.05696,0.05223,0.05316,99763053.0,2025-07-16 20:00:00+00:00
1752710400000,0.05318,0.05549,0.05163,0.0526,94732230.0,2025-07-17 00:00:00+00:00
1752724800000,0.05259,0.05593,0.05191,0.05576,86737838.0,2025-07-17 04:00:00+00:00
1752739200000,0.05579,0.05967,0.05555,0.05695,169958313.0,2025-07-17 08:00:00+00:00
1752753600000,0.05693,0.05782,0.05463,0.05597,128694612.0,2025-07-17 12:00:00+00:00
1752768000000,0.05596,0.05619,0.05295,0.05377,97783869.0,2025-07-17 16:00:00+00:00
1752782400000,0.05376,0.05756,0.05232,0.05463,100774016.0,2025-07-17 20:00:00+00:00
1752796800000,0.05464,0.0575,0.05427,0.05664,81742736.0,2025-07-18 00:00:00+00:00
1752811200000,0.05663,0.0582,0.0559,0.05649,95651120.0,2025-07-18 04:00:00+00:00
1752825600000,0.0565,0.05814,0.05308,0.0538,116262533.0,2025-07-18 08:00:00+00:00
1752840000000,0.0538,0.05656,0.05131,0.05205,165802509.0,2025-07-18 12:00:00+00:00
1752854400000,0.05204,0.05282,0.04962,0.05098,117260248.0,2025-07-18 16:00:00+00:00
1752868800000,0.05099,0.051,0.04663,0.04943,168945799.0,2025-07-18 20:00:00+00:00
1752883200000,0.04945,0.04945,0.04695,0.04776,91367553.0,2025-07-19 00:00:00+00:00
1752897600000,0.04775,0.05048,0.0472,0.04746,162024999.0,2025-07-19 04:00:00+00:00
1752912000000,0.04749,0.04887,0.04682,0.04826,102794970.0,2025-07-19 08:00:00+00:00
1752926400000,0.04825,0.04857,0.0462,0.04714,102077472.0,2025-07-19 12:00:00+00:00
1752940800000,0.04713,0.04872,0.04667,0.0484,64748261.0,2025-07-19 16:00:00+00:00
1752955200000,0.04839,0.0492,0.04723,0.04846,70608033.0,2025-07-19 20:00:00+00:00
1752969600000,0.04849,0.04947,0.04784,0.04846,78714450.0,2025-07-20 00:00:00+00:00
1752984000000,0.04845,0.04985,0.04814,0.04901,82322755.0,2025-07-20 04:00:00+00:00
1752998400000,0.04902,0.05123,0.0489,0.05064,86223802.0,2025-07-20 08:00:00+00:00
1753012800000,0.05064,0.0547,0.05043,0.05432,117119199.0,2025-07-20 12:00:00+00:00
1753027200000,0.05434,0.05504,0.05202,0.05321,141069495.0,2025-07-20 16:00:00+00:00
1753041600000,0.05323,0.05471,0.05048,0.05257,126167438.0,2025-07-20 20:00:00+00:00
1753056000000,0.05258,0.05365,0.05077,0.05309,100344902.0,2025-07-21 00:00:00+00:00
1753070400000,0.05307,0.05452,0.05219,0.05383,64611527.0,2025-07-21 04:00:00+00:00
1753084800000,0.05382,0.05468,0.0524,0.05357,70280734.0,2025-07-21 08:00:00+00:00
1753099200000,0.05355,0.05668,0.0524,0.05444,116751993.0,2025-07-21 12:00:00+00:00
1753113600000,0.05446,0.05503,0.0522,0.05373,116429468.0,2025-07-21 16:00:00+00:00
1753128000000,0.0537,0.058,0.05318,0.05734,91539869.0,2025-07-21 20:00:00+00:00
1753142400000,0.05734,0.05919,0.05371,0.0569,195832685.0,2025-07-22 00:00:00+00:00
1753156800000,0.05689,0.0583,0.05416,0.0547,151582957.0,2025-07-22 04:00:00+00:00
1753171200000,0.05469,0.05499,0.05212,0.05452,130091350.0,2025-07-22 08:00:00+00:00
1753185600000,0.05453,0.0571,0.05408,0.05471,196548316.0,2025-07-22 12:00:00+00:00
1753200000000,0.05471,0.05623,0.05268,0.05314,142523726.0,2025-07-22 16:00:00+00:00
1753214400000,0.05312,0.05694,0.05296,0.05684,64553122.0,2025-07-22 20:00:00+00:00
1753228800000,0.05684,0.05686,0.05432,0.05461,52100174.0,2025-07-23 00:00:00+00:00
1753243200000,0.05462,0.05681,0.05311,0.05339,81229500.0,2025-07-23 04:00:00+00:00
1753257600000,0.05338,0.05397,0.0515,0.0518,75190059.0,2025-07-23 08:00:00+00:00
1753272000000,0.0518,0.05251,0.04984,0.05133,196020495.0,2025-07-23 12:00:00+00:00
1753286400000,0.05129,0.05129,0.04746,0.05022,185895371.0,2025-07-23 16:00:00+00:00
1753300800000,0.05018,0.05044,0.04536,0.04782,176117621.0,2025-07-23 20:00:00+00:00
1753315200000,0.04782,0.04932,0.04723,0.04825,69568249.0,2025-07-24 00:00:00+00:00
1753329600000,0.04825,0.04831,0.04139,0.04324,302077161.0,2025-07-24 04:00:00+00:00
1753344000000,0.04324,0.04467,0.0426,0.04435,106733171.0,2025-07-24 08:00:00+00:00
1753358400000,0.04431,0.04561,0.04301,0.04419,165316605.0,2025-07-24 12:00:00+00:00
1753372800000,0.04419,0.04424,0.04158,0.04225,131644366.0,2025-07-24 16:00:00+00:00
1753387200000,0.04225,0.04325,0.04108,0.04229,111981188.0,2025-07-24 20:00:00+00:00
1753401600000,0.0423,0.04253,0.04076,0.04164,117060105.0,2025-07-25 00:00:00+00:00
1753416000000,0.04162,0.04239,0.04094,0.0422,88673027.0,2025-07-25 04:00:00+00:00
1753430400000,0.04218,0.04316,0.04177,0.04275,69041797.0,2025-07-25 08:00:00+00:00
1753444800000,0.04277,0.04318,0.04034,0.04119,113809939.0,2025-07-25 12:00:00+00:00
1753459200000,0.0412,0.04293,0.04045,0.04253,66872336.0,2025-07-25 16:00:00+00:00
1753473600000,0.04253,0.04534,0.04246,0.04432,90285086.0,2025-07-25 20:00:00+00:00
1753488000000,0.04434,0.04511,0.0439,0.04442,62103069.0,2025-07-26 00:00:00+00:00
1753502400000,0.0444,0.04471,0.04398,0.04436,39190867.0,2025-07-26 04:00:00+00:00
1753516800000,0.04438,0.04554,0.04436,0.04502,53277943.0,2025-07-26 08:00:00+00:00
1753531200000,0.045,0.04512,0.04402,0.04505,64761090.0,2025-07-26 12:00:00+00:00
1753545600000,0.04504,0.04528,0.04378,0.04483,70878968.0,2025-07-26 16:00:00+00:00
1753560000000,0.04485,0.04507,0.04382,0.044,33681191.0,2025-07-26 20:00:00+00:00
1753574400000,0.04404,0.04462,0.04361,0.0441,45017777.0,2025-07-27 00:00:00+00:00
1753588800000,0.04411,0.04473,0.04386,0.04417,60754475.0,2025-07-27 04:00:00+00:00
1753603200000,0.04419,0.04519,0.04353,0.04418,63361646.0,2025-07-27 08:00:00+00:00
1753617600000,0.04416,0.04469,0.04377,0.04437,46151494.0,2025-07-27 12:00:00+00:00
1753632000000,0.04435,0.04591,0.0443,0.04468,68074057.0,2025-07-27 16:00:00+00:00
1753646400000,0.04469,0.04632,0.04421,0.04551,48384216.0,2025-07-27 20:00:00+00:00
1753660800000,0.04552,0.04617,0.04413,0.04614,73788762.0,2025-07-28 00:00:00+00:00
1753675200000,0.04615,0.04663,0.04532,0.04607,60995258.0,2025-07-28 04:00:00+00:00
1753689600000,0.04607,0.04659,0.04498,0.04536,48827358.0,2025-07-28 08:00:00+00:00
1753704000000,0.04535,0.04604,0.04296,0.04341,101079967.0,2025-07-28 12:00:00+00:00
1753718400000,0.04342,0.04377,0.04192,0.04247,106081896.0,2025-07-28 16:00:00+00:00
1753732800000,0.04249,0.04255,0.041,0.04183,76856788.0,2025-07-28 20:00:00+00:00
1753747200000,0.04183,0.04215,0.0403,0.04173,73657458.0,2025-07-29 00:00:00+00:00
1753761600000,0.04175,0.0435,0.04108,0.04332,52364444.0,2025-07-29 04:00:00+00:00
1753776000000,0.04333,0.04421,0.04217,0.04252,62210123.0,2025-07-29 08:00:00+00:00
1753790400000,0.04251,0.04383,0.04069,0.04097,96599330.0,2025-07-29 12:00:00+00:00
1753804800000,0.04098,0.04119,0.03962,0.04,81861362.0,2025-07-29 16:00:00+00:00
1753819200000,0.04002,0.04088,0.039,0.0405,65830171.0,2025-07-29 20:00:00+00:00
1753833600000,0.0405,0.0407,0.03933,0.04032,37613874.0,2025-07-30 00:00:00+00:00
1753848000000,0.04031,0.04085,0.04002,0.0403,43893665.0,2025-07-30 04:00:00+00:00
1753862400000,0.0403,0.04037,0.03745,0.03796,78895297.0,2025-07-30 08:00:00+00:00
1753876800000,0.03795,0.03995,0.03744,0.03939,89321857.0,2025-07-30 12:00:00+00:00
1753891200000,0.03938,0.04036,0.03703,0.03924,141508801.0,2025-07-30 16:00:00+00:00
1753905600000,0.03924,0.03989,0.03846,0.03952,53390937.0,2025-07-30 20:00:00+00:00
1753920000000,0.03951,0.0404,0.03918,0.04007,32853389.0,2025-07-31 00:00:00+00:00
1753934400000,0.04008,0.04041,0.03982,0.04004,30502538.0,2025-07-31 04:00:00+00:00
1753948800000,0.04004,0.04051,0.03943,0.03955,33812155.0,2025-07-31 08:00:00+00:00
1753963200000,0.03954,0.03958,0.03796,0.03834,73024777.0,2025-07-31 12:00:00+00:00
1753977600000,0.03833,0.03939,0.03755,0.0378,56428769.0,2025-07-31 16:00:00+00:00
1753992000000,0.03779,0.03814,0.03658,0.03702,64560335.0,2025-07-31 20:00:00+00:00
1754006400000,0.03702,0.03708,0.03531,0.03664,102322225.0,2025-08-01 00:00:00+00:00
1754020800000,0.03663,0.03677,0.03597,0.03655,50279307.0,2025-08-01 04:00:00+00:00
1754035200000,0.03655,0.03671,0.03571,0.03664,53180659.0,2025-08-01 08:00:00+00:00
1754049600000,0.03664,0.03741,0.03542,0.03696,107692518.0,2025-08-01 12:00:00+00:00
1754064000000,0.03695,0.03741,0.03592,0.03726,72552415.0,2025-08-01 16:00:00+00:00
1754078400000,0.03727,0.03746,0.03349,0.03556,151848591.0,2025-08-01 20:00:00+00:00
1754092800000,0.03556,0.03619,0.03535,0.03572,40628416.0,2025-08-02 00:00:00+00:00
1754107200000,0.03571,0.03597,0.03443,0.03559,40323843.0,2025-08-02 04:00:00+00:00
1754121600000,0.03561,0.03568,0.03442,0.03499,34802534.0,2025-08-02 08:00:00+00:00
1754136000000,0.03499,0.03501,0.03387,0.03409,54554719.0,2025-08-02 12:00:00+00:00
1754150400000,0.03409,0.0348,0.03296,0.03385,108221081.0,2025-08-02 16:00:00+00:00
1754164800000,0.03387,0.03458,0.03364,0.0341,43367908.0,2025-08-02 20:00:00+00:00
1754179200000,0.03412,0.03496,0.03363,0.03483,45422142.0,2025-08-03 00:00:00+00:00
1754193600000,0.03482,0.03504,0.03468,0.03494,18293867.0,2025-08-03 04:00:00+00:00
1754208000000,0.03494,0.03533,0.03469,0.03495,26580171.0,2025-08-03 08:00:00+00:00
1754222400000,0.03494,0.03503,0.03466,0.03488,33463126.0,2025-08-03 12:00:00+00:00
1754236800000,0.03487,0.0352,0.03462,0.03485,31522944.0,2025-08-03 16:00:00+00:00
1754251200000,0.03486,0.03537,0.03472,0.035,28537981.0,2025-08-03 20:00:00+00:00
1754265600000,0.03501,0.03593,0.03488,0.03524,30961294.0,2025-08-04 00:00:00+00:00
1754280000000,0.03524,0.03542,0.03459,0.03511,40827490.0,2025-08-04 04:00:00+00:00
1754294400000,0.03512,0.0355,0.03454,0.03464,29136925.0,2025-08-04 08:00:00+00:00
1754308800000,0.03463,0.03592,0.0345,0.03548,62003202.0,2025-08-04 12:00:00+00:00
1754323200000,0.03549,0.03677,0.03542,0.03564,55157163.0,2025-08-04 16:00:00+00:00
1754337600000,0.03563,0.03679,0.03559,0.03652,34011982.0,2025-08-04 20:00:00+00:00
1754352000000,0.03651,0.03667,0.03501,0.03505,44876597.0,2025-08-05 00:00:00+00:00
1754366400000,0.03503,0.03549,0.03421,0.03427,61861935.0,2025-08-05 04:00:00+00:00
1754380800000,0.03427,0.03564,0.03413,0.03556,46424221.0,2025-08-05 08:00:00+00:00
1754395200000,0.03557,0.03571,0.03321,0.03344,107791604.0,2025-08-05 12:00:00+00:00
1754409600000,0.03343,0.03393,0.03313,0.03346,56209319.0,2025-08-05 16:00:00+00:00
1754424000000,0.03346,0.03391,0.0323,0.03369,63842301.0,2025-08-05 20:00:00+00:00
1754438400000,0.0337,0.03376,0.03284,0.03302,36344357.0,2025-08-06 00:00:00+00:00
1754452800000,0.03301,0.03499,0.03269,0.03485,63854615.0,2025-08-06 04:00:00+00:00
1754467200000,0.03484,0.03512,0.03434,0.03483,49600018.0,2025-08-06 08:00:00+00:00
1754481600000,0.03485,0.03619,0.0343,0.03614,86309865.0,2025-08-06 12:00:00+00:00
1754496000000,0.03615,0.03648,0.03543,0.03579,50768663.0,2025-08-06 16:00:00+00:00
1754510400000,0.0358,0.03626,0.03546,0.03582,31902253.0,2025-08-06 20:00:00+00:00
1754524800000,0.03583,0.03683,0.03551,0.03561,63950392.0,2025-08-07 00:00:00+00:00
1754539200000,0.0356,0.0361,0.03558,0.03578,35259784.0,2025-08-07 04:00:00+00:00
1754553600000,0.03579,0.03768,0.03562,0.03745,73471582.0,2025-08-07 08:00:00+00:00
1754568000000,0.03746,0.03763,0.0366,0.03687,52068872.0,2025-08-07 12:00:00+00:00
1754582400000,0.03687,0.03706,0.03555,0.03704,53183510.0,2025-08-07 16:00:00+00:00
1754596800000,0.03705,0.03776,0.03703,0.03756,42717919.0,2025-08-07 20:00:00+00:00
1754611200000,0.03756,0.038,0.037,0.03713,61404848.0,2025-08-08 00:00:00+00:00
1754625600000,0.03712,0.03723,0.03631,0.037,37300612.0,2025-08-08 04:00:00+00:00
1754640000000,0.03701,0.03732,0.0364,0.03693,39145181.0,2025-08-08 08:00:00+00:00
1754654400000,0.03693,0.03786,0.03596,0.03636,64790159.0,2025-08-08 12:00:00+00:00
1754668800000,0.03637,0.03817,0.03633,0.03776,48701724.0,2025-08-08 16:00:00+00:00
1754683200000,0.03776,0.03797,0.03695,0.0372,28393079.0,2025-08-08 20:00:00+00:00
1754697600000,0.03722,0.03751,0.03703,0.03714,28953680.0,2025-08-09 00:00:00+00:00
1754712000000,0.03713,0.0393,0.03702,0.03899,60418035.0,2025-08-09 04:00:00+00:00
1754726400000,0.03899,0.04008,0.03888,0.03949,46595971.0,2025-08-09 08:00:00+00:00
1754740800000,0.03948,0.04061,0.03931,0.04034,71529020.0,2025-08-09 12:00:00+00:00
1754755200000,0.04033,0.04136,0.03968,0.04124,43917832.0,2025-08-09 16:00:00+00:00
1754769600000,0.04125,0.04259,0.04066,0.04092,69181993.0,2025-08-09 20:00:00+00:00
1754784000000,0.04092,0.0437,0.04085,0.04318,91123733.0,2025-08-10 00:00:00+00:00
1754798400000,0.04321,0.0441,0.03999,0.04031,105079366.0,2025-08-10 04:00:00+00:00
1754812800000,0.04031,0.04123,0.03934,0.04059,72084478.0,2025-08-10 08:00:00+00:00
1754827200000,0.04059,0.04219,0.04005,0.04177,69359560.0,2025-08-10 12:00:00+00:00
1754841600000,0.04176,0.05333,0.04174,0.05249,623556186.0,2025-08-10 16:00:00+00:00
1754856000000,0.05246,0.05572,0.05103,0.05326,682270488.0,2025-08-10 20:00:00+00:00
1754870400000,0.05328,0.05644,0.04953,0.05022,677287172.0,2025-08-11 00:00:00+00:00
1754884800000,0.0502,0.05123,0.0484,0.0498,239323912.0,2025-08-11 04:00:00+00:00
1754899200000,0.04982,0.05063,0.04731,0.04747,189950107.0,2025-08-11 08:00:00+00:00
1754913600000,0.04747,0.04835,0.04659,0.04797,194098875.0,2025-08-11 12:00:00+00:00
1754928000000,0.04796,0.04825,0.04342,0.04431,221484604.0,2025-08-11 16:00:00+00:00
1754942400000,0.04432,0.04525,0.04224,0.04305,137474489.0,2025-08-11 20:00:00+00:00
1754956800000,0.04306,0.0438,0.04248,0.04328,70433544.0,2025-08-12 00:00:00+00:00
1754971200000,0.04328,0.04369,0.04177,0.04272,75857854.0,2025-08-12 04:00:00+00:00
1754985600000,0.04273,0.04276,0.04107,0.04215,71987815.0,2025-08-12 08:00:00+00:00
1755000000000,0.04215,0.04475,0.04168,0.04438,150382668.0,2025-08-12 12:00:00+00:00
1755014400000,0.04439,0.04501,0.044,0.04487,75273231.0,2025-08-12 16:00:00+00:00
1755028800000,0.04487,0.04574,0.04351,0.04411,66694339.0,2025-08-12 20:00:00+00:00
1755043200000,0.04409,0.04484,0.04302,0.04445,69349196.0,2025-08-13 00:00:00+00:00
1755057600000,0.04445,0.04511,0.04317,0.04404,56413119.0,2025-08-13 04:00:00+00:00
1755072000000,0.04404,0.04684,0.04384,0.04549,95214881.0,2025-08-13 08:00:00+00:00
1755086400000,0.04549,0.0467,0.0435,0.04477,138396940.0,2025-08-13 12:00:00+00:00
1755100800000,0.04478,0.0451,0.04345,0.04481,67140758.0,2025-08-13 16:00:00+00:00
1755115200000,0.04482,0.04515,0.04414,0.0444,44375231.0,2025-08-13 20:00:00+00:00
1755129600000,0.04441,0.04566,0.04368,0.04533,43961420.0,2025-08-14 00:00:00+00:00
1755144000000,0.04533,0.0456,0.04262,0.04317,71136068.0,2025-08-14 04:00:00+00:00
1755158400000,0.04317,0.04318,0.04105,0.04212,62799522.0,2025-08-14 08:00:00+00:00
1755172800000,0.0421,0.0423,0.03673,0.03953,215232293.0,2025-08-14 12:00:00+00:00
1755187200000,0.03951,0.03952,0.03797,0.03869,60051593.0,2025-08-14 16:00:00+00:00
1755201600000,0.0387,0.03889,0.03744,0.0386,43976184.0,2025-08-14 20:00:00+00:00
1755216000000,0.0386,0.04,0.03844,0.03967,38707952.0,2025-08-15 00:00:00+00:00
1755230400000,0.03966,0.03994,0.03926,0.03965,25612131.0,2025-08-15 04:00:00+00:00
1755244800000,0.03965,0.03968,0.03873,0.03907,27366434.0,2025-08-15 08:00:00+00:00
1755259200000,0.03907,0.03967,0.03697,0.0374,73419529.0,2025-08-15 12:00:00+00:00
1755273600000,0.03739,0.03833,0.03678,0.03723,42258116.0,2025-08-15 16:00:00+00:00
1755288000000,0.03723,0.03866,0.03706,0.03811,22920546.0,2025-08-15 20:00:00+00:00
1755302400000,0.03811,0.03863,0.03809,0.03828,22951981.0,2025-08-16 00:00:00+00:00
1755316800000,0.03829,0.03877,0.03811,0.03853,18732746.0,2025-08-16 04:00:00+00:00
1755331200000,0.03853,0.03866,0.03778,0.03816,19026742.0,2025-08-16 08:00:00+00:00
1755345600000,0.03816,0.039,0.03805,0.03864,25576531.0,2025-08-16 12:00:00+00:00
1755360000000,0.03863,0.03871,0.0382,0.03827,17357953.0,2025-08-16 16:00:00+00:00
1755374400000,0.03826,0.03887,0.03823,0.03879,11237639.0,2025-08-16 20:00:00+00:00
1755388800000,0.0388,0.0397,0.03859,0.03939,24954739.0,2025-08-17 00:00:00+00:00
1755403200000,0.03938,0.03994,0.03918,0.03994,18257676.0,2025-08-17 04:00:00+00:00
1755417600000,0.03994,0.04076,0.03971,0.04018,43218426.0,2025-08-17 08:00:00+00:00
1755432000000,0.0402,0.04145,0.03988,0.04138,66592184.0,2025-08-17 12:00:00+00:00
1755446400000,0.04138,0.04191,0.03925,0.03971,67678912.0,2025-08-17 16:00:00+00:00
1755460800000,0.03971,0.04078,0.03962,0.03999,37826778.0,2025-08-17 20:00:00+00:00
1755475200000,0.03997,0.0402,0.03752,0.03813,83311150.0,2025-08-18 00:00:00+00:00
1755489600000,0.03812,0.03847,0.03674,0.0375,53941257.0,2025-08-18 04:00:00+00:00
1755504000000,0.0375,0.03808,0.03691,0.03766,47804840.0,2025-08-18 08:00:00+00:00
1755518400000,0.03765,0.03837,0.03693,0.03764,53545600.0,2025-08-18 12:00:00+00:00
1755532800000,0.03764,0.03828,0.03717,0.03772,36415717.0,2025-08-18 16:00:00+00:00
1755547200000,0.03772,0.03845,0.03745,0.03759,20509718.0,2025-08-18 20:00:00+00:00
1755561600000,0.03759,0.03848,0.03683,0.03716,36190438.0,2025-08-19 00:00:00+00:00
1755576000000,0.03714,0.0375,0.03637,0.03686,43308896.0,2025-08-19 04:00:00+00:00
1755590400000,0.03687,0.03824,0.03666,0.03819,41719527.0,2025-08-19 08:00:00+00:00
1755604800000,0.03821,0.03833,0.03614,0.03686,81207191.0,2025-08-19 12:00:00+00:00
1755619200000,0.03686,0.03687,0.03507,0.03567,72141838.0,2025-08-19 16:00:00+00:00
1755633600000,0.03568,0.03639,0.03519,0.03532,36086828.0,2025-08-19 20:00:00+00:00
1755648000000,0.03533,0.03658,0.03517,0.03622,39594190.0,2025-08-20 00:00:00+00:00
1755662400000,0.03624,0.03675,0.03624,0.03651,17170012.0,2025-08-20 04:00:00+00:00
1755676800000,0.03652,0.0373,0.03616,0.03666,28230091.0,2025-08-20 08:00:00+00:00
1755691200000,0.03666,0.03772,0.03555,0.03702,68872705.0,2025-08-20 12:00:00+00:00
1755705600000,0.03703,0.03809,0.03684,0.03786,45178905.0,2025-08-20 16:00:00+00:00
1755720000000,0.03788,0.03809,0.03752,0.03762,16590114.0,2025-08-20 20:00:00+00:00
1755734400000,0.03764,0.03791,0.03693,0.03725,17231728.0,2025-08-21 00:00:00+00:00
1755748800000,0.03726,0.03768,0.03641,0.03696,32498895.0,2025-08-21 04:00:00+00:00
1755763200000,0.03697,0.03704,0.036,0.03617,33601826.0,2025-08-21 08:00:00+00:00
1755777600000,0.03619,0.03682,0.03577,0.03582,41772757.0,2025-08-21 12:00:00+00:00
1755792000000,0.03581,0.03602,0.03527,0.03546,27132838.0,2025-08-21 16:00:00+00:00
1755806400000,0.03547,0.03609,0.03525,0.03579,18757182.0,2025-08-21 20:00:00+00:00
1755820800000,0.03579,0.0363,0.03538,0.03585,18629470.0,2025-08-22 00:00:00+00:00
1755835200000,0.03585,0.0362,0.03552,0.03607,18620133.0,2025-08-22 04:00:00+00:00
1755849600000,0.03605,0.0363,0.03471,0.03478,27587696.0,2025-08-22 08:00:00+00:00
1755864000000,0.03478,0.0383,0.03335,0.03769,155679171.0,2025-08-22 12:00:00+00:00
1755878400000,0.0377,0.04019,0.0377,0.03986,60085942.0,2025-08-22 16:00:00+00:00
1755892800000,0.03987,0.04035,0.03881,0.0399,60200880.0,2025-08-22 20:00:00+00:00
1755907200000,0.0399,0.04029,0.0381,0.03851,44649817.0,2025-08-23 00:00:00+00:00
1755921600000,0.03849,0.04054,0.03849,0.03926,46726521.0,2025-08-23 04:00:00+00:00
1755936000000,0.03927,0.03969,0.03845,0.03862,24399580.0,2025-08-23 08:00:00+00:00
1755950400000,0.03863,0.03928,0.03837,0.03915,34340382.0,2025-08-23 12:00:00+00:00
1755964800000,0.03913,0.03922,0.03872,0.03902,16572073.0,2025-08-23 16:00:00+00:00
1755979200000,0.03902,0.03913,0.03858,0.03887,8639130.0,2025-08-23 20:00:00+00:00
1755993600000,0.03888,0.03913,0.03811,0.03848,28905556.0,2025-08-24 00:00:00+00:00
1756008000000,0.0385,0.03856,0.03705,0.03725,27469747.0,2025-08-24 04:00:00+00:00
1756022400000,0.03726,0.0376,0.0361,0.03626,40059905.0,2025-08-24 08:00:00+00:00
1756036800000,0.03628,0.03692,0.03595,0.0363,30245752.0,2025-08-24 12:00:00+00:00
1756051200000,0.0363,0.03874,0.03594,0.037,78142955.0,2025-08-24 16:00:00+00:00
1756065600000,0.037,0.03704,0.03579,0.03624,42718170.0,2025-08-24 20:00:00+00:00
1756080000000,0.03623,0.03702,0.03536,0.03644,32849734.0,2025-08-25 00:00:00+00:00
1756094400000,0.03644,0.0365,0.03392,0.03417,52589999.0,2025-08-25 04:00:00+00:00
1756108800000,0.03419,0.03427,0.03246,0.03309,110841752.0,2025-08-25 08:00:00+00:00
1756123200000,0.03309,0.03334,0.03255,0.03283,49329871.0,2025-08-25 12:00:00+00:00
1756137600000,0.03284,0.03332,0.03133,0.03148,97682531.0,2025-08-25 16:00:00+00:00
1756152000000,0.03149,0.03175,0.03035,0.03152,126891083.0,2025-08-25 20:00:00+00:00
1756166400000,0.03152,0.03185,0.03099,0.03178,44079934.0,2025-08-26 00:00:00+00:00
1756180800000,0.0318,0.03283,0.03154,0.03263,33589080.0,2025-08-26 04:00:00+00:00
1756195200000,0.03264,0.03344,0.03247,0.03282,45957974.0,2025-08-26 08:00:00+00:00
1756209600000,0.03281,0.03378,0.03262,0.03304,93201260.0,2025-08-26 12:00:00+00:00
1756224000000,0.03304,0.03375,0.03302,0.03371,39427629.0,2025-08-26 16:00:00+00:00
1756238400000,0.03371,0.03403,0.03348,0.0336,33822861.0,2025-08-26 20:00:00+00:00
1756252800000,0.03359,0.03375,0.03312,0.0335,32442487.0,2025-08-27 00:00:00+00:00
1756267200000,0.0335,0.03387,0.03254,0.03274,36544404.0,2025-08-27 04:00:00+00:00
1756281600000,0.03274,0.03324,0.03259,0.03306,25707860.0,2025-08-27 08:00:00+00:00
1756296000000,0.03306,0.03336,0.03265,0.03318,38065955.0,2025-08-27 12:00:00+00:00
1756310400000,0.0332,0.03327,0.0323,0.0326,35708605.0,2025-08-27 16:00:00+00:00
1756324800000,0.0326,0.03339,0.03204,0.03229,72913513.0,2025-08-27 20:00:00+00:00
1756339200000,0.0323,0.03273,0.03192,0.03261,32213215.0,2025-08-28 00:00:00+00:00
1756353600000,0.03261,0.03317,0.0325,0.03294,28936011.0,2025-08-28 04:00:00+00:00
1756368000000,0.03294,0.03346,0.03277,0.03333,25102985.0,2025-08-28 08:00:00+00:00
1756382400000,0.03332,0.03503,0.03321,0.03392,81155148.0,2025-08-28 12:00:00+00:00
1756396800000,0.03391,0.03423,0.03319,0.03346,36979646.0,2025-08-28 16:00:00+00:00
1756411200000,0.03347,0.03496,0.03336,0.03487,32836164.0,2025-08-28 20:00:00+00:00
1756425600000,0.03487,0.03488,0.03376,0.03402,34674042.0,2025-08-29 00:00:00+00:00
1756440000000,0.03402,0.03436,0.03262,0.03293,37285287.0,2025-08-29 04:00:00+00:00
1756454400000,0.03293,0.03311,0.03141,0.03192,70891669.0,2025-08-29 08:00:00+00:00
1756468800000,0.03192,0.0332,0.03105,0.03154,82310402.0,2025-08-29 12:00:00+00:00
1756483200000,0.03154,0.03165,0.03074,0.03138,48610553.0,2025-08-29 16:00:00+00:00
1756497600000,0.03135,0.03192,0.03081,0.0318,25131245.0,2025-08-29 20:00:00+00:00
1756512000000,0.0318,0.03245,0.03111,0.03235,28578560.0,2025-08-30 00:00:00+00:00
1756526400000,0.03236,0.03271,0.03214,0.03264,17991533.0,2025-08-30 04:00:00+00:00
1756540800000,0.03264,0.03306,0.03252,0.03291,26544443.0,2025-08-30 08:00:00+00:00
1756555200000,0.03292,0.03349,0.0322,0.03338,26587334.0,2025-08-30 12:00:00+00:00
1756569600000,0.03338,0.03358,0.03272,0.03297,35733320.0,2025-08-30 16:00:00+00:00
1756584000000,0.03296,0.03365,0.0328,0.03343,18626767.0,2025-08-30 20:00:00+00:00
1756598400000,0.03342,0.03388,0.03335,0.03356,28206678.0,2025-08-31 00:00:00+00:00
1756612800000,0.03356,0.03359,0.03319,0.03345,11898851.0,2025-08-31 04:00:00+00:00
1756627200000,0.03346,0.0341,0.03314,0.03339,22365335.0,2025-08-31 08:00:00+00:00
1756641600000,0.03338,0.03346,0.03288,0.03327,16126137.0,2025-08-31 12:00:00+00:00
1756656000000,0.03328,0.03353,0.03293,0.03317,14667333.0,2025-08-31 16:00:00+00:00
1756670400000,0.03319,0.0334,0.03205,0.03207,20218929.0,2025-08-31 20:00:00+00:00
1756684800000,0.03208,0.0322,0.03128,0.03164,33682380.0,2025-09-01 00:00:00+00:00
1756699200000,0.03164,0.03277,0.03112,0.03276,33454897.0,2025-09-01 04:00:00+00:00
1756713600000,0.03275,0.0333,0.03184,0.03193,33451594.0,2025-09-01 08:00:00+00:00
1756728000000,0.03192,0.03218,0.03134,0.03147,26306212.0,2025-09-01 12:00:00+00:00
1756742400000,0.03148,0.03149,0.03053,0.03119,38309348.0,2025-09-01 16:00:00+00:00
1756756800000,0.03119,0.0312,0.02855,0.02938,90066400.0,2025-09-01 20:00:00+00:00
1756771200000,0.02937,0.0304,0.02927,0.03032,31343634.0,2025-09-02 00:00:00+00:00
1756785600000,0.03033,0.03097,0.03028,0.03052,21702952.0,2025-09-02 04:00:00+00:00
1756800000000,0.03051,0.03132,0.03043,0.03101,20603084.0,2025-09-02 08:00:00+00:00
1756814400000,0.031,0.03199,0.02997,0.03075,64791527.0,2025-09-02 12:00:00+00:00
1756828800000,0.03075,0.03206,0.03075,0.03138,37542131.0,2025-09-02 16:00:00+00:00
1756843200000,0.03138,0.0327,0.0313,0.0324,34000368.0,2025-09-02 20:00:00+00:00
1756857600000,0.03241,0.03282,0.03201,0.03237,24831965.0,2025-09-03 00:00:00+00:00
1756872000000,0.03237,0.03238,0.03163,0.03201,25862398.0,2025-09-03 04:00:00+00:00
1756886400000,0.032,0.03227,0.03163,0.03198,17136694.0,2025-09-03 08:00:00+00:00
1756900800000,0.032,0.03297,0.03188,0.03278,33007166.0,2025-09-03 12:00:00+00:00
1756915200000,0.03279,0.03325,0.03263,0.03305,25314441.0,2025-09-03 16:00:00+00:00
1756929600000,0.03307,0.03312,0.03238,0.0327,10195833.0,2025-09-03 20:00:00+00:00
1756944000000,0.0327,0.03302,0.03181,0.03186,17978888.0,2025-09-04 00:00:00+00:00
1756958400000,0.03186,0.03202,0.03075,0.03108,37561554.0,2025-09-04 04:00:00+00:00
1756972800000,0.03107,0.03142,0.03085,0.03095,21008448.0,2025-09-04 08:00:00+00:00
1756987200000,0.03097,0.03143,0.0302,0.03061,49150374.0,2025-09-04 12:00:00+00:00
1757001600000,0.03061,0.03093,0.0304,0.03063,22206862.0,2025-09-04 16:00:00+00:00
1757016000000,0.03063,0.03168,0.03057,0.03123,16708759.0,2025-09-04 20:00:00+00:00
1757030400000,0.03123,0.03439,0.03123,0.03353,100374432.0,2025-09-05 00:00:00+00:00
1757044800000,0.03353,0.03439,0.03293,0.0339,101864684.0,2025-09-05 04:00:00+00:00
1757059200000,0.0339,0.03399,0.03337,0.03356,38279101.0,2025-09-05 08:00:00+00:00
1757073600000,0.03357,0.03434,0.03224,0.03258,82638361.0,2025-09-05 12:00:00+00:00
1757088000000,0.03257,0.03333,0.03245,0.03312,25079617.0,2025-09-05 16:00:00+00:00
1757102400000,0.03313,0.03383,0.03304,0.03376,29806874.0,2025-09-05 20:00:00+00:00
1757116800000,0.03375,0.03471,0.03355,0.03416,30544003.0,2025-09-06 00:00:00+00:00
1757131200000,0.03417,0.03418,0.0334,0.03369,19796141.0,2025-09-06 04:00:00+00:00
1757145600000,0.03369,0.03373,0.03294,0.03334,18842394.0,2025-09-06 08:00:00+00:00
1757160000000,0.03334,0.03374,0.03302,0.03307,18801338.0,2025-09-06 12:00:00+00:00
1757174400000,0.03307,0.03361,0.03297,0.03307,13710285.0,2025-09-06 16:00:00+00:00
1757188800000,0.03306,0.03435,0.03305,0.03401,15677707.0,2025-09-06 20:00:00+00:00
1757203200000,0.03401,0.0352,0.03389,0.03519,31367052.0,2025-09-07 00:00:00+00:00
1757217600000,0.03518,0.03604,0.03485,0.0355,45546429.0,2025-09-07 04:00:00+00:00
1757232000000,0.03551,0.03655,0.03536,0.03635,42657969.0,2025-09-07 08:00:00+00:00
1757246400000,0.03635,0.0369,0.03557,0.0367,42765611.0,2025-09-07 12:00:00+00:00
1757260800000,0.0367,0.03787,0.03555,0.03631,61647304.0,2025-09-07 16:00:00+00:00
1757275200000,0.03631,0.03803,0.0363,0.03714,44358009.0,2025-09-07 20:00:00+00:00
1757289600000,0.03714,0.03855,0.03688,0.038,36219221.0,2025-09-08 00:00:00+00:00
1757304000000,0.03801,0.03887,0.03752,0.038,43401649.0,2025-09-08 04:00:00+00:00
1757318400000,0.038,0.03868,0.03758,0.03796,28454704.0,2025-09-08 08:00:00+00:00
1757332800000,0.03797,0.03995,0.03779,0.0394,58983351.0,2025-09-08 12:00:00+00:00
1757347200000,0.03938,0.04072,0.03903,0.0395,90630941.0,2025-09-08 16:00:00+00:00
1757361600000,0.03951,0.04138,0.039,0.04088,44004718.0,2025-09-08 20:00:00+00:00
1757376000000,0.04089,0.04218,0.04008,0.04081,63435516.0,2025-09-09 00:00:00+00:00
1757390400000,0.04078,0.04145,0.04018,0.041,33273446.0,2025-09-09 04:00:00+00:00
1757404800000,0.041,0.04187,0.04042,0.04049,33088738.0,2025-09-09 08:00:00+00:00
1757419200000,0.04048,0.0412,0.03835,0.03863,69145592.0,2025-09-09 12:00:00+00:00
1757433600000,0.03862,0.03881,0.03791,0.03839,27827237.0,2025-09-09 16:00:00+00:00
1757448000000,0.0384,0.03993,0.03824,0.03965,30330879.0,2025-09-09 20:00:00+00:00
1757462400000,0.03965,0.04111,0.03921,0.04017,35656704.0,2025-09-10 00:00:00+00:00
1757476800000,0.04018,0.04103,0.03971,0.04044,28108451.0,2025-09-10 04:00:00+00:00
1757491200000,0.04046,0.04095,0.03985,0.04017,20920683.0,2025-09-10 08:00:00+00:00
1757505600000,0.04017,0.04167,0.04006,0.04087,39632107.0,2025-09-10 12:00:00+00:00
1757520000000,0.04089,0.04236,0.04027,0.0404,50486468.0,2025-09-10 16:00:00+00:00
1757534400000,0.0404,0.04139,0.04038,0.04122,16810047.0,2025-09-10 20:00:00+00:00
1757548800000,0.0412,0.04167,0.04058,0.04104,19559976.0,2025-09-11 00:00:00+00:00
1757563200000,0.04104,0.04106,0.03982,0.04021,20462585.0,2025-09-11 04:00:00+00:00
1757577600000,0.04019,0.04084,0.0397,0.03983,21287585.0,2025-09-11 08:00:00+00:00
1757592000000,0.03982,0.04123,0.03904,0.04056,52734818.0,2025-09-11 12:00:00+00:00
1757606400000,0.04056,0.04281,0.04054,0.04209,37034004.0,2025-09-11 16:00:00+00:00
1757620800000,0.0421,0.04311,0.04169,0.04261,25304908.0,2025-09-11 20:00:00+00:00
1757635200000,0.04262,0.04436,0.04245,0.04343,45019803.0,2025-09-12 00:00:00+00:00
1757649600000,0.04343,0.04457,0.04319,0.04387,31724340.0,2025-09-12 04:00:00+00:00
1757664000000,0.04388,0.04391,0.04144,0.04148,33895245.0,2025-09-12 08:00:00+00:00
1757678400000,0.04148,0.04301,0.04111,0.04182,41731927.0,2025-09-12 12:00:00+00:00
1757692800000,0.04182,0.04534,0.0417,0.0452,49276195.0,2025-09-12 16:00:00+00:00
1757707200000,0.0452,0.04555,0.04403,0.04415,27156971.0,2025-09-12 20:00:00+00:00
1757721600000,0.04415,0.04531,0.04395,0.04496,31175031.0,2025-09-13 00:00:00+00:00
1757736000000,0.04495,0.04651,0.04435,0.04477,46007898.0,2025-09-13 04:00:00+00:00
1757750400000,0.04478,0.04752,0.04462,0.04711,55298995.0,2025-09-13 08:00:00+00:00
1757764800000,0.04711,0.04801,0.04532,0.04563,60596491.0,2025-09-13 12:00:00+00:00
1757779200000,0.04563,0.04612,0.044,0.04501,44302031.0,2025-09-13 16:00:00+00:00
1757793600000,0.04502,0.04609,0.04474,0.04568,23999571.0,2025-09-13 20:00:00+00:00
1757808000000,0.04567,0.04591,0.04323,0.0434,38396766.0,2025-09-14 00:00:00+00:00
1757822400000,0.04338,0.04398,0.04249,0.04359,38559643.0,2025-09-14 04:00:00+00:00
1757836800000,0.04359,0.04443,0.04228,0.04252,35271809.0,2025-09-14 08:00:00+00:00
1757851200000,0.04255,0.04315,0.04098,0.04133,70985842.0,2025-09-14 12:00:00+00:00
1757865600000,0.04134,0.04226,0.0412,0.04182,23612395.0,2025-09-14 16:00:00+00:00
1757880000000,0.04182,0.04479,0.04175,0.04315,40179155.0,2025-09-14 20:00:00+00:00
1757894400000,0.04313,0.04366,0.04207,0.04269,24804361.0,2025-09-15 00:00:00+00:00
1757908800000,0.04269,0.04332,0.04073,0.04124,44337117.0,2025-09-15 04:00:00+00:00
1757923200000,0.04126,0.04161,0.03999,0.04063,51906204.0,2025-09-15 08:00:00+00:00
1757937600000,0.04062,0.04072,0.03833,0.0388,57011255.0,2025-09-15 12:00:00+00:00
1757952000000,0.0388,0.03882,0.03742,0.03835,39615413.0,2025-09-15 16:00:00+00:00
1757966400000,0.03837,0.03926,0.03826,0.03897,13964601.0,2025-09-15 20:00:00+00:00
1757980800000,0.03897,0.03908,0.03802,0.03807,23749598.0,2025-09-16 00:00:00+00:00
1757995200000,0.03809,0.03911,0.03745,0.03886,19924309.0,2025-09-16 04:00:00+00:00
1758009600000,0.03886,0.03932,0.0382,0.03835,21894137.0,2025-09-16 08:00:00+00:00
1758024000000,0.03836,0.04014,0.03821,0.04012,40836768.0,2025-09-16 12:00:00+00:00
1758038400000,0.04012,0.04025,0.03929,0.03976,27509634.0,2025-09-16 16:00:00+00:00
1758052800000,0.03977,0.04064,0.03955,0.04032,14772772.0,2025-09-16 20:00:00+00:00
1758067200000,0.04031,0.04107,0.0397,0.03976,25257182.0,2025-09-17 00:00:00+00:00
1758081600000,0.03974,0.04059,0.03923,0.0403,19485785.0,2025-09-17 04:00:00+00:00
1758096000000,0.0403,0.04031,0.0386,0.03926,27263688.0,2025-09-17 08:00:00+00:00
1758110400000,0.03926,0.03966,0.03835,0.03854,27700526.0,2025-09-17 12:00:00+00:00
1758124800000,0.0385,0.04116,0.03788,0.04113,69636921.0,2025-09-17 16:00:00+00:00
1758139200000,0.04115,0.04447,0.04032,0.04402,57290040.0,2025-09-17 20:00:00+00:00
1758153600000,0.04403,0.04447,0.04236,0.0425,36313226.0,2025-09-18 00:00:00+00:00
1758168000000,0.04252,0.0426,0.0413,0.04209,30331339.0,2025-09-18 04:00:00+00:00
1758182400000,0.04207,0.04253,0.04143,0.04175,26069548.0,2025-09-18 08:00:00+00:00
1758196800000,0.04174,0.04387,0.04136,0.04327,72147169.0,2025-09-18 12:00:00+00:00
1758211200000,0.04329,0.04392,0.04231,0.04262,52669110.0,2025-09-18 16:00:00+00:00
1758225600000,0.04262,0.04344,0.04203,0.04256,25887828.0,2025-09-18 20:00:00+00:00
1758240000000,0.04259,0.043,0.04103,0.04119,33157793.0,2025-09-19 00:00:00+00:00
1758254400000,0.04118,0.0413,0.0402,0.04078,31363486.0,2025-09-19 04:00:00+00:00
1758268800000,0.04077,0.04099,0.03909,0.0392,38443211.0,2025-09-19 08:00:00+00:00
1758283200000,0.03919,0.03967,0.03806,0.03873,47272570.0,2025-09-19 12:00:00+00:00
1758297600000,0.03874,0.0395,0.03816,0.03862,39793962.0,2025-09-19 16:00:00+00:00
1758312000000,0.03864,0.0393,0.03826,0.0388,23904777.0,2025-09-19 20:00:00+00:00
1758326400000,0.03881,0.03931,0.03833,0.03884,17609057.0,2025-09-20 00:00:00+00:00
1758340800000,0.03884,0.03923,0.03859,0.03915,16418634.0,2025-09-20 04:00:00+00:00
1758355200000,0.03913,0.03917,0.03829,0.03871,14964542.0,2025-09-20 08:00:00+00:00
1758369600000,0.0387,0.03919,0.03798,0.03882,28318655.0,2025-09-20 12:00:00+00:00
1758384000000,0.03883,0.03918,0.03797,0.03812,22153093.0,2025-09-20 16:00:00+00:00
1758398400000,0.03811,0.03871,0.03807,0.03849,11106266.0,2025-09-20 20:00:00+00:00
1758412800000,0.0385,0.03889,0.03827,0.03876,16833744.0,2025-09-21 00:00:00+00:00
1758427200000,0.03876,0.03961,0.03856,0.03923,29354110.0,2025-09-21 04:00:00+00:00
1758441600000,0.03923,0.03936,0.03754,0.03825,40003726.0,2025-09-21 08:00:00+00:00
1758456000000,0.03825,0.03991,0.03819,0.03942,40030164.0,2025-09-21 12:00:00+00:00
1758470400000,0.03945,0.03994,0.03893,0.0395,30140383.0,2025-09-21 16:00:00+00:00
1758484800000,0.03948,0.03967,0.03836,0.03854,20380586.0,2025-09-21 20:00:00+00:00
1758499200000,0.03854,0.03875,0.03452,0.03535,119742131.0,2025-09-22 00:00:00+00:00
1758513600000,0.03533,0.0354,0.03003,0.03237,116129296.0,2025-09-22 04:00:00+00:00
1758528000000,0.03237,0.03258,0.03142,0.03158,59953330.0,2025-09-22 08:00:00+00:00
1758542400000,0.0316,0.03264,0.03135,0.03163,60244323.0,2025-09-22 12:00:00+00:00
1758556800000,0.03164,0.03231,0.03095,0.03128,58533406.0,2025-09-22 16:00:00+00:00
1758571200000,0.0313,0.03234,0.0312,0.03223,42766900.0,2025-09-22 20:00:00+00:00
1758585600000,0.03221,0.03221,0.03048,0.0316,48538458.0,2025-09-23 00:00:00+00:00
1758600000000,0.0316,0.03195,0.03101,0.03158,38871846.0,2025-09-23 04:00:00+00:00
1758614400000,0.0316,0.03189,0.03131,0.03181,31013584.0,2025-09-23 08:00:00+00:00
1758628800000,0.0318,0.03284,0.03169,0.0324,52206016.0,2025-09-23 12:00:00+00:00
1758643200000,0.03239,0.03295,0.03134,0.03149,43365504.0,2025-09-23 16:00:00+00:00
1758657600000,0.03151,0.03232,0.03131,0.03164,24364005.0,2025-09-23 20:00:00+00:00
1758672000000,0.03164,0.03211,0.0308,0.03103,49344794.0,2025-09-24 00:00:00+00:00
1758686400000,0.03102,0.03194,0.03034,0.03161,77090295.0,2025-09-24 04:00:00+00:00
1758700800000,0.0316,0.03196,0.03132,0.03195,35457690.0,2025-09-24 08:00:00+00:00
1758715200000,0.03197,0.03253,0.03143,0.03178,41980863.0,2025-09-24 12:00:00+00:00
1758729600000,0.03176,0.03202,0.0311,0.03114,33163875.0,2025-09-24 16:00:00+00:00
1758744000000,0.03115,0.03191,0.0306,0.03147,60378618.0,2025-09-24 20:00:00+00:00
1758758400000,0.03148,0.03149,0.03051,0.03117,61497979.0,2025-09-25 00:00:00+00:00
1758772800000,0.03117,0.03132,0.03022,0.0304,61028225.0,2025-09-25 04:00:00+00:00
1758787200000,0.03041,0.03119,0.03003,0.03014,58873853.0,2025-09-25 08:00:00+00:00
1758801600000,0.03013,0.03083,0.029,0.03009,76144232.0,2025-09-25 12:00:00+00:00
1758816000000,0.03009,0.0302,0.0284,0.02966,92834099.0,2025-09-25 16:00:00+00:00
1758830400000,0.02967,0.02969,0.02871,0.02917,42830630.0,2025-09-25 20:00:00+00:00
1758844800000,0.02916,0.02979,0.02897,0.02964,41221733.0,2025-09-26 00:00:00+00:00
1758859200000,0.02963,0.02983,0.02908,0.02946,36975357.0,2025-09-26 04:00:00+00:00
1758873600000,0.02947,0.02967,0.0288,0.02949,34550912.0,2025-09-26 08:00:00+00:00
1758888000000,0.02946,0.03015,0.02885,0.02968,59621897.0,2025-09-26 12:00:00+00:00
1758902400000,0.0297,0.03092,0.02964,0.03011,45057583.0,2025-09-26 16:00:00+00:00
1758916800000,0.03011,0.03066,0.02994,0.03055,21184265.0,2025-09-26 20:00:00+00:00
1758931200000,0.03055,0.03075,0.03021,0.03045,15402676.0,2025-09-27 00:00:00+00:00
1758945600000,0.03045,0.03091,0.0304,0.03056,20945910.0,2025-09-27 04:00:00+00:00
1758960000000,0.03056,0.0307,0.03004,0.03049,25676074.0,2025-09-27 08:00:00+00:00
1758974400000,0.03049,0.03081,0.03015,0.03075,18311551.0,2025-09-27 12:00:00+00:00
1758988800000,0.03076,0.03089,0.03004,0.03042,24287724.0,2025-09-27 16:00:00+00:00
1759003200000,0.03044,0.03121,0.0304,0.03076,20734446.0,2025-09-27 20:00:00+00:00
1759017600000,0.03076,0.03098,0.02968,0.03013,30224063.0,2025-09-28 00:00:00+00:00
1759032000000,0.03015,0.0302,0.02971,0.03004,16046420.0,2025-09-28 04:00:00+00:00
1759046400000,0.03002,0.03018,0.0297,0.02994,14382972.0,2025-09-28 08:00:00+00:00
1759060800000,0.02995,0.03051,0.02947,0.03045,31492143.0,2025-09-28 12:00:00+00:00
1759075200000,0.03046,0.03092,0.03046,0.0307,18708194.0,2025-09-28 16:00:00+00:00
1759089600000,0.0307,0.03175,0.0307,0.03161,26187144.0,2025-09-28 20:00:00+00:00
1759104000000,0.03161,0.03164,0.03093,0.03112,20823651.0,2025-09-29 00:00:00+00:00
1759118400000,0.03112,0.03115,0.0304,0.03083,22791643.0,2025-09-29 04:00:00+00:00
1759132800000,0.03084,0.03105,0.02987,0.03011,29343560.0,2025-09-29 08:00:00+00:00
1759147200000,0.0301,0.03112,0.0294,0.03006,67830364.0,2025-09-29 12:00:00+00:00
1759161600000,0.03007,0.03041,0.02943,0.03035,34885531.0,2025-09-29 16:00:00+00:00
1759176000000,0.03034,0.03093,0.03006,0.03013,28386618.0,2025-09-29 20:00:00+00:00
1759190400000,0.03011,0.03013,0.02932,0.02949,30474894.0,2025-09-30 00:00:00+00:00
1759204800000,0.02949,0.02993,0.02912,0.02936,23801732.0,2025-09-30 04:00:00+00:00
1759219200000,0.02934,0.02942,0.02872,0.02891,32428802.0,2025-09-30 08:00:00+00:00
1759233600000,0.02893,0.02921,0.02793,0.02843,58612997.0,2025-09-30 12:00:00+00:00
1759248000000,0.02843,0.0299,0.02812,0.02985,54934391.0,2025-09-30 16:00:00+00:00
1759262400000,0.02986,0.03055,0.02969,0.03013,34901179.0,2025-09-30 20:00:00+00:00
1759276800000,0.03014,0.0304,0.02969,0.02992,23962159.0,2025-10-01 00:00:00+00:00
1759291200000,0.02993,0.03136,0.02988,0.03062,47912088.0,2025-10-01 04:00:00+00:00
1759305600000,0.03062,0.03362,0.03044,0.03218,112450734.0,2025-10-01 08:00:00+00:00
1759320000000,0.03218,0.03264,0.03162,0.0322,48250208.0,2025-10-01 12:00:00+00:00
1759334400000,0.03221,0.03278,0.03175,0.03234,36076626.0,2025-10-01 16:00:00+00:00
1759348800000,0.03233,0.03241,0.03198,0.03222,17045831.0,2025-10-01 20:00:00+00:00
1759363200000,0.03224,0.03341,0.03216,0.0333,28859988.0,2025-10-02 00:00:00+00:00
1759377600000,0.0333,0.03454,0.03315,0.03422,54299686.0,2025-10-02 04:00:00+00:00
1759392000000,0.03422,0.03471,0.03339,0.03435,35272615.0,2025-10-02 08:00:00+00:00
1759406400000,0.03435,0.0345,0.03277,0.03431,52891818.0,2025-10-02 12:00:00+00:00
1759420800000,0.03428,0.03512,0.03384,0.03487,45325906.0,2025-10-02 16:00:00+00:00
1759435200000,0.03486,0.03486,0.0341,0.03454,22552537.0,2025-10-02 20:00:00+00:00
1759449600000,0.03454,0.03464,0.03354,0.03363,36691372.0,2025-10-03 00:00:00+00:00
1759464000000,0.03363,0.0341,0.03301,0.03342,26160832.0,2025-10-03 04:00:00+00:00
1759478400000,0.03342,0.03363,0.03239,0.03259,28393738.0,2025-10-03 08:00:00+00:00
1759492800000,0.0326,0.03429,0.03247,0.03417,56441588.0,2025-10-03 12:00:00+00:00
1759507200000,0.03419,0.03454,0.03266,0.03323,86159967.0,2025-10-03 16:00:00+00:00
1759521600000,0.03323,0.0342,0.03306,0.03376,35917331.0,2025-10-03 20:00:00+00:00
1759536000000,0.03376,0.03419,0.03287,0.03328,31180751.0,2025-10-04 00:00:00+00:00
1759550400000,0.03326,0.03402,0.03315,0.0334,28573985.0,2025-10-04 04:00:00+00:00
1759564800000,0.03341,0.03355,0.03243,0.03278,30263316.0,2025-10-04 08:00:00+00:00
1759579200000,0.03276,0.03326,0.03142,0.03157,42255941.0,2025-10-04 12:00:00+00:00
1759593600000,0.03155,0.03248,0.03153,0.03239,27335789.0,2025-10-04 16:00:00+00:00
1759608000000,0.03241,0.0331,0.0324,0.03284,14688768.0,2025-10-04 20:00:00+00:00
1759622400000,0.03283,0.03355,0.03235,0.03326,33034839.0,2025-10-05 00:00:00+00:00
1759636800000,0.03327,0.0345,0.03318,0.03428,35868000.0,2025-10-05 04:00:00+00:00
1759651200000,0.03427,0.03478,0.03315,0.03358,41602190.0,2025-10-05 08:00:00+00:00
1759665600000,0.03356,0.03367,0.03312,0.03351,18982759.0,2025-10-05 12:00:00+00:00
1759680000000,0.03348,0.03358,0.03181,0.03185,37653523.0,2025-10-05 16:00:00+00:00
1759694400000,0.03184,0.03254,0.03182,0.03227,25295775.0,2025-10-05 20:00:00+00:00
1759708800000,0.03225,0.03287,0.03174,0.03265,37268713.0,2025-10-06 00:00:00+00:00
1759723200000,0.03264,0.03336,0.03218,0.03258,26638918.0,2025-10-06 04:00:00+00:00
1759737600000,0.03259,0.03337,0.03258,0.03298,20650810.0,2025-10-06 08:00:00+00:00
1759752000000,0.03299,0.0343,0.03299,0.03405,40129595.0,2025-10-06 12:00:00+00:00
1759766400000,0.03405,0.03449,0.0338,0.03415,31225113.0,2025-10-06 16:00:00+00:00
1759780800000,0.03417,0.03437,0.03366,0.03385,22829433.0,2025-10-06 20:00:00+00:00
1759795200000,0.03387,0.03408,0.03365,0.03382,14444132.0,2025-10-07 00:00:00+00:00
1759809600000,0.03382,0.03426,0.03262,0.03277,27690606.0,2025-10-07 04:00:00+00:00
1759824000000,0.03278,0.03313,0.03183,0.033,42572810.0,2025-10-07 08:00:00+00:00
1759838400000,0.03298,0.0334,0.03085,0.03118,79372395.0,2025-10-07 12:00:00+00:00
1759852800000,0.03116,0.03168,0.03077,0.03116,34162021.0,2025-10-07 16:00:00+00:00
1759867200000,0.03116,0.03167,0.03087,0.03107,19809150.0,2025-10-07 20:00:00+00:00
1759881600000,0.03106,0.0315,0.03037,0.03061,31622531.0,2025-10-08 00:00:00+00:00
1759896000000,0.03059,0.03101,0.02981,0.03045,33864081.0,2025-10-08 04:00:00+00:00
1759910400000,0.03045,0.03097,0.03033,0.03057,26824852.0,2025-10-08 08:00:00+00:00
1759924800000,0.03058,0.0316,0.03055,0.031,34221602.0,2025-10-08 12:00:00+00:00
1759939200000,0.031,0.0327,0.03092,0.03249,42278195.0,2025-10-08 16:00:00+00:00
1759953600000,0.03249,0.03287,0.03239,0.03264,16935746.0,2025-10-08 20:00:00+00:00
1759968000000,0.03265,0.03286,0.03119,0.03165,30042358.0,2025-10-09 00:00:00+00:00
1759982400000,0.03165,0.03231,0.0311,0.03122,21258295.0,2025-10-09 04:00:00+00:00
1759996800000,0.03122,0.03125,0.03001,0.03065,48232108.0,2025-10-09 08:00:00+00:00
1760011200000,0.03063,0.03113,0.02967,0.03001,46063484.0,2025-10-09 12:00:00+00:00
1760025600000,0.03,0.03101,0.02976,0.03082,28958345.0,2025-10-09 16:00:00+00:00
1760040000000,0.03083,0.0313,0.03083,0.03099,14712063.0,2025-10-09 20:00:00+00:00
1760054400000,0.03099,0.03185,0.03069,0.03146,26592396.0,2025-10-10 00:00:00+00:00
1760068800000,0.03145,0.0318,0.03091,0.03091,24222293.0,2025-10-10 04:00:00+00:00
1760083200000,0.03092,0.03174,0.03087,0.03166,19565984.0,2025-10-10 08:00:00+00:00
1760097600000,0.03167,0.03229,0.02864,0.02884,100163525.0,2025-10-10 12:00:00+00:00
1760112000000,0.02883,0.02918,0.02698,0.02741,88867426.0,2025-10-10 16:00:00+00:00
1760126400000,0.02741,0.02755,0.00868,0.01936,383390147.0,2025-10-10 20:00:00+00:00
1760140800000,0.01935,0.02012,0.01779,0.01792,132400057.0,2025-10-11 00:00:00+00:00
1760155200000,0.01793,0.01839,0.01716,0.01732,107083307.0,2025-10-11 04:00:00+00:00
1760169600000,0.01732,0.01982,0.01718,0.01967,147829021.0,2025-10-11 08:00:00+00:00
1760184000000,0.01967,0.02038,0.01831,0.02036,116789102.0,2025-10-11 12:00:00+00:00
1760198400000,0.02035,0.02269,0.02018,0.0206,192930145.0,2025-10-11 16:00:00+00:00
1760212800000,0.02059,0.02189,0.02027,0.02141,85927201.0,2025-10-11 20:00:00+00:00
1760227200000,0.02142,0.02149,0.02045,0.02113,64474552.0,2025-10-12 00:00:00+00:00
1760241600000,0.02112,0.02409,0.02097,0.02245,240433587.0,2025-10-12 04:00:00+00:00
1760256000000,0.02244,0.02304,0.02191,0.02241,134384251.0,2025-10-12 08:00:00+00:00
1760270400000,0.02241,0.0248,0.02206,0.02471,213550436.0,2025-10-12 12:00:00+00:00
1760284800000,0.02471,0.02585,0.02455,0.02536,144919709.0,2025-10-12 16:00:00+00:00
1760299200000,0.02535,0.02578,0.02419,0.02487,54580321.0,2025-10-12 20:00:00+00:00
1760313600000,0.02485,0.02634,0.02445,0.02568,101698446.0,2025-10-13 00:00:00+00:00
1760328000000,0.02569,0.02715,0.02514,0.02622,82485401.0,2025-10-13 04:00:00+00:00
1760342400000,0.0262,0.02755,0.02525,0.0264,107528477.0,2025-10-13 08:00:00+00:00
1760356800000,0.0264,0.0281,0.02606,0.02666,179265461.0,2025-10-13 12:00:00+00:00
1760371200000,0.02665,0.02799,0.02623,0.0277,76202133.0,2025-10-13 16:00:00+00:00
1760385600000,0.02771,0.02795,0.02715,0.02754,33753641.0,2025-10-13 20:00:00+00:00
1760400000000,0.02754,0.02759,0.02655,0.02711,42973325.0,2025-10-14 00:00:00+00:00
1760414400000,0.02711,0.02713,0.02289,0.02365,163531060.0,2025-10-14 04:00:00+00:00
1760428800000,0.02367,0.0241,0.02256,0.02337,104764021.0,2025-10-14 08:00:00+00:00
1760443200000,0.02337,0.02514,0.023,0.0251,107420065.0,2025-10-14 12:00:00+00:00
1760457600000,0.0251,0.0256,0.02438,0.02485,86935361.0,2025-10-14 16:00:00+00:00
1760472000000,0.02486,0.02547,0.02476,0.02507,24078289.0,2025-10-14 20:00:00+00:00
1760486400000,0.02509,0.02535,0.02413,0.02444,46570137.0,2025-10-15 00:00:00+00:00
1760500800000,0.02442,0.02515,0.02429,0.0251,41570165.0,2025-10-15 04:00:00+00:00
1760515200000,0.02509,0.02563,0.02422,0.02445,41435388.0,2025-10-15 08:00:00+00:00
1760529600000,0.02443,0.0245,0.02295,0.02335,96537994.0,2025-10-15 12:00:00+00:00
1760544000000,0.02335,0.02375,0.02286,0.02315,63108179.0,2025-10-15 16:00:00+00:00
1760558400000,0.02316,0.02328,0.02211,0.02259,69034883.0,2025-10-15 20:00:00+00:00
1760572800000,0.02259,0.02273,0.02165,0.02201,64525151.0,2025-10-16 00:00:00+00:00
1760587200000,0.02201,0.02286,0.02195,0.02258,44464847.0,2025-10-16 04:00:00+00:00
1760601600000,0.02258,0.02311,0.02092,0.02293,76870496.0,2025-10-16 08:00:00+00:00
1760616000000,0.02295,0.02473,0.02203,0.02227,135874910.0,2025-10-16 12:00:00+00:00
1760630400000,0.02225,0.0231,0.02085,0.02121,103146879.0,2025-10-16 16:00:00+00:00
1760644800000,0.02121,0.02156,0.02078,0.02154,43250567.0,2025-10-16 20:00:00+00:00
1760659200000,0.02155,0.02272,0.02141,0.0226,35685937.0,2025-10-17 00:00:00+00:00
1760673600000,0.02261,0.02332,0.01948,0.01973,199158362.0,2025-10-17 04:00:00+00:00
1760688000000,0.01973,0.02109,0.01892,0.0207,150718480.0,2025-10-17 08:00:00+00:00
1760702400000,0.0207,0.02111,0.02013,0.02103,97257681.0,2025-10-17 12:00:00+00:00
1760716800000,0.02102,0.02132,0.02048,0.02095,58326853.0,2025-10-17 16:00:00+00:00
1760731200000,0.02094,0.02157,0.02076,0.02088,26556160.0,2025-10-17 20:00:00+00:00
1760745600000,0.02088,0.02168,0.0208,0.02146,40308701.0,2025-10-18 00:00:00+00:00
1760760000000,0.02145,0.02221,0.02112,0.0216,62229378.0,2025-10-18 04:00:00+00:00
1760774400000,0.02159,0.02277,0.02156,0.02221,85813682.0,2025-10-18 08:00:00+00:00
1760788800000,0.02221,0.02238,0.02112,0.02143,54425153.0,2025-10-18 12:00:00+00:00
1760803200000,0.02143,0.0216,0.02063,0.02141,35878058.0,2025-10-18 16:00:00+00:00
1760817600000,0.02141,0.02166,0.02129,0.02147,15913547.0,2025-10-18 20:00:00+00:00
1760832000000,0.02146,0.02167,0.021,0.02152,30279391.0,2025-10-19 00:00:00+00:00
1760846400000,0.02152,0.02161,0.0208,0.02113,23490086.0,2025-10-19 04:00:00+00:00
1760860800000,0.02113,0.02206,0.02043,0.02149,76834688.0,2025-10-19 08:00:00+00:00
1760875200000,0.0215,0.02212,0.02125,0.02179,39295398.0,2025-10-19 12:00:00+00:00
1760889600000,0.02178,0.02208,0.02161,0.02174,26353397.0,2025-10-19 16:00:00+00:00
1760904000000,0.02174,0.02185,0.02114,0.02116,19966717.0,2025-10-19 20:00:00+00:00
1760918400000,0.02115,0.02197,0.02059,0.02188,37887245.0,2025-10-20 00:00:00+00:00
1760932800000,0.02189,0.02219,0.02152,0.02186,43076912.0,2025-10-20 04:00:00+00:00
1760947200000,0.02186,0.02201,0.02125,0.02134,31402379.0,2025-10-20 08:00:00+00:00
1760961600000,0.02135,0.02177,0.02103,0.02106,33743338.0,2025-10-20 12:00:00+00:00
1760976000000,0.02103,0.02124,0.02043,0.02118,52326708.0,2025-10-20 16:00:00+00:00
1760990400000,0.02117,0.02127,0.0209,0.02094,19590151.0,2025-10-20 20:00:00+00:00
1761004800000,0.02094,0.02096,0.02001,0.02007,33909799.0,2025-10-21 00:00:00+00:00
1761019200000,0.02007,0.02013,0.01953,0.02009,53350387.0,2025-10-21 04:00:00+00:00
1761033600000,0.02009,0.02062,0.01968,0.02043,39680803.0,2025-10-21 08:00:00+00:00
1761048000000,0.02044,0.02218,0.02018,0.02183,98556109.0,2025-10-21 12:00:00+00:00
1761062400000,0.02185,0.02229,0.02127,0.02146,70835683.0,2025-10-21 16:00:00+00:00
1761076800000,0.02147,0.02151,0.01951,0.01973,87581357.0,2025-10-21 20:00:00+00:00
1761091200000,0.01973,0.01995,0.01927,0.0195,51667739.0,2025-10-22 00:00:00+00:00
1761105600000,0.0195,0.01986,0.01891,0.01918,47679464.0,2025-10-22 04:00:00+00:00
1761120000000,0.01916,0.01947,0.01872,0.01925,69192600.0,2025-10-22 08:00:00+00:00
1761134400000,0.01925,0.01976,0.01909,0.0195,69090519.0,2025-10-22 12:00:00+00:00
1761148800000,0.0195,0.01971,0.0188,0.01911,56540412.0,2025-10-22 16:00:00+00:00
1761163200000,0.01911,0.0192,0.01786,0.01864,75334016.0,2025-10-22 20:00:00+00:00
1761177600000,0.01865,0.01885,0.01851,0.01874,20473598.0,2025-10-23 00:00:00+00:00
1761192000000,0.01875,0.01927,0.0187,0.01901,19004528.0,2025-10-23 04:00:00+00:00
1761206400000,0.01901,0.01918,0.01875,0.01881,18280016.0,2025-10-23 08:00:00+00:00
1761220800000,0.01881,0.0193,0.01852,0.01908,37465926.0,2025-10-23 12:00:00+00:00
1761235200000,0.01909,0.01956,0.01886,0.01935,39322252.0,2025-10-23 16:00:00+00:00
1761249600000,0.01934,0.01936,0.01871,0.0191,25063112.0,2025-10-23 20:00:00+00:00
1761264000000,0.0191,0.0194,0.019,0.01924,25018997.0,2025-10-24 00:00:00+00:00
1761278400000,0.01924,0.01976,0.01917,0.01954,27162413.0,2025-10-24 04:00:00+00:00
1761292800000,0.01956,0.01987,0.01918,0.01951,28280359.0,2025-10-24 08:00:00+00:00
1761307200000,0.01952,0.02014,0.0188,0.01899,66252617.0,2025-10-24 12:00:00+00:00
1761321600000,0.01898,0.01906,0.01851,0.01876,44587603.0,2025-10-24 16:00:00+00:00
1761336000000,0.01876,0.01994,0.01874,0.01953,36066577.0,2025-10-24 20:00:00+00:00
1761350400000,0.01952,0.02001,0.01918,0.01918,38275404.0,2025-10-25 00:00:00+00:00
1761364800000,0.0192,0.01939,0.01891,0.0191,30425056.0,2025-10-25 04:00:00+00:00
1761379200000,0.01911,0.02001,0.01909,0.01928,43209518.0,2025-10-25 08:00:00+00:00
1761393600000,0.01928,0.02202,0.01926,0.02186,238954832.0,2025-10-25 12:00:00+00:00
1761408000000,0.02185,0.02248,0.021,0.02216,172079588.0,2025-10-25 16:00:00+00:00
1761422400000,0.02216,0.02314,0.02131,0.02163,128189684.0,2025-10-25 20:00:00+00:00
1761436800000,0.02165,0.02188,0.02047,0.0206,89342710.0,2025-10-26 00:00:00+00:00
1761451200000,0.0206,0.02067,0.01986,0.0202,85216278.0,2025-10-26 04:00:00+00:00
1761465600000,0.02018,0.02141,0.02018,0.02125,72368352.0,2025-10-26 08:00:00+00:00
1761480000000,0.02125,0.02135,0.02068,0.02084,42825444.0,2025-10-26 12:00:00+00:00
1761494400000,0.02084,0.02172,0.02057,0.02116,42850934.0,2025-10-26 16:00:00+00:00
1761508800000,0.02116,0.02151,0.02066,0.02107,51132210.0,2025-10-26 20:00:00+00:00
1761523200000,0.02107,0.02368,0.0209,0.02265,138098827.0,2025-10-27 00:00:00+00:00
1761537600000,0.02264,0.02482,0.02249,0.02278,225401014.0,2025-10-27 04:00:00+00:00
1761552000000,0.02276,0.02299,0.02138,0.0216,79836555.0,2025-10-27 08:00:00+00:00
1761566400000,0.02161,0.02168,0.02028,0.02043,91409019.0,2025-10-27 12:00:00+00:00
1761580800000,0.02043,0.02149,0.02033,0.02096,60880790.0,2025-10-27 16:00:00+00:00
1761595200000,0.02095,0.02096,0.0199,0.02017,37332521.0,2025-10-27 20:00:00+00:00
1761609600000,0.02017,0.02042,0.01971,0.02035,42809774.0,2025-10-28 00:00:00+00:00
1761624000000,0.02034,0.02072,0.01983,0.02031,38450717.0,2025-10-28 04:00:00+00:00
1761638400000,0.02029,0.0222,0.02025,0.02134,76421375.0,2025-10-28 08:00:00+00:00
1761652800000,0.02133,0.02149,0.02017,0.02056,72871654.0,2025-10-28 12:00:00+00:00
1761667200000,0.02057,0.02096,0.01994,0.02005,49905003.0,2025-10-28 16:00:00+00:00
1761681600000,0.02005,0.02008,0.01907,0.01972,66199504.0,2025-10-28 20:00:00+00:00
1761696000000,0.01971,0.02014,0.01958,0.0197,18207033.0,2025-10-29 00:00:00+00:00
1761710400000,0.0197,0.02015,0.01967,0.01984,18736785.0,2025-10-29 04:00:00+00:00
1761724800000,0.01985,0.02017,0.01961,0.02003,24995563.0,2025-10-29 08:00:00+00:00
1761739200000,0.02002,0.02084,0.01924,0.01947,76471348.0,2025-10-29 12:00:00+00:00
1761753600000,0.01947,0.02078,0.01925,0.02068,92516191.0,2025-10-29 16:00:00+00:00
1761768000000,0.02068,0.02182,0.02021,0.0204,76933501.0,2025-10-29 20:00:00+00:00
1761782400000,0.02041,0.02098,0.02021,0.02082,42022092.0,2025-10-30 00:00:00+00:00
1761796800000,0.02081,0.02084,0.01953,0.02043,96870897.0,2025-10-30 04:00:00+00:00
1761811200000,0.02043,0.02047,0.01889,0.01901,65356193.0,2025-10-30 08:00:00+00:00
1761825600000,0.01899,0.01918,0.01778,0.01795,109122955.0,2025-10-30 12:00:00+00:00
1761840000000,0.01793,0.01822,0.01701,0.01732,89095078.0,2025-10-30 16:00:00+00:00
1761854400000,0.01731,0.01796,0.0169,0.0179,64966232.0,2025-10-30 20:00:00+00:00
1761868800000,0.0179,0.01888,0.0178,0.01874,47587886.0,2025-10-31 00:00:00+00:00
1761883200000,0.01873,0.01935,0.01866,0.01902,45568496.0,2025-10-31 04:00:00+00:00
1761897600000,0.01903,0.02055,0.01882,0.02015,133337227.0,2025-10-31 08:00:00+00:00
1761912000000,0.02014,0.02112,0.01946,0.01971,139150183.0,2025-10-31 12:00:00+00:00
1761926400000,0.0197,0.01979,0.01859,0.01937,80851704.0,2025-10-31 16:00:00+00:00
1761940800000,0.01936,0.0195,0.01899,0.01933,22803760.0,2025-10-31 20:00:00+00:00
1761955200000,0.01932,0.02096,0.01901,0.02073,71791098.0,2025-11-01 00:00:00+00:00
1761969600000,0.02073,0.02212,0.0201,0.02086,140642165.0,2025-11-01 04:00:00+00:00
1761984000000,0.02086,0.02135,0.02061,0.0211,50306306.0,2025-11-01 08:00:00+00:00
1761998400000,0.02109,0.02199,0.02075,0.02115,79144011.0,2025-11-01 12:00:00+00:00
1762012800000,0.02117,0.02158,0.02073,0.02149,52247514.0,2025-11-01 16:00:00+00:00
1762027200000,0.02149,0.02246,0.02122,0.0213,70751515.0,2025-11-01 20:00:00+00:00
1762041600000,0.02128,0.02139,0.0204,0.02049,49809099.0,2025-11-02 00:00:00+00:00
1762056000000,0.0205,0.02171,0.02049,0.02134,44459281.0,2025-11-02 04:00:00+00:00
1762070400000,0.02133,0.02169,0.0205,0.02087,42805927.0,2025-11-02 08:00:00+00:00
1762084800000,0.02088,0.02105,0.01989,0.02,42610878.0,2025-11-02 12:00:00+00:00
1762099200000,0.02,0.02024,0.01959,0.01988,28925564.0,2025-11-02 16:00:00+00:00
1762113600000,0.01989,0.02113,0.0198,0.02096,26892295.0,2025-11-02 20:00:00+00:00
1762128000000,0.02096,0.02097,0.0184,0.01845,60877902.0,2025-11-03 00:00:00+00:00
1762142400000,0.01848,0.01922,0.01832,0.01874,47820514.0,2025-11-03 04:00:00+00:00
1762156800000,0.01875,0.01915,0.0184,0.01875,49743398.0,2025-11-03 08:00:00+00:00
1762171200000,0.01876,0.0192,0.01587,0.01706,124847238.0,2025-11-03 12:00:00+00:00
1762185600000,0.01704,0.01777,0.0165,0.01739,89995377.0,2025-11-03 16:00:00+00:00
1762200000000,0.0174,0.0175,0.01671,0.01748,49496530.0,2025-11-03 20:00:00+00:00
1762214400000,0.01748,0.01842,0.0172,0.01826,46728613.0,2025-11-04 00:00:00+00:00
1762228800000,0.01826,0.01835,0.01663,0.01682,73100881.0,2025-11-04 04:00:00+00:00
1762243200000,0.01682,0.01745,0.01667,0.01715,37925088.0,2025-11-04 08:00:00+00:00
1762257600000,0.01714,0.01746,0.01645,0.01702,69878129.0,2025-11-04 12:00:00+00:00
1762272000000,0.01701,0.01723,0.01569,0.01615,115547490.0,2025-11-04 16:00:00+00:00
1762286400000,0.01615,0.0167,0.01495,0.01665,137343935.0,2025-11-04 20:00:00+00:00
1762300800000,0.01665,0.01703,0.01557,0.01672,54095429.0,2025-11-05 00:00:00+00:00
1762315200000,0.01671,0.01677,0.01627,0.0164,40481640.0,2025-11-05 04:00:00+00:00
1762329600000,0.0164,0.01641,0.01589,0.01637,38510538.0,2025-11-05 08:00:00+00:00
1762344000000,0.01636,0.01706,0.01622,0.01686,63453240.0,2025-11-05 12:00:00+00:00
1762358400000,0.01685,0.0185,0.0166,0.0179,161946800.0,2025-11-05 16:00:00+00:00
1762372800000,0.01789,0.01805,0.01716,0.01752,39555319.0,2025-11-05 20:00:00+00:00
1762387200000,0.01753,0.01754,0.01697,0.01737,23995508.0,2025-11-06 00:00:00+00:00
1762401600000,0.01737,0.0174,0.01686,0.01718,26747694.0,2025-11-06 04:00:00+00:00
1762416000000,0.01717,0.01731,0.0167,0.01702,33410949.0,2025-11-06 08:00:00+00:00
1762430400000,0.01703,0.01742,0.01636,0.01647,48147781.0,2025-11-06 12:00:00+00:00
1762444800000,0.01646,0.01716,0.01608,0.01707,44941661.0,2025-11-06 16:00:00+00:00
1762459200000,0.01707,0.01721,0.01658,0.01685,25047904.0,2025-11-06 20:00:00+00:00
1762473600000,0.01684,0.01725,0.01666,0.01715,37213525.0,2025-11-07 00:00:00+00:00
1762488000000,0.01716,0.01817,0.01713,0.01804,124170264.0,2025-11-07 04:00:00+00:00
1762502400000,0.01803,0.01817,0.01648,0.01678,70654186.0,2025-11-07 08:00:00+00:00
1762516800000,0.01677,0.01766,0.01635,0.0174,78687445.0,2025-11-07 12:00:00+00:00
1762531200000,0.0174,0.01907,0.01736,0.01884,96769247.0,2025-11-07 16:00:00+00:00
1762545600000,0.01882,0.01931,0.01858,0.0187,40719885.0,2025-11-07 20:00:00+00:00
1762560000000,0.0187,0.01916,0.0181,0.0181,51682313.0,2025-11-08 00:00:00+00:00
1762574400000,0.01812,0.01853,0.01758,0.01794,39447752.0,2025-11-08 04:00:00+00:00
1762588800000,0.01793,0.01841,0.01765,0.01813,30336893.0,2025-11-08 08:00:00+00:00
1762603200000,0.01811,0.01823,0.01721,0.01741,47432544.0,2025-11-08 12:00:00+00:00
1762617600000,0.01741,0.01788,0.01718,0.01778,30801827.0,2025-11-08 16:00:00+00:00
1762632000000,0.01778,0.01797,0.01764,0.01787,12792111.0,2025-11-08 20:00:00+00:00
1762646400000,0.01786,0.01788,0.01692,0.01708,26233936.0,2025-11-09 00:00:00+00:00
1762660800000,0.0171,0.01769,0.01707,0.01766,16310427.0,2025-11-09 04:00:00+00:00
1762675200000,0.01766,0.01793,0.01719,0.01781,19631293.0,2025-11-09 08:00:00+00:00
1762689600000,0.01782,0.01847,0.0178,0.01833,36688892.0,2025-11-09 12:00:00+00:00
1762704000000,0.01833,0.01925,0.01833,0.01897,60760501.0,2025-11-09 16:00:00+00:00
1762718400000,0.01897,0.01905,0.01829,0.01835,16388048.0,2025-11-09 20:00:00+00:00
1762732800000,0.01834,0.01891,0.01812,0.01866,27141470.0,2025-11-10 00:00:00+00:00
1762747200000,0.01866,0.01897,0.01836,0.01842,18298074.0,2025-11-10 04:00:00+00:00
1762761600000,0.01841,0.01888,0.01812,0.01862,32138763.0,2025-11-10 08:00:00+00:00
1762776000000,0.01865,0.01989,0.01837,0.01879,103817496.0,2025-11-10 12:00:00+00:00
1762790400000,0.0188,0.01896,0.01829,0.01864,30628390.0,2025-11-10 16:00:00+00:00
1762804800000,0.01864,0.01921,0.01851,0.01888,21274947.0,2025-11-10 20:00:00+00:00
1762819200000,0.01888,0.01913,0.01831,0.01892,28598851.0,2025-11-11 00:00:00+00:00
1762833600000,0.01891,0.01901,0.01782,0.01792,29227466.0,2025-11-11 04:00:00+00:00
1762848000000,0.01791,0.01836,0.01787,0.01823,16845385.0,2025-11-11 08:00:00+00:00
1762862400000,0.01822,0.01837,0.0173,0.01779,60323477.0,2025-11-11 12:00:00+00:00
1762876800000,0.01777,0.01804,0.0173,0.0174,24240501.0,2025-11-11 16:00:00+00:00
1762891200000,0.01739,0.01742,0.0168,0.01699,22670110.0,2025-11-11 20:00:00+00:00
1762905600000,0.01699,0.01721,0.01671,0.01717,17177888.0,2025-11-12 00:00:00+00:00
1762920000000,0.01716,0.01768,0.01707,0.01741,13617475.0,2025-11-12 04:00:00+00:00
1762934400000,0.01741,0.01812,0.01741,0.01796,16953546.0,2025-11-12 08:00:00+00:00
1762948800000,0.01796,0.0184,0.017,0.01711,41019179.0,2025-11-12 12:00:00+00:00
1762963200000,0.0171,0.01717,0.01578,0.01611,86976408.0,2025-11-12 16:00:00+00:00
1762977600000,0.01611,0.01676,0.01604,0.01646,22025897.0,2025-11-12 20:00:00+00:00
1762992000000,0.01646,0.01708,0.0164,0.0169,25160311.0,2025-11-13 00:00:00+00:00
1763006400000,0.01691,0.01725,0.01675,0.0168,18527410.0,2025-11-13 04:00:00+00:00
1763020800000,0.0168,0.01692,0.01657,0.01678,23600096.0,2025-11-13 08:00:00+00:00
1763035200000,0.01678,0.01692,0.01627,0.01644,36062418.0,2025-11-13 12:00:00+00:00
1763049600000,0.01644,0.01649,0.01481,0.01494,69845915.0,2025-11-13 16:00:00+00:00
1763064000000,0.01495,0.01572,0.01475,0.01559,46101611.0,2025-11-13 20:00:00+00:00
1763078400000,0.0156,0.01561,0.01525,0.01533,17769433.0,2025-11-14 00:00:00+00:00
1763092800000,0.01534,0.0154,0.01437,0.01504,55279812.0,2025-11-14 04:00:00+00:00
1763107200000,0.01504,0.01506,0.01438,0.01447,31630919.0,2025-11-14 08:00:00+00:00
1763121600000,0.01447,0.01517,0.01406,0.01494,63247298.0,2025-11-14 12:00:00+00:00
1763136000000,0.01494,0.01522,0.01476,0.01506,26036436.0,2025-11-14 16:00:00+00:00
1763150400000,0.01506,0.01508,0.01375,0.01425,48883125.0,2025-11-14 20:00:00+00:00
1763164800000,0.01425,0.01469,0.01421,0.01462,19100954.0,2025-11-15 00:00:00+00:00
1763179200000,0.01462,0.01476,0.01454,0.01464,11799113.0,2025-11-15 04:00:00+00:00
1763193600000,0.01464,0.01464,0.01413,0.01422,21915219.0,2025-11-15 08:00:00+00:00
1763208000000,0.01421,0.01484,0.01418,0.01456,54577683.0,2025-11-15 12:00:00+00:00
1763222400000,0.01456,0.0148,0.01446,0.01458,20527460.0,2025-11-15 16:00:00+00:00
1763236800000,0.01457,0.01458,0.01426,0.01451,13941954.0,2025-11-15 20:00:00+00:00
1763251200000,0.01451,0.01475,0.01425,0.01473,22498420.0,2025-11-16 00:00:00+00:00
1763265600000,0.01474,0.01485,0.01464,0.01475,13006636.0,2025-11-16 04:00:00+00:00
1763280000000,0.01474,0.01483,0.0142,0.0143,23963518.0,2025-11-16 08:00:00+00:00
1763294400000,0.0143,0.01444,0.01367,0.01375,42257193.0,2025-11-16 12:00:00+00:00
1763308800000,0.01375,0.01443,0.01328,0.01389,111797879.0,2025-11-16 16:00:00+00:00
1763323200000,0.0139,0.01458,0.01382,0.01449,20016106.0,2025-11-16 20:00:00+00:00
1763337600000,0.01448,0.01575,0.01446,0.01534,113558262.0,2025-11-17 00:00:00+00:00
1763352000000,0.01534,0.01539,0.01476,0.01526,40228846.0,2025-11-17 04:00:00+00:00
1763366400000,0.01527,0.01527,0.0149,0.01521,25390332.0,2025-11-17 08:00:00+00:00
1763380800000,0.0152,0.01521,0.01409,0.01442,69890410.0,2025-11-17 12:00:00+00:00
1763395200000,0.01442,0.01442,0.01373,0.01388,43726184.0,2025-11-17 16:00:00+00:00
1763409600000,0.01386,0.01423,0.01374,0.01418,23496040.0,2025-11-17 20:00:00+00:00
1763424000000,0.01419,0.01457,0.01363,0.0144,42588603.0,2025-11-18 00:00:00+00:00
1763438400000,0.0144,0.01472,0.01403,0.01427,32677175.0,2025-11-18 04:00:00+00:00
1763452800000,0.01426,0.01449,0.014,0.01413,25302740.0,2025-11-18 08:00:00+00:00
1763467200000,0.01413,0.01447,0.01379,0.01439,52887889.0,2025-11-18 12:00:00+00:00
1763481600000,0.01438,0.01476,0.01434,0.01453,27024364.0,2025-11-18 16:00:00+00:00
1763496000000,0.01453,0.01456,0.01406,0.01428,22780962.0,2025-11-18 20:00:00+00:00
1763510400000,0.01427,0.01451,0.01398,0.01411,34039598.0,2025-11-19 00:00:00+00:00
1763524800000,0.0141,0.01417,0.01359,0.01409,28007908.0,2025-11-19 04:00:00+00:00
1763539200000,0.0141,0.0144,0.01406,0.01412,27878325.0,2025-11-19 08:00:00+00:00
1763553600000,0.01412,0.01438,0.01381,0.01385,29291798.0,2025-11-19 12:00:00+00:00
1763568000000,0.01382,0.0139,0.01301,0.01349,61714648.0,2025-11-19 16:00:00+00:00
1763582400000,0.01349,0.01429,0.0133,0.01424,36423948.0,2025-11-19 20:00:00+00:00
1763596800000,0.01424,0.01458,0.01415,0.01441,20571983.0,2025-11-20 00:00:00+00:00
1763611200000,0.01443,0.01457,0.01429,0.01439,20495599.0,2025-11-20 04:00:00+00:00
1763625600000,0.01438,0.01506,0.01434,0.01478,81255824.0,2025-11-20 08:00:00+00:00
1763640000000,0.01478,0.01532,0.01437,0.01445,76088176.0,2025-11-20 12:00:00+00:00
1763654400000,0.01445,0.01447,0.01282,0.01339,109503560.0,2025-11-20 16:00:00+00:00
1763668800000,0.01338,0.01395,0.01312,0.01353,31785711.0,2025-11-20 20:00:00+00:00
1763683200000,0.01353,0.01407,0.01325,0.01339,35094394.0,2025-11-21 00:00:00+00:00
1763697600000,0.0134,0.01367,0.01177,0.01256,78097929.0,2025-11-21 04:00:00+00:00
1763712000000,0.01255,0.01288,0.01207,0.01221,80296635.0,2025-11-21 08:00:00+00:00
1763726400000,0.01221,0.01273,0.012,0.01249,64964215.0,2025-11-21 12:00:00+00:00
1763740800000,0.0125,0.01299,0.01228,0.01253,44205895.0,2025-11-21 16:00:00+00:00
1763755200000,0.01253,0.01263,0.01189,0.01242,31077422.0,2025-11-21 20:00:00+00:00
1763769600000,0.01242,0.01256,0.01219,0.01225,16265421.0,2025-11-22 00:00:00+00:00
1763784000000,0.01225,0.01231,0.01181,0.0121,26962852.0,2025-11-22 04:00:00+00:00
1763798400000,0.0121,0.01214,0.01171,0.01204,22950298.0,2025-11-22 08:00:00+00:00
1763812800000,0.01204,0.01221,0.01181,0.01192,27831072.0,2025-11-22 12:00:00+00:00
1763827200000,0.01192,0.01214,0.01188,0.01204,13718316.0,2025-11-22 16:00:00+00:00
1763841600000,0.01204,0.01244,0.01188,0.0121,20770713.0,2025-11-22 20:00:00+00:00
1763856000000,0.0121,0.01249,0.01209,0.01242,21552231.0,2025-11-23 00:00:00+00:00
1763870400000,0.01243,0.01413,0.01241,0.01324,224172626.0,2025-11-23 04:00:00+00:00
1763884800000,0.01325,0.0135,0.01265,0.01278,87830174.0,2025-11-23 08:00:00+00:00
1763899200000,0.01278,0.0131,0.01245,0.01283,54891690.0,2025-11-23 12:00:00+00:00
1763913600000,0.01283,0.01309,0.01256,0.01284,45277911.0,2025-11-23 16:00:00+00:00
1763928000000,0.01283,0.01293,0.01262,0.01267,19857095.0,2025-11-23 20:00:00+00:00
1763942400000,0.01266,0.01302,0.0123,0.01283,39952071.0,2025-11-24 00:00:00+00:00
1763956800000,0.01283,0.01303,0.01247,0.01292,32698952.0,2025-11-24 04:00:00+00:00
1763971200000,0.01291,0.01318,0.01274,0.0129,52942209.0,2025-11-24 08:00:00+00:00
1763985600000,0.01289,0.01376,0.01269,0.01346,78555014.0,2025-11-24 12:00:00+00:00
1764000000000,0.01345,0.01456,0.01334,0.01397,58129633.0,2025-11-24 16:00:00+00:00
1764014400000,0.01398,0.01437,0.01394,0.01414,29122661.0,2025-11-24 20:00:00+00:00
1764028800000,0.01415,0.01421,0.01381,0.01395,22655500.0,2025-11-25 00:00:00+00:00
1764043200000,0.01396,0.01413,0.01375,0.0139,30347484.0,2025-11-25 04:00:00+00:00
1764057600000,0.0139,0.01438,0.01361,0.0141,35943498.0,2025-11-25 08:00:00+00:00
1764072000000,0.01411,0.01433,0.01373,0.01422,44749253.0,2025-11-25 12:00:00+00:00
1764086400000,0.01421,0.01444,0.0138,0.01412,21764447.0,2025-11-25 16:00:00+00:00
1764100800000,0.01412,0.01447,0.01388,0.01425,20931143.0,2025-11-25 20:00:00+00:00
1764115200000,0.01424,0.01437,0.01404,0.01405,11975258.0,2025-11-26 00:00:00+00:00
1764129600000,0.01405,0.01409,0.0138,0.01397,23230372.0,2025-11-26 04:00:00+00:00
1764144000000,0.01396,0.01403,0.01351,0.01364,18718535.0,2025-11-26 08:00:00+00:00
1764158400000,0.01363,0.01399,0.01343,0.01395,29719936.0,2025-11-26 12:00:00+00:00
1764172800000,0.01396,0.01465,0.01395,0.01437,34830126.0,2025-11-26 16:00:00+00:00
1764187200000,0.01438,0.01465,0.01424,0.01438,22745868.0,2025-11-26 20:00:00+00:00
1764201600000,0.01438,0.01463,0.01423,0.01428,22865230.0,2025-11-27 00:00:00+00:00
1764216000000,0.01428,0.01437,0.014,0.0141,14346887.0,2025-11-27 04:00:00+00:00
1764230400000,0.0141,0.01412,0.01385,0.01397,25528822.0,2025-11-27 08:00:00+00:00
1764244800000,0.01397,0.01415,0.01386,0.01411,14069204.0,2025-11-27 12:00:00+00:00
1764259200000,0.0141,0.01456,0.01407,0.0144,25489171.0,2025-11-27 16:00:00+00:00
1764273600000,0.01439,0.01443,0.01381,0.01386,19146362.0,2025-11-27 20:00:00+00:00
1764288000000,0.01387,0.01391,0.01346,0.01351,30422810.0,2025-11-28 00:00:00+00:00
1764302400000,0.01351,0.01459,0.01347,0.01416,100831514.0,2025-11-28 04:00:00+00:00
1764316800000,0.01415,0.0148,0.01406,0.01441,99815190.0,2025-11-28 08:00:00+00:00
1764331200000,0.0144,0.01466,0.01416,0.0143,67250154.0,2025-11-28 12:00:00+00:00
1764345600000,0.01428,0.0144,0.01362,0.01392,62668441.0,2025-11-28 16:00:00+00:00
1764360000000,0.01392,0.01401,0.01377,0.01397,19279437.0,2025-11-28 20:00:00+00:00
1764374400000,0.01396,0.01487,0.01376,0.01443,87908679.0,2025-11-29 00:00:00+00:00
1764388800000,0.01442,0.0148,0.01411,0.01414,67129424.0,2025-11-29 04:00:00+00:00
1764403200000,0.01412,0.01453,0.01411,0.01445,23643865.0,2025-11-29 08:00:00+00:00
1764417600000,0.01446,0.01457,0.01423,0.01449,27198385.0,2025-11-29 12:00:00+00:00
1764432000000,0.01449,0.0158,0.01432,0.01549,257917934.0,2025-11-29 16:00:00+00:00
1764446400000,0.01548,0.01748,0.01525,0.01633,808300298.0,2025-11-29 20:00:00+00:00
1764460800000,0.01632,0.01713,0.01546,0.01585,439480654.0,2025-11-30 00:00:00+00:00
1764475200000,0.01584,0.01678,0.01574,0.01598,271182539.0,2025-11-30 04:00:00+00:00
1764489600000,0.01597,0.01942,0.01588,0.01884,1226544700.0,2025-11-30 08:00:00+00:00
1764504000000,0.01884,0.01907,0.01709,0.01822,895428396.0,2025-11-30 12:00:00+00:00
1764518400000,0.01822,0.01997,0.018,0.01989,561042484.0,2025-11-30 16:00:00+00:00
1764532800000,0.01989,0.02213,0.01951,0.0211,1003618563.0,2025-11-30 20:00:00+00:00
1764547200000,0.02111,0.02449,0.01975,0.02335,965800615.0,2025-12-01 00:00:00+00:00
1764561600000,0.02334,0.02475,0.01843,0.01957,2115715555.0,2025-12-01 04:00:00+00:00
1764576000000,0.01956,0.02104,0.01885,0.01943,925989558.0,2025-12-01 08:00:00+00:00
1764590400000,0.01942,0.02093,0.01903,0.02029,479754606.0,2025-12-01 12:00:00+00:00
1764604800000,0.02028,0.02144,0.01935,0.01985,381857101.0,2025-12-01 16:00:00+00:00
1764619200000,0.01986,0.022,0.01953,0.02101,259456731.0,2025-12-01 20:00:00+00:00
1764633600000,0.02101,0.02334,0.02053,0.02136,426994433.0,2025-12-02 00:00:00+00:00
1764648000000,0.02135,0.02188,0.01983,0.02047,212273542.0,2025-12-02 04:00:00+00:00
1764662400000,0.02047,0.02083,0.01955,0.02011,161469736.0,2025-12-02 08:00:00+00:00
1764676800000,0.02011,0.02114,0.01959,0.0203,197099445.0,2025-12-02 12:00:00+00:00
1764691200000,0.02031,0.02078,0.01966,0.01983,95820577.0,2025-12-02 16:00:00+00:00
1764705600000,0.01983,0.02065,0.01873,0.01973,174947281.0,2025-12-02 20:00:00+00:00
1764720000000,0.01972,0.02062,0.0195,0.01994,107398826.0,2025-12-03 00:00:00+00:00
1764734400000,0.01994,0.02022,0.01885,0.01925,112126186.0,2025-12-03 04:00:00+00:00
1764748800000,0.01925,0.01938,0.01868,0.01874,74301378.0,2025-12-03 08:00:00+00:00
1764763200000,0.01874,0.01918,0.01817,0.01854,113653191.0,2025-12-03 12:00:00+00:00
1764777600000,0.01853,0.01962,0.01828,0.01899,81580168.0,2025-12-03 16:00:00+00:00
1764792000000,0.01898,0.01989,0.01891,0.01938,44528674.0,2025-12-03 20:00:00+00:00
1764806400000,0.01938,0.02189,0.01911,0.02038,156856187.0,2025-12-04 00:00:00+00:00
1764820800000,0.02038,0.02159,0.0198,0.02007,119767991.0,2025-12-04 04:00:00+00:00
1764835200000,0.02006,0.02154,0.01996,0.02069,127162281.0,2025-12-04 08:00:00+00:00
1764849600000,0.02071,0.02148,0.0202,0.02037,103431134.0,2025-12-04 12:00:00+00:00
1764864000000,0.02037,0.02044,0.01892,0.01905,85637726.0,2025-12-04 16:00:00+00:00
1764878400000,0.01904,0.02004,0.01869,0.01995,84808339.0,2025-12-04 20:00:00+00:00
1764892800000,0.01995,0.02026,0.01929,0.01941,45737144.0,2025-12-05 00:00:00+00:00
1764907200000,0.01942,0.01969,0.0191,0.01915,29440303.0,2025-12-05 04:00:00+00:00
1764921600000,0.01915,0.01923,0.0186,0.01883,46508488.0,2025-12-05 08:00:00+00:00
1764936000000,0.01882,0.01935,0.01851,0.01894,87866496.0,2025-12-05 12:00:00+00:00
1764950400000,0.01894,0.01945,0.01824,0.0193,78968364.0,2025-12-05 16:00:00+00:00
1764964800000,0.01929,0.02014,0.01892,0.02008,38393131.0,2025-12-05 20:00:00+00:00
1764979200000,0.02007,0.02198,0.01965,0.02108,158407988.0,2025-12-06 00:00:00+00:00
1764993600000,0.02108,0.0221,0.02079,0.02187,154134714.0,2025-12-06 04:00:00+00:00
1765008000000,0.02187,0.02477,0.02178,0.02406,801302705.0,2025-12-06 08:00:00+00:00
1765022400000,0.02406,0.02646,0.0224,0.02565,1480623193.0,2025-12-06 12:00:00+00:00
1765036800000,0.02567,0.02632,0.02427,0.0246,512540775.0,2025-12-06 16:00:00+00:00
1765051200000,0.0246,0.02513,0.02312,0.02349,229037655.0,2025-12-06 20:00:00+00:00
1765065600000,0.02349,0.02386,0.02289,0.02332,105384698.0,2025-12-07 00:00:00+00:00
1765080000000,0.02332,0.02365,0.02289,0.02317,71071044.0,2025-12-07 04:00:00+00:00
1765094400000,0.02318,0.02331,0.02253,0.02257,113096605.0,2025-12-07 08:00:00+00:00
1765108800000,0.02257,0.02297,0.02145,0.02271,100325609.0,2025-12-07 12:00:00+00:00
1765123200000,0.0227,0.02333,0.02179,0.02232,102809827.0,2025-12-07 16:00:00+00:00
1765137600000,0.02232,0.02251,0.02116,0.02179,54735350.0,2025-12-07 20:00:00+00:00
1765152000000,0.02179,0.02291,0.02166,0.02263,50251798.0,2025-12-08 00:00:00+00:00
1765166400000,0.02261,0.02289,0.02225,0.0226,36630593.0,2025-12-08 04:00:00+00:00
1765180800000,0.0226,0.02286,0.02232,0.02278,43397096.0,2025-12-08 08:00:00+00:00
1765195200000,0.02277,0.02277,0.02114,0.0213,64407710.0,2025-12-08 12:00:00+00:00
1765209600000,0.02129,0.0213,0.02015,0.02045,78840634.0,2025-12-08 16:00:00+00:00
1765224000000,0.02044,0.02083,0.02029,0.02049,28136924.0,2025-12-08 20:00:00+00:00
1765238400000,0.02049,0.0206,0.0201,0.02056,29104380.0,2025-12-09 00:00:00+00:00
1765252800000,0.02056,0.02056,0.01974,0.02007,33388155.0,2025-12-09 04:00:00+00:00
1765267200000,0.02006,0.02035,0.01987,0.02005,28825690.0,2025-12-09 08:00:00+00:00
1765281600000,0.02004,0.02082,0.01991,0.02054,48002606.0,2025-12-09 12:00:00+00:00
1765296000000,0.02055,0.02175,0.02053,0.02058,67078776.0,2025-12-09 16:00:00+00:00
1765310400000,0.02057,0.02066,0.01975,0.02046,37688318.0,2025-12-09 20:00:00+00:00
1765324800000,0.02045,0.02073,0.02005,0.02028,27045711.0,2025-12-10 00:00:00+00:00
1765339200000,0.02027,0.02087,0.02026,0.02043,28440561.0,2025-12-10 04:00:00+00:00
1765353600000,0.02043,0.02151,0.02034,0.02042,80163441.0,2025-12-10 08:00:00+00:00
1765368000000,0.02044,0.02103,0.02015,0.02056,42215704.0,2025-12-10 12:00:00+00:00
1765382400000,0.02055,0.02116,0.02035,0.02108,42151709.0,2025-12-10 16:00:00+00:00
1765396800000,0.02111,0.02146,0.02025,0.02032,29677091.0,2025-12-10 20:00:00+00:00
1765411200000,0.02031,0.02031,0.01834,0.0185,81043459.0,2025-12-11 00:00:00+00:00
1765425600000,0.0185,0.01898,0.01842,0.01885,25537489.0,2025-12-11 04:00:00+00:00
1765440000000,0.01885,0.01949,0.01879,0.01892,38432658.0,2025-12-11 08:00:00+00:00
1765454400000,0.01892,0.01948,0.01854,0.01912,47688871.0,2025-12-11 12:00:00+00:00
1765468800000,0.0191,0.01927,0.01873,0.01883,28107249.0,2025-12-11 16:00:00+00:00
1765483200000,0.01883,0.01935,0.01878,0.01896,18184016.0,2025-12-11 20:00:00+00:00
1765497600000,0.01898,0.01985,0.01883,0.01966,30849940.0,2025-12-12 00:00:00+00:00
1765512000000,0.01964,0.01965,0.01856,0.01875,37265768.0,2025-12-12 04:00:00+00:00
1765526400000,0.01876,0.01885,0.0183,0.01864,34939582.0,2025-12-12 08:00:00+00:00
1765540800000,0.01863,0.0191,0.01758,0.01798,54408148.0,2025-12-12 12:00:00+00:00
1765555200000,0.018,0.01814,0.01751,0.01793,39084648.0,2025-12-12 16:00:00+00:00
1765569600000,0.01791,0.01831,0.01777,0.01815,32332777.0,2025-12-12 20:00:00+00:00
1765584000000,0.01815,0.01849,0.01802,0.0183,35246204.0,2025-12-13 00:00:00+00:00
1765598400000,0.01829,0.01847,0.01794,0.01825,13857310.0,2025-12-13 04:00:00+00:00
1765612800000,0.01825,0.0185,0.01804,0.01827,21581918.0,2025-12-13 08:00:00+00:00
1765627200000,0.01827,0.01851,0.01819,0.01836,18968580.0,2025-12-13 12:00:00+00:00
1765641600000,0.01837,0.01873,0.01837,0.01859,18375452.0,2025-12-13 16:00:00+00:00
1765656000000,0.0186,0.0186,0.01808,0.01831,12866689.0,2025-12-13 20:00:00+00:00
1765670400000,0.0183,0.01841,0.0181,0.01817,9135438.0,2025-12-14 00:00:00+00:00
1765684800000,0.01818,0.01819,0.01744,0.01788,23184981.0,2025-12-14 04:00:00+00:00
1765699200000,0.01789,0.01806,0.01744,0.01772,24556486.0,2025-12-14 08:00:00+00:00
1765713600000,0.0177,0.01779,0.01711,0.01718,22827154.0,2025-12-14 12:00:00+00:00
1765728000000,0.01717,0.01739,0.01686,0.01709,21675948.0,2025-12-14 16:00:00+00:00
1765742400000,0.01709,0.01736,0.01698,0.01722,14928495.0,2025-12-14 20:00:00+00:00
1765756800000,0.0172,0.01803,0.01705,0.01787,25356922.0,2025-12-15 00:00:00+00:00
1765771200000,0.0179,0.01801,0.01765,0.01775,20043148.0,2025-12-15 04:00:00+00:00
1765785600000,0.01774,0.01859,0.01755,0.0184,41685876.0,2025-12-15 08:00:00+00:00
1765800000000,0.01841,0.01933,0.01779,0.01807,138818153.0,2025-12-15 12:00:00+00:00
1765814400000,0.01806,0.01893,0.01728,0.01777,94291747.0,2025-12-15 16:00:00+00:00
1765828800000,0.01777,0.01864,0.01723,0.01834,45677731.0,2025-12-15 20:00:00+00:00
1765843200000,0.01834,0.01923,0.01811,0.0186,97628884.0,2025-12-16 00:00:00+00:00
1765857600000,0.01859,0.01874,0.01772,0.01823,55536199.0,2025-12-16 04:00:00+00:00
1765872000000,0.01823,0.02015,0.01799,0.01988,133019272.0,2025-12-16 08:00:00+00:00
1765886400000,0.01989,0.02065,0.01852,0.01887,180381382.0,2025-12-16 12:00:00+00:00
1765900800000,0.01887,0.01917,0.01859,0.01878,42392824.0,2025-12-16 16:00:00+00:00
1765915200000,0.01878,0.01983,0.01874,0.01947,54754282.0,2025-12-16 20:00:00+00:00
1765929600000,0.01946,0.01947,0.01826,0.01831,50323091.0,2025-12-17 00:00:00+00:00
1765944000000,0.01831,0.01873,0.01792,0.01861,38461482.0,2025-12-17 04:00:00+00:00
1765958400000,0.01861,0.01861,0.01792,0.0181,24953458.0,2025-12-17 08:00:00+00:00
1765972800000,0.01809,0.01828,0.01717,0.01724,53596539.0,2025-12-17 12:00:00+00:00
1765987200000,0.01723,0.01737,0.01602,0.01625,91049605.0,2025-12-17 16:00:00+00:00
1766001600000,0.01625,0.01653,0.01597,0.01616,33292677.0,2025-12-17 20:00:00+00:00
1766016000000,0.01617,0.01708,0.01599,0.0169,54575832.0,2025-12-18 00:00:00+00:00
1766030400000,0.01689,0.01773,0.01635,0.0169,113195953.0,2025-12-18 04:00:00+00:00
1766044800000,0.0169,0.01726,0.01668,0.0169,46103899.0,2025-12-18 08:00:00+00:00
1766059200000,0.0169,0.01712,0.01663,0.01693,43991449.0,2025-12-18 12:00:00+00:00
1766073600000,0.01693,0.0172,0.01589,0.01603,68104808.0,2025-12-18 16:00:00+00:00
1766088000000,0.01603,0.01645,0.01575,0.01638,40487098.0,2025-12-18 20:00:00+00:00
1766102400000,0.0164,0.01692,0.01591,0.01679,39923890.0,2025-12-19 00:00:00+00:00
1766116800000,0.01678,0.01708,0.01652,0.01687,23280618.0,2025-12-19 04:00:00+00:00
1766131200000,0.01686,0.0171,0.01642,0.01667,31850007.0,2025-12-19 08:00:00+00:00
1766145600000,0.01668,0.01671,0.01619,0.01637,27153997.0,2025-12-19 12:00:00+00:00
1766160000000,0.01636,0.01667,0.01606,0.01651,34117853.0,2025-12-19 16:00:00+00:00
1766174400000,0.01651,0.01659,0.01622,0.01635,22662970.0,2025-12-19 20:00:00+00:00
1766188800000,0.01634,0.01644,0.01614,0.01618,14770600.0,2025-12-20 00:00:00+00:00
1766203200000,0.01617,0.01643,0.0159,0.01627,28018684.0,2025-12-20 04:00:00+00:00
1766217600000,0.01627,0.01656,0.01602,0.01639,23027177.0,2025-12-20 08:00:00+00:00
1766232000000,0.0164,0.01675,0.01611,0.01662,40845265.0,2025-12-20 12:00:00+00:00
1766246400000,0.0166,0.01745,0.01639,0.01716,24917323.0,2025-12-20 16:00:00+00:00
1766260800000,0.01715,0.01768,0.01703,0.01739,31145530.0,2025-12-20 20:00:00+00:00
1766275200000,0.01741,0.01746,0.01686,0.01706,22926028.0,2025-12-21 00:00:00+00:00
1766289600000,0.01705,0.01736,0.01689,0.01705,24210508.0,2025-12-21 04:00:00+00:00
1766304000000,0.01704,0.01766,0.0167,0.01678,44450828.0,2025-12-21 08:00:00+00:00
1766318400000,0.01678,0.01682,0.01615,0.01636,36476947.0,2025-12-21 12:00:00+00:00
1766332800000,0.01635,0.01678,0.01627,0.01671,19390640.0,2025-12-21 16:00:00+00:00
1766347200000,0.01669,0.01671,0.01616,0.01656,14309486.0,2025-12-21 20:00:00+00:00
1766361600000,0.01657,0.01692,0.01632,0.01657,11109804.0,2025-12-22 00:00:00+00:00
1766376000000,0.01658,0.01658,0.01635,0.01643,7987148.0,2025-12-22 04:00:00+00:00
1766390400000,0.01642,0.01658,0.01635,0.0165,11428116.0,2025-12-22 08:00:00+00:00
1766404800000,0.01649,0.01688,0.01639,0.01658,26736805.0,2025-12-22 12:00:00+00:00
1766419200000,0.01658,0.01659,0.01606,0.01612,21876689.0,2025-12-22 16:00:00+00:00
1766433600000,0.01609,0.01635,0.01574,0.01631,20106562.0,2025-12-22 20:00:00+00:00
1766448000000,0.01632,0.01651,0.01617,0.01618,10659301.0,2025-12-23 00:00:00+00:00
1766462400000,0.01618,0.01703,0.01607,0.01647,49856283.0,2025-12-23 04:00:00+00:00
1766476800000,0.01647,0.01681,0.01622,0.01665,21591683.0,2025-12-23 08:00:00+00:00
1766491200000,0.01666,0.01674,0.01598,0.01617,28733517.0,2025-12-23 12:00:00+00:00
1766505600000,0.01617,0.01668,0.01613,0.0165,15268458.0,2025-12-23 16:00:00+00:00
1766520000000,0.0165,0.01674,0.01638,0.01648,8911169.0,2025-12-23 20:00:00+00:00
1766534400000,0.01649,0.01656,0.01589,0.01621,92112015.0,2025-12-24 00:00:00+00:00
1766548800000,0.01622,0.01632,0.01598,0.016,21614342.0,2025-12-24 04:00:00+00:00
1766563200000,0.01598,0.01636,0.01593,0.01609,16387336.0,2025-12-24 08:00:00+00:00
1766577600000,0.0161,0.01628,0.01599,0.01626,8636225.0,2025-12-24 12:00:00+00:00
1766592000000,0.01625,0.01647,0.01617,0.01638,12519217.0,2025-12-24 16:00:00+00:00
1766606400000,0.01637,0.01646,0.01622,0.01632,6014741.0,2025-12-24 20:00:00+00:00
1766620800000,0.01632,0.01675,0.01628,0.01666,10762068.0,2025-12-25 00:00:00+00:00
1766635200000,0.01666,0.01681,0.01636,0.0168,13269989.0,2025-12-25 04:00:00+00:00
1766649600000,0.0168,0.01684,0.01644,0.01647,9277069.0,2025-12-25 08:00:00+00:00
1766664000000,0.01646,0.01666,0.0164,0.01663,7916552.0,2025-12-25 12:00:00+00:00
1766678400000,0.01663,0.01682,0.01655,0.01668,12171074.0,2025-12-25 16:00:00+00:00
1766692800000,0.0167,0.0167,0.01576,0.0159,21216420.0,2025-12-25 20:00:00+00:00
1766707200000,0.01589,0.01641,0.01556,0.01613,21779028.0,2025-12-26 00:00:00+00:00
1766721600000,0.01612,0.01637,0.01602,0.01618,9311475.0,2025-12-26 04:00:00+00:00
1766736000000,0.01619,0.01641,0.01618,0.01626,7484937.0,2025-12-26 08:00:00+00:00
1766750400000,0.01625,0.01634,0.0159,0.01605,13494649.0,2025-12-26 12:00:00+00:00
1766764800000,0.01606,0.01627,0.01597,0.01616,7567767.0,2025-12-26 16:00:00+00:00
1766779200000,0.01617,0.01635,0.01612,0.01629,9271159.0,2025-12-26 20:00:00+00:00
1766793600000,0.0163,0.01653,0.01623,0.01637,95900201.0,2025-12-27 00:00:00+00:00
1766808000000,0.01638,0.01664,0.01635,0.01643,10468635.0,2025-12-27 04:00:00+00:00
1766822400000,0.01643,0.01647,0.01602,0.01626,9251568.0,2025-12-27 08:00:00+00:00
1766836800000,0.01626,0.01629,0.01604,0.01611,7192948.0,2025-12-27 12:00:00+00:00
1766851200000,0.01612,0.01635,0.0161,0.01629,10646182.0,2025-12-27 16:00:00+00:00
1766865600000,0.01629,0.01651,0.01618,0.0164,5515440.0,2025-12-27 20:00:00+00:00
1766880000000,0.01642,0.01648,0.0163,0.01631,6070060.0,2025-12-28 00:00:00+00:00
1766894400000,0.01632,0.0165,0.01631,0.01635,5857326.0,2025-12-28 04:00:00+00:00
1766908800000,0.01636,0.01647,0.01616,0.01625,11966065.0,2025-12-28 08:00:00+00:00
1766923200000,0.01626,0.01641,0.01614,0.01624,12648403.0,2025-12-28 12:00:00+00:00
1766937600000,0.01625,0.01634,0.01567,0.01577,16752139.0,2025-12-28 16:00:00+00:00
1766952000000,0.01575,0.01615,0.01571,0.01603,10605716.0,2025-12-28 20:00:00+00:00
1766966400000,0.01604,0.01633,0.01604,0.01627,70830432.0,2025-12-29 00:00:00+00:00
1766980800000,0.01626,0.01632,0.01599,0.01615,7594063.0,2025-12-29 04:00:00+00:00
1766995200000,0.01614,0.01621,0.01579,0.0158,10513945.0,2025-12-29 08:00:00+00:00
1767009600000,0.01579,0.01583,0.01486,0.01515,76424296.0,2025-12-29 12:00:00+00:00
1767024000000,0.01515,0.01589,0.01497,0.01583,38171001.0,2025-12-29 16:00:00+00:00
1767038400000,0.01583,0.01815,0.01577,0.01692,206794659.0,2025-12-29 20:00:00+00:00
1767052800000,0.01693,0.01759,0.01669,0.01679,57417392.0,2025-12-30 00:00:00+00:00
1767067200000,0.0168,0.01738,0.01642,0.01708,75250580.0,2025-12-30 04:00:00+00:00
1767081600000,0.01708,0.01778,0.01696,0.01749,144219634.0,2025-12-30 08:00:00+00:00
1767096000000,0.01748,0.01795,0.01675,0.01761,199283178.0,2025-12-30 12:00:00+00:00
1767110400000,0.0176,0.01805,0.01734,0.01782,252519498.0,2025-12-30 16:00:00+00:00
1767124800000,0.0178,0.01799,0.01752,0.01776,54135069.0,2025-12-30 20:00:00+00:00
1767139200000,0.01779,0.01799,0.01758,0.01782,35596996.0,2025-12-31 00:00:00+00:00
1767153600000,0.01781,0.01849,0.01766,0.01834,80217352.0,2025-12-31 04:00:00+00:00
1767168000000,0.01834,0.01837,0.01767,0.01796,66848583.0,2025-12-31 08:00:00+00:00
1767182400000,0.01794,0.01914,0.01792,0.01895,142483387.0,2025-12-31 12:00:00+00:00
1767196800000,0.01897,0.01997,0.01831,0.01953,91804606.0,2025-12-31 16:00:00+00:00
1767211200000,0.01953,0.01957,0.01854,0.01859,43317624.0,2025-12-31 20:00:00+00:00
1767225600000,0.01859,0.01902,0.01835,0.01851,32499136.0,2026-01-01 00:00:00+00:00
1767240000000,0.01852,0.01852,0.01791,0.01826,24265718.0,2026-01-01 04:00:00+00:00
1767254400000,0.01825,0.01916,0.01816,0.01873,31150995.0,2026-01-01 08:00:00+00:00
1767268800000,0.01871,0.01931,0.01826,0.01891,33502189.0,2026-01-01 12:00:00+00:00
1767283200000,0.0189,0.02123,0.01887,0.02073,102569970.0,2026-01-01 16:00:00+00:00
1767297600000,0.02072,0.02218,0.02043,0.02106,84292555.0,2026-01-01 20:00:00+00:00
1767312000000,0.02108,0.02218,0.02103,0.02184,63901235.0,2026-01-02 00:00:00+00:00
1767326400000,0.02184,0.02251,0.02138,0.02225,136935177.0,2026-01-02 04:00:00+00:00
1767340800000,0.02223,0.02248,0.02153,0.02174,151285250.0,2026-01-02 08:00:00+00:00
1767355200000,0.02173,0.02251,0.02116,0.02135,120308436.0,2026-01-02 12:00:00+00:00
1767369600000,0.02135,0.02153,0.02008,0.02077,89970369.0,2026-01-02 16:00:00+00:00
1767384000000,0.02078,0.02117,0.02066,0.02087,19268677.0,2026-01-02 20:00:00+00:00
1767398400000,0.02087,0.02116,0.02018,0.02051,38380976.0,2026-01-03 00:00:00+00:00
1767412800000,0.02052,0.02067,0.01959,0.01986,37993589.0,2026-01-03 04:00:00+00:00
1767427200000,0.01987,0.02035,0.01963,0.02026,30438103.0,2026-01-03 08:00:00+00:00
1767441600000,0.02026,0.02203,0.02017,0.02181,42980547.0,2026-01-03 12:00:00+00:00
1767456000000,0.02181,0.02262,0.02154,0.02168,65127793.0,2026-01-03 16:00:00+00:00
1767470400000,0.02169,0.02219,0.02154,0.02197,10660452.0,2026-01-03 20:00:00+00:00
1767484800000,0.02197,0.02354,0.02162,0.02279,88064958.0,2026-01-04 00:00:00+00:00
1767499200000,0.02278,0.02327,0.02241,0.02276,47161978.0,2026-01-04 04:00:00+00:00
1767513600000,0.02275,0.0229,0.0223,0.02265,28462041.0,2026-01-04 08:00:00+00:00
1767528000000,0.02266,0.02337,0.02242,0.02305,36020449.0,2026-01-04 12:00:00+00:00
1767542400000,0.02304,0.02412,0.02293,0.02317,52325704.0,2026-01-04 16:00:00+00:00
1767556800000,0.02317,0.02332,0.02236,0.02277,22648371.0,2026-01-04 20:00:00+00:00
1767571200000,0.02276,0.02276,0.02232,0.02264,14867210.0,2026-01-05 00:00:00+00:00
1767585600000,0.02263,0.02263,0.02101,0.02189,53139484.0,2026-01-05 04:00:00+00:00
1767600000000,0.02189,0.02194,0.02136,0.02174,22471044.0,2026-01-05 08:00:00+00:00
1767614400000,0.02174,0.02248,0.0216,0.02199,22156529.0,2026-01-05 12:00:00+00:00
1767628800000,0.02198,0.02211,0.02148,0.02201,24443692.0,2026-01-05 16:00:00+00:00
1767643200000,0.022,0.02246,0.02188,0.02216,15030335.0,2026-01-05 20:00:00+00:00
1767657600000,0.02216,0.02237,0.0218,0.02215,18347487.0,2026-01-06 00:00:00+00:00
1767672000000,0.02215,0.02228,0.02122,0.02147,25905889.0,2026-01-06 04:00:00+00:00
1767686400000,0.02149,0.02246,0.02145,0.02221,18085432.0,2026-01-06 08:00:00+00:00
1767700800000,0.02222,0.023,0.02197,0.02223,35422439.0,2026-01-06 12:00:00+00:00
1767715200000,0.02223,0.02242,0.02134,0.02183,26899525.0,2026-01-06 16:00:00+00:00
1767729600000,0.02183,0.02262,0.02182,0.0226,13339299.0,2026-01-06 20:00:00+00:00
1767744000000,0.02259,0.0226,0.02155,0.02167,19025080.0,2026-01-07 00:00:00+00:00
1767758400000,0.02166,0.02181,0.02066,0.02181,31625346.0,2026-01-07 04:00:00+00:00
1767772800000,0.02181,0.022,0.02102,0.02125,22116436.0,2026-01-07 08:00:00+00:00
1767787200000,0.02126,0.02137,0.02018,0.02034,26499637.0,2026-01-07 12:00:00+00:00
1767801600000,0.02034,0.02061,0.02008,0.02031,16089992.0,2026-01-07 16:00:00+00:00
1767816000000,0.0203,0.02139,0.01999,0.02133,25742979.0,2026-01-07 20:00:00+00:00
1767830400000,0.02132,0.02196,0.02129,0.02163,34504123.0,2026-01-08 00:00:00+00:00
1767844800000,0.02163,0.02259,0.02155,0.02242,71496619.0,2026-01-08 04:00:00+00:00
1767859200000,0.02241,0.02278,0.02171,0.02219,54582680.0,2026-01-08 08:00:00+00:00
1767873600000,0.02219,0.02314,0.02173,0.02252,135415569.0,2026-01-08 12:00:00+00:00
1767888000000,0.02253,0.02338,0.02122,0.02143,149028323.0,2026-01-08 16:00:00+00:00
1767902400000,0.02143,0.022,0.02106,0.02167,32660006.0,2026-01-08 20:00:00+00:00
1767916800000,0.02167,0.02184,0.02132,0.02177,23603812.0,2026-01-09 00:00:00+00:00
1767931200000,0.02178,0.02182,0.02103,0.0212,21209819.0,2026-01-09 04:00:00+00:00
1767945600000,0.02121,0.02139,0.02077,0.02091,18305101.0,2026-01-09 08:00:00+00:00
1767960000000,0.02091,0.02125,0.02051,0.02086,33861914.0,2026-01-09 12:00:00+00:00
1767974400000,0.02086,0.02117,0.02042,0.02052,20618754.0,2026-01-09 16:00:00+00:00
1767988800000,0.02051,0.02063,0.02033,0.02038,13667226.0,2026-01-09 20:00:00+00:00
1768003200000,0.02037,0.02058,0.02009,0.02037,16931103.0,2026-01-10 00:00:00+00:00
1768017600000,0.02036,0.02037,0.01983,0.02,19241600.0,2026-01-10 04:00:00+00:00
1768032000000,0.01998,0.02033,0.01993,0.02026,11917590.0,2026-01-10 08:00:00+00:00
1768046400000,0.02027,0.02038,0.01998,0.02023,10169336.0,2026-01-10 12:00:00+00:00
1768060800000,0.02024,0.0203,0.01995,0.02013,7414243.0,2026-01-10 16:00:00+00:00
1768075200000,0.02013,0.02029,0.0197,0.02005,8302749.0,2026-01-10 20:00:00+00:00
1768089600000,0.02005,0.02009,0.01979,0.01994,6087588.0,2026-01-11 00:00:00+00:00
1768104000000,0.01993,0.02032,0.01985,0.02025,6999104.0,2026-01-11 04:00:00+00:00
1768118400000,0.02025,0.02058,0.02014,0.02019,18327377.0,2026-01-11 08:00:00+00:00
1768132800000,0.02021,0.02029,0.01988,0.02018,13009064.0,2026-01-11 12:00:00+00:00
1768147200000,0.02018,0.02153,0.02012,0.02145,45875134.0,2026-01-11 16:00:00+00:00
1768161600000,0.02145,0.02181,0.02063,0.02086,84390451.0,2026-01-11 20:00:00+00:00
1768176000000,0.02085,0.02121,0.02029,0.02107,29650668.0,2026-01-12 00:00:00+00:00
1768190400000,0.02109,0.02177,0.02102,0.02157,29830134.0,2026-01-12 04:00:00+00:00
1768204800000,0.02155,0.02163,0.02085,0.02109,39878191.0,2026-01-12 08:00:00+00:00
1768219200000,0.0211,0.02203,0.02096,0.02182,60947952.0,2026-01-12 12:00:00+00:00
1768233600000,0.02183,0.0219,0.021,0.02145,24188236.0,2026-01-12 16:00:00+00:00
1768248000000,0.02144,0.02167,0.02095,0.02107,11666660.0,2026-01-12 20:00:00+00:00
1768262400000,0.02108,0.02162,0.02076,0.02088,16815913.0,2026-01-13 00:00:00+00:00
1768276800000,0.02089,0.0211,0.02074,0.02099,7708915.0,2026-01-13 04:00:00+00:00
1768291200000,0.02102,0.02149,0.02092,0.02123,8891989.0,2026-01-13 08:00:00+00:00
1768305600000,0.02123,0.02188,0.02115,0.02155,17100672.0,2026-01-13 12:00:00+00:00
1768320000000,0.02155,0.02181,0.02132,0.02165,14505950.0,2026-01-13 16:00:00+00:00
1768334400000,0.02166,0.02209,0.02134,0.02174,15445834.0,2026-01-13 20:00:00+00:00
1768348800000,0.02174,0.02236,0.02154,0.02214,13389738.0,2026-01-14 00:00:00+00:00
1768363200000,0.0221,0.02219,0.02135,0.02153,17497177.0,2026-01-14 04:00:00+00:00
1768377600000,0.02152,0.02185,0.02126,0.02139,10445430.0,2026-01-14 08:00:00+00:00
1768392000000,0.02139,0.02161,0.02102,0.02149,16873706.0,2026-01-14 12:00:00+00:00
1768406400000,0.02149,0.02171,0.02087,0.02103,15101086.0,2026-01-14 16:00:00+00:00
1768420800000,0.02103,0.02121,0.02051,0.02072,11559766.0,2026-01-14 20:00:00+00:00
1768435200000,0.02072,0.0208,0.01976,0.01978,22135156.0,2026-01-15 00:00:00+00:00
1768449600000,0.01977,0.02038,0.01974,0.0202,11269686.0,2026-01-15 04:00:00+00:00
1768464000000,0.0202,0.02109,0.02019,0.02048,21884004.0,2026-01-15 08:00:00+00:00
1768478400000,0.02049,0.02078,0.01921,0.01964,30039862.0,2026-01-15 12:00:00+00:00
1768492800000,0.01964,0.01968,0.01821,0.01868,45164798.0,2026-01-15 16:00:00+00:00
1768507200000,0.01866,0.01915,0.01859,0.01897,12045140.0,2026-01-15 20:00:00+00:00
1768521600000,0.01897,0.01899,0.01856,0.01877,9240834.0,2026-01-16 00:00:00+00:00
1768536000000,0.01876,0.0191,0.01861,0.0188,10722864.0,2026-01-16 04:00:00+00:00
1768550400000,0.01881,0.01906,0.01877,0.01882,7002578.0,2026-01-16 08:00:00+00:00
1768564800000,0.01883,0.01888,0.01834,0.01854,29116763.0,2026-01-16 12:00:00+00:00
1768579200000,0.01853,0.01877,0.01846,0.01861,8899462.0,2026-01-16 16:00:00+00:00
1768593600000,0.0186,0.02014,0.01855,0.01982,52297791.0,2026-01-16 20:00:00+00:00
1768608000000,0.01984,0.02,0.01949,0.01957,14772607.0,2026-01-17 00:00:00+00:00
1768622400000,0.01956,0.01978,0.01932,0.01946,7306112.0,2026-01-17 04:00:00+00:00
1768636800000,0.01948,0.01964,0.01921,0.01929,8729762.0,2026-01-17 08:00:00+00:00
1768651200000,0.01929,0.01953,0.01923,0.01944,9169264.0,2026-01-17 12:00:00+00:00
1768665600000,0.01942,0.01944,0.01872,0.01886,24097901.0,2026-01-17 16:00:00+00:00
1768680000000,0.01885,0.01893,0.01856,0.01876,12433181.0,2026-01-17 20:00:00+00:00
1768694400000,0.01875,0.01894,0.0185,0.01863,9551282.0,2026-01-18 00:00:00+00:00
1768708800000,0.01863,0.01881,0.01846,0.01873,8977907.0,2026-01-18 04:00:00+00:00
1768723200000,0.01874,0.01891,0.01862,0.01877,7986722.0,2026-01-18 08:00:00+00:00
1768737600000,0.01878,0.01991,0.01871,0.01948,44062494.0,2026-01-18 12:00:00+00:00
1768752000000,0.01949,0.02072,0.01942,0.02039,27830713.0,2026-01-18 16:00:00+00:00
1768766400000,0.02038,0.02056,0.01932,0.01936,31546084.0,2026-01-18 20:00:00+00:00
1768780800000,0.01935,0.01935,0.01701,0.01754,70204043.0,2026-01-19 00:00:00+00:00
1768795200000,0.01753,0.01769,0.0173,0.01751,16251593.0,2026-01-19 04:00:00+00:00
1768809600000,0.01751,0.01795,0.0174,0.01782,16151898.0,2026-01-19 08:00:00+00:00
1768824000000,0.01782,0.01795,0.01766,0.01791,11711405.0,2026-01-19 12:00:00+00:00
1768838400000,0.01792,0.018,0.01764,0.01768,9606085.0,2026-01-19 16:00:00+00:00
1768852800000,0.01768,0.01773,0.01724,0.01744,11860328.0,2026-01-19 20:00:00+00:00
1768867200000,0.01744,0.01797,0.01736,0.01781,13037829.0,2026-01-20 00:00:00+00:00
1768881600000,0.01781,0.01781,0.01733,0.01733,11934867.0,2026-01-20 04:00:00+00:00
1768896000000,0.01735,0.0176,0.01705,0.01709,16417698.0,2026-01-20 08:00:00+00:00
1768910400000,0.01709,0.01756,0.01647,0.01688,37041631.0,2026-01-20 12:00:00+00:00
1768924800000,0.01688,0.01696,0.01635,0.01653,13187270.0,2026-01-20 16:00:00+00:00
1768939200000,0.01652,0.0167,0.0163,0.01657,8058397.0,2026-01-20 20:00:00+00:00
1768953600000,0.01656,0.01687,0.01651,0.01666,6821425.0,2026-01-21 00:00:00+00:00
1768968000000,0.01667,0.01717,0.01665,0.01689,11354079.0,2026-01-21 04:00:00+00:00
1768982400000,0.01689,0.01745,0.01682,0.01682,24043809.0,2026-01-21 08:00:00+00:00
1768996800000,0.01684,0.01741,0.0166,0.01738,21017645.0,2026-01-21 12:00:00+00:00
1769011200000,0.01739,0.01744,0.01634,0.01743,20402197.0,2026-01-21 16:00:00+00:00
1769025600000,0.01743,0.01747,0.01704,0.01718,8993900.0,2026-01-21 20:00:00+00:00
1769040000000,0.01718,0.01735,0.01708,0.01725,6419861.0,2026-01-22 00:00:00+00:00
1769054400000,0.01724,0.01746,0.01697,0.01699,7524199.0,2026-01-22 04:00:00+00:00
1769068800000,0.01699,0.0172,0.01686,0.01694,9264130.0,2026-01-22 08:00:00+00:00
1769083200000,0.01694,0.01707,0.0162,0.01629,17847289.0,2026-01-22 12:00:00+00:00
1769097600000,0.0163,0.01657,0.01626,0.01654,10901407.0,2026-01-22 16:00:00+00:00
1769112000000,0.01652,0.01662,0.01632,0.01638,11823917.0,2026-01-22 20:00:00+00:00
1769126400000,0.0164,0.0166,0.01634,0.01645,11665757.0,2026-01-23 00:00:00+00:00
1769140800000,0.01646,0.0167,0.01639,0.0166,6675256.0,2026-01-23 04:00:00+00:00
1769155200000,0.0166,0.01663,0.01629,0.01635,6667935.0,2026-01-23 08:00:00+00:00
1769169600000,0.01635,0.0165,0.01593,0.01628,14758268.0,2026-01-23 12:00:00+00:00
1769184000000,0.01626,0.01653,0.01605,0.01615,17131297.0,2026-01-23 16:00:00+00:00
1769198400000,0.01616,0.01626,0.01596,0.01623,6815400.0,2026-01-23 20:00:00+00:00
1769212800000,0.01623,0.01626,0.01602,0.01619,3931242.0,2026-01-24 00:00:00+00:00
1769227200000,0.0162,0.01627,0.0159,0.01613,5259017.0,2026-01-24 04:00:00+00:00
1769241600000,0.01613,0.01629,0.01601,0.01618,4288637.0,2026-01-24 08:00:00+00:00
1769256000000,0.0162,0.01625,0.01573,0.01583,7835142.0,2026-01-24 12:00:00+00:00
1769270400000,0.01583,0.01588,0.01469,0.0151,63473800.0,2026-01-24 16:00:00+00:00
1769284800000,0.01509,0.01523,0.01488,0.01493,13235925.0,2026-01-24 20:00:00+00:00
1769299200000,0.01494,0.01515,0.01443,0.01464,27853091.0,2026-01-25 00:00:00+00:00
1769313600000,0.01463,0.01496,0.01461,0.01481,14253175.0,2026-01-25 04:00:00+00:00
1769328000000,0.01483,0.01498,0.01472,0.01476,12131464.0,2026-01-25 08:00:00+00:00
1769342400000,0.01477,0.01487,0.01461,0.01469,9970057.0,2026-01-25 12:00:00+00:00
1769356800000,0.0147,0.0147,0.01354,0.01369,45680873.0,2026-01-25 16:00:00+00:00
1769371200000,0.0137,0.01388,0.01351,0.01356,28259585.0,2026-01-25 20:00:00+00:00
1769385600000,0.01356,0.01406,0.01352,0.01377,15794021.0,2026-01-26 00:00:00+00:00
1769400000000,0.01378,0.01413,0.01378,0.01404,7437412.0,2026-01-26 04:00:00+00:00
1769414400000,0.01403,0.01423,0.01397,0.01408,7709721.0,2026-01-26 08:00:00+00:00
1769428800000,0.01407,0.01449,0.01399,0.01435,17475752.0,2026-01-26 12:00:00+00:00
1769443200000,0.01436,0.01451,0.01394,0.01397,19878725.0,2026-01-26 16:00:00+00:00
1769457600000,0.01397,0.01405,0.01351,0.01375,18214391.0,2026-01-26 20:00:00+00:00
1769472000000,0.01376,0.01396,0.01373,0.01378,9593392.0,2026-01-27 00:00:00+00:00
1769486400000,0.01377,0.01392,0.01364,0.01379,9159313.0,2026-01-27 04:00:00+00:00
1769500800000,0.01379,0.01399,0.01367,0.01376,11601817.0,2026-01-27 08:00:00+00:00
1769515200000,0.01375,0.01436,0.01364,0.01429,18732831.0,2026-01-27 12:00:00+00:00
1769529600000,0.0143,0.01443,0.01389,0.0141,21251491.0,2026-01-27 16:00:00+00:00
1769544000000,0.01411,0.0146,0.0141,0.01446,18035425.0,2026-01-27 20:00:00+00:00
1769558400000,0.01447,0.01504,0.01434,0.0149,31118123.0,2026-01-28 00:00:00+00:00
1769572800000,0.0149,0.01618,0.01466,0.01572,109250439.0,2026-01-28 04:00:00+00:00
1769587200000,0.01573,0.01612,0.01506,0.01543,93858620.0,2026-01-28 08:00:00+00:00
1769601600000,0.01543,0.01558,0.01484,0.01492,53057624.0,2026-01-28 12:00:00+00:00
1769616000000,0.01492,0.01492,0.01453,0.01478,27676408.0,2026-01-28 16:00:00+00:00
1769630400000,0.01478,0.01509,0.01462,0.01502,23048489.0,2026-01-28 20:00:00+00:00
1769644800000,0.01502,0.01505,0.01421,0.01428,31488059.0,2026-01-29 00:00:00+00:00
1769659200000,0.01429,0.01455,0.01412,0.01448,16412418.0,2026-01-29 04:00:00+00:00
1769673600000,0.01448,0.01458,0.01371,0.01391,25149865.0,2026-01-29 08:00:00+00:00
1769688000000,0.0139,0.01451,0.01232,0.01284,96976237.0,2026-01-29 12:00:00+00:00
1769702400000,0.01283,0.01331,0.01256,0.01299,43512198.0,2026-01-29 16:00:00+00:00
1769716800000,0.01299,0.01328,0.01292,0.01321,15759383.0,2026-01-29 20:00:00+00:00
1769731200000,0.01321,0.01329,0.01266,0.01271,26921934.0,2026-01-30 00:00:00+00:00
1769745600000,0.01271,0.01281,0.01215,0.01246,31924688.0,2026-01-30 04:00:00+00:00
1769760000000,0.01245,0.01273,0.01237,0.01265,13658626.0,2026-01-30 08:00:00+00:00
1769774400000,0.01265,0.01271,0.01228,0.01256,22580243.0,2026-01-30 12:00:00+00:00
1769788800000,0.01255,0.01273,0.01211,0.0126,26898243.0,2026-01-30 16:00:00+00:00
1769803200000,0.01258,0.01261,0.01237,0.01255,9016310.0,2026-01-30 20:00:00+00:00
1769817600000,0.01255,0.01269,0.01236,0.01239,9457845.0,2026-01-31 00:00:00+00:00
1769832000000,0.01239,0.0126,0.01194,0.01212,23509626.0,2026-01-31 04:00:00+00:00
1769846400000,0.01213,0.01221,0.01177,0.01203,23448035.0,2026-01-31 08:00:00+00:00
1769860800000,0.01202,0.01209,0.011,0.0112,57818357.0,2026-01-31 12:00:00+00:00
1769875200000,0.01121,0.01126,0.00985,0.01068,103556830.0,2026-01-31 16:00:00+00:00
1769889600000,0.01069,0.01159,0.01032,0.01144,53649679.0,2026-01-31 20:00:00+00:00
1769904000000,0.01144,0.01173,0.01122,0.01167,18724605.0,2026-02-01 00:00:00+00:00
1769918400000,0.01167,0.01202,0.01162,0.01196,22771214.0,2026-02-01 04:00:00+00:00
1769932800000,0.01197,0.01224,0.01162,0.01179,32080157.0,2026-02-01 08:00:00+00:00
1769947200000,0.0118,0.01192,0.0111,0.01129,32310767.0,2026-02-01 12:00:00+00:00
1769961600000,0.01129,0.01144,0.01088,0.01095,37917520.0,2026-02-01 16:00:00+00:00
1769976000000,0.01095,0.01106,0.0105,0.01073,30126145.0,2026-02-01 20:00:00+00:00
1769990400000,0.01074,0.01142,0.0106,0.01114,39578467.0,2026-02-02 00:00:00+00:00
1770004800000,0.01114,0.01126,0.01071,0.01096,22530264.0,2026-02-02 04:00:00+00:00
1770019200000,0.01096,0.01131,0.01093,0.01115,22400085.0,2026-02-02 08:00:00+00:00
1770033600000,0.01115,0.01122,0.01086,0.01119,28755467.0,2026-02-02 12:00:00+00:00
1770048000000,0.01119,0.01126,0.01097,0.01111,13501729.0,2026-02-02 16:00:00+00:00
1770062400000,0.01108,0.01119,0.01092,0.01109,10490160.0,2026-02-02 20:00:00+00:00
1770076800000,0.01109,0.01116,0.01062,0.01098,16967274.0,2026-02-03 00:00:00+00:00
1770091200000,0.01099,0.01117,0.01083,0.01102,11771082.0,2026-02-03 04:00:00+00:00
1770105600000,0.01103,0.01114,0.01065,0.01091,17627773.0,2026-02-03 08:00:00+00:00
1770120000000,0.01092,0.01109,0.01037,0.01092,39812827.0,2026-02-03 12:00:00+00:00
1770134400000,0.01093,0.01118,0.0104,0.01094,48034916.0,2026-02-03 16:00:00+00:00
1770148800000,0.01092,0.01158,0.01072,0.01088,56245408.0,2026-02-03 20:00:00+00:00
1770163200000,0.01087,0.01102,0.01066,0.01088,14270908.0,2026-02-04 00:00:00+00:00
1770177600000,0.01087,0.01101,0.01075,0.01087,13631119.0,2026-02-04 04:00:00+00:00
1770192000000,0.01086,0.01087,0.01058,0.01064,9911670.0,2026-02-04 08:00:00+00:00
1770206400000,0.01062,0.01069,0.0101,0.01027,51895528.0,2026-02-04 12:00:00+00:00
1770220800000,0.01027,0.01071,0.0101,0.01067,32927510.0,2026-02-04 16:00:00+00:00
1770235200000,0.01068,0.01074,0.01029,0.01058,20548007.0,2026-02-04 20:00:00+00:00
1770249600000,0.01058,0.01071,0.01034,0.01041,22159674.0,2026-02-05 00:00:00+00:00
1770264000000,0.01043,0.01055,0.01029,0.01041,14187968.0,2026-02-05 04:00:00+00:00
1770278400000,0.01041,0.01065,0.01005,0.01025,19326143.0,2026-02-05 08:00:00+00:00
1770292800000,0.01025,0.01069,0.00942,0.00987,105192091.0,2026-02-05 12:00:00+00:00
1770307200000,0.00987,0.00994,0.00909,0.00923,104678422.0,2026-02-05 16:00:00+00:00
1770321600000,0.00922,0.0093,0.00852,0.00872,101812961.0,2026-02-05 20:00:00+00:00
1770336000000,0.00871,0.00881,0.0076,0.00833,172627565.0,2026-02-06 00:00:00+00:00
1770350400000,0.00833,0.00879,0.00823,0.00855,24122748.0,2026-02-06 04:00:00+00:00
1770364800000,0.00855,0.00877,0.00836,0.00876,24100589.0,2026-02-06 08:00:00+00:00
1770379200000,0.00875,0.00935,0.00869,0.00923,37191710.0,2026-02-06 12:00:00+00:00
1770393600000,0.00923,0.00973,0.0092,0.0094,37468508.0,2026-02-06 16:00:00+00:00
1770408000000,0.0094,0.00957,0.00928,0.00946,18134094.0,2026-02-06 20:00:00+00:00
1770422400000,0.00946,0.00951,0.00917,0.00936,23749802.0,2026-02-07 00:00:00+00:00
1770436800000,0.00935,0.00943,0.00888,0.00899,27746121.0,2026-02-07 04:00:00+00:00
1770451200000,0.00898,0.00913,0.00892,0.0091,24758193.0,2026-02-07 08:00:00+00:00
1770465600000,0.0091,0.00944,0.00909,0.00925,38627880.0,2026-02-07 12:00:00+00:00
1770480000000,0.00926,0.00959,0.00926,0.00953,34684312.0,2026-02-07 16:00:00+00:00
1770494400000,0.00952,0.00956,0.00938,0.00947,16126990.0,2026-02-07 20:00:00+00:00
1770508800000,0.00947,0.00948,0.00928,0.00934,8804051.0,2026-02-08 00:00:00+00:00
1770523200000,0.00933,0.00942,0.00927,0.00931,10640399.0,2026-02-08 04:00:00+00:00
1770537600000,0.00931,0.00951,0.00922,0.0095,18667999.0,2026-02-08 08:00:00+00:00
1770552000000,0.0095,0.00959,0.00938,0.00949,22293936.0,2026-02-08 12:00:00+00:00
1770566400000,0.00949,0.0095,0.00915,0.0094,21319760.0,2026-02-08 16:00:00+00:00
1770580800000,0.00941,0.00942,0.00905,0.00923,14505316.0,2026-02-08 20:00:00+00:00
1770595200000,0.00924,0.00938,0.00906,0.00935,11193960.0,2026-02-09 00:00:00+00:00
1770609600000,0.00935,0.00957,0.00924,0.00929,16111603.0,2026-02-09 04:00:00+00:00
1770624000000,0.00929,0.00931,0.00891,0.00898,16889184.0,2026-02-09 08:00:00+00:00
1770638400000,0.00898,0.00928,0.00896,0.00924,13941620.0,2026-02-09 12:00:00+00:00
1770652800000,0.00925,0.0095,0.00915,0.00947,19605890.0,2026-02-09 16:00:00+00:00
1770667200000,0.00947,0.00947,0.00925,0.00926,7389789.0,2026-02-09 20:00:00+00:00
1770681600000,0.00926,0.0093,0.00872,0.00898,27418349.0,2026-02-10 00:00:00+00:00
1770696000000,0.00897,0.00915,0.00889,0.00898,23901070.0,2026-02-10 04:00:00+00:00
1770710400000,0.00898,0.0091,0.00888,0.00898,11356329.0,2026-02-10 08:00:00+00:00
1770724800000,0.00896,0.00911,0.00877,0.00903,19862266.0,2026-02-10 12:00:00+00:00
1770739200000,0.00902,0.0091,0.00895,0.00906,12983984.0,2026-02-10 16:00:00+00:00
1770753600000,0.00906,0.00918,0.00893,0.00911,27779280.0,2026-02-10 20:00:00+00:00
1770768000000,0.0091,0.00916,0.00895,0.00898,26212847.0,2026-02-11 00:00:00+00:00
1770782400000,0.00899,0.00901,0.00864,0.0087,20168556.0,2026-02-11 04:00:00+00:00
1770796800000,0.0087,0.00881,0.00859,0.00871,18943960.0,2026-02-11 08:00:00+00:00
1770811200000,0.0087,0.00897,0.00851,0.00859,46427065.0,2026-02-11 12:00:00+00:00
1770825600000,0.00859,0.00877,0.00841,0.00873,20507598.0,2026-02-11 16:00:00+00:00
1770840000000,0.00872,0.00904,0.00864,0.00898,28480307.0,2026-02-11 20:00:00+00:00
1770854400000,0.00897,0.00929,0.00897,0.00928,15519290.0,2026-02-12 00:00:00+00:00
1770868800000,0.00927,0.00969,0.00926,0.00959,29905867.0,2026-02-12 04:00:00+00:00
1770883200000,0.00959,0.00966,0.00938,0.00952,23941631.0,2026-02-12 08:00:00+00:00
1770897600000,0.00952,0.00953,0.00924,0.00925,28201266.0,2026-02-12 12:00:00+00:00
1770912000000,0.00924,0.00936,0.00903,0.00929,21389611.0,2026-02-12 16:00:00+00:00
1770926400000,0.00929,0.00944,0.00913,0.00937,10732230.0,2026-02-12 20:00:00+00:00
1770940800000,0.00937,0.00945,0.00924,0.0094,9121811.0,2026-02-13 00:00:00+00:00
1770955200000,0.00939,0.00945,0.00926,0.00936,12199215.0,2026-02-13 04:00:00+00:00
1770969600000,0.00937,0.00951,0.00933,0.00941,13875225.0,2026-02-13 08:00:00+00:00
1770984000000,0.00941,0.00995,0.00932,0.00984,35017722.0,2026-02-13 12:00:00+00:00
1770998400000,0.00984,0.01035,0.0098,0.01004,38104561.0,2026-02-13 16:00:00+00:00
1771012800000,0.01004,0.01011,0.00997,0.01004,13626659.0,2026-02-13 20:00:00+00:00
1771027200000,0.01003,0.01016,0.00999,0.01015,11722572.0,2026-02-14 00:00:00+00:00
1771041600000,0.01014,0.01015,0.00989,0.01001,15893823.0,2026-02-14 04:00:00+00:00
1771056000000,0.01,0.01026,0.01,0.01019,19249243.0,2026-02-14 08:00:00+00:00
1771070400000,0.01019,0.01028,0.01004,0.01027,13303278.0,2026-02-14 12:00:00+00:00
1771084800000,0.01027,0.01096,0.0102,0.01056,64539097.0,2026-02-14 16:00:00+00:00
1771099200000,0.01056,0.01069,0.01035,0.01038,26699266.0,2026-02-14 20:00:00+00:00
1771113600000,0.01038,0.01043,0.01012,0.01028,20800675.0,2026-02-15 00:00:00+00:00
1771128000000,0.01027,0.01051,0.01027,0.01043,18820014.0,2026-02-15 04:00:00+00:00
1771142400000,0.01042,0.01047,0.0102,0.01032,19772460.0,2026-02-15 08:00:00+00:00
1771156800000,0.01031,0.01034,0.00978,0.00984,35513698.0,2026-02-15 12:00:00+00:00
1771171200000,0.00984,0.00991,0.00966,0.00984,22918498.0,2026-02-15 16:00:00+00:00
1771185600000,0.00983,0.01009,0.00977,0.01003,22230663.0,2026-02-15 20:00:00+00:00
1771200000000,0.01002,0.01011,0.0099,0.01007,14459843.0,2026-02-16 00:00:00+00:00
1771214400000,0.01008,0.01013,0.00986,0.00998,15839477.0,2026-02-16 04:00:00+00:00
1771228800000,0.00998,0.01017,0.0099,0.01006,12428122.0,2026-02-16 08:00:00+00:00
1771243200000,0.01006,0.01027,0.00971,0.00981,23794942.0,2026-02-16 12:00:00+00:00
1771257600000,0.00981,0.00991,0.00979,0.00983,13292833.0,2026-02-16 16:00:00+00:00
1771272000000,0.00984,0.0101,0.0098,0.01003,10708261.0,2026-02-16 20:00:00+00:00
1771286400000,0.01002,0.01007,0.00984,0.0099,9707751.0,2026-02-17 00:00:00+00:00
1771300800000,0.00991,0.01001,0.00986,0.00996,10005907.0,2026-02-17 04:00:00+00:00
1771315200000,0.00996,0.00999,0.00977,0.00987,16461324.0,2026-02-17 08:00:00+00:00
1771329600000,0.00987,0.00996,0.00959,0.00975,22012974.0,2026-02-17 12:00:00+00:00
1771344000000,0.00975,0.00991,0.00961,0.00971,15872237.0,2026-02-17 16:00:00+00:00
1771358400000,0.00971,0.00982,0.00966,0.00974,8660240.0,2026-02-17 20:00:00+00:00
1771372800000,0.00973,0.00982,0.00961,0.00979,11224531.0,2026-02-18 00:00:00+00:00
1771387200000,0.00979,0.00989,0.00973,0.00985,9005849.0,2026-02-18 04:00:00+00:00
1771401600000,0.00985,0.00995,0.00966,0.00973,12819055.0,2026-02-18 08:00:00+00:00
1771416000000,0.00973,0.00981,0.0094,0.00952,33468882.0,2026-02-18 12:00:00+00:00
1771430400000,0.00953,0.00956,0.00902,0.00918,25232921.0,2026-02-18 16:00:00+00:00
1771444800000,0.00918,0.00924,0.00912,0.00917,10411200.0,2026-02-18 20:00:00+00:00
1771459200000,0.00917,0.00933,0.00906,0.0093,14421877.0,2026-02-19 00:00:00+00:00
1771473600000,0.0093,0.00937,0.00921,0.00927,9546010.0,2026-02-19 04:00:00+00:00
1771488000000,0.00928,0.0093,0.00914,0.00922,11580539.0,2026-02-19 08:00:00+00:00
1771502400000,0.00923,0.00927,0.00896,0.00909,16270027.0,2026-02-19 12:00:00+00:00
1771516800000,0.00908,0.00918,0.00896,0.00906,14463585.0,2026-02-19 16:00:00+00:00
1771531200000,0.00906,0.00924,0.00904,0.00919,7713133.0,2026-02-19 20:00:00+00:00
1771545600000,0.00919,0.00926,0.009,0.00921,14225675.0,2026-02-20 00:00:00+00:00
1771560000000,0.00921,0.00921,0.00905,0.0091,10688077.0,2026-02-20 04:00:00+00:00
1771574400000,0.0091,0.00922,0.00899,0.009,14801770.0,2026-02-20 08:00:00+00:00
1771588800000,0.00899,0.00908,0.00873,0.00906,44705939.0,2026-02-20 12:00:00+00:00
1771603200000,0.00907,0.00914,0.00888,0.00906,25244772.0,2026-02-20 16:00:00+00:00
1771617600000,0.00906,0.00921,0.00898,0.00919,11609311.0,2026-02-20 20:00:00+00:00
1771632000000,0.00919,0.00926,0.00913,0.00919,8472561.0,2026-02-21 00:00:00+00:00
1771646400000,0.00919,0.00926,0.00911,0.00922,16126395.0,2026-02-21 04:00:00+00:00
1771660800000,0.00923,0.00926,0.00913,0.0092,13062773.0,2026-02-21 08:00:00+00:00
1771675200000,0.0092,0.00926,0.00904,0.00911,19758932.0,2026-02-21 12:00:00+00:00
1771689600000,0.00911,0.00914,0.00885,0.00888,22678225.0,2026-02-21 16:00:00+00:00
1771704000000,0.00887,0.00894,0.00874,0.00875,9823554.0,2026-02-21 20:00:00+00:00
1771718400000,0.00875,0.00875,0.00845,0.00856,56588725.0,2026-02-22 00:00:00+00:00
1771732800000,0.00856,0.00867,0.00855,0.00867,22367742.0,2026-02-22 04:00:00+00:00
1771747200000,0.00867,0.00882,0.00861,0.0088,21494721.0,2026-02-22 08:00:00+00:00
1771761600000,0.00879,0.00879,0.00852,0.00869,26072194.0,2026-02-22 12:00:00+00:00
1771776000000,0.00869,0.00871,0.00858,0.00862,8148899.0,2026-02-22 16:00:00+00:00
1771790400000,0.00862,0.00868,0.00855,0.00865,5646528.0,2026-02-22 20:00:00+00:00
1771804800000,0.00864,0.00877,0.0081,0.00818,63135606.0,2026-02-23 00:00:00+00:00
1771819200000,0.00817,0.00841,0.00811,0.00837,14089013.0,2026-02-23 04:00:00+00:00
1771833600000,0.00836,0.0084,0.00827,0.00833,22835133.0,2026-02-23 08:00:00+00:00
1771848000000,0.00832,0.00837,0.00794,0.00798,24473954.0,2026-02-23 12:00:00+00:00
1771862400000,0.00798,0.00803,0.00775,0.00784,35063472.0,2026-02-23 16:00:00+00:00
1771876800000,0.00784,0.00797,0.00777,0.00787,21009036.0,2026-02-23 20:00:00+00:00
1771891200000,0.00788,0.00799,0.0078,0.0079,20539615.0,2026-02-24 00:00:00+00:00
1771905600000,0.0079,0.00791,0.00755,0.0076,48195056.0,2026-02-24 04:00:00+00:00
1771920000000,0.00759,0.00775,0.00742,0.00746,47826958.0,2026-02-24 08:00:00+00:00
1771934400000,0.00747,0.00765,0.00729,0.00756,59811840.0,2026-02-24 12:00:00+00:00
1771948800000,0.00756,0.00802,0.00751,0.00759,115734198.0,2026-02-24 16:00:00+00:00
1771963200000,0.00759,0.00826,0.00759,0.0077,159918989.0,2026-02-24 20:00:00+00:00
1771977600000,0.0077,0.00799,0.00763,0.00766,42208163.0,2026-02-25 00:00:00+00:00
1771992000000,0.00765,0.00783,0.0076,0.00778,25667579.0,2026-02-25 04:00:00+00:00
1772006400000,0.00777,0.00828,0.00777,0.00793,79027743.0,2026-02-25 08:00:00+00:00
1772020800000,0.00794,0.0082,0.00788,0.00805,56706610.0,2026-02-25 12:00:00+00:00
1772035200000,0.00804,0.01047,0.008,0.01008,2117491951.0,2026-02-25 16:00:00+00:00
1772049600000,0.01009,0.01036,0.00881,0.00903,478374336.0,2026-02-25 20:00:00+00:00
1772064000000,0.00901,0.01009,0.00885,0.00946,583587242.0,2026-02-26 00:00:00+00:00
1772078400000,0.00946,0.01058,0.00916,0.00949,1256761384.0,2026-02-26 04:00:00+00:00
1772092800000,0.0095,0.00981,0.00908,0.00934,306925608.0,2026-02-26 08:00:00+00:00
1772107200000,0.00934,0.0097,0.00916,0.00938,250510490.0,2026-02-26 12:00:00+00:00
1772121600000,0.00938,0.00961,0.00851,0.00886,279050468.0,2026-02-26 16:00:00+00:00
1772136000000,0.00886,0.00907,0.00882,0.00901,31938709.0,2026-02-26 20:00:00+00:00
1772150400000,0.009,0.00938,0.00899,0.00936,41441371.0,2026-02-27 00:00:00+00:00
1772164800000,0.00935,0.00948,0.00906,0.00914,49677040.0,2026-02-27 04:00:00+00:00
1772179200000,0.00914,0.00918,0.00862,0.00873,77999450.0,2026-02-27 08:00:00+00:00
1772193600000,0.00873,0.00912,0.0086,0.00892,71291506.0,2026-02-27 12:00:00+00:00
1772208000000,0.00891,0.00924,0.00875,0.00906,38874849.0,2026-02-27 16:00:00+00:00
1772222400000,0.00905,0.00916,0.00864,0.00893,34769815.0,2026-02-27 20:00:00+00:00
1772236800000,0.00893,0.00899,0.00878,0.00884,21916854.0,2026-02-28 00:00:00+00:00
1772251200000,0.00884,0.00889,0.00785,0.00795,130842639.0,2026-02-28 04:00:00+00:00
1772265600000,0.00795,0.00803,0.00763,0.0079,60305719.0,2026-02-28 08:00:00+00:00
1772280000000,0.0079,0.00828,0.00784,0.00815,44214789.0,2026-02-28 12:00:00+00:00
1772294400000,0.00815,0.00867,0.00803,0.00862,39097188.0,2026-02-28 16:00:00+00:00
1772308800000,0.00862,0.00875,0.00852,0.00864,30329432.0,2026-02-28 20:00:00+00:00
1772323200000,0.00864,0.00902,0.00848,0.00874,35889979.0,2026-03-01 00:00:00+00:00
1772337600000,0.00874,0.00885,0.00862,0.00883,19526043.0,2026-03-01 04:00:00+00:00
1772352000000,0.00883,0.00905,0.00855,0.00861,51529332.0,2026-03-01 08:00:00+00:00
1772366400000,0.00861,0.0087,0.0083,0.00858,38427605.0,2026-03-01 12:00:00+00:00
1772380800000,0.00859,0.0087,0.00828,0.0083,30729184.0,2026-03-01 16:00:00+00:00
1772395200000,0.0083,0.00852,0.00813,0.00841,27205901.0,2026-03-01 20:00:00+00:00
1772409600000,0.00841,0.00862,0.0084,0.00855,14921675.0,2026-03-02 00:00:00+00:00
1772424000000,0.00856,0.0086,0.00834,0.00848,15692009.0,2026-03-02 04:00:00+00:00
1772438400000,0.00848,0.00894,0.00844,0.00887,40817523.0,2026-03-02 08:00:00+00:00
1772452800000,0.00887,0.00917,0.00863,0.00912,46976253.0,2026-03-02 12:00:00+00:00
1772467200000,0.00913,0.00941,0.00904,0.00913,58211642.0,2026-03-02 16:00:00+00:00
1772481600000,0.00914,0.0094,0.00896,0.00899,34779299.0,2026-03-02 20:00:00+00:00
1772496000000,0.00899,0.00926,0.00888,0.00913,42649868.0,2026-03-03 00:00:00+00:00
1772510400000,0.00914,0.00922,0.00894,0.009,88451420.0,2026-03-03 04:00:00+00:00
1772524800000,0.00901,0.00901,0.00873,0.00893,30522197.0,2026-03-03 08:00:00+00:00
1772539200000,0.00893,0.0091,0.00876,0.00905,26079164.0,2026-03-03 12:00:00+00:00
1772553600000,0.00906,0.00933,0.00894,0.00907,41607634.0,2026-03-03 16:00:00+00:00
1772568000000,0.00906,0.00925,0.00899,0.00914,14027100.0,2026-03-03 20:00:00+00:00
1772582400000,0.00915,0.00959,0.00891,0.00937,107816842.0,2026-03-04 00:00:00+00:00
1772596800000,0.00938,0.00945,0.00912,0.00935,35930928.0,2026-03-04 04:00:00+00:00
1772611200000,0.00935,0.00963,0.00929,0.00937,41386666.0,2026-03-04 08:00:00+00:00
1772625600000,0.00937,0.00984,0.00929,0.00981,49369321.0,2026-03-04 12:00:00+00:00
1772640000000,0.0098,0.0098,0.00945,0.00958,33740045.0,2026-03-04 16:00:00+00:00
1772654400000,0.00958,0.00958,0.00928,0.00936,16891914.0,2026-03-04 20:00:00+00:00
1772668800000,0.00935,0.00952,0.00926,0.00951,19661120.0,2026-03-05 00:00:00+00:00
1772683200000,0.00951,0.009575,0.009251,0.009318,23411920.0,2026-03-05 04:00:00+00:00
1772697600000,0.009323,0.009522,0.00921,0.009451,32678309.0,2026-03-05 08:00:00+00:00
1772712000000,0.009452,0.009544,0.009133,0.00921,32432807.0,2026-03-05 12:00:00+00:00
1772726400000,0.00921,0.009234,0.008712,0.008884,69388379.0,2026-03-05 16:00:00+00:00
1772740800000,0.008885,0.009027,0.008853,0.008908,16011536.0,2026-03-05 20:00:00+00:00
1772755200000,0.008916,0.00915,0.008841,0.009047,19556938.0,2026-03-06 00:00:00+00:00
1772769600000,0.009041,0.009119,0.008737,0.008976,29090806.0,2026-03-06 04:00:00+00:00
1772784000000,0.00898,0.00906,0.008771,0.008799,22604953.0,2026-03-06 08:00:00+00:00
1772798400000,0.008804,0.008965,0.008387,0.008466,56271549.0,2026-03-06 12:00:00+00:00
1772812800000,0.008469,0.008575,0.00836,0.008561,19547141.0,2026-03-06 16:00:00+00:00
1772827200000,0.00855,0.008635,0.008443,0.008586,11772249.0,2026-03-06 20:00:00+00:00
1772841600000,0.008584,0.008682,0.008546,0.008591,8956891.0,2026-03-07 00:00:00+00:00
1772856000000,0.008591,0.00863,0.008349,0.00852,15652902.0,2026-03-07 04:00:00+00:00
1772870400000,0.00852,0.008611,0.008458,0.008488,10210980.0,2026-03-07 08:00:00+00:00
1772884800000,0.008489,0.008528,0.008306,0.008374,13083523.0,2026-03-07 12:00:00+00:00
1772899200000,0.008374,0.00843,0.008176,0.008222,14882666.0,2026-03-07 16:00:00+00:00
1772913600000,0.008219,0.008279,0.008024,0.008248,14302783.0,2026-03-07 20:00:00+00:00
1772928000000,0.008242,0.008284,0.008068,0.008079,10618811.0,2026-03-08 00:00:00+00:00
1772942400000,0.008074,0.008216,0.008027,0.008177,13287633.0,2026-03-08 04:00:00+00:00
1772956800000,0.008174,0.008299,0.0081,0.008219,20993362.0,2026-03-08 08:00:00+00:00
1772971200000,0.008215,0.008307,0.00811,0.008227,12898392.0,2026-03-08 12:00:00+00:00
1772985600000,0.008222,0.008347,0.00811,0.008264,15201635.0,2026-03-08 16:00:00+00:00
1773000000000,0.008264,0.008349,0.008039,0.00818,18326768.0,2026-03-08 20:00:00+00:00
1773014400000,0.008203,0.008417,0.008136,0.008401,20066014.0,2026-03-09 00:00:00+00:00
1773028800000,0.008405,0.009015,0.008307,0.008902,81114379.0,2026-03-09 04:00:00+00:00
1773043200000,0.00891,0.008919,0.008254,0.008559,95998448.0,2026-03-09 08:00:00+00:00
1773057600000,0.008542,0.008563,0.00796,0.008306,73561442.0,2026-03-09 12:00:00+00:00
1773072000000,0.008306,0.008627,0.008129,0.008355,56192281.0,2026-03-09 16:00:00+00:00
1773086400000,0.008361,0.008396,0.0083,0.008311,17248367.0,2026-03-09 20:00:00+00:00
1773100800000,0.008312,0.008433,0.0083,0.008368,15911492.0,2026-03-10 00:00:00+00:00
1773115200000,0.008371,0.008592,0.0083,0.008467,31762476.0,2026-03-10 04:00:00+00:00
1773129600000,0.008465,0.008679,0.008445,0.008612,15406679.0,2026-03-10 08:00:00+00:00
1773144000000,0.008609,0.008738,0.008517,0.008628,27260446.0,2026-03-10 12:00:00+00:00
1773158400000,0.008629,0.008687,0.008453,0.008496,20919335.0,2026-03-10 16:00:00+00:00
1773172800000,0.008498,0.008563,0.008349,0.00852,16107523.0,2026-03-10 20:00:00+00:00
1773187200000,0.008518,0.008839,0.008488,0.008704,40398554.0,2026-03-11 00:00:00+00:00
1773201600000,0.008699,0.008912,0.008667,0.008827,28083354.0,2026-03-11 04:00:00+00:00
1773216000000,0.008824,0.009363,0.008769,0.00916,75822879.0,2026-03-11 08:00:00+00:00
1773230400000,0.00916,0.009705,0.008746,0.009059,132987476.0,2026-03-11 12:00:00+00:00
1773244800000,0.009051,0.009075,0.00884,0.00892,18953185.0,2026-03-11 16:00:00+00:00
1773259200000,0.008917,0.009101,0.008897,0.009024,11976580.0,2026-03-11 20:00:00+00:00
1773273600000,0.009031,0.009148,0.008845,0.008924,21485721.0,2026-03-12 00:00:00+00:00
1773288000000,0.008928,0.009361,0.008924,0.009271,21449207.0,2026-03-12 04:00:00+00:00
1773302400000,0.009268,0.009583,0.00914,0.009477,21364796.0,2026-03-12 08:00:00+00:00
1773316800000,0.009489,0.009695,0.009352,0.009525,42440899.0,2026-03-12 12:00:00+00:00
1773331200000,0.009522,0.009808,0.009501,0.009562,28754494.0,2026-03-12 16:00:00+00:00
1773345600000,0.009561,0.010107,0.009463,0.010065,34027675.0,2026-03-12 20:00:00+00:00
1773360000000,0.010063,0.010348,0.009825,0.010135,81878065.0,2026-03-13 00:00:00+00:00
1773374400000,0.010146,0.01086,0.009958,0.010364,178846913.0,2026-03-13 04:00:00+00:00
1773388800000,0.010363,0.010514,0.010076,0.010158,55294054.0,2026-03-13 08:00:00+00:00
1773403200000,0.010157,0.010414,0.009802,0.009896,109535318.0,2026-03-13 12:00:00+00:00
1773417600000,0.009897,0.010158,0.00973,0.009846,34599323.0,2026-03-13 16:00:00+00:00
1773432000000,0.009851,0.009911,0.00955,0.009597,22190757.0,2026-03-13 20:00:00+00:00
1773446400000,0.009597,0.009876,0.009523,0.009756,21172973.0,2026-03-14 00:00:00+00:00
1773460800000,0.009755,0.009802,0.009521,0.009701,18599641.0,2026-03-14 04:00:00+00:00
1773475200000,0.009701,0.009974,0.00943,0.009942,51394410.0,2026-03-14 08:00:00+00:00
1773489600000,0.009941,0.010762,0.00992,0.010461,67752265.0,2026-03-14 12:00:00+00:00
1773504000000,0.010432,0.010609,0.009858,0.009868,49266093.0,2026-03-14 16:00:00+00:00
1773518400000,0.009866,0.009884,0.009629,0.009732,21257736.0,2026-03-14 20:00:00+00:00
1773532800000,0.009732,0.00995,0.009707,0.00979,14353988.0,2026-03-15 00:00:00+00:00
1773547200000,0.009787,0.009836,0.009668,0.009691,16986294.0,2026-03-15 04:00:00+00:00
1773561600000,0.009691,0.01006,0.009631,0.010005,24865148.0,2026-03-15 08:00:00+00:00
1773576000000,0.010005,0.010079,0.009481,0.009825,54427927.0,2026-03-15 12:00:00+00:00
1773590400000,0.009829,0.009893,0.009503,0.00964,44529122.0,2026-03-15 16:00:00+00:00
1773604800000,0.009642,0.00985,0.009604,0.00979,22922400.0,2026-03-15 20:00:00+00:00
1773619200000,0.00979,0.010025,0.009612,0.009804,14800035.0,2026-03-16 00:00:00+00:00
1773633600000,0.009806,0.009964,0.009654,0.009688,16431127.0,2026-03-16 04:00:00+00:00
1773648000000,0.009692,0.010162,0.009561,0.009799,49137554.0,2026-03-16 08:00:00+00:00
1773662400000,0.0098,0.009917,0.009657,0.00976,22998760.0,2026-03-16 12:00:00+00:00
1773676800000,0.009758,0.009973,0.009752,0.009917,20923505.0,2026-03-16 16:00:00+00:00
1773691200000,0.009917,0.010132,0.009878,0.010116,11558488.0,2026-03-16 20:00:00+00:00
1773705600000,0.010123,0.010274,0.00979,0.009883,24597140.0,2026-03-17 00:00:00+00:00
1773720000000,0.009889,0.009971,0.009702,0.009867,20375104.0,2026-03-17 04:00:00+00:00
1773734400000,0.009864,0.010164,0.009816,0.0101,36189417.0,2026-03-17 08:00:00+00:00
1773748800000,0.010098,0.010698,0.010087,0.010565,65539761.0,2026-03-17 12:00:00+00:00
1773763200000,0.010559,0.010888,0.009896,0.010091,111566492.0,2026-03-17 16:00:00+00:00
1773777600000,0.010091,0.010234,0.009987,0.010028,18449719.0,2026-03-17 20:00:00+00:00
1773792000000,0.010027,0.010034,0.009631,0.010011,31824447.0,2026-03-18 00:00:00+00:00
1773806400000,0.010019,0.010133,0.009817,0.009944,10871106.0,2026-03-18 04:00:00+00:00
1773820800000,0.00995,0.010055,0.009314,0.009427,51377787.0,2026-03-18 08:00:00+00:00
1773835200000,0.009438,0.009438,0.008963,0.009136,52650064.0,2026-03-18 12:00:00+00:00
1773849600000,0.009135,0.009373,0.009057,0.009287,21423573.0,2026-03-18 16:00:00+00:00
1773864000000,0.009285,0.009404,0.009125,0.009371,9663730.0,2026-03-18 20:00:00+00:00
1773878400000,0.009371,0.009467,0.009327,0.009402,7905976.0,2026-03-19 00:00:00+00:00
1773892800000,0.009398,0.009427,0.009084,0.009223,11221091.0,2026-03-19 04:00:00+00:00
1773907200000,0.009215,0.00931,0.009088,0.009144,19493129.0,2026-03-19 08:00:00+00:00
1773921600000,0.009142,0.009145,0.008747,0.008886,27760198.0,2026-03-19 12:00:00+00:00
1773936000000,0.008883,0.009067,0.008804,0.008967,14284824.0,2026-03-19 16:00:00+00:00
1773950400000,0.008962,0.008997,0.008868,0.008882,8954440.0,2026-03-19 20:00:00+00:00
1773964800000,0.008882,0.009007,0.008765,0.008963,14935553.0,2026-03-20 00:00:00+00:00
1773979200000,0.008952,0.009071,0.008858,0.009002,13412238.0,2026-03-20 04:00:00+00:00
1773993600000,0.008995,0.009036,0.008866,0.008903,11914968.0,2026-03-20 08:00:00+00:00
1774008000000,0.0089,0.009041,0.008751,0.008899,17020632.0,2026-03-20 12:00:00+00:00
1774022400000,0.008898,0.008953,0.008636,0.008748,12416497.0,2026-03-20 16:00:00+00:00
1774036800000,0.008748,0.008859,0.008691,0.008784,9011352.0,2026-03-20 20:00:00+00:00
1774051200000,0.008785,0.00928,0.008785,0.008969,54147655.0,2026-03-21 00:00:00+00:00
1774065600000,0.00897,0.0091,0.008925,0.008952,17689563.0,2026-03-21 04:00:00+00:00
1774080000000,0.008954,0.009216,0.00894,0.009025,17990702.0,2026-03-21 08:00:00+00:00
1774094400000,0.009024,0.009153,0.008406,0.008821,92961364.0,2026-03-21 12:00:00+00:00
1774108800000,0.008821,0.008897,0.008748,0.008797,10749876.0,2026-03-21 16:00:00+00:00
1774123200000,0.008798,0.008813,0.008334,0.008424,22764797.0,2026-03-21 20:00:00+00:00
1774137600000,0.008423,0.008728,0.00833,0.008597,21700109.0,2026-03-22 00:00:00+00:00
1774152000000,0.008596,0.008669,0.008437,0.008437,14397632.0,2026-03-22 04:00:00+00:00
1774166400000,0.008444,0.008818,0.008345,0.008686,58428227.0,2026-03-22 08:00:00+00:00
1774180800000,0.008687,0.008929,0.008449,0.008498,48619722.0,2026-03-22 12:00:00+00:00
1774195200000,0.008498,0.008715,0.008498,0.008681,16953689.0,2026-03-22 16:00:00+00:00
1774209600000,0.008681,0.008878,0.008529,0.008705,25310157.0,2026-03-22 20:00:00+00:00
1774224000000,0.008707,0.009041,0.008614,0.00891,26458707.0,2026-03-23 00:00:00+00:00
1774238400000,0.008908,0.008984,0.008792,0.008812,27674059.0,2026-03-23 04:00:00+00:00
1774252800000,0.008812,0.009609,0.008801,0.00935,69988630.0,2026-03-23 08:00:00+00:00
1774267200000,0.009361,0.009582,0.009301,0.009381,48011760.0,2026-03-23 12:00:00+00:00
1774281600000,0.009388,0.009811,0.009345,0.009608,118811950.0,2026-03-23 16:00:00+00:00
1774296000000,0.009608,0.009831,0.009527,0.009625,32036224.0,2026-03-23 20:00:00+00:00
1774310400000,0.009626,0.009913,0.009514,0.009818,37779340.0,2026-03-24 00:00:00+00:00
1774324800000,0.009819,0.010139,0.009731,0.010062,75434801.0,2026-03-24 04:00:00+00:00
1774339200000,0.010065,0.01012,0.009753,0.009981,72780804.0,2026-03-24 08:00:00+00:00
1774353600000,0.009989,0.010209,0.009766,0.009973,69502332.0,2026-03-24 12:00:00+00:00
1774368000000,0.009973,0.010027,0.009934,0.009995,14907026.0,2026-03-24 16:00:00+00:00
1774382400000,0.010001,0.010147,0.00996,0.010007,12247752.0,2026-03-24 20:00:00+00:00
1774396800000,0.010007,0.010109,0.009926,0.01,15937148.0,2026-03-25 00:00:00+00:00
1774411200000,0.009997,0.010101,0.009956,0.010064,11388033.0,2026-03-25 04:00:00+00:00
1774425600000,0.010063,0.010208,0.009985,0.010162,19798784.0,2026-03-25 08:00:00+00:00
1774440000000,0.010163,0.010481,0.010045,0.010402,62112542.0,2026-03-25 12:00:00+00:00
1774454400000,0.010414,0.011467,0.010341,0.011108,222256692.0,2026-03-25 16:00:00+00:00
1774468800000,0.011097,0.011238,0.011,0.0111,50814682.0,2026-03-25 20:00:00+00:00
1774483200000,0.011105,0.011316,0.011005,0.011173,47838204.0,2026-03-26 00:00:00+00:00
1774497600000,0.011171,0.011424,0.01052,0.011215,223968349.0,2026-03-26 04:00:00+00:00
1774512000000,0.011215,0.011428,0.01095,0.011083,158793817.0,2026-03-26 08:00:00+00:00
1774526400000,0.011083,0.01183,0.011035,0.011641,182940936.0,2026-03-26 12:00:00+00:00
1774540800000,0.011647,0.011759,0.011104,0.011213,93365370.0,2026-03-26 16:00:00+00:00
1774555200000,0.011217,0.01158,0.011192,0.011337,34692481.0,2026-03-26 20:00:00+00:00
1774569600000,0.011341,0.011422,0.011187,0.01125,22455618.0,2026-03-27 00:00:00+00:00
1774584000000,0.011251,0.011263,0.010571,0.010843,83735790.0,2026-03-27 04:00:00+00:00
1774598400000,0.010847,0.01122,0.010712,0.010917,32492982.0,2026-03-27 08:00:00+00:00
1774612800000,0.01092,0.011006,0.010553,0.010557,35326924.0,2026-03-27 12:00:00+00:00
1774627200000,0.010561,0.010865,0.01052,0.01084,18985779.0,2026-03-27 16:00:00+00:00
1774641600000,0.010844,0.011343,0.010714,0.010823,37026401.0,2026-03-27 20:00:00+00:00
1774656000000,0.010818,0.010965,0.01059,0.010648,17529875.0,2026-03-28 00:00:00+00:00
1774670400000,0.010652,0.010718,0.010521,0.010609,12319434.0,2026-03-28 04:00:00+00:00
1774684800000,0.010607,0.010608,0.010266,0.010308,44651310.0,2026-03-28 08:00:00+00:00
1774699200000,0.010308,0.01071,0.010202,0.010616,41482889.0,2026-03-28 12:00:00+00:00
1774713600000,0.010606,0.011205,0.010567,0.011098,26366756.0,2026-03-28 16:00:00+00:00
1774728000000,0.011104,0.011201,0.010924,0.010994,18331987.0,2026-03-28 20:00:00+00:00
1774742400000,0.010993,0.01111,0.010888,0.010988,15849058.0,2026-03-29 00:00:00+00:00
1774756800000,0.010991,0.0111,0.010669,0.010805,90077214.0,2026-03-29 04:00:00+00:00
1774771200000,0.010805,0.011349,0.010758,0.011178,36520772.0,2026-03-29 08:00:00+00:00
1774785600000,0.011177,0.011494,0.010874,0.011444,54835834.0,2026-03-29 12:00:00+00:00
1774800000000,0.011444,0.011594,0.011169,0.01145,55875524.0,2026-03-29 16:00:00+00:00
1774814400000,0.011449,0.01166,0.010802,0.011116,46510567.0,2026-03-29 20:00:00+00:00
1774828800000,0.011129,0.011476,0.011038,0.011223,19009997.0,2026-03-30 00:00:00+00:00
1774843200000,0.011228,0.011355,0.01094,0.011018,15402443.0,2026-03-30 04:00:00+00:00
1774857600000,0.011015,0.011604,0.010987,0.011356,25303774.0,2026-03-30 08:00:00+00:00
1774872000000,0.011348,0.011562,0.011301,0.011432,18081078.0,2026-03-30 12:00:00+00:00
1774886400000,0.011415,0.011514,0.010725,0.010817,46160484.0,2026-03-30 16:00:00+00:00
1774900800000,0.010817,0.010918,0.010769,0.010822,17594181.0,2026-03-30 20:00:00+00:00
1774915200000,0.010823,0.011542,0.010794,0.011242,20871365.0,2026-03-31 00:00:00+00:00
1774929600000,0.011245,0.011388,0.0112,0.011256,21102806.0,2026-03-31 04:00:00+00:00
1774944000000,0.011257,0.011298,0.010981,0.011005,37472471.0,2026-03-31 08:00:00+00:00
1774958400000,0.011015,0.011069,0.0108,0.010831,17246126.0,2026-03-31 12:00:00+00:00
1774972800000,0.010839,0.010958,0.010659,0.010702,29447967.0,2026-03-31 16:00:00+00:00
1774987200000,0.010699,0.011983,0.010693,0.01175,50050365.0,2026-03-31 20:00:00+00:00
1775001600000,0.01176,0.01195,0.01075,0.011235,152466249.0,2026-04-01 00:00:00+00:00
1775016000000,0.011227,0.011732,0.011167,0.011398,48394053.0,2026-04-01 04:00:00+00:00
1775030400000,0.011395,0.011626,0.011212,0.011304,21479485.0,2026-04-01 08:00:00+00:00
1775044800000,0.011307,0.011449,0.011107,0.011411,21288450.0,2026-04-01 12:00:00+00:00
1775059200000,0.011425,0.011645,0.011173,0.011286,15922554.0,2026-04-01 16:00:00+00:00
1775073600000,0.011289,0.011362,0.01119,0.011292,11450510.0,2026-04-01 20:00:00+00:00
1775088000000,0.011292,0.011545,0.011204,0.011245,20456228.0,2026-04-02 00:00:00+00:00
1775102400000,0.011249,0.011897,0.011062,0.011685,38307495.0,2026-04-02 04:00:00+00:00
1775116800000,0.011685,0.011854,0.010943,0.011397,80208738.0,2026-04-02 08:00:00+00:00
1775131200000,0.011397,0.012217,0.011275,0.011813,73755640.0,2026-04-02 12:00:00+00:00
1775145600000,0.011815,0.011935,0.011421,0.011775,31521760.0,2026-04-02 16:00:00+00:00
1775160000000,0.011758,0.012027,0.011569,0.01199,18752608.0,2026-04-02 20:00:00+00:00
1775174400000,0.011989,0.01272,0.011902,0.012658,44300807.0,2026-04-03 00:00:00+00:00
1775188800000,0.012663,0.013185,0.012222,0.012508,81780727.0,2026-04-03 04:00:00+00:00
1775203200000,0.012513,0.012653,0.01173,0.012139,66740536.0,2026-04-03 08:00:00+00:00
1775217600000,0.012134,0.012221,0.0116,0.011984,37494805.0,2026-04-03 12:00:00+00:00
1775232000000,0.01197,0.012155,0.011656,0.011759,18940427.0,2026-04-03 16:00:00+00:00
1775246400000,0.011764,0.011931,0.011651,0.011799,6258412.0,2026-04-03 20:00:00+00:00
1775260800000,0.011799,0.011978,0.011633,0.011856,6957209.0,2026-04-04 00:00:00+00:00
1775275200000,0.011851,0.011862,0.011422,0.011791,22112757.0,2026-04-04 04:00:00+00:00
1775289600000,0.011804,0.01212,0.011737,0.012041,15231849.0,2026-04-04 08:00:00+00:00
1775304000000,0.012037,0.012472,0.012037,0.012355,25560466.0,2026-04-04 12:00:00+00:00
1775318400000,0.01236,0.012534,0.012023,0.012154,16495807.0,2026-04-04 16:00:00+00:00
1775332800000,0.012161,0.01238,0.012002,0.012094,21985543.0,2026-04-04 20:00:00+00:00
1775347200000,0.0121,0.012108,0.011414,0.011813,32861908.0,2026-04-05 00:00:00+00:00
1775361600000,0.011811,0.011844,0.011573,0.011755,13446131.0,2026-04-05 04:00:00+00:00
1775376000000,0.011737,0.011783,0.011575,0.011678,8495216.0,2026-04-05 08:00:00+00:00
1775390400000,0.01166,0.011684,0.011075,0.011331,26149155.0,2026-04-05 12:00:00+00:00
1775404800000,0.011331,0.011571,0.011224,0.011478,11127421.0,2026-04-05 16:00:00+00:00
1775419200000,0.011476,0.011567,0.011237,0.011493,7736872.0,2026-04-05 20:00:00+00:00
1775433600000,0.011506,0.011667,0.011495,0.011608,8109016.0,2026-04-06 00:00:00+00:00
1775448000000,0.011605,0.011674,0.01125,0.011391,10939304.0,2026-04-06 04:00:00+00:00
1775462400000,0.01139,0.011794,0.011337,0.011637,11267484.0,2026-04-06 08:00:00+00:00
1775476800000,0.011644,0.01244,0.011582,0.012284,26708506.0,2026-04-06 12:00:00+00:00
1775491200000,0.012254,0.013169,0.012254,0.012904,111235850.0,2026-04-06 16:00:00+00:00
1775505600000,0.012902,0.013281,0.012803,0.012956,35806164.0,2026-04-06 20:00:00+00:00
1775520000000,0.012956,0.014285,0.012937,0.01386,167919204.0,2026-04-07 00:00:00+00:00
1775534400000,0.013861,0.014688,0.01344,0.0137,182407200.0,2026-04-07 04:00:00+00:00
1775548800000,0.013706,0.013715,0.013054,0.013434,81868666.0,2026-04-07 08:00:00+00:00
1775563200000,0.013431,0.01433,0.013313,0.014119,128657490.0,2026-04-07 12:00:00+00:00
1775577600000,0.01413,0.015665,0.014012,0.014932,283822042.0,2026-04-07 16:00:00+00:00
1775592000000,0.014933,0.015955,0.014277,0.015185,135240260.0,2026-04-07 20:00:00+00:00
1775606400000,0.015182,0.015374,0.014726,0.015332,67370851.0,2026-04-08 00:00:00+00:00
1775620800000,0.015333,0.015887,0.014771,0.014843,81320390.0,2026-04-08 04:00:00+00:00
1775635200000,0.014843,0.014937,0.013662,0.01375,91118226.0,2026-04-08 08:00:00+00:00
1775649600000,0.01375,0.016233,0.013437,0.015538,357805868.0,2026-04-08 12:00:00+00:00
1775664000000,0.015541,0.016779,0.013934,0.016539,229151658.0,2026-04-08 16:00:00+00:00
1775678400000,0.01654,0.016873,0.016437,0.016509,49521950.0,2026-04-08 20:00:00+00:00
1775692800000,0.01651,0.01789,0.015056,0.015115,325381319.0,2026-04-09 00:00:00+00:00
1775707200000,0.015116,0.016655,0.014607,0.016518,457769479.0,2026-04-09 04:00:00+00:00
1775721600000,0.016527,0.018433,0.0165,0.017814,372013708.0,2026-04-09 08:00:00+00:00
1775736000000,0.017815,0.018202,0.016218,0.016954,297967186.0,2026-04-09 12:00:00+00:00
1775750400000,0.016954,0.017021,0.016121,0.016394,66464773.0,2026-04-09 16:00:00+00:00
1775764800000,0.016395,0.016779,0.016176,0.016535,37373133.0,2026-04-09 20:00:00+00:00
1775779200000,0.016534,0.016853,0.01635,0.016769,32524894.0,2026-04-10 00:00:00+00:00
1775793600000,0.016768,0.016995,0.016387,0.016784,36450209.0,2026-04-10 04:00:00+00:00
1775808000000,0.016785,0.017047,0.016185,0.016377,40636865.0,2026-04-10 08:00:00+00:00
1775822400000,0.016378,0.01659,0.016033,0.016137,53484001.0,2026-04-10 12:00:00+00:00
1775836800000,0.016137,0.016717,0.015933,0.016698,32180490.0,2026-04-10 16:00:00+00:00
1775851200000,0.016697,0.017063,0.016417,0.016446,24929985.0,2026-04-10 20:00:00+00:00
1775865600000,0.016445,0.017138,0.016365,0.016895,30973557.0,2026-04-11 00:00:00+00:00
1775880000000,0.016895,0.017255,0.016537,0.017033,40444334.0,2026-04-11 04:00:00+00:00
1775894400000,0.017032,0.017977,0.016806,0.017656,53474085.0,2026-04-11 08:00:00+00:00
1775908800000,0.017662,0.017871,0.016918,0.016931,50403632.0,2026-04-11 12:00:00+00:00
1775923200000,0.016927,0.017203,0.016405,0.017194,46181756.0,2026-04-11 16:00:00+00:00
1775937600000,0.017196,0.017404,0.016824,0.016887,22031996.0,2026-04-11 20:00:00+00:00
1775952000000,0.016885,0.017146,0.01648,0.017014,28851751.0,2026-04-12 00:00:00+00:00
1775966400000,0.017007,0.017034,0.016312,0.016334,16045637.0,2026-04-12 04:00:00+00:00
1775980800000,0.016333,0.016701,0.01624,0.016336,15542245.0,2026-04-12 08:00:00+00:00
1775995200000,0.016337,0.0167,0.016051,0.016383,19846629.0,2026-04-12 12:00:00+00:00
1776009600000,0.016369,0.016551,0.016072,0.016134,13943742.0,2026-04-12 16:00:00+00:00
1776024000000,0.016138,0.016356,0.015961,0.016025,15791491.0,2026-04-12 20:00:00+00:00
1776038400000,0.016023,0.016228,0.015956,0.016045,13773702.0,2026-04-13 00:00:00+00:00
1776052800000,0.016025,0.016188,0.015843,0.016167,13860914.0,2026-04-13 04:00:00+00:00
1776067200000,0.016166,0.016205,0.015925,0.016155,11559002.0,2026-04-13 08:00:00+00:00
1776081600000,0.016154,0.016572,0.015935,0.016025,18913583.0,2026-04-13 12:00:00+00:00
1776096000000,0.016017,0.01623,0.015966,0.016144,11525065.0,2026-04-13 16:00:00+00:00
1776110400000,0.016126,0.016179,0.015903,0.016049,13298019.0,2026-04-13 20:00:00+00:00
1776124800000,0.01605,0.016222,0.015963,0.016022,10718032.0,2026-04-14 00:00:00+00:00
1776139200000,0.016021,0.016066,0.013644,0.014307,173753859.0,2026-04-14 04:00:00+00:00
1776153600000,0.014325,0.014388,0.013459,0.013888,65631033.0,2026-04-14 08:00:00+00:00
1776168000000,0.013894,0.014964,0.013554,0.014339,85468071.0,2026-04-14 12:00:00+00:00
1776182400000,0.014339,0.014441,0.013682,0.014022,34528143.0,2026-04-14 16:00:00+00:00
1776196800000,0.013995,0.014943,0.013837,0.014552,47794943.0,2026-04-14 20:00:00+00:00
1776211200000,0.01455,0.014935,0.014126,0.014614,42864807.0,2026-04-15 00:00:00+00:00
1776225600000,0.01463,0.015245,0.014351,0.014412,36969606.0,2026-04-15 04:00:00+00:00
1776240000000,0.014423,0.014625,0.013622,0.013693,49918817.0,2026-04-15 08:00:00+00:00
1776254400000,0.013693,0.013756,0.01298,0.013079,72512678.0,2026-04-15 12:00:00+00:00
1776268800000,0.013091,0.013478,0.012943,0.013097,23545872.0,2026-04-15 16:00:00+00:00
1776283200000,0.013094,0.013292,0.012976,0.013065,15611144.0,2026-04-15 20:00:00+00:00
1776297600000,0.013065,0.013248,0.013005,0.0131,19941903.0,2026-04-16 00:00:00+00:00
1776312000000,0.013104,0.013542,0.013043,0.013064,45681759.0,2026-04-16 04:00:00+00:00
1776326400000,0.013065,0.014374,0.012834,0.013727,151260526.0,2026-04-16 08:00:00+00:00
1776340800000,0.013727,0.01413,0.013405,0.013518,34899394.0,2026-04-16 12:00:00+00:00
1776355200000,0.013495,0.017139,0.013454,0.015935,194364787.0,2026-04-16 16:00:00+00:00
1776369600000,0.015913,0.016935,0.015878,0.016658,70559099.0,2026-04-16 20:00:00+00:00
1776384000000,0.016657,0.019281,0.016273,0.01824,265742016.0,2026-04-17 00:00:00+00:00
1776398400000,0.01824,0.019808,0.017589,0.017707,1182939111.0,2026-04-17 04:00:00+00:00
1776412800000,0.017708,0.01995,0.01547,0.016639,931315645.0,2026-04-17 08:00:00+00:00
1776427200000,0.016641,0.017776,0.01571,0.017732,252588056.0,2026-04-17 12:00:00+00:00
1776441600000,0.017733,0.017908,0.017217,0.017263,475160196.0,2026-04-17 16:00:00+00:00
1776456000000,0.017262,0.017282,0.016174,0.016192,282929961.0,2026-04-17 20:00:00+00:00
1776470400000,0.016198,0.017632,0.016052,0.017065,157701761.0,2026-04-18 00:00:00+00:00
1776484800000,0.017073,0.017605,0.016961,0.01744,30951426.0,2026-04-18 04:00:00+00:00
1776499200000,0.01744,0.017943,0.017315,0.017545,48533171.0,2026-04-18 08:00:00+00:00
1776513600000,0.017545,0.017611,0.01704,0.017403,39981229.0,2026-04-18 12:00:00+00:00
1776528000000,0.0174,0.017492,0.016815,0.017255,37643142.0,2026-04-18 16:00:00+00:00
1776542400000,0.017244,0.01726,0.017007,0.017125,9609900.0,2026-04-18 20:00:00+00:00
1776556800000,0.017127,0.019168,0.016643,0.018825,161845113.0,2026-04-19 00:00:00+00:00
1776571200000,0.018824,0.019624,0.018164,0.019086,229009158.0,2026-04-19 04:00:00+00:00
1776585600000,0.019085,0.019213,0.018877,0.019033,291576801.0,2026-04-19 08:00:00+00:00
1776600000000,0.019034,0.0224,0.015601,0.019685,2173266727.0,2026-04-19 12:00:00+00:00
1776614400000,0.019705,0.020052,0.016466,0.016614,1104006546.0,2026-04-19 16:00:00+00:00
1776628800000,0.016614,0.016622,0.016604,0.016609,245427578.0,2026-04-19 20:00:00+00:00
1776643200000,0.016608,0.016612,0.0166,0.016608,115607256.0,2026-04-20 00:00:00+00:00
1776657600000,0.016609,0.016622,0.016556,0.016622,143187103.0,2026-04-20 04:00:00+00:00
1776672000000,0.016622,0.016956,0.016621,0.016942,352858466.0,2026-04-20 08:00:00+00:00
1776686400000,0.016942,0.019509,0.011308,0.018448,3447850958.0,2026-04-20 12:00:00+00:00
1776700800000,0.018449,0.01853,0.018438,0.018452,391876467.0,2026-04-20 16:00:00+00:00
1776715200000,0.018453,0.018473,0.018443,0.018452,249729097.0,2026-04-20 20:00:00+00:00
1776729600000,0.018452,0.018464,0.018448,0.01846,156706893.0,2026-04-21 00:00:00+00:00
1776744000000,0.018461,0.018463,0.018383,0.018395,100494177.0,2026-04-21 04:00:00+00:00
1776758400000,0.018396,0.018476,0.018388,0.018448,92147190.0,2026-04-21 08:00:00+00:00
1776772800000,0.018448,0.019954,0.017057,0.017523,654645927.0,2026-04-21 12:00:00+00:00
1776787200000,0.017529,0.017681,0.016222,0.016296,193951202.0,2026-04-21 16:00:00+00:00
1776801600000,0.016294,0.016858,0.016221,0.016451,77119445.0,2026-04-21 20:00:00+00:00
1776816000000,0.016459,0.01712,0.016332,0.016749,123127556.0,2026-04-22 00:00:00+00:00
1776830400000,0.01675,0.01719,0.016673,0.017063,102278192.0,2026-04-22 04:00:00+00:00
1776844800000,0.017064,0.017065,0.016484,0.016719,27353551.0,2026-04-22 08:00:00+00:00
1776859200000,0.016722,0.017317,0.016701,0.017196,36063791.0,2026-04-22 12:00:00+00:00
1776873600000,0.017197,0.017197,0.016884,0.016944,20585672.0,2026-04-22 16:00:00+00:00
1776888000000,0.016943,0.017056,0.016655,0.016683,15948398.0,2026-04-22 20:00:00+00:00
1776902400000,0.016686,0.016888,0.016582,0.016627,17879732.0,2026-04-23 00:00:00+00:00
1776916800000,0.016626,0.016748,0.016389,0.016457,27121418.0,2026-04-23 04:00:00+00:00
1776931200000,0.016458,0.016568,0.016227,0.01635,21181890.0,2026-04-23 08:00:00+00:00
1776945600000,0.016351,0.017388,0.016189,0.017226,59127026.0,2026-04-23 12:00:00+00:00
1776960000000,0.017208,0.017713,0.017157,0.017502,53276011.0,2026-04-23 16:00:00+00:00
1776974400000,0.017502,0.017621,0.017414,0.017538,15406924.0,2026-04-23 20:00:00+00:00
1776988800000,0.017546,0.018163,0.01746,0.018001,24121264.0,2026-04-24 00:00:00+00:00
1777003200000,0.018,0.020695,0.017886,0.020221,510389402.0,2026-04-24 04:00:00+00:00
1777017600000,0.020212,0.020682,0.019244,0.020323,257968852.0,2026-04-24 08:00:00+00:00
1777032000000,0.02033,0.020749,0.02012,0.020677,189321354.0,2026-04-24 12:00:00+00:00
1777046400000,0.02067,0.021392,0.020385,0.021128,139995386.0,2026-04-24 16:00:00+00:00
1777060800000,0.021124,0.023124,0.020725,0.021031,342344175.0,2026-04-24 20:00:00+00:00
1777075200000,0.021033,0.021328,0.01922,0.019666,135461987.0,2026-04-25 00:00:00+00:00
1777089600000,0.019656,0.019783,0.018463,0.018518,57567005.0,2026-04-25 04:00:00+00:00
1777104000000,0.018518,0.018674,0.017233,0.017705,65494893.0,2026-04-25 08:00:00+00:00
1777118400000,0.017704,0.018036,0.017329,0.017717,62872909.0,2026-04-25 12:00:00+00:00
1777132800000,0.017713,0.018077,0.017593,0.0178,37725118.0,2026-04-25 16:00:00+00:00
1777147200000,0.017803,0.017812,0.017537,0.017593,25742562.0,2026-04-25 20:00:00+00:00
1777161600000,0.017592,0.017739,0.017362,0.017433,24506782.0,2026-04-26 00:00:00+00:00
1777176000000,0.017434,0.017724,0.017276,0.017504,22674434.0,2026-04-26 04:00:00+00:00
1777190400000,0.017505,0.018579,0.01703,0.017204,54435047.0,2026-04-26 08:00:00+00:00
1777204800000,0.017196,0.017432,0.016994,0.017403,28034447.0,2026-04-26 12:00:00+00:00
1777219200000,0.017403,0.017896,0.017366,0.017749,41062797.0,2026-04-26 16:00:00+00:00
1777233600000,0.017748,0.017752,0.017468,0.01763,23955000.0,2026-04-26 20:00:00+00:00
1777248000000,0.017632,0.017781,0.017353,0.017433,26372656.0,2026-04-27 00:00:00+00:00
1777262400000,0.017433,0.017504,0.016923,0.01694,30350340.0,2026-04-27 04:00:00+00:00
1777276800000,0.016942,0.018145,0.016901,0.018078,62996989.0,2026-04-27 08:00:00+00:00
1777291200000,0.018078,0.018209,0.017501,0.017621,54248092.0,2026-04-27 12:00:00+00:00
1777305600000,0.017621,0.017828,0.01732,0.017356,23092903.0,2026-04-27 16:00:00+00:00
1777320000000,0.017356,0.017541,0.017247,0.017393,12829901.0,2026-04-27 20:00:00+00:00
1777334400000,0.017388,0.018434,0.017351,0.018106,49905362.0,2026-04-28 00:00:00+00:00
1777348800000,0.018105,0.018121,0.016817,0.01697,44174391.0,2026-04-28 04:00:00+00:00
1777363200000,0.01697,0.017167,0.016473,0.016541,29805688.0,2026-04-28 08:00:00+00:00
1777377600000,0.016542,0.017927,0.016529,0.017907,32706092.0,2026-04-28 12:00:00+00:00
1777392000000,0.017907,0.019199,0.017839,0.019029,43979372.0,2026-04-28 16:00:00+00:00
1777406400000,0.019022,0.019929,0.018273,0.018674,86647957.0,2026-04-28 20:00:00+00:00
1777420800000,0.018673,0.019994,0.018638,0.019188,81419824.0,2026-04-29 00:00:00+00:00
1777435200000,0.019188,0.019885,0.018647,0.019108,59556809.0,2026-04-29 04:00:00+00:00
1777449600000,0.019111,0.019848,0.01893,0.019673,59835962.0,2026-04-29 08:00:00+00:00
1777464000000,0.019658,0.02,0.017362,0.017716,209917761.0,2026-04-29 12:00:00+00:00
1777478400000,0.017721,0.020515,0.016975,0.020113,152509302.0,2026-04-29 16:00:00+00:00
1777492800000,0.020108,0.020229,0.019605,0.01995,31652142.0,2026-04-29 20:00:00+00:00
1777507200000,0.019958,0.020698,0.019899,0.020023,60960687.0,2026-04-30 00:00:00+00:00
1777521600000,0.020015,0.021748,0.01952,0.021269,143712977.0,2026-04-30 04:00:00+00:00
1777536000000,0.021269,0.021294,0.018664,0.019514,179350869.0,2026-04-30 08:00:00+00:00
1777550400000,0.019527,0.020377,0.018698,0.018971,123947604.0,2026-04-30 12:00:00+00:00
1777564800000,0.018946,0.01911,0.017795,0.018223,59852046.0,2026-04-30 16:00:00+00:00
1777579200000,0.018229,0.018663,0.017677,0.018012,31308662.0,2026-04-30 20:00:00+00:00
1777593600000,0.018008,0.018563,0.017698,0.017836,34795226.0,2026-05-01 00:00:00+00:00
1777608000000,0.017848,0.018635,0.017752,0.018102,42239281.0,2026-05-01 04:00:00+00:00
1777622400000,0.01811,0.018452,0.017761,0.017863,32819742.0,2026-05-01 08:00:00+00:00
1777636800000,0.017863,0.019145,0.01731,0.018552,64478635.0,2026-05-01 12:00:00+00:00
1777651200000,0.018551,0.018673,0.01744,0.018053,46015084.0,2026-05-01 16:00:00+00:00
1777665600000,0.01804,0.018254,0.01794,0.018019,18316926.0,2026-05-01 20:00:00+00:00
1777680000000,0.018021,0.018183,0.017385,0.01793,30111310.0,2026-05-02 00:00:00+00:00
1777694400000,0.017932,0.018418,0.017815,0.017935,16656574.0,2026-05-02 04:00:00+00:00
1777708800000,0.01794,0.018081,0.017711,0.017951,9158768.0,2026-05-02 08:00:00+00:00
1777723200000,0.017951,0.017961,0.017549,0.017564,14047109.0,2026-05-02 12:00:00+00:00
1777737600000,0.017576,0.01803,0.017504,0.017593,14094633.0,2026-05-02 16:00:00+00:00
1777752000000,0.017589,0.018267,0.017414,0.018149,12806991.0,2026-05-02 20:00:00+00:00
1777766400000,0.018128,0.018952,0.016388,0.016756,91793496.0,2026-05-03 00:00:00+00:00
1777780800000,0.016762,0.017493,0.016735,0.017055,16287755.0,2026-05-03 04:00:00+00:00
1777795200000,0.017059,0.01739,0.016632,0.017069,29967899.0,2026-05-03 08:00:00+00:00
1777809600000,0.017073,0.017576,0.016835,0.017072,27048863.0,2026-05-03 12:00:00+00:00
1777824000000,0.017071,0.017773,0.01703,0.017545,14331484.0,2026-05-03 16:00:00+00:00
1777838400000,0.017543,0.017936,0.017543,0.017766,9723763.0,2026-05-03 20:00:00+00:00
1777852800000,0.017772,0.018104,0.017606,0.017967,11277477.0,2026-05-04 00:00:00+00:00
1777867200000,0.017965,0.018144,0.017366,0.017416,10477669.0,2026-05-04 04:00:00+00:00
1777881600000,0.017416,0.017746,0.017181,0.017237,12031796.0,2026-05-04 08:00:00+00:00
1777896000000,0.017239,0.01792,0.016941,0.017641,68609967.0,2026-05-04 12:00:00+00:00
1777910400000,0.017635,0.01902,0.017521,0.018718,43114799.0,2026-05-04 16:00:00+00:00
1777924800000,0.018718,0.018876,0.017913,0.018002,23705817.0,2026-05-04 20:00:00+00:00
1777939200000,0.018002,0.018142,0.01786,0.018073,12100698.0,2026-05-05 00:00:00+00:00
1777953600000,0.018072,0.018183,0.01751,0.01767,19132522.0,2026-05-05 04:00:00+00:00
1777968000000,0.017658,0.017847,0.017115,0.01725,32234727.0,2026-05-05 08:00:00+00:00
1777982400000,0.017245,0.017535,0.017202,0.017283,12783034.0,2026-05-05 12:00:00+00:00
1777996800000,0.017286,0.017513,0.017235,0.017406,12119523.0,2026-05-05 16:00:00+00:00
1778011200000,0.017407,0.017584,0.016963,0.017036,12476651.0,2026-05-05 20:00:00+00:00
1778025600000,0.017035,0.017825,0.016045,0.016135,38958880.0,2026-05-06 00:00:00+00:00
1778040000000,0.016103,0.018108,0.014852,0.0154,309509289.0,2026-05-06 04:00:00+00:00
1778054400000,0.015399,0.015874,0.014925,0.015087,63376967.0,2026-05-06 08:00:00+00:00
1778068800000,0.015087,0.015414,0.01421,0.015291,90809748.0,2026-05-06 12:00:00+00:00
1778083200000,0.015278,0.015884,0.014944,0.015762,39154010.0,2026-05-06 16:00:00+00:00
1778097600000,0.015755,0.015783,0.015158,0.015225,28648403.0,2026-05-06 20:00:00+00:00
1778112000000,0.015234,0.015247,0.014205,0.01461,58002200.0,2026-05-07 00:00:00+00:00
1778126400000,0.014603,0.01496,0.014458,0.014745,28558288.0,2026-05-07 04:00:00+00:00
1778140800000,0.014744,0.0152,0.014564,0.014893,33212408.0,2026-05-07 08:00:00+00:00
1778155200000,0.014889,0.01536,0.014814,0.014975,28050632.0,2026-05-07 12:00:00+00:00
1778169600000,0.01497,0.0152,0.01416,0.014436,39055609.0,2026-05-07 16:00:00+00:00
1778184000000,0.014433,0.014666,0.014018,0.014637,23392180.0,2026-05-07 20:00:00+00:00
1778198400000,0.014633,0.014817,0.014381,0.014664,17127426.0,2026-05-08 00:00:00+00:00
1778212800000,0.014665,0.014717,0.014477,0.014697,14754080.0,2026-05-08 04:00:00+00:00
1778227200000,0.014696,0.015015,0.014575,0.014917,17020761.0,2026-05-08 08:00:00+00:00
1778241600000,0.014917,0.015586,0.014759,0.015207,41757572.0,2026-05-08 12:00:00+00:00
1778256000000,0.015207,0.015265,0.01485,0.015055,20273711.0,2026-05-08 16:00:00+00:00
1778270400000,0.015061,0.01516,0.014638,0.015001,15265948.0,2026-05-08 20:00:00+00:00
1778284800000,0.014995,0.016041,0.014813,0.015658,42919485.0,2026-05-09 00:00:00+00:00
1778299200000,0.015651,0.015832,0.015426,0.015624,18245873.0,2026-05-09 04:00:00+00:00
1778313600000,0.015624,0.015726,0.014742,0.015114,42286160.0,2026-05-09 08:00:00+00:00
1778328000000,0.015098,0.015354,0.014911,0.015183,23136849.0,2026-05-09 12:00:00+00:00
1778342400000,0.015185,0.015417,0.01511,0.015367,11528804.0,2026-05-09 16:00:00+00:00
1778356800000,0.015367,0.015449,0.015022,0.01514,13711514.0,2026-05-09 20:00:00+00:00
1778371200000,0.015127,0.015176,0.014657,0.015045,31023967.0,2026-05-10 00:00:00+00:00
1778385600000,0.015048,0.015164,0.014878,0.014912,13468434.0,2026-05-10 04:00:00+00:00
1778400000000,0.014909,0.015058,0.014825,0.014865,10121788.0,2026-05-10 08:00:00+00:00
1778414400000,0.014863,0.015303,0.014826,0.015281,19055605.0,2026-05-10 12:00:00+00:00
1778428800000,0.015277,0.015542,0.01523,0.015459,23283733.0,2026-05-10 16:00:00+00:00
1778443200000,0.015462,0.015903,0.01492,0.0154,35881847.0,2026-05-10 20:00:00+00:00
1778457600000,0.015404,0.015483,0.014727,0.014933,24339738.0,2026-05-11 00:00:00+00:00
1778472000000,0.014935,0.015173,0.014705,0.014842,12893276.0,2026-05-11 04:00:00+00:00
1778486400000,0.014837,0.015236,0.014709,0.014821,16292643.0,2026-05-11 08:00:00+00:00
1778500800000,0.014843,0.014919,0.014441,0.014851,20852324.0,2026-05-11 12:00:00+00:00
1778515200000,0.014849,0.015032,0.014742,0.014921,14300781.0,2026-05-11 16:00:00+00:00
1778529600000,0.014922,0.015519,0.014913,0.015477,16613261.0,2026-05-11 20:00:00+00:00
1778544000000,0.015466,0.015478,0.014733,0.015131,22922197.0,2026-05-12 00:00:00+00:00
1778558400000,0.015127,0.015594,0.014939,0.014997,75605834.0,2026-05-12 04:00:00+00:00
1778572800000,0.014992,0.015007,0.01431,0.01444,26393457.0,2026-05-12 08:00:00+00:00
1778587200000,0.014436,0.014559,0.012248,0.012828,312769143.0,2026-05-12 12:00:00+00:00
1778601600000,0.012834,0.01284,0.011792,0.012201,323555480.0,2026-05-12 16:00:00+00:00
1778616000000,0.012211,0.012421,0.01156,0.012259,264246540.0,2026-05-12 20:00:00+00:00
1778630400000,0.012254,0.013089,0.012125,0.01223,241543633.0,2026-05-13 00:00:00+00:00
1778644800000,0.01223,0.012754,0.012206,0.012656,178040011.0,2026-05-13 04:00:00+00:00
1778659200000,0.012656,0.012763,0.012022,0.012175,100767362.0,2026-05-13 08:00:00+00:00
1778673600000,0.012178,0.01238,0.011712,0.01208,119713299.0,2026-05-13 12:00:00+00:00
1778688000000,0.012081,0.012375,0.011861,0.012147,48566028.0,2026-05-13 16:00:00+00:00
1778702400000,0.012136,0.01228,0.011939,0.011985,22955044.0,2026-05-13 20:00:00+00:00
1778716800000,0.011991,0.012227,0.011327,0.011507,72707651.0,2026-05-14 00:00:00+00:00
1778731200000,0.011502,0.012038,0.011502,0.011898,38503306.0,2026-05-14 04:00:00+00:00
1778745600000,0.011898,0.012036,0.011738,0.01185,18503724.0,2026-05-14 08:00:00+00:00
1778760000000,0.011848,0.01207,0.01181,0.01204,26901987.0,2026-05-14 12:00:00+00:00
1778774400000,0.012034,0.012307,0.01179,0.011966,53444836.0,2026-05-14 16:00:00+00:00
1778788800000,0.011966,0.012211,0.011827,0.012139,21364645.0,2026-05-14 20:00:00+00:00
1778803200000,0.012139,0.01231,0.011884,0.012014,21564860.0,2026-05-15 00:00:00+00:00
1778817600000,0.012018,0.012041,0.011201,0.011716,176268989.0,2026-05-15 04:00:00+00:00
1778832000000,0.011716,0.011913,0.011609,0.011719,27160848.0,2026-05-15 08:00:00+00:00
1778846400000,0.011721,0.011926,0.010928,0.011794,195394302.0,2026-05-15 12:00:00+00:00
1778860800000,0.011782,0.011904,0.01152,0.011551,37645480.0,2026-05-15 16:00:00+00:00
1778875200000,0.011552,0.011623,0.011308,0.011342,21717045.0,2026-05-15 20:00:00+00:00
1778889600000,0.011339,0.011585,0.0113,0.011318,19700950.0,2026-05-16 00:00:00+00:00
1778904000000,0.011316,0.011326,0.010428,0.010664,98191523.0,2026-05-16 04:00:00+00:00
1778918400000,0.010661,0.010895,0.01037,0.010642,74070015.0,2026-05-16 08:00:00+00:00
1778932800000,0.01064,0.011048,0.010611,0.010926,30709102.0,2026-05-16 12:00:00+00:00
1778947200000,0.010934,0.010989,0.010857,0.010912,14346902.0,2026-05-16 16:00:00+00:00
1778961600000,0.010914,0.011088,0.010809,0.010858,21354882.0,2026-05-16 20:00:00+00:00
1778976000000,0.010858,0.011034,0.010802,0.010984,17783327.0,2026-05-17 00:00:00+00:00
1778990400000,0.010996,0.01133,0.010978,0.011219,21349291.0,2026-05-17 04:00:00+00:00
1779004800000,0.011217,0.011317,0.011048,0.011128,25421694.0,2026-05-17 08:00:00+00:00
1779019200000,0.011122,0.011174,0.010929,0.011043,16746751.0,2026-05-17 12:00:00+00:00
1779033600000,0.011044,0.011462,0.011044,0.011352,23198292.0,2026-05-17 16:00:00+00:00
1779048000000,0.011358,0.011397,0.010393,0.010846,48800798.0,2026-05-17 20:00:00+00:00
1779062400000,0.010839,0.0115,0.010683,0.011276,57755100.0,2026-05-18 00:00:00+00:00
1779076800000,0.011276,0.011308,0.010927,0.011104,31373599.0,2026-05-18 04:00:00+00:00
1779091200000,0.011108,0.011376,0.011031,0.01136,20749679.0,2026-05-18 08:00:00+00:00
1779105600000,0.011353,0.011631,0.011155,0.011245,38223375.0,2026-05-18 12:00:00+00:00
1779120000000,0.011238,0.011299,0.010933,0.011239,18777021.0,2026-05-18 16:00:00+00:00
1779134400000,0.011236,0.011273,0.011106,0.011138,10002987.0,2026-05-18 20:00:00+00:00
1779148800000,0.011144,0.011495,0.011079,0.011371,19974839.0,2026-05-19 00:00:00+00:00
1779163200000,0.011361,0.011504,0.01122,0.011358,18578072.0,2026-05-19 04:00:00+00:00
1779177600000,0.01135,0.011406,0.011035,0.01112,23530263.0,2026-05-19 08:00:00+00:00
1779192000000,0.011126,0.011273,0.010914,0.011082,19342344.0,2026-05-19 12:00:00+00:00
1779206400000,0.011083,0.011184,0.010951,0.011039,12266913.0,2026-05-19 16:00:00+00:00
1779220800000,0.011048,0.011149,0.010922,0.011031,9773025.0,2026-05-19 20:00:00+00:00
1779235200000,0.011036,0.0114,0.011012,0.011373,12997706.0,2026-05-20 00:00:00+00:00
1779249600000,0.011373,0.011972,0.01131,0.011516,46528582.0,2026-05-20 04:00:00+00:00
1779264000000,0.01152,0.011893,0.011477,0.011852,21963639.0,2026-05-20 08:00:00+00:00
1779278400000,0.011843,0.012033,0.011569,0.01196,38130833.0,2026-05-20 12:00:00+00:00
1779292800000,0.01196,0.01205,0.011725,0.011914,18497610.0,2026-05-20 16:00:00+00:00
1779307200000,0.011911,0.01193,0.011521,0.011601,11270701.0,2026-05-20 20:00:00+00:00
1779321600000,0.011601,0.011981,0.011577,0.011784,22178513.0,2026-05-21 00:00:00+00:00
1779336000000,0.011784,0.011904,0.011633,0.011641,9114960.0,2026-05-21 04:00:00+00:00
1779350400000,0.011629,0.01166,0.011007,0.011047,55057748.0,2026-05-21 08:00:00+00:00
1779364800000,0.011058,0.011362,0.011022,0.011349,30625662.0,2026-05-21 12:00:00+00:00
1779379200000,0.011349,0.011612,0.011282,0.011461,22698075.0,2026-05-21 16:00:00+00:00
1779393600000,0.011454,0.01152,0.011398,0.01149,12170392.0,2026-05-21 20:00:00+00:00
1779408000000,0.011477,0.011766,0.011348,0.0117,13103784.0,2026-05-22 00:00:00+00:00
1779422400000,0.011683,0.011967,0.011518,0.011917,23799487.0,2026-05-22 04:00:00+00:00
1779436800000,0.011917,0.012056,0.011656,0.011773,42626542.0,2026-05-22 08:00:00+00:00
1779451200000,0.011771,0.011834,0.011442,0.011546,22775504.0,2026-05-22 12:00:00+00:00
1779465600000,0.011548,0.011622,0.010939,0.011156,37165456.0,2026-05-22 16:00:00+00:00
1779480000000,0.011149,0.011269,0.0108,0.010895,24388499.0,2026-05-22 20:00:00+00:00
1779494400000,0.010895,0.0121,0.010849,0.011509,164033834.0,2026-05-23 00:00:00+00:00
1779508800000,0.011505,0.01156,0.010725,0.010852,35142023.0,2026-05-23 04:00:00+00:00
1779523200000,0.010853,0.011693,0.010734,0.011561,48345084.0,2026-05-23 08:00:00+00:00
1779537600000,0.011558,0.011677,0.011427,0.011579,20339762.0,2026-05-23 12:00:00+00:00
1779552000000,0.011574,0.011725,0.01153,0.011695,12084752.0,2026-05-23 16:00:00+00:00
1779566400000,0.011699,0.011764,0.011579,0.011717,15252174.0,2026-05-23 20:00:00+00:00
1779580800000,0.011715,0.011765,0.01155,0.011633,27048959.0,2026-05-24 00:00:00+00:00
1779595200000,0.011627,0.011746,0.011479,0.011611,14222125.0,2026-05-24 04:00:00+00:00
1779609600000,0.011615,0.011716,0.011494,0.011512,12782044.0,2026-05-24 08:00:00+00:00
1779624000000,0.011511,0.01155,0.01117,0.011407,17567890.0,2026-05-24 12:00:00+00:00
1779638400000,0.011407,0.011424,0.011226,0.011308,10942547.0,2026-05-24 16:00:00+00:00
1779652800000,0.011308,0.011358,0.011083,0.011301,9196577.0,2026-05-24 20:00:00+00:00
1779667200000,0.011299,0.011457,0.011273,0.011342,8527285.0,2026-05-25 00:00:00+00:00
1779681600000,0.011337,0.011523,0.01126,0.011482,13416085.0,2026-05-25 04:00:00+00:00
1779696000000,0.011478,0.011517,0.011321,0.011331,10062343.0,2026-05-25 08:00:00+00:00
1779710400000,0.011331,0.011645,0.011304,0.011506,20079201.0,2026-05-25 12:00:00+00:00
1779724800000,0.011517,0.011683,0.011411,0.011462,12115289.0,2026-05-25 16:00:00+00:00
1779739200000,0.011462,0.01152,0.011228,0.011284,13924303.0,2026-05-25 20:00:00+00:00
1779753600000,0.011287,0.011287,0.010805,0.010888,29169956.0,2026-05-26 00:00:00+00:00
1779768000000,0.010888,0.011044,0.010849,0.010949,10444834.0,2026-05-26 04:00:00+00:00
1779782400000,0.010948,0.011229,0.01092,0.011153,11377864.0,2026-05-26 08:00:00+00:00
1779796800000,0.011143,0.011341,0.011031,0.01113,17030673.0,2026-05-26 12:00:00+00:00
1779811200000,0.011134,0.011159,0.010773,0.011034,21265421.0,2026-05-26 16:00:00+00:00
1779825600000,0.011047,0.011135,0.010964,0.011039,9414262.0,2026-05-26 20:00:00+00:00
1779840000000,0.011044,0.01115,0.010867,0.010877,14858900.0,2026-05-27 00:00:00+00:00
1779854400000,0.010877,0.011033,0.010792,0.010994,17148466.0,2026-05-27 04:00:00+00:00
1779868800000,0.010999,0.011034,0.010865,0.010905,7608341.0,2026-05-27 08:00:00+00:00
1779883200000,0.010898,0.011078,0.010758,0.010995,18343642.0,2026-05-27 12:00:00+00:00
1779897600000,0.010997,0.011025,0.010764,0.010905,14246241.0,2026-05-27 16:00:00+00:00
1779912000000,0.010905,0.010938,0.010269,0.010401,39572217.0,2026-05-27 20:00:00+00:00
1779926400000,0.010393,0.010488,0.009855,0.009939,51835486.0,2026-05-28 00:00:00+00:00
1779940800000,0.009943,0.010178,0.009715,0.010151,45274572.0,2026-05-28 04:00:00+00:00
1779955200000,0.010151,0.010304,0.010052,0.010262,24243690.0,2026-05-28 08:00:00+00:00
1779969600000,0.010262,0.010424,0.010104,0.010236,36986618.0,2026-05-28 12:00:00+00:00
1779984000000,0.010242,0.010386,0.01017,0.010215,22128853.0,2026-05-28 16:00:00+00:00
1779998400000,0.010216,0.010319,0.010101,0.010201,12089053.0,2026-05-28 20:00:00+00:00
1780012800000,0.010189,0.010275,0.01003,0.010045,10894538.0,2026-05-29 00:00:00+00:00
1780027200000,0.010041,0.010214,0.009988,0.010132,16289782.0,2026-05-29 04:00:00+00:00
1780041600000,0.010117,0.010157,0.00987,0.009965,19400413.0,2026-05-29 08:00:00+00:00
1780056000000,0.009972,0.010272,0.009758,0.010154,47602044.0,2026-05-29 12:00:00+00:00
1780070400000,0.010163,0.01029,0.010046,0.01012,18102532.0,2026-05-29 16:00:00+00:00
1780084800000,0.01012,0.010182,0.009992,0.010087,9343616.0,2026-05-29 20:00:00+00:00
1780099200000,0.010087,0.01031,0.010055,0.010196,11321401.0,2026-05-30 00:00:00+00:00
1780113600000,0.010201,0.010321,0.010077,0.010266,16600302.0,2026-05-30 04:00:00+00:00
1780128000000,0.010263,0.010372,0.010177,0.010222,16688230.0,2026-05-30 08:00:00+00:00
1780142400000,0.010229,0.010238,0.0101,0.010131,15245236.0,2026-05-30 12:00:00+00:00
1780156800000,0.010129,0.010238,0.010081,0.010192,9992864.0,2026-05-30 16:00:00+00:00
1780171200000,0.010208,0.010239,0.01002,0.010037,9325643.0,2026-05-30 20:00:00+00:00
1780185600000,0.010044,0.01032,0.010006,0.01029,13511523.0,2026-05-31 00:00:00+00:00
1780200000000,0.010274,0.010375,0.010105,0.010188,12174171.0,2026-05-31 04:00:00+00:00
1780214400000,0.010188,0.010573,0.010119,0.010435,28443378.0,2026-05-31 08:00:00+00:00
1780228800000,0.010429,0.010537,0.010108,0.010222,24628102.0,2026-05-31 12:00:00+00:00
1780243200000,0.010225,0.01032,0.010126,0.010283,12276362.0,2026-05-31 16:00:00+00:00
1780257600000,0.010273,0.010515,0.010261,0.010479,8083618.0,2026-05-31 20:00:00+00:00
1780272000000,0.010474,0.010747,0.010439,0.01061,17977453.0,2026-06-01 00:00:00+00:00
1780286400000,0.01061,0.010658,0.010154,0.010175,20020261.0,2026-06-01 04:00:00+00:00
1780300800000,0.010186,0.010358,0.01015,0.010308,14801936.0,2026-06-01 08:00:00+00:00
1780315200000,0.010308,0.010454,0.010191,0.010375,23199114.0,2026-06-01 12:00:00+00:00
1780329600000,0.010372,0.010594,0.010353,0.010498,18880516.0,2026-06-01 16:00:00+00:00
1780344000000,0.010505,0.01053,0.010262,0.010422,9184000.0,2026-06-01 20:00:00+00:00
1780358400000,0.010433,0.010454,0.010042,0.01027,14669239.0,2026-06-02 00:00:00+00:00
1780372800000,0.01027,0.010321,0.010026,0.010109,21742866.0,2026-06-02 04:00:00+00:00
1780387200000,0.010113,0.010183,0.009983,0.010065,14922775.0,2026-06-02 08:00:00+00:00
1780401600000,0.010062,0.010178,0.009268,0.00938,67245572.0,2026-06-02 12:00:00+00:00
1780416000000,0.009389,0.009626,0.009047,0.009282,43040028.0,2026-06-02 16:00:00+00:00
1780430400000,0.009271,0.009492,0.008831,0.009041,42619057.0,2026-06-02 20:00:00+00:00
1780444800000,0.009042,0.009323,0.008885,0.008944,37635563.0,2026-06-03 00:00:00+00:00
1780459200000,0.008948,0.009534,0.008948,0.009457,21265507.0,2026-06-03 04:00:00+00:00
1780473600000,0.009454,0.00966,0.009325,0.009463,20532795.0,2026-06-03 08:00:00+00:00
1780488000000,0.009462,0.009492,0.009206,0.00926,17277002.0,2026-06-03 12:00:00+00:00
1780502400000,0.009264,0.009424,0.009032,0.009119,31341342.0,2026-06-03 16:00:00+00:00
1780516800000,0.009108,0.00925,0.008851,0.009068,32054908.0,2026-06-03 20:00:00+00:00
1780531200000,0.009074,0.009158,0.007987,0.008799,87779247.0,2026-06-04 00:00:00+00:00
1780545600000,0.008806,0.008872,0.008497,0.008509,27650753.0,2026-06-04 04:00:00+00:00
1780560000000,0.008506,0.008601,0.008277,0.008414,33806613.0,2026-06-04 08:00:00+00:00
1780574400000,0.008415,0.008811,0.008343,0.008752,23005737.0,2026-06-04 12:00:00+00:00
1780588800000,0.008743,0.008767,0.008532,0.008669,25638571.0,2026-06-04 16:00:00+00:00
1780603200000,0.00867,0.008675,0.008336,0.008553,20839648.0,2026-06-04 20:00:00+00:00
1780617600000,0.008544,0.008586,0.008166,0.008203,25924401.0,2026-06-05 00:00:00+00:00
1780632000000,0.0082,0.008684,0.007992,0.008347,110032162.0,2026-06-05 04:00:00+00:00
1780646400000,0.008343,0.008357,0.008125,0.008156,31163422.0,2026-06-05 08:00:00+00:00
1780660800000,0.008152,0.008386,0.007905,0.007971,44374252.0,2026-06-05 12:00:00+00:00
1780675200000,0.007962,0.008201,0.007653,0.007948,48450376.0,2026-06-05 16:00:00+00:00
1780689600000,0.007945,0.00826,0.007818,0.007971,25625879.0,2026-06-05 20:00:00+00:00
1780704000000,0.007979,0.0081,0.007764,0.00781,16125833.0,2026-06-06 00:00:00+00:00
1780718400000,0.007808,0.007924,0.0074,0.007713,90518835.0,2026-06-06 04:00:00+00:00
1780732800000,0.007718,0.008036,0.007677,0.007956,26354171.0,2026-06-06 08:00:00+00:00
1780747200000,0.007943,0.008106,0.00792,0.008082,16530077.0,2026-06-06 12:00:00+00:00
1780761600000,0.00808,0.008124,0.007919,0.00795,15184772.0,2026-06-06 16:00:00+00:00
1780776000000,0.00795,0.008042,0.007904,0.007982,9910431.0,2026-06-06 20:00:00+00:00
1780790400000,0.007985,0.008391,0.007971,0.008195,18178240.0,2026-06-07 00:00:00+00:00
1780804800000,0.008188,0.008205,0.008077,0.00812,12644495.0,2026-06-07 04:00:00+00:00
1780819200000,0.00812,0.008311,0.008097,0.008195,12358565.0,2026-06-07 08:00:00+00:00
1780833600000,0.00819,0.0082,0.008,0.008084,17196031.0,2026-06-07 12:00:00+00:00
1780848000000,0.008094,0.008187,0.007838,0.007903,20379975.0,2026-06-07 16:00:00+00:00
1780862400000,0.007889,0.008477,0.007877,0.008235,21428403.0,2026-06-07 20:00:00+00:00
1780876800000,0.008234,0.008329,0.008112,0.008228,14192463.0,2026-06-08 00:00:00+00:00
1780891200000,0.008233,0.008269,0.008051,0.008263,14851581.0,2026-06-08 04:00:00+00:00
1780905600000,0.008253,0.008496,0.008163,0.008462,16074670.0,2026-06-08 08:00:00+00:00
1780920000000,0.00846,0.008676,0.00836,0.008556,27407420.0,2026-06-08 12:00:00+00:00
1780934400000,0.008561,0.008691,0.0085,0.008586,23829019.0,2026-06-08 16:00:00+00:00
1780948800000,0.00859,0.008738,0.008373,0.008409,26381194.0,2026-06-08 20:00:00+00:00
1780963200000,0.008409,0.00842,0.008085,0.008184,30932502.0,2026-06-09 00:00:00+00:00
1780977600000,0.008187,0.008408,0.008144,0.008306,18292106.0,2026-06-09 04:00:00+00:00
1780992000000,0.008306,0.008326,0.008157,0.008282,14734734.0,2026-06-09 08:00:00+00:00
1781006400000,0.008282,0.008361,0.008004,0.00802,22431619.0,2026-06-09 12:00:00+00:00
1781020800000,0.00802,0.008166,0.007904,0.0081,23856185.0,2026-06-09 16:00:00+00:00
1781035200000,0.00811,0.008163,0.007977,0.008034,10883033.0,2026-06-09 20:00:00+00:00
1781049600000,0.00803,0.008102,0.007927,0.007984,10128896.0,2026-06-10 00:00:00+00:00
1781064000000,0.007994,0.008018,0.007877,0.007997,9341385.0,2026-06-10 04:00:00+00:00
1781078400000,0.007991,0.008003,0.007769,0.0078,15582057.0,2026-06-10 08:00:00+00:00
1781092800000,0.007807,0.008137,0.007751,0.008056,31152669.0,2026-06-10 12:00:00+00:00
1781107200000,0.008057,0.008099,0.007809,0.007821,20689970.0,2026-06-10 16:00:00+00:00
1781121600000,0.007825,0.0079,0.007559,0.007814,26666326.0,2026-06-10 20:00:00+00:00
1781136000000,0.007813,0.00814,0.00781,0.008114,13642751.0,2026-06-11 00:00:00+00:00
1781150400000,0.008124,0.008128,0.008019,0.008076,15879379.0,2026-06-11 04:00:00+00:00
1781164800000,0.008073,0.008182,0.008028,0.008097,10566974.0,2026-06-11 08:00:00+00:00
1781179200000,0.008098,0.008134,0.007941,0.008109,17539668.0,2026-06-11 12:00:00+00:00
1781193600000,0.008123,0.008332,0.007992,0.008238,20212792.0,2026-06-11 16:00:00+00:00
1781208000000,0.008238,0.008305,0.008166,0.008201,10967308.0,2026-06-11 20:00:00+00:00
1781222400000,0.008201,0.008255,0.008119,0.008217,8083505.0,2026-06-12 00:00:00+00:00
1781236800000,0.008217,0.008253,0.007986,0.008106,14277276.0,2026-06-12 04:00:00+00:00
1781251200000,0.008107,0.008749,0.007645,0.008155,159110466.0,2026-06-12 08:00:00+00:00
1781265600000,0.008156,0.008646,0.008133,0.008471,77519441.0,2026-06-12 12:00:00+00:00
1781280000000,0.008471,0.008569,0.008387,0.008451,20370459.0,2026-06-12 16:00:00+00:00
1781294400000,0.008446,0.008512,0.00841,0.008511,12313943.0,2026-06-12 20:00:00+00:00
1781308800000,0.008514,0.008596,0.008431,0.008523,18355384.0,2026-06-13 00:00:00+00:00
1781323200000,0.008523,0.008535,0.008304,0.008426,26116390.0,2026-06-13 04:00:00+00:00
1781337600000,0.00842,0.008517,0.008375,0.008449,14954001.0,2026-06-13 08:00:00+00:00
1781352000000,0.00845,0.008473,0.008384,0.008452,8698769.0,2026-06-13 12:00:00+00:00
1781366400000,0.008444,0.008453,0.008278,0.008348,14651553.0,2026-06-13 16:00:00+00:00
1781380800000,0.008348,0.008458,0.008308,0.008331,9472983.0,2026-06-13 20:00:00+00:00
1781395200000,0.008331,0.008362,0.008256,0.008317,8771267.0,2026-06-14 00:00:00+00:00
1781409600000,0.008317,0.008329,0.0082,0.008216,19184505.0,2026-06-14 04:00:00+00:00
1781424000000,0.008216,0.008299,0.0082,0.008227,23136964.0,2026-06-14 08:00:00+00:00
1781438400000,0.008228,0.008233,0.007934,0.00801,34970156.0,2026-06-14 12:00:00+00:00
1781452800000,0.008007,0.008041,0.007953,0.007999,9374444.0,2026-06-14 16:00:00+00:00
1781467200000,0.007993,0.00849,0.007951,0.008488,23150129.0,2026-06-14 20:00:00+00:00
1781481600000,0.008483,0.008711,0.008456,0.008692,20075192.0,2026-06-15 00:00:00+00:00
1781496000000,0.008689,0.008704,0.008423,0.008567,73138898.0,2026-06-15 04:00:00+00:00
1781510400000,0.008569,0.008853,0.008565,0.008768,26782843.0,2026-06-15 08:00:00+00:00
1781524800000,0.008768,0.009546,0.008733,0.009394,123714693.0,2026-06-15 12:00:00+00:00
1781539200000,0.009393,0.009467,0.00894,0.009002,48258650.0,2026-06-15 16:00:00+00:00
1781553600000,0.009007,0.009186,0.008986,0.009159,24307400.0,2026-06-15 20:00:00+00:00
1781568000000,0.009159,0.009282,0.008943,0.009163,26307614.0,2026-06-16 00:00:00+00:00
1781582400000,0.009156,0.00961,0.009115,0.009604,43925494.0,2026-06-16 04:00:00+00:00
1781596800000,0.009596,0.009808,0.009443,0.009713,100690200.0,2026-06-16 08:00:00+00:00
1781611200000,0.009713,0.009736,0.009171,0.009357,54271477.0,2026-06-16 12:00:00+00:00
1781625600000,0.009355,0.009458,0.009228,0.009246,26224489.0,2026-06-16 16:00:00+00:00
1781640000000,0.00924,0.009366,0.009042,0.009106,23541167.0,2026-06-16 20:00:00+00:00
1781654400000,0.009105,0.0094,0.00893,0.009113,45141759.0,2026-06-17 00:00:00+00:00
1781668800000,0.009118,0.00914,0.008948,0.009078,21101023.0,2026-06-17 04:00:00+00:00
1781683200000,0.009078,0.009093,0.008819,0.008921,31698409.0,2026-06-17 08:00:00+00:00
1781697600000,0.008916,0.009094,0.008879,0.00909,24904711.0,2026-06-17 12:00:00+00:00
1781712000000,0.009089,0.009167,0.008627,0.008697,48828181.0,2026-06-17 16:00:00+00:00
1781726400000,0.008706,0.008814,0.008575,0.00873,21178839.0,2026-06-17 20:00:00+00:00
1781740800000,0.008726,0.008823,0.008646,0.008665,13261142.0,2026-06-18 00:00:00+00:00
1781755200000,0.008664,0.008746,0.008539,0.008704,24306497.0,2026-06-18 04:00:00+00:00
1781769600000,0.008704,0.008858,0.008653,0.008672,16955376.0,2026-06-18 08:00:00+00:00
1781784000000,0.008672,0.008711,0.008208,0.00823,53509257.0,2026-06-18 12:00:00+00:00
1781798400000,0.008226,0.008491,0.008209,0.008464,37372317.0,2026-06-18 16:00:00+00:00
1781812800000,0.008467,0.008548,0.008388,0.008455,8515291.0,2026-06-18 20:00:00+00:00
1781827200000,0.008454,0.00853,0.008275,0.008341,20145129.0,2026-06-19 00:00:00+00:00
1781841600000,0.008341,0.008396,0.00817,0.008259,46549527.0,2026-06-19 04:00:00+00:00
1781856000000,0.008262,0.009501,0.008097,0.008187,267569054.0,2026-06-19 08:00:00+00:00
1781870400000,0.008192,0.008496,0.008103,0.008489,47577921.0,2026-06-19 12:00:00+00:00
1781884800000,0.008488,0.008604,0.00835,0.008515,32943756.0,2026-06-19 16:00:00+00:00
1781899200000,0.008512,0.008562,0.008417,0.008479,12057351.0,2026-06-19 20:00:00+00:00
1781913600000,0.008469,0.008808,0.008387,0.008516,38432867.0,2026-06-20 00:00:00+00:00
1781928000000,0.008511,0.008725,0.008481,0.008667,26256541.0,2026-06-20 04:00:00+00:00
1781942400000,0.008663,0.008982,0.008605,0.008777,33643965.0,2026-06-20 08:00:00+00:00
1781956800000,0.008771,0.009306,0.008763,0.009264,59468422.0,2026-06-20 12:00:00+00:00
1781971200000,0.009264,0.009264,0.008902,0.009073,32501410.0,2026-06-20 16:00:00+00:00
1781985600000,0.009066,0.00927,0.008904,0.009163,18243401.0,2026-06-20 20:00:00+00:00
1782000000000,0.009161,0.009252,0.008955,0.009007,23378798.0,2026-06-21 00:00:00+00:00
1782014400000,0.009003,0.009328,0.008987,0.009254,28671278.0,2026-06-21 04:00:00+00:00
1782028800000,0.009255,0.009333,0.009183,0.009197,23134467.0,2026-06-21 08:00:00+00:00
1782043200000,0.009197,0.00932,0.009183,0.009226,17269084.0,2026-06-21 12:00:00+00:00
1782057600000,0.00922,0.009299,0.008909,0.009086,27697923.0,2026-06-21 16:00:00+00:00
1782072000000,0.009086,0.009091,0.008659,0.008802,30289174.0,2026-06-21 20:00:00+00:00
1782086400000,0.008806,0.009136,0.008803,0.009007,17773346.0,2026-06-22 00:00:00+00:00
1782100800000,0.009011,0.009116,0.008893,0.009093,14794120.0,2026-06-22 04:00:00+00:00
1782115200000,0.009088,0.009124,0.00899,0.00911,12530383.0,2026-06-22 08:00:00+00:00
1782129600000,0.009111,0.009147,0.008921,0.008943,21886962.0,2026-06-22 12:00:00+00:00
1782144000000,0.008943,0.0091,0.008885,0.008929,14548071.0,2026-06-22 16:00:00+00:00
1782158400000,0.008923,0.009139,0.00862,0.008785,37832604.0,2026-06-22 20:00:00+00:00
1782172800000,0.008777,0.008895,0.008725,0.008895,7329487.0,2026-06-23 00:00:00+00:00
1782187200000,0.008892,0.00891,0.008377,0.008599,46346780.0,2026-06-23 04:00:00+00:00
1782201600000,0.008591,0.00883,0.00816,0.008773,71568681.0,2026-06-23 08:00:00+00:00
1782216000000,0.008757,0.00908,0.008663,0.008927,52442985.0,2026-06-23 12:00:00+00:00
1782230400000,0.00892,0.009037,0.00882,0.008919,31161714.0,2026-06-23 16:00:00+00:00
1782244800000,0.008914,0.008958,0.008703,0.00884,16915530.0,2026-06-23 20:00:00+00:00
1782259200000,0.008852,0.008922,0.008604,0.008687,16439164.0,2026-06-24 00:00:00+00:00
1782273600000,0.008672,0.008693,0.008423,0.008504,24958865.0,2026-06-24 04:00:00+00:00
1782288000000,0.008497,0.008563,0.008248,0.008364,22158594.0,2026-06-24 08:00:00+00:00
1782302400000,0.008363,0.008381,0.008026,0.008049,41045521.0,2026-06-24 12:00:00+00:00
1782316800000,0.008049,0.008105,0.00782,0.007971,41836635.0,2026-06-24 16:00:00+00:00
1782331200000,0.007958,0.008295,0.00794,0.008222,22080445.0,2026-06-24 20:00:00+00:00
1782345600000,0.008215,0.008274,0.008107,0.00813,7839282.0,2026-06-25 00:00:00+00:00
1782360000000,0.008127,0.008284,0.008094,0.008246,13660835.0,2026-06-25 04:00:00+00:00
1782374400000,0.008245,0.008259,0.008069,0.008104,26645602.0,2026-06-25 08:00:00+00:00
1782388800000,0.008095,0.008114,0.007456,0.007828,55620342.0,2026-06-25 12:00:00+00:00
1782403200000,0.007812,0.00792,0.007716,0.007799,15656883.0,2026-06-25 16:00:00+00:00
1782417600000,0.007803,0.007985,0.007773,0.007911,11761899.0,2026-06-25 20:00:00+00:00
1782432000000,0.007909,0.00797,0.007626,0.007964,18618463.0,2026-06-26 00:00:00+00:00
1782446400000,0.007964,0.008578,0.007871,0.008491,28910491.0,2026-06-26 04:00:00+00:00
1782460800000,0.008489,0.008816,0.008412,0.008642,52365572.0,2026-06-26 08:00:00+00:00
1782475200000,0.008644,0.009103,0.008606,0.00904,58106778.0,2026-06-26 12:00:00+00:00
1782489600000,0.009041,0.009192,0.008844,0.008862,44773768.0,2026-06-26 16:00:00+00:00
1782504000000,0.00886,0.008957,0.008525,0.008594,33741952.0,2026-06-26 20:00:00+00:00
1782518400000,0.008594,0.008806,0.008532,0.008656,24004429.0,2026-06-27 00:00:00+00:00
1782532800000,0.008646,0.008694,0.008488,0.008499,14949567.0,2026-06-27 04:00:00+00:00
1782547200000,0.008499,0.008984,0.008435,0.008848,32261977.0,2026-06-27 08:00:00+00:00
1782561600000,0.008843,0.009267,0.008823,0.009091,47184561.0,2026-06-27 12:00:00+00:00
1782576000000,0.009098,0.009166,0.008866,0.009027,16461281.0,2026-06-27 16:00:00+00:00
1782590400000,0.009032,0.009649,0.008891,0.008916,84446195.0,2026-06-27 20:00:00+00:00
1782604800000,0.008922,0.009505,0.008856,0.009232,73242952.0,2026-06-28 00:00:00+00:00
1782619200000,0.009232,0.009398,0.009056,0.009232,29775661.0,2026-06-28 04:00:00+00:00
1782633600000,0.009225,0.009862,0.009207,0.009579,85243621.0,2026-06-28 08:00:00+00:00
1782648000000,0.009579,0.010123,0.009467,0.009883,71838500.0,2026-06-28 12:00:00+00:00
1782662400000,0.009882,0.010259,0.009547,0.009761,73752211.0,2026-06-28 16:00:00+00:00
1782676800000,0.009745,0.009864,0.009557,0.009793,31836716.0,2026-06-28 20:00:00+00:00
1782691200000,0.009805,0.010664,0.009068,0.009234,187686819.0,2026-06-29 00:00:00+00:00
1782705600000,0.009239,0.00932,0.008868,0.009214,97151032.0,2026-06-29 04:00:00+00:00
1782720000000,0.009211,0.009292,0.008987,0.009029,25460930.0,2026-06-29 08:00:00+00:00
1782734400000,0.009027,0.009145,0.008903,0.009002,25324654.0,2026-06-29 12:00:00+00:00
1782748800000,0.009004,0.009204,0.008883,0.009062,27526216.0,2026-06-29 16:00:00+00:00
1782763200000,0.009071,0.009112,0.008937,0.009006,19956258.0,2026-06-29 20:00:00+00:00
1782777600000,0.009001,0.009128,0.008665,0.008837,36014303.0,2026-06-30 00:00:00+00:00
1782792000000,0.008844,0.00893,0.008758,0.008906,17740778.0,2026-06-30 04:00:00+00:00
1782806400000,0.008889,0.008955,0.0087,0.008725,21306565.0,2026-06-30 08:00:00+00:00
1782820800000,0.008724,0.008725,0.008436,0.00865,30220700.0,2026-06-30 12:00:00+00:00
1782835200000,0.008657,0.008729,0.008541,0.008602,12726986.0,2026-06-30 16:00:00+00:00
1782849600000,0.008599,0.008631,0.008466,0.008523,12246952.0,2026-06-30 20:00:00+00:00
1782864000000,0.008526,0.008609,0.008229,0.008609,27056571.0,2026-07-01 00:00:00+00:00
1782878400000,0.008608,0.008657,0.008441,0.00854,16824738.0,2026-07-01 04:00:00+00:00
1782892800000,0.008545,0.00862,0.008436,0.008535,17578707.0,2026-07-01 08:00:00+00:00
1782907200000,0.008528,0.00897,0.008475,0.008864,27023664.0,2026-07-01 12:00:00+00:00
1782921600000,0.008853,0.008927,0.008698,0.008715,19150100.0,2026-07-01 16:00:00+00:00
1782936000000,0.008715,0.009015,0.008695,0.008855,20000687.0,2026-07-01 20:00:00+00:00
1782950400000,0.008856,0.008924,0.008754,0.008851,29898246.0,2026-07-02 00:00:00+00:00
1782964800000,0.008856,0.009116,0.008831,0.008941,22848710.0,2026-07-02 04:00:00+00:00
1782979200000,0.008928,0.009559,0.008912,0.009288,75339171.0,2026-07-02 08:00:00+00:00
1782993600000,0.009282,0.009344,0.009099,0.009131,19565113.0,2026-07-02 12:00:00+00:00
1783008000000,0.009125,0.00961,0.009098,0.009264,40765307.0,2026-07-02 16:00:00+00:00
1783022400000,0.009264,0.009297,0.009072,0.009086,12926484.0,2026-07-02 20:00:00+00:00
1783036800000,0.009086,0.009503,0.009079,0.009492,22563964.0,2026-07-03 00:00:00+00:00
1783051200000,0.009492,0.0098,0.009323,0.009457,51077631.0,2026-07-03 04:00:00+00:00
1783065600000,0.009443,0.0096,0.009397,0.00946,20399002.0,2026-07-03 08:00:00+00:00
1783080000000,0.009463,0.009823,0.009455,0.009628,35871135.0,2026-07-03 12:00:00+00:00
1783094400000,0.009626,0.009979,0.00961,0.009921,15555110.0,2026-07-03 16:00:00+00:00
1783108800000,0.009921,0.010068,0.009763,0.009819,22189562.0,2026-07-03 20:00:00+00:00
1783123200000,0.009808,0.010021,0.009767,0.009962,17884700.0,2026-07-04 00:00:00+00:00
1783137600000,0.009958,0.010129,0.009921,0.010092,18325838.0,2026-07-04 04:00:00+00:00
1783152000000,0.010082,0.010268,0.009879,0.009957,25391197.0,2026-07-04 08:00:00+00:00
1783166400000,0.00995,0.010095,0.009657,0.010015,25105128.0,2026-07-04 12:00:00+00:00
1783180800000,0.010008,0.010219,0.010004,0.010033,12208495.0,2026-07-04 16:00:00+00:00
1783195200000,0.010039,0.010116,0.009914,0.009982,10113630.0,2026-07-04 20:00:00+00:00
1783209600000,0.00998,0.010099,0.009862,0.009865,12564862.0,2026-07-05 00:00:00+00:00
1783224000000,0.009873,0.01003,0.009832,0.010019,10428431.0,2026-07-05 04:00:00+00:00
1783238400000,0.010023,0.010171,0.009944,0.01005,18409953.0,2026-07-05 08:00:00+00:00
1783252800000,0.010051,0.010059,0.009859,0.0099,12695866.0,2026-07-05 12:00:00+00:00
1783267200000,0.009905,0.010008,0.009827,0.00984,10358526.0,2026-07-05 16:00:00+00:00
1783281600000,0.009838,0.009875,0.009486,0.009787,32111595.0,2026-07-05 20:00:00+00:00
1783296000000,0.009791,0.009853,0.009646,0.009671,8729357.0,2026-07-06 00:00:00+00:00
1783310400000,0.009674,0.010229,0.009572,0.010187,26588033.0,2026-07-06 04:00:00+00:00
1783324800000,0.010187,0.010314,0.009677,0.009778,54389850.0,2026-07-06 08:00:00+00:00
1783339200000,0.009785,0.009849,0.009527,0.009745,26161607.0,2026-07-06 12:00:00+00:00
1783353600000,0.009744,0.009778,0.0096,0.009647,13757957.0,2026-07-06 16:00:00+00:00
1783368000000,0.009648,0.009815,0.009523,0.00955,8502745.0,2026-07-06 20:00:00+00:00
1783382400000,0.009549,0.009634,0.009381,0.009429,7266009.0,2026-07-07 00:00:00+00:00
1783396800000,0.009422,0.009555,0.009245,0.009426,13968225.0,2026-07-07 04:00:00+00:00
1783411200000,0.009418,0.00949,0.00922,0.009294,14529851.0,2026-07-07 08:00:00+00:00
1783425600000,0.009286,0.00943,0.009146,0.009254,21159082.0,2026-07-07 12:00:00+00:00
1783440000000,0.009261,0.009366,0.009015,0.009096,16656715.0,2026-07-07 16:00:00+00:00
1783454400000,0.009094,0.009122,0.008897,0.008936,11340398.0,2026-07-07 20:00:00+00:00
1783468800000,0.008944,0.008995,0.008786,0.008855,10358393.0,2026-07-08 00:00:00+00:00
1783483200000,0.008851,0.009053,0.008787,0.009048,19783496.0,2026-07-08 04:00:00+00:00
1783497600000,0.00905,0.009101,0.008524,0.008721,61095171.0,2026-07-08 08:00:00+00:00
1783512000000,0.008719,0.008729,0.008558,0.00856,9640526.0,2026-07-08 12:00:00+00:00
1783526400000,0.008555,0.008683,0.008517,0.008597,12883580.0,2026-07-08 16:00:00+00:00
1783540800000,0.008594,0.00866,0.008545,0.008626,7778616.0,2026-07-08 20:00:00+00:00
1783555200000,0.008616,0.0087,0.008498,0.008626,12104087.0,2026-07-09 00:00:00+00:00
1783569600000,0.008619,0.008768,0.008608,0.008732,11703801.0,2026-07-09 04:00:00+00:00
1783584000000,0.008726,0.008747,0.008592,0.008654,8636556.0,2026-07-09 08:00:00+00:00
1783598400000,0.008648,0.008852,0.008631,0.008771,15585975.0,2026-07-09 12:00:00+00:00
1783612800000,0.008767,0.008833,0.008689,0.008811,8731879.0,2026-07-09 16:00:00+00:00
1783627200000,0.00881,0.008876,0.008746,0.008789,7514221.0,2026-07-09 20:00:00+00:00
1783641600000,0.008786,0.008941,0.008716,0.008838,10746845.0,2026-07-10 00:00:00+00:00
1783656000000,0.008836,0.008891,0.008645,0.008722,17781446.0,2026-07-10 04:00:00+00:00
1783670400000,0.008712,0.008815,0.008664,0.008781,11536388.0,2026-07-10 08:00:00+00:00
1783684800000,0.008779,0.008798,0.008579,0.008756,12193719.0,2026-07-10 12:00:00+00:00
1783699200000,0.008761,0.008887,0.008706,0.00884,12737852.0,2026-07-10 16:00:00+00:00
1783713600000,0.008829,0.008889,0.00878,0.008853,12572333.0,2026-07-10 20:00:00+00:00
1783728000000,0.008844,0.008918,0.008733,0.008833,22813544.0,2026-07-11 00:00:00+00:00
1783742400000,0.008819,0.008833,0.00873,0.008818,8034847.0,2026-07-11 04:00:00+00:00
1783756800000,0.008816,0.009068,0.00876,0.008884,36235571.0,2026-07-11 08:00:00+00:00
1783771200000,0.008879,0.009134,0.008803,0.009009,31475216.0,2026-07-11 12:00:00+00:00
1783785600000,0.009004,0.009133,0.008981,0.009114,10717660.0,2026-07-11 16:00:00+00:00
1783800000000,0.009122,0.009177,0.0087,0.008738,21974565.0,2026-07-11 20:00:00+00:00
1783814400000,0.008737,0.008893,0.008704,0.008877,12804848.0,2026-07-12 00:00:00+00:00
1783828800000,0.008877,0.008916,0.008775,0.008881,8393068.0,2026-07-12 04:00:00+00:00
1783843200000,0.008879,0.008919,0.008761,0.008763,14941393.0,2026-07-12 08:00:00+00:00
1783857600000,0.008751,0.008798,0.008599,0.008728,12569642.0,2026-07-12 12:00:00+00:00
1783872000000,0.008726,0.008738,0.008639,0.008681,7423700.0,2026-07-12 16:00:00+00:00
1783886400000,0.008682,0.00869,0.008515,0.008558,9866402.0,2026-07-12 20:00:00+00:00
1783900800000,0.008561,0.00869,0.008394,0.008469,17994809.0,2026-07-13 00:00:00+00:00
1783915200000,0.008469,0.008535,0.008434,0.008488,7310805.0,2026-07-13 04:00:00+00:00
1783929600000,0.008492,0.008558,0.008447,0.008521,9135051.0,2026-07-13 08:00:00+00:00
1783944000000,0.008516,0.008607,0.00841,0.008431,18004578.0,2026-07-13 12:00:00+00:00
1783958400000,0.008431,0.008439,0.008244,0.008294,11824003.0,2026-07-13 16:00:00+00:00
1783972800000,0.008296,0.008314,0.007889,0.008242,28020499.0,2026-07-13 20:00:00+00:00
1783987200000,0.008244,0.008315,0.008149,0.008288,8283078.0,2026-07-14 00:00:00+00:00
1784001600000,0.008285,0.008299,0.008168,0.008189,6480911.0,2026-07-14 04:00:00+00:00
1784016000000,0.008189,0.008219,0.008156,0.008192,7595989.0,2026-07-14 08:00:00+00:00
1784030400000,0.008187,0.00857,0.008176,0.008478,20986075.0,2026-07-14 12:00:00+00:00
1784044800000,0.008475,0.008508,0.008371,0.0084,10953335.0,2026-07-14 16:00:00+00:00
1784059200000,0.008405,0.008435,0.008349,0.008384,6561971.0,2026-07-14 20:00:00+00:00
1784073600000,0.008384,0.008409,0.008309,0.008362,5550945.0,2026-07-15 00:00:00+00:00
1784088000000,0.008361,0.008413,0.008283,0.008347,8176825.0,2026-07-15 04:00:00+00:00
1784102400000,0.008342,0.008457,0.0083,0.008344,12210556.0,2026-07-15 08:00:00+00:00
1784116800000,0.008344,0.008506,0.008325,0.008415,23824490.0,2026-07-15 12:00:00+00:00
1784131200000,0.008415,0.008424,0.008278,0.008308,11497011.0,2026-07-15 16:00:00+00:00
1784145600000,0.008304,0.008392,0.008302,0.008385,6785701.0,2026-07-15 20:00:00+00:00
1784160000000,0.008387,0.008456,0.008359,0.00841,6509489.0,2026-07-16 00:00:00+00:00
1784174400000,0.008409,0.00846,0.008308,0.008339,7203056.0,2026-07-16 04:00:00+00:00
1784188800000,0.008334,0.008338,0.008189,0.008232,12840707.0,2026-07-16 08:00:00+00:00
1784203200000,0.00823,0.008301,0.008171,0.008237,9673032.0,2026-07-16 12:00:00+00:00
1784217600000,0.008233,0.008275,0.00812,0.008186,7971306.0,2026-07-16 16:00:00+00:00
1784232000000,0.008186,0.008243,0.00808,0.008124,5779429.0,2026-07-16 20:00:00+00:00
1784246400000,0.00812,0.008207,0.008041,0.008116,10565674.0,2026-07-17 00:00:00+00:00
1784260800000,0.008112,0.008134,0.008012,0.00805,5820772.0,2026-07-17 04:00:00+00:00
1784275200000,0.008051,0.00814,0.008029,0.008117,9979856.0,2026-07-17 08:00:00+00:00
1784289600000,0.008114,0.008188,0.007982,0.008155,15973838.0,2026-07-17 12:00:00+00:00
1784304000000,0.008158,0.008268,0.008131,0.008204,11771968.0,2026-07-17 16:00:00+00:00
1784318400000,0.008195,0.008215,0.008119,0.008137,5954213.0,2026-07-17 20:00:00+00:00
1784332800000,0.008139,0.008197,0.008098,0.008173,5140258.0,2026-07-18 00:00:00+00:00
1784347200000,0.008179,0.008179,0.00804,0.008041,6001378.0,2026-07-18 04:00:00+00:00
1784361600000,0.008045,0.008285,0.007987,0.008183,18931313.0,2026-07-18 08:00:00+00:00
1784376000000,0.008185,0.0085,0.008185,0.008395,33192704.0,2026-07-18 12:00:00+00:00
1784390400000,0.00839,0.008564,0.008371,0.008397,28878680.0,2026-07-18 16:00:00+00:00
1784404800000,0.008396,0.008479,0.008329,0.008479,11531720.0,2026-07-18 20:00:00+00:00
1784419200000,0.00848,0.008506,0.008371,0.008385,10321861.0,2026-07-19 00:00:00+00:00
1784433600000,0.008385,0.008394,0.008268,0.008304,12425325.0,2026-07-19 04:00:00+00:00
1784448000000,0.00831,0.008314,0.00817,0.008281,29966940.0,2026-07-19 08:00:00+00:00
1784462400000,0.008279,0.008385,0.008232,0.008309,10700955.0,2026-07-19 12:00:00+00:00
1784476800000,0.008292,0.008301,0.00816,0.008205,9230320.0,2026-07-19 16:00:00+00:00
1784491200000,0.008196,0.008344,0.008156,0.00826,13894298.0,2026-07-19 20:00:00+00:00
1784505600000,0.008259,0.008447,0.008243,0.008389,12858460.0,2026-07-20 00:00:00+00:00
1784520000000,0.00838,0.008393,0.008166,0.008297,17244106.0,2026-07-20 04:00:00+00:00
1784534400000,0.008289,0.008764,0.008278,0.008635,31901771.0,2026-07-20 08:00:00+00:00
1784548800000,0.008634,0.008643,0.008431,0.008531,17316647.0,2026-07-20 12:00:00+00:00
1784563200000,0.00854,0.008593,0.008451,0.008508,12180352.0,2026-07-20 16:00:00+00:00
1784577600000,0.008509,0.008537,0.008402,0.008516,8131161.0,2026-07-20 20:00:00+00:00
1784592000000,0.008508,0.008609,0.008459,0.008541,12057481.0,2026-07-21 00:00:00+00:00
1784606400000,0.008536,0.008579,0.008458,0.008466,12795230.0,2026-07-21 04:00:00+00:00
1784620800000,0.008458,0.008505,0.008397,0.00846,10297151.0,2026-07-21 08:00:00+00:00
1784635200000,0.008457,0.008519,0.008436,0.00849,11700866.0,2026-07-21 12:00:00+00:00
1784649600000,0.008487,0.008529,0.008431,0.008493,8575569.0,2026-07-21 16:00:00+00:00
1784664000000,0.008487,0.008607,0.00839,0.008535,13608867.0,2026-07-21 20:00:00+00:00
1784678400000,0.008538,0.008678,0.008524,0.008565,12458858.0,2026-07-22 00:00:00+00:00
1784692800000,0.008559,0.008694,0.008515,0.008589,13457687.0,2026-07-22 04:00:00+00:00
1784707200000,0.008589,0.008923,0.008574,0.008874,23536768.0,2026-07-22 08:00:00+00:00
1784721600000,0.008876,0.009107,0.008863,0.008905,48955557.0,2026-07-22 12:00:00+00:00
1784736000000,0.008894,0.008916,0.008723,0.008741,15068665.0,2026-07-22 16:00:00+00:00
1784750400000,0.00874,0.00879,0.008649,0.008728,10532878.0,2026-07-22 20:00:00+00:00
1784764800000,0.008728,0.008762,0.008643,0.008709,8790967.0,2026-07-23 00:00:00+00:00
1784779200000,0.008705,0.00902,0.008566,0.008626,35813019.0,2026-07-23 04:00:00+00:00
1784793600000,0.008631,0.008728,0.008566,0.008646,10091627.0,2026-07-23 08:00:00+00:00
1784808000000,0.008636,0.008642,0.008388,0.008488,15807434.0,2026-07-23 12:00:00+00:00
1784822400000,0.008483,0.008489,0.00832,0.008371,6648869.0,2026-07-23 16:00:00+00:00
1784836800000,0.008375,0.008421,0.008339,0.008376,7937743.0,2026-07-23 20:00:00+00:00
1784851200000,0.008378,0.008444,0.0083,0.008438,7213001.0,2026-07-24 00:00:00+00:00
1784865600000,0.008435,0.008936,0.00841,0.008729,30647072.0,2026-07-24 04:00:00+00:00
1784880000000,0.008736,0.008743,0.008548,0.008573,10880355.0,2026-07-24 08:00:00+00:00
1784894400000,0.008572,0.008672,0.008438,0.008606,13420423.0,2026-07-24 12:00:00+00:00
1784908800000,0.008609,0.0087,0.008559,0.008598,11638110.0,2026-07-24 16:00:00+00:00
1784923200000,0.008605,0.008632,0.008501,0.008534,6475762.0,2026-07-24 20:00:00+00:00
1784937600000,0.008534,0.008587,0.008396,0.008459,11141742.0,2026-07-25 00:00:00+00:00
1784952000000,0.00846,0.008925,0.00846,0.008884,31501977.0,2026-07-25 04:00:00+00:00
1784966400000,0.008881,0.008953,0.008749,0.008815,29294175.0,2026-07-25 08:00:00+00:00
1784980800000,0.008821,0.00895,0.008689,0.008748,30133926.0,2026-07-25 12:00:00+00:00
1784995200000,0.008748,0.008765,0.008644,0.008645,9713833.0,2026-07-25 16:00:00+00:00
1785009600000,0.008645,0.008711,0.008583,0.008702,9309336.0,2026-07-25 20:00:00+00:00
1785024000000,0.008694,0.008815,0.008678,0.00876,4768090.0,2026-07-26 00:00:00+00:00
1785038400000,0.008759,0.008774,0.008656,0.008704,6815822.0,2026-07-26 04:00:00+00:00
1785052800000,0.008699,0.008814,0.008656,0.008675,8181730.0,2026-07-26 08:00:00+00:00
1785067200000,0.008675,0.008764,0.008637,0.008703,9270737.0,2026-07-26 12:00:00+00:00
1785081600000,0.008704,0.008864,0.008659,0.00876,14213905.0,2026-07-26 16:00:00+00:00
1785096000000,0.008761,0.008827,0.008714,0.008731,5408338.0,2026-07-26 20:00:00+00:00
1785110400000,0.008729,0.008921,0.008729,0.008856,6936214.0,2026-07-27 00:00:00+00:00
1785124800000,0.008852,0.00899,0.008756,0.008906,13577447.0,2026-07-27 04:00:00+00:00
1785139200000,0.0089,0.008974,0.008768,0.008916,13816225.0,2026-07-27 08:00:00+00:00
1785153600000,0.008911,0.008995,0.008723,0.008869,23630251.0,2026-07-27 12:00:00+00:00
1785168000000,0.008862,0.009051,0.008765,0.008954,19461369.0,2026-07-27 16:00:00+00:00
1785182400000,0.008959,0.008959,0.008521,0.008602,12998109.0,2026-07-27 20:00:00+00:00
1785196800000,0.008606,0.008637,0.008147,0.008256,33387763.0,2026-07-28 00:00:00+00:00
1785211200000,0.008259,0.00832,0.008185,0.008214,14552342.0,2026-07-28 04:00:00+00:00
1785225600000,0.008216,0.00836,0.00818,0.00821,28577733.0,2026-07-28 08:00:00+00:00
1785240000000,0.008207,0.008244,0.008038,0.00816,28373622.0,2026-07-28 12:00:00+00:00
1785254400000,0.008156,0.008231,0.0077,0.007958,47128674.0,2026-07-28 16:00:00+00:00
1785268800000,0.007954,0.007988,0.007818,0.007904,12025114.0,2026-07-28 20:00:00+00:00
1785283200000,0.007906,0.007981,0.007763,0.007769,16786975.0,2026-07-29 00:00:00+00:00
1785297600000,0.007772,0.007866,0.007715,0.007827,13771769.0,2026-07-29 04:00:00+00:00
1785312000000,0.007832,0.007832,0.007621,0.007681,17264318.0,2026-07-29 08:00:00+00:00
1785326400000,0.007678,0.00769,0.007528,0.007587,18502734.0,2026-07-29 12:00:00+00:00
1785340800000,0.00758,0.00775,0.00752,0.007531,23108766.0,2026-07-29 16:00:00+00:00
1785355200000,0.007536,0.007638,0.00743,0.007608,17856830.0,2026-07-29 20:00:00+00:00
1785369600000,0.007613,0.007891,0.00757,0.007885,13871835.0,2026-07-30 00:00:00+00:00
1785384000000,0.007893,0.008045,0.007817,0.007953,22015727.0,2026-07-30 04:00:00+00:00
1785398400000,0.007951,0.007984,0.007738,0.007794,17546148.0,2026-07-30 08:00:00+00:00
1785412800000,0.007802,0.007988,0.00776,0.007954,24919168.0,2026-07-30 12:00:00+00:00
1785427200000,0.007954,0.007969,0.007809,0.007851,11902931.0,2026-07-30 16:00:00+00:00
1785441600000,0.007847,0.007896,0.007793,0.007824,6702852.0,2026-07-30 20:00:00+00:00
1785456000000,0.007831,0.008166,0.007805,0.008145,15740929.0,2026-07-31 00:00:00+00:00
1785470400000,0.00816,0.008184,0.007889,0.007933,17283602.0,2026-07-31 04:00:00+00:00
1785484800000,0.007944,0.008044,0.007739,0.007886,20455541.0,2026-07-31 08:00:00+00:00
1785499200000,0.007884,0.007896,0.007682,0.007779,20563329.0,2026-07-31 12:00:00+00:00
1785513600000,0.007784,0.008022,0.007776,0.007898,10457122.0,2026-07-31 16:00:00+00:00
1785528000000,0.007893,0.007915,0.007821,0.007913,7173201.0,2026-07-31 20:00:00+00:00
1785542400000,0.007907,0.008061,0.007838,0.00801,8230388.0,2026-08-01 00:00:00+00:00
1785556800000,0.008003,0.00842,0.007997,0.008249,34748221.0,2026-08-01 04:00:00+00:00
1785571200000,0.008243,0.00855,0.008222,0.008486,30645214.0,2026-08-01 08:00:00+00:00
1785585600000,0.008496,0.008545,0.008316,0.008343,22812286.0,2026-08-01 12:00:00+00:00
1785600000000,0.008341,0.008443,0.00812,0.008259,21275163.0,2026-08-01 16:00:00+00:00
1785614400000,0.008259,0.008281,0.008142,0.008239,14166196.0,2026-08-01 20:00:00+00:00
1785628800000,0.008238,0.008338,0.008216,0.008239,10097311.0,2026-08-02 00:00:00+00:00
1785643200000,0.00824,0.008758,0.008221,0.008424,72392261.0,2026-08-02 04:00:00+00:00
1785657600000,0.008425,0.008547,0.008294,0.00833,17056204.0,2026-08-02 08:00:00+00:00
1785672000000,0.008327,0.008841,0.008263,0.008327,72737572.0,2026-08-02 12:00:00+00:00
1785686400000,0.008331,0.008437,0.008325,0.008355,8687800.0,2026-08-02 16:00:00+00:00
1785700800000,0.008355,0.008434,0.0083,0.008419,10543934.0,2026-08-02 20:00:00+00:00
1785715200000,0.008417,0.008425,0.00824,0.0083,9447511.0,2026-08-03 00:00:00+00:00
1785729600000,0.008294,0.008445,0.008292,0.008366,12832206.0,2026-08-03 04:00:00+00:00
1785744000000,0.00837,0.008439,0.008304,0.00841,10656312.0,2026-08-03 08:00:00+00:00
1785758400000,0.00841,0.008489,0.008291,0.008385,17792604.0,2026-08-03 12:00:00+00:00
1785772800000,0.008385,0.008471,0.008291,0.008379,11999384.0,2026-08-03 16:00:00+00:00
1785787200000,0.008382,0.008429,0.008309,0.008329,8337378.0,2026-08-03 20:00:00+00:00
1785801600000,0.00833,0.008562,0.008322,0.008504,13912017.0,2026-08-04 00:00:00+00:00
1785816000000,0.008503,0.008759,0.008474,0.008564,58292140.0,2026-08-04 04:00:00+00:00
1785830400000,0.008564,0.0089,0.008489,0.008679,95182893.0,2026-08-04 08:00:00+00:00
1785844800000,0.00868,0.009,0.008672,0.008755,55495193.0,2026-08-04 12:00:00+00:00
1785859200000,0.008753,0.008758,0.008661,0.008724,16614143.0,2026-08-04 16:00:00+00:00
1785873600000,0.008722,0.008729,0.008647,0.008681,11245760.0,2026-08-04 20:00:00+00:00
1785888000000,0.008681,0.009015,0.008661,0.008873,22835644.0,2026-08-05 00:00:00+00:00
1785902400000,0.008873,0.00896,0.008694,0.008729,14174461.0,2026-08-05 04:00:00+00:00
1785916800000,0.008727,0.009008,0.008718,0.00887,33782976.0,2026-08-05 08:00:00+00:00
1785931200000,0.008871,0.008948,0.00878,0.008818,9968630.0,2026-08-05 12:00:00+00:00
1785945600000,0.008822,0.008918,0.008757,0.008883,11532282.0,2026-08-05 16:00:00+00:00
1785960000000,0.008876,0.008904,0.008752,0.008821,7610187.0,2026-08-05 20:00:00+00:00
1785974400000,0.008829,0.00952,0.008761,0.009509,53088291.0,2026-08-06 00:00:00+00:00
1785988800000,0.009508,0.00965,0.009222,0.009393,68092700.0,2026-08-06 04:00:00+00:00
1786003200000,0.009392,0.009558,0.009384,0.009479,22984123.0,2026-08-06 08:00:00+00:00
1786017600000,0.009486,0.009828,0.009456,0.009767,39910385.0,2026-08-06 12:00:00+00:00
1786032000000,0.009767,0.010147,0.009586,0.009683,91646934.0,2026-08-06 16:00:00+00:00
1786046400000,0.009677,0.009876,0.009629,0.009688,27616828.0,2026-08-06 20:00:00+00:00
1786060800000,0.009689,0.009766,0.009526,0.009568,24596098.0,2026-08-07 00:00:00+00:00
1786075200000,0.009571,0.009842,0.009513,0.00981,17742042.0,2026-08-07 04:00:00+00:00
1786089600000,0.009809,0.009957,0.009721,0.009768,16505210.0,2026-08-07 08:00:00+00:00
1786104000000,0.009762,0.009834,0.00969,0.009755,11043913.0,2026-08-07 12:00:00+00:00
1786118400000,0.009752,0.009833,0.009603,0.009712,12533080.0,2026-08-07 16:00:00+00:00
1786132800000,0.009709,0.010103,0.009679,0.009909,15810042.0,2026-08-07 20:00:00+00:00
1786147200000,0.009913,0.011042,0.009866,0.01077,97917282.0,2026-08-08 00:00:00+00:00
1786161600000,0.010777,0.010814,0.010008,0.010064,57941708.0,2026-08-08 04:00:00+00:00
1786176000000,0.010068,0.010529,0.010033,0.010384,35378990.0,2026-08-08 08:00:00+00:00
1786190400000,0.010368,0.010903,0.010162,0.010613,31926322.0,2026-08-08 12:00:00+00:00
1786204800000,0.01062,0.010623,0.010369,0.010379,14360324.0,2026-08-08 16:00:00+00:00
1786219200000,0.010377,0.010557,0.010269,0.010516,10709613.0,2026-08-08 20:00:00+00:00
1786233600000,0.010511,0.010865,0.010468,0.010698,25681921.0,2026-08-09 00:00:00+00:00
1786248000000,0.0107,0.011701,0.010698,0.011191,62401980.0,2026-08-09 04:00:00+00:00
1786262400000,0.011182,0.01141,0.010896,0.011076,27289667.0,2026-08-09 08:00:00+00:00
1786276800000,0.01108,0.011542,0.01103,0.011265,22424574.0,2026-08-09 12:00:00+00:00
1786291200000,0.011263,0.011624,0.011043,0.011449,18073713.0,2026-08-09 16:00:00+00:00
1786305600000,0.011447,0.011639,0.011285,0.011428,14884825.0,2026-08-09 20:00:00+00:00
1786320000000,0.011406,0.01193,0.0108,0.01169,62683945.0,2026-08-10 00:00:00+00:00
1786334400000,0.011684,0.012033,0.011412,0.011805,34022804.0,2026-08-10 04:00:00+00:00
1786348800000,0.011815,0.012479,0.011618,0.012048,41562316.0,2026-08-10 08:00:00+00:00
1786363200000,0.012041,0.012083,0.011039,0.01113,30296776.0,2026-08-10 12:00:00+00:00
1786377600000,0.01113,0.011623,0.011114,0.01156,16615580.0,2026-08-10 16:00:00+00:00
1786392000000,0.011564,0.011657,0.011443,0.011472,11438376.0,2026-08-10 20:00:00+00:00
1786406400000,0.011471,0.011933,0.011272,0.011391,23281030.0,2026-08-11 00:00:00+00:00
1786420800000,0.011387,0.011843,0.011377,0.011623,13680846.0,2026-08-11 04:00:00+00:00
1786435200000,0.011627,0.01196,0.011552,0.011809,11317791.0,2026-08-11 08:00:00+00:00
1786449600000,0.011809,0.011819,0.011204,0.011286,19378745.0,2026-08-11 12:00:00+00:00
1786464000000,0.011292,0.011768,0.011201,0.011629,15497984.0,2026-08-11 16:00:00+00:00
1786478400000,0.011634,0.011652,0.011397,0.011409,5841833.0,2026-08-11 20:00:00+00:00
1786492800000,0.011403,0.011605,0.011282,0.011377,13601522.0,2026-08-12 00:00:00+00:00
1786507200000,0.011372,0.011448,0.01123,0.011288,8584115.0,2026-08-12 04:00:00+00:00
1786521600000,0.011296,0.011389,0.011028,0.01129,18285449.0,2026-08-12 08:00:00+00:00
1786536000000,0.011284,0.011825,0.011284,0.011805,34372582.0,2026-08-12 12:00:00+00:00
1786550400000,0.011792,0.01195,0.011386,0.011463,23767864.0,2026-08-12 16:00:00+00:00
1786564800000,0.011466,0.011893,0.011432,0.011838,18182685.0,2026-08-12 20:00:00+00:00
1786579200000,0.011826,0.011858,0.011594,0.011626,9129268.0,2026-08-13 00:00:00+00:00
1786593600000,0.011614,0.011684,0.011556,0.011648,6250701.0,2026-08-13 04:00:00+00:00
1786608000000,0.011648,0.01193,0.011349,0.011467,27979140.0,2026-08-13 08:00:00+00:00
1786622400000,0.011462,0.011741,0.011452,0.011539,8323707.0,2026-08-13 12:00:00+00:00
1786636800000,0.011539,0.011559,0.01118,0.011333,12178102.0,2026-08-13 16:00:00+00:00
1786651200000,0.011316,0.011645,0.011275,0.011565,6585440.0,2026-08-13 20:00:00+00:00
1786665600000,0.011568,0.011906,0.011484,0.011842,11295545.0,2026-08-14 00:00:00+00:00
1786680000000,0.011849,0.01217,0.011733,0.012077,16033982.0,2026-08-14 04:00:00+00:00
1786694400000,0.012088,0.012123,0.011813,0.011866,17298837.0,2026-08-14 08:00:00+00:00
1786708800000,0.011857,0.012105,0.01177,0.01208,10418863.0,2026-08-14 12:00:00+00:00
1786723200000,0.012076,0.0126,0.012053,0.012213,29059885.0,2026-08-14 16:00:00+00:00
1786737600000,0.012213,0.01268,0.012213,0.012507,15442333.0,2026-08-14 20:00:00+00:00
1786752000000,0.012513,0.013154,0.01215,0.012953,54695418.0,2026-08-15 00:00:00+00:00
1786766400000,0.012953,0.013488,0.012626,0.013316,60036374.0,2026-08-15 04:00:00+00:00
1786780800000,0.013324,0.013517,0.012685,0.012914,56319739.0,2026-08-15 08:00:00+00:00
1786795200000,0.012916,0.013164,0.012769,0.013115,26845840.0,2026-08-15 12:00:00+00:00
1786809600000,0.013116,0.01355,0.0127,0.012721,39545897.0,2026-08-15 16:00:00+00:00
1786824000000,0.012721,0.012779,0.012539,0.01259,10591031.0,2026-08-15 20:00:00+00:00
1786838400000,0.01259,0.012834,0.01259,0.012747,13727546.0,2026-08-16 00:00:00+00:00
1786852800000,0.012751,0.012812,0.012184,0.012506,20383575.0,2026-08-16 04:00:00+00:00
1786867200000,0.012509,0.0134,0.012492,0.013033,51768632.0,2026-08-16 08:00:00+00:00
1786881600000,0.01303,0.013342,0.012888,0.012898,17163081.0,2026-08-16 12:00:00+00:00
1786896000000,0.0129,0.013045,0.012613,0.012704,12719192.0,2026-08-16 16:00:00+00:00
1786910400000,0.0127,0.012856,0.012531,0.012639,8693453.0,2026-08-16 20:00:00+00:00
1786924800000,0.012641,0.012787,0.012476,0.012662,10837457.0,2026-08-17 00:00:00+00:00
1786939200000,0.012663,0.012749,0.012194,0.012268,16417295.0,2026-08-17 04:00:00+00:00
1786953600000,0.01228,0.012293,0.011946,0.012169,20513434.0,2026-08-17 08:00:00+00:00
1786968000000,0.012165,0.012219,0.012054,0.012083,13682823.0,2026-08-17 12:00:00+00:00
1786982400000,0.012095,0.01225,0.01171,0.01216,22841645.0,2026-08-17 16:00:00+00:00
1786996800000,0.012151,0.012264,0.012061,0.012191,8027146.0,2026-08-17 20:00:00+00:00
1787011200000,0.012176,0.012415,0.012013,0.012368,9763602.0,2026-08-18 00:00:00+00:00
1787025600000,0.01238,0.012381,0.012036,0.012092,11707112.0,2026-08-18 04:00:00+00:00
1787040000000,0.012087,0.012245,0.011952,0.012091,8826710.0,2026-08-18 08:00:00+00:00
1787054400000,0.012087,0.012196,0.011913,0.012029,9333507.0,2026-08-18 12:00:00+00:00
1787068800000,0.012026,0.012123,0.011701,0.011738,22832692.0,2026-08-18 16:00:00+00:00
1787083200000,0.01174,0.011756,0.011606,0.011651,14155801.0,2026-08-18 20:00:00+00:00
1787097600000,0.011648,0.011908,0.011617,0.01177,10046516.0,2026-08-19 00:00:00+00:00
1787112000000,0.011761,0.011905,0.011731,0.011863,5585230.0,2026-08-19 04:00:00+00:00
1787126400000,0.011853,0.011911,0.011765,0.0118,8580423.0,2026-08-19 08:00:00+00:00
1787140800000,0.011802,0.013593,0.011796,0.013061,52964846.0,2026-08-19 12:00:00+00:00
1787155200000,0.013066,0.013133,0.0125,0.012816,37115949.0,2026-08-19 16:00:00+00:00
1787169600000,0.012808,0.013067,0.012487,0.012559,14559303.0,2026-08-19 20:00:00+00:00
1787184000000,0.012559,0.012734,0.0124,0.012446,9619600.0,2026-08-20 00:00:00+00:00
1787198400000,0.01245,0.012948,0.012414,0.012882,8278615.0,2026-08-20 04:00:00+00:00
1787212800000,0.01289,0.013067,0.012725,0.01288,9915423.0,2026-08-20 08:00:00+00:00
1787227200000,0.012876,0.012884,0.012614,0.012844,10853004.0,2026-08-20 12:00:00+00:00
1787241600000,0.012838,0.01293,0.012467,0.012663,11795333.0,2026-08-20 16:00:00+00:00
1787256000000,0.012666,0.012868,0.012604,0.012764,6068119.0,2026-08-20 20:00:00+00:00
1787270400000,0.012767,0.013013,0.012635,0.012736,15153982.0,2026-08-21 00:00:00+00:00
1787284800000,0.012727,0.013477,0.012681,0.013377,22470037.0,2026-08-21 04:00:00+00:00
1787299200000,0.013385,0.01344,0.012809,0.013215,25072736.0,2026-08-21 08:00:00+00:00
1787313600000,0.013212,0.013421,0.013067,0.013175,17342188.0,2026-08-21 12:00:00+00:00
1787328000000,0.013191,0.013329,0.012918,0.012952,12674302.0,2026-08-21 16:00:00+00:00
1787342400000,0.012959,0.01366,0.012881,0.013465,16015537.0,2026-08-21 20:00:00+00:00
1787356800000,0.013464,0.013981,0.0133,0.013825,18403373.0,2026-08-22 00:00:00+00:00
1787371200000,0.013821,0.014172,0.010641,0.013752,70113040.0,2026-08-22 04:00:00+00:00
1787385600000,0.013761,0.01383,0.012896,0.013233,24530772.0,2026-08-22 08:00:00+00:00
1787400000000,0.013233,0.013292,0.012414,0.012717,24554882.0,2026-08-22 12:00:00+00:00
1787414400000,0.012718,0.013007,0.012695,0.012857,6438326.0,2026-08-22 16:00:00+00:00
1787428800000,0.012857,0.012935,0.0125,0.012588,12922189.0,2026-08-22 20:00:00+00:00
1787443200000,0.012593,0.013001,0.012316,0.012391,15310397.0,2026-08-23 00:00:00+00:00
1787457600000,0.012389,0.0125,0.012184,0.012436,12275051.0,2026-08-23 04:00:00+00:00
1787472000000,0.012435,0.012594,0.012396,0.012475,8664729.0,2026-08-23 08:00:00+00:00
1787486400000,0.012473,0.012616,0.012258,0.012553,10195796.0,2026-08-23 12:00:00+00:00
1787500800000,0.012555,0.012697,0.012486,0.012589,6537124.0,2026-08-23 16:00:00+00:00
1787515200000,0.012597,0.012871,0.012381,0.01257,13979971.0,2026-08-23 20:00:00+00:00
1787529600000,0.012577,0.012586,0.012164,0.012198,16741205.0,2026-08-24 00:00:00+00:00
1787544000000,0.0122,0.012652,0.012191,0.012628,10928981.0,2026-08-24 04:00:00+00:00
1787558400000,0.012636,0.01272,0.012261,0.012467,13885772.0,2026-08-24 08:00:00+00:00
1787572800000,0.012467,0.012475,0.012078,0.012202,15314993.0,2026-08-24 12:00:00+00:00
1787587200000,0.012202,0.012325,0.011557,0.011874,37093021.0,2026-08-24 16:00:00+00:00
1787601600000,0.011871,0.012002,0.011813,0.011982,6310805.0,2026-08-24 20:00:00+00:00
1787616000000,0.011966,0.012198,0.011907,0.012091,11000105.0,2026-08-25 00:00:00+00:00
1787630400000,0.012085,0.012199,0.011863,0.011926,8165756.0,2026-08-25 04:00:00+00:00
1787644800000,0.011921,0.012235,0.011921,0.011979,10346582.0,2026-08-25 08:00:00+00:00
1787659200000,0.011979,0.012079,0.011718,0.012042,10888381.0,2026-08-25 12:00:00+00:00
1787673600000,0.012031,0.012088,0.011872,0.011934,6481792.0,2026-08-25 16:00:00+00:00
1787688000000,0.011931,0.011961,0.011473,0.011734,12428038.0,2026-08-25 20:00:00+00:00
1787702400000,0.011738,0.011972,0.011721,0.011939,4469140.0,2026-08-26 00:00:00+00:00
1787716800000,0.011942,0.011952,0.011729,0.011874,6970253.0,2026-08-26 04:00:00+00:00
1787731200000,0.011863,0.012517,0.011848,0.012085,21288298.0,2026-08-26 08:00:00+00:00
1787745600000,0.012117,0.012179,0.011631,0.011776,15525750.0,2026-08-26 12:00:00+00:00
1787760000000,0.011771,0.011863,0.011666,0.011808,7542714.0,2026-08-26 16:00:00+00:00
1787774400000,0.011809,0.012128,0.011755,0.012107,4990994.0,2026-08-26 20:00:00+00:00
1787788800000,0.0121,0.012413,0.011984,0.012218,12050283.0,2026-08-27 00:00:00+00:00
1787803200000,0.012213,0.012291,0.012145,0.012223,7751451.0,2026-08-27 04:00:00+00:00
1787817600000,0.01222,0.012508,0.01189,0.011996,15821966.0,2026-08-27 08:00:00+00:00
1787832000000,0.011991,0.012084,0.011957,0.012038,8635613.0,2026-08-27 12:00:00+00:00
1787846400000,0.012033,0.012135,0.01189,0.011918,6928679.0,2026-08-27 16:00:00+00:00
1787860800000,0.011913,0.012013,0.011839,0.011905,5073651.0,2026-08-27 20:00:00+00:00
1787875200000,0.011901,0.012163,0.011684,0.011873,17071960.0,2026-08-28 00:00:00+00:00
1787889600000,0.011878,0.011909,0.011785,0.0118,9074043.0,2026-08-28 04:00:00+00:00
1787904000000,0.011811,0.011884,0.011576,0.011695,8719748.0,2026-08-28 08:00:00+00:00
1787918400000,0.011695,0.011724,0.011348,0.011397,14348544.0,2026-08-28 12:00:00+00:00
1787932800000,0.011397,0.011502,0.01115,0.011387,13853824.0,2026-08-28 16:00:00+00:00
1787947200000,0.011387,0.011551,0.011351,0.011523,4265896.0,2026-08-28 20:00:00+00:00
1787961600000,0.011518,0.011619,0.011434,0.011445,7623421.0,2026-08-29 00:00:00+00:00
1787976000000,0.011447,0.011543,0.011381,0.011441,5529586.0,2026-08-29 04:00:00+00:00
1787990400000,0.011436,0.011567,0.011349,0.011424,9387669.0,2026-08-29 08:00:00+00:00
1788004800000,0.01142,0.012236,0.011416,0.012221,30283361.0,2026-08-29 12:00:00+00:00
1788019200000,0.012217,0.012478,0.012098,0.012269,19255566.0,2026-08-29 16:00:00+00:00
1788033600000,0.012269,0.012626,0.012233,0.012445,12162827.0,2026-08-29 20:00:00+00:00
1788048000000,0.012438,0.012609,0.012255,0.012318,15269230.0,2026-08-30 00:00:00+00:00
1788062400000,0.012317,0.012755,0.012198,0.012455,25242810.0,2026-08-30 04:00:00+00:00
1788076800000,0.012452,0.012637,0.012155,0.012223,34427718.0,2026-08-30 08:00:00+00:00
1788091200000,0.012228,0.012308,0.012001,0.012006,16529147.0,2026-08-30 12:00:00+00:00
1788105600000,0.012018,0.012095,0.011941,0.011964,5693186.0,2026-08-30 16:00:00+00:00
1788120000000,0.01197,0.012039,0.011352,0.01155,16662451.0,2026-08-30 20:00:00+00:00
1788134400000,0.011547,0.011779,0.011469,0.011666,9750812.0,2026-08-31 00:00:00+00:00
1788148800000,0.011678,0.011841,0.011562,0.011822,6082003.0,2026-08-31 04:00:00+00:00
1788163200000,0.011823,0.011824,0.011628,0.011633,5354218.0,2026-08-31 08:00:00+00:00
1788177600000,0.011635,0.011689,0.011436,0.01146,8173350.0,2026-08-31 12:00:00+00:00
1788192000000,0.011462,0.011577,0.011379,0.01151,4696433.0,2026-08-31 16:00:00+00:00
1788206400000,0.011514,0.011667,0.011479,0.011509,5644034.0,2026-08-31 20:00:00+00:00
1788220800000,0.011511,0.011577,0.011277,0.011403,12841139.0,2026-09-01 00:00:00+00:00
1788235200000,0.01141,0.011436,0.011043,0.011157,12761317.0,2026-09-01 04:00:00+00:00
1788249600000,0.011162,0.011195,0.010935,0.011048,17471494.0,2026-09-01 08:00:00+00:00
1788264000000,0.01104,0.011111,0.01085,0.010956,10708406.0,2026-09-01 12:00:00+00:00
1788278400000,0.010949,0.011015,0.010645,0.01085,9609843.0,2026-09-01 16:00:00+00:00
1788292800000,0.010841,0.011,0.010787,0.010984,5604017.0,2026-09-01 20:00:00+00:00
1788307200000,0.010982,0.011115,0.010842,0.011043,8637167.0,2026-09-02 00:00:00+00:00
1788321600000,0.011042,0.011042,0.010891,0.010911,5074993.0,2026-09-02 04:00:00+00:00
1788336000000,0.010911,0.01092,0.010707,0.010854,8056631.0,2026-09-02 08:00:00+00:00
1788350400000,0.010829,0.011002,0.010769,0.010983,10624565.0,2026-09-02 12:00:00+00:00
1788364800000,0.010984,0.011088,0.010852,0.010913,14597680.0,2026-09-02 16:00:00+00:00
1788379200000,0.010925,0.011015,0.01086,0.010934,7456221.0,2026-09-02 20:00:00+00:00
1788393600000,0.010925,0.011079,0.010869,0.010941,6113386.0,2026-09-03 00:00:00+00:00
1788408000000,0.010954,0.012387,0.010915,0.011688,121567418.0,2026-09-03 04:00:00+00:00
1788422400000,0.011707,0.011825,0.011417,0.011748,27137886.0,2026-09-03 08:00:00+00:00
1788436800000,0.011727,0.01257,0.011666,0.012437,28722113.0,2026-09-03 12:00:00+00:00
1788451200000,0.012437,0.012824,0.01224,0.012642,39720239.0,2026-09-03 16:00:00+00:00
1788465600000,0.012634,0.01265,0.012258,0.012388,11880640.0,2026-09-03 20:00:00+00:00
1788480000000,0.012379,0.01345,0.012242,0.01241,165220225.0,2026-09-04 00:00:00+00:00
1788494400000,0.012418,0.013037,0.012376,0.012702,65304881.0,2026-09-04 04:00:00+00:00
1788508800000,0.012707,0.012852,0.012415,0.012636,31170962.0,2026-09-04 08:00:00+00:00
1788523200000,0.012629,0.012646,0.0117,0.012148,30860665.0,2026-09-04 12:00:00+00:00
1788537600000,0.012138,0.012251,0.01159,0.012012,22442895.0,2026-09-04 16:00:00+00:00
1788552000000,0.012013,0.012159,0.012009,0.012132,5418659.0,2026-09-04 20:00:00+00:00
1788566400000,0.012135,0.012372,0.01209,0.012284,8452321.0,2026-09-05 00:00:00+00:00
1788580800000,0.012275,0.01231,0.012095,0.012207,10409802.0,2026-09-05 04:00:00+00:00
1788595200000,0.012204,0.012383,0.012121,0.012164,9745930.0,2026-09-05 08:00:00+00:00
1788609600000,0.012157,0.012348,0.012123,0.012134,5975528.0,2026-09-05 12:00:00+00:00
1788624000000,0.012147,0.012737,0.012126,0.012564,15683315.0,2026-09-05 16:00:00+00:00
1788638400000,0.012566,0.012645,0.012405,0.012468,5243263.0,2026-09-05 20:00:00+00:00
1788652800000,0.01245,0.012666,0.012303,0.012527,13671584.0,2026-09-06 00:00:00+00:00
1788667200000,0.012528,0.01257,0.012321,0.012386,6981840.0,2026-09-06 04:00:00+00:00
1788681600000,0.012376,0.012442,0.011926,0.012282,16347235.0,2026-09-06 08:00:00+00:00
1788696000000,0.012276,0.01237,0.011855,0.011986,12969440.0,2026-09-06 12:00:00+00:00
1788710400000,0.011984,0.012078,0.011905,0.012059,3693667.0,2026-09-06 16:00:00+00:00
1788724800000,0.012053,0.012123,0.011915,0.012059,9514649.0,2026-09-06 20:00:00+00:00
1788739200000,0.01207,0.01214,0.0118,0.011863,14003175.0,2026-09-07 00:00:00+00:00
1788753600000,0.011857,0.012027,0.01172,0.011819,8770112.0,2026-09-07 04:00:00+00:00
1788768000000,0.011835,0.011973,0.011756,0.011895,8442693.0,2026-09-07 08:00:00+00:00
1788782400000,0.011895,0.012019,0.011313,0.011428,15068550.0,2026-09-07 12:00:00+00:00
1788796800000,0.01142,0.011595,0.011408,0.011594,8488160.0,2026-09-07 16:00:00+00:00
1788811200000,0.011582,0.011598,0.011464,0.011547,4797474.0,2026-09-07 20:00:00+00:00
1788825600000,0.011528,0.011754,0.011522,0.011602,6082552.0,2026-09-08 00:00:00+00:00
1788840000000,0.011603,0.011604,0.011456,0.011531,6488218.0,2026-09-08 04:00:00+00:00
1788854400000,0.01153,0.011624,0.011379,0.011407,7021266.0,2026-09-08 08:00:00+00:00
1788868800000,0.011405,0.011864,0.011206,0.011624,16560703.0,2026-09-08 12:00:00+00:00
1788883200000,0.011622,0.011642,0.011162,0.011216,8710775.0,2026-09-08 16:00:00+00:00
1788897600000,0.011244,0.011309,0.01118,0.011253,4495919.0,2026-09-08 20:00:00+00:00
1788912000000,0.011257,0.011356,0.011158,0.011234,6625497.0,2026-09-09 00:00:00+00:00
1788926400000,0.011222,0.011497,0.01122,0.011397,5927643.0,2026-09-09 04:00:00+00:00
1788940800000,0.011403,0.011461,0.011098,0.011226,6899207.0,2026-09-09 08:00:00+00:00
1788955200000,0.011209,0.011322,0.010927,0.011067,8917065.0,2026-09-09 12:00:00+00:00
1788969600000,0.011037,0.011114,0.010854,0.010892,7637131.0,2026-09-09 16:00:00+00:00
1788984000000,0.010893,0.012002,0.0103,0.011858,74286717.0,2026-09-09 20:00:00+00:00
1788998400000,0.011857,0.012146,0.011187,0.011269,57445476.0,2026-09-10 00:00:00+00:00
1789012800000,0.011278,0.011337,0.011036,0.011068,10719991.0,2026-09-10 04:00:00+00:00
1789027200000,0.011068,0.011459,0.011026,0.011326,14998579.0,2026-09-10 08:00:00+00:00
1789041600000,0.011309,0.011429,0.010968,0.011143,17469014.0,2026-09-10 12:00:00+00:00
1789056000000,0.011146,0.011264,0.010915,0.011106,16528769.0,2026-09-10 16:00:00+00:00
1789070400000,0.011101,0.011136,0.010854,0.010902,7726713.0,2026-09-10 20:00:00+00:00
1789084800000,0.010901,0.011143,0.0109,0.011062,7182205.0,2026-09-11 00:00:00+00:00
1789099200000,0.011055,0.011304,0.010968,0.011075,16556863.0,2026-09-11 04:00:00+00:00
1789113600000,0.011081,0.011141,0.010881,0.010989,10014716.0,2026-09-11 08:00:00+00:00
1789128000000,0.010987,0.011325,0.01067,0.011108,17918676.0,2026-09-11 12:00:00+00:00
1789142400000,0.011096,0.01119,0.01095,0.011069,7882145.0,2026-09-11 16:00:00+00:00
1789156800000,0.011054,0.011096,0.010954,0.011043,4370637.0,2026-09-11 20:00:00+00:00
1789171200000,0.011051,0.011233,0.010979,0.011232,7096921.0,2026-09-12 00:00:00+00:00
1789185600000,0.011213,0.01354,0.011155,0.013302,273864223.0,2026-09-12 04:00:00+00:00
1789200000000,0.013315,0.015099,0.012681,0.012962,1786159201.0,2026-09-12 08:00:00+00:00
1789214400000,0.012962,0.016034,0.012424,0.015093,1210067629.0,2026-09-12 12:00:00+00:00
1789228800000,0.015091,0.016856,0.0147,0.015874,1370179864.0,2026-09-12 16:00:00+00:00
1789243200000,0.015869,0.016907,0.015162,0.015944,828909080.0,2026-09-12 20:00:00+00:00
1789257600000,0.015944,0.01627,0.013523,0.014192,513621894.0,2026-09-13 00:00:00+00:00
