ts,open,high,low,close,volume,dt
1694664000000,0.006899,0.006936,0.006846,0.006916,46167644.0,2023-09-14 04:00:00+00:00
1694678400000,0.006919,0.006977,0.006884,0.006972,92015138.0,2023-09-14 08:00:00+00:00
1694692800000,0.006972,0.007029,0.006915,0.006993,136473695.0,2023-09-14 12:00:00+00:00
1694707200000,0.006991,0.007037,0.006971,0.007006,51592958.0,2023-09-14 16:00:00+00:00
1694721600000,0.007005,0.007063,0.006974,0.007049,57141172.0,2023-09-14 20:00:00+00:00
1694736000000,0.007049,0.007153,0.007001,0.007096,128908919.0,2023-09-15 00:00:00+00:00
1694750400000,0.007096,0.007137,0.007027,0.007032,75479958.0,2023-09-15 04:00:00+00:00
1694764800000,0.007032,0.007106,0.007023,0.007039,52329689.0,2023-09-15 08:00:00+00:00
1694779200000,0.007041,0.007105,0.007019,0.007082,89210775.0,2023-09-15 12:00:00+00:00
1694793600000,0.007082,0.007188,0.007069,0.00718,77117310.0,2023-09-15 16:00:00+00:00
1694808000000,0.007183,0.007309,0.007168,0.00729,103658400.0,2023-09-15 20:00:00+00:00
1694822400000,0.007289,0.007417,0.007276,0.00732,152149997.0,2023-09-16 00:00:00+00:00
1694836800000,0.007321,0.007391,0.00729,0.007353,91175305.0,2023-09-16 04:00:00+00:00
1694851200000,0.007354,0.007356,0.007298,0.00734,66365342.0,2023-09-16 08:00:00+00:00
1694865600000,0.00734,0.007344,0.007232,0.00726,66935065.0,2023-09-16 12:00:00+00:00
1694880000000,0.007261,0.007306,0.007248,0.007267,52190382.0,2023-09-16 16:00:00+00:00
1694894400000,0.007266,0.007336,0.007264,0.007315,45566745.0,2023-09-16 20:00:00+00:00
1694908800000,0.007316,0.007318,0.007093,0.007217,135870999.0,2023-09-17 00:00:00+00:00
1694923200000,0.007218,0.007228,0.007123,0.00713,38376651.0,2023-09-17 04:00:00+00:00
1694937600000,0.007129,0.007168,0.007113,0.007119,36406477.0,2023-09-17 08:00:00+00:00
1694952000000,0.007119,0.007133,0.007072,0.007086,44404137.0,2023-09-17 12:00:00+00:00
1694966400000,0.007086,0.00709,0.00696,0.006997,92189351.0,2023-09-17 16:00:00+00:00
1694980800000,0.006997,0.006998,0.006846,0.006888,106637129.0,2023-09-17 20:00:00+00:00
1694995200000,0.006889,0.006996,0.006808,0.006991,124353324.0,2023-09-18 00:00:00+00:00
1695009600000,0.006991,0.007023,0.006965,0.006984,55901970.0,2023-09-18 04:00:00+00:00
1695024000000,0.006984,0.007136,0.006976,0.007135,97469728.0,2023-09-18 08:00:00+00:00
1695038400000,0.007136,0.007165,0.007092,0.007147,79615864.0,2023-09-18 12:00:00+00:00
1695052800000,0.007147,0.007197,0.007044,0.007103,104922211.0,2023-09-18 16:00:00+00:00
1695067200000,0.007104,0.007111,0.007043,0.007057,40720670.0,2023-09-18 20:00:00+00:00
1695081600000,0.007057,0.007101,0.007009,0.007096,70014869.0,2023-09-19 00:00:00+00:00
1695096000000,0.007095,0.007137,0.007072,0.007076,59589511.0,2023-09-19 04:00:00+00:00
1695110400000,0.007077,0.007264,0.007074,0.007164,148528582.0,2023-09-19 08:00:00+00:00
1695124800000,0.007165,0.007218,0.007122,0.007214,57605703.0,2023-09-19 12:00:00+00:00
1695139200000,0.007217,0.007219,0.007139,0.00716,30722624.0,2023-09-19 16:00:00+00:00
1695153600000,0.007161,0.007179,0.00713,0.007163,39298351.0,2023-09-19 20:00:00+00:00
1695168000000,0.007164,0.007236,0.007099,0.007114,94690273.0,2023-09-20 00:00:00+00:00
1695182400000,0.007114,0.007134,0.007068,0.007089,48053906.0,2023-09-20 04:00:00+00:00
1695196800000,0.007089,0.007099,0.007,0.007049,75118845.0,2023-09-20 08:00:00+00:00
1695211200000,0.00705,0.007159,0.007013,0.007151,113708235.0,2023-09-20 12:00:00+00:00
1695225600000,0.007151,0.007184,0.007036,0.007105,84975557.0,2023-09-20 16:00:00+00:00
1695240000000,0.0071,0.007224,0.007097,0.007216,63213227.0,2023-09-20 20:00:00+00:00
1695254400000,0.007216,0.007237,0.007144,0.007198,102731396.0,2023-09-21 00:00:00+00:00
1695268800000,0.007198,0.007214,0.007134,0.007163,81406358.0,2023-09-21 04:00:00+00:00
1695283200000,0.007163,0.007183,0.007003,0.007036,101684967.0,2023-09-21 08:00:00+00:00
1695297600000,0.007035,0.007092,0.006971,0.007065,155309893.0,2023-09-21 12:00:00+00:00
1695312000000,0.007067,0.007075,0.007023,0.007065,39980401.0,2023-09-21 16:00:00+00:00
1695326400000,0.007065,0.007073,0.007011,0.007027,77543540.0,2023-09-21 20:00:00+00:00
1695340800000,0.007027,0.007072,0.006964,0.007062,99861577.0,2023-09-22 00:00:00+00:00
1695355200000,0.007061,0.007075,0.007008,0.007057,67584049.0,2023-09-22 04:00:00+00:00
1695369600000,0.007059,0.007101,0.007049,0.007096,46508166.0,2023-09-22 08:00:00+00:00
1695384000000,0.007096,0.007143,0.007079,0.007105,87117131.0,2023-09-22 12:00:00+00:00
1695398400000,0.007105,0.007159,0.007081,0.007152,76969190.0,2023-09-22 16:00:00+00:00
1695412800000,0.007151,0.00722,0.007115,0.007215,61104445.0,2023-09-22 20:00:00+00:00
1695427200000,0.007216,0.007339,0.007192,0.007273,190360758.0,2023-09-23 00:00:00+00:00
1695441600000,0.007273,0.007325,0.007209,0.007297,178795313.0,2023-09-23 04:00:00+00:00
1695456000000,0.007298,0.007326,0.007254,0.007317,131730717.0,2023-09-23 08:00:00+00:00
1695470400000,0.007316,0.007344,0.007257,0.00728,149640554.0,2023-09-23 12:00:00+00:00
1695484800000,0.00728,0.007331,0.007248,0.007314,134659511.0,2023-09-23 16:00:00+00:00
1695499200000,0.007315,0.007329,0.007291,0.007299,49037752.0,2023-09-23 20:00:00+00:00
1695513600000,0.007299,0.007305,0.00723,0.007259,100585587.0,2023-09-24 00:00:00+00:00
1695528000000,0.00726,0.007277,0.007219,0.00725,76457937.0,2023-09-24 04:00:00+00:00
1695542400000,0.00725,0.007275,0.007225,0.007243,60438747.0,2023-09-24 08:00:00+00:00
1695556800000,0.007243,0.007252,0.007188,0.007197,89239235.0,2023-09-24 12:00:00+00:00
1695571200000,0.007197,0.007236,0.007139,0.007147,83236553.0,2023-09-24 16:00:00+00:00
1695585600000,0.007147,0.007174,0.007013,0.007069,95432840.0,2023-09-24 20:00:00+00:00
1695600000000,0.00707,0.007151,0.00699,0.007131,109252002.0,2023-09-25 00:00:00+00:00
1695614400000,0.007131,0.00717,0.007098,0.007132,69647548.0,2023-09-25 04:00:00+00:00
1695628800000,0.007133,0.00714,0.007059,0.007074,187335278.0,2023-09-25 08:00:00+00:00
1695643200000,0.007074,0.007152,0.007046,0.007146,113638496.0,2023-09-25 12:00:00+00:00
1695657600000,0.007147,0.007181,0.007133,0.00717,61068469.0,2023-09-25 16:00:00+00:00
1695672000000,0.00717,0.007194,0.007141,0.00719,35031979.0,2023-09-25 20:00:00+00:00
1695686400000,0.007191,0.00739,0.007159,0.00722,495225451.0,2023-09-26 00:00:00+00:00
1695700800000,0.007223,0.007226,0.007148,0.007164,98802499.0,2023-09-26 04:00:00+00:00
1695715200000,0.007164,0.007168,0.007078,0.007106,78528962.0,2023-09-26 08:00:00+00:00
1695729600000,0.007107,0.007138,0.00704,0.007048,83143814.0,2023-09-26 12:00:00+00:00
1695744000000,0.00705,0.007102,0.007041,0.007077,55926282.0,2023-09-26 16:00:00+00:00
1695758400000,0.007076,0.007084,0.007,0.007076,55495762.0,2023-09-26 20:00:00+00:00
1695772800000,0.007077,0.007123,0.007047,0.007106,149132362.0,2023-09-27 00:00:00+00:00
1695787200000,0.007107,0.007122,0.007036,0.007062,364387789.0,2023-09-27 04:00:00+00:00
1695801600000,0.007062,0.007158,0.00703,0.007148,212093895.0,2023-09-27 08:00:00+00:00
1695816000000,0.007148,0.007158,0.006951,0.007022,159637522.0,2023-09-27 12:00:00+00:00
1695830400000,0.007023,0.007033,0.00695,0.007004,62198893.0,2023-09-27 16:00:00+00:00
1695844800000,0.007004,0.007027,0.006959,0.007014,132390595.0,2023-09-27 20:00:00+00:00
1695859200000,0.007014,0.007071,0.006984,0.007003,415858865.0,2023-09-28 00:00:00+00:00
1695873600000,0.007002,0.007049,0.006972,0.007044,64440780.0,2023-09-28 04:00:00+00:00
1695888000000,0.007045,0.007094,0.006996,0.007057,162810200.0,2023-09-28 08:00:00+00:00
1695902400000,0.007059,0.007142,0.007059,0.007134,79898530.0,2023-09-28 12:00:00+00:00
1695916800000,0.007136,0.007177,0.007081,0.007152,87928766.0,2023-09-28 16:00:00+00:00
1695931200000,0.007154,0.007179,0.007103,0.007179,65316042.0,2023-09-28 20:00:00+00:00
1695945600000,0.007179,0.007887,0.007176,0.007741,5031042823.0,2023-09-29 00:00:00+00:00
1695960000000,0.007742,0.008232,0.00764,0.007921,4750903884.0,2023-09-29 04:00:00+00:00
1695974400000,0.007921,0.008044,0.007693,0.007764,3477960895.0,2023-09-29 08:00:00+00:00
1695988800000,0.007765,0.007794,0.007509,0.007573,1937493675.0,2023-09-29 12:00:00+00:00
1696003200000,0.007573,0.007575,0.007462,0.007523,730882279.0,2023-09-29 16:00:00+00:00
1696017600000,0.007523,0.007585,0.00751,0.007562,333350049.0,2023-09-29 20:00:00+00:00
1696032000000,0.007561,0.007564,0.007245,0.0073,855815066.0,2023-09-30 00:00:00+00:00
1696046400000,0.007299,0.007397,0.007291,0.007318,461026283.0,2023-09-30 04:00:00+00:00
1696060800000,0.007318,0.007354,0.007269,0.007281,476210719.0,2023-09-30 08:00:00+00:00
1696075200000,0.00728,0.007356,0.007267,0.007336,303858604.0,2023-09-30 12:00:00+00:00
1696089600000,0.007335,0.007433,0.007328,0.007429,321948834.0,2023-09-30 16:00:00+00:00
1696104000000,0.007429,0.007461,0.007379,0.007416,259044101.0,2023-09-30 20:00:00+00:00
1696118400000,0.007417,0.007478,0.007399,0.007478,240300691.0,2023-10-01 00:00:00+00:00
1696132800000,0.007478,0.007542,0.007428,0.007506,352235364.0,2023-10-01 04:00:00+00:00
1696147200000,0.007506,0.007619,0.0075,0.007591,418979236.0,2023-10-01 08:00:00+00:00
1696161600000,0.007592,0.007616,0.007471,0.007521,371394270.0,2023-10-01 12:00:00+00:00
1696176000000,0.007521,0.007551,0.007434,0.007539,308856538.0,2023-10-01 16:00:00+00:00
1696190400000,0.007539,0.007716,0.007507,0.00764,320761752.0,2023-10-01 20:00:00+00:00
1696204800000,0.007642,0.007661,0.007562,0.007575,511270325.0,2023-10-02 00:00:00+00:00
1696219200000,0.007576,0.007578,0.007461,0.007505,283992603.0,2023-10-02 04:00:00+00:00
1696233600000,0.007508,0.007553,0.007402,0.00742,317964664.0,2023-10-02 08:00:00+00:00
1696248000000,0.007422,0.00745,0.007287,0.007329,374371539.0,2023-10-02 12:00:00+00:00
1696262400000,0.007328,0.00738,0.00708,0.007244,440774264.0,2023-10-02 16:00:00+00:00
1696276800000,0.007244,0.007258,0.007147,0.007225,135592697.0,2023-10-02 20:00:00+00:00
1696291200000,0.007226,0.007327,0.007189,0.007257,648485820.0,2023-10-03 00:00:00+00:00
1696305600000,0.007258,0.007272,0.007189,0.007201,128501797.0,2023-10-03 04:00:00+00:00
1696320000000,0.007202,0.007273,0.007172,0.007192,197154404.0,2023-10-03 08:00:00+00:00
1696334400000,0.007193,0.007266,0.007145,0.007172,216604247.0,2023-10-03 12:00:00+00:00
1696348800000,0.007172,0.007255,0.007157,0.007169,134852524.0,2023-10-03 16:00:00+00:00
1696363200000,0.00717,0.007207,0.007109,0.00712,157384086.0,2023-10-03 20:00:00+00:00
1696377600000,0.007121,0.007121,0.006758,0.006996,550003520.0,2023-10-04 00:00:00+00:00
1696392000000,0.006995,0.007012,0.006925,0.006991,172435751.0,2023-10-04 04:00:00+00:00
1696406400000,0.006992,0.007059,0.006974,0.007031,189948550.0,2023-10-04 08:00:00+00:00
1696420800000,0.00703,0.007061,0.006971,0.006982,143043681.0,2023-10-04 12:00:00+00:00
1696435200000,0.006981,0.007059,0.006977,0.007014,109438306.0,2023-10-04 16:00:00+00:00
1696449600000,0.007014,0.007107,0.007006,0.007055,204289210.0,2023-10-04 20:00:00+00:00
1696464000000,0.007056,0.007079,0.007001,0.007033,115417579.0,2023-10-05 00:00:00+00:00
1696478400000,0.007033,0.007052,0.006995,0.00702,63469521.0,2023-10-05 04:00:00+00:00
1696492800000,0.007018,0.007049,0.006997,0.007008,64924355.0,2023-10-05 08:00:00+00:00
1696507200000,0.007008,0.007052,0.006915,0.006981,157026834.0,2023-10-05 12:00:00+00:00
1696521600000,0.00698,0.007016,0.006934,0.006989,88922442.0,2023-10-05 16:00:00+00:00
1696536000000,0.006989,0.007021,0.006966,0.006972,76429536.0,2023-10-05 20:00:00+00:00
1696550400000,0.006974,0.007043,0.006965,0.007035,74120150.0,2023-10-06 00:00:00+00:00
1696564800000,0.007035,0.007057,0.006997,0.007051,63414420.0,2023-10-06 04:00:00+00:00
1696579200000,0.007051,0.007073,0.007023,0.00705,98835191.0,2023-10-06 08:00:00+00:00
1696593600000,0.00705,0.007125,0.006977,0.007107,175546534.0,2023-10-06 12:00:00+00:00
1696608000000,0.007107,0.00715,0.007074,0.00713,102301057.0,2023-10-06 16:00:00+00:00
1696622400000,0.007129,0.007175,0.007124,0.007153,86553952.0,2023-10-06 20:00:00+00:00
1696636800000,0.007153,0.007179,0.007128,0.007132,73616522.0,2023-10-07 00:00:00+00:00
1696651200000,0.007131,0.007191,0.007125,0.007131,53482949.0,2023-10-07 04:00:00+00:00
1696665600000,0.00713,0.007176,0.007118,0.007139,57426036.0,2023-10-07 08:00:00+00:00
1696680000000,0.007141,0.007176,0.007125,0.007146,52749788.0,2023-10-07 12:00:00+00:00
1696694400000,0.007146,0.007167,0.007078,0.007084,63140904.0,2023-10-07 16:00:00+00:00
1696708800000,0.007083,0.007146,0.007074,0.007146,57610726.0,2023-10-07 20:00:00+00:00
1696723200000,0.007145,0.007155,0.007104,0.007139,76454622.0,2023-10-08 00:00:00+00:00
1696737600000,0.00714,0.007142,0.00706,0.00708,71550434.0,2023-10-08 04:00:00+00:00
1696752000000,0.007081,0.007119,0.007018,0.007041,66056636.0,2023-10-08 08:00:00+00:00
1696766400000,0.007041,0.007105,0.007032,0.007088,68949499.0,2023-10-08 12:00:00+00:00
1696780800000,0.007089,0.007186,0.007086,0.007177,88281324.0,2023-10-08 16:00:00+00:00
1696795200000,0.007177,0.007193,0.007133,0.007175,85404221.0,2023-10-08 20:00:00+00:00
1696809600000,0.007176,0.007198,0.007108,0.007166,100325794.0,2023-10-09 00:00:00+00:00
1696824000000,0.007167,0.007202,0.007096,0.007099,102244169.0,2023-10-09 04:00:00+00:00
1696838400000,0.007098,0.007106,0.006834,0.006863,332443871.0,2023-10-09 08:00:00+00:00
1696852800000,0.006862,0.006901,0.006823,0.006827,108593129.0,2023-10-09 12:00:00+00:00
1696867200000,0.006827,0.00687,0.006671,0.006859,330930058.0,2023-10-09 16:00:00+00:00
1696881600000,0.00686,0.00688,0.006804,0.006869,75533397.0,2023-10-09 20:00:00+00:00
1696896000000,0.006868,0.006911,0.006828,0.006884,116939721.0,2023-10-10 00:00:00+00:00
1696910400000,0.006884,0.006941,0.006829,0.006911,80246116.0,2023-10-10 04:00:00+00:00
1696924800000,0.006911,0.006931,0.006815,0.006828,185335598.0,2023-10-10 08:00:00+00:00
1696939200000,0.006828,0.006864,0.006773,0.006792,182868265.0,2023-10-10 12:00:00+00:00
1696953600000,0.006792,0.006849,0.00677,0.006813,107302189.0,2023-10-10 16:00:00+00:00
1696968000000,0.006813,0.006858,0.00674,0.006818,99607950.0,2023-10-10 20:00:00+00:00
1696982400000,0.006818,0.006886,0.006708,0.006742,205137167.0,2023-10-11 00:00:00+00:00
1696996800000,0.006743,0.006795,0.006734,0.006762,113522931.0,2023-10-11 04:00:00+00:00
1697011200000,0.006762,0.00685,0.006756,0.006827,51405743.0,2023-10-11 08:00:00+00:00
1697025600000,0.006826,0.006841,0.006714,0.006749,120481965.0,2023-10-11 12:00:00+00:00
1697040000000,0.006748,0.006821,0.006725,0.006812,90897113.0,2023-10-11 16:00:00+00:00
1697054400000,0.006813,0.006852,0.006788,0.00685,42833862.0,2023-10-11 20:00:00+00:00
1697068800000,0.00685,0.00685,0.006756,0.006809,76754360.0,2023-10-12 00:00:00+00:00
1697083200000,0.00681,0.006856,0.006796,0.006848,58731223.0,2023-10-12 04:00:00+00:00
1697097600000,0.006847,0.007135,0.006761,0.006799,2232732675.0,2023-10-12 08:00:00+00:00
1697112000000,0.0068,0.006907,0.00676,0.006823,519486062.0,2023-10-12 12:00:00+00:00
1697126400000,0.00682,0.006893,0.006779,0.006858,220601723.0,2023-10-12 16:00:00+00:00
1697140800000,0.006858,0.006871,0.006805,0.006855,134013922.0,2023-10-12 20:00:00+00:00
1697155200000,0.006856,0.007164,0.006815,0.006971,795276099.0,2023-10-13 00:00:00+00:00
1697169600000,0.006971,0.007113,0.006938,0.007038,471087523.0,2023-10-13 04:00:00+00:00
1697184000000,0.007039,0.007044,0.006912,0.006927,267686147.0,2023-10-13 08:00:00+00:00
1697198400000,0.006928,0.006982,0.006924,0.006956,178352986.0,2023-10-13 12:00:00+00:00
1697212800000,0.006956,0.007019,0.006953,0.00699,127198753.0,2023-10-13 16:00:00+00:00
1697227200000,0.006989,0.007114,0.006982,0.007034,165424364.0,2023-10-13 20:00:00+00:00
1697241600000,0.007035,0.007035,0.006934,0.006971,159757124.0,2023-10-14 00:00:00+00:00
1697256000000,0.006971,0.006973,0.006902,0.006929,105396651.0,2023-10-14 04:00:00+00:00
1697270400000,0.00693,0.006957,0.006903,0.006936,92605420.0,2023-10-14 08:00:00+00:00
1697284800000,0.006936,0.006936,0.006875,0.006928,164081657.0,2023-10-14 12:00:00+00:00
1697299200000,0.006929,0.006961,0.00691,0.006955,98272805.0,2023-10-14 16:00:00+00:00
1697313600000,0.006956,0.006973,0.006942,0.006944,68219090.0,2023-10-14 20:00:00+00:00
1697328000000,0.006945,0.00703,0.006941,0.007002,145454500.0,2023-10-15 00:00:00+00:00
1697342400000,0.007003,0.00706,0.006983,0.007057,132342617.0,2023-10-15 04:00:00+00:00
1697356800000,0.007057,0.007111,0.007031,0.007058,157079888.0,2023-10-15 08:00:00+00:00
1697371200000,0.007058,0.007113,0.006987,0.007059,287155700.0,2023-10-15 12:00:00+00:00
1697385600000,0.007057,0.007135,0.007049,0.007116,116607621.0,2023-10-15 16:00:00+00:00
1697400000000,0.007115,0.007181,0.007113,0.007171,147014813.0,2023-10-15 20:00:00+00:00
1697414400000,0.007172,0.0072,0.007111,0.007172,203323166.0,2023-10-16 00:00:00+00:00
1697428800000,0.007173,0.007287,0.007138,0.007233,251710002.0,2023-10-16 04:00:00+00:00
1697443200000,0.007235,0.007253,0.007183,0.007215,152641103.0,2023-10-16 08:00:00+00:00
1697457600000,0.007215,0.007422,0.007107,0.007149,530470385.0,2023-10-16 12:00:00+00:00
1697472000000,0.007149,0.007279,0.007142,0.007218,168769355.0,2023-10-16 16:00:00+00:00
1697486400000,0.00722,0.007258,0.007171,0.007223,113436517.0,2023-10-16 20:00:00+00:00
1697500800000,0.007224,0.007246,0.007166,0.007173,129786783.0,2023-10-17 00:00:00+00:00
1697515200000,0.007173,0.007187,0.007068,0.007135,174284287.0,2023-10-17 04:00:00+00:00
1697529600000,0.007135,0.007156,0.007109,0.007128,106627536.0,2023-10-17 08:00:00+00:00
1697544000000,0.00713,0.007139,0.006956,0.007081,192200334.0,2023-10-17 12:00:00+00:00
1697558400000,0.007082,0.007114,0.007042,0.00708,114977944.0,2023-10-17 16:00:00+00:00
1697572800000,0.00708,0.007133,0.007059,0.007125,71685776.0,2023-10-17 20:00:00+00:00
1697587200000,0.007124,0.007245,0.007088,0.007224,242836292.0,2023-10-18 00:00:00+00:00
1697601600000,0.007225,0.007353,0.007209,0.007313,348511111.0,2023-10-18 04:00:00+00:00
1697616000000,0.007312,0.007385,0.007282,0.007308,320066634.0,2023-10-18 08:00:00+00:00
1697630400000,0.007308,0.007315,0.007192,0.007215,264109743.0,2023-10-18 12:00:00+00:00
1697644800000,0.007216,0.007398,0.007211,0.00729,560923707.0,2023-10-18 16:00:00+00:00
1697659200000,0.007291,0.007356,0.007259,0.007327,195807218.0,2023-10-18 20:00:00+00:00
1697673600000,0.007326,0.007337,0.007103,0.007188,361200392.0,2023-10-19 00:00:00+00:00
1697688000000,0.007189,0.007227,0.00714,0.007209,110922593.0,2023-10-19 04:00:00+00:00
1697702400000,0.00721,0.007223,0.00712,0.007123,134730211.0,2023-10-19 08:00:00+00:00
1697716800000,0.007122,0.007338,0.007086,0.007237,420377871.0,2023-10-19 12:00:00+00:00
1697731200000,0.007237,0.007278,0.007194,0.007228,110190303.0,2023-10-19 16:00:00+00:00
1697745600000,0.007226,0.007255,0.007168,0.007198,68550457.0,2023-10-19 20:00:00+00:00
1697760000000,0.007198,0.007386,0.007155,0.007364,143094581.0,2023-10-20 00:00:00+00:00
1697774400000,0.007365,0.007429,0.007327,0.00741,163475730.0,2023-10-20 04:00:00+00:00
1697788800000,0.007407,0.007584,0.007401,0.007538,329974402.0,2023-10-20 08:00:00+00:00
1697803200000,0.007538,0.007702,0.007473,0.007662,629872879.0,2023-10-20 12:00:00+00:00
1697817600000,0.007663,0.007686,0.00761,0.007618,186162274.0,2023-10-20 16:00:00+00:00
1697832000000,0.007619,0.007666,0.007588,0.007659,97795400.0,2023-10-20 20:00:00+00:00
1697846400000,0.00766,0.007676,0.007605,0.007657,152198936.0,2023-10-21 00:00:00+00:00
1697860800000,0.007658,0.007767,0.007657,0.007749,241450942.0,2023-10-21 04:00:00+00:00
1697875200000,0.00775,0.0078,0.007717,0.007783,176918779.0,2023-10-21 08:00:00+00:00
1697889600000,0.007786,0.007914,0.007785,0.007875,223227961.0,2023-10-21 12:00:00+00:00
1697904000000,0.007878,0.007908,0.007783,0.007813,149955562.0,2023-10-21 16:00:00+00:00
1697918400000,0.007814,0.007901,0.007769,0.007857,172275762.0,2023-10-21 20:00:00+00:00
1697932800000,0.007857,0.007915,0.007756,0.007819,199214038.0,2023-10-22 00:00:00+00:00
1697947200000,0.00782,0.007872,0.007532,0.007634,242503945.0,2023-10-22 04:00:00+00:00
1697961600000,0.007633,0.007668,0.007543,0.007607,175748202.0,2023-10-22 08:00:00+00:00
1697976000000,0.007607,0.007651,0.007539,0.007565,133233333.0,2023-10-22 12:00:00+00:00
1697990400000,0.007565,0.007632,0.007559,0.007574,101500268.0,2023-10-22 16:00:00+00:00
1698004800000,0.007576,0.007728,0.00754,0.007718,210657403.0,2023-10-22 20:00:00+00:00
1698019200000,0.007719,0.007807,0.007661,0.007717,204044380.0,2023-10-23 00:00:00+00:00
1698033600000,0.007717,0.007751,0.00757,0.007624,188306541.0,2023-10-23 04:00:00+00:00
1698048000000,0.007621,0.007658,0.007533,0.007631,116282670.0,2023-10-23 08:00:00+00:00
1698062400000,0.007632,0.007696,0.007583,0.007671,251393524.0,2023-10-23 12:00:00+00:00
1698076800000,0.007672,0.007768,0.007634,0.007761,213220548.0,2023-10-23 16:00:00+00:00
1698091200000,0.00776,0.008083,0.007716,0.008002,318294256.0,2023-10-23 20:00:00+00:00
1698105600000,0.008003,0.008163,0.007963,0.007977,275080014.0,2023-10-24 00:00:00+00:00
1698120000000,0.007981,0.00806,0.00782,0.007855,224138519.0,2023-10-24 04:00:00+00:00
1698134400000,0.00786,0.008104,0.007855,0.008103,187398030.0,2023-10-24 08:00:00+00:00
1698148800000,0.008102,0.008235,0.007707,0.007874,514055240.0,2023-10-24 12:00:00+00:00
1698163200000,0.007875,0.008002,0.007791,0.007981,227539492.0,2023-10-24 16:00:00+00:00
1698177600000,0.007979,0.008044,0.007883,0.008009,93492484.0,2023-10-24 20:00:00+00:00
1698192000000,0.008009,0.008137,0.007958,0.008011,114757124.0,2023-10-25 00:00:00+00:00
1698206400000,0.008015,0.008075,0.007818,0.007875,153407402.0,2023-10-25 04:00:00+00:00
1698220800000,0.007873,0.008039,0.007798,0.007986,102809320.0,2023-10-25 08:00:00+00:00
1698235200000,0.007986,0.00815,0.007982,0.008117,260275287.0,2023-10-25 12:00:00+00:00
1698249600000,0.008119,0.008152,0.007895,0.008017,203978680.0,2023-10-25 16:00:00+00:00
1698264000000,0.008018,0.008042,0.007927,0.00804,78361819.0,2023-10-25 20:00:00+00:00
1698278400000,0.008039,0.008165,0.007949,0.008156,373694562.0,2023-10-26 00:00:00+00:00
1698292800000,0.008154,0.008201,0.008007,0.008194,191656309.0,2023-10-26 04:00:00+00:00
1698307200000,0.008192,0.008251,0.007967,0.008029,251487761.0,2023-10-26 08:00:00+00:00
1698321600000,0.008026,0.008146,0.007649,0.007807,344116154.0,2023-10-26 12:00:00+00:00
1698336000000,0.007807,0.0079,0.00776,0.00788,152222528.0,2023-10-26 16:00:00+00:00
1698350400000,0.007879,0.007988,0.007873,0.007925,75349928.0,2023-10-26 20:00:00+00:00
1698364800000,0.007925,0.007936,0.007683,0.007826,151060261.0,2023-10-27 00:00:00+00:00
1698379200000,0.007826,0.007891,0.007748,0.007818,120871296.0,2023-10-27 04:00:00+00:00
1698393600000,0.007816,0.007938,0.007755,0.007859,93630090.0,2023-10-27 08:00:00+00:00
1698408000000,0.00786,0.007991,0.007824,0.007897,118685052.0,2023-10-27 12:00:00+00:00
1698422400000,0.007895,0.00791,0.007622,0.007729,200094678.0,2023-10-27 16:00:00+00:00
1698436800000,0.007729,0.00776,0.007713,0.007748,64825229.0,2023-10-27 20:00:00+00:00
1698451200000,0.007748,0.007907,0.007725,0.007896,85643869.0,2023-10-28 00:00:00+00:00
1698465600000,0.007896,0.008034,0.007837,0.008002,174969715.0,2023-10-28 04:00:00+00:00
1698480000000,0.008001,0.008113,0.007976,0.00806,244073374.0,2023-10-28 08:00:00+00:00
1698494400000,0.008058,0.008112,0.00799,0.008045,170844966.0,2023-10-28 12:00:00+00:00
1698508800000,0.008046,0.008087,0.007992,0.008036,78454959.0,2023-10-28 16:00:00+00:00
1698523200000,0.008035,0.008098,0.007997,0.008031,90870573.0,2023-10-28 20:00:00+00:00
1698537600000,0.008029,0.008064,0.007908,0.008035,208846163.0,2023-10-29 00:00:00+00:00
1698552000000,0.008036,0.008222,0.008,0.00817,202096625.0,2023-10-29 04:00:00+00:00
1698566400000,0.00817,0.008324,0.008169,0.008201,185940367.0,2023-10-29 08:00:00+00:00
1698580800000,0.008202,0.008304,0.008172,0.008266,144253861.0,2023-10-29 12:00:00+00:00
1698595200000,0.008267,0.008344,0.008236,0.008285,91636625.0,2023-10-29 16:00:00+00:00
1698609600000,0.008284,0.008354,0.008222,0.008259,79669658.0,2023-10-29 20:00:00+00:00
1698624000000,0.008263,0.008293,0.00815,0.008187,137715313.0,2023-10-30 00:00:00+00:00
1698638400000,0.008187,0.008243,0.008069,0.008116,140458460.0,2023-10-30 04:00:00+00:00
1698652800000,0.008117,0.008308,0.008095,0.008294,126808155.0,2023-10-30 08:00:00+00:00
1698667200000,0.008293,0.00833,0.008185,0.008215,97239831.0,2023-10-30 12:00:00+00:00
1698681600000,0.008216,0.008256,0.008014,0.008252,126921676.0,2023-10-30 16:00:00+00:00
1698696000000,0.008253,0.008277,0.008205,0.008265,57307785.0,2023-10-30 20:00:00+00:00
1698710400000,0.008264,0.008384,0.008212,0.008213,137436079.0,2023-10-31 00:00:00+00:00
1698724800000,0.008214,0.008295,0.008122,0.008127,114418521.0,2023-10-31 04:00:00+00:00
1698739200000,0.008127,0.008248,0.00803,0.008213,113573931.0,2023-10-31 08:00:00+00:00
1698753600000,0.008216,0.008241,0.00765,0.007838,336077105.0,2023-10-31 12:00:00+00:00
1698768000000,0.007837,0.008011,0.007796,0.007989,108541819.0,2023-10-31 16:00:00+00:00
1698782400000,0.007989,0.00825,0.00798,0.008246,157806650.0,2023-10-31 20:00:00+00:00
1698796800000,0.008248,0.008313,0.00807,0.00809,136988567.0,2023-11-01 00:00:00+00:00
1698811200000,0.008086,0.00816,0.007979,0.008048,93289128.0,2023-11-01 04:00:00+00:00
1698825600000,0.008043,0.008101,0.007965,0.008022,94037281.0,2023-11-01 08:00:00+00:00
1698840000000,0.008023,0.008208,0.007941,0.008054,204817413.0,2023-11-01 12:00:00+00:00
1698854400000,0.008053,0.008442,0.008053,0.008387,176509411.0,2023-11-01 16:00:00+00:00
1698868800000,0.00839,0.008513,0.008355,0.00843,120994328.0,2023-11-01 20:00:00+00:00
1698883200000,0.00843,0.008522,0.00838,0.008452,122394374.0,2023-11-02 00:00:00+00:00
1698897600000,0.008453,0.008513,0.008324,0.008409,146771102.0,2023-11-02 04:00:00+00:00
1698912000000,0.008409,0.008613,0.008363,0.008602,193802832.0,2023-11-02 08:00:00+00:00
1698926400000,0.008604,0.008604,0.008266,0.008294,272906696.0,2023-11-02 12:00:00+00:00
1698940800000,0.00829,0.00848,0.008189,0.008474,274310653.0,2023-11-02 16:00:00+00:00
1698955200000,0.008474,0.008483,0.008353,0.008421,52400959.0,2023-11-02 20:00:00+00:00
1698969600000,0.008421,0.008445,0.008139,0.008357,158011496.0,2023-11-03 00:00:00+00:00
1698984000000,0.008354,0.008406,0.008217,0.00837,133561194.0,2023-11-03 04:00:00+00:00
1698998400000,0.008368,0.008409,0.00818,0.008241,134604633.0,2023-11-03 08:00:00+00:00
1699012800000,0.00824,0.008498,0.008199,0.00848,160050653.0,2023-11-03 12:00:00+00:00
1699027200000,0.008478,0.008501,0.008343,0.008434,109203189.0,2023-11-03 16:00:00+00:00
1699041600000,0.008438,0.008528,0.008418,0.008494,100265300.0,2023-11-03 20:00:00+00:00
1699056000000,0.008493,0.008566,0.008456,0.008536,124477505.0,2023-11-04 00:00:00+00:00
1699070400000,0.008537,0.008796,0.008482,0.008756,251871088.0,2023-11-04 04:00:00+00:00
1699084800000,0.008756,0.008914,0.008697,0.008837,345488269.0,2023-11-04 08:00:00+00:00
1699099200000,0.008837,0.008839,0.008576,0.008679,263098686.0,2023-11-04 12:00:00+00:00
1699113600000,0.008679,0.008712,0.008629,0.008663,105651956.0,2023-11-04 16:00:00+00:00
1699128000000,0.008663,0.008796,0.008641,0.008747,86878862.0,2023-11-04 20:00:00+00:00
1699142400000,0.008746,0.008855,0.008683,0.008847,185341724.0,2023-11-05 00:00:00+00:00
1699156800000,0.008848,0.008854,0.008699,0.008785,127761048.0,2023-11-05 04:00:00+00:00
1699171200000,0.008784,0.008829,0.00868,0.008819,158396448.0,2023-11-05 08:00:00+00:00
1699185600000,0.008821,0.009047,0.008666,0.008788,460315141.0,2023-11-05 12:00:00+00:00
1699200000000,0.008789,0.008895,0.008767,0.008797,109860893.0,2023-11-05 16:00:00+00:00
1699214400000,0.008792,0.00885,0.008594,0.008772,145679844.0,2023-11-05 20:00:00+00:00
1699228800000,0.008772,0.008981,0.008711,0.008933,249155432.0,2023-11-06 00:00:00+00:00
1699243200000,0.008933,0.008947,0.008724,0.00887,181453094.0,2023-11-06 04:00:00+00:00
1699257600000,0.008872,0.009007,0.008812,0.008948,176183128.0,2023-11-06 08:00:00+00:00
1699272000000,0.008947,0.009036,0.008907,0.008968,137842772.0,2023-11-06 12:00:00+00:00
1699286400000,0.008971,0.008999,0.008875,0.008996,99070946.0,2023-11-06 16:00:00+00:00
1699300800000,0.008996,0.009197,0.008898,0.009138,343080365.0,2023-11-06 20:00:00+00:00
1699315200000,0.009139,0.009143,0.008865,0.008983,185834049.0,2023-11-07 00:00:00+00:00
1699329600000,0.008984,0.00905,0.00891,0.009009,98316347.0,2023-11-07 04:00:00+00:00
1699344000000,0.009009,0.009053,0.008771,0.008834,262716299.0,2023-11-07 08:00:00+00:00
1699358400000,0.008836,0.00892,0.008668,0.008764,166401641.0,2023-11-07 12:00:00+00:00
1699372800000,0.008764,0.009057,0.008702,0.009022,181962693.0,2023-11-07 16:00:00+00:00
1699387200000,0.009021,0.009065,0.008943,0.008999,102972810.0,2023-11-07 20:00:00+00:00
1699401600000,0.008996,0.009022,0.008902,0.008945,74793750.0,2023-11-08 00:00:00+00:00
1699416000000,0.008945,0.009018,0.008878,0.00899,111027712.0,2023-11-08 04:00:00+00:00
1699430400000,0.00899,0.009105,0.008985,0.009023,92247039.0,2023-11-08 08:00:00+00:00
1699444800000,0.009021,0.009112,0.008974,0.009021,123854007.0,2023-11-08 12:00:00+00:00
1699459200000,0.009022,0.009265,0.009021,0.009227,176809018.0,2023-11-08 16:00:00+00:00
1699473600000,0.00923,0.009236,0.009123,0.009181,91653272.0,2023-11-08 20:00:00+00:00
1699488000000,0.00918,0.009404,0.009128,0.009365,170169281.0,2023-11-09 00:00:00+00:00
1699502400000,0.009366,0.009489,0.009328,0.009372,111927709.0,2023-11-09 04:00:00+00:00
1699516800000,0.00937,0.009478,0.009299,0.009352,120824686.0,2023-11-09 08:00:00+00:00
1699531200000,0.009351,0.009622,0.009218,0.009379,408052471.0,2023-11-09 12:00:00+00:00
1699545600000,0.009378,0.009438,0.008116,0.00873,873293687.0,2023-11-09 16:00:00+00:00
1699560000000,0.008731,0.009049,0.008555,0.009038,302170685.0,2023-11-09 20:00:00+00:00
1699574400000,0.009037,0.009375,0.008977,0.009191,216822601.0,2023-11-10 00:00:00+00:00
1699588800000,0.009191,0.009341,0.009154,0.009252,252239598.0,2023-11-10 04:00:00+00:00
1699603200000,0.009252,0.009417,0.00908,0.009355,189743110.0,2023-11-10 08:00:00+00:00
1699617600000,0.009356,0.00938,0.008924,0.0091,205640001.0,2023-11-10 12:00:00+00:00
1699632000000,0.009162,0.009396,0.009157,0.009357,152255623.0,2023-11-10 16:00:00+00:00
1699646400000,0.009359,0.00949,0.00931,0.009464,134487579.0,2023-11-10 20:00:00+00:00
1699660800000,0.009464,0.00959,0.009316,0.009451,267187687.0,2023-11-11 00:00:00+00:00
1699675200000,0.009451,0.009519,0.009234,0.009468,227064319.0,2023-11-11 04:00:00+00:00
1699689600000,0.009467,0.009757,0.009447,0.009687,207986720.0,2023-11-11 08:00:00+00:00
1699704000000,0.009688,0.009883,0.009617,0.009821,191519628.0,2023-11-11 12:00:00+00:00
1699718400000,0.009819,0.009893,0.00974,0.009867,110258605.0,2023-11-11 16:00:00+00:00
1699732800000,0.009869,0.009873,0.009671,0.009822,123000158.0,2023-11-11 20:00:00+00:00
1699747200000,0.009822,0.011615,0.009796,0.010247,4362318326.0,2023-11-12 00:00:00+00:00
1699761600000,0.010246,0.010284,0.01,0.010135,507972353.0,2023-11-12 04:00:00+00:00
1699776000000,0.010134,0.01019,0.009994,0.01001,384947778.0,2023-11-12 08:00:00+00:00
1699790400000,0.010011,0.010065,0.009689,0.00978,408970869.0,2023-11-12 12:00:00+00:00
1699804800000,0.009782,0.009877,0.009724,0.009796,195750177.0,2023-11-12 16:00:00+00:00
1699819200000,0.009795,0.009914,0.009729,0.009838,209262284.0,2023-11-12 20:00:00+00:00
1699833600000,0.009837,0.009878,0.009402,0.009441,542389491.0,2023-11-13 00:00:00+00:00
1699848000000,0.009445,0.009599,0.009378,0.009539,289827297.0,2023-11-13 04:00:00+00:00
1699862400000,0.009541,0.009648,0.009402,0.009449,175379276.0,2023-11-13 08:00:00+00:00
1699876800000,0.009449,0.009566,0.009171,0.009553,349517019.0,2023-11-13 12:00:00+00:00
1699891200000,0.009549,0.009621,0.009364,0.00956,197194975.0,2023-11-13 16:00:00+00:00
1699905600000,0.009563,0.009591,0.009159,0.009284,306506272.0,2023-11-13 20:00:00+00:00
1699920000000,0.009286,0.009345,0.009072,0.009294,260252859.0,2023-11-14 00:00:00+00:00
1699934400000,0.009296,0.009444,0.009229,0.009381,215979849.0,2023-11-14 04:00:00+00:00
1699948800000,0.009381,0.009403,0.009007,0.00908,251650490.0,2023-11-14 08:00:00+00:00
1699963200000,0.00908,0.009358,0.009054,0.009227,289557643.0,2023-11-14 12:00:00+00:00
1699977600000,0.00923,0.009326,0.008539,0.008741,666524233.0,2023-11-14 16:00:00+00:00
1699992000000,0.008741,0.009034,0.008727,0.009005,299109720.0,2023-11-14 20:00:00+00:00
1700006400000,0.009008,0.009145,0.008974,0.00898,170988056.0,2023-11-15 00:00:00+00:00
1700020800000,0.008979,0.009189,0.008974,0.009153,148652020.0,2023-11-15 04:00:00+00:00
1700035200000,0.009153,0.009321,0.009143,0.009294,113909023.0,2023-11-15 08:00:00+00:00
1700049600000,0.009296,0.00931,0.00917,0.009289,126657062.0,2023-11-15 12:00:00+00:00
1700064000000,0.009288,0.009384,0.009165,0.009383,226615119.0,2023-11-15 16:00:00+00:00
1700078400000,0.009383,0.009409,0.009257,0.00937,110172094.0,2023-11-15 20:00:00+00:00
1700092800000,0.009369,0.009444,0.009288,0.00943,163902927.0,2023-11-16 00:00:00+00:00
1700107200000,0.009429,0.009553,0.009406,0.009519,128882665.0,2023-11-16 04:00:00+00:00
1700121600000,0.009516,0.009549,0.009313,0.009374,168652594.0,2023-11-16 08:00:00+00:00
1700136000000,0.009376,0.00938,0.009055,0.009172,304100132.0,2023-11-16 12:00:00+00:00
1700150400000,0.009172,0.009323,0.008936,0.00918,229260953.0,2023-11-16 16:00:00+00:00
1700164800000,0.00918,0.009253,0.009017,0.009169,162050151.0,2023-11-16 20:00:00+00:00
1700179200000,0.009169,0.009405,0.009152,0.009309,107465862.0,2023-11-17 00:00:00+00:00
1700193600000,0.00931,0.009372,0.009223,0.009241,82668301.0,2023-11-17 04:00:00+00:00
1700208000000,0.009238,0.009357,0.009103,0.009178,139638675.0,2023-11-17 08:00:00+00:00
1700222400000,0.009185,0.009298,0.008784,0.008813,335748659.0,2023-11-17 12:00:00+00:00
1700236800000,0.008818,0.009147,0.008787,0.009082,225672334.0,2023-11-17 16:00:00+00:00
1700251200000,0.009085,0.00926,0.009052,0.009253,84545493.0,2023-11-17 20:00:00+00:00
1700265600000,0.009254,0.009273,0.009075,0.009088,154987623.0,2023-11-18 00:00:00+00:00
1700280000000,0.009086,0.009166,0.008793,0.009056,147610621.0,2023-11-18 04:00:00+00:00
1700294400000,0.009056,0.009091,0.008984,0.009,76026694.0,2023-11-18 08:00:00+00:00
1700308800000,0.009,0.009103,0.008887,0.009099,147197546.0,2023-11-18 12:00:00+00:00
1700323200000,0.009102,0.00918,0.00904,0.009151,110766568.0,2023-11-18 16:00:00+00:00
1700337600000,0.009154,0.009165,0.009057,0.009154,69274714.0,2023-11-18 20:00:00+00:00
1700352000000,0.009154,0.009155,0.00894,0.009097,108885641.0,2023-11-19 00:00:00+00:00
1700366400000,0.009097,0.009218,0.009061,0.009185,100731689.0,2023-11-19 04:00:00+00:00
1700380800000,0.009184,0.009247,0.009077,0.009153,83826054.0,2023-11-19 08:00:00+00:00
1700395200000,0.009154,0.009295,0.009129,0.009277,92595079.0,2023-11-19 12:00:00+00:00
1700409600000,0.009278,0.009408,0.009198,0.009401,114515436.0,2023-11-19 16:00:00+00:00
1700424000000,0.009401,0.009479,0.009341,0.009397,140576834.0,2023-11-19 20:00:00+00:00
1700438400000,0.009397,0.009467,0.009341,0.009371,117070253.0,2023-11-20 00:00:00+00:00
1700452800000,0.00937,0.009411,0.009301,0.009388,87587178.0,2023-11-20 04:00:00+00:00
1700467200000,0.00939,0.009497,0.009356,0.0094,97085082.0,2023-11-20 08:00:00+00:00
1700481600000,0.009399,0.0094,0.009154,0.009328,195037808.0,2023-11-20 12:00:00+00:00
1700496000000,0.009328,0.009416,0.009167,0.009213,224285862.0,2023-11-20 16:00:00+00:00
1700510400000,0.009211,0.009247,0.009011,0.009113,138740378.0,2023-11-20 20:00:00+00:00
1700524800000,0.009113,0.0092,0.008975,0.009083,147952781.0,2023-11-21 00:00:00+00:00
1700539200000,0.009084,0.009122,0.009005,0.009015,67032954.0,2023-11-21 04:00:00+00:00
1700553600000,0.009015,0.009104,0.009007,0.00902,61661806.0,2023-11-21 08:00:00+00:00
1700568000000,0.00902,0.009042,0.008629,0.008863,290576348.0,2023-11-21 12:00:00+00:00
1700582400000,0.008862,0.008971,0.008434,0.008582,360828218.0,2023-11-21 16:00:00+00:00
1700596800000,0.008583,0.008719,0.008201,0.008275,268643814.0,2023-11-21 20:00:00+00:00
1700611200000,0.008268,0.008547,0.008232,0.008542,169723002.0,2023-11-22 00:00:00+00:00
1700625600000,0.008543,0.00865,0.008521,0.008611,84509504.0,2023-11-22 04:00:00+00:00
1700640000000,0.008611,0.008695,0.00859,0.008601,99626637.0,2023-11-22 08:00:00+00:00
1700654400000,0.0086,0.008673,0.008519,0.008568,138371953.0,2023-11-22 12:00:00+00:00
1700668800000,0.008568,0.008793,0.008492,0.008773,172457963.0,2023-11-22 16:00:00+00:00
1700683200000,0.008775,0.008856,0.008741,0.008775,85950578.0,2023-11-22 20:00:00+00:00
1700697600000,0.008777,0.008864,0.008764,0.008778,72682848.0,2023-11-23 00:00:00+00:00
1700712000000,0.00878,0.008824,0.008745,0.00878,66088225.0,2023-11-23 04:00:00+00:00
1700726400000,0.00878,0.008807,0.00863,0.008682,102533062.0,2023-11-23 08:00:00+00:00
1700740800000,0.008682,0.00872,0.008551,0.008591,106529336.0,2023-11-23 12:00:00+00:00
1700755200000,0.008592,0.008777,0.008585,0.008729,84966630.0,2023-11-23 16:00:00+00:00
1700769600000,0.008728,0.008806,0.008717,0.00877,49025203.0,2023-11-23 20:00:00+00:00
1700784000000,0.008769,0.008858,0.008762,0.008821,64716067.0,2023-11-24 00:00:00+00:00
1700798400000,0.008819,0.008918,0.008791,0.00891,69376029.0,2023-11-24 04:00:00+00:00
1700812800000,0.008909,0.008991,0.008871,0.008873,80432797.0,2023-11-24 08:00:00+00:00
1700827200000,0.008873,0.00898,0.008853,0.008941,77149414.0,2023-11-24 12:00:00+00:00
1700841600000,0.00894,0.008994,0.00884,0.008847,78269764.0,2023-11-24 16:00:00+00:00
1700856000000,0.008847,0.008905,0.008784,0.008856,79960737.0,2023-11-24 20:00:00+00:00
1700870400000,0.008858,0.009121,0.008802,0.009083,201190371.0,2023-11-25 00:00:00+00:00
1700884800000,0.009083,0.009098,0.008952,0.008964,167999588.0,2023-11-25 04:00:00+00:00
1700899200000,0.008969,0.009065,0.008818,0.008874,210650194.0,2023-11-25 08:00:00+00:00
1700913600000,0.008875,0.008956,0.008864,0.008926,150466516.0,2023-11-25 12:00:00+00:00
1700928000000,0.008928,0.008943,0.00888,0.00888,51798300.0,2023-11-25 16:00:00+00:00
1700942400000,0.008881,0.009025,0.008875,0.009021,86335227.0,2023-11-25 20:00:00+00:00
1700956800000,0.009021,0.009062,0.00895,0.009008,77567444.0,2023-11-26 00:00:00+00:00
1700971200000,0.009007,0.009065,0.008968,0.009047,76956355.0,2023-11-26 04:00:00+00:00
1700985600000,0.009046,0.009069,0.008971,0.008987,64421458.0,2023-11-26 08:00:00+00:00
1701000000000,0.008987,0.009085,0.008892,0.008911,218883608.0,2023-11-26 12:00:00+00:00
1701014400000,0.008911,0.00895,0.008709,0.008936,214382516.0,2023-11-26 16:00:00+00:00
1701028800000,0.008938,0.009037,0.00891,0.009001,84248900.0,2023-11-26 20:00:00+00:00
1701043200000,0.008999,0.009119,0.008832,0.008912,125633405.0,2023-11-27 00:00:00+00:00
1701057600000,0.008911,0.008927,0.008678,0.008786,115527397.0,2023-11-27 04:00:00+00:00
1701072000000,0.008785,0.008879,0.008665,0.008724,170361038.0,2023-11-27 08:00:00+00:00
1701086400000,0.008723,0.00877,0.008553,0.008563,188329340.0,2023-11-27 12:00:00+00:00
1701100800000,0.008563,0.00867,0.00846,0.008512,148816894.0,2023-11-27 16:00:00+00:00
1701115200000,0.00851,0.008647,0.00847,0.008623,89025791.0,2023-11-27 20:00:00+00:00
1701129600000,0.008623,0.008668,0.008571,0.008589,78176154.0,2023-11-28 00:00:00+00:00
1701144000000,0.00859,0.008595,0.008388,0.008472,132318727.0,2023-11-28 04:00:00+00:00
1701158400000,0.008472,0.008584,0.00842,0.008578,83994826.0,2023-11-28 08:00:00+00:00
1701172800000,0.008578,0.008665,0.008495,0.008652,120375874.0,2023-11-28 12:00:00+00:00
1701187200000,0.008652,0.008798,0.008631,0.008757,120829470.0,2023-11-28 16:00:00+00:00
1701201600000,0.008758,0.008779,0.008663,0.008712,63624923.0,2023-11-28 20:00:00+00:00
1701216000000,0.008712,0.008763,0.008661,0.00871,55928563.0,2023-11-29 00:00:00+00:00
1701230400000,0.008712,0.008764,0.00867,0.008721,43287409.0,2023-11-29 04:00:00+00:00
1701244800000,0.008722,0.008832,0.008655,0.008737,102330409.0,2023-11-29 08:00:00+00:00
1701259200000,0.008737,0.009492,0.008718,0.008995,1616560814.0,2023-11-29 12:00:00+00:00
1701273600000,0.008995,0.009237,0.008903,0.0092,551907534.0,2023-11-29 16:00:00+00:00
1701288000000,0.009198,0.00935,0.009118,0.009339,574051688.0,2023-11-29 20:00:00+00:00
1701302400000,0.009339,0.00943,0.009123,0.00919,508863860.0,2023-11-30 00:00:00+00:00
1701316800000,0.00919,0.009207,0.009022,0.009045,255696100.0,2023-11-30 04:00:00+00:00
1701331200000,0.009044,0.009116,0.008984,0.00911,176988770.0,2023-11-30 08:00:00+00:00
1701345600000,0.009109,0.00913,0.008935,0.009001,218549092.0,2023-11-30 12:00:00+00:00
1701360000000,0.009001,0.00905,0.008992,0.009017,83405105.0,2023-11-30 16:00:00+00:00
1701374400000,0.009017,0.009162,0.009015,0.009133,109547532.0,2023-11-30 20:00:00+00:00
1701388800000,0.009133,0.009179,0.009034,0.009106,105818887.0,2023-12-01 00:00:00+00:00
1701403200000,0.009105,0.009116,0.009044,0.009063,54086300.0,2023-12-01 04:00:00+00:00
1701417600000,0.009065,0.009144,0.009045,0.00908,89963656.0,2023-12-01 08:00:00+00:00
1701432000000,0.009081,0.009291,0.009075,0.009278,177853369.0,2023-12-01 12:00:00+00:00
1701446400000,0.009277,0.009343,0.009226,0.009327,169896031.0,2023-12-01 16:00:00+00:00
1701460800000,0.009326,0.009373,0.009303,0.009367,97726145.0,2023-12-01 20:00:00+00:00
1701475200000,0.00937,0.009371,0.009264,0.009304,90733423.0,2023-12-02 00:00:00+00:00
1701489600000,0.009303,0.009485,0.009264,0.009426,142391728.0,2023-12-02 04:00:00+00:00
1701504000000,0.009425,0.009483,0.009375,0.009394,116003505.0,2023-12-02 08:00:00+00:00
1701518400000,0.009395,0.009448,0.009242,0.009365,155825745.0,2023-12-02 12:00:00+00:00
1701532800000,0.009364,0.009562,0.00936,0.009496,239383001.0,2023-12-02 16:00:00+00:00
1701547200000,0.009493,0.009519,0.009405,0.009493,92879373.0,2023-12-02 20:00:00+00:00
1701561600000,0.009493,0.009521,0.009324,0.009393,97981940.0,2023-12-03 00:00:00+00:00
1701576000000,0.009392,0.009565,0.009304,0.009547,214767476.0,2023-12-03 04:00:00+00:00
1701590400000,0.009546,0.009565,0.00936,0.009442,162544063.0,2023-12-03 08:00:00+00:00
1701604800000,0.00944,0.009442,0.009248,0.009296,176575612.0,2023-12-03 12:00:00+00:00
1701619200000,0.009297,0.009432,0.009282,0.00943,91232650.0,2023-12-03 16:00:00+00:00
1701633600000,0.00943,0.009558,0.009365,0.009465,156954419.0,2023-12-03 20:00:00+00:00
1701648000000,0.009464,0.009706,0.009408,0.009612,296972839.0,2023-12-04 00:00:00+00:00
1701662400000,0.009613,0.009664,0.009525,0.009597,192128841.0,2023-12-04 04:00:00+00:00
1701676800000,0.009601,0.009723,0.009039,0.009421,422917094.0,2023-12-04 08:00:00+00:00
1701691200000,0.00942,0.00949,0.009211,0.009295,314300197.0,2023-12-04 12:00:00+00:00
1701705600000,0.009294,0.009876,0.009282,0.009829,780825849.0,2023-12-04 16:00:00+00:00
1701720000000,0.00983,0.009906,0.00963,0.009801,377659087.0,2023-12-04 20:00:00+00:00
1701734400000,0.009802,0.01008,0.009673,0.010033,475631403.0,2023-12-05 00:00:00+00:00
1701748800000,0.010033,0.010516,0.009741,0.009887,927330786.0,2023-12-05 04:00:00+00:00
1701763200000,0.009886,0.009932,0.009602,0.009742,441589458.0,2023-12-05 08:00:00+00:00
1701777600000,0.009745,0.009801,0.00954,0.009708,341032775.0,2023-12-05 12:00:00+00:00
1701792000000,0.009706,0.009859,0.00961,0.009719,300775103.0,2023-12-05 16:00:00+00:00
1701806400000,0.009719,0.009752,0.009615,0.009677,192037532.0,2023-12-05 20:00:00+00:00
1701820800000,0.009676,0.009877,0.009494,0.009587,244225567.0,2023-12-06 00:00:00+00:00
1701835200000,0.009583,0.009681,0.009344,0.009484,324551956.0,2023-12-06 04:00:00+00:00
1701849600000,0.009485,0.009564,0.009237,0.009389,315124882.0,2023-12-06 08:00:00+00:00
1701864000000,0.009388,0.009729,0.009365,0.009708,325849594.0,2023-12-06 12:00:00+00:00
1701878400000,0.009705,0.009779,0.009657,0.009766,202889208.0,2023-12-06 16:00:00+00:00
1701892800000,0.009768,0.00978,0.009462,0.009562,191300053.0,2023-12-06 20:00:00+00:00
1701907200000,0.00956,0.009632,0.0095,0.009562,100303108.0,2023-12-07 00:00:00+00:00
1701921600000,0.009562,0.009674,0.009548,0.009646,77204796.0,2023-12-07 04:00:00+00:00
1701936000000,0.009646,0.009674,0.009279,0.009493,189252824.0,2023-12-07 08:00:00+00:00
1701950400000,0.009494,0.009725,0.009461,0.009644,150829002.0,2023-12-07 12:00:00+00:00
1701964800000,0.009648,0.009758,0.009569,0.009596,146223552.0,2023-12-07 16:00:00+00:00
1701979200000,0.009595,0.009741,0.009569,0.00971,81346788.0,2023-12-07 20:00:00+00:00
1701993600000,0.009709,0.009778,0.009637,0.009755,94807601.0,2023-12-08 00:00:00+00:00
1702008000000,0.009754,0.00991,0.009724,0.009826,282093089.0,2023-12-08 04:00:00+00:00
1702022400000,0.009827,0.009992,0.009784,0.009948,197180371.0,2023-12-08 08:00:00+00:00
1702036800000,0.009947,0.010106,0.009845,0.010051,230572433.0,2023-12-08 12:00:00+00:00
1702051200000,0.010049,0.010337,0.010002,0.010304,379345672.0,2023-12-08 16:00:00+00:00
1702065600000,0.010305,0.010343,0.010185,0.010196,173159943.0,2023-12-08 20:00:00+00:00
1702080000000,0.010197,0.01035,0.010094,0.010303,203097888.0,2023-12-09 00:00:00+00:00
1702094400000,0.010304,0.010444,0.010292,0.010364,167488022.0,2023-12-09 04:00:00+00:00
1702108800000,0.01036,0.010391,0.010055,0.01022,264757493.0,2023-12-09 08:00:00+00:00
1702123200000,0.01022,0.010377,0.010079,0.010297,314559776.0,2023-12-09 12:00:00+00:00
1702137600000,0.0103,0.010346,0.010127,0.010299,185368859.0,2023-12-09 16:00:00+00:00
1702152000000,0.010296,0.010303,0.01,0.010093,132792737.0,2023-12-09 20:00:00+00:00
1702166400000,0.010094,0.01021,0.010094,0.0102,108427367.0,2023-12-10 00:00:00+00:00
1702180800000,0.010202,0.010254,0.010025,0.010105,137169564.0,2023-12-10 04:00:00+00:00
1702195200000,0.010103,0.010148,0.009716,0.009863,225214327.0,2023-12-10 08:00:00+00:00
1702209600000,0.009864,0.010035,0.00986,0.010019,108525450.0,2023-12-10 12:00:00+00:00
1702224000000,0.010019,0.010091,0.009866,0.01005,186231290.0,2023-12-10 16:00:00+00:00
1702238400000,0.01005,0.010174,0.010015,0.010107,97165507.0,2023-12-10 20:00:00+00:00
1702252800000,0.010108,0.010141,0.008858,0.009464,733688704.0,2023-12-11 00:00:00+00:00
1702267200000,0.009464,0.00951,0.009292,0.009384,191435967.0,2023-12-11 04:00:00+00:00
1702281600000,0.009385,0.009545,0.00932,0.009517,141749034.0,2023-12-11 08:00:00+00:00
1702296000000,0.00952,0.009557,0.00929,0.009452,257248014.0,2023-12-11 12:00:00+00:00
1702310400000,0.009455,0.009517,0.009122,0.009312,320080336.0,2023-12-11 16:00:00+00:00
1702324800000,0.009314,0.009426,0.009248,0.009384,112488521.0,2023-12-11 20:00:00+00:00
1702339200000,0.009384,0.009629,0.009369,0.009519,126942103.0,2023-12-12 00:00:00+00:00
1702353600000,0.009518,0.009622,0.009412,0.0096,159019688.0,2023-12-12 04:00:00+00:00
1702368000000,0.009601,0.010752,0.009571,0.009766,3303414952.0,2023-12-12 08:00:00+00:00
1702382400000,0.009766,0.01022,0.009743,0.009993,1060165302.0,2023-12-12 12:00:00+00:00
1702396800000,0.009992,0.010115,0.009848,0.009968,381427879.0,2023-12-12 16:00:00+00:00
1702411200000,0.009968,0.010044,0.009841,0.01004,225563621.0,2023-12-12 20:00:00+00:00
1702425600000,0.01004,0.010089,0.009528,0.009546,571267607.0,2023-12-13 00:00:00+00:00
1702440000000,0.009545,0.009697,0.009456,0.009654,328129901.0,2023-12-13 04:00:00+00:00
1702454400000,0.009654,0.010389,0.009626,0.010088,1085648027.0,2023-12-13 08:00:00+00:00
1702468800000,0.010087,0.010764,0.009956,0.010603,1270326939.0,2023-12-13 12:00:00+00:00
1702483200000,0.010603,0.01113,0.010389,0.010947,1072564273.0,2023-12-13 16:00:00+00:00
1702497600000,0.01095,0.011193,0.010773,0.010799,684362358.0,2023-12-13 20:00:00+00:00
1702512000000,0.010801,0.011273,0.010774,0.011213,838666217.0,2023-12-14 00:00:00+00:00
1702526400000,0.011212,0.011443,0.010842,0.011279,949525871.0,2023-12-14 04:00:00+00:00
1702540800000,0.011278,0.011821,0.011116,0.011671,1182594804.0,2023-12-14 08:00:00+00:00
1702555200000,0.011669,0.01387,0.0109,0.013018,7670734132.0,2023-12-14 12:00:00+00:00
1702569600000,0.013019,0.013245,0.011136,0.01133,6303709981.0,2023-12-14 16:00:00+00:00
1702584000000,0.011331,0.011444,0.011116,0.011237,947986636.0,2023-12-14 20:00:00+00:00
1702598400000,0.011238,0.01132,0.010912,0.011115,1192319004.0,2023-12-15 00:00:00+00:00
1702612800000,0.011115,0.01112,0.010662,0.010747,833398688.0,2023-12-15 04:00:00+00:00
1702627200000,0.010746,0.010779,0.010439,0.01045,868693244.0,2023-12-15 08:00:00+00:00
1702641600000,0.010449,0.010541,0.010103,0.01027,1874291021.0,2023-12-15 12:00:00+00:00
1702656000000,0.010271,0.010372,0.01017,0.010249,873680239.0,2023-12-15 16:00:00+00:00
1702670400000,0.01025,0.010272,0.00968,0.009763,895360859.0,2023-12-15 20:00:00+00:00
1702684800000,0.009764,0.010012,0.009587,0.009998,627098634.0,2023-12-16 00:00:00+00:00
1702699200000,0.009999,0.010119,0.009941,0.010076,577811986.0,2023-12-16 04:00:00+00:00
1702713600000,0.010078,0.010249,0.010061,0.010222,484974392.0,2023-12-16 08:00:00+00:00
1702728000000,0.010221,0.010548,0.010187,0.010491,569999759.0,2023-12-16 12:00:00+00:00
1702742400000,0.010493,0.010497,0.010133,0.010229,781782482.0,2023-12-16 16:00:00+00:00
1702756800000,0.010229,0.010325,0.010148,0.010287,288707442.0,2023-12-16 20:00:00+00:00
1702771200000,0.010286,0.010326,0.010105,0.010208,370366080.0,2023-12-17 00:00:00+00:00
1702785600000,0.010205,0.010258,0.009919,0.009953,384602435.0,2023-12-17 04:00:00+00:00
1702800000000,0.009954,0.010159,0.009927,0.010132,278586415.0,2023-12-17 08:00:00+00:00
1702814400000,0.010132,0.01017,0.009951,0.010112,392621975.0,2023-12-17 12:00:00+00:00
1702828800000,0.010113,0.010212,0.010019,0.010138,263303981.0,2023-12-17 16:00:00+00:00
1702843200000,0.010138,0.010154,0.009837,0.00992,225542905.0,2023-12-17 20:00:00+00:00
1702857600000,0.009919,0.009986,0.009556,0.009726,470072533.0,2023-12-18 00:00:00+00:00
1702872000000,0.009726,0.009857,0.009625,0.009685,278531987.0,2023-12-18 04:00:00+00:00
1702886400000,0.009687,0.009774,0.009254,0.009495,817294361.0,2023-12-18 08:00:00+00:00
1702900800000,0.009495,0.009701,0.009384,0.009556,375533066.0,2023-12-18 12:00:00+00:00
1702915200000,0.009556,0.009794,0.009483,0.009741,429010719.0,2023-12-18 16:00:00+00:00
1702929600000,0.009741,0.009997,0.009666,0.009988,298936546.0,2023-12-18 20:00:00+00:00
1702944000000,0.009988,0.010129,0.009923,0.009994,280057976.0,2023-12-19 00:00:00+00:00
1702958400000,0.009993,0.010185,0.009889,0.010157,285668184.0,2023-12-19 04:00:00+00:00
1702972800000,0.01016,0.010162,0.009939,0.010018,265963116.0,2023-12-19 08:00:00+00:00
1702987200000,0.010018,0.010029,0.009732,0.009836,350931823.0,2023-12-19 12:00:00+00:00
1703001600000,0.009836,0.009914,0.009608,0.009744,302887228.0,2023-12-19 16:00:00+00:00
1703016000000,0.009743,0.00979,0.009618,0.009705,163950834.0,2023-12-19 20:00:00+00:00
1703030400000,0.009706,0.009793,0.009576,0.009715,237680423.0,2023-12-20 00:00:00+00:00
1703044800000,0.009718,0.009816,0.009702,0.009794,213922865.0,2023-12-20 04:00:00+00:00
1703059200000,0.009794,0.009969,0.009771,0.009916,227524244.0,2023-12-20 08:00:00+00:00
1703073600000,0.009913,0.01016,0.009875,0.010091,314455106.0,2023-12-20 12:00:00+00:00
1703088000000,0.010091,0.010144,0.009945,0.009974,212155453.0,2023-12-20 16:00:00+00:00
1703102400000,0.009976,0.010042,0.00982,0.010026,250725755.0,2023-12-20 20:00:00+00:00
1703116800000,0.010025,0.010033,0.009828,0.00994,334408824.0,2023-12-21 00:00:00+00:00
1703131200000,0.00994,0.010011,0.009869,0.009981,204166289.0,2023-12-21 04:00:00+00:00
1703145600000,0.009981,0.010071,0.009888,0.01,232951401.0,2023-12-21 08:00:00+00:00
1703160000000,0.010002,0.010052,0.009757,0.009842,284802977.0,2023-12-21 12:00:00+00:00
1703174400000,0.009841,0.009977,0.009807,0.009959,173131311.0,2023-12-21 16:00:00+00:00
1703188800000,0.009959,0.010078,0.009936,0.010066,156456519.0,2023-12-21 20:00:00+00:00
1703203200000,0.010066,0.010184,0.009923,0.010043,300434261.0,2023-12-22 00:00:00+00:00
1703217600000,0.010045,0.010112,0.009808,0.009904,372320656.0,2023-12-22 04:00:00+00:00
1703232000000,0.009904,0.010063,0.00982,0.010055,300589600.0,2023-12-22 08:00:00+00:00
1703246400000,0.010056,0.010058,0.009887,0.010038,212299017.0,2023-12-22 12:00:00+00:00
1703260800000,0.010038,0.010148,0.009962,0.010055,154433154.0,2023-12-22 16:00:00+00:00
1703275200000,0.010055,0.010209,0.010054,0.010202,109068747.0,2023-12-22 20:00:00+00:00
1703289600000,0.010202,0.010253,0.009917,0.009952,304457226.0,2023-12-23 00:00:00+00:00
1703304000000,0.009951,0.010062,0.009888,0.010008,158777769.0,2023-12-23 04:00:00+00:00
1703318400000,0.010009,0.010148,0.009998,0.010117,113825490.0,2023-12-23 08:00:00+00:00
1703332800000,0.010118,0.010169,0.01007,0.010155,148609476.0,2023-12-23 12:00:00+00:00
1703347200000,0.010156,0.010384,0.010145,0.0103,565792746.0,2023-12-23 16:00:00+00:00
1703361600000,0.010301,0.010322,0.01019,0.010238,144400038.0,2023-12-23 20:00:00+00:00
1703376000000,0.010238,0.010276,0.01013,0.010268,239947166.0,2023-12-24 00:00:00+00:00
1703390400000,0.010269,0.010308,0.010022,0.010151,271192312.0,2023-12-24 04:00:00+00:00
1703404800000,0.010152,0.010164,0.009964,0.010136,237956760.0,2023-12-24 08:00:00+00:00
1703419200000,0.010135,0.010227,0.010087,0.010102,228835499.0,2023-12-24 12:00:00+00:00
1703433600000,0.010103,0.010225,0.010094,0.010175,151539039.0,2023-12-24 16:00:00+00:00
1703448000000,0.010179,0.01022,0.009588,0.009845,418759826.0,2023-12-24 20:00:00+00:00
1703462400000,0.009843,0.009967,0.00974,0.009929,193218774.0,2023-12-25 00:00:00+00:00
1703476800000,0.009932,0.010105,0.009931,0.010049,150662748.0,2023-12-25 04:00:00+00:00
1703491200000,0.010048,0.010107,0.009944,0.010082,155590248.0,2023-12-25 08:00:00+00:00
1703505600000,0.010083,0.010285,0.009984,0.010194,320897646.0,2023-12-25 12:00:00+00:00
1703520000000,0.010193,0.010235,0.010072,0.010166,153899628.0,2023-12-25 16:00:00+00:00
1703534400000,0.010167,0.010229,0.010045,0.010128,128343577.0,2023-12-25 20:00:00+00:00
1703548800000,0.010127,0.010247,0.010114,0.010231,140070888.0,2023-12-26 00:00:00+00:00
1703563200000,0.010235,0.010267,0.009857,0.010041,384692025.0,2023-12-26 04:00:00+00:00
1703577600000,0.010042,0.010198,0.009938,0.010186,195752730.0,2023-12-26 08:00:00+00:00
1703592000000,0.010184,0.010292,0.010018,0.010042,392733758.0,2023-12-26 12:00:00+00:00
1703606400000,0.010047,0.010188,0.0093,0.009896,627800635.0,2023-12-26 16:00:00+00:00
1703620800000,0.009896,0.010042,0.009879,0.010025,144829718.0,2023-12-26 20:00:00+00:00
1703635200000,0.010024,0.010083,0.009723,0.009764,202888226.0,2023-12-27 00:00:00+00:00
1703649600000,0.009766,0.009962,0.009766,0.009921,135761679.0,2023-12-27 04:00:00+00:00
1703664000000,0.009923,0.010134,0.009861,0.010084,148768037.0,2023-12-27 08:00:00+00:00
1703678400000,0.010083,0.010199,0.010013,0.010174,226840059.0,2023-12-27 12:00:00+00:00
1703692800000,0.010175,0.010248,0.010068,0.010174,160105834.0,2023-12-27 16:00:00+00:00
1703707200000,0.010174,0.010242,0.01008,0.010169,135207955.0,2023-12-27 20:00:00+00:00
1703721600000,0.010169,0.010431,0.010138,0.010377,378446313.0,2023-12-28 00:00:00+00:00
1703736000000,0.010378,0.010486,0.010182,0.010404,364453910.0,2023-12-28 04:00:00+00:00
1703750400000,0.010406,0.010569,0.010329,0.010534,576139818.0,2023-12-28 08:00:00+00:00
1703764800000,0.010528,0.010552,0.0099,0.010033,809427397.0,2023-12-28 12:00:00+00:00
1703779200000,0.01003,0.010154,0.00997,0.010062,191685691.0,2023-12-28 16:00:00+00:00
1703793600000,0.010061,0.010064,0.00986,0.010006,201024012.0,2023-12-28 20:00:00+00:00
1703808000000,0.010005,0.010057,0.009739,0.009974,336808880.0,2023-12-29 00:00:00+00:00
1703822400000,0.009972,0.010114,0.009911,0.009948,144884689.0,2023-12-29 04:00:00+00:00
1703836800000,0.00995,0.010248,0.009945,0.010228,220280078.0,2023-12-29 08:00:00+00:00
1703851200000,0.01023,0.010435,0.010078,0.010206,365126402.0,2023-12-29 12:00:00+00:00
1703865600000,0.010207,0.010294,0.00999,0.010278,388151102.0,2023-12-29 16:00:00+00:00
1703880000000,0.010279,0.010286,0.009946,0.010205,210530748.0,2023-12-29 20:00:00+00:00
1703894400000,0.010205,0.010292,0.010085,0.010175,133761930.0,2023-12-30 00:00:00+00:00
1703908800000,0.010175,0.01023,0.010117,0.010129,92052966.0,2023-12-30 04:00:00+00:00
1703923200000,0.01013,0.010135,0.009851,0.009971,178935073.0,2023-12-30 08:00:00+00:00
1703937600000,0.009973,0.010154,0.009951,0.010117,149169816.0,2023-12-30 12:00:00+00:00
1703952000000,0.010118,0.010151,0.010048,0.010102,84063454.0,2023-12-30 16:00:00+00:00
1703966400000,0.0101,0.010145,0.010001,0.010094,68873005.0,2023-12-30 20:00:00+00:00
1703980800000,0.010094,0.01016,0.009976,0.010056,118930429.0,2023-12-31 00:00:00+00:00
1703995200000,0.010055,0.010226,0.010045,0.010212,95647414.0,2023-12-31 04:00:00+00:00
1704009600000,0.010213,0.010277,0.010178,0.010199,195444882.0,2023-12-31 08:00:00+00:00
1704024000000,0.010199,0.010243,0.010096,0.010176,127687059.0,2023-12-31 12:00:00+00:00
1704038400000,0.010174,0.010237,0.0101,0.010128,82770150.0,2023-12-31 16:00:00+00:00
1704052800000,0.010129,0.010173,0.009663,0.009935,215480615.0,2023-12-31 20:00:00+00:00
1704067200000,0.009936,0.010106,0.009933,0.009958,110825222.0,2024-01-01 00:00:00+00:00
1704081600000,0.009956,0.009995,0.009841,0.009956,118583925.0,2024-01-01 04:00:00+00:00
1704096000000,0.009958,0.010065,0.009949,0.010052,62415207.0,2024-01-01 08:00:00+00:00
1704110400000,0.010052,0.01011,0.010021,0.010099,82745830.0,2024-01-01 12:00:00+00:00
1704124800000,0.0101,0.0102,0.010046,0.01019,84459239.0,2024-01-01 16:00:00+00:00
1704139200000,0.010191,0.010269,0.010128,0.010251,90834661.0,2024-01-01 20:00:00+00:00
1704153600000,0.010251,0.010379,0.010222,0.010357,173435392.0,2024-01-02 00:00:00+00:00
1704168000000,0.010358,0.010395,0.010308,0.010323,72662216.0,2024-01-02 04:00:00+00:00
1704182400000,0.010323,0.010409,0.010287,0.010342,177462843.0,2024-01-02 08:00:00+00:00
1704196800000,0.010343,0.010371,0.010043,0.010156,219263153.0,2024-01-02 12:00:00+00:00
1704211200000,0.010157,0.010177,0.010021,0.010075,184980063.0,2024-01-02 16:00:00+00:00
1704225600000,0.010072,0.010136,0.009958,0.010083,110436474.0,2024-01-02 20:00:00+00:00
1704240000000,0.010083,0.010242,0.010064,0.010203,106312198.0,2024-01-03 00:00:00+00:00
1704254400000,0.010204,0.010345,0.010199,0.010232,117415206.0,2024-01-03 04:00:00+00:00
1704268800000,0.010232,0.010414,0.009853,0.009931,273053202.0,2024-01-03 08:00:00+00:00
1704283200000,0.009933,0.009945,0.007777,0.009245,1587535908.0,2024-01-03 12:00:00+00:00
1704297600000,0.009248,0.009296,0.008917,0.00907,319826585.0,2024-01-03 16:00:00+00:00
1704312000000,0.00907,0.009226,0.009045,0.00919,118682295.0,2024-01-03 20:00:00+00:00
1704326400000,0.009188,0.009289,0.009014,0.00922,463534776.0,2024-01-04 00:00:00+00:00
1704340800000,0.00922,0.009292,0.009137,0.009143,124743264.0,2024-01-04 04:00:00+00:00
1704355200000,0.009144,0.009223,0.009032,0.009135,148884806.0,2024-01-04 08:00:00+00:00
1704369600000,0.009138,0.009266,0.009112,0.009239,213155828.0,2024-01-04 12:00:00+00:00
1704384000000,0.009236,0.009246,0.009128,0.009157,135542972.0,2024-01-04 16:00:00+00:00
1704398400000,0.009159,0.009261,0.009104,0.009167,136445563.0,2024-01-04 20:00:00+00:00
1704412800000,0.009167,0.009262,0.008705,0.008933,288130149.0,2024-01-05 00:00:00+00:00
1704427200000,0.008935,0.009017,0.008886,0.008928,152535195.0,2024-01-05 04:00:00+00:00
1704441600000,0.008929,0.009033,0.008774,0.008849,225928262.0,2024-01-05 08:00:00+00:00
1704456000000,0.008848,0.008954,0.00866,0.008737,282765898.0,2024-01-05 12:00:00+00:00
1704470400000,0.008738,0.008774,0.008542,0.008712,237697742.0,2024-01-05 16:00:00+00:00
1704484800000,0.008715,0.008895,0.008708,0.008893,132002682.0,2024-01-05 20:00:00+00:00
1704499200000,0.008894,0.008896,0.008802,0.008847,171427294.0,2024-01-06 00:00:00+00:00
1704513600000,0.008847,0.00889,0.008449,0.008652,359307667.0,2024-01-06 04:00:00+00:00
1704528000000,0.008652,0.00881,0.008583,0.0088,121277282.0,2024-01-06 08:00:00+00:00
1704542400000,0.008801,0.008982,0.00872,0.00895,147260356.0,2024-01-06 12:00:00+00:00
1704556800000,0.00895,0.009084,0.008908,0.008963,212718423.0,2024-01-06 16:00:00+00:00
1704571200000,0.008965,0.009006,0.008837,0.008993,166076866.0,2024-01-06 20:00:00+00:00
1704585600000,0.008993,0.009039,0.008841,0.008944,177125155.0,2024-01-07 00:00:00+00:00
1704600000000,0.008945,0.009105,0.008914,0.009098,132342467.0,2024-01-07 04:00:00+00:00
1704614400000,0.009097,0.009141,0.008851,0.008916,212306919.0,2024-01-07 08:00:00+00:00
1704628800000,0.008913,0.008962,0.008793,0.00884,126501530.0,2024-01-07 12:00:00+00:00
1704643200000,0.00884,0.00888,0.00873,0.008844,111886146.0,2024-01-07 16:00:00+00:00
1704657600000,0.008844,0.008863,0.008479,0.008645,234082846.0,2024-01-07 20:00:00+00:00
1704672000000,0.008646,0.0087,0.008101,0.008322,497798803.0,2024-01-08 00:00:00+00:00
1704686400000,0.008322,0.008624,0.008299,0.008547,217885067.0,2024-01-08 04:00:00+00:00
1704700800000,0.008547,0.008626,0.008417,0.00861,138416415.0,2024-01-08 08:00:00+00:00
1704715200000,0.008609,0.008879,0.008603,0.008836,296072644.0,2024-01-08 12:00:00+00:00
1704729600000,0.008842,0.009045,0.008799,0.009018,185517395.0,2024-01-08 16:00:00+00:00
1704744000000,0.009018,0.009086,0.008908,0.009061,95774329.0,2024-01-08 20:00:00+00:00
1704758400000,0.009063,0.009105,0.008836,0.008955,198981128.0,2024-01-09 00:00:00+00:00
1704772800000,0.008954,0.009088,0.008925,0.00899,88729103.0,2024-01-09 04:00:00+00:00
1704787200000,0.008987,0.008999,0.008811,0.00888,104669753.0,2024-01-09 08:00:00+00:00
1704801600000,0.008881,0.008903,0.00851,0.008616,273531778.0,2024-01-09 12:00:00+00:00
1704816000000,0.008613,0.008704,0.008478,0.008575,130095364.0,2024-01-09 16:00:00+00:00
1704830400000,0.008575,0.008737,0.008442,0.008696,448346332.0,2024-01-09 20:00:00+00:00
1704844800000,0.008695,0.008821,0.008653,0.008768,108908397.0,2024-01-10 00:00:00+00:00
1704859200000,0.008768,0.008834,0.008643,0.008664,69968541.0,2024-01-10 04:00:00+00:00
1704873600000,0.008663,0.008816,0.008527,0.008782,155352329.0,2024-01-10 08:00:00+00:00
1704888000000,0.008779,0.008794,0.00841,0.008669,311221677.0,2024-01-10 12:00:00+00:00
1704902400000,0.008671,0.008833,0.008593,0.008808,158534997.0,2024-01-10 16:00:00+00:00
1704916800000,0.008807,0.009355,0.008582,0.009165,478299576.0,2024-01-10 20:00:00+00:00
1704931200000,0.009167,0.009335,0.009111,0.009301,243923352.0,2024-01-11 00:00:00+00:00
1704945600000,0.009302,0.009336,0.009091,0.00925,147746673.0,2024-01-11 04:00:00+00:00
1704960000000,0.009248,0.009463,0.009219,0.009459,179353149.0,2024-01-11 08:00:00+00:00
1704974400000,0.009457,0.009662,0.0092,0.009347,393002417.0,2024-01-11 12:00:00+00:00
1704988800000,0.009347,0.009497,0.009108,0.009494,227720031.0,2024-01-11 16:00:00+00:00
1705003200000,0.009494,0.009511,0.009343,0.009467,95572855.0,2024-01-11 20:00:00+00:00
1705017600000,0.009467,0.009576,0.009367,0.009512,140041250.0,2024-01-12 00:00:00+00:00
1705032000000,0.00951,0.009619,0.009426,0.009491,136540308.0,2024-01-12 04:00:00+00:00
1705046400000,0.009486,0.009513,0.009334,0.00947,127392470.0,2024-01-12 08:00:00+00:00
1705060800000,0.009469,0.009545,0.00916,0.009227,229531145.0,2024-01-12 12:00:00+00:00
1705075200000,0.009227,0.009303,0.008787,0.009043,289778363.0,2024-01-12 16:00:00+00:00
1705089600000,0.009041,0.009136,0.008563,0.008858,275405261.0,2024-01-12 20:00:00+00:00
1705104000000,0.008863,0.008912,0.008577,0.008799,154442415.0,2024-01-13 00:00:00+00:00
1705118400000,0.008803,0.008952,0.008776,0.008895,84248069.0,2024-01-13 04:00:00+00:00
1705132800000,0.008896,0.008948,0.008823,0.008879,74464683.0,2024-01-13 08:00:00+00:00
1705147200000,0.00888,0.008958,0.008837,0.008951,84885058.0,2024-01-13 12:00:00+00:00
1705161600000,0.008951,0.008973,0.008889,0.008947,94605983.0,2024-01-13 16:00:00+00:00
1705176000000,0.008948,0.009044,0.008907,0.008977,81789021.0,2024-01-13 20:00:00+00:00
1705190400000,0.008978,0.008982,0.008835,0.008876,86507487.0,2024-01-14 00:00:00+00:00
1705204800000,0.008879,0.008938,0.008802,0.008933,57310776.0,2024-01-14 04:00:00+00:00
1705219200000,0.008933,0.008946,0.008846,0.008864,53653587.0,2024-01-14 08:00:00+00:00
1705233600000,0.008866,0.008932,0.008819,0.008904,67534312.0,2024-01-14 12:00:00+00:00
1705248000000,0.008904,0.008929,0.008692,0.008705,104747622.0,2024-01-14 16:00:00+00:00
1705262400000,0.008703,0.00879,0.008563,0.008588,161419888.0,2024-01-14 20:00:00+00:00
1705276800000,0.008588,0.008806,0.008572,0.008783,104762875.0,2024-01-15 00:00:00+00:00
1705291200000,0.008783,0.008846,0.008696,0.008753,97910810.0,2024-01-15 04:00:00+00:00
1705305600000,0.008754,0.008997,0.008706,0.008923,280207055.0,2024-01-15 08:00:00+00:00
1705320000000,0.008923,0.008995,0.008757,0.008804,300864818.0,2024-01-15 12:00:00+00:00
1705334400000,0.008804,0.008991,0.008793,0.00892,102999706.0,2024-01-15 16:00:00+00:00
1705348800000,0.008919,0.008962,0.00879,0.008901,92833962.0,2024-01-15 20:00:00+00:00
1705363200000,0.008898,0.008973,0.008862,0.008924,94657832.0,2024-01-16 00:00:00+00:00
1705377600000,0.008927,0.009111,0.008879,0.009087,217999016.0,2024-01-16 04:00:00+00:00
1705392000000,0.009087,0.009163,0.009004,0.009081,163933532.0,2024-01-16 08:00:00+00:00
1705406400000,0.00908,0.00911,0.008802,0.009052,215504167.0,2024-01-16 12:00:00+00:00
1705420800000,0.00905,0.009065,0.008921,0.00899,74309920.0,2024-01-16 16:00:00+00:00
1705435200000,0.00899,0.009088,0.008981,0.009017,55684742.0,2024-01-16 20:00:00+00:00
1705449600000,0.00902,0.009101,0.009006,0.009006,55654537.0,2024-01-17 00:00:00+00:00
1705464000000,0.009005,0.009035,0.00886,0.00888,67282397.0,2024-01-17 04:00:00+00:00
1705478400000,0.008879,0.009024,0.008834,0.009008,114565868.0,2024-01-17 08:00:00+00:00
1705492800000,0.009008,0.009056,0.008904,0.008916,151983330.0,2024-01-17 12:00:00+00:00
1705507200000,0.008918,0.008956,0.008797,0.008904,79763790.0,2024-01-17 16:00:00+00:00
1705521600000,0.008904,0.008945,0.008761,0.008933,76626283.0,2024-01-17 20:00:00+00:00
1705536000000,0.00893,0.00895,0.008828,0.008851,93353466.0,2024-01-18 00:00:00+00:00
1705550400000,0.008851,0.008975,0.008815,0.008964,64459791.0,2024-01-18 04:00:00+00:00
1705564800000,0.008964,0.008975,0.008772,0.008832,137319686.0,2024-01-18 08:00:00+00:00
1705579200000,0.008831,0.008887,0.008708,0.008831,140490525.0,2024-01-18 12:00:00+00:00
1705593600000,0.008828,0.008843,0.008383,0.008463,279200096.0,2024-01-18 16:00:00+00:00
1705608000000,0.008462,0.008608,0.008452,0.008555,115432436.0,2024-01-18 20:00:00+00:00
1705622400000,0.008553,0.008603,0.008295,0.008442,194786165.0,2024-01-19 00:00:00+00:00
1705636800000,0.008442,0.008543,0.008441,0.008506,60066300.0,2024-01-19 04:00:00+00:00
1705651200000,0.008506,0.008599,0.008471,0.008577,59118944.0,2024-01-19 08:00:00+00:00
1705665600000,0.008578,0.008581,0.008357,0.008394,173087382.0,2024-01-19 12:00:00+00:00
1705680000000,0.008396,0.008457,0.00806,0.008432,346943865.0,2024-01-19 16:00:00+00:00
1705694400000,0.008435,0.0085,0.008384,0.008474,71479484.0,2024-01-19 20:00:00+00:00
1705708800000,0.008476,0.008518,0.008394,0.008492,74424333.0,2024-01-20 00:00:00+00:00
1705723200000,0.008495,0.008552,0.008471,0.008506,64474690.0,2024-01-20 04:00:00+00:00
1705737600000,0.008509,0.008552,0.008431,0.008543,62852137.0,2024-01-20 08:00:00+00:00
1705752000000,0.008544,0.008593,0.008509,0.008545,65650193.0,2024-01-20 12:00:00+00:00
1705766400000,0.008543,0.00855,0.008471,0.00854,66538182.0,2024-01-20 16:00:00+00:00
1705780800000,0.008542,0.008721,0.008529,0.008708,83860187.0,2024-01-20 20:00:00+00:00
1705795200000,0.008707,0.008764,0.008632,0.008718,89073683.0,2024-01-21 00:00:00+00:00
1705809600000,0.008718,0.008744,0.008689,0.008728,58603020.0,2024-01-21 04:00:00+00:00
1705824000000,0.008729,0.008729,0.00865,0.008684,62163903.0,2024-01-21 08:00:00+00:00
1705838400000,0.008683,0.008754,0.008661,0.008699,57626357.0,2024-01-21 12:00:00+00:00
1705852800000,0.0087,0.00872,0.008626,0.008674,119116824.0,2024-01-21 16:00:00+00:00
1705867200000,0.008674,0.008679,0.008566,0.008586,75786868.0,2024-01-21 20:00:00+00:00
1705881600000,0.008585,0.008658,0.008399,0.008459,162896848.0,2024-01-22 00:00:00+00:00
1705896000000,0.008459,0.008524,0.008382,0.008483,90661494.0,2024-01-22 04:00:00+00:00
1705910400000,0.008482,0.008482,0.008251,0.008392,140791163.0,2024-01-22 08:00:00+00:00
1705924800000,0.008388,0.008474,0.008212,0.008327,171304746.0,2024-01-22 12:00:00+00:00
1705939200000,0.008327,0.008381,0.008105,0.008228,201321928.0,2024-01-22 16:00:00+00:00
1705953600000,0.008226,0.008349,0.008212,0.008246,149322741.0,2024-01-22 20:00:00+00:00
1705968000000,0.008245,0.008364,0.008163,0.008312,85395072.0,2024-01-23 00:00:00+00:00
1705982400000,0.008309,0.008391,0.008195,0.008233,78181945.0,2024-01-23 04:00:00+00:00
1705996800000,0.008231,0.008262,0.007776,0.007887,351734074.0,2024-01-23 08:00:00+00:00
1706011200000,0.007884,0.007979,0.007701,0.007934,208480596.0,2024-01-23 12:00:00+00:00
1706025600000,0.007934,0.008015,0.007863,0.007872,109356657.0,2024-01-23 16:00:00+00:00
1706040000000,0.007872,0.008069,0.007849,0.008065,79677810.0,2024-01-23 20:00:00+00:00
1706054400000,0.008068,0.008154,0.007966,0.007997,148000775.0,2024-01-24 00:00:00+00:00
1706068800000,0.007996,0.008177,0.007987,0.008133,100188843.0,2024-01-24 04:00:00+00:00
1706083200000,0.008131,0.008237,0.008104,0.008154,123991703.0,2024-01-24 08:00:00+00:00
1706097600000,0.008154,0.008187,0.008033,0.008136,118846110.0,2024-01-24 12:00:00+00:00
1706112000000,0.008137,0.008184,0.008017,0.008077,92122469.0,2024-01-24 16:00:00+00:00
1706126400000,0.008078,0.008192,0.008023,0.008185,62294617.0,2024-01-24 20:00:00+00:00
1706140800000,0.008185,0.008214,0.008091,0.00814,78724819.0,2024-01-25 00:00:00+00:00
1706155200000,0.008142,0.008175,0.008057,0.008169,75830449.0,2024-01-25 04:00:00+00:00
1706169600000,0.008171,0.008275,0.008128,0.008241,99700443.0,2024-01-25 08:00:00+00:00
1706184000000,0.008242,0.008259,0.008083,0.008123,120112915.0,2024-01-25 12:00:00+00:00
1706198400000,0.008122,0.008207,0.008015,0.008188,110710439.0,2024-01-25 16:00:00+00:00
1706212800000,0.008186,0.008242,0.008148,0.008227,77958543.0,2024-01-25 20:00:00+00:00
1706227200000,0.008228,0.008331,0.008148,0.008273,122269762.0,2024-01-26 00:00:00+00:00
1706241600000,0.008276,0.008332,0.008242,0.008257,69995860.0,2024-01-26 04:00:00+00:00
1706256000000,0.00826,0.008468,0.008248,0.008449,180959250.0,2024-01-26 08:00:00+00:00
1706270400000,0.008451,0.008468,0.008354,0.008439,78832664.0,2024-01-26 12:00:00+00:00
1706284800000,0.008437,0.008509,0.008433,0.008475,85114484.0,2024-01-26 16:00:00+00:00
1706299200000,0.008475,0.008573,0.00844,0.008498,124483310.0,2024-01-26 20:00:00+00:00
1706313600000,0.008498,0.008552,0.008482,0.008544,63433753.0,2024-01-27 00:00:00+00:00
1706328000000,0.008544,0.008561,0.008404,0.00845,71200093.0,2024-01-27 04:00:00+00:00
1706342400000,0.008449,0.008489,0.008397,0.008478,48325349.0,2024-01-27 08:00:00+00:00
1706356800000,0.008479,0.008562,0.008459,0.008525,38607835.0,2024-01-27 12:00:00+00:00
1706371200000,0.008527,0.008582,0.008504,0.008569,49121479.0,2024-01-27 16:00:00+00:00
1706385600000,0.00857,0.00864,0.008557,0.008629,69420488.0,2024-01-27 20:00:00+00:00
1706400000000,0.00863,0.008715,0.008593,0.008701,51898801.0,2024-01-28 00:00:00+00:00
1706414400000,0.008702,0.00873,0.008568,0.008583,55228366.0,2024-01-28 04:00:00+00:00
1706428800000,0.008584,0.008685,0.008562,0.00861,47492581.0,2024-01-28 08:00:00+00:00
1706443200000,0.00861,0.008711,0.008523,0.008664,96034066.0,2024-01-28 12:00:00+00:00
1706457600000,0.008666,0.008708,0.008494,0.008538,75405417.0,2024-01-28 16:00:00+00:00
1706472000000,0.008541,0.008594,0.008447,0.008541,71287751.0,2024-01-28 20:00:00+00:00
1706486400000,0.00854,0.008623,0.008494,0.008579,116603757.0,2024-01-29 00:00:00+00:00
1706500800000,0.008579,0.008601,0.008512,0.008523,45931647.0,2024-01-29 04:00:00+00:00
1706515200000,0.008519,0.008591,0.008483,0.008546,50663372.0,2024-01-29 08:00:00+00:00
1706529600000,0.008545,0.008585,0.008375,0.008532,114942302.0,2024-01-29 12:00:00+00:00
1706544000000,0.008534,0.008678,0.008502,0.008602,92272345.0,2024-01-29 16:00:00+00:00
1706558400000,0.008603,0.008684,0.008596,0.008675,50830859.0,2024-01-29 20:00:00+00:00
1706572800000,0.008674,0.00879,0.008626,0.008702,94351466.0,2024-01-30 00:00:00+00:00
1706587200000,0.008701,0.008723,0.008628,0.00869,52016058.0,2024-01-30 04:00:00+00:00
1706601600000,0.00869,0.0088,0.008663,0.008782,67148173.0,2024-01-30 08:00:00+00:00
1706616000000,0.00878,0.008799,0.008618,0.008706,101795636.0,2024-01-30 12:00:00+00:00
1706630400000,0.008705,0.008764,0.008663,0.008687,64690943.0,2024-01-30 16:00:00+00:00
1706644800000,0.008688,0.008719,0.008483,0.008553,123079656.0,2024-01-30 20:00:00+00:00
1706659200000,0.008554,0.008592,0.008433,0.008549,130040727.0,2024-01-31 00:00:00+00:00
1706673600000,0.008549,0.008578,0.008514,0.008565,48855742.0,2024-01-31 04:00:00+00:00
1706688000000,0.008564,0.008575,0.008344,0.008418,121650776.0,2024-01-31 08:00:00+00:00
1706702400000,0.008418,0.008464,0.008227,0.008391,116484057.0,2024-01-31 12:00:00+00:00
1706716800000,0.008391,0.008433,0.008319,0.008385,97479647.0,2024-01-31 16:00:00+00:00
1706731200000,0.008382,0.008391,0.008167,0.008231,101193447.0,2024-01-31 20:00:00+00:00
1706745600000,0.008231,0.008372,0.008133,0.008232,143208644.0,2024-02-01 00:00:00+00:00
1706760000000,0.008232,0.008307,0.008155,0.008247,82665519.0,2024-02-01 04:00:00+00:00
1706774400000,0.008248,0.008289,0.008215,0.008229,83544973.0,2024-02-01 08:00:00+00:00
1706788800000,0.00823,0.008372,0.008222,0.008318,84830780.0,2024-02-01 12:00:00+00:00
1706803200000,0.008316,0.008356,0.008234,0.008298,76154063.0,2024-02-01 16:00:00+00:00
1706817600000,0.008301,0.008325,0.008266,0.008316,50294410.0,2024-02-01 20:00:00+00:00
1706832000000,0.008315,0.008372,0.008276,0.008332,62447309.0,2024-02-02 00:00:00+00:00
1706846400000,0.008333,0.008347,0.008275,0.008328,51088789.0,2024-02-02 04:00:00+00:00
1706860800000,0.008326,0.008334,0.008251,0.008292,71568036.0,2024-02-02 08:00:00+00:00
1706875200000,0.008292,0.00837,0.008152,0.008362,111322987.0,2024-02-02 12:00:00+00:00
1706889600000,0.008362,0.008375,0.00825,0.008298,116180894.0,2024-02-02 16:00:00+00:00
1706904000000,0.0083,0.008353,0.008255,0.008331,31854500.0,2024-02-02 20:00:00+00:00
1706918400000,0.008331,0.008364,0.008291,0.008319,38574889.0,2024-02-03 00:00:00+00:00
1706932800000,0.00832,0.00835,0.008282,0.008299,34568852.0,2024-02-03 04:00:00+00:00
1706947200000,0.0083,0.008339,0.008275,0.008282,31004423.0,2024-02-03 08:00:00+00:00
1706961600000,0.008281,0.008307,0.008202,0.00828,50941148.0,2024-02-03 12:00:00+00:00
1706976000000,0.00828,0.008352,0.008273,0.008349,43245894.0,2024-02-03 16:00:00+00:00
1706990400000,0.008349,0.008352,0.008281,0.008299,58614675.0,2024-02-03 20:00:00+00:00
1707004800000,0.008299,0.008303,0.008212,0.008261,33481388.0,2024-02-04 00:00:00+00:00
1707019200000,0.008261,0.008264,0.008171,0.008191,52831674.0,2024-02-04 04:00:00+00:00
1707033600000,0.008194,0.008235,0.008172,0.008218,52331291.0,2024-02-04 08:00:00+00:00
1707048000000,0.008218,0.008244,0.008174,0.008199,41445517.0,2024-02-04 12:00:00+00:00
1707062400000,0.008199,0.008229,0.008139,0.008177,61315352.0,2024-02-04 16:00:00+00:00
1707076800000,0.008175,0.008235,0.008117,0.00816,72773938.0,2024-02-04 20:00:00+00:00
1707091200000,0.008159,0.008185,0.008039,0.00818,102869728.0,2024-02-05 00:00:00+00:00
1707105600000,0.008181,0.008317,0.008173,0.008299,91647157.0,2024-02-05 04:00:00+00:00
1707120000000,0.0083,0.008364,0.008281,0.008356,63833283.0,2024-02-05 08:00:00+00:00
1707134400000,0.008357,0.00838,0.008229,0.008245,100190430.0,2024-02-05 12:00:00+00:00
1707148800000,0.008243,0.008282,0.008203,0.008229,74682578.0,2024-02-05 16:00:00+00:00
1707163200000,0.008229,0.008234,0.008125,0.008195,109847238.0,2024-02-05 20:00:00+00:00
1707177600000,0.008196,0.008252,0.00816,0.00823,63004958.0,2024-02-06 00:00:00+00:00
1707192000000,0.008232,0.008241,0.00819,0.008219,30687146.0,2024-02-06 04:00:00+00:00
1707206400000,0.008219,0.008243,0.008121,0.008154,101620067.0,2024-02-06 08:00:00+00:00
1707220800000,0.008151,0.008171,0.008083,0.008168,128762567.0,2024-02-06 12:00:00+00:00
1707235200000,0.008168,0.008202,0.008144,0.008183,49097432.0,2024-02-06 16:00:00+00:00
1707249600000,0.008184,0.008216,0.008152,0.008158,35208052.0,2024-02-06 20:00:00+00:00
1707264000000,0.008159,0.008225,0.008149,0.008153,61919404.0,2024-02-07 00:00:00+00:00
1707278400000,0.008152,0.008216,0.008114,0.008163,70642473.0,2024-02-07 04:00:00+00:00
1707292800000,0.008164,0.008223,0.008161,0.008178,35410459.0,2024-02-07 08:00:00+00:00
1707307200000,0.008179,0.008272,0.008173,0.00825,92567918.0,2024-02-07 12:00:00+00:00
1707321600000,0.008252,0.008339,0.008241,0.0083,69863280.0,2024-02-07 16:00:00+00:00
1707336000000,0.0083,0.008414,0.0083,0.00839,68289856.0,2024-02-07 20:00:00+00:00
1707350400000,0.00839,0.008423,0.008354,0.008383,49855327.0,2024-02-08 00:00:00+00:00
1707364800000,0.008384,0.008411,0.008325,0.008354,45979521.0,2024-02-08 04:00:00+00:00
1707379200000,0.008354,0.008417,0.008347,0.008374,37084860.0,2024-02-08 08:00:00+00:00
1707393600000,0.008375,0.008454,0.008361,0.008446,76178739.0,2024-02-08 12:00:00+00:00
1707408000000,0.008447,0.008466,0.00831,0.00838,79996027.0,2024-02-08 16:00:00+00:00
1707422400000,0.008383,0.008431,0.008365,0.008415,92719880.0,2024-02-08 20:00:00+00:00
1707436800000,0.008416,0.008528,0.008411,0.008475,76938677.0,2024-02-09 00:00:00+00:00
1707451200000,0.008477,0.008512,0.008433,0.0085,43066799.0,2024-02-09 04:00:00+00:00
1707465600000,0.0085,0.008574,0.008476,0.008561,61330536.0,2024-02-09 08:00:00+00:00
1707480000000,0.008561,0.008631,0.008471,0.008535,131326872.0,2024-02-09 12:00:00+00:00
1707494400000,0.008537,0.008631,0.00851,0.008575,79838602.0,2024-02-09 16:00:00+00:00
1707508800000,0.008577,0.008626,0.008553,0.008598,46811991.0,2024-02-09 20:00:00+00:00
1707523200000,0.008598,0.008673,0.008568,0.008634,57843352.0,2024-02-10 00:00:00+00:00
1707537600000,0.008637,0.008641,0.008503,0.00851,63321919.0,2024-02-10 04:00:00+00:00
1707552000000,0.008511,0.008532,0.008384,0.008458,109940427.0,2024-02-10 08:00:00+00:00
1707566400000,0.008459,0.008514,0.00841,0.00851,58437785.0,2024-02-10 12:00:00+00:00
1707580800000,0.008511,0.008571,0.008485,0.008561,66638959.0,2024-02-10 16:00:00+00:00
1707595200000,0.008562,0.008624,0.00856,0.008571,59211226.0,2024-02-10 20:00:00+00:00
1707609600000,0.008571,0.008657,0.008548,0.008649,62050224.0,2024-02-11 00:00:00+00:00
1707624000000,0.00865,0.008674,0.008628,0.008657,41170014.0,2024-02-11 04:00:00+00:00
1707638400000,0.008658,0.008705,0.008585,0.008638,56649806.0,2024-02-11 08:00:00+00:00
1707652800000,0.00864,0.008653,0.008573,0.008608,64934275.0,2024-02-11 12:00:00+00:00
1707667200000,0.008608,0.008636,0.008555,0.008604,35428037.0,2024-02-11 16:00:00+00:00
1707681600000,0.008605,0.008643,0.008517,0.008578,114296189.0,2024-02-11 20:00:00+00:00
1707696000000,0.008579,0.008643,0.008467,0.008526,70081333.0,2024-02-12 00:00:00+00:00
1707710400000,0.008525,0.00856,0.008451,0.008551,43754855.0,2024-02-12 04:00:00+00:00
1707724800000,0.008552,0.008592,0.008411,0.008469,53555957.0,2024-02-12 08:00:00+00:00
1707739200000,0.008467,0.008596,0.008419,0.008591,52485391.0,2024-02-12 12:00:00+00:00
1707753600000,0.008591,0.008732,0.008554,0.008668,103261009.0,2024-02-12 16:00:00+00:00
1707768000000,0.008668,0.008742,0.008668,0.008688,76939752.0,2024-02-12 20:00:00+00:00
1707782400000,0.008689,0.009017,0.008645,0.008677,341016369.0,2024-02-13 00:00:00+00:00
1707796800000,0.008677,0.008728,0.008661,0.008711,118864960.0,2024-02-13 04:00:00+00:00
1707811200000,0.008711,0.008737,0.008601,0.008638,130447993.0,2024-02-13 08:00:00+00:00
1707825600000,0.008639,0.008646,0.008332,0.008488,275576207.0,2024-02-13 12:00:00+00:00
1707840000000,0.008486,0.008532,0.008423,0.008484,63254135.0,2024-02-13 16:00:00+00:00
1707854400000,0.008484,0.008571,0.008481,0.008527,72444384.0,2024-02-13 20:00:00+00:00
1707868800000,0.008527,0.008622,0.008441,0.008512,173680388.0,2024-02-14 00:00:00+00:00
1707883200000,0.008513,0.008561,0.008462,0.008561,61691245.0,2024-02-14 04:00:00+00:00
1707897600000,0.008559,0.008719,0.008543,0.008699,160515141.0,2024-02-14 08:00:00+00:00
1707912000000,0.008699,0.008724,0.008586,0.008667,162719528.0,2024-02-14 12:00:00+00:00
1707926400000,0.008667,0.008725,0.00859,0.008722,85671710.0,2024-02-14 16:00:00+00:00
1707940800000,0.008722,0.008735,0.008682,0.008698,78209658.0,2024-02-14 20:00:00+00:00
1707955200000,0.008699,0.008816,0.008651,0.008814,182548633.0,2024-02-15 00:00:00+00:00
1707969600000,0.008815,0.00885,0.008683,0.008816,182263795.0,2024-02-15 04:00:00+00:00
1707984000000,0.008817,0.008923,0.008795,0.008902,140613696.0,2024-02-15 08:00:00+00:00
1707998400000,0.008901,0.009061,0.008849,0.008905,364690896.0,2024-02-15 12:00:00+00:00
1708012800000,0.008903,0.008941,0.008808,0.008923,215920495.0,2024-02-15 16:00:00+00:00
1708027200000,0.008923,0.008927,0.008757,0.008894,138340879.0,2024-02-15 20:00:00+00:00
1708041600000,0.008894,0.008995,0.008814,0.008987,115138267.0,2024-02-16 00:00:00+00:00
1708056000000,0.008986,0.009043,0.008933,0.008949,106115307.0,2024-02-16 04:00:00+00:00
1708070400000,0.008949,0.009081,0.008902,0.009041,133155258.0,2024-02-16 08:00:00+00:00
1708084800000,0.009041,0.009087,0.008723,0.008883,218070417.0,2024-02-16 12:00:00+00:00
1708099200000,0.008883,0.008961,0.008798,0.008829,93581123.0,2024-02-16 16:00:00+00:00
1708113600000,0.008827,0.008994,0.008821,0.008972,68241941.0,2024-02-16 20:00:00+00:00
1708128000000,0.008973,0.008987,0.008816,0.008864,99150617.0,2024-02-17 00:00:00+00:00
1708142400000,0.008865,0.008905,0.008847,0.008889,49946600.0,2024-02-17 04:00:00+00:00
1708156800000,0.008888,0.0089,0.008771,0.008833,94165452.0,2024-02-17 08:00:00+00:00
1708171200000,0.008833,0.008895,0.008591,0.008761,212467663.0,2024-02-17 12:00:00+00:00
1708185600000,0.00876,0.008836,0.008737,0.008818,66363453.0,2024-02-17 16:00:00+00:00
1708200000000,0.008819,0.008905,0.008815,0.008874,61817782.0,2024-02-17 20:00:00+00:00
1708214400000,0.008875,0.008914,0.008777,0.008822,78861393.0,2024-02-18 00:00:00+00:00
1708228800000,0.008822,0.009152,0.008814,0.009087,360049979.0,2024-02-18 04:00:00+00:00
1708243200000,0.009087,0.009369,0.009081,0.009366,426645006.0,2024-02-18 08:00:00+00:00
1708257600000,0.009367,0.009587,0.009165,0.00921,697877564.0,2024-02-18 12:00:00+00:00
1708272000000,0.009211,0.009325,0.009156,0.009192,206759906.0,2024-02-18 16:00:00+00:00
1708286400000,0.009191,0.009269,0.009103,0.0092,169064914.0,2024-02-18 20:00:00+00:00
1708300800000,0.009201,0.009555,0.009165,0.009547,506296033.0,2024-02-19 00:00:00+00:00
1708315200000,0.009547,0.009553,0.009358,0.009462,296349627.0,2024-02-19 04:00:00+00:00
1708329600000,0.00946,0.009498,0.009306,0.00942,258850986.0,2024-02-19 08:00:00+00:00
1708344000000,0.009419,0.009513,0.009315,0.009456,241220838.0,2024-02-19 12:00:00+00:00
1708358400000,0.009455,0.009458,0.009255,0.00941,204230589.0,2024-02-19 16:00:00+00:00
1708372800000,0.009408,0.00948,0.009348,0.009418,173805319.0,2024-02-19 20:00:00+00:00
1708387200000,0.009418,0.009551,0.009217,0.009262,285049969.0,2024-02-20 00:00:00+00:00
1708401600000,0.009263,0.009498,0.009194,0.009394,169410323.0,2024-02-20 04:00:00+00:00
1708416000000,0.009395,0.009477,0.009171,0.009466,179977459.0,2024-02-20 08:00:00+00:00
1708430400000,0.009466,0.009544,0.00885,0.009079,616505678.0,2024-02-20 12:00:00+00:00
1708444800000,0.00908,0.00922,0.008927,0.009214,161391218.0,2024-02-20 16:00:00+00:00
1708459200000,0.009216,0.009388,0.009189,0.009317,122804020.0,2024-02-20 20:00:00+00:00
1708473600000,0.009319,0.009469,0.009307,0.009385,147913521.0,2024-02-21 00:00:00+00:00
1708488000000,0.009384,0.009404,0.009135,0.009175,132937334.0,2024-02-21 04:00:00+00:00
1708502400000,0.009174,0.009264,0.008885,0.008985,282356344.0,2024-02-21 08:00:00+00:00
1708516800000,0.008987,0.009114,0.008816,0.008962,270760946.0,2024-02-21 12:00:00+00:00
1708531200000,0.008963,0.009036,0.008782,0.008928,150308131.0,2024-02-21 16:00:00+00:00
1708545600000,0.008928,0.00912,0.008866,0.009105,139660310.0,2024-02-21 20:00:00+00:00
1708560000000,0.009106,0.009131,0.008896,0.009023,113766438.0,2024-02-22 00:00:00+00:00
1708574400000,0.009022,0.009319,0.009015,0.009315,175507116.0,2024-02-22 04:00:00+00:00
1708588800000,0.009317,0.009462,0.009291,0.009455,244578851.0,2024-02-22 08:00:00+00:00
1708603200000,0.009456,0.009505,0.009263,0.009476,195361026.0,2024-02-22 12:00:00+00:00
1708617600000,0.009473,0.009494,0.009381,0.009393,129069170.0,2024-02-22 16:00:00+00:00
1708632000000,0.00939,0.009487,0.00932,0.00934,129982216.0,2024-02-22 20:00:00+00:00
1708646400000,0.00934,0.009461,0.009158,0.00921,472935494.0,2024-02-23 00:00:00+00:00
1708660800000,0.00921,0.009382,0.00911,0.009252,1055469214.0,2024-02-23 04:00:00+00:00
1708675200000,0.00925,0.009439,0.009188,0.009427,928086729.0,2024-02-23 08:00:00+00:00
1708689600000,0.009428,0.009488,0.009283,0.00932,356749527.0,2024-02-23 12:00:00+00:00
1708704000000,0.009321,0.009508,0.009146,0.00948,299791143.0,2024-02-23 16:00:00+00:00
1708718400000,0.009479,0.009545,0.009263,0.009404,286342631.0,2024-02-23 20:00:00+00:00
1708732800000,0.009404,0.009483,0.009238,0.009378,190196879.0,2024-02-24 00:00:00+00:00
1708747200000,0.009379,0.009557,0.009344,0.009553,203755722.0,2024-02-24 04:00:00+00:00
1708761600000,0.009553,0.009796,0.00955,0.009551,329156879.0,2024-02-24 08:00:00+00:00
1708776000000,0.009553,0.009609,0.00948,0.009546,154484887.0,2024-02-24 12:00:00+00:00
1708790400000,0.009545,0.00984,0.009535,0.0098,395801996.0,2024-02-24 16:00:00+00:00
1708804800000,0.009802,0.009865,0.009747,0.009779,131713266.0,2024-02-24 20:00:00+00:00
1708819200000,0.009779,0.009799,0.009645,0.009726,172211348.0,2024-02-25 00:00:00+00:00
1708833600000,0.009724,0.009816,0.009646,0.009734,91333793.0,2024-02-25 04:00:00+00:00
1708848000000,0.009735,0.009765,0.009673,0.009744,81180074.0,2024-02-25 08:00:00+00:00
1708862400000,0.009745,0.009838,0.009708,0.00974,128802851.0,2024-02-25 12:00:00+00:00
1708876800000,0.009737,0.00993,0.009698,0.009886,161041524.0,2024-02-25 16:00:00+00:00
1708891200000,0.009885,0.009989,0.009871,0.009956,145443411.0,2024-02-25 20:00:00+00:00
1708905600000,0.009957,0.009961,0.009769,0.009848,132185916.0,2024-02-26 00:00:00+00:00
1708920000000,0.009848,0.010011,0.009809,0.009814,143505811.0,2024-02-26 04:00:00+00:00
1708934400000,0.009816,0.009865,0.009567,0.00979,272795024.0,2024-02-26 08:00:00+00:00
1708948800000,0.009792,0.010035,0.009736,0.010035,177065063.0,2024-02-26 12:00:00+00:00
1708963200000,0.010032,0.010143,0.009965,0.01012,231987930.0,2024-02-26 16:00:00+00:00
1708977600000,0.010118,0.010167,0.010034,0.010143,96416448.0,2024-02-26 20:00:00+00:00
1708992000000,0.010144,0.010302,0.010066,0.010172,208387419.0,2024-02-27 00:00:00+00:00
1709006400000,0.010172,0.010256,0.00999,0.010014,139839131.0,2024-02-27 04:00:00+00:00
1709020800000,0.010013,0.010235,0.010011,0.010184,128004359.0,2024-02-27 08:00:00+00:00
1709035200000,0.010185,0.010266,0.010027,0.010065,206856236.0,2024-02-27 12:00:00+00:00
1709049600000,0.010067,0.010319,0.009969,0.01024,215204319.0,2024-02-27 16:00:00+00:00
1709064000000,0.010242,0.010321,0.010179,0.010249,85717023.0,2024-02-27 20:00:00+00:00
1709078400000,0.01025,0.010362,0.010169,0.010206,139998571.0,2024-02-28 00:00:00+00:00
1709092800000,0.010203,0.010592,0.010196,0.010377,472435261.0,2024-02-28 04:00:00+00:00
1709107200000,0.010378,0.010636,0.010237,0.010388,416327381.0,2024-02-28 08:00:00+00:00
1709121600000,0.010388,0.010736,0.010379,0.010621,400377428.0,2024-02-28 12:00:00+00:00
1709136000000,0.010618,0.010868,0.009,0.01018,1100529767.0,2024-02-28 16:00:00+00:00
1709150400000,0.010179,0.010475,0.010131,0.010432,221852029.0,2024-02-28 20:00:00+00:00
1709164800000,0.010432,0.010767,0.010286,0.010751,287752778.0,2024-02-29 00:00:00+00:00
1709179200000,0.010752,0.011035,0.010702,0.010856,369341712.0,2024-02-29 04:00:00+00:00
1709193600000,0.01086,0.011247,0.010821,0.01094,354053325.0,2024-02-29 08:00:00+00:00
1709208000000,0.01094,0.011233,0.010818,0.011051,230513805.0,2024-02-29 12:00:00+00:00
1709222400000,0.011054,0.011091,0.010673,0.010898,233345483.0,2024-02-29 16:00:00+00:00
1709236800000,0.010897,0.010916,0.01034,0.010711,237460767.0,2024-02-29 20:00:00+00:00
1709251200000,0.010714,0.011264,0.010713,0.011106,431594023.0,2024-03-01 00:00:00+00:00
1709265600000,0.011107,0.011228,0.011018,0.011033,215287532.0,2024-03-01 04:00:00+00:00
1709280000000,0.011038,0.011206,0.011011,0.011123,158328485.0,2024-03-01 08:00:00+00:00
1709294400000,0.011123,0.011195,0.01096,0.011046,168006618.0,2024-03-01 12:00:00+00:00
1709308800000,0.011047,0.011515,0.011037,0.011489,257035647.0,2024-03-01 16:00:00+00:00
1709323200000,0.011489,0.011697,0.011356,0.011676,136417563.0,2024-03-01 20:00:00+00:00
1709337600000,0.011676,0.011677,0.011286,0.011631,260339934.0,2024-03-02 00:00:00+00:00
1709352000000,0.011623,0.01166,0.011395,0.011613,115557339.0,2024-03-02 04:00:00+00:00
1709366400000,0.01161,0.0118,0.011322,0.011519,448952944.0,2024-03-02 08:00:00+00:00
1709380800000,0.011517,0.011869,0.011507,0.011779,427926770.0,2024-03-02 12:00:00+00:00
1709395200000,0.01178,0.012097,0.01178,0.012039,226537139.0,2024-03-02 16:00:00+00:00
1709409600000,0.012041,0.012289,0.011925,0.012247,138109017.0,2024-03-02 20:00:00+00:00
1709424000000,0.012246,0.012304,0.011915,0.012276,347562594.0,2024-03-03 00:00:00+00:00
1709438400000,0.012279,0.01246,0.01095,0.011748,742039832.0,2024-03-03 04:00:00+00:00
1709452800000,0.01175,0.012128,0.011608,0.01205,376063469.0,2024-03-03 08:00:00+00:00
1709467200000,0.01205,0.01211,0.011686,0.011904,321913476.0,2024-03-03 12:00:00+00:00
1709481600000,0.011905,0.011951,0.011774,0.011897,164659083.0,2024-03-03 16:00:00+00:00
1709496000000,0.011898,0.011964,0.011826,0.011889,112269313.0,2024-03-03 20:00:00+00:00
1709510400000,0.011887,0.012644,0.011887,0.012109,1015624220.0,2024-03-04 00:00:00+00:00
1709524800000,0.012109,0.012531,0.012048,0.012375,340789966.0,2024-03-04 04:00:00+00:00
1709539200000,0.012377,0.012732,0.012211,0.012437,716949925.0,2024-03-04 08:00:00+00:00
1709553600000,0.012437,0.012704,0.012151,0.01251,644512708.0,2024-03-04 12:00:00+00:00
1709568000000,0.01251,0.012673,0.011739,0.012256,676647478.0,2024-03-04 16:00:00+00:00
1709582400000,0.012255,0.012351,0.012094,0.012303,213941447.0,2024-03-04 20:00:00+00:00
1709596800000,0.012308,0.012322,0.011869,0.01201,283974214.0,2024-03-05 00:00:00+00:00
1709611200000,0.01201,0.012127,0.011597,0.011926,403331678.0,2024-03-05 04:00:00+00:00
1709625600000,0.011926,0.012448,0.011824,0.012387,359587463.0,2024-03-05 08:00:00+00:00
1709640000000,0.012385,0.012532,0.011947,0.012058,558677826.0,2024-03-05 12:00:00+00:00
1709654400000,0.012053,0.012157,0.00915,0.010436,1155711160.0,2024-03-05 16:00:00+00:00
1709668800000,0.010434,0.011151,0.010228,0.011092,681498639.0,2024-03-05 20:00:00+00:00
1709683200000,0.011094,0.011204,0.010621,0.010852,366298980.0,2024-03-06 00:00:00+00:00
1709697600000,0.010853,0.011599,0.010841,0.011599,298205351.0,2024-03-06 04:00:00+00:00
1709712000000,0.0116,0.011791,0.011299,0.011687,655442225.0,2024-03-06 08:00:00+00:00
1709726400000,0.011685,0.011774,0.011114,0.011384,540125851.0,2024-03-06 12:00:00+00:00
1709740800000,0.011385,0.01163,0.011234,0.011553,334105339.0,2024-03-06 16:00:00+00:00
1709755200000,0.011552,0.011826,0.011507,0.011801,150427582.0,2024-03-06 20:00:00+00:00
1709769600000,0.011801,0.012549,0.011708,0.012301,746344273.0,2024-03-07 00:00:00+00:00
1709784000000,0.012298,0.01336,0.012205,0.012398,1855421556.0,2024-03-07 04:00:00+00:00
1709798400000,0.012398,0.013027,0.012352,0.012659,871577921.0,2024-03-07 08:00:00+00:00
1709812800000,0.01266,0.012697,0.012331,0.012672,604706504.0,2024-03-07 12:00:00+00:00
1709827200000,0.012672,0.012801,0.012585,0.012717,270179449.0,2024-03-07 16:00:00+00:00
1709841600000,0.012717,0.012819,0.012586,0.012766,250031370.0,2024-03-07 20:00:00+00:00
1709856000000,0.012765,0.012827,0.01243,0.012564,315649505.0,2024-03-08 00:00:00+00:00
1709870400000,0.012561,0.012704,0.01241,0.012615,237718620.0,2024-03-08 04:00:00+00:00
1709884800000,0.012618,0.012669,0.012443,0.012525,169720652.0,2024-03-08 08:00:00+00:00
1709899200000,0.012524,0.012621,0.011832,0.012183,518038597.0,2024-03-08 12:00:00+00:00
1709913600000,0.012188,0.012509,0.011904,0.01243,344943458.0,2024-03-08 16:00:00+00:00
1709928000000,0.01243,0.012564,0.012364,0.012507,135670925.0,2024-03-08 20:00:00+00:00
1709942400000,0.012505,0.012558,0.012352,0.012525,151737847.0,2024-03-09 00:00:00+00:00
1709956800000,0.012525,0.012663,0.012444,0.0126,149507230.0,2024-03-09 04:00:00+00:00
1709971200000,0.012599,0.012728,0.012383,0.012639,202454711.0,2024-03-09 08:00:00+00:00
1709985600000,0.012638,0.012998,0.012593,0.012831,534808769.0,2024-03-09 12:00:00+00:00
1710000000000,0.012834,0.01285,0.012662,0.012701,171886680.0,2024-03-09 16:00:00+00:00
1710014400000,0.012701,0.012802,0.012678,0.01277,90422604.0,2024-03-09 20:00:00+00:00
1710028800000,0.012773,0.013423,0.012706,0.012916,617006598.0,2024-03-10 00:00:00+00:00
1710043200000,0.012916,0.013114,0.012896,0.013105,202900297.0,2024-03-10 04:00:00+00:00
1710057600000,0.013108,0.01318,0.012682,0.012704,386469116.0,2024-03-10 08:00:00+00:00
1710072000000,0.012705,0.012772,0.01221,0.012451,440388898.0,2024-03-10 12:00:00+00:00
1710086400000,0.012453,0.012929,0.012441,0.012862,179813311.0,2024-03-10 16:00:00+00:00
1710100800000,0.012862,0.013009,0.012501,0.012902,220169145.0,2024-03-10 20:00:00+00:00
1710115200000,0.012901,0.012929,0.0121,0.012732,380986071.0,2024-03-11 00:00:00+00:00
1710129600000,0.012733,0.012888,0.01254,0.012815,286614585.0,2024-03-11 04:00:00+00:00
1710144000000,0.012818,0.012979,0.012758,0.012897,209382362.0,2024-03-11 08:00:00+00:00
1710158400000,0.012896,0.013136,0.012774,0.012908,360829103.0,2024-03-11 12:00:00+00:00
1710172800000,0.012909,0.013528,0.012769,0.013345,771987170.0,2024-03-11 16:00:00+00:00
1710187200000,0.013347,0.01358,0.013328,0.013525,251113179.0,2024-03-11 20:00:00+00:00
1710201600000,0.013531,0.013848,0.013336,0.013376,532717283.0,2024-03-12 00:00:00+00:00
1710216000000,0.013376,0.013571,0.013239,0.013367,341198788.0,2024-03-12 04:00:00+00:00
1710230400000,0.013368,0.013472,0.012918,0.013147,464480510.0,2024-03-12 08:00:00+00:00
1710244800000,0.013149,0.013904,0.012884,0.013783,1116700366.0,2024-03-12 12:00:00+00:00
1710259200000,0.013787,0.014043,0.012879,0.013934,1549305139.0,2024-03-12 16:00:00+00:00
1710273600000,0.013935,0.014102,0.01375,0.014095,333428860.0,2024-03-12 20:00:00+00:00
1710288000000,0.014092,0.014325,0.013836,0.014194,352954376.0,2024-03-13 00:00:00+00:00
1710302400000,0.014194,0.014621,0.014046,0.014309,577548045.0,2024-03-13 04:00:00+00:00
1710316800000,0.014313,0.014429,0.014051,0.014083,248982025.0,2024-03-13 08:00:00+00:00
1710331200000,0.014087,0.014215,0.013677,0.014032,417903805.0,2024-03-13 12:00:00+00:00
1710345600000,0.014032,0.014235,0.013951,0.014047,187537724.0,2024-03-13 16:00:00+00:00
1710360000000,0.014044,0.01421,0.01389,0.014183,105295797.0,2024-03-13 20:00:00+00:00
1710374400000,0.014184,0.014203,0.013859,0.013985,164667954.0,2024-03-14 00:00:00+00:00
1710388800000,0.013986,0.014008,0.013693,0.013964,177708062.0,2024-03-14 04:00:00+00:00
1710403200000,0.013963,0.014066,0.013422,0.013625,265329594.0,2024-03-14 08:00:00+00:00
1710417600000,0.013625,0.013703,0.013007,0.013168,516589544.0,2024-03-14 12:00:00+00:00
1710432000000,0.013169,0.013474,0.012673,0.012951,480708347.0,2024-03-14 16:00:00+00:00
1710446400000,0.012949,0.013667,0.012939,0.013602,212335048.0,2024-03-14 20:00:00+00:00
1710460800000,0.013604,0.013716,0.012042,0.012595,600205262.0,2024-03-15 00:00:00+00:00
1710475200000,0.012595,0.012686,0.012283,0.0126,429258172.0,2024-03-15 04:00:00+00:00
1710489600000,0.012595,0.012612,0.011399,0.01207,685016705.0,2024-03-15 08:00:00+00:00
1710504000000,0.01207,0.012303,0.011947,0.012126,291004559.0,2024-03-15 12:00:00+00:00
1710518400000,0.012126,0.012638,0.011993,0.012247,310990138.0,2024-03-15 16:00:00+00:00
1710532800000,0.012248,0.012454,0.011938,0.012447,204708882.0,2024-03-15 20:00:00+00:00
1710547200000,0.012448,0.012537,0.01229,0.01245,137107922.0,2024-03-16 00:00:00+00:00
1710561600000,0.01245,0.012572,0.012147,0.012545,170223450.0,2024-03-16 04:00:00+00:00
1710576000000,0.012546,0.01259,0.012077,0.012204,225312608.0,2024-03-16 08:00:00+00:00
1710590400000,0.012206,0.012227,0.011689,0.011978,288681850.0,2024-03-16 12:00:00+00:00
1710604800000,0.011979,0.011999,0.011168,0.011327,420940968.0,2024-03-16 16:00:00+00:00
1710619200000,0.011325,0.011555,0.011073,0.011314,314820600.0,2024-03-16 20:00:00+00:00
1710633600000,0.011312,0.011501,0.010985,0.01147,260724789.0,2024-03-17 00:00:00+00:00
1710648000000,0.011472,0.011472,0.010633,0.010951,309119204.0,2024-03-17 04:00:00+00:00
1710662400000,0.010952,0.011598,0.010886,0.011436,392842724.0,2024-03-17 08:00:00+00:00
1710676800000,0.011434,0.011794,0.011237,0.011745,274175545.0,2024-03-17 12:00:00+00:00
1710691200000,0.011742,0.011893,0.01166,0.011839,159152004.0,2024-03-17 16:00:00+00:00
1710705600000,0.01184,0.011966,0.011716,0.011798,98142627.0,2024-03-17 20:00:00+00:00
1710720000000,0.011799,0.011799,0.011344,0.011658,156614671.0,2024-03-18 00:00:00+00:00
1710734400000,0.011656,0.011851,0.011529,0.011654,124644692.0,2024-03-18 04:00:00+00:00
1710748800000,0.011652,0.011652,0.011337,0.011526,160221331.0,2024-03-18 08:00:00+00:00
1710763200000,0.011525,0.01157,0.010909,0.011162,231283481.0,2024-03-18 12:00:00+00:00
1710777600000,0.01116,0.011273,0.0108,0.010876,223237665.0,2024-03-18 16:00:00+00:00
1710792000000,0.010879,0.011163,0.010874,0.011015,116457641.0,2024-03-18 20:00:00+00:00
1710806400000,0.011012,0.011119,0.01018,0.010467,425797266.0,2024-03-19 00:00:00+00:00
1710820800000,0.010465,0.010559,0.009664,0.010198,504429783.0,2024-03-19 04:00:00+00:00
1710835200000,0.010199,0.0102,0.009543,0.009875,651892661.0,2024-03-19 08:00:00+00:00
1710849600000,0.009877,0.010283,0.009764,0.010244,520221917.0,2024-03-19 12:00:00+00:00
1710864000000,0.010251,0.010503,0.010236,0.010388,290467940.0,2024-03-19 16:00:00+00:00
1710878400000,0.01039,0.010414,0.00952,0.009756,420942583.0,2024-03-19 20:00:00+00:00
1710892800000,0.009757,0.01004,0.009626,0.009694,349996800.0,2024-03-20 00:00:00+00:00
1710907200000,0.009695,0.010081,0.009309,0.010031,485345991.0,2024-03-20 04:00:00+00:00
1710921600000,0.010028,0.010168,0.009891,0.01013,250829764.0,2024-03-20 08:00:00+00:00
1710936000000,0.010128,0.010324,0.009908,0.009963,367698468.0,2024-03-20 12:00:00+00:00
1710950400000,0.009961,0.010561,0.009567,0.010522,477608736.0,2024-03-20 16:00:00+00:00
1710964800000,0.010527,0.010828,0.010484,0.010799,261242044.0,2024-03-20 20:00:00+00:00
1710979200000,0.010795,0.010997,0.010727,0.01078,270534354.0,2024-03-21 00:00:00+00:00
1710993600000,0.01078,0.010849,0.010474,0.010664,234235778.0,2024-03-21 04:00:00+00:00
1711008000000,0.010664,0.010862,0.010637,0.010782,177489633.0,2024-03-21 08:00:00+00:00
1711022400000,0.010783,0.010915,0.010697,0.010845,201417213.0,2024-03-21 12:00:00+00:00
1711036800000,0.010844,0.010981,0.010414,0.010682,285023127.0,2024-03-21 16:00:00+00:00
1711051200000,0.010678,0.010816,0.010534,0.010745,196229478.0,2024-03-21 20:00:00+00:00
1711065600000,0.010745,0.011482,0.010632,0.010921,1599472692.0,2024-03-22 00:00:00+00:00
1711080000000,0.010921,0.011128,0.010866,0.011098,364661959.0,2024-03-22 04:00:00+00:00
1711094400000,0.011098,0.011109,0.010576,0.010623,350950484.0,2024-03-22 08:00:00+00:00
1711108800000,0.010622,0.010755,0.010202,0.010536,503455169.0,2024-03-22 12:00:00+00:00
1711123200000,0.010537,0.010537,0.0103,0.010457,275811402.0,2024-03-22 16:00:00+00:00
1711137600000,0.010458,0.010486,0.010163,0.01048,226718434.0,2024-03-22 20:00:00+00:00
1711152000000,0.01048,0.010573,0.010275,0.010392,196304385.0,2024-03-23 00:00:00+00:00
1711166400000,0.010393,0.010682,0.010383,0.010628,167622919.0,2024-03-23 04:00:00+00:00
1711180800000,0.010629,0.010704,0.010557,0.010627,149953631.0,2024-03-23 08:00:00+00:00
1711195200000,0.010628,0.010806,0.010591,0.010752,197716240.0,2024-03-23 12:00:00+00:00
1711209600000,0.010751,0.010836,0.010664,0.010766,150005375.0,2024-03-23 16:00:00+00:00
1711224000000,0.010767,0.010778,0.010523,0.010543,158221771.0,2024-03-23 20:00:00+00:00
1711238400000,0.010545,0.01076,0.010535,0.010563,171938875.0,2024-03-24 00:00:00+00:00
1711252800000,0.010565,0.01069,0.010512,0.010686,160595602.0,2024-03-24 04:00:00+00:00
1711267200000,0.010684,0.010841,0.010644,0.010783,138390799.0,2024-03-24 08:00:00+00:00
1711281600000,0.010781,0.010984,0.010745,0.010952,170899718.0,2024-03-24 12:00:00+00:00
1711296000000,0.010953,0.011032,0.010715,0.01103,199701264.0,2024-03-24 16:00:00+00:00
1711310400000,0.01103,0.01122,0.010989,0.011191,188276736.0,2024-03-24 20:00:00+00:00
1711324800000,0.011194,0.011249,0.011077,0.011207,157118867.0,2024-03-25 00:00:00+00:00
1711339200000,0.01121,0.011267,0.011093,0.011096,108393868.0,2024-03-25 04:00:00+00:00
1711353600000,0.011095,0.01135,0.011093,0.0112,175350591.0,2024-03-25 08:00:00+00:00
1711368000000,0.011202,0.011622,0.011185,0.011586,314220437.0,2024-03-25 12:00:00+00:00
1711382400000,0.011589,0.011812,0.01156,0.011803,162644638.0,2024-03-25 16:00:00+00:00
1711396800000,0.011804,0.011852,0.011542,0.011727,164651282.0,2024-03-25 20:00:00+00:00
1711411200000,0.011729,0.012322,0.011724,0.012254,278677809.0,2024-03-26 00:00:00+00:00
1711425600000,0.012253,0.012507,0.012179,0.012325,306142233.0,2024-03-26 04:00:00+00:00
1711440000000,0.012326,0.012418,0.01223,0.012308,234110411.0,2024-03-26 08:00:00+00:00
1711454400000,0.012303,0.012726,0.012056,0.012275,737325406.0,2024-03-26 12:00:00+00:00
1711468800000,0.012275,0.012559,0.012066,0.012239,406748185.0,2024-03-26 16:00:00+00:00
1711483200000,0.012245,0.012868,0.012245,0.012755,351876066.0,2024-03-26 20:00:00+00:00
1711497600000,0.012755,0.012848,0.01237,0.012609,445598333.0,2024-03-27 00:00:00+00:00
1711512000000,0.012611,0.012705,0.012256,0.012313,350628087.0,2024-03-27 04:00:00+00:00
1711526400000,0.012314,0.012674,0.012095,0.012656,433146225.0,2024-03-27 08:00:00+00:00
1711540800000,0.012656,0.012855,0.012056,0.012126,803658450.0,2024-03-27 12:00:00+00:00
1711555200000,0.012127,0.012366,0.01201,0.012282,329775131.0,2024-03-27 16:00:00+00:00
1711569600000,0.01228,0.012388,0.01217,0.012212,194294661.0,2024-03-27 20:00:00+00:00
1711584000000,0.012213,0.012325,0.011871,0.012054,292519902.0,2024-03-28 00:00:00+00:00
1711598400000,0.012055,0.01242,0.012037,0.012411,181638265.0,2024-03-28 04:00:00+00:00
1711612800000,0.012412,0.012643,0.012325,0.012415,245839468.0,2024-03-28 08:00:00+00:00
1711627200000,0.012417,0.012596,0.01214,0.012552,357815779.0,2024-03-28 12:00:00+00:00
1711641600000,0.012555,0.012645,0.01245,0.012574,236181666.0,2024-03-28 16:00:00+00:00
1711656000000,0.012574,0.012704,0.012492,0.012635,141210527.0,2024-03-28 20:00:00+00:00
1711670400000,0.012636,0.01284,0.012443,0.012719,344944321.0,2024-03-29 00:00:00+00:00
1711684800000,0.012719,0.012795,0.012304,0.012381,297269042.0,2024-03-29 04:00:00+00:00
1711699200000,0.012378,0.012925,0.012369,0.012889,315281789.0,2024-03-29 08:00:00+00:00
1711713600000,0.012889,0.012961,0.012497,0.01261,399764288.0,2024-03-29 12:00:00+00:00
1711728000000,0.012612,0.012842,0.012516,0.012618,236510526.0,2024-03-29 16:00:00+00:00
1711742400000,0.012619,0.012752,0.012426,0.012724,133548553.0,2024-03-29 20:00:00+00:00
1711756800000,0.012724,0.01273,0.012461,0.012495,158070042.0,2024-03-30 00:00:00+00:00
1711771200000,0.012492,0.012643,0.012358,0.012466,199600597.0,2024-03-30 04:00:00+00:00
1711785600000,0.012463,0.012594,0.012335,0.012585,137517974.0,2024-03-30 08:00:00+00:00
1711800000000,0.012582,0.012664,0.01247,0.012618,203076356.0,2024-03-30 12:00:00+00:00
1711814400000,0.012618,0.012809,0.012536,0.012669,237474081.0,2024-03-30 16:00:00+00:00
1711828800000,0.012665,0.012672,0.01233,0.012431,164270893.0,2024-03-30 20:00:00+00:00
1711843200000,0.012432,0.012633,0.012343,0.01243,140803281.0,2024-03-31 00:00:00+00:00
1711857600000,0.012429,0.012591,0.01237,0.012525,156265374.0,2024-03-31 04:00:00+00:00
1711872000000,0.012526,0.012558,0.012427,0.012541,83585239.0,2024-03-31 08:00:00+00:00
1711886400000,0.012542,0.012851,0.012523,0.012682,369817448.0,2024-03-31 12:00:00+00:00
1711900800000,0.012686,0.01295,0.012681,0.012945,146826849.0,2024-03-31 16:00:00+00:00
1711915200000,0.012947,0.01306,0.012718,0.012814,204890981.0,2024-03-31 20:00:00+00:00
1711929600000,0.012811,0.012815,0.012645,0.012729,218806883.0,2024-04-01 00:00:00+00:00
1711944000000,0.012726,0.012756,0.011801,0.012259,520565170.0,2024-04-01 04:00:00+00:00
1711958400000,0.012259,0.012263,0.011795,0.011851,411664809.0,2024-04-01 08:00:00+00:00
1711972800000,0.011852,0.01208,0.011425,0.011482,550375009.0,2024-04-01 12:00:00+00:00
1711987200000,0.011484,0.01164,0.011341,0.011625,261099551.0,2024-04-01 16:00:00+00:00
1712001600000,0.01163,0.011783,0.011587,0.011739,139204344.0,2024-04-01 20:00:00+00:00
1712016000000,0.011741,0.011802,0.010623,0.011,511878192.0,2024-04-02 00:00:00+00:00
1712030400000,0.011,0.011196,0.010889,0.011004,237366122.0,2024-04-02 04:00:00+00:00
1712044800000,0.011002,0.011035,0.010569,0.010805,361049250.0,2024-04-02 08:00:00+00:00
1712059200000,0.010803,0.011047,0.010562,0.010767,268737046.0,2024-04-02 12:00:00+00:00
1712073600000,0.010767,0.010929,0.010688,0.010854,177807764.0,2024-04-02 16:00:00+00:00
1712088000000,0.010853,0.010889,0.010687,0.010733,109616447.0,2024-04-02 20:00:00+00:00
1712102400000,0.010733,0.010931,0.01031,0.010891,323091561.0,2024-04-03 00:00:00+00:00
1712116800000,0.010887,0.010999,0.010837,0.010905,155706999.0,2024-04-03 04:00:00+00:00
1712131200000,0.010906,0.011097,0.010809,0.010887,183078365.0,2024-04-03 08:00:00+00:00
1712145600000,0.010887,0.011033,0.010677,0.010818,218452807.0,2024-04-03 12:00:00+00:00
1712160000000,0.010816,0.010944,0.010551,0.010691,222939259.0,2024-04-03 16:00:00+00:00
1712174400000,0.01069,0.010784,0.010504,0.010702,124463495.0,2024-04-03 20:00:00+00:00
1712188800000,0.010703,0.010839,0.010474,0.010566,165302265.0,2024-04-04 00:00:00+00:00
1712203200000,0.010567,0.01083,0.010431,0.010812,139960066.0,2024-04-04 04:00:00+00:00
1712217600000,0.010813,0.010932,0.010784,0.010914,102419169.0,2024-04-04 08:00:00+00:00
1712232000000,0.01091,0.011139,0.010893,0.011062,201608321.0,2024-04-04 12:00:00+00:00
1712246400000,0.011063,0.01128,0.011045,0.011059,133101648.0,2024-04-04 16:00:00+00:00
1712260800000,0.01106,0.011082,0.010821,0.011069,162105093.0,2024-04-04 20:00:00+00:00
1712275200000,0.011069,0.011095,0.010765,0.011001,148784053.0,2024-04-05 00:00:00+00:00
1712289600000,0.011004,0.011005,0.01065,0.01077,166341713.0,2024-04-05 04:00:00+00:00
1712304000000,0.010769,0.010905,0.010553,0.010561,181116213.0,2024-04-05 08:00:00+00:00
1712318400000,0.010565,0.011012,0.010479,0.011009,261930720.0,2024-04-05 12:00:00+00:00
1712332800000,0.011005,0.011037,0.010886,0.010944,147131625.0,2024-04-05 16:00:00+00:00
1712347200000,0.010944,0.011021,0.01092,0.010924,61771836.0,2024-04-05 20:00:00+00:00
1712361600000,0.010923,0.011058,0.010832,0.011024,92911300.0,2024-04-06 00:00:00+00:00
1712376000000,0.011022,0.0111,0.010951,0.01102,77830233.0,2024-04-06 04:00:00+00:00
1712390400000,0.011023,0.011121,0.010955,0.010977,62837516.0,2024-04-06 08:00:00+00:00
1712404800000,0.010977,0.010978,0.010856,0.010924,84473652.0,2024-04-06 12:00:00+00:00
1712419200000,0.010922,0.011024,0.010912,0.010979,64646176.0,2024-04-06 16:00:00+00:00
1712433600000,0.010978,0.01119,0.010972,0.011085,69123690.0,2024-04-06 20:00:00+00:00
1712448000000,0.011086,0.011251,0.011056,0.011211,81026186.0,2024-04-07 00:00:00+00:00
1712462400000,0.011213,0.011229,0.011109,0.011191,85691407.0,2024-04-07 04:00:00+00:00
1712476800000,0.011192,0.011233,0.01114,0.011221,55135966.0,2024-04-07 08:00:00+00:00
1712491200000,0.011221,0.011299,0.011182,0.011228,86738804.0,2024-04-07 12:00:00+00:00
1712505600000,0.011226,0.011322,0.011178,0.011204,83360932.0,2024-04-07 16:00:00+00:00
1712520000000,0.011206,0.011343,0.011164,0.011337,76816044.0,2024-04-07 20:00:00+00:00
1712534400000,0.011337,0.011384,0.011067,0.011136,146370567.0,2024-04-08 00:00:00+00:00
1712548800000,0.011136,0.011416,0.011088,0.011384,88801528.0,2024-04-08 04:00:00+00:00
1712563200000,0.011385,0.011775,0.011368,0.011738,260239398.0,2024-04-08 08:00:00+00:00
1712577600000,0.01174,0.012239,0.011718,0.011977,654353187.0,2024-04-08 12:00:00+00:00
1712592000000,0.01198,0.012083,0.011936,0.011973,209993822.0,2024-04-08 16:00:00+00:00
1712606400000,0.011975,0.012037,0.011939,0.012,119458511.0,2024-04-08 20:00:00+00:00
1712620800000,0.012,0.012135,0.01178,0.011835,245859367.0,2024-04-09 00:00:00+00:00
1712635200000,0.011835,0.011946,0.011565,0.011611,187783217.0,2024-04-09 04:00:00+00:00
1712649600000,0.011609,0.011788,0.011409,0.011725,199188008.0,2024-04-09 08:00:00+00:00
1712664000000,0.011724,0.011989,0.011513,0.011771,366775085.0,2024-04-09 12:00:00+00:00
1712678400000,0.011773,0.01203,0.011705,0.012001,313770733.0,2024-04-09 16:00:00+00:00
1712692800000,0.012004,0.012156,0.011792,0.011939,258637287.0,2024-04-09 20:00:00+00:00
1712707200000,0.011937,0.012043,0.011547,0.011735,386628840.0,2024-04-10 00:00:00+00:00
1712721600000,0.011742,0.012227,0.011688,0.011902,436203825.0,2024-04-10 04:00:00+00:00
1712736000000,0.011901,0.012053,0.011715,0.011799,331581888.0,2024-04-10 08:00:00+00:00
1712750400000,0.011799,0.011823,0.01127,0.011523,585839295.0,2024-04-10 12:00:00+00:00
1712764800000,0.011523,0.011846,0.011424,0.011846,331460653.0,2024-04-10 16:00:00+00:00
1712779200000,0.011847,0.012299,0.01176,0.012283,238369625.0,2024-04-10 20:00:00+00:00
1712793600000,0.012282,0.012809,0.012168,0.012574,965006292.0,2024-04-11 00:00:00+00:00
1712808000000,0.012576,0.012922,0.012452,0.012725,874975549.0,2024-04-11 04:00:00+00:00
1712822400000,0.012725,0.0129,0.012159,0.012193,500652963.0,2024-04-11 08:00:00+00:00
1712836800000,0.012191,0.012779,0.01218,0.012643,750693343.0,2024-04-11 12:00:00+00:00
1712851200000,0.012644,0.013182,0.011961,0.012099,1409811506.0,2024-04-11 16:00:00+00:00
1712865600000,0.012099,0.012546,0.011626,0.012509,1609527338.0,2024-04-11 20:00:00+00:00
1712880000000,0.012506,0.013716,0.012421,0.012519,2469132113.0,2024-04-12 00:00:00+00:00
1712894400000,0.012516,0.012765,0.012336,0.012606,810518630.0,2024-04-12 04:00:00+00:00
1712908800000,0.012606,0.013527,0.012543,0.013421,1820275749.0,2024-04-12 08:00:00+00:00
1712923200000,0.01342,0.013736,0.01281,0.013075,2589789596.0,2024-04-12 12:00:00+00:00
1712937600000,0.013076,0.013169,0.00988,0.010762,3088009315.0,2024-04-12 16:00:00+00:00
1712952000000,0.010762,0.011431,0.010715,0.011045,1228454809.0,2024-04-12 20:00:00+00:00
1712966400000,0.011042,0.011042,0.010148,0.01065,933458298.0,2024-04-13 00:00:00+00:00
1712980800000,0.010651,0.010949,0.010579,0.010667,597873521.0,2024-04-13 04:00:00+00:00
1712995200000,0.010666,0.010708,0.010373,0.010401,592056083.0,2024-04-13 08:00:00+00:00
1713009600000,0.010401,0.010478,0.010064,0.010208,738487851.0,2024-04-13 12:00:00+00:00
1713024000000,0.010209,0.010281,0.008396,0.008845,1898499728.0,2024-04-13 16:00:00+00:00
1713038400000,0.008846,0.008979,0.007421,0.008795,2094401706.0,2024-04-13 20:00:00+00:00
1713052800000,0.008796,0.00885,0.008358,0.0086,667398516.0,2024-04-14 00:00:00+00:00
1713067200000,0.008601,0.009246,0.00856,0.00924,605255502.0,2024-04-14 04:00:00+00:00
1713081600000,0.009239,0.009372,0.009025,0.009333,800368955.0,2024-04-14 08:00:00+00:00
1713096000000,0.009332,0.009654,0.009223,0.009342,1314952089.0,2024-04-14 12:00:00+00:00
1713110400000,0.00934,0.009491,0.008901,0.009268,885685562.0,2024-04-14 16:00:00+00:00
1713124800000,0.009265,0.009749,0.009041,0.009631,514995163.0,2024-04-14 20:00:00+00:00
1713139200000,0.009636,0.009665,0.00924,0.009411,447945443.0,2024-04-15 00:00:00+00:00
1713153600000,0.009416,0.010622,0.009247,0.010224,876263841.0,2024-04-15 04:00:00+00:00
1713168000000,0.010222,0.010886,0.010168,0.010461,1210631076.0,2024-04-15 08:00:00+00:00
1713182400000,0.010463,0.010597,0.009848,0.010043,1032928205.0,2024-04-15 12:00:00+00:00
1713196800000,0.010041,0.010096,0.009221,0.009583,944935942.0,2024-04-15 16:00:00+00:00
1713211200000,0.009583,0.009756,0.009286,0.009657,445682485.0,2024-04-15 20:00:00+00:00
1713225600000,0.009655,0.009749,0.009206,0.009255,630586664.0,2024-04-16 00:00:00+00:00
1713240000000,0.009257,0.009623,0.008982,0.009529,472220236.0,2024-04-16 04:00:00+00:00
1713254400000,0.009531,0.009535,0.00902,0.009377,471479471.0,2024-04-16 08:00:00+00:00
1713268800000,0.009374,0.009374,0.008871,0.008941,542188727.0,2024-04-16 12:00:00+00:00
1713283200000,0.008943,0.009326,0.008876,0.009115,481938059.0,2024-04-16 16:00:00+00:00
1713297600000,0.009114,0.009423,0.009101,0.009243,279292393.0,2024-04-16 20:00:00+00:00
1713312000000,0.009243,0.009273,0.009052,0.009195,329329661.0,2024-04-17 00:00:00+00:00
1713326400000,0.009194,0.009328,0.008974,0.009007,348950126.0,2024-04-17 04:00:00+00:00
1713340800000,0.009005,0.009103,0.008793,0.008799,336497827.0,2024-04-17 08:00:00+00:00
1713355200000,0.0088,0.008942,0.00855,0.008641,690297205.0,2024-04-17 12:00:00+00:00
1713369600000,0.008642,0.00913,0.00854,0.008954,527944986.0,2024-04-17 16:00:00+00:00
1713384000000,0.008953,0.009052,0.008798,0.008828,292604889.0,2024-04-17 20:00:00+00:00
1713398400000,0.008829,0.009057,0.008579,0.008957,362204244.0,2024-04-18 00:00:00+00:00
1713412800000,0.008956,0.009032,0.008659,0.008721,271728380.0,2024-04-18 04:00:00+00:00
1713427200000,0.008723,0.009096,0.008636,0.009018,288960658.0,2024-04-18 08:00:00+00:00
1713441600000,0.009018,0.009329,0.00881,0.009232,423035878.0,2024-04-18 12:00:00+00:00
1713456000000,0.009232,0.009299,0.00898,0.009253,252406172.0,2024-04-18 16:00:00+00:00
1713470400000,0.009251,0.009448,0.009193,0.00937,192084084.0,2024-04-18 20:00:00+00:00
1713484800000,0.00937,0.009745,0.008881,0.009315,1290979982.0,2024-04-19 00:00:00+00:00
1713499200000,0.009317,0.009651,0.009134,0.009497,622548098.0,2024-04-19 04:00:00+00:00
1713513600000,0.009497,0.009705,0.009463,0.009613,395604532.0,2024-04-19 08:00:00+00:00
1713528000000,0.009612,0.009714,0.009497,0.009669,350893589.0,2024-04-19 12:00:00+00:00
1713542400000,0.009667,0.009756,0.009524,0.009638,257654951.0,2024-04-19 16:00:00+00:00
1713556800000,0.009643,0.009643,0.009294,0.009468,228507252.0,2024-04-19 20:00:00+00:00
1713571200000,0.009468,0.009595,0.0093,0.009476,279224739.0,2024-04-20 00:00:00+00:00
1713585600000,0.009474,0.00958,0.009442,0.00949,148512439.0,2024-04-20 04:00:00+00:00
1713600000000,0.009492,0.00954,0.009356,0.009517,149734617.0,2024-04-20 08:00:00+00:00
1713614400000,0.009516,0.0098,0.009464,0.009785,185628011.0,2024-04-20 12:00:00+00:00
1713628800000,0.009785,0.009988,0.009693,0.009967,219672479.0,2024-04-20 16:00:00+00:00
1713643200000,0.009967,0.010034,0.009885,0.009924,141602714.0,2024-04-20 20:00:00+00:00
1713657600000,0.009923,0.010048,0.009763,0.0099,247839413.0,2024-04-21 00:00:00+00:00
1713672000000,0.0099,0.009934,0.009774,0.009853,161075309.0,2024-04-21 04:00:00+00:00
1713686400000,0.009854,0.009893,0.00971,0.009826,194868047.0,2024-04-21 08:00:00+00:00
1713700800000,0.009827,0.01001,0.00976,0.00985,447457208.0,2024-04-21 12:00:00+00:00
1713715200000,0.009846,0.009854,0.00957,0.009689,314565040.0,2024-04-21 16:00:00+00:00
1713729600000,0.009691,0.009864,0.009649,0.009745,194098709.0,2024-04-21 20:00:00+00:00
1713744000000,0.009745,0.010119,0.009734,0.010048,418366809.0,2024-04-22 00:00:00+00:00
1713758400000,0.010049,0.010301,0.01003,0.010094,309850805.0,2024-04-22 04:00:00+00:00
1713772800000,0.010094,0.010197,0.009981,0.010073,264585801.0,2024-04-22 08:00:00+00:00
1713787200000,0.010073,0.010133,0.009853,0.009976,279724335.0,2024-04-22 12:00:00+00:00
1713801600000,0.009977,0.010081,0.009893,0.010048,185370950.0,2024-04-22 16:00:00+00:00
1713816000000,0.01005,0.010173,0.010029,0.010067,130453568.0,2024-04-22 20:00:00+00:00
1713830400000,0.010065,0.010197,0.009894,0.009915,211630487.0,2024-04-23 00:00:00+00:00
1713844800000,0.009915,0.010001,0.009782,0.009839,190140168.0,2024-04-23 04:00:00+00:00
1713859200000,0.00984,0.009989,0.00981,0.009866,160344035.0,2024-04-23 08:00:00+00:00
1713873600000,0.009865,0.010013,0.009794,0.009883,248444956.0,2024-04-23 12:00:00+00:00
1713888000000,0.009886,0.010047,0.009851,0.010043,164007753.0,2024-04-23 16:00:00+00:00
1713902400000,0.010044,0.010063,0.009915,0.009962,162587062.0,2024-04-23 20:00:00+00:00
1713916800000,0.009963,0.010243,0.009955,0.0101,496361848.0,2024-04-24 00:00:00+00:00
1713931200000,0.010101,0.010354,0.010069,0.010211,458165247.0,2024-04-24 04:00:00+00:00
1713945600000,0.010211,0.010276,0.010102,0.010242,169661021.0,2024-04-24 08:00:00+00:00
1713960000000,0.010243,0.010279,0.009669,0.009712,429593044.0,2024-04-24 12:00:00+00:00
1713974400000,0.009711,0.00984,0.009562,0.009708,261341812.0,2024-04-24 16:00:00+00:00
1713988800000,0.009708,0.009741,0.009432,0.009579,206774042.0,2024-04-24 20:00:00+00:00
1714003200000,0.009581,0.009632,0.009343,0.009398,249150615.0,2024-04-25 00:00:00+00:00
1714017600000,0.009398,0.009501,0.009239,0.009418,194733725.0,2024-04-25 04:00:00+00:00
1714032000000,0.009419,0.009489,0.009267,0.009366,197102039.0,2024-04-25 08:00:00+00:00
1714046400000,0.009367,0.009626,0.009234,0.009614,233710635.0,2024-04-25 12:00:00+00:00
1714060800000,0.009613,0.009882,0.009571,0.009838,213266404.0,2024-04-25 16:00:00+00:00
1714075200000,0.009839,0.009978,0.00969,0.0097,136407470.0,2024-04-25 20:00:00+00:00
1714089600000,0.009701,0.009723,0.009423,0.009599,212592150.0,2024-04-26 00:00:00+00:00
1714104000000,0.009601,0.009674,0.00948,0.009538,179080925.0,2024-04-26 04:00:00+00:00
1714118400000,0.009537,0.009642,0.009483,0.009519,158233661.0,2024-04-26 08:00:00+00:00
1714132800000,0.009516,0.009721,0.009389,0.009594,257192566.0,2024-04-26 12:00:00+00:00
1714147200000,0.009594,0.009626,0.009531,0.009565,92809168.0,2024-04-26 16:00:00+00:00
1714161600000,0.009564,0.009641,0.009423,0.009457,90607109.0,2024-04-26 20:00:00+00:00
1714176000000,0.009457,0.009572,0.00912,0.009397,319974660.0,2024-04-27 00:00:00+00:00
1714190400000,0.009391,0.009607,0.009375,0.009562,241205572.0,2024-04-27 04:00:00+00:00
1714204800000,0.009562,0.009722,0.009445,0.009472,371808331.0,2024-04-27 08:00:00+00:00
1714219200000,0.009472,0.009615,0.009442,0.009503,148023375.0,2024-04-27 12:00:00+00:00
1714233600000,0.009503,0.009756,0.00944,0.009647,184140600.0,2024-04-27 16:00:00+00:00
1714248000000,0.009648,0.009671,0.009577,0.009629,68332605.0,2024-04-27 20:00:00+00:00
1714262400000,0.009629,0.009806,0.009543,0.009759,146837203.0,2024-04-28 00:00:00+00:00
1714276800000,0.009757,0.009783,0.009655,0.009733,135154175.0,2024-04-28 04:00:00+00:00
1714291200000,0.009732,0.009748,0.009543,0.009561,109364804.0,2024-04-28 08:00:00+00:00
1714305600000,0.009555,0.00966,0.009538,0.009589,115535527.0,2024-04-28 12:00:00+00:00
1714320000000,0.009589,0.009759,0.00958,0.009688,93480018.0,2024-04-28 16:00:00+00:00
1714334400000,0.009689,0.009722,0.009443,0.009495,130611885.0,2024-04-28 20:00:00+00:00
1714348800000,0.009495,0.009573,0.009302,0.009309,165417680.0,2024-04-29 00:00:00+00:00
1714363200000,0.009312,0.009408,0.009093,0.009198,212330763.0,2024-04-29 04:00:00+00:00
1714377600000,0.009196,0.009259,0.009074,0.009189,156861687.0,2024-04-29 08:00:00+00:00
1714392000000,0.009189,0.009393,0.00914,0.009391,164075780.0,2024-04-29 12:00:00+00:00
1714406400000,0.009393,0.009402,0.009223,0.009299,117646394.0,2024-04-29 16:00:00+00:00
1714420800000,0.0093,0.009481,0.0092,0.009423,97645708.0,2024-04-29 20:00:00+00:00
1714435200000,0.009425,0.009533,0.00925,0.009357,179330289.0,2024-04-30 00:00:00+00:00
1714449600000,0.009357,0.009372,0.009236,0.009272,91150500.0,2024-04-30 04:00:00+00:00
1714464000000,0.009271,0.009302,0.008783,0.008818,273018604.0,2024-04-30 08:00:00+00:00
1714478400000,0.008809,0.008888,0.008658,0.008759,312230384.0,2024-04-30 12:00:00+00:00
1714492800000,0.008761,0.008785,0.008599,0.008674,281484015.0,2024-04-30 16:00:00+00:00
1714507200000,0.008679,0.008981,0.008679,0.008873,190036197.0,2024-04-30 20:00:00+00:00
1714521600000,0.008872,0.008928,0.008653,0.008881,196650945.0,2024-05-01 00:00:00+00:00
1714536000000,0.008881,0.008892,0.008415,0.008466,267861596.0,2024-05-01 04:00:00+00:00
1714550400000,0.008467,0.008588,0.008262,0.008588,212132324.0,2024-05-01 08:00:00+00:00
1714564800000,0.008588,0.008687,0.008416,0.008499,223226573.0,2024-05-01 12:00:00+00:00
1714579200000,0.008504,0.00893,0.008436,0.008664,368071035.0,2024-05-01 16:00:00+00:00
1714593600000,0.008665,0.008953,0.008601,0.008895,157177012.0,2024-05-01 20:00:00+00:00
1714608000000,0.0089,0.008931,0.00859,0.00872,220352531.0,2024-05-02 00:00:00+00:00
1714622400000,0.008721,0.008771,0.008636,0.008661,118730479.0,2024-05-02 04:00:00+00:00
1714636800000,0.008661,0.008894,0.008642,0.008874,135847479.0,2024-05-02 08:00:00+00:00
1714651200000,0.008874,0.008967,0.008772,0.008925,172744281.0,2024-05-02 12:00:00+00:00
1714665600000,0.008926,0.009058,0.008873,0.009037,149263230.0,2024-05-02 16:00:00+00:00
1714680000000,0.009036,0.009151,0.008933,0.009013,118611585.0,2024-05-02 20:00:00+00:00
1714694400000,0.009012,0.009193,0.008966,0.009102,136811766.0,2024-05-03 00:00:00+00:00
1714708800000,0.009103,0.009143,0.008948,0.008971,125344619.0,2024-05-03 04:00:00+00:00
1714723200000,0.008973,0.009032,0.008869,0.008906,121900781.0,2024-05-03 08:00:00+00:00
1714737600000,0.008904,0.009347,0.008888,0.009317,245308044.0,2024-05-03 12:00:00+00:00
1714752000000,0.009319,0.009497,0.009307,0.009445,138656667.0,2024-05-03 16:00:00+00:00
1714766400000,0.009444,0.009556,0.009404,0.009425,91875668.0,2024-05-03 20:00:00+00:00
1714780800000,0.009424,0.009484,0.009296,0.009331,138235198.0,2024-05-04 00:00:00+00:00
1714795200000,0.009333,0.009383,0.009295,0.009297,84962021.0,2024-05-04 04:00:00+00:00
1714809600000,0.009295,0.009466,0.00929,0.009356,102264675.0,2024-05-04 08:00:00+00:00
1714824000000,0.009357,0.009476,0.009322,0.009377,126103500.0,2024-05-04 12:00:00+00:00
1714838400000,0.00938,0.009462,0.009339,0.009455,89649116.0,2024-05-04 16:00:00+00:00
1714852800000,0.009456,0.009492,0.009337,0.009352,69761151.0,2024-05-04 20:00:00+00:00
1714867200000,0.009352,0.009399,0.009152,0.009245,167745256.0,2024-05-05 00:00:00+00:00
1714881600000,0.009245,0.009294,0.009165,0.009262,69640142.0,2024-05-05 04:00:00+00:00
1714896000000,0.00926,0.009327,0.009239,0.009314,82066637.0,2024-05-05 08:00:00+00:00
1714910400000,0.009311,0.009486,0.009227,0.009474,145116837.0,2024-05-05 12:00:00+00:00
1714924800000,0.009473,0.0095,0.009337,0.009372,102488659.0,2024-05-05 16:00:00+00:00
1714939200000,0.009371,0.009412,0.009327,0.009366,90058317.0,2024-05-05 20:00:00+00:00
1714953600000,0.009367,0.009437,0.009223,0.009304,124755536.0,2024-05-06 00:00:00+00:00
1714968000000,0.009301,0.009444,0.009244,0.009433,112487008.0,2024-05-06 04:00:00+00:00
1714982400000,0.009433,0.009629,0.009305,0.00944,355304276.0,2024-05-06 08:00:00+00:00
1714996800000,0.009439,0.009457,0.009103,0.009267,347879866.0,2024-05-06 12:00:00+00:00
1715011200000,0.009264,0.009292,0.009134,0.009216,146018927.0,2024-05-06 16:00:00+00:00
1715025600000,0.009211,0.009274,0.00912,0.009126,94140599.0,2024-05-06 20:00:00+00:00
1715040000000,0.009125,0.009242,0.008965,0.009051,156329531.0,2024-05-07 00:00:00+00:00
1715054400000,0.009051,0.009086,0.008974,0.009046,116816258.0,2024-05-07 04:00:00+00:00
1715068800000,0.009043,0.009234,0.009023,0.00906,180911094.0,2024-05-07 08:00:00+00:00
1715083200000,0.009059,0.009256,0.009052,0.009197,151931175.0,2024-05-07 12:00:00+00:00
1715097600000,0.009196,0.009222,0.009113,0.009137,107636250.0,2024-05-07 16:00:00+00:00
1715112000000,0.009137,0.009193,0.008925,0.008972,162227984.0,2024-05-07 20:00:00+00:00
1715126400000,0.008971,0.009036,0.008881,0.00897,142256717.0,2024-05-08 00:00:00+00:00
1715140800000,0.008972,0.008977,0.008842,0.008866,115959628.0,2024-05-08 04:00:00+00:00
1715155200000,0.008868,0.008995,0.008834,0.008907,206672123.0,2024-05-08 08:00:00+00:00
1715169600000,0.008908,0.009142,0.00882,0.009076,255254530.0,2024-05-08 12:00:00+00:00
1715184000000,0.009076,0.009185,0.008998,0.009081,154789198.0,2024-05-08 16:00:00+00:00
1715198400000,0.009081,0.00914,0.008901,0.008971,173021005.0,2024-05-08 20:00:00+00:00
1715212800000,0.008971,0.009077,0.008942,0.009033,100642374.0,2024-05-09 00:00:00+00:00
1715227200000,0.009032,0.009084,0.00892,0.008946,83321766.0,2024-05-09 04:00:00+00:00
1715241600000,0.008945,0.008988,0.008761,0.008885,132265509.0,2024-05-09 08:00:00+00:00
1715256000000,0.008885,0.009062,0.008811,0.009052,139488032.0,2024-05-09 12:00:00+00:00
1715270400000,0.009053,0.009131,0.008979,0.00913,93516277.0,2024-05-09 16:00:00+00:00
1715284800000,0.009128,0.00921,0.00908,0.009168,98266607.0,2024-05-09 20:00:00+00:00
1715299200000,0.009168,0.009243,0.009114,0.009165,81497564.0,2024-05-10 00:00:00+00:00
1715313600000,0.009166,0.009249,0.009148,0.009234,76020038.0,2024-05-10 04:00:00+00:00
1715328000000,0.009235,0.009246,0.009167,0.009246,77898383.0,2024-05-10 08:00:00+00:00
1715342400000,0.009243,0.009266,0.008818,0.008864,240245326.0,2024-05-10 12:00:00+00:00
1715356800000,0.008865,0.008923,0.00873,0.008766,241119116.0,2024-05-10 16:00:00+00:00
1715371200000,0.008766,0.008823,0.008672,0.008799,171639655.0,2024-05-10 20:00:00+00:00
1715385600000,0.008799,0.008912,0.008747,0.008776,111558586.0,2024-05-11 00:00:00+00:00
1715400000000,0.008776,0.00881,0.008752,0.008777,67754062.0,2024-05-11 04:00:00+00:00
1715414400000,0.008777,0.008791,0.008648,0.008713,94925710.0,2024-05-11 08:00:00+00:00
1715428800000,0.008712,0.008843,0.008703,0.008802,104057728.0,2024-05-11 12:00:00+00:00
1715443200000,0.008803,0.008849,0.008676,0.008694,150541406.0,2024-05-11 16:00:00+00:00
1715457600000,0.008694,0.008709,0.008595,0.008608,115455287.0,2024-05-11 20:00:00+00:00
1715472000000,0.008608,0.008653,0.008568,0.008587,96292572.0,2024-05-12 00:00:00+00:00
1715486400000,0.008587,0.008656,0.008511,0.008541,96595654.0,2024-05-12 04:00:00+00:00
1715500800000,0.008542,0.008629,0.008511,0.008569,93700011.0,2024-05-12 08:00:00+00:00
1715515200000,0.00857,0.008623,0.008551,0.008597,88042313.0,2024-05-12 12:00:00+00:00
1715529600000,0.008596,0.008656,0.008482,0.008496,104381546.0,2024-05-12 16:00:00+00:00
1715544000000,0.008496,0.008516,0.008412,0.008471,83875172.0,2024-05-12 20:00:00+00:00
1715558400000,0.00847,0.008557,0.00817,0.008273,270928310.0,2024-05-13 00:00:00+00:00
1715572800000,0.008275,0.008514,0.008191,0.008494,169938665.0,2024-05-13 04:00:00+00:00
1715587200000,0.008496,0.008715,0.008496,0.008633,259599358.0,2024-05-13 08:00:00+00:00
1715601600000,0.008635,0.008668,0.008552,0.00864,156179641.0,2024-05-13 12:00:00+00:00
1715616000000,0.00864,0.008737,0.008512,0.00861,137730686.0,2024-05-13 16:00:00+00:00
1715630400000,0.008606,0.008611,0.008539,0.008564,80887883.0,2024-05-13 20:00:00+00:00
1715644800000,0.008563,0.008663,0.00843,0.008552,208754766.0,2024-05-14 00:00:00+00:00
1715659200000,0.008552,0.008646,0.008408,0.008589,213481231.0,2024-05-14 04:00:00+00:00
1715673600000,0.00859,0.008618,0.008509,0.008553,107648526.0,2024-05-14 08:00:00+00:00
1715688000000,0.008553,0.008621,0.008403,0.008519,238069753.0,2024-05-14 12:00:00+00:00
1715702400000,0.008521,0.008528,0.008393,0.008493,96725078.0,2024-05-14 16:00:00+00:00
1715716800000,0.008493,0.008493,0.008367,0.008387,62598850.0,2024-05-14 20:00:00+00:00
1715731200000,0.008388,0.00852,0.008368,0.008499,100695572.0,2024-05-15 00:00:00+00:00
1715745600000,0.008499,0.008528,0.008433,0.008502,88755610.0,2024-05-15 04:00:00+00:00
1715760000000,0.0085,0.008588,0.008412,0.008482,102045412.0,2024-05-15 08:00:00+00:00
1715774400000,0.008482,0.008788,0.008452,0.008726,232023777.0,2024-05-15 12:00:00+00:00
1715788800000,0.00873,0.008921,0.008687,0.00892,187708972.0,2024-05-15 16:00:00+00:00
1715803200000,0.008919,0.008941,0.00886,0.00889,94492453.0,2024-05-15 20:00:00+00:00
1715817600000,0.00889,0.009068,0.008833,0.00905,125260432.0,2024-05-16 00:00:00+00:00
1715832000000,0.009052,0.009054,0.00897,0.009015,108033991.0,2024-05-16 04:00:00+00:00
1715846400000,0.009017,0.009046,0.008948,0.008997,109191793.0,2024-05-16 08:00:00+00:00
1715860800000,0.008996,0.008999,0.008731,0.008928,221321289.0,2024-05-16 12:00:00+00:00
1715875200000,0.008931,0.008953,0.008827,0.008927,132113563.0,2024-05-16 16:00:00+00:00
1715889600000,0.008928,0.008969,0.008862,0.008946,85602747.0,2024-05-16 20:00:00+00:00
1715904000000,0.008943,0.009008,0.008822,0.00896,107188434.0,2024-05-17 00:00:00+00:00
1715918400000,0.00896,0.009135,0.008912,0.009123,109877226.0,2024-05-17 04:00:00+00:00
1715932800000,0.009124,0.009159,0.009006,0.00906,144751044.0,2024-05-17 08:00:00+00:00
1715947200000,0.009059,0.009198,0.009021,0.009195,130692127.0,2024-05-17 12:00:00+00:00
1715961600000,0.009195,0.009225,0.009049,0.009141,108342937.0,2024-05-17 16:00:00+00:00
1715976000000,0.009139,0.009179,0.009112,0.009133,64747538.0,2024-05-17 20:00:00+00:00
1715990400000,0.009135,0.009188,0.009084,0.009187,75592909.0,2024-05-18 00:00:00+00:00
1716004800000,0.009187,0.009195,0.009127,0.009148,51341918.0,2024-05-18 04:00:00+00:00
1716019200000,0.009149,0.009211,0.009139,0.009147,72128474.0,2024-05-18 08:00:00+00:00
1716033600000,0.009147,0.009181,0.009041,0.009129,132956770.0,2024-05-18 12:00:00+00:00
1716048000000,0.009128,0.009192,0.009126,0.009148,63573148.0,2024-05-18 16:00:00+00:00
1716062400000,0.009147,0.009222,0.009115,0.009203,88061029.0,2024-05-18 20:00:00+00:00
1716076800000,0.009203,0.009239,0.009143,0.009197,67692496.0,2024-05-19 00:00:00+00:00
1716091200000,0.009195,0.009197,0.009065,0.009138,82538722.0,2024-05-19 04:00:00+00:00
1716105600000,0.009137,0.009146,0.008979,0.00905,99955049.0,2024-05-19 08:00:00+00:00
1716120000000,0.009048,0.00906,0.008853,0.008907,130320778.0,2024-05-19 12:00:00+00:00
1716134400000,0.008908,0.008942,0.008797,0.00882,102843152.0,2024-05-19 16:00:00+00:00
1716148800000,0.008819,0.008872,0.008755,0.008808,122360977.0,2024-05-19 20:00:00+00:00
1716163200000,0.008809,0.008909,0.008683,0.008886,136228558.0,2024-05-20 00:00:00+00:00
1716177600000,0.008885,0.009056,0.008821,0.008958,109217505.0,2024-05-20 04:00:00+00:00
1716192000000,0.008958,0.008998,0.008903,0.008922,90171134.0,2024-05-20 08:00:00+00:00
1716206400000,0.008923,0.00898,0.008839,0.008971,102072821.0,2024-05-20 12:00:00+00:00
1716220800000,0.008971,0.009432,0.008954,0.009407,217561028.0,2024-05-20 16:00:00+00:00
1716235200000,0.009407,0.009681,0.009407,0.009657,369954314.0,2024-05-20 20:00:00+00:00
1716249600000,0.009658,0.009787,0.009465,0.009559,231712619.0,2024-05-21 00:00:00+00:00
1716264000000,0.009559,0.009612,0.009475,0.009597,93266283.0,2024-05-21 04:00:00+00:00
1716278400000,0.009594,0.00964,0.009554,0.009569,76135027.0,2024-05-21 08:00:00+00:00
1716292800000,0.00957,0.009697,0.009482,0.009517,170647820.0,2024-05-21 12:00:00+00:00
1716307200000,0.009518,0.0097,0.009459,0.009554,136292129.0,2024-05-21 16:00:00+00:00
1716321600000,0.009554,0.009689,0.009547,0.009654,99430591.0,2024-05-21 20:00:00+00:00
1716336000000,0.009654,0.009689,0.009562,0.009603,87112767.0,2024-05-22 00:00:00+00:00
1716350400000,0.009604,0.009639,0.009404,0.009565,148708537.0,2024-05-22 04:00:00+00:00
1716364800000,0.009565,0.00963,0.009487,0.009488,115198423.0,2024-05-22 08:00:00+00:00
1716379200000,0.009487,0.009573,0.00933,0.009545,183732612.0,2024-05-22 12:00:00+00:00
1716393600000,0.009542,0.009636,0.00936,0.009447,138862707.0,2024-05-22 16:00:00+00:00
1716408000000,0.00945,0.009535,0.009377,0.009448,110073342.0,2024-05-22 20:00:00+00:00
1716422400000,0.009452,0.009585,0.009406,0.009574,91952090.0,2024-05-23 00:00:00+00:00
1716436800000,0.009574,0.009598,0.009485,0.009546,62733098.0,2024-05-23 04:00:00+00:00
1716451200000,0.009548,0.009553,0.009355,0.009541,103724297.0,2024-05-23 08:00:00+00:00
1716465600000,0.009539,0.009589,0.009094,0.009244,325231963.0,2024-05-23 12:00:00+00:00
1716480000000,0.009244,0.009268,0.009025,0.009103,161513971.0,2024-05-23 16:00:00+00:00
1716494400000,0.009103,0.009312,0.008796,0.00929,361992941.0,2024-05-23 20:00:00+00:00
1716508800000,0.00929,0.009402,0.009256,0.009326,107702751.0,2024-05-24 00:00:00+00:00
1716523200000,0.009327,0.00934,0.009005,0.009128,137717904.0,2024-05-24 04:00:00+00:00
1716537600000,0.009128,0.009269,0.009001,0.009264,83897728.0,2024-05-24 08:00:00+00:00
1716552000000,0.009263,0.009376,0.009199,0.009304,98685689.0,2024-05-24 12:00:00+00:00
1716566400000,0.009309,0.009373,0.009214,0.009328,73584320.0,2024-05-24 16:00:00+00:00
1716580800000,0.009327,0.009367,0.009316,0.009364,49840076.0,2024-05-24 20:00:00+00:00
1716595200000,0.009364,0.009437,0.009302,0.009417,105442405.0,2024-05-25 00:00:00+00:00
1716609600000,0.009417,0.009525,0.00941,0.009465,92551656.0,2024-05-25 04:00:00+00:00
1716624000000,0.009466,0.009503,0.009396,0.009406,69277362.0,2024-05-25 08:00:00+00:00
1716638400000,0.009407,0.009413,0.009314,0.00939,75302671.0,2024-05-25 12:00:00+00:00
1716652800000,0.00939,0.009405,0.009344,0.009393,59686691.0,2024-05-25 16:00:00+00:00
1716667200000,0.009393,0.009409,0.00935,0.009402,47517896.0,2024-05-25 20:00:00+00:00
1716681600000,0.009403,0.00941,0.009259,0.009366,87479228.0,2024-05-26 00:00:00+00:00
1716696000000,0.009368,0.009383,0.009286,0.00935,46805231.0,2024-05-26 04:00:00+00:00
1716710400000,0.009347,0.009369,0.009229,0.009272,72377279.0,2024-05-26 08:00:00+00:00
1716724800000,0.00927,0.009288,0.009152,0.009208,74019912.0,2024-05-26 12:00:00+00:00
1716739200000,0.00921,0.009228,0.009123,0.009137,79840042.0,2024-05-26 16:00:00+00:00
1716753600000,0.009138,0.009141,0.009009,0.009085,86018520.0,2024-05-26 20:00:00+00:00
1716768000000,0.009084,0.009152,0.009065,0.009089,93669754.0,2024-05-27 00:00:00+00:00
1716782400000,0.00909,0.00915,0.009006,0.009036,139509802.0,2024-05-27 04:00:00+00:00
1716796800000,0.009037,0.009127,0.009025,0.009117,120706374.0,2024-05-27 08:00:00+00:00
1716811200000,0.009117,0.009327,0.009061,0.009314,150633501.0,2024-05-27 12:00:00+00:00
1716825600000,0.009314,0.009383,0.009039,0.009084,176962338.0,2024-05-27 16:00:00+00:00
1716840000000,0.009082,0.009201,0.009054,0.009088,140191135.0,2024-05-27 20:00:00+00:00
1716854400000,0.009088,0.009094,0.008854,0.008928,291785515.0,2024-05-28 00:00:00+00:00
1716868800000,0.00893,0.008931,0.008769,0.008841,143282343.0,2024-05-28 04:00:00+00:00
1716883200000,0.008841,0.009018,0.008832,0.008981,102363288.0,2024-05-28 08:00:00+00:00
1716897600000,0.008981,0.008993,0.008827,0.008939,318973748.0,2024-05-28 12:00:00+00:00
1716912000000,0.00894,0.008991,0.008812,0.008976,97738561.0,2024-05-28 16:00:00+00:00
1716926400000,0.008977,0.009029,0.008909,0.008938,82010175.0,2024-05-28 20:00:00+00:00
1716940800000,0.008937,0.008987,0.008887,0.008959,96793904.0,2024-05-29 00:00:00+00:00
1716955200000,0.008957,0.009113,0.008949,0.008998,108443351.0,2024-05-29 04:00:00+00:00
1716969600000,0.008999,0.009109,0.008902,0.009032,146346771.0,2024-05-29 08:00:00+00:00
1716984000000,0.009033,0.009081,0.008913,0.008923,163022777.0,2024-05-29 12:00:00+00:00
1716998400000,0.008924,0.008996,0.008842,0.008846,101633190.0,2024-05-29 16:00:00+00:00
1717012800000,0.008847,0.00886,0.008771,0.008799,68775325.0,2024-05-29 20:00:00+00:00
1717027200000,0.008798,0.008868,0.008768,0.008849,82027429.0,2024-05-30 00:00:00+00:00
1717041600000,0.00885,0.008888,0.008611,0.008635,168924926.0,2024-05-30 04:00:00+00:00
1717056000000,0.008634,0.008825,0.008546,0.008742,139030024.0,2024-05-30 08:00:00+00:00
1717070400000,0.00874,0.008887,0.008738,0.008849,142737702.0,2024-05-30 12:00:00+00:00
1717084800000,0.008851,0.00892,0.008807,0.008834,129198672.0,2024-05-30 16:00:00+00:00
1717099200000,0.008833,0.008836,0.008731,0.008738,79173906.0,2024-05-30 20:00:00+00:00
1717113600000,0.008739,0.008767,0.008642,0.008704,123941992.0,2024-05-31 00:00:00+00:00
1717128000000,0.008707,0.008727,0.008599,0.008701,76479149.0,2024-05-31 04:00:00+00:00
1717142400000,0.008699,0.008725,0.008637,0.008685,74285900.0,2024-05-31 08:00:00+00:00
1717156800000,0.008685,0.008772,0.008571,0.008578,150508882.0,2024-05-31 12:00:00+00:00
1717171200000,0.008578,0.008701,0.008506,0.00868,91448976.0,2024-05-31 16:00:00+00:00
1717185600000,0.008681,0.008721,0.008659,0.00868,71871639.0,2024-05-31 20:00:00+00:00
1717200000000,0.00868,0.008687,0.008632,0.008656,51963872.0,2024-06-01 00:00:00+00:00
1717214400000,0.008655,0.008673,0.008621,0.008629,34093041.0,2024-06-01 04:00:00+00:00
1717228800000,0.00863,0.00866,0.008615,0.008622,29486469.0,2024-06-01 08:00:00+00:00
1717243200000,0.008621,0.008689,0.008602,0.008658,47652302.0,2024-06-01 12:00:00+00:00
1717257600000,0.008659,0.008679,0.008627,0.008634,53141735.0,2024-06-01 16:00:00+00:00
1717272000000,0.008634,0.008694,0.008631,0.008678,70681296.0,2024-06-01 20:00:00+00:00
1717286400000,0.008678,0.008717,0.008659,0.008705,68277926.0,2024-06-02 00:00:00+00:00
1717300800000,0.008704,0.008763,0.00865,0.008651,82905069.0,2024-06-02 04:00:00+00:00
1717315200000,0.00865,0.008691,0.008578,0.008679,79020319.0,2024-06-02 08:00:00+00:00
1717329600000,0.00868,0.008718,0.008641,0.008698,60639322.0,2024-06-02 12:00:00+00:00
1717344000000,0.008698,0.008715,0.008541,0.008604,103358312.0,2024-06-02 16:00:00+00:00
1717358400000,0.008602,0.008605,0.008537,0.008572,51322704.0,2024-06-02 20:00:00+00:00
1717372800000,0.008572,0.00871,0.008502,0.008671,102532406.0,2024-06-03 00:00:00+00:00
1717387200000,0.008672,0.008746,0.008604,0.008663,132242891.0,2024-06-03 04:00:00+00:00
1717401600000,0.008664,0.008715,0.008589,0.008616,105802743.0,2024-06-03 08:00:00+00:00
1717416000000,0.008616,0.008712,0.008514,0.008652,117650943.0,2024-06-03 12:00:00+00:00
1717430400000,0.008653,0.008656,0.008555,0.008624,69679279.0,2024-06-03 16:00:00+00:00
1717444800000,0.008623,0.008637,0.008486,0.008513,80095856.0,2024-06-03 20:00:00+00:00
1717459200000,0.008511,0.008533,0.008445,0.008522,89615058.0,2024-06-04 00:00:00+00:00
1717473600000,0.00852,0.008571,0.008467,0.008493,84715165.0,2024-06-04 04:00:00+00:00
1717488000000,0.008492,0.008546,0.008452,0.008537,127220135.0,2024-06-04 08:00:00+00:00
1717502400000,0.008537,0.0087,0.008514,0.008667,175102089.0,2024-06-04 12:00:00+00:00
1717516800000,0.008668,0.008704,0.008613,0.008661,128805513.0,2024-06-04 16:00:00+00:00
1717531200000,0.008662,0.008715,0.008636,0.008697,78680465.0,2024-06-04 20:00:00+00:00
1717545600000,0.008698,0.00874,0.008646,0.008701,141540910.0,2024-06-05 00:00:00+00:00
1717560000000,0.008701,0.008741,0.008656,0.00871,89587623.0,2024-06-05 04:00:00+00:00
1717574400000,0.008709,0.00871,0.00864,0.008709,73729881.0,2024-06-05 08:00:00+00:00
1717588800000,0.008709,0.008745,0.008602,0.008718,147028273.0,2024-06-05 12:00:00+00:00
1717603200000,0.008719,0.008771,0.008629,0.008741,134353912.0,2024-06-05 16:00:00+00:00
1717617600000,0.008741,0.008762,0.008689,0.00876,62917111.0,2024-06-05 20:00:00+00:00
1717632000000,0.008761,0.008779,0.008659,0.008662,63896981.0,2024-06-06 00:00:00+00:00
1717646400000,0.008664,0.008682,0.008592,0.00866,106673828.0,2024-06-06 04:00:00+00:00
1717660800000,0.008659,0.008704,0.00863,0.00866,81301777.0,2024-06-06 08:00:00+00:00
1717675200000,0.00866,0.008689,0.008616,0.008646,87979647.0,2024-06-06 12:00:00+00:00
1717689600000,0.008647,0.008699,0.008537,0.008552,125544486.0,2024-06-06 16:00:00+00:00
1717704000000,0.008551,0.008631,0.008469,0.008611,103806007.0,2024-06-06 20:00:00+00:00
1717718400000,0.008611,0.008621,0.008551,0.008594,99490780.0,2024-06-07 00:00:00+00:00
1717732800000,0.008593,0.00868,0.008588,0.008664,111410894.0,2024-06-07 04:00:00+00:00
1717747200000,0.008664,0.008767,0.008634,0.008737,100280799.0,2024-06-07 08:00:00+00:00
1717761600000,0.008739,0.008778,0.008563,0.008717,217700795.0,2024-06-07 12:00:00+00:00
1717776000000,0.008717,0.008727,0.007304,0.008011,1053146270.0,2024-06-07 16:00:00+00:00
1717790400000,0.008011,0.008104,0.007975,0.008051,161724492.0,2024-06-07 20:00:00+00:00
1717804800000,0.008051,0.008107,0.007981,0.008073,113660938.0,2024-06-08 00:00:00+00:00
1717819200000,0.008074,0.008077,0.007975,0.00802,111549392.0,2024-06-08 04:00:00+00:00
1717833600000,0.00802,0.00802,0.007778,0.007792,122679353.0,2024-06-08 08:00:00+00:00
1717848000000,0.007793,0.007825,0.007635,0.007693,170607620.0,2024-06-08 12:00:00+00:00
1717862400000,0.007696,0.007717,0.007563,0.007594,176995627.0,2024-06-08 16:00:00+00:00
1717876800000,0.007595,0.00761,0.007507,0.007589,98412466.0,2024-06-08 20:00:00+00:00
1717891200000,0.007592,0.007679,0.007552,0.007626,107315029.0,2024-06-09 00:00:00+00:00
1717905600000,0.007626,0.007696,0.007566,0.007664,61302613.0,2024-06-09 04:00:00+00:00
1717920000000,0.007664,0.007742,0.007652,0.007705,115709035.0,2024-06-09 08:00:00+00:00
1717934400000,0.007705,0.007791,0.007695,0.007742,83691830.0,2024-06-09 12:00:00+00:00
1717948800000,0.007742,0.007841,0.007733,0.007807,88320368.0,2024-06-09 16:00:00+00:00
1717963200000,0.007808,0.007826,0.007774,0.007798,74699360.0,2024-06-09 20:00:00+00:00
1717977600000,0.007798,0.00781,0.007707,0.00773,93562365.0,2024-06-10 00:00:00+00:00
1717992000000,0.007732,0.007749,0.007555,0.007569,132700451.0,2024-06-10 04:00:00+00:00
1718006400000,0.007569,0.007792,0.007568,0.007735,120187229.0,2024-06-10 08:00:00+00:00
1718020800000,0.007736,0.007862,0.007635,0.007834,116991292.0,2024-06-10 12:00:00+00:00
1718035200000,0.007835,0.007848,0.007731,0.007744,97381241.0,2024-06-10 16:00:00+00:00
1718049600000,0.007743,0.007755,0.007648,0.007679,72645763.0,2024-06-10 20:00:00+00:00
1718064000000,0.00768,0.007735,0.007448,0.007617,253151376.0,2024-06-11 00:00:00+00:00
1718078400000,0.007616,0.007639,0.007487,0.007588,179787814.0,2024-06-11 04:00:00+00:00
1718092800000,0.007587,0.007641,0.007512,0.007514,118217205.0,2024-06-11 08:00:00+00:00
1718107200000,0.007515,0.007562,0.0072,0.007318,379877372.0,2024-06-11 12:00:00+00:00
1718121600000,0.007314,0.007471,0.00727,0.007459,272719051.0,2024-06-11 16:00:00+00:00
1718136000000,0.007459,0.007489,0.007419,0.007447,112384854.0,2024-06-11 20:00:00+00:00
1718150400000,0.007446,0.007527,0.00729,0.007517,144575852.0,2024-06-12 00:00:00+00:00
1718164800000,0.007519,0.007568,0.007495,0.00756,71789438.0,2024-06-12 04:00:00+00:00
1718179200000,0.007563,0.00765,0.007537,0.007567,111659723.0,2024-06-12 08:00:00+00:00
1718193600000,0.007569,0.007904,0.007561,0.007862,261880902.0,2024-06-12 12:00:00+00:00
1718208000000,0.007862,0.007917,0.007628,0.007676,315004618.0,2024-06-12 16:00:00+00:00
1718222400000,0.007676,0.007825,0.007639,0.007781,111714946.0,2024-06-12 20:00:00+00:00
1718236800000,0.007781,0.007832,0.007593,0.00773,211296431.0,2024-06-13 00:00:00+00:00
1718251200000,0.007729,0.007861,0.007727,0.007832,200637901.0,2024-06-13 04:00:00+00:00
1718265600000,0.007832,0.007927,0.00779,0.007861,442661254.0,2024-06-13 08:00:00+00:00
1718280000000,0.007859,0.007952,0.007618,0.007664,499310919.0,2024-06-13 12:00:00+00:00
1718294400000,0.007662,0.007837,0.007612,0.007785,187268517.0,2024-06-13 16:00:00+00:00
1718308800000,0.007787,0.007824,0.00763,0.007658,168768489.0,2024-06-13 20:00:00+00:00
1718323200000,0.00766,0.007721,0.007575,0.007656,207498140.0,2024-06-14 00:00:00+00:00
1718337600000,0.007654,0.00772,0.007632,0.007678,139305735.0,2024-06-14 04:00:00+00:00
1718352000000,0.007678,0.007718,0.007615,0.007638,141430177.0,2024-06-14 08:00:00+00:00
1718366400000,0.007638,0.007683,0.007504,0.007533,230470494.0,2024-06-14 12:00:00+00:00
1718380800000,0.007533,0.007548,0.007022,0.007239,481894210.0,2024-06-14 16:00:00+00:00
1718395200000,0.007241,0.007417,0.007216,0.007351,130703895.0,2024-06-14 20:00:00+00:00
1718409600000,0.00735,0.007396,0.007302,0.007395,75008823.0,2024-06-15 00:00:00+00:00
1718424000000,0.007396,0.007456,0.007352,0.007422,74754161.0,2024-06-15 04:00:00+00:00
1718438400000,0.007422,0.007434,0.007372,0.007417,69671641.0,2024-06-15 08:00:00+00:00
1718452800000,0.007415,0.007521,0.007403,0.0075,92180780.0,2024-06-15 12:00:00+00:00
1718467200000,0.007499,0.007515,0.007436,0.007485,69522635.0,2024-06-15 16:00:00+00:00
1718481600000,0.007485,0.007517,0.007417,0.007499,73353357.0,2024-06-15 20:00:00+00:00
1718496000000,0.0075,0.007526,0.007432,0.007474,73250746.0,2024-06-16 00:00:00+00:00
1718510400000,0.007475,0.007555,0.007423,0.007513,101406833.0,2024-06-16 04:00:00+00:00
1718524800000,0.007511,0.00763,0.007496,0.007584,84588333.0,2024-06-16 08:00:00+00:00
1718539200000,0.007581,0.00768,0.007574,0.007671,118336015.0,2024-06-16 12:00:00+00:00
1718553600000,0.007671,0.007688,0.00762,0.007645,86306921.0,2024-06-16 16:00:00+00:00
1718568000000,0.007646,0.007698,0.007612,0.007646,118834288.0,2024-06-16 20:00:00+00:00
1718582400000,0.007646,0.007672,0.007281,0.007309,257217456.0,2024-06-17 00:00:00+00:00
1718596800000,0.007308,0.007344,0.007028,0.007088,264173791.0,2024-06-17 04:00:00+00:00
1718611200000,0.007087,0.007125,0.00688,0.006984,331673944.0,2024-06-17 08:00:00+00:00
1718625600000,0.006983,0.007032,0.006905,0.006927,205845633.0,2024-06-17 12:00:00+00:00
1718640000000,0.006928,0.00707,0.0067,0.007005,367143675.0,2024-06-17 16:00:00+00:00
1718654400000,0.007009,0.007009,0.006739,0.006755,219354706.0,2024-06-17 20:00:00+00:00
1718668800000,0.006756,0.006802,0.005774,0.006312,1122933706.0,2024-06-18 00:00:00+00:00
1718683200000,0.006313,0.006401,0.006274,0.006321,236172210.0,2024-06-18 04:00:00+00:00
1718697600000,0.006319,0.006381,0.006258,0.006322,202035603.0,2024-06-18 08:00:00+00:00
1718712000000,0.006323,0.00634,0.006091,0.006191,460316395.0,2024-06-18 12:00:00+00:00
1718726400000,0.006191,0.006192,0.006023,0.006164,338557907.0,2024-06-18 16:00:00+00:00
1718740800000,0.006164,0.006326,0.006138,0.006319,200799953.0,2024-06-18 20:00:00+00:00
1718755200000,0.00632,0.006482,0.006257,0.006465,284451340.0,2024-06-19 00:00:00+00:00
1718769600000,0.006467,0.006557,0.006457,0.006542,131033908.0,2024-06-19 04:00:00+00:00
1718784000000,0.006543,0.00655,0.006387,0.006457,196337494.0,2024-06-19 08:00:00+00:00
1718798400000,0.006457,0.006516,0.006365,0.006435,190467280.0,2024-06-19 12:00:00+00:00
1718812800000,0.006435,0.006573,0.006399,0.006495,121192892.0,2024-06-19 16:00:00+00:00
1718827200000,0.006494,0.006553,0.006464,0.006526,79952874.0,2024-06-19 20:00:00+00:00
1718841600000,0.006525,0.006683,0.006485,0.006621,171969008.0,2024-06-20 00:00:00+00:00
1718856000000,0.006621,0.007073,0.006587,0.006982,454089658.0,2024-06-20 04:00:00+00:00
1718870400000,0.006982,0.006984,0.006863,0.006892,221845158.0,2024-06-20 08:00:00+00:00
1718884800000,0.006892,0.006901,0.00662,0.006626,279103621.0,2024-06-20 12:00:00+00:00
1718899200000,0.006626,0.006714,0.006538,0.006701,154576149.0,2024-06-20 16:00:00+00:00
1718913600000,0.006701,0.00671,0.006562,0.006575,114064971.0,2024-06-20 20:00:00+00:00
1718928000000,0.006576,0.006747,0.006542,0.006681,200995808.0,2024-06-21 00:00:00+00:00
1718942400000,0.006677,0.006765,0.006604,0.006653,134878805.0,2024-06-21 04:00:00+00:00
1718956800000,0.006653,0.006733,0.006561,0.006683,199803037.0,2024-06-21 08:00:00+00:00
1718971200000,0.006682,0.006759,0.006531,0.006647,254192368.0,2024-06-21 12:00:00+00:00
1718985600000,0.006648,0.006673,0.006493,0.006616,175243237.0,2024-06-21 16:00:00+00:00
1719000000000,0.006615,0.006649,0.006569,0.006595,87337630.0,2024-06-21 20:00:00+00:00
1719014400000,0.006594,0.006601,0.006503,0.006583,107581108.0,2024-06-22 00:00:00+00:00
1719028800000,0.006582,0.006638,0.006568,0.006615,89604339.0,2024-06-22 04:00:00+00:00
1719043200000,0.006615,0.006676,0.006551,0.006674,101981728.0,2024-06-22 08:00:00+00:00
1719057600000,0.006673,0.006698,0.006653,0.006686,112184323.0,2024-06-22 12:00:00+00:00
1719072000000,0.006686,0.006735,0.006667,0.006735,95078796.0,2024-06-22 16:00:00+00:00
1719086400000,0.006735,0.006822,0.006703,0.006821,134552175.0,2024-06-22 20:00:00+00:00
1719100800000,0.006821,0.006842,0.006767,0.006797,207253397.0,2024-06-23 00:00:00+00:00
1719115200000,0.006797,0.006808,0.006753,0.006784,64242552.0,2024-06-23 04:00:00+00:00
1719129600000,0.006784,0.006795,0.006716,0.006732,61599823.0,2024-06-23 08:00:00+00:00
1719144000000,0.006732,0.006751,0.006601,0.006631,90861667.0,2024-06-23 12:00:00+00:00
1719158400000,0.00663,0.00664,0.00653,0.00659,110051286.0,2024-06-23 16:00:00+00:00
1719172800000,0.006591,0.006619,0.006474,0.006515,168475130.0,2024-06-23 20:00:00+00:00
1719187200000,0.006515,0.006615,0.00648,0.006532,150598001.0,2024-06-24 00:00:00+00:00
1719201600000,0.006533,0.006544,0.006209,0.006236,312233755.0,2024-06-24 04:00:00+00:00
1719216000000,0.006236,0.00639,0.006073,0.006282,363851477.0,2024-06-24 08:00:00+00:00
1719230400000,0.006277,0.006467,0.006274,0.00639,158080857.0,2024-06-24 12:00:00+00:00
1719244800000,0.006389,0.006512,0.006307,0.006333,241474853.0,2024-06-24 16:00:00+00:00
1719259200000,0.006334,0.006558,0.006256,0.006551,179070958.0,2024-06-24 20:00:00+00:00
1719273600000,0.006551,0.006581,0.006478,0.006559,147972630.0,2024-06-25 00:00:00+00:00
1719288000000,0.006559,0.006588,0.006538,0.006587,150799950.0,2024-06-25 04:00:00+00:00
1719302400000,0.006586,0.006723,0.006584,0.006708,175667405.0,2024-06-25 08:00:00+00:00
1719316800000,0.006707,0.006772,0.006648,0.006764,121903804.0,2024-06-25 12:00:00+00:00
1719331200000,0.006763,0.006784,0.006712,0.006747,71116691.0,2024-06-25 16:00:00+00:00
1719345600000,0.006748,0.00676,0.006609,0.006622,193844110.0,2024-06-25 20:00:00+00:00
1719360000000,0.006623,0.00673,0.00662,0.006668,214365325.0,2024-06-26 00:00:00+00:00
1719374400000,0.006669,0.006691,0.006621,0.006656,92454116.0,2024-06-26 04:00:00+00:00
1719388800000,0.006657,0.006665,0.006558,0.006573,89516417.0,2024-06-26 08:00:00+00:00
1719403200000,0.006572,0.00659,0.006474,0.006499,130499116.0,2024-06-26 12:00:00+00:00
1719417600000,0.006499,0.006503,0.00636,0.006478,187438307.0,2024-06-26 16:00:00+00:00
1719432000000,0.006478,0.006526,0.006382,0.006393,112190485.0,2024-06-26 20:00:00+00:00
1719446400000,0.006395,0.006396,0.006301,0.006337,101428571.0,2024-06-27 00:00:00+00:00
1719460800000,0.006338,0.006366,0.006289,0.006334,82165499.0,2024-06-27 04:00:00+00:00
1719475200000,0.006334,0.006519,0.006328,0.00649,137247784.0,2024-06-27 08:00:00+00:00
1719489600000,0.006489,0.00664,0.006484,0.006558,219912892.0,2024-06-27 12:00:00+00:00
1719504000000,0.006559,0.006656,0.006558,0.006644,102553313.0,2024-06-27 16:00:00+00:00
1719518400000,0.006645,0.006676,0.006631,0.006653,72019183.0,2024-06-27 20:00:00+00:00
1719532800000,0.006653,0.006706,0.006567,0.006652,133243706.0,2024-06-28 00:00:00+00:00
1719547200000,0.006652,0.006664,0.006594,0.006634,100189566.0,2024-06-28 04:00:00+00:00
1719561600000,0.006633,0.006701,0.006613,0.006677,80047445.0,2024-06-28 08:00:00+00:00
1719576000000,0.006677,0.006743,0.006633,0.00669,189374926.0,2024-06-28 12:00:00+00:00
1719590400000,0.006693,0.006703,0.006585,0.006656,158670374.0,2024-06-28 16:00:00+00:00
1719604800000,0.006657,0.006666,0.006538,0.006542,97952514.0,2024-06-28 20:00:00+00:00
1719619200000,0.006542,0.006631,0.006534,0.006585,83798820.0,2024-06-29 00:00:00+00:00
1719633600000,0.006583,0.006615,0.00655,0.006586,68162518.0,2024-06-29 04:00:00+00:00
1719648000000,0.006585,0.00659,0.006535,0.006559,55732045.0,2024-06-29 08:00:00+00:00
1719662400000,0.006561,0.006587,0.006534,0.006558,71519307.0,2024-06-29 12:00:00+00:00
1719676800000,0.00656,0.006563,0.006488,0.006513,86276963.0,2024-06-29 16:00:00+00:00
1719691200000,0.006513,0.006514,0.006406,0.006438,100392177.0,2024-06-29 20:00:00+00:00
1719705600000,0.006441,0.006483,0.006381,0.006426,77818387.0,2024-06-30 00:00:00+00:00
1719720000000,0.006426,0.006586,0.006386,0.006544,115076110.0,2024-06-30 04:00:00+00:00
1719734400000,0.006544,0.006578,0.006526,0.006531,59165778.0,2024-06-30 08:00:00+00:00
1719748800000,0.006531,0.006582,0.0065,0.006566,71536339.0,2024-06-30 12:00:00+00:00
1719763200000,0.006567,0.006596,0.006533,0.006591,82658541.0,2024-06-30 16:00:00+00:00
1719777600000,0.00659,0.006691,0.006536,0.006664,106762106.0,2024-06-30 20:00:00+00:00
1719792000000,0.006665,0.006734,0.006624,0.006691,123816284.0,2024-07-01 00:00:00+00:00
1719806400000,0.006691,0.006721,0.0066,0.006614,88525907.0,2024-07-01 04:00:00+00:00
1719820800000,0.006616,0.006628,0.006553,0.006575,129657952.0,2024-07-01 08:00:00+00:00
1719835200000,0.006575,0.006596,0.006487,0.006546,113069131.0,2024-07-01 12:00:00+00:00
1719849600000,0.006544,0.00666,0.006538,0.006631,118398171.0,2024-07-01 16:00:00+00:00
1719864000000,0.00663,0.00664,0.006502,0.006519,90662289.0,2024-07-01 20:00:00+00:00
1719878400000,0.006517,0.006537,0.006459,0.006468,131129440.0,2024-07-02 00:00:00+00:00
1719892800000,0.006468,0.006673,0.00608,0.006084,4494145905.0,2024-07-02 04:00:00+00:00
1719907200000,0.006084,0.006097,0.005933,0.006089,1744463572.0,2024-07-02 08:00:00+00:00
1719921600000,0.00609,0.006157,0.006048,0.006122,706268576.0,2024-07-02 12:00:00+00:00
1719936000000,0.006121,0.006121,0.005983,0.006044,564806185.0,2024-07-02 16:00:00+00:00
1719950400000,0.006044,0.006075,0.005995,0.006037,476211991.0,2024-07-02 20:00:00+00:00
1719964800000,0.006038,0.00604,0.005865,0.005947,693611234.0,2024-07-03 00:00:00+00:00
1719979200000,0.005947,0.006193,0.005909,0.00611,548319239.0,2024-07-03 04:00:00+00:00
1719993600000,0.006109,0.00627,0.006071,0.006155,1300346767.0,2024-07-03 08:00:00+00:00
1720008000000,0.006155,0.006288,0.006077,0.006148,1161626623.0,2024-07-03 12:00:00+00:00
1720022400000,0.006149,0.006183,0.005973,0.006039,562709264.0,2024-07-03 16:00:00+00:00
1720036800000,0.00604,0.006092,0.005988,0.006021,341985359.0,2024-07-03 20:00:00+00:00
1720051200000,0.006021,0.006046,0.00572,0.005897,728550600.0,2024-07-04 00:00:00+00:00
1720065600000,0.005898,0.005982,0.005805,0.005874,388778295.0,2024-07-04 04:00:00+00:00
1720080000000,0.005874,0.005906,0.005747,0.005787,317405726.0,2024-07-04 08:00:00+00:00
1720094400000,0.005785,0.005812,0.005575,0.005805,453799339.0,2024-07-04 12:00:00+00:00
1720108800000,0.005806,0.005836,0.005746,0.005792,222400124.0,2024-07-04 16:00:00+00:00
1720123200000,0.005791,0.005914,0.005666,0.005693,350861183.0,2024-07-04 20:00:00+00:00
1720137600000,0.005694,0.005694,0.00439,0.004878,2386765124.0,2024-07-05 00:00:00+00:00
1720152000000,0.004876,0.005099,0.004797,0.004982,869364995.0,2024-07-05 04:00:00+00:00
1720166400000,0.004982,0.005164,0.004798,0.005129,633048585.0,2024-07-05 08:00:00+00:00
1720180800000,0.00513,0.005328,0.005081,0.005322,530061761.0,2024-07-05 12:00:00+00:00
1720195200000,0.005322,0.005398,0.00525,0.005291,435518352.0,2024-07-05 16:00:00+00:00
1720209600000,0.005291,0.005332,0.005259,0.005309,245864640.0,2024-07-05 20:00:00+00:00
1720224000000,0.005309,0.005465,0.005243,0.005302,341228443.0,2024-07-06 00:00:00+00:00
1720238400000,0.005303,0.005402,0.00525,0.005374,180736211.0,2024-07-06 04:00:00+00:00
1720252800000,0.005373,0.005373,0.005252,0.005339,178515301.0,2024-07-06 08:00:00+00:00
1720267200000,0.005339,0.005495,0.005333,0.005471,219544836.0,2024-07-06 12:00:00+00:00
1720281600000,0.005471,0.005677,0.00545,0.005638,273584562.0,2024-07-06 16:00:00+00:00
1720296000000,0.005638,0.005741,0.005634,0.005702,170877485.0,2024-07-06 20:00:00+00:00
1720310400000,0.005702,0.005734,0.005595,0.005672,206737655.0,2024-07-07 00:00:00+00:00
1720324800000,0.005672,0.005677,0.005515,0.005567,208964204.0,2024-07-07 04:00:00+00:00
1720339200000,0.005568,0.005695,0.005567,0.005676,148111741.0,2024-07-07 08:00:00+00:00
1720353600000,0.005675,0.005742,0.005491,0.005516,312791165.0,2024-07-07 12:00:00+00:00
1720368000000,0.005517,0.005608,0.0055,0.005525,159543570.0,2024-07-07 16:00:00+00:00
1720382400000,0.005526,0.005546,0.005337,0.005375,304358127.0,2024-07-07 20:00:00+00:00
1720396800000,0.005376,0.005426,0.005155,0.005367,467828858.0,2024-07-08 00:00:00+00:00
1720411200000,0.005369,0.005555,0.005358,0.005503,262334800.0,2024-07-08 04:00:00+00:00
1720425600000,0.005503,0.005815,0.005489,0.005765,494241942.0,2024-07-08 08:00:00+00:00
1720440000000,0.005763,0.005775,0.005422,0.005571,556385710.0,2024-07-08 12:00:00+00:00
1720454400000,0.005572,0.005634,0.005508,0.005614,219111300.0,2024-07-08 16:00:00+00:00
1720468800000,0.005613,0.005644,0.005553,0.005622,149595514.0,2024-07-08 20:00:00+00:00
1720483200000,0.005621,0.005721,0.005547,0.005646,313407900.0,2024-07-09 00:00:00+00:00
1720497600000,0.005645,0.005706,0.005609,0.005658,180936492.0,2024-07-09 04:00:00+00:00
1720512000000,0.005658,0.005731,0.005634,0.005657,142027833.0,2024-07-09 08:00:00+00:00
1720526400000,0.005656,0.005751,0.005608,0.005687,237335829.0,2024-07-09 12:00:00+00:00
1720540800000,0.005686,0.00572,0.005597,0.005638,135128449.0,2024-07-09 16:00:00+00:00
1720555200000,0.005639,0.005685,0.00562,0.005655,101501695.0,2024-07-09 20:00:00+00:00
1720569600000,0.005653,0.005704,0.005602,0.005671,136718316.0,2024-07-10 00:00:00+00:00
1720584000000,0.005669,0.005778,0.005667,0.005713,148571632.0,2024-07-10 04:00:00+00:00
1720598400000,0.005713,0.005722,0.005672,0.005685,109550127.0,2024-07-10 08:00:00+00:00
1720612800000,0.005684,0.005792,0.005641,0.005775,199619158.0,2024-07-10 12:00:00+00:00
1720627200000,0.005774,0.005797,0.005688,0.005689,136848133.0,2024-07-10 16:00:00+00:00
1720641600000,0.005689,0.005697,0.005644,0.005689,93875675.0,2024-07-10 20:00:00+00:00
1720656000000,0.005688,0.005824,0.005643,0.005719,179161276.0,2024-07-11 00:00:00+00:00
1720670400000,0.005719,0.005776,0.005713,0.005764,93070783.0,2024-07-11 04:00:00+00:00
1720684800000,0.005765,0.005796,0.005721,0.005783,101315628.0,2024-07-11 08:00:00+00:00
1720699200000,0.005782,0.005863,0.005684,0.005715,247212833.0,2024-07-11 12:00:00+00:00
1720713600000,0.005714,0.005802,0.005674,0.00572,120628030.0,2024-07-11 16:00:00+00:00
1720728000000,0.005724,0.005747,0.005646,0.005666,129388956.0,2024-07-11 20:00:00+00:00
1720742400000,0.005667,0.005755,0.005607,0.005711,109608233.0,2024-07-12 00:00:00+00:00
1720756800000,0.005713,0.005766,0.00568,0.005714,86522179.0,2024-07-12 04:00:00+00:00
1720771200000,0.005713,0.005748,0.005616,0.005654,106155859.0,2024-07-12 08:00:00+00:00
1720785600000,0.005655,0.00581,0.005646,0.005749,175057774.0,2024-07-12 12:00:00+00:00
1720800000000,0.00575,0.005817,0.00573,0.005756,118602350.0,2024-07-12 16:00:00+00:00
1720814400000,0.005758,0.005785,0.005717,0.005785,67881586.0,2024-07-12 20:00:00+00:00
1720828800000,0.005784,0.005789,0.005747,0.005754,52096710.0,2024-07-13 00:00:00+00:00
1720843200000,0.005754,0.00581,0.005747,0.005804,63796378.0,2024-07-13 04:00:00+00:00
1720857600000,0.005802,0.005832,0.005773,0.005806,79799374.0,2024-07-13 08:00:00+00:00
1720872000000,0.005806,0.005876,0.005795,0.005852,78914645.0,2024-07-13 12:00:00+00:00
1720886400000,0.005852,0.005884,0.00581,0.005841,98098112.0,2024-07-13 16:00:00+00:00
1720900800000,0.005841,0.005914,0.005796,0.005857,111180332.0,2024-07-13 20:00:00+00:00
1720915200000,0.005856,0.005928,0.005847,0.005883,89204131.0,2024-07-14 00:00:00+00:00
1720929600000,0.005882,0.005948,0.005845,0.005863,102125294.0,2024-07-14 04:00:00+00:00
1720944000000,0.005862,0.005906,0.005859,0.005874,73275565.0,2024-07-14 08:00:00+00:00
1720958400000,0.005874,0.005875,0.005797,0.005861,105779306.0,2024-07-14 12:00:00+00:00
1720972800000,0.00586,0.005901,0.005846,0.005883,70719363.0,2024-07-14 16:00:00+00:00
1720987200000,0.005882,0.006018,0.00586,0.005982,113331636.0,2024-07-14 20:00:00+00:00
1721001600000,0.00598,0.00612,0.005977,0.006099,289591869.0,2024-07-15 00:00:00+00:00
1721016000000,0.006098,0.006106,0.005989,0.006086,156441254.0,2024-07-15 04:00:00+00:00
1721030400000,0.006084,0.006116,0.006042,0.006066,105098186.0,2024-07-15 08:00:00+00:00
1721044800000,0.006066,0.00612,0.006045,0.006088,118910242.0,2024-07-15 12:00:00+00:00
1721059200000,0.006088,0.006144,0.006056,0.006115,156297254.0,2024-07-15 16:00:00+00:00
1721073600000,0.006114,0.006226,0.006107,0.006209,165855403.0,2024-07-15 20:00:00+00:00
1721088000000,0.006212,0.006294,0.006201,0.006285,177667017.0,2024-07-16 00:00:00+00:00
1721102400000,0.006285,0.006303,0.006022,0.006049,262231380.0,2024-07-16 04:00:00+00:00
1721116800000,0.006048,0.006106,0.005965,0.006092,167297525.0,2024-07-16 08:00:00+00:00
1721131200000,0.006091,0.006283,0.006042,0.006274,153269929.0,2024-07-16 12:00:00+00:00
1721145600000,0.006274,0.006337,0.006232,0.00631,176596967.0,2024-07-16 16:00:00+00:00
1721160000000,0.006311,0.006314,0.006213,0.006272,118321821.0,2024-07-16 20:00:00+00:00
1721174400000,0.006272,0.006365,0.006248,0.00628,122670329.0,2024-07-17 00:00:00+00:00
1721188800000,0.006282,0.006376,0.00628,0.006363,102060168.0,2024-07-17 04:00:00+00:00
1721203200000,0.006361,0.006418,0.006278,0.006345,152160508.0,2024-07-17 08:00:00+00:00
1721217600000,0.006347,0.006426,0.006313,0.006329,139317818.0,2024-07-17 12:00:00+00:00
1721232000000,0.006329,0.006356,0.00619,0.006307,155558573.0,2024-07-17 16:00:00+00:00
1721246400000,0.006305,0.006347,0.006217,0.006223,105966825.0,2024-07-17 20:00:00+00:00
1721260800000,0.006224,0.006386,0.006224,0.006305,137835438.0,2024-07-18 00:00:00+00:00
1721275200000,0.006305,0.00632,0.00623,0.006241,94555996.0,2024-07-18 04:00:00+00:00
1721289600000,0.006243,0.006292,0.006211,0.006292,102882058.0,2024-07-18 08:00:00+00:00
1721304000000,0.00629,0.006301,0.006072,0.006078,153753015.0,2024-07-18 12:00:00+00:00
1721318400000,0.006078,0.006138,0.006011,0.006058,144680070.0,2024-07-18 16:00:00+00:00
1721332800000,0.006057,0.006207,0.006018,0.006163,96937592.0,2024-07-18 20:00:00+00:00
1721347200000,0.006163,0.006257,0.006046,0.006244,119630532.0,2024-07-19 00:00:00+00:00
1721361600000,0.006243,0.006311,0.006167,0.006245,158702625.0,2024-07-19 04:00:00+00:00
1721376000000,0.006245,0.006273,0.006179,0.006205,187221595.0,2024-07-19 08:00:00+00:00
1721390400000,0.006206,0.006338,0.006183,0.0063,118988436.0,2024-07-19 12:00:00+00:00
1721404800000,0.006296,0.006347,0.006296,0.006336,156347469.0,2024-07-19 16:00:00+00:00
1721419200000,0.006335,0.006372,0.006327,0.006364,133822662.0,2024-07-19 20:00:00+00:00
1721433600000,0.006365,0.006397,0.006325,0.006368,116803596.0,2024-07-20 00:00:00+00:00
1721448000000,0.006368,0.006393,0.006338,0.006369,58030378.0,2024-07-20 04:00:00+00:00
1721462400000,0.006371,0.006385,0.006311,0.00633,71238826.0,2024-07-20 08:00:00+00:00
1721476800000,0.00633,0.006388,0.006281,0.006387,65888699.0,2024-07-20 12:00:00+00:00
1721491200000,0.006386,0.006407,0.006343,0.006352,85331754.0,2024-07-20 16:00:00+00:00
1721505600000,0.00635,0.006359,0.006292,0.006326,73411882.0,2024-07-20 20:00:00+00:00
1721520000000,0.006326,0.006397,0.00631,0.006358,75291023.0,2024-07-21 00:00:00+00:00
1721534400000,0.006358,0.00636,0.006275,0.006318,102553025.0,2024-07-21 04:00:00+00:00
1721548800000,0.006318,0.006493,0.006262,0.006287,222546630.0,2024-07-21 08:00:00+00:00
1721563200000,0.006288,0.006306,0.006236,0.006243,119202338.0,2024-07-21 12:00:00+00:00
1721577600000,0.006243,0.006316,0.006043,0.006266,217469157.0,2024-07-21 16:00:00+00:00
1721592000000,0.006264,0.00638,0.006252,0.006336,108351308.0,2024-07-21 20:00:00+00:00
1721606400000,0.006338,0.006439,0.006271,0.006272,190088381.0,2024-07-22 00:00:00+00:00
1721620800000,0.006277,0.006311,0.006139,0.006164,133890242.0,2024-07-22 04:00:00+00:00
1721635200000,0.006163,0.00624,0.006137,0.006232,131425652.0,2024-07-22 08:00:00+00:00
1721649600000,0.006232,0.00628,0.006139,0.006183,128449073.0,2024-07-22 12:00:00+00:00
1721664000000,0.006183,0.006201,0.00615,0.006195,97710811.0,2024-07-22 16:00:00+00:00
1721678400000,0.006194,0.006228,0.006033,0.006078,110734232.0,2024-07-22 20:00:00+00:00
1721692800000,0.006076,0.006165,0.006058,0.006109,118241687.0,2024-07-23 00:00:00+00:00
1721707200000,0.006108,0.006109,0.005953,0.006006,166728715.0,2024-07-23 04:00:00+00:00
1721721600000,0.006007,0.006156,0.005998,0.006114,158212252.0,2024-07-23 08:00:00+00:00
1721736000000,0.006112,0.006187,0.006033,0.006116,158110088.0,2024-07-23 12:00:00+00:00
1721750400000,0.006112,0.006114,0.005881,0.005998,163999709.0,2024-07-23 16:00:00+00:00
1721764800000,0.006,0.00602,0.005961,0.006009,84475473.0,2024-07-23 20:00:00+00:00
1721779200000,0.006009,0.006037,0.005933,0.006007,98702100.0,2024-07-24 00:00:00+00:00
1721793600000,0.006007,0.006045,0.005968,0.006038,45694977.0,2024-07-24 04:00:00+00:00
1721808000000,0.006039,0.006126,0.006021,0.006098,60217998.0,2024-07-24 08:00:00+00:00
1721822400000,0.006098,0.006173,0.006085,0.006111,116489485.0,2024-07-24 12:00:00+00:00
1721836800000,0.006109,0.00615,0.006048,0.006068,126638892.0,2024-07-24 16:00:00+00:00
1721851200000,0.006069,0.00609,0.005893,0.005939,140220074.0,2024-07-24 20:00:00+00:00
1721865600000,0.00594,0.005978,0.005661,0.005696,275157369.0,2024-07-25 00:00:00+00:00
1721880000000,0.005696,0.005808,0.005676,0.005737,103916873.0,2024-07-25 04:00:00+00:00
1721894400000,0.005738,0.005784,0.005697,0.005745,71741115.0,2024-07-25 08:00:00+00:00
1721908800000,0.005746,0.005766,0.005624,0.005733,143764974.0,2024-07-25 12:00:00+00:00
1721923200000,0.005733,0.005779,0.005586,0.005647,120671183.0,2024-07-25 16:00:00+00:00
1721937600000,0.005648,0.005816,0.005543,0.005796,209464323.0,2024-07-25 20:00:00+00:00
1721952000000,0.005795,0.005908,0.005771,0.005857,99605498.0,2024-07-26 00:00:00+00:00
1721966400000,0.005858,0.005943,0.005855,0.005908,71098110.0,2024-07-26 04:00:00+00:00
1721980800000,0.005908,0.005918,0.005864,0.005893,54436411.0,2024-07-26 08:00:00+00:00
1721995200000,0.005893,0.005963,0.005876,0.005938,103831521.0,2024-07-26 12:00:00+00:00
1722009600000,0.005938,0.006055,0.005937,0.006052,107535521.0,2024-07-26 16:00:00+00:00
1722024000000,0.006053,0.006155,0.006034,0.006153,100633028.0,2024-07-26 20:00:00+00:00
1722038400000,0.006152,0.006206,0.006116,0.006148,109506109.0,2024-07-27 00:00:00+00:00
1722052800000,0.006147,0.006268,0.006146,0.006255,85867336.0,2024-07-27 04:00:00+00:00
1722067200000,0.006254,0.006295,0.006205,0.006259,141625360.0,2024-07-27 08:00:00+00:00
1722081600000,0.00626,0.006352,0.006208,0.006261,190444880.0,2024-07-27 12:00:00+00:00
1722096000000,0.00626,0.006332,0.006234,0.006281,164795554.0,2024-07-27 16:00:00+00:00
1722110400000,0.006281,0.006382,0.00617,0.006291,206918067.0,2024-07-27 20:00:00+00:00
1722124800000,0.006289,0.006328,0.006234,0.006256,80819508.0,2024-07-28 00:00:00+00:00
1722139200000,0.006255,0.006255,0.006158,0.006235,115067605.0,2024-07-28 04:00:00+00:00
1722153600000,0.006233,0.006274,0.006194,0.006234,91374818.0,2024-07-28 08:00:00+00:00
1722168000000,0.006234,0.006259,0.00618,0.006227,80705594.0,2024-07-28 12:00:00+00:00
1722182400000,0.006226,0.006366,0.006204,0.006306,214220880.0,2024-07-28 16:00:00+00:00
1722196800000,0.006307,0.006324,0.006192,0.006322,176694808.0,2024-07-28 20:00:00+00:00
1722211200000,0.006323,0.006406,0.006265,0.006294,354458160.0,2024-07-29 00:00:00+00:00
1722225600000,0.006295,0.006375,0.006293,0.006369,123338411.0,2024-07-29 04:00:00+00:00
1722240000000,0.006369,0.006399,0.006337,0.006392,98521549.0,2024-07-29 08:00:00+00:00
1722254400000,0.006392,0.006413,0.006199,0.006262,174076153.0,2024-07-29 12:00:00+00:00
1722268800000,0.006262,0.006354,0.006174,0.006353,173662035.0,2024-07-29 16:00:00+00:00
1722283200000,0.006353,0.006353,0.00624,0.006285,129782852.0,2024-07-29 20:00:00+00:00
1722297600000,0.006286,0.006375,0.006218,0.006307,162156997.0,2024-07-30 00:00:00+00:00
1722312000000,0.006306,0.006329,0.006254,0.00631,81564211.0,2024-07-30 04:00:00+00:00
1722326400000,0.006306,0.006379,0.006238,0.006261,166371144.0,2024-07-30 08:00:00+00:00
1722340800000,0.006261,0.006303,0.006182,0.006215,107117501.0,2024-07-30 12:00:00+00:00
1722355200000,0.006214,0.006253,0.006042,0.006071,121924417.0,2024-07-30 16:00:00+00:00
1722369600000,0.006072,0.006119,0.005981,0.006073,112533488.0,2024-07-30 20:00:00+00:00
1722384000000,0.006073,0.006121,0.006011,0.006071,94441890.0,2024-07-31 00:00:00+00:00
1722398400000,0.006071,0.006164,0.005996,0.00612,95942026.0,2024-07-31 04:00:00+00:00
1722412800000,0.00612,0.006141,0.006044,0.00607,87895168.0,2024-07-31 08:00:00+00:00
1722427200000,0.00607,0.006139,0.006044,0.006058,93354973.0,2024-07-31 12:00:00+00:00
1722441600000,0.006058,0.006137,0.005987,0.006013,128454725.0,2024-07-31 16:00:00+00:00
1722456000000,0.006013,0.006015,0.005909,0.005922,144903947.0,2024-07-31 20:00:00+00:00
1722470400000,0.005923,0.005988,0.005881,0.005892,95386936.0,2024-08-01 00:00:00+00:00
1722484800000,0.005889,0.005902,0.005721,0.005802,148812563.0,2024-08-01 04:00:00+00:00
1722499200000,0.005804,0.005867,0.005791,0.005858,74700565.0,2024-08-01 08:00:00+00:00
1722513600000,0.005858,0.005904,0.005661,0.005687,173711100.0,2024-08-01 12:00:00+00:00
1722528000000,0.005687,0.005687,0.005436,0.005596,381125260.0,2024-08-01 16:00:00+00:00
1722542400000,0.005595,0.005878,0.005539,0.005845,207080596.0,2024-08-01 20:00:00+00:00
1722556800000,0.005844,0.005869,0.005696,0.00581,120672723.0,2024-08-02 00:00:00+00:00
1722571200000,0.005809,0.005822,0.005608,0.005708,123866662.0,2024-08-02 04:00:00+00:00
1722585600000,0.005706,0.005777,0.005645,0.005738,93345051.0,2024-08-02 08:00:00+00:00
1722600000000,0.005738,0.005859,0.005443,0.00561,318460139.0,2024-08-02 12:00:00+00:00
1722614400000,0.005611,0.005635,0.005492,0.005555,182037636.0,2024-08-02 16:00:00+00:00
1722628800000,0.005555,0.005593,0.005433,0.005523,158444729.0,2024-08-02 20:00:00+00:00
1722643200000,0.005524,0.005557,0.00535,0.005541,207954763.0,2024-08-03 00:00:00+00:00
1722657600000,0.005541,0.005604,0.005512,0.005565,85946314.0,2024-08-03 04:00:00+00:00
1722672000000,0.005564,0.005586,0.005523,0.005542,98962769.0,2024-08-03 08:00:00+00:00
1722686400000,0.005542,0.005572,0.005364,0.005368,107302840.0,2024-08-03 12:00:00+00:00
1722700800000,0.005368,0.005415,0.005169,0.005169,278960545.0,2024-08-03 16:00:00+00:00
1722715200000,0.005172,0.005274,0.00515,0.005247,141638006.0,2024-08-03 20:00:00+00:00
1722729600000,0.005246,0.005349,0.005217,0.005311,107092880.0,2024-08-04 00:00:00+00:00
1722744000000,0.00531,0.005336,0.00526,0.005266,74983483.0,2024-08-04 04:00:00+00:00
1722758400000,0.005266,0.005317,0.005229,0.005255,121666363.0,2024-08-04 08:00:00+00:00
1722772800000,0.005253,0.00528,0.004968,0.004977,208328658.0,2024-08-04 12:00:00+00:00
1722787200000,0.004978,0.005038,0.004752,0.005002,467744555.0,2024-08-04 16:00:00+00:00
1722801600000,0.005002,0.005047,0.004849,0.004861,222320190.0,2024-08-04 20:00:00+00:00
1722816000000,0.004861,0.004919,0.004043,0.004364,1514502227.0,2024-08-05 00:00:00+00:00
1722830400000,0.004365,0.004471,0.003981,0.004414,1262438834.0,2024-08-05 04:00:00+00:00
1722844800000,0.004416,0.004424,0.004094,0.004251,539685162.0,2024-08-05 08:00:00+00:00
1722859200000,0.00425,0.004635,0.0041,0.004616,1116217744.0,2024-08-05 12:00:00+00:00
1722873600000,0.004615,0.004695,0.00447,0.004534,460767985.0,2024-08-05 16:00:00+00:00
1722888000000,0.004534,0.004645,0.004528,0.004552,272013032.0,2024-08-05 20:00:00+00:00
1722902400000,0.004553,0.004847,0.004544,0.004732,298818347.0,2024-08-06 00:00:00+00:00
1722916800000,0.004733,0.004859,0.004701,0.004839,155941127.0,2024-08-06 04:00:00+00:00
1722931200000,0.004838,0.004843,0.004682,0.004706,214257210.0,2024-08-06 08:00:00+00:00
1722945600000,0.004703,0.004853,0.004611,0.004792,301379001.0,2024-08-06 12:00:00+00:00
1722960000000,0.004795,0.004845,0.004753,0.004784,171117999.0,2024-08-06 16:00:00+00:00
1722974400000,0.004784,0.004844,0.004736,0.004763,100014388.0,2024-08-06 20:00:00+00:00
1722988800000,0.004763,0.004901,0.004725,0.004871,233535060.0,2024-08-07 00:00:00+00:00
1723003200000,0.004869,0.004921,0.004847,0.004881,113371950.0,2024-08-07 04:00:00+00:00
1723017600000,0.00488,0.00495,0.004858,0.004861,143014483.0,2024-08-07 08:00:00+00:00
1723032000000,0.004863,0.004925,0.004673,0.004778,233591136.0,2024-08-07 12:00:00+00:00
1723046400000,0.004776,0.00479,0.004661,0.004701,205275844.0,2024-08-07 16:00:00+00:00
1723060800000,0.004702,0.004758,0.004641,0.00473,166694249.0,2024-08-07 20:00:00+00:00
1723075200000,0.00473,0.004955,0.004638,0.0049,236220914.0,2024-08-08 00:00:00+00:00
1723089600000,0.004899,0.004972,0.004899,0.004919,122563364.0,2024-08-08 04:00:00+00:00
1723104000000,0.004919,0.004945,0.004896,0.004933,89907287.0,2024-08-08 08:00:00+00:00
1723118400000,0.004932,0.005129,0.004924,0.005119,366641466.0,2024-08-08 12:00:00+00:00
1723132800000,0.005119,0.00518,0.005084,0.005107,177513181.0,2024-08-08 16:00:00+00:00
1723147200000,0.005107,0.005267,0.005095,0.005255,164933694.0,2024-08-08 20:00:00+00:00
1723161600000,0.005252,0.005253,0.005191,0.005224,121618313.0,2024-08-09 00:00:00+00:00
1723176000000,0.005225,0.00529,0.005196,0.005245,175867785.0,2024-08-09 04:00:00+00:00
1723190400000,0.005246,0.00533,0.005232,0.005277,228357057.0,2024-08-09 08:00:00+00:00
1723204800000,0.005276,0.005319,0.005157,0.005167,194359406.0,2024-08-09 12:00:00+00:00
1723219200000,0.005169,0.005222,0.005142,0.005195,98540174.0,2024-08-09 16:00:00+00:00
1723233600000,0.005197,0.005273,0.00518,0.005269,102158999.0,2024-08-09 20:00:00+00:00
1723248000000,0.00527,0.005334,0.005232,0.005279,120164605.0,2024-08-10 00:00:00+00:00
1723262400000,0.00528,0.005302,0.00523,0.005296,68206602.0,2024-08-10 04:00:00+00:00
1723276800000,0.005298,0.005317,0.005277,0.005312,68943338.0,2024-08-10 08:00:00+00:00
1723291200000,0.005312,0.005327,0.005267,0.005301,67430170.0,2024-08-10 12:00:00+00:00
1723305600000,0.005299,0.005375,0.005276,0.005351,137142793.0,2024-08-10 16:00:00+00:00
1723320000000,0.00535,0.005388,0.005347,0.00536,65673369.0,2024-08-10 20:00:00+00:00
1723334400000,0.005358,0.005368,0.005271,0.005298,101723736.0,2024-08-11 00:00:00+00:00
1723348800000,0.0053,0.005325,0.00527,0.005306,79386805.0,2024-08-11 04:00:00+00:00
1723363200000,0.005305,0.005387,0.005256,0.005266,112714894.0,2024-08-11 08:00:00+00:00
1723377600000,0.005265,0.005285,0.005165,0.005183,153760696.0,2024-08-11 12:00:00+00:00
1723392000000,0.005184,0.005236,0.005114,0.005119,87845479.0,2024-08-11 16:00:00+00:00
1723406400000,0.005121,0.005126,0.005,0.005035,173646903.0,2024-08-11 20:00:00+00:00
1723420800000,0.005035,0.005127,0.005034,0.005087,127905651.0,2024-08-12 00:00:00+00:00
1723435200000,0.005086,0.005111,0.00493,0.005086,240435115.0,2024-08-12 04:00:00+00:00
1723449600000,0.005084,0.00525,0.005036,0.005226,191639781.0,2024-08-12 08:00:00+00:00
1723464000000,0.005227,0.005267,0.005,0.005239,365867155.0,2024-08-12 12:00:00+00:00
1723478400000,0.005239,0.005268,0.005145,0.005162,135884185.0,2024-08-12 16:00:00+00:00
1723492800000,0.005162,0.005234,0.005108,0.005216,127133548.0,2024-08-12 20:00:00+00:00
1723507200000,0.005216,0.005239,0.005117,0.005129,131529501.0,2024-08-13 00:00:00+00:00
1723521600000,0.00513,0.005193,0.005111,0.00516,98672726.0,2024-08-13 04:00:00+00:00
1723536000000,0.00516,0.00517,0.0051,0.005141,105105361.0,2024-08-13 08:00:00+00:00
1723550400000,0.005143,0.005243,0.005143,0.005232,170854280.0,2024-08-13 12:00:00+00:00
1723564800000,0.005233,0.005377,0.005233,0.00533,148647841.0,2024-08-13 16:00:00+00:00
1723579200000,0.005329,0.005352,0.00531,0.00533,57178524.0,2024-08-13 20:00:00+00:00
1723593600000,0.005327,0.005336,0.005269,0.005297,62609166.0,2024-08-14 00:00:00+00:00
1723608000000,0.005297,0.005313,0.005237,0.005267,81986644.0,2024-08-14 04:00:00+00:00
1723622400000,0.005266,0.005319,0.005235,0.005271,93696797.0,2024-08-14 08:00:00+00:00
1723636800000,0.005271,0.005341,0.005129,0.005247,273287487.0,2024-08-14 12:00:00+00:00
1723651200000,0.005245,0.00525,0.005178,0.005201,95194879.0,2024-08-14 16:00:00+00:00
1723665600000,0.005201,0.005238,0.005173,0.005223,66947004.0,2024-08-14 20:00:00+00:00
1723680000000,0.005222,0.005248,0.005184,0.005239,103771292.0,2024-08-15 00:00:00+00:00
1723694400000,0.005238,0.00524,0.005136,0.005159,104077506.0,2024-08-15 04:00:00+00:00
1723708800000,0.005159,0.005226,0.005157,0.005202,98083331.0,2024-08-15 08:00:00+00:00
1723723200000,0.005203,0.005269,0.005155,0.005159,138752605.0,2024-08-15 12:00:00+00:00
1723737600000,0.00516,0.00518,0.004924,0.00496,267511414.0,2024-08-15 16:00:00+00:00
1723752000000,0.004961,0.004997,0.004881,0.004969,179003867.0,2024-08-15 20:00:00+00:00
1723766400000,0.004971,0.005003,0.004918,0.004938,113346349.0,2024-08-16 00:00:00+00:00
1723780800000,0.004938,0.005018,0.00492,0.005005,88052964.0,2024-08-16 04:00:00+00:00
1723795200000,0.005005,0.005018,0.004945,0.004959,80484064.0,2024-08-16 08:00:00+00:00
1723809600000,0.00496,0.004994,0.004816,0.004855,308742488.0,2024-08-16 12:00:00+00:00
1723824000000,0.004854,0.004952,0.004828,0.004913,219960264.0,2024-08-16 16:00:00+00:00
1723838400000,0.004912,0.004957,0.004892,0.004903,110192377.0,2024-08-16 20:00:00+00:00
1723852800000,0.004904,0.004931,0.004882,0.004905,85879842.0,2024-08-17 00:00:00+00:00
1723867200000,0.004906,0.004955,0.004902,0.004949,75107131.0,2024-08-17 04:00:00+00:00
1723881600000,0.004948,0.004971,0.004924,0.004971,69396463.0,2024-08-17 08:00:00+00:00
1723896000000,0.00497,0.005031,0.004957,0.004968,168107094.0,2024-08-17 12:00:00+00:00
1723910400000,0.004968,0.004997,0.004942,0.004945,117846758.0,2024-08-17 16:00:00+00:00
1723924800000,0.004944,0.004988,0.004934,0.004982,81256934.0,2024-08-17 20:00:00+00:00
1723939200000,0.00498,0.004985,0.004887,0.004909,112474222.0,2024-08-18 00:00:00+00:00
1723953600000,0.004908,0.004967,0.004887,0.004912,73632686.0,2024-08-18 04:00:00+00:00
1723968000000,0.004912,0.005026,0.004905,0.005024,134118157.0,2024-08-18 08:00:00+00:00
1723982400000,0.005024,0.005091,0.005018,0.005071,124649831.0,2024-08-18 12:00:00+00:00
1723996800000,0.00507,0.005087,0.005014,0.005073,104663722.0,2024-08-18 16:00:00+00:00
1724011200000,0.005073,0.005116,0.004997,0.005004,122699076.0,2024-08-18 20:00:00+00:00
1724025600000,0.005004,0.005039,0.004934,0.004992,175679207.0,2024-08-19 00:00:00+00:00
1724040000000,0.004991,0.005055,0.004956,0.00503,155034531.0,2024-08-19 04:00:00+00:00
1724054400000,0.005029,0.005127,0.005013,0.005101,220161732.0,2024-08-19 08:00:00+00:00
1724068800000,0.005103,0.00515,0.005038,0.005067,193949888.0,2024-08-19 12:00:00+00:00
1724083200000,0.005069,0.00516,0.005041,0.005141,112459922.0,2024-08-19 16:00:00+00:00
1724097600000,0.00514,0.005187,0.005116,0.005181,83580813.0,2024-08-19 20:00:00+00:00
1724112000000,0.00518,0.005277,0.005162,0.005235,128872164.0,2024-08-20 00:00:00+00:00
1724126400000,0.005237,0.005296,0.005223,0.005239,126110008.0,2024-08-20 04:00:00+00:00
1724140800000,0.005238,0.00526,0.005213,0.005224,81295912.0,2024-08-20 08:00:00+00:00
1724155200000,0.005224,0.005299,0.005132,0.00517,158568354.0,2024-08-20 12:00:00+00:00
1724169600000,0.005169,0.005249,0.005158,0.005239,65894107.0,2024-08-20 16:00:00+00:00
1724184000000,0.00524,0.005286,0.005219,0.005234,81108875.0,2024-08-20 20:00:00+00:00
1724198400000,0.005234,0.005301,0.005197,0.005231,109363294.0,2024-08-21 00:00:00+00:00
1724212800000,0.005231,0.005297,0.005231,0.005285,78683874.0,2024-08-21 04:00:00+00:00
1724227200000,0.005284,0.005298,0.005205,0.005226,122896458.0,2024-08-21 08:00:00+00:00
1724241600000,0.005224,0.005292,0.005144,0.005259,221013395.0,2024-08-21 12:00:00+00:00
1724256000000,0.005261,0.005396,0.005245,0.005395,107380633.0,2024-08-21 16:00:00+00:00
1724270400000,0.005395,0.005444,0.005358,0.00537,99516368.0,2024-08-21 20:00:00+00:00
1724284800000,0.005369,0.005384,0.005294,0.00534,92823002.0,2024-08-22 00:00:00+00:00
1724299200000,0.005341,0.005403,0.005331,0.005396,59760629.0,2024-08-22 04:00:00+00:00
1724313600000,0.005395,0.005489,0.005375,0.005473,125896130.0,2024-08-22 08:00:00+00:00
1724328000000,0.00547,0.005472,0.005419,0.00545,83443678.0,2024-08-22 12:00:00+00:00
1724342400000,0.005449,0.005504,0.005448,0.005488,108690723.0,2024-08-22 16:00:00+00:00
1724356800000,0.005487,0.005529,0.005461,0.005467,107215388.0,2024-08-22 20:00:00+00:00
1724371200000,0.005467,0.00551,0.005444,0.005463,112861613.0,2024-08-23 00:00:00+00:00
1724385600000,0.005463,0.005548,0.005442,0.005548,106047701.0,2024-08-23 04:00:00+00:00
1724400000000,0.005547,0.005552,0.00547,0.00548,96342093.0,2024-08-23 08:00:00+00:00
1724414400000,0.005481,0.005624,0.005476,0.005601,189326467.0,2024-08-23 12:00:00+00:00
1724428800000,0.005601,0.005739,0.005583,0.005719,154808382.0,2024-08-23 16:00:00+00:00
1724443200000,0.005721,0.005753,0.005674,0.005712,115746329.0,2024-08-23 20:00:00+00:00
1724457600000,0.005712,0.005738,0.005619,0.005634,103770571.0,2024-08-24 00:00:00+00:00
1724472000000,0.005636,0.005685,0.00563,0.005675,91116148.0,2024-08-24 04:00:00+00:00
1724486400000,0.005674,0.00583,0.005638,0.005759,242456431.0,2024-08-24 08:00:00+00:00
1724500800000,0.005761,0.00583,0.00574,0.005771,98398239.0,2024-08-24 12:00:00+00:00
1724515200000,0.005771,0.005962,0.005766,0.005866,475556526.0,2024-08-24 16:00:00+00:00
1724529600000,0.005866,0.005872,0.005681,0.005776,235041158.0,2024-08-24 20:00:00+00:00
1724544000000,0.005778,0.00581,0.005601,0.005688,243867329.0,2024-08-25 00:00:00+00:00
1724558400000,0.005688,0.005722,0.00551,0.005561,124130292.0,2024-08-25 04:00:00+00:00
1724572800000,0.005561,0.005671,0.005537,0.005632,159966422.0,2024-08-25 08:00:00+00:00
1724587200000,0.005632,0.005717,0.005626,0.005665,92863819.0,2024-08-25 12:00:00+00:00
1724601600000,0.005665,0.005705,0.005625,0.005647,83662658.0,2024-08-25 16:00:00+00:00
1724616000000,0.005648,0.005709,0.005596,0.005608,101311834.0,2024-08-25 20:00:00+00:00
1724630400000,0.005609,0.005658,0.005534,0.005602,131053018.0,2024-08-26 00:00:00+00:00
1724644800000,0.005602,0.005632,0.005521,0.005572,377174915.0,2024-08-26 04:00:00+00:00
1724659200000,0.005574,0.005624,0.005501,0.005504,197911097.0,2024-08-26 08:00:00+00:00
1724673600000,0.005506,0.005529,0.00537,0.005402,244326516.0,2024-08-26 12:00:00+00:00
1724688000000,0.0054,0.00543,0.005286,0.005318,255447778.0,2024-08-26 16:00:00+00:00
1724702400000,0.00532,0.005347,0.005254,0.005254,119839061.0,2024-08-26 20:00:00+00:00
1724716800000,0.005255,0.005336,0.005255,0.005301,134963401.0,2024-08-27 00:00:00+00:00
1724731200000,0.0053,0.005371,0.005279,0.005288,95346302.0,2024-08-27 04:00:00+00:00
1724745600000,0.005289,0.00532,0.005161,0.005218,143471312.0,2024-08-27 08:00:00+00:00
1724760000000,0.005216,0.005234,0.005119,0.005144,272066394.0,2024-08-27 12:00:00+00:00
1724774400000,0.005144,0.005219,0.005122,0.005179,125046472.0,2024-08-27 16:00:00+00:00
1724788800000,0.005178,0.005178,0.004788,0.004931,533585963.0,2024-08-27 20:00:00+00:00
1724803200000,0.004931,0.004932,0.004844,0.004923,166170371.0,2024-08-28 00:00:00+00:00
1724817600000,0.004921,0.00494,0.004833,0.004836,162420796.0,2024-08-28 04:00:00+00:00
1724832000000,0.004835,0.005067,0.004804,0.005022,253756613.0,2024-08-28 08:00:00+00:00
1724846400000,0.005021,0.005037,0.004854,0.004898,232813459.0,2024-08-28 12:00:00+00:00
1724860800000,0.004897,0.004966,0.004742,0.004883,370103669.0,2024-08-28 16:00:00+00:00
1724875200000,0.004882,0.004983,0.004852,0.004905,148104302.0,2024-08-28 20:00:00+00:00
1724889600000,0.004903,0.004966,0.004897,0.004935,105091424.0,2024-08-29 00:00:00+00:00
1724904000000,0.004936,0.004999,0.004898,0.004961,158776309.0,2024-08-29 04:00:00+00:00
1724918400000,0.004959,0.005045,0.004936,0.005001,104994559.0,2024-08-29 08:00:00+00:00
1724932800000,0.005001,0.005104,0.004991,0.005069,142400104.0,2024-08-29 12:00:00+00:00
1724947200000,0.005068,0.005085,0.004852,0.00491,181513025.0,2024-08-29 16:00:00+00:00
1724961600000,0.004911,0.004942,0.004846,0.004908,106143025.0,2024-08-29 20:00:00+00:00
1724976000000,0.004907,0.004942,0.00485,0.004866,113162494.0,2024-08-30 00:00:00+00:00
1724990400000,0.004866,0.004952,0.004843,0.004913,123588690.0,2024-08-30 04:00:00+00:00
1725004800000,0.004913,0.004964,0.004913,0.004939,98702668.0,2024-08-30 08:00:00+00:00
1725019200000,0.004939,0.004991,0.004702,0.004723,309053650.0,2024-08-30 12:00:00+00:00
1725033600000,0.004724,0.004908,0.004691,0.004843,261722112.0,2024-08-30 16:00:00+00:00
1725048000000,0.004842,0.004943,0.004835,0.004932,127603044.0,2024-08-30 20:00:00+00:00
1725062400000,0.004931,0.004972,0.004915,0.004927,68147394.0,2024-08-31 00:00:00+00:00
1725076800000,0.004927,0.004948,0.004916,0.004919,35435755.0,2024-08-31 04:00:00+00:00
1725091200000,0.004919,0.004949,0.004859,0.004923,123930614.0,2024-08-31 08:00:00+00:00
1725105600000,0.004924,0.004939,0.004887,0.004914,78897176.0,2024-08-31 12:00:00+00:00
1725120000000,0.004916,0.004918,0.00484,0.004871,91947835.0,2024-08-31 16:00:00+00:00
1725134400000,0.004871,0.004917,0.004848,0.004894,69920500.0,2024-08-31 20:00:00+00:00
1725148800000,0.004895,0.004908,0.004814,0.004867,72589291.0,2024-09-01 00:00:00+00:00
1725163200000,0.004868,0.004895,0.004786,0.004885,175855283.0,2024-09-01 04:00:00+00:00
1725177600000,0.004884,0.004884,0.004776,0.004822,133795521.0,2024-09-01 08:00:00+00:00
1725192000000,0.004822,0.004836,0.004718,0.004817,196451728.0,2024-09-01 12:00:00+00:00
1725206400000,0.004815,0.004873,0.00473,0.004842,187525238.0,2024-09-01 16:00:00+00:00
1725220800000,0.00484,0.004866,0.004638,0.004688,181908539.0,2024-09-01 20:00:00+00:00
1725235200000,0.004687,0.004793,0.004682,0.004739,274199492.0,2024-09-02 00:00:00+00:00
1725249600000,0.004741,0.00475,0.004664,0.004688,135108792.0,2024-09-02 04:00:00+00:00
1725264000000,0.004687,0.004872,0.004686,0.004834,185742030.0,2024-09-02 08:00:00+00:00
1725278400000,0.004835,0.00491,0.004785,0.00487,145151308.0,2024-09-02 12:00:00+00:00
1725292800000,0.004868,0.004905,0.00483,0.004873,134353391.0,2024-09-02 16:00:00+00:00
1725307200000,0.004874,0.004959,0.004868,0.00494,111537911.0,2024-09-02 20:00:00+00:00
1725321600000,0.004939,0.005031,0.004926,0.004964,89629760.0,2024-09-03 00:00:00+00:00
1725336000000,0.004964,0.005029,0.004947,0.005012,105749299.0,2024-09-03 04:00:00+00:00
1725350400000,0.005012,0.005016,0.004943,0.004984,143809042.0,2024-09-03 08:00:00+00:00
1725364800000,0.004983,0.005012,0.004756,0.004764,207224191.0,2024-09-03 12:00:00+00:00
1725379200000,0.004763,0.004825,0.004744,0.00478,179215710.0,2024-09-03 16:00:00+00:00
1725393600000,0.00478,0.004796,0.004688,0.004692,101895936.0,2024-09-03 20:00:00+00:00
1725408000000,0.004692,0.004758,0.004482,0.004708,379830411.0,2024-09-04 00:00:00+00:00
1725422400000,0.004707,0.004761,0.004685,0.004747,150818240.0,2024-09-04 04:00:00+00:00
1725436800000,0.004747,0.004768,0.004666,0.004681,113684747.0,2024-09-04 08:00:00+00:00
1725451200000,0.00468,0.004843,0.004658,0.004841,192335709.0,2024-09-04 12:00:00+00:00
1725465600000,0.00484,0.00492,0.004817,0.004831,158142838.0,2024-09-04 16:00:00+00:00
1725480000000,0.004831,0.004886,0.004816,0.004851,64853887.0,2024-09-04 20:00:00+00:00
1725494400000,0.004851,0.004868,0.004733,0.004739,108717155.0,2024-09-05 00:00:00+00:00
1725508800000,0.004739,0.004809,0.004708,0.004785,105383382.0,2024-09-05 04:00:00+00:00
1725523200000,0.004783,0.004797,0.004721,0.004739,140187593.0,2024-09-05 08:00:00+00:00
1725537600000,0.004738,0.004785,0.004656,0.004686,210717322.0,2024-09-05 12:00:00+00:00
1725552000000,0.004687,0.00471,0.004593,0.004621,120030169.0,2024-09-05 16:00:00+00:00
1725566400000,0.004622,0.004657,0.004604,0.004634,73417123.0,2024-09-05 20:00:00+00:00
1725580800000,0.004634,0.004698,0.004616,0.004666,99944615.0,2024-09-06 00:00:00+00:00
1725595200000,0.004666,0.004679,0.004569,0.004622,126163183.0,2024-09-06 04:00:00+00:00
1725609600000,0.004621,0.004663,0.004607,0.00465,79748052.0,2024-09-06 08:00:00+00:00
1725624000000,0.004651,0.004766,0.004543,0.004621,384505635.0,2024-09-06 12:00:00+00:00
1725638400000,0.00462,0.004629,0.004451,0.004477,334019007.0,2024-09-06 16:00:00+00:00
1725652800000,0.004477,0.004495,0.004328,0.004474,223477133.0,2024-09-06 20:00:00+00:00
1725667200000,0.004472,0.004492,0.004438,0.004442,114004856.0,2024-09-07 00:00:00+00:00
1725681600000,0.004441,0.004542,0.004439,0.004539,127323903.0,2024-09-07 04:00:00+00:00
1725696000000,0.004537,0.004571,0.004524,0.004562,88407873.0,2024-09-07 08:00:00+00:00
1725710400000,0.004562,0.004608,0.004561,0.004585,87905899.0,2024-09-07 12:00:00+00:00
1725724800000,0.004584,0.004599,0.004496,0.00456,118931935.0,2024-09-07 16:00:00+00:00
1725739200000,0.004563,0.004565,0.004462,0.004508,89521603.0,2024-09-07 20:00:00+00:00
1725753600000,0.004509,0.004564,0.004479,0.004563,65002827.0,2024-09-08 00:00:00+00:00
1725768000000,0.004564,0.004638,0.004564,0.004626,92995983.0,2024-09-08 04:00:00+00:00
1725782400000,0.004626,0.004665,0.004599,0.004602,101086561.0,2024-09-08 08:00:00+00:00
1725796800000,0.004603,0.004616,0.004521,0.004525,149414765.0,2024-09-08 12:00:00+00:00
1725811200000,0.004526,0.004585,0.004491,0.004552,131179961.0,2024-09-08 16:00:00+00:00
1725825600000,0.004552,0.004654,0.004537,0.0046,134166103.0,2024-09-08 20:00:00+00:00
1725840000000,0.004601,0.004643,0.004584,0.004619,130231184.0,2024-09-09 00:00:00+00:00
1725854400000,0.004619,0.004673,0.004582,0.004672,103837089.0,2024-09-09 04:00:00+00:00
1725868800000,0.004672,0.004721,0.004669,0.004693,98162634.0,2024-09-09 08:00:00+00:00
1725883200000,0.004693,0.004726,0.004643,0.004713,150225934.0,2024-09-09 12:00:00+00:00
1725897600000,0.004713,0.004809,0.004712,0.004805,265090064.0,2024-09-09 16:00:00+00:00
1725912000000,0.004806,0.004835,0.004767,0.004773,110435456.0,2024-09-09 20:00:00+00:00
1725926400000,0.004773,0.004789,0.004701,0.004703,361641375.0,2024-09-10 00:00:00+00:00
1725940800000,0.004703,0.004777,0.004695,0.00476,127043341.0,2024-09-10 04:00:00+00:00
1725955200000,0.004761,0.004809,0.004715,0.004806,147091384.0,2024-09-10 08:00:00+00:00
1725969600000,0.004806,0.004812,0.004745,0.004754,224622812.0,2024-09-10 12:00:00+00:00
1725984000000,0.004754,0.004855,0.004752,0.004841,138586428.0,2024-09-10 16:00:00+00:00
1725998400000,0.00484,0.004844,0.004796,0.004802,62369035.0,2024-09-10 20:00:00+00:00
1726012800000,0.004802,0.004803,0.004704,0.004742,217176611.0,2024-09-11 00:00:00+00:00
1726027200000,0.004742,0.004742,0.004671,0.004738,91666840.0,2024-09-11 04:00:00+00:00
1726041600000,0.004737,0.004738,0.00468,0.004711,77077739.0,2024-09-11 08:00:00+00:00
1726056000000,0.004713,0.004773,0.004612,0.004715,230730303.0,2024-09-11 12:00:00+00:00
1726070400000,0.004713,0.004769,0.004705,0.004737,103504824.0,2024-09-11 16:00:00+00:00
1726084800000,0.004737,0.004756,0.004708,0.004711,55496165.0,2024-09-11 20:00:00+00:00
1726099200000,0.004711,0.004788,0.00471,0.004756,98628325.0,2024-09-12 00:00:00+00:00
1726113600000,0.004754,0.00478,0.004743,0.004755,61490103.0,2024-09-12 04:00:00+00:00
1726128000000,0.004755,0.004775,0.004738,0.004757,84825636.0,2024-09-12 08:00:00+00:00
1726142400000,0.004757,0.004816,0.004712,0.004737,215210318.0,2024-09-12 12:00:00+00:00
1726156800000,0.004738,0.004836,0.004737,0.004827,344533991.0,2024-09-12 16:00:00+00:00
1726171200000,0.004826,0.004861,0.004809,0.004845,83771005.0,2024-09-12 20:00:00+00:00
1726185600000,0.004846,0.004858,0.004823,0.004844,88172926.0,2024-09-13 00:00:00+00:00
1726200000000,0.004845,0.004871,0.004826,0.004866,128223035.0,2024-09-13 04:00:00+00:00
1726214400000,0.004865,0.004874,0.00482,0.004823,116439369.0,2024-09-13 08:00:00+00:00
1726228800000,0.004823,0.004939,0.004793,0.004918,224584350.0,2024-09-13 12:00:00+00:00
1726243200000,0.004919,0.004935,0.004805,0.004831,409332624.0,2024-09-13 16:00:00+00:00
1726257600000,0.004832,0.004887,0.00483,0.004868,149583211.0,2024-09-13 20:00:00+00:00
1726272000000,0.004868,0.004896,0.004854,0.00488,59561463.0,2024-09-14 00:00:00+00:00
1726286400000,0.00488,0.004883,0.0048,0.004839,105395964.0,2024-09-14 04:00:00+00:00
1726300800000,0.004838,0.004856,0.004789,0.004814,113538470.0,2024-09-14 08:00:00+00:00
1726315200000,0.004814,0.00486,0.004799,0.004838,81034879.0,2024-09-14 12:00:00+00:00
1726329600000,0.004838,0.00485,0.004761,0.004785,141688420.0,2024-09-14 16:00:00+00:00
1726344000000,0.004785,0.004817,0.004781,0.004809,36458640.0,2024-09-14 20:00:00+00:00
1726358400000,0.004809,0.004842,0.004798,0.004822,45075244.0,2024-09-15 00:00:00+00:00
1726372800000,0.004822,0.004833,0.004794,0.00481,28023556.0,2024-09-15 04:00:00+00:00
1726387200000,0.00481,0.004813,0.004752,0.004785,67687758.0,2024-09-15 08:00:00+00:00
1726401600000,0.004784,0.004803,0.004752,0.004795,86364962.0,2024-09-15 12:00:00+00:00
1726416000000,0.004795,0.0048,0.004728,0.004736,66800650.0,2024-09-15 16:00:00+00:00
1726430400000,0.004736,0.004738,0.004585,0.004626,148668551.0,2024-09-15 20:00:00+00:00
1726444800000,0.004627,0.00463,0.004538,0.004612,212077599.0,2024-09-16 00:00:00+00:00
1726459200000,0.004611,0.004665,0.004578,0.004654,132169878.0,2024-09-16 04:00:00+00:00
1726473600000,0.004654,0.004683,0.004582,0.004624,104906405.0,2024-09-16 08:00:00+00:00
1726488000000,0.004623,0.004623,0.004525,0.004559,114550976.0,2024-09-16 12:00:00+00:00
1726502400000,0.00456,0.004582,0.004512,0.004528,131133402.0,2024-09-16 16:00:00+00:00
1726516800000,0.004528,0.004559,0.004498,0.004544,79945541.0,2024-09-16 20:00:00+00:00
1726531200000,0.004544,0.004574,0.004501,0.004564,65963314.0,2024-09-17 00:00:00+00:00
1726545600000,0.004564,0.004627,0.004558,0.004605,68914590.0,2024-09-17 04:00:00+00:00
1726560000000,0.004604,0.004658,0.004598,0.004624,117788891.0,2024-09-17 08:00:00+00:00
1726574400000,0.004622,0.004737,0.004599,0.004725,189554786.0,2024-09-17 12:00:00+00:00
1726588800000,0.004726,0.004738,0.004638,0.004672,122233300.0,2024-09-17 16:00:00+00:00
1726603200000,0.004672,0.004692,0.004635,0.004662,80040698.0,2024-09-17 20:00:00+00:00
1726617600000,0.004661,0.004812,0.004623,0.004795,394936521.0,2024-09-18 00:00:00+00:00
1726632000000,0.004795,0.004823,0.004743,0.004749,147486550.0,2024-09-18 04:00:00+00:00
1726646400000,0.004751,0.004765,0.00463,0.004702,269787595.0,2024-09-18 08:00:00+00:00
1726660800000,0.004702,0.004707,0.004585,0.004596,231174063.0,2024-09-18 12:00:00+00:00
1726675200000,0.004594,0.004799,0.004571,0.004729,275349539.0,2024-09-18 16:00:00+00:00
1726689600000,0.004729,0.004889,0.004688,0.004889,130731576.0,2024-09-18 20:00:00+00:00
1726704000000,0.004888,0.004944,0.004843,0.004903,289631777.0,2024-09-19 00:00:00+00:00
1726718400000,0.004904,0.00497,0.00487,0.004959,139118538.0,2024-09-19 04:00:00+00:00
1726732800000,0.00496,0.004987,0.004917,0.004981,110492529.0,2024-09-19 08:00:00+00:00
1726747200000,0.00498,0.005066,0.004958,0.005054,201403437.0,2024-09-19 12:00:00+00:00
1726761600000,0.005054,0.005158,0.005052,0.005089,220523647.0,2024-09-19 16:00:00+00:00
1726776000000,0.005089,0.005124,0.005055,0.005097,153911127.0,2024-09-19 20:00:00+00:00
1726790400000,0.005096,0.00522,0.00504,0.00522,176109512.0,2024-09-20 00:00:00+00:00
1726804800000,0.005219,0.005285,0.005203,0.005254,246905449.0,2024-09-20 04:00:00+00:00
1726819200000,0.005256,0.005276,0.005172,0.00519,175795085.0,2024-09-20 08:00:00+00:00
1726833600000,0.005189,0.005229,0.005138,0.005178,236653305.0,2024-09-20 12:00:00+00:00
1726848000000,0.00518,0.005196,0.005108,0.005176,104644853.0,2024-09-20 16:00:00+00:00
1726862400000,0.005176,0.005292,0.005168,0.00528,98791611.0,2024-09-20 20:00:00+00:00
1726876800000,0.005282,0.00539,0.00526,0.005367,281695536.0,2024-09-21 00:00:00+00:00
1726891200000,0.005366,0.005404,0.005297,0.005402,185205928.0,2024-09-21 04:00:00+00:00
1726905600000,0.005402,0.005499,0.005399,0.005491,265986418.0,2024-09-21 08:00:00+00:00
1726920000000,0.005492,0.005579,0.005452,0.005493,520522879.0,2024-09-21 12:00:00+00:00
1726934400000,0.005493,0.005519,0.005444,0.005462,132591394.0,2024-09-21 16:00:00+00:00
1726948800000,0.005462,0.00557,0.005452,0.005549,99717538.0,2024-09-21 20:00:00+00:00
1726963200000,0.00555,0.005565,0.005329,0.005414,301125127.0,2024-09-22 00:00:00+00:00
1726977600000,0.005413,0.005464,0.005377,0.0054,197097092.0,2024-09-22 04:00:00+00:00
1726992000000,0.005399,0.00543,0.005317,0.005359,146515040.0,2024-09-22 08:00:00+00:00
1727006400000,0.005359,0.005406,0.0053,0.005331,115412318.0,2024-09-22 12:00:00+00:00
1727020800000,0.00533,0.005396,0.005296,0.005364,91813465.0,2024-09-22 16:00:00+00:00
1727035200000,0.005365,0.00541,0.005238,0.005387,162994975.0,2024-09-22 20:00:00+00:00
1727049600000,0.005388,0.005499,0.005281,0.005465,196821599.0,2024-09-23 00:00:00+00:00
1727064000000,0.005466,0.005536,0.005417,0.005457,119221280.0,2024-09-23 04:00:00+00:00
1727078400000,0.005457,0.005612,0.00541,0.005606,224726183.0,2024-09-23 08:00:00+00:00
1727092800000,0.005605,0.005644,0.005523,0.00562,228055950.0,2024-09-23 12:00:00+00:00
1727107200000,0.005622,0.005651,0.005561,0.005612,139224861.0,2024-09-23 16:00:00+00:00
1727121600000,0.005612,0.005671,0.005584,0.005652,106611211.0,2024-09-23 20:00:00+00:00
1727136000000,0.005651,0.005676,0.005511,0.005586,182656110.0,2024-09-24 00:00:00+00:00
1727150400000,0.005587,0.005645,0.005542,0.005644,101256302.0,2024-09-24 04:00:00+00:00
1727164800000,0.005644,0.005702,0.005606,0.005669,143356582.0,2024-09-24 08:00:00+00:00
1727179200000,0.00567,0.005724,0.005542,0.005597,175717412.0,2024-09-24 12:00:00+00:00
1727193600000,0.005597,0.005689,0.005592,0.005683,97706813.0,2024-09-24 16:00:00+00:00
1727208000000,0.005681,0.00572,0.005625,0.005698,113157920.0,2024-09-24 20:00:00+00:00
1727222400000,0.005698,0.005733,0.005646,0.005716,144679193.0,2024-09-25 00:00:00+00:00
1727236800000,0.005717,0.005751,0.005611,0.005642,137305860.0,2024-09-25 04:00:00+00:00
1727251200000,0.005642,0.005696,0.005638,0.005678,106784644.0,2024-09-25 08:00:00+00:00
1727265600000,0.005679,0.005723,0.005632,0.005637,126751835.0,2024-09-25 12:00:00+00:00
1727280000000,0.005636,0.005691,0.005617,0.005634,118354766.0,2024-09-25 16:00:00+00:00
1727294400000,0.005632,0.005686,0.005569,0.005602,86009306.0,2024-09-25 20:00:00+00:00
1727308800000,0.005604,0.005638,0.005504,0.005609,165755398.0,2024-09-26 00:00:00+00:00
1727323200000,0.005607,0.005709,0.005587,0.005708,124971202.0,2024-09-26 04:00:00+00:00
1727337600000,0.005708,0.005763,0.005658,0.005726,132752185.0,2024-09-26 08:00:00+00:00
1727352000000,0.005727,0.005781,0.005676,0.005766,172735805.0,2024-09-26 12:00:00+00:00
1727366400000,0.005764,0.005807,0.005722,0.005737,115138453.0,2024-09-26 16:00:00+00:00
1727380800000,0.005736,0.005756,0.00567,0.005746,135605651.0,2024-09-26 20:00:00+00:00
1727395200000,0.005746,0.005829,0.005692,0.005827,199117547.0,2024-09-27 00:00:00+00:00
1727409600000,0.005829,0.00586,0.005785,0.005797,140768925.0,2024-09-27 04:00:00+00:00
1727424000000,0.005799,0.005856,0.00576,0.005803,129381561.0,2024-09-27 08:00:00+00:00
1727438400000,0.005804,0.005875,0.005775,0.005824,154309192.0,2024-09-27 12:00:00+00:00
1727452800000,0.005823,0.005872,0.005778,0.005783,201624820.0,2024-09-27 16:00:00+00:00
1727467200000,0.005784,0.005842,0.005768,0.005826,175428302.0,2024-09-27 20:00:00+00:00
1727481600000,0.005826,0.005889,0.005793,0.005877,139744845.0,2024-09-28 00:00:00+00:00
1727496000000,0.005877,0.005891,0.005771,0.005779,127761909.0,2024-09-28 04:00:00+00:00
1727510400000,0.005777,0.005783,0.005632,0.005744,202079725.0,2024-09-28 08:00:00+00:00
1727524800000,0.005746,0.005748,0.005672,0.005687,105807008.0,2024-09-28 12:00:00+00:00
1727539200000,0.005687,0.005706,0.005653,0.005672,77883789.0,2024-09-28 16:00:00+00:00
1727553600000,0.005672,0.005686,0.005576,0.005673,93174890.0,2024-09-28 20:00:00+00:00
1727568000000,0.005674,0.0057,0.005605,0.005673,183374325.0,2024-09-29 00:00:00+00:00
1727582400000,0.005671,0.005678,0.005532,0.005544,218305072.0,2024-09-29 04:00:00+00:00
1727596800000,0.005543,0.005615,0.005542,0.005603,102607513.0,2024-09-29 08:00:00+00:00
1727611200000,0.005603,0.005634,0.00554,0.005625,154734019.0,2024-09-29 12:00:00+00:00
1727625600000,0.005624,0.005685,0.005597,0.005682,93874695.0,2024-09-29 16:00:00+00:00
1727640000000,0.005681,0.005704,0.005572,0.005608,124713833.0,2024-09-29 20:00:00+00:00
1727654400000,0.005608,0.005636,0.005428,0.005496,309895173.0,2024-09-30 00:00:00+00:00
1727668800000,0.005494,0.005577,0.005439,0.005566,169229772.0,2024-09-30 04:00:00+00:00
1727683200000,0.005565,0.005571,0.005401,0.005504,376162765.0,2024-09-30 08:00:00+00:00
1727697600000,0.005503,0.005536,0.005414,0.005421,305619887.0,2024-09-30 12:00:00+00:00
1727712000000,0.005421,0.005468,0.005398,0.005444,155673531.0,2024-09-30 16:00:00+00:00
1727726400000,0.005446,0.005477,0.005282,0.005333,180299226.0,2024-09-30 20:00:00+00:00
1727740800000,0.005332,0.00548,0.005311,0.005474,193715067.0,2024-10-01 00:00:00+00:00
1727755200000,0.005476,0.005514,0.005458,0.005495,112860601.0,2024-10-01 04:00:00+00:00
1727769600000,0.005495,0.005523,0.005474,0.005501,442446896.0,2024-10-01 08:00:00+00:00
1727784000000,0.0055,0.005524,0.005022,0.005153,506143171.0,2024-10-01 12:00:00+00:00
1727798400000,0.005153,0.005161,0.004809,0.004901,579015800.0,2024-10-01 16:00:00+00:00
1727812800000,0.0049,0.004926,0.004828,0.004882,277993259.0,2024-10-01 20:00:00+00:00
1727827200000,0.00488,0.004975,0.004847,0.004968,158871338.0,2024-10-02 00:00:00+00:00
1727841600000,0.004968,0.005023,0.004941,0.004988,163170100.0,2024-10-02 04:00:00+00:00
1727856000000,0.004988,0.00501,0.004812,0.004883,253015442.0,2024-10-02 08:00:00+00:00
1727870400000,0.004884,0.004914,0.004792,0.004885,257960421.0,2024-10-02 12:00:00+00:00
1727884800000,0.004883,0.004931,0.004641,0.00472,306456968.0,2024-10-02 16:00:00+00:00
1727899200000,0.00472,0.00477,0.00467,0.004724,139137602.0,2024-10-02 20:00:00+00:00
1727913600000,0.004725,0.004816,0.00468,0.004814,178356902.0,2024-10-03 00:00:00+00:00
1727928000000,0.004814,0.004836,0.004727,0.004727,134451510.0,2024-10-03 04:00:00+00:00
1727942400000,0.004727,0.004762,0.004629,0.004689,342587596.0,2024-10-03 08:00:00+00:00
1727956800000,0.00469,0.004753,0.004581,0.004675,272440806.0,2024-10-03 12:00:00+00:00
1727971200000,0.004676,0.004717,0.004585,0.004713,171489402.0,2024-10-03 16:00:00+00:00
1727985600000,0.004711,0.004726,0.004638,0.004716,111991012.0,2024-10-03 20:00:00+00:00
1728000000000,0.004717,0.004781,0.004686,0.004754,125638368.0,2024-10-04 00:00:00+00:00
1728014400000,0.004755,0.004844,0.004748,0.004829,100855038.0,2024-10-04 04:00:00+00:00
1728028800000,0.00483,0.004872,0.004786,0.004815,104076152.0,2024-10-04 08:00:00+00:00
1728043200000,0.004813,0.004881,0.00476,0.00488,240398520.0,2024-10-04 12:00:00+00:00
1728057600000,0.004879,0.004914,0.004857,0.004892,82560754.0,2024-10-04 16:00:00+00:00
1728072000000,0.004892,0.004906,0.004873,0.004896,46497893.0,2024-10-04 20:00:00+00:00
1728086400000,0.004896,0.004924,0.004847,0.00487,78085589.0,2024-10-05 00:00:00+00:00
1728100800000,0.004871,0.00494,0.004862,0.004917,51943723.0,2024-10-05 04:00:00+00:00
1728115200000,0.004919,0.004987,0.004917,0.004981,64158892.0,2024-10-05 08:00:00+00:00
1728129600000,0.004982,0.005017,0.004946,0.004971,103037109.0,2024-10-05 12:00:00+00:00
1728144000000,0.004971,0.004977,0.004864,0.004876,91413933.0,2024-10-05 16:00:00+00:00
1728158400000,0.004875,0.004938,0.004843,0.004933,57146225.0,2024-10-05 20:00:00+00:00
1728172800000,0.004934,0.005011,0.004925,0.004944,144431718.0,2024-10-06 00:00:00+00:00
1728187200000,0.004944,0.005014,0.00494,0.004993,68786767.0,2024-10-06 04:00:00+00:00
1728201600000,0.004993,0.005072,0.004982,0.005063,174809887.0,2024-10-06 08:00:00+00:00
1728216000000,0.005063,0.005112,0.005045,0.005082,153576646.0,2024-10-06 12:00:00+00:00
1728230400000,0.005082,0.005099,0.005027,0.005028,75583699.0,2024-10-06 16:00:00+00:00
1728244800000,0.005028,0.005106,0.005026,0.005103,69888158.0,2024-10-06 20:00:00+00:00
1728259200000,0.005105,0.005225,0.00509,0.005221,130318955.0,2024-10-07 00:00:00+00:00
1728273600000,0.005221,0.005236,0.005183,0.005216,75284117.0,2024-10-07 04:00:00+00:00
1728288000000,0.005216,0.00525,0.005062,0.005131,184980374.0,2024-10-07 08:00:00+00:00
1728302400000,0.00513,0.005209,0.005086,0.005152,216811025.0,2024-10-07 12:00:00+00:00
1728316800000,0.005152,0.005204,0.005087,0.005141,125960808.0,2024-10-07 16:00:00+00:00
1728331200000,0.005144,0.005154,0.005028,0.005039,115406986.0,2024-10-07 20:00:00+00:00
1728345600000,0.00504,0.005125,0.005037,0.005103,113445713.0,2024-10-08 00:00:00+00:00
1728360000000,0.005102,0.005117,0.004935,0.004982,145609684.0,2024-10-08 04:00:00+00:00
1728374400000,0.004981,0.005061,0.004944,0.00505,491826980.0,2024-10-08 08:00:00+00:00
1728388800000,0.00505,0.005059,0.004924,0.004966,204495006.0,2024-10-08 12:00:00+00:00
1728403200000,0.004966,0.005017,0.004926,0.004993,124129720.0,2024-10-08 16:00:00+00:00
1728417600000,0.004994,0.005052,0.004974,0.005003,86981682.0,2024-10-08 20:00:00+00:00
1728432000000,0.005002,0.005051,0.00496,0.004996,77932577.0,2024-10-09 00:00:00+00:00
1728446400000,0.004995,0.005032,0.004975,0.004987,102090912.0,2024-10-09 04:00:00+00:00
1728460800000,0.004987,0.004991,0.004942,0.004959,107136325.0,2024-10-09 08:00:00+00:00
1728475200000,0.004959,0.004965,0.004827,0.004891,190224564.0,2024-10-09 12:00:00+00:00
1728489600000,0.00489,0.004897,0.004798,0.004817,119060058.0,2024-10-09 16:00:00+00:00
1728504000000,0.004816,0.004824,0.004732,0.004814,102010352.0,2024-10-09 20:00:00+00:00
1728518400000,0.004814,0.004862,0.004775,0.00485,76299980.0,2024-10-10 00:00:00+00:00
1728532800000,0.004848,0.004876,0.004824,0.004829,79704467.0,2024-10-10 04:00:00+00:00
1728547200000,0.004828,0.004854,0.004762,0.004851,87230568.0,2024-10-10 08:00:00+00:00
1728561600000,0.004847,0.004856,0.004763,0.004799,138863051.0,2024-10-10 12:00:00+00:00
1728576000000,0.004799,0.004818,0.004662,0.004746,134451028.0,2024-10-10 16:00:00+00:00
1728590400000,0.004745,0.004827,0.004724,0.004826,87831958.0,2024-10-10 20:00:00+00:00
1728604800000,0.004825,0.0049,0.004813,0.00488,82833596.0,2024-10-11 00:00:00+00:00
1728619200000,0.00488,0.004903,0.004849,0.004895,51978277.0,2024-10-11 04:00:00+00:00
1728633600000,0.004893,0.004943,0.004887,0.00491,70882575.0,2024-10-11 08:00:00+00:00
1728648000000,0.004908,0.004977,0.004908,0.004971,88559978.0,2024-10-11 12:00:00+00:00
1728662400000,0.004972,0.005056,0.004955,0.005036,112416429.0,2024-10-11 16:00:00+00:00
1728676800000,0.005037,0.005072,0.005034,0.005062,57232522.0,2024-10-11 20:00:00+00:00
1728691200000,0.005062,0.005147,0.005054,0.005103,129985057.0,2024-10-12 00:00:00+00:00
1728705600000,0.005103,0.0052,0.005103,0.005182,104773210.0,2024-10-12 04:00:00+00:00
1728720000000,0.005183,0.005244,0.005151,0.005162,153361691.0,2024-10-12 08:00:00+00:00
1728734400000,0.005161,0.005206,0.005148,0.005183,79823239.0,2024-10-12 12:00:00+00:00
1728748800000,0.005181,0.00522,0.00515,0.005169,95741925.0,2024-10-12 16:00:00+00:00
1728763200000,0.00517,0.005211,0.00517,0.005186,39731440.0,2024-10-12 20:00:00+00:00
1728777600000,0.005187,0.005216,0.005137,0.005148,77585422.0,2024-10-13 00:00:00+00:00
1728792000000,0.005148,0.00523,0.005148,0.005183,64704381.0,2024-10-13 04:00:00+00:00
1728806400000,0.005181,0.005191,0.005077,0.005081,113007420.0,2024-10-13 08:00:00+00:00
1728820800000,0.00508,0.005137,0.00499,0.005015,131127184.0,2024-10-13 12:00:00+00:00
1728835200000,0.005013,0.005061,0.004952,0.004989,103293727.0,2024-10-13 16:00:00+00:00
1728849600000,0.004989,0.005079,0.00497,0.005034,116806692.0,2024-10-13 20:00:00+00:00
1728864000000,0.005036,0.005153,0.004991,0.005145,129844394.0,2024-10-14 00:00:00+00:00
1728878400000,0.005147,0.005172,0.005072,0.005161,175750547.0,2024-10-14 04:00:00+00:00
1728892800000,0.005159,0.005196,0.005108,0.005126,153337802.0,2024-10-14 08:00:00+00:00
1728907200000,0.005127,0.005211,0.00511,0.005204,160365388.0,2024-10-14 12:00:00+00:00
1728921600000,0.005204,0.005217,0.005159,0.005194,80932552.0,2024-10-14 16:00:00+00:00
1728936000000,0.005194,0.00525,0.005184,0.005224,109608357.0,2024-10-14 20:00:00+00:00
1728950400000,0.005225,0.005276,0.005182,0.005191,134952351.0,2024-10-15 00:00:00+00:00
1728964800000,0.005192,0.005252,0.005155,0.005229,185131344.0,2024-10-15 04:00:00+00:00
1728979200000,0.005228,0.005285,0.005093,0.005123,238919963.0,2024-10-15 08:00:00+00:00
1728993600000,0.005125,0.005284,0.005003,0.005125,560484883.0,2024-10-15 12:00:00+00:00
1729008000000,0.005125,0.005245,0.005118,0.005194,191521274.0,2024-10-15 16:00:00+00:00
1729022400000,0.005194,0.00524,0.005095,0.005235,100488421.0,2024-10-15 20:00:00+00:00
1729036800000,0.005235,0.005247,0.005133,0.005166,147191177.0,2024-10-16 00:00:00+00:00
1729051200000,0.005164,0.005188,0.00508,0.005112,145316979.0,2024-10-16 04:00:00+00:00
1729065600000,0.005114,0.005217,0.005107,0.005176,131021993.0,2024-10-16 08:00:00+00:00
1729080000000,0.005176,0.00521,0.005108,0.005119,155101439.0,2024-10-16 12:00:00+00:00
1729094400000,0.005119,0.005152,0.005087,0.005141,114754222.0,2024-10-16 16:00:00+00:00
1729108800000,0.005142,0.005197,0.005137,0.005139,62940934.0,2024-10-16 20:00:00+00:00
1729123200000,0.005139,0.005177,0.005103,0.005125,90125006.0,2024-10-17 00:00:00+00:00
1729137600000,0.005126,0.00513,0.005032,0.005056,107724409.0,2024-10-17 04:00:00+00:00
1729152000000,0.005056,0.00507,0.004976,0.004982,104525515.0,2024-10-17 08:00:00+00:00
1729166400000,0.004979,0.005058,0.004966,0.005029,476720459.0,2024-10-17 12:00:00+00:00
1729180800000,0.00503,0.00503,0.004912,0.004956,135857031.0,2024-10-17 16:00:00+00:00
1729195200000,0.004956,0.005007,0.004947,0.004986,79503641.0,2024-10-17 20:00:00+00:00
1729209600000,0.004986,0.005025,0.004949,0.004974,121412528.0,2024-10-18 00:00:00+00:00
1729224000000,0.004975,0.00505,0.004968,0.00503,73331790.0,2024-10-18 04:00:00+00:00
1729238400000,0.00503,0.005044,0.005004,0.005012,70381012.0,2024-10-18 08:00:00+00:00
1729252800000,0.005013,0.005068,0.004981,0.005053,289154979.0,2024-10-18 12:00:00+00:00
1729267200000,0.005053,0.005137,0.005026,0.005126,117360378.0,2024-10-18 16:00:00+00:00
1729281600000,0.005125,0.005211,0.0051,0.00521,118226482.0,2024-10-18 20:00:00+00:00
1729296000000,0.00521,0.005257,0.005202,0.005243,132907009.0,2024-10-19 00:00:00+00:00
1729310400000,0.005243,0.005255,0.005209,0.005217,71975274.0,2024-10-19 04:00:00+00:00
1729324800000,0.005218,0.005246,0.005109,0.005109,176963267.0,2024-10-19 08:00:00+00:00
1729339200000,0.005108,0.005173,0.005108,0.005129,82430803.0,2024-10-19 12:00:00+00:00
1729353600000,0.005129,0.005137,0.005088,0.005112,71538432.0,2024-10-19 16:00:00+00:00
1729368000000,0.005113,0.005146,0.00511,0.005144,56055556.0,2024-10-19 20:00:00+00:00
1729382400000,0.005143,0.005152,0.005086,0.005102,55985762.0,2024-10-20 00:00:00+00:00
1729396800000,0.005101,0.005185,0.005093,0.005172,97270767.0,2024-10-20 04:00:00+00:00
1729411200000,0.005174,0.005201,0.005164,0.005192,66707700.0,2024-10-20 08:00:00+00:00
1729425600000,0.005191,0.005304,0.005169,0.005269,195001652.0,2024-10-20 12:00:00+00:00
1729440000000,0.005267,0.00529,0.005254,0.005281,98550014.0,2024-10-20 16:00:00+00:00
1729454400000,0.005281,0.005374,0.00528,0.005372,136031444.0,2024-10-20 20:00:00+00:00
1729468800000,0.005373,0.005384,0.005309,0.005325,115565410.0,2024-10-21 00:00:00+00:00
1729483200000,0.005324,0.005397,0.005305,0.005321,190111954.0,2024-10-21 04:00:00+00:00
1729497600000,0.005318,0.005343,0.005229,0.005254,126504794.0,2024-10-21 08:00:00+00:00
1729512000000,0.005251,0.005268,0.005147,0.0052,184477550.0,2024-10-21 12:00:00+00:00
1729526400000,0.005201,0.005201,0.005106,0.005189,148135936.0,2024-10-21 16:00:00+00:00
1729540800000,0.005189,0.005212,0.005147,0.005148,46940862.0,2024-10-21 20:00:00+00:00
1729555200000,0.00515,0.005196,0.005084,0.005183,131554895.0,2024-10-22 00:00:00+00:00
1729569600000,0.005181,0.005198,0.005154,0.005154,64415340.0,2024-10-22 04:00:00+00:00
1729584000000,0.005156,0.005157,0.005044,0.0051,162762415.0,2024-10-22 08:00:00+00:00
1729598400000,0.0051,0.005126,0.005045,0.005093,139593391.0,2024-10-22 12:00:00+00:00
1729612800000,0.005092,0.005114,0.005026,0.005103,85812783.0,2024-10-22 16:00:00+00:00
1729627200000,0.005102,0.005143,0.005078,0.005106,57052078.0,2024-10-22 20:00:00+00:00
1729641600000,0.005106,0.005113,0.004984,0.005011,113782543.0,2024-10-23 00:00:00+00:00
1729656000000,0.005012,0.005028,0.004952,0.004958,129297613.0,2024-10-23 04:00:00+00:00
1729670400000,0.004958,0.004978,0.00489,0.004902,163059209.0,2024-10-23 08:00:00+00:00
1729684800000,0.004903,0.004916,0.00481,0.004836,208452328.0,2024-10-23 12:00:00+00:00
1729699200000,0.004837,0.004847,0.004707,0.004825,218385651.0,2024-10-23 16:00:00+00:00
1729713600000,0.004824,0.004885,0.004812,0.004864,92466525.0,2024-10-23 20:00:00+00:00
1729728000000,0.004865,0.004945,0.00485,0.004911,123389715.0,2024-10-24 00:00:00+00:00
1729742400000,0.004911,0.004944,0.004868,0.00487,91413179.0,2024-10-24 04:00:00+00:00
1729756800000,0.00487,0.004884,0.004789,0.004864,137813236.0,2024-10-24 08:00:00+00:00
1729771200000,0.004863,0.004909,0.004851,0.004895,126982071.0,2024-10-24 12:00:00+00:00
1729785600000,0.004894,0.004976,0.004883,0.004972,107930081.0,2024-10-24 16:00:00+00:00
1729800000000,0.004973,0.005003,0.004952,0.004969,118864640.0,2024-10-24 20:00:00+00:00
1729814400000,0.004968,0.004989,0.004902,0.004926,77691882.0,2024-10-25 00:00:00+00:00
1729828800000,0.004925,0.004929,0.004827,0.004851,134720515.0,2024-10-25 04:00:00+00:00
1729843200000,0.004852,0.004935,0.004821,0.004924,138063547.0,2024-10-25 08:00:00+00:00
1729857600000,0.004925,0.004964,0.004858,0.004875,109019818.0,2024-10-25 12:00:00+00:00
1729872000000,0.004875,0.004896,0.004739,0.004801,291055411.0,2024-10-25 16:00:00+00:00
1729886400000,0.0048,0.004814,0.004337,0.004567,582901300.0,2024-10-25 20:00:00+00:00
1729900800000,0.004567,0.004621,0.00448,0.004607,296741374.0,2024-10-26 00:00:00+00:00
1729915200000,0.004607,0.004626,0.004586,0.004587,103322734.0,2024-10-26 04:00:00+00:00
1729929600000,0.004586,0.004603,0.004571,0.004588,84021280.0,2024-10-26 08:00:00+00:00
1729944000000,0.004588,0.004595,0.004475,0.004506,139360146.0,2024-10-26 12:00:00+00:00
1729958400000,0.004505,0.004571,0.004489,0.004569,73538135.0,2024-10-26 16:00:00+00:00
1729972800000,0.004569,0.004614,0.004566,0.004594,55329187.0,2024-10-26 20:00:00+00:00
1729987200000,0.004595,0.004656,0.004576,0.004652,104940878.0,2024-10-27 00:00:00+00:00
1730001600000,0.004652,0.004658,0.004631,0.004643,55170809.0,2024-10-27 04:00:00+00:00
1730016000000,0.004643,0.00467,0.004622,0.004624,93193623.0,2024-10-27 08:00:00+00:00
1730030400000,0.004624,0.004718,0.004619,0.004712,96730056.0,2024-10-27 12:00:00+00:00
1730044800000,0.004712,0.004729,0.004665,0.004686,55339611.0,2024-10-27 16:00:00+00:00
1730059200000,0.004686,0.00475,0.004682,0.00471,81556311.0,2024-10-27 20:00:00+00:00
1730073600000,0.00471,0.004726,0.004602,0.004606,108872719.0,2024-10-28 00:00:00+00:00
1730088000000,0.004605,0.004703,0.004565,0.004682,142174877.0,2024-10-28 04:00:00+00:00
1730102400000,0.004682,0.004702,0.004651,0.004669,96295590.0,2024-10-28 08:00:00+00:00
1730116800000,0.004668,0.004702,0.0046,0.004603,134611698.0,2024-10-28 12:00:00+00:00
1730131200000,0.004604,0.004685,0.004574,0.004658,179933018.0,2024-10-28 16:00:00+00:00
1730145600000,0.004682,0.004788,0.004676,0.004757,105128454.0,2024-10-28 20:00:00+00:00
1730160000000,0.004756,0.004872,0.004747,0.004855,173316156.0,2024-10-29 00:00:00+00:00
1730174400000,0.004855,0.004866,0.004837,0.004847,61151955.0,2024-10-29 04:00:00+00:00
1730188800000,0.004848,0.004875,0.004834,0.004857,144282453.0,2024-10-29 08:00:00+00:00
1730203200000,0.004856,0.004875,0.004827,0.004872,111849397.0,2024-10-29 12:00:00+00:00
1730217600000,0.004871,0.00499,0.004869,0.004894,176179919.0,2024-10-29 16:00:00+00:00
1730232000000,0.004896,0.00498,0.004849,0.00498,103971368.0,2024-10-29 20:00:00+00:00
1730246400000,0.00498,0.004994,0.00491,0.004957,118064769.0,2024-10-30 00:00:00+00:00
1730260800000,0.004957,0.004984,0.004933,0.004954,78117474.0,2024-10-30 04:00:00+00:00
1730275200000,0.004954,0.004976,0.004865,0.004873,122780553.0,2024-10-30 08:00:00+00:00
1730289600000,0.004876,0.004953,0.004847,0.00489,177841547.0,2024-10-30 12:00:00+00:00
1730304000000,0.004889,0.004926,0.00488,0.004894,103421425.0,2024-10-30 16:00:00+00:00
1730318400000,0.004895,0.004938,0.004865,0.004869,129854654.0,2024-10-30 20:00:00+00:00
1730332800000,0.004869,0.004878,0.004811,0.004823,113338181.0,2024-10-31 00:00:00+00:00
1730347200000,0.004823,0.004824,0.004742,0.004767,118398521.0,2024-10-31 04:00:00+00:00
1730361600000,0.004767,0.004769,0.004708,0.00472,101595244.0,2024-10-31 08:00:00+00:00
1730376000000,0.004718,0.004741,0.004624,0.004657,223333796.0,2024-10-31 12:00:00+00:00
1730390400000,0.004659,0.004659,0.004526,0.004541,214613590.0,2024-10-31 16:00:00+00:00
1730404800000,0.004541,0.004589,0.004527,0.004566,132627438.0,2024-10-31 20:00:00+00:00
1730419200000,0.004566,0.004578,0.004483,0.004548,200455539.0,2024-11-01 00:00:00+00:00
1730433600000,0.004548,0.004564,0.004475,0.004499,96008052.0,2024-11-01 04:00:00+00:00
1730448000000,0.004499,0.004615,0.004495,0.004609,161992392.0,2024-11-01 08:00:00+00:00
1730462400000,0.00461,0.004703,0.004504,0.004544,337588939.0,2024-11-01 12:00:00+00:00
1730476800000,0.004542,0.004623,0.004532,0.004559,177681455.0,2024-11-01 16:00:00+00:00
1730491200000,0.00456,0.004589,0.004498,0.004557,109510735.0,2024-11-01 20:00:00+00:00
1730505600000,0.004556,0.004625,0.00455,0.004582,149296831.0,2024-11-02 00:00:00+00:00
1730520000000,0.004583,0.004593,0.004551,0.004582,77493002.0,2024-11-02 04:00:00+00:00
1730534400000,0.00458,0.004587,0.004548,0.004557,82335668.0,2024-11-02 08:00:00+00:00
1730548800000,0.004556,0.004563,0.004463,0.004494,198964182.0,2024-11-02 12:00:00+00:00
1730563200000,0.004495,0.004532,0.004469,0.0045,93195671.0,2024-11-02 16:00:00+00:00
1730577600000,0.004502,0.004522,0.004484,0.004508,72895434.0,2024-11-02 20:00:00+00:00
1730592000000,0.004508,0.004521,0.004339,0.004411,276060772.0,2024-11-03 00:00:00+00:00
1730606400000,0.004411,0.004476,0.004408,0.00445,102003819.0,2024-11-03 04:00:00+00:00
1730620800000,0.004451,0.004465,0.004393,0.004396,93402739.0,2024-11-03 08:00:00+00:00
1730635200000,0.004397,0.004411,0.004252,0.0043,334621133.0,2024-11-03 12:00:00+00:00
1730649600000,0.0043,0.004345,0.004261,0.004342,180688032.0,2024-11-03 16:00:00+00:00
1730664000000,0.004343,0.004394,0.004331,0.004358,125730047.0,2024-11-03 20:00:00+00:00
1730678400000,0.004359,0.004426,0.004292,0.004371,252621030.0,2024-11-04 00:00:00+00:00
1730692800000,0.004372,0.004402,0.00431,0.004318,178705342.0,2024-11-04 04:00:00+00:00
1730707200000,0.004319,0.004381,0.004292,0.004353,124162006.0,2024-11-04 08:00:00+00:00
1730721600000,0.004354,0.004389,0.004298,0.004319,657467236.0,2024-11-04 12:00:00+00:00
1730736000000,0.00432,0.00432,0.004241,0.00427,250755544.0,2024-11-04 16:00:00+00:00
1730750400000,0.00427,0.004277,0.00415,0.004235,338041133.0,2024-11-04 20:00:00+00:00
1730764800000,0.004234,0.004314,0.004234,0.00431,219955672.0,2024-11-05 00:00:00+00:00
1730779200000,0.00431,0.004342,0.0043,0.00433,118758403.0,2024-11-05 04:00:00+00:00
1730793600000,0.004331,0.004347,0.004306,0.004321,92355213.0,2024-11-05 08:00:00+00:00
1730808000000,0.004321,0.004456,0.004316,0.004392,294558683.0,2024-11-05 12:00:00+00:00
1730822400000,0.004392,0.004468,0.004328,0.004346,160204748.0,2024-11-05 16:00:00+00:00
1730836800000,0.004346,0.004426,0.004329,0.0044,88951611.0,2024-11-05 20:00:00+00:00
1730851200000,0.0044,0.004702,0.004398,0.004674,366165585.0,2024-11-06 00:00:00+00:00
1730865600000,0.004675,0.004747,0.004626,0.004681,312643463.0,2024-11-06 04:00:00+00:00
1730880000000,0.004682,0.004745,0.004578,0.004731,210883981.0,2024-11-06 08:00:00+00:00
1730894400000,0.004729,0.004743,0.004645,0.004695,176944019.0,2024-11-06 12:00:00+00:00
1730908800000,0.004695,0.004792,0.004694,0.004792,136548051.0,2024-11-06 16:00:00+00:00
1730923200000,0.00479,0.00489,0.004783,0.004862,117381039.0,2024-11-06 20:00:00+00:00
1730937600000,0.004861,0.004986,0.004852,0.00495,212148428.0,2024-11-07 00:00:00+00:00
1730952000000,0.00495,0.004955,0.004781,0.004846,171757986.0,2024-11-07 04:00:00+00:00
1730966400000,0.004845,0.004877,0.004812,0.004829,99906250.0,2024-11-07 08:00:00+00:00
1730980800000,0.00483,0.004919,0.004799,0.004918,121824839.0,2024-11-07 12:00:00+00:00
1730995200000,0.004918,0.004962,0.004895,0.004944,109563936.0,2024-11-07 16:00:00+00:00
1731009600000,0.004945,0.004963,0.004862,0.004901,125850495.0,2024-11-07 20:00:00+00:00
1731024000000,0.004902,0.004933,0.004813,0.004851,154956992.0,2024-11-08 00:00:00+00:00
1731038400000,0.00485,0.004885,0.004815,0.004856,67505852.0,2024-11-08 04:00:00+00:00
1731052800000,0.004856,0.004874,0.004794,0.004865,73140118.0,2024-11-08 08:00:00+00:00
1731067200000,0.004866,0.004926,0.004831,0.004878,145511392.0,2024-11-08 12:00:00+00:00
1731081600000,0.004878,0.004909,0.004759,0.004891,152378768.0,2024-11-08 16:00:00+00:00
1731096000000,0.004891,0.004936,0.004845,0.004934,87431257.0,2024-11-08 20:00:00+00:00
1731110400000,0.004934,0.004946,0.004872,0.004926,154249625.0,2024-11-09 00:00:00+00:00
1731124800000,0.004927,0.005039,0.004923,0.005012,121043965.0,2024-11-09 04:00:00+00:00
1731139200000,0.005014,0.005074,0.005,0.005073,148170171.0,2024-11-09 08:00:00+00:00
1731153600000,0.005072,0.005092,0.004956,0.004997,187681417.0,2024-11-09 12:00:00+00:00
1731168000000,0.004998,0.00504,0.004896,0.005005,163012299.0,2024-11-09 16:00:00+00:00
1731182400000,0.005005,0.005137,0.004997,0.005134,155299573.0,2024-11-09 20:00:00+00:00
1731196800000,0.005135,0.005216,0.005089,0.005208,216039968.0,2024-11-10 00:00:00+00:00
1731211200000,0.005208,0.005347,0.005197,0.005321,311301278.0,2024-11-10 04:00:00+00:00
1731225600000,0.005322,0.005452,0.005321,0.005443,178718039.0,2024-11-10 08:00:00+00:00
1731240000000,0.005444,0.005509,0.005348,0.005488,353667832.0,2024-11-10 12:00:00+00:00
1731254400000,0.005489,0.005617,0.005385,0.005453,336254418.0,2024-11-10 16:00:00+00:00
1731268800000,0.005454,0.005475,0.005147,0.005412,467436427.0,2024-11-10 20:00:00+00:00
1731283200000,0.005411,0.005606,0.0054,0.00559,254253747.0,2024-11-11 00:00:00+00:00
1731297600000,0.00559,0.005606,0.005282,0.005403,418042808.0,2024-11-11 04:00:00+00:00
1731312000000,0.005402,0.005513,0.005385,0.005506,191879761.0,2024-11-11 08:00:00+00:00
1731326400000,0.005508,0.005525,0.005347,0.005475,388100240.0,2024-11-11 12:00:00+00:00
1731340800000,0.005472,0.005602,0.005448,0.005541,357482231.0,2024-11-11 16:00:00+00:00
1731355200000,0.005541,0.005722,0.005484,0.005705,265940165.0,2024-11-11 20:00:00+00:00
1731369600000,0.005704,0.005858,0.005506,0.005735,937126397.0,2024-11-12 00:00:00+00:00
1731384000000,0.005734,0.005881,0.005573,0.005872,545944358.0,2024-11-12 04:00:00+00:00
1731398400000,0.005871,0.006058,0.00541,0.005701,1220261629.0,2024-11-12 08:00:00+00:00
1731412800000,0.005701,0.005904,0.005471,0.005558,1195888320.0,2024-11-12 12:00:00+00:00
1731427200000,0.005558,0.005711,0.005444,0.005686,378254208.0,2024-11-12 16:00:00+00:00
1731441600000,0.005687,0.005841,0.005612,0.005771,331284217.0,2024-11-12 20:00:00+00:00
1731456000000,0.005772,0.005884,0.005469,0.005474,567743344.0,2024-11-13 00:00:00+00:00
1731470400000,0.005474,0.005577,0.005239,0.005378,583847183.0,2024-11-13 04:00:00+00:00
1731484800000,0.005378,0.005382,0.005229,0.00531,236360244.0,2024-11-13 08:00:00+00:00
1731499200000,0.005308,0.005619,0.005256,0.005617,443997637.0,2024-11-13 12:00:00+00:00
1731513600000,0.005617,0.005655,0.005369,0.005393,463281565.0,2024-11-13 16:00:00+00:00
1731528000000,0.005386,0.005482,0.005254,0.005479,350910909.0,2024-11-13 20:00:00+00:00
1731542400000,0.005481,0.005577,0.005306,0.005435,447372320.0,2024-11-14 00:00:00+00:00
1731556800000,0.005436,0.005598,0.005388,0.005535,254209442.0,2024-11-14 04:00:00+00:00
1731571200000,0.005534,0.005575,0.005311,0.005387,264209981.0,2024-11-14 08:00:00+00:00
1731585600000,0.005384,0.005431,0.005138,0.005204,451787089.0,2024-11-14 12:00:00+00:00
1731600000000,0.005204,0.005334,0.005157,0.005327,221946829.0,2024-11-14 16:00:00+00:00
1731614400000,0.005325,0.005354,0.005103,0.005199,277328040.0,2024-11-14 20:00:00+00:00
1731628800000,0.005199,0.005245,0.005072,0.005194,300418985.0,2024-11-15 00:00:00+00:00
1731643200000,0.005192,0.005244,0.005041,0.005181,231111145.0,2024-11-15 04:00:00+00:00
1731657600000,0.005181,0.005356,0.005133,0.005352,141343996.0,2024-11-15 08:00:00+00:00
1731672000000,0.005353,0.005476,0.00526,0.005312,316639778.0,2024-11-15 12:00:00+00:00
1731686400000,0.005312,0.005571,0.005273,0.00556,335140462.0,2024-11-15 16:00:00+00:00
1731700800000,0.005561,0.00576,0.005558,0.005727,282761582.0,2024-11-15 20:00:00+00:00
1731715200000,0.005728,0.005904,0.005702,0.005843,330237620.0,2024-11-16 00:00:00+00:00
1731729600000,0.005841,0.005904,0.005781,0.005872,311761962.0,2024-11-16 04:00:00+00:00
1731744000000,0.005872,0.006042,0.00585,0.006041,341575166.0,2024-11-16 08:00:00+00:00
1731758400000,0.006041,0.00612,0.005905,0.005983,566065846.0,2024-11-16 12:00:00+00:00
1731772800000,0.005984,0.006173,0.005941,0.006169,284379183.0,2024-11-16 16:00:00+00:00
1731787200000,0.006168,0.006262,0.00611,0.00626,224832755.0,2024-11-16 20:00:00+00:00
1731801600000,0.006261,0.006261,0.00586,0.005987,495076823.0,2024-11-17 00:00:00+00:00
1731816000000,0.005987,0.006041,0.005908,0.005997,221576380.0,2024-11-17 04:00:00+00:00
1731830400000,0.005997,0.006043,0.005874,0.005876,228144165.0,2024-11-17 08:00:00+00:00
1731844800000,0.005877,0.005995,0.005834,0.005858,203542354.0,2024-11-17 12:00:00+00:00
1731859200000,0.005857,0.005889,0.005688,0.00575,288385969.0,2024-11-17 16:00:00+00:00
1731873600000,0.00575,0.005806,0.005588,0.0057,288517109.0,2024-11-17 20:00:00+00:00
1731888000000,0.0057,0.00592,0.005661,0.005918,199729473.0,2024-11-18 00:00:00+00:00
1731902400000,0.005918,0.006098,0.005854,0.006084,187625976.0,2024-11-18 04:00:00+00:00
1731916800000,0.006083,0.006111,0.005935,0.005982,301069450.0,2024-11-18 08:00:00+00:00
1731931200000,0.005982,0.006305,0.005915,0.006298,480119037.0,2024-11-18 12:00:00+00:00
1731945600000,0.006299,0.006605,0.006163,0.006266,872666272.0,2024-11-18 16:00:00+00:00
1731960000000,0.006265,0.00635,0.006202,0.006345,282267027.0,2024-11-18 20:00:00+00:00
1731974400000,0.006343,0.006539,0.006278,0.006525,537877558.0,2024-11-19 00:00:00+00:00
1731988800000,0.006524,0.006704,0.006295,0.0067,958763511.0,2024-11-19 04:00:00+00:00
1732003200000,0.0067,0.006734,0.006378,0.006505,971331006.0,2024-11-19 08:00:00+00:00
1732017600000,0.006504,0.006621,0.006353,0.006416,390412137.0,2024-11-19 12:00:00+00:00
1732032000000,0.006416,0.006508,0.006389,0.006457,209107334.0,2024-11-19 16:00:00+00:00
1732046400000,0.006457,0.006457,0.006221,0.006419,341426975.0,2024-11-19 20:00:00+00:00
1732060800000,0.00642,0.00642,0.005964,0.006085,416094074.0,2024-11-20 00:00:00+00:00
1732075200000,0.006083,0.00617,0.00603,0.006121,158573877.0,2024-11-20 04:00:00+00:00
1732089600000,0.006119,0.00624,0.006101,0.006186,200766309.0,2024-11-20 08:00:00+00:00
1732104000000,0.006188,0.006387,0.006072,0.006303,471689807.0,2024-11-20 12:00:00+00:00
1732118400000,0.006303,0.006319,0.005897,0.005963,425777082.0,2024-11-20 16:00:00+00:00
1732132800000,0.005961,0.006169,0.005925,0.006061,202986777.0,2024-11-20 20:00:00+00:00
1732147200000,0.006062,0.006109,0.005826,0.005935,288762990.0,2024-11-21 00:00:00+00:00
1732161600000,0.005937,0.006162,0.005896,0.006157,292547098.0,2024-11-21 04:00:00+00:00
1732176000000,0.006156,0.006191,0.005989,0.006181,231642354.0,2024-11-21 08:00:00+00:00
1732190400000,0.00618,0.007057,0.006176,0.006356,3812355677.0,2024-11-21 12:00:00+00:00
1732204800000,0.006357,0.006414,0.006307,0.006376,409307025.0,2024-11-21 16:00:00+00:00
1732219200000,0.006377,0.006443,0.006313,0.0064,227194723.0,2024-11-21 20:00:00+00:00
1732233600000,0.006401,0.006616,0.006278,0.006411,591104093.0,2024-11-22 00:00:00+00:00
1732248000000,0.006413,0.006772,0.006398,0.006652,1070728182.0,2024-11-22 04:00:00+00:00
1732262400000,0.006652,0.006764,0.006465,0.00655,651979729.0,2024-11-22 08:00:00+00:00
1732276800000,0.006551,0.006643,0.006321,0.006499,658366609.0,2024-11-22 12:00:00+00:00
1732291200000,0.0065,0.006568,0.006403,0.00647,300293125.0,2024-11-22 16:00:00+00:00
1732305600000,0.006468,0.006791,0.006439,0.006781,385222450.0,2024-11-22 20:00:00+00:00
1732320000000,0.006778,0.006929,0.00663,0.006794,643065198.0,2024-11-23 00:00:00+00:00
1732334400000,0.006794,0.006944,0.006655,0.006944,635271884.0,2024-11-23 04:00:00+00:00
1732348800000,0.006942,0.006978,0.006823,0.006912,491311979.0,2024-11-23 08:00:00+00:00
1732363200000,0.006911,0.007157,0.006881,0.007091,474527201.0,2024-11-23 12:00:00+00:00
1732377600000,0.00709,0.007175,0.006694,0.007048,920113976.0,2024-11-23 16:00:00+00:00
1732392000000,0.007045,0.007093,0.006827,0.007031,458045132.0,2024-11-23 20:00:00+00:00
1732406400000,0.007028,0.00746,0.00697,0.007428,572579030.0,2024-11-24 00:00:00+00:00
1732420800000,0.007427,0.007501,0.007219,0.007442,635454358.0,2024-11-24 04:00:00+00:00
1732435200000,0.007442,0.007506,0.007001,0.007002,796517841.0,2024-11-24 08:00:00+00:00
1732449600000,0.007004,0.007101,0.006668,0.006675,946177763.0,2024-11-24 12:00:00+00:00
1732464000000,0.006677,0.007028,0.006636,0.006967,407242308.0,2024-11-24 16:00:00+00:00
1732478400000,0.006967,0.007459,0.006946,0.007459,443734731.0,2024-11-24 20:00:00+00:00
1732492800000,0.007456,0.007503,0.007149,0.0074,582971112.0,2024-11-25 00:00:00+00:00
1732507200000,0.007397,0.007558,0.007366,0.007428,625141262.0,2024-11-25 04:00:00+00:00
1732521600000,0.007422,0.007632,0.0074,0.00755,396058470.0,2024-11-25 08:00:00+00:00
1732536000000,0.007549,0.007786,0.007236,0.007561,1606224649.0,2024-11-25 12:00:00+00:00
1732550400000,0.007557,0.007619,0.007258,0.007365,515096927.0,2024-11-25 16:00:00+00:00
1732564800000,0.007364,0.007459,0.007027,0.007194,513885567.0,2024-11-25 20:00:00+00:00
1732579200000,0.007193,0.007473,0.007118,0.007461,384703770.0,2024-11-26 00:00:00+00:00
1732593600000,0.007458,0.007806,0.007394,0.007568,660425225.0,2024-11-26 04:00:00+00:00
1732608000000,0.007568,0.007578,0.00698,0.007158,810384340.0,2024-11-26 08:00:00+00:00
1732622400000,0.007153,0.007329,0.006958,0.007131,557022813.0,2024-11-26 12:00:00+00:00
1732636800000,0.007133,0.007416,0.007097,0.007289,472646377.0,2024-11-26 16:00:00+00:00
1732651200000,0.007288,0.007699,0.007262,0.007686,367662988.0,2024-11-26 20:00:00+00:00
1732665600000,0.007688,0.008262,0.007625,0.008043,3162183940.0,2024-11-27 00:00:00+00:00
1732680000000,0.008039,0.008045,0.007811,0.007816,851196097.0,2024-11-27 04:00:00+00:00
1732694400000,0.007817,0.007839,0.007574,0.007702,616415700.0,2024-11-27 08:00:00+00:00
1732708800000,0.007701,0.007855,0.007539,0.007825,526509726.0,2024-11-27 12:00:00+00:00
1732723200000,0.007827,0.007989,0.007766,0.00791,346512248.0,2024-11-27 16:00:00+00:00
1732737600000,0.007908,0.00801,0.007842,0.007989,233230782.0,2024-11-27 20:00:00+00:00
1732752000000,0.007989,0.007991,0.007642,0.007721,433376030.0,2024-11-28 00:00:00+00:00
1732766400000,0.007718,0.007864,0.007687,0.007798,202458189.0,2024-11-28 04:00:00+00:00
1732780800000,0.0078,0.00786,0.007689,0.0078,168910886.0,2024-11-28 08:00:00+00:00
1732795200000,0.0078,0.007954,0.007699,0.007707,384120480.0,2024-11-28 12:00:00+00:00
1732809600000,0.007708,0.007959,0.007697,0.007937,190289502.0,2024-11-28 16:00:00+00:00
1732824000000,0.007936,0.008078,0.007838,0.007997,204194348.0,2024-11-28 20:00:00+00:00
1732838400000,0.007997,0.008031,0.007823,0.007826,281452061.0,2024-11-29 00:00:00+00:00
1732852800000,0.007827,0.00783,0.007692,0.007693,159914117.0,2024-11-29 04:00:00+00:00
1732867200000,0.007692,0.008067,0.007692,0.008051,322332971.0,2024-11-29 08:00:00+00:00
1732881600000,0.008052,0.0082,0.00794,0.008179,284120954.0,2024-11-29 12:00:00+00:00
1732896000000,0.00818,0.008318,0.008075,0.008318,380517314.0,2024-11-29 16:00:00+00:00
1732910400000,0.008319,0.008479,0.008287,0.00838,205391019.0,2024-11-29 20:00:00+00:00
1732924800000,0.00838,0.008383,0.008104,0.008151,407114122.0,2024-11-30 00:00:00+00:00
1732939200000,0.008154,0.00828,0.008125,0.008213,223503184.0,2024-11-30 04:00:00+00:00
1732953600000,0.008212,0.008274,0.008063,0.008205,278509962.0,2024-11-30 08:00:00+00:00
1732968000000,0.008209,0.008525,0.0082,0.008457,445123891.0,2024-11-30 12:00:00+00:00
1732982400000,0.008456,0.008716,0.00844,0.008667,337767278.0,2024-11-30 16:00:00+00:00
1732996800000,0.008667,0.008772,0.008566,0.008721,234147516.0,2024-11-30 20:00:00+00:00
1733011200000,0.008721,0.008721,0.00833,0.00852,369219479.0,2024-12-01 00:00:00+00:00
1733025600000,0.008521,0.008679,0.008408,0.008673,204184072.0,2024-12-01 04:00:00+00:00
1733040000000,0.00867,0.009112,0.008631,0.008948,918179259.0,2024-12-01 08:00:00+00:00
1733054400000,0.008948,0.009728,0.008924,0.009514,2755194748.0,2024-12-01 12:00:00+00:00
1733068800000,0.009512,0.009599,0.009227,0.00954,604990082.0,2024-12-01 16:00:00+00:00
1733083200000,0.009536,0.009558,0.008848,0.009079,1123578181.0,2024-12-01 20:00:00+00:00
1733097600000,0.00908,0.010344,0.00908,0.009258,4566394908.0,2024-12-02 00:00:00+00:00
1733112000000,0.009259,0.009402,0.009116,0.009178,957680168.0,2024-12-02 04:00:00+00:00
1733126400000,0.009179,0.009272,0.008692,0.008952,1187738111.0,2024-12-02 08:00:00+00:00
1733140800000,0.008951,0.009566,0.00891,0.009543,715125818.0,2024-12-02 12:00:00+00:00
1733155200000,0.009544,0.009727,0.009193,0.009708,743687868.0,2024-12-02 16:00:00+00:00
1733169600000,0.009709,0.009908,0.009578,0.009628,628327985.0,2024-12-02 20:00:00+00:00
1733184000000,0.009626,0.009945,0.009447,0.009866,965813848.0,2024-12-03 00:00:00+00:00
1733198400000,0.009864,0.010484,0.009721,0.009881,1464645624.0,2024-12-03 04:00:00+00:00
1733212800000,0.009878,0.01051,0.009844,0.010299,897855685.0,2024-12-03 08:00:00+00:00
1733227200000,0.010298,0.0106,0.009346,0.009717,2395742050.0,2024-12-03 12:00:00+00:00
1733241600000,0.009717,0.010249,0.009696,0.01014,807650626.0,2024-12-03 16:00:00+00:00
1733256000000,0.010139,0.011504,0.010121,0.011491,1398392457.0,2024-12-03 20:00:00+00:00
1733270400000,0.011486,0.011674,0.010776,0.011218,2182622342.0,2024-12-04 00:00:00+00:00
1733284800000,0.011214,0.011834,0.011075,0.011232,1013364631.0,2024-12-04 04:00:00+00:00
1733299200000,0.011232,0.011444,0.01108,0.011357,593341424.0,2024-12-04 08:00:00+00:00
1733313600000,0.011354,0.011544,0.011025,0.011199,758629316.0,2024-12-04 12:00:00+00:00
1733328000000,0.0112,0.011354,0.010669,0.011299,613757805.0,2024-12-04 16:00:00+00:00
1733342400000,0.011297,0.011352,0.010567,0.011023,520680757.0,2024-12-04 20:00:00+00:00
1733356800000,0.011022,0.012055,0.01045,0.010493,2557817113.0,2024-12-05 00:00:00+00:00
1733371200000,0.010496,0.010823,0.010397,0.010796,514263501.0,2024-12-05 04:00:00+00:00
1733385600000,0.010793,0.010944,0.010645,0.010921,482019706.0,2024-12-05 08:00:00+00:00
1733400000000,0.010919,0.010959,0.010651,0.010798,501944638.0,2024-12-05 12:00:00+00:00
1733414400000,0.010797,0.010987,0.010621,0.010672,327423607.0,2024-12-05 16:00:00+00:00
1733428800000,0.01067,0.010963,0.01022,0.010617,553396427.0,2024-12-05 20:00:00+00:00
1733443200000,0.01062,0.010931,0.01045,0.010669,474862084.0,2024-12-06 00:00:00+00:00
1733457600000,0.010672,0.010805,0.010582,0.010615,201214778.0,2024-12-06 04:00:00+00:00
1733472000000,0.010609,0.010723,0.010155,0.01023,440015698.0,2024-12-06 08:00:00+00:00
1733486400000,0.010228,0.01052,0.009956,0.01042,677442308.0,2024-12-06 12:00:00+00:00
1733500800000,0.01042,0.010626,0.010385,0.010622,211864496.0,2024-12-06 16:00:00+00:00
1733515200000,0.01062,0.010901,0.010583,0.010894,268306497.0,2024-12-06 20:00:00+00:00
1733529600000,0.010893,0.011101,0.010625,0.010657,463820388.0,2024-12-07 00:00:00+00:00
1733544000000,0.010655,0.010844,0.010451,0.010513,266699646.0,2024-12-07 04:00:00+00:00
1733558400000,0.010512,0.010737,0.010434,0.010523,272181475.0,2024-12-07 08:00:00+00:00
1733572800000,0.010522,0.010664,0.01049,0.010586,180095755.0,2024-12-07 12:00:00+00:00
1733587200000,0.010586,0.010599,0.010327,0.010395,198600414.0,2024-12-07 16:00:00+00:00
1733601600000,0.010394,0.010544,0.010382,0.010501,120659451.0,2024-12-07 20:00:00+00:00
1733616000000,0.0105,0.010552,0.010358,0.010406,145999324.0,2024-12-08 00:00:00+00:00
1733630400000,0.010405,0.010453,0.010168,0.010348,269678636.0,2024-12-08 04:00:00+00:00
1733644800000,0.010347,0.010348,0.010076,0.010293,181277482.0,2024-12-08 08:00:00+00:00
1733659200000,0.010292,0.010409,0.010206,0.01034,153080111.0,2024-12-08 12:00:00+00:00
1733673600000,0.010341,0.010396,0.010196,0.010297,90233307.0,2024-12-08 16:00:00+00:00
1733688000000,0.0103,0.010472,0.010221,0.010433,117819853.0,2024-12-08 20:00:00+00:00
1733702400000,0.010433,0.010436,0.009811,0.009927,347014108.0,2024-12-09 00:00:00+00:00
1733716800000,0.009928,0.010038,0.009584,0.009762,318652138.0,2024-12-09 04:00:00+00:00
1733731200000,0.009763,0.009764,0.009201,0.009235,676479646.0,2024-12-09 08:00:00+00:00
1733745600000,0.009234,0.009724,0.009165,0.009442,535784315.0,2024-12-09 12:00:00+00:00
1733760000000,0.009445,0.009584,0.009338,0.009359,216261960.0,2024-12-09 16:00:00+00:00
1733774400000,0.00936,0.00939,0.007188,0.008403,1735284732.0,2024-12-09 20:00:00+00:00
1733788800000,0.008402,0.008545,0.007709,0.008036,797799920.0,2024-12-10 00:00:00+00:00
1733803200000,0.008036,0.008332,0.007834,0.008267,417480210.0,2024-12-10 04:00:00+00:00
1733817600000,0.008266,0.008378,0.008136,0.008236,262270042.0,2024-12-10 08:00:00+00:00
1733832000000,0.008237,0.008259,0.007436,0.007445,676927234.0,2024-12-10 12:00:00+00:00
1733846400000,0.007451,0.007692,0.007169,0.007669,815874865.0,2024-12-10 16:00:00+00:00
1733860800000,0.00767,0.008038,0.007607,0.007928,336408392.0,2024-12-10 20:00:00+00:00
1733875200000,0.00793,0.007956,0.007537,0.00789,491890406.0,2024-12-11 00:00:00+00:00
1733889600000,0.007892,0.007974,0.007784,0.00779,191635813.0,2024-12-11 04:00:00+00:00
1733904000000,0.007792,0.008253,0.007789,0.008171,348005174.0,2024-12-11 08:00:00+00:00
1733918400000,0.008171,0.008738,0.008152,0.008714,440042133.0,2024-12-11 12:00:00+00:00
1733932800000,0.008714,0.008843,0.008603,0.008745,241176760.0,2024-12-11 16:00:00+00:00
1733947200000,0.008746,0.008846,0.008679,0.008789,132550853.0,2024-12-11 20:00:00+00:00
1733961600000,0.008789,0.009171,0.008683,0.009109,405139647.0,2024-12-12 00:00:00+00:00
1733976000000,0.009107,0.009388,0.009052,0.009325,397233832.0,2024-12-12 04:00:00+00:00
1733990400000,0.009324,0.009561,0.008965,0.009017,475117543.0,2024-12-12 08:00:00+00:00
1734004800000,0.009018,0.009293,0.009017,0.009165,431549968.0,2024-12-12 12:00:00+00:00
1734019200000,0.009165,0.009321,0.008864,0.008897,294304014.0,2024-12-12 16:00:00+00:00
1734033600000,0.008897,0.00911,0.008877,0.009036,233175158.0,2024-12-12 20:00:00+00:00
1734048000000,0.009036,0.009097,0.008716,0.00896,354368688.0,2024-12-13 00:00:00+00:00
1734062400000,0.008958,0.009009,0.008663,0.008798,246716157.0,2024-12-13 04:00:00+00:00
1734076800000,0.008799,0.008966,0.008729,0.008856,170422548.0,2024-12-13 08:00:00+00:00
1734091200000,0.008856,0.008998,0.008715,0.008718,276187080.0,2024-12-13 12:00:00+00:00
1734105600000,0.008718,0.008986,0.008703,0.008892,234966438.0,2024-12-13 16:00:00+00:00
1734120000000,0.008891,0.008993,0.008761,0.00897,137489281.0,2024-12-13 20:00:00+00:00
1734134400000,0.00897,0.009044,0.008825,0.008843,202897281.0,2024-12-14 00:00:00+00:00
1734148800000,0.008843,0.008962,0.008806,0.008856,114700007.0,2024-12-14 04:00:00+00:00
1734163200000,0.008857,0.008973,0.00877,0.008788,171471344.0,2024-12-14 08:00:00+00:00
1734177600000,0.008787,0.008804,0.008401,0.008502,341078733.0,2024-12-14 12:00:00+00:00
1734192000000,0.008502,0.008502,0.008269,0.00835,259428233.0,2024-12-14 16:00:00+00:00
1734206400000,0.008351,0.008476,0.00824,0.00844,141865235.0,2024-12-14 20:00:00+00:00
1734220800000,0.00844,0.008514,0.008286,0.008326,157234984.0,2024-12-15 00:00:00+00:00
1734235200000,0.008328,0.008478,0.008139,0.008201,307338133.0,2024-12-15 04:00:00+00:00
1734249600000,0.008201,0.008486,0.008198,0.008429,186065430.0,2024-12-15 08:00:00+00:00
1734264000000,0.008428,0.008787,0.008398,0.008741,247140091.0,2024-12-15 12:00:00+00:00
1734278400000,0.008743,0.008787,0.008593,0.008607,136740555.0,2024-12-15 16:00:00+00:00
1734292800000,0.008605,0.008737,0.008272,0.008705,304653453.0,2024-12-15 20:00:00+00:00
1734307200000,0.008706,0.008861,0.008468,0.008516,238918607.0,2024-12-16 00:00:00+00:00
1734321600000,0.008516,0.00857,0.008381,0.008483,127801832.0,2024-12-16 04:00:00+00:00
1734336000000,0.008483,0.0085,0.00811,0.008134,209109919.0,2024-12-16 08:00:00+00:00
1734350400000,0.008131,0.008418,0.008122,0.008367,231580926.0,2024-12-16 12:00:00+00:00
1734364800000,0.00837,0.008672,0.008368,0.008552,220473476.0,2024-12-16 16:00:00+00:00
1734379200000,0.008554,0.008647,0.008401,0.00842,114281245.0,2024-12-16 20:00:00+00:00
1734393600000,0.008418,0.008442,0.008138,0.008258,328204308.0,2024-12-17 00:00:00+00:00
1734408000000,0.008257,0.008259,0.008067,0.008124,180212441.0,2024-12-17 04:00:00+00:00
1734422400000,0.008123,0.00833,0.008077,0.008274,209189103.0,2024-12-17 08:00:00+00:00
1734436800000,0.008275,0.00835,0.007926,0.007988,482143783.0,2024-12-17 12:00:00+00:00
1734451200000,0.007988,0.008212,0.007913,0.00809,247834342.0,2024-12-17 16:00:00+00:00
1734465600000,0.008092,0.008159,0.007795,0.007884,232653360.0,2024-12-17 20:00:00+00:00
1734480000000,0.007884,0.00791,0.007687,0.007689,267345129.0,2024-12-18 00:00:00+00:00
1734494400000,0.007688,0.007698,0.007513,0.007578,330729989.0,2024-12-18 04:00:00+00:00
1734508800000,0.007579,0.00769,0.007488,0.007663,469998444.0,2024-12-18 08:00:00+00:00
1734523200000,0.007663,0.007668,0.007426,0.007509,435369236.0,2024-12-18 12:00:00+00:00
1734537600000,0.00751,0.007707,0.007359,0.007359,467967415.0,2024-12-18 16:00:00+00:00
1734552000000,0.00736,0.007421,0.006751,0.007002,934090823.0,2024-12-18 20:00:00+00:00
1734566400000,0.007004,0.007111,0.006608,0.007076,679441398.0,2024-12-19 00:00:00+00:00
1734580800000,0.007072,0.007112,0.006987,0.007028,159303028.0,2024-12-19 04:00:00+00:00
1734595200000,0.007028,0.007176,0.006929,0.007108,253116928.0,2024-12-19 08:00:00+00:00
1734609600000,0.007109,0.007121,0.006728,0.006858,369796607.0,2024-12-19 12:00:00+00:00
1734624000000,0.006852,0.006928,0.006254,0.006382,955295122.0,2024-12-19 16:00:00+00:00
1734638400000,0.006386,0.006559,0.006192,0.006421,404078610.0,2024-12-19 20:00:00+00:00
1734652800000,0.006418,0.006717,0.006295,0.006618,330826670.0,2024-12-20 00:00:00+00:00
1734667200000,0.006618,0.006688,0.006349,0.006508,238028275.0,2024-12-20 04:00:00+00:00
1734681600000,0.006508,0.006514,0.005637,0.00566,1068296512.0,2024-12-20 08:00:00+00:00
1734696000000,0.005663,0.00658,0.005656,0.006533,883888071.0,2024-12-20 12:00:00+00:00
1734710400000,0.006534,0.006784,0.006457,0.006738,299166684.0,2024-12-20 16:00:00+00:00
1734724800000,0.006739,0.006905,0.006582,0.006863,187811005.0,2024-12-20 20:00:00+00:00
1734739200000,0.006864,0.006967,0.006802,0.006898,170945354.0,2024-12-21 00:00:00+00:00
1734753600000,0.006897,0.007346,0.006887,0.007299,227458471.0,2024-12-21 04:00:00+00:00
1734768000000,0.007298,0.007318,0.007052,0.007123,297290490.0,2024-12-21 08:00:00+00:00
1734782400000,0.007124,0.007127,0.006569,0.006694,523765684.0,2024-12-21 12:00:00+00:00
1734796800000,0.006695,0.0067,0.006396,0.00649,291447886.0,2024-12-21 16:00:00+00:00
1734811200000,0.006489,0.006579,0.00639,0.006491,209619393.0,2024-12-21 20:00:00+00:00
1734825600000,0.006491,0.006633,0.006426,0.006575,249231313.0,2024-12-22 00:00:00+00:00
1734840000000,0.006573,0.006597,0.006358,0.006516,180027730.0,2024-12-22 04:00:00+00:00
1734854400000,0.006518,0.006745,0.006514,0.006678,185365031.0,2024-12-22 08:00:00+00:00
1734868800000,0.00668,0.006857,0.006559,0.006669,365695171.0,2024-12-22 12:00:00+00:00
1734883200000,0.006667,0.006745,0.006455,0.006475,287511123.0,2024-12-22 16:00:00+00:00
1734897600000,0.006479,0.00669,0.006392,0.006587,279098294.0,2024-12-22 20:00:00+00:00
1734912000000,0.006589,0.006824,0.006412,0.006813,368546718.0,2024-12-23 00:00:00+00:00
1734926400000,0.006812,0.006864,0.006559,0.006671,226005656.0,2024-12-23 04:00:00+00:00
1734940800000,0.006672,0.006799,0.006631,0.006719,175861656.0,2024-12-23 08:00:00+00:00
1734955200000,0.006719,0.006829,0.00659,0.006599,270687201.0,2024-12-23 12:00:00+00:00
1734969600000,0.006601,0.006855,0.006585,0.006818,226693709.0,2024-12-23 16:00:00+00:00
1734984000000,0.006818,0.007121,0.006815,0.007022,213294743.0,2024-12-23 20:00:00+00:00
1734998400000,0.007021,0.00704,0.006833,0.00695,173030563.0,2024-12-24 00:00:00+00:00
1735012800000,0.006951,0.007033,0.006901,0.006968,107349416.0,2024-12-24 04:00:00+00:00
1735027200000,0.006969,0.007128,0.006947,0.007118,195947060.0,2024-12-24 08:00:00+00:00
1735041600000,0.007118,0.007401,0.00704,0.007383,221826205.0,2024-12-24 12:00:00+00:00
1735056000000,0.007382,0.007458,0.007262,0.007263,156409347.0,2024-12-24 16:00:00+00:00
1735070400000,0.007263,0.007369,0.007186,0.007324,114116437.0,2024-12-24 20:00:00+00:00
1735084800000,0.007323,0.007344,0.007192,0.007241,159884764.0,2024-12-25 00:00:00+00:00
1735099200000,0.007241,0.007342,0.007187,0.007202,137492572.0,2024-12-25 04:00:00+00:00
1735113600000,0.007203,0.007351,0.007153,0.00716,138702990.0,2024-12-25 08:00:00+00:00
1735128000000,0.007162,0.00725,0.007116,0.007136,124612785.0,2024-12-25 12:00:00+00:00
1735142400000,0.007138,0.007175,0.007043,0.007139,105312391.0,2024-12-25 16:00:00+00:00
1735156800000,0.007141,0.007167,0.006988,0.007066,101494310.0,2024-12-25 20:00:00+00:00
1735171200000,0.007065,0.007124,0.006857,0.006861,197850544.0,2024-12-26 00:00:00+00:00
1735185600000,0.006861,0.006862,0.006716,0.006737,121022049.0,2024-12-26 04:00:00+00:00
1735200000000,0.006738,0.006753,0.006544,0.0067,227390586.0,2024-12-26 08:00:00+00:00
1735214400000,0.006699,0.006711,0.0066,0.006626,183712987.0,2024-12-26 12:00:00+00:00
1735228800000,0.006626,0.006692,0.006521,0.006596,162118441.0,2024-12-26 16:00:00+00:00
1735243200000,0.006594,0.006621,0.006486,0.006569,121450732.0,2024-12-26 20:00:00+00:00
1735257600000,0.006569,0.006659,0.00651,0.006634,172536924.0,2024-12-27 00:00:00+00:00
1735272000000,0.006635,0.006753,0.006536,0.006595,194147155.0,2024-12-27 04:00:00+00:00
1735286400000,0.006595,0.006899,0.006594,0.006845,246868398.0,2024-12-27 08:00:00+00:00
1735300800000,0.006846,0.006862,0.006559,0.006591,204538499.0,2024-12-27 12:00:00+00:00
1735315200000,0.006594,0.006722,0.006532,0.006717,178512823.0,2024-12-27 16:00:00+00:00
1735329600000,0.006718,0.00673,0.006558,0.006612,121529267.0,2024-12-27 20:00:00+00:00
1735344000000,0.006612,0.006742,0.006603,0.006682,199579682.0,2024-12-28 00:00:00+00:00
1735358400000,0.006682,0.006745,0.006632,0.006658,113619863.0,2024-12-28 04:00:00+00:00
1735372800000,0.006657,0.006735,0.006622,0.00668,120008442.0,2024-12-28 08:00:00+00:00
1735387200000,0.006679,0.006914,0.006654,0.006801,239935027.0,2024-12-28 12:00:00+00:00
1735401600000,0.006802,0.006975,0.006783,0.006908,128907419.0,2024-12-28 16:00:00+00:00
1735416000000,0.006909,0.006995,0.006863,0.00699,97764110.0,2024-12-28 20:00:00+00:00
1735430400000,0.00699,0.007015,0.00683,0.006964,225593320.0,2024-12-29 00:00:00+00:00
1735444800000,0.006964,0.006988,0.00685,0.006922,92516128.0,2024-12-29 04:00:00+00:00
1735459200000,0.006921,0.006936,0.00678,0.006784,162574437.0,2024-12-29 08:00:00+00:00
1735473600000,0.006783,0.006846,0.006685,0.006724,203182615.0,2024-12-29 12:00:00+00:00
1735488000000,0.006725,0.006729,0.006619,0.006654,104886516.0,2024-12-29 16:00:00+00:00
1735502400000,0.006653,0.006655,0.006522,0.006599,114376833.0,2024-12-29 20:00:00+00:00
1735516800000,0.0066,0.006818,0.006562,0.006756,170409772.0,2024-12-30 00:00:00+00:00
1735531200000,0.006758,0.006868,0.006685,0.006785,209278414.0,2024-12-30 04:00:00+00:00
1735545600000,0.006785,0.006837,0.006596,0.006679,208819633.0,2024-12-30 08:00:00+00:00
1735560000000,0.006679,0.006761,0.006357,0.006373,466798937.0,2024-12-30 12:00:00+00:00
1735574400000,0.006373,0.006681,0.006325,0.006676,277247444.0,2024-12-30 16:00:00+00:00
1735588800000,0.006676,0.006745,0.006446,0.006503,260560908.0,2024-12-30 20:00:00+00:00
1735603200000,0.006503,0.006504,0.006307,0.006315,189923782.0,2024-12-31 00:00:00+00:00
1735617600000,0.006314,0.006387,0.00626,0.006357,156685246.0,2024-12-31 04:00:00+00:00
1735632000000,0.006357,0.006555,0.006351,0.006458,170572561.0,2024-12-31 08:00:00+00:00
1735646400000,0.006464,0.006625,0.006441,0.006514,261477287.0,2024-12-31 12:00:00+00:00
1735660800000,0.006514,0.006532,0.006322,0.006379,145467234.0,2024-12-31 16:00:00+00:00
1735675200000,0.006379,0.006432,0.006327,0.006375,143698925.0,2024-12-31 20:00:00+00:00
1735689600000,0.006374,0.006472,0.006357,0.006363,104344131.0,2025-01-01 00:00:00+00:00
1735704000000,0.006362,0.006367,0.006313,0.006356,76939559.0,2025-01-01 04:00:00+00:00
1735718400000,0.006356,0.006362,0.00623,0.006328,118576138.0,2025-01-01 08:00:00+00:00
1735732800000,0.006326,0.006502,0.006307,0.006495,186293983.0,2025-01-01 12:00:00+00:00
1735747200000,0.006496,0.006644,0.0064,0.006629,184275799.0,2025-01-01 16:00:00+00:00
1735761600000,0.006629,0.006695,0.006617,0.006677,150111857.0,2025-01-01 20:00:00+00:00
1735776000000,0.006677,0.006821,0.00666,0.006726,221033971.0,2025-01-02 00:00:00+00:00
1735790400000,0.006726,0.006801,0.006676,0.006745,120584099.0,2025-01-02 04:00:00+00:00
1735804800000,0.006745,0.006846,0.006723,0.006832,129362789.0,2025-01-02 08:00:00+00:00
1735819200000,0.006833,0.006918,0.00673,0.006763,247996342.0,2025-01-02 12:00:00+00:00
1735833600000,0.006762,0.006831,0.006716,0.006765,169911618.0,2025-01-02 16:00:00+00:00
1735848000000,0.006764,0.006798,0.006684,0.006789,95083021.0,2025-01-02 20:00:00+00:00
1735862400000,0.006789,0.006857,0.006723,0.006828,179001243.0,2025-01-03 00:00:00+00:00
1735876800000,0.006826,0.006826,0.006692,0.006718,146751578.0,2025-01-03 04:00:00+00:00
1735891200000,0.00672,0.006944,0.006701,0.006928,175157868.0,2025-01-03 08:00:00+00:00
1735905600000,0.00693,0.007143,0.006905,0.007138,211908241.0,2025-01-03 12:00:00+00:00
1735920000000,0.007137,0.007242,0.007115,0.007228,160239231.0,2025-01-03 16:00:00+00:00
1735934400000,0.007229,0.007247,0.00717,0.007199,108573921.0,2025-01-03 20:00:00+00:00
1735948800000,0.007199,0.007253,0.007088,0.007232,167584850.0,2025-01-04 00:00:00+00:00
1735963200000,0.007234,0.007338,0.007151,0.007283,187162522.0,2025-01-04 04:00:00+00:00
1735977600000,0.007283,0.007284,0.007145,0.007217,127732135.0,2025-01-04 08:00:00+00:00
1735992000000,0.007216,0.007322,0.007106,0.00713,160721987.0,2025-01-04 12:00:00+00:00
1736006400000,0.00713,0.007212,0.007116,0.007183,92451120.0,2025-01-04 16:00:00+00:00
1736020800000,0.007183,0.007251,0.007171,0.007208,72862293.0,2025-01-04 20:00:00+00:00
1736035200000,0.007208,0.007215,0.007102,0.007163,104672699.0,2025-01-05 00:00:00+00:00
1736049600000,0.007162,0.00736,0.007159,0.00735,254441127.0,2025-01-05 04:00:00+00:00
1736064000000,0.007349,0.007356,0.007185,0.007246,187706474.0,2025-01-05 08:00:00+00:00
1736078400000,0.007246,0.007342,0.007169,0.007266,209085643.0,2025-01-05 12:00:00+00:00
1736092800000,0.007267,0.007311,0.007182,0.007279,156759849.0,2025-01-05 16:00:00+00:00
1736107200000,0.007281,0.007377,0.007252,0.007323,98441682.0,2025-01-05 20:00:00+00:00
1736121600000,0.007324,0.00743,0.007183,0.0074,255321921.0,2025-01-06 00:00:00+00:00
1736136000000,0.007403,0.007538,0.007354,0.007475,323835942.0,2025-01-06 04:00:00+00:00
1736150400000,0.007474,0.007545,0.007369,0.007545,248796164.0,2025-01-06 08:00:00+00:00
1736164800000,0.007542,0.007774,0.007437,0.00777,357556207.0,2025-01-06 12:00:00+00:00
1736179200000,0.007772,0.00781,0.007645,0.007777,201214230.0,2025-01-06 16:00:00+00:00
1736193600000,0.007775,0.007779,0.007609,0.007729,179912243.0,2025-01-06 20:00:00+00:00
1736208000000,0.007729,0.007782,0.007603,0.007685,195161227.0,2025-01-07 00:00:00+00:00
1736222400000,0.007684,0.00774,0.007592,0.00763,134198282.0,2025-01-07 04:00:00+00:00
1736236800000,0.007632,0.007739,0.007486,0.007531,206247445.0,2025-01-07 08:00:00+00:00
1736251200000,0.007532,0.007609,0.007058,0.007179,593944565.0,2025-01-07 12:00:00+00:00
1736265600000,0.007178,0.007224,0.00691,0.006931,279989374.0,2025-01-07 16:00:00+00:00
1736280000000,0.006932,0.006966,0.0068,0.00681,293016938.0,2025-01-07 20:00:00+00:00
1736294400000,0.00681,0.006889,0.006592,0.006649,327163285.0,2025-01-08 00:00:00+00:00
1736308800000,0.006648,0.006659,0.006395,0.006521,273628079.0,2025-01-08 04:00:00+00:00
1736323200000,0.006521,0.006605,0.006405,0.006467,160793176.0,2025-01-08 08:00:00+00:00
1736337600000,0.006467,0.006748,0.006411,0.006734,450237173.0,2025-01-08 12:00:00+00:00
1736352000000,0.006735,0.006927,0.006503,0.006702,724429116.0,2025-01-08 16:00:00+00:00
1736366400000,0.006702,0.006934,0.006664,0.006911,214222345.0,2025-01-08 20:00:00+00:00
1736380800000,0.006913,0.0078,0.006913,0.007501,6313573523.0,2025-01-09 00:00:00+00:00
1736395200000,0.007498,0.007716,0.007285,0.007327,2680602002.0,2025-01-09 04:00:00+00:00
1736409600000,0.007329,0.007949,0.007217,0.007823,4230728005.0,2025-01-09 08:00:00+00:00
1736424000000,0.007822,0.008039,0.007402,0.007988,8523369163.0,2025-01-09 12:00:00+00:00
1736438400000,0.007988,0.008011,0.007571,0.007719,4981545007.0,2025-01-09 16:00:00+00:00
1736452800000,0.007719,0.00833,0.007643,0.008204,6473530085.0,2025-01-09 20:00:00+00:00
1736467200000,0.008206,0.008226,0.007472,0.007663,5368922077.0,2025-01-10 00:00:00+00:00
1736481600000,0.007665,0.007719,0.007415,0.007434,2142121869.0,2025-01-10 04:00:00+00:00
1736496000000,0.007434,0.007642,0.007417,0.007607,1435310920.0,2025-01-10 08:00:00+00:00
1736510400000,0.007606,0.007676,0.007181,0.007427,2656678890.0,2025-01-10 12:00:00+00:00
1736524800000,0.007428,0.00795,0.007291,0.007843,1833045252.0,2025-01-10 16:00:00+00:00
1736539200000,0.007842,0.007861,0.00766,0.007694,907044946.0,2025-01-10 20:00:00+00:00
1736553600000,0.007695,0.008091,0.007563,0.007875,2268575441.0,2025-01-11 00:00:00+00:00
1736568000000,0.007876,0.008032,0.00776,0.007859,1636746600.0,2025-01-11 04:00:00+00:00
1736582400000,0.00786,0.007923,0.007629,0.007629,1276925662.0,2025-01-11 08:00:00+00:00
1736596800000,0.007629,0.007827,0.007522,0.007536,1021252285.0,2025-01-11 12:00:00+00:00
1736611200000,0.007537,0.007587,0.007406,0.007436,622949944.0,2025-01-11 16:00:00+00:00
1736625600000,0.007437,0.007839,0.007415,0.007672,920858132.0,2025-01-11 20:00:00+00:00
1736640000000,0.007672,0.00795,0.007524,0.007682,1626922304.0,2025-01-12 00:00:00+00:00
1736654400000,0.007681,0.007813,0.007486,0.007621,920237936.0,2025-01-12 04:00:00+00:00
1736668800000,0.00762,0.007621,0.007423,0.007425,522826816.0,2025-01-12 08:00:00+00:00
1736683200000,0.007426,0.007571,0.007341,0.007504,754945683.0,2025-01-12 12:00:00+00:00
1736697600000,0.007504,0.007753,0.007408,0.007554,1143164696.0,2025-01-12 16:00:00+00:00
1736712000000,0.007553,0.007562,0.007257,0.007338,532677365.0,2025-01-12 20:00:00+00:00
1736726400000,0.007338,0.007502,0.007014,0.007058,1303033215.0,2025-01-13 00:00:00+00:00
1736740800000,0.007056,0.00716,0.006827,0.006835,779880147.0,2025-01-13 04:00:00+00:00
1736755200000,0.006838,0.006867,0.006361,0.006366,2103057310.0,2025-01-13 08:00:00+00:00
1736769600000,0.006367,0.006584,0.006203,0.006534,1739926366.0,2025-01-13 12:00:00+00:00
1736784000000,0.006535,0.006536,0.006262,0.0064,741282028.0,2025-01-13 16:00:00+00:00
1736798400000,0.0064,0.006865,0.006349,0.006769,829455258.0,2025-01-13 20:00:00+00:00
1736812800000,0.00677,0.006771,0.006584,0.00663,757493843.0,2025-01-14 00:00:00+00:00
1736827200000,0.006631,0.006742,0.006619,0.006647,409964667.0,2025-01-14 04:00:00+00:00
1736841600000,0.006647,0.006886,0.006644,0.006809,1447146290.0,2025-01-14 08:00:00+00:00
1736856000000,0.006809,0.007478,0.006747,0.007406,2044696440.0,2025-01-14 12:00:00+00:00
1736870400000,0.007406,0.008392,0.007255,0.008041,7638427321.0,2025-01-14 16:00:00+00:00
1736884800000,0.00804,0.008167,0.007814,0.007881,3040633963.0,2025-01-14 20:00:00+00:00
1736899200000,0.007881,0.007953,0.007501,0.007607,2428318239.0,2025-01-15 00:00:00+00:00
1736913600000,0.007607,0.007682,0.007501,0.007552,1281339258.0,2025-01-15 04:00:00+00:00
1736928000000,0.007553,0.007621,0.007285,0.007328,1980903290.0,2025-01-15 08:00:00+00:00
1736942400000,0.007328,0.007856,0.007255,0.00764,2282295391.0,2025-01-15 12:00:00+00:00
1736956800000,0.00764,0.007732,0.007571,0.007732,1240019066.0,2025-01-15 16:00:00+00:00
1736971200000,0.007732,0.007944,0.007706,0.007873,1011932778.0,2025-01-15 20:00:00+00:00
1736985600000,0.007873,0.007875,0.007438,0.007499,1012621627.0,2025-01-16 00:00:00+00:00
1737000000000,0.007498,0.007517,0.007333,0.007364,863198033.0,2025-01-16 04:00:00+00:00
1737014400000,0.007362,0.007396,0.007158,0.007291,1302868972.0,2025-01-16 08:00:00+00:00
1737028800000,0.007291,0.007379,0.007017,0.007235,1841392592.0,2025-01-16 12:00:00+00:00
1737043200000,0.007235,0.007344,0.007212,0.007318,715666227.0,2025-01-16 16:00:00+00:00
1737057600000,0.007318,0.007357,0.007124,0.007223,605022788.0,2025-01-16 20:00:00+00:00
1737072000000,0.007224,0.00734,0.007153,0.007288,738084443.0,2025-01-17 00:00:00+00:00
1737086400000,0.007288,0.00735,0.007205,0.00722,395911967.0,2025-01-17 04:00:00+00:00
1737100800000,0.00722,0.007307,0.00719,0.007244,542490310.0,2025-01-17 08:00:00+00:00
1737115200000,0.007244,0.007311,0.007155,0.007223,634673264.0,2025-01-17 12:00:00+00:00
1737129600000,0.007224,0.007268,0.00714,0.007196,337108015.0,2025-01-17 16:00:00+00:00
1737144000000,0.007195,0.007361,0.007192,0.007324,345567718.0,2025-01-17 20:00:00+00:00
1737158400000,0.007323,0.00736,0.007009,0.007051,613136014.0,2025-01-18 00:00:00+00:00
1737172800000,0.007051,0.00708,0.006818,0.006857,653069671.0,2025-01-18 04:00:00+00:00
1737187200000,0.006858,0.006933,0.006771,0.006903,398003239.0,2025-01-18 08:00:00+00:00
1737201600000,0.006905,0.006972,0.006805,0.006815,348278090.0,2025-01-18 12:00:00+00:00
1737216000000,0.006816,0.006857,0.006702,0.006801,469208995.0,2025-01-18 16:00:00+00:00
1737230400000,0.006802,0.006877,0.006717,0.006858,220439842.0,2025-01-18 20:00:00+00:00
1737244800000,0.006858,0.007006,0.006828,0.006873,276579743.0,2025-01-19 00:00:00+00:00
1737259200000,0.006873,0.006877,0.006612,0.006649,443987458.0,2025-01-19 04:00:00+00:00
1737273600000,0.006647,0.006648,0.006344,0.006391,992678900.0,2025-01-19 08:00:00+00:00
1737288000000,0.006392,0.006899,0.006377,0.006827,906716234.0,2025-01-19 12:00:00+00:00
1737302400000,0.006826,0.006945,0.006781,0.006932,328549662.0,2025-01-19 16:00:00+00:00
1737316800000,0.006934,0.006987,0.006277,0.006391,1857253556.0,2025-01-19 20:00:00+00:00
1737331200000,0.006392,0.006562,0.006182,0.006474,1493888191.0,2025-01-20 00:00:00+00:00
1737345600000,0.006474,0.006923,0.006402,0.006788,986511737.0,2025-01-20 04:00:00+00:00
1737360000000,0.006789,0.006872,0.006634,0.006725,414065464.0,2025-01-20 08:00:00+00:00
1737374400000,0.006725,0.00673,0.006453,0.006519,595543658.0,2025-01-20 12:00:00+00:00
1737388800000,0.00652,0.006634,0.006199,0.006485,1051093259.0,2025-01-20 16:00:00+00:00
1737403200000,0.006485,0.006541,0.0063,0.006424,272452692.0,2025-01-20 20:00:00+00:00
1737417600000,0.006422,0.006442,0.006215,0.006282,456718526.0,2025-01-21 00:00:00+00:00
1737432000000,0.006281,0.006331,0.006156,0.006291,211918781.0,2025-01-21 04:00:00+00:00
1737446400000,0.00629,0.006468,0.006236,0.006445,257800496.0,2025-01-21 08:00:00+00:00
1737460800000,0.006447,0.006566,0.006412,0.006487,256685020.0,2025-01-21 12:00:00+00:00
1737475200000,0.006487,0.006703,0.006467,0.006628,277071531.0,2025-01-21 16:00:00+00:00
1737489600000,0.006628,0.006636,0.006474,0.006515,151580017.0,2025-01-21 20:00:00+00:00
1737504000000,0.006515,0.006555,0.006424,0.006495,181732185.0,2025-01-22 00:00:00+00:00
1737518400000,0.006495,0.006539,0.006453,0.006479,92862463.0,2025-01-22 04:00:00+00:00
1737532800000,0.006479,0.00654,0.006438,0.006524,186456952.0,2025-01-22 08:00:00+00:00
1737547200000,0.006524,0.00657,0.006381,0.006422,173639910.0,2025-01-22 12:00:00+00:00
1737561600000,0.006424,0.006479,0.006325,0.006365,163323944.0,2025-01-22 16:00:00+00:00
1737576000000,0.006366,0.006405,0.006259,0.006288,174359566.0,2025-01-22 20:00:00+00:00
1737590400000,0.006288,0.006295,0.006138,0.006173,211101764.0,2025-01-23 00:00:00+00:00
1737604800000,0.006174,0.006253,0.006117,0.006251,143679556.0,2025-01-23 04:00:00+00:00
1737619200000,0.00625,0.006258,0.006136,0.006181,114758256.0,2025-01-23 08:00:00+00:00
1737633600000,0.006182,0.00633,0.006087,0.006301,316405725.0,2025-01-23 12:00:00+00:00
1737648000000,0.006301,0.006391,0.006088,0.006103,194292123.0,2025-01-23 16:00:00+00:00
1737662400000,0.006099,0.006295,0.006042,0.006248,434047075.0,2025-01-23 20:00:00+00:00
1737676800000,0.00625,0.006285,0.006061,0.006174,223255538.0,2025-01-24 00:00:00+00:00
1737691200000,0.006173,0.006382,0.006136,0.006326,242578033.0,2025-01-24 04:00:00+00:00
1737705600000,0.006326,0.006397,0.006301,0.006359,150000350.0,2025-01-24 08:00:00+00:00
1737720000000,0.00636,0.006426,0.006277,0.00632,238433324.0,2025-01-24 12:00:00+00:00
1737734400000,0.00632,0.006333,0.006187,0.006203,156487473.0,2025-01-24 16:00:00+00:00
1737748800000,0.006205,0.006224,0.006065,0.006107,229396979.0,2025-01-24 20:00:00+00:00
1737763200000,0.006106,0.006217,0.006019,0.006206,217221552.0,2025-01-25 00:00:00+00:00
1737777600000,0.006205,0.006205,0.006126,0.006154,125491714.0,2025-01-25 04:00:00+00:00
1737792000000,0.006155,0.006228,0.006139,0.006216,105133972.0,2025-01-25 08:00:00+00:00
1737806400000,0.006214,0.006253,0.00616,0.006228,114458659.0,2025-01-25 12:00:00+00:00
1737820800000,0.006229,0.006254,0.006175,0.006247,119697238.0,2025-01-25 16:00:00+00:00
1737835200000,0.006247,0.006273,0.006207,0.006239,81942720.0,2025-01-25 20:00:00+00:00
1737849600000,0.006239,0.006348,0.006209,0.006321,168981812.0,2025-01-26 00:00:00+00:00
1737864000000,0.006321,0.00642,0.006309,0.006412,119431712.0,2025-01-26 04:00:00+00:00
1737878400000,0.006412,0.006433,0.006295,0.006381,144376330.0,2025-01-26 08:00:00+00:00
1737892800000,0.006382,0.00642,0.006339,0.006376,126924643.0,2025-01-26 12:00:00+00:00
1737907200000,0.006374,0.006412,0.006336,0.006399,104417627.0,2025-01-26 16:00:00+00:00
1737921600000,0.006398,0.006427,0.006147,0.00618,404786295.0,2025-01-26 20:00:00+00:00
1737936000000,0.00618,0.006227,0.005992,0.00604,355338277.0,2025-01-27 00:00:00+00:00
1737950400000,0.006041,0.006041,0.005675,0.005856,451095196.0,2025-01-27 04:00:00+00:00
1737964800000,0.005856,0.00591,0.005737,0.005821,291561403.0,2025-01-27 08:00:00+00:00
1737979200000,0.00582,0.006088,0.005787,0.006032,396523957.0,2025-01-27 12:00:00+00:00
1737993600000,0.006032,0.00604,0.005845,0.005912,208126288.0,2025-01-27 16:00:00+00:00
1738008000000,0.00591,0.006127,0.005908,0.006082,204726115.0,2025-01-27 20:00:00+00:00
1738022400000,0.00608,0.006125,0.005982,0.006079,144785278.0,2025-01-28 00:00:00+00:00
1738036800000,0.006078,0.006112,0.006009,0.006017,102839427.0,2025-01-28 04:00:00+00:00
1738051200000,0.006017,0.006025,0.00594,0.005966,98540869.0,2025-01-28 08:00:00+00:00
1738065600000,0.005967,0.006012,0.005871,0.005948,149288391.0,2025-01-28 12:00:00+00:00
1738080000000,0.005948,0.005957,0.005802,0.005844,120630586.0,2025-01-28 16:00:00+00:00
1738094400000,0.005846,0.00587,0.005603,0.005638,234091850.0,2025-01-28 20:00:00+00:00
1738108800000,0.005638,0.005753,0.005592,0.005731,184176118.0,2025-01-29 00:00:00+00:00
1738123200000,0.005733,0.005832,0.005716,0.005822,122128969.0,2025-01-29 04:00:00+00:00
1738137600000,0.00582,0.00585,0.005738,0.005783,93911028.0,2025-01-29 08:00:00+00:00
1738152000000,0.005783,0.00579,0.005609,0.005695,172170697.0,2025-01-29 12:00:00+00:00
1738166400000,0.005696,0.005858,0.005604,0.005814,225160128.0,2025-01-29 16:00:00+00:00
1738180800000,0.005815,0.005972,0.005749,0.005785,241074127.0,2025-01-29 20:00:00+00:00
1738195200000,0.005786,0.005937,0.005743,0.005936,95689778.0,2025-01-30 00:00:00+00:00
1738209600000,0.005934,0.005978,0.005887,0.005932,77554037.0,2025-01-30 04:00:00+00:00
1738224000000,0.005933,0.005971,0.00587,0.005949,83394989.0,2025-01-30 08:00:00+00:00
1738238400000,0.005948,0.006073,0.0059,0.006049,131093306.0,2025-01-30 12:00:00+00:00
1738252800000,0.006051,0.006074,0.005986,0.006029,86160105.0,2025-01-30 16:00:00+00:00
1738267200000,0.00603,0.006048,0.005936,0.005937,77534075.0,2025-01-30 20:00:00+00:00
1738281600000,0.005939,0.005989,0.005843,0.005872,99362256.0,2025-01-31 00:00:00+00:00
1738296000000,0.005872,0.005976,0.00584,0.005939,77485945.0,2025-01-31 04:00:00+00:00
1738310400000,0.005939,0.006049,0.005888,0.006033,103372994.0,2025-01-31 08:00:00+00:00
1738324800000,0.006034,0.006327,0.00601,0.006156,829025035.0,2025-01-31 12:00:00+00:00
1738339200000,0.006156,0.006179,0.00596,0.005984,277478392.0,2025-01-31 16:00:00+00:00
1738353600000,0.005983,0.006009,0.005897,0.006009,195658705.0,2025-01-31 20:00:00+00:00
1738368000000,0.006008,0.00614,0.005954,0.00605,225359696.0,2025-02-01 00:00:00+00:00
1738382400000,0.006052,0.006153,0.006021,0.006045,155752805.0,2025-02-01 04:00:00+00:00
1738396800000,0.006047,0.00609,0.00595,0.005985,266272370.0,2025-02-01 08:00:00+00:00
1738411200000,0.005984,0.006059,0.005838,0.005903,194869772.0,2025-02-01 12:00:00+00:00
1738425600000,0.005902,0.005928,0.005681,0.00569,173706370.0,2025-02-01 16:00:00+00:00
1738440000000,0.00569,0.005693,0.005494,0.005531,258020971.0,2025-02-01 20:00:00+00:00
1738454400000,0.005531,0.005635,0.0054,0.005422,280869020.0,2025-02-02 00:00:00+00:00
1738468800000,0.005424,0.005538,0.005405,0.005491,162149647.0,2025-02-02 04:00:00+00:00
1738483200000,0.00549,0.005559,0.00537,0.005384,213995343.0,2025-02-02 08:00:00+00:00
1738497600000,0.005384,0.005474,0.005349,0.005404,199133087.0,2025-02-02 12:00:00+00:00
1738512000000,0.005404,0.005413,0.004907,0.005087,829439993.0,2025-02-02 16:00:00+00:00
1738526400000,0.005088,0.005141,0.004788,0.005029,802141875.0,2025-02-02 20:00:00+00:00
1738540800000,0.005029,0.00503,0.00395,0.004488,2362502681.0,2025-02-03 00:00:00+00:00
1738555200000,0.004488,0.004743,0.004345,0.004731,664308699.0,2025-02-03 04:00:00+00:00
1738569600000,0.00473,0.004787,0.004568,0.004737,427838040.0,2025-02-03 08:00:00+00:00
1738584000000,0.004738,0.004965,0.004601,0.004917,752628110.0,2025-02-03 12:00:00+00:00
1738598400000,0.004917,0.005126,0.004903,0.005121,309414192.0,2025-02-03 16:00:00+00:00
1738612800000,0.00512,0.005266,0.005004,0.005198,223522695.0,2025-02-03 20:00:00+00:00
1738627200000,0.005197,0.005244,0.005026,0.00506,258801294.0,2025-02-04 00:00:00+00:00
1738641600000,0.00506,0.005096,0.004713,0.004732,452575169.0,2025-02-04 04:00:00+00:00
1738656000000,0.004731,0.004911,0.004698,0.00486,253315486.0,2025-02-04 08:00:00+00:00
1738670400000,0.004862,0.005048,0.004862,0.004982,270601400.0,2025-02-04 12:00:00+00:00
1738684800000,0.004982,0.005116,0.004919,0.004919,208661751.0,2025-02-04 16:00:00+00:00
1738699200000,0.00492,0.004966,0.004767,0.004881,428547676.0,2025-02-04 20:00:00+00:00
1738713600000,0.004881,0.004946,0.004816,0.004892,191046359.0,2025-02-05 00:00:00+00:00
1738728000000,0.004893,0.004972,0.004846,0.004944,114370833.0,2025-02-05 04:00:00+00:00
1738742400000,0.004944,0.005006,0.004895,0.004991,83260568.0,2025-02-05 08:00:00+00:00
1738756800000,0.004989,0.005025,0.004898,0.004953,169481390.0,2025-02-05 12:00:00+00:00
1738771200000,0.004953,0.004969,0.004755,0.004893,186768557.0,2025-02-05 16:00:00+00:00
1738785600000,0.004895,0.004912,0.004734,0.004798,113363150.0,2025-02-05 20:00:00+00:00
1738800000000,0.004798,0.004868,0.004758,0.00482,96562379.0,2025-02-06 00:00:00+00:00
1738814400000,0.004821,0.00491,0.004809,0.004853,104920910.0,2025-02-06 04:00:00+00:00
1738828800000,0.004854,0.004896,0.004771,0.004822,119216265.0,2025-02-06 08:00:00+00:00
1738843200000,0.004823,0.004832,0.004593,0.00462,235635377.0,2025-02-06 12:00:00+00:00
1738857600000,0.004621,0.004665,0.004545,0.004581,284124931.0,2025-02-06 16:00:00+00:00
1738872000000,0.004582,0.004667,0.004539,0.004592,129522273.0,2025-02-06 20:00:00+00:00
1738886400000,0.004593,0.00472,0.00457,0.004681,183468496.0,2025-02-07 00:00:00+00:00
1738900800000,0.00468,0.0047,0.004571,0.004638,100966338.0,2025-02-07 04:00:00+00:00
1738915200000,0.004638,0.004756,0.004611,0.004752,89525250.0,2025-02-07 08:00:00+00:00
1738929600000,0.004751,0.004923,0.004718,0.004838,304149972.0,2025-02-07 12:00:00+00:00
1738944000000,0.00484,0.004841,0.004716,0.004749,189016386.0,2025-02-07 16:00:00+00:00
1738958400000,0.00475,0.004751,0.004519,0.004671,227624808.0,2025-02-07 20:00:00+00:00
1738972800000,0.004671,0.004715,0.004614,0.004669,120399155.0,2025-02-08 00:00:00+00:00
1738987200000,0.004669,0.004723,0.004612,0.004696,104246715.0,2025-02-08 04:00:00+00:00
1739001600000,0.004696,0.004711,0.004637,0.004664,72637733.0,2025-02-08 08:00:00+00:00
1739016000000,0.004666,0.004758,0.004641,0.004741,192941728.0,2025-02-08 12:00:00+00:00
1739030400000,0.00474,0.004902,0.004698,0.004862,271725888.0,2025-02-08 16:00:00+00:00
1739044800000,0.004863,0.004916,0.004851,0.004891,90458615.0,2025-02-08 20:00:00+00:00
1739059200000,0.004891,0.005012,0.004863,0.005001,135945208.0,2025-02-09 00:00:00+00:00
1739073600000,0.005,0.005035,0.004934,0.005032,93597986.0,2025-02-09 04:00:00+00:00
1739088000000,0.005033,0.005107,0.005022,0.005033,102230439.0,2025-02-09 08:00:00+00:00
1739102400000,0.005033,0.005066,0.004909,0.004992,163769119.0,2025-02-09 12:00:00+00:00
1739116800000,0.004991,0.005028,0.004885,0.004898,88110680.0,2025-02-09 16:00:00+00:00
1739131200000,0.004898,0.004967,0.004762,0.004932,219967567.0,2025-02-09 20:00:00+00:00
1739145600000,0.004932,0.004996,0.00476,0.004872,229274242.0,2025-02-10 00:00:00+00:00
1739160000000,0.004874,0.004979,0.004852,0.004959,111362955.0,2025-02-10 04:00:00+00:00
1739174400000,0.004959,0.005027,0.004952,0.005011,107592354.0,2025-02-10 08:00:00+00:00
1739188800000,0.005011,0.005076,0.004919,0.004941,162907112.0,2025-02-10 12:00:00+00:00
1739203200000,0.004942,0.004955,0.004879,0.004915,161377311.0,2025-02-10 16:00:00+00:00
1739217600000,0.004914,0.004961,0.004913,0.004952,91094190.0,2025-02-10 20:00:00+00:00
1739232000000,0.004951,0.005031,0.004945,0.005008,123415815.0,2025-02-11 00:00:00+00:00
1739246400000,0.005007,0.005197,0.004998,0.005151,440500966.0,2025-02-11 04:00:00+00:00
1739260800000,0.00515,0.005158,0.005021,0.005059,137047414.0,2025-02-11 08:00:00+00:00
1739275200000,0.005059,0.005065,0.004914,0.004975,219493970.0,2025-02-11 12:00:00+00:00
1739289600000,0.004976,0.005008,0.004762,0.004789,259248836.0,2025-02-11 16:00:00+00:00
1739304000000,0.00479,0.004889,0.00478,0.004836,118239356.0,2025-02-11 20:00:00+00:00
1739318400000,0.004837,0.004869,0.004758,0.004779,139222062.0,2025-02-12 00:00:00+00:00
1739332800000,0.004778,0.004841,0.004746,0.004815,101628206.0,2025-02-12 04:00:00+00:00
1739347200000,0.004817,0.004894,0.004797,0.004868,102139140.0,2025-02-12 08:00:00+00:00
1739361600000,0.004869,0.004981,0.004721,0.0049,352187168.0,2025-02-12 12:00:00+00:00
1739376000000,0.0049,0.005081,0.004866,0.005049,160754201.0,2025-02-12 16:00:00+00:00
1739390400000,0.005049,0.00521,0.005032,0.005146,103465116.0,2025-02-12 20:00:00+00:00
1739404800000,0.005148,0.005188,0.005107,0.005128,92430278.0,2025-02-13 00:00:00+00:00
1739419200000,0.005131,0.005137,0.004982,0.004987,140646237.0,2025-02-13 04:00:00+00:00
1739433600000,0.004988,0.005029,0.004948,0.005007,99410498.0,2025-02-13 08:00:00+00:00
1739448000000,0.005007,0.005049,0.004924,0.005003,156956375.0,2025-02-13 12:00:00+00:00
1739462400000,0.005002,0.005049,0.004937,0.004995,98965283.0,2025-02-13 16:00:00+00:00
1739476800000,0.004995,0.005061,0.004993,0.005032,66524992.0,2025-02-13 20:00:00+00:00
1739491200000,0.005032,0.005098,0.005007,0.005093,70432268.0,2025-02-14 00:00:00+00:00
1739505600000,0.005094,0.005097,0.005008,0.005026,64661684.0,2025-02-14 04:00:00+00:00
1739520000000,0.005025,0.005123,0.005025,0.005058,88114707.0,2025-02-14 08:00:00+00:00
1739534400000,0.00506,0.005147,0.005024,0.005124,104541484.0,2025-02-14 12:00:00+00:00
1739548800000,0.005125,0.005216,0.00508,0.005178,130693792.0,2025-02-14 16:00:00+00:00
1739563200000,0.005178,0.005195,0.005041,0.005141,213681706.0,2025-02-14 20:00:00+00:00
1739577600000,0.005142,0.005155,0.005104,0.005132,66753023.0,2025-02-15 00:00:00+00:00
1739592000000,0.005131,0.005158,0.005042,0.005069,53357977.0,2025-02-15 04:00:00+00:00
1739606400000,0.005069,0.005096,0.005035,0.005072,125232347.0,2025-02-15 08:00:00+00:00
1739620800000,0.005073,0.005127,0.005014,0.00505,248515637.0,2025-02-15 12:00:00+00:00
1739635200000,0.005051,0.005078,0.005011,0.005025,91506042.0,2025-02-15 16:00:00+00:00
1739649600000,0.005025,0.005036,0.004965,0.005003,73112435.0,2025-02-15 20:00:00+00:00
1739664000000,0.005003,0.005049,0.004939,0.004997,140323518.0,2025-02-16 00:00:00+00:00
1739678400000,0.004998,0.005081,0.004946,0.005019,173524105.0,2025-02-16 04:00:00+00:00
1739692800000,0.00502,0.005172,0.005004,0.005146,265934769.0,2025-02-16 08:00:00+00:00
1739707200000,0.005146,0.005147,0.004999,0.005099,173375158.0,2025-02-16 12:00:00+00:00
1739721600000,0.005098,0.005141,0.005049,0.005123,101189545.0,2025-02-16 16:00:00+00:00
1739736000000,0.005121,0.005168,0.005058,0.00511,204539261.0,2025-02-16 20:00:00+00:00
1739750400000,0.00511,0.005159,0.005086,0.005136,118945948.0,2025-02-17 00:00:00+00:00
1739764800000,0.005134,0.0052,0.005031,0.005151,213733010.0,2025-02-17 04:00:00+00:00
1739779200000,0.005151,0.005186,0.005063,0.005163,173028805.0,2025-02-17 08:00:00+00:00
1739793600000,0.005161,0.005239,0.00508,0.005093,179468199.0,2025-02-17 12:00:00+00:00
1739808000000,0.005093,0.005115,0.004996,0.005059,273735352.0,2025-02-17 16:00:00+00:00
1739822400000,0.005059,0.005151,0.00505,0.0051,85797012.0,2025-02-17 20:00:00+00:00
1739836800000,0.005099,0.005106,0.004992,0.005062,139670533.0,2025-02-18 00:00:00+00:00
1739851200000,0.005062,0.005063,0.004778,0.004817,241012766.0,2025-02-18 04:00:00+00:00
1739865600000,0.004816,0.004872,0.004764,0.004824,228960653.0,2025-02-18 08:00:00+00:00
1739880000000,0.004822,0.004912,0.004724,0.004746,180373335.0,2025-02-18 12:00:00+00:00
1739894400000,0.004747,0.004783,0.004682,0.004738,143335370.0,2025-02-18 16:00:00+00:00
1739908800000,0.00474,0.004814,0.004706,0.004813,88968912.0,2025-02-18 20:00:00+00:00
1739923200000,0.004812,0.004856,0.004771,0.004852,93121683.0,2025-02-19 00:00:00+00:00
1739937600000,0.004852,0.004961,0.004787,0.004945,112123118.0,2025-02-19 04:00:00+00:00
1739952000000,0.004945,0.005106,0.004928,0.005076,170699141.0,2025-02-19 08:00:00+00:00
1739966400000,0.005076,0.00512,0.004983,0.005019,217552211.0,2025-02-19 12:00:00+00:00
1739980800000,0.005017,0.005073,0.004977,0.005,135436309.0,2025-02-19 16:00:00+00:00
1739995200000,0.005001,0.005072,0.004962,0.005038,83220665.0,2025-02-19 20:00:00+00:00
1740009600000,0.005039,0.005135,0.005029,0.005111,212378096.0,2025-02-20 00:00:00+00:00
1740024000000,0.005112,0.005147,0.005034,0.005038,79308444.0,2025-02-20 04:00:00+00:00
1740038400000,0.005039,0.005111,0.005026,0.005077,88856316.0,2025-02-20 08:00:00+00:00
1740052800000,0.005077,0.005135,0.005024,0.005034,107727128.0,2025-02-20 12:00:00+00:00
1740067200000,0.005035,0.005147,0.005029,0.005131,96277287.0,2025-02-20 16:00:00+00:00
1740081600000,0.005131,0.005189,0.005122,0.005173,77935241.0,2025-02-20 20:00:00+00:00
1740096000000,0.005173,0.005189,0.005097,0.005129,91504183.0,2025-02-21 00:00:00+00:00
1740110400000,0.005129,0.005172,0.005125,0.005145,97232977.0,2025-02-21 04:00:00+00:00
1740124800000,0.005146,0.00528,0.005144,0.00524,147486601.0,2025-02-21 08:00:00+00:00
1740139200000,0.005241,0.005358,0.005104,0.005172,228477291.0,2025-02-21 12:00:00+00:00
1740153600000,0.005174,0.005273,0.004945,0.004968,218868897.0,2025-02-21 16:00:00+00:00
1740168000000,0.004968,0.005021,0.00493,0.005003,168147482.0,2025-02-21 20:00:00+00:00
1740182400000,0.005003,0.005188,0.004969,0.005186,119514926.0,2025-02-22 00:00:00+00:00
1740196800000,0.005185,0.005212,0.005121,0.005153,174367942.0,2025-02-22 04:00:00+00:00
1740211200000,0.005154,0.005224,0.005131,0.005161,140505422.0,2025-02-22 08:00:00+00:00
1740225600000,0.005161,0.005222,0.005144,0.005185,108521214.0,2025-02-22 12:00:00+00:00
1740240000000,0.005185,0.005254,0.005176,0.005243,153153611.0,2025-02-22 16:00:00+00:00
1740254400000,0.005241,0.005242,0.005204,0.00523,50370915.0,2025-02-22 20:00:00+00:00
1740268800000,0.005231,0.005236,0.005166,0.005199,176181274.0,2025-02-23 00:00:00+00:00
1740283200000,0.005198,0.005282,0.005181,0.005273,72313780.0,2025-02-23 04:00:00+00:00
1740297600000,0.005273,0.005276,0.005167,0.00518,80584458.0,2025-02-23 08:00:00+00:00
1740312000000,0.00518,0.0052,0.005078,0.005083,95760829.0,2025-02-23 12:00:00+00:00
1740326400000,0.005083,0.005159,0.005082,0.005139,56597858.0,2025-02-23 16:00:00+00:00
1740340800000,0.005138,0.005188,0.005091,0.005148,50443165.0,2025-02-23 20:00:00+00:00
1740355200000,0.005147,0.005179,0.004939,0.004958,115670139.0,2025-02-24 00:00:00+00:00
1740369600000,0.004957,0.004991,0.004892,0.004972,103969561.0,2025-02-24 04:00:00+00:00
1740384000000,0.004971,0.004971,0.004837,0.004906,164197091.0,2025-02-24 08:00:00+00:00
1740398400000,0.004906,0.004928,0.004737,0.004773,194847061.0,2025-02-24 12:00:00+00:00
1740412800000,0.004774,0.004825,0.004652,0.004692,146799572.0,2025-02-24 16:00:00+00:00
1740427200000,0.004692,0.004745,0.004411,0.004504,441143484.0,2025-02-24 20:00:00+00:00
1740441600000,0.004504,0.004579,0.00439,0.00451,335950162.0,2025-02-25 00:00:00+00:00
1740456000000,0.004511,0.004554,0.004281,0.004389,358954028.0,2025-02-25 04:00:00+00:00
1740470400000,0.004389,0.004481,0.004283,0.004466,272383919.0,2025-02-25 08:00:00+00:00
1740484800000,0.004468,0.004527,0.004386,0.004488,303817789.0,2025-02-25 12:00:00+00:00
1740499200000,0.004492,0.00457,0.004446,0.004568,158486968.0,2025-02-25 16:00:00+00:00
1740513600000,0.004568,0.004661,0.004552,0.00461,135057444.0,2025-02-25 20:00:00+00:00
1740528000000,0.00461,0.004666,0.00457,0.004646,93671493.0,2025-02-26 00:00:00+00:00
1740542400000,0.004646,0.004672,0.00461,0.004647,53075139.0,2025-02-26 04:00:00+00:00
1740556800000,0.004646,0.00469,0.004599,0.004627,86994776.0,2025-02-26 08:00:00+00:00
1740571200000,0.004631,0.004657,0.004484,0.00461,179658442.0,2025-02-26 12:00:00+00:00
1740585600000,0.00461,0.004628,0.004403,0.00445,266359729.0,2025-02-26 16:00:00+00:00
1740600000000,0.00445,0.004637,0.004399,0.00455,123776380.0,2025-02-26 20:00:00+00:00
1740614400000,0.004551,0.004604,0.004503,0.004594,87565755.0,2025-02-27 00:00:00+00:00
1740628800000,0.004595,0.004675,0.004558,0.004649,65276485.0,2025-02-27 04:00:00+00:00
1740643200000,0.004648,0.004677,0.004623,0.004646,76410606.0,2025-02-27 08:00:00+00:00
1740657600000,0.004646,0.00466,0.00454,0.004587,223602542.0,2025-02-27 12:00:00+00:00
1740672000000,0.004585,0.004607,0.004519,0.004536,81489826.0,2025-02-27 16:00:00+00:00
1740686400000,0.004536,0.004575,0.004451,0.004567,113239288.0,2025-02-27 20:00:00+00:00
1740700800000,0.004568,0.004577,0.004277,0.004291,321349960.0,2025-02-28 00:00:00+00:00
1740715200000,0.004292,0.004358,0.004232,0.004323,404557989.0,2025-02-28 04:00:00+00:00
1740729600000,0.004322,0.004416,0.004249,0.004376,172910860.0,2025-02-28 08:00:00+00:00
1740744000000,0.004375,0.004602,0.004367,0.004594,216771203.0,2025-02-28 12:00:00+00:00
1740758400000,0.004594,0.004654,0.004565,0.004619,146857530.0,2025-02-28 16:00:00+00:00
1740772800000,0.004617,0.004645,0.004591,0.004617,75182315.0,2025-02-28 20:00:00+00:00
1740787200000,0.004618,0.004654,0.004572,0.004614,126989237.0,2025-03-01 00:00:00+00:00
1740801600000,0.004614,0.004654,0.004555,0.004572,83378594.0,2025-03-01 04:00:00+00:00
1740816000000,0.004574,0.004614,0.004489,0.004502,106133188.0,2025-03-01 08:00:00+00:00
1740830400000,0.004502,0.004525,0.004442,0.00448,97073603.0,2025-03-01 12:00:00+00:00
1740844800000,0.004481,0.004552,0.004469,0.004526,75442209.0,2025-03-01 16:00:00+00:00
1740859200000,0.004526,0.004616,0.004511,0.004604,79219446.0,2025-03-01 20:00:00+00:00
1740873600000,0.004604,0.004624,0.004551,0.004587,88458861.0,2025-03-02 00:00:00+00:00
1740888000000,0.004587,0.004614,0.004535,0.004563,126546664.0,2025-03-02 04:00:00+00:00
1740902400000,0.004563,0.004616,0.004543,0.004601,75663394.0,2025-03-02 08:00:00+00:00
1740916800000,0.0046,0.004711,0.00452,0.004637,259641676.0,2025-03-02 12:00:00+00:00
1740931200000,0.004638,0.004943,0.004627,0.004929,632244042.0,2025-03-02 16:00:00+00:00
1740945600000,0.004928,0.004996,0.004912,0.004972,113259751.0,2025-03-02 20:00:00+00:00
1740960000000,0.004971,0.00499,0.00478,0.004811,177041871.0,2025-03-03 00:00:00+00:00
1740974400000,0.004811,0.004873,0.004692,0.004769,164504428.0,2025-03-03 04:00:00+00:00
1740988800000,0.004769,0.004773,0.004657,0.004727,123347978.0,2025-03-03 08:00:00+00:00
1741003200000,0.004727,0.004792,0.004602,0.004658,246612196.0,2025-03-03 12:00:00+00:00
1741017600000,0.004658,0.004679,0.004301,0.004323,393418857.0,2025-03-03 16:00:00+00:00
1741032000000,0.004324,0.004402,0.004299,0.004336,285312149.0,2025-03-03 20:00:00+00:00
1741046400000,0.004336,0.004369,0.004114,0.004224,487802116.0,2025-03-04 00:00:00+00:00
1741060800000,0.004226,0.004278,0.0042,0.004218,181557367.0,2025-03-04 04:00:00+00:00
1741075200000,0.004218,0.004269,0.004201,0.004219,158497945.0,2025-03-04 08:00:00+00:00
1741089600000,0.004218,0.004282,0.004095,0.004191,413625810.0,2025-03-04 12:00:00+00:00
1741104000000,0.004191,0.004319,0.004016,0.004307,325768256.0,2025-03-04 16:00:00+00:00
1741118400000,0.004308,0.004362,0.004244,0.004304,131901049.0,2025-03-04 20:00:00+00:00
1741132800000,0.004305,0.004333,0.004243,0.004245,110144450.0,2025-03-05 00:00:00+00:00
1741147200000,0.004247,0.0043,0.004232,0.004288,87585633.0,2025-03-05 04:00:00+00:00
1741161600000,0.004289,0.004417,0.004284,0.004352,122033155.0,2025-03-05 08:00:00+00:00
1741176000000,0.004352,0.004405,0.004299,0.004326,164528960.0,2025-03-05 12:00:00+00:00
1741190400000,0.004325,0.004412,0.004274,0.004401,124905656.0,2025-03-05 16:00:00+00:00
1741204800000,0.004401,0.004436,0.004397,0.004423,68077276.0,2025-03-05 20:00:00+00:00
1741219200000,0.004423,0.004489,0.004383,0.004489,141714450.0,2025-03-06 00:00:00+00:00
1741233600000,0.004489,0.004549,0.004462,0.00447,115983154.0,2025-03-06 04:00:00+00:00
1741248000000,0.00447,0.004508,0.004458,0.004493,79581772.0,2025-03-06 08:00:00+00:00
1741262400000,0.004494,0.004502,0.004391,0.004468,182732871.0,2025-03-06 12:00:00+00:00
1741276800000,0.004468,0.004486,0.004316,0.004346,144228039.0,2025-03-06 16:00:00+00:00
1741291200000,0.004347,0.004424,0.004339,0.004365,92189674.0,2025-03-06 20:00:00+00:00
1741305600000,0.004367,0.00441,0.004161,0.004303,306872576.0,2025-03-07 00:00:00+00:00
1741320000000,0.004303,0.004382,0.004298,0.004382,80357743.0,2025-03-07 04:00:00+00:00
1741334400000,0.004382,0.004449,0.004342,0.00443,127980714.0,2025-03-07 08:00:00+00:00
1741348800000,0.00443,0.00451,0.004396,0.00447,197833132.0,2025-03-07 12:00:00+00:00
1741363200000,0.004469,0.004519,0.004377,0.004463,201472174.0,2025-03-07 16:00:00+00:00
1741377600000,0.004463,0.004488,0.004344,0.004368,179816142.0,2025-03-07 20:00:00+00:00
1741392000000,0.004368,0.004383,0.004296,0.004367,92808325.0,2025-03-08 00:00:00+00:00
1741406400000,0.004368,0.004395,0.00431,0.004314,64731726.0,2025-03-08 04:00:00+00:00
1741420800000,0.004313,0.004343,0.004276,0.004299,71969234.0,2025-03-08 08:00:00+00:00
1741435200000,0.0043,0.004446,0.004283,0.004333,213368165.0,2025-03-08 12:00:00+00:00
1741449600000,0.004333,0.004392,0.004289,0.004383,88422379.0,2025-03-08 16:00:00+00:00
1741464000000,0.004384,0.00439,0.004308,0.004343,57102152.0,2025-03-08 20:00:00+00:00
1741478400000,0.004343,0.004374,0.004293,0.004302,64884113.0,2025-03-09 00:00:00+00:00
1741492800000,0.004303,0.004306,0.00425,0.004287,64644622.0,2025-03-09 04:00:00+00:00
1741507200000,0.004288,0.004288,0.004174,0.004188,100334310.0,2025-03-09 08:00:00+00:00
1741521600000,0.004187,0.0042,0.004076,0.00409,156311263.0,2025-03-09 12:00:00+00:00
1741536000000,0.00409,0.004114,0.003913,0.003995,368257634.0,2025-03-09 16:00:00+00:00
1741550400000,0.003995,0.004027,0.003894,0.003936,145009798.0,2025-03-09 20:00:00+00:00
1741564800000,0.003936,0.004021,0.00388,0.003994,207730673.0,2025-03-10 00:00:00+00:00
1741579200000,0.003994,0.004125,0.003992,0.004123,194540329.0,2025-03-10 04:00:00+00:00
1741593600000,0.004125,0.004439,0.004056,0.004415,666626422.0,2025-03-10 08:00:00+00:00
1741608000000,0.004415,0.00557,0.004391,0.005237,37154325704.0,2025-03-10 12:00:00+00:00
1741622400000,0.005237,0.005499,0.004824,0.005236,12566127084.0,2025-03-10 16:00:00+00:00
1741636800000,0.005234,0.005474,0.00501,0.005132,9875070075.0,2025-03-10 20:00:00+00:00
1741651200000,0.005132,0.005241,0.004559,0.004999,13473946076.0,2025-03-11 00:00:00+00:00
1741665600000,0.004999,0.005329,0.004653,0.004866,9497629306.0,2025-03-11 04:00:00+00:00
1741680000000,0.004864,0.005164,0.004695,0.005008,9885755227.0,2025-03-11 08:00:00+00:00
1741694400000,0.005009,0.005198,0.004785,0.005009,6338521122.0,2025-03-11 12:00:00+00:00
1741708800000,0.005007,0.00511,0.004881,0.005047,3308669329.0,2025-03-11 16:00:00+00:00
1741723200000,0.005045,0.005176,0.004976,0.005103,2514072630.0,2025-03-11 20:00:00+00:00
1741737600000,0.005103,0.005164,0.004782,0.004789,5290380611.0,2025-03-12 00:00:00+00:00
1741752000000,0.004789,0.004844,0.004718,0.004824,1801602822.0,2025-03-12 04:00:00+00:00
1741766400000,0.004822,0.004878,0.004762,0.004828,1674497912.0,2025-03-12 08:00:00+00:00
1741780800000,0.004828,0.004923,0.004647,0.004729,2584922978.0,2025-03-12 12:00:00+00:00
1741795200000,0.004728,0.004768,0.004637,0.004692,1333840462.0,2025-03-12 16:00:00+00:00
1741809600000,0.004691,0.004808,0.004678,0.004803,886666451.0,2025-03-12 20:00:00+00:00
1741824000000,0.004802,0.004802,0.004653,0.004668,1675159176.0,2025-03-13 00:00:00+00:00
1741838400000,0.004668,0.004675,0.004536,0.004568,1106176902.0,2025-03-13 04:00:00+00:00
1741852800000,0.004569,0.004651,0.004527,0.004622,908948658.0,2025-03-13 08:00:00+00:00
1741867200000,0.004622,0.004646,0.004485,0.004545,1094113459.0,2025-03-13 12:00:00+00:00
1741881600000,0.004545,0.004588,0.004472,0.004575,926636348.0,2025-03-13 16:00:00+00:00
1741896000000,0.004576,0.004663,0.004506,0.004653,838831942.0,2025-03-13 20:00:00+00:00
1741910400000,0.004653,0.004752,0.004585,0.004731,1481657456.0,2025-03-14 00:00:00+00:00
1741924800000,0.00473,0.005068,0.004716,0.004871,5012935380.0,2025-03-14 04:00:00+00:00
1741939200000,0.004871,0.00538,0.004845,0.005366,7031395793.0,2025-03-14 08:00:00+00:00
1741953600000,0.005366,0.005608,0.005305,0.005452,12921544388.0,2025-03-14 12:00:00+00:00
1741968000000,0.005452,0.0057,0.005361,0.005495,7338013757.0,2025-03-14 16:00:00+00:00
1741982400000,0.005494,0.005498,0.00473,0.004735,7905467556.0,2025-03-14 20:00:00+00:00
1741996800000,0.004734,0.004992,0.004698,0.004902,8380874637.0,2025-03-15 00:00:00+00:00
1742011200000,0.004902,0.004963,0.004844,0.004859,1880136487.0,2025-03-15 04:00:00+00:00
1742025600000,0.004858,0.004905,0.004838,0.004876,1433749056.0,2025-03-15 08:00:00+00:00
1742040000000,0.004876,0.004952,0.004846,0.00486,1302738113.0,2025-03-15 12:00:00+00:00
1742054400000,0.004859,0.004908,0.004846,0.004866,803235639.0,2025-03-15 16:00:00+00:00
1742068800000,0.004866,0.00494,0.004862,0.004911,838907426.0,2025-03-15 20:00:00+00:00
1742083200000,0.004911,0.004913,0.004694,0.004724,1510748037.0,2025-03-16 00:00:00+00:00
1742097600000,0.004725,0.004743,0.004683,0.004711,584564073.0,2025-03-16 04:00:00+00:00
1742112000000,0.004711,0.004713,0.004574,0.004588,967318530.0,2025-03-16 08:00:00+00:00
1742126400000,0.004589,0.004612,0.004496,0.00452,828001599.0,2025-03-16 12:00:00+00:00
1742140800000,0.00452,0.004605,0.004482,0.004509,750051433.0,2025-03-16 16:00:00+00:00
1742155200000,0.004509,0.004593,0.00449,0.004582,460795721.0,2025-03-16 20:00:00+00:00
1742169600000,0.004581,0.004594,0.004458,0.004483,783339762.0,2025-03-17 00:00:00+00:00
1742184000000,0.004483,0.004519,0.004433,0.004479,421020062.0,2025-03-17 04:00:00+00:00
1742198400000,0.004479,0.004555,0.004467,0.004502,488792779.0,2025-03-17 08:00:00+00:00
1742212800000,0.004502,0.004585,0.004471,0.00451,604410677.0,2025-03-17 12:00:00+00:00
1742227200000,0.004512,0.004598,0.004496,0.004546,419010054.0,2025-03-17 16:00:00+00:00
1742241600000,0.004547,0.004556,0.004506,0.00454,276403367.0,2025-03-17 20:00:00+00:00
1742256000000,0.00454,0.004545,0.004355,0.00438,659213797.0,2025-03-18 00:00:00+00:00
1742270400000,0.004379,0.00442,0.004346,0.004395,390898670.0,2025-03-18 04:00:00+00:00
1742284800000,0.004394,0.004409,0.004317,0.004327,426343138.0,2025-03-18 08:00:00+00:00
1742299200000,0.004326,0.004355,0.004266,0.004274,500275635.0,2025-03-18 12:00:00+00:00
1742313600000,0.004274,0.004307,0.004258,0.004294,292983687.0,2025-03-18 16:00:00+00:00
1742328000000,0.004294,0.004365,0.004291,0.004349,320886851.0,2025-03-18 20:00:00+00:00
1742342400000,0.004351,0.004412,0.004351,0.00439,302128653.0,2025-03-19 00:00:00+00:00
1742356800000,0.004391,0.004394,0.004298,0.004305,282278611.0,2025-03-19 04:00:00+00:00
1742371200000,0.004305,0.004384,0.004294,0.004356,368731905.0,2025-03-19 08:00:00+00:00
1742385600000,0.004357,0.004373,0.004278,0.0043,480928399.0,2025-03-19 12:00:00+00:00
1742400000000,0.004302,0.004374,0.004253,0.004362,495773271.0,2025-03-19 16:00:00+00:00
1742414400000,0.004363,0.004375,0.004328,0.004355,238554960.0,2025-03-19 20:00:00+00:00
1742428800000,0.004355,0.004368,0.004287,0.004301,254828206.0,2025-03-20 00:00:00+00:00
1742443200000,0.004302,0.004335,0.004301,0.004325,192469642.0,2025-03-20 04:00:00+00:00
1742457600000,0.004325,0.004354,0.004255,0.004276,271276225.0,2025-03-20 08:00:00+00:00
1742472000000,0.004277,0.004317,0.004252,0.004253,257857306.0,2025-03-20 12:00:00+00:00
1742486400000,0.004252,0.004285,0.004221,0.00427,230592759.0,2025-03-20 16:00:00+00:00
1742500800000,0.00427,0.00431,0.004269,0.004298,162316155.0,2025-03-20 20:00:00+00:00
1742515200000,0.004297,0.00432,0.004268,0.00427,185176224.0,2025-03-21 00:00:00+00:00
1742529600000,0.00427,0.004305,0.004224,0.004242,232202025.0,2025-03-21 04:00:00+00:00
1742544000000,0.004242,0.004255,0.004144,0.004155,508015150.0,2025-03-21 08:00:00+00:00
1742558400000,0.004155,0.004175,0.004126,0.00413,299621241.0,2025-03-21 12:00:00+00:00
1742572800000,0.004131,0.004181,0.004121,0.004155,208024687.0,2025-03-21 16:00:00+00:00
1742587200000,0.004155,0.00421,0.004151,0.00416,194300803.0,2025-03-21 20:00:00+00:00
1742601600000,0.004162,0.004189,0.004139,0.004171,196826084.0,2025-03-22 00:00:00+00:00
1742616000000,0.004172,0.00424,0.004166,0.004225,172476953.0,2025-03-22 04:00:00+00:00
1742630400000,0.004225,0.004267,0.004213,0.004247,175225108.0,2025-03-22 08:00:00+00:00
1742644800000,0.004246,0.004271,0.004219,0.004256,169832281.0,2025-03-22 12:00:00+00:00
1742659200000,0.004256,0.004309,0.004247,0.004288,174339277.0,2025-03-22 16:00:00+00:00
1742673600000,0.004289,0.004294,0.004181,0.004217,229836673.0,2025-03-22 20:00:00+00:00
1742688000000,0.004218,0.004226,0.004169,0.004212,210110801.0,2025-03-23 00:00:00+00:00
1742702400000,0.004212,0.004231,0.004151,0.004187,167547540.0,2025-03-23 04:00:00+00:00
1742716800000,0.004188,0.004198,0.004156,0.004188,176091449.0,2025-03-23 08:00:00+00:00
1742731200000,0.004188,0.004196,0.004134,0.004153,243475681.0,2025-03-23 12:00:00+00:00
1742745600000,0.004153,0.004154,0.00409,0.004134,226533404.0,2025-03-23 16:00:00+00:00
1742760000000,0.004134,0.004171,0.004119,0.004166,151080572.0,2025-03-23 20:00:00+00:00
1742774400000,0.004168,0.004196,0.004122,0.004187,295569767.0,2025-03-24 00:00:00+00:00
1742788800000,0.004189,0.004284,0.004189,0.004269,267823343.0,2025-03-24 04:00:00+00:00
1742803200000,0.004268,0.004325,0.004255,0.004267,331878217.0,2025-03-24 08:00:00+00:00
1742817600000,0.004267,0.004304,0.004232,0.004253,298974029.0,2025-03-24 12:00:00+00:00
1742832000000,0.004254,0.004278,0.004232,0.004265,148504613.0,2025-03-24 16:00:00+00:00
1742846400000,0.004264,0.004308,0.004259,0.004295,167383123.0,2025-03-24 20:00:00+00:00
1742860800000,0.004294,0.004341,0.004263,0.00428,435935688.0,2025-03-25 00:00:00+00:00
1742875200000,0.004279,0.004304,0.004251,0.004281,191343408.0,2025-03-25 04:00:00+00:00
1742889600000,0.004282,0.004329,0.00428,0.004318,153797833.0,2025-03-25 08:00:00+00:00
1742904000000,0.004318,0.004335,0.004275,0.004305,199245063.0,2025-03-25 12:00:00+00:00
1742918400000,0.004304,0.004351,0.004274,0.004339,185725597.0,2025-03-25 16:00:00+00:00
1742932800000,0.004339,0.004357,0.004304,0.004343,151733844.0,2025-03-25 20:00:00+00:00
1742947200000,0.004343,0.004373,0.004305,0.004317,193558353.0,2025-03-26 00:00:00+00:00
1742961600000,0.004317,0.00443,0.004308,0.004428,182514533.0,2025-03-26 04:00:00+00:00
1742976000000,0.004427,0.004452,0.004392,0.004419,184285178.0,2025-03-26 08:00:00+00:00
1742990400000,0.004419,0.004421,0.004239,0.004297,548877285.0,2025-03-26 12:00:00+00:00
1743004800000,0.004297,0.004325,0.004219,0.004276,286968490.0,2025-03-26 16:00:00+00:00
1743019200000,0.004276,0.004327,0.004247,0.00427,186896814.0,2025-03-26 20:00:00+00:00
1743033600000,0.004271,0.004349,0.004256,0.004347,186156307.0,2025-03-27 00:00:00+00:00
1743048000000,0.004348,0.004352,0.004262,0.004268,141059457.0,2025-03-27 04:00:00+00:00
1743062400000,0.004267,0.004287,0.004192,0.004198,197617197.0,2025-03-27 08:00:00+00:00
1743076800000,0.004196,0.004278,0.004146,0.004254,348233784.0,2025-03-27 12:00:00+00:00
1743091200000,0.004254,0.004268,0.004197,0.004251,164066981.0,2025-03-27 16:00:00+00:00
1743105600000,0.004252,0.004315,0.004244,0.004286,142056693.0,2025-03-27 20:00:00+00:00
1743120000000,0.004286,0.004295,0.004191,0.004203,226177710.0,2025-03-28 00:00:00+00:00
1743134400000,0.004203,0.004211,0.004068,0.004069,435165861.0,2025-03-28 04:00:00+00:00
1743148800000,0.00407,0.004105,0.004023,0.00408,590851962.0,2025-03-28 08:00:00+00:00
1743163200000,0.00408,0.004101,0.004029,0.004038,264622234.0,2025-03-28 12:00:00+00:00
1743177600000,0.00404,0.004051,0.003991,0.004,172962348.0,2025-03-28 16:00:00+00:00
1743192000000,0.004,0.004081,0.003988,0.004071,163416800.0,2025-03-28 20:00:00+00:00
1743206400000,0.004072,0.004094,0.003964,0.004034,217485201.0,2025-03-29 00:00:00+00:00
1743220800000,0.004032,0.004041,0.003942,0.003953,168961490.0,2025-03-29 04:00:00+00:00
1743235200000,0.003954,0.004,0.003883,0.003909,272206110.0,2025-03-29 08:00:00+00:00
1743249600000,0.00391,0.003958,0.00389,0.003896,191562306.0,2025-03-29 12:00:00+00:00
1743264000000,0.003896,0.003911,0.003796,0.003858,392751412.0,2025-03-29 16:00:00+00:00
1743278400000,0.003858,0.00386,0.003797,0.003852,152777973.0,2025-03-29 20:00:00+00:00
1743292800000,0.003853,0.003931,0.003814,0.003907,172678631.0,2025-03-30 00:00:00+00:00
1743307200000,0.003907,0.003936,0.003894,0.003917,135194038.0,2025-03-30 04:00:00+00:00
1743321600000,0.003918,0.003944,0.003817,0.003882,262941740.0,2025-03-30 08:00:00+00:00
1743336000000,0.003883,0.003902,0.003801,0.003869,262353302.0,2025-03-30 12:00:00+00:00
1743350400000,0.003869,0.003916,0.003806,0.003877,148501503.0,2025-03-30 16:00:00+00:00
1743364800000,0.003878,0.003883,0.003797,0.003845,233227457.0,2025-03-30 20:00:00+00:00
1743379200000,0.003845,0.003886,0.003743,0.003783,349819083.0,2025-03-31 00:00:00+00:00
1743393600000,0.003784,0.00387,0.003747,0.003767,288280569.0,2025-03-31 04:00:00+00:00
1743408000000,0.003767,0.003848,0.003744,0.003831,251738995.0,2025-03-31 08:00:00+00:00
1743422400000,0.00383,0.003936,0.003815,0.003909,332767029.0,2025-03-31 12:00:00+00:00
1743436800000,0.003909,0.003936,0.003856,0.003893,186400401.0,2025-03-31 16:00:00+00:00
1743451200000,0.003893,0.003914,0.003854,0.003872,161713982.0,2025-03-31 20:00:00+00:00
1743465600000,0.003872,0.003928,0.003868,0.003894,211326807.0,2025-04-01 00:00:00+00:00
1743480000000,0.003895,0.003933,0.003873,0.003891,201800809.0,2025-04-01 04:00:00+00:00
1743494400000,0.003891,0.003974,0.003842,0.003861,344242025.0,2025-04-01 08:00:00+00:00
1743508800000,0.003861,0.003976,0.003819,0.003943,325465453.0,2025-04-01 12:00:00+00:00
1743523200000,0.003943,0.003957,0.003855,0.003873,181843751.0,2025-04-01 16:00:00+00:00
1743537600000,0.003872,0.003908,0.00383,0.003875,150824283.0,2025-04-01 20:00:00+00:00
1743552000000,0.003875,0.003875,0.003762,0.003813,317587147.0,2025-04-02 00:00:00+00:00
1743566400000,0.003812,0.003827,0.003713,0.003751,246064539.0,2025-04-02 04:00:00+00:00
1743580800000,0.003751,0.003796,0.003742,0.003765,176289776.0,2025-04-02 08:00:00+00:00
1743595200000,0.003765,0.0039,0.003743,0.003869,285516286.0,2025-04-02 12:00:00+00:00
1743609600000,0.00387,0.003892,0.003782,0.00382,151344194.0,2025-04-02 16:00:00+00:00
1743624000000,0.00382,0.003914,0.003576,0.003633,685771445.0,2025-04-02 20:00:00+00:00
1743638400000,0.003633,0.003764,0.003612,0.003723,227712485.0,2025-04-03 00:00:00+00:00
1743652800000,0.003725,0.003771,0.003625,0.003647,243431471.0,2025-04-03 04:00:00+00:00
1743667200000,0.003646,0.003667,0.003549,0.003573,345902975.0,2025-04-03 08:00:00+00:00
1743681600000,0.003572,0.003587,0.003486,0.003555,372645694.0,2025-04-03 12:00:00+00:00
1743696000000,0.003556,0.003625,0.003539,0.003612,199914094.0,2025-04-03 16:00:00+00:00
1743710400000,0.003611,0.003669,0.003595,0.00365,153481490.0,2025-04-03 20:00:00+00:00
1743724800000,0.003651,0.003663,0.003594,0.003639,205732742.0,2025-04-04 00:00:00+00:00
1743739200000,0.003639,0.003681,0.003602,0.003637,249471251.0,2025-04-04 04:00:00+00:00
1743753600000,0.003637,0.003653,0.003472,0.003531,465297435.0,2025-04-04 08:00:00+00:00
1743768000000,0.00353,0.003613,0.003498,0.003556,368936380.0,2025-04-04 12:00:00+00:00
1743782400000,0.003556,0.003631,0.003537,0.003588,166930465.0,2025-04-04 16:00:00+00:00
1743796800000,0.003587,0.003628,0.003572,0.003596,492085172.0,2025-04-04 20:00:00+00:00
1743811200000,0.003597,0.003628,0.003582,0.003592,155184515.0,2025-04-05 00:00:00+00:00
1743825600000,0.003592,0.003617,0.003581,0.003609,73316438.0,2025-04-05 04:00:00+00:00
1743840000000,0.003608,0.003635,0.003599,0.003605,100755705.0,2025-04-05 08:00:00+00:00
1743854400000,0.003604,0.003612,0.00354,0.003555,139534404.0,2025-04-05 12:00:00+00:00
1743868800000,0.003555,0.003558,0.003522,0.003544,220054685.0,2025-04-05 16:00:00+00:00
1743883200000,0.003544,0.003587,0.003523,0.003582,80094647.0,2025-04-05 20:00:00+00:00
1743897600000,0.003583,0.003595,0.00353,0.003541,109935234.0,2025-04-06 00:00:00+00:00
1743912000000,0.003541,0.003584,0.003523,0.003578,128408508.0,2025-04-06 04:00:00+00:00
1743926400000,0.003579,0.003595,0.003551,0.003578,128561760.0,2025-04-06 08:00:00+00:00
1743940800000,0.003577,0.003579,0.00342,0.003491,380214442.0,2025-04-06 12:00:00+00:00
1743955200000,0.00349,0.003496,0.003168,0.003226,577512481.0,2025-04-06 16:00:00+00:00
1743969600000,0.003225,0.003236,0.003077,0.003154,599412951.0,2025-04-06 20:00:00+00:00
1743984000000,0.003154,0.003234,0.003045,0.003083,467381470.0,2025-04-07 00:00:00+00:00
1743998400000,0.003083,0.003137,0.002831,0.002918,839085241.0,2025-04-07 04:00:00+00:00
1744012800000,0.002918,0.00309,0.0029,0.003034,505635221.0,2025-04-07 08:00:00+00:00
1744027200000,0.003036,0.003346,0.003036,0.003194,1236931595.0,2025-04-07 12:00:00+00:00
1744041600000,0.003194,0.003241,0.003143,0.003186,295237748.0,2025-04-07 16:00:00+00:00
1744056000000,0.003186,0.003266,0.003186,0.00321,184930042.0,2025-04-07 20:00:00+00:00
1744070400000,0.003211,0.003307,0.003182,0.003245,243113193.0,2025-04-08 00:00:00+00:00
1744084800000,0.003246,0.003264,0.003172,0.00319,140103095.0,2025-04-08 04:00:00+00:00
1744099200000,0.00319,0.00325,0.003169,0.003244,169546084.0,2025-04-08 08:00:00+00:00
1744113600000,0.003246,0.003264,0.003152,0.003173,240249590.0,2025-04-08 12:00:00+00:00
1744128000000,0.003172,0.00318,0.003054,0.003096,293347209.0,2025-04-08 16:00:00+00:00
1744142400000,0.003096,0.003118,0.003053,0.003083,192251022.0,2025-04-08 20:00:00+00:00
1744156800000,0.003082,0.003143,0.002972,0.003124,464437817.0,2025-04-09 00:00:00+00:00
1744171200000,0.003123,0.003227,0.003114,0.003216,302497532.0,2025-04-09 04:00:00+00:00
1744185600000,0.003216,0.003259,0.003172,0.003189,397656754.0,2025-04-09 08:00:00+00:00
1744200000000,0.003188,0.003276,0.003172,0.003249,1823595859.0,2025-04-09 12:00:00+00:00
1744214400000,0.00325,0.003474,0.003244,0.00346,588596531.0,2025-04-09 16:00:00+00:00
1744228800000,0.00346,0.00347,0.003429,0.003435,261710690.0,2025-04-09 20:00:00+00:00
1744243200000,0.003437,0.003483,0.003404,0.003428,429010837.0,2025-04-10 00:00:00+00:00
1744257600000,0.003428,0.003534,0.003385,0.003414,1051728454.0,2025-04-10 04:00:00+00:00
1744272000000,0.003414,0.003456,0.00338,0.003405,481736482.0,2025-04-10 08:00:00+00:00
1744286400000,0.003405,0.003471,0.003282,0.003302,415170974.0,2025-04-10 12:00:00+00:00
1744300800000,0.003303,0.003383,0.003282,0.003367,234439607.0,2025-04-10 16:00:00+00:00
1744315200000,0.003367,0.003419,0.003367,0.003404,154419642.0,2025-04-10 20:00:00+00:00
1744329600000,0.003404,0.003467,0.003387,0.003451,174323278.0,2025-04-11 00:00:00+00:00
1744344000000,0.003451,0.003509,0.003445,0.00348,208477203.0,2025-04-11 04:00:00+00:00
1744358400000,0.00348,0.003573,0.003458,0.003558,279043315.0,2025-04-11 08:00:00+00:00
1744372800000,0.003559,0.003599,0.003503,0.003549,416504892.0,2025-04-11 12:00:00+00:00
1744387200000,0.003549,0.003588,0.003523,0.003572,185692328.0,2025-04-11 16:00:00+00:00
1744401600000,0.003572,0.003591,0.003548,0.003557,400622682.0,2025-04-11 20:00:00+00:00
1744416000000,0.003557,0.003563,0.003497,0.003506,192643755.0,2025-04-12 00:00:00+00:00
1744430400000,0.003507,0.003549,0.003488,0.003546,130624994.0,2025-04-12 04:00:00+00:00
1744444800000,0.003546,0.003646,0.003542,0.003626,176137698.0,2025-04-12 08:00:00+00:00
1744459200000,0.003626,0.003731,0.003618,0.003714,235978849.0,2025-04-12 12:00:00+00:00
1744473600000,0.003714,0.003722,0.003645,0.003658,123774272.0,2025-04-12 16:00:00+00:00
1744488000000,0.003659,0.003692,0.003654,0.003685,77099011.0,2025-04-12 20:00:00+00:00
1744502400000,0.003686,0.003716,0.003629,0.003643,121855842.0,2025-04-13 00:00:00+00:00
1744516800000,0.003643,0.003643,0.003595,0.003625,90063779.0,2025-04-13 04:00:00+00:00
1744531200000,0.003626,0.003664,0.003607,0.003641,118917750.0,2025-04-13 08:00:00+00:00
1744545600000,0.003641,0.003644,0.003542,0.00357,155163135.0,2025-04-13 12:00:00+00:00
1744560000000,0.00357,0.003676,0.003505,0.003549,278517629.0,2025-04-13 16:00:00+00:00
1744574400000,0.003549,0.003585,0.003463,0.003508,526007451.0,2025-04-13 20:00:00+00:00
1744588800000,0.003509,0.003603,0.003504,0.00353,187651690.0,2025-04-14 00:00:00+00:00
1744603200000,0.003531,0.003555,0.003446,0.003485,116555589.0,2025-04-14 04:00:00+00:00
1744617600000,0.003486,0.003576,0.003478,0.003565,135649631.0,2025-04-14 08:00:00+00:00
1744632000000,0.003566,0.00357,0.003425,0.003433,238407265.0,2025-04-14 12:00:00+00:00
1744646400000,0.003432,0.003518,0.003417,0.00349,185242273.0,2025-04-14 16:00:00+00:00
1744660800000,0.003491,0.003499,0.003449,0.003459,89629008.0,2025-04-14 20:00:00+00:00
1744675200000,0.00346,0.003487,0.003435,0.003477,94486005.0,2025-04-15 00:00:00+00:00
1744689600000,0.003477,0.003496,0.003451,0.003492,112511829.0,2025-04-15 04:00:00+00:00
1744704000000,0.003491,0.003542,0.003487,0.003522,142268946.0,2025-04-15 08:00:00+00:00
1744718400000,0.003522,0.003572,0.003466,0.003502,203710179.0,2025-04-15 12:00:00+00:00
1744732800000,0.003503,0.003512,0.003455,0.003471,118343290.0,2025-04-15 16:00:00+00:00
1744747200000,0.003471,0.003494,0.00344,0.003453,97399281.0,2025-04-15 20:00:00+00:00
1744761600000,0.003453,0.003513,0.003431,0.003499,128385418.0,2025-04-16 00:00:00+00:00
1744776000000,0.003499,0.00351,0.003465,0.003472,125642619.0,2025-04-16 04:00:00+00:00
1744790400000,0.003472,0.003512,0.003443,0.0035,125956596.0,2025-04-16 08:00:00+00:00
1744804800000,0.0035,0.003569,0.003462,0.003517,215562142.0,2025-04-16 12:00:00+00:00
1744819200000,0.00352,0.003553,0.003403,0.003519,325842427.0,2025-04-16 16:00:00+00:00
1744833600000,0.003518,0.00353,0.003456,0.003475,105030447.0,2025-04-16 20:00:00+00:00
1744848000000,0.003475,0.003507,0.003466,0.003492,95761718.0,2025-04-17 00:00:00+00:00
1744862400000,0.003492,0.00365,0.003487,0.003626,348556369.0,2025-04-17 04:00:00+00:00
1744876800000,0.003626,0.003705,0.003586,0.003671,728393854.0,2025-04-17 08:00:00+00:00
1744891200000,0.003671,0.003822,0.003666,0.0038,1240269596.0,2025-04-17 12:00:00+00:00
1744905600000,0.003799,0.0038,0.003673,0.00368,466874315.0,2025-04-17 16:00:00+00:00
1744920000000,0.00368,0.003782,0.00368,0.003768,216131512.0,2025-04-17 20:00:00+00:00
1744934400000,0.003768,0.003789,0.003621,0.00377,523638772.0,2025-04-18 00:00:00+00:00
1744948800000,0.00377,0.003925,0.003741,0.003849,699243734.0,2025-04-18 04:00:00+00:00
1744963200000,0.003847,0.003857,0.003743,0.003784,377341157.0,2025-04-18 08:00:00+00:00
1744977600000,0.003785,0.003811,0.003746,0.003765,198751921.0,2025-04-18 12:00:00+00:00
1744992000000,0.003766,0.003828,0.00376,0.003817,124153203.0,2025-04-18 16:00:00+00:00
1745006400000,0.003819,0.003824,0.003753,0.003757,109646508.0,2025-04-18 20:00:00+00:00
1745020800000,0.003758,0.003977,0.003745,0.003805,1128409166.0,2025-04-19 00:00:00+00:00
1745035200000,0.003805,0.003812,0.003767,0.003784,205119622.0,2025-04-19 04:00:00+00:00
1745049600000,0.003784,0.003804,0.00375,0.003755,139680053.0,2025-04-19 08:00:00+00:00
1745064000000,0.003755,0.003783,0.003718,0.00378,129309202.0,2025-04-19 12:00:00+00:00
1745078400000,0.003781,0.003845,0.003781,0.003814,166835645.0,2025-04-19 16:00:00+00:00
1745092800000,0.003814,0.00384,0.003796,0.003822,98326692.0,2025-04-19 20:00:00+00:00
1745107200000,0.00382,0.003833,0.003765,0.003828,177455859.0,2025-04-20 00:00:00+00:00
1745121600000,0.003829,0.003872,0.003749,0.003765,202342008.0,2025-04-20 04:00:00+00:00
1745136000000,0.003765,0.003804,0.0037,0.003729,191574764.0,2025-04-20 08:00:00+00:00
1745150400000,0.003728,0.003785,0.003723,0.003784,115053906.0,2025-04-20 12:00:00+00:00
1745164800000,0.003784,0.003846,0.00378,0.003844,158039881.0,2025-04-20 16:00:00+00:00
1745179200000,0.003844,0.00387,0.003821,0.003867,107238127.0,2025-04-20 20:00:00+00:00
1745193600000,0.003866,0.003921,0.003816,0.00384,275499543.0,2025-04-21 00:00:00+00:00
1745208000000,0.003839,0.00391,0.003819,0.003907,113924452.0,2025-04-21 04:00:00+00:00
1745222400000,0.003908,0.003921,0.003856,0.003874,121326954.0,2025-04-21 08:00:00+00:00
1745236800000,0.003874,0.003909,0.003852,0.003883,126946685.0,2025-04-21 12:00:00+00:00
1745251200000,0.003884,0.003905,0.003788,0.003871,144930209.0,2025-04-21 16:00:00+00:00
1745265600000,0.003869,0.003887,0.003791,0.003811,92934975.0,2025-04-21 20:00:00+00:00
1745280000000,0.003813,0.003846,0.003738,0.003807,206377927.0,2025-04-22 00:00:00+00:00
1745294400000,0.003807,0.003832,0.003711,0.003791,161785708.0,2025-04-22 04:00:00+00:00
1745308800000,0.003791,0.003806,0.00375,0.003802,95265959.0,2025-04-22 08:00:00+00:00
1745323200000,0.003802,0.003938,0.0038,0.003896,206526008.0,2025-04-22 12:00:00+00:00
1745337600000,0.003896,0.003905,0.003843,0.003868,92494032.0,2025-04-22 16:00:00+00:00
1745352000000,0.003871,0.003984,0.003862,0.003962,161802224.0,2025-04-22 20:00:00+00:00
1745366400000,0.003963,0.00403,0.003938,0.004028,176422660.0,2025-04-23 00:00:00+00:00
1745380800000,0.004028,0.004063,0.004003,0.004035,203827965.0,2025-04-23 04:00:00+00:00
1745395200000,0.004032,0.004062,0.003977,0.004017,131396178.0,2025-04-23 08:00:00+00:00
1745409600000,0.004016,0.004062,0.003905,0.003971,297231105.0,2025-04-23 12:00:00+00:00
1745424000000,0.003969,0.004004,0.003913,0.00393,208659563.0,2025-04-23 16:00:00+00:00
1745438400000,0.00393,0.00398,0.003912,0.003965,101991088.0,2025-04-23 20:00:00+00:00
1745452800000,0.003965,0.003975,0.00381,0.003816,245304943.0,2025-04-24 00:00:00+00:00
1745467200000,0.003815,0.003883,0.003809,0.003823,144705162.0,2025-04-24 04:00:00+00:00
1745481600000,0.003823,0.003882,0.003771,0.003876,112903567.0,2025-04-24 08:00:00+00:00
1745496000000,0.003876,0.004014,0.003865,0.00398,166228376.0,2025-04-24 12:00:00+00:00
1745510400000,0.003981,0.003991,0.003904,0.003961,109659480.0,2025-04-24 16:00:00+00:00
1745524800000,0.003961,0.004003,0.003951,0.003993,82886756.0,2025-04-24 20:00:00+00:00
1745539200000,0.003994,0.00405,0.003946,0.004015,147619722.0,2025-04-25 00:00:00+00:00
1745553600000,0.004013,0.004066,0.003987,0.004065,137255811.0,2025-04-25 04:00:00+00:00
1745568000000,0.004066,0.004075,0.00401,0.004052,104446864.0,2025-04-25 08:00:00+00:00
1745582400000,0.004053,0.004082,0.003991,0.00403,140676472.0,2025-04-25 12:00:00+00:00
1745596800000,0.004032,0.004075,0.004014,0.004052,96920576.0,2025-04-25 16:00:00+00:00
1745611200000,0.004051,0.004075,0.004005,0.004044,84133632.0,2025-04-25 20:00:00+00:00
1745625600000,0.004044,0.004146,0.004043,0.00411,179771573.0,2025-04-26 00:00:00+00:00
1745640000000,0.004109,0.004153,0.004065,0.004109,114031235.0,2025-04-26 04:00:00+00:00
1745654400000,0.00411,0.00414,0.00401,0.004027,382189030.0,2025-04-26 08:00:00+00:00
1745668800000,0.004026,0.004118,0.004,0.004112,129387632.0,2025-04-26 12:00:00+00:00
1745683200000,0.004113,0.004146,0.004078,0.004134,94873603.0,2025-04-26 16:00:00+00:00
1745697600000,0.004133,0.004161,0.00411,0.004155,77011634.0,2025-04-26 20:00:00+00:00
1745712000000,0.004156,0.004184,0.004014,0.004073,299063627.0,2025-04-27 00:00:00+00:00
1745726400000,0.004072,0.004082,0.004025,0.004053,109168891.0,2025-04-27 04:00:00+00:00
1745740800000,0.004054,0.004124,0.004043,0.004103,134791204.0,2025-04-27 08:00:00+00:00
1745755200000,0.004102,0.004121,0.004008,0.00403,179542821.0,2025-04-27 12:00:00+00:00
1745769600000,0.00403,0.00404,0.003978,0.004007,118225576.0,2025-04-27 16:00:00+00:00
1745784000000,0.004008,0.004043,0.003965,0.003972,115011769.0,2025-04-27 20:00:00+00:00
1745798400000,0.003973,0.004006,0.003867,0.00398,230835893.0,2025-04-28 00:00:00+00:00
1745812800000,0.003979,0.004055,0.003963,0.004048,106492932.0,2025-04-28 04:00:00+00:00
1745827200000,0.004048,0.004088,0.003996,0.00407,173738408.0,2025-04-28 08:00:00+00:00
1745841600000,0.004071,0.004081,0.003877,0.003909,205816387.0,2025-04-28 12:00:00+00:00
1745856000000,0.003907,0.004035,0.003888,0.004022,159808196.0,2025-04-28 16:00:00+00:00
1745870400000,0.004021,0.00403,0.004,0.004022,57109990.0,2025-04-28 20:00:00+00:00
1745884800000,0.004024,0.004072,0.004015,0.004052,79396300.0,2025-04-29 00:00:00+00:00
1745899200000,0.004052,0.004117,0.004014,0.004111,101328449.0,2025-04-29 04:00:00+00:00
1745913600000,0.00411,0.004117,0.003971,0.003998,141053427.0,2025-04-29 08:00:00+00:00
1745928000000,0.003999,0.004055,0.003965,0.004038,133232150.0,2025-04-29 12:00:00+00:00
1745942400000,0.004039,0.004057,0.003986,0.00399,81751536.0,2025-04-29 16:00:00+00:00
1745956800000,0.00399,0.004,0.003874,0.003919,166370694.0,2025-04-29 20:00:00+00:00
1745971200000,0.00392,0.003944,0.00388,0.003934,104360084.0,2025-04-30 00:00:00+00:00
1745985600000,0.003934,0.003955,0.003867,0.003885,97873515.0,2025-04-30 04:00:00+00:00
1746000000000,0.003885,0.003968,0.003878,0.003949,137590234.0,2025-04-30 08:00:00+00:00
1746014400000,0.003951,0.003955,0.003767,0.003843,305979360.0,2025-04-30 12:00:00+00:00
1746028800000,0.003843,0.00392,0.003818,0.003895,148568127.0,2025-04-30 16:00:00+00:00
1746043200000,0.003896,0.003964,0.003894,0.003943,66557395.0,2025-04-30 20:00:00+00:00
1746057600000,0.003944,0.003983,0.003902,0.003908,72822548.0,2025-05-01 00:00:00+00:00
1746072000000,0.003909,0.003964,0.003896,0.003961,66233714.0,2025-05-01 04:00:00+00:00
1746086400000,0.00396,0.004056,0.003954,0.004017,89801249.0,2025-05-01 08:00:00+00:00
1746100800000,0.004018,0.004034,0.003958,0.003987,144065603.0,2025-05-01 12:00:00+00:00
1746115200000,0.003988,0.004012,0.003948,0.003976,118199818.0,2025-05-01 16:00:00+00:00
1746129600000,0.003977,0.003999,0.003949,0.003968,64665717.0,2025-05-01 20:00:00+00:00
1746144000000,0.003967,0.003997,0.003953,0.003969,73678695.0,2025-05-02 00:00:00+00:00
1746158400000,0.003969,0.003979,0.003926,0.003928,94668625.0,2025-05-02 04:00:00+00:00
1746172800000,0.003927,0.003999,0.003923,0.003969,138365608.0,2025-05-02 08:00:00+00:00
1746187200000,0.003969,0.004023,0.003944,0.00399,121868249.0,2025-05-02 12:00:00+00:00
1746201600000,0.003991,0.004023,0.003953,0.003957,89044120.0,2025-05-02 16:00:00+00:00
1746216000000,0.003956,0.004022,0.003954,0.004017,62020457.0,2025-05-02 20:00:00+00:00
1746230400000,0.004018,0.004029,0.003955,0.003998,87503167.0,2025-05-03 00:00:00+00:00
1746244800000,0.003999,0.004011,0.003958,0.00396,91239410.0,2025-05-03 04:00:00+00:00
1746259200000,0.003959,0.003966,0.003865,0.00387,126251137.0,2025-05-03 08:00:00+00:00
1746273600000,0.003871,0.003909,0.003871,0.003889,64566944.0,2025-05-03 12:00:00+00:00
1746288000000,0.003889,0.003889,0.003767,0.003843,216157176.0,2025-05-03 16:00:00+00:00
1746302400000,0.003843,0.003848,0.0038,0.0038,91641413.0,2025-05-03 20:00:00+00:00
1746316800000,0.003801,0.003813,0.003744,0.003754,144620322.0,2025-05-04 00:00:00+00:00
1746331200000,0.003754,0.003779,0.003721,0.003738,113853020.0,2025-05-04 04:00:00+00:00
1746345600000,0.003738,0.003752,0.003696,0.003727,131855555.0,2025-05-04 08:00:00+00:00
1746360000000,0.003727,0.003745,0.003676,0.003694,136193831.0,2025-05-04 12:00:00+00:00
1746374400000,0.003693,0.003702,0.003644,0.003654,100587142.0,2025-05-04 16:00:00+00:00
1746388800000,0.003655,0.003675,0.003617,0.003633,125500686.0,2025-05-04 20:00:00+00:00
1746403200000,0.003633,0.003679,0.003602,0.003655,156516059.0,2025-05-05 00:00:00+00:00
1746417600000,0.003654,0.0037,0.003648,0.0037,120438203.0,2025-05-05 04:00:00+00:00
1746432000000,0.0037,0.003714,0.003623,0.003647,170441120.0,2025-05-05 08:00:00+00:00
1746446400000,0.003648,0.003697,0.00363,0.003693,140011021.0,2025-05-05 12:00:00+00:00
1746460800000,0.003693,0.003852,0.003693,0.003777,371655772.0,2025-05-05 16:00:00+00:00
1746475200000,0.003777,0.003809,0.003739,0.00376,184597792.0,2025-05-05 20:00:00+00:00
1746489600000,0.00376,0.003761,0.003667,0.003717,203817178.0,2025-05-06 00:00:00+00:00
1746504000000,0.003717,0.003727,0.003629,0.003646,145125390.0,2025-05-06 04:00:00+00:00
1746518400000,0.003644,0.003646,0.003508,0.003527,264055905.0,2025-05-06 08:00:00+00:00
1746532800000,0.003529,0.00357,0.003491,0.00351,205362836.0,2025-05-06 12:00:00+00:00
1746547200000,0.00351,0.003591,0.003486,0.003559,226774246.0,2025-05-06 16:00:00+00:00
1746561600000,0.003559,0.003602,0.003458,0.003595,186106873.0,2025-05-06 20:00:00+00:00
1746576000000,0.003592,0.003626,0.003548,0.003574,146453422.0,2025-05-07 00:00:00+00:00
1746590400000,0.003574,0.003598,0.003545,0.00359,130734939.0,2025-05-07 04:00:00+00:00
1746604800000,0.00359,0.003612,0.003559,0.003592,122140205.0,2025-05-07 08:00:00+00:00
1746619200000,0.003593,0.003596,0.003524,0.003544,146868397.0,2025-05-07 12:00:00+00:00
1746633600000,0.003543,0.00356,0.00349,0.003518,149030330.0,2025-05-07 16:00:00+00:00
1746648000000,0.003517,0.003579,0.003499,0.003559,82520617.0,2025-05-07 20:00:00+00:00
1746662400000,0.00356,0.003708,0.003553,0.003704,159756927.0,2025-05-08 00:00:00+00:00
1746676800000,0.003706,0.003776,0.003706,0.003752,159835565.0,2025-05-08 04:00:00+00:00
1746691200000,0.003752,0.003786,0.003746,0.003756,116667598.0,2025-05-08 08:00:00+00:00
1746705600000,0.003757,0.003856,0.003733,0.003836,162099590.0,2025-05-08 12:00:00+00:00
1746720000000,0.003837,0.003896,0.003834,0.003892,137416238.0,2025-05-08 16:00:00+00:00
1746734400000,0.003893,0.004029,0.003889,0.004008,246624332.0,2025-05-08 20:00:00+00:00
1746748800000,0.004007,0.004041,0.003958,0.003974,200925539.0,2025-05-09 00:00:00+00:00
1746763200000,0.003975,0.004152,0.003965,0.004112,201553772.0,2025-05-09 04:00:00+00:00
1746777600000,0.004112,0.004209,0.004052,0.004132,424196055.0,2025-05-09 08:00:00+00:00
1746792000000,0.004131,0.004171,0.004051,0.004122,269023093.0,2025-05-09 12:00:00+00:00
1746806400000,0.004123,0.004169,0.00408,0.00414,111089409.0,2025-05-09 16:00:00+00:00
1746820800000,0.004142,0.004189,0.00413,0.004185,105811353.0,2025-05-09 20:00:00+00:00
1746835200000,0.004186,0.004473,0.004185,0.004311,1428158554.0,2025-05-10 00:00:00+00:00
1746849600000,0.004312,0.004412,0.004271,0.004398,329742456.0,2025-05-10 04:00:00+00:00
1746864000000,0.004398,0.004427,0.004271,0.004287,277865426.0,2025-05-10 08:00:00+00:00
1746878400000,0.004288,0.004349,0.004287,0.004302,149900285.0,2025-05-10 12:00:00+00:00
1746892800000,0.004302,0.004397,0.004288,0.004363,180324056.0,2025-05-10 16:00:00+00:00
1746907200000,0.004363,0.004543,0.004337,0.004536,179231859.0,2025-05-10 20:00:00+00:00
1746921600000,0.004536,0.0049,0.004339,0.004445,1481411910.0,2025-05-11 00:00:00+00:00
1746936000000,0.004445,0.004478,0.004224,0.004257,423617187.0,2025-05-11 04:00:00+00:00
1746950400000,0.004257,0.004374,0.004246,0.004361,185575109.0,2025-05-11 08:00:00+00:00
1746964800000,0.00436,0.004396,0.00426,0.004295,192308709.0,2025-05-11 12:00:00+00:00
1746979200000,0.004295,0.004357,0.00423,0.004338,171843519.0,2025-05-11 16:00:00+00:00
1746993600000,0.004337,0.004381,0.004304,0.004336,165012621.0,2025-05-11 20:00:00+00:00
1747008000000,0.004335,0.004398,0.00427,0.004373,203558293.0,2025-05-12 00:00:00+00:00
1747022400000,0.004372,0.004501,0.004297,0.004418,293057058.0,2025-05-12 04:00:00+00:00
1747036800000,0.004418,0.004464,0.004334,0.004343,226764814.0,2025-05-12 08:00:00+00:00
1747051200000,0.004344,0.004452,0.004224,0.004262,366475256.0,2025-05-12 12:00:00+00:00
1747065600000,0.004263,0.004371,0.004098,0.00424,374705811.0,2025-05-12 16:00:00+00:00
1747080000000,0.00424,0.004321,0.004225,0.004312,116615160.0,2025-05-12 20:00:00+00:00
1747094400000,0.004311,0.004317,0.004059,0.004077,324314225.0,2025-05-13 00:00:00+00:00
1747108800000,0.004077,0.004232,0.004071,0.004203,145927731.0,2025-05-13 04:00:00+00:00
1747123200000,0.004204,0.004273,0.004191,0.004257,143027877.0,2025-05-13 08:00:00+00:00
1747137600000,0.004258,0.004305,0.004205,0.004282,155628784.0,2025-05-13 12:00:00+00:00
1747152000000,0.004282,0.004439,0.004277,0.004413,183945335.0,2025-05-13 16:00:00+00:00
1747166400000,0.004413,0.004435,0.004363,0.004391,125421188.0,2025-05-13 20:00:00+00:00
1747180800000,0.004392,0.00443,0.004315,0.004353,269122675.0,2025-05-14 00:00:00+00:00
1747195200000,0.004352,0.004407,0.004326,0.004345,120517895.0,2025-05-14 04:00:00+00:00
1747209600000,0.004345,0.004353,0.004203,0.00432,318990419.0,2025-05-14 08:00:00+00:00
1747224000000,0.00432,0.00434,0.00421,0.00426,218412462.0,2025-05-14 12:00:00+00:00
1747238400000,0.004261,0.004274,0.004181,0.004254,113506305.0,2025-05-14 16:00:00+00:00
1747252800000,0.004252,0.004261,0.004171,0.004201,89271792.0,2025-05-14 20:00:00+00:00
1747267200000,0.0042,0.004261,0.004129,0.004143,190047110.0,2025-05-15 00:00:00+00:00
1747281600000,0.004145,0.004169,0.003949,0.003956,352957398.0,2025-05-15 04:00:00+00:00
1747296000000,0.003956,0.004044,0.003908,0.003981,297106500.0,2025-05-15 08:00:00+00:00
1747310400000,0.003981,0.004044,0.003882,0.004035,364045440.0,2025-05-15 12:00:00+00:00
1747324800000,0.004036,0.004114,0.003942,0.003988,230010122.0,2025-05-15 16:00:00+00:00
1747339200000,0.003989,0.004021,0.003909,0.003993,256457812.0,2025-05-15 20:00:00+00:00
1747353600000,0.003991,0.004071,0.00397,0.004056,179551368.0,2025-05-16 00:00:00+00:00
1747368000000,0.004056,0.004071,0.004,0.004043,153712707.0,2025-05-16 04:00:00+00:00
1747382400000,0.004043,0.004064,0.003968,0.004028,173479519.0,2025-05-16 08:00:00+00:00
1747396800000,0.004029,0.00404,0.00396,0.004006,135661458.0,2025-05-16 12:00:00+00:00
1747411200000,0.004006,0.00402,0.003924,0.003963,146407937.0,2025-05-16 16:00:00+00:00
1747425600000,0.003962,0.003966,0.003858,0.003892,166891488.0,2025-05-16 20:00:00+00:00
1747440000000,0.003892,0.003912,0.003771,0.003848,239886330.0,2025-05-17 00:00:00+00:00
1747454400000,0.003848,0.003886,0.003811,0.00383,147671755.0,2025-05-17 04:00:00+00:00
1747468800000,0.00383,0.003841,0.00378,0.003814,153812242.0,2025-05-17 08:00:00+00:00
1747483200000,0.003812,0.003846,0.003762,0.003813,143874016.0,2025-05-17 12:00:00+00:00
1747497600000,0.003813,0.003838,0.003759,0.003784,174306850.0,2025-05-17 16:00:00+00:00
1747512000000,0.003784,0.003833,0.003746,0.003789,159347999.0,2025-05-17 20:00:00+00:00
1747526400000,0.003791,0.003838,0.00377,0.003799,124831143.0,2025-05-18 00:00:00+00:00
1747540800000,0.0038,0.003879,0.003787,0.003875,128929089.0,2025-05-18 04:00:00+00:00
1747555200000,0.003875,0.003933,0.003861,0.003866,184460272.0,2025-05-18 08:00:00+00:00
1747569600000,0.003865,0.003987,0.003841,0.003982,156043925.0,2025-05-18 12:00:00+00:00
1747584000000,0.003983,0.003998,0.003777,0.003781,240169103.0,2025-05-18 16:00:00+00:00
1747598400000,0.00378,0.003959,0.003714,0.003942,326893303.0,2025-05-18 20:00:00+00:00
1747612800000,0.003942,0.003966,0.003742,0.00375,218080592.0,2025-05-19 00:00:00+00:00
1747627200000,0.003751,0.00377,0.003669,0.003735,285216798.0,2025-05-19 04:00:00+00:00
1747641600000,0.003734,0.003763,0.003692,0.003719,177792773.0,2025-05-19 08:00:00+00:00
1747656000000,0.003718,0.003829,0.003674,0.003803,195946603.0,2025-05-19 12:00:00+00:00
1747670400000,0.003804,0.003877,0.003779,0.003822,146068263.0,2025-05-19 16:00:00+00:00
1747684800000,0.003822,0.00385,0.003794,0.003844,120010794.0,2025-05-19 20:00:00+00:00
1747699200000,0.003844,0.003918,0.003823,0.003867,175865469.0,2025-05-20 00:00:00+00:00
1747713600000,0.003868,0.003901,0.003833,0.003847,139793826.0,2025-05-20 04:00:00+00:00
1747728000000,0.003846,0.003872,0.003823,0.003848,129649920.0,2025-05-20 08:00:00+00:00
1747742400000,0.003848,0.00389,0.003795,0.003879,230296896.0,2025-05-20 12:00:00+00:00
1747756800000,0.003878,0.003908,0.003816,0.00389,285372830.0,2025-05-20 16:00:00+00:00
1747771200000,0.003889,0.003972,0.003875,0.00396,178924790.0,2025-05-20 20:00:00+00:00
1747785600000,0.003961,0.003976,0.003882,0.003953,193468276.0,2025-05-21 00:00:00+00:00
1747800000000,0.003955,0.004002,0.003916,0.003932,204118437.0,2025-05-21 04:00:00+00:00
1747814400000,0.003934,0.003965,0.003888,0.003946,168755890.0,2025-05-21 08:00:00+00:00
1747828800000,0.003945,0.003986,0.003921,0.003978,184676791.0,2025-05-21 12:00:00+00:00
1747843200000,0.003979,0.004052,0.003863,0.003983,513125170.0,2025-05-21 16:00:00+00:00
1747857600000,0.003982,0.004058,0.003962,0.004017,175548199.0,2025-05-21 20:00:00+00:00
1747872000000,0.004018,0.00409,0.00401,0.004082,241981021.0,2025-05-22 00:00:00+00:00
1747886400000,0.004082,0.004083,0.004044,0.004076,117850121.0,2025-05-22 04:00:00+00:00
1747900800000,0.004076,0.004132,0.004068,0.004094,173327733.0,2025-05-22 08:00:00+00:00
1747915200000,0.004095,0.004165,0.004087,0.004149,183137513.0,2025-05-22 12:00:00+00:00
1747929600000,0.004149,0.004191,0.004139,0.004156,118724678.0,2025-05-22 16:00:00+00:00
1747944000000,0.004158,0.004184,0.004132,0.004175,101869073.0,2025-05-22 20:00:00+00:00
1747958400000,0.004176,0.004245,0.004149,0.004231,161413772.0,2025-05-23 00:00:00+00:00
1747972800000,0.004231,0.004239,0.0041,0.004123,190092241.0,2025-05-23 04:00:00+00:00
1747987200000,0.004124,0.004198,0.003956,0.00399,288020459.0,2025-05-23 08:00:00+00:00
1748001600000,0.003991,0.004085,0.003894,0.004011,456399489.0,2025-05-23 12:00:00+00:00
1748016000000,0.004012,0.004063,0.003986,0.004015,208817320.0,2025-05-23 16:00:00+00:00
1748030400000,0.004015,0.004016,0.003864,0.003885,162030490.0,2025-05-23 20:00:00+00:00
1748044800000,0.003886,0.003968,0.003866,0.003961,177751084.0,2025-05-24 00:00:00+00:00
1748059200000,0.00396,0.003976,0.003928,0.00395,85406069.0,2025-05-24 04:00:00+00:00
1748073600000,0.00395,0.00399,0.003929,0.003971,85762996.0,2025-05-24 08:00:00+00:00
1748088000000,0.003971,0.004041,0.003955,0.004021,126059300.0,2025-05-24 12:00:00+00:00
1748102400000,0.004022,0.004032,0.00396,0.003969,93556310.0,2025-05-24 16:00:00+00:00
1748116800000,0.003969,0.003984,0.003914,0.003931,103360926.0,2025-05-24 20:00:00+00:00
1748131200000,0.003932,0.003943,0.003841,0.003874,151729082.0,2025-05-25 00:00:00+00:00
1748145600000,0.003871,0.003882,0.003826,0.003837,86986584.0,2025-05-25 04:00:00+00:00
1748160000000,0.003837,0.003837,0.00377,0.003827,141956357.0,2025-05-25 08:00:00+00:00
1748174400000,0.003827,0.003861,0.003756,0.003808,137813605.0,2025-05-25 12:00:00+00:00
1748188800000,0.003809,0.003841,0.003768,0.003826,91771303.0,2025-05-25 16:00:00+00:00
1748203200000,0.003826,0.003936,0.003786,0.003927,190018817.0,2025-05-25 20:00:00+00:00
1748217600000,0.003927,0.003968,0.003904,0.003941,208263300.0,2025-05-26 00:00:00+00:00
1748232000000,0.003942,0.003985,0.003931,0.00397,92585413.0,2025-05-26 04:00:00+00:00
1748246400000,0.003971,0.003974,0.003919,0.003929,94589468.0,2025-05-26 08:00:00+00:00
1748260800000,0.003929,0.003954,0.003868,0.003915,190675792.0,2025-05-26 12:00:00+00:00
1748275200000,0.003916,0.003924,0.003828,0.003847,143522915.0,2025-05-26 16:00:00+00:00
1748289600000,0.003846,0.003902,0.003833,0.003873,91357256.0,2025-05-26 20:00:00+00:00
1748304000000,0.003873,0.003901,0.003791,0.003862,131976789.0,2025-05-27 00:00:00+00:00
1748318400000,0.003861,0.003924,0.003848,0.003914,103846611.0,2025-05-27 04:00:00+00:00
1748332800000,0.003915,0.00395,0.003915,0.003935,84334370.0,2025-05-27 08:00:00+00:00
1748347200000,0.003935,0.003992,0.003893,0.003938,148635520.0,2025-05-27 12:00:00+00:00
1748361600000,0.003939,0.003989,0.003936,0.003947,87174884.0,2025-05-27 16:00:00+00:00
1748376000000,0.003947,0.003957,0.003883,0.003921,81298429.0,2025-05-27 20:00:00+00:00
1748390400000,0.003921,0.003952,0.003899,0.003943,113445009.0,2025-05-28 00:00:00+00:00
1748404800000,0.003942,0.003954,0.003887,0.003897,92982880.0,2025-05-28 04:00:00+00:00
1748419200000,0.003897,0.003909,0.00382,0.003906,198883934.0,2025-05-28 08:00:00+00:00
1748433600000,0.003907,0.00396,0.003806,0.003807,220341156.0,2025-05-28 12:00:00+00:00
1748448000000,0.003807,0.003852,0.003778,0.00378,144063881.0,2025-05-28 16:00:00+00:00
1748462400000,0.003778,0.003882,0.003771,0.003872,115455280.0,2025-05-28 20:00:00+00:00
1748476800000,0.003872,0.003939,0.003858,0.003919,149641459.0,2025-05-29 00:00:00+00:00
1748491200000,0.003919,0.003927,0.003848,0.003864,187629453.0,2025-05-29 04:00:00+00:00
1748505600000,0.003865,0.003883,0.003831,0.003846,113898533.0,2025-05-29 08:00:00+00:00
1748520000000,0.003846,0.003849,0.003608,0.003699,806073967.0,2025-05-29 12:00:00+00:00
1748534400000,0.003701,0.00375,0.003681,0.003697,155493169.0,2025-05-29 16:00:00+00:00
1748548800000,0.003697,0.003765,0.003689,0.003711,114617842.0,2025-05-29 20:00:00+00:00
1748563200000,0.003709,0.003733,0.003491,0.00365,459124280.0,2025-05-30 00:00:00+00:00
1748577600000,0.003651,0.003666,0.003583,0.003601,202501063.0,2025-05-30 04:00:00+00:00
1748592000000,0.003602,0.003635,0.003576,0.003623,249404320.0,2025-05-30 08:00:00+00:00
1748606400000,0.003622,0.00363,0.003556,0.003579,218994441.0,2025-05-30 12:00:00+00:00
1748620800000,0.003578,0.003597,0.003472,0.003582,231482355.0,2025-05-30 16:00:00+00:00
1748635200000,0.003581,0.003592,0.003453,0.003477,252137995.0,2025-05-30 20:00:00+00:00
1748649600000,0.003476,0.003486,0.00333,0.003389,617183903.0,2025-05-31 00:00:00+00:00
1748664000000,0.003389,0.003417,0.003356,0.003392,242323026.0,2025-05-31 04:00:00+00:00
1748678400000,0.003392,0.003392,0.003337,0.003353,180882527.0,2025-05-31 08:00:00+00:00
1748692800000,0.003353,0.003442,0.00335,0.003401,164639595.0,2025-05-31 12:00:00+00:00
1748707200000,0.003401,0.003433,0.00339,0.003396,120943580.0,2025-05-31 16:00:00+00:00
1748721600000,0.003396,0.003407,0.00337,0.003374,103535052.0,2025-05-31 20:00:00+00:00
1748736000000,0.003374,0.003398,0.003345,0.003379,132335774.0,2025-06-01 00:00:00+00:00
1748750400000,0.003379,0.003416,0.003365,0.003371,103070853.0,2025-06-01 04:00:00+00:00
1748764800000,0.003372,0.003395,0.003311,0.003353,426179135.0,2025-06-01 08:00:00+00:00
1748779200000,0.003353,0.003406,0.003332,0.003387,134266015.0,2025-06-01 12:00:00+00:00
1748793600000,0.003386,0.003418,0.003381,0.003415,127018934.0,2025-06-01 16:00:00+00:00
1748808000000,0.003416,0.003468,0.003406,0.003458,94910698.0,2025-06-01 20:00:00+00:00
1748822400000,0.003459,0.00349,0.003423,0.003432,145025990.0,2025-06-02 00:00:00+00:00
1748836800000,0.003431,0.003476,0.003402,0.003448,130959989.0,2025-06-02 04:00:00+00:00
1748851200000,0.003449,0.00347,0.003404,0.00342,132103853.0,2025-06-02 08:00:00+00:00
1748865600000,0.003419,0.003489,0.003413,0.003472,180808268.0,2025-06-02 12:00:00+00:00
1748880000000,0.003472,0.003475,0.003418,0.003437,130896955.0,2025-06-02 16:00:00+00:00
1748894400000,0.003436,0.003537,0.003436,0.003529,145114368.0,2025-06-02 20:00:00+00:00
1748908800000,0.003529,0.003611,0.003528,0.003565,134151235.0,2025-06-03 00:00:00+00:00
1748923200000,0.003566,0.003586,0.00354,0.003561,77997090.0,2025-06-03 04:00:00+00:00
1748937600000,0.003561,0.003614,0.003533,0.003599,110295889.0,2025-06-03 08:00:00+00:00
1748952000000,0.003598,0.003646,0.003584,0.00363,140072775.0,2025-06-03 12:00:00+00:00
1748966400000,0.00363,0.003678,0.003621,0.003665,130912344.0,2025-06-03 16:00:00+00:00
1748980800000,0.003667,0.003667,0.003596,0.00361,130925242.0,2025-06-03 20:00:00+00:00
1748995200000,0.003611,0.003672,0.003603,0.003654,107970519.0,2025-06-04 00:00:00+00:00
1749009600000,0.003654,0.003661,0.003624,0.00363,87734896.0,2025-06-04 04:00:00+00:00
1749024000000,0.003629,0.003645,0.003578,0.003581,122218508.0,2025-06-04 08:00:00+00:00
1749038400000,0.003581,0.003618,0.003538,0.003612,279168868.0,2025-06-04 12:00:00+00:00
1749052800000,0.003612,0.003618,0.003564,0.003564,78414670.0,2025-06-04 16:00:00+00:00
1749067200000,0.003563,0.003568,0.003516,0.003536,112228983.0,2025-06-04 20:00:00+00:00
1749081600000,0.003536,0.003573,0.003518,0.003543,100990090.0,2025-06-05 00:00:00+00:00
1749096000000,0.003544,0.003595,0.003505,0.003548,179059108.0,2025-06-05 04:00:00+00:00
1749110400000,0.003548,0.003549,0.003495,0.003518,151697124.0,2025-06-05 08:00:00+00:00
1749124800000,0.003518,0.003566,0.003468,0.003523,135919499.0,2025-06-05 12:00:00+00:00
1749139200000,0.003523,0.003528,0.00336,0.003412,264229137.0,2025-06-05 16:00:00+00:00
1749153600000,0.003412,0.003419,0.00328,0.003345,369151519.0,2025-06-05 20:00:00+00:00
1749168000000,0.003345,0.003407,0.003331,0.003406,133136580.0,2025-06-06 00:00:00+00:00
1749182400000,0.003406,0.003432,0.003387,0.003421,140630399.0,2025-06-06 04:00:00+00:00
1749196800000,0.003421,0.003503,0.003403,0.003491,663913201.0,2025-06-06 08:00:00+00:00
1749211200000,0.003489,0.00427,0.003429,0.003916,19387616892.0,2025-06-06 12:00:00+00:00
1749225600000,0.003916,0.004079,0.003513,0.003544,5496827333.0,2025-06-06 16:00:00+00:00
1749240000000,0.003544,0.00357,0.003465,0.003526,987651250.0,2025-06-06 20:00:00+00:00
1749254400000,0.003525,0.003534,0.003414,0.003507,1504978035.0,2025-06-07 00:00:00+00:00
1749268800000,0.003506,0.003617,0.003486,0.003584,1110558742.0,2025-06-07 04:00:00+00:00
1749283200000,0.003583,0.00364,0.003568,0.003623,686115973.0,2025-06-07 08:00:00+00:00
1749297600000,0.003623,0.003671,0.003579,0.0036,1331032471.0,2025-06-07 12:00:00+00:00
1749312000000,0.003598,0.003648,0.003558,0.003647,590230590.0,2025-06-07 16:00:00+00:00
1749326400000,0.003646,0.003784,0.003636,0.003748,676137750.0,2025-06-07 20:00:00+00:00
1749340800000,0.003746,0.004058,0.003691,0.003885,9215066742.0,2025-06-08 00:00:00+00:00
1749355200000,0.003884,0.003929,0.003787,0.003839,3469534416.0,2025-06-08 04:00:00+00:00
1749369600000,0.003838,0.003906,0.00382,0.003866,2255294115.0,2025-06-08 08:00:00+00:00
1749384000000,0.003866,0.003957,0.00382,0.003851,3011956251.0,2025-06-08 12:00:00+00:00
1749398400000,0.003851,0.003894,0.003834,0.003846,1059343403.0,2025-06-08 16:00:00+00:00
1749412800000,0.003846,0.00393,0.00384,0.003923,1202183686.0,2025-06-08 20:00:00+00:00
1749427200000,0.003923,0.004051,0.00375,0.003793,4350336431.0,2025-06-09 00:00:00+00:00
1749441600000,0.003793,0.003837,0.003733,0.0038,1085448670.0,2025-06-09 04:00:00+00:00
1749456000000,0.0038,0.003913,0.003793,0.003912,1239191690.0,2025-06-09 08:00:00+00:00
1749470400000,0.003912,0.004023,0.003908,0.003938,1597137319.0,2025-06-09 12:00:00+00:00
1749484800000,0.003937,0.00401,0.00393,0.003998,455974736.0,2025-06-09 16:00:00+00:00
1749499200000,0.003998,0.00415,0.003978,0.004132,754017100.0,2025-06-09 20:00:00+00:00
1749513600000,0.004131,0.004162,0.004035,0.004159,1090982113.0,2025-06-10 00:00:00+00:00
1749528000000,0.004159,0.004302,0.004064,0.004152,1606838410.0,2025-06-10 04:00:00+00:00
1749542400000,0.004152,0.004274,0.004091,0.004244,953984909.0,2025-06-10 08:00:00+00:00
1749556800000,0.004244,0.004337,0.004161,0.004222,926203353.0,2025-06-10 12:00:00+00:00
1749571200000,0.004222,0.004288,0.004196,0.004257,338298985.0,2025-06-10 16:00:00+00:00
1749585600000,0.004257,0.00432,0.004246,0.00429,319491002.0,2025-06-10 20:00:00+00:00
1749600000000,0.004288,0.004291,0.004127,0.004174,531442165.0,2025-06-11 00:00:00+00:00
1749614400000,0.004174,0.004526,0.004119,0.004182,2155960389.0,2025-06-11 04:00:00+00:00
1749628800000,0.004181,0.004208,0.004098,0.004121,631776507.0,2025-06-11 08:00:00+00:00
1749643200000,0.004121,0.004199,0.004098,0.004132,522060772.0,2025-06-11 12:00:00+00:00
1749657600000,0.004133,0.004141,0.00402,0.00404,491762575.0,2025-06-11 16:00:00+00:00
1749672000000,0.00404,0.004076,0.003949,0.00397,400066680.0,2025-06-11 20:00:00+00:00
1749686400000,0.003969,0.003984,0.003909,0.003938,393264029.0,2025-06-12 00:00:00+00:00
1749700800000,0.003938,0.003979,0.003902,0.003967,303032460.0,2025-06-12 04:00:00+00:00
1749715200000,0.003967,0.004057,0.003956,0.003976,665574877.0,2025-06-12 08:00:00+00:00
1749729600000,0.003974,0.004106,0.003826,0.003834,1185168992.0,2025-06-12 12:00:00+00:00
1749744000000,0.003833,0.00389,0.003757,0.003767,353762754.0,2025-06-12 16:00:00+00:00
1749758400000,0.003766,0.003792,0.00364,0.003641,503003127.0,2025-06-12 20:00:00+00:00
1749772800000,0.003641,0.003651,0.003414,0.00361,1341621154.0,2025-06-13 00:00:00+00:00
1749787200000,0.003611,0.003615,0.003519,0.00359,589455113.0,2025-06-13 04:00:00+00:00
1749801600000,0.003589,0.003618,0.003519,0.003548,280532566.0,2025-06-13 08:00:00+00:00
1749816000000,0.003547,0.003554,0.003448,0.003515,447213071.0,2025-06-13 12:00:00+00:00
1749830400000,0.003514,0.003564,0.003479,0.003502,315825689.0,2025-06-13 16:00:00+00:00
1749844800000,0.003502,0.003539,0.003495,0.00353,143354525.0,2025-06-13 20:00:00+00:00
1749859200000,0.00353,0.003531,0.003462,0.003482,261911778.0,2025-06-14 00:00:00+00:00
1749873600000,0.003482,0.003512,0.003472,0.003493,188497020.0,2025-06-14 04:00:00+00:00
1749888000000,0.003493,0.003497,0.003453,0.003481,264971568.0,2025-06-14 08:00:00+00:00
1749902400000,0.00348,0.003515,0.00344,0.003457,255022420.0,2025-06-14 12:00:00+00:00
1749916800000,0.003457,0.00346,0.003347,0.003374,381540588.0,2025-06-14 16:00:00+00:00
1749931200000,0.003375,0.003412,0.003348,0.0034,176195409.0,2025-06-14 20:00:00+00:00
1749945600000,0.0034,0.003535,0.00339,0.003488,404173022.0,2025-06-15 00:00:00+00:00
1749960000000,0.003488,0.003637,0.003459,0.003598,1042982312.0,2025-06-15 04:00:00+00:00
1749974400000,0.003598,0.003609,0.003406,0.003428,1431074988.0,2025-06-15 08:00:00+00:00
1749988800000,0.003428,0.003454,0.003378,0.003433,634160057.0,2025-06-15 12:00:00+00:00
1750003200000,0.003434,0.003451,0.003412,0.003436,238038029.0,2025-06-15 16:00:00+00:00
1750017600000,0.003437,0.00345,0.00338,0.003429,307176685.0,2025-06-15 20:00:00+00:00
1750032000000,0.003428,0.003472,0.003385,0.003437,348334722.0,2025-06-16 00:00:00+00:00
1750046400000,0.003436,0.003505,0.003436,0.0035,252036991.0,2025-06-16 04:00:00+00:00
1750060800000,0.0035,0.003612,0.003486,0.003529,874232241.0,2025-06-16 08:00:00+00:00
1750075200000,0.003529,0.003574,0.003481,0.003554,410094224.0,2025-06-16 12:00:00+00:00
1750089600000,0.003554,0.00358,0.003539,0.00356,266818252.0,2025-06-16 16:00:00+00:00
1750104000000,0.003561,0.003576,0.003414,0.003428,338448554.0,2025-06-16 20:00:00+00:00
1750118400000,0.003427,0.003463,0.003364,0.003445,383732992.0,2025-06-17 00:00:00+00:00
1750132800000,0.003446,0.003447,0.003413,0.003415,155027548.0,2025-06-17 04:00:00+00:00
1750147200000,0.003415,0.003426,0.003362,0.003379,194994584.0,2025-06-17 08:00:00+00:00
1750161600000,0.003379,0.003411,0.003308,0.003332,269674553.0,2025-06-17 12:00:00+00:00
1750176000000,0.003332,0.003363,0.00324,0.00334,353246500.0,2025-06-17 16:00:00+00:00
1750190400000,0.00334,0.003351,0.003273,0.003281,158557834.0,2025-06-17 20:00:00+00:00
1750204800000,0.003281,0.003309,0.003261,0.003301,205966870.0,2025-06-18 00:00:00+00:00
1750219200000,0.003302,0.003333,0.003285,0.003302,128267407.0,2025-06-18 04:00:00+00:00
1750233600000,0.003303,0.003315,0.003206,0.003242,252397904.0,2025-06-18 08:00:00+00:00
1750248000000,0.003243,0.003252,0.003144,0.003221,399068749.0,2025-06-18 12:00:00+00:00
1750262400000,0.00322,0.003259,0.003185,0.003202,196268914.0,2025-06-18 16:00:00+00:00
1750276800000,0.003203,0.003287,0.003196,0.003273,144630863.0,2025-06-18 20:00:00+00:00
1750291200000,0.003273,0.003289,0.003211,0.003244,232869200.0,2025-06-19 00:00:00+00:00
1750305600000,0.003244,0.003254,0.003214,0.003216,172227906.0,2025-06-19 04:00:00+00:00
1750320000000,0.003217,0.003249,0.003209,0.003225,118627112.0,2025-06-19 08:00:00+00:00
1750334400000,0.003226,0.003237,0.003183,0.0032,167413820.0,2025-06-19 12:00:00+00:00
1750348800000,0.0032,0.003236,0.003158,0.003206,227021703.0,2025-06-19 16:00:00+00:00
1750363200000,0.003207,0.003227,0.003187,0.003208,109029549.0,2025-06-19 20:00:00+00:00
1750377600000,0.003208,0.003252,0.003204,0.003238,194666454.0,2025-06-20 00:00:00+00:00
1750392000000,0.003238,0.003305,0.003192,0.003292,308014331.0,2025-06-20 04:00:00+00:00
1750406400000,0.003293,0.003306,0.00327,0.003301,190781232.0,2025-06-20 08:00:00+00:00
1750420800000,0.003301,0.003314,0.003213,0.003226,246210200.0,2025-06-20 12:00:00+00:00
1750435200000,0.003225,0.003225,0.003099,0.003184,360550140.0,2025-06-20 16:00:00+00:00
1750449600000,0.003184,0.003216,0.003115,0.003131,156933638.0,2025-06-20 20:00:00+00:00
1750464000000,0.003131,0.003177,0.00312,0.003167,147866405.0,2025-06-21 00:00:00+00:00
1750478400000,0.003167,0.003178,0.003149,0.003174,69930441.0,2025-06-21 04:00:00+00:00
1750492800000,0.003175,0.00319,0.003168,0.003175,85140003.0,2025-06-21 08:00:00+00:00
1750507200000,0.003175,0.003182,0.00309,0.003119,163140953.0,2025-06-21 12:00:00+00:00
1750521600000,0.003118,0.003132,0.003,0.003023,574018893.0,2025-06-21 16:00:00+00:00
1750536000000,0.003022,0.003064,0.002886,0.003011,401480670.0,2025-06-21 20:00:00+00:00
1750550400000,0.003012,0.003047,0.002948,0.002967,309317072.0,2025-06-22 00:00:00+00:00
1750564800000,0.002967,0.003009,0.002958,0.002986,139950502.0,2025-06-22 04:00:00+00:00
1750579200000,0.002987,0.002999,0.002932,0.002949,207132931.0,2025-06-22 08:00:00+00:00
1750593600000,0.002949,0.002965,0.002817,0.002847,479337133.0,2025-06-22 12:00:00+00:00
1750608000000,0.002847,0.002897,0.002844,0.002868,167925398.0,2025-06-22 16:00:00+00:00
1750622400000,0.002868,0.002918,0.002787,0.002917,317054675.0,2025-06-22 20:00:00+00:00
1750636800000,0.002917,0.002937,0.002889,0.002926,170251376.0,2025-06-23 00:00:00+00:00
1750651200000,0.002927,0.002958,0.002916,0.002948,131886849.0,2025-06-23 04:00:00+00:00
1750665600000,0.002948,0.002964,0.002941,0.002958,93150153.0,2025-06-23 08:00:00+00:00
1750680000000,0.002958,0.003049,0.002944,0.003008,255752613.0,2025-06-23 12:00:00+00:00
1750694400000,0.003008,0.003118,0.002947,0.003109,363057523.0,2025-06-23 16:00:00+00:00
1750708800000,0.00311,0.003237,0.003097,0.003221,243787236.0,2025-06-23 20:00:00+00:00
1750723200000,0.003221,0.003234,0.003182,0.003189,191276247.0,2025-06-24 00:00:00+00:00
1750737600000,0.00319,0.003246,0.003183,0.003203,143578259.0,2025-06-24 04:00:00+00:00
1750752000000,0.003203,0.003227,0.003178,0.003197,154925404.0,2025-06-24 08:00:00+00:00
1750766400000,0.003198,0.003228,0.003185,0.003212,164183639.0,2025-06-24 12:00:00+00:00
1750780800000,0.003212,0.00326,0.003205,0.003229,128445486.0,2025-06-24 16:00:00+00:00
1750795200000,0.003229,0.003266,0.003223,0.003266,108203779.0,2025-06-24 20:00:00+00:00
1750809600000,0.003265,0.00327,0.003236,0.003247,117386449.0,2025-06-25 00:00:00+00:00
1750824000000,0.003246,0.00325,0.003213,0.003243,99522839.0,2025-06-25 04:00:00+00:00
1750838400000,0.003244,0.00325,0.0032,0.003245,171867185.0,2025-06-25 08:00:00+00:00
1750852800000,0.003246,0.003262,0.003164,0.003175,181893050.0,2025-06-25 12:00:00+00:00
1750867200000,0.003174,0.0032,0.003153,0.003195,128819214.0,2025-06-25 16:00:00+00:00
1750881600000,0.003195,0.003236,0.003164,0.003186,134036541.0,2025-06-25 20:00:00+00:00
1750896000000,0.003186,0.003319,0.003184,0.00328,551328336.0,2025-06-26 00:00:00+00:00
1750910400000,0.003281,0.003313,0.003259,0.003276,440073624.0,2025-06-26 04:00:00+00:00
1750924800000,0.003277,0.003279,0.003195,0.003235,337762442.0,2025-06-26 08:00:00+00:00
1750939200000,0.003234,0.003236,0.003119,0.003148,283655689.0,2025-06-26 12:00:00+00:00
1750953600000,0.003148,0.003178,0.003126,0.003167,147943899.0,2025-06-26 16:00:00+00:00
1750968000000,0.003167,0.003206,0.003142,0.003158,142674684.0,2025-06-26 20:00:00+00:00
1750982400000,0.003158,0.00319,0.003103,0.00318,151029144.0,2025-06-27 00:00:00+00:00
1750996800000,0.00318,0.0032,0.003126,0.003126,135325242.0,2025-06-27 04:00:00+00:00
1751011200000,0.003126,0.003173,0.003122,0.00313,130451098.0,2025-06-27 08:00:00+00:00
1751025600000,0.00313,0.003168,0.003101,0.003162,190223138.0,2025-06-27 12:00:00+00:00
1751040000000,0.003163,0.003198,0.003106,0.003123,223667431.0,2025-06-27 16:00:00+00:00
1751054400000,0.003122,0.003171,0.003119,0.00316,79678152.0,2025-06-27 20:00:00+00:00
1751068800000,0.00316,0.003171,0.003132,0.003133,91691188.0,2025-06-28 00:00:00+00:00
1751083200000,0.003134,0.00316,0.003131,0.003157,71743399.0,2025-06-28 04:00:00+00:00
1751097600000,0.003157,0.003178,0.003133,0.003171,79793924.0,2025-06-28 08:00:00+00:00
1751112000000,0.003172,0.003219,0.003164,0.00321,89075290.0,2025-06-28 12:00:00+00:00
1751126400000,0.003211,0.003251,0.003199,0.003234,129799611.0,2025-06-28 16:00:00+00:00
1751140800000,0.003233,0.003266,0.00322,0.003246,87300845.0,2025-06-28 20:00:00+00:00
1751155200000,0.003246,0.003262,0.003219,0.003236,86959589.0,2025-06-29 00:00:00+00:00
1751169600000,0.003236,0.003267,0.003233,0.003265,53124745.0,2025-06-29 04:00:00+00:00
1751184000000,0.003266,0.003287,0.00326,0.003268,78487746.0,2025-06-29 08:00:00+00:00
1751198400000,0.003268,0.00328,0.003227,0.003238,74716925.0,2025-06-29 12:00:00+00:00
1751212800000,0.003238,0.003285,0.003233,0.003281,84099985.0,2025-06-29 16:00:00+00:00
1751227200000,0.003281,0.003375,0.003259,0.003348,211499885.0,2025-06-29 20:00:00+00:00
1751241600000,0.003348,0.003371,0.003291,0.003296,133269517.0,2025-06-30 00:00:00+00:00
1751256000000,0.003296,0.003301,0.003255,0.003294,98527219.0,2025-06-30 04:00:00+00:00
1751270400000,0.003294,0.003295,0.003248,0.003265,88132762.0,2025-06-30 08:00:00+00:00
1751284800000,0.003265,0.003277,0.003213,0.003254,163372054.0,2025-06-30 12:00:00+00:00
1751299200000,0.003254,0.003303,0.003241,0.0033,116360493.0,2025-06-30 16:00:00+00:00
1751313600000,0.0033,0.003312,0.003267,0.003283,83496250.0,2025-06-30 20:00:00+00:00
1751328000000,0.003282,0.003285,0.00323,0.003236,117980699.0,2025-07-01 00:00:00+00:00
1751342400000,0.003237,0.003237,0.003183,0.003213,103899613.0,2025-07-01 04:00:00+00:00
1751356800000,0.003214,0.003214,0.003163,0.003171,124656855.0,2025-07-01 08:00:00+00:00
1751371200000,0.003172,0.003196,0.003136,0.003165,135800296.0,2025-07-01 12:00:00+00:00
1751385600000,0.003164,0.00318,0.003135,0.003145,90473481.0,2025-07-01 16:00:00+00:00
1751400000000,0.003145,0.003174,0.00313,0.003149,69055075.0,2025-07-01 20:00:00+00:00
1751414400000,0.003148,0.003182,0.003129,0.003162,114498205.0,2025-07-02 00:00:00+00:00
1751428800000,0.003162,0.003226,0.003161,0.003214,81979317.0,2025-07-02 04:00:00+00:00
1751443200000,0.003214,0.003257,0.003213,0.003233,65608546.0,2025-07-02 08:00:00+00:00
1751457600000,0.003234,0.003324,0.003226,0.003314,144470159.0,2025-07-02 12:00:00+00:00
1751472000000,0.003313,0.003436,0.003312,0.003432,282557665.0,2025-07-02 16:00:00+00:00
1751486400000,0.003432,0.003448,0.003375,0.003378,158461946.0,2025-07-02 20:00:00+00:00
1751500800000,0.003379,0.003406,0.003356,0.003379,120958240.0,2025-07-03 00:00:00+00:00
1751515200000,0.003378,0.003433,0.003372,0.003421,101303489.0,2025-07-03 04:00:00+00:00
1751529600000,0.003422,0.003426,0.003375,0.003385,109581774.0,2025-07-03 08:00:00+00:00
1751544000000,0.003384,0.003438,0.00336,0.003366,175546477.0,2025-07-03 12:00:00+00:00
1751558400000,0.003365,0.003404,0.003358,0.003401,90821509.0,2025-07-03 16:00:00+00:00
1751572800000,0.003401,0.003449,0.003381,0.003412,242430083.0,2025-07-03 20:00:00+00:00
1751587200000,0.003412,0.003419,0.003339,0.003341,150199002.0,2025-07-04 00:00:00+00:00
1751601600000,0.003341,0.003352,0.00327,0.003271,105560110.0,2025-07-04 04:00:00+00:00
1751616000000,0.003271,0.003305,0.003265,0.003299,104175417.0,2025-07-04 08:00:00+00:00
1751630400000,0.003299,0.003319,0.003244,0.003245,145082052.0,2025-07-04 12:00:00+00:00
1751644800000,0.003245,0.00325,0.003188,0.003188,180262371.0,2025-07-04 16:00:00+00:00
1751659200000,0.003189,0.003246,0.003183,0.003245,94175964.0,2025-07-04 20:00:00+00:00
1751673600000,0.003245,0.003274,0.003227,0.00325,123597141.0,2025-07-05 00:00:00+00:00
1751688000000,0.003251,0.003276,0.003245,0.00326,60821668.0,2025-07-05 04:00:00+00:00
1751702400000,0.003261,0.00327,0.003235,0.003247,62188505.0,2025-07-05 08:00:00+00:00
1751716800000,0.003248,0.003257,0.003228,0.003237,91289809.0,2025-07-05 12:00:00+00:00
1751731200000,0.003237,0.003245,0.00318,0.003209,114572450.0,2025-07-05 16:00:00+00:00
1751745600000,0.003209,0.003242,0.003206,0.00323,59247702.0,2025-07-05 20:00:00+00:00
1751760000000,0.00323,0.003234,0.003207,0.003213,62003932.0,2025-07-06 00:00:00+00:00
1751774400000,0.003213,0.003237,0.00321,0.003226,44289845.0,2025-07-06 04:00:00+00:00
1751788800000,0.003225,0.003226,0.003198,0.003221,51171983.0,2025-07-06 08:00:00+00:00
1751803200000,0.00322,0.003278,0.003216,0.003264,90046631.0,2025-07-06 12:00:00+00:00
1751817600000,0.003264,0.003283,0.003252,0.003267,60385723.0,2025-07-06 16:00:00+00:00
1751832000000,0.003266,0.003312,0.003247,0.003276,90944006.0,2025-07-06 20:00:00+00:00
1751846400000,0.003276,0.003302,0.003251,0.003294,211794973.0,2025-07-07 00:00:00+00:00
1751860800000,0.003294,0.003356,0.003294,0.003351,108049320.0,2025-07-07 04:00:00+00:00
1751875200000,0.003351,0.003359,0.003318,0.003337,144808996.0,2025-07-07 08:00:00+00:00
1751889600000,0.003336,0.003385,0.003289,0.003296,144888249.0,2025-07-07 12:00:00+00:00
1751904000000,0.003296,0.003312,0.00325,0.003289,137903534.0,2025-07-07 16:00:00+00:00
1751918400000,0.003289,0.003295,0.003236,0.003291,89668415.0,2025-07-07 20:00:00+00:00
1751932800000,0.003291,0.003297,0.003252,0.003272,120506662.0,2025-07-08 00:00:00+00:00
1751947200000,0.003272,0.003303,0.003267,0.003302,57542316.0,2025-07-08 04:00:00+00:00
1751961600000,0.003302,0.003354,0.003284,0.003353,66613800.0,2025-07-08 08:00:00+00:00
1751976000000,0.003352,0.003363,0.003307,0.003335,103289075.0,2025-07-08 12:00:00+00:00
1751990400000,0.003335,0.003391,0.003322,0.003387,104976350.0,2025-07-08 16:00:00+00:00
1752004800000,0.003387,0.003409,0.003374,0.003405,77309415.0,2025-07-08 20:00:00+00:00
1752019200000,0.003405,0.003435,0.003375,0.003419,165123652.0,2025-07-09 00:00:00+00:00
1752033600000,0.00342,0.003523,0.003417,0.00351,193181921.0,2025-07-09 04:00:00+00:00
1752048000000,0.00351,0.003606,0.003492,0.003546,600730534.0,2025-07-09 08:00:00+00:00
1752062400000,0.003547,0.003557,0.003466,0.003491,296148755.0,2025-07-09 12:00:00+00:00
1752076800000,0.00349,0.003561,0.003484,0.003555,137885312.0,2025-07-09 16:00:00+00:00
1752091200000,0.003554,0.003574,0.003533,0.003535,134752831.0,2025-07-09 20:00:00+00:00
1752105600000,0.003536,0.003551,0.003518,0.003523,120392623.0,2025-07-10 00:00:00+00:00
1752120000000,0.003523,0.003554,0.003507,0.003522,91886125.0,2025-07-10 04:00:00+00:00
1752134400000,0.003523,0.003543,0.003508,0.003543,136452355.0,2025-07-10 08:00:00+00:00
1752148800000,0.003543,0.00355,0.0035,0.003505,139687771.0,2025-07-10 12:00:00+00:00
1752163200000,0.003506,0.003586,0.003502,0.003572,168047800.0,2025-07-10 16:00:00+00:00
1752177600000,0.00357,0.003797,0.00357,0.003712,417114121.0,2025-07-10 20:00:00+00:00
1752192000000,0.003712,0.003791,0.003643,0.003749,670556871.0,2025-07-11 00:00:00+00:00
1752206400000,0.00375,0.003787,0.003674,0.003698,279066015.0,2025-07-11 04:00:00+00:00
1752220800000,0.003698,0.003778,0.003698,0.003723,225222672.0,2025-07-11 08:00:00+00:00
1752235200000,0.003724,0.003794,0.003696,0.003712,228993913.0,2025-07-11 12:00:00+00:00
1752249600000,0.003712,0.004051,0.003689,0.003888,1267592427.0,2025-07-11 16:00:00+00:00
1752264000000,0.003888,0.00389,0.003667,0.003779,495602319.0,2025-07-11 20:00:00+00:00
1752278400000,0.003779,0.003849,0.003682,0.003818,223250610.0,2025-07-12 00:00:00+00:00
1752292800000,0.003819,0.00396,0.003766,0.003879,635268354.0,2025-07-12 04:00:00+00:00
1752307200000,0.003879,0.003915,0.003789,0.003819,205095107.0,2025-07-12 08:00:00+00:00
1752321600000,0.003821,0.003867,0.003667,0.003702,351627723.0,2025-07-12 12:00:00+00:00
1752336000000,0.003703,0.003762,0.003688,0.003742,171902348.0,2025-07-12 16:00:00+00:00
1752350400000,0.003742,0.003744,0.003672,0.003741,124364189.0,2025-07-12 20:00:00+00:00
1752364800000,0.003741,0.003758,0.003696,0.003707,125934967.0,2025-07-13 00:00:00+00:00
1752379200000,0.003707,0.003777,0.003685,0.003765,132401811.0,2025-07-13 04:00:00+00:00
1752393600000,0.003764,0.003783,0.003723,0.003751,128735584.0,2025-07-13 08:00:00+00:00
1752408000000,0.003751,0.003861,0.003743,0.003819,183908514.0,2025-07-13 12:00:00+00:00
1752422400000,0.00382,0.003843,0.003768,0.003795,93758205.0,2025-07-13 16:00:00+00:00
1752436800000,0.003795,0.00381,0.0037,0.003759,125432576.0,2025-07-13 20:00:00+00:00
1752451200000,0.003761,0.003872,0.003742,0.003862,182293640.0,2025-07-14 00:00:00+00:00
1752465600000,0.003863,0.003889,0.003807,0.003869,154964048.0,2025-07-14 04:00:00+00:00
1752480000000,0.003869,0.003871,0.0038,0.003814,94966829.0,2025-07-14 08:00:00+00:00
1752494400000,0.003813,0.003844,0.0037,0.00373,206634399.0,2025-07-14 12:00:00+00:00
1752508800000,0.00373,0.003767,0.003682,0.003706,109203220.0,2025-07-14 16:00:00+00:00
1752523200000,0.003707,0.003726,0.003666,0.003716,78656936.0,2025-07-14 20:00:00+00:00
1752537600000,0.003714,0.00373,0.003582,0.003603,299684838.0,2025-07-15 00:00:00+00:00
1752552000000,0.003602,0.003636,0.003556,0.003586,176998617.0,2025-07-15 04:00:00+00:00
1752566400000,0.003585,0.003607,0.003563,0.003603,150779964.0,2025-07-15 08:00:00+00:00
1752580800000,0.003603,0.003657,0.003564,0.003635,297197910.0,2025-07-15 12:00:00+00:00
1752595200000,0.003636,0.003738,0.003635,0.003645,148917255.0,2025-07-15 16:00:00+00:00
1752609600000,0.003646,0.003766,0.003635,0.003764,91167406.0,2025-07-15 20:00:00+00:00
1752624000000,0.003764,0.003838,0.003705,0.003715,270563620.0,2025-07-16 00:00:00+00:00
1752638400000,0.003715,0.003777,0.003694,0.003771,91998504.0,2025-07-16 04:00:00+00:00
1752652800000,0.003771,0.00378,0.003712,0.003727,125260647.0,2025-07-16 08:00:00+00:00
1752667200000,0.003728,0.003773,0.003715,0.003749,156307487.0,2025-07-16 12:00:00+00:00
1752681600000,0.00375,0.003783,0.003672,0.003692,327209103.0,2025-07-16 16:00:00+00:00
1752696000000,0.003693,0.00376,0.003679,0.003713,317514768.0,2025-07-16 20:00:00+00:00
1752710400000,0.003713,0.003751,0.003611,0.00363,346776099.0,2025-07-17 00:00:00+00:00
1752724800000,0.003629,0.003715,0.00362,0.003691,143458251.0,2025-07-17 04:00:00+00:00
1752739200000,0.003691,0.003754,0.003678,0.003699,179494518.0,2025-07-17 08:00:00+00:00
1752753600000,0.003699,0.00372,0.003633,0.003681,251673783.0,2025-07-17 12:00:00+00:00
1752768000000,0.00368,0.003684,0.003605,0.003609,222924883.0,2025-07-17 16:00:00+00:00
1752782400000,0.003609,0.003741,0.003568,0.003704,233072496.0,2025-07-17 20:00:00+00:00
1752796800000,0.003702,0.003778,0.003692,0.003778,226776535.0,2025-07-18 00:00:00+00:00
1752811200000,0.003778,0.003873,0.00375,0.003754,329199156.0,2025-07-18 04:00:00+00:00
1752825600000,0.003754,0.003806,0.00373,0.003777,239591483.0,2025-07-18 08:00:00+00:00
1752840000000,0.003776,0.003837,0.003657,0.003694,434872509.0,2025-07-18 12:00:00+00:00
1752854400000,0.003693,0.003734,0.003633,0.003662,196523008.0,2025-07-18 16:00:00+00:00
1752868800000,0.003662,0.003666,0.003558,0.003641,281552154.0,2025-07-18 20:00:00+00:00
1752883200000,0.003641,0.003691,0.003576,0.003687,153267925.0,2025-07-19 00:00:00+00:00
1752897600000,0.003688,0.003724,0.003674,0.003693,133589488.0,2025-07-19 04:00:00+00:00
1752912000000,0.003693,0.003761,0.00366,0.003696,456338578.0,2025-07-19 08:00:00+00:00
1752926400000,0.003695,0.003809,0.003684,0.003787,644098147.0,2025-07-19 12:00:00+00:00
1752940800000,0.003788,0.003997,0.003741,0.003828,1336115240.0,2025-07-19 16:00:00+00:00
1752955200000,0.003829,0.00386,0.003725,0.00385,377644824.0,2025-07-19 20:00:00+00:00
1752969600000,0.003852,0.003926,0.003793,0.003839,544500462.0,2025-07-20 00:00:00+00:00
1752984000000,0.00384,0.003937,0.003833,0.003918,360561751.0,2025-07-20 04:00:00+00:00
1752998400000,0.003918,0.004068,0.00391,0.004056,468682350.0,2025-07-20 08:00:00+00:00
1753012800000,0.004055,0.0045,0.004034,0.004395,2700026421.0,2025-07-20 12:00:00+00:00
1753027200000,0.004394,0.005391,0.004304,0.004447,8370294897.0,2025-07-20 16:00:00+00:00
1753041600000,0.004447,0.004547,0.00432,0.004478,1348496719.0,2025-07-20 20:00:00+00:00
1753056000000,0.004477,0.00451,0.004267,0.004476,1530766558.0,2025-07-21 00:00:00+00:00
1753070400000,0.004476,0.004631,0.004404,0.004549,1266990592.0,2025-07-21 04:00:00+00:00
1753084800000,0.004549,0.004596,0.004409,0.004448,698120349.0,2025-07-21 08:00:00+00:00
1753099200000,0.004447,0.004481,0.004387,0.004409,595633576.0,2025-07-21 12:00:00+00:00
1753113600000,0.00441,0.004415,0.004255,0.004279,550208904.0,2025-07-21 16:00:00+00:00
1753128000000,0.004279,0.004347,0.004265,0.004322,253896994.0,2025-07-21 20:00:00+00:00
1753142400000,0.004322,0.004343,0.004125,0.004143,715931571.0,2025-07-22 00:00:00+00:00
1753156800000,0.004144,0.004167,0.004047,0.004136,546509612.0,2025-07-22 04:00:00+00:00
1753171200000,0.004136,0.004193,0.004062,0.004172,357251527.0,2025-07-22 08:00:00+00:00
1753185600000,0.004171,0.004247,0.004108,0.004206,453842422.0,2025-07-22 12:00:00+00:00
1753200000000,0.004207,0.004271,0.004146,0.004184,405233114.0,2025-07-22 16:00:00+00:00
1753214400000,0.004183,0.004276,0.004169,0.00426,152430009.0,2025-07-22 20:00:00+00:00
1753228800000,0.004261,0.004261,0.004177,0.004198,199438225.0,2025-07-23 00:00:00+00:00
1753243200000,0.004198,0.004248,0.004171,0.004188,181628835.0,2025-07-23 04:00:00+00:00
1753257600000,0.004188,0.004448,0.004178,0.004241,2141929052.0,2025-07-23 08:00:00+00:00
1753272000000,0.004241,0.004253,0.00398,0.004102,936000203.0,2025-07-23 12:00:00+00:00
1753286400000,0.004102,0.004115,0.003978,0.004015,370278287.0,2025-07-23 16:00:00+00:00
1753300800000,0.004015,0.004038,0.003875,0.003988,366662090.0,2025-07-23 20:00:00+00:00
1753315200000,0.003988,0.00408,0.003983,0.004021,227814821.0,2025-07-24 00:00:00+00:00
1753329600000,0.004022,0.004044,0.003705,0.003847,537680836.0,2025-07-24 04:00:00+00:00
1753344000000,0.003847,0.003987,0.003839,0.003973,264037103.0,2025-07-24 08:00:00+00:00
1753358400000,0.003972,0.00404,0.003881,0.004001,282948008.0,2025-07-24 12:00:00+00:00
1753372800000,0.004001,0.004019,0.003897,0.003972,190895824.0,2025-07-24 16:00:00+00:00
1753387200000,0.003972,0.004006,0.003898,0.003915,116709141.0,2025-07-24 20:00:00+00:00
1753401600000,0.003916,0.003949,0.003808,0.003854,249771621.0,2025-07-25 00:00:00+00:00
1753416000000,0.003853,0.003894,0.003808,0.003855,236459940.0,2025-07-25 04:00:00+00:00
1753430400000,0.003855,0.004002,0.003835,0.003994,299658408.0,2025-07-25 08:00:00+00:00
1753444800000,0.003994,0.004026,0.003846,0.003891,278144391.0,2025-07-25 12:00:00+00:00
1753459200000,0.003891,0.003942,0.003868,0.003914,139358978.0,2025-07-25 16:00:00+00:00
1753473600000,0.003913,0.004021,0.003913,0.004021,91137085.0,2025-07-25 20:00:00+00:00
1753488000000,0.00402,0.004117,0.003996,0.004033,511176647.0,2025-07-26 00:00:00+00:00
1753502400000,0.004032,0.004066,0.003997,0.004063,204881208.0,2025-07-26 04:00:00+00:00
1753516800000,0.004062,0.004107,0.004043,0.004047,198578933.0,2025-07-26 08:00:00+00:00
1753531200000,0.004047,0.00419,0.00403,0.004172,814895909.0,2025-07-26 12:00:00+00:00
1753545600000,0.00417,0.004172,0.00413,0.004159,185734799.0,2025-07-26 16:00:00+00:00
1753560000000,0.00416,0.004233,0.004147,0.004192,222601320.0,2025-07-26 20:00:00+00:00
1753574400000,0.00419,0.004194,0.004142,0.004183,187900173.0,2025-07-27 00:00:00+00:00
1753588800000,0.004183,0.004232,0.004156,0.004169,178674296.0,2025-07-27 04:00:00+00:00
1753603200000,0.004169,0.004226,0.004115,0.00417,331162328.0,2025-07-27 08:00:00+00:00
1753617600000,0.00417,0.004343,0.004158,0.004216,868654930.0,2025-07-27 12:00:00+00:00
1753632000000,0.004217,0.00427,0.004215,0.004227,182603039.0,2025-07-27 16:00:00+00:00
1753646400000,0.004228,0.004275,0.004194,0.004266,143814796.0,2025-07-27 20:00:00+00:00
1753660800000,0.004267,0.004274,0.004115,0.004201,348110590.0,2025-07-28 00:00:00+00:00
1753675200000,0.0042,0.00422,0.004135,0.004175,157940430.0,2025-07-28 04:00:00+00:00
1753689600000,0.004175,0.004184,0.004133,0.004145,128363126.0,2025-07-28 08:00:00+00:00
1753704000000,0.004146,0.004153,0.003961,0.003993,408754863.0,2025-07-28 12:00:00+00:00
1753718400000,0.003992,0.004017,0.003921,0.003943,198891129.0,2025-07-28 16:00:00+00:00
1753732800000,0.003944,0.003947,0.003838,0.003898,281833092.0,2025-07-28 20:00:00+00:00
1753747200000,0.003898,0.003922,0.003815,0.003902,191685629.0,2025-07-29 00:00:00+00:00
1753761600000,0.003901,0.004224,0.003894,0.004075,1145086930.0,2025-07-29 04:00:00+00:00
1753776000000,0.004077,0.004096,0.003931,0.00397,360036890.0,2025-07-29 08:00:00+00:00
1753790400000,0.00397,0.004024,0.003867,0.003895,335786861.0,2025-07-29 12:00:00+00:00
1753804800000,0.003896,0.003904,0.003826,0.003862,171498034.0,2025-07-29 16:00:00+00:00
1753819200000,0.003861,0.003929,0.003823,0.003922,145719372.0,2025-07-29 20:00:00+00:00
1753833600000,0.003921,0.003923,0.003837,0.003883,148598738.0,2025-07-30 00:00:00+00:00
1753848000000,0.003883,0.003898,0.003834,0.003847,108189947.0,2025-07-30 04:00:00+00:00
1753862400000,0.003845,0.003867,0.003691,0.003732,305517355.0,2025-07-30 08:00:00+00:00
1753876800000,0.003732,0.003824,0.003708,0.003796,243607217.0,2025-07-30 12:00:00+00:00
1753891200000,0.003796,0.00383,0.003615,0.00378,258422601.0,2025-07-30 16:00:00+00:00
1753905600000,0.00378,0.003833,0.003754,0.003829,98792918.0,2025-07-30 20:00:00+00:00
1753920000000,0.003828,0.003886,0.003822,0.003871,106466404.0,2025-07-31 00:00:00+00:00
1753934400000,0.003873,0.003884,0.003852,0.003874,84206582.0,2025-07-31 04:00:00+00:00
1753948800000,0.003874,0.003901,0.003856,0.003865,87372941.0,2025-07-31 08:00:00+00:00
1753963200000,0.003866,0.003869,0.003723,0.003776,203452938.0,2025-07-31 12:00:00+00:00
1753977600000,0.003776,0.003841,0.003731,0.003739,121425116.0,2025-07-31 16:00:00+00:00
1753992000000,0.003739,0.003754,0.003612,0.003628,216547280.0,2025-07-31 20:00:00+00:00
1754006400000,0.003629,0.00369,0.003549,0.003659,259308358.0,2025-08-01 00:00:00+00:00
1754020800000,0.003659,0.003659,0.003599,0.003619,108538813.0,2025-08-01 04:00:00+00:00
1754035200000,0.003618,0.003622,0.003544,0.003605,200495379.0,2025-08-01 08:00:00+00:00
1754049600000,0.003605,0.003648,0.00354,0.00363,231148110.0,2025-08-01 12:00:00+00:00
1754064000000,0.003629,0.00365,0.003551,0.003623,167183693.0,2025-08-01 16:00:00+00:00
1754078400000,0.003623,0.003638,0.003474,0.00358,215720254.0,2025-08-01 20:00:00+00:00
1754092800000,0.00358,0.003627,0.003569,0.003621,107025418.0,2025-08-02 00:00:00+00:00
1754107200000,0.003622,0.003629,0.003531,0.003603,87569551.0,2025-08-02 04:00:00+00:00
1754121600000,0.003602,0.003616,0.003536,0.003579,83180911.0,2025-08-02 08:00:00+00:00
1754136000000,0.00358,0.003602,0.003526,0.003536,126310930.0,2025-08-02 12:00:00+00:00
1754150400000,0.003535,0.003574,0.003465,0.003513,205508881.0,2025-08-02 16:00:00+00:00
1754164800000,0.003512,0.003561,0.003481,0.003516,118786384.0,2025-08-02 20:00:00+00:00
1754179200000,0.003515,0.003572,0.00346,0.003562,120904682.0,2025-08-03 00:00:00+00:00
1754193600000,0.003563,0.003583,0.003545,0.003575,60795664.0,2025-08-03 04:00:00+00:00
1754208000000,0.003575,0.003618,0.00357,0.003592,107722629.0,2025-08-03 08:00:00+00:00
1754222400000,0.003593,0.003604,0.003566,0.003586,83653751.0,2025-08-03 12:00:00+00:00
1754236800000,0.003586,0.003609,0.003578,0.003587,61696016.0,2025-08-03 16:00:00+00:00
1754251200000,0.003589,0.003612,0.00358,0.003585,40788907.0,2025-08-03 20:00:00+00:00
1754265600000,0.003586,0.00365,0.003585,0.003616,95782599.0,2025-08-04 00:00:00+00:00
1754280000000,0.003615,0.003634,0.003598,0.003626,59378271.0,2025-08-04 04:00:00+00:00
1754294400000,0.003627,0.00364,0.003601,0.00361,77909049.0,2025-08-04 08:00:00+00:00
1754308800000,0.00361,0.003672,0.00359,0.003644,138567101.0,2025-08-04 12:00:00+00:00
1754323200000,0.003643,0.003695,0.003642,0.003652,72078286.0,2025-08-04 16:00:00+00:00
1754337600000,0.003652,0.003693,0.003646,0.003689,54091226.0,2025-08-04 20:00:00+00:00
1754352000000,0.003689,0.003697,0.003619,0.003621,127582261.0,2025-08-05 00:00:00+00:00
1754366400000,0.003622,0.003649,0.003555,0.003559,155056585.0,2025-08-05 04:00:00+00:00
1754380800000,0.003559,0.003677,0.003559,0.003669,142793963.0,2025-08-05 08:00:00+00:00
1754395200000,0.00367,0.003679,0.003512,0.003529,213472796.0,2025-08-05 12:00:00+00:00
1754409600000,0.00353,0.003578,0.003521,0.003539,105507336.0,2025-08-05 16:00:00+00:00
1754424000000,0.00354,0.003564,0.00349,0.003556,106962093.0,2025-08-05 20:00:00+00:00
1754438400000,0.003556,0.003559,0.003478,0.003479,136595337.0,2025-08-06 00:00:00+00:00
1754452800000,0.003479,0.003559,0.003459,0.003554,120825890.0,2025-08-06 04:00:00+00:00
1754467200000,0.003554,0.003555,0.003499,0.003518,168965769.0,2025-08-06 08:00:00+00:00
1754481600000,0.003519,0.00358,0.003489,0.003573,132709624.0,2025-08-06 12:00:00+00:00
1754496000000,0.003574,0.003594,0.003547,0.003573,116465861.0,2025-08-06 16:00:00+00:00
1754510400000,0.003574,0.003578,0.00356,0.003572,54858368.0,2025-08-06 20:00:00+00:00
1754524800000,0.003572,0.003594,0.003544,0.003549,91383832.0,2025-08-07 00:00:00+00:00
1754539200000,0.003548,0.003599,0.003547,0.003588,125171915.0,2025-08-07 04:00:00+00:00
1754553600000,0.003589,0.003689,0.003575,0.003683,258548411.0,2025-08-07 08:00:00+00:00
1754568000000,0.003682,0.003686,0.003638,0.003664,129081137.0,2025-08-07 12:00:00+00:00
1754582400000,0.003664,0.003672,0.003596,0.003666,115250409.0,2025-08-07 16:00:00+00:00
1754596800000,0.003665,0.003711,0.003663,0.003708,119751767.0,2025-08-07 20:00:00+00:00
1754611200000,0.003708,0.003743,0.003666,0.003706,205745807.0,2025-08-08 00:00:00+00:00
1754625600000,0.003704,0.003725,0.003671,0.003719,103871777.0,2025-08-08 04:00:00+00:00
1754640000000,0.003718,0.003737,0.003697,0.003728,97076215.0,2025-08-08 08:00:00+00:00
1754654400000,0.003728,0.003776,0.003674,0.003702,158050038.0,2025-08-08 12:00:00+00:00
1754668800000,0.003702,0.003799,0.003699,0.003795,95908363.0,2025-08-08 16:00:00+00:00
1754683200000,0.003796,0.003801,0.003771,0.003777,62426878.0,2025-08-08 20:00:00+00:00
1754697600000,0.003778,0.003809,0.003776,0.003783,113892218.0,2025-08-09 00:00:00+00:00
1754712000000,0.003784,0.003867,0.003778,0.003861,128998911.0,2025-08-09 04:00:00+00:00
1754726400000,0.003862,0.003887,0.003853,0.003858,121469604.0,2025-08-09 08:00:00+00:00
1754740800000,0.003859,0.003879,0.003794,0.003817,186950865.0,2025-08-09 12:00:00+00:00
1754755200000,0.003816,0.003855,0.003815,0.003842,85743923.0,2025-08-09 16:00:00+00:00
1754769600000,0.003842,0.003868,0.003803,0.00382,90937814.0,2025-08-09 20:00:00+00:00
1754784000000,0.003819,0.003865,0.003806,0.003858,188157039.0,2025-08-10 00:00:00+00:00
1754798400000,0.003858,0.003885,0.003747,0.00376,315237938.0,2025-08-10 04:00:00+00:00
1754812800000,0.00376,0.003786,0.003725,0.003747,127340730.0,2025-08-10 08:00:00+00:00
1754827200000,0.003747,0.003798,0.003714,0.003784,141582153.0,2025-08-10 12:00:00+00:00
1754841600000,0.003784,0.003823,0.003782,0.003808,86965875.0,2025-08-10 16:00:00+00:00
1754856000000,0.003808,0.003812,0.003748,0.00379,81293137.0,2025-08-10 20:00:00+00:00
1754870400000,0.00379,0.003887,0.003767,0.003854,133784288.0,2025-08-11 00:00:00+00:00
1754884800000,0.003856,0.003874,0.003761,0.00377,103725215.0,2025-08-11 04:00:00+00:00
1754899200000,0.003772,0.003816,0.003689,0.003702,175979192.0,2025-08-11 08:00:00+00:00
1754913600000,0.003704,0.003753,0.003666,0.003748,169773847.0,2025-08-11 12:00:00+00:00
1754928000000,0.003749,0.003837,0.003702,0.00372,594589719.0,2025-08-11 16:00:00+00:00
1754942400000,0.003722,0.003732,0.003625,0.003641,170125464.0,2025-08-11 20:00:00+00:00
1754956800000,0.003644,0.003704,0.003623,0.00367,124903519.0,2025-08-12 00:00:00+00:00
1754971200000,0.00367,0.003688,0.003598,0.003667,124799851.0,2025-08-12 04:00:00+00:00
1754985600000,0.003668,0.003668,0.003569,0.00361,162550186.0,2025-08-12 08:00:00+00:00
1755000000000,0.00361,0.003778,0.003597,0.003777,239873153.0,2025-08-12 12:00:00+00:00
1755014400000,0.003776,0.003836,0.003769,0.003835,206078876.0,2025-08-12 16:00:00+00:00
1755028800000,0.003835,0.003875,0.003819,0.003819,241016986.0,2025-08-12 20:00:00+00:00
1755043200000,0.00382,0.003884,0.003805,0.003871,213789917.0,2025-08-13 00:00:00+00:00
1755057600000,0.003872,0.003887,0.003811,0.003864,99211406.0,2025-08-13 04:00:00+00:00
1755072000000,0.003865,0.003993,0.003862,0.003989,669360812.0,2025-08-13 08:00:00+00:00
1755086400000,0.003989,0.003999,0.003859,0.003903,387405360.0,2025-08-13 12:00:00+00:00
1755100800000,0.003904,0.003939,0.003882,0.003932,132236064.0,2025-08-13 16:00:00+00:00
1755115200000,0.003935,0.003952,0.003896,0.003929,100600694.0,2025-08-13 20:00:00+00:00
1755129600000,0.003931,0.003964,0.003895,0.003953,158773479.0,2025-08-14 00:00:00+00:00
1755144000000,0.003952,0.003973,0.003849,0.003872,196827154.0,2025-08-14 04:00:00+00:00
1755158400000,0.003873,0.003873,0.003813,0.003835,193938164.0,2025-08-14 08:00:00+00:00
1755172800000,0.003836,0.003854,0.003504,0.003659,812052562.0,2025-08-14 12:00:00+00:00
1755187200000,0.003659,0.003659,0.003552,0.003592,242557992.0,2025-08-14 16:00:00+00:00
1755201600000,0.003592,0.003603,0.003526,0.003594,177146137.0,2025-08-14 20:00:00+00:00
1755216000000,0.003594,0.003662,0.003581,0.003654,125298043.0,2025-08-15 00:00:00+00:00
1755230400000,0.003654,0.003689,0.003636,0.003672,118081898.0,2025-08-15 04:00:00+00:00
1755244800000,0.003672,0.003685,0.003582,0.003583,201095182.0,2025-08-15 08:00:00+00:00
1755259200000,0.003584,0.003624,0.003419,0.003436,518624932.0,2025-08-15 12:00:00+00:00
1755273600000,0.003436,0.003494,0.003401,0.003451,272054618.0,2025-08-15 16:00:00+00:00
1755288000000,0.003452,0.003542,0.003445,0.003522,125277627.0,2025-08-15 20:00:00+00:00
1755302400000,0.00352,0.003564,0.003518,0.003552,114720184.0,2025-08-16 00:00:00+00:00
1755316800000,0.003554,0.003593,0.003545,0.003583,105866553.0,2025-08-16 04:00:00+00:00
1755331200000,0.003583,0.003585,0.003527,0.003541,102451431.0,2025-08-16 08:00:00+00:00
1755345600000,0.003541,0.00361,0.00353,0.003597,110046124.0,2025-08-16 12:00:00+00:00
1755360000000,0.003598,0.003628,0.003584,0.0036,75073632.0,2025-08-16 16:00:00+00:00
1755374400000,0.003601,0.003622,0.003592,0.003615,52896150.0,2025-08-16 20:00:00+00:00
1755388800000,0.003617,0.003635,0.00359,0.003623,64306797.0,2025-08-17 00:00:00+00:00
1755403200000,0.003624,0.003639,0.003608,0.003626,61461020.0,2025-08-17 04:00:00+00:00
1755417600000,0.003628,0.003654,0.003619,0.00364,59371708.0,2025-08-17 08:00:00+00:00
1755432000000,0.003641,0.003662,0.003623,0.003661,66291662.0,2025-08-17 12:00:00+00:00
1755446400000,0.003662,0.003672,0.003577,0.00359,120695825.0,2025-08-17 16:00:00+00:00
1755460800000,0.003591,0.003618,0.003583,0.003592,54678960.0,2025-08-17 20:00:00+00:00
1755475200000,0.003593,0.003598,0.003453,0.003484,190820621.0,2025-08-18 00:00:00+00:00
1755489600000,0.003483,0.003515,0.003452,0.003482,102320299.0,2025-08-18 04:00:00+00:00
1755504000000,0.003482,0.00351,0.003449,0.003498,136910960.0,2025-08-18 08:00:00+00:00
1755518400000,0.003499,0.003542,0.003482,0.003523,111321834.0,2025-08-18 12:00:00+00:00
1755532800000,0.003522,0.003543,0.003493,0.003527,95320978.0,2025-08-18 16:00:00+00:00
1755547200000,0.003527,0.003566,0.003504,0.003517,85892944.0,2025-08-18 20:00:00+00:00
1755561600000,0.003518,0.003556,0.003458,0.00347,144958502.0,2025-08-19 00:00:00+00:00
1755576000000,0.003469,0.003512,0.003441,0.003497,144969315.0,2025-08-19 04:00:00+00:00
1755590400000,0.003498,0.00355,0.003485,0.003541,131282746.0,2025-08-19 08:00:00+00:00
1755604800000,0.00354,0.003544,0.003435,0.003461,248346261.0,2025-08-19 12:00:00+00:00
1755619200000,0.003461,0.003462,0.003383,0.003415,220801753.0,2025-08-19 16:00:00+00:00
1755633600000,0.003415,0.003441,0.003387,0.003391,105859383.0,2025-08-19 20:00:00+00:00
1755648000000,0.003391,0.003439,0.003373,0.00342,131226095.0,2025-08-20 00:00:00+00:00
1755662400000,0.003422,0.003453,0.003419,0.003437,82762441.0,2025-08-20 04:00:00+00:00
1755676800000,0.003438,0.00348,0.003416,0.003458,114934988.0,2025-08-20 08:00:00+00:00
1755691200000,0.00346,0.00351,0.003386,0.003477,240481028.0,2025-08-20 12:00:00+00:00
1755705600000,0.003478,0.003523,0.003462,0.003521,158481380.0,2025-08-20 16:00:00+00:00
1755720000000,0.003522,0.003533,0.003507,0.003517,71450945.0,2025-08-20 20:00:00+00:00
1755734400000,0.003517,0.003552,0.003498,0.003518,96189453.0,2025-08-21 00:00:00+00:00
1755748800000,0.003518,0.003528,0.003474,0.00351,83105404.0,2025-08-21 04:00:00+00:00
1755763200000,0.003511,0.003514,0.003455,0.003467,86776158.0,2025-08-21 08:00:00+00:00
1755777600000,0.003467,0.003503,0.003442,0.003454,124135841.0,2025-08-21 12:00:00+00:00
1755792000000,0.003454,0.003493,0.003445,0.003456,68115945.0,2025-08-21 16:00:00+00:00
1755806400000,0.003457,0.003492,0.00345,0.003464,56881071.0,2025-08-21 20:00:00+00:00
1755820800000,0.003465,0.003495,0.003441,0.003453,91651246.0,2025-08-22 00:00:00+00:00
1755835200000,0.003453,0.003473,0.00341,0.003447,499626554.0,2025-08-22 04:00:00+00:00
1755849600000,0.003447,0.003461,0.003393,0.003393,114219680.0,2025-08-22 08:00:00+00:00
1755864000000,0.003395,0.00359,0.003344,0.003563,436683934.0,2025-08-22 12:00:00+00:00
1755878400000,0.003564,0.003694,0.003563,0.003686,268945764.0,2025-08-22 16:00:00+00:00
1755892800000,0.003688,0.003718,0.003679,0.003684,131594763.0,2025-08-22 20:00:00+00:00
1755907200000,0.003685,0.003702,0.003604,0.003626,201883560.0,2025-08-23 00:00:00+00:00
1755921600000,0.003626,0.003699,0.003626,0.003668,170508392.0,2025-08-23 04:00:00+00:00
1755936000000,0.003669,0.003683,0.003638,0.003647,142533728.0,2025-08-23 08:00:00+00:00
1755950400000,0.003647,0.003665,0.00362,0.003636,84893629.0,2025-08-23 12:00:00+00:00
1755964800000,0.003637,0.003671,0.003628,0.00367,49003146.0,2025-08-23 16:00:00+00:00
1755979200000,0.00367,0.003672,0.00364,0.003648,57907864.0,2025-08-23 20:00:00+00:00
1755993600000,0.003649,0.003666,0.003596,0.003613,94525108.0,2025-08-24 00:00:00+00:00
1756008000000,0.003612,0.003618,0.003555,0.003557,89700622.0,2025-08-24 04:00:00+00:00
1756022400000,0.003557,0.003565,0.003518,0.003537,125729389.0,2025-08-24 08:00:00+00:00
1756036800000,0.003537,0.003583,0.003535,0.003565,105144635.0,2025-08-24 12:00:00+00:00
1756051200000,0.003566,0.003738,0.00351,0.003619,507518041.0,2025-08-24 16:00:00+00:00
1756065600000,0.00362,0.003647,0.003549,0.003583,234153825.0,2025-08-24 20:00:00+00:00
1756080000000,0.003583,0.003724,0.003533,0.00371,344458350.0,2025-08-25 00:00:00+00:00
1756094400000,0.003709,0.004234,0.003686,0.004039,9595557915.0,2025-08-25 04:00:00+00:00
1756108800000,0.004043,0.004259,0.003807,0.003867,10129446047.0,2025-08-25 08:00:00+00:00
1756123200000,0.003865,0.004169,0.003798,0.003994,7277476453.0,2025-08-25 12:00:00+00:00
1756137600000,0.003994,0.003995,0.003823,0.003868,3331792093.0,2025-08-25 16:00:00+00:00
1756152000000,0.003867,0.003936,0.003602,0.003698,3080140721.0,2025-08-25 20:00:00+00:00
1756166400000,0.003698,0.003698,0.003433,0.003468,2394841858.0,2025-08-26 00:00:00+00:00
1756180800000,0.003469,0.003506,0.003428,0.003471,1066987265.0,2025-08-26 04:00:00+00:00
1756195200000,0.003471,0.003504,0.003433,0.003452,817424610.0,2025-08-26 08:00:00+00:00
1756209600000,0.003454,0.003522,0.003434,0.003497,974928630.0,2025-08-26 12:00:00+00:00
1756224000000,0.003495,0.00356,0.003457,0.003554,823771026.0,2025-08-26 16:00:00+00:00
1756238400000,0.003554,0.003574,0.003505,0.003507,586294907.0,2025-08-26 20:00:00+00:00
1756252800000,0.003507,0.003542,0.003411,0.003471,1138222653.0,2025-08-27 00:00:00+00:00
1756267200000,0.00347,0.003494,0.003375,0.003403,514539033.0,2025-08-27 04:00:00+00:00
1756281600000,0.003404,0.003429,0.003382,0.003413,489150559.0,2025-08-27 08:00:00+00:00
1756296000000,0.003413,0.00347,0.00339,0.003432,410138149.0,2025-08-27 12:00:00+00:00
1756310400000,0.003433,0.00344,0.003378,0.003396,304481711.0,2025-08-27 16:00:00+00:00
1756324800000,0.003396,0.003445,0.003364,0.003406,462969685.0,2025-08-27 20:00:00+00:00
1756339200000,0.003406,0.003421,0.003354,0.0034,398472599.0,2025-08-28 00:00:00+00:00
1756353600000,0.0034,0.003409,0.003375,0.003396,265792263.0,2025-08-28 04:00:00+00:00
1756368000000,0.003397,0.00342,0.00338,0.003414,210637128.0,2025-08-28 08:00:00+00:00
1756382400000,0.003415,0.003451,0.003399,0.00341,392646256.0,2025-08-28 12:00:00+00:00
1756396800000,0.003411,0.00343,0.003361,0.003362,230056875.0,2025-08-28 16:00:00+00:00
1756411200000,0.003363,0.003431,0.003356,0.003425,172278067.0,2025-08-28 20:00:00+00:00
1756425600000,0.003425,0.003438,0.003371,0.003405,318395146.0,2025-08-29 00:00:00+00:00
1756440000000,0.003404,0.003413,0.00329,0.003309,495007291.0,2025-08-29 04:00:00+00:00
1756454400000,0.003309,0.003315,0.003235,0.003283,430308186.0,2025-08-29 08:00:00+00:00
1756468800000,0.003283,0.003364,0.00325,0.003282,435541432.0,2025-08-29 12:00:00+00:00
1756483200000,0.003283,0.003292,0.003239,0.003276,218997471.0,2025-08-29 16:00:00+00:00
1756497600000,0.003276,0.003302,0.003247,0.003294,126259110.0,2025-08-29 20:00:00+00:00
1756512000000,0.003295,0.003422,0.00328,0.003368,836594553.0,2025-08-30 00:00:00+00:00
1756526400000,0.003368,0.003385,0.003355,0.003381,200140029.0,2025-08-30 04:00:00+00:00
1756540800000,0.00338,0.003385,0.003351,0.003363,180101644.0,2025-08-30 08:00:00+00:00
1756555200000,0.003363,0.003389,0.003327,0.003358,232150287.0,2025-08-30 12:00:00+00:00
1756569600000,0.003358,0.003359,0.003326,0.003354,125774521.0,2025-08-30 16:00:00+00:00
1756584000000,0.003353,0.003368,0.003337,0.003359,91199384.0,2025-08-30 20:00:00+00:00
1756598400000,0.003359,0.003383,0.003352,0.00337,171988522.0,2025-08-31 00:00:00+00:00
1756612800000,0.00337,0.003376,0.003308,0.003314,147308894.0,2025-08-31 04:00:00+00:00
1756627200000,0.003314,0.003329,0.003292,0.003317,154839260.0,2025-08-31 08:00:00+00:00
1756641600000,0.003319,0.003323,0.003283,0.00331,87356017.0,2025-08-31 12:00:00+00:00
1756656000000,0.003309,0.003332,0.003292,0.003311,113452036.0,2025-08-31 16:00:00+00:00
1756670400000,0.003311,0.003321,0.003262,0.003267,97970970.0,2025-08-31 20:00:00+00:00
1756684800000,0.003266,0.003274,0.003207,0.003209,240391296.0,2025-09-01 00:00:00+00:00
1756699200000,0.003211,0.003246,0.003152,0.003246,249939145.0,2025-09-01 04:00:00+00:00
1756713600000,0.003246,0.003267,0.003192,0.003193,186422436.0,2025-09-01 08:00:00+00:00
1756728000000,0.003193,0.003211,0.003161,0.003175,135904157.0,2025-09-01 12:00:00+00:00
1756742400000,0.003175,0.003186,0.003142,0.003186,128635757.0,2025-09-01 16:00:00+00:00
1756756800000,0.003186,0.003188,0.003075,0.003155,295907613.0,2025-09-01 20:00:00+00:00
1756771200000,0.003155,0.003224,0.003147,0.003217,127831846.0,2025-09-02 00:00:00+00:00
1756785600000,0.003217,0.00322,0.003176,0.003183,101212234.0,2025-09-02 04:00:00+00:00
1756800000000,0.003184,0.003207,0.003172,0.003178,101397854.0,2025-09-02 08:00:00+00:00
1756814400000,0.003179,0.003223,0.003125,0.003151,228780493.0,2025-09-02 12:00:00+00:00
1756828800000,0.003152,0.003202,0.003151,0.003189,94922187.0,2025-09-02 16:00:00+00:00
1756843200000,0.003189,0.00323,0.003184,0.003223,65034406.0,2025-09-02 20:00:00+00:00
1756857600000,0.003225,0.003249,0.003207,0.003239,85707038.0,2025-09-03 00:00:00+00:00
1756872000000,0.003239,0.003241,0.003203,0.003222,81614707.0,2025-09-03 04:00:00+00:00
1756886400000,0.003222,0.003265,0.003216,0.003253,89513787.0,2025-09-03 08:00:00+00:00
1756900800000,0.003254,0.003295,0.003237,0.003283,158676887.0,2025-09-03 12:00:00+00:00
1756915200000,0.003283,0.0033,0.003266,0.003291,79380769.0,2025-09-03 16:00:00+00:00
1756929600000,0.003291,0.003307,0.003277,0.003297,72075537.0,2025-09-03 20:00:00+00:00
1756944000000,0.003296,0.003312,0.00325,0.003252,348886638.0,2025-09-04 00:00:00+00:00
1756958400000,0.003252,0.003255,0.003194,0.003202,145083687.0,2025-09-04 04:00:00+00:00
1756972800000,0.003201,0.003219,0.003192,0.003202,96763885.0,2025-09-04 08:00:00+00:00
1756987200000,0.003201,0.003225,0.003164,0.003169,159862242.0,2025-09-04 12:00:00+00:00
1757001600000,0.003169,0.003175,0.003138,0.003154,89122294.0,2025-09-04 16:00:00+00:00
1757016000000,0.003152,0.003205,0.00315,0.003175,63929707.0,2025-09-04 20:00:00+00:00
1757030400000,0.003175,0.003217,0.003174,0.003216,105098263.0,2025-09-05 00:00:00+00:00
1757044800000,0.003217,0.003257,0.003207,0.003256,73615550.0,2025-09-05 04:00:00+00:00
1757059200000,0.003257,0.003261,0.003233,0.003248,93966171.0,2025-09-05 08:00:00+00:00
1757073600000,0.003247,0.003286,0.003184,0.003209,217013879.0,2025-09-05 12:00:00+00:00
1757088000000,0.003209,0.003229,0.003195,0.003229,55431448.0,2025-09-05 16:00:00+00:00
1757102400000,0.003229,0.003247,0.003219,0.003238,73673098.0,2025-09-05 20:00:00+00:00
1757116800000,0.003239,0.003277,0.003237,0.003266,81061780.0,2025-09-06 00:00:00+00:00
1757131200000,0.003266,0.00327,0.003226,0.003234,68385657.0,2025-09-06 04:00:00+00:00
1757145600000,0.003235,0.003238,0.00322,0.003234,48260567.0,2025-09-06 08:00:00+00:00
1757160000000,0.003234,0.003245,0.003208,0.003212,63254705.0,2025-09-06 12:00:00+00:00
1757174400000,0.003211,0.003228,0.003195,0.003205,90846774.0,2025-09-06 16:00:00+00:00
1757188800000,0.003205,0.003242,0.003204,0.003231,62155560.0,2025-09-06 20:00:00+00:00
1757203200000,0.003231,0.003272,0.003227,0.003265,95413863.0,2025-09-07 00:00:00+00:00
1757217600000,0.003266,0.003274,0.003248,0.003254,71861865.0,2025-09-07 04:00:00+00:00
1757232000000,0.003255,0.003277,0.00325,0.003274,77270486.0,2025-09-07 08:00:00+00:00
1757246400000,0.003274,0.003276,0.003254,0.003263,86873030.0,2025-09-07 12:00:00+00:00
1757260800000,0.003262,0.003265,0.003231,0.003252,69127713.0,2025-09-07 16:00:00+00:00
1757275200000,0.003252,0.003284,0.003242,0.003271,63594320.0,2025-09-07 20:00:00+00:00
1757289600000,0.003271,0.003307,0.00325,0.003288,123333637.0,2025-09-08 00:00:00+00:00
1757304000000,0.003287,0.00329,0.003264,0.003273,187880464.0,2025-09-08 04:00:00+00:00
1757318400000,0.003272,0.003315,0.00327,0.003295,182063778.0,2025-09-08 08:00:00+00:00
1757332800000,0.003296,0.003339,0.003289,0.003331,106024838.0,2025-09-08 12:00:00+00:00
1757347200000,0.00333,0.003345,0.003299,0.003306,97727635.0,2025-09-08 16:00:00+00:00
1757361600000,0.003307,0.003343,0.003289,0.003329,85750983.0,2025-09-08 20:00:00+00:00
1757376000000,0.003329,0.003344,0.003283,0.003321,163505621.0,2025-09-09 00:00:00+00:00
1757390400000,0.003319,0.003385,0.003318,0.003382,153331007.0,2025-09-09 04:00:00+00:00
1757404800000,0.003382,0.003399,0.003365,0.003389,149934678.0,2025-09-09 08:00:00+00:00
1757419200000,0.003389,0.003406,0.003298,0.003315,283083018.0,2025-09-09 12:00:00+00:00
1757433600000,0.003315,0.00334,0.003299,0.003321,122692887.0,2025-09-09 16:00:00+00:00
1757448000000,0.003321,0.003357,0.003318,0.003346,80622814.0,2025-09-09 20:00:00+00:00
1757462400000,0.003346,0.003398,0.003328,0.003379,165694462.0,2025-09-10 00:00:00+00:00
1757476800000,0.003379,0.003383,0.003357,0.003371,90767183.0,2025-09-10 04:00:00+00:00
1757491200000,0.003371,0.003379,0.003331,0.003348,140750782.0,2025-09-10 08:00:00+00:00
1757505600000,0.003347,0.003391,0.003344,0.003366,172776231.0,2025-09-10 12:00:00+00:00
1757520000000,0.003367,0.003372,0.003311,0.003327,141466609.0,2025-09-10 16:00:00+00:00
1757534400000,0.003326,0.003369,0.003323,0.003368,57095965.0,2025-09-10 20:00:00+00:00
1757548800000,0.003367,0.003401,0.003361,0.003398,90652009.0,2025-09-11 00:00:00+00:00
1757563200000,0.003398,0.003409,0.003371,0.003399,131096670.0,2025-09-11 04:00:00+00:00
1757577600000,0.003399,0.003399,0.003361,0.003362,97908608.0,2025-09-11 08:00:00+00:00
1757592000000,0.003362,0.003389,0.003314,0.003334,283482229.0,2025-09-11 12:00:00+00:00
1757606400000,0.003333,0.003366,0.00333,0.003359,69818406.0,2025-09-11 16:00:00+00:00
1757620800000,0.00336,0.003398,0.003358,0.003393,69082581.0,2025-09-11 20:00:00+00:00
1757635200000,0.003393,0.00341,0.00338,0.003386,79354534.0,2025-09-12 00:00:00+00:00
1757649600000,0.003387,0.003436,0.003373,0.003396,188210353.0,2025-09-12 04:00:00+00:00
1757664000000,0.003397,0.0034,0.003354,0.003362,106486428.0,2025-09-12 08:00:00+00:00
1757678400000,0.003363,0.003406,0.003347,0.003382,83709256.0,2025-09-12 12:00:00+00:00
1757692800000,0.003381,0.003441,0.003377,0.003441,87461151.0,2025-09-12 16:00:00+00:00
1757707200000,0.00344,0.003459,0.003417,0.00345,144742268.0,2025-09-12 20:00:00+00:00
1757721600000,0.00345,0.003457,0.003426,0.003448,110880766.0,2025-09-13 00:00:00+00:00
1757736000000,0.003449,0.003452,0.003423,0.003441,85890849.0,2025-09-13 04:00:00+00:00
1757750400000,0.003441,0.003489,0.003439,0.003487,122863290.0,2025-09-13 08:00:00+00:00
1757764800000,0.003488,0.003501,0.003428,0.003467,170486782.0,2025-09-13 12:00:00+00:00
1757779200000,0.003467,0.003486,0.003417,0.003475,143724079.0,2025-09-13 16:00:00+00:00
1757793600000,0.003477,0.003492,0.003474,0.003489,69026468.0,2025-09-13 20:00:00+00:00
1757808000000,0.003489,0.003495,0.003445,0.003447,100773874.0,2025-09-14 00:00:00+00:00
1757822400000,0.003447,0.003475,0.003422,0.003445,121150303.0,2025-09-14 04:00:00+00:00
1757836800000,0.003443,0.003461,0.003386,0.00339,137570556.0,2025-09-14 08:00:00+00:00
1757851200000,0.00339,0.003401,0.003338,0.003354,175273368.0,2025-09-14 12:00:00+00:00
1757865600000,0.003355,0.003399,0.00335,0.003372,99421777.0,2025-09-14 16:00:00+00:00
1757880000000,0.003371,0.003401,0.003351,0.00336,85362841.0,2025-09-14 20:00:00+00:00
1757894400000,0.00336,0.003406,0.003344,0.003402,120067783.0,2025-09-15 00:00:00+00:00
1757908800000,0.003403,0.003427,0.003328,0.003333,216121005.0,2025-09-15 04:00:00+00:00
1757923200000,0.003333,0.003334,0.003253,0.003282,349178952.0,2025-09-15 08:00:00+00:00
1757937600000,0.003282,0.003298,0.003246,0.003265,182038644.0,2025-09-15 12:00:00+00:00
1757952000000,0.003265,0.003293,0.003241,0.003285,145710373.0,2025-09-15 16:00:00+00:00
1757966400000,0.003285,0.003304,0.003283,0.003298,81121173.0,2025-09-15 20:00:00+00:00
1757980800000,0.003299,0.003299,0.003268,0.003268,75318864.0,2025-09-16 00:00:00+00:00
1757995200000,0.003268,0.003296,0.003244,0.00329,108233288.0,2025-09-16 04:00:00+00:00
1758009600000,0.003291,0.003316,0.003282,0.003287,96264748.0,2025-09-16 08:00:00+00:00
1758024000000,0.003287,0.003322,0.003261,0.003322,126937741.0,2025-09-16 12:00:00+00:00
1758038400000,0.003321,0.003345,0.003311,0.00334,97886492.0,2025-09-16 16:00:00+00:00
1758052800000,0.003339,0.003353,0.003334,0.003337,40920534.0,2025-09-16 20:00:00+00:00
1758067200000,0.003337,0.00336,0.00332,0.00332,86588170.0,2025-09-17 00:00:00+00:00
1758081600000,0.00332,0.00334,0.003294,0.00333,92853968.0,2025-09-17 04:00:00+00:00
1758096000000,0.003328,0.003328,0.003282,0.003298,86624569.0,2025-09-17 08:00:00+00:00
1758110400000,0.003298,0.003308,0.003277,0.00329,77204177.0,2025-09-17 12:00:00+00:00
1758124800000,0.003289,0.003367,0.00327,0.003366,313758706.0,2025-09-17 16:00:00+00:00
1758139200000,0.003366,0.003428,0.003338,0.003414,169082144.0,2025-09-17 20:00:00+00:00
1758153600000,0.003415,0.003429,0.0034,0.003415,136030032.0,2025-09-18 00:00:00+00:00
1758168000000,0.003416,0.003419,0.003373,0.003388,90234554.0,2025-09-18 04:00:00+00:00
1758182400000,0.003387,0.003411,0.003385,0.0034,82539435.0,2025-09-18 08:00:00+00:00
1758196800000,0.003401,0.003427,0.00338,0.003424,138356736.0,2025-09-18 12:00:00+00:00
1758211200000,0.003424,0.003465,0.003424,0.003454,146311149.0,2025-09-18 16:00:00+00:00
1758225600000,0.003454,0.003463,0.00343,0.003449,113433173.0,2025-09-18 20:00:00+00:00
1758240000000,0.003449,0.003486,0.003405,0.003414,193194168.0,2025-09-19 00:00:00+00:00
1758254400000,0.003413,0.00343,0.003392,0.003405,120932947.0,2025-09-19 04:00:00+00:00
1758268800000,0.003404,0.003421,0.003342,0.00335,173109055.0,2025-09-19 08:00:00+00:00
1758283200000,0.003349,0.003367,0.003307,0.003329,160174154.0,2025-09-19 12:00:00+00:00
1758297600000,0.00333,0.003343,0.003306,0.003327,115951526.0,2025-09-19 16:00:00+00:00
1758312000000,0.003326,0.003415,0.003292,0.003316,462512090.0,2025-09-19 20:00:00+00:00
1758326400000,0.003316,0.003339,0.003299,0.003334,104681953.0,2025-09-20 00:00:00+00:00
1758340800000,0.003334,0.00336,0.003327,0.003359,64046000.0,2025-09-20 04:00:00+00:00
1758355200000,0.00336,0.003361,0.003315,0.003334,78054198.0,2025-09-20 08:00:00+00:00
1758369600000,0.003333,0.003389,0.003326,0.003372,108673403.0,2025-09-20 12:00:00+00:00
1758384000000,0.003372,0.00338,0.003341,0.003348,76825653.0,2025-09-20 16:00:00+00:00
1758398400000,0.003349,0.003375,0.003347,0.003365,45092178.0,2025-09-20 20:00:00+00:00
1758412800000,0.003364,0.003373,0.00334,0.003368,81198949.0,2025-09-21 00:00:00+00:00
1758427200000,0.003367,0.003383,0.003352,0.003366,73554162.0,2025-09-21 04:00:00+00:00
1758441600000,0.003366,0.003372,0.003302,0.003316,113785468.0,2025-09-21 08:00:00+00:00
1758456000000,0.003316,0.003343,0.003314,0.003325,97125370.0,2025-09-21 12:00:00+00:00
1758470400000,0.003323,0.003333,0.003291,0.003309,129399788.0,2025-09-21 16:00:00+00:00
1758484800000,0.003308,0.003308,0.003275,0.003276,102665512.0,2025-09-21 20:00:00+00:00
1758499200000,0.003276,0.003288,0.003185,0.00321,488954361.0,2025-09-22 00:00:00+00:00
1758513600000,0.003209,0.003219,0.002885,0.00308,647054041.0,2025-09-22 04:00:00+00:00
1758528000000,0.00308,0.003088,0.003047,0.003049,199563477.0,2025-09-22 08:00:00+00:00
1758542400000,0.003049,0.003102,0.00304,0.003054,174492464.0,2025-09-22 12:00:00+00:00
1758556800000,0.003054,0.003066,0.003027,0.003031,127180234.0,2025-09-22 16:00:00+00:00
1758571200000,0.003031,0.003077,0.003027,0.003076,72337534.0,2025-09-22 20:00:00+00:00
1758585600000,0.003076,0.003088,0.003037,0.003083,158454352.0,2025-09-23 00:00:00+00:00
1758600000000,0.003083,0.003099,0.003067,0.003086,191461688.0,2025-09-23 04:00:00+00:00
1758614400000,0.003086,0.003103,0.003073,0.003083,77908413.0,2025-09-23 08:00:00+00:00
1758628800000,0.003083,0.003092,0.003055,0.003084,123341179.0,2025-09-23 12:00:00+00:00
1758643200000,0.003085,0.003122,0.003054,0.003058,174455108.0,2025-09-23 16:00:00+00:00
1758657600000,0.003058,0.003086,0.003052,0.003064,72106866.0,2025-09-23 20:00:00+00:00
1758672000000,0.003065,0.003099,0.003036,0.003045,151392348.0,2025-09-24 00:00:00+00:00
1758686400000,0.003045,0.003085,0.003007,0.003071,254004563.0,2025-09-24 04:00:00+00:00
1758700800000,0.003071,0.003094,0.003064,0.003092,72308327.0,2025-09-24 08:00:00+00:00
1758715200000,0.003093,0.003129,0.003085,0.003104,142460970.0,2025-09-24 12:00:00+00:00
1758729600000,0.003105,0.003117,0.003086,0.003095,57284853.0,2025-09-24 16:00:00+00:00
1758744000000,0.003095,0.003097,0.003058,0.00307,86920642.0,2025-09-24 20:00:00+00:00
1758758400000,0.00307,0.003074,0.003018,0.003034,178432920.0,2025-09-25 00:00:00+00:00
1758772800000,0.003032,0.00304,0.002989,0.003003,225146675.0,2025-09-25 04:00:00+00:00
1758787200000,0.003004,0.003029,0.00299,0.002996,131481618.0,2025-09-25 08:00:00+00:00
1758801600000,0.002996,0.003043,0.002948,0.003013,331161911.0,2025-09-25 12:00:00+00:00
1758816000000,0.003013,0.003016,0.002901,0.002961,320782958.0,2025-09-25 16:00:00+00:00
1758830400000,0.002963,0.002974,0.002925,0.002939,163983745.0,2025-09-25 20:00:00+00:00
1758844800000,0.002939,0.002972,0.002928,0.00297,165354449.0,2025-09-26 00:00:00+00:00
1758859200000,0.00297,0.002975,0.002939,0.002964,136553796.0,2025-09-26 04:00:00+00:00
1758873600000,0.002964,0.002982,0.002926,0.002949,127680499.0,2025-09-26 08:00:00+00:00
1758888000000,0.002949,0.003014,0.002927,0.003006,289870195.0,2025-09-26 12:00:00+00:00
1758902400000,0.003005,0.003061,0.003002,0.003035,143138917.0,2025-09-26 16:00:00+00:00
1758916800000,0.003035,0.003051,0.003023,0.003041,75318638.0,2025-09-26 20:00:00+00:00
1758931200000,0.00304,0.00304,0.003013,0.003016,79445734.0,2025-09-27 00:00:00+00:00
1758945600000,0.003016,0.003018,0.002992,0.002997,70817517.0,2025-09-27 04:00:00+00:00
1758960000000,0.002997,0.003007,0.002973,0.002996,91238976.0,2025-09-27 08:00:00+00:00
1758974400000,0.002997,0.003019,0.002986,0.003017,99373815.0,2025-09-27 12:00:00+00:00
1758988800000,0.003017,0.00302,0.002986,0.002998,83036102.0,2025-09-27 16:00:00+00:00
1759003200000,0.002999,0.003022,0.002988,0.002998,61083321.0,2025-09-27 20:00:00+00:00
1759017600000,0.002999,0.003002,0.002968,0.002985,76639164.0,2025-09-28 00:00:00+00:00
1759032000000,0.002986,0.002996,0.002972,0.002981,63638956.0,2025-09-28 04:00:00+00:00
1759046400000,0.00298,0.002983,0.002953,0.002963,79300216.0,2025-09-28 08:00:00+00:00
1759060800000,0.002963,0.002984,0.00294,0.002982,94917154.0,2025-09-28 12:00:00+00:00
1759075200000,0.002982,0.003004,0.002982,0.002996,79784190.0,2025-09-28 16:00:00+00:00
1759089600000,0.002996,0.003049,0.002994,0.003032,122443150.0,2025-09-28 20:00:00+00:00
1759104000000,0.003033,0.003039,0.003007,0.003017,99946199.0,2025-09-29 00:00:00+00:00
1759118400000,0.003019,0.003021,0.002995,0.003012,77943661.0,2025-09-29 04:00:00+00:00
1759132800000,0.003013,0.003024,0.00295,0.002967,161510795.0,2025-09-29 08:00:00+00:00
1759147200000,0.002967,0.003023,0.002925,0.002987,290782363.0,2025-09-29 12:00:00+00:00
1759161600000,0.002988,0.002999,0.002958,0.002995,111730282.0,2025-09-29 16:00:00+00:00
1759176000000,0.002996,0.00303,0.002989,0.002991,113134119.0,2025-09-29 20:00:00+00:00
1759190400000,0.002991,0.002997,0.002946,0.002962,172641935.0,2025-09-30 00:00:00+00:00
1759204800000,0.002962,0.002987,0.002962,0.002977,105692633.0,2025-09-30 04:00:00+00:00
1759219200000,0.002976,0.002985,0.002934,0.002953,147916650.0,2025-09-30 08:00:00+00:00
1759233600000,0.002952,0.002959,0.00291,0.002933,185180517.0,2025-09-30 12:00:00+00:00
1759248000000,0.002933,0.002962,0.002917,0.002959,113104898.0,2025-09-30 16:00:00+00:00
1759262400000,0.002959,0.002983,0.002953,0.002968,102874159.0,2025-09-30 20:00:00+00:00
1759276800000,0.002968,0.002983,0.002946,0.002947,92352458.0,2025-10-01 00:00:00+00:00
1759291200000,0.002946,0.002988,0.002944,0.002948,221936785.0,2025-10-01 04:00:00+00:00
1759305600000,0.002948,0.003064,0.002945,0.003045,249942080.0,2025-10-01 08:00:00+00:00
1759320000000,0.003046,0.003056,0.003026,0.003051,112841166.0,2025-10-01 12:00:00+00:00
1759334400000,0.003051,0.003072,0.003042,0.003064,87328196.0,2025-10-01 16:00:00+00:00
1759348800000,0.003065,0.003073,0.003053,0.003069,99379958.0,2025-10-01 20:00:00+00:00
1759363200000,0.00307,0.003133,0.003069,0.003117,177457649.0,2025-10-02 00:00:00+00:00
1759377600000,0.003116,0.003139,0.003102,0.003118,93458539.0,2025-10-02 04:00:00+00:00
1759392000000,0.003118,0.003131,0.003105,0.003106,76954238.0,2025-10-02 08:00:00+00:00
1759406400000,0.003108,0.003119,0.003048,0.003092,218445472.0,2025-10-02 12:00:00+00:00
1759420800000,0.003093,0.00315,0.00309,0.003139,132624191.0,2025-10-02 16:00:00+00:00
1759435200000,0.003141,0.003147,0.003113,0.003128,85541385.0,2025-10-02 20:00:00+00:00
1759449600000,0.003127,0.003131,0.003089,0.003098,118588858.0,2025-10-03 00:00:00+00:00
1759464000000,0.003099,0.003121,0.003081,0.003091,100286490.0,2025-10-03 04:00:00+00:00
1759478400000,0.003091,0.003101,0.003074,0.003083,82603411.0,2025-10-03 08:00:00+00:00
1759492800000,0.003082,0.003159,0.003074,0.003157,180564718.0,2025-10-03 12:00:00+00:00
1759507200000,0.003157,0.003188,0.003103,0.00316,320311041.0,2025-10-03 16:00:00+00:00
1759521600000,0.00316,0.003177,0.003147,0.003154,71691184.0,2025-10-03 20:00:00+00:00
1759536000000,0.003156,0.00316,0.003103,0.003116,91285468.0,2025-10-04 00:00:00+00:00
1759550400000,0.003117,0.003144,0.003104,0.003126,115790468.0,2025-10-04 04:00:00+00:00
1759564800000,0.003128,0.003131,0.00307,0.003086,155516093.0,2025-10-04 08:00:00+00:00
1759579200000,0.003087,0.003109,0.003064,0.003069,184298724.0,2025-10-04 12:00:00+00:00
1759593600000,0.00307,0.003083,0.003062,0.003071,82697329.0,2025-10-04 16:00:00+00:00
1759608000000,0.003071,0.003085,0.003071,0.003081,42846843.0,2025-10-04 20:00:00+00:00
1759622400000,0.003081,0.003146,0.003057,0.003126,188649133.0,2025-10-05 00:00:00+00:00
1759636800000,0.003126,0.003182,0.00312,0.00318,106656285.0,2025-10-05 04:00:00+00:00
1759651200000,0.003181,0.003189,0.003115,0.003134,170000180.0,2025-10-05 08:00:00+00:00
1759665600000,0.003134,0.003161,0.003118,0.003152,106709279.0,2025-10-05 12:00:00+00:00
1759680000000,0.003152,0.003159,0.00309,0.003095,142977524.0,2025-10-05 16:00:00+00:00
1759694400000,0.003095,0.003103,0.003081,0.003092,70807413.0,2025-10-05 20:00:00+00:00
1759708800000,0.003093,0.003151,0.003078,0.003138,205214040.0,2025-10-06 00:00:00+00:00
1759723200000,0.003136,0.003167,0.003122,0.003127,151228661.0,2025-10-06 04:00:00+00:00
1759737600000,0.003128,0.003158,0.003125,0.003146,96464853.0,2025-10-06 08:00:00+00:00
1759752000000,0.003147,0.003202,0.003146,0.003195,135766311.0,2025-10-06 12:00:00+00:00
1759766400000,0.003196,0.003204,0.003181,0.003193,107894694.0,2025-10-06 16:00:00+00:00
1759780800000,0.003191,0.003195,0.003169,0.003173,82543297.0,2025-10-06 20:00:00+00:00
1759795200000,0.003173,0.003183,0.003156,0.003174,86404773.0,2025-10-07 00:00:00+00:00
1759809600000,0.003175,0.003195,0.003139,0.003148,102626333.0,2025-10-07 04:00:00+00:00
1759824000000,0.003148,0.003181,0.003124,0.003176,136449055.0,2025-10-07 08:00:00+00:00
1759838400000,0.003176,0.003198,0.003054,0.00307,405319128.0,2025-10-07 12:00:00+00:00
1759852800000,0.00307,0.003095,0.003046,0.003054,183851365.0,2025-10-07 16:00:00+00:00
1759867200000,0.003053,0.003077,0.003029,0.003037,98806417.0,2025-10-07 20:00:00+00:00
1759881600000,0.003036,0.00306,0.003004,0.003019,158242035.0,2025-10-08 00:00:00+00:00
1759896000000,0.00302,0.00304,0.003003,0.003039,133344271.0,2025-10-08 04:00:00+00:00
1759910400000,0.003039,0.003061,0.003029,0.00303,127845384.0,2025-10-08 08:00:00+00:00
1759924800000,0.003031,0.003068,0.003013,0.003049,186203213.0,2025-10-08 12:00:00+00:00
1759939200000,0.003049,0.003124,0.003046,0.003106,242673532.0,2025-10-08 16:00:00+00:00
1759953600000,0.003106,0.003113,0.003078,0.003088,59957210.0,2025-10-08 20:00:00+00:00
1759968000000,0.003088,0.003114,0.003021,0.003097,296115667.0,2025-10-09 00:00:00+00:00
1759982400000,0.003098,0.003105,0.003049,0.003052,196935980.0,2025-10-09 04:00:00+00:00
1759996800000,0.003051,0.003054,0.002991,0.003009,238215976.0,2025-10-09 08:00:00+00:00
1760011200000,0.003009,0.003032,0.002956,0.002974,252937068.0,2025-10-09 12:00:00+00:00
1760025600000,0.002972,0.003019,0.002951,0.003012,175562514.0,2025-10-09 16:00:00+00:00
1760040000000,0.003012,0.003026,0.002996,0.003008,95561772.0,2025-10-09 20:00:00+00:00
1760054400000,0.003009,0.003056,0.002989,0.003033,130503773.0,2025-10-10 00:00:00+00:00
1760068800000,0.003033,0.003043,0.003003,0.003004,137999175.0,2025-10-10 04:00:00+00:00
1760083200000,0.003004,0.003046,0.003,0.003041,87483161.0,2025-10-10 08:00:00+00:00
1760097600000,0.003041,0.003065,0.002877,0.002919,521254145.0,2025-10-10 12:00:00+00:00
1760112000000,0.002918,0.002946,0.002823,0.002858,474934460.0,2025-10-10 16:00:00+00:00
1760126400000,0.002858,0.00288,0.001176,0.002164,4087607387.0,2025-10-10 20:00:00+00:00
1760140800000,0.002164,0.002247,0.002138,0.002207,966664965.0,2025-10-11 00:00:00+00:00
1760155200000,0.002207,0.002352,0.002196,0.002257,665165053.0,2025-10-11 04:00:00+00:00
1760169600000,0.002258,0.002689,0.002247,0.002401,1630358214.0,2025-10-11 08:00:00+00:00
1760184000000,0.002401,0.002402,0.002337,0.002394,503624487.0,2025-10-11 12:00:00+00:00
1760198400000,0.002395,0.002398,0.002215,0.002234,1157001063.0,2025-10-11 16:00:00+00:00
1760212800000,0.002234,0.002256,0.00217,0.00225,383026492.0,2025-10-11 20:00:00+00:00
1760227200000,0.00225,0.002284,0.002215,0.002265,241317677.0,2025-10-12 00:00:00+00:00
1760241600000,0.002266,0.002313,0.002263,0.002306,160831561.0,2025-10-12 04:00:00+00:00
1760256000000,0.002308,0.00232,0.002274,0.002313,141840958.0,2025-10-12 08:00:00+00:00
1760270400000,0.002314,0.002437,0.002292,0.00243,463407607.0,2025-10-12 12:00:00+00:00
1760284800000,0.00243,0.002506,0.00243,0.002506,375292937.0,2025-10-12 16:00:00+00:00
1760299200000,0.002506,0.002541,0.00247,0.002489,210604253.0,2025-10-12 20:00:00+00:00
1760313600000,0.002488,0.002505,0.002441,0.002474,198421219.0,2025-10-13 00:00:00+00:00
1760328000000,0.002474,0.002529,0.002461,0.002502,237575403.0,2025-10-13 04:00:00+00:00
1760342400000,0.002502,0.002543,0.002417,0.002486,310327423.0,2025-10-13 08:00:00+00:00
1760356800000,0.002484,0.002576,0.002467,0.002555,468260591.0,2025-10-13 12:00:00+00:00
1760371200000,0.002555,0.002636,0.002531,0.002629,223074130.0,2025-10-13 16:00:00+00:00
1760385600000,0.002631,0.002672,0.002627,0.002649,106903809.0,2025-10-13 20:00:00+00:00
1760400000000,0.002649,0.002666,0.002579,0.00258,232605167.0,2025-10-14 00:00:00+00:00
1760414400000,0.00258,0.002588,0.002405,0.002464,542644795.0,2025-10-14 04:00:00+00:00
1760428800000,0.002464,0.002503,0.002409,0.002481,372026427.0,2025-10-14 08:00:00+00:00
1760443200000,0.002483,0.002569,0.00242,0.002566,301576846.0,2025-10-14 12:00:00+00:00
1760457600000,0.002566,0.002608,0.002503,0.002538,313677932.0,2025-10-14 16:00:00+00:00
1760472000000,0.00254,0.002558,0.002523,0.002549,146922764.0,2025-10-14 20:00:00+00:00
1760486400000,0.002549,0.002572,0.002514,0.002529,162536472.0,2025-10-15 00:00:00+00:00
1760500800000,0.00253,0.002564,0.002512,0.002562,129967640.0,2025-10-15 04:00:00+00:00
1760515200000,0.00256,0.002598,0.00251,0.00253,164944117.0,2025-10-15 08:00:00+00:00
1760529600000,0.002528,0.002537,0.002427,0.002444,369360907.0,2025-10-15 12:00:00+00:00
1760544000000,0.002444,0.002457,0.002412,0.002423,144160992.0,2025-10-15 16:00:00+00:00
1760558400000,0.002423,0.002436,0.002382,0.002423,137272744.0,2025-10-15 20:00:00+00:00
1760572800000,0.002422,0.002463,0.002416,0.002449,136946553.0,2025-10-16 00:00:00+00:00
1760587200000,0.002449,0.00252,0.002449,0.002506,177670268.0,2025-10-16 04:00:00+00:00
1760601600000,0.002505,0.002526,0.002416,0.002508,293119457.0,2025-10-16 08:00:00+00:00
1760616000000,0.002508,0.002522,0.002391,0.002404,323187327.0,2025-10-16 12:00:00+00:00
1760630400000,0.002402,0.00246,0.002353,0.002375,246725948.0,2025-10-16 16:00:00+00:00
1760644800000,0.002376,0.002389,0.002335,0.002382,99564085.0,2025-10-16 20:00:00+00:00
1760659200000,0.002381,0.002456,0.002378,0.002416,241548947.0,2025-10-17 00:00:00+00:00
1760673600000,0.002418,0.00242,0.002253,0.002259,330520350.0,2025-10-17 04:00:00+00:00
1760688000000,0.002261,0.00236,0.002228,0.002331,343602329.0,2025-10-17 08:00:00+00:00
1760702400000,0.002331,0.002348,0.002283,0.002346,161430156.0,2025-10-17 12:00:00+00:00
1760716800000,0.002347,0.002377,0.002327,0.002361,104409374.0,2025-10-17 16:00:00+00:00
1760731200000,0.002361,0.002408,0.002354,0.002373,126620520.0,2025-10-17 20:00:00+00:00
1760745600000,0.002373,0.002406,0.002362,0.002396,121111861.0,2025-10-18 00:00:00+00:00
1760760000000,0.002396,0.002424,0.002369,0.002393,147636003.0,2025-10-18 04:00:00+00:00
1760774400000,0.002392,0.002412,0.002374,0.002408,93748562.0,2025-10-18 08:00:00+00:00
1760788800000,0.002407,0.002416,0.002359,0.002373,154278979.0,2025-10-18 12:00:00+00:00
1760803200000,0.002373,0.002395,0.002346,0.00239,91535777.0,2025-10-18 16:00:00+00:00
1760817600000,0.002391,0.002404,0.002377,0.002394,46187694.0,2025-10-18 20:00:00+00:00
1760832000000,0.002393,0.002409,0.002362,0.002404,58100512.0,2025-10-19 00:00:00+00:00
1760846400000,0.002404,0.002407,0.00237,0.002388,51926886.0,2025-10-19 04:00:00+00:00
1760860800000,0.002386,0.002441,0.00235,0.002424,215788232.0,2025-10-19 08:00:00+00:00
1760875200000,0.002424,0.002468,0.002409,0.002452,105303891.0,2025-10-19 12:00:00+00:00
1760889600000,0.002452,0.002473,0.002437,0.002452,88585723.0,2025-10-19 16:00:00+00:00
1760904000000,0.002452,0.00246,0.002429,0.002434,60442420.0,2025-10-19 20:00:00+00:00
1760918400000,0.002434,0.002487,0.002388,0.002476,168702307.0,2025-10-20 00:00:00+00:00
1760932800000,0.002476,0.0025,0.002466,0.002488,166087232.0,2025-10-20 04:00:00+00:00
1760947200000,0.002488,0.002499,0.002461,0.002484,137120848.0,2025-10-20 08:00:00+00:00
1760961600000,0.002484,0.00249,0.002439,0.002439,183620150.0,2025-10-20 12:00:00+00:00
1760976000000,0.00244,0.002444,0.002397,0.002428,242739631.0,2025-10-20 16:00:00+00:00
1760990400000,0.002427,0.002447,0.002404,0.002407,69711082.0,2025-10-20 20:00:00+00:00
1761004800000,0.002406,0.002412,0.002355,0.002356,103004359.0,2025-10-21 00:00:00+00:00
1761019200000,0.002355,0.002359,0.00231,0.002342,135008466.0,2025-10-21 04:00:00+00:00
1761033600000,0.002341,0.002371,0.002309,0.002367,112005732.0,2025-10-21 08:00:00+00:00
1761048000000,0.002366,0.002538,0.002361,0.002528,397604789.0,2025-10-21 12:00:00+00:00
1761062400000,0.00253,0.00255,0.002466,0.002501,207649008.0,2025-10-21 16:00:00+00:00
1761076800000,0.002502,0.002505,0.002383,0.00239,275964936.0,2025-10-21 20:00:00+00:00
1761091200000,0.00239,0.0024,0.002361,0.002385,161209524.0,2025-10-22 00:00:00+00:00
1761105600000,0.002385,0.002405,0.002356,0.002386,129016613.0,2025-10-22 04:00:00+00:00
1761120000000,0.002386,0.002387,0.002324,0.002376,273183984.0,2025-10-22 08:00:00+00:00
1761134400000,0.002376,0.002409,0.002345,0.002376,329030374.0,2025-10-22 12:00:00+00:00
1761148800000,0.002374,0.002382,0.002314,0.002336,222122671.0,2025-10-22 16:00:00+00:00
1761163200000,0.002336,0.002342,0.002246,0.002319,318511911.0,2025-10-22 20:00:00+00:00
1761177600000,0.002317,0.002344,0.002311,0.002344,64404261.0,2025-10-23 00:00:00+00:00
1761192000000,0.002344,0.002377,0.002327,0.002366,136124946.0,2025-10-23 04:00:00+00:00
1761206400000,0.002367,0.002376,0.002335,0.002339,89070089.0,2025-10-23 08:00:00+00:00
1761220800000,0.002338,0.002383,0.002319,0.002371,110628090.0,2025-10-23 12:00:00+00:00
1761235200000,0.00237,0.002404,0.002363,0.002371,70906906.0,2025-10-23 16:00:00+00:00
1761249600000,0.002371,0.002372,0.002336,0.002364,101539383.0,2025-10-23 20:00:00+00:00
1761264000000,0.002365,0.002371,0.002348,0.002361,87687465.0,2025-10-24 00:00:00+00:00
1761278400000,0.002362,0.002406,0.002353,0.002386,87251416.0,2025-10-24 04:00:00+00:00
1761292800000,0.002386,0.002402,0.002345,0.002367,79871030.0,2025-10-24 08:00:00+00:00
1761307200000,0.002367,0.002416,0.002334,0.002339,179230930.0,2025-10-24 12:00:00+00:00
1761321600000,0.00234,0.002378,0.002326,0.002371,54755216.0,2025-10-24 16:00:00+00:00
1761336000000,0.002371,0.002403,0.00237,0.002397,56273162.0,2025-10-24 20:00:00+00:00
1761350400000,0.002398,0.0024,0.002365,0.002366,70615110.0,2025-10-25 00:00:00+00:00
1761364800000,0.002366,0.002378,0.002353,0.002362,70335447.0,2025-10-25 04:00:00+00:00
1761379200000,0.002362,0.002376,0.002358,0.002364,48768638.0,2025-10-25 08:00:00+00:00
1761393600000,0.002363,0.002376,0.002362,0.002372,54629717.0,2025-10-25 12:00:00+00:00
1761408000000,0.002372,0.002397,0.002369,0.002396,49939423.0,2025-10-25 16:00:00+00:00
1761422400000,0.002397,0.002401,0.002384,0.002385,38317970.0,2025-10-25 20:00:00+00:00
1761436800000,0.002384,0.002388,0.002361,0.002366,66751483.0,2025-10-26 00:00:00+00:00
1761451200000,0.002367,0.002398,0.002365,0.002394,150984200.0,2025-10-26 04:00:00+00:00
1761465600000,0.002395,0.002451,0.002393,0.002445,126358207.0,2025-10-26 08:00:00+00:00
1761480000000,0.002445,0.002466,0.00244,0.002454,110351132.0,2025-10-26 12:00:00+00:00
1761494400000,0.002454,0.002459,0.002436,0.002439,41920500.0,2025-10-26 16:00:00+00:00
1761508800000,0.00244,0.002492,0.002422,0.002475,150092733.0,2025-10-26 20:00:00+00:00
1761523200000,0.002475,0.002502,0.002472,0.002485,122419968.0,2025-10-27 00:00:00+00:00
1761537600000,0.002485,0.002503,0.002453,0.002472,103058672.0,2025-10-27 04:00:00+00:00
1761552000000,0.00247,0.002473,0.002426,0.00245,95183357.0,2025-10-27 08:00:00+00:00
1761566400000,0.002449,0.002449,0.002406,0.002433,109151282.0,2025-10-27 12:00:00+00:00
1761580800000,0.002435,0.002469,0.002433,0.002443,77309905.0,2025-10-27 16:00:00+00:00
1761595200000,0.002443,0.002443,0.002382,0.002393,92060060.0,2025-10-27 20:00:00+00:00
1761609600000,0.002392,0.002413,0.002378,0.002393,96377734.0,2025-10-28 00:00:00+00:00
1761624000000,0.002393,0.002435,0.00238,0.002402,103747879.0,2025-10-28 04:00:00+00:00
1761638400000,0.002403,0.002418,0.002393,0.002402,55518883.0,2025-10-28 08:00:00+00:00
1761652800000,0.002402,0.002442,0.002372,0.002409,175842481.0,2025-10-28 12:00:00+00:00
1761667200000,0.002408,0.002429,0.00236,0.002369,101797604.0,2025-10-28 16:00:00+00:00
1761681600000,0.002369,0.002372,0.002299,0.002335,263913421.0,2025-10-28 20:00:00+00:00
1761696000000,0.002335,0.002357,0.002332,0.002344,77062993.0,2025-10-29 00:00:00+00:00
1761710400000,0.002343,0.002366,0.002342,0.002356,71674439.0,2025-10-29 04:00:00+00:00
1761724800000,0.002356,0.002371,0.002334,0.00236,71535354.0,2025-10-29 08:00:00+00:00
1761739200000,0.002361,0.002376,0.002309,0.002322,85285088.0,2025-10-29 12:00:00+00:00
1761753600000,0.002321,0.002381,0.002265,0.002367,338765660.0,2025-10-29 16:00:00+00:00
1761768000000,0.002367,0.002399,0.002322,0.002332,168912622.0,2025-10-29 20:00:00+00:00
1761782400000,0.002332,0.002359,0.002313,0.002337,101330267.0,2025-10-30 00:00:00+00:00
1761796800000,0.002336,0.002336,0.002239,0.002313,325844516.0,2025-10-30 04:00:00+00:00
1761811200000,0.002312,0.002314,0.002261,0.002268,157150105.0,2025-10-30 08:00:00+00:00
1761825600000,0.002268,0.002272,0.002179,0.002187,369677545.0,2025-10-30 12:00:00+00:00
1761840000000,0.002186,0.002201,0.002139,0.002151,215711842.0,2025-10-30 16:00:00+00:00
1761854400000,0.002152,0.002221,0.002144,0.002219,124162662.0,2025-10-30 20:00:00+00:00
1761868800000,0.00222,0.002246,0.002212,0.002242,118240171.0,2025-10-31 00:00:00+00:00
1761883200000,0.002243,0.002258,0.002221,0.002225,105512272.0,2025-10-31 04:00:00+00:00
1761897600000,0.002226,0.00223,0.0022,0.002225,124388559.0,2025-10-31 08:00:00+00:00
1761912000000,0.002227,0.00224,0.002202,0.002219,163323097.0,2025-10-31 12:00:00+00:00
1761926400000,0.002218,0.002223,0.00216,0.002208,185745020.0,2025-10-31 16:00:00+00:00
1761940800000,0.002207,0.002208,0.002174,0.002189,77352975.0,2025-10-31 20:00:00+00:00
1761955200000,0.002189,0.002214,0.002172,0.002207,122226772.0,2025-11-01 00:00:00+00:00
1761969600000,0.002207,0.002223,0.002177,0.002216,124259044.0,2025-11-01 04:00:00+00:00
1761984000000,0.002217,0.002227,0.002201,0.002216,99986280.0,2025-11-01 08:00:00+00:00
1761998400000,0.002217,0.002231,0.002194,0.00222,124857670.0,2025-11-01 12:00:00+00:00
1762012800000,0.002221,0.002249,0.002214,0.002248,128109432.0,2025-11-01 16:00:00+00:00
1762027200000,0.002248,0.00226,0.002231,0.002257,63817285.0,2025-11-01 20:00:00+00:00
1762041600000,0.002256,0.002257,0.002226,0.002227,77848129.0,2025-11-02 00:00:00+00:00
1762056000000,0.002227,0.002266,0.002225,0.002263,101022689.0,2025-11-02 04:00:00+00:00
1762070400000,0.002262,0.002264,0.002205,0.00224,151957819.0,2025-11-02 08:00:00+00:00
1762084800000,0.00224,0.002242,0.002171,0.002182,121880894.0,2025-11-02 12:00:00+00:00
1762099200000,0.002181,0.002195,0.002157,0.002175,92514096.0,2025-11-02 16:00:00+00:00
1762113600000,0.002175,0.002241,0.002172,0.002235,94196229.0,2025-11-02 20:00:00+00:00
1762128000000,0.002235,0.002238,0.0021,0.002104,267036593.0,2025-11-03 00:00:00+00:00
1762142400000,0.002104,0.002127,0.002063,0.002091,242824659.0,2025-11-03 04:00:00+00:00
1762156800000,0.002091,0.002123,0.002051,0.002078,225407139.0,2025-11-03 08:00:00+00:00
1762171200000,0.002078,0.002102,0.001884,0.001957,723669532.0,2025-11-03 12:00:00+00:00
1762185600000,0.001958,0.002028,0.001941,0.001974,403340383.0,2025-11-03 16:00:00+00:00
1762200000000,0.001975,0.00198,0.00193,0.001972,224087285.0,2025-11-03 20:00:00+00:00
1762214400000,0.001974,0.002032,0.001961,0.002027,196432909.0,2025-11-04 00:00:00+00:00
1762228800000,0.002028,0.002035,0.001911,0.001925,457700846.0,2025-11-04 04:00:00+00:00
1762243200000,0.001924,0.001988,0.001905,0.00197,277090692.0,2025-11-04 08:00:00+00:00
1762257600000,0.00197,0.002026,0.001948,0.001985,293881635.0,2025-11-04 12:00:00+00:00
1762272000000,0.001985,0.002001,0.001858,0.001886,482074811.0,2025-11-04 16:00:00+00:00
1762286400000,0.001887,0.001941,0.001808,0.00192,841824968.0,2025-11-04 20:00:00+00:00
1762300800000,0.00192,0.001935,0.001816,0.001922,411580618.0,2025-11-05 00:00:00+00:00
1762315200000,0.001922,0.001936,0.001912,0.001922,125406932.0,2025-11-05 04:00:00+00:00
1762329600000,0.001922,0.001929,0.001883,0.001925,149382653.0,2025-11-05 08:00:00+00:00
1762344000000,0.001925,0.001975,0.001921,0.001973,187829621.0,2025-11-05 12:00:00+00:00
1762358400000,0.001972,0.002017,0.001952,0.002003,167276339.0,2025-11-05 16:00:00+00:00
1762372800000,0.002004,0.002028,0.001989,0.002008,155134197.0,2025-11-05 20:00:00+00:00
1762387200000,0.002007,0.00204,0.001977,0.002036,162496583.0,2025-11-06 00:00:00+00:00
1762401600000,0.002036,0.002039,0.001989,0.001994,117192863.0,2025-11-06 04:00:00+00:00
1762416000000,0.001993,0.002004,0.001974,0.001983,137357888.0,2025-11-06 08:00:00+00:00
1762430400000,0.001983,0.002023,0.001953,0.001964,277510203.0,2025-11-06 12:00:00+00:00
1762444800000,0.001964,0.002003,0.001935,0.001987,208341811.0,2025-11-06 16:00:00+00:00
1762459200000,0.001988,0.002001,0.001959,0.001986,209850143.0,2025-11-06 20:00:00+00:00
1762473600000,0.001985,0.002034,0.001973,0.002024,263547943.0,2025-11-07 00:00:00+00:00
1762488000000,0.002025,0.002076,0.002011,0.002075,174577556.0,2025-11-07 04:00:00+00:00
1762502400000,0.002074,0.002078,0.001999,0.002022,200113882.0,2025-11-07 08:00:00+00:00
1762516800000,0.002023,0.002104,0.001978,0.002098,378307694.0,2025-11-07 12:00:00+00:00
1762531200000,0.002098,0.002233,0.002095,0.002219,540123509.0,2025-11-07 16:00:00+00:00
1762545600000,0.002219,0.002233,0.002177,0.002194,201393720.0,2025-11-07 20:00:00+00:00
1762560000000,0.002193,0.002234,0.002164,0.002176,262133799.0,2025-11-08 00:00:00+00:00
1762574400000,0.002176,0.0022,0.002123,0.002159,170050919.0,2025-11-08 04:00:00+00:00
1762588800000,0.002159,0.00219,0.00214,0.002171,122125507.0,2025-11-08 08:00:00+00:00
1762603200000,0.002171,0.002177,0.002108,0.002123,180311348.0,2025-11-08 12:00:00+00:00
1762617600000,0.002123,0.002155,0.002105,0.002143,129843419.0,2025-11-08 16:00:00+00:00
1762632000000,0.002143,0.002161,0.002135,0.002158,65259147.0,2025-11-08 20:00:00+00:00
1762646400000,0.002157,0.002163,0.002075,0.002088,125630050.0,2025-11-09 00:00:00+00:00
1762660800000,0.002088,0.00213,0.002085,0.002129,91151685.0,2025-11-09 04:00:00+00:00
1762675200000,0.002129,0.002146,0.002094,0.002141,114993877.0,2025-11-09 08:00:00+00:00
1762689600000,0.002142,0.0022,0.002133,0.00219,187953478.0,2025-11-09 12:00:00+00:00
1762704000000,0.002192,0.002215,0.002171,0.002214,88097721.0,2025-11-09 16:00:00+00:00
1762718400000,0.002215,0.002216,0.002165,0.002178,108162014.0,2025-11-09 20:00:00+00:00
1762732800000,0.002179,0.002221,0.00216,0.00221,150504866.0,2025-11-10 00:00:00+00:00
1762747200000,0.00221,0.002218,0.002191,0.002203,99839607.0,2025-11-10 04:00:00+00:00
1762761600000,0.002203,0.002229,0.002172,0.002203,184661236.0,2025-11-10 08:00:00+00:00
1762776000000,0.002203,0.002213,0.002143,0.002175,211053506.0,2025-11-10 12:00:00+00:00
1762790400000,0.002174,0.002208,0.002146,0.002197,167585443.0,2025-11-10 16:00:00+00:00
1762804800000,0.002197,0.002248,0.002175,0.002215,166906664.0,2025-11-10 20:00:00+00:00
1762819200000,0.002217,0.002244,0.002183,0.002225,210692666.0,2025-11-11 00:00:00+00:00
1762833600000,0.002226,0.00223,0.002152,0.002162,170839542.0,2025-11-11 04:00:00+00:00
1762848000000,0.002162,0.002281,0.002159,0.002225,617187947.0,2025-11-11 08:00:00+00:00
1762862400000,0.002224,0.002231,0.002162,0.002185,321081301.0,2025-11-11 12:00:00+00:00
1762876800000,0.002184,0.002259,0.002154,0.002158,373300180.0,2025-11-11 16:00:00+00:00
1762891200000,0.002158,0.002161,0.002101,0.002105,178168268.0,2025-11-11 20:00:00+00:00
1762905600000,0.002107,0.002154,0.00209,0.002146,170980174.0,2025-11-12 00:00:00+00:00
1762920000000,0.002147,0.002199,0.002133,0.002156,217707283.0,2025-11-12 04:00:00+00:00
1762934400000,0.002156,0.002209,0.002154,0.0022,129278621.0,2025-11-12 08:00:00+00:00
1762948800000,0.0022,0.002231,0.002125,0.002133,291750043.0,2025-11-12 12:00:00+00:00
1762963200000,0.002132,0.002138,0.002047,0.002069,333963398.0,2025-11-12 16:00:00+00:00
1762977600000,0.002069,0.002109,0.002064,0.002086,95585365.0,2025-11-12 20:00:00+00:00
1762992000000,0.002086,0.002122,0.002058,0.002099,158370964.0,2025-11-13 00:00:00+00:00
1763006400000,0.002098,0.002124,0.002085,0.002092,153682385.0,2025-11-13 04:00:00+00:00
1763020800000,0.002092,0.00211,0.002055,0.002062,186293155.0,2025-11-13 08:00:00+00:00
1763035200000,0.002062,0.00209,0.002036,0.002048,241527607.0,2025-11-13 12:00:00+00:00
1763049600000,0.002049,0.002055,0.001923,0.001933,294323632.0,2025-11-13 16:00:00+00:00
1763064000000,0.001933,0.001999,0.001911,0.00198,162892882.0,2025-11-13 20:00:00+00:00
1763078400000,0.00198,0.001992,0.001955,0.001964,144149513.0,2025-11-14 00:00:00+00:00
1763092800000,0.001963,0.001969,0.001883,0.001953,337023702.0,2025-11-14 04:00:00+00:00
1763107200000,0.001952,0.001955,0.001902,0.001914,139727874.0,2025-11-14 08:00:00+00:00
1763121600000,0.001913,0.001982,0.001877,0.001965,322846227.0,2025-11-14 12:00:00+00:00
1763136000000,0.001965,0.001985,0.001939,0.001975,121009347.0,2025-11-14 16:00:00+00:00
1763150400000,0.001976,0.001976,0.001875,0.001908,228673567.0,2025-11-14 20:00:00+00:00
1763164800000,0.001906,0.001988,0.001903,0.001985,101560649.0,2025-11-15 00:00:00+00:00
1763179200000,0.001985,0.002013,0.001966,0.001983,96595135.0,2025-11-15 04:00:00+00:00
1763193600000,0.001982,0.001984,0.001934,0.001943,109620243.0,2025-11-15 08:00:00+00:00
1763208000000,0.001943,0.001974,0.001938,0.001959,72695658.0,2025-11-15 12:00:00+00:00
1763222400000,0.001957,0.00199,0.001946,0.001975,73088924.0,2025-11-15 16:00:00+00:00
1763236800000,0.001974,0.001977,0.001945,0.001965,61865003.0,2025-11-15 20:00:00+00:00
1763251200000,0.001964,0.00199,0.001929,0.001982,139071914.0,2025-11-16 00:00:00+00:00
1763265600000,0.001983,0.001994,0.001962,0.001991,62939876.0,2025-11-16 04:00:00+00:00
1763280000000,0.001991,0.001994,0.001919,0.001924,110327771.0,2025-11-16 08:00:00+00:00
1763294400000,0.001925,0.00194,0.001868,0.001872,191432202.0,2025-11-16 12:00:00+00:00
1763308800000,0.001873,0.001895,0.00184,0.001854,304126904.0,2025-11-16 16:00:00+00:00
1763323200000,0.001852,0.0019,0.00183,0.001882,145079206.0,2025-11-16 20:00:00+00:00
1763337600000,0.001881,0.001917,0.001861,0.001912,148992155.0,2025-11-17 00:00:00+00:00
1763352000000,0.001914,0.001919,0.001896,0.001911,74509475.0,2025-11-17 04:00:00+00:00
1763366400000,0.001911,0.00193,0.001899,0.00192,72875943.0,2025-11-17 08:00:00+00:00
1763380800000,0.00192,0.001957,0.001854,0.00189,298838827.0,2025-11-17 12:00:00+00:00
1763395200000,0.001891,0.00191,0.001824,0.001833,203326878.0,2025-11-17 16:00:00+00:00
1763409600000,0.001831,0.001859,0.001817,0.001859,131605010.0,2025-11-17 20:00:00+00:00
1763424000000,0.001859,0.001872,0.001814,0.00186,233509707.0,2025-11-18 00:00:00+00:00
1763438400000,0.001861,0.001872,0.00181,0.00183,309441016.0,2025-11-18 04:00:00+00:00
1763452800000,0.00183,0.001846,0.001816,0.00182,120989617.0,2025-11-18 08:00:00+00:00
1763467200000,0.001821,0.001877,0.001808,0.001862,195005486.0,2025-11-18 12:00:00+00:00
1763481600000,0.001862,0.001903,0.001861,0.001891,116281500.0,2025-11-18 16:00:00+00:00
1763496000000,0.001891,0.001894,0.001866,0.001872,55897812.0,2025-11-18 20:00:00+00:00
1763510400000,0.001873,0.001881,0.00184,0.001843,78391750.0,2025-11-19 00:00:00+00:00
1763524800000,0.001843,0.00185,0.0018,0.001844,99156537.0,2025-11-19 04:00:00+00:00
1763539200000,0.001845,0.001856,0.001835,0.001851,97653297.0,2025-11-19 08:00:00+00:00
1763553600000,0.001852,0.001874,0.001812,0.001813,148964187.0,2025-11-19 12:00:00+00:00
1763568000000,0.001813,0.001827,0.001745,0.001762,260562174.0,2025-11-19 16:00:00+00:00
1763582400000,0.001762,0.001854,0.001758,0.001846,155425128.0,2025-11-19 20:00:00+00:00
1763596800000,0.001846,0.001859,0.001838,0.001857,64972613.0,2025-11-20 00:00:00+00:00
1763611200000,0.001856,0.00187,0.001851,0.001869,75678317.0,2025-11-20 04:00:00+00:00
1763625600000,0.001868,0.001873,0.001851,0.001873,64162157.0,2025-11-20 08:00:00+00:00
1763640000000,0.001873,0.001926,0.001868,0.001894,240533348.0,2025-11-20 12:00:00+00:00
1763654400000,0.001893,0.001897,0.001741,0.001782,556645894.0,2025-11-20 16:00:00+00:00
1763668800000,0.001783,0.001829,0.001764,0.001781,131175889.0,2025-11-20 20:00:00+00:00
1763683200000,0.001782,0.001831,0.001755,0.001784,175805413.0,2025-11-21 00:00:00+00:00
1763697600000,0.001784,0.001788,0.001591,0.001689,442667792.0,2025-11-21 04:00:00+00:00
1763712000000,0.001689,0.001715,0.001646,0.001653,249934255.0,2025-11-21 08:00:00+00:00
1763726400000,0.001653,0.001722,0.001618,0.001686,399531211.0,2025-11-21 12:00:00+00:00
1763740800000,0.001687,0.001755,0.001668,0.001728,306308927.0,2025-11-21 16:00:00+00:00
1763755200000,0.001728,0.00174,0.001663,0.001716,265030345.0,2025-11-21 20:00:00+00:00
1763769600000,0.001717,0.001721,0.001691,0.001698,115449987.0,2025-11-22 00:00:00+00:00
1763784000000,0.001698,0.001699,0.001662,0.001691,224013145.0,2025-11-22 04:00:00+00:00
1763798400000,0.001691,0.001695,0.001655,0.001685,126266477.0,2025-11-22 08:00:00+00:00
1763812800000,0.001685,0.001702,0.001658,0.001684,124176401.0,2025-11-22 12:00:00+00:00
1763827200000,0.001683,0.001706,0.001681,0.001685,80126552.0,2025-11-22 16:00:00+00:00
1763841600000,0.001686,0.001714,0.001673,0.00169,99383681.0,2025-11-22 20:00:00+00:00
1763856000000,0.001689,0.001726,0.001688,0.001715,271455071.0,2025-11-23 00:00:00+00:00
1763870400000,0.001714,0.001728,0.001687,0.001709,123897441.0,2025-11-23 04:00:00+00:00
1763884800000,0.001709,0.001722,0.001702,0.001718,77557457.0,2025-11-23 08:00:00+00:00
1763899200000,0.001717,0.001734,0.0017,0.001717,128685766.0,2025-11-23 12:00:00+00:00
1763913600000,0.001716,0.001722,0.001697,0.001712,87044226.0,2025-11-23 16:00:00+00:00
1763928000000,0.001713,0.001715,0.001681,0.001686,73526075.0,2025-11-23 20:00:00+00:00
1763942400000,0.001686,0.001718,0.001669,0.001708,120703841.0,2025-11-24 00:00:00+00:00
1763956800000,0.001709,0.001725,0.001683,0.001695,140799646.0,2025-11-24 04:00:00+00:00
1763971200000,0.001694,0.001696,0.001659,0.001682,138250558.0,2025-11-24 08:00:00+00:00
1763985600000,0.001682,0.001714,0.001663,0.001708,258583728.0,2025-11-24 12:00:00+00:00
1764000000000,0.001709,0.001793,0.001707,0.001785,237494851.0,2025-11-24 16:00:00+00:00
1764014400000,0.001786,0.00193,0.001783,0.001886,2034221692.0,2025-11-24 20:00:00+00:00
1764028800000,0.001886,0.002042,0.001855,0.001922,4834193201.0,2025-11-25 00:00:00+00:00
1764043200000,0.001921,0.002171,0.001885,0.002096,5492382946.0,2025-11-25 04:00:00+00:00
1764057600000,0.002097,0.002112,0.001955,0.002,10488324520.0,2025-11-25 08:00:00+00:00
1764072000000,0.002,0.002112,0.001961,0.002101,6632161005.0,2025-11-25 12:00:00+00:00
1764086400000,0.002102,0.002102,0.001936,0.001994,4338139237.0,2025-11-25 16:00:00+00:00
1764100800000,0.001993,0.002015,0.001959,0.001996,1401202575.0,2025-11-25 20:00:00+00:00
1764115200000,0.001996,0.002001,0.001905,0.001908,1323240076.0,2025-11-26 00:00:00+00:00
1764129600000,0.001909,0.00194,0.001903,0.001922,722759124.0,2025-11-26 04:00:00+00:00
1764144000000,0.001921,0.001923,0.001875,0.001881,859591303.0,2025-11-26 08:00:00+00:00
1764158400000,0.001882,0.00189,0.001844,0.001857,911410877.0,2025-11-26 12:00:00+00:00
1764172800000,0.001856,0.001911,0.001852,0.001892,891300473.0,2025-11-26 16:00:00+00:00
1764187200000,0.001891,0.001967,0.001883,0.001954,1363717549.0,2025-11-26 20:00:00+00:00
1764201600000,0.001954,0.001997,0.001914,0.001922,782281252.0,2025-11-27 00:00:00+00:00
1764216000000,0.001923,0.001948,0.001913,0.001931,278674213.0,2025-11-27 04:00:00+00:00
1764230400000,0.00193,0.001943,0.001906,0.001931,356272269.0,2025-11-27 08:00:00+00:00
1764244800000,0.001931,0.001964,0.001917,0.00195,303229331.0,2025-11-27 12:00:00+00:00
1764259200000,0.00195,0.001961,0.001939,0.001958,175827456.0,2025-11-27 16:00:00+00:00
1764273600000,0.001958,0.001969,0.001949,0.001962,161920013.0,2025-11-27 20:00:00+00:00
1764288000000,0.001962,0.002031,0.001946,0.002025,658500246.0,2025-11-28 00:00:00+00:00
1764302400000,0.002025,0.002072,0.001914,0.001951,1224199556.0,2025-11-28 04:00:00+00:00
1764316800000,0.001951,0.00197,0.001939,0.001967,279412246.0,2025-11-28 08:00:00+00:00
1764331200000,0.001966,0.001991,0.001949,0.001966,301036569.0,2025-11-28 12:00:00+00:00
1764345600000,0.001966,0.001987,0.001951,0.001973,285286784.0,2025-11-28 16:00:00+00:00
1764360000000,0.001974,0.001985,0.00196,0.001968,117797650.0,2025-11-28 20:00:00+00:00
1764374400000,0.001968,0.002065,0.001958,0.002049,596489868.0,2025-11-29 00:00:00+00:00
1764388800000,0.002049,0.00221,0.002047,0.002102,4272702014.0,2025-11-29 04:00:00+00:00
1764403200000,0.002102,0.002199,0.002037,0.002181,2550754166.0,2025-11-29 08:00:00+00:00
1764417600000,0.002183,0.002247,0.002103,0.002121,4923690510.0,2025-11-29 12:00:00+00:00
1764432000000,0.00212,0.002125,0.002031,0.002052,1600796572.0,2025-11-29 16:00:00+00:00
1764446400000,0.002051,0.002078,0.00203,0.002045,665705420.0,2025-11-29 20:00:00+00:00
1764460800000,0.002045,0.002109,0.002009,0.002031,3222076450.0,2025-11-30 00:00:00+00:00
1764475200000,0.00203,0.002067,0.00199,0.00203,1167423322.0,2025-11-30 04:00:00+00:00
1764489600000,0.002028,0.002036,0.001985,0.001995,556837626.0,2025-11-30 08:00:00+00:00
1764504000000,0.001996,0.002045,0.001991,0.002038,531970855.0,2025-11-30 12:00:00+00:00
1764518400000,0.002038,0.002111,0.00203,0.002096,510729462.0,2025-11-30 16:00:00+00:00
1764532800000,0.002097,0.002267,0.002082,0.002226,2102404582.0,2025-11-30 20:00:00+00:00
1764547200000,0.002225,0.002238,0.002072,0.00215,4133479684.0,2025-12-01 00:00:00+00:00
1764561600000,0.00215,0.002163,0.00209,0.002135,1032808248.0,2025-12-01 04:00:00+00:00
1764576000000,0.002135,0.002223,0.002128,0.002172,1739643350.0,2025-12-01 08:00:00+00:00
1764590400000,0.002171,0.002326,0.00217,0.002267,5054279299.0,2025-12-01 12:00:00+00:00
1764604800000,0.002267,0.002268,0.002117,0.002147,2168916621.0,2025-12-01 16:00:00+00:00
1764619200000,0.002147,0.002355,0.002147,0.002323,2464881079.0,2025-12-01 20:00:00+00:00
1764633600000,0.002322,0.002346,0.002211,0.002235,1636455532.0,2025-12-02 00:00:00+00:00
1764648000000,0.002235,0.002251,0.002167,0.002168,723529299.0,2025-12-02 04:00:00+00:00
1764662400000,0.002168,0.002244,0.002168,0.002227,720784634.0,2025-12-02 08:00:00+00:00
1764676800000,0.002228,0.002326,0.002214,0.002273,795396415.0,2025-12-02 12:00:00+00:00
1764691200000,0.002275,0.002468,0.002266,0.002419,1268385033.0,2025-12-02 16:00:00+00:00
1764705600000,0.002419,0.002494,0.002388,0.002492,998023201.0,2025-12-02 20:00:00+00:00
1764720000000,0.002491,0.002521,0.002207,0.002218,2045321443.0,2025-12-03 00:00:00+00:00
1764734400000,0.002218,0.002226,0.002181,0.002184,697229960.0,2025-12-03 04:00:00+00:00
1764748800000,0.002183,0.002185,0.002083,0.002102,1176589667.0,2025-12-03 08:00:00+00:00
1764763200000,0.002101,0.002118,0.002003,0.00203,1431593254.0,2025-12-03 12:00:00+00:00
1764777600000,0.00203,0.002036,0.001996,0.002017,544482140.0,2025-12-03 16:00:00+00:00
1764792000000,0.002015,0.002031,0.001967,0.001975,866998253.0,2025-12-03 20:00:00+00:00
1764806400000,0.001973,0.001984,0.001884,0.001892,1065163230.0,2025-12-04 00:00:00+00:00
1764820800000,0.001892,0.001925,0.001873,0.001909,848650996.0,2025-12-04 04:00:00+00:00
1764835200000,0.001908,0.001937,0.001894,0.001907,514033655.0,2025-12-04 08:00:00+00:00
1764849600000,0.001907,0.001907,0.001862,0.00188,755097218.0,2025-12-04 12:00:00+00:00
1764864000000,0.00188,0.00188,0.001793,0.001811,813499966.0,2025-12-04 16:00:00+00:00
1764878400000,0.001811,0.001831,0.001798,0.001821,524558324.0,2025-12-04 20:00:00+00:00
1764892800000,0.001821,0.001826,0.001793,0.001798,395960755.0,2025-12-05 00:00:00+00:00
1764907200000,0.001798,0.001824,0.001778,0.001815,427214650.0,2025-12-05 04:00:00+00:00
1764921600000,0.001817,0.001942,0.001798,0.001884,1879968371.0,2025-12-05 08:00:00+00:00
1764936000000,0.001884,0.001912,0.001852,0.001884,802032464.0,2025-12-05 12:00:00+00:00
1764950400000,0.001884,0.001888,0.001827,0.001836,626176158.0,2025-12-05 16:00:00+00:00
1764964800000,0.001837,0.001863,0.001831,0.001859,268184714.0,2025-12-05 20:00:00+00:00
1764979200000,0.001859,0.001912,0.00179,0.001815,1649944278.0,2025-12-06 00:00:00+00:00
1764993600000,0.001816,0.001823,0.001801,0.001813,267529402.0,2025-12-06 04:00:00+00:00
1765008000000,0.001814,0.001823,0.001798,0.001809,241564828.0,2025-12-06 08:00:00+00:00
1765022400000,0.001809,0.001825,0.001799,0.00181,239648310.0,2025-12-06 12:00:00+00:00
1765036800000,0.00181,0.00184,0.00181,0.00182,287287235.0,2025-12-06 16:00:00+00:00
1765051200000,0.00182,0.001838,0.001811,0.001819,198595863.0,2025-12-06 20:00:00+00:00
1765065600000,0.001818,0.001819,0.001802,0.00181,185962704.0,2025-12-07 00:00:00+00:00
1765080000000,0.001809,0.00181,0.001784,0.001789,179572755.0,2025-12-07 04:00:00+00:00
1765094400000,0.001789,0.001803,0.00177,0.001771,236853300.0,2025-12-07 08:00:00+00:00
1765108800000,0.001772,0.001785,0.001724,0.001782,423684950.0,2025-12-07 12:00:00+00:00
1765123200000,0.001782,0.001805,0.001766,0.001792,201308281.0,2025-12-07 16:00:00+00:00
1765137600000,0.001792,0.001799,0.001734,0.001752,225334651.0,2025-12-07 20:00:00+00:00
1765152000000,0.001752,0.001781,0.001746,0.001775,135617126.0,2025-12-08 00:00:00+00:00
1765166400000,0.001775,0.00179,0.001768,0.001773,104354331.0,2025-12-08 04:00:00+00:00
1765180800000,0.001772,0.001796,0.001765,0.001779,150224629.0,2025-12-08 08:00:00+00:00
1765195200000,0.001779,0.001792,0.001753,0.001756,244460408.0,2025-12-08 12:00:00+00:00
1765209600000,0.001757,0.001787,0.001745,0.001755,220509359.0,2025-12-08 16:00:00+00:00
1765224000000,0.001756,0.00178,0.001753,0.001773,92794060.0,2025-12-08 20:00:00+00:00
1765238400000,0.001773,0.001778,0.001742,0.001759,131145017.0,2025-12-09 00:00:00+00:00
1765252800000,0.00176,0.001767,0.001743,0.001764,78164971.0,2025-12-09 04:00:00+00:00
1765267200000,0.001766,0.001768,0.001748,0.001757,82272563.0,2025-12-09 08:00:00+00:00
1765281600000,0.001758,0.001813,0.001752,0.00181,215818892.0,2025-12-09 12:00:00+00:00
1765296000000,0.001811,0.001838,0.001803,0.00181,352157875.0,2025-12-09 16:00:00+00:00
1765310400000,0.001809,0.00181,0.001776,0.001796,130057160.0,2025-12-09 20:00:00+00:00
1765324800000,0.001797,0.001816,0.001793,0.001811,156746671.0,2025-12-10 00:00:00+00:00
1765339200000,0.001812,0.001819,0.001794,0.001804,128734864.0,2025-12-10 04:00:00+00:00
1765353600000,0.001804,0.001813,0.001786,0.001795,223686224.0,2025-12-10 08:00:00+00:00
1765368000000,0.001794,0.001804,0.001781,0.00179,165110331.0,2025-12-10 12:00:00+00:00
1765382400000,0.001791,0.00183,0.001786,0.001817,222302366.0,2025-12-10 16:00:00+00:00
1765396800000,0.001818,0.001846,0.001766,0.001778,354764107.0,2025-12-10 20:00:00+00:00
1765411200000,0.001778,0.001784,0.001706,0.001712,287387669.0,2025-12-11 00:00:00+00:00
1765425600000,0.001711,0.001737,0.001708,0.001725,136252917.0,2025-12-11 04:00:00+00:00
1765440000000,0.001725,0.001742,0.001713,0.001735,178694026.0,2025-12-11 08:00:00+00:00
1765454400000,0.001734,0.001741,0.001713,0.001727,204532728.0,2025-12-11 12:00:00+00:00
1765468800000,0.001725,0.001753,0.001714,0.001732,156036966.0,2025-12-11 16:00:00+00:00
1765483200000,0.00173,0.001772,0.001726,0.001742,272190625.0,2025-12-11 20:00:00+00:00
1765497600000,0.001742,0.001748,0.001721,0.001739,194099785.0,2025-12-12 00:00:00+00:00
1765512000000,0.00174,0.001746,0.001725,0.001732,81071377.0,2025-12-12 04:00:00+00:00
1765526400000,0.001732,0.001742,0.001728,0.001732,74028243.0,2025-12-12 08:00:00+00:00
1765540800000,0.001732,0.001736,0.001664,0.001676,242871269.0,2025-12-12 12:00:00+00:00
1765555200000,0.001675,0.001695,0.00165,0.001685,228821831.0,2025-12-12 16:00:00+00:00
1765569600000,0.001685,0.001712,0.001685,0.001702,81118711.0,2025-12-12 20:00:00+00:00
1765584000000,0.001704,0.001715,0.001698,0.001713,60379590.0,2025-12-13 00:00:00+00:00
1765598400000,0.001713,0.001718,0.001705,0.001711,56432433.0,2025-12-13 04:00:00+00:00
1765612800000,0.001712,0.001722,0.001707,0.001712,67221594.0,2025-12-13 08:00:00+00:00
1765627200000,0.001711,0.001727,0.001709,0.001724,89767344.0,2025-12-13 12:00:00+00:00
1765641600000,0.001725,0.001737,0.00172,0.001728,89243071.0,2025-12-13 16:00:00+00:00
1765656000000,0.001728,0.001732,0.001708,0.001715,53659866.0,2025-12-13 20:00:00+00:00
1765670400000,0.001716,0.001726,0.001706,0.001714,67089046.0,2025-12-14 00:00:00+00:00
1765684800000,0.001715,0.001717,0.001691,0.001694,75000432.0,2025-12-14 04:00:00+00:00
1765699200000,0.001695,0.001699,0.001661,0.001678,99270086.0,2025-12-14 08:00:00+00:00
1765713600000,0.001678,0.001685,0.001648,0.00165,107804394.0,2025-12-14 12:00:00+00:00
1765728000000,0.00165,0.001659,0.001621,0.001625,196078920.0,2025-12-14 16:00:00+00:00
1765742400000,0.001626,0.001632,0.001592,0.001608,200204287.0,2025-12-14 20:00:00+00:00
1765756800000,0.001608,0.001645,0.001603,0.001617,170589432.0,2025-12-15 00:00:00+00:00
1765771200000,0.001618,0.001622,0.001578,0.001584,221696585.0,2025-12-15 04:00:00+00:00
1765785600000,0.001584,0.001598,0.001577,0.001589,218739187.0,2025-12-15 08:00:00+00:00
1765800000000,0.001589,0.001593,0.001525,0.001544,421373844.0,2025-12-15 12:00:00+00:00
1765814400000,0.001544,0.001548,0.001503,0.001532,254168835.0,2025-12-15 16:00:00+00:00
1765828800000,0.00153,0.001542,0.001511,0.001536,99392034.0,2025-12-15 20:00:00+00:00
1765843200000,0.001537,0.001539,0.001498,0.001518,155131935.0,2025-12-16 00:00:00+00:00
1765857600000,0.001519,0.001531,0.001498,0.00151,127221896.0,2025-12-16 04:00:00+00:00
1765872000000,0.00151,0.001569,0.001509,0.001564,128152291.0,2025-12-16 08:00:00+00:00
1765886400000,0.001564,0.001572,0.001532,0.001568,254086756.0,2025-12-16 12:00:00+00:00
1765900800000,0.001569,0.001572,0.001544,0.001556,105625874.0,2025-12-16 16:00:00+00:00
1765915200000,0.001556,0.001562,0.001545,0.001555,84420342.0,2025-12-16 20:00:00+00:00
1765929600000,0.001554,0.00156,0.001541,0.001545,123646633.0,2025-12-17 00:00:00+00:00
1765944000000,0.001543,0.001546,0.001527,0.001541,127931098.0,2025-12-17 04:00:00+00:00
1765958400000,0.001541,0.001546,0.001532,0.001541,100483148.0,2025-12-17 08:00:00+00:00
1765972800000,0.001541,0.001571,0.001516,0.00152,328976526.0,2025-12-17 12:00:00+00:00
1765987200000,0.001519,0.001531,0.00147,0.001488,358337915.0,2025-12-17 16:00:00+00:00
1766001600000,0.001488,0.001495,0.001475,0.001482,139472598.0,2025-12-17 20:00:00+00:00
1766016000000,0.001481,0.001496,0.001473,0.001487,161272963.0,2025-12-18 00:00:00+00:00
1766030400000,0.001487,0.001493,0.001458,0.001472,157832587.0,2025-12-18 04:00:00+00:00
1766044800000,0.001472,0.001488,0.001468,0.001487,147451680.0,2025-12-18 08:00:00+00:00
1766059200000,0.001487,0.001527,0.001486,0.001512,307886686.0,2025-12-18 12:00:00+00:00
1766073600000,0.001513,0.001514,0.001418,0.001426,420803741.0,2025-12-18 16:00:00+00:00
1766088000000,0.001426,0.00147,0.001425,0.001452,266153360.0,2025-12-18 20:00:00+00:00
1766102400000,0.001453,0.001503,0.001438,0.00149,284881525.0,2025-12-19 00:00:00+00:00
1766116800000,0.001491,0.001519,0.00149,0.001511,161435603.0,2025-12-19 04:00:00+00:00
1766131200000,0.001511,0.001517,0.001505,0.001511,100050461.0,2025-12-19 08:00:00+00:00
1766145600000,0.00151,0.001532,0.001496,0.001524,335026261.0,2025-12-19 12:00:00+00:00
1766160000000,0.001523,0.001563,0.001519,0.001557,261091946.0,2025-12-19 16:00:00+00:00
1766174400000,0.001557,0.001567,0.001553,0.001555,136884271.0,2025-12-19 20:00:00+00:00
1766188800000,0.001555,0.001562,0.001539,0.001546,160537227.0,2025-12-20 00:00:00+00:00
1766203200000,0.001547,0.001549,0.001534,0.001545,95597113.0,2025-12-20 04:00:00+00:00
1766217600000,0.001544,0.001556,0.001532,0.001546,135260933.0,2025-12-20 08:00:00+00:00
1766232000000,0.001546,0.001546,0.001528,0.001537,105742848.0,2025-12-20 12:00:00+00:00
1766246400000,0.001537,0.001547,0.001535,0.001542,95353990.0,2025-12-20 16:00:00+00:00
1766260800000,0.001541,0.001548,0.001537,0.001547,81625235.0,2025-12-20 20:00:00+00:00
1766275200000,0.001548,0.001574,0.001537,0.001564,596886482.0,2025-12-21 00:00:00+00:00
1766289600000,0.001564,0.001572,0.001546,0.001566,276991365.0,2025-12-21 04:00:00+00:00
1766304000000,0.001565,0.001591,0.001553,0.001558,407401190.0,2025-12-21 08:00:00+00:00
1766318400000,0.001558,0.001585,0.001498,0.001524,877555430.0,2025-12-21 12:00:00+00:00
1766332800000,0.001523,0.001533,0.001511,0.00153,223358420.0,2025-12-21 16:00:00+00:00
1766347200000,0.00153,0.00155,0.001522,0.001544,155248412.0,2025-12-21 20:00:00+00:00
1766361600000,0.001544,0.001607,0.001541,0.001599,543524919.0,2025-12-22 00:00:00+00:00
1766376000000,0.001601,0.001641,0.001566,0.001613,1234050773.0,2025-12-22 04:00:00+00:00
1766390400000,0.001612,0.001664,0.001595,0.001627,1080398087.0,2025-12-22 08:00:00+00:00
1766404800000,0.001626,0.001635,0.001606,0.001631,405912233.0,2025-12-22 12:00:00+00:00
1766419200000,0.001631,0.001666,0.001607,0.001611,565020589.0,2025-12-22 16:00:00+00:00
1766433600000,0.00161,0.00164,0.001603,0.001629,171073150.0,2025-12-22 20:00:00+00:00
1766448000000,0.00163,0.00163,0.001603,0.001606,236554867.0,2025-12-23 00:00:00+00:00
1766462400000,0.001606,0.001615,0.001584,0.001611,174497061.0,2025-12-23 04:00:00+00:00
1766476800000,0.001611,0.00163,0.001598,0.001626,150639209.0,2025-12-23 08:00:00+00:00
1766491200000,0.001626,0.001657,0.001614,0.001637,350836935.0,2025-12-23 12:00:00+00:00
1766505600000,0.001637,0.001654,0.001607,0.001637,176148710.0,2025-12-23 16:00:00+00:00
1766520000000,0.001636,0.001657,0.001631,0.001655,127306081.0,2025-12-23 20:00:00+00:00
1766534400000,0.001656,0.001662,0.001619,0.001639,150986270.0,2025-12-24 00:00:00+00:00
1766548800000,0.00164,0.001646,0.001613,0.001623,125916450.0,2025-12-24 04:00:00+00:00
1766563200000,0.001623,0.001635,0.001604,0.00161,182019939.0,2025-12-24 08:00:00+00:00
1766577600000,0.00161,0.001625,0.001597,0.001621,109744961.0,2025-12-24 12:00:00+00:00
1766592000000,0.001621,0.001635,0.001619,0.001627,119301978.0,2025-12-24 16:00:00+00:00
1766606400000,0.001628,0.001653,0.001628,0.001636,95739178.0,2025-12-24 20:00:00+00:00
1766620800000,0.001635,0.001643,0.001625,0.00164,91810087.0,2025-12-25 00:00:00+00:00
1766635200000,0.00164,0.001661,0.001639,0.001658,92474998.0,2025-12-25 04:00:00+00:00
1766649600000,0.001658,0.001661,0.00163,0.001637,144430404.0,2025-12-25 08:00:00+00:00
1766664000000,0.001637,0.001653,0.001632,0.001648,92887803.0,2025-12-25 12:00:00+00:00
1766678400000,0.001647,0.001654,0.001636,0.001645,115834306.0,2025-12-25 16:00:00+00:00
1766692800000,0.001645,0.001646,0.00158,0.001586,135802622.0,2025-12-25 20:00:00+00:00
1766707200000,0.001587,0.001629,0.001585,0.001615,172424810.0,2025-12-26 00:00:00+00:00
1766721600000,0.001616,0.001617,0.001599,0.001602,89383128.0,2025-12-26 04:00:00+00:00
1766736000000,0.0016,0.001611,0.001597,0.00161,87722806.0,2025-12-26 08:00:00+00:00
1766750400000,0.00161,0.001614,0.001576,0.001592,157932775.0,2025-12-26 12:00:00+00:00
1766764800000,0.001591,0.001596,0.001577,0.001594,64022045.0,2025-12-26 16:00:00+00:00
1766779200000,0.001595,0.001603,0.001583,0.001588,56507599.0,2025-12-26 20:00:00+00:00
1766793600000,0.001589,0.001593,0.00158,0.001593,100319244.0,2025-12-27 00:00:00+00:00
1766808000000,0.001593,0.001596,0.00158,0.001588,94093941.0,2025-12-27 04:00:00+00:00
1766822400000,0.001589,0.001616,0.00154,0.001607,482852004.0,2025-12-27 08:00:00+00:00
1766836800000,0.001606,0.001627,0.001586,0.001613,307481907.0,2025-12-27 12:00:00+00:00
1766851200000,0.001612,0.001633,0.0016,0.00162,194679198.0,2025-12-27 16:00:00+00:00
1766865600000,0.001619,0.001641,0.001612,0.001632,115126722.0,2025-12-27 20:00:00+00:00
1766880000000,0.001633,0.00169,0.001631,0.00168,716986498.0,2025-12-28 00:00:00+00:00
1766894400000,0.001679,0.001732,0.001671,0.001674,695633572.0,2025-12-28 04:00:00+00:00
1766908800000,0.001674,0.001677,0.001652,0.001656,283682799.0,2025-12-28 08:00:00+00:00
1766923200000,0.001656,0.001656,0.001623,0.001631,318443619.0,2025-12-28 12:00:00+00:00
1766937600000,0.00163,0.001644,0.001599,0.001601,262569662.0,2025-12-28 16:00:00+00:00
1766952000000,0.001601,0.001612,0.001582,0.001603,245944239.0,2025-12-28 20:00:00+00:00
1766966400000,0.001602,0.001623,0.001588,0.001619,300488369.0,2025-12-29 00:00:00+00:00
1766980800000,0.001618,0.001733,0.001604,0.001673,1126537264.0,2025-12-29 04:00:00+00:00
1766995200000,0.001674,0.00168,0.00164,0.00165,579584816.0,2025-12-29 08:00:00+00:00
1767009600000,0.00165,0.001667,0.001614,0.001651,332864401.0,2025-12-29 12:00:00+00:00
1767024000000,0.001652,0.001663,0.001619,0.001626,227092177.0,2025-12-29 16:00:00+00:00
1767038400000,0.001626,0.00163,0.001602,0.001619,193496805.0,2025-12-29 20:00:00+00:00
1767052800000,0.001618,0.001635,0.001576,0.001598,470023740.0,2025-12-30 00:00:00+00:00
1767067200000,0.001598,0.001605,0.001573,0.00158,219708995.0,2025-12-30 04:00:00+00:00
1767081600000,0.00158,0.001598,0.001571,0.001588,145522650.0,2025-12-30 08:00:00+00:00
1767096000000,0.001588,0.001709,0.001578,0.001653,1161869150.0,2025-12-30 12:00:00+00:00
1767110400000,0.001653,0.001707,0.001644,0.001697,866070121.0,2025-12-30 16:00:00+00:00
1767124800000,0.001698,0.001727,0.001668,0.001719,594432184.0,2025-12-30 20:00:00+00:00
1767139200000,0.001719,0.001804,0.001672,0.001802,1407455430.0,2025-12-31 00:00:00+00:00
1767153600000,0.001802,0.00192,0.001751,0.001807,7516348408.0,2025-12-31 04:00:00+00:00
1767168000000,0.001806,0.001828,0.001736,0.00178,3645318912.0,2025-12-31 08:00:00+00:00
1767182400000,0.001782,0.001825,0.001769,0.00181,1300461268.0,2025-12-31 12:00:00+00:00
1767196800000,0.001809,0.001817,0.001772,0.001815,831092208.0,2025-12-31 16:00:00+00:00
1767211200000,0.001814,0.001875,0.001797,0.001812,897752249.0,2025-12-31 20:00:00+00:00
1767225600000,0.001812,0.001813,0.001741,0.001805,652463014.0,2026-01-01 00:00:00+00:00
1767240000000,0.001805,0.002028,0.001775,0.001826,4072533145.0,2026-01-01 04:00:00+00:00
1767254400000,0.001825,0.001835,0.001785,0.001821,564159643.0,2026-01-01 08:00:00+00:00
1767268800000,0.001821,0.001853,0.001807,0.001835,475650398.0,2026-01-01 12:00:00+00:00
1767283200000,0.001835,0.001851,0.001814,0.001843,251603902.0,2026-01-01 16:00:00+00:00
1767297600000,0.001844,0.001872,0.001834,0.001864,247463857.0,2026-01-01 20:00:00+00:00
1767312000000,0.001863,0.001893,0.001794,0.001802,662662854.0,2026-01-02 00:00:00+00:00
1767326400000,0.001803,0.001821,0.001795,0.001817,306071487.0,2026-01-02 04:00:00+00:00
1767340800000,0.001816,0.001841,0.001807,0.001826,188884785.0,2026-01-02 08:00:00+00:00
1767355200000,0.001825,0.001825,0.001784,0.001811,352308185.0,2026-01-02 12:00:00+00:00
1767369600000,0.00181,0.001851,0.001808,0.00184,278571882.0,2026-01-02 16:00:00+00:00
1767384000000,0.00184,0.001888,0.001836,0.001864,207316743.0,2026-01-02 20:00:00+00:00
1767398400000,0.001864,0.001895,0.001838,0.001851,386615050.0,2026-01-03 00:00:00+00:00
1767412800000,0.001852,0.00186,0.001815,0.001817,252908704.0,2026-01-03 04:00:00+00:00
1767427200000,0.001817,0.001852,0.001813,0.001847,121299890.0,2026-01-03 08:00:00+00:00
1767441600000,0.001846,0.001875,0.001842,0.001857,155768744.0,2026-01-03 12:00:00+00:00
1767456000000,0.001857,0.00187,0.001849,0.001849,93071595.0,2026-01-03 16:00:00+00:00
1767470400000,0.00185,0.001868,0.001843,0.001861,119363541.0,2026-01-03 20:00:00+00:00
1767484800000,0.001861,0.001867,0.001841,0.001843,161970944.0,2026-01-04 00:00:00+00:00
1767499200000,0.001843,0.001853,0.001825,0.001838,152918099.0,2026-01-04 04:00:00+00:00
1767513600000,0.001838,0.00184,0.001829,0.001836,121222205.0,2026-01-04 08:00:00+00:00
1767528000000,0.001835,0.001861,0.001834,0.001859,223769921.0,2026-01-04 12:00:00+00:00
1767542400000,0.001858,0.001869,0.001837,0.001846,194442579.0,2026-01-04 16:00:00+00:00
1767556800000,0.001846,0.001853,0.001835,0.001848,111997932.0,2026-01-04 20:00:00+00:00
1767571200000,0.001847,0.001873,0.001835,0.001852,294950299.0,2026-01-05 00:00:00+00:00
1767585600000,0.001852,0.001853,0.001814,0.001834,179333560.0,2026-01-05 04:00:00+00:00
1767600000000,0.001833,0.001844,0.001803,0.001827,128091322.0,2026-01-05 08:00:00+00:00
1767614400000,0.001827,0.001857,0.001816,0.001854,215382314.0,2026-01-05 12:00:00+00:00
1767628800000,0.001853,0.001882,0.001836,0.001871,143724677.0,2026-01-05 16:00:00+00:00
1767643200000,0.001871,0.001891,0.001868,0.001882,92778689.0,2026-01-05 20:00:00+00:00
1767657600000,0.001883,0.001928,0.001866,0.001912,261728008.0,2026-01-06 00:00:00+00:00
1767672000000,0.001912,0.002014,0.00191,0.001952,801923772.0,2026-01-06 04:00:00+00:00
1767686400000,0.001952,0.001964,0.001922,0.001958,355718475.0,2026-01-06 08:00:00+00:00
1767700800000,0.001957,0.001972,0.001927,0.001937,214147667.0,2026-01-06 12:00:00+00:00
1767715200000,0.001938,0.001941,0.001859,0.0019,325317845.0,2026-01-06 16:00:00+00:00
1767729600000,0.0019,0.001939,0.0019,0.001937,84278227.0,2026-01-06 20:00:00+00:00
1767744000000,0.001937,0.001938,0.0019,0.001915,126956598.0,2026-01-07 00:00:00+00:00
1767758400000,0.001916,0.001938,0.0019,0.001927,125778776.0,2026-01-07 04:00:00+00:00
1767772800000,0.001927,0.001934,0.00188,0.001898,141742013.0,2026-01-07 08:00:00+00:00
1767787200000,0.001898,0.001927,0.001878,0.001906,433673781.0,2026-01-07 12:00:00+00:00
1767801600000,0.001906,0.001966,0.0019,0.001942,245112113.0,2026-01-07 16:00:00+00:00
1767816000000,0.001944,0.002037,0.001934,0.002027,388546449.0,2026-01-07 20:00:00+00:00
1767830400000,0.002026,0.00203,0.001964,0.001979,476582368.0,2026-01-08 00:00:00+00:00
1767844800000,0.001978,0.002025,0.001945,0.001968,297600664.0,2026-01-08 04:00:00+00:00
1767859200000,0.001967,0.001968,0.001912,0.001943,272767283.0,2026-01-08 08:00:00+00:00
1767873600000,0.001943,0.002013,0.001924,0.002009,388164709.0,2026-01-08 12:00:00+00:00
1767888000000,0.002008,0.002009,0.001926,0.001939,781195626.0,2026-01-08 16:00:00+00:00
1767902400000,0.001939,0.001965,0.001819,0.001828,2188036609.0,2026-01-08 20:00:00+00:00
1767916800000,0.001828,0.001832,0.001711,0.001738,3162280452.0,2026-01-09 00:00:00+00:00
1767931200000,0.001737,0.00175,0.001713,0.001725,1730462128.0,2026-01-09 04:00:00+00:00
1767945600000,0.001724,0.001731,0.001692,0.001708,1047889484.0,2026-01-09 08:00:00+00:00
1767960000000,0.001709,0.001754,0.00168,0.001739,1416915854.0,2026-01-09 12:00:00+00:00
1767974400000,0.001739,0.001765,0.001688,0.001691,1140548893.0,2026-01-09 16:00:00+00:00
1767988800000,0.00169,0.001722,0.001689,0.001705,523112887.0,2026-01-09 20:00:00+00:00
1768003200000,0.001704,0.001709,0.001689,0.001698,479022391.0,2026-01-10 00:00:00+00:00
1768017600000,0.001698,0.001723,0.001689,0.001714,448170364.0,2026-01-10 04:00:00+00:00
1768032000000,0.001714,0.00172,0.001696,0.001699,313934029.0,2026-01-10 08:00:00+00:00
1768046400000,0.0017,0.001715,0.001696,0.001714,289165042.0,2026-01-10 12:00:00+00:00
1768060800000,0.001713,0.001718,0.0017,0.001716,189993942.0,2026-01-10 16:00:00+00:00
1768075200000,0.001715,0.00172,0.001697,0.001701,168788792.0,2026-01-10 20:00:00+00:00
1768089600000,0.001702,0.001713,0.001691,0.0017,173604861.0,2026-01-11 00:00:00+00:00
1768104000000,0.001701,0.001709,0.001691,0.001706,156138428.0,2026-01-11 04:00:00+00:00
1768118400000,0.001705,0.001716,0.001702,0.001711,145899065.0,2026-01-11 08:00:00+00:00
1768132800000,0.001712,0.001732,0.001693,0.0017,273545956.0,2026-01-11 12:00:00+00:00
1768147200000,0.0017,0.001713,0.001697,0.001702,130945408.0,2026-01-11 16:00:00+00:00
1768161600000,0.001702,0.001703,0.001665,0.001683,290545826.0,2026-01-11 20:00:00+00:00
1768176000000,0.001684,0.001708,0.001654,0.001704,435393090.0,2026-01-12 00:00:00+00:00
1768190400000,0.001704,0.001708,0.001674,0.001676,163130853.0,2026-01-12 04:00:00+00:00
1768204800000,0.001676,0.001683,0.001659,0.001667,214020385.0,2026-01-12 08:00:00+00:00
1768219200000,0.001667,0.001669,0.001629,0.001652,334765084.0,2026-01-12 12:00:00+00:00
1768233600000,0.001651,0.001658,0.00163,0.001639,188388457.0,2026-01-12 16:00:00+00:00
1768248000000,0.001637,0.001641,0.001621,0.001624,207117047.0,2026-01-12 20:00:00+00:00
1768262400000,0.001624,0.001629,0.001611,0.001619,210916140.0,2026-01-13 00:00:00+00:00
1768276800000,0.001619,0.001636,0.001614,0.001636,227632522.0,2026-01-13 04:00:00+00:00
1768291200000,0.001635,0.001648,0.001627,0.001638,200309883.0,2026-01-13 08:00:00+00:00
1768305600000,0.001638,0.001672,0.00163,0.001672,286033665.0,2026-01-13 12:00:00+00:00
1768320000000,0.001671,0.001683,0.001661,0.001677,209944026.0,2026-01-13 16:00:00+00:00
1768334400000,0.001677,0.001701,0.001662,0.001687,199328115.0,2026-01-13 20:00:00+00:00
1768348800000,0.001687,0.001722,0.001687,0.001714,221221952.0,2026-01-14 00:00:00+00:00
1768363200000,0.001714,0.001717,0.001683,0.001697,137259598.0,2026-01-14 04:00:00+00:00
1768377600000,0.001697,0.001719,0.001692,0.001698,177553618.0,2026-01-14 08:00:00+00:00
1768392000000,0.001698,0.001725,0.001692,0.001714,203787249.0,2026-01-14 12:00:00+00:00
1768406400000,0.001715,0.001728,0.001682,0.001717,209156587.0,2026-01-14 16:00:00+00:00
1768420800000,0.001717,0.001723,0.001702,0.001718,139027827.0,2026-01-14 20:00:00+00:00
1768435200000,0.001718,0.001719,0.001659,0.001664,234935072.0,2026-01-15 00:00:00+00:00
1768449600000,0.001663,0.00169,0.00166,0.001687,112539374.0,2026-01-15 04:00:00+00:00
1768464000000,0.001688,0.001702,0.001681,0.001694,99694264.0,2026-01-15 08:00:00+00:00
1768478400000,0.001694,0.001698,0.001656,0.001679,153021505.0,2026-01-15 12:00:00+00:00
1768492800000,0.001679,0.001683,0.001631,0.001649,222265053.0,2026-01-15 16:00:00+00:00
1768507200000,0.001648,0.001651,0.001634,0.00164,145834543.0,2026-01-15 20:00:00+00:00
1768521600000,0.001641,0.001646,0.001617,0.001632,249635851.0,2026-01-16 00:00:00+00:00
1768536000000,0.001632,0.001639,0.001613,0.001632,205493023.0,2026-01-16 04:00:00+00:00
1768550400000,0.001633,0.001645,0.00163,0.001641,102760992.0,2026-01-16 08:00:00+00:00
1768564800000,0.001641,0.001647,0.001602,0.001618,280519165.0,2026-01-16 12:00:00+00:00
1768579200000,0.001618,0.001642,0.001617,0.001635,142304847.0,2026-01-16 16:00:00+00:00
1768593600000,0.001635,0.001657,0.001628,0.001655,118901601.0,2026-01-16 20:00:00+00:00
1768608000000,0.001655,0.001664,0.001647,0.001655,128008151.0,2026-01-17 00:00:00+00:00
1768622400000,0.001656,0.001674,0.001651,0.001674,100706796.0,2026-01-17 04:00:00+00:00
1768636800000,0.001674,0.001679,0.001655,0.001664,100046456.0,2026-01-17 08:00:00+00:00
1768651200000,0.001664,0.001705,0.001662,0.001692,208045641.0,2026-01-17 12:00:00+00:00
1768665600000,0.001692,0.001693,0.001668,0.001672,151349095.0,2026-01-17 16:00:00+00:00
1768680000000,0.001673,0.001678,0.001653,0.001665,118526879.0,2026-01-17 20:00:00+00:00
1768694400000,0.001665,0.001677,0.001639,0.001649,212240958.0,2026-01-18 00:00:00+00:00
1768708800000,0.001648,0.00165,0.001637,0.001643,113279063.0,2026-01-18 04:00:00+00:00
1768723200000,0.001643,0.001656,0.001638,0.001651,92648163.0,2026-01-18 08:00:00+00:00
1768737600000,0.001651,0.001656,0.001638,0.001652,113573055.0,2026-01-18 12:00:00+00:00
1768752000000,0.001652,0.001672,0.001649,0.001663,100022657.0,2026-01-18 16:00:00+00:00
1768766400000,0.001663,0.001675,0.001606,0.001611,213643996.0,2026-01-18 20:00:00+00:00
1768780800000,0.001611,0.001612,0.001474,0.001567,740868196.0,2026-01-19 00:00:00+00:00
1768795200000,0.001567,0.001577,0.001553,0.001574,162308857.0,2026-01-19 04:00:00+00:00
1768809600000,0.001574,0.001584,0.001571,0.001578,127357085.0,2026-01-19 08:00:00+00:00
1768824000000,0.001578,0.001583,0.001566,0.00158,138463191.0,2026-01-19 12:00:00+00:00
1768838400000,0.00158,0.001602,0.001578,0.001591,85018990.0,2026-01-19 16:00:00+00:00
1768852800000,0.001593,0.001594,0.001574,0.001582,113432408.0,2026-01-19 20:00:00+00:00
1768867200000,0.001581,0.001583,0.001563,0.00157,117211165.0,2026-01-20 00:00:00+00:00
1768881600000,0.00157,0.001578,0.001548,0.00155,162000191.0,2026-01-20 04:00:00+00:00
1768896000000,0.001549,0.001553,0.001534,0.001549,134465576.0,2026-01-20 08:00:00+00:00
1768910400000,0.001548,0.001561,0.001531,0.001541,170191408.0,2026-01-20 12:00:00+00:00
1768924800000,0.001542,0.001546,0.001507,0.00151,150685821.0,2026-01-20 16:00:00+00:00
1768939200000,0.00151,0.00152,0.001464,0.001497,177081903.0,2026-01-20 20:00:00+00:00
1768953600000,0.001498,0.001547,0.001497,0.001541,139688120.0,2026-01-21 00:00:00+00:00
1768968000000,0.00154,0.001549,0.001536,0.001538,74128336.0,2026-01-21 04:00:00+00:00
1768982400000,0.001538,0.001544,0.001517,0.00152,116739872.0,2026-01-21 08:00:00+00:00
1768996800000,0.00152,0.001545,0.001501,0.001544,221750914.0,2026-01-21 12:00:00+00:00
1769011200000,0.001543,0.001561,0.001494,0.001561,243609794.0,2026-01-21 16:00:00+00:00
1769025600000,0.001562,0.001565,0.001542,0.001545,109940968.0,2026-01-21 20:00:00+00:00
1769040000000,0.001545,0.001565,0.001544,0.001561,76675032.0,2026-01-22 00:00:00+00:00
1769054400000,0.00156,0.001564,0.001538,0.001541,98733016.0,2026-01-22 04:00:00+00:00
1769068800000,0.001542,0.001553,0.001539,0.001541,72491999.0,2026-01-22 08:00:00+00:00
1769083200000,0.001541,0.001549,0.001514,0.001527,139384582.0,2026-01-22 12:00:00+00:00
1769097600000,0.001527,0.001542,0.001521,0.001531,90201353.0,2026-01-22 16:00:00+00:00
1769112000000,0.00153,0.001537,0.00152,0.001535,55818810.0,2026-01-22 20:00:00+00:00
1769126400000,0.001535,0.001556,0.001533,0.001547,90555034.0,2026-01-23 00:00:00+00:00
1769140800000,0.001547,0.001556,0.001541,0.001545,72662324.0,2026-01-23 04:00:00+00:00
1769155200000,0.001545,0.001558,0.001537,0.001558,109949633.0,2026-01-23 08:00:00+00:00
1769169600000,0.001557,0.001562,0.001531,0.001557,155514495.0,2026-01-23 12:00:00+00:00
1769184000000,0.001557,0.001581,0.001541,0.001555,171333170.0,2026-01-23 16:00:00+00:00
1769198400000,0.001555,0.001563,0.001538,0.00156,97949063.0,2026-01-23 20:00:00+00:00
1769212800000,0.00156,0.001566,0.001548,0.00156,82794730.0,2026-01-24 00:00:00+00:00
1769227200000,0.001561,0.001561,0.00155,0.001558,51943861.0,2026-01-24 04:00:00+00:00
1769241600000,0.001557,0.001559,0.001548,0.001556,58793797.0,2026-01-24 08:00:00+00:00
1769256000000,0.001557,0.001562,0.001544,0.001548,96258149.0,2026-01-24 12:00:00+00:00
1769270400000,0.001548,0.001549,0.001534,0.00154,66481763.0,2026-01-24 16:00:00+00:00
1769284800000,0.00154,0.001553,0.00154,0.001551,30903822.0,2026-01-24 20:00:00+00:00
1769299200000,0.001551,0.001583,0.00155,0.001555,171412019.0,2026-01-25 00:00:00+00:00
1769313600000,0.001555,0.001556,0.001534,0.001545,109385061.0,2026-01-25 04:00:00+00:00
1769328000000,0.001544,0.001552,0.001535,0.001538,91090760.0,2026-01-25 08:00:00+00:00
1769342400000,0.001538,0.001548,0.001518,0.001523,107772309.0,2026-01-25 12:00:00+00:00
1769356800000,0.001523,0.001524,0.001438,0.001445,287870171.0,2026-01-25 16:00:00+00:00
1769371200000,0.001445,0.001475,0.001439,0.001472,151479413.0,2026-01-25 20:00:00+00:00
1769385600000,0.001473,0.001501,0.001461,0.001492,227516552.0,2026-01-26 00:00:00+00:00
1769400000000,0.001492,0.001527,0.001492,0.001521,116064495.0,2026-01-26 04:00:00+00:00
1769414400000,0.00152,0.001525,0.001503,0.001518,157153996.0,2026-01-26 08:00:00+00:00
1769428800000,0.001518,0.001558,0.001516,0.001548,239199086.0,2026-01-26 12:00:00+00:00
1769443200000,0.001547,0.001553,0.001533,0.001538,132815511.0,2026-01-26 16:00:00+00:00
1769457600000,0.001537,0.001559,0.001532,0.001538,102248819.0,2026-01-26 20:00:00+00:00
1769472000000,0.001538,0.001557,0.001534,0.001538,138326041.0,2026-01-27 00:00:00+00:00
1769486400000,0.001539,0.001546,0.001526,0.001527,116673172.0,2026-01-27 04:00:00+00:00
1769500800000,0.001528,0.001531,0.001513,0.001521,168018389.0,2026-01-27 08:00:00+00:00
1769515200000,0.001521,0.001524,0.001505,0.001522,129260015.0,2026-01-27 12:00:00+00:00
1769529600000,0.001521,0.001543,0.001511,0.001538,165724353.0,2026-01-27 16:00:00+00:00
1769544000000,0.001538,0.001553,0.001535,0.001548,90020449.0,2026-01-27 20:00:00+00:00
1769558400000,0.001548,0.001549,0.001536,0.001539,130573334.0,2026-01-28 00:00:00+00:00
1769572800000,0.001539,0.001541,0.001531,0.001535,75420298.0,2026-01-28 04:00:00+00:00
1769587200000,0.001535,0.001571,0.001535,0.001569,166725783.0,2026-01-28 08:00:00+00:00
1769601600000,0.001569,0.001622,0.001568,0.0016,598502432.0,2026-01-28 12:00:00+00:00
1769616000000,0.001601,0.001612,0.001576,0.001602,310063803.0,2026-01-28 16:00:00+00:00
1769630400000,0.001602,0.001631,0.001599,0.001621,265916417.0,2026-01-28 20:00:00+00:00
1769644800000,0.001622,0.001628,0.001556,0.001562,330014268.0,2026-01-29 00:00:00+00:00
1769659200000,0.001561,0.001575,0.001554,0.001557,138627715.0,2026-01-29 04:00:00+00:00
1769673600000,0.001556,0.00156,0.001537,0.001552,144929822.0,2026-01-29 08:00:00+00:00
1769688000000,0.001552,0.001558,0.001485,0.001507,411968974.0,2026-01-29 12:00:00+00:00
1769702400000,0.001507,0.001543,0.001487,0.001502,444449968.0,2026-01-29 16:00:00+00:00
1769716800000,0.001501,0.00153,0.001497,0.001517,147507807.0,2026-01-29 20:00:00+00:00
1769731200000,0.001517,0.001523,0.001448,0.001467,546800235.0,2026-01-30 00:00:00+00:00
1769745600000,0.001467,0.001494,0.001455,0.00148,219296388.0,2026-01-30 04:00:00+00:00
1769760000000,0.00148,0.001509,0.001473,0.001503,188150766.0,2026-01-30 08:00:00+00:00
1769774400000,0.001504,0.001523,0.00149,0.001513,240692160.0,2026-01-30 12:00:00+00:00
1769788800000,0.001512,0.001517,0.001458,0.001508,202749534.0,2026-01-30 16:00:00+00:00
1769803200000,0.001508,0.001511,0.001488,0.001503,131122470.0,2026-01-30 20:00:00+00:00
1769817600000,0.001503,0.001505,0.001486,0.001496,90116071.0,2026-01-31 00:00:00+00:00
1769832000000,0.001496,0.001522,0.00149,0.001519,149280523.0,2026-01-31 04:00:00+00:00
1769846400000,0.00152,0.001526,0.001475,0.001482,260343060.0,2026-01-31 08:00:00+00:00
1769860800000,0.001482,0.00149,0.001387,0.00141,497062384.0,2026-01-31 12:00:00+00:00
1769875200000,0.00141,0.001425,0.00127,0.001361,748909124.0,2026-01-31 16:00:00+00:00
1769889600000,0.00136,0.001411,0.001355,0.001409,233790603.0,2026-01-31 20:00:00+00:00
1769904000000,0.001408,0.001416,0.001395,0.001406,182790020.0,2026-02-01 00:00:00+00:00
1769918400000,0.001406,0.001441,0.001394,0.001423,242297722.0,2026-02-01 04:00:00+00:00
1769932800000,0.001423,0.001461,0.001411,0.001421,359172313.0,2026-02-01 08:00:00+00:00
1769947200000,0.001421,0.001451,0.00138,0.001396,310746277.0,2026-02-01 12:00:00+00:00
1769961600000,0.001395,0.001421,0.001385,0.001396,168193242.0,2026-02-01 16:00:00+00:00
1769976000000,0.001395,0.001416,0.001351,0.001384,183771393.0,2026-02-01 20:00:00+00:00
1769990400000,0.001385,0.001436,0.001323,0.001368,771437943.0,2026-02-02 00:00:00+00:00
1770004800000,0.001368,0.001381,0.001315,0.001357,371754902.0,2026-02-02 04:00:00+00:00
1770019200000,0.001357,0.00138,0.001348,0.001372,223964249.0,2026-02-02 08:00:00+00:00
1770033600000,0.001373,0.001426,0.001371,0.001419,321563968.0,2026-02-02 12:00:00+00:00
1770048000000,0.001419,0.001425,0.001404,0.001405,107152207.0,2026-02-02 16:00:00+00:00
1770062400000,0.001405,0.001418,0.001398,0.001411,86280003.0,2026-02-02 20:00:00+00:00
1770076800000,0.00141,0.001415,0.001391,0.001413,112670356.0,2026-02-03 00:00:00+00:00
1770091200000,0.001413,0.001456,0.001409,0.001448,235211099.0,2026-02-03 04:00:00+00:00
1770105600000,0.001449,0.001476,0.001421,0.001434,527488402.0,2026-02-03 08:00:00+00:00
1770120000000,0.001434,0.00145,0.001404,0.00144,316879047.0,2026-02-03 12:00:00+00:00
1770134400000,0.001441,0.001441,0.001346,0.001396,316441850.0,2026-02-03 16:00:00+00:00
1770148800000,0.001394,0.001441,0.001379,0.001395,268652148.0,2026-02-03 20:00:00+00:00
1770163200000,0.001396,0.00143,0.001395,0.001426,143253677.0,2026-02-04 00:00:00+00:00
1770177600000,0.001425,0.001429,0.001411,0.00142,90719057.0,2026-02-04 04:00:00+00:00
1770192000000,0.001419,0.001421,0.001384,0.001394,133061682.0,2026-02-04 08:00:00+00:00
1770206400000,0.001394,0.001396,0.001322,0.001334,349508591.0,2026-02-04 12:00:00+00:00
1770220800000,0.001334,0.001349,0.0013,0.001344,448674789.0,2026-02-04 16:00:00+00:00
1770235200000,0.001345,0.001345,0.001307,0.001336,237229254.0,2026-02-04 20:00:00+00:00
1770249600000,0.001336,0.001344,0.0013,0.001304,273078783.0,2026-02-05 00:00:00+00:00
1770264000000,0.001304,0.001312,0.001286,0.001291,198397838.0,2026-02-05 04:00:00+00:00
1770278400000,0.001293,0.001318,0.001268,0.001277,295232921.0,2026-02-05 08:00:00+00:00
1770292800000,0.001278,0.001296,0.001197,0.001224,665554021.0,2026-02-05 12:00:00+00:00
1770307200000,0.001223,0.001243,0.001187,0.001203,503986752.0,2026-02-05 16:00:00+00:00
1770321600000,0.001201,0.00121,0.001136,0.001144,610549519.0,2026-02-05 20:00:00+00:00
1770336000000,0.001143,0.001195,0.001044,0.001165,1028474234.0,2026-02-06 00:00:00+00:00
1770350400000,0.001164,0.001199,0.001156,0.001184,296879545.0,2026-02-06 04:00:00+00:00
1770364800000,0.001184,0.00122,0.00117,0.001215,217783527.0,2026-02-06 08:00:00+00:00
1770379200000,0.001214,0.001257,0.001208,0.001253,186352200.0,2026-02-06 12:00:00+00:00
1770393600000,0.001254,0.001288,0.00125,0.001266,247619003.0,2026-02-06 16:00:00+00:00
1770408000000,0.001265,0.00128,0.001255,0.001272,124878861.0,2026-02-06 20:00:00+00:00
1770422400000,0.001273,0.001276,0.001252,0.00127,120970666.0,2026-02-07 00:00:00+00:00
1770436800000,0.00127,0.001278,0.001216,0.00123,164949013.0,2026-02-07 04:00:00+00:00
1770451200000,0.00123,0.001245,0.001224,0.001234,113790207.0,2026-02-07 08:00:00+00:00
1770465600000,0.001232,0.001264,0.001231,0.001248,114034544.0,2026-02-07 12:00:00+00:00
1770480000000,0.001248,0.001275,0.001241,0.001271,265019692.0,2026-02-07 16:00:00+00:00
1770494400000,0.001271,0.001273,0.001253,0.001256,103668884.0,2026-02-07 20:00:00+00:00
1770508800000,0.001257,0.001267,0.001252,0.001253,121981504.0,2026-02-08 00:00:00+00:00
1770523200000,0.001253,0.001257,0.001238,0.001248,75295858.0,2026-02-08 04:00:00+00:00
1770537600000,0.001247,0.001263,0.00124,0.001255,108749454.0,2026-02-08 08:00:00+00:00
1770552000000,0.001256,0.001256,0.001233,0.001235,104533141.0,2026-02-08 12:00:00+00:00
1770566400000,0.001236,0.001239,0.001214,0.001232,101231261.0,2026-02-08 16:00:00+00:00
1770580800000,0.001232,0.001246,0.00121,0.001218,95162134.0,2026-02-08 20:00:00+00:00
1770595200000,0.001218,0.001243,0.001215,0.001239,87993496.0,2026-02-09 00:00:00+00:00
1770609600000,0.001239,0.001242,0.001218,0.001219,76374319.0,2026-02-09 04:00:00+00:00
1770624000000,0.00122,0.001221,0.001177,0.001195,191167327.0,2026-02-09 08:00:00+00:00
1770638400000,0.001196,0.001226,0.00119,0.001215,365363998.0,2026-02-09 12:00:00+00:00
1770652800000,0.001216,0.001245,0.001208,0.001244,153344483.0,2026-02-09 16:00:00+00:00
1770667200000,0.001244,0.001244,0.001227,0.001233,61379998.0,2026-02-09 20:00:00+00:00
1770681600000,0.001233,0.001244,0.001213,0.001222,82307295.0,2026-02-10 00:00:00+00:00
1770696000000,0.001222,0.00123,0.001193,0.0012,106251906.0,2026-02-10 04:00:00+00:00
1770710400000,0.0012,0.001205,0.001193,0.001195,95561142.0,2026-02-10 08:00:00+00:00
1770724800000,0.001195,0.001228,0.001188,0.001226,179232138.0,2026-02-10 12:00:00+00:00
1770739200000,0.001226,0.001251,0.001224,0.001248,297379068.0,2026-02-10 16:00:00+00:00
1770753600000,0.001248,0.001248,0.001229,0.001236,107809041.0,2026-02-10 20:00:00+00:00
1770768000000,0.001236,0.001248,0.001221,0.001233,124017376.0,2026-02-11 00:00:00+00:00
1770782400000,0.001232,0.001235,0.001195,0.001203,169621551.0,2026-02-11 04:00:00+00:00
1770796800000,0.001201,0.001204,0.001188,0.001196,140037890.0,2026-02-11 08:00:00+00:00
1770811200000,0.001197,0.001232,0.001181,0.001193,194737855.0,2026-02-11 12:00:00+00:00
1770825600000,0.001194,0.001221,0.00119,0.001211,142042607.0,2026-02-11 16:00:00+00:00
1770840000000,0.00121,0.001223,0.001203,0.001212,101861132.0,2026-02-11 20:00:00+00:00
1770854400000,0.001212,0.00123,0.001209,0.001229,75757160.0,2026-02-12 00:00:00+00:00
1770868800000,0.001229,0.001249,0.001226,0.001247,121401429.0,2026-02-12 04:00:00+00:00
1770883200000,0.001248,0.001269,0.001239,0.001259,168637799.0,2026-02-12 08:00:00+00:00
1770897600000,0.00126,0.001261,0.001226,0.001227,133356117.0,2026-02-12 12:00:00+00:00
1770912000000,0.001228,0.001244,0.00121,0.001233,152520553.0,2026-02-12 16:00:00+00:00
1770926400000,0.001234,0.001246,0.001224,0.001246,65424913.0,2026-02-12 20:00:00+00:00
1770940800000,0.001246,0.001251,0.001224,0.001227,111139026.0,2026-02-13 00:00:00+00:00
1770955200000,0.001226,0.001233,0.001216,0.001231,90752370.0,2026-02-13 04:00:00+00:00
1770969600000,0.00123,0.001257,0.00123,0.001247,120638497.0,2026-02-13 08:00:00+00:00
1770984000000,0.001247,0.001278,0.00124,0.001263,152754089.0,2026-02-13 12:00:00+00:00
1770998400000,0.001265,0.001288,0.001262,0.001282,135656165.0,2026-02-13 16:00:00+00:00
1771012800000,0.001281,0.001285,0.001278,0.001283,56531284.0,2026-02-13 20:00:00+00:00
1771027200000,0.001283,0.001291,0.001281,0.001285,117412141.0,2026-02-14 00:00:00+00:00
1771041600000,0.001285,0.001296,0.001281,0.001295,96095971.0,2026-02-14 04:00:00+00:00
1771056000000,0.001294,0.001313,0.001294,0.001311,81923096.0,2026-02-14 08:00:00+00:00
1771070400000,0.001311,0.001313,0.001295,0.00131,103735532.0,2026-02-14 12:00:00+00:00
1771084800000,0.001309,0.001314,0.001297,0.001312,62671861.0,2026-02-14 16:00:00+00:00
1771099200000,0.001312,0.001325,0.001306,0.001314,108925367.0,2026-02-14 20:00:00+00:00
1771113600000,0.001313,0.00135,0.001307,0.001346,416056521.0,2026-02-15 00:00:00+00:00
1771128000000,0.001346,0.001348,0.001325,0.001329,205623997.0,2026-02-15 04:00:00+00:00
1771142400000,0.001329,0.001332,0.00128,0.001285,265213004.0,2026-02-15 08:00:00+00:00
1771156800000,0.001285,0.001286,0.001248,0.001255,207676669.0,2026-02-15 12:00:00+00:00
1771171200000,0.001255,0.001268,0.00124,0.001257,145032210.0,2026-02-15 16:00:00+00:00
1771185600000,0.001257,0.001285,0.001252,0.001277,94841974.0,2026-02-15 20:00:00+00:00
1771200000000,0.001277,0.001293,0.001261,0.001292,117855994.0,2026-02-16 00:00:00+00:00
1771214400000,0.001292,0.001305,0.001272,0.001275,115612266.0,2026-02-16 04:00:00+00:00
1771228800000,0.001275,0.001279,0.001252,0.001273,115786144.0,2026-02-16 08:00:00+00:00
1771243200000,0.001273,0.001302,0.001258,0.001262,156455842.0,2026-02-16 12:00:00+00:00
1771257600000,0.001262,0.001285,0.00126,0.00128,83366057.0,2026-02-16 16:00:00+00:00
1771272000000,0.00128,0.001303,0.001279,0.001297,83312669.0,2026-02-16 20:00:00+00:00
1771286400000,0.001297,0.001298,0.00128,0.001282,64016347.0,2026-02-17 00:00:00+00:00
1771300800000,0.001281,0.001281,0.001267,0.001272,72764527.0,2026-02-17 04:00:00+00:00
1771315200000,0.001272,0.001278,0.00126,0.001268,86848662.0,2026-02-17 08:00:00+00:00
1771329600000,0.001268,0.001293,0.001262,0.00128,147095272.0,2026-02-17 12:00:00+00:00
1771344000000,0.00128,0.001291,0.001263,0.001273,106922764.0,2026-02-17 16:00:00+00:00
1771358400000,0.001272,0.001274,0.001264,0.00127,68330483.0,2026-02-17 20:00:00+00:00
1771372800000,0.001269,0.001279,0.001258,0.00127,91049769.0,2026-02-18 00:00:00+00:00
1771387200000,0.00127,0.001272,0.001255,0.001267,109383198.0,2026-02-18 04:00:00+00:00
1771401600000,0.001267,0.001272,0.001247,0.001253,102854577.0,2026-02-18 08:00:00+00:00
1771416000000,0.001253,0.001269,0.001238,0.001255,181879380.0,2026-02-18 12:00:00+00:00
1771430400000,0.001255,0.001262,0.001228,0.001234,135317868.0,2026-02-18 16:00:00+00:00
1771444800000,0.001233,0.001237,0.001222,0.001229,111172279.0,2026-02-18 20:00:00+00:00
1771459200000,0.00123,0.001236,0.001222,0.001231,95796744.0,2026-02-19 00:00:00+00:00
1771473600000,0.00123,0.001234,0.00122,0.001229,70230460.0,2026-02-19 04:00:00+00:00
1771488000000,0.001229,0.00123,0.001197,0.001202,142328465.0,2026-02-19 08:00:00+00:00
1771502400000,0.001202,0.001211,0.001191,0.001198,134775428.0,2026-02-19 12:00:00+00:00
1771516800000,0.001198,0.001217,0.001186,0.001216,157426105.0,2026-02-19 16:00:00+00:00
1771531200000,0.001215,0.001216,0.001204,0.001216,54625024.0,2026-02-19 20:00:00+00:00
1771545600000,0.001215,0.001224,0.001212,0.001214,81742352.0,2026-02-20 00:00:00+00:00
1771560000000,0.001213,0.001219,0.0012,0.001207,139671262.0,2026-02-20 04:00:00+00:00
1771574400000,0.001206,0.001223,0.001205,0.001205,101732910.0,2026-02-20 08:00:00+00:00
1771588800000,0.001205,0.001224,0.001182,0.001223,195884454.0,2026-02-20 12:00:00+00:00
1771603200000,0.001223,0.00123,0.001207,0.001225,189227320.0,2026-02-20 16:00:00+00:00
1771617600000,0.001225,0.001232,0.001218,0.00123,64454000.0,2026-02-20 20:00:00+00:00
1771632000000,0.001231,0.00124,0.001225,0.001234,61961186.0,2026-02-21 00:00:00+00:00
1771646400000,0.001233,0.00124,0.001229,0.001239,50749234.0,2026-02-21 04:00:00+00:00
1771660800000,0.001239,0.001251,0.001238,0.001242,86638499.0,2026-02-21 08:00:00+00:00
1771675200000,0.001242,0.001246,0.001234,0.00124,56732743.0,2026-02-21 12:00:00+00:00
1771689600000,0.001239,0.00124,0.001221,0.001223,68093765.0,2026-02-21 16:00:00+00:00
1771704000000,0.001224,0.001226,0.001217,0.001221,78915366.0,2026-02-21 20:00:00+00:00
1771718400000,0.001221,0.001221,0.001198,0.001205,89382963.0,2026-02-22 00:00:00+00:00
1771732800000,0.001206,0.001206,0.001199,0.001204,37605473.0,2026-02-22 04:00:00+00:00
1771747200000,0.001204,0.001216,0.001198,0.001211,70165158.0,2026-02-22 08:00:00+00:00
1771761600000,0.001211,0.001211,0.001185,0.001191,104669580.0,2026-02-22 12:00:00+00:00
1771776000000,0.001191,0.001205,0.001189,0.001196,84443219.0,2026-02-22 16:00:00+00:00
1771790400000,0.001197,0.0012,0.001188,0.001196,53649233.0,2026-02-22 20:00:00+00:00
1771804800000,0.001196,0.0012,0.00114,0.001148,307438298.0,2026-02-23 00:00:00+00:00
1771819200000,0.001147,0.001165,0.001141,0.001162,96741881.0,2026-02-23 04:00:00+00:00
1771833600000,0.001162,0.001175,0.001159,0.001169,89016893.0,2026-02-23 08:00:00+00:00
1771848000000,0.001169,0.001182,0.001151,0.001154,109526426.0,2026-02-23 12:00:00+00:00
1771862400000,0.001153,0.001157,0.001119,0.001131,219001675.0,2026-02-23 16:00:00+00:00
1771876800000,0.001131,0.001148,0.001128,0.00114,105643448.0,2026-02-23 20:00:00+00:00
1771891200000,0.00114,0.001159,0.001128,0.001148,176768742.0,2026-02-24 00:00:00+00:00
1771905600000,0.001147,0.001147,0.001124,0.001128,161058610.0,2026-02-24 04:00:00+00:00
1771920000000,0.001127,0.00114,0.001123,0.00114,110649518.0,2026-02-24 08:00:00+00:00
1771934400000,0.00114,0.00116,0.001124,0.001159,139467394.0,2026-02-24 12:00:00+00:00
1771948800000,0.00116,0.001169,0.001153,0.001165,113896182.0,2026-02-24 16:00:00+00:00
1771963200000,0.001165,0.001175,0.001164,0.001165,139393938.0,2026-02-24 20:00:00+00:00
1771977600000,0.001165,0.00126,0.001165,0.00124,777135767.0,2026-02-25 00:00:00+00:00
1771992000000,0.00124,0.001264,0.001224,0.001234,638092223.0,2026-02-25 04:00:00+00:00
1772006400000,0.001234,0.001237,0.001201,0.001214,393413882.0,2026-02-25 08:00:00+00:00
1772020800000,0.001212,0.001232,0.001207,0.001229,231235294.0,2026-02-25 12:00:00+00:00
1772035200000,0.001229,0.001252,0.001225,0.001251,225352451.0,2026-02-25 16:00:00+00:00
1772049600000,0.001251,0.00126,0.001213,0.001223,294920278.0,2026-02-25 20:00:00+00:00
1772064000000,0.001223,0.001239,0.001216,0.001234,199362981.0,2026-02-26 00:00:00+00:00
1772078400000,0.001233,0.001241,0.001205,0.001208,197028362.0,2026-02-26 04:00:00+00:00
1772092800000,0.001208,0.001223,0.001205,0.001208,155108398.0,2026-02-26 08:00:00+00:00
1772107200000,0.001208,0.001217,0.001195,0.001206,171488719.0,2026-02-26 12:00:00+00:00
1772121600000,0.001205,0.001218,0.001174,0.001213,218427317.0,2026-02-26 16:00:00+00:00
1772136000000,0.001213,0.001221,0.001208,0.001213,88082855.0,2026-02-26 20:00:00+00:00
1772150400000,0.001214,0.001217,0.001193,0.001202,145065207.0,2026-02-27 00:00:00+00:00
1772164800000,0.001202,0.001218,0.001201,0.001214,100150175.0,2026-02-27 04:00:00+00:00
1772179200000,0.001213,0.00122,0.001188,0.001193,185918846.0,2026-02-27 08:00:00+00:00
1772193600000,0.001193,0.001201,0.001181,0.001198,152520177.0,2026-02-27 12:00:00+00:00
1772208000000,0.001198,0.00121,0.001182,0.001187,134204308.0,2026-02-27 16:00:00+00:00
1772222400000,0.001187,0.001193,0.001165,0.001185,102132740.0,2026-02-27 20:00:00+00:00
1772236800000,0.001184,0.001185,0.001157,0.001157,107032216.0,2026-02-28 00:00:00+00:00
1772251200000,0.001158,0.001162,0.001104,0.00112,421357117.0,2026-02-28 04:00:00+00:00
1772265600000,0.00112,0.001122,0.001098,0.001106,223464698.0,2026-02-28 08:00:00+00:00
1772280000000,0.001107,0.001145,0.001106,0.001133,234495275.0,2026-02-28 12:00:00+00:00
1772294400000,0.001133,0.001168,0.001127,0.001168,124132429.0,2026-02-28 16:00:00+00:00
1772308800000,0.001167,0.001203,0.001162,0.001196,240582230.0,2026-02-28 20:00:00+00:00
1772323200000,0.001197,0.00123,0.001184,0.001212,355185440.0,2026-03-01 00:00:00+00:00
1772337600000,0.001212,0.001215,0.001193,0.0012,121892925.0,2026-03-01 04:00:00+00:00
1772352000000,0.001199,0.001204,0.001178,0.001181,132584169.0,2026-03-01 08:00:00+00:00
1772366400000,0.001181,0.001194,0.001166,0.001177,129441342.0,2026-03-01 12:00:00+00:00
1772380800000,0.001177,0.001186,0.001158,0.001161,142520930.0,2026-03-01 16:00:00+00:00
1772395200000,0.00116,0.001171,0.001139,0.001162,179933185.0,2026-03-01 20:00:00+00:00
1772409600000,0.001162,0.001185,0.001161,0.001179,128131180.0,2026-03-02 00:00:00+00:00
1772424000000,0.001179,0.00118,0.001148,0.001159,96567044.0,2026-03-02 04:00:00+00:00
1772438400000,0.001159,0.001173,0.001152,0.00117,141639108.0,2026-03-02 08:00:00+00:00
1772452800000,0.00117,0.001206,0.001155,0.0012,208872104.0,2026-03-02 12:00:00+00:00
1772467200000,0.0012,0.001225,0.001199,0.001218,208229677.0,2026-03-02 16:00:00+00:00
1772481600000,0.001218,0.001231,0.001205,0.00121,254691089.0,2026-03-02 20:00:00+00:00
1772496000000,0.001209,0.00121,0.001183,0.001201,181749123.0,2026-03-03 00:00:00+00:00
1772510400000,0.001201,0.001204,0.001187,0.001191,105681836.0,2026-03-03 04:00:00+00:00
1772524800000,0.00119,0.001193,0.00115,0.001161,202879458.0,2026-03-03 08:00:00+00:00
1772539200000,0.001162,0.001186,0.001154,0.001177,190512613.0,2026-03-03 12:00:00+00:00
1772553600000,0.001175,0.00121,0.001171,0.001186,213930885.0,2026-03-03 16:00:00+00:00
1772568000000,0.001187,0.001199,0.001181,0.001189,117641417.0,2026-03-03 20:00:00+00:00
1772582400000,0.00119,0.001195,0.001148,0.001157,198916301.0,2026-03-04 00:00:00+00:00
1772596800000,0.001156,0.001174,0.001145,0.001172,149377754.0,2026-03-04 04:00:00+00:00
1772611200000,0.001171,0.001199,0.001163,0.001169,246898360.0,2026-03-04 08:00:00+00:00
1772625600000,0.001169,0.001194,0.001162,0.001192,244937209.0,2026-03-04 12:00:00+00:00
1772640000000,0.001192,0.001215,0.001175,0.001211,211284250.0,2026-03-04 16:00:00+00:00
1772654400000,0.001211,0.001222,0.001198,0.001211,208350966.0,2026-03-04 20:00:00+00:00
1772668800000,0.00121,0.001211,0.00119,0.001191,184515426.0,2026-03-05 00:00:00+00:00
1772683200000,0.001191,0.001195,0.001165,0.001169,151875095.0,2026-03-05 04:00:00+00:00
1772697600000,0.001169,0.001183,0.001162,0.001172,234602760.0,2026-03-05 08:00:00+00:00
1772712000000,0.001173,0.00118,0.001159,0.001164,211660649.0,2026-03-05 12:00:00+00:00
1772726400000,0.001163,0.001164,0.001122,0.001126,390619078.0,2026-03-05 16:00:00+00:00
1772740800000,0.001125,0.001139,0.001112,0.001129,385273064.0,2026-03-05 20:00:00+00:00
1772755200000,0.00113,0.001157,0.001126,0.001145,221744288.0,2026-03-06 00:00:00+00:00
1772769600000,0.001146,0.00115,0.001131,0.001145,135862471.0,2026-03-06 04:00:00+00:00
1772784000000,0.001145,0.001147,0.001123,0.001127,123939820.0,2026-03-06 08:00:00+00:00
1772798400000,0.001127,0.00114,0.001096,0.001102,301764898.0,2026-03-06 12:00:00+00:00
1772812800000,0.001102,0.001107,0.001086,0.001099,137718582.0,2026-03-06 16:00:00+00:00
1772827200000,0.001099,0.001104,0.001096,0.001098,66273164.0,2026-03-06 20:00:00+00:00
1772841600000,0.001098,0.0011,0.001091,0.001096,95227958.0,2026-03-07 00:00:00+00:00
1772856000000,0.001095,0.001118,0.001084,0.001095,177475502.0,2026-03-07 04:00:00+00:00
1772870400000,0.001096,0.001115,0.001094,0.001107,81359522.0,2026-03-07 08:00:00+00:00
1772884800000,0.001106,0.001108,0.001088,0.001093,90708733.0,2026-03-07 12:00:00+00:00
1772899200000,0.001093,0.001112,0.001086,0.001089,94676309.0,2026-03-07 16:00:00+00:00
1772913600000,0.001089,0.001092,0.00107,0.00108,135374388.0,2026-03-07 20:00:00+00:00
1772928000000,0.00108,0.001091,0.001077,0.001089,129164284.0,2026-03-08 00:00:00+00:00
1772942400000,0.00109,0.001097,0.001082,0.001094,128409730.0,2026-03-08 04:00:00+00:00
1772956800000,0.001093,0.001097,0.001084,0.001096,112702751.0,2026-03-08 08:00:00+00:00
1772971200000,0.001095,0.001105,0.001087,0.001101,142638713.0,2026-03-08 12:00:00+00:00
1772985600000,0.0011,0.001132,0.0011,0.001125,296259398.0,2026-03-08 16:00:00+00:00
1773000000000,0.001125,0.001126,0.001084,0.001091,218376947.0,2026-03-08 20:00:00+00:00
1773014400000,0.001091,0.001113,0.001089,0.001102,191253085.0,2026-03-09 00:00:00+00:00
1773028800000,0.001102,0.001124,0.0011,0.001111,118767371.0,2026-03-09 04:00:00+00:00
1773043200000,0.001111,0.00112,0.001101,0.001109,78247322.0,2026-03-09 08:00:00+00:00
1773057600000,0.001108,0.001125,0.001106,0.001118,132504759.0,2026-03-09 12:00:00+00:00
1773072000000,0.001118,0.001145,0.001115,0.00114,183279635.0,2026-03-09 16:00:00+00:00
1773086400000,0.00114,0.001155,0.001132,0.001135,167231486.0,2026-03-09 20:00:00+00:00
1773100800000,0.001135,0.001152,0.001129,0.001141,149394524.0,2026-03-10 00:00:00+00:00
1773115200000,0.001142,0.00115,0.001135,0.001143,88395987.0,2026-03-10 04:00:00+00:00
1773129600000,0.001143,0.001158,0.001143,0.001155,134448763.0,2026-03-10 08:00:00+00:00
1773144000000,0.001156,0.001173,0.001142,0.001169,213958914.0,2026-03-10 12:00:00+00:00
1773158400000,0.001169,0.001171,0.001145,0.001149,106959236.0,2026-03-10 16:00:00+00:00
1773172800000,0.001149,0.001158,0.001145,0.001157,67375056.0,2026-03-10 20:00:00+00:00
1773187200000,0.001156,0.001163,0.001148,0.001152,107471928.0,2026-03-11 00:00:00+00:00
1773201600000,0.001152,0.001169,0.001149,0.00116,114114056.0,2026-03-11 04:00:00+00:00
1773216000000,0.001159,0.001163,0.001146,0.001146,77440256.0,2026-03-11 08:00:00+00:00
1773230400000,0.001147,0.001168,0.001144,0.001162,122103007.0,2026-03-11 12:00:00+00:00
1773244800000,0.001162,0.001165,0.001152,0.001163,70968583.0,2026-03-11 16:00:00+00:00
1773259200000,0.001161,0.001167,0.001156,0.001158,59717254.0,2026-03-11 20:00:00+00:00
1773273600000,0.001158,0.001166,0.001142,0.001143,139134135.0,2026-03-12 00:00:00+00:00
1773288000000,0.001143,0.001148,0.001135,0.001144,95950453.0,2026-03-12 04:00:00+00:00
1773302400000,0.001145,0.001158,0.001142,0.001148,89404445.0,2026-03-12 08:00:00+00:00
1773316800000,0.001147,0.001155,0.001131,0.001142,118662080.0,2026-03-12 12:00:00+00:00
1773331200000,0.001141,0.001148,0.001134,0.001139,90718743.0,2026-03-12 16:00:00+00:00
1773345600000,0.001139,0.001143,0.001134,0.001135,64810009.0,2026-03-12 20:00:00+00:00
1773360000000,0.001135,0.001157,0.001133,0.00115,112246422.0,2026-03-13 00:00:00+00:00
1773374400000,0.001151,0.001152,0.001134,0.001136,133125041.0,2026-03-13 04:00:00+00:00
1773388800000,0.001136,0.00115,0.001131,0.001148,157204380.0,2026-03-13 08:00:00+00:00
1773403200000,0.001148,0.001173,0.001147,0.001162,276053101.0,2026-03-13 12:00:00+00:00
1773417600000,0.001161,0.001164,0.001146,0.001155,155013057.0,2026-03-13 16:00:00+00:00
1773432000000,0.001156,0.00116,0.001142,0.00115,93625581.0,2026-03-13 20:00:00+00:00
1773446400000,0.00115,0.001151,0.001135,0.001149,75409188.0,2026-03-14 00:00:00+00:00
1773460800000,0.00115,0.001151,0.001125,0.001133,66146152.0,2026-03-14 04:00:00+00:00
1773475200000,0.001132,0.001136,0.001122,0.001133,81920157.0,2026-03-14 08:00:00+00:00
1773489600000,0.001133,0.001143,0.001131,0.001136,77759953.0,2026-03-14 12:00:00+00:00
1773504000000,0.001136,0.00114,0.00113,0.001132,40340736.0,2026-03-14 16:00:00+00:00
1773518400000,0.001131,0.001134,0.001127,0.001133,47863863.0,2026-03-14 20:00:00+00:00
1773532800000,0.001133,0.001142,0.001125,0.001139,86538043.0,2026-03-15 00:00:00+00:00
1773547200000,0.001138,0.001148,0.001138,0.001142,86651285.0,2026-03-15 04:00:00+00:00
1773561600000,0.001143,0.001174,0.001141,0.001165,350181459.0,2026-03-15 08:00:00+00:00
1773576000000,0.001166,0.001169,0.001145,0.001149,247688473.0,2026-03-15 12:00:00+00:00
1773590400000,0.001148,0.001158,0.001143,0.001149,75465811.0,2026-03-15 16:00:00+00:00
1773604800000,0.001148,0.001162,0.001143,0.001154,149944254.0,2026-03-15 20:00:00+00:00
1773619200000,0.001155,0.001178,0.001152,0.001171,254114268.0,2026-03-16 00:00:00+00:00
1773633600000,0.001171,0.001179,0.001162,0.001164,226066847.0,2026-03-16 04:00:00+00:00
1773648000000,0.001164,0.001182,0.001161,0.001175,166084469.0,2026-03-16 08:00:00+00:00
1773662400000,0.001176,0.001185,0.001169,0.001176,162091390.0,2026-03-16 12:00:00+00:00
1773676800000,0.001175,0.001201,0.001175,0.001195,114935117.0,2026-03-16 16:00:00+00:00
1773691200000,0.001195,0.001209,0.001193,0.001206,91748086.0,2026-03-16 20:00:00+00:00
1773705600000,0.001205,0.001214,0.001184,0.001191,159085001.0,2026-03-17 00:00:00+00:00
1773720000000,0.00119,0.001194,0.001179,0.001185,87644554.0,2026-03-17 04:00:00+00:00
1773734400000,0.001185,0.001212,0.001185,0.001208,178713851.0,2026-03-17 08:00:00+00:00
1773748800000,0.001207,0.001215,0.001194,0.001205,158478850.0,2026-03-17 12:00:00+00:00
1773763200000,0.001204,0.001215,0.001202,0.001206,92473834.0,2026-03-17 16:00:00+00:00
1773777600000,0.001206,0.001215,0.001201,0.001204,63202171.0,2026-03-17 20:00:00+00:00
1773792000000,0.001204,0.001222,0.001196,0.001216,107501287.0,2026-03-18 00:00:00+00:00
1773806400000,0.001217,0.001217,0.0012,0.001212,143409345.0,2026-03-18 04:00:00+00:00
1773820800000,0.001213,0.001215,0.001181,0.001183,139948197.0,2026-03-18 08:00:00+00:00
1773835200000,0.001182,0.001182,0.001147,0.001157,241587921.0,2026-03-18 12:00:00+00:00
1773849600000,0.001156,0.001173,0.001148,0.001159,246563800.0,2026-03-18 16:00:00+00:00
1773864000000,0.001159,0.001175,0.001152,0.001173,111746069.0,2026-03-18 20:00:00+00:00
1773878400000,0.001172,0.001177,0.001161,0.001171,103496643.0,2026-03-19 00:00:00+00:00
1773892800000,0.00117,0.001172,0.001145,0.001149,97913750.0,2026-03-19 04:00:00+00:00
1773907200000,0.001148,0.001155,0.001142,0.001142,83994247.0,2026-03-19 08:00:00+00:00
1773921600000,0.001143,0.001146,0.001127,0.001134,116607847.0,2026-03-19 12:00:00+00:00
1773936000000,0.001134,0.001143,0.001124,0.001136,94189300.0,2026-03-19 16:00:00+00:00
1773950400000,0.001136,0.001142,0.001133,0.001138,56476332.0,2026-03-19 20:00:00+00:00
1773964800000,0.001138,0.001151,0.001137,0.001146,70662331.0,2026-03-20 00:00:00+00:00
1773979200000,0.001147,0.001149,0.001137,0.001139,50428160.0,2026-03-20 04:00:00+00:00
1773993600000,0.001139,0.001147,0.001135,0.001142,64750980.0,2026-03-20 08:00:00+00:00
1774008000000,0.001142,0.001144,0.001119,0.001125,119458789.0,2026-03-20 12:00:00+00:00
1774022400000,0.001125,0.001134,0.001117,0.001125,66260216.0,2026-03-20 16:00:00+00:00
1774036800000,0.001125,0.001138,0.001119,0.001129,45525475.0,2026-03-20 20:00:00+00:00
1774051200000,0.001129,0.001146,0.001127,0.00113,123468785.0,2026-03-21 00:00:00+00:00
1774065600000,0.001131,0.001134,0.001119,0.00112,54514136.0,2026-03-21 04:00:00+00:00
1774080000000,0.001121,0.001122,0.001108,0.001113,61630354.0,2026-03-21 08:00:00+00:00
1774094400000,0.001114,0.001126,0.001113,0.001124,75059925.0,2026-03-21 12:00:00+00:00
1774108800000,0.001125,0.00114,0.001124,0.001125,136964994.0,2026-03-21 16:00:00+00:00
1774123200000,0.001126,0.001133,0.001096,0.001102,180624750.0,2026-03-21 20:00:00+00:00
1774137600000,0.0011,0.001113,0.001084,0.001106,164883812.0,2026-03-22 00:00:00+00:00
1774152000000,0.001106,0.001114,0.001103,0.001103,41565953.0,2026-03-22 04:00:00+00:00
1774166400000,0.001103,0.001104,0.001085,0.001085,86019792.0,2026-03-22 08:00:00+00:00
1774180800000,0.001086,0.001096,0.001085,0.001087,65994310.0,2026-03-22 12:00:00+00:00
1774195200000,0.001087,0.001091,0.001074,0.00108,95112595.0,2026-03-22 16:00:00+00:00
1774209600000,0.001081,0.001086,0.001066,0.001077,76503119.0,2026-03-22 20:00:00+00:00
1774224000000,0.001077,0.001087,0.001068,0.001081,68286163.0,2026-03-23 00:00:00+00:00
1774238400000,0.001082,0.001095,0.001069,0.001078,118590237.0,2026-03-23 04:00:00+00:00
1774252800000,0.001079,0.001116,0.001066,0.001105,302961069.0,2026-03-23 08:00:00+00:00
1774267200000,0.001105,0.001132,0.001097,0.001116,193997148.0,2026-03-23 12:00:00+00:00
1774281600000,0.001116,0.001128,0.00111,0.001124,90763832.0,2026-03-23 16:00:00+00:00
1774296000000,0.001126,0.00114,0.001116,0.001121,106222404.0,2026-03-23 20:00:00+00:00
1774310400000,0.001122,0.001141,0.001113,0.001133,241718590.0,2026-03-24 00:00:00+00:00
1774324800000,0.001133,0.001135,0.001116,0.001131,108568919.0,2026-03-24 04:00:00+00:00
1774339200000,0.001131,0.001157,0.001123,0.001149,519805416.0,2026-03-24 08:00:00+00:00
1774353600000,0.001148,0.001157,0.001133,0.001137,493724773.0,2026-03-24 12:00:00+00:00
1774368000000,0.001136,0.001141,0.001118,0.00112,167131387.0,2026-03-24 16:00:00+00:00
1774382400000,0.00112,0.001138,0.001119,0.001137,114769724.0,2026-03-24 20:00:00+00:00
1774396800000,0.001137,0.001146,0.001124,0.001128,234210578.0,2026-03-25 00:00:00+00:00
1774411200000,0.001127,0.001129,0.001117,0.001117,127976352.0,2026-03-25 04:00:00+00:00
1774425600000,0.001116,0.001128,0.001113,0.001122,202833837.0,2026-03-25 08:00:00+00:00
1774440000000,0.001123,0.001126,0.00111,0.001117,143308168.0,2026-03-25 12:00:00+00:00
1774454400000,0.001117,0.001124,0.001111,0.001113,113787057.0,2026-03-25 16:00:00+00:00
1774468800000,0.001112,0.001123,0.001107,0.001123,87583126.0,2026-03-25 20:00:00+00:00
1774483200000,0.001123,0.001127,0.001094,0.001096,109431796.0,2026-03-26 00:00:00+00:00
1774497600000,0.001096,0.001098,0.001074,0.001083,183522663.0,2026-03-26 04:00:00+00:00
1774512000000,0.001082,0.001085,0.001063,0.001068,177742875.0,2026-03-26 08:00:00+00:00
1774526400000,0.001068,0.001089,0.001066,0.001071,167340194.0,2026-03-26 12:00:00+00:00
1774540800000,0.001071,0.001075,0.001063,0.001066,120668044.0,2026-03-26 16:00:00+00:00
1774555200000,0.001067,0.001083,0.001063,0.00108,80007649.0,2026-03-26 20:00:00+00:00
1774569600000,0.00108,0.001085,0.001077,0.00108,109428598.0,2026-03-27 00:00:00+00:00
1774584000000,0.001081,0.001095,0.001074,0.00109,110515342.0,2026-03-27 04:00:00+00:00
1774598400000,0.00109,0.001093,0.001043,0.001049,256007798.0,2026-03-27 08:00:00+00:00
1774612800000,0.001049,0.001059,0.001045,0.00105,131904666.0,2026-03-27 12:00:00+00:00
1774627200000,0.00105,0.001054,0.001043,0.001052,84300832.0,2026-03-27 16:00:00+00:00
1774641600000,0.001052,0.001053,0.001043,0.001047,53379401.0,2026-03-27 20:00:00+00:00
1774656000000,0.001047,0.00105,0.001038,0.001042,93305364.0,2026-03-28 00:00:00+00:00
1774670400000,0.001042,0.001055,0.001036,0.001054,93232335.0,2026-03-28 04:00:00+00:00
1774684800000,0.001054,0.001056,0.001041,0.001048,63618088.0,2026-03-28 08:00:00+00:00
1774699200000,0.001047,0.001062,0.001045,0.001051,127019935.0,2026-03-28 12:00:00+00:00
1774713600000,0.001052,0.001055,0.001045,0.001049,87981480.0,2026-03-28 16:00:00+00:00
1774728000000,0.001049,0.00105,0.001031,0.001033,81355205.0,2026-03-28 20:00:00+00:00
1774742400000,0.001034,0.001035,0.001025,0.00103,96118665.0,2026-03-29 00:00:00+00:00
1774756800000,0.00103,0.001036,0.001028,0.00103,59511358.0,2026-03-29 04:00:00+00:00
1774771200000,0.00103,0.001038,0.001022,0.001028,86320608.0,2026-03-29 08:00:00+00:00
1774785600000,0.001028,0.001028,0.001007,0.00101,139637040.0,2026-03-29 12:00:00+00:00
1774800000000,0.001011,0.001029,0.00101,0.001023,103291242.0,2026-03-29 16:00:00+00:00
1774814400000,0.001022,0.001028,0.000996,0.001013,162051573.0,2026-03-29 20:00:00+00:00
1774828800000,0.001013,0.001043,0.001011,0.001037,122546326.0,2026-03-30 00:00:00+00:00
1774843200000,0.001037,0.001041,0.001031,0.00104,81684728.0,2026-03-30 04:00:00+00:00
1774857600000,0.00104,0.001058,0.001039,0.001052,97051831.0,2026-03-30 08:00:00+00:00
1774872000000,0.001052,0.001055,0.001035,0.001038,75863503.0,2026-03-30 12:00:00+00:00
1774886400000,0.001037,0.001044,0.001018,0.001023,86942486.0,2026-03-30 16:00:00+00:00
1774900800000,0.001022,0.001033,0.001018,0.001024,54705760.0,2026-03-30 20:00:00+00:00
1774915200000,0.001024,0.00105,0.001023,0.001037,99181713.0,2026-03-31 00:00:00+00:00
1774929600000,0.001038,0.00105,0.001033,0.001049,89512030.0,2026-03-31 04:00:00+00:00
1774944000000,0.00105,0.00105,0.001025,0.001034,117080274.0,2026-03-31 08:00:00+00:00
1774958400000,0.001035,0.001056,0.001031,0.001052,160979206.0,2026-03-31 12:00:00+00:00
1774972800000,0.001052,0.001101,0.001052,0.00109,554317227.0,2026-03-31 16:00:00+00:00
1774987200000,0.00109,0.001095,0.001071,0.001076,96897887.0,2026-03-31 20:00:00+00:00
1775001600000,0.001075,0.001076,0.00106,0.001075,160768405.0,2026-04-01 00:00:00+00:00
1775016000000,0.001075,0.001127,0.001073,0.001102,341765702.0,2026-04-01 04:00:00+00:00
1775030400000,0.001102,0.001103,0.001085,0.001095,187467725.0,2026-04-01 08:00:00+00:00
1775044800000,0.001095,0.001101,0.001084,0.001097,186194931.0,2026-04-01 12:00:00+00:00
1775059200000,0.001097,0.001135,0.001096,0.001128,787846019.0,2026-04-01 16:00:00+00:00
1775073600000,0.001128,0.001132,0.001091,0.001102,387970508.0,2026-04-01 20:00:00+00:00
1775088000000,0.001102,0.001116,0.001064,0.001067,262821016.0,2026-04-02 00:00:00+00:00
1775102400000,0.001067,0.001092,0.001058,0.001085,156892356.0,2026-04-02 04:00:00+00:00
1775116800000,0.001084,0.001089,0.001063,0.001068,121824749.0,2026-04-02 08:00:00+00:00
1775131200000,0.001067,0.001073,0.001047,0.001068,219320423.0,2026-04-02 12:00:00+00:00
1775145600000,0.001068,0.00108,0.001041,0.001056,739146978.0,2026-04-02 16:00:00+00:00
1775160000000,0.001055,0.001066,0.001055,0.001058,70434030.0,2026-04-02 20:00:00+00:00
1775174400000,0.001058,0.001062,0.001049,0.001059,95027270.0,2026-04-03 00:00:00+00:00
1775188800000,0.001059,0.001079,0.001057,0.001071,145766454.0,2026-04-03 04:00:00+00:00
1775203200000,0.001071,0.001096,0.001065,0.001087,160203011.0,2026-04-03 08:00:00+00:00
1775217600000,0.001087,0.001087,0.001056,0.001058,201174447.0,2026-04-03 12:00:00+00:00
1775232000000,0.001057,0.001091,0.001056,0.00108,157238717.0,2026-04-03 16:00:00+00:00
1775246400000,0.001079,0.001093,0.001075,0.001089,178551338.0,2026-04-03 20:00:00+00:00
1775260800000,0.001089,0.001091,0.001075,0.001078,130051995.0,2026-04-04 00:00:00+00:00
1775275200000,0.001078,0.001081,0.001067,0.00107,94312751.0,2026-04-04 04:00:00+00:00
1775289600000,0.001069,0.001087,0.001068,0.001082,118619024.0,2026-04-04 08:00:00+00:00
1775304000000,0.001082,0.001085,0.00107,0.001084,105888701.0,2026-04-04 12:00:00+00:00
1775318400000,0.001084,0.001089,0.001074,0.001074,90887493.0,2026-04-04 16:00:00+00:00
1775332800000,0.001074,0.001083,0.001074,0.001076,56726202.0,2026-04-04 20:00:00+00:00
1775347200000,0.001077,0.001078,0.001064,0.001068,65307213.0,2026-04-05 00:00:00+00:00
1775361600000,0.001067,0.001067,0.001045,0.00105,115709274.0,2026-04-05 04:00:00+00:00
1775376000000,0.00105,0.00106,0.001048,0.001053,99096442.0,2026-04-05 08:00:00+00:00
1775390400000,0.001053,0.001061,0.00104,0.001051,174900753.0,2026-04-05 12:00:00+00:00
1775404800000,0.001051,0.001057,0.001046,0.001049,146218747.0,2026-04-05 16:00:00+00:00
1775419200000,0.00105,0.00107,0.001046,0.001069,128667184.0,2026-04-05 20:00:00+00:00
1775433600000,0.001069,0.001104,0.001069,0.0011,215505605.0,2026-04-06 00:00:00+00:00
1775448000000,0.001101,0.001104,0.001081,0.001084,188083849.0,2026-04-06 04:00:00+00:00
1775462400000,0.001084,0.001097,0.001081,0.001088,127824244.0,2026-04-06 08:00:00+00:00
1775476800000,0.001088,0.001099,0.001086,0.001094,131897484.0,2026-04-06 12:00:00+00:00
1775491200000,0.001094,0.001097,0.001087,0.001089,85523959.0,2026-04-06 16:00:00+00:00
1775505600000,0.001089,0.001095,0.001072,0.001076,105836556.0,2026-04-06 20:00:00+00:00
1775520000000,0.001076,0.001081,0.00106,0.001065,109323566.0,2026-04-07 00:00:00+00:00
1775534400000,0.001066,0.00107,0.001057,0.001068,86443023.0,2026-04-07 04:00:00+00:00
1775548800000,0.001068,0.001072,0.001057,0.001059,126239302.0,2026-04-07 08:00:00+00:00
1775563200000,0.001058,0.00106,0.001046,0.001051,210595624.0,2026-04-07 12:00:00+00:00
1775577600000,0.00105,0.001063,0.001044,0.001063,131588480.0,2026-04-07 16:00:00+00:00
1775592000000,0.001064,0.001115,0.001056,0.00111,238201071.0,2026-04-07 20:00:00+00:00
1775606400000,0.001109,0.001113,0.001095,0.001103,146846644.0,2026-04-08 00:00:00+00:00
1775620800000,0.001102,0.001109,0.0011,0.001105,157039249.0,2026-04-08 04:00:00+00:00
1775635200000,0.001106,0.001107,0.001087,0.001093,122506890.0,2026-04-08 08:00:00+00:00
1775649600000,0.001093,0.001098,0.001075,0.001091,222409931.0,2026-04-08 12:00:00+00:00
1775664000000,0.00109,0.0011,0.001081,0.001086,100665837.0,2026-04-08 16:00:00+00:00
1775678400000,0.001085,0.00109,0.001069,0.00107,98338962.0,2026-04-08 20:00:00+00:00
1775692800000,0.00107,0.00108,0.001062,0.00107,122135908.0,2026-04-09 00:00:00+00:00
1775707200000,0.001071,0.001081,0.001065,0.001079,91925523.0,2026-04-09 04:00:00+00:00
1775721600000,0.001079,0.001083,0.001073,0.001075,101276904.0,2026-04-09 08:00:00+00:00
1775736000000,0.001074,0.00109,0.001067,0.001086,113191746.0,2026-04-09 12:00:00+00:00
1775750400000,0.001086,0.001095,0.001082,0.001091,100367011.0,2026-04-09 16:00:00+00:00
1775764800000,0.001091,0.001106,0.001082,0.001085,94068459.0,2026-04-09 20:00:00+00:00
1775779200000,0.001085,0.0011,0.00108,0.00109,113525302.0,2026-04-10 00:00:00+00:00
1775793600000,0.001091,0.001098,0.001075,0.001077,111021623.0,2026-04-10 04:00:00+00:00
1775808000000,0.001076,0.001089,0.001072,0.001083,126379328.0,2026-04-10 08:00:00+00:00
1775822400000,0.001083,0.001104,0.001081,0.001093,142951087.0,2026-04-10 12:00:00+00:00
1775836800000,0.001094,0.001103,0.001083,0.0011,89687343.0,2026-04-10 16:00:00+00:00
1775851200000,0.001101,0.001101,0.001092,0.001095,41795789.0,2026-04-10 20:00:00+00:00
1775865600000,0.001095,0.001096,0.001078,0.001079,53074941.0,2026-04-11 00:00:00+00:00
1775880000000,0.001078,0.001084,0.001072,0.001076,88451923.0,2026-04-11 04:00:00+00:00
1775894400000,0.001075,0.001079,0.00107,0.001073,59278312.0,2026-04-11 08:00:00+00:00
1775908800000,0.001073,0.001079,0.001063,0.001073,142744246.0,2026-04-11 12:00:00+00:00
1775923200000,0.001074,0.001092,0.001071,0.001091,76704902.0,2026-04-11 16:00:00+00:00
1775937600000,0.001091,0.001095,0.001083,0.001088,67301315.0,2026-04-11 20:00:00+00:00
1775952000000,0.001089,0.001089,0.001048,0.00105,272832806.0,2026-04-12 00:00:00+00:00
1775966400000,0.00105,0.001058,0.001047,0.001053,62800966.0,2026-04-12 04:00:00+00:00
1775980800000,0.001054,0.001056,0.001036,0.001039,112015747.0,2026-04-12 08:00:00+00:00
1775995200000,0.001039,0.001052,0.001031,0.001051,262165099.0,2026-04-12 12:00:00+00:00
1776009600000,0.001051,0.001112,0.001047,0.001097,657517944.0,2026-04-12 16:00:00+00:00
1776024000000,0.001097,0.001118,0.001062,0.001071,349522479.0,2026-04-12 20:00:00+00:00
1776038400000,0.001071,0.001078,0.00106,0.001066,193050573.0,2026-04-13 00:00:00+00:00
1776052800000,0.001065,0.001085,0.001059,0.001077,420455884.0,2026-04-13 04:00:00+00:00
1776067200000,0.001077,0.001085,0.001061,0.001071,268948584.0,2026-04-13 08:00:00+00:00
1776081600000,0.001071,0.001079,0.001062,0.001064,215977439.0,2026-04-13 12:00:00+00:00
1776096000000,0.001063,0.001078,0.001057,0.001077,183276176.0,2026-04-13 16:00:00+00:00
1776110400000,0.001077,0.001108,0.001068,0.001104,186507745.0,2026-04-13 20:00:00+00:00
1776124800000,0.001104,0.001106,0.00109,0.001093,124854424.0,2026-04-14 00:00:00+00:00
1776139200000,0.001092,0.001094,0.001083,0.001085,88879410.0,2026-04-14 04:00:00+00:00
1776153600000,0.001085,0.0011,0.001078,0.001083,440362238.0,2026-04-14 08:00:00+00:00
1776168000000,0.001083,0.001091,0.001072,0.001084,244441792.0,2026-04-14 12:00:00+00:00
1776182400000,0.001084,0.001086,0.001065,0.00107,153414390.0,2026-04-14 16:00:00+00:00
1776196800000,0.00107,0.001091,0.001065,0.001085,150371504.0,2026-04-14 20:00:00+00:00
1776211200000,0.001085,0.001221,0.001082,0.001207,7147090706.0,2026-04-15 00:00:00+00:00
1776225600000,0.001208,0.001243,0.001115,0.00112,3440348207.0,2026-04-15 04:00:00+00:00
1776240000000,0.001121,0.001122,0.001082,0.001089,1559236820.0,2026-04-15 08:00:00+00:00
1776254400000,0.001089,0.00111,0.001088,0.001101,521801530.0,2026-04-15 12:00:00+00:00
1776268800000,0.001101,0.001113,0.001097,0.001109,262168785.0,2026-04-15 16:00:00+00:00
1776283200000,0.001109,0.001116,0.001101,0.00111,300597059.0,2026-04-15 20:00:00+00:00
1776297600000,0.001111,0.001124,0.001099,0.00112,570216379.0,2026-04-16 00:00:00+00:00
1776312000000,0.001121,0.001137,0.001117,0.001121,558878653.0,2026-04-16 04:00:00+00:00
1776326400000,0.001122,0.001127,0.001114,0.001119,315832178.0,2026-04-16 08:00:00+00:00
1776340800000,0.00112,0.001139,0.001106,0.001129,436662578.0,2026-04-16 12:00:00+00:00
1776355200000,0.001129,0.001149,0.00112,0.001147,345571852.0,2026-04-16 16:00:00+00:00
1776369600000,0.001147,0.001148,0.001136,0.001141,226728928.0,2026-04-16 20:00:00+00:00
1776384000000,0.001142,0.001153,0.001128,0.001138,420851994.0,2026-04-17 00:00:00+00:00
1776398400000,0.001138,0.001173,0.001127,0.001168,513945353.0,2026-04-17 04:00:00+00:00
1776412800000,0.001169,0.00117,0.001146,0.001148,430566902.0,2026-04-17 08:00:00+00:00
1776427200000,0.001148,0.00117,0.001147,0.001156,394555520.0,2026-04-17 12:00:00+00:00
1776441600000,0.001155,0.001165,0.001142,0.00115,185624379.0,2026-04-17 16:00:00+00:00
1776456000000,0.00115,0.001151,0.001138,0.001147,135951349.0,2026-04-17 20:00:00+00:00
1776470400000,0.001147,0.001162,0.001145,0.001149,253245488.0,2026-04-18 00:00:00+00:00
1776484800000,0.001149,0.001168,0.001143,0.001162,166649680.0,2026-04-18 04:00:00+00:00
1776499200000,0.001162,0.001166,0.001131,0.001143,282291439.0,2026-04-18 08:00:00+00:00
1776513600000,0.001143,0.00115,0.001129,0.001145,225415215.0,2026-04-18 12:00:00+00:00
1776528000000,0.001145,0.001153,0.001123,0.001128,336494116.0,2026-04-18 16:00:00+00:00
1776542400000,0.001128,0.001133,0.001124,0.001124,99445923.0,2026-04-18 20:00:00+00:00
1776556800000,0.001124,0.001125,0.001102,0.001112,231896260.0,2026-04-19 00:00:00+00:00
1776571200000,0.001112,0.001116,0.001101,0.001108,175932906.0,2026-04-19 04:00:00+00:00
1776585600000,0.001108,0.001109,0.001089,0.001103,395228643.0,2026-04-19 08:00:00+00:00
1776600000000,0.001103,0.001115,0.001102,0.001112,163178140.0,2026-04-19 12:00:00+00:00
1776614400000,0.001113,0.001113,0.001088,0.001099,115419131.0,2026-04-19 16:00:00+00:00
1776628800000,0.001098,0.001099,0.001067,0.001068,304797769.0,2026-04-19 20:00:00+00:00
1776643200000,0.001069,0.001086,0.001068,0.001085,179759703.0,2026-04-20 00:00:00+00:00
1776657600000,0.001085,0.001091,0.001074,0.001084,131727940.0,2026-04-20 04:00:00+00:00
1776672000000,0.001084,0.001089,0.001079,0.001087,128384265.0,2026-04-20 08:00:00+00:00
1776686400000,0.001087,0.001103,0.001085,0.001094,205463140.0,2026-04-20 12:00:00+00:00
1776700800000,0.001094,0.001099,0.001088,0.001092,133219833.0,2026-04-20 16:00:00+00:00
1776715200000,0.001093,0.001102,0.001087,0.001092,107019865.0,2026-04-20 20:00:00+00:00
1776729600000,0.001092,0.001098,0.001084,0.001088,103041946.0,2026-04-21 00:00:00+00:00
1776744000000,0.001088,0.001099,0.001082,0.001094,117898752.0,2026-04-21 04:00:00+00:00
1776758400000,0.001094,0.001107,0.001093,0.001105,140607561.0,2026-04-21 08:00:00+00:00
1776772800000,0.001105,0.001106,0.001084,0.001092,276455314.0,2026-04-21 12:00:00+00:00
1776787200000,0.001092,0.001095,0.00107,0.001074,195047083.0,2026-04-21 16:00:00+00:00
1776801600000,0.001073,0.001099,0.001073,0.001097,134202694.0,2026-04-21 20:00:00+00:00
1776816000000,0.001098,0.001107,0.001097,0.001103,230618135.0,2026-04-22 00:00:00+00:00
1776830400000,0.001103,0.001116,0.001101,0.001107,218842889.0,2026-04-22 04:00:00+00:00
1776844800000,0.001107,0.00111,0.001101,0.001108,131771869.0,2026-04-22 08:00:00+00:00
1776859200000,0.001107,0.00111,0.001095,0.001108,169513100.0,2026-04-22 12:00:00+00:00
1776873600000,0.001107,0.001111,0.001099,0.001102,102841487.0,2026-04-22 16:00:00+00:00
1776888000000,0.001102,0.001108,0.001088,0.001088,101272884.0,2026-04-22 20:00:00+00:00
1776902400000,0.001088,0.001091,0.001066,0.001068,251440430.0,2026-04-23 00:00:00+00:00
1776916800000,0.001068,0.00108,0.001066,0.001072,123103033.0,2026-04-23 04:00:00+00:00
1776931200000,0.001071,0.001077,0.001063,0.001075,216024903.0,2026-04-23 08:00:00+00:00
1776945600000,0.001075,0.001092,0.001073,0.00109,154339537.0,2026-04-23 12:00:00+00:00
1776960000000,0.00109,0.00109,0.001064,0.001071,674207381.0,2026-04-23 16:00:00+00:00
1776974400000,0.001071,0.001088,0.001071,0.001088,110845243.0,2026-04-23 20:00:00+00:00
1776988800000,0.001088,0.001096,0.001075,0.001079,190605428.0,2026-04-24 00:00:00+00:00
1777003200000,0.00108,0.001082,0.001072,0.00108,621878868.0,2026-04-24 04:00:00+00:00
1777017600000,0.00108,0.001098,0.001075,0.001088,376884838.0,2026-04-24 08:00:00+00:00
1777032000000,0.001089,0.001112,0.001087,0.001111,319610163.0,2026-04-24 12:00:00+00:00
1777046400000,0.001112,0.001113,0.001092,0.001102,336236912.0,2026-04-24 16:00:00+00:00
1777060800000,0.001103,0.001109,0.001092,0.001096,263310360.0,2026-04-24 20:00:00+00:00
1777075200000,0.001097,0.001115,0.001091,0.001113,204506675.0,2026-04-25 00:00:00+00:00
1777089600000,0.001113,0.001152,0.001076,0.001103,1450312030.0,2026-04-25 04:00:00+00:00
1777104000000,0.001102,0.001107,0.001096,0.001098,228683185.0,2026-04-25 08:00:00+00:00
1777118400000,0.001098,0.001106,0.001094,0.001096,187464784.0,2026-04-25 12:00:00+00:00
1777132800000,0.001097,0.001098,0.001077,0.001086,283485886.0,2026-04-25 16:00:00+00:00
1777147200000,0.001086,0.001088,0.001083,0.001086,82567876.0,2026-04-25 20:00:00+00:00
1777161600000,0.001086,0.001093,0.001082,0.00109,144989905.0,2026-04-26 00:00:00+00:00
1777176000000,0.00109,0.001111,0.001088,0.00111,261305315.0,2026-04-26 04:00:00+00:00
1777190400000,0.00111,0.001117,0.001101,0.001116,210864239.0,2026-04-26 08:00:00+00:00
1777204800000,0.001115,0.00112,0.001095,0.0011,211616842.0,2026-04-26 12:00:00+00:00
1777219200000,0.0011,0.001103,0.001092,0.001097,198655926.0,2026-04-26 16:00:00+00:00
1777233600000,0.001097,0.001102,0.001092,0.001098,153253900.0,2026-04-26 20:00:00+00:00
1777248000000,0.001098,0.001109,0.001091,0.001105,180790728.0,2026-04-27 00:00:00+00:00
1777262400000,0.001104,0.001106,0.001074,0.001077,327304964.0,2026-04-27 04:00:00+00:00
1777276800000,0.001077,0.001088,0.001076,0.001083,188944507.0,2026-04-27 08:00:00+00:00
1777291200000,0.001083,0.001091,0.001066,0.001068,278455166.0,2026-04-27 12:00:00+00:00
1777305600000,0.001068,0.001074,0.001059,0.001064,270769741.0,2026-04-27 16:00:00+00:00
1777320000000,0.001065,0.001098,0.001063,0.001092,163852692.0,2026-04-27 20:00:00+00:00
1777334400000,0.001092,0.001098,0.001074,0.001078,312559078.0,2026-04-28 00:00:00+00:00
1777348800000,0.001078,0.001096,0.001077,0.00108,201126018.0,2026-04-28 04:00:00+00:00
1777363200000,0.001079,0.001087,0.001077,0.00108,170035731.0,2026-04-28 08:00:00+00:00
1777377600000,0.00108,0.001087,0.001074,0.001081,241983127.0,2026-04-28 12:00:00+00:00
1777392000000,0.001081,0.001094,0.001079,0.001091,143439665.0,2026-04-28 16:00:00+00:00
1777406400000,0.001091,0.001093,0.00108,0.001084,81390927.0,2026-04-28 20:00:00+00:00
1777420800000,0.001085,0.001089,0.001076,0.001084,151057704.0,2026-04-29 00:00:00+00:00
1777435200000,0.001085,0.001089,0.001077,0.001078,118838461.0,2026-04-29 04:00:00+00:00
1777449600000,0.001078,0.001088,0.001073,0.001081,129626795.0,2026-04-29 08:00:00+00:00
1777464000000,0.001081,0.001082,0.001055,0.001058,216145476.0,2026-04-29 12:00:00+00:00
1777478400000,0.001057,0.00107,0.001039,0.001052,413995919.0,2026-04-29 16:00:00+00:00
1777492800000,0.001053,0.00107,0.001052,0.001066,149283527.0,2026-04-29 20:00:00+00:00
1777507200000,0.001065,0.001075,0.001055,0.001057,223744485.0,2026-04-30 00:00:00+00:00
1777521600000,0.001058,0.001058,0.001037,0.001054,357655239.0,2026-04-30 04:00:00+00:00
1777536000000,0.001054,0.001056,0.001042,0.001047,173010728.0,2026-04-30 08:00:00+00:00
1777550400000,0.001047,0.001056,0.001044,0.001055,208170886.0,2026-04-30 12:00:00+00:00
1777564800000,0.001054,0.001065,0.001052,0.001055,156378116.0,2026-04-30 16:00:00+00:00
1777579200000,0.001054,0.001054,0.001045,0.001047,103501644.0,2026-04-30 20:00:00+00:00
1777593600000,0.001048,0.001067,0.001047,0.00106,179086995.0,2026-05-01 00:00:00+00:00
1777608000000,0.001059,0.001066,0.001046,0.001049,150883283.0,2026-05-01 04:00:00+00:00
1777622400000,0.001049,0.001063,0.001049,0.001059,156435164.0,2026-05-01 08:00:00+00:00
1777636800000,0.001059,0.001076,0.001058,0.001071,205698251.0,2026-05-01 12:00:00+00:00
1777651200000,0.001072,0.001073,0.001064,0.001066,91149905.0,2026-05-01 16:00:00+00:00
1777665600000,0.001067,0.001068,0.001055,0.001059,89896133.0,2026-05-01 20:00:00+00:00
1777680000000,0.001059,0.001061,0.001049,0.001053,173555065.0,2026-05-02 00:00:00+00:00
1777694400000,0.001053,0.001054,0.001045,0.001047,125911749.0,2026-05-02 04:00:00+00:00
1777708800000,0.001047,0.001056,0.001041,0.001049,227601679.0,2026-05-02 08:00:00+00:00
1777723200000,0.001048,0.001051,0.001042,0.001051,161558878.0,2026-05-02 12:00:00+00:00
1777737600000,0.001051,0.001058,0.001047,0.001057,120087816.0,2026-05-02 16:00:00+00:00
1777752000000,0.001058,0.001064,0.001056,0.00106,91357284.0,2026-05-02 20:00:00+00:00
1777766400000,0.00106,0.00107,0.001047,0.001052,210502192.0,2026-05-03 00:00:00+00:00
1777780800000,0.001052,0.001056,0.001048,0.001051,95689594.0,2026-05-03 04:00:00+00:00
1777795200000,0.00105,0.001059,0.00105,0.001054,111842335.0,2026-05-03 08:00:00+00:00
1777809600000,0.001054,0.001072,0.001054,0.001062,142057812.0,2026-05-03 12:00:00+00:00
1777824000000,0.001064,0.001065,0.001059,0.001059,101910072.0,2026-05-03 16:00:00+00:00
1777838400000,0.001059,0.001066,0.001055,0.001059,113650209.0,2026-05-03 20:00:00+00:00
1777852800000,0.001059,0.001084,0.001054,0.001081,188703794.0,2026-05-04 00:00:00+00:00
1777867200000,0.001081,0.001085,0.001066,0.001068,198972509.0,2026-05-04 04:00:00+00:00
1777881600000,0.001068,0.001074,0.001047,0.001062,221233695.0,2026-05-04 08:00:00+00:00
1777896000000,0.001062,0.001071,0.001057,0.001067,171087491.0,2026-05-04 12:00:00+00:00
1777910400000,0.001068,0.001077,0.001064,0.001071,109204726.0,2026-05-04 16:00:00+00:00
1777924800000,0.001071,0.001076,0.001059,0.001061,157252280.0,2026-05-04 20:00:00+00:00
1777939200000,0.001062,0.001083,0.00106,0.00107,187651024.0,2026-05-05 00:00:00+00:00
1777953600000,0.00107,0.00109,0.001066,0.001079,249406555.0,2026-05-05 04:00:00+00:00
1777968000000,0.00108,0.001086,0.001071,0.001083,127956739.0,2026-05-05 08:00:00+00:00
1777982400000,0.001083,0.001087,0.001072,0.001072,189136157.0,2026-05-05 12:00:00+00:00
1777996800000,0.001073,0.001085,0.001072,0.001082,127546390.0,2026-05-05 16:00:00+00:00
1778011200000,0.001083,0.001093,0.001081,0.001085,166560328.0,2026-05-05 20:00:00+00:00
1778025600000,0.001085,0.001112,0.001085,0.00111,269060818.0,2026-05-06 00:00:00+00:00
1778040000000,0.001111,0.001128,0.0011,0.001123,521613511.0,2026-05-06 04:00:00+00:00
1778054400000,0.001123,0.001132,0.001115,0.001117,472131748.0,2026-05-06 08:00:00+00:00
1778068800000,0.001118,0.001121,0.001097,0.00111,405328062.0,2026-05-06 12:00:00+00:00
1778083200000,0.00111,0.001114,0.001101,0.001105,215955238.0,2026-05-06 16:00:00+00:00
1778097600000,0.001106,0.001113,0.001102,0.00111,172910062.0,2026-05-06 20:00:00+00:00
1778112000000,0.00111,0.00111,0.001091,0.001091,214720745.0,2026-05-07 00:00:00+00:00
1778126400000,0.001091,0.001117,0.001089,0.001115,203009407.0,2026-05-07 04:00:00+00:00
1778140800000,0.001115,0.001123,0.001107,0.001117,180166884.0,2026-05-07 08:00:00+00:00
1778155200000,0.001117,0.00113,0.0011,0.001105,249330365.0,2026-05-07 12:00:00+00:00
1778169600000,0.001104,0.001121,0.001099,0.001114,217432048.0,2026-05-07 16:00:00+00:00
1778184000000,0.001115,0.00112,0.001105,0.001113,97337149.0,2026-05-07 20:00:00+00:00
1778198400000,0.001113,0.001115,0.001102,0.001109,108264313.0,2026-05-08 00:00:00+00:00
1778212800000,0.001108,0.001113,0.0011,0.001108,244650276.0,2026-05-08 04:00:00+00:00
1778227200000,0.001108,0.001122,0.001108,0.001111,206692033.0,2026-05-08 08:00:00+00:00
1778241600000,0.001111,0.001141,0.001107,0.00114,473614830.0,2026-05-08 12:00:00+00:00
1778256000000,0.00114,0.001159,0.001134,0.001148,247223494.0,2026-05-08 16:00:00+00:00
1778270400000,0.001149,0.001161,0.001146,0.001149,138079693.0,2026-05-08 20:00:00+00:00
1778284800000,0.001149,0.001166,0.001149,0.001153,194861749.0,2026-05-09 00:00:00+00:00
1778299200000,0.001154,0.001157,0.001144,0.00115,178902975.0,2026-05-09 04:00:00+00:00
1778313600000,0.001151,0.00116,0.001141,0.00115,231945016.0,2026-05-09 08:00:00+00:00
1778328000000,0.00115,0.001152,0.001134,0.001136,194885552.0,2026-05-09 12:00:00+00:00
1778342400000,0.001136,0.001151,0.001134,0.001151,212134932.0,2026-05-09 16:00:00+00:00
1778356800000,0.001151,0.001152,0.001143,0.001147,115224334.0,2026-05-09 20:00:00+00:00
1778371200000,0.001147,0.001148,0.001133,0.001143,142467155.0,2026-05-10 00:00:00+00:00
1778385600000,0.001143,0.001175,0.001142,0.001168,330554048.0,2026-05-10 04:00:00+00:00
1778400000000,0.001168,0.001174,0.00116,0.001163,208194828.0,2026-05-10 08:00:00+00:00
1778414400000,0.001163,0.001194,0.001159,0.001186,601832032.0,2026-05-10 12:00:00+00:00
1778428800000,0.001185,0.001207,0.001185,0.001199,333460080.0,2026-05-10 16:00:00+00:00
1778443200000,0.001198,0.001204,0.001167,0.001196,363832097.0,2026-05-10 20:00:00+00:00
1778457600000,0.001197,0.001201,0.001164,0.001173,312138323.0,2026-05-11 00:00:00+00:00
1778472000000,0.001173,0.001183,0.001167,0.001176,225364849.0,2026-05-11 04:00:00+00:00
1778486400000,0.001177,0.001201,0.001174,0.001194,328924635.0,2026-05-11 08:00:00+00:00
1778500800000,0.001195,0.001215,0.001189,0.00121,533197845.0,2026-05-11 12:00:00+00:00
1778515200000,0.00121,0.001274,0.001205,0.001259,1535377259.0,2026-05-11 16:00:00+00:00
1778529600000,0.001261,0.001267,0.001243,0.001246,703613742.0,2026-05-11 20:00:00+00:00
1778544000000,0.001246,0.001248,0.001216,0.00122,684437395.0,2026-05-12 00:00:00+00:00
1778558400000,0.001219,0.001224,0.001197,0.001211,605890325.0,2026-05-12 04:00:00+00:00
1778572800000,0.001211,0.00122,0.001193,0.001205,336698716.0,2026-05-12 08:00:00+00:00
1778587200000,0.001205,0.001218,0.001179,0.001184,508600435.0,2026-05-12 12:00:00+00:00
1778601600000,0.001184,0.001205,0.001177,0.001199,230935725.0,2026-05-12 16:00:00+00:00
1778616000000,0.001199,0.0012,0.001189,0.001193,168891452.0,2026-05-12 20:00:00+00:00
1778630400000,0.001193,0.001211,0.001189,0.001205,165715395.0,2026-05-13 00:00:00+00:00
1778644800000,0.001205,0.001209,0.001195,0.001202,133511860.0,2026-05-13 04:00:00+00:00
1778659200000,0.001203,0.001212,0.00119,0.001192,170868637.0,2026-05-13 08:00:00+00:00
1778673600000,0.001192,0.001195,0.001138,0.00114,396306174.0,2026-05-13 12:00:00+00:00
1778688000000,0.00114,0.001171,0.001138,0.001162,253752257.0,2026-05-13 16:00:00+00:00
1778702400000,0.001163,0.00117,0.001151,0.001159,133027194.0,2026-05-13 20:00:00+00:00
1778716800000,0.001159,0.001163,0.001139,0.001141,146068362.0,2026-05-14 00:00:00+00:00
1778731200000,0.001141,0.001156,0.001139,0.001149,91102202.0,2026-05-14 04:00:00+00:00
1778745600000,0.001149,0.001156,0.001146,0.001149,101066128.0,2026-05-14 08:00:00+00:00
1778760000000,0.001149,0.001214,0.001146,0.001209,715386074.0,2026-05-14 12:00:00+00:00
1778774400000,0.001209,0.001217,0.001187,0.001188,517874643.0,2026-05-14 16:00:00+00:00
1778788800000,0.001188,0.001192,0.001171,0.001173,135702152.0,2026-05-14 20:00:00+00:00
1778803200000,0.001173,0.001182,0.001169,0.001177,232674803.0,2026-05-15 00:00:00+00:00
1778817600000,0.001177,0.001178,0.001143,0.001163,306973903.0,2026-05-15 04:00:00+00:00
1778832000000,0.001162,0.001163,0.001146,0.001146,316705396.0,2026-05-15 08:00:00+00:00
1778846400000,0.001146,0.001146,0.001067,0.001087,1206944536.0,2026-05-15 12:00:00+00:00
1778860800000,0.001087,0.001112,0.001087,0.001104,278056813.0,2026-05-15 16:00:00+00:00
1778875200000,0.001104,0.001113,0.001098,0.001103,176841181.0,2026-05-15 20:00:00+00:00
1778889600000,0.001103,0.001112,0.001102,0.00111,113883462.0,2026-05-16 00:00:00+00:00
1778904000000,0.00111,0.00111,0.00106,0.001076,268602768.0,2026-05-16 04:00:00+00:00
1778918400000,0.001077,0.001091,0.001063,0.00107,346348762.0,2026-05-16 08:00:00+00:00
1778932800000,0.001071,0.001091,0.001067,0.001087,186666602.0,2026-05-16 12:00:00+00:00
1778947200000,0.001087,0.001096,0.001086,0.001087,171585930.0,2026-05-16 16:00:00+00:00
1778961600000,0.001088,0.001091,0.00108,0.00108,53685165.0,2026-05-16 20:00:00+00:00
1778976000000,0.001081,0.001085,0.001066,0.001083,196427070.0,2026-05-17 00:00:00+00:00
1778990400000,0.001083,0.001093,0.001082,0.001088,129167883.0,2026-05-17 04:00:00+00:00
1779004800000,0.001089,0.00109,0.001081,0.001084,125371144.0,2026-05-17 08:00:00+00:00
1779019200000,0.001084,0.001087,0.001069,0.001077,154288511.0,2026-05-17 12:00:00+00:00
1779033600000,0.001078,0.001082,0.00107,0.001077,107831664.0,2026-05-17 16:00:00+00:00
1779048000000,0.001078,0.001082,0.001021,0.001053,339774452.0,2026-05-17 20:00:00+00:00
1779062400000,0.001053,0.001064,0.001045,0.001055,288049211.0,2026-05-18 00:00:00+00:00
1779076800000,0.001055,0.001063,0.001048,0.001051,160865487.0,2026-05-18 04:00:00+00:00
1779091200000,0.001051,0.001061,0.001043,0.001057,174921468.0,2026-05-18 08:00:00+00:00
1779105600000,0.001057,0.00107,0.001041,0.001049,182685632.0,2026-05-18 12:00:00+00:00
1779120000000,0.001049,0.001066,0.001042,0.001064,172640078.0,2026-05-18 16:00:00+00:00
1779134400000,0.001064,0.001073,0.001058,0.001071,117028584.0,2026-05-18 20:00:00+00:00
1779148800000,0.00107,0.001076,0.00106,0.001065,154866944.0,2026-05-19 00:00:00+00:00
1779163200000,0.001064,0.00107,0.001062,0.001064,109745767.0,2026-05-19 04:00:00+00:00
1779177600000,0.001063,0.001064,0.001042,0.001043,185026758.0,2026-05-19 08:00:00+00:00
1779192000000,0.001043,0.001056,0.001042,0.001046,215340346.0,2026-05-19 12:00:00+00:00
1779206400000,0.001047,0.001053,0.001042,0.001044,159594704.0,2026-05-19 16:00:00+00:00
1779220800000,0.001043,0.001048,0.001034,0.00104,89337901.0,2026-05-19 20:00:00+00:00
1779235200000,0.00104,0.001045,0.001034,0.001043,144107378.0,2026-05-20 00:00:00+00:00
1779249600000,0.001043,0.001051,0.001038,0.001047,75473140.0,2026-05-20 04:00:00+00:00
1779264000000,0.001047,0.001055,0.001042,0.001044,148150745.0,2026-05-20 08:00:00+00:00
1779278400000,0.001044,0.00106,0.001037,0.001058,219939072.0,2026-05-20 12:00:00+00:00
1779292800000,0.001058,0.001068,0.001057,0.001063,159084269.0,2026-05-20 16:00:00+00:00
1779307200000,0.001063,0.001066,0.001053,0.001059,98252239.0,2026-05-20 20:00:00+00:00
1779321600000,0.001059,0.001073,0.001058,0.001069,124900018.0,2026-05-21 00:00:00+00:00
1779336000000,0.00107,0.001073,0.001058,0.001067,133186772.0,2026-05-21 04:00:00+00:00
1779350400000,0.001068,0.001076,0.001057,0.001057,338637168.0,2026-05-21 08:00:00+00:00
1779364800000,0.001057,0.001075,0.001055,0.001072,185772040.0,2026-05-21 12:00:00+00:00
1779379200000,0.001073,0.001102,0.00107,0.001097,227786509.0,2026-05-21 16:00:00+00:00
1779393600000,0.001098,0.001105,0.001091,0.001096,159109996.0,2026-05-21 20:00:00+00:00
1779408000000,0.001097,0.001098,0.001086,0.001094,165112192.0,2026-05-22 00:00:00+00:00
1779422400000,0.001094,0.001098,0.001081,0.001089,218426893.0,2026-05-22 04:00:00+00:00
1779436800000,0.001089,0.001092,0.001079,0.001084,161583019.0,2026-05-22 08:00:00+00:00
1779451200000,0.001085,0.001096,0.001074,0.00108,181480379.0,2026-05-22 12:00:00+00:00
1779465600000,0.00108,0.001092,0.001056,0.001066,332000484.0,2026-05-22 16:00:00+00:00
1779480000000,0.001066,0.001086,0.001055,0.001062,238703279.0,2026-05-22 20:00:00+00:00
1779494400000,0.001063,0.001079,0.001059,0.001076,164411129.0,2026-05-23 00:00:00+00:00
1779508800000,0.001076,0.001079,0.001035,0.001045,428132396.0,2026-05-23 04:00:00+00:00
1779523200000,0.001046,0.001049,0.001037,0.001039,205758926.0,2026-05-23 08:00:00+00:00
1779537600000,0.001038,0.001073,0.001035,0.001068,202213677.0,2026-05-23 12:00:00+00:00
1779552000000,0.001068,0.001082,0.001064,0.001077,174247774.0,2026-05-23 16:00:00+00:00
1779566400000,0.001077,0.0011,0.001076,0.00108,245976128.0,2026-05-23 20:00:00+00:00
1779580800000,0.001081,0.001084,0.001064,0.001067,182534237.0,2026-05-24 00:00:00+00:00
1779595200000,0.001067,0.001075,0.001064,0.001068,152753843.0,2026-05-24 04:00:00+00:00
1779609600000,0.001068,0.001072,0.001064,0.001065,165928493.0,2026-05-24 08:00:00+00:00
1779624000000,0.001065,0.001065,0.001038,0.001053,287138026.0,2026-05-24 12:00:00+00:00
1779638400000,0.001053,0.001057,0.001042,0.001044,92161787.0,2026-05-24 16:00:00+00:00
1779652800000,0.001044,0.001049,0.001028,0.001045,225343205.0,2026-05-24 20:00:00+00:00
1779667200000,0.001046,0.001053,0.001043,0.001051,148294036.0,2026-05-25 00:00:00+00:00
1779681600000,0.001051,0.001065,0.00105,0.001064,209664951.0,2026-05-25 04:00:00+00:00
1779696000000,0.001063,0.001069,0.001061,0.001062,119078135.0,2026-05-25 08:00:00+00:00
1779710400000,0.001062,0.001072,0.001058,0.001068,157596054.0,2026-05-25 12:00:00+00:00
1779724800000,0.001067,0.001072,0.001061,0.001065,170744076.0,2026-05-25 16:00:00+00:00
1779739200000,0.001066,0.001068,0.001049,0.001053,151498641.0,2026-05-25 20:00:00+00:00
1779753600000,0.001053,0.001053,0.001035,0.001037,253944695.0,2026-05-26 00:00:00+00:00
1779768000000,0.001037,0.001042,0.001026,0.001032,297451273.0,2026-05-26 04:00:00+00:00
1779782400000,0.001032,0.001052,0.00103,0.001046,279278028.0,2026-05-26 08:00:00+00:00
1779796800000,0.001046,0.001059,0.001032,0.001039,417439187.0,2026-05-26 12:00:00+00:00
1779811200000,0.00104,0.001041,0.001021,0.001029,255473347.0,2026-05-26 16:00:00+00:00
1779825600000,0.00103,0.001033,0.001025,0.00103,115171680.0,2026-05-26 20:00:00+00:00
1779840000000,0.001029,0.001038,0.001018,0.001018,219381590.0,2026-05-27 00:00:00+00:00
1779854400000,0.001019,0.001035,0.001011,0.001023,604779612.0,2026-05-27 04:00:00+00:00
1779868800000,0.001023,0.001027,0.001016,0.00102,386032257.0,2026-05-27 08:00:00+00:00
1779883200000,0.001019,0.001037,0.001014,0.001034,377629692.0,2026-05-27 12:00:00+00:00
1779897600000,0.001034,0.001039,0.001016,0.001028,271516148.0,2026-05-27 16:00:00+00:00
1779912000000,0.001028,0.001029,0.001001,0.001011,471259538.0,2026-05-27 20:00:00+00:00
1779926400000,0.001011,0.001021,0.000983,0.000989,772041206.0,2026-05-28 00:00:00+00:00
1779940800000,0.000988,0.001001,0.000979,0.000995,447396347.0,2026-05-28 04:00:00+00:00
1779955200000,0.000996,0.000996,0.000981,0.000984,238886719.0,2026-05-28 08:00:00+00:00
1779969600000,0.000984,0.001009,0.000981,0.001009,432916681.0,2026-05-28 12:00:00+00:00
1779984000000,0.001009,0.001029,0.001004,0.001013,326634254.0,2026-05-28 16:00:00+00:00
1779998400000,0.001013,0.001017,0.001006,0.00101,179745723.0,2026-05-28 20:00:00+00:00
1780012800000,0.001011,0.001017,0.000999,0.001006,246454406.0,2026-05-29 00:00:00+00:00
1780027200000,0.001007,0.001018,0.001,0.001015,144213211.0,2026-05-29 04:00:00+00:00
1780041600000,0.001015,0.00102,0.001004,0.001006,159433018.0,2026-05-29 08:00:00+00:00
1780056000000,0.001006,0.001029,0.000995,0.001025,255199445.0,2026-05-29 12:00:00+00:00
1780070400000,0.001026,0.001031,0.001008,0.001016,210326791.0,2026-05-29 16:00:00+00:00
1780084800000,0.001016,0.001026,0.001011,0.001024,104701858.0,2026-05-29 20:00:00+00:00
1780099200000,0.001024,0.001053,0.001024,0.001047,300369493.0,2026-05-30 00:00:00+00:00
1780113600000,0.001047,0.001049,0.001029,0.001034,215212827.0,2026-05-30 04:00:00+00:00
1780128000000,0.001034,0.001038,0.001029,0.001031,121985379.0,2026-05-30 08:00:00+00:00
1780142400000,0.001031,0.001038,0.001029,0.001033,106683277.0,2026-05-30 12:00:00+00:00
1780156800000,0.001033,0.001039,0.00103,0.001034,86318157.0,2026-05-30 16:00:00+00:00
1780171200000,0.001034,0.001036,0.001023,0.001027,80904722.0,2026-05-30 20:00:00+00:00
1780185600000,0.001027,0.001037,0.001024,0.00103,115781578.0,2026-05-31 00:00:00+00:00
1780200000000,0.001029,0.001038,0.001028,0.001031,69106526.0,2026-05-31 04:00:00+00:00
1780214400000,0.001032,0.001043,0.001024,0.001031,137330769.0,2026-05-31 08:00:00+00:00
1780228800000,0.001031,0.001036,0.001015,0.001017,145038095.0,2026-05-31 12:00:00+00:00
1780243200000,0.001017,0.001021,0.00101,0.001014,101626804.0,2026-05-31 16:00:00+00:00
1780257600000,0.001014,0.00104,0.001014,0.001039,118771352.0,2026-05-31 20:00:00+00:00
1780272000000,0.001039,0.001041,0.001024,0.001035,135515454.0,2026-06-01 00:00:00+00:00
1780286400000,0.001035,0.001038,0.001015,0.001016,167756691.0,2026-06-01 04:00:00+00:00
1780300800000,0.001016,0.001023,0.001011,0.001013,91402333.0,2026-06-01 08:00:00+00:00
1780315200000,0.001014,0.001019,0.001,0.001009,277499950.0,2026-06-01 12:00:00+00:00
1780329600000,0.001009,0.001031,0.001002,0.001029,131795817.0,2026-06-01 16:00:00+00:00
1780344000000,0.001028,0.001029,0.001014,0.001024,110629118.0,2026-06-01 20:00:00+00:00
1780358400000,0.001025,0.001027,0.000999,0.00102,172510148.0,2026-06-02 00:00:00+00:00
1780372800000,0.001019,0.001021,0.000999,0.001005,151465331.0,2026-06-02 04:00:00+00:00
1780387200000,0.001006,0.001007,0.000995,0.001002,107235835.0,2026-06-02 08:00:00+00:00
1780401600000,0.001002,0.001005,0.000948,0.000961,482939505.0,2026-06-02 12:00:00+00:00
1780416000000,0.000961,0.000987,0.000948,0.000967,338694507.0,2026-06-02 16:00:00+00:00
1780430400000,0.000967,0.000981,0.000936,0.000958,398268907.0,2026-06-02 20:00:00+00:00
1780444800000,0.000958,0.000971,0.00092,0.000936,613799005.0,2026-06-03 00:00:00+00:00
1780459200000,0.000936,0.000987,0.000936,0.000981,286446514.0,2026-06-03 04:00:00+00:00
1780473600000,0.000981,0.000991,0.000973,0.000986,206006145.0,2026-06-03 08:00:00+00:00
1780488000000,0.000986,0.000988,0.000973,0.000978,185170273.0,2026-06-03 12:00:00+00:00
1780502400000,0.000977,0.000979,0.000958,0.000964,190651711.0,2026-06-03 16:00:00+00:00
1780516800000,0.000964,0.000981,0.000946,0.000957,232964867.0,2026-06-03 20:00:00+00:00
1780531200000,0.000956,0.000962,0.000875,0.000932,832394984.0,2026-06-04 00:00:00+00:00
1780545600000,0.000933,0.000935,0.000899,0.000901,267034130.0,2026-06-04 04:00:00+00:00
1780560000000,0.000901,0.000906,0.000874,0.000887,310656243.0,2026-06-04 08:00:00+00:00
1780574400000,0.000887,0.000922,0.000882,0.000918,276272764.0,2026-06-04 12:00:00+00:00
1780588800000,0.000918,0.000921,0.000901,0.000913,170983583.0,2026-06-04 16:00:00+00:00
1780603200000,0.000912,0.000912,0.00088,0.000894,197094021.0,2026-06-04 20:00:00+00:00
1780617600000,0.000893,0.000895,0.000856,0.00086,346571595.0,2026-06-05 00:00:00+00:00
1780632000000,0.00086,0.000878,0.000815,0.00085,634804827.0,2026-06-05 04:00:00+00:00
1780646400000,0.00085,0.000853,0.000834,0.000843,313068632.0,2026-06-05 08:00:00+00:00
1780660800000,0.000843,0.000861,0.000814,0.000819,616507622.0,2026-06-05 12:00:00+00:00
1780675200000,0.000819,0.000841,0.000796,0.00082,584322990.0,2026-06-05 16:00:00+00:00
1780689600000,0.000819,0.000845,0.000811,0.000824,235603965.0,2026-06-05 20:00:00+00:00
1780704000000,0.000824,0.000834,0.000801,0.000802,258818280.0,2026-06-06 00:00:00+00:00
1780718400000,0.000802,0.000812,0.00077,0.00081,431708484.0,2026-06-06 04:00:00+00:00
1780732800000,0.00081,0.00082,0.000792,0.000809,192850371.0,2026-06-06 08:00:00+00:00
1780747200000,0.000809,0.00082,0.000802,0.00081,166344554.0,2026-06-06 12:00:00+00:00
1780761600000,0.000809,0.000814,0.000797,0.0008,122543541.0,2026-06-06 16:00:00+00:00
1780776000000,0.000799,0.000808,0.000797,0.000807,114539176.0,2026-06-06 20:00:00+00:00
1780790400000,0.000806,0.000826,0.000806,0.000814,740779917.0,2026-06-07 00:00:00+00:00
1780804800000,0.000813,0.000823,0.000805,0.000819,222639362.0,2026-06-07 04:00:00+00:00
1780819200000,0.000819,0.000831,0.000812,0.000817,208521879.0,2026-06-07 08:00:00+00:00
1780833600000,0.000818,0.00082,0.000799,0.000813,287863508.0,2026-06-07 12:00:00+00:00
1780848000000,0.000812,0.000815,0.000789,0.000792,224211349.0,2026-06-07 16:00:00+00:00
1780862400000,0.000792,0.000838,0.000791,0.000821,382940280.0,2026-06-07 20:00:00+00:00
1780876800000,0.000822,0.000832,0.000812,0.000815,268284539.0,2026-06-08 00:00:00+00:00
1780891200000,0.000815,0.000816,0.000799,0.000809,241492557.0,2026-06-08 04:00:00+00:00
1780905600000,0.00081,0.000831,0.0008,0.000828,229885352.0,2026-06-08 08:00:00+00:00
1780920000000,0.000828,0.000832,0.00082,0.000826,198070685.0,2026-06-08 12:00:00+00:00
1780934400000,0.000826,0.000835,0.000819,0.000821,148165809.0,2026-06-08 16:00:00+00:00
1780948800000,0.000821,0.000834,0.000815,0.000817,221656751.0,2026-06-08 20:00:00+00:00
1780963200000,0.000818,0.00082,0.00079,0.000795,416855975.0,2026-06-09 00:00:00+00:00
1780977600000,0.000795,0.000808,0.000791,0.000803,358228758.0,2026-06-09 04:00:00+00:00
1780992000000,0.000803,0.000805,0.000782,0.000791,183709295.0,2026-06-09 08:00:00+00:00
1781006400000,0.000791,0.000799,0.000774,0.000774,334641874.0,2026-06-09 12:00:00+00:00
1781020800000,0.000774,0.000796,0.000765,0.000795,264978418.0,2026-06-09 16:00:00+00:00
1781035200000,0.000795,0.000802,0.000785,0.00079,150936014.0,2026-06-09 20:00:00+00:00
1781049600000,0.000791,0.000796,0.000779,0.000784,192837933.0,2026-06-10 00:00:00+00:00
1781064000000,0.000784,0.000792,0.000782,0.000786,178865459.0,2026-06-10 04:00:00+00:00
1781078400000,0.000785,0.000787,0.00077,0.000774,262864229.0,2026-06-10 08:00:00+00:00
1781092800000,0.000773,0.000803,0.00077,0.000795,297057967.0,2026-06-10 12:00:00+00:00
1781107200000,0.000795,0.000796,0.000774,0.000775,240812195.0,2026-06-10 16:00:00+00:00
1781121600000,0.000775,0.000777,0.000757,0.000773,264292400.0,2026-06-10 20:00:00+00:00
1781136000000,0.000773,0.000803,0.000773,0.000803,179229509.0,2026-06-11 00:00:00+00:00
1781150400000,0.000802,0.000813,0.000798,0.0008,204815954.0,2026-06-11 04:00:00+00:00
1781164800000,0.0008,0.000811,0.000797,0.000803,160932883.0,2026-06-11 08:00:00+00:00
1781179200000,0.000803,0.000813,0.00079,0.00081,240211986.0,2026-06-11 12:00:00+00:00
1781193600000,0.00081,0.000833,0.000806,0.000824,432222029.0,2026-06-11 16:00:00+00:00
1781208000000,0.000824,0.000848,0.000817,0.000846,428648074.0,2026-06-11 20:00:00+00:00
1781222400000,0.000845,0.000862,0.000813,0.000826,990755519.0,2026-06-12 00:00:00+00:00
1781236800000,0.000827,0.000829,0.000803,0.00081,285107893.0,2026-06-12 04:00:00+00:00
1781251200000,0.00081,0.000826,0.000784,0.000811,966540327.0,2026-06-12 08:00:00+00:00
1781265600000,0.000812,0.000827,0.000803,0.00081,314624901.0,2026-06-12 12:00:00+00:00
1781280000000,0.000811,0.000818,0.000807,0.000809,182876404.0,2026-06-12 16:00:00+00:00
1781294400000,0.000809,0.000812,0.000798,0.000804,90382083.0,2026-06-12 20:00:00+00:00
1781308800000,0.000803,0.000821,0.000802,0.000814,211505228.0,2026-06-13 00:00:00+00:00
1781323200000,0.000814,0.000821,0.000802,0.00082,168592350.0,2026-06-13 04:00:00+00:00
1781337600000,0.000819,0.000822,0.00081,0.000814,116860211.0,2026-06-13 08:00:00+00:00
1781352000000,0.000814,0.000818,0.000808,0.000814,136106616.0,2026-06-13 12:00:00+00:00
1781366400000,0.000813,0.000814,0.000804,0.000809,151897667.0,2026-06-13 16:00:00+00:00
1781380800000,0.000809,0.00082,0.000809,0.000814,106893671.0,2026-06-13 20:00:00+00:00
1781395200000,0.000813,0.000816,0.000809,0.000812,157200684.0,2026-06-14 00:00:00+00:00
1781409600000,0.000813,0.000813,0.000801,0.000804,151221834.0,2026-06-14 04:00:00+00:00
1781424000000,0.000803,0.00081,0.000801,0.000803,110581168.0,2026-06-14 08:00:00+00:00
1781438400000,0.000803,0.000809,0.000788,0.000793,201509953.0,2026-06-14 12:00:00+00:00
1781452800000,0.000792,0.000795,0.000786,0.000791,108753983.0,2026-06-14 16:00:00+00:00
1781467200000,0.000791,0.000826,0.000789,0.000825,225477491.0,2026-06-14 20:00:00+00:00
1781481600000,0.000826,0.000829,0.000818,0.000828,155315218.0,2026-06-15 00:00:00+00:00
1781496000000,0.000828,0.000829,0.000814,0.000816,207342893.0,2026-06-15 04:00:00+00:00
1781510400000,0.000816,0.000844,0.000815,0.000838,247112532.0,2026-06-15 08:00:00+00:00
1781524800000,0.000839,0.000854,0.000835,0.000853,319249956.0,2026-06-15 12:00:00+00:00
1781539200000,0.000853,0.000857,0.000828,0.000832,342957635.0,2026-06-15 16:00:00+00:00
1781553600000,0.000833,0.000837,0.00082,0.000828,205261136.0,2026-06-15 20:00:00+00:00
1781568000000,0.000828,0.000831,0.000814,0.000829,191616695.0,2026-06-16 00:00:00+00:00
1781582400000,0.000828,0.000831,0.00082,0.000823,162538873.0,2026-06-16 04:00:00+00:00
1781596800000,0.000823,0.000835,0.000822,0.000826,166034266.0,2026-06-16 08:00:00+00:00
1781611200000,0.000826,0.000834,0.000813,0.000823,358698255.0,2026-06-16 12:00:00+00:00
1781625600000,0.000822,0.000836,0.000816,0.000828,255942199.0,2026-06-16 16:00:00+00:00
1781640000000,0.000828,0.000838,0.000823,0.000825,139644480.0,2026-06-16 20:00:00+00:00
1781654400000,0.000825,0.000845,0.000825,0.000832,214429054.0,2026-06-17 00:00:00+00:00
1781668800000,0.000833,0.000836,0.000824,0.000827,204357738.0,2026-06-17 04:00:00+00:00
1781683200000,0.000826,0.000828,0.000811,0.000815,222741204.0,2026-06-17 08:00:00+00:00
1781697600000,0.000816,0.000837,0.000811,0.000835,264993490.0,2026-06-17 12:00:00+00:00
1781712000000,0.000835,0.000841,0.000806,0.000812,479351011.0,2026-06-17 16:00:00+00:00
1781726400000,0.000812,0.00082,0.000798,0.000817,213095486.0,2026-06-17 20:00:00+00:00
1781740800000,0.000817,0.00082,0.000801,0.000804,161748728.0,2026-06-18 00:00:00+00:00
1781755200000,0.000804,0.000806,0.000793,0.000803,182955771.0,2026-06-18 04:00:00+00:00
1781769600000,0.000803,0.000803,0.000786,0.000789,241689586.0,2026-06-18 08:00:00+00:00
1781784000000,0.000789,0.000796,0.000762,0.000764,377797775.0,2026-06-18 12:00:00+00:00
1781798400000,0.000764,0.000779,0.000763,0.000776,240528334.0,2026-06-18 16:00:00+00:00
1781812800000,0.000777,0.000784,0.000774,0.00078,116029188.0,2026-06-18 20:00:00+00:00
1781827200000,0.00078,0.000784,0.000766,0.000774,181087288.0,2026-06-19 00:00:00+00:00
1781841600000,0.000774,0.000776,0.000763,0.000766,236019967.0,2026-06-19 04:00:00+00:00
1781856000000,0.000765,0.000772,0.000763,0.000766,167931695.0,2026-06-19 08:00:00+00:00
1781870400000,0.000765,0.000777,0.000757,0.000775,291972810.0,2026-06-19 12:00:00+00:00
1781884800000,0.000775,0.000781,0.000767,0.00077,162475476.0,2026-06-19 16:00:00+00:00
1781899200000,0.00077,0.000776,0.000766,0.000772,121555078.0,2026-06-19 20:00:00+00:00
1781913600000,0.000772,0.000777,0.000759,0.000763,178427916.0,2026-06-20 00:00:00+00:00
1781928000000,0.000763,0.000774,0.000761,0.000768,96830714.0,2026-06-20 04:00:00+00:00
1781942400000,0.000767,0.000779,0.000765,0.000775,128154853.0,2026-06-20 08:00:00+00:00
1781956800000,0.000774,0.000786,0.000763,0.000783,214992802.0,2026-06-20 12:00:00+00:00
1781971200000,0.000783,0.000791,0.000777,0.000783,152651803.0,2026-06-20 16:00:00+00:00
1781985600000,0.000783,0.000791,0.000778,0.000784,88953486.0,2026-06-20 20:00:00+00:00
1782000000000,0.000783,0.0008,0.000783,0.000788,173765127.0,2026-06-21 00:00:00+00:00
1782014400000,0.000788,0.000791,0.000779,0.000787,134535897.0,2026-06-21 04:00:00+00:00
1782028800000,0.000787,0.000791,0.000778,0.000778,103859075.0,2026-06-21 08:00:00+00:00
1782043200000,0.000779,0.000782,0.000775,0.000777,95980285.0,2026-06-21 12:00:00+00:00
1782057600000,0.000776,0.000779,0.000771,0.000778,110180760.0,2026-06-21 16:00:00+00:00
1782072000000,0.000777,0.000778,0.000757,0.00076,248670914.0,2026-06-21 20:00:00+00:00
1782086400000,0.00076,0.000783,0.000758,0.00077,197726343.0,2026-06-22 00:00:00+00:00
1782100800000,0.000771,0.000778,0.000767,0.000772,172395948.0,2026-06-22 04:00:00+00:00
1782115200000,0.000772,0.000777,0.000765,0.000775,143886976.0,2026-06-22 08:00:00+00:00
1782129600000,0.000776,0.000784,0.000772,0.000774,154411886.0,2026-06-22 12:00:00+00:00
1782144000000,0.000773,0.000775,0.000754,0.000759,162556296.0,2026-06-22 16:00:00+00:00
1782158400000,0.000759,0.000761,0.000747,0.000752,160841588.0,2026-06-22 20:00:00+00:00
1782172800000,0.000751,0.00077,0.000749,0.000764,312675042.0,2026-06-23 00:00:00+00:00
1782187200000,0.000765,0.000784,0.000746,0.000773,1349531662.0,2026-06-23 04:00:00+00:00
1782201600000,0.000773,0.000777,0.00074,0.000754,588576612.0,2026-06-23 08:00:00+00:00
1782216000000,0.000755,0.000759,0.000742,0.000751,377164819.0,2026-06-23 12:00:00+00:00
1782230400000,0.00075,0.000758,0.000735,0.000736,275068828.0,2026-06-23 16:00:00+00:00
1782244800000,0.000736,0.000745,0.000731,0.000734,176611293.0,2026-06-23 20:00:00+00:00
1782259200000,0.000734,0.000743,0.000727,0.000739,290067327.0,2026-06-24 00:00:00+00:00
1782273600000,0.000739,0.000745,0.000734,0.000736,301127537.0,2026-06-24 04:00:00+00:00
1782288000000,0.000736,0.00074,0.000722,0.000737,234318794.0,2026-06-24 08:00:00+00:00
1782302400000,0.000738,0.000748,0.000717,0.00072,615335935.0,2026-06-24 12:00:00+00:00
1782316800000,0.00072,0.000734,0.000697,0.000723,587820007.0,2026-06-24 16:00:00+00:00
1782331200000,0.000723,0.000747,0.000721,0.000734,282914419.0,2026-06-24 20:00:00+00:00
1782345600000,0.000734,0.000737,0.000722,0.000725,165345011.0,2026-06-25 00:00:00+00:00
1782360000000,0.000724,0.000737,0.000722,0.000731,194603463.0,2026-06-25 04:00:00+00:00
1782374400000,0.000731,0.000732,0.000722,0.000726,126315710.0,2026-06-25 08:00:00+00:00
1782388800000,0.000726,0.000731,0.00068,0.000705,1058544755.0,2026-06-25 12:00:00+00:00
1782403200000,0.000705,0.000712,0.000695,0.000699,221165681.0,2026-06-25 16:00:00+00:00
1782417600000,0.0007,0.000713,0.000698,0.000704,198513903.0,2026-06-25 20:00:00+00:00
1782432000000,0.000704,0.000705,0.00068,0.000699,437368475.0,2026-06-26 00:00:00+00:00
1782446400000,0.000699,0.000724,0.00069,0.000719,256716769.0,2026-06-26 04:00:00+00:00
1782460800000,0.000719,0.00072,0.000697,0.0007,206504607.0,2026-06-26 08:00:00+00:00
1782475200000,0.0007,0.00072,0.000691,0.000717,323712489.0,2026-06-26 12:00:00+00:00
1782489600000,0.000717,0.000728,0.000713,0.000714,173303681.0,2026-06-26 16:00:00+00:00
1782504000000,0.000713,0.000722,0.00071,0.000718,150163735.0,2026-06-26 20:00:00+00:00
1782518400000,0.000717,0.000732,0.000717,0.000728,210317705.0,2026-06-27 00:00:00+00:00
1782532800000,0.000729,0.000731,0.000717,0.000722,182568914.0,2026-06-27 04:00:00+00:00
1782547200000,0.000721,0.00073,0.000715,0.000719,233381115.0,2026-06-27 08:00:00+00:00
1782561600000,0.000719,0.000727,0.000717,0.000725,144474558.0,2026-06-27 12:00:00+00:00
1782576000000,0.000724,0.000725,0.000704,0.00071,184402616.0,2026-06-27 16:00:00+00:00
1782590400000,0.00071,0.000711,0.000701,0.000704,108912703.0,2026-06-27 20:00:00+00:00
1782604800000,0.000704,0.000715,0.000703,0.000713,105347652.0,2026-06-28 00:00:00+00:00
1782619200000,0.000712,0.000715,0.000705,0.000713,105598089.0,2026-06-28 04:00:00+00:00
1782633600000,0.000712,0.000718,0.000708,0.000717,92960489.0,2026-06-28 08:00:00+00:00
1782648000000,0.000717,0.000723,0.000713,0.000718,164618533.0,2026-06-28 12:00:00+00:00
1782662400000,0.000719,0.00072,0.00071,0.000715,150400985.0,2026-06-28 16:00:00+00:00
1782676800000,0.000716,0.000719,0.0007,0.000708,204639539.0,2026-06-28 20:00:00+00:00
1782691200000,0.000709,0.000722,0.000701,0.000718,220732971.0,2026-06-29 00:00:00+00:00
1782705600000,0.000718,0.000718,0.000702,0.000712,206404570.0,2026-06-29 04:00:00+00:00
1782720000000,0.000712,0.000721,0.000709,0.000716,194238733.0,2026-06-29 08:00:00+00:00
1782734400000,0.000716,0.000729,0.000705,0.000715,461604286.0,2026-06-29 12:00:00+00:00
1782748800000,0.000715,0.000729,0.000712,0.000719,164877017.0,2026-06-29 16:00:00+00:00
1782763200000,0.00072,0.00072,0.000708,0.000712,105986691.0,2026-06-29 20:00:00+00:00
1782777600000,0.000711,0.000712,0.000695,0.000699,249259294.0,2026-06-30 00:00:00+00:00
1782792000000,0.0007,0.000704,0.000698,0.000699,118480933.0,2026-06-30 04:00:00+00:00
1782806400000,0.000698,0.000708,0.000693,0.000695,275163663.0,2026-06-30 08:00:00+00:00
1782820800000,0.000694,0.000701,0.000686,0.000695,253872160.0,2026-06-30 12:00:00+00:00
1782835200000,0.000695,0.000702,0.000692,0.000699,103829780.0,2026-06-30 16:00:00+00:00
1782849600000,0.000698,0.000699,0.000691,0.000696,133304657.0,2026-06-30 20:00:00+00:00
1782864000000,0.000696,0.000702,0.000679,0.000701,276429779.0,2026-07-01 00:00:00+00:00
1782878400000,0.000701,0.000706,0.00069,0.000695,153666721.0,2026-07-01 04:00:00+00:00
1782892800000,0.000695,0.000699,0.000692,0.000696,171831225.0,2026-07-01 08:00:00+00:00
1782907200000,0.000697,0.000724,0.000692,0.00072,292822822.0,2026-07-01 12:00:00+00:00
1782921600000,0.000719,0.000719,0.000706,0.000706,121876219.0,2026-07-01 16:00:00+00:00
1782936000000,0.000707,0.00072,0.000704,0.000705,176656261.0,2026-07-01 20:00:00+00:00
1782950400000,0.000706,0.000723,0.000703,0.000723,288811150.0,2026-07-02 00:00:00+00:00
1782964800000,0.000723,0.000724,0.000709,0.000714,137150444.0,2026-07-02 04:00:00+00:00
1782979200000,0.000714,0.000723,0.000711,0.000717,166240646.0,2026-07-02 08:00:00+00:00
1782993600000,0.000716,0.00073,0.000715,0.00072,212655147.0,2026-07-02 12:00:00+00:00
1783008000000,0.00072,0.000721,0.000708,0.000711,142620843.0,2026-07-02 16:00:00+00:00
1783022400000,0.000711,0.000717,0.000708,0.000715,129425605.0,2026-07-02 20:00:00+00:00
1783036800000,0.000715,0.00072,0.00071,0.000716,184999700.0,2026-07-03 00:00:00+00:00
1783051200000,0.000715,0.000735,0.000714,0.000729,267544094.0,2026-07-03 04:00:00+00:00
1783065600000,0.000729,0.000736,0.000728,0.000735,150113997.0,2026-07-03 08:00:00+00:00
1783080000000,0.000735,0.000738,0.000725,0.000729,220268472.0,2026-07-03 12:00:00+00:00
1783094400000,0.000729,0.000736,0.000728,0.000735,99188484.0,2026-07-03 16:00:00+00:00
1783108800000,0.000735,0.000739,0.00073,0.000735,147678906.0,2026-07-03 20:00:00+00:00
1783123200000,0.000734,0.000739,0.000724,0.000731,157036188.0,2026-07-04 00:00:00+00:00
1783137600000,0.00073,0.000734,0.000726,0.000727,120186204.0,2026-07-04 04:00:00+00:00
1783152000000,0.000727,0.000736,0.000723,0.000735,147637338.0,2026-07-04 08:00:00+00:00
1783166400000,0.000735,0.000746,0.000728,0.000742,231693990.0,2026-07-04 12:00:00+00:00
1783180800000,0.000742,0.000749,0.000738,0.00074,178792770.0,2026-07-04 16:00:00+00:00
1783195200000,0.00074,0.000743,0.000726,0.000734,255648898.0,2026-07-04 20:00:00+00:00
1783209600000,0.000734,0.000736,0.000724,0.000727,220972363.0,2026-07-05 00:00:00+00:00
1783224000000,0.000728,0.00073,0.00072,0.000726,139713471.0,2026-07-05 04:00:00+00:00
1783238400000,0.000726,0.000728,0.000713,0.000719,215016125.0,2026-07-05 08:00:00+00:00
1783252800000,0.00072,0.000726,0.000717,0.000723,196520394.0,2026-07-05 12:00:00+00:00
1783267200000,0.000724,0.000729,0.000722,0.000724,90474268.0,2026-07-05 16:00:00+00:00
1783281600000,0.000725,0.000734,0.000723,0.000728,115216764.0,2026-07-05 20:00:00+00:00
1783296000000,0.000728,0.00073,0.000715,0.000718,286152930.0,2026-07-06 00:00:00+00:00
1783310400000,0.000719,0.000721,0.000709,0.000712,154128043.0,2026-07-06 04:00:00+00:00
1783324800000,0.000712,0.00072,0.000706,0.000712,180770508.0,2026-07-06 08:00:00+00:00
1783339200000,0.000713,0.000728,0.000695,0.000726,742324626.0,2026-07-06 12:00:00+00:00
1783353600000,0.000726,0.000732,0.00072,0.000721,237029813.0,2026-07-06 16:00:00+00:00
1783368000000,0.000721,0.000732,0.000718,0.00072,163059720.0,2026-07-06 20:00:00+00:00
1783382400000,0.000722,0.000726,0.000708,0.000709,178193123.0,2026-07-07 00:00:00+00:00
1783396800000,0.00071,0.000722,0.000702,0.000711,951816480.0,2026-07-07 04:00:00+00:00
1783411200000,0.00071,0.000711,0.000705,0.00071,220220213.0,2026-07-07 08:00:00+00:00
1783425600000,0.00071,0.000716,0.0007,0.000715,258341573.0,2026-07-07 12:00:00+00:00
1783440000000,0.000714,0.000722,0.000705,0.000708,235130944.0,2026-07-07 16:00:00+00:00
1783454400000,0.000707,0.00071,0.000696,0.000701,202154288.0,2026-07-07 20:00:00+00:00
1783468800000,0.000702,0.000706,0.000688,0.000693,494152435.0,2026-07-08 00:00:00+00:00
1783483200000,0.000694,0.0006961,0.000688,0.0006939,275761631.0,2026-07-08 04:00:00+00:00
1783497600000,0.000694,0.0006971,0.0006632,0.0006864,967023073.0,2026-07-08 08:00:00+00:00
1783512000000,0.0006863,0.0006884,0.0006784,0.0006797,337333879.0,2026-07-08 12:00:00+00:00
1783526400000,0.0006797,0.0006917,0.0006779,0.0006909,207169387.0,2026-07-08 16:00:00+00:00
1783540800000,0.0006906,0.0007009,0.0006863,0.0007009,221907358.0,2026-07-08 20:00:00+00:00
1783555200000,0.000701,0.0007073,0.000693,0.0007007,342668096.0,2026-07-09 00:00:00+00:00
1783569600000,0.0007007,0.0007079,0.0006982,0.0007059,253809213.0,2026-07-09 04:00:00+00:00
1783584000000,0.000706,0.0007105,0.0007006,0.0007027,156575870.0,2026-07-09 08:00:00+00:00
1783598400000,0.0007028,0.0007073,0.0007001,0.0007009,228524302.0,2026-07-09 12:00:00+00:00
1783612800000,0.0007008,0.000709,0.0007005,0.0007054,187219138.0,2026-07-09 16:00:00+00:00
1783627200000,0.0007052,0.0007075,0.0006974,0.0006981,292078153.0,2026-07-09 20:00:00+00:00
1783641600000,0.000698,0.0007099,0.0006947,0.0007074,288862376.0,2026-07-10 00:00:00+00:00
1783656000000,0.0007075,0.0007103,0.0007051,0.0007092,114508888.0,2026-07-10 04:00:00+00:00
1783670400000,0.0007091,0.0007126,0.0007018,0.0007035,234410078.0,2026-07-10 08:00:00+00:00
1783684800000,0.0007035,0.0007046,0.0006922,0.0007023,279460813.0,2026-07-10 12:00:00+00:00
1783699200000,0.0007024,0.0007063,0.000699,0.0007033,169329382.0,2026-07-10 16:00:00+00:00
1783713600000,0.0007033,0.0007081,0.0007017,0.000705,192743794.0,2026-07-10 20:00:00+00:00
1783728000000,0.0007054,0.0007072,0.000703,0.0007064,96858233.0,2026-07-11 00:00:00+00:00
1783742400000,0.0007061,0.0007072,0.0007025,0.0007049,111797477.0,2026-07-11 04:00:00+00:00
1783756800000,0.0007045,0.0007188,0.0007036,0.0007138,235603192.0,2026-07-11 08:00:00+00:00
1783771200000,0.0007138,0.000731,0.0007131,0.0007195,349848412.0,2026-07-11 12:00:00+00:00
1783785600000,0.0007198,0.0007266,0.000717,0.000719,249568756.0,2026-07-11 16:00:00+00:00
1783800000000,0.000719,0.0007201,0.0007002,0.0007019,253818864.0,2026-07-11 20:00:00+00:00
1783814400000,0.0007014,0.0007074,0.0006975,0.0007058,247391548.0,2026-07-12 00:00:00+00:00
1783828800000,0.0007059,0.0007069,0.0006985,0.0007005,155192252.0,2026-07-12 04:00:00+00:00
1783843200000,0.0007005,0.0007086,0.0006988,0.0007066,137240120.0,2026-07-12 08:00:00+00:00
1783857600000,0.0007069,0.0007115,0.000706,0.00071,167708539.0,2026-07-12 12:00:00+00:00
1783872000000,0.00071,0.0007119,0.0007078,0.0007108,108478682.0,2026-07-12 16:00:00+00:00
1783886400000,0.0007109,0.000712,0.0006946,0.0006982,167132614.0,2026-07-12 20:00:00+00:00
1783900800000,0.0006981,0.0007089,0.0006764,0.000682,577563189.0,2026-07-13 00:00:00+00:00
1783915200000,0.0006818,0.0006882,0.000677,0.0006808,313582672.0,2026-07-13 04:00:00+00:00
1783929600000,0.000681,0.0006825,0.0006781,0.000679,183926351.0,2026-07-13 08:00:00+00:00
1783944000000,0.0006788,0.0006867,0.0006738,0.0006818,419871098.0,2026-07-13 12:00:00+00:00
1783958400000,0.0006811,0.0006824,0.0006675,0.0006743,272649742.0,2026-07-13 16:00:00+00:00
1783972800000,0.0006743,0.0006747,0.0006643,0.0006747,247015892.0,2026-07-13 20:00:00+00:00
1783987200000,0.0006747,0.000678,0.0006641,0.0006706,301314012.0,2026-07-14 00:00:00+00:00
1784001600000,0.0006704,0.0006815,0.0006703,0.0006769,215949039.0,2026-07-14 04:00:00+00:00
1784016000000,0.000677,0.0006784,0.0006729,0.0006772,74791892.0,2026-07-14 08:00:00+00:00
1784030400000,0.0006773,0.000693,0.0006753,0.0006901,374744829.0,2026-07-14 12:00:00+00:00
1784044800000,0.0006901,0.0006912,0.0006813,0.0006824,114657467.0,2026-07-14 16:00:00+00:00
1784059200000,0.0006824,0.0006837,0.0006778,0.0006823,160395576.0,2026-07-14 20:00:00+00:00
1784073600000,0.0006821,0.0006848,0.0006789,0.000683,146125945.0,2026-07-15 00:00:00+00:00
1784088000000,0.000683,0.0006839,0.0006769,0.0006792,188828505.0,2026-07-15 04:00:00+00:00
1784102400000,0.0006793,0.0006828,0.0006776,0.0006827,132102506.0,2026-07-15 08:00:00+00:00
1784116800000,0.0006826,0.0006986,0.0006798,0.0006871,626338620.0,2026-07-15 12:00:00+00:00
1784131200000,0.0006872,0.0006879,0.0006784,0.0006803,204315101.0,2026-07-15 16:00:00+00:00
1784145600000,0.0006802,0.0006838,0.0006762,0.0006785,287180486.0,2026-07-15 20:00:00+00:00
1784160000000,0.0006785,0.0006818,0.000676,0.0006789,188193205.0,2026-07-16 00:00:00+00:00
1784174400000,0.0006784,0.0006833,0.0006752,0.0006783,166262117.0,2026-07-16 04:00:00+00:00
1784188800000,0.0006783,0.0006783,0.0006694,0.0006751,236308666.0,2026-07-16 08:00:00+00:00
1784203200000,0.0006752,0.0006792,0.0006706,0.0006732,222041215.0,2026-07-16 12:00:00+00:00
1784217600000,0.0006734,0.0006739,0.0006523,0.0006607,607625981.0,2026-07-16 16:00:00+00:00
1784232000000,0.0006612,0.000664,0.0006535,0.0006577,354370084.0,2026-07-16 20:00:00+00:00
1784246400000,0.0006576,0.0006658,0.0006553,0.0006596,221848056.0,2026-07-17 00:00:00+00:00
1784260800000,0.0006596,0.0006665,0.0006571,0.0006641,211877362.0,2026-07-17 04:00:00+00:00
1784275200000,0.0006643,0.0006804,0.0006642,0.0006724,580396974.0,2026-07-17 08:00:00+00:00
1784289600000,0.0006723,0.0006804,0.0006612,0.0006801,501305876.0,2026-07-17 12:00:00+00:00
1784304000000,0.00068,0.0006889,0.0006717,0.0006765,553448637.0,2026-07-17 16:00:00+00:00
1784318400000,0.0006765,0.0006771,0.0006638,0.0006655,264322928.0,2026-07-17 20:00:00+00:00
1784332800000,0.0006655,0.0006762,0.0006614,0.0006727,389213436.0,2026-07-18 00:00:00+00:00
1784347200000,0.000673,0.000673,0.0006628,0.000665,136710411.0,2026-07-18 04:00:00+00:00
1784361600000,0.0006649,0.0006737,0.0006615,0.0006701,297510822.0,2026-07-18 08:00:00+00:00
1784376000000,0.00067,0.0006751,0.000662,0.0006629,220747272.0,2026-07-18 12:00:00+00:00
1784390400000,0.0006629,0.0006689,0.0006619,0.0006649,133547609.0,2026-07-18 16:00:00+00:00
1784404800000,0.000665,0.000667,0.0006633,0.0006645,111980057.0,2026-07-18 20:00:00+00:00
1784419200000,0.0006647,0.0006672,0.0006619,0.0006638,120897061.0,2026-07-19 00:00:00+00:00
1784433600000,0.0006637,0.0006638,0.0006602,0.0006606,84784899.0,2026-07-19 04:00:00+00:00
1784448000000,0.0006606,0.0006634,0.0006577,0.0006587,153801670.0,2026-07-19 08:00:00+00:00
1784462400000,0.0006587,0.000664,0.0006579,0.0006637,146810021.0,2026-07-19 12:00:00+00:00
1784476800000,0.0006637,0.000665,0.0006549,0.0006566,203399904.0,2026-07-19 16:00:00+00:00
1784491200000,0.0006567,0.0006586,0.0006528,0.0006548,136007027.0,2026-07-19 20:00:00+00:00
1784505600000,0.0006548,0.0006618,0.0006521,0.000658,189764197.0,2026-07-20 00:00:00+00:00
1784520000000,0.0006583,0.000659,0.0006417,0.0006523,432354764.0,2026-07-20 04:00:00+00:00
1784534400000,0.0006521,0.00066,0.0006459,0.0006584,154452491.0,2026-07-20 08:00:00+00:00
1784548800000,0.0006582,0.0006629,0.0006466,0.0006617,185823226.0,2026-07-20 12:00:00+00:00
1784563200000,0.0006613,0.000667,0.0006577,0.0006643,178634204.0,2026-07-20 16:00:00+00:00
1784577600000,0.0006641,0.0006673,0.0006585,0.0006606,138099367.0,2026-07-20 20:00:00+00:00
1784592000000,0.0006607,0.0006669,0.0006597,0.0006669,178231963.0,2026-07-21 00:00:00+00:00
1784606400000,0.0006668,0.0006773,0.0006668,0.0006723,175244181.0,2026-07-21 04:00:00+00:00
1784620800000,0.0006723,0.0006729,0.0006646,0.0006667,136327494.0,2026-07-21 08:00:00+00:00
1784635200000,0.0006666,0.0006739,0.0006666,0.0006736,181093900.0,2026-07-21 12:00:00+00:00
1784649600000,0.0006736,0.0006747,0.0006621,0.0006676,150574536.0,2026-07-21 16:00:00+00:00
1784664000000,0.0006675,0.0006749,0.0006652,0.0006685,209191243.0,2026-07-21 20:00:00+00:00
1784678400000,0.0006685,0.0006712,0.0006601,0.0006607,118590040.0,2026-07-22 00:00:00+00:00
1784692800000,0.0006603,0.0006631,0.0006556,0.0006582,182482939.0,2026-07-22 04:00:00+00:00
1784707200000,0.0006584,0.0006632,0.0006565,0.0006617,233653864.0,2026-07-22 08:00:00+00:00
1784721600000,0.0006618,0.0006702,0.000658,0.0006684,129343947.0,2026-07-22 12:00:00+00:00
1784736000000,0.000668,0.000671,0.0006628,0.0006656,90916933.0,2026-07-22 16:00:00+00:00
1784750400000,0.0006655,0.000668,0.0006621,0.0006645,57798746.0,2026-07-22 20:00:00+00:00
1784764800000,0.0006645,0.0006674,0.0006591,0.0006602,99079129.0,2026-07-23 00:00:00+00:00
1784779200000,0.0006601,0.0006655,0.0006588,0.0006599,101939551.0,2026-07-23 04:00:00+00:00
1784793600000,0.0006599,0.000664,0.0006585,0.0006599,137924706.0,2026-07-23 08:00:00+00:00
1784808000000,0.0006597,0.000662,0.0006535,0.000662,260333074.0,2026-07-23 12:00:00+00:00
1784822400000,0.0006623,0.0006688,0.0006495,0.0006509,324653457.0,2026-07-23 16:00:00+00:00
1784836800000,0.000651,0.0006562,0.0006489,0.0006507,195200506.0,2026-07-23 20:00:00+00:00
1784851200000,0.0006507,0.0006546,0.0006427,0.0006527,281156149.0,2026-07-24 00:00:00+00:00
1784865600000,0.0006527,0.0006571,0.0006497,0.0006549,167741481.0,2026-07-24 04:00:00+00:00
1784880000000,0.0006542,0.0006579,0.00065,0.000652,201728883.0,2026-07-24 08:00:00+00:00
1784894400000,0.0006514,0.0006519,0.0006345,0.0006392,401803516.0,2026-07-24 12:00:00+00:00
1784908800000,0.0006389,0.000645,0.0006365,0.0006407,240098539.0,2026-07-24 16:00:00+00:00
1784923200000,0.0006407,0.0006422,0.0006353,0.0006395,87710348.0,2026-07-24 20:00:00+00:00
1784937600000,0.0006397,0.0006443,0.0006385,0.0006405,117833686.0,2026-07-25 00:00:00+00:00
1784952000000,0.0006405,0.0006465,0.0006371,0.0006379,144390694.0,2026-07-25 04:00:00+00:00
1784966400000,0.0006377,0.0006398,0.0006352,0.0006366,118780439.0,2026-07-25 08:00:00+00:00
1784980800000,0.0006366,0.0006652,0.0006363,0.0006521,520332554.0,2026-07-25 12:00:00+00:00
1784995200000,0.0006521,0.0006583,0.0006488,0.0006533,344530756.0,2026-07-25 16:00:00+00:00
1785009600000,0.0006532,0.0006551,0.0006461,0.000648,168744599.0,2026-07-25 20:00:00+00:00
1785024000000,0.0006476,0.0006555,0.0006464,0.0006516,184286089.0,2026-07-26 00:00:00+00:00
1785038400000,0.0006516,0.000662,0.0006481,0.0006605,349991276.0,2026-07-26 04:00:00+00:00
1785052800000,0.0006604,0.000661,0.0006519,0.0006529,221527691.0,2026-07-26 08:00:00+00:00
1785067200000,0.0006526,0.0006536,0.000645,0.000651,181360328.0,2026-07-26 12:00:00+00:00
1785081600000,0.000651,0.0006533,0.0006451,0.0006462,93535359.0,2026-07-26 16:00:00+00:00
1785096000000,0.0006462,0.0006539,0.0006446,0.0006526,96674160.0,2026-07-26 20:00:00+00:00
1785110400000,0.0006524,0.0006525,0.0006452,0.0006454,188850988.0,2026-07-27 00:00:00+00:00
1785124800000,0.0006453,0.0006495,0.0006425,0.000643,191329460.0,2026-07-27 04:00:00+00:00
1785139200000,0.000643,0.0006434,0.0006351,0.0006381,292267725.0,2026-07-27 08:00:00+00:00
1785153600000,0.0006378,0.0006447,0.0006193,0.0006234,507222852.0,2026-07-27 12:00:00+00:00
1785168000000,0.0006235,0.0006296,0.0006225,0.0006256,298125844.0,2026-07-27 16:00:00+00:00
1785182400000,0.0006257,0.0006767,0.0006237,0.0006456,3761785751.0,2026-07-27 20:00:00+00:00
1785196800000,0.000646,0.0006694,0.0006383,0.0006692,843115555.0,2026-07-28 00:00:00+00:00
1785211200000,0.0006688,0.0006836,0.0006575,0.0006659,1697346665.0,2026-07-28 04:00:00+00:00
1785225600000,0.0006659,0.0006691,0.0006507,0.0006539,1109153473.0,2026-07-28 08:00:00+00:00
1785240000000,0.000654,0.0006552,0.0006198,0.0006265,1495122791.0,2026-07-28 12:00:00+00:00
1785254400000,0.0006264,0.0006319,0.0006184,0.0006265,575406402.0,2026-07-28 16:00:00+00:00
1785268800000,0.0006266,0.0006299,0.0006185,0.0006228,339740464.0,2026-07-28 20:00:00+00:00
1785283200000,0.0006226,0.000624,0.000605,0.0006053,753608603.0,2026-07-29 00:00:00+00:00
1785297600000,0.0006054,0.0006119,0.000599,0.0006077,505215872.0,2026-07-29 04:00:00+00:00
1785312000000,0.0006075,0.000608,0.0005951,0.0005963,587874088.0,2026-07-29 08:00:00+00:00
1785326400000,0.0005964,0.0006012,0.0005921,0.0005946,459257921.0,2026-07-29 12:00:00+00:00
1785340800000,0.0005946,0.0006041,0.000587,0.0005874,660393473.0,2026-07-29 16:00:00+00:00
1785355200000,0.0005875,0.0005996,0.0005781,0.0005979,483645100.0,2026-07-29 20:00:00+00:00
1785369600000,0.000598,0.0006071,0.0005901,0.0006008,369521160.0,2026-07-30 00:00:00+00:00
1785384000000,0.000601,0.0006031,0.0005948,0.0005964,248551275.0,2026-07-30 04:00:00+00:00
1785398400000,0.0005964,0.0006012,0.0005888,0.0005972,357164721.0,2026-07-30 08:00:00+00:00
1785412800000,0.0005973,0.0006047,0.0005941,0.0005981,316888761.0,2026-07-30 12:00:00+00:00
1785427200000,0.0005984,0.0006042,0.0005926,0.0006042,191763178.0,2026-07-30 16:00:00+00:00
1785441600000,0.0006042,0.0006165,0.0006025,0.0006033,490182751.0,2026-07-30 20:00:00+00:00
1785456000000,0.0006033,0.0006117,0.0005987,0.0006045,215436830.0,2026-07-31 00:00:00+00:00
1785470400000,0.0006047,0.000607,0.0005975,0.000603,126149444.0,2026-07-31 04:00:00+00:00
1785484800000,0.000603,0.0006084,0.0005934,0.0005992,240460437.0,2026-07-31 08:00:00+00:00
1785499200000,0.0005993,0.0006123,0.0005957,0.0006026,329561648.0,2026-07-31 12:00:00+00:00
1785513600000,0.0006028,0.0006152,0.000602,0.0006042,315680433.0,2026-07-31 16:00:00+00:00
1785528000000,0.0006042,0.000612,0.0006023,0.0006119,176064263.0,2026-07-31 20:00:00+00:00
1785542400000,0.000612,0.0006162,0.0006096,0.000611,238897600.0,2026-08-01 00:00:00+00:00
1785556800000,0.0006114,0.0006159,0.0006047,0.0006047,179221169.0,2026-08-01 04:00:00+00:00
1785571200000,0.0006047,0.0006106,0.0006026,0.0006069,162776908.0,2026-08-01 08:00:00+00:00
1785585600000,0.0006071,0.0006106,0.0006037,0.000605,221727675.0,2026-08-01 12:00:00+00:00
1785600000000,0.0006056,0.0006135,0.0005966,0.0006051,452586204.0,2026-08-01 16:00:00+00:00
1785614400000,0.0006051,0.0006063,0.0006001,0.0006013,81569350.0,2026-08-01 20:00:00+00:00
1785628800000,0.0006015,0.0006138,0.000601,0.0006076,216447012.0,2026-08-02 00:00:00+00:00
1785643200000,0.0006076,0.0006082,0.0006016,0.0006053,192252643.0,2026-08-02 04:00:00+00:00
1785657600000,0.0006053,0.000607,0.0006022,0.0006036,111763864.0,2026-08-02 08:00:00+00:00
1785672000000,0.0006038,0.0006078,0.0006024,0.0006048,100633651.0,2026-08-02 12:00:00+00:00
1785686400000,0.0006048,0.0006088,0.0006038,0.0006063,102635244.0,2026-08-02 16:00:00+00:00
1785700800000,0.0006063,0.0006095,0.0006031,0.000604,132524372.0,2026-08-02 20:00:00+00:00
1785715200000,0.0006039,0.0006072,0.0005998,0.0006043,333906374.0,2026-08-03 00:00:00+00:00
1785729600000,0.0006042,0.0006065,0.0005971,0.0005976,191499712.0,2026-08-03 04:00:00+00:00
1785744000000,0.0005972,0.0006028,0.0005945,0.0006017,179169143.0,2026-08-03 08:00:00+00:00
1785758400000,0.0006018,0.0006124,0.0006017,0.0006104,328569319.0,2026-08-03 12:00:00+00:00
1785772800000,0.0006104,0.0006127,0.0006082,0.0006086,89385488.0,2026-08-03 16:00:00+00:00
1785787200000,0.0006084,0.0006104,0.0006051,0.0006075,171567898.0,2026-08-03 20:00:00+00:00
1785801600000,0.0006074,0.000611,0.0006019,0.0006078,179566733.0,2026-08-04 00:00:00+00:00
1785816000000,0.0006077,0.0006082,0.0006009,0.0006042,277953156.0,2026-08-04 04:00:00+00:00
1785830400000,0.0006045,0.000605,0.0005979,0.0005999,208194743.0,2026-08-04 08:00:00+00:00
1785844800000,0.0005998,0.0006037,0.0005956,0.0006027,215689431.0,2026-08-04 12:00:00+00:00
1785859200000,0.0006029,0.0006063,0.0006018,0.000603,136517046.0,2026-08-04 16:00:00+00:00
1785873600000,0.0006029,0.0006038,0.0006,0.0006006,93202644.0,2026-08-04 20:00:00+00:00
1785888000000,0.0006004,0.0006046,0.0005975,0.0005987,156252339.0,2026-08-05 00:00:00+00:00
1785902400000,0.0005985,0.0006078,0.0005982,0.000604,164264930.0,2026-08-05 04:00:00+00:00
1785916800000,0.0006044,0.0006072,0.0005996,0.0005997,240775521.0,2026-08-05 08:00:00+00:00
1785931200000,0.0006,0.0006068,0.0005948,0.000603,273171840.0,2026-08-05 12:00:00+00:00
1785945600000,0.0006029,0.0006049,0.0005997,0.0006003,164842687.0,2026-08-05 16:00:00+00:00
1785960000000,0.0006003,0.0006027,0.0005978,0.0006003,124750128.0,2026-08-05 20:00:00+00:00
1785974400000,0.0006004,0.0006078,0.000599,0.0006012,265986729.0,2026-08-06 00:00:00+00:00
1785988800000,0.0006015,0.0006068,0.0005991,0.0006036,286648605.0,2026-08-06 04:00:00+00:00
1786003200000,0.0006038,0.0006057,0.000599,0.0006032,206195309.0,2026-08-06 08:00:00+00:00
1786017600000,0.0006033,0.0006112,0.000603,0.0006059,327787225.0,2026-08-06 12:00:00+00:00
1786032000000,0.0006063,0.0006123,0.0006041,0.0006043,197364019.0,2026-08-06 16:00:00+00:00
1786046400000,0.0006042,0.000608,0.0006027,0.0006048,138728082.0,2026-08-06 20:00:00+00:00
1786060800000,0.0006048,0.0006073,0.0006,0.0006005,202230398.0,2026-08-07 00:00:00+00:00
1786075200000,0.0006005,0.0006081,0.0005999,0.0006033,164705276.0,2026-08-07 04:00:00+00:00
1786089600000,0.0006034,0.0006048,0.0006002,0.0006021,149844954.0,2026-08-07 08:00:00+00:00
1786104000000,0.0006021,0.0006043,0.0005976,0.0006014,183316689.0,2026-08-07 12:00:00+00:00
1786118400000,0.0006015,0.0006027,0.0005985,0.0006004,122459628.0,2026-08-07 16:00:00+00:00
1786132800000,0.0006005,0.0006016,0.0005982,0.0005992,113582388.0,2026-08-07 20:00:00+00:00
1786147200000,0.0005992,0.0006031,0.0005975,0.0006024,205290823.0,2026-08-08 00:00:00+00:00
1786161600000,0.0006023,0.0006035,0.0006007,0.0006019,96886641.0,2026-08-08 04:00:00+00:00
1786176000000,0.0006018,0.0006032,0.000601,0.000602,62086057.0,2026-08-08 08:00:00+00:00
1786190400000,0.0006022,0.0006048,0.0006006,0.0006041,146692879.0,2026-08-08 12:00:00+00:00
1786204800000,0.0006041,0.0006095,0.0006037,0.0006065,142417430.0,2026-08-08 16:00:00+00:00
1786219200000,0.0006065,0.0006131,0.0006057,0.0006106,165384461.0,2026-08-08 20:00:00+00:00
1786233600000,0.0006107,0.00067,0.0006087,0.0006592,1400005347.0,2026-08-09 00:00:00+00:00
1786248000000,0.0006584,0.0006984,0.0006126,0.0006156,5475795174.0,2026-08-09 04:00:00+00:00
1786262400000,0.0006154,0.0006193,0.0006102,0.0006129,604971894.0,2026-08-09 08:00:00+00:00
1786276800000,0.0006127,0.0006196,0.0006066,0.0006139,781397855.0,2026-08-09 12:00:00+00:00
1786291200000,0.0006138,0.0006154,0.0006088,0.0006142,371681950.0,2026-08-09 16:00:00+00:00
1786305600000,0.0006134,0.0006144,0.0006018,0.0006037,440640726.0,2026-08-09 20:00:00+00:00
1786320000000,0.0006034,0.0006163,0.0005866,0.0005912,1283178925.0,2026-08-10 00:00:00+00:00
1786334400000,0.0005908,0.0005994,0.0005885,0.0005937,405821286.0,2026-08-10 04:00:00+00:00
1786348800000,0.0005938,0.0005984,0.0005897,0.0005929,392303686.0,2026-08-10 08:00:00+00:00
1786363200000,0.000593,0.0005971,0.0005898,0.0005943,364044551.0,2026-08-10 12:00:00+00:00
1786377600000,0.0005943,0.0005968,0.0005892,0.000591,237517496.0,2026-08-10 16:00:00+00:00
1786392000000,0.000591,0.0005923,0.0005836,0.0005852,321813328.0,2026-08-10 20:00:00+00:00
1786406400000,0.000585,0.0005855,0.0005771,0.0005802,447472184.0,2026-08-11 00:00:00+00:00
1786420800000,0.0005802,0.0005806,0.000572,0.0005757,523506855.0,2026-08-11 04:00:00+00:00
1786435200000,0.0005756,0.00058,0.0005701,0.000573,280608279.0,2026-08-11 08:00:00+00:00
1786449600000,0.000573,0.0005762,0.0005531,0.0005604,979030405.0,2026-08-11 12:00:00+00:00
1786464000000,0.0005603,0.0005722,0.0005592,0.0005703,323479711.0,2026-08-11 16:00:00+00:00
1786478400000,0.0005705,0.0005753,0.0005688,0.0005706,183230296.0,2026-08-11 20:00:00+00:00
1786492800000,0.0005705,0.0005763,0.000568,0.0005713,241625744.0,2026-08-12 00:00:00+00:00
1786507200000,0.0005711,0.0005721,0.000564,0.0005649,233628537.0,2026-08-12 04:00:00+00:00
1786521600000,0.0005649,0.0005658,0.0005557,0.0005619,369923456.0,2026-08-12 08:00:00+00:00
1786536000000,0.000562,0.0005643,0.0005538,0.0005556,294208114.0,2026-08-12 12:00:00+00:00
1786550400000,0.0005555,0.0005573,0.0005487,0.000551,288998316.0,2026-08-12 16:00:00+00:00
1786564800000,0.0005507,0.0005557,0.0005414,0.0005504,432931470.0,2026-08-12 20:00:00+00:00
1786579200000,0.0005504,0.0005541,0.0005459,0.0005497,177002661.0,2026-08-13 00:00:00+00:00
1786593600000,0.0005495,0.000556,0.0005491,0.0005533,192090777.0,2026-08-13 04:00:00+00:00
1786608000000,0.0005528,0.0005553,0.0005487,0.0005501,248549074.0,2026-08-13 08:00:00+00:00
1786622400000,0.0005504,0.0005547,0.0005445,0.0005454,277651179.0,2026-08-13 12:00:00+00:00
1786636800000,0.0005453,0.0005463,0.0005375,0.00054,399399629.0,2026-08-13 16:00:00+00:00
1786651200000,0.0005399,0.0005494,0.0005381,0.0005477,302345784.0,2026-08-13 20:00:00+00:00
1786665600000,0.0005477,0.0005502,0.0005424,0.000543,198170056.0,2026-08-14 00:00:00+00:00
1786680000000,0.0005429,0.0005461,0.0005403,0.0005409,150712852.0,2026-08-14 04:00:00+00:00
1786694400000,0.0005405,0.0005434,0.0005371,0.0005419,245509117.0,2026-08-14 08:00:00+00:00
1786708800000,0.0005419,0.000547,0.0005391,0.0005457,183491892.0,2026-08-14 12:00:00+00:00
1786723200000,0.0005459,0.0005607,0.000544,0.0005469,476447906.0,2026-08-14 16:00:00+00:00
1786737600000,0.0005467,0.000553,0.0005466,0.0005522,161837120.0,2026-08-14 20:00:00+00:00
1786752000000,0.0005526,0.0005567,0.0005477,0.0005492,249621205.0,2026-08-15 00:00:00+00:00
1786766400000,0.0005493,0.0005552,0.0005487,0.000551,217837817.0,2026-08-15 04:00:00+00:00
1786780800000,0.0005508,0.0005584,0.0005502,0.0005562,189154449.0,2026-08-15 08:00:00+00:00
1786795200000,0.0005563,0.0005677,0.0005533,0.0005649,317008093.0,2026-08-15 12:00:00+00:00
1786809600000,0.0005649,0.0005677,0.0005576,0.000565,393064312.0,2026-08-15 16:00:00+00:00
1786824000000,0.000565,0.0005677,0.0005558,0.0005581,226409082.0,2026-08-15 20:00:00+00:00
1786838400000,0.0005581,0.0005583,0.0005529,0.0005557,236295711.0,2026-08-16 00:00:00+00:00
1786852800000,0.0005557,0.0005578,0.0005511,0.0005569,195017883.0,2026-08-16 04:00:00+00:00
1786867200000,0.0005568,0.0005602,0.0005553,0.0005564,178472378.0,2026-08-16 08:00:00+00:00
1786881600000,0.0005563,0.0005627,0.0005557,0.0005617,158675103.0,2026-08-16 12:00:00+00:00
1786896000000,0.0005617,0.000563,0.0005542,0.0005547,163478895.0,2026-08-16 16:00:00+00:00
1786910400000,0.0005545,0.0005552,0.0005416,0.0005497,354303820.0,2026-08-16 20:00:00+00:00
1786924800000,0.0005497,0.0005557,0.0005473,0.0005537,207625898.0,2026-08-17 00:00:00+00:00
1786939200000,0.0005535,0.0005554,0.0005441,0.0005515,367607028.0,2026-08-17 04:00:00+00:00
1786953600000,0.0005512,0.0005515,0.0005122,0.0005337,1698007750.0,2026-08-17 08:00:00+00:00
1786968000000,0.0005337,0.0005453,0.0005324,0.000543,393875647.0,2026-08-17 12:00:00+00:00
1786982400000,0.000543,0.0005462,0.0005362,0.0005402,325185495.0,2026-08-17 16:00:00+00:00
1786996800000,0.0005404,0.0005415,0.000536,0.0005387,115333845.0,2026-08-17 20:00:00+00:00
1787011200000,0.0005385,0.0005422,0.0005261,0.000531,424971210.0,2026-08-18 00:00:00+00:00
1787025600000,0.000531,0.0005339,0.0005288,0.0005309,174599389.0,2026-08-18 04:00:00+00:00
1787040000000,0.0005308,0.0005335,0.0005286,0.0005314,127220940.0,2026-08-18 08:00:00+00:00
1787054400000,0.0005313,0.0005355,0.00053,0.0005349,185886210.0,2026-08-18 12:00:00+00:00
1787068800000,0.0005349,0.0005367,0.0005306,0.0005308,151536498.0,2026-08-18 16:00:00+00:00
1787083200000,0.0005308,0.0005316,0.0005283,0.0005311,99645265.0,2026-08-18 20:00:00+00:00
1787097600000,0.0005312,0.0005344,0.0005283,0.0005308,162090311.0,2026-08-19 00:00:00+00:00
1787112000000,0.0005308,0.000531,0.0005251,0.0005278,154630787.0,2026-08-19 04:00:00+00:00
1787126400000,0.0005278,0.0005331,0.0005267,0.0005317,185148593.0,2026-08-19 08:00:00+00:00
1787140800000,0.0005317,0.0005567,0.0005306,0.0005476,490221250.0,2026-08-19 12:00:00+00:00
1787155200000,0.0005476,0.0005523,0.0005459,0.0005506,271800826.0,2026-08-19 16:00:00+00:00
1787169600000,0.0005506,0.0005659,0.0005488,0.0005593,386521711.0,2026-08-19 20:00:00+00:00
1787184000000,0.0005594,0.000565,0.0005553,0.000557,232398547.0,2026-08-20 00:00:00+00:00
1787198400000,0.000557,0.0005613,0.0005531,0.0005572,199316088.0,2026-08-20 04:00:00+00:00
1787212800000,0.0005572,0.0005668,0.0005558,0.000563,339514984.0,2026-08-20 08:00:00+00:00
1787227200000,0.0005628,0.0005717,0.000559,0.0005707,368467173.0,2026-08-20 12:00:00+00:00
1787241600000,0.0005703,0.0005745,0.0005642,0.0005678,285353343.0,2026-08-20 16:00:00+00:00
1787256000000,0.0005675,0.00058,0.000567,0.0005767,285954498.0,2026-08-20 20:00:00+00:00
1787270400000,0.0005767,0.0005839,0.0005717,0.000572,391271503.0,2026-08-21 00:00:00+00:00
1787284800000,0.000572,0.0005813,0.0005654,0.0005813,628875769.0,2026-08-21 04:00:00+00:00
1787299200000,0.0005811,0.0005978,0.0005807,0.0005919,902968460.0,2026-08-21 08:00:00+00:00
1787313600000,0.000592,0.0006066,0.0005912,0.0006035,586294439.0,2026-08-21 12:00:00+00:00
1787328000000,0.0006037,0.0006066,0.0005932,0.0005959,287722773.0,2026-08-21 16:00:00+00:00
1787342400000,0.0005954,0.0006138,0.0005938,0.0006118,444336341.0,2026-08-21 20:00:00+00:00
1787356800000,0.000612,0.0006369,0.0006088,0.0006296,1050280889.0,2026-08-22 00:00:00+00:00
1787371200000,0.0006296,0.0006408,0.000555,0.0006058,1422256202.0,2026-08-22 04:00:00+00:00
1787385600000,0.000606,0.0006098,0.0005836,0.0005945,634703738.0,2026-08-22 08:00:00+00:00
1787400000000,0.0005945,0.0006208,0.0005924,0.000593,1701191633.0,2026-08-22 12:00:00+00:00
1787414400000,0.000593,0.0006035,0.000592,0.0005965,264248409.0,2026-08-22 16:00:00+00:00
1787428800000,0.0005965,0.0005993,0.0005823,0.0005947,344774838.0,2026-08-22 20:00:00+00:00
1787443200000,0.0005944,0.0006014,0.0005692,0.0005711,547031224.0,2026-08-23 00:00:00+00:00
1787457600000,0.0005708,0.0005755,0.0005643,0.0005735,422374740.0,2026-08-23 04:00:00+00:00
1787472000000,0.0005732,0.0005865,0.000572,0.0005851,206285950.0,2026-08-23 08:00:00+00:00
1787486400000,0.000585,0.0005992,0.0005801,0.000595,395584453.0,2026-08-23 12:00:00+00:00
1787500800000,0.0005949,0.0006041,0.0005949,0.000602,279503231.0,2026-08-23 16:00:00+00:00
1787515200000,0.000602,0.0006057,0.0005961,0.0006002,484207533.0,2026-08-23 20:00:00+00:00
1787529600000,0.0006001,0.0006007,0.00058,0.0005828,407620848.0,2026-08-24 00:00:00+00:00
1787544000000,0.0005829,0.0005902,0.0005796,0.0005801,258742553.0,2026-08-24 04:00:00+00:00
1787558400000,0.0005801,0.0005903,0.0005767,0.0005877,312839455.0,2026-08-24 08:00:00+00:00
1787572800000,0.0005878,0.0005988,0.0005791,0.0005875,573555203.0,2026-08-24 12:00:00+00:00
1787587200000,0.0005875,0.0005939,0.0005773,0.000584,437432749.0,2026-08-24 16:00:00+00:00
1787601600000,0.0005841,0.0005883,0.0005812,0.0005858,219804452.0,2026-08-24 20:00:00+00:00
1787616000000,0.0005857,0.0005961,0.0005831,0.0005872,331056044.0,2026-08-25 00:00:00+00:00
1787630400000,0.0005878,0.0005919,0.0005785,0.0005826,242533803.0,2026-08-25 04:00:00+00:00
1787644800000,0.0005826,0.0005899,0.0005801,0.000585,342406741.0,2026-08-25 08:00:00+00:00
1787659200000,0.0005845,0.0005863,0.0005722,0.0005845,404447468.0,2026-08-25 12:00:00+00:00
1787673600000,0.0005846,0.000588,0.0005778,0.000581,245831307.0,2026-08-25 16:00:00+00:00
1787688000000,0.0005809,0.0005819,0.0005641,0.0005703,417442156.0,2026-08-25 20:00:00+00:00
1787702400000,0.0005706,0.0005803,0.0005673,0.0005761,237898049.0,2026-08-26 00:00:00+00:00
1787716800000,0.0005762,0.0005776,0.0005708,0.0005723,163527810.0,2026-08-26 04:00:00+00:00
1787731200000,0.0005722,0.0005774,0.0005667,0.0005753,219281951.0,2026-08-26 08:00:00+00:00
1787745600000,0.0005754,0.0005991,0.0005713,0.0005832,1044716525.0,2026-08-26 12:00:00+00:00
1787760000000,0.0005836,0.0005921,0.0005818,0.0005841,390860619.0,2026-08-26 16:00:00+00:00
1787774400000,0.0005842,0.0006048,0.0005795,0.0006025,390146558.0,2026-08-26 20:00:00+00:00
1787788800000,0.000603,0.0006203,0.0005978,0.0006093,650615422.0,2026-08-27 00:00:00+00:00
1787803200000,0.0006094,0.0006132,0.0005946,0.0005982,494447840.0,2026-08-27 04:00:00+00:00
1787817600000,0.0005981,0.0006099,0.0005965,0.0005998,456505687.0,2026-08-27 08:00:00+00:00
1787832000000,0.0005999,0.0006068,0.0005981,0.0006046,338362427.0,2026-08-27 12:00:00+00:00
1787846400000,0.0006045,0.0006076,0.0005969,0.0006003,224390531.0,2026-08-27 16:00:00+00:00
1787860800000,0.0006004,0.0006075,0.0005993,0.0006048,156145543.0,2026-08-27 20:00:00+00:00
1787875200000,0.000605,0.0006082,0.0005853,0.0005898,461029183.0,2026-08-28 00:00:00+00:00
1787889600000,0.0005901,0.0005907,0.0005855,0.0005879,258272624.0,2026-08-28 04:00:00+00:00
1787904000000,0.000588,0.000592,0.0005828,0.0005902,260492061.0,2026-08-28 08:00:00+00:00
1787918400000,0.00059,0.0006139,0.0005823,0.0006024,673504170.0,2026-08-28 12:00:00+00:00
1787932800000,0.0006023,0.0006051,0.0005864,0.0005924,544518601.0,2026-08-28 16:00:00+00:00
1787947200000,0.0005924,0.0005968,0.0005886,0.0005929,199339724.0,2026-08-28 20:00:00+00:00
1787961600000,0.0005928,0.0005971,0.0005855,0.0005855,291578064.0,2026-08-29 00:00:00+00:00
1787976000000,0.0005854,0.0005915,0.0005851,0.0005884,202494118.0,2026-08-29 04:00:00+00:00
1787990400000,0.0005883,0.0005918,0.0005839,0.0005846,217326440.0,2026-08-29 08:00:00+00:00
1788004800000,0.0005846,0.0005906,0.0005839,0.0005901,174799101.0,2026-08-29 12:00:00+00:00
1788019200000,0.0005902,0.0005955,0.0005891,0.0005914,206664890.0,2026-08-29 16:00:00+00:00
1788033600000,0.000591,0.0005939,0.0005901,0.000592,130357377.0,2026-08-29 20:00:00+00:00
1788048000000,0.000592,0.0005943,0.0005872,0.0005894,195988470.0,2026-08-30 00:00:00+00:00
1788062400000,0.0005892,0.000601,0.0005849,0.0005926,364083291.0,2026-08-30 04:00:00+00:00
1788076800000,0.0005921,0.0006038,0.0005894,0.0006003,233531910.0,2026-08-30 08:00:00+00:00
1788091200000,0.0006006,0.0006035,0.0005942,0.000595,236200527.0,2026-08-30 12:00:00+00:00
1788105600000,0.000595,0.0005983,0.0005908,0.0005937,197361742.0,2026-08-30 16:00:00+00:00
1788120000000,0.0005937,0.0005944,0.0005609,0.0005704,614815492.0,2026-08-30 20:00:00+00:00
1788134400000,0.00057,0.0005833,0.0005674,0.0005808,390950112.0,2026-08-31 00:00:00+00:00
1788148800000,0.0005809,0.0005856,0.0005767,0.0005841,266493483.0,2026-08-31 04:00:00+00:00
1788163200000,0.000584,0.0005886,0.0005806,0.0005842,231350641.0,2026-08-31 08:00:00+00:00
1788177600000,0.0005842,0.000586,0.0005756,0.0005787,229704554.0,2026-08-31 12:00:00+00:00
1788192000000,0.0005788,0.0005823,0.0005771,0.0005787,125278041.0,2026-08-31 16:00:00+00:00
1788206400000,0.0005787,0.0005827,0.0005782,0.0005799,121615536.0,2026-08-31 20:00:00+00:00
1788220800000,0.0005799,0.0005906,0.0005789,0.0005852,240642533.0,2026-09-01 00:00:00+00:00
1788235200000,0.0005854,0.0005882,0.0005824,0.0005846,203937249.0,2026-09-01 04:00:00+00:00
1788249600000,0.0005846,0.000632,0.000575,0.0006079,4085591676.0,2026-09-01 08:00:00+00:00
1788264000000,0.0006078,0.0006341,0.0005956,0.0006028,2720625902.0,2026-09-01 12:00:00+00:00
1788278400000,0.000603,0.0006083,0.0005866,0.0005976,859896810.0,2026-09-01 16:00:00+00:00
1788292800000,0.0005982,0.0006022,0.0005918,0.0006019,456891592.0,2026-09-01 20:00:00+00:00
1788307200000,0.0006015,0.0006228,0.0005912,0.0006002,1796934188.0,2026-09-02 00:00:00+00:00
1788321600000,0.0006002,0.0006109,0.0005938,0.0006014,609680784.0,2026-09-02 04:00:00+00:00
1788336000000,0.0006012,0.0006083,0.0005919,0.0005938,600037516.0,2026-09-02 08:00:00+00:00
1788350400000,0.0005939,0.0005953,0.0005829,0.0005882,678066845.0,2026-09-02 12:00:00+00:00
1788364800000,0.0005883,0.000591,0.0005837,0.0005856,444382621.0,2026-09-02 16:00:00+00:00
1788379200000,0.0005861,0.00059,0.0005848,0.0005866,236651595.0,2026-09-02 20:00:00+00:00
1788393600000,0.0005866,0.0005984,0.0005813,0.0005927,530907453.0,2026-09-03 00:00:00+00:00
1788408000000,0.0005927,0.0006031,0.0005919,0.0005984,245124622.0,2026-09-03 04:00:00+00:00
1788422400000,0.0005985,0.0006013,0.0005932,0.0005968,236084474.0,2026-09-03 08:00:00+00:00
1788436800000,0.0005966,0.0006122,0.0005964,0.0006117,453013061.0,2026-09-03 12:00:00+00:00
1788451200000,0.000612,0.0006203,0.000608,0.000618,306649428.0,2026-09-03 16:00:00+00:00
1788465600000,0.0006179,0.0006211,0.0006121,0.0006151,210621456.0,2026-09-03 20:00:00+00:00
1788480000000,0.000615,0.0006157,0.0006043,0.0006055,306613925.0,2026-09-04 00:00:00+00:00
1788494400000,0.0006057,0.0006111,0.0006013,0.0006048,311540074.0,2026-09-04 04:00:00+00:00
1788508800000,0.0006047,0.000612,0.0006038,0.000609,231913370.0,2026-09-04 08:00:00+00:00
1788523200000,0.0006088,0.0006095,0.0005886,0.0005995,833258398.0,2026-09-04 12:00:00+00:00
1788537600000,0.0005995,0.000605,0.000599,0.0006042,221678095.0,2026-09-04 16:00:00+00:00
1788552000000,0.0006039,0.0006058,0.0005992,0.000605,219342869.0,2026-09-04 20:00:00+00:00
1788566400000,0.0006052,0.0006098,0.0006043,0.0006073,192859867.0,2026-09-05 00:00:00+00:00
1788580800000,0.0006074,0.0006116,0.0006045,0.0006098,150565238.0,2026-09-05 04:00:00+00:00
1788595200000,0.0006098,0.0006161,0.0006086,0.0006139,275257439.0,2026-09-05 08:00:00+00:00
1788609600000,0.0006139,0.0006477,0.0006132,0.0006424,1196868018.0,2026-09-05 12:00:00+00:00
1788624000000,0.000642,0.0006797,0.0006386,0.000674,3108044409.0,2026-09-05 16:00:00+00:00
1788638400000,0.0006743,0.0007092,0.0006662,0.0006822,2905411184.0,2026-09-05 20:00:00+00:00
1788652800000,0.0006826,0.0007995,0.0006825,0.0007626,10732330103.0,2026-09-06 00:00:00+00:00
1788667200000,0.0007622,0.0008125,0.00073,0.0007692,16552388541.0,2026-09-06 04:00:00+00:00
1788681600000,0.0007689,0.000773,0.000725,0.0007468,8943378389.0,2026-09-06 08:00:00+00:00
1788696000000,0.0007465,0.0007473,0.0007055,0.0007167,5632571021.0,2026-09-06 12:00:00+00:00
1788710400000,0.000717,0.0007369,0.0007148,0.0007266,1975524277.0,2026-09-06 16:00:00+00:00
1788724800000,0.0007263,0.000739,0.000725,0.0007324,1548145018.0,2026-09-06 20:00:00+00:00
1788739200000,0.0007325,0.0007448,0.000692,0.000743,3084835116.0,2026-09-07 00:00:00+00:00
1788753600000,0.0007428,0.0009167,0.0007367,0.0008508,17988821311.0,2026-09-07 04:00:00+00:00
1788768000000,0.0008513,0.0009219,0.000834,0.0008974,21489630346.0,2026-09-07 08:00:00+00:00
1788782400000,0.0008975,0.0009856,0.0008568,0.0008867,33432883130.0,2026-09-07 12:00:00+00:00
1788796800000,0.0008866,0.0009935,0.0008677,0.0009907,44297276150.0,2026-09-07 16:00:00+00:00
1788811200000,0.0009909,0.0010479,0.0009158,0.0009353,53730398577.0,2026-09-07 20:00:00+00:00
1788825600000,0.0009355,0.0011628,0.0008956,0.0010583,52736458018.0,2026-09-08 00:00:00+00:00
1788840000000,0.0010589,0.0011893,0.0009568,0.0009796,58954545745.0,2026-09-08 04:00:00+00:00
1788854400000,0.0009797,0.0010111,0.0008982,0.0008996,21903693789.0,2026-09-08 08:00:00+00:00
1788868800000,0.0008997,0.0009213,0.0008725,0.0009114,11778922147.0,2026-09-08 12:00:00+00:00
1788883200000,0.0009117,0.000931,0.0008655,0.0008776,6468652814.0,2026-09-08 16:00:00+00:00
1788897600000,0.0008777,0.0008893,0.0008466,0.0008539,3894969950.0,2026-09-08 20:00:00+00:00
1788912000000,0.0008538,0.0009544,0.0008054,0.0008582,19195326656.0,2026-09-09 00:00:00+00:00
1788926400000,0.0008583,0.0012442,0.0008487,0.0011661,43304170969.0,2026-09-09 04:00:00+00:00
1788940800000,0.0011663,0.0013286,0.0011566,0.0012239,71887830084.0,2026-09-09 08:00:00+00:00
1788955200000,0.0012246,0.0017579,0.0011981,0.0016806,164423451805.0,2026-09-09 12:00:00+00:00
1788969600000,0.0016805,0.00222,0.0015546,0.0019843,200308544288.0,2026-09-09 16:00:00+00:00
1788984000000,0.0019843,0.0021921,0.0017031,0.0018514,134534317126.0,2026-09-09 20:00:00+00:00
1788998400000,0.0018517,0.0018606,0.001103,0.0011841,189234980290.0,2026-09-10 00:00:00+00:00
1789012800000,0.0011847,0.0012106,0.0009794,0.0010341,109554296838.0,2026-09-10 04:00:00+00:00
1789027200000,0.0010341,0.0011286,0.0010124,0.0010781,54212526468.0,2026-09-10 08:00:00+00:00
1789041600000,0.0010779,0.0011695,0.0010604,0.0010713,39938562583.0,2026-09-10 12:00:00+00:00
1789056000000,0.0010712,0.0010814,0.0009848,0.0010125,31232513140.0,2026-09-10 16:00:00+00:00
1789070400000,0.001012,0.0010157,0.0009605,0.000996,22287303750.0,2026-09-10 20:00:00+00:00
1789084800000,0.0009956,0.0010288,0.0009028,0.0009337,48567672133.0,2026-09-11 00:00:00+00:00
1789099200000,0.0009335,0.0009647,0.0009162,0.0009319,17304243071.0,2026-09-11 04:00:00+00:00
1789113600000,0.0009316,0.0010588,0.0009144,0.0009199,40505531842.0,2026-09-11 08:00:00+00:00
1789128000000,0.0009198,0.0009737,0.0009008,0.0009115,25817381525.0,2026-09-11 12:00:00+00:00
1789142400000,0.0009114,0.0009268,0.0008668,0.0008762,17439284440.0,2026-09-11 16:00:00+00:00
1789156800000,0.0008762,0.0009042,0.0008532,0.0008944,11065265834.0,2026-09-11 20:00:00+00:00
1789171200000,0.000894,0.0009279,0.0008414,0.0008505,19085678960.0,2026-09-12 00:00:00+00:00
1789185600000,0.0008504,0.000921,0.0008423,0.0008892,13042929717.0,2026-09-12 04:00:00+00:00
1789200000000,0.0008892,0.0008897,0.0008568,0.0008715,10295561308.0,2026-09-12 08:00:00+00:00
1789214400000,0.0008714,0.0008883,0.0008557,0.0008723,8346324939.0,2026-09-12 12:00:00+00:00
1789228800000,0.0008722,0.0008765,0.0008533,0.0008685,5603750312.0,2026-09-12 16:00:00+00:00
1789243200000,0.0008685,0.0009098,0.000865,0.0009021,6981962444.0,2026-09-12 20:00:00+00:00
1789257600000,0.0009022,0.0009146,0.000842,0.0008522,7218511936.0,2026-09-13 00:00:00+00:00
