ts,open,high,low,close,volume,dt
1737532800000,0.00822,0.008662,0.00733,0.007991,8341574087.0,2025-01-22 08:00:00+00:00
1737547200000,0.007991,0.00805,0.006601,0.006651,14790954690.0,2025-01-22 12:00:00+00:00
1737561600000,0.006652,0.007697,0.006254,0.007227,24444468109.0,2025-01-22 16:00:00+00:00
1737576000000,0.007228,0.007896,0.006925,0.007321,11977631678.0,2025-01-22 20:00:00+00:00
1737590400000,0.007321,0.007651,0.007068,0.007432,6972454874.0,2025-01-23 00:00:00+00:00
1737604800000,0.007433,0.007484,0.0069,0.00746,6802236489.0,2025-01-23 04:00:00+00:00
1737619200000,0.00746,0.007499,0.006233,0.006876,11427162493.0,2025-01-23 08:00:00+00:00
1737633600000,0.006879,0.007138,0.006578,0.006803,6265641322.0,2025-01-23 12:00:00+00:00
1737648000000,0.006805,0.007045,0.006433,0.006549,4344290467.0,2025-01-23 16:00:00+00:00
1737662400000,0.006549,0.006747,0.00642,0.006681,3193986059.0,2025-01-23 20:00:00+00:00
1737676800000,0.006678,0.006678,0.005539,0.005718,10072040363.0,2025-01-24 00:00:00+00:00
1737691200000,0.005716,0.005974,0.00564,0.005795,4221728731.0,2025-01-24 04:00:00+00:00
1737705600000,0.005794,0.005943,0.005643,0.005747,3324392752.0,2025-01-24 08:00:00+00:00
1737720000000,0.005747,0.005779,0.005528,0.005576,3154841916.0,2025-01-24 12:00:00+00:00
1737734400000,0.005576,0.005666,0.005443,0.00545,3803384317.0,2025-01-24 16:00:00+00:00
1737748800000,0.00545,0.0055,0.005236,0.005336,3678703458.0,2025-01-24 20:00:00+00:00
1737763200000,0.005336,0.005777,0.005055,0.005444,8750322582.0,2025-01-25 00:00:00+00:00
1737777600000,0.005444,0.005662,0.005312,0.005343,4633865643.0,2025-01-25 04:00:00+00:00
1737792000000,0.005341,0.005416,0.005088,0.005178,3284404632.0,2025-01-25 08:00:00+00:00
1737806400000,0.005178,0.00568,0.005101,0.005543,5765750864.0,2025-01-25 12:00:00+00:00
1737820800000,0.005545,0.005557,0.005324,0.00544,2702011691.0,2025-01-25 16:00:00+00:00
1737835200000,0.00544,0.00546,0.005245,0.005291,1918235063.0,2025-01-25 20:00:00+00:00
1737849600000,0.005291,0.006742,0.005133,0.005992,15828038113.0,2025-01-26 00:00:00+00:00
1737864000000,0.00599,0.006142,0.005602,0.005627,4926623410.0,2025-01-26 04:00:00+00:00
1737878400000,0.005627,0.005678,0.00542,0.005495,3162099359.0,2025-01-26 08:00:00+00:00
1737892800000,0.005494,0.005589,0.005345,0.005399,3224388315.0,2025-01-26 12:00:00+00:00
1737907200000,0.005399,0.005446,0.005344,0.005385,1838875062.0,2025-01-26 16:00:00+00:00
1737921600000,0.005385,0.005401,0.005187,0.005237,2040274631.0,2025-01-26 20:00:00+00:00
1737936000000,0.005238,0.005497,0.004965,0.005045,6720809526.0,2025-01-27 00:00:00+00:00
1737950400000,0.005046,0.005054,0.004675,0.004818,3291185550.0,2025-01-27 04:00:00+00:00
1737964800000,0.004817,0.005082,0.004692,0.005014,3563994564.0,2025-01-27 08:00:00+00:00
1737979200000,0.005013,0.00509,0.004882,0.004964,2810482640.0,2025-01-27 12:00:00+00:00
1737993600000,0.004964,0.00499,0.004838,0.00493,2301016575.0,2025-01-27 16:00:00+00:00
1738008000000,0.00493,0.005154,0.004925,0.005058,2085391206.0,2025-01-27 20:00:00+00:00
1738022400000,0.005058,0.00522,0.004924,0.004947,3190665073.0,2025-01-28 00:00:00+00:00
1738036800000,0.004948,0.004997,0.004879,0.004897,1912096346.0,2025-01-28 04:00:00+00:00
1738051200000,0.004896,0.004931,0.004827,0.004857,1551526907.0,2025-01-28 08:00:00+00:00
1738065600000,0.004856,0.004859,0.004726,0.004735,1879981940.0,2025-01-28 12:00:00+00:00
1738080000000,0.004735,0.004735,0.004599,0.004619,1467759023.0,2025-01-28 16:00:00+00:00
1738094400000,0.00462,0.004635,0.004448,0.004558,1739115415.0,2025-01-28 20:00:00+00:00
1738108800000,0.004558,0.004779,0.004398,0.004677,2840254494.0,2025-01-29 00:00:00+00:00
1738123200000,0.004676,0.004834,0.004607,0.004788,2168951463.0,2025-01-29 04:00:00+00:00
1738137600000,0.004789,0.005233,0.004756,0.004871,4944495908.0,2025-01-29 08:00:00+00:00
1738152000000,0.004872,0.004931,0.004684,0.004766,2922151309.0,2025-01-29 12:00:00+00:00
1738166400000,0.004765,0.005014,0.004661,0.004916,3229819851.0,2025-01-29 16:00:00+00:00
1738180800000,0.004915,0.005102,0.004808,0.004833,2252554008.0,2025-01-29 20:00:00+00:00
1738195200000,0.004831,0.00502,0.004728,0.00491,3534970310.0,2025-01-30 00:00:00+00:00
1738209600000,0.004909,0.004924,0.004827,0.004864,1646125295.0,2025-01-30 04:00:00+00:00
1738224000000,0.004863,0.004933,0.004835,0.0049,1630038706.0,2025-01-30 08:00:00+00:00
1738238400000,0.004899,0.004998,0.004866,0.004938,1288775582.0,2025-01-30 12:00:00+00:00
1738252800000,0.004938,0.005022,0.0049,0.004948,1472820031.0,2025-01-30 16:00:00+00:00
1738267200000,0.004949,0.004962,0.004866,0.004911,1130982359.0,2025-01-30 20:00:00+00:00
1738281600000,0.004911,0.004918,0.004763,0.004817,2119774231.0,2025-01-31 00:00:00+00:00
1738296000000,0.004817,0.00591,0.004775,0.005878,8984145764.0,2025-01-31 04:00:00+00:00
1738310400000,0.005878,0.006571,0.005491,0.005991,47527298769.0,2025-01-31 08:00:00+00:00
1738324800000,0.005991,0.006119,0.005427,0.005668,23108315283.0,2025-01-31 12:00:00+00:00
1738339200000,0.00567,0.005735,0.00547,0.005612,7826736967.0,2025-01-31 16:00:00+00:00
1738353600000,0.005612,0.005633,0.005415,0.005562,6514008731.0,2025-01-31 20:00:00+00:00
1738368000000,0.005561,0.005993,0.00544,0.005889,14224711472.0,2025-02-01 00:00:00+00:00
1738382400000,0.005889,0.006426,0.005773,0.006287,26086085969.0,2025-02-01 04:00:00+00:00
1738396800000,0.006286,0.00631,0.00576,0.006002,12008965234.0,2025-02-01 08:00:00+00:00
1738411200000,0.006002,0.006014,0.005774,0.005884,8837156920.0,2025-02-01 12:00:00+00:00
1738425600000,0.005884,0.005976,0.005715,0.005784,7525322923.0,2025-02-01 16:00:00+00:00
1738440000000,0.005784,0.005984,0.00567,0.005821,6738072053.0,2025-02-01 20:00:00+00:00
1738454400000,0.005821,0.005884,0.005414,0.005424,10473942906.0,2025-02-02 00:00:00+00:00
1738468800000,0.005424,0.005615,0.005354,0.005465,6264150647.0,2025-02-02 04:00:00+00:00
1738483200000,0.005465,0.005491,0.005183,0.005186,4750514543.0,2025-02-02 08:00:00+00:00
1738497600000,0.005185,0.00533,0.005141,0.005219,4770304555.0,2025-02-02 12:00:00+00:00
1738512000000,0.005218,0.005218,0.004686,0.004938,7918975470.0,2025-02-02 16:00:00+00:00
1738526400000,0.004937,0.00499,0.004517,0.004814,6727573042.0,2025-02-02 20:00:00+00:00
1738540800000,0.004814,0.00498,0.003697,0.004343,16332406198.0,2025-02-03 00:00:00+00:00
1738555200000,0.004342,0.00448,0.004205,0.004452,4541092924.0,2025-02-03 04:00:00+00:00
1738569600000,0.004451,0.004577,0.004285,0.004458,3700391917.0,2025-02-03 08:00:00+00:00
1738584000000,0.004458,0.004763,0.004247,0.00469,5632145341.0,2025-02-03 12:00:00+00:00
1738598400000,0.004689,0.005285,0.00468,0.005134,6468304086.0,2025-02-03 16:00:00+00:00
1738612800000,0.005134,0.005289,0.004978,0.005157,2960626145.0,2025-02-03 20:00:00+00:00
1738627200000,0.005156,0.0056,0.005127,0.005339,5883097745.0,2025-02-04 00:00:00+00:00
1738641600000,0.005338,0.005484,0.005011,0.005062,4929163199.0,2025-02-04 04:00:00+00:00
1738656000000,0.00506,0.005271,0.004953,0.005177,4443511056.0,2025-02-04 08:00:00+00:00
1738670400000,0.005177,0.005421,0.005164,0.005241,4049517486.0,2025-02-04 12:00:00+00:00
1738684800000,0.00524,0.005299,0.005009,0.005012,2882969600.0,2025-02-04 16:00:00+00:00
1738699200000,0.005011,0.005089,0.004871,0.005065,3210084176.0,2025-02-04 20:00:00+00:00
1738713600000,0.005064,0.005231,0.005006,0.005031,3432007150.0,2025-02-05 00:00:00+00:00
1738728000000,0.00503,0.005055,0.004861,0.004917,2438605896.0,2025-02-05 04:00:00+00:00
1738742400000,0.004917,0.004987,0.004878,0.004931,2075104046.0,2025-02-05 08:00:00+00:00
1738756800000,0.004931,0.004986,0.004833,0.004887,2391763857.0,2025-02-05 12:00:00+00:00
1738771200000,0.004887,0.004899,0.004721,0.004799,2665605908.0,2025-02-05 16:00:00+00:00
1738785600000,0.0048,0.004812,0.00469,0.004738,1444321671.0,2025-02-05 20:00:00+00:00
1738800000000,0.004738,0.004834,0.004639,0.004659,2388748603.0,2025-02-06 00:00:00+00:00
1738814400000,0.004657,0.004798,0.004633,0.004766,1683947723.0,2025-02-06 04:00:00+00:00
1738828800000,0.004765,0.004854,0.004742,0.004769,1664860423.0,2025-02-06 08:00:00+00:00
1738843200000,0.004768,0.004768,0.004408,0.004441,2948472892.0,2025-02-06 12:00:00+00:00
1738857600000,0.004441,0.004503,0.004349,0.004374,1882151260.0,2025-02-06 16:00:00+00:00
1738872000000,0.004374,0.004472,0.004362,0.004401,1281302340.0,2025-02-06 20:00:00+00:00
1738886400000,0.004401,0.004496,0.004294,0.004407,1840141023.0,2025-02-07 00:00:00+00:00
1738900800000,0.004408,0.004448,0.004276,0.004349,1336060764.0,2025-02-07 04:00:00+00:00
1738915200000,0.00435,0.004569,0.004334,0.004568,1633322385.0,2025-02-07 08:00:00+00:00
1738929600000,0.004568,0.00471,0.004512,0.004542,2848631022.0,2025-02-07 12:00:00+00:00
1738944000000,0.004543,0.00456,0.004374,0.004381,1510092900.0,2025-02-07 16:00:00+00:00
1738958400000,0.004382,0.004384,0.004166,0.004237,1737397450.0,2025-02-07 20:00:00+00:00
1738972800000,0.004238,0.004673,0.00421,0.004427,3993033119.0,2025-02-08 00:00:00+00:00
1738987200000,0.004427,0.004486,0.004301,0.004397,1399910231.0,2025-02-08 04:00:00+00:00
1739001600000,0.004398,0.004417,0.004299,0.004343,804285205.0,2025-02-08 08:00:00+00:00
1739016000000,0.004342,0.004399,0.004306,0.004363,782061648.0,2025-02-08 12:00:00+00:00
1739030400000,0.004363,0.004428,0.004316,0.004409,677119216.0,2025-02-08 16:00:00+00:00
1739044800000,0.004409,0.004428,0.00433,0.004405,733826382.0,2025-02-08 20:00:00+00:00
1739059200000,0.004404,0.004493,0.004321,0.004429,1857447084.0,2025-02-09 00:00:00+00:00
1739073600000,0.00443,0.00443,0.004188,0.004204,940253467.0,2025-02-09 04:00:00+00:00
1739088000000,0.004203,0.004256,0.004182,0.004195,849969829.0,2025-02-09 08:00:00+00:00
1739102400000,0.004194,0.004218,0.004079,0.004136,832116300.0,2025-02-09 12:00:00+00:00
1739116800000,0.004134,0.004172,0.004023,0.004035,616156064.0,2025-02-09 16:00:00+00:00
1739131200000,0.004035,0.004079,0.003889,0.004053,1150632269.0,2025-02-09 20:00:00+00:00
1739145600000,0.004053,0.00417,0.003873,0.003993,1769201217.0,2025-02-10 00:00:00+00:00
1739160000000,0.003993,0.004073,0.003976,0.004009,926311402.0,2025-02-10 04:00:00+00:00
1739174400000,0.004009,0.004124,0.004006,0.004083,784447639.0,2025-02-10 08:00:00+00:00
1739188800000,0.004084,0.004228,0.004046,0.004085,999843474.0,2025-02-10 12:00:00+00:00
1739203200000,0.004086,0.004155,0.004057,0.004128,708740708.0,2025-02-10 16:00:00+00:00
1739217600000,0.004127,0.004155,0.004061,0.0041,504078947.0,2025-02-10 20:00:00+00:00
1739232000000,0.004101,0.004208,0.004064,0.004136,946943208.0,2025-02-11 00:00:00+00:00
1739246400000,0.004136,0.004264,0.004128,0.004215,1001259796.0,2025-02-11 04:00:00+00:00
1739260800000,0.004215,0.004236,0.00412,0.00414,802788171.0,2025-02-11 08:00:00+00:00
1739275200000,0.00414,0.004142,0.003977,0.004066,941064799.0,2025-02-11 12:00:00+00:00
1739289600000,0.004067,0.004075,0.003913,0.003933,821720051.0,2025-02-11 16:00:00+00:00
1739304000000,0.003932,0.003989,0.003918,0.003938,594333337.0,2025-02-11 20:00:00+00:00
1739318400000,0.003938,0.003945,0.003776,0.003792,1244575247.0,2025-02-12 00:00:00+00:00
1739332800000,0.003792,0.003877,0.003753,0.003869,918046815.0,2025-02-12 04:00:00+00:00
1739347200000,0.00387,0.004247,0.003787,0.003851,4199060285.0,2025-02-12 08:00:00+00:00
1739361600000,0.003851,0.003896,0.003711,0.003827,1795453746.0,2025-02-12 12:00:00+00:00
1739376000000,0.003828,0.00395,0.003763,0.00392,943134036.0,2025-02-12 16:00:00+00:00
1739390400000,0.003921,0.004043,0.003904,0.004004,880621813.0,2025-02-12 20:00:00+00:00
1739404800000,0.004003,0.004012,0.003925,0.003991,741779450.0,2025-02-13 00:00:00+00:00
1739419200000,0.003991,0.003996,0.003834,0.00384,896992377.0,2025-02-13 04:00:00+00:00
1739433600000,0.003839,0.003851,0.003771,0.003797,731109876.0,2025-02-13 08:00:00+00:00
1739448000000,0.003798,0.003823,0.003735,0.003792,895794220.0,2025-02-13 12:00:00+00:00
1739462400000,0.003792,0.003828,0.003742,0.003788,514547424.0,2025-02-13 16:00:00+00:00
1739476800000,0.003789,0.003837,0.00377,0.003798,358120340.0,2025-02-13 20:00:00+00:00
1739491200000,0.003799,0.003841,0.00378,0.003836,329293893.0,2025-02-14 00:00:00+00:00
1739505600000,0.003837,0.003844,0.00379,0.003811,274514712.0,2025-02-14 04:00:00+00:00
1739520000000,0.003811,0.003911,0.003809,0.003833,727595475.0,2025-02-14 08:00:00+00:00
1739534400000,0.003833,0.0039,0.003803,0.003876,646179932.0,2025-02-14 12:00:00+00:00
1739548800000,0.003877,0.003968,0.00384,0.0039,572902681.0,2025-02-14 16:00:00+00:00
1739563200000,0.0039,0.003905,0.003775,0.003853,610584635.0,2025-02-14 20:00:00+00:00
1739577600000,0.003852,0.003852,0.003788,0.003796,489361324.0,2025-02-15 00:00:00+00:00
1739592000000,0.003798,0.003808,0.003692,0.003766,958381558.0,2025-02-15 04:00:00+00:00
1739606400000,0.003765,0.003787,0.003662,0.003706,598934212.0,2025-02-15 08:00:00+00:00
1739620800000,0.003707,0.003736,0.003625,0.003659,633899401.0,2025-02-15 12:00:00+00:00
1739635200000,0.003657,0.003673,0.00361,0.003643,535941008.0,2025-02-15 16:00:00+00:00
1739649600000,0.003643,0.003657,0.003609,0.003649,482593159.0,2025-02-15 20:00:00+00:00
1739664000000,0.003649,0.003651,0.00352,0.003566,721319879.0,2025-02-16 00:00:00+00:00
1739678400000,0.003567,0.003653,0.003556,0.003595,599609720.0,2025-02-16 04:00:00+00:00
1739692800000,0.003594,0.003651,0.003571,0.003651,412330090.0,2025-02-16 08:00:00+00:00
1739707200000,0.00365,0.003657,0.003551,0.003593,659742792.0,2025-02-16 12:00:00+00:00
1739721600000,0.003592,0.00362,0.003526,0.003569,506266810.0,2025-02-16 16:00:00+00:00
1739736000000,0.003568,0.003587,0.003519,0.003531,595425845.0,2025-02-16 20:00:00+00:00
1739750400000,0.003531,0.003823,0.00352,0.003548,4464313554.0,2025-02-17 00:00:00+00:00
1739764800000,0.003548,0.003559,0.003364,0.003378,1492012589.0,2025-02-17 04:00:00+00:00
1739779200000,0.003379,0.003503,0.003353,0.00348,949601802.0,2025-02-17 08:00:00+00:00
1739793600000,0.003481,0.003549,0.003419,0.003429,884939591.0,2025-02-17 12:00:00+00:00
1739808000000,0.003429,0.003447,0.003352,0.003399,1320749399.0,2025-02-17 16:00:00+00:00
1739822400000,0.003399,0.003473,0.003392,0.003434,609060919.0,2025-02-17 20:00:00+00:00
1739836800000,0.003434,0.003459,0.003381,0.003456,717828173.0,2025-02-18 00:00:00+00:00
1739851200000,0.003455,0.003456,0.003281,0.003352,960183680.0,2025-02-18 04:00:00+00:00
1739865600000,0.003352,0.003518,0.003299,0.003391,1839575306.0,2025-02-18 08:00:00+00:00
1739880000000,0.00339,0.003402,0.003253,0.003268,948273152.0,2025-02-18 12:00:00+00:00
1739894400000,0.003269,0.003325,0.00321,0.003312,857693106.0,2025-02-18 16:00:00+00:00
1739908800000,0.003313,0.003381,0.003271,0.003381,465529557.0,2025-02-18 20:00:00+00:00
1739923200000,0.003381,0.003397,0.003334,0.003369,488309333.0,2025-02-19 00:00:00+00:00
1739937600000,0.003369,0.003419,0.003316,0.00341,430130534.0,2025-02-19 04:00:00+00:00
1739952000000,0.003409,0.003464,0.003379,0.00346,501441901.0,2025-02-19 08:00:00+00:00
1739966400000,0.003459,0.003463,0.003393,0.003413,495237212.0,2025-02-19 12:00:00+00:00
1739980800000,0.003414,0.003484,0.003396,0.003441,719946587.0,2025-02-19 16:00:00+00:00
1739995200000,0.00344,0.003465,0.003387,0.003456,396817765.0,2025-02-19 20:00:00+00:00
1740009600000,0.003456,0.003472,0.0034,0.003445,493136106.0,2025-02-20 00:00:00+00:00
1740024000000,0.003445,0.003468,0.003383,0.003386,819591440.0,2025-02-20 04:00:00+00:00
1740038400000,0.003387,0.003448,0.00335,0.003416,563829690.0,2025-02-20 08:00:00+00:00
1740052800000,0.003416,0.003443,0.003375,0.003378,541103259.0,2025-02-20 12:00:00+00:00
1740067200000,0.003378,0.003463,0.003371,0.003462,499301216.0,2025-02-20 16:00:00+00:00
1740081600000,0.003461,0.003604,0.003402,0.003492,1594511317.0,2025-02-20 20:00:00+00:00
1740096000000,0.003491,0.003583,0.003424,0.003444,1324269256.0,2025-02-21 00:00:00+00:00
1740110400000,0.003445,0.00351,0.003443,0.003491,588805563.0,2025-02-21 04:00:00+00:00
1740124800000,0.003491,0.003729,0.00349,0.003555,1202246362.0,2025-02-21 08:00:00+00:00
1740139200000,0.003555,0.003592,0.003356,0.003414,1389095794.0,2025-02-21 12:00:00+00:00
1740153600000,0.003414,0.003478,0.003228,0.003251,1719788775.0,2025-02-21 16:00:00+00:00
1740168000000,0.003251,0.003312,0.003225,0.003298,1110339162.0,2025-02-21 20:00:00+00:00
1740182400000,0.003298,0.003403,0.003282,0.003387,752927366.0,2025-02-22 00:00:00+00:00
1740196800000,0.003387,0.003412,0.003332,0.003387,605667438.0,2025-02-22 04:00:00+00:00
1740211200000,0.003388,0.003462,0.00337,0.00345,459498467.0,2025-02-22 08:00:00+00:00
1740225600000,0.00345,0.003507,0.003429,0.003457,661285487.0,2025-02-22 12:00:00+00:00
1740240000000,0.003456,0.003481,0.00341,0.003416,431389621.0,2025-02-22 16:00:00+00:00
1740254400000,0.003416,0.003426,0.003393,0.003411,283950065.0,2025-02-22 20:00:00+00:00
1740268800000,0.003411,0.003464,0.003383,0.003393,776739611.0,2025-02-23 00:00:00+00:00
1740283200000,0.003395,0.003445,0.003381,0.003438,257868689.0,2025-02-23 04:00:00+00:00
1740297600000,0.003438,0.003444,0.003365,0.003372,359177602.0,2025-02-23 08:00:00+00:00
1740312000000,0.003372,0.003373,0.003265,0.003271,699610374.0,2025-02-23 12:00:00+00:00
1740326400000,0.003271,0.003304,0.003254,0.003265,492611596.0,2025-02-23 16:00:00+00:00
1740340800000,0.003265,0.003324,0.003248,0.003308,386321459.0,2025-02-23 20:00:00+00:00
1740355200000,0.003309,0.003391,0.003174,0.003201,1615928659.0,2025-02-24 00:00:00+00:00
1740369600000,0.0032,0.003219,0.003139,0.003206,767253310.0,2025-02-24 04:00:00+00:00
1740384000000,0.003207,0.003207,0.003122,0.003167,654782594.0,2025-02-24 08:00:00+00:00
1740398400000,0.003168,0.003215,0.003087,0.003126,989644707.0,2025-02-24 12:00:00+00:00
1740412800000,0.003127,0.003162,0.003047,0.003078,704496626.0,2025-02-24 16:00:00+00:00
1740427200000,0.003079,0.003123,0.002887,0.002938,1563483177.0,2025-02-24 20:00:00+00:00
1740441600000,0.002938,0.002997,0.002849,0.002943,1069976330.0,2025-02-25 00:00:00+00:00
1740456000000,0.002944,0.002978,0.002785,0.002888,1724537335.0,2025-02-25 04:00:00+00:00
1740470400000,0.002888,0.002941,0.0028,0.002926,1234154529.0,2025-02-25 08:00:00+00:00
1740484800000,0.002926,0.002953,0.002841,0.002922,1194623895.0,2025-02-25 12:00:00+00:00
1740499200000,0.002923,0.002994,0.002899,0.002992,690976834.0,2025-02-25 16:00:00+00:00
1740513600000,0.002991,0.003037,0.002976,0.002988,495965432.0,2025-02-25 20:00:00+00:00
1740528000000,0.00299,0.003036,0.002963,0.003006,407722795.0,2025-02-26 00:00:00+00:00
1740542400000,0.003005,0.00303,0.002967,0.002986,437978623.0,2025-02-26 04:00:00+00:00
1740556800000,0.002987,0.003031,0.002952,0.002971,562732270.0,2025-02-26 08:00:00+00:00
1740571200000,0.002972,0.003039,0.002895,0.003008,838558630.0,2025-02-26 12:00:00+00:00
1740585600000,0.003009,0.003032,0.002882,0.002928,1134605131.0,2025-02-26 16:00:00+00:00
1740600000000,0.002928,0.00308,0.002896,0.003031,828230489.0,2025-02-26 20:00:00+00:00
1740614400000,0.003032,0.003078,0.002992,0.003069,475970136.0,2025-02-27 00:00:00+00:00
1740628800000,0.003069,0.003107,0.003038,0.003087,427035156.0,2025-02-27 04:00:00+00:00
1740643200000,0.003087,0.003113,0.003063,0.003091,326720254.0,2025-02-27 08:00:00+00:00
1740657600000,0.00309,0.003099,0.003007,0.003045,592649627.0,2025-02-27 12:00:00+00:00
1740672000000,0.003044,0.003055,0.002985,0.003001,365432032.0,2025-02-27 16:00:00+00:00
1740686400000,0.003001,0.003006,0.002927,0.002991,416464219.0,2025-02-27 20:00:00+00:00
1740700800000,0.002991,0.003007,0.002765,0.00277,1187890830.0,2025-02-28 00:00:00+00:00
1740715200000,0.002771,0.002789,0.002708,0.002732,991907259.0,2025-02-28 04:00:00+00:00
1740729600000,0.002731,0.002792,0.002685,0.002762,713836450.0,2025-02-28 08:00:00+00:00
1740744000000,0.002762,0.002957,0.00275,0.002933,748719763.0,2025-02-28 12:00:00+00:00
1740758400000,0.002933,0.002993,0.002921,0.002981,487614889.0,2025-02-28 16:00:00+00:00
1740772800000,0.00298,0.002992,0.002936,0.002954,315373665.0,2025-02-28 20:00:00+00:00
1740787200000,0.002955,0.002968,0.002903,0.002948,329289974.0,2025-03-01 00:00:00+00:00
1740801600000,0.002948,0.002979,0.00293,0.002942,287821351.0,2025-03-01 04:00:00+00:00
1740816000000,0.002942,0.002986,0.002871,0.002885,591081599.0,2025-03-01 08:00:00+00:00
1740830400000,0.002886,0.002893,0.002825,0.002864,553114499.0,2025-03-01 12:00:00+00:00
1740844800000,0.002864,0.002917,0.002843,0.002893,504315286.0,2025-03-01 16:00:00+00:00
1740859200000,0.002893,0.002939,0.002872,0.002931,306652605.0,2025-03-01 20:00:00+00:00
1740873600000,0.002931,0.002943,0.002906,0.002924,243829012.0,2025-03-02 00:00:00+00:00
1740888000000,0.002923,0.002946,0.002907,0.002922,209323075.0,2025-03-02 04:00:00+00:00
1740902400000,0.002921,0.002945,0.002904,0.002926,259257092.0,2025-03-02 08:00:00+00:00
1740916800000,0.002926,0.003008,0.002832,0.002939,984833722.0,2025-03-02 12:00:00+00:00
1740931200000,0.00294,0.003262,0.002936,0.003235,2632105598.0,2025-03-02 16:00:00+00:00
1740945600000,0.003234,0.003259,0.003167,0.003169,585106002.0,2025-03-02 20:00:00+00:00
1740960000000,0.003169,0.003462,0.00311,0.003154,3572602806.0,2025-03-03 00:00:00+00:00
1740974400000,0.003153,0.00323,0.003042,0.003122,874852340.0,2025-03-03 04:00:00+00:00
1740988800000,0.003122,0.003132,0.003023,0.00309,814956579.0,2025-03-03 08:00:00+00:00
1741003200000,0.00309,0.003133,0.002963,0.002966,1190618124.0,2025-03-03 12:00:00+00:00
1741017600000,0.002967,0.002985,0.00273,0.002744,1436354729.0,2025-03-03 16:00:00+00:00
1741032000000,0.002746,0.002776,0.002689,0.002737,832106589.0,2025-03-03 20:00:00+00:00
1741046400000,0.002736,0.002751,0.002509,0.002597,1813872812.0,2025-03-04 00:00:00+00:00
1741060800000,0.002597,0.002647,0.002572,0.002577,606156580.0,2025-03-04 04:00:00+00:00
1741075200000,0.002577,0.002595,0.002528,0.002548,515138289.0,2025-03-04 08:00:00+00:00
1741089600000,0.002548,0.002633,0.002495,0.002565,1531837283.0,2025-03-04 12:00:00+00:00
1741104000000,0.002565,0.002664,0.002443,0.002661,1170805017.0,2025-03-04 16:00:00+00:00
1741118400000,0.002661,0.002715,0.002622,0.002674,515844992.0,2025-03-04 20:00:00+00:00
1741132800000,0.002673,0.002707,0.002641,0.002643,452450164.0,2025-03-05 00:00:00+00:00
1741147200000,0.002644,0.002671,0.002628,0.002663,365916607.0,2025-03-05 04:00:00+00:00
1741161600000,0.002663,0.002758,0.00266,0.002696,432050746.0,2025-03-05 08:00:00+00:00
1741176000000,0.002695,0.002733,0.002655,0.00267,581430476.0,2025-03-05 12:00:00+00:00
1741190400000,0.00267,0.002734,0.002633,0.002727,522691332.0,2025-03-05 16:00:00+00:00
1741204800000,0.002726,0.002757,0.002723,0.002731,231264292.0,2025-03-05 20:00:00+00:00
1741219200000,0.002731,0.002875,0.002684,0.002753,1768918715.0,2025-03-06 00:00:00+00:00
1741233600000,0.002752,0.00281,0.002735,0.002742,381343346.0,2025-03-06 04:00:00+00:00
1741248000000,0.002743,0.002772,0.002737,0.00276,273609486.0,2025-03-06 08:00:00+00:00
1741262400000,0.00276,0.002762,0.002679,0.002729,464390659.0,2025-03-06 12:00:00+00:00
1741276800000,0.00273,0.00274,0.002619,0.002634,420550681.0,2025-03-06 16:00:00+00:00
1741291200000,0.002635,0.002699,0.00263,0.002665,269870632.0,2025-03-06 20:00:00+00:00
1741305600000,0.002664,0.002679,0.002515,0.00261,1067920593.0,2025-03-07 00:00:00+00:00
1741320000000,0.00261,0.002639,0.002604,0.002631,260896136.0,2025-03-07 04:00:00+00:00
1741334400000,0.002631,0.002683,0.002608,0.002666,400759127.0,2025-03-07 08:00:00+00:00
1741348800000,0.002666,0.00271,0.00263,0.002667,618482213.0,2025-03-07 12:00:00+00:00
1741363200000,0.002667,0.002724,0.002606,0.002685,495127618.0,2025-03-07 16:00:00+00:00
1741377600000,0.002685,0.002693,0.002595,0.002613,535810048.0,2025-03-07 20:00:00+00:00
1741392000000,0.002612,0.002654,0.002576,0.002615,568776749.0,2025-03-08 00:00:00+00:00
1741406400000,0.002615,0.002642,0.002604,0.002621,167097578.0,2025-03-08 04:00:00+00:00
1741420800000,0.00262,0.002624,0.002548,0.002563,313565056.0,2025-03-08 08:00:00+00:00
1741435200000,0.002563,0.002585,0.002535,0.00256,439412514.0,2025-03-08 12:00:00+00:00
1741449600000,0.00256,0.002607,0.002522,0.002595,252640045.0,2025-03-08 16:00:00+00:00
1741464000000,0.002595,0.002603,0.002532,0.002575,277050828.0,2025-03-08 20:00:00+00:00
1741478400000,0.002575,0.002584,0.002536,0.002558,206907253.0,2025-03-09 00:00:00+00:00
1741492800000,0.002557,0.002568,0.002524,0.00256,151144900.0,2025-03-09 04:00:00+00:00
1741507200000,0.00256,0.00256,0.00249,0.002502,200033606.0,2025-03-09 08:00:00+00:00
1741521600000,0.002503,0.002509,0.002402,0.002415,404628343.0,2025-03-09 12:00:00+00:00
1741536000000,0.002415,0.002435,0.002276,0.002346,830287731.0,2025-03-09 16:00:00+00:00
1741550400000,0.002345,0.002377,0.002294,0.002328,386655494.0,2025-03-09 20:00:00+00:00
1741564800000,0.002329,0.002423,0.002299,0.002411,628162531.0,2025-03-10 00:00:00+00:00
1741579200000,0.002411,0.002445,0.002401,0.002411,222773317.0,2025-03-10 04:00:00+00:00
1741593600000,0.002412,0.002485,0.002372,0.002447,528712671.0,2025-03-10 08:00:00+00:00
1741608000000,0.002448,0.002489,0.002353,0.002421,832052433.0,2025-03-10 12:00:00+00:00
1741622400000,0.002421,0.002423,0.002256,0.002352,1180066729.0,2025-03-10 16:00:00+00:00
1741636800000,0.002351,0.002372,0.002292,0.002298,424445628.0,2025-03-10 20:00:00+00:00
1741651200000,0.002298,0.002364,0.002148,0.002273,1793394056.0,2025-03-11 00:00:00+00:00
1741665600000,0.002274,0.002346,0.002267,0.00232,557064866.0,2025-03-11 04:00:00+00:00
1741680000000,0.00232,0.00235,0.002311,0.002336,330191593.0,2025-03-11 08:00:00+00:00
1741694400000,0.002336,0.002379,0.002258,0.002354,1005717548.0,2025-03-11 12:00:00+00:00
1741708800000,0.002354,0.002433,0.002319,0.002417,524947744.0,2025-03-11 16:00:00+00:00
1741723200000,0.002416,0.002418,0.002366,0.002376,243403830.0,2025-03-11 20:00:00+00:00
1741737600000,0.002376,0.002397,0.002306,0.002307,652690509.0,2025-03-12 00:00:00+00:00
1741752000000,0.002307,0.002342,0.002284,0.002338,227719466.0,2025-03-12 04:00:00+00:00
1741766400000,0.002338,0.002404,0.002331,0.002389,410538849.0,2025-03-12 08:00:00+00:00
1741780800000,0.00239,0.002445,0.002309,0.002358,625019331.0,2025-03-12 12:00:00+00:00
1741795200000,0.002358,0.002418,0.002354,0.002397,272732109.0,2025-03-12 16:00:00+00:00
1741809600000,0.002396,0.002452,0.002393,0.002447,432167661.0,2025-03-12 20:00:00+00:00
1741824000000,0.002447,0.002453,0.002413,0.002429,454242834.0,2025-03-13 00:00:00+00:00
1741838400000,0.002429,0.002433,0.002373,0.00239,353737532.0,2025-03-13 04:00:00+00:00
1741852800000,0.00239,0.002452,0.002373,0.002443,355316707.0,2025-03-13 08:00:00+00:00
1741867200000,0.002442,0.002464,0.002383,0.002388,544552476.0,2025-03-13 12:00:00+00:00
1741881600000,0.002389,0.002394,0.002305,0.002342,365512671.0,2025-03-13 16:00:00+00:00
1741896000000,0.002342,0.002392,0.002315,0.002362,258856653.0,2025-03-13 20:00:00+00:00
1741910400000,0.002362,0.002397,0.002356,0.002388,236229519.0,2025-03-14 00:00:00+00:00
1741924800000,0.002387,0.002427,0.002377,0.002413,289656657.0,2025-03-14 04:00:00+00:00
1741939200000,0.002414,0.002455,0.002414,0.002433,250559153.0,2025-03-14 08:00:00+00:00
1741953600000,0.002433,0.002489,0.00241,0.002464,501616590.0,2025-03-14 12:00:00+00:00
1741968000000,0.002464,0.002475,0.002442,0.002454,306560300.0,2025-03-14 16:00:00+00:00
1741982400000,0.002453,0.002474,0.00244,0.002453,199194688.0,2025-03-14 20:00:00+00:00
1741996800000,0.002453,0.002482,0.002444,0.002481,158160109.0,2025-03-15 00:00:00+00:00
1742011200000,0.00248,0.002495,0.002471,0.00248,250694603.0,2025-03-15 04:00:00+00:00
1742025600000,0.002481,0.002501,0.00247,0.002498,143005648.0,2025-03-15 08:00:00+00:00
1742040000000,0.002498,0.00255,0.002486,0.002515,426572751.0,2025-03-15 12:00:00+00:00
1742054400000,0.002516,0.002519,0.002493,0.002509,152482169.0,2025-03-15 16:00:00+00:00
1742068800000,0.00251,0.002553,0.002502,0.002503,205060950.0,2025-03-15 20:00:00+00:00
1742083200000,0.002503,0.00252,0.002476,0.002501,221775978.0,2025-03-16 00:00:00+00:00
1742097600000,0.0025,0.002566,0.002494,0.002547,165666667.0,2025-03-16 04:00:00+00:00
1742112000000,0.002546,0.002648,0.002493,0.002507,1704592547.0,2025-03-16 08:00:00+00:00
1742126400000,0.002508,0.002525,0.00242,0.002466,579030687.0,2025-03-16 12:00:00+00:00
1742140800000,0.002466,0.002536,0.002444,0.002447,1065252642.0,2025-03-16 16:00:00+00:00
1742155200000,0.002448,0.002464,0.002418,0.002439,178483221.0,2025-03-16 20:00:00+00:00
1742169600000,0.002438,0.002501,0.002433,0.002495,233222828.0,2025-03-17 00:00:00+00:00
1742184000000,0.002496,0.002661,0.002496,0.002647,1871076905.0,2025-03-17 04:00:00+00:00
1742198400000,0.002647,0.002754,0.002597,0.002705,2350143646.0,2025-03-17 08:00:00+00:00
1742212800000,0.002705,0.002735,0.002596,0.002633,1131669719.0,2025-03-17 12:00:00+00:00
1742227200000,0.002634,0.00266,0.00262,0.002642,448800764.0,2025-03-17 16:00:00+00:00
1742241600000,0.002642,0.002711,0.002634,0.002656,624386744.0,2025-03-17 20:00:00+00:00
1742256000000,0.002656,0.002662,0.002527,0.002537,689510828.0,2025-03-18 00:00:00+00:00
1742270400000,0.002536,0.002558,0.002485,0.002521,535072736.0,2025-03-18 04:00:00+00:00
1742284800000,0.002521,0.002548,0.002501,0.002503,342279422.0,2025-03-18 08:00:00+00:00
1742299200000,0.002503,0.002535,0.002484,0.002489,367154174.0,2025-03-18 12:00:00+00:00
1742313600000,0.002489,0.00254,0.002477,0.002539,233428197.0,2025-03-18 16:00:00+00:00
1742328000000,0.00254,0.002604,0.002513,0.002585,249041813.0,2025-03-18 20:00:00+00:00
1742342400000,0.002585,0.002605,0.002543,0.002582,265459024.0,2025-03-19 00:00:00+00:00
1742356800000,0.002582,0.002617,0.002578,0.002598,195456797.0,2025-03-19 04:00:00+00:00
1742371200000,0.002597,0.002647,0.002583,0.00263,357655658.0,2025-03-19 08:00:00+00:00
1742385600000,0.00263,0.002653,0.002596,0.002621,457112476.0,2025-03-19 12:00:00+00:00
1742400000000,0.002622,0.002643,0.002574,0.002615,410392273.0,2025-03-19 16:00:00+00:00
1742414400000,0.002616,0.002643,0.0026,0.002637,155979022.0,2025-03-19 20:00:00+00:00
1742428800000,0.002637,0.002646,0.002577,0.002595,192222893.0,2025-03-20 00:00:00+00:00
1742443200000,0.002594,0.002609,0.002582,0.002595,139843743.0,2025-03-20 04:00:00+00:00
1742457600000,0.002596,0.002617,0.00256,0.002582,178805053.0,2025-03-20 08:00:00+00:00
1742472000000,0.002583,0.002607,0.002547,0.002553,172671650.0,2025-03-20 12:00:00+00:00
1742486400000,0.002553,0.002574,0.002512,0.002543,220573842.0,2025-03-20 16:00:00+00:00
1742500800000,0.002544,0.002556,0.002527,0.002538,109331019.0,2025-03-20 20:00:00+00:00
1742515200000,0.002538,0.002554,0.002504,0.002512,133755756.0,2025-03-21 00:00:00+00:00
1742529600000,0.00251,0.002522,0.002479,0.002486,137556345.0,2025-03-21 04:00:00+00:00
1742544000000,0.002486,0.002494,0.002425,0.002438,301256248.0,2025-03-21 08:00:00+00:00
1742558400000,0.002437,0.002471,0.002418,0.002431,377182807.0,2025-03-21 12:00:00+00:00
1742572800000,0.002431,0.002456,0.002425,0.002433,164182818.0,2025-03-21 16:00:00+00:00
1742587200000,0.002432,0.002463,0.002422,0.002434,192746244.0,2025-03-21 20:00:00+00:00
1742601600000,0.002434,0.002449,0.002404,0.002426,204354576.0,2025-03-22 00:00:00+00:00
1742616000000,0.002426,0.002458,0.002423,0.002442,124505094.0,2025-03-22 04:00:00+00:00
1742630400000,0.002443,0.002486,0.002442,0.002461,178764021.0,2025-03-22 08:00:00+00:00
1742644800000,0.002462,0.002464,0.002429,0.002445,123626959.0,2025-03-22 12:00:00+00:00
1742659200000,0.002445,0.002489,0.002438,0.00248,141535721.0,2025-03-22 16:00:00+00:00
1742673600000,0.00248,0.002492,0.002424,0.002456,200456898.0,2025-03-22 20:00:00+00:00
1742688000000,0.002457,0.002461,0.002423,0.002447,217002386.0,2025-03-23 00:00:00+00:00
1742702400000,0.002448,0.002449,0.002412,0.002438,132574958.0,2025-03-23 04:00:00+00:00
1742716800000,0.002438,0.002447,0.002418,0.002432,108636208.0,2025-03-23 08:00:00+00:00
1742731200000,0.002433,0.002436,0.002402,0.002413,183000429.0,2025-03-23 12:00:00+00:00
1742745600000,0.002414,0.002414,0.002364,0.002393,309237038.0,2025-03-23 16:00:00+00:00
1742760000000,0.002393,0.002414,0.002387,0.002414,109846637.0,2025-03-23 20:00:00+00:00
1742774400000,0.002415,0.002419,0.002383,0.002416,431040251.0,2025-03-24 00:00:00+00:00
1742788800000,0.002415,0.00248,0.002415,0.002468,284875033.0,2025-03-24 04:00:00+00:00
1742803200000,0.002467,0.002492,0.002465,0.002485,182053603.0,2025-03-24 08:00:00+00:00
1742817600000,0.002485,0.002534,0.002474,0.002507,403941131.0,2025-03-24 12:00:00+00:00
1742832000000,0.002507,0.002516,0.00248,0.002494,216376273.0,2025-03-24 16:00:00+00:00
1742846400000,0.002494,0.002516,0.002487,0.002502,162093555.0,2025-03-24 20:00:00+00:00
1742860800000,0.002501,0.002527,0.002423,0.00245,426420826.0,2025-03-25 00:00:00+00:00
1742875200000,0.002449,0.002497,0.002441,0.002471,287079188.0,2025-03-25 04:00:00+00:00
1742889600000,0.002471,0.002539,0.00247,0.002535,223095740.0,2025-03-25 08:00:00+00:00
1742904000000,0.002536,0.00258,0.002516,0.002546,373003401.0,2025-03-25 12:00:00+00:00
1742918400000,0.002546,0.002593,0.002519,0.002575,262234753.0,2025-03-25 16:00:00+00:00
1742932800000,0.002574,0.002583,0.002544,0.002565,198692834.0,2025-03-25 20:00:00+00:00
1742947200000,0.002564,0.002576,0.002516,0.002524,218305280.0,2025-03-26 00:00:00+00:00
1742961600000,0.002523,0.002636,0.002512,0.002629,312037679.0,2025-03-26 04:00:00+00:00
1742976000000,0.00263,0.002644,0.002602,0.00263,225895025.0,2025-03-26 08:00:00+00:00
1742990400000,0.00263,0.002725,0.002574,0.002584,2024321440.0,2025-03-26 12:00:00+00:00
1743004800000,0.002583,0.002591,0.002493,0.002551,490933566.0,2025-03-26 16:00:00+00:00
1743019200000,0.002551,0.002625,0.00253,0.002566,450398642.0,2025-03-26 20:00:00+00:00
1743033600000,0.002566,0.002597,0.00253,0.002594,510462379.0,2025-03-27 00:00:00+00:00
1743048000000,0.002594,0.002651,0.002555,0.002569,612593685.0,2025-03-27 04:00:00+00:00
1743062400000,0.002569,0.002579,0.002506,0.00251,318460534.0,2025-03-27 08:00:00+00:00
1743076800000,0.00251,0.002574,0.002497,0.002552,449161914.0,2025-03-27 12:00:00+00:00
1743091200000,0.002552,0.002578,0.002522,0.002558,202321019.0,2025-03-27 16:00:00+00:00
1743105600000,0.002559,0.002575,0.002543,0.002557,110633118.0,2025-03-27 20:00:00+00:00
1743120000000,0.002558,0.002652,0.002526,0.00254,1366466067.0,2025-03-28 00:00:00+00:00
1743134400000,0.002539,0.002542,0.00238,0.002383,658171048.0,2025-03-28 04:00:00+00:00
1743148800000,0.002383,0.002414,0.002373,0.002412,327530953.0,2025-03-28 08:00:00+00:00
1743163200000,0.002411,0.002427,0.002366,0.00237,379634619.0,2025-03-28 12:00:00+00:00
1743177600000,0.002369,0.002379,0.002311,0.002323,394756301.0,2025-03-28 16:00:00+00:00
1743192000000,0.002323,0.002363,0.002304,0.002358,256551788.0,2025-03-28 20:00:00+00:00
1743206400000,0.002357,0.002373,0.002292,0.002338,443473813.0,2025-03-29 00:00:00+00:00
1743220800000,0.002337,0.002346,0.002254,0.002263,309888963.0,2025-03-29 04:00:00+00:00
1743235200000,0.002263,0.002286,0.002192,0.002211,373114521.0,2025-03-29 08:00:00+00:00
1743249600000,0.002211,0.002247,0.002204,0.002212,332021217.0,2025-03-29 12:00:00+00:00
1743264000000,0.002212,0.002222,0.002159,0.002196,414366613.0,2025-03-29 16:00:00+00:00
1743278400000,0.002197,0.002216,0.002161,0.002213,225569540.0,2025-03-29 20:00:00+00:00
1743292800000,0.002213,0.002256,0.002174,0.002243,347082553.0,2025-03-30 00:00:00+00:00
1743307200000,0.002242,0.002292,0.002242,0.002277,188833760.0,2025-03-30 04:00:00+00:00
1743321600000,0.002277,0.002299,0.002256,0.002276,193478100.0,2025-03-30 08:00:00+00:00
1743336000000,0.002276,0.002298,0.002238,0.002272,408623462.0,2025-03-30 12:00:00+00:00
1743350400000,0.002272,0.002306,0.002238,0.00228,313213742.0,2025-03-30 16:00:00+00:00
1743364800000,0.002281,0.002303,0.002238,0.002279,308076306.0,2025-03-30 20:00:00+00:00
1743379200000,0.00228,0.002286,0.002213,0.002236,409942680.0,2025-03-31 00:00:00+00:00
1743393600000,0.002237,0.002281,0.002214,0.002232,277754643.0,2025-03-31 04:00:00+00:00
1743408000000,0.002233,0.002252,0.002187,0.002237,410407037.0,2025-03-31 08:00:00+00:00
1743422400000,0.002237,0.002284,0.002205,0.002258,455472840.0,2025-03-31 12:00:00+00:00
1743436800000,0.002259,0.002287,0.002225,0.002242,285122656.0,2025-03-31 16:00:00+00:00
1743451200000,0.002243,0.002267,0.002225,0.002252,175457822.0,2025-03-31 20:00:00+00:00
1743465600000,0.002253,0.002292,0.002242,0.002272,281007118.0,2025-04-01 00:00:00+00:00
1743480000000,0.002274,0.002295,0.002265,0.002273,206919932.0,2025-04-01 04:00:00+00:00
1743494400000,0.002274,0.002339,0.002263,0.002278,474213452.0,2025-04-01 08:00:00+00:00
1743508800000,0.002278,0.00234,0.002254,0.002339,342018972.0,2025-04-01 12:00:00+00:00
1743523200000,0.00234,0.002344,0.002284,0.002296,222272642.0,2025-04-01 16:00:00+00:00
1743537600000,0.002297,0.002305,0.002261,0.002277,166713631.0,2025-04-01 20:00:00+00:00
1743552000000,0.002276,0.002292,0.002176,0.002226,377102811.0,2025-04-02 00:00:00+00:00
1743566400000,0.002226,0.002227,0.002157,0.002178,287367396.0,2025-04-02 04:00:00+00:00
1743580800000,0.002178,0.002234,0.002167,0.002197,230126787.0,2025-04-02 08:00:00+00:00
1743595200000,0.002197,0.002283,0.002168,0.002249,587463388.0,2025-04-02 12:00:00+00:00
1743609600000,0.002249,0.002264,0.002194,0.002237,285248840.0,2025-04-02 16:00:00+00:00
1743624000000,0.002238,0.002291,0.002017,0.002056,1043493914.0,2025-04-02 20:00:00+00:00
1743638400000,0.002054,0.00214,0.002047,0.002131,348124189.0,2025-04-03 00:00:00+00:00
1743652800000,0.00213,0.002146,0.002093,0.002108,259813768.0,2025-04-03 04:00:00+00:00
1743667200000,0.002109,0.002125,0.002039,0.00207,338962884.0,2025-04-03 08:00:00+00:00
1743681600000,0.00207,0.002083,0.002019,0.00205,414664279.0,2025-04-03 12:00:00+00:00
1743696000000,0.00205,0.002092,0.002039,0.002072,218099220.0,2025-04-03 16:00:00+00:00
1743710400000,0.002073,0.002126,0.00207,0.002117,266601715.0,2025-04-03 20:00:00+00:00
1743724800000,0.002118,0.002123,0.002086,0.002116,242929146.0,2025-04-04 00:00:00+00:00
1743739200000,0.002116,0.002139,0.0021,0.002124,254189633.0,2025-04-04 04:00:00+00:00
1743753600000,0.002125,0.002138,0.002034,0.002058,381828676.0,2025-04-04 08:00:00+00:00
1743768000000,0.002057,0.002133,0.002043,0.002098,698689879.0,2025-04-04 12:00:00+00:00
1743782400000,0.002098,0.002142,0.002088,0.002125,306688683.0,2025-04-04 16:00:00+00:00
1743796800000,0.002125,0.002136,0.00211,0.002124,141483400.0,2025-04-04 20:00:00+00:00
1743811200000,0.002124,0.002135,0.00211,0.002118,192064151.0,2025-04-05 00:00:00+00:00
1743825600000,0.002118,0.002126,0.002105,0.002122,124438338.0,2025-04-05 04:00:00+00:00
1743840000000,0.002121,0.002136,0.002114,0.002115,169618870.0,2025-04-05 08:00:00+00:00
1743854400000,0.002115,0.002118,0.002067,0.002073,199205978.0,2025-04-05 12:00:00+00:00
1743868800000,0.002074,0.002083,0.002067,0.002073,148329661.0,2025-04-05 16:00:00+00:00
1743883200000,0.002074,0.002092,0.002063,0.002084,126889812.0,2025-04-05 20:00:00+00:00
1743897600000,0.002085,0.002087,0.002056,0.002062,152123562.0,2025-04-06 00:00:00+00:00
1743912000000,0.002061,0.002076,0.00205,0.002052,127588151.0,2025-04-06 04:00:00+00:00
1743926400000,0.002051,0.002068,0.002033,0.002043,164390941.0,2025-04-06 08:00:00+00:00
1743940800000,0.002042,0.002046,0.001971,0.002008,390141737.0,2025-04-06 12:00:00+00:00
1743955200000,0.002007,0.002017,0.001853,0.001885,819457639.0,2025-04-06 16:00:00+00:00
1743969600000,0.001885,0.00189,0.001807,0.001854,625435864.0,2025-04-06 20:00:00+00:00
1743984000000,0.001855,0.001898,0.00178,0.0018,613981725.0,2025-04-07 00:00:00+00:00
1743998400000,0.001798,0.001837,0.001666,0.001722,1285213134.0,2025-04-07 04:00:00+00:00
1744012800000,0.001721,0.001822,0.001713,0.001783,604089324.0,2025-04-07 08:00:00+00:00
1744027200000,0.001784,0.001979,0.001781,0.001883,2265464267.0,2025-04-07 12:00:00+00:00
1744041600000,0.001882,0.001919,0.001852,0.00189,586373020.0,2025-04-07 16:00:00+00:00
1744056000000,0.001892,0.001943,0.00189,0.001911,338050292.0,2025-04-07 20:00:00+00:00
1744070400000,0.001911,0.001966,0.001902,0.001939,366626380.0,2025-04-08 00:00:00+00:00
1744084800000,0.001939,0.00195,0.001895,0.001904,248222689.0,2025-04-08 04:00:00+00:00
1744099200000,0.001903,0.001956,0.001888,0.001953,259417621.0,2025-04-08 08:00:00+00:00
1744113600000,0.001953,0.001963,0.001905,0.001928,381315642.0,2025-04-08 12:00:00+00:00
1744128000000,0.001928,0.001929,0.001846,0.001866,620456051.0,2025-04-08 16:00:00+00:00
1744142400000,0.001866,0.001895,0.001844,0.001855,410455200.0,2025-04-08 20:00:00+00:00
1744156800000,0.001856,0.001876,0.001783,0.00186,535463900.0,2025-04-09 00:00:00+00:00
1744171200000,0.001858,0.001931,0.001856,0.001919,359881389.0,2025-04-09 04:00:00+00:00
1744185600000,0.00192,0.001946,0.001881,0.001895,456863191.0,2025-04-09 08:00:00+00:00
1744200000000,0.001896,0.001948,0.001875,0.001924,377430806.0,2025-04-09 12:00:00+00:00
1744214400000,0.001925,0.002085,0.001919,0.00205,1147725850.0,2025-04-09 16:00:00+00:00
1744228800000,0.00205,0.002086,0.002046,0.00207,276268252.0,2025-04-09 20:00:00+00:00
1744243200000,0.002069,0.002073,0.002007,0.002027,326511849.0,2025-04-10 00:00:00+00:00
1744257600000,0.002027,0.002061,0.002014,0.00203,302522424.0,2025-04-10 04:00:00+00:00
1744272000000,0.002031,0.002038,0.002004,0.002018,159012127.0,2025-04-10 08:00:00+00:00
1744286400000,0.002017,0.002059,0.001947,0.001958,439559198.0,2025-04-10 12:00:00+00:00
1744300800000,0.001958,0.002008,0.00195,0.001997,303352678.0,2025-04-10 16:00:00+00:00
1744315200000,0.001999,0.002024,0.001998,0.00202,694199877.0,2025-04-10 20:00:00+00:00
1744329600000,0.00202,0.002062,0.002011,0.002054,201861974.0,2025-04-11 00:00:00+00:00
1744344000000,0.002055,0.002152,0.002054,0.002097,705327046.0,2025-04-11 04:00:00+00:00
1744358400000,0.002097,0.002141,0.002091,0.0021,388782472.0,2025-04-11 08:00:00+00:00
1744372800000,0.0021,0.002126,0.002083,0.002111,289935716.0,2025-04-11 12:00:00+00:00
1744387200000,0.002111,0.002143,0.002098,0.002127,185891528.0,2025-04-11 16:00:00+00:00
1744401600000,0.002127,0.002172,0.002124,0.002164,249979498.0,2025-04-11 20:00:00+00:00
1744416000000,0.002164,0.002165,0.002102,0.002108,262442876.0,2025-04-12 00:00:00+00:00
1744430400000,0.002109,0.00216,0.002099,0.002148,153461481.0,2025-04-12 04:00:00+00:00
1744444800000,0.00215,0.002167,0.00212,0.002133,225825842.0,2025-04-12 08:00:00+00:00
1744459200000,0.002133,0.002199,0.002129,0.002197,272269218.0,2025-04-12 12:00:00+00:00
1744473600000,0.002197,0.002214,0.002182,0.002189,158620672.0,2025-04-12 16:00:00+00:00
1744488000000,0.00219,0.002226,0.002189,0.002206,121576165.0,2025-04-12 20:00:00+00:00
1744502400000,0.002207,0.002276,0.00218,0.002187,845411247.0,2025-04-13 00:00:00+00:00
1744516800000,0.002187,0.002187,0.002143,0.002153,227010308.0,2025-04-13 04:00:00+00:00
1744531200000,0.002152,0.002194,0.002139,0.002173,171879661.0,2025-04-13 08:00:00+00:00
1744545600000,0.002172,0.002178,0.002124,0.002143,157444496.0,2025-04-13 12:00:00+00:00
1744560000000,0.002142,0.002221,0.002113,0.002137,288835795.0,2025-04-13 16:00:00+00:00
1744574400000,0.002137,0.002164,0.002082,0.0021,218777247.0,2025-04-13 20:00:00+00:00
1744588800000,0.002101,0.002157,0.002088,0.002099,320087579.0,2025-04-14 00:00:00+00:00
1744603200000,0.002101,0.002128,0.002065,0.00209,154804527.0,2025-04-14 04:00:00+00:00
1744617600000,0.00209,0.003281,0.002079,0.00322,46562557735.0,2025-04-14 08:00:00+00:00
1744632000000,0.00322,0.00335,0.002745,0.002762,50643047350.0,2025-04-14 12:00:00+00:00
1744646400000,0.002762,0.002962,0.00271,0.002872,21227035901.0,2025-04-14 16:00:00+00:00
1744660800000,0.002871,0.003076,0.002842,0.002997,18277956750.0,2025-04-14 20:00:00+00:00
1744675200000,0.002997,0.003243,0.002934,0.003031,33841918598.0,2025-04-15 00:00:00+00:00
1744689600000,0.003032,0.003123,0.002798,0.003097,29651327920.0,2025-04-15 04:00:00+00:00
1744704000000,0.003097,0.003112,0.00289,0.002929,18275287577.0,2025-04-15 08:00:00+00:00
1744718400000,0.002928,0.002991,0.002818,0.002854,10662687665.0,2025-04-15 12:00:00+00:00
1744732800000,0.002852,0.002863,0.002716,0.002768,6824448608.0,2025-04-15 16:00:00+00:00
1744747200000,0.002767,0.002962,0.002758,0.002887,7642848860.0,2025-04-15 20:00:00+00:00
1744761600000,0.002887,0.002951,0.002671,0.002717,9250541719.0,2025-04-16 00:00:00+00:00
1744776000000,0.002718,0.002767,0.002659,0.002688,4254685768.0,2025-04-16 04:00:00+00:00
1744790400000,0.002688,0.002745,0.002587,0.002611,6873634028.0,2025-04-16 08:00:00+00:00
1744804800000,0.00261,0.002635,0.002504,0.002542,5428097670.0,2025-04-16 12:00:00+00:00
1744819200000,0.002542,0.002549,0.002465,0.002512,4072618175.0,2025-04-16 16:00:00+00:00
1744833600000,0.002511,0.002519,0.002423,0.002454,4019051132.0,2025-04-16 20:00:00+00:00
1744848000000,0.002454,0.002495,0.002384,0.002421,5220206333.0,2025-04-17 00:00:00+00:00
1744862400000,0.002421,0.002489,0.002393,0.002446,3887970883.0,2025-04-17 04:00:00+00:00
1744876800000,0.002446,0.002454,0.002377,0.00244,3732587252.0,2025-04-17 08:00:00+00:00
1744891200000,0.002439,0.002633,0.002437,0.002514,8721573766.0,2025-04-17 12:00:00+00:00
1744905600000,0.002513,0.002558,0.002468,0.002471,2934876888.0,2025-04-17 16:00:00+00:00
1744920000000,0.00247,0.002525,0.002445,0.002508,2278470626.0,2025-04-17 20:00:00+00:00
1744934400000,0.002508,0.002632,0.002419,0.002478,6293567234.0,2025-04-18 00:00:00+00:00
1744948800000,0.002477,0.002485,0.002418,0.002449,2740703504.0,2025-04-18 04:00:00+00:00
1744963200000,0.002448,0.002543,0.002435,0.002535,2240303412.0,2025-04-18 08:00:00+00:00
1744977600000,0.002534,0.002554,0.002448,0.002541,2516467040.0,2025-04-18 12:00:00+00:00
1744992000000,0.002541,0.00262,0.002524,0.002606,2557566751.0,2025-04-18 16:00:00+00:00
1745006400000,0.002606,0.002615,0.002556,0.002563,1563536476.0,2025-04-18 20:00:00+00:00
1745020800000,0.002562,0.002635,0.002518,0.002589,2804532646.0,2025-04-19 00:00:00+00:00
1745035200000,0.002588,0.002595,0.002526,0.002546,1553108840.0,2025-04-19 04:00:00+00:00
1745049600000,0.002546,0.002629,0.002544,0.002573,2164267350.0,2025-04-19 08:00:00+00:00
1745064000000,0.002574,0.002579,0.002493,0.002508,1690018286.0,2025-04-19 12:00:00+00:00
1745078400000,0.002508,0.00255,0.002505,0.002523,1185977532.0,2025-04-19 16:00:00+00:00
1745092800000,0.002523,0.002536,0.002486,0.002491,1202522347.0,2025-04-19 20:00:00+00:00
1745107200000,0.002491,0.002872,0.002439,0.002826,6072367102.0,2025-04-20 00:00:00+00:00
1745121600000,0.002828,0.003042,0.002667,0.002691,8586827550.0,2025-04-20 04:00:00+00:00
1745136000000,0.00269,0.00277,0.002591,0.002603,3492490972.0,2025-04-20 08:00:00+00:00
1745150400000,0.002604,0.002607,0.002525,0.002535,1421403894.0,2025-04-20 12:00:00+00:00
1745164800000,0.002535,0.002555,0.002506,0.002514,761069422.0,2025-04-20 16:00:00+00:00
1745179200000,0.002514,0.002557,0.002496,0.002546,874151662.0,2025-04-20 20:00:00+00:00
1745193600000,0.002545,0.00259,0.002508,0.002571,2023770994.0,2025-04-21 00:00:00+00:00
1745208000000,0.002571,0.002608,0.00253,0.002535,1244343903.0,2025-04-21 04:00:00+00:00
1745222400000,0.002535,0.002554,0.002492,0.002506,895337857.0,2025-04-21 08:00:00+00:00
1745236800000,0.002506,0.002528,0.002487,0.002505,942759582.0,2025-04-21 12:00:00+00:00
1745251200000,0.002506,0.002564,0.002445,0.00253,1182169248.0,2025-04-21 16:00:00+00:00
1745265600000,0.00253,0.002535,0.002478,0.002493,594805906.0,2025-04-21 20:00:00+00:00
1745280000000,0.002493,0.002525,0.002433,0.002465,1333696756.0,2025-04-22 00:00:00+00:00
1745294400000,0.002466,0.002477,0.002372,0.002421,1224675022.0,2025-04-22 04:00:00+00:00
1745308800000,0.002421,0.002445,0.002404,0.002444,651239056.0,2025-04-22 08:00:00+00:00
1745323200000,0.002443,0.002506,0.002407,0.002502,1069738068.0,2025-04-22 12:00:00+00:00
1745337600000,0.002503,0.002537,0.002494,0.002515,704727527.0,2025-04-22 16:00:00+00:00
1745352000000,0.002515,0.002581,0.002499,0.002563,818383126.0,2025-04-22 20:00:00+00:00
1745366400000,0.002564,0.002602,0.002557,0.002594,1045511867.0,2025-04-23 00:00:00+00:00
1745380800000,0.002594,0.002627,0.002567,0.002621,711221712.0,2025-04-23 04:00:00+00:00
1745395200000,0.00262,0.002678,0.002597,0.002629,1109337256.0,2025-04-23 08:00:00+00:00
1745409600000,0.002629,0.002713,0.002614,0.002709,1452654822.0,2025-04-23 12:00:00+00:00
1745424000000,0.002708,0.002729,0.002656,0.002684,972354991.0,2025-04-23 16:00:00+00:00
1745438400000,0.002684,0.002696,0.00264,0.002653,468600926.0,2025-04-23 20:00:00+00:00
1745452800000,0.002653,0.002662,0.002529,0.002533,829176056.0,2025-04-24 00:00:00+00:00
1745467200000,0.002532,0.002599,0.002532,0.002541,484130580.0,2025-04-24 04:00:00+00:00
1745481600000,0.002541,0.002562,0.002494,0.002535,694864710.0,2025-04-24 08:00:00+00:00
1745496000000,0.002536,0.002645,0.002531,0.002633,689748540.0,2025-04-24 12:00:00+00:00
1745510400000,0.002632,0.002647,0.002576,0.002612,359006367.0,2025-04-24 16:00:00+00:00
1745524800000,0.002613,0.002644,0.002602,0.002636,298208851.0,2025-04-24 20:00:00+00:00
1745539200000,0.002637,0.002681,0.002582,0.002615,437409513.0,2025-04-25 00:00:00+00:00
1745553600000,0.002615,0.002718,0.002608,0.002702,550281654.0,2025-04-25 04:00:00+00:00
1745568000000,0.002703,0.002733,0.002676,0.002702,472195927.0,2025-04-25 08:00:00+00:00
1745582400000,0.002703,0.002721,0.002662,0.002696,413369142.0,2025-04-25 12:00:00+00:00
1745596800000,0.002697,0.002768,0.002667,0.00274,603062482.0,2025-04-25 16:00:00+00:00
1745611200000,0.00274,0.002773,0.00272,0.002761,364735917.0,2025-04-25 20:00:00+00:00
1745625600000,0.002762,0.002857,0.002746,0.002809,869471785.0,2025-04-26 00:00:00+00:00
1745640000000,0.002809,0.00283,0.002766,0.002786,623020892.0,2025-04-26 04:00:00+00:00
1745654400000,0.002785,0.002801,0.002664,0.002676,741724014.0,2025-04-26 08:00:00+00:00
1745668800000,0.002676,0.002785,0.002676,0.002771,699620446.0,2025-04-26 12:00:00+00:00
1745683200000,0.00277,0.002787,0.002736,0.002762,248554032.0,2025-04-26 16:00:00+00:00
1745697600000,0.002762,0.002789,0.002746,0.00278,252809234.0,2025-04-26 20:00:00+00:00
1745712000000,0.00278,0.002951,0.00271,0.002738,3139817505.0,2025-04-27 00:00:00+00:00
1745726400000,0.002738,0.002749,0.002641,0.002693,593509390.0,2025-04-27 04:00:00+00:00
1745740800000,0.002693,0.002711,0.002678,0.002686,247544040.0,2025-04-27 08:00:00+00:00
1745755200000,0.002686,0.002693,0.002625,0.002648,570180667.0,2025-04-27 12:00:00+00:00
1745769600000,0.002648,0.002669,0.002618,0.002665,232460385.0,2025-04-27 16:00:00+00:00
1745784000000,0.002665,0.002685,0.00263,0.002631,258021334.0,2025-04-27 20:00:00+00:00
1745798400000,0.002632,0.00265,0.002545,0.002643,639026313.0,2025-04-28 00:00:00+00:00
1745812800000,0.002644,0.002703,0.002631,0.002694,405017689.0,2025-04-28 04:00:00+00:00
1745827200000,0.002694,0.002747,0.002675,0.002726,477470429.0,2025-04-28 08:00:00+00:00
1745841600000,0.002727,0.002741,0.002613,0.002645,551845258.0,2025-04-28 12:00:00+00:00
1745856000000,0.002644,0.002728,0.002626,0.002716,358511952.0,2025-04-28 16:00:00+00:00
1745870400000,0.002715,0.00273,0.002694,0.002728,225266120.0,2025-04-28 20:00:00+00:00
1745884800000,0.002729,0.002803,0.002724,0.002734,917785833.0,2025-04-29 00:00:00+00:00
1745899200000,0.002734,0.002737,0.002685,0.00273,384691072.0,2025-04-29 04:00:00+00:00
1745913600000,0.002729,0.002732,0.002632,0.002671,333963175.0,2025-04-29 08:00:00+00:00
1745928000000,0.002671,0.002684,0.002625,0.002655,265527693.0,2025-04-29 12:00:00+00:00
1745942400000,0.002656,0.002676,0.002645,0.002653,156954973.0,2025-04-29 16:00:00+00:00
1745956800000,0.002654,0.002666,0.002547,0.002609,519267204.0,2025-04-29 20:00:00+00:00
1745971200000,0.002609,0.002653,0.002584,0.002637,354428430.0,2025-04-30 00:00:00+00:00
1745985600000,0.002637,0.002654,0.002584,0.002602,211867186.0,2025-04-30 04:00:00+00:00
1746000000000,0.002602,0.002677,0.002592,0.002649,308398872.0,2025-04-30 08:00:00+00:00
1746014400000,0.00265,0.002651,0.002453,0.002551,661296840.0,2025-04-30 12:00:00+00:00
1746028800000,0.002551,0.002584,0.002524,0.002552,190662292.0,2025-04-30 16:00:00+00:00
1746043200000,0.002553,0.002576,0.002545,0.002568,170721037.0,2025-04-30 20:00:00+00:00
1746057600000,0.002569,0.002655,0.002551,0.002613,462755009.0,2025-05-01 00:00:00+00:00
1746072000000,0.002613,0.002677,0.002599,0.002669,417957800.0,2025-05-01 04:00:00+00:00
1746086400000,0.002669,0.002699,0.002641,0.002655,503262144.0,2025-05-01 08:00:00+00:00
1746100800000,0.002656,0.00267,0.002602,0.002632,329513318.0,2025-05-01 12:00:00+00:00
1746115200000,0.002633,0.00267,0.002623,0.002646,461741638.0,2025-05-01 16:00:00+00:00
1746129600000,0.002646,0.002669,0.002617,0.002632,212267067.0,2025-05-01 20:00:00+00:00
1746144000000,0.002632,0.002654,0.002606,0.002635,291978752.0,2025-05-02 00:00:00+00:00
1746158400000,0.002635,0.002651,0.002604,0.002613,327384418.0,2025-05-02 04:00:00+00:00
1746172800000,0.002613,0.002656,0.002607,0.00262,264101378.0,2025-05-02 08:00:00+00:00
1746187200000,0.00262,0.002644,0.002597,0.002622,376554962.0,2025-05-02 12:00:00+00:00
1746201600000,0.002621,0.002647,0.002595,0.002603,226429028.0,2025-05-02 16:00:00+00:00
1746216000000,0.002601,0.002648,0.002595,0.002632,199761360.0,2025-05-02 20:00:00+00:00
1746230400000,0.002631,0.002637,0.002559,0.002586,356490505.0,2025-05-03 00:00:00+00:00
1746244800000,0.002585,0.002597,0.002568,0.002578,203804335.0,2025-05-03 04:00:00+00:00
1746259200000,0.002578,0.002582,0.002517,0.002519,287385791.0,2025-05-03 08:00:00+00:00
1746273600000,0.002519,0.002572,0.002519,0.002554,322234998.0,2025-05-03 12:00:00+00:00
1746288000000,0.002554,0.002555,0.002457,0.002522,474218177.0,2025-05-03 16:00:00+00:00
1746302400000,0.002522,0.002524,0.002489,0.002492,232736227.0,2025-05-03 20:00:00+00:00
1746316800000,0.002492,0.002508,0.002455,0.002464,322211131.0,2025-05-04 00:00:00+00:00
1746331200000,0.002465,0.002486,0.002388,0.002436,494246729.0,2025-05-04 04:00:00+00:00
1746345600000,0.002436,0.002467,0.002421,0.002461,499025015.0,2025-05-04 08:00:00+00:00
1746360000000,0.00246,0.002494,0.00243,0.002484,297173796.0,2025-05-04 12:00:00+00:00
1746374400000,0.002484,0.002486,0.002434,0.002461,273226206.0,2025-05-04 16:00:00+00:00
1746388800000,0.002461,0.002489,0.00245,0.002479,202572295.0,2025-05-04 20:00:00+00:00
1746403200000,0.002478,0.002496,0.002437,0.002479,281387471.0,2025-05-05 00:00:00+00:00
1746417600000,0.00248,0.002518,0.002479,0.002503,169400674.0,2025-05-05 04:00:00+00:00
1746432000000,0.002503,0.002516,0.002441,0.002449,266188648.0,2025-05-05 08:00:00+00:00
1746446400000,0.002449,0.002457,0.002413,0.002425,281503187.0,2025-05-05 12:00:00+00:00
1746460800000,0.002426,0.002496,0.002422,0.00247,209797660.0,2025-05-05 16:00:00+00:00
1746475200000,0.00247,0.002492,0.002431,0.002464,188181632.0,2025-05-05 20:00:00+00:00
1746489600000,0.002464,0.002491,0.002427,0.002478,248425148.0,2025-05-06 00:00:00+00:00
1746504000000,0.002478,0.00249,0.002446,0.002449,120570068.0,2025-05-06 04:00:00+00:00
1746518400000,0.002449,0.00245,0.002335,0.002352,477600998.0,2025-05-06 08:00:00+00:00
1746532800000,0.002352,0.002393,0.002336,0.002353,374630878.0,2025-05-06 12:00:00+00:00
1746547200000,0.002353,0.002393,0.002334,0.002381,249318669.0,2025-05-06 16:00:00+00:00
1746561600000,0.002381,0.00242,0.002311,0.002413,360802790.0,2025-05-06 20:00:00+00:00
1746576000000,0.002413,0.002442,0.00238,0.002408,290857427.0,2025-05-07 00:00:00+00:00
1746590400000,0.002408,0.002425,0.002385,0.002423,220917764.0,2025-05-07 04:00:00+00:00
1746604800000,0.002424,0.002442,0.002415,0.002441,211101752.0,2025-05-07 08:00:00+00:00
1746619200000,0.002441,0.002448,0.00241,0.002414,289849048.0,2025-05-07 12:00:00+00:00
1746633600000,0.002413,0.002422,0.00237,0.002384,445884560.0,2025-05-07 16:00:00+00:00
1746648000000,0.002384,0.002436,0.002376,0.002427,195019329.0,2025-05-07 20:00:00+00:00
1746662400000,0.002427,0.002493,0.002401,0.002493,452219464.0,2025-05-08 00:00:00+00:00
1746676800000,0.002494,0.002544,0.00249,0.002523,387408116.0,2025-05-08 04:00:00+00:00
1746691200000,0.002523,0.002558,0.002522,0.002542,275804358.0,2025-05-08 08:00:00+00:00
1746705600000,0.002543,0.002614,0.002526,0.002591,424551098.0,2025-05-08 12:00:00+00:00
1746720000000,0.002592,0.00262,0.002586,0.002614,414489356.0,2025-05-08 16:00:00+00:00
1746734400000,0.002614,0.002679,0.002606,0.002653,393848142.0,2025-05-08 20:00:00+00:00
1746748800000,0.002653,0.002688,0.002629,0.002649,547793017.0,2025-05-09 00:00:00+00:00
1746763200000,0.002649,0.002746,0.002644,0.002728,397807153.0,2025-05-09 04:00:00+00:00
1746777600000,0.002727,0.002779,0.002683,0.002736,806294699.0,2025-05-09 08:00:00+00:00
1746792000000,0.002736,0.002769,0.002692,0.002723,431694109.0,2025-05-09 12:00:00+00:00
1746806400000,0.002723,0.002756,0.00269,0.002723,239067190.0,2025-05-09 16:00:00+00:00
1746820800000,0.002723,0.002755,0.002718,0.002753,173549441.0,2025-05-09 20:00:00+00:00
1746835200000,0.002753,0.0028,0.002734,0.002764,425533087.0,2025-05-10 00:00:00+00:00
1746849600000,0.002765,0.002814,0.002733,0.00281,329150801.0,2025-05-10 04:00:00+00:00
1746864000000,0.002811,0.002827,0.002735,0.002755,473915947.0,2025-05-10 08:00:00+00:00
1746878400000,0.002756,0.002809,0.002755,0.002782,314277371.0,2025-05-10 12:00:00+00:00
1746892800000,0.002783,0.002855,0.002774,0.002832,320035780.0,2025-05-10 16:00:00+00:00
1746907200000,0.002833,0.002937,0.002817,0.002928,379279098.0,2025-05-10 20:00:00+00:00
1746921600000,0.002927,0.002957,0.002841,0.002873,539118696.0,2025-05-11 00:00:00+00:00
1746936000000,0.002872,0.002887,0.00274,0.002755,382271328.0,2025-05-11 04:00:00+00:00
1746950400000,0.002756,0.00282,0.002748,0.002817,284199367.0,2025-05-11 08:00:00+00:00
1746964800000,0.002818,0.002827,0.002738,0.002759,344653890.0,2025-05-11 12:00:00+00:00
1746979200000,0.002759,0.002801,0.002725,0.002781,276207770.0,2025-05-11 16:00:00+00:00
1746993600000,0.002781,0.002813,0.002768,0.002795,228561986.0,2025-05-11 20:00:00+00:00
1747008000000,0.002795,0.002842,0.002767,0.002819,532189310.0,2025-05-12 00:00:00+00:00
1747022400000,0.002818,0.002968,0.002777,0.002891,776443062.0,2025-05-12 04:00:00+00:00
1747036800000,0.002892,0.002917,0.002834,0.002841,412117003.0,2025-05-12 08:00:00+00:00
1747051200000,0.00284,0.002904,0.002745,0.00278,828848144.0,2025-05-12 12:00:00+00:00
1747065600000,0.00278,0.00287,0.00264,0.002759,906261401.0,2025-05-12 16:00:00+00:00
1747080000000,0.002758,0.002846,0.002739,0.002826,257673241.0,2025-05-12 20:00:00+00:00
1747094400000,0.002827,0.00283,0.002635,0.002637,592820143.0,2025-05-13 00:00:00+00:00
1747108800000,0.002637,0.002753,0.002632,0.002729,614032620.0,2025-05-13 04:00:00+00:00
1747123200000,0.002729,0.002797,0.00272,0.00278,266768080.0,2025-05-13 08:00:00+00:00
1747137600000,0.002778,0.002808,0.002727,0.002784,378580898.0,2025-05-13 12:00:00+00:00
1747152000000,0.002784,0.002904,0.00278,0.002885,385930149.0,2025-05-13 16:00:00+00:00
1747166400000,0.002884,0.002889,0.002836,0.00285,293787933.0,2025-05-13 20:00:00+00:00
1747180800000,0.002849,0.002891,0.002809,0.00284,427849455.0,2025-05-14 00:00:00+00:00
1747195200000,0.002841,0.002889,0.002823,0.002871,285900934.0,2025-05-14 04:00:00+00:00
1747209600000,0.00287,0.002879,0.002781,0.002828,823977901.0,2025-05-14 08:00:00+00:00
1747224000000,0.002828,0.002849,0.002731,0.002771,704058021.0,2025-05-14 12:00:00+00:00
1747238400000,0.002771,0.002779,0.002719,0.002755,316270472.0,2025-05-14 16:00:00+00:00
1747252800000,0.002755,0.002764,0.002708,0.002731,202297147.0,2025-05-14 20:00:00+00:00
1747267200000,0.002731,0.002766,0.002672,0.002684,498805308.0,2025-05-15 00:00:00+00:00
1747281600000,0.002684,0.002709,0.002575,0.00258,789659806.0,2025-05-15 04:00:00+00:00
1747296000000,0.002579,0.002635,0.002559,0.002599,523498803.0,2025-05-15 08:00:00+00:00
1747310400000,0.002599,0.002631,0.002522,0.002623,748949176.0,2025-05-15 12:00:00+00:00
1747324800000,0.002623,0.002674,0.002567,0.002598,475247195.0,2025-05-15 16:00:00+00:00
1747339200000,0.002599,0.002612,0.002521,0.002577,392756853.0,2025-05-15 20:00:00+00:00
1747353600000,0.002576,0.002621,0.002559,0.002603,341148594.0,2025-05-16 00:00:00+00:00
1747368000000,0.002604,0.002628,0.002579,0.002614,237361686.0,2025-05-16 04:00:00+00:00
1747382400000,0.002614,0.002643,0.002566,0.002619,289833576.0,2025-05-16 08:00:00+00:00
1747396800000,0.002619,0.002641,0.002587,0.002617,331133533.0,2025-05-16 12:00:00+00:00
1747411200000,0.002616,0.002628,0.002561,0.002576,272975470.0,2025-05-16 16:00:00+00:00
1747425600000,0.002576,0.002581,0.002508,0.002528,327786362.0,2025-05-16 20:00:00+00:00
1747440000000,0.002528,0.002545,0.002451,0.002493,462794690.0,2025-05-17 00:00:00+00:00
1747454400000,0.002494,0.002515,0.002467,0.002479,217947220.0,2025-05-17 04:00:00+00:00
1747468800000,0.002479,0.002497,0.002452,0.002482,288948835.0,2025-05-17 08:00:00+00:00
1747483200000,0.002481,0.002495,0.002441,0.002475,239976047.0,2025-05-17 12:00:00+00:00
1747497600000,0.002475,0.002486,0.002428,0.002458,293017248.0,2025-05-17 16:00:00+00:00
1747512000000,0.002458,0.0025,0.002451,0.002478,225096847.0,2025-05-17 20:00:00+00:00
1747526400000,0.002478,0.002507,0.002471,0.002487,208084422.0,2025-05-18 00:00:00+00:00
1747540800000,0.002486,0.002542,0.002484,0.002541,208253643.0,2025-05-18 04:00:00+00:00
1747555200000,0.002541,0.002566,0.002527,0.002529,231887004.0,2025-05-18 08:00:00+00:00
1747569600000,0.002528,0.002611,0.002517,0.002602,317198673.0,2025-05-18 12:00:00+00:00
1747584000000,0.002603,0.00261,0.002466,0.002466,686590623.0,2025-05-18 16:00:00+00:00
1747598400000,0.002465,0.00258,0.002426,0.002571,517309028.0,2025-05-18 20:00:00+00:00
1747612800000,0.002572,0.002584,0.002457,0.002463,456393117.0,2025-05-19 00:00:00+00:00
1747627200000,0.002463,0.002476,0.002389,0.002431,488995842.0,2025-05-19 04:00:00+00:00
1747641600000,0.002431,0.00244,0.002403,0.002431,261069012.0,2025-05-19 08:00:00+00:00
1747656000000,0.002431,0.002476,0.002392,0.002467,402255853.0,2025-05-19 12:00:00+00:00
1747670400000,0.002466,0.002508,0.002454,0.002476,337806976.0,2025-05-19 16:00:00+00:00
1747684800000,0.002475,0.002494,0.002459,0.002488,170163179.0,2025-05-19 20:00:00+00:00
1747699200000,0.002489,0.00254,0.002477,0.00251,335896377.0,2025-05-20 00:00:00+00:00
1747713600000,0.00251,0.002529,0.002489,0.002493,208664400.0,2025-05-20 04:00:00+00:00
1747728000000,0.002495,0.002506,0.002454,0.002475,205927095.0,2025-05-20 08:00:00+00:00
1747742400000,0.002475,0.0025,0.00245,0.002497,294277249.0,2025-05-20 12:00:00+00:00
1747756800000,0.002497,0.002533,0.002468,0.002517,324597057.0,2025-05-20 16:00:00+00:00
1747771200000,0.002516,0.002568,0.002504,0.002529,467000401.0,2025-05-20 20:00:00+00:00
1747785600000,0.002529,0.00254,0.002488,0.002526,271410107.0,2025-05-21 00:00:00+00:00
1747800000000,0.002525,0.002556,0.002486,0.002512,406995228.0,2025-05-21 04:00:00+00:00
1747814400000,0.002513,0.002519,0.00248,0.002503,247137228.0,2025-05-21 08:00:00+00:00
1747828800000,0.002504,0.002532,0.002484,0.002528,391470211.0,2025-05-21 12:00:00+00:00
1747843200000,0.002529,0.002578,0.00245,0.002519,845205465.0,2025-05-21 16:00:00+00:00
1747857600000,0.002519,0.002556,0.002495,0.002524,283842465.0,2025-05-21 20:00:00+00:00
1747872000000,0.002525,0.002609,0.002521,0.002603,370279815.0,2025-05-22 00:00:00+00:00
1747886400000,0.002604,0.002649,0.002595,0.002642,327983179.0,2025-05-22 04:00:00+00:00
1747900800000,0.002642,0.002676,0.002616,0.002633,327926490.0,2025-05-22 08:00:00+00:00
1747915200000,0.002633,0.002686,0.002619,0.00268,458447993.0,2025-05-22 12:00:00+00:00
1747929600000,0.002681,0.002691,0.002656,0.002663,250049351.0,2025-05-22 16:00:00+00:00
1747944000000,0.002665,0.002701,0.002656,0.002696,218909717.0,2025-05-22 20:00:00+00:00
1747958400000,0.002696,0.002789,0.002676,0.002783,361013755.0,2025-05-23 00:00:00+00:00
1747972800000,0.002782,0.002791,0.002673,0.002683,322436338.0,2025-05-23 04:00:00+00:00
1747987200000,0.002684,0.002732,0.002522,0.002551,627729901.0,2025-05-23 08:00:00+00:00
1748001600000,0.002553,0.002608,0.002435,0.002557,1059600016.0,2025-05-23 12:00:00+00:00
1748016000000,0.002558,0.002591,0.002539,0.002548,171990685.0,2025-05-23 16:00:00+00:00
1748030400000,0.002549,0.00255,0.00245,0.002473,397749973.0,2025-05-23 20:00:00+00:00
1748044800000,0.002473,0.002521,0.002453,0.002517,299951772.0,2025-05-24 00:00:00+00:00
1748059200000,0.002517,0.002532,0.002498,0.002513,170256824.0,2025-05-24 04:00:00+00:00
1748073600000,0.002512,0.002556,0.0025,0.002537,170153989.0,2025-05-24 08:00:00+00:00
1748088000000,0.002537,0.002546,0.002514,0.002519,153990254.0,2025-05-24 12:00:00+00:00
1748102400000,0.002518,0.002528,0.002493,0.002502,103708892.0,2025-05-24 16:00:00+00:00
1748116800000,0.002503,0.002509,0.002475,0.00249,106938336.0,2025-05-24 20:00:00+00:00
1748131200000,0.002491,0.002498,0.002435,0.002475,311626356.0,2025-05-25 00:00:00+00:00
1748145600000,0.002474,0.00249,0.002457,0.002465,94743490.0,2025-05-25 04:00:00+00:00
1748160000000,0.002465,0.002465,0.002414,0.002434,180768096.0,2025-05-25 08:00:00+00:00
1748174400000,0.002433,0.002452,0.002389,0.00242,194647256.0,2025-05-25 12:00:00+00:00
1748188800000,0.00242,0.002434,0.002389,0.002424,151884251.0,2025-05-25 16:00:00+00:00
1748203200000,0.002425,0.002478,0.002396,0.002469,239913801.0,2025-05-25 20:00:00+00:00
1748217600000,0.00247,0.002506,0.002452,0.002497,190264804.0,2025-05-26 00:00:00+00:00
1748232000000,0.002498,0.002507,0.00248,0.002498,147439590.0,2025-05-26 04:00:00+00:00
1748246400000,0.002498,0.002509,0.002474,0.002478,176130763.0,2025-05-26 08:00:00+00:00
1748260800000,0.002478,0.002483,0.002432,0.002468,271198279.0,2025-05-26 12:00:00+00:00
1748275200000,0.002467,0.002473,0.002414,0.002432,205015240.0,2025-05-26 16:00:00+00:00
1748289600000,0.002431,0.002457,0.002421,0.002448,126135189.0,2025-05-26 20:00:00+00:00
1748304000000,0.002449,0.002463,0.002396,0.002438,180708745.0,2025-05-27 00:00:00+00:00
1748318400000,0.002438,0.00248,0.002423,0.002474,191907598.0,2025-05-27 04:00:00+00:00
1748332800000,0.002475,0.002489,0.002451,0.002469,187098901.0,2025-05-27 08:00:00+00:00
1748347200000,0.002469,0.002505,0.002439,0.00247,232292615.0,2025-05-27 12:00:00+00:00
1748361600000,0.002471,0.002498,0.002464,0.002484,140750358.0,2025-05-27 16:00:00+00:00
1748376000000,0.002483,0.002489,0.002456,0.002466,102616542.0,2025-05-27 20:00:00+00:00
1748390400000,0.002465,0.00249,0.00244,0.002462,197563400.0,2025-05-28 00:00:00+00:00
1748404800000,0.002462,0.002496,0.002456,0.002462,324268534.0,2025-05-28 04:00:00+00:00
1748419200000,0.002464,0.002469,0.002419,0.002452,315190542.0,2025-05-28 08:00:00+00:00
1748433600000,0.002452,0.002479,0.002391,0.002394,339907485.0,2025-05-28 12:00:00+00:00
1748448000000,0.002393,0.002421,0.002363,0.002364,295761651.0,2025-05-28 16:00:00+00:00
1748462400000,0.002365,0.00242,0.002363,0.002412,171180526.0,2025-05-28 20:00:00+00:00
1748476800000,0.002413,0.002455,0.002398,0.002424,250357701.0,2025-05-29 00:00:00+00:00
1748491200000,0.002424,0.00243,0.002379,0.00242,238127832.0,2025-05-29 04:00:00+00:00
1748505600000,0.00242,0.002427,0.002399,0.002408,196177327.0,2025-05-29 08:00:00+00:00
1748520000000,0.002408,0.00241,0.002338,0.002356,354600031.0,2025-05-29 12:00:00+00:00
1748534400000,0.002355,0.002361,0.002307,0.002319,256378514.0,2025-05-29 16:00:00+00:00
1748548800000,0.00232,0.002345,0.002299,0.002309,191347521.0,2025-05-29 20:00:00+00:00
1748563200000,0.002308,0.002324,0.002151,0.002228,1055255600.0,2025-05-30 00:00:00+00:00
1748577600000,0.002227,0.002242,0.002198,0.002202,285927527.0,2025-05-30 04:00:00+00:00
1748592000000,0.002202,0.00221,0.002153,0.002183,626530594.0,2025-05-30 08:00:00+00:00
1748606400000,0.002182,0.002186,0.002134,0.002159,493489741.0,2025-05-30 12:00:00+00:00
1748620800000,0.002159,0.002168,0.002081,0.002147,735804523.0,2025-05-30 16:00:00+00:00
1748635200000,0.002147,0.00215,0.001996,0.002045,683394792.0,2025-05-30 20:00:00+00:00
1748649600000,0.002045,0.002054,0.001969,0.002044,500661326.0,2025-05-31 00:00:00+00:00
1748664000000,0.002044,0.002103,0.002028,0.002095,289849306.0,2025-05-31 04:00:00+00:00
1748678400000,0.002096,0.002106,0.002068,0.002091,301813944.0,2025-05-31 08:00:00+00:00
1748692800000,0.00209,0.002147,0.002082,0.002135,317731310.0,2025-05-31 12:00:00+00:00
1748707200000,0.002135,0.002172,0.002123,0.002148,251993412.0,2025-05-31 16:00:00+00:00
1748721600000,0.002148,0.002168,0.002139,0.002144,150266413.0,2025-05-31 20:00:00+00:00
1748736000000,0.002144,0.002146,0.002103,0.002119,191725622.0,2025-06-01 00:00:00+00:00
1748750400000,0.002119,0.002142,0.002112,0.002121,168839285.0,2025-06-01 04:00:00+00:00
1748764800000,0.002121,0.002123,0.002085,0.002115,171729539.0,2025-06-01 08:00:00+00:00
1748779200000,0.002114,0.002151,0.002098,0.002145,162085578.0,2025-06-01 12:00:00+00:00
1748793600000,0.002145,0.002175,0.002125,0.002154,261456381.0,2025-06-01 16:00:00+00:00
1748808000000,0.002154,0.002182,0.002146,0.00217,77913556.0,2025-06-01 20:00:00+00:00
1748822400000,0.002168,0.002171,0.00212,0.00213,182246213.0,2025-06-02 00:00:00+00:00
1748836800000,0.00213,0.002153,0.00212,0.00214,163756829.0,2025-06-02 04:00:00+00:00
1748851200000,0.00214,0.002149,0.002113,0.002121,130104799.0,2025-06-02 08:00:00+00:00
1748865600000,0.00212,0.002151,0.002114,0.002139,200562465.0,2025-06-02 12:00:00+00:00
1748880000000,0.002139,0.002153,0.002113,0.002127,191451493.0,2025-06-02 16:00:00+00:00
1748894400000,0.002128,0.002189,0.002128,0.002178,218510327.0,2025-06-02 20:00:00+00:00
1748908800000,0.002179,0.002229,0.002173,0.002179,252429569.0,2025-06-03 00:00:00+00:00
1748923200000,0.002179,0.002193,0.002161,0.00218,130777268.0,2025-06-03 04:00:00+00:00
1748937600000,0.00218,0.002185,0.002159,0.00217,138093021.0,2025-06-03 08:00:00+00:00
1748952000000,0.00217,0.002198,0.002158,0.002183,226410498.0,2025-06-03 12:00:00+00:00
1748966400000,0.002183,0.002207,0.002174,0.0022,194857116.0,2025-06-03 16:00:00+00:00
1748980800000,0.002202,0.002202,0.002145,0.002163,162303377.0,2025-06-03 20:00:00+00:00
1748995200000,0.002164,0.002193,0.002152,0.002179,138992895.0,2025-06-04 00:00:00+00:00
1749009600000,0.00218,0.002186,0.002159,0.002169,135071424.0,2025-06-04 04:00:00+00:00
1749024000000,0.00217,0.002183,0.002147,0.002149,105559106.0,2025-06-04 08:00:00+00:00
1749038400000,0.002149,0.002165,0.002133,0.002162,130367670.0,2025-06-04 12:00:00+00:00
1749052800000,0.002163,0.002164,0.002127,0.002131,102236590.0,2025-06-04 16:00:00+00:00
1749067200000,0.002128,0.002131,0.002095,0.002107,200161676.0,2025-06-04 20:00:00+00:00
1749081600000,0.002108,0.002123,0.002095,0.002111,156387380.0,2025-06-05 00:00:00+00:00
1749096000000,0.002109,0.002113,0.002068,0.002085,289876923.0,2025-06-05 04:00:00+00:00
1749110400000,0.002085,0.002095,0.00207,0.002084,146568470.0,2025-06-05 08:00:00+00:00
1749124800000,0.002085,0.002135,0.002055,0.002089,455130828.0,2025-06-05 12:00:00+00:00
1749139200000,0.002089,0.002093,0.002007,0.002027,336527706.0,2025-06-05 16:00:00+00:00
1749153600000,0.002027,0.002034,0.001955,0.002016,444651854.0,2025-06-05 20:00:00+00:00
1749168000000,0.002015,0.002041,0.001999,0.002039,148752220.0,2025-06-06 00:00:00+00:00
1749182400000,0.002039,0.002064,0.002035,0.002042,138753231.0,2025-06-06 04:00:00+00:00
1749196800000,0.002043,0.002059,0.002039,0.002055,90913518.0,2025-06-06 08:00:00+00:00
1749211200000,0.002056,0.002107,0.002055,0.002093,213837468.0,2025-06-06 12:00:00+00:00
1749225600000,0.002093,0.002104,0.002052,0.002065,195539033.0,2025-06-06 16:00:00+00:00
1749240000000,0.002063,0.002081,0.002042,0.002044,125549452.0,2025-06-06 20:00:00+00:00
1749254400000,0.002044,0.002083,0.002036,0.002082,154012752.0,2025-06-07 00:00:00+00:00
1749268800000,0.002083,0.002101,0.002075,0.002093,102184977.0,2025-06-07 04:00:00+00:00
1749283200000,0.002093,0.002123,0.002083,0.002101,243475776.0,2025-06-07 08:00:00+00:00
1749297600000,0.002101,0.002111,0.002087,0.002097,112100132.0,2025-06-07 12:00:00+00:00
1749312000000,0.002097,0.002107,0.002087,0.002099,95652403.0,2025-06-07 16:00:00+00:00
1749326400000,0.002099,0.002119,0.002098,0.002111,84613611.0,2025-06-07 20:00:00+00:00
1749340800000,0.002111,0.002124,0.002099,0.002105,84424471.0,2025-06-08 00:00:00+00:00
1749355200000,0.002104,0.002122,0.002094,0.002096,155521635.0,2025-06-08 04:00:00+00:00
1749369600000,0.002096,0.002126,0.00208,0.002123,157416053.0,2025-06-08 08:00:00+00:00
1749384000000,0.002123,0.002151,0.00212,0.002122,326532628.0,2025-06-08 12:00:00+00:00
1749398400000,0.002122,0.002138,0.002114,0.002129,110298352.0,2025-06-08 16:00:00+00:00
1749412800000,0.002129,0.002137,0.002104,0.002111,117390188.0,2025-06-08 20:00:00+00:00
1749427200000,0.002111,0.002125,0.002092,0.0021,122224086.0,2025-06-09 00:00:00+00:00
1749441600000,0.0021,0.002107,0.002072,0.002104,204548617.0,2025-06-09 04:00:00+00:00
1749456000000,0.002105,0.002132,0.002093,0.002126,188553122.0,2025-06-09 08:00:00+00:00
1749470400000,0.002127,0.002128,0.002091,0.002106,192971928.0,2025-06-09 12:00:00+00:00
1749484800000,0.002107,0.002149,0.002107,0.002137,229645304.0,2025-06-09 16:00:00+00:00
1749499200000,0.002138,0.002188,0.00213,0.002185,162847418.0,2025-06-09 20:00:00+00:00
1749513600000,0.002185,0.002198,0.002168,0.002173,142475578.0,2025-06-10 00:00:00+00:00
1749528000000,0.002174,0.002177,0.002144,0.002162,110157633.0,2025-06-10 04:00:00+00:00
1749542400000,0.002162,0.002203,0.002146,0.002202,202329590.0,2025-06-10 08:00:00+00:00
1749556800000,0.002203,0.002219,0.00215,0.002177,265479334.0,2025-06-10 12:00:00+00:00
1749571200000,0.002178,0.002209,0.002168,0.002188,207501764.0,2025-06-10 16:00:00+00:00
1749585600000,0.002188,0.002225,0.002176,0.002224,156238519.0,2025-06-10 20:00:00+00:00
1749600000000,0.002225,0.002233,0.002188,0.002202,153445634.0,2025-06-11 00:00:00+00:00
1749614400000,0.002202,0.002205,0.002192,0.002196,120217898.0,2025-06-11 04:00:00+00:00
1749628800000,0.002195,0.0022,0.002147,0.002159,202699276.0,2025-06-11 08:00:00+00:00
1749643200000,0.002158,0.002211,0.002143,0.002205,393981437.0,2025-06-11 12:00:00+00:00
1749657600000,0.002205,0.002206,0.002138,0.002142,234893739.0,2025-06-11 16:00:00+00:00
1749672000000,0.002142,0.002154,0.002092,0.002117,202089639.0,2025-06-11 20:00:00+00:00
1749686400000,0.002117,0.002124,0.002085,0.002096,171531644.0,2025-06-12 00:00:00+00:00
1749700800000,0.002096,0.002101,0.002078,0.002081,144154978.0,2025-06-12 04:00:00+00:00
1749715200000,0.002081,0.002087,0.00206,0.002063,155425352.0,2025-06-12 08:00:00+00:00
1749729600000,0.002062,0.002108,0.002058,0.002064,197392183.0,2025-06-12 12:00:00+00:00
1749744000000,0.002063,0.002103,0.002038,0.002044,205551511.0,2025-06-12 16:00:00+00:00
1749758400000,0.002043,0.002053,0.002008,0.002032,271690307.0,2025-06-12 20:00:00+00:00
1749772800000,0.002029,0.002033,0.001883,0.001949,1160134857.0,2025-06-13 00:00:00+00:00
1749787200000,0.001948,0.001956,0.001923,0.001951,250846040.0,2025-06-13 04:00:00+00:00
1749801600000,0.001951,0.001974,0.001936,0.001974,224717952.0,2025-06-13 08:00:00+00:00
1749816000000,0.001974,0.002005,0.001947,0.001997,217716338.0,2025-06-13 12:00:00+00:00
1749830400000,0.001997,0.002015,0.001968,0.001976,167206567.0,2025-06-13 16:00:00+00:00
1749844800000,0.001977,0.002009,0.001973,0.002005,82635944.0,2025-06-13 20:00:00+00:00
1749859200000,0.002004,0.002012,0.001987,0.001998,113189706.0,2025-06-14 00:00:00+00:00
1749873600000,0.001999,0.002012,0.001992,0.002003,70901906.0,2025-06-14 04:00:00+00:00
1749888000000,0.002002,0.002007,0.001991,0.001999,93811366.0,2025-06-14 08:00:00+00:00
1749902400000,0.001999,0.00201,0.001971,0.001982,55726115.0,2025-06-14 12:00:00+00:00
1749916800000,0.001981,0.001986,0.001941,0.001956,110240954.0,2025-06-14 16:00:00+00:00
1749931200000,0.001955,0.00199,0.00194,0.001983,68312828.0,2025-06-14 20:00:00+00:00
1749945600000,0.001983,0.001989,0.001976,0.00198,48018777.0,2025-06-15 00:00:00+00:00
1749960000000,0.00198,0.002002,0.001976,0.001981,54614759.0,2025-06-15 04:00:00+00:00
1749974400000,0.00198,0.001997,0.001976,0.001992,57032377.0,2025-06-15 08:00:00+00:00
1749988800000,0.001992,0.00202,0.001983,0.001997,132311804.0,2025-06-15 12:00:00+00:00
1750003200000,0.001998,0.002001,0.001977,0.001984,66551183.0,2025-06-15 16:00:00+00:00
1750017600000,0.001985,0.002003,0.001962,0.002001,91668716.0,2025-06-15 20:00:00+00:00
1750032000000,0.002,0.002012,0.001975,0.002,75808328.0,2025-06-16 00:00:00+00:00
1750046400000,0.001999,0.00204,0.001997,0.002034,77802476.0,2025-06-16 04:00:00+00:00
1750060800000,0.002034,0.002042,0.002022,0.002036,77329670.0,2025-06-16 08:00:00+00:00
1750075200000,0.002036,0.002056,0.002028,0.002046,96497987.0,2025-06-16 12:00:00+00:00
1750089600000,0.002047,0.002084,0.002046,0.002082,113281564.0,2025-06-16 16:00:00+00:00
1750104000000,0.002082,0.002088,0.001999,0.002003,176341706.0,2025-06-16 20:00:00+00:00
1750118400000,0.002003,0.002031,0.00196,0.002015,204209798.0,2025-06-17 00:00:00+00:00
1750132800000,0.002015,0.002023,0.002,0.002001,101626317.0,2025-06-17 04:00:00+00:00
1750147200000,0.002001,0.002002,0.001952,0.001958,153599202.0,2025-06-17 08:00:00+00:00
1750161600000,0.001959,0.001967,0.001901,0.001905,300452246.0,2025-06-17 12:00:00+00:00
1750176000000,0.001905,0.001946,0.001871,0.001929,239653223.0,2025-06-17 16:00:00+00:00
1750190400000,0.00193,0.001938,0.001905,0.001923,119373872.0,2025-06-17 20:00:00+00:00
1750204800000,0.001923,0.001938,0.001905,0.001923,79446852.0,2025-06-18 00:00:00+00:00
1750219200000,0.001923,0.001943,0.001921,0.001933,75233297.0,2025-06-18 04:00:00+00:00
1750233600000,0.001933,0.001941,0.001869,0.001887,128524165.0,2025-06-18 08:00:00+00:00
1750248000000,0.001887,0.001914,0.001853,0.001899,161616215.0,2025-06-18 12:00:00+00:00
1750262400000,0.001899,0.001912,0.001869,0.001878,154385847.0,2025-06-18 16:00:00+00:00
1750276800000,0.001878,0.001936,0.00187,0.001929,96195507.0,2025-06-18 20:00:00+00:00
1750291200000,0.00193,0.001949,0.001905,0.001929,171994157.0,2025-06-19 00:00:00+00:00
1750305600000,0.001929,0.001943,0.001911,0.001916,88104261.0,2025-06-19 04:00:00+00:00
1750320000000,0.001917,0.001937,0.001907,0.001913,53656751.0,2025-06-19 08:00:00+00:00
1750334400000,0.001913,0.001919,0.001883,0.001887,67887837.0,2025-06-19 12:00:00+00:00
1750348800000,0.001886,0.00192,0.001869,0.001907,132490006.0,2025-06-19 16:00:00+00:00
1750363200000,0.001906,0.00192,0.001892,0.001916,64467222.0,2025-06-19 20:00:00+00:00
1750377600000,0.001915,0.001921,0.001896,0.001902,74253086.0,2025-06-20 00:00:00+00:00
1750392000000,0.001903,0.001937,0.001882,0.001934,89141604.0,2025-06-20 04:00:00+00:00
1750406400000,0.001934,0.001947,0.001927,0.001942,96361408.0,2025-06-20 08:00:00+00:00
1750420800000,0.001942,0.001953,0.001891,0.0019,114773843.0,2025-06-20 12:00:00+00:00
1750435200000,0.001899,0.001901,0.001821,0.001869,223854136.0,2025-06-20 16:00:00+00:00
1750449600000,0.001869,0.001882,0.001841,0.001867,158237680.0,2025-06-20 20:00:00+00:00
1750464000000,0.001867,0.001901,0.001861,0.001894,89024659.0,2025-06-21 00:00:00+00:00
1750478400000,0.001894,0.001952,0.001892,0.001927,196306023.0,2025-06-21 04:00:00+00:00
1750492800000,0.001927,0.00198,0.001918,0.001958,643164881.0,2025-06-21 08:00:00+00:00
1750507200000,0.001958,0.001972,0.001849,0.001878,514816604.0,2025-06-21 12:00:00+00:00
1750521600000,0.001878,0.001879,0.001803,0.001812,250100199.0,2025-06-21 16:00:00+00:00
1750536000000,0.001812,0.001829,0.001759,0.001817,324872802.0,2025-06-21 20:00:00+00:00
1750550400000,0.001818,0.001838,0.001771,0.001782,159718819.0,2025-06-22 00:00:00+00:00
1750564800000,0.001784,0.001809,0.001772,0.001777,114400824.0,2025-06-22 04:00:00+00:00
1750579200000,0.001778,0.001783,0.001749,0.001768,141858722.0,2025-06-22 08:00:00+00:00
1750593600000,0.001769,0.001781,0.001676,0.001685,369777794.0,2025-06-22 12:00:00+00:00
1750608000000,0.001685,0.001717,0.001677,0.001685,149207811.0,2025-06-22 16:00:00+00:00
1750622400000,0.001685,0.001733,0.001637,0.001732,253877066.0,2025-06-22 20:00:00+00:00
1750636800000,0.001732,0.00175,0.001723,0.00173,110154751.0,2025-06-23 00:00:00+00:00
1750651200000,0.00173,0.001761,0.001728,0.001751,99112077.0,2025-06-23 04:00:00+00:00
1750665600000,0.001751,0.001763,0.001746,0.001757,113501124.0,2025-06-23 08:00:00+00:00
1750680000000,0.001757,0.001814,0.001748,0.001761,213102220.0,2025-06-23 12:00:00+00:00
1750694400000,0.001761,0.001823,0.001716,0.001819,271097782.0,2025-06-23 16:00:00+00:00
1750708800000,0.001819,0.001895,0.001814,0.001876,295234079.0,2025-06-23 20:00:00+00:00
1750723200000,0.001877,0.001907,0.00187,0.001894,136477645.0,2025-06-24 00:00:00+00:00
1750737600000,0.001894,0.001948,0.001892,0.001927,147038080.0,2025-06-24 04:00:00+00:00
1750752000000,0.001926,0.001944,0.00191,0.001939,170800196.0,2025-06-24 08:00:00+00:00
1750766400000,0.001938,0.001946,0.001917,0.001925,135256920.0,2025-06-24 12:00:00+00:00
1750780800000,0.001926,0.001961,0.00191,0.001923,149157508.0,2025-06-24 16:00:00+00:00
1750795200000,0.001922,0.001934,0.001912,0.001933,66258838.0,2025-06-24 20:00:00+00:00
1750809600000,0.001933,0.001943,0.00192,0.001932,73335917.0,2025-06-25 00:00:00+00:00
1750824000000,0.001932,0.001938,0.001918,0.001932,84052279.0,2025-06-25 04:00:00+00:00
1750838400000,0.001933,0.001933,0.001907,0.001922,99744206.0,2025-06-25 08:00:00+00:00
1750852800000,0.001922,0.001934,0.00188,0.001882,115941324.0,2025-06-25 12:00:00+00:00
1750867200000,0.001883,0.001901,0.001872,0.001886,80637259.0,2025-06-25 16:00:00+00:00
1750881600000,0.001885,0.001899,0.00187,0.001879,54347507.0,2025-06-25 20:00:00+00:00
1750896000000,0.001879,0.001927,0.001873,0.001896,119516293.0,2025-06-26 00:00:00+00:00
1750910400000,0.001896,0.001905,0.001868,0.001895,78312841.0,2025-06-26 04:00:00+00:00
1750924800000,0.001896,0.001909,0.001874,0.001876,87217514.0,2025-06-26 08:00:00+00:00
1750939200000,0.001877,0.001877,0.001827,0.001851,138555763.0,2025-06-26 12:00:00+00:00
1750953600000,0.001851,0.001861,0.001831,0.001858,81329582.0,2025-06-26 16:00:00+00:00
1750968000000,0.001859,0.001884,0.001829,0.001838,153533101.0,2025-06-26 20:00:00+00:00
1750982400000,0.001839,0.001859,0.00182,0.001855,102669279.0,2025-06-27 00:00:00+00:00
1750996800000,0.001856,0.001874,0.001832,0.001835,71651960.0,2025-06-27 04:00:00+00:00
1751011200000,0.001835,0.00186,0.001831,0.001845,90022706.0,2025-06-27 08:00:00+00:00
1751025600000,0.001845,0.001855,0.00182,0.001851,87918364.0,2025-06-27 12:00:00+00:00
1751040000000,0.001852,0.001871,0.001818,0.00183,91757106.0,2025-06-27 16:00:00+00:00
1751054400000,0.001831,0.001856,0.001829,0.00185,43386867.0,2025-06-27 20:00:00+00:00
1751068800000,0.001851,0.00186,0.001842,0.001848,47841541.0,2025-06-28 00:00:00+00:00
1751083200000,0.001849,0.001867,0.001839,0.001861,61256639.0,2025-06-28 04:00:00+00:00
1751097600000,0.001863,0.001865,0.001844,0.001858,64071879.0,2025-06-28 08:00:00+00:00
1751112000000,0.001858,0.001883,0.00185,0.001882,102732897.0,2025-06-28 12:00:00+00:00
1751126400000,0.001882,0.001916,0.001876,0.001904,146259553.0,2025-06-28 16:00:00+00:00
1751140800000,0.001903,0.001945,0.001896,0.001934,206080998.0,2025-06-28 20:00:00+00:00
1751155200000,0.001935,0.001946,0.001905,0.001919,81651651.0,2025-06-29 00:00:00+00:00
1751169600000,0.00192,0.001942,0.001913,0.001942,47674561.0,2025-06-29 04:00:00+00:00
1751184000000,0.001943,0.00195,0.001927,0.00193,56862213.0,2025-06-29 08:00:00+00:00
1751198400000,0.001929,0.001934,0.001898,0.001903,57075157.0,2025-06-29 12:00:00+00:00
1751212800000,0.001904,0.00192,0.001896,0.001917,49877844.0,2025-06-29 16:00:00+00:00
1751227200000,0.001917,0.002014,0.001907,0.002002,189089601.0,2025-06-29 20:00:00+00:00
1751241600000,0.002003,0.002028,0.001977,0.001985,148990036.0,2025-06-30 00:00:00+00:00
1751256000000,0.001985,0.001991,0.001946,0.001966,107338979.0,2025-06-30 04:00:00+00:00
1751270400000,0.001966,0.001973,0.001929,0.001935,99286297.0,2025-06-30 08:00:00+00:00
1751284800000,0.001935,0.001953,0.001898,0.001934,101629218.0,2025-06-30 12:00:00+00:00
1751299200000,0.001933,0.001948,0.001913,0.001947,64977615.0,2025-06-30 16:00:00+00:00
1751313600000,0.001947,0.001951,0.001922,0.001933,83841100.0,2025-06-30 20:00:00+00:00
1751328000000,0.001933,0.001938,0.001907,0.00192,59263645.0,2025-07-01 00:00:00+00:00
1751342400000,0.001919,0.001921,0.001878,0.001896,119333219.0,2025-07-01 04:00:00+00:00
1751356800000,0.001895,0.001901,0.001871,0.001879,117264043.0,2025-07-01 08:00:00+00:00
1751371200000,0.001879,0.001891,0.001862,0.001869,127300415.0,2025-07-01 12:00:00+00:00
1751385600000,0.001869,0.001875,0.001841,0.001842,153086756.0,2025-07-01 16:00:00+00:00
1751400000000,0.001842,0.00186,0.00183,0.001844,99974818.0,2025-07-01 20:00:00+00:00
1751414400000,0.001845,0.001864,0.001835,0.001852,108897633.0,2025-07-02 00:00:00+00:00
1751428800000,0.001851,0.001885,0.001847,0.00188,125448565.0,2025-07-02 04:00:00+00:00
1751443200000,0.00188,0.001907,0.001867,0.001891,125457403.0,2025-07-02 08:00:00+00:00
1751457600000,0.001891,0.001949,0.001874,0.001947,197437456.0,2025-07-02 12:00:00+00:00
1751472000000,0.001947,0.001991,0.001945,0.001987,260826297.0,2025-07-02 16:00:00+00:00
1751486400000,0.001986,0.001996,0.001962,0.001967,125205979.0,2025-07-02 20:00:00+00:00
1751500800000,0.001967,0.002047,0.001962,0.001973,454104582.0,2025-07-03 00:00:00+00:00
1751515200000,0.001974,0.002029,0.001973,0.002028,214917042.0,2025-07-03 04:00:00+00:00
1751529600000,0.002028,0.00203,0.001987,0.002,122776309.0,2025-07-03 08:00:00+00:00
1751544000000,0.001999,0.002024,0.001955,0.001964,242980305.0,2025-07-03 12:00:00+00:00
1751558400000,0.001965,0.001995,0.001963,0.001984,171903787.0,2025-07-03 16:00:00+00:00
1751572800000,0.001985,0.001993,0.001976,0.001985,98822246.0,2025-07-03 20:00:00+00:00
1751587200000,0.001986,0.001997,0.001948,0.00195,169321335.0,2025-07-04 00:00:00+00:00
1751601600000,0.00195,0.001961,0.001912,0.001915,111732125.0,2025-07-04 04:00:00+00:00
1751616000000,0.001914,0.001933,0.001899,0.001931,76997690.0,2025-07-04 08:00:00+00:00
1751630400000,0.001931,0.001936,0.001888,0.00189,92611153.0,2025-07-04 12:00:00+00:00
1751644800000,0.00189,0.001893,0.001867,0.00188,111135912.0,2025-07-04 16:00:00+00:00
1751659200000,0.00188,0.001907,0.001876,0.001895,80917542.0,2025-07-04 20:00:00+00:00
1751673600000,0.001895,0.001919,0.001892,0.001899,82612282.0,2025-07-05 00:00:00+00:00
1751688000000,0.0019,0.001913,0.001891,0.001903,52959880.0,2025-07-05 04:00:00+00:00
1751702400000,0.001903,0.00191,0.001886,0.001898,65330547.0,2025-07-05 08:00:00+00:00
1751716800000,0.001899,0.001904,0.001884,0.001886,42620278.0,2025-07-05 12:00:00+00:00
1751731200000,0.001887,0.001895,0.001856,0.00187,65483690.0,2025-07-05 16:00:00+00:00
1751745600000,0.001869,0.001888,0.001863,0.00188,57379981.0,2025-07-05 20:00:00+00:00
1751760000000,0.001879,0.00188,0.001863,0.001868,51925908.0,2025-07-06 00:00:00+00:00
1751774400000,0.001868,0.001876,0.001862,0.001865,44726863.0,2025-07-06 04:00:00+00:00
1751788800000,0.001866,0.00188,0.001858,0.00188,45574921.0,2025-07-06 08:00:00+00:00
1751803200000,0.00188,0.001909,0.001877,0.001902,79140248.0,2025-07-06 12:00:00+00:00
1751817600000,0.001904,0.001918,0.001896,0.00191,64145887.0,2025-07-06 16:00:00+00:00
1751832000000,0.001911,0.001932,0.001897,0.001902,60711859.0,2025-07-06 20:00:00+00:00
1751846400000,0.001904,0.001933,0.001902,0.00192,88628784.0,2025-07-07 00:00:00+00:00
1751860800000,0.00192,0.001922,0.001885,0.001917,50167448.0,2025-07-07 04:00:00+00:00
1751875200000,0.001916,0.001922,0.001891,0.0019,52629151.0,2025-07-07 08:00:00+00:00
1751889600000,0.0019,0.001923,0.001892,0.001906,218315942.0,2025-07-07 12:00:00+00:00
1751904000000,0.001905,0.001911,0.001873,0.001879,175473256.0,2025-07-07 16:00:00+00:00
1751918400000,0.001878,0.00188,0.001859,0.001875,81199372.0,2025-07-07 20:00:00+00:00
1751932800000,0.001876,0.001883,0.001853,0.001868,83074462.0,2025-07-08 00:00:00+00:00
1751947200000,0.001868,0.001882,0.001857,0.001874,55367647.0,2025-07-08 04:00:00+00:00
1751961600000,0.001874,0.001889,0.001862,0.001884,64762849.0,2025-07-08 08:00:00+00:00
1751976000000,0.001884,0.001894,0.001866,0.001872,128358399.0,2025-07-08 12:00:00+00:00
1751990400000,0.001873,0.001913,0.001865,0.001904,66606015.0,2025-07-08 16:00:00+00:00
1752004800000,0.001904,0.001914,0.001893,0.001909,66710349.0,2025-07-08 20:00:00+00:00
1752019200000,0.001911,0.001913,0.001893,0.0019,68677189.0,2025-07-09 00:00:00+00:00
1752033600000,0.001899,0.001935,0.001898,0.001931,102152524.0,2025-07-09 04:00:00+00:00
1752048000000,0.001931,0.001945,0.001927,0.00194,81307027.0,2025-07-09 08:00:00+00:00
1752062400000,0.001941,0.001957,0.001927,0.001941,107063019.0,2025-07-09 12:00:00+00:00
1752076800000,0.00194,0.001989,0.001936,0.001985,119830326.0,2025-07-09 16:00:00+00:00
1752091200000,0.001986,0.002003,0.001976,0.001996,145074145.0,2025-07-09 20:00:00+00:00
1752105600000,0.001995,0.002,0.001976,0.001992,83939401.0,2025-07-10 00:00:00+00:00
1752120000000,0.001992,0.001998,0.001978,0.001988,79271906.0,2025-07-10 04:00:00+00:00
1752134400000,0.001988,0.002012,0.001983,0.002003,68944785.0,2025-07-10 08:00:00+00:00
1752148800000,0.002003,0.002012,0.001985,0.001991,97938304.0,2025-07-10 12:00:00+00:00
1752163200000,0.001993,0.002041,0.001977,0.002021,177339882.0,2025-07-10 16:00:00+00:00
1752177600000,0.002022,0.002111,0.002022,0.002097,374006343.0,2025-07-10 20:00:00+00:00
1752192000000,0.002096,0.002142,0.002061,0.002126,291023913.0,2025-07-11 00:00:00+00:00
1752206400000,0.002125,0.002159,0.002097,0.002102,281246028.0,2025-07-11 04:00:00+00:00
1752220800000,0.002103,0.002146,0.002103,0.00211,204892898.0,2025-07-11 08:00:00+00:00
1752235200000,0.002111,0.002153,0.002095,0.002101,253463416.0,2025-07-11 12:00:00+00:00
1752249600000,0.002103,0.002156,0.002076,0.002138,270314710.0,2025-07-11 16:00:00+00:00
1752264000000,0.002139,0.002141,0.002037,0.002083,231096893.0,2025-07-11 20:00:00+00:00
1752278400000,0.002083,0.002118,0.002056,0.002111,119944965.0,2025-07-12 00:00:00+00:00
1752292800000,0.002111,0.002152,0.002046,0.002134,238261854.0,2025-07-12 04:00:00+00:00
1752307200000,0.002134,0.002147,0.00211,0.002135,140564324.0,2025-07-12 08:00:00+00:00
1752321600000,0.002136,0.002148,0.002044,0.002054,249782102.0,2025-07-12 12:00:00+00:00
1752336000000,0.002055,0.002121,0.002048,0.002103,135039107.0,2025-07-12 16:00:00+00:00
1752350400000,0.002103,0.002132,0.002061,0.002121,125308633.0,2025-07-12 20:00:00+00:00
1752364800000,0.002123,0.002236,0.00211,0.002136,942532165.0,2025-07-13 00:00:00+00:00
1752379200000,0.002135,0.00225,0.002132,0.002168,647172893.0,2025-07-13 04:00:00+00:00
1752393600000,0.002169,0.002183,0.002127,0.002149,243076860.0,2025-07-13 08:00:00+00:00
1752408000000,0.00215,0.00219,0.002143,0.002174,230293260.0,2025-07-13 12:00:00+00:00
1752422400000,0.002175,0.00219,0.002125,0.002159,223038277.0,2025-07-13 16:00:00+00:00
1752436800000,0.002161,0.002179,0.002114,0.002155,176494919.0,2025-07-13 20:00:00+00:00
1752451200000,0.002157,0.0022,0.002132,0.002177,248159457.0,2025-07-14 00:00:00+00:00
1752465600000,0.002176,0.002219,0.002146,0.002178,303880888.0,2025-07-14 04:00:00+00:00
1752480000000,0.002178,0.002191,0.00214,0.002154,294277098.0,2025-07-14 08:00:00+00:00
1752494400000,0.002154,0.002173,0.002102,0.002116,298206644.0,2025-07-14 12:00:00+00:00
1752508800000,0.002117,0.002133,0.002089,0.002106,156344978.0,2025-07-14 16:00:00+00:00
1752523200000,0.002106,0.002124,0.002084,0.002119,142490342.0,2025-07-14 20:00:00+00:00
1752537600000,0.002119,0.002123,0.002009,0.002033,389285186.0,2025-07-15 00:00:00+00:00
1752552000000,0.002034,0.002075,0.002018,0.002053,160389915.0,2025-07-15 04:00:00+00:00
1752566400000,0.002052,0.002083,0.002034,0.002079,171211267.0,2025-07-15 08:00:00+00:00
1752580800000,0.002078,0.002106,0.002033,0.002086,319941356.0,2025-07-15 12:00:00+00:00
1752595200000,0.002087,0.002155,0.002085,0.002091,310967711.0,2025-07-15 16:00:00+00:00
1752609600000,0.002092,0.002152,0.002086,0.002145,141026676.0,2025-07-15 20:00:00+00:00
1752624000000,0.002146,0.00216,0.002099,0.002109,203607691.0,2025-07-16 00:00:00+00:00
1752638400000,0.002109,0.002151,0.002093,0.002145,109799161.0,2025-07-16 04:00:00+00:00
1752652800000,0.002145,0.00215,0.002129,0.002139,109586965.0,2025-07-16 08:00:00+00:00
1752667200000,0.002139,0.002149,0.002114,0.002135,182545197.0,2025-07-16 12:00:00+00:00
1752681600000,0.002135,0.002177,0.002128,0.002158,274762617.0,2025-07-16 16:00:00+00:00
1752696000000,0.002158,0.002193,0.002141,0.002155,319467785.0,2025-07-16 20:00:00+00:00
1752710400000,0.002155,0.002173,0.002094,0.002109,226498141.0,2025-07-17 00:00:00+00:00
1752724800000,0.002108,0.002143,0.002104,0.002127,184980795.0,2025-07-17 04:00:00+00:00
1752739200000,0.002127,0.002154,0.002121,0.002142,176462869.0,2025-07-17 08:00:00+00:00
1752753600000,0.002143,0.002156,0.002107,0.002138,242572920.0,2025-07-17 12:00:00+00:00
1752768000000,0.002137,0.00214,0.00208,0.002091,261471129.0,2025-07-17 16:00:00+00:00
1752782400000,0.002091,0.00216,0.002066,0.002145,306755026.0,2025-07-17 20:00:00+00:00
1752796800000,0.002145,0.002204,0.002126,0.002204,233387874.0,2025-07-18 00:00:00+00:00
1752811200000,0.002204,0.002256,0.002174,0.002177,509391435.0,2025-07-18 04:00:00+00:00
1752825600000,0.002177,0.002201,0.002155,0.00218,315752678.0,2025-07-18 08:00:00+00:00
1752840000000,0.002181,0.002229,0.002105,0.002127,439914569.0,2025-07-18 12:00:00+00:00
1752854400000,0.002127,0.002159,0.002106,0.002125,238919059.0,2025-07-18 16:00:00+00:00
1752868800000,0.002125,0.002148,0.002066,0.002127,374008818.0,2025-07-18 20:00:00+00:00
1752883200000,0.002126,0.002143,0.002067,0.002142,191263988.0,2025-07-19 00:00:00+00:00
1752897600000,0.002143,0.00215,0.002111,0.002119,178722604.0,2025-07-19 04:00:00+00:00
1752912000000,0.002119,0.002126,0.002096,0.002099,112259032.0,2025-07-19 08:00:00+00:00
1752926400000,0.0021,0.00211,0.002067,0.002094,130488951.0,2025-07-19 12:00:00+00:00
1752940800000,0.002093,0.002142,0.002084,0.002139,185994411.0,2025-07-19 16:00:00+00:00
1752955200000,0.00214,0.002153,0.00211,0.002143,120966611.0,2025-07-19 20:00:00+00:00
1752969600000,0.002143,0.002169,0.00213,0.002154,118179932.0,2025-07-20 00:00:00+00:00
1752984000000,0.002155,0.002182,0.002145,0.00217,133921988.0,2025-07-20 04:00:00+00:00
1752998400000,0.002169,0.002197,0.002166,0.002182,289105788.0,2025-07-20 08:00:00+00:00
1753012800000,0.002182,0.002257,0.002172,0.00225,293376783.0,2025-07-20 12:00:00+00:00
1753027200000,0.002249,0.002469,0.002238,0.00225,1794777996.0,2025-07-20 16:00:00+00:00
1753041600000,0.00225,0.00226,0.002162,0.002211,641016385.0,2025-07-20 20:00:00+00:00
1753056000000,0.00221,0.002353,0.002202,0.002284,1492002729.0,2025-07-21 00:00:00+00:00
1753070400000,0.002284,0.002305,0.00226,0.002292,364037350.0,2025-07-21 04:00:00+00:00
1753084800000,0.00229,0.002332,0.002266,0.002301,540331320.0,2025-07-21 08:00:00+00:00
1753099200000,0.002302,0.002329,0.00228,0.002286,485154101.0,2025-07-21 12:00:00+00:00
1753113600000,0.002286,0.00229,0.002218,0.002227,483069236.0,2025-07-21 16:00:00+00:00
1753128000000,0.00223,0.002282,0.002215,0.002274,233194454.0,2025-07-21 20:00:00+00:00
1753142400000,0.002275,0.002275,0.002153,0.002192,867680729.0,2025-07-22 00:00:00+00:00
1753156800000,0.002191,0.002213,0.002141,0.002177,360514937.0,2025-07-22 04:00:00+00:00
1753171200000,0.002177,0.002212,0.002139,0.0022,391012206.0,2025-07-22 08:00:00+00:00
1753185600000,0.002201,0.002209,0.002144,0.002192,361525973.0,2025-07-22 12:00:00+00:00
1753200000000,0.002192,0.002208,0.002152,0.00216,225962200.0,2025-07-22 16:00:00+00:00
1753214400000,0.002159,0.002229,0.002155,0.002222,144264888.0,2025-07-22 20:00:00+00:00
1753228800000,0.002223,0.002223,0.002176,0.002181,198145786.0,2025-07-23 00:00:00+00:00
1753243200000,0.002181,0.002213,0.002176,0.002179,167486017.0,2025-07-23 04:00:00+00:00
1753257600000,0.00218,0.002196,0.002145,0.002164,283715970.0,2025-07-23 08:00:00+00:00
1753272000000,0.002164,0.002164,0.002052,0.002117,649808207.0,2025-07-23 12:00:00+00:00
1753286400000,0.002116,0.002118,0.002031,0.002066,423856361.0,2025-07-23 16:00:00+00:00
1753300800000,0.002066,0.002076,0.00198,0.002065,459363451.0,2025-07-23 20:00:00+00:00
1753315200000,0.002065,0.002103,0.002047,0.002073,199777716.0,2025-07-24 00:00:00+00:00
1753329600000,0.002074,0.00208,0.00193,0.001998,624227599.0,2025-07-24 04:00:00+00:00
1753344000000,0.001997,0.002031,0.001976,0.002024,266702927.0,2025-07-24 08:00:00+00:00
1753358400000,0.002024,0.002067,0.00199,0.002043,268114654.0,2025-07-24 12:00:00+00:00
1753372800000,0.002043,0.002051,0.001996,0.002024,216169849.0,2025-07-24 16:00:00+00:00
1753387200000,0.002025,0.00205,0.002002,0.002009,160193234.0,2025-07-24 20:00:00+00:00
1753401600000,0.00201,0.002025,0.001947,0.001966,314578655.0,2025-07-25 00:00:00+00:00
1753416000000,0.001966,0.001997,0.001941,0.001969,286561365.0,2025-07-25 04:00:00+00:00
1753430400000,0.001967,0.002026,0.001965,0.002021,317491112.0,2025-07-25 08:00:00+00:00
1753444800000,0.002021,0.00203,0.001959,0.001982,330260049.0,2025-07-25 12:00:00+00:00
1753459200000,0.001982,0.002007,0.001974,0.001998,143464357.0,2025-07-25 16:00:00+00:00
1753473600000,0.001998,0.002062,0.001997,0.002057,247083044.0,2025-07-25 20:00:00+00:00
1753488000000,0.002057,0.002112,0.002055,0.002082,385760741.0,2025-07-26 00:00:00+00:00
1753502400000,0.002081,0.002118,0.002068,0.002102,249369235.0,2025-07-26 04:00:00+00:00
1753516800000,0.002103,0.00215,0.002101,0.002129,384450712.0,2025-07-26 08:00:00+00:00
1753531200000,0.00213,0.002181,0.002102,0.002133,606033223.0,2025-07-26 12:00:00+00:00
1753545600000,0.002133,0.002142,0.002111,0.00212,222158957.0,2025-07-26 16:00:00+00:00
1753560000000,0.00212,0.002133,0.002103,0.002112,225197038.0,2025-07-26 20:00:00+00:00
1753574400000,0.002111,0.002159,0.002108,0.002124,350769063.0,2025-07-27 00:00:00+00:00
1753588800000,0.002124,0.002142,0.002107,0.00211,193718458.0,2025-07-27 04:00:00+00:00
1753603200000,0.002109,0.00213,0.0021,0.002114,206863140.0,2025-07-27 08:00:00+00:00
1753617600000,0.002114,0.002124,0.002098,0.002122,155842186.0,2025-07-27 12:00:00+00:00
1753632000000,0.002123,0.002147,0.002118,0.002133,261287730.0,2025-07-27 16:00:00+00:00
1753646400000,0.002134,0.002154,0.002123,0.002147,137984793.0,2025-07-27 20:00:00+00:00
1753660800000,0.002148,0.002153,0.002109,0.002142,318392736.0,2025-07-28 00:00:00+00:00
1753675200000,0.002142,0.002155,0.002122,0.002133,181185443.0,2025-07-28 04:00:00+00:00
1753689600000,0.002133,0.002143,0.002117,0.002128,146374076.0,2025-07-28 08:00:00+00:00
1753704000000,0.002129,0.002136,0.00205,0.002057,379735222.0,2025-07-28 12:00:00+00:00
1753718400000,0.002056,0.002067,0.002005,0.002021,288624249.0,2025-07-28 16:00:00+00:00
1753732800000,0.002021,0.002024,0.001981,0.001999,237495562.0,2025-07-28 20:00:00+00:00
1753747200000,0.002,0.002015,0.001959,0.001991,218195612.0,2025-07-29 00:00:00+00:00
1753761600000,0.001991,0.00209,0.001981,0.002067,227649008.0,2025-07-29 04:00:00+00:00
1753776000000,0.002067,0.002069,0.002009,0.002024,288304610.0,2025-07-29 08:00:00+00:00
1753790400000,0.002025,0.002055,0.001987,0.002,255804249.0,2025-07-29 12:00:00+00:00
1753804800000,0.002001,0.002017,0.001965,0.001984,332817166.0,2025-07-29 16:00:00+00:00
1753819200000,0.001985,0.00202,0.001968,0.002015,181627598.0,2025-07-29 20:00:00+00:00
1753833600000,0.002015,0.002016,0.001967,0.001992,193863583.0,2025-07-30 00:00:00+00:00
1753848000000,0.001993,0.002001,0.00196,0.001971,111427380.0,2025-07-30 04:00:00+00:00
1753862400000,0.00197,0.001988,0.001916,0.001928,270888391.0,2025-07-30 08:00:00+00:00
1753876800000,0.001929,0.001979,0.001916,0.001963,294850181.0,2025-07-30 12:00:00+00:00
1753891200000,0.001964,0.001977,0.00186,0.001953,376732881.0,2025-07-30 16:00:00+00:00
1753905600000,0.001953,0.001966,0.001931,0.001958,158181048.0,2025-07-30 20:00:00+00:00
1753920000000,0.001959,0.001992,0.001952,0.00199,147638875.0,2025-07-31 00:00:00+00:00
1753934400000,0.00199,0.001998,0.001983,0.001992,101901574.0,2025-07-31 04:00:00+00:00
1753948800000,0.001992,0.002001,0.001971,0.00198,193313349.0,2025-07-31 08:00:00+00:00
1753963200000,0.001979,0.001981,0.001919,0.001944,291090501.0,2025-07-31 12:00:00+00:00
1753977600000,0.001944,0.001969,0.001916,0.001921,192424278.0,2025-07-31 16:00:00+00:00
1753992000000,0.00192,0.001925,0.001874,0.001883,231933991.0,2025-07-31 20:00:00+00:00
1754006400000,0.001882,0.001889,0.001828,0.001874,355220873.0,2025-08-01 00:00:00+00:00
1754020800000,0.001873,0.001874,0.001835,0.001857,170501380.0,2025-08-01 04:00:00+00:00
1754035200000,0.001856,0.001858,0.00182,0.001858,164692049.0,2025-08-01 08:00:00+00:00
1754049600000,0.001858,0.001886,0.001829,0.001879,290212382.0,2025-08-01 12:00:00+00:00
1754064000000,0.001879,0.001885,0.001834,0.001867,219497862.0,2025-08-01 16:00:00+00:00
1754078400000,0.001867,0.00187,0.001741,0.001828,497805286.0,2025-08-01 20:00:00+00:00
1754092800000,0.001829,0.001846,0.001821,0.001844,116416795.0,2025-08-02 00:00:00+00:00
1754107200000,0.001845,0.001852,0.001791,0.00183,163425941.0,2025-08-02 04:00:00+00:00
1754121600000,0.00183,0.001835,0.001793,0.001814,166031824.0,2025-08-02 08:00:00+00:00
1754136000000,0.001815,0.001828,0.00179,0.001795,176282252.0,2025-08-02 12:00:00+00:00
1754150400000,0.001796,0.001812,0.001762,0.001774,224934342.0,2025-08-02 16:00:00+00:00
1754164800000,0.001775,0.001801,0.001772,0.001789,124111457.0,2025-08-02 20:00:00+00:00
1754179200000,0.00179,0.001819,0.001767,0.001816,128235902.0,2025-08-03 00:00:00+00:00
1754193600000,0.001816,0.001842,0.001807,0.001836,117008493.0,2025-08-03 04:00:00+00:00
1754208000000,0.001837,0.001853,0.001828,0.001844,96374234.0,2025-08-03 08:00:00+00:00
1754222400000,0.001842,0.001851,0.001835,0.00185,105368009.0,2025-08-03 12:00:00+00:00
1754236800000,0.001849,0.001859,0.001842,0.001848,79619120.0,2025-08-03 16:00:00+00:00
1754251200000,0.001848,0.001866,0.001844,0.001853,102707924.0,2025-08-03 20:00:00+00:00
1754265600000,0.001854,0.001882,0.001845,0.001861,151043440.0,2025-08-04 00:00:00+00:00
1754280000000,0.00186,0.001867,0.001845,0.001863,107364744.0,2025-08-04 04:00:00+00:00
1754294400000,0.001863,0.00187,0.001849,0.001858,91483458.0,2025-08-04 08:00:00+00:00
1754308800000,0.001858,0.001891,0.001852,0.001874,180587149.0,2025-08-04 12:00:00+00:00
1754323200000,0.001875,0.0019,0.001867,0.001873,110227317.0,2025-08-04 16:00:00+00:00
1754337600000,0.001874,0.001903,0.001868,0.001898,118123056.0,2025-08-04 20:00:00+00:00
1754352000000,0.001899,0.0019,0.001868,0.00187,101341647.0,2025-08-05 00:00:00+00:00
1754366400000,0.001869,0.001876,0.00183,0.001837,146672246.0,2025-08-05 04:00:00+00:00
1754380800000,0.001837,0.001886,0.001833,0.001885,129583974.0,2025-08-05 08:00:00+00:00
1754395200000,0.001884,0.001887,0.001812,0.001822,198380422.0,2025-08-05 12:00:00+00:00
1754409600000,0.001821,0.001835,0.001806,0.001813,95390437.0,2025-08-05 16:00:00+00:00
1754424000000,0.001812,0.001826,0.001783,0.00182,99874621.0,2025-08-05 20:00:00+00:00
1754438400000,0.00182,0.001822,0.001785,0.001787,108746496.0,2025-08-06 00:00:00+00:00
1754452800000,0.001787,0.001827,0.001778,0.001825,150338133.0,2025-08-06 04:00:00+00:00
1754467200000,0.001826,0.001831,0.001805,0.001809,143845422.0,2025-08-06 08:00:00+00:00
1754481600000,0.00181,0.001847,0.001794,0.001846,178631065.0,2025-08-06 12:00:00+00:00
1754496000000,0.001845,0.001851,0.001824,0.001839,181257736.0,2025-08-06 16:00:00+00:00
1754510400000,0.00184,0.001845,0.001824,0.001828,87183822.0,2025-08-06 20:00:00+00:00
1754524800000,0.001829,0.001843,0.001818,0.001833,138569769.0,2025-08-07 00:00:00+00:00
1754539200000,0.001832,0.001857,0.001827,0.001851,117651645.0,2025-08-07 04:00:00+00:00
1754553600000,0.001852,0.001886,0.001841,0.001882,221707943.0,2025-08-07 08:00:00+00:00
1754568000000,0.001882,0.001885,0.001857,0.001865,203079894.0,2025-08-07 12:00:00+00:00
1754582400000,0.001865,0.001871,0.001829,0.001871,203275213.0,2025-08-07 16:00:00+00:00
1754596800000,0.001871,0.00193,0.001869,0.001925,242525497.0,2025-08-07 20:00:00+00:00
1754611200000,0.001926,0.001946,0.001905,0.001926,191672293.0,2025-08-08 00:00:00+00:00
1754625600000,0.001925,0.001933,0.001913,0.00193,118841536.0,2025-08-08 04:00:00+00:00
1754640000000,0.001929,0.001943,0.001914,0.001935,156887219.0,2025-08-08 08:00:00+00:00
1754654400000,0.001934,0.001954,0.001908,0.001921,276264733.0,2025-08-08 12:00:00+00:00
1754668800000,0.001921,0.001969,0.001919,0.001961,211329220.0,2025-08-08 16:00:00+00:00
1754683200000,0.001961,0.001964,0.001946,0.001959,138410403.0,2025-08-08 20:00:00+00:00
1754697600000,0.00196,0.001967,0.001952,0.001965,84195715.0,2025-08-09 00:00:00+00:00
1754712000000,0.001965,0.001998,0.00196,0.001997,142746443.0,2025-08-09 04:00:00+00:00
1754726400000,0.001997,0.00203,0.001992,0.002019,159629108.0,2025-08-09 08:00:00+00:00
1754740800000,0.002019,0.002028,0.001973,0.001998,288928215.0,2025-08-09 12:00:00+00:00
1754755200000,0.001999,0.002044,0.001999,0.002026,502517585.0,2025-08-09 16:00:00+00:00
1754769600000,0.002028,0.002034,0.001992,0.002003,459610705.0,2025-08-09 20:00:00+00:00
1754784000000,0.002004,0.002022,0.001994,0.002019,148749569.0,2025-08-10 00:00:00+00:00
1754798400000,0.002019,0.002027,0.00196,0.001968,289929392.0,2025-08-10 04:00:00+00:00
1754812800000,0.001967,0.001984,0.001942,0.00196,201536995.0,2025-08-10 08:00:00+00:00
1754827200000,0.001959,0.001988,0.001946,0.00198,138863490.0,2025-08-10 12:00:00+00:00
1754841600000,0.001979,0.002011,0.001977,0.002006,114308995.0,2025-08-10 16:00:00+00:00
1754856000000,0.002006,0.002007,0.001971,0.001989,123150331.0,2025-08-10 20:00:00+00:00
1754870400000,0.001988,0.002012,0.001969,0.002003,193245193.0,2025-08-11 00:00:00+00:00
1754884800000,0.002004,0.002012,0.001962,0.001966,167036980.0,2025-08-11 04:00:00+00:00
1754899200000,0.001966,0.001979,0.001903,0.001918,279008047.0,2025-08-11 08:00:00+00:00
1754913600000,0.001916,0.001927,0.00189,0.001922,308886195.0,2025-08-11 12:00:00+00:00
1754928000000,0.001923,0.001952,0.00191,0.001923,185446814.0,2025-08-11 16:00:00+00:00
1754942400000,0.001923,0.001926,0.001861,0.001885,279227432.0,2025-08-11 20:00:00+00:00
1754956800000,0.001885,0.001919,0.001882,0.001901,140334389.0,2025-08-12 00:00:00+00:00
1754971200000,0.0019,0.00191,0.001873,0.0019,146100758.0,2025-08-12 04:00:00+00:00
1754985600000,0.0019,0.001905,0.001857,0.001882,139173251.0,2025-08-12 08:00:00+00:00
1755000000000,0.001881,0.00197,0.001874,0.00197,335747243.0,2025-08-12 12:00:00+00:00
1755014400000,0.00197,0.002006,0.00196,0.001996,228661409.0,2025-08-12 16:00:00+00:00
1755028800000,0.001997,0.00202,0.001988,0.002002,183637837.0,2025-08-12 20:00:00+00:00
1755043200000,0.002003,0.002015,0.00198,0.002002,213257310.0,2025-08-13 00:00:00+00:00
1755057600000,0.002001,0.002015,0.001979,0.002,155782773.0,2025-08-13 04:00:00+00:00
1755072000000,0.002,0.002036,0.001999,0.002019,211070683.0,2025-08-13 08:00:00+00:00
1755086400000,0.00202,0.002038,0.001993,0.002006,299842002.0,2025-08-13 12:00:00+00:00
1755100800000,0.002006,0.002017,0.001988,0.002016,152947592.0,2025-08-13 16:00:00+00:00
1755115200000,0.002016,0.002021,0.001998,0.002015,152772012.0,2025-08-13 20:00:00+00:00
1755129600000,0.002016,0.002037,0.002002,0.002028,195558591.0,2025-08-14 00:00:00+00:00
1755144000000,0.00203,0.002037,0.001977,0.001987,222982955.0,2025-08-14 04:00:00+00:00
1755158400000,0.001986,0.001987,0.001956,0.001968,260838286.0,2025-08-14 08:00:00+00:00
1755172800000,0.001968,0.001975,0.001849,0.001906,790771227.0,2025-08-14 12:00:00+00:00
1755187200000,0.001906,0.001906,0.001868,0.001889,278990642.0,2025-08-14 16:00:00+00:00
1755201600000,0.00189,0.001893,0.001851,0.001879,191216794.0,2025-08-14 20:00:00+00:00
1755216000000,0.00188,0.001904,0.001869,0.001899,178246813.0,2025-08-15 00:00:00+00:00
1755230400000,0.0019,0.001906,0.001884,0.001902,217719333.0,2025-08-15 04:00:00+00:00
1755244800000,0.001902,0.001916,0.001894,0.001903,174231345.0,2025-08-15 08:00:00+00:00
1755259200000,0.001902,0.001917,0.00182,0.00183,357946703.0,2025-08-15 12:00:00+00:00
1755273600000,0.00183,0.001852,0.001812,0.001837,239931456.0,2025-08-15 16:00:00+00:00
1755288000000,0.001837,0.001886,0.001834,0.001875,140835831.0,2025-08-15 20:00:00+00:00
1755302400000,0.001874,0.001919,0.00187,0.001916,227108539.0,2025-08-16 00:00:00+00:00
1755316800000,0.001915,0.001944,0.001914,0.001927,248091544.0,2025-08-16 04:00:00+00:00
1755331200000,0.001926,0.001929,0.001888,0.001894,195541319.0,2025-08-16 08:00:00+00:00
1755345600000,0.001894,0.00193,0.001891,0.001925,177193669.0,2025-08-16 12:00:00+00:00
1755360000000,0.001925,0.001945,0.001918,0.001933,133545937.0,2025-08-16 16:00:00+00:00
1755374400000,0.001934,0.00198,0.001926,0.001958,226776211.0,2025-08-16 20:00:00+00:00
1755388800000,0.001959,0.001962,0.001933,0.001948,106731461.0,2025-08-17 00:00:00+00:00
1755403200000,0.001948,0.001953,0.001932,0.001942,90984112.0,2025-08-17 04:00:00+00:00
1755417600000,0.001942,0.001962,0.001938,0.001956,110635141.0,2025-08-17 08:00:00+00:00
1755432000000,0.001956,0.00198,0.001943,0.001978,135047106.0,2025-08-17 12:00:00+00:00
1755446400000,0.001979,0.001992,0.001916,0.00193,210965476.0,2025-08-17 16:00:00+00:00
1755460800000,0.00193,0.001942,0.001924,0.001932,109534264.0,2025-08-17 20:00:00+00:00
1755475200000,0.001931,0.001936,0.001851,0.001871,323337917.0,2025-08-18 00:00:00+00:00
1755489600000,0.001871,0.001895,0.001851,0.001864,315822654.0,2025-08-18 04:00:00+00:00
1755504000000,0.001864,0.001876,0.001837,0.00187,250386531.0,2025-08-18 08:00:00+00:00
1755518400000,0.001869,0.001897,0.001861,0.001884,160567224.0,2025-08-18 12:00:00+00:00
1755532800000,0.001884,0.001903,0.001866,0.001892,142915068.0,2025-08-18 16:00:00+00:00
1755547200000,0.001891,0.001923,0.001883,0.001894,156294732.0,2025-08-18 20:00:00+00:00
1755561600000,0.001895,0.00191,0.001839,0.001841,213002181.0,2025-08-19 00:00:00+00:00
1755576000000,0.001841,0.001858,0.001828,0.001849,240573576.0,2025-08-19 04:00:00+00:00
1755590400000,0.00185,0.001898,0.001841,0.001898,207791124.0,2025-08-19 08:00:00+00:00
1755604800000,0.001897,0.001907,0.001839,0.001846,306498074.0,2025-08-19 12:00:00+00:00
1755619200000,0.001847,0.001847,0.001795,0.001816,351003860.0,2025-08-19 16:00:00+00:00
1755633600000,0.001815,0.001836,0.001802,0.001806,136582924.0,2025-08-19 20:00:00+00:00
1755648000000,0.001806,0.001842,0.0018,0.001826,182152315.0,2025-08-20 00:00:00+00:00
1755662400000,0.001826,0.001848,0.001826,0.001834,104723907.0,2025-08-20 04:00:00+00:00
1755676800000,0.001834,0.001864,0.001816,0.001845,150715774.0,2025-08-20 08:00:00+00:00
1755691200000,0.001845,0.001887,0.001809,0.001871,270549890.0,2025-08-20 12:00:00+00:00
1755705600000,0.001871,0.001914,0.001868,0.001914,181530795.0,2025-08-20 16:00:00+00:00
1755720000000,0.001914,0.00192,0.001904,0.001909,165557992.0,2025-08-20 20:00:00+00:00
1755734400000,0.00191,0.001925,0.001898,0.001906,167954545.0,2025-08-21 00:00:00+00:00
1755748800000,0.001905,0.00191,0.001875,0.001889,105988261.0,2025-08-21 04:00:00+00:00
1755763200000,0.001889,0.001891,0.001856,0.001865,187081009.0,2025-08-21 08:00:00+00:00
1755777600000,0.001865,0.001879,0.001834,0.001838,179934634.0,2025-08-21 12:00:00+00:00
1755792000000,0.001838,0.001857,0.001825,0.001837,141777976.0,2025-08-21 16:00:00+00:00
1755806400000,0.001837,0.001861,0.001831,0.001846,82881711.0,2025-08-21 20:00:00+00:00
1755820800000,0.001846,0.001866,0.001834,0.001838,128630913.0,2025-08-22 00:00:00+00:00
1755835200000,0.001838,0.001854,0.001832,0.00185,94398294.0,2025-08-22 04:00:00+00:00
1755849600000,0.001849,0.001858,0.001816,0.001817,124088218.0,2025-08-22 08:00:00+00:00
1755864000000,0.001818,0.001924,0.001788,0.00191,643104206.0,2025-08-22 12:00:00+00:00
1755878400000,0.00191,0.001964,0.00191,0.001955,317132165.0,2025-08-22 16:00:00+00:00
1755892800000,0.001956,0.001981,0.001956,0.001969,182217410.0,2025-08-22 20:00:00+00:00
1755907200000,0.001968,0.002031,0.001946,0.001977,483602679.0,2025-08-23 00:00:00+00:00
1755921600000,0.001978,0.002007,0.001975,0.001977,180234419.0,2025-08-23 04:00:00+00:00
1755936000000,0.001978,0.001986,0.001944,0.001948,197307715.0,2025-08-23 08:00:00+00:00
1755950400000,0.001949,0.001962,0.001939,0.001954,134186445.0,2025-08-23 12:00:00+00:00
1755964800000,0.001955,0.001969,0.001947,0.001967,77349995.0,2025-08-23 16:00:00+00:00
1755979200000,0.001967,0.001968,0.001955,0.00196,80066910.0,2025-08-23 20:00:00+00:00
1755993600000,0.001961,0.001965,0.001937,0.001944,134776475.0,2025-08-24 00:00:00+00:00
1756008000000,0.001944,0.001947,0.001906,0.001908,143835032.0,2025-08-24 04:00:00+00:00
1756022400000,0.001907,0.001916,0.001883,0.00189,176424483.0,2025-08-24 08:00:00+00:00
1756036800000,0.00189,0.001921,0.001889,0.001906,163934492.0,2025-08-24 12:00:00+00:00
1756051200000,0.001907,0.002011,0.001894,0.001948,536015469.0,2025-08-24 16:00:00+00:00
1756065600000,0.001949,0.001959,0.001902,0.001926,413949964.0,2025-08-24 20:00:00+00:00
1756080000000,0.001926,0.001977,0.001898,0.001973,400605905.0,2025-08-25 00:00:00+00:00
1756094400000,0.001974,0.001993,0.001877,0.001882,553906701.0,2025-08-25 04:00:00+00:00
1756108800000,0.001883,0.001909,0.001865,0.001908,367011413.0,2025-08-25 08:00:00+00:00
1756123200000,0.001908,0.001913,0.001855,0.001857,350742507.0,2025-08-25 12:00:00+00:00
1756137600000,0.001858,0.001873,0.00181,0.001815,318418857.0,2025-08-25 16:00:00+00:00
1756152000000,0.001815,0.001822,0.001761,0.001798,714028074.0,2025-08-25 20:00:00+00:00
1756166400000,0.001797,0.001822,0.001776,0.001813,279880165.0,2025-08-26 00:00:00+00:00
1756180800000,0.001813,0.001842,0.001812,0.001833,185223361.0,2025-08-26 04:00:00+00:00
1756195200000,0.001833,0.00184,0.001812,0.001818,163147384.0,2025-08-26 08:00:00+00:00
1756209600000,0.001819,0.00185,0.001806,0.001837,301715047.0,2025-08-26 12:00:00+00:00
1756224000000,0.001837,0.001874,0.001835,0.001869,195607932.0,2025-08-26 16:00:00+00:00
1756238400000,0.001869,0.001879,0.001863,0.001869,132194855.0,2025-08-26 20:00:00+00:00
1756252800000,0.001869,0.00188,0.00185,0.00187,113604690.0,2025-08-27 00:00:00+00:00
1756267200000,0.001871,0.001885,0.001843,0.00185,125136283.0,2025-08-27 04:00:00+00:00
1756281600000,0.001851,0.001864,0.001842,0.001861,96144464.0,2025-08-27 08:00:00+00:00
1756296000000,0.001862,0.001884,0.001844,0.001881,200779160.0,2025-08-27 12:00:00+00:00
1756310400000,0.00188,0.001898,0.001866,0.001875,147415498.0,2025-08-27 16:00:00+00:00
1756324800000,0.001875,0.001896,0.001854,0.001864,197525972.0,2025-08-27 20:00:00+00:00
1756339200000,0.001864,0.001882,0.001853,0.001882,139031059.0,2025-08-28 00:00:00+00:00
1756353600000,0.001882,0.001901,0.001875,0.001883,154241449.0,2025-08-28 04:00:00+00:00
1756368000000,0.001883,0.001897,0.001875,0.001891,167128307.0,2025-08-28 08:00:00+00:00
1756382400000,0.001892,0.001912,0.001882,0.001886,233409953.0,2025-08-28 12:00:00+00:00
1756396800000,0.001887,0.001897,0.001861,0.001861,123864357.0,2025-08-28 16:00:00+00:00
1756411200000,0.001862,0.00191,0.001859,0.001908,118034089.0,2025-08-28 20:00:00+00:00
1756425600000,0.001908,0.001913,0.001875,0.001887,152828934.0,2025-08-29 00:00:00+00:00
1756440000000,0.001887,0.001896,0.001824,0.001826,214248037.0,2025-08-29 04:00:00+00:00
1756454400000,0.001827,0.001855,0.001797,0.001839,273464263.0,2025-08-29 08:00:00+00:00
1756468800000,0.001839,0.00188,0.001801,0.001822,282806763.0,2025-08-29 12:00:00+00:00
1756483200000,0.001821,0.001827,0.001796,0.001816,167871269.0,2025-08-29 16:00:00+00:00
1756497600000,0.001816,0.001834,0.001797,0.001829,114387890.0,2025-08-29 20:00:00+00:00
1756512000000,0.001829,0.001852,0.001805,0.001843,111624478.0,2025-08-30 00:00:00+00:00
1756526400000,0.001844,0.001852,0.001835,0.001851,95021237.0,2025-08-30 04:00:00+00:00
1756540800000,0.001851,0.001855,0.001833,0.001847,113239665.0,2025-08-30 08:00:00+00:00
1756555200000,0.001848,0.001857,0.001825,0.00185,105842850.0,2025-08-30 12:00:00+00:00
1756569600000,0.00185,0.001852,0.001831,0.001837,86262502.0,2025-08-30 16:00:00+00:00
1756584000000,0.001838,0.00185,0.001829,0.001849,54547645.0,2025-08-30 20:00:00+00:00
1756598400000,0.001849,0.001876,0.001844,0.001871,147029197.0,2025-08-31 00:00:00+00:00
1756612800000,0.001871,0.001873,0.001846,0.00185,70349297.0,2025-08-31 04:00:00+00:00
1756627200000,0.00185,0.001864,0.00184,0.00186,105637054.0,2025-08-31 08:00:00+00:00
1756641600000,0.00186,0.001868,0.001833,0.001858,168653337.0,2025-08-31 12:00:00+00:00
1756656000000,0.001858,0.001917,0.001848,0.001882,613120975.0,2025-08-31 16:00:00+00:00
1756670400000,0.001882,0.001891,0.00185,0.001857,217700889.0,2025-08-31 20:00:00+00:00
1756684800000,0.001858,0.001861,0.001804,0.00182,323881651.0,2025-09-01 00:00:00+00:00
1756699200000,0.001821,0.001856,0.001802,0.001854,185284947.0,2025-09-01 04:00:00+00:00
1756713600000,0.001854,0.001881,0.00183,0.001833,229326531.0,2025-09-01 08:00:00+00:00
1756728000000,0.001834,0.001846,0.001807,0.001812,189622062.0,2025-09-01 12:00:00+00:00
1756742400000,0.001812,0.001815,0.001794,0.001814,147485197.0,2025-09-01 16:00:00+00:00
1756756800000,0.001815,0.001815,0.001765,0.001803,231447467.0,2025-09-01 20:00:00+00:00
1756771200000,0.001803,0.001842,0.001797,0.001841,138866979.0,2025-09-02 00:00:00+00:00
1756785600000,0.001842,0.001845,0.001819,0.001823,90498844.0,2025-09-02 04:00:00+00:00
1756800000000,0.001822,0.001857,0.001821,0.00184,155058289.0,2025-09-02 08:00:00+00:00
1756814400000,0.001841,0.001859,0.001798,0.001817,231402439.0,2025-09-02 12:00:00+00:00
1756828800000,0.001818,0.001848,0.001817,0.001834,99113284.0,2025-09-02 16:00:00+00:00
1756843200000,0.001835,0.001854,0.001832,0.001852,101247834.0,2025-09-02 20:00:00+00:00
1756857600000,0.001853,0.001854,0.001832,0.001837,122082380.0,2025-09-03 00:00:00+00:00
1756872000000,0.001838,0.001841,0.001817,0.001831,105274089.0,2025-09-03 04:00:00+00:00
1756886400000,0.001832,0.001855,0.001828,0.001844,102339484.0,2025-09-03 08:00:00+00:00
1756900800000,0.001844,0.001872,0.001836,0.001866,122697167.0,2025-09-03 12:00:00+00:00
1756915200000,0.001867,0.001871,0.001852,0.001864,84414815.0,2025-09-03 16:00:00+00:00
1756929600000,0.001865,0.001868,0.001852,0.001856,66984390.0,2025-09-03 20:00:00+00:00
1756944000000,0.001856,0.001866,0.001831,0.001832,94016200.0,2025-09-04 00:00:00+00:00
1756958400000,0.001833,0.001837,0.001799,0.001812,164124052.0,2025-09-04 04:00:00+00:00
1756972800000,0.001811,0.001828,0.001807,0.001819,70233284.0,2025-09-04 08:00:00+00:00
1756987200000,0.001819,0.001829,0.001791,0.001795,108994122.0,2025-09-04 12:00:00+00:00
1757001600000,0.001797,0.001802,0.001781,0.001785,151006163.0,2025-09-04 16:00:00+00:00
1757016000000,0.001785,0.001815,0.001784,0.001798,60676906.0,2025-09-04 20:00:00+00:00
1757030400000,0.001798,0.001827,0.001797,0.001822,130915579.0,2025-09-05 00:00:00+00:00
1757044800000,0.001823,0.001852,0.001818,0.001848,104585187.0,2025-09-05 04:00:00+00:00
1757059200000,0.001847,0.001849,0.001833,0.001841,76827612.0,2025-09-05 08:00:00+00:00
1757073600000,0.001842,0.001864,0.001798,0.001814,262443618.0,2025-09-05 12:00:00+00:00
1757088000000,0.001814,0.001833,0.001807,0.00183,87916237.0,2025-09-05 16:00:00+00:00
1757102400000,0.00183,0.00184,0.001818,0.001832,92981301.0,2025-09-05 20:00:00+00:00
1757116800000,0.001833,0.001838,0.001823,0.00183,55539214.0,2025-09-06 00:00:00+00:00
1757131200000,0.00183,0.00183,0.001814,0.001818,62481450.0,2025-09-06 04:00:00+00:00
1757145600000,0.001818,0.001821,0.001805,0.001816,102798930.0,2025-09-06 08:00:00+00:00
1757160000000,0.001816,0.00182,0.001795,0.001802,95608526.0,2025-09-06 12:00:00+00:00
1757174400000,0.001803,0.001818,0.0018,0.001801,84569835.0,2025-09-06 16:00:00+00:00
1757188800000,0.001802,0.001815,0.001801,0.001808,40760312.0,2025-09-06 20:00:00+00:00
1757203200000,0.001808,0.001832,0.001808,0.001828,108639372.0,2025-09-07 00:00:00+00:00
1757217600000,0.001829,0.001837,0.001822,0.001826,60862525.0,2025-09-07 04:00:00+00:00
1757232000000,0.001827,0.001835,0.001819,0.001829,43932811.0,2025-09-07 08:00:00+00:00
1757246400000,0.001828,0.001835,0.001822,0.001826,92678600.0,2025-09-07 12:00:00+00:00
1757260800000,0.001826,0.001828,0.001801,0.00181,140347269.0,2025-09-07 16:00:00+00:00
1757275200000,0.00181,0.00183,0.001806,0.001823,84272998.0,2025-09-07 20:00:00+00:00
1757289600000,0.001822,0.001834,0.001813,0.001827,120584201.0,2025-09-08 00:00:00+00:00
1757304000000,0.001827,0.00183,0.001815,0.001827,170535969.0,2025-09-08 04:00:00+00:00
1757318400000,0.001827,0.001856,0.001826,0.001847,198636388.0,2025-09-08 08:00:00+00:00
1757332800000,0.001848,0.001859,0.001839,0.001852,276723126.0,2025-09-08 12:00:00+00:00
1757347200000,0.001852,0.001859,0.001839,0.001843,129658556.0,2025-09-08 16:00:00+00:00
1757361600000,0.001844,0.001858,0.001834,0.001849,90908261.0,2025-09-08 20:00:00+00:00
1757376000000,0.001849,0.001856,0.001833,0.001855,151373251.0,2025-09-09 00:00:00+00:00
1757390400000,0.001855,0.001892,0.001847,0.001887,231357780.0,2025-09-09 04:00:00+00:00
1757404800000,0.001887,0.001895,0.00188,0.001887,119588796.0,2025-09-09 08:00:00+00:00
1757419200000,0.001888,0.001895,0.001834,0.001845,260456379.0,2025-09-09 12:00:00+00:00
1757433600000,0.001844,0.001856,0.001837,0.001851,106681299.0,2025-09-09 16:00:00+00:00
1757448000000,0.001852,0.001874,0.001848,0.001867,96961178.0,2025-09-09 20:00:00+00:00
1757462400000,0.001867,0.001897,0.001855,0.001895,155030646.0,2025-09-10 00:00:00+00:00
1757476800000,0.001895,0.001906,0.001879,0.001899,160545440.0,2025-09-10 04:00:00+00:00
1757491200000,0.001899,0.0019,0.001873,0.001878,149737896.0,2025-09-10 08:00:00+00:00
1757505600000,0.001878,0.001905,0.001876,0.001891,168515443.0,2025-09-10 12:00:00+00:00
1757520000000,0.001892,0.001899,0.001869,0.001877,109125144.0,2025-09-10 16:00:00+00:00
1757534400000,0.001875,0.001891,0.001875,0.001885,46975385.0,2025-09-10 20:00:00+00:00
1757548800000,0.001884,0.001895,0.001881,0.001895,93066744.0,2025-09-11 00:00:00+00:00
1757563200000,0.001894,0.001917,0.001887,0.00191,153350600.0,2025-09-11 04:00:00+00:00
1757577600000,0.00191,0.001913,0.001892,0.001894,88686107.0,2025-09-11 08:00:00+00:00
1757592000000,0.001894,0.001912,0.001869,0.001883,281762338.0,2025-09-11 12:00:00+00:00
1757606400000,0.001883,0.001898,0.001881,0.001896,112374084.0,2025-09-11 16:00:00+00:00
1757620800000,0.001896,0.00191,0.001891,0.001907,71714902.0,2025-09-11 20:00:00+00:00
1757635200000,0.001908,0.001917,0.001895,0.001901,111992882.0,2025-09-12 00:00:00+00:00
1757649600000,0.001901,0.001911,0.001896,0.001904,85494784.0,2025-09-12 04:00:00+00:00
1757664000000,0.001903,0.001904,0.001886,0.001887,83759651.0,2025-09-12 08:00:00+00:00
1757678400000,0.001887,0.001905,0.001874,0.001895,172782256.0,2025-09-12 12:00:00+00:00
1757692800000,0.001894,0.001926,0.001892,0.001924,192839127.0,2025-09-12 16:00:00+00:00
1757707200000,0.001924,0.001926,0.001899,0.001921,224036557.0,2025-09-12 20:00:00+00:00
1757721600000,0.001922,0.001929,0.001913,0.001924,89459816.0,2025-09-13 00:00:00+00:00
1757736000000,0.001924,0.001931,0.001918,0.001927,76056597.0,2025-09-13 04:00:00+00:00
1757750400000,0.001928,0.001949,0.001926,0.001944,200933277.0,2025-09-13 08:00:00+00:00
1757764800000,0.001945,0.001954,0.001912,0.001933,233330269.0,2025-09-13 12:00:00+00:00
1757779200000,0.001934,0.001939,0.001896,0.00193,198297574.0,2025-09-13 16:00:00+00:00
1757793600000,0.00193,0.001944,0.00193,0.001943,75957861.0,2025-09-13 20:00:00+00:00
1757808000000,0.001942,0.001944,0.001918,0.00192,109715393.0,2025-09-14 00:00:00+00:00
1757822400000,0.001919,0.001925,0.0019,0.001909,87097006.0,2025-09-14 04:00:00+00:00
1757836800000,0.00191,0.001914,0.001881,0.001884,135384402.0,2025-09-14 08:00:00+00:00
1757851200000,0.001883,0.001892,0.001861,0.001875,216141608.0,2025-09-14 12:00:00+00:00
1757865600000,0.001874,0.001896,0.001871,0.00188,77391139.0,2025-09-14 16:00:00+00:00
1757880000000,0.001879,0.001894,0.001868,0.001873,72793702.0,2025-09-14 20:00:00+00:00
1757894400000,0.001873,0.001885,0.001855,0.001883,139154497.0,2025-09-15 00:00:00+00:00
1757908800000,0.001883,0.001902,0.001842,0.001845,230470765.0,2025-09-15 04:00:00+00:00
1757923200000,0.001845,0.001845,0.001808,0.001832,319999713.0,2025-09-15 08:00:00+00:00
1757937600000,0.001832,0.001834,0.001807,0.001816,166213578.0,2025-09-15 12:00:00+00:00
1757952000000,0.001816,0.001825,0.001802,0.00182,159990869.0,2025-09-15 16:00:00+00:00
1757966400000,0.001821,0.001828,0.001817,0.001821,56842357.0,2025-09-15 20:00:00+00:00
1757980800000,0.001821,0.001824,0.001805,0.001808,109509706.0,2025-09-16 00:00:00+00:00
1757995200000,0.001809,0.001829,0.001798,0.001826,115362175.0,2025-09-16 04:00:00+00:00
1758009600000,0.001826,0.001838,0.001819,0.001827,84865480.0,2025-09-16 08:00:00+00:00
1758024000000,0.001826,0.001848,0.001817,0.001847,139248322.0,2025-09-16 12:00:00+00:00
1758038400000,0.001847,0.001864,0.001837,0.00185,105826895.0,2025-09-16 16:00:00+00:00
1758052800000,0.00185,0.001854,0.001842,0.001844,51261897.0,2025-09-16 20:00:00+00:00
1758067200000,0.001844,0.001849,0.001825,0.001826,96234273.0,2025-09-17 00:00:00+00:00
1758081600000,0.001827,0.001837,0.001809,0.001835,120910230.0,2025-09-17 04:00:00+00:00
1758096000000,0.001835,0.001836,0.001806,0.001814,138349453.0,2025-09-17 08:00:00+00:00
1758110400000,0.001814,0.001821,0.001807,0.001809,105682107.0,2025-09-17 12:00:00+00:00
1758124800000,0.001808,0.001846,0.001797,0.001845,360986406.0,2025-09-17 16:00:00+00:00
1758139200000,0.001845,0.00187,0.001825,0.001862,163683823.0,2025-09-17 20:00:00+00:00
1758153600000,0.001862,0.00187,0.001854,0.001864,136253543.0,2025-09-18 00:00:00+00:00
1758168000000,0.001865,0.001868,0.001848,0.001859,106382792.0,2025-09-18 04:00:00+00:00
1758182400000,0.001859,0.00187,0.001851,0.001859,163307224.0,2025-09-18 08:00:00+00:00
1758196800000,0.00186,0.001883,0.001849,0.00188,211762816.0,2025-09-18 12:00:00+00:00
1758211200000,0.001881,0.001894,0.001877,0.001886,143217667.0,2025-09-18 16:00:00+00:00
1758225600000,0.001885,0.001892,0.00187,0.001881,127735452.0,2025-09-18 20:00:00+00:00
1758240000000,0.001881,0.00189,0.001858,0.00186,116352697.0,2025-09-19 00:00:00+00:00
1758254400000,0.001858,0.001885,0.001841,0.001869,192671645.0,2025-09-19 04:00:00+00:00
1758268800000,0.001869,0.001881,0.001819,0.001823,311958807.0,2025-09-19 08:00:00+00:00
1758283200000,0.001824,0.001835,0.001799,0.001802,278516560.0,2025-09-19 12:00:00+00:00
1758297600000,0.001803,0.001819,0.001801,0.001807,140642518.0,2025-09-19 16:00:00+00:00
1758312000000,0.001808,0.001822,0.001799,0.001814,102290175.0,2025-09-19 20:00:00+00:00
1758326400000,0.001814,0.001819,0.001803,0.001816,125607464.0,2025-09-20 00:00:00+00:00
1758340800000,0.001816,0.001831,0.001812,0.001829,74275379.0,2025-09-20 04:00:00+00:00
1758355200000,0.00183,0.001831,0.001802,0.001812,101614208.0,2025-09-20 08:00:00+00:00
1758369600000,0.001812,0.001831,0.001804,0.001826,126572548.0,2025-09-20 12:00:00+00:00
1758384000000,0.001825,0.001827,0.00181,0.001813,67382529.0,2025-09-20 16:00:00+00:00
1758398400000,0.001813,0.001822,0.001811,0.001813,64802759.0,2025-09-20 20:00:00+00:00
1758412800000,0.001813,0.00182,0.001806,0.001818,87992583.0,2025-09-21 00:00:00+00:00
1758427200000,0.001818,0.001828,0.001812,0.001821,90814126.0,2025-09-21 04:00:00+00:00
1758441600000,0.001821,0.001824,0.001788,0.0018,265722452.0,2025-09-21 08:00:00+00:00
1758456000000,0.001801,0.001821,0.0018,0.001807,179099753.0,2025-09-21 12:00:00+00:00
1758470400000,0.001807,0.00181,0.001788,0.001804,128694925.0,2025-09-21 16:00:00+00:00
1758484800000,0.001804,0.001804,0.001792,0.001794,67439230.0,2025-09-21 20:00:00+00:00
1758499200000,0.001795,0.0018,0.00173,0.001746,545044822.0,2025-09-22 00:00:00+00:00
1758513600000,0.001745,0.001752,0.001583,0.001673,805733239.0,2025-09-22 04:00:00+00:00
1758528000000,0.001673,0.001685,0.001655,0.001672,321626773.0,2025-09-22 08:00:00+00:00
1758542400000,0.001672,0.001693,0.001666,0.001672,226879879.0,2025-09-22 12:00:00+00:00
1758556800000,0.001671,0.00168,0.001655,0.001658,161381548.0,2025-09-22 16:00:00+00:00
1758571200000,0.001658,0.00168,0.001657,0.001677,96838067.0,2025-09-22 20:00:00+00:00
1758585600000,0.001677,0.001683,0.001636,0.001659,188803511.0,2025-09-23 00:00:00+00:00
1758600000000,0.001659,0.001673,0.001645,0.001667,145837061.0,2025-09-23 04:00:00+00:00
1758614400000,0.001668,0.00168,0.001665,0.001674,97843096.0,2025-09-23 08:00:00+00:00
1758628800000,0.001673,0.001685,0.001665,0.001679,143943832.0,2025-09-23 12:00:00+00:00
1758643200000,0.00168,0.001693,0.001661,0.001665,191977729.0,2025-09-23 16:00:00+00:00
1758657600000,0.001666,0.001683,0.001662,0.001672,101148756.0,2025-09-23 20:00:00+00:00
1758672000000,0.001673,0.001685,0.001648,0.001658,141023277.0,2025-09-24 00:00:00+00:00
1758686400000,0.001657,0.001677,0.00164,0.00167,205088579.0,2025-09-24 04:00:00+00:00
1758700800000,0.001671,0.001687,0.001665,0.00168,145237782.0,2025-09-24 08:00:00+00:00
1758715200000,0.001681,0.001694,0.001672,0.001686,138994029.0,2025-09-24 12:00:00+00:00
1758729600000,0.001687,0.001698,0.001679,0.001683,115869085.0,2025-09-24 16:00:00+00:00
1758744000000,0.001683,0.001686,0.001671,0.001673,68451700.0,2025-09-24 20:00:00+00:00
1758758400000,0.001673,0.001679,0.001635,0.001645,213411883.0,2025-09-25 00:00:00+00:00
1758772800000,0.001645,0.001648,0.001621,0.001625,173906840.0,2025-09-25 04:00:00+00:00
1758787200000,0.001625,0.001641,0.001611,0.001613,158178721.0,2025-09-25 08:00:00+00:00
1758801600000,0.001614,0.001642,0.00159,0.001621,364900853.0,2025-09-25 12:00:00+00:00
1758816000000,0.001622,0.001624,0.001555,0.00159,355993154.0,2025-09-25 16:00:00+00:00
1758830400000,0.001591,0.001597,0.001567,0.001573,158167397.0,2025-09-25 20:00:00+00:00
1758844800000,0.001574,0.001594,0.001567,0.001586,144630651.0,2025-09-26 00:00:00+00:00
1758859200000,0.001586,0.001591,0.001574,0.001587,147607060.0,2025-09-26 04:00:00+00:00
1758873600000,0.001588,0.001596,0.00157,0.001582,122308936.0,2025-09-26 08:00:00+00:00
1758888000000,0.001582,0.001605,0.00157,0.001594,181196684.0,2025-09-26 12:00:00+00:00
1758902400000,0.001595,0.001628,0.001594,0.001618,134548873.0,2025-09-26 16:00:00+00:00
1758916800000,0.001619,0.001628,0.001612,0.001625,73700530.0,2025-09-26 20:00:00+00:00
1758931200000,0.001624,0.00163,0.001618,0.00162,70922317.0,2025-09-27 00:00:00+00:00
1758945600000,0.001621,0.001622,0.001604,0.001606,60471176.0,2025-09-27 04:00:00+00:00
1758960000000,0.001606,0.00161,0.001589,0.001602,118106151.0,2025-09-27 08:00:00+00:00
1758974400000,0.001602,0.001611,0.001596,0.001609,86385890.0,2025-09-27 12:00:00+00:00
1758988800000,0.001608,0.00161,0.001591,0.001599,74847961.0,2025-09-27 16:00:00+00:00
1759003200000,0.001599,0.001613,0.001597,0.001603,53237643.0,2025-09-27 20:00:00+00:00
1759017600000,0.001602,0.001603,0.001577,0.001583,124534548.0,2025-09-28 00:00:00+00:00
1759032000000,0.001583,0.001586,0.001574,0.001581,75942907.0,2025-09-28 04:00:00+00:00
1759046400000,0.001581,0.001584,0.001566,0.001573,186558914.0,2025-09-28 08:00:00+00:00
1759060800000,0.001573,0.001592,0.001565,0.001591,118731026.0,2025-09-28 12:00:00+00:00
1759075200000,0.001591,0.001603,0.00159,0.001599,83516689.0,2025-09-28 16:00:00+00:00
1759089600000,0.001599,0.001628,0.001598,0.001626,95535619.0,2025-09-28 20:00:00+00:00
1759104000000,0.001627,0.00163,0.001611,0.001616,132031873.0,2025-09-29 00:00:00+00:00
1759118400000,0.001616,0.001618,0.001599,0.001608,79838704.0,2025-09-29 04:00:00+00:00
1759132800000,0.001609,0.001621,0.001596,0.001607,109989868.0,2025-09-29 08:00:00+00:00
1759147200000,0.001607,0.001623,0.001582,0.001605,198758930.0,2025-09-29 12:00:00+00:00
1759161600000,0.001605,0.001614,0.001593,0.001613,130966206.0,2025-09-29 16:00:00+00:00
1759176000000,0.001612,0.00163,0.001608,0.001609,90929261.0,2025-09-29 20:00:00+00:00
1759190400000,0.001609,0.001612,0.001585,0.001592,126794116.0,2025-09-30 00:00:00+00:00
1759204800000,0.001591,0.001596,0.001581,0.001584,119901450.0,2025-09-30 04:00:00+00:00
1759219200000,0.001584,0.001587,0.001568,0.001577,235935808.0,2025-09-30 08:00:00+00:00
1759233600000,0.001576,0.001578,0.001549,0.001558,173425535.0,2025-09-30 12:00:00+00:00
1759248000000,0.001557,0.001578,0.001553,0.001576,118130159.0,2025-09-30 16:00:00+00:00
1759262400000,0.001576,0.001585,0.001563,0.001575,97408410.0,2025-09-30 20:00:00+00:00
1759276800000,0.001575,0.001578,0.001556,0.001558,80706227.0,2025-10-01 00:00:00+00:00
1759291200000,0.001557,0.001579,0.001556,0.001572,109768675.0,2025-10-01 04:00:00+00:00
1759305600000,0.001572,0.00162,0.001567,0.001617,254926558.0,2025-10-01 08:00:00+00:00
1759320000000,0.001616,0.001629,0.001611,0.001625,144011072.0,2025-10-01 12:00:00+00:00
1759334400000,0.001625,0.001649,0.001623,0.001646,158336997.0,2025-10-01 16:00:00+00:00
1759348800000,0.001645,0.001665,0.00164,0.001651,148234029.0,2025-10-01 20:00:00+00:00
1759363200000,0.001652,0.001661,0.001633,0.00166,194956057.0,2025-10-02 00:00:00+00:00
1759377600000,0.001661,0.001671,0.00165,0.001659,93910142.0,2025-10-02 04:00:00+00:00
1759392000000,0.00166,0.001689,0.00166,0.001677,131241934.0,2025-10-02 08:00:00+00:00
1759406400000,0.001677,0.001678,0.001639,0.001662,245283642.0,2025-10-02 12:00:00+00:00
1759420800000,0.001662,0.001695,0.00166,0.001691,156421937.0,2025-10-02 16:00:00+00:00
1759435200000,0.001691,0.001695,0.001679,0.001687,99506396.0,2025-10-02 20:00:00+00:00
1759449600000,0.001686,0.001687,0.001662,0.001668,99560140.0,2025-10-03 00:00:00+00:00
1759464000000,0.001668,0.00168,0.001654,0.00166,100752126.0,2025-10-03 04:00:00+00:00
1759478400000,0.001661,0.001668,0.001651,0.001659,82566320.0,2025-10-03 08:00:00+00:00
1759492800000,0.00166,0.001688,0.001649,0.001687,140111944.0,2025-10-03 12:00:00+00:00
1759507200000,0.001687,0.001703,0.001665,0.001688,265636112.0,2025-10-03 16:00:00+00:00
1759521600000,0.001689,0.001696,0.001681,0.001681,61819969.0,2025-10-03 20:00:00+00:00
1759536000000,0.001683,0.001689,0.001669,0.001673,95467675.0,2025-10-04 00:00:00+00:00
1759550400000,0.001673,0.00168,0.001664,0.001671,53365540.0,2025-10-04 04:00:00+00:00
1759564800000,0.001671,0.001672,0.001642,0.001645,73456501.0,2025-10-04 08:00:00+00:00
1759579200000,0.001646,0.001657,0.001623,0.001627,123889777.0,2025-10-04 12:00:00+00:00
1759593600000,0.001627,0.001637,0.001623,0.001635,72877570.0,2025-10-04 16:00:00+00:00
1759608000000,0.001634,0.001645,0.001634,0.00164,66442597.0,2025-10-04 20:00:00+00:00
1759622400000,0.001641,0.001668,0.00163,0.001657,114054051.0,2025-10-05 00:00:00+00:00
1759636800000,0.001656,0.00169,0.001654,0.001688,233872633.0,2025-10-05 04:00:00+00:00
1759651200000,0.00169,0.001693,0.001655,0.001661,146997943.0,2025-10-05 08:00:00+00:00
1759665600000,0.001662,0.001665,0.001649,0.001662,95526517.0,2025-10-05 12:00:00+00:00
1759680000000,0.001662,0.001664,0.001626,0.001628,151231316.0,2025-10-05 16:00:00+00:00
1759694400000,0.001627,0.001634,0.001623,0.001628,94065880.0,2025-10-05 20:00:00+00:00
1759708800000,0.001628,0.001645,0.00162,0.001637,165310334.0,2025-10-06 00:00:00+00:00
1759723200000,0.001637,0.001652,0.001628,0.00164,144190089.0,2025-10-06 04:00:00+00:00
1759737600000,0.00164,0.001656,0.00164,0.001649,80466138.0,2025-10-06 08:00:00+00:00
1759752000000,0.001649,0.001686,0.001648,0.001678,180803201.0,2025-10-06 12:00:00+00:00
1759766400000,0.001678,0.00171,0.001672,0.001691,249562493.0,2025-10-06 16:00:00+00:00
1759780800000,0.001691,0.001698,0.001677,0.001681,111038579.0,2025-10-06 20:00:00+00:00
1759795200000,0.001681,0.001694,0.001668,0.001672,144097530.0,2025-10-07 00:00:00+00:00
1759809600000,0.001671,0.001681,0.001643,0.001649,183410257.0,2025-10-07 04:00:00+00:00
1759824000000,0.001649,0.001668,0.001635,0.001666,203336807.0,2025-10-07 08:00:00+00:00
1759838400000,0.001665,0.001674,0.001591,0.001598,531452116.0,2025-10-07 12:00:00+00:00
1759852800000,0.001599,0.001616,0.001587,0.001603,280999551.0,2025-10-07 16:00:00+00:00
1759867200000,0.001604,0.001618,0.00159,0.001593,171934214.0,2025-10-07 20:00:00+00:00
1759881600000,0.001594,0.001603,0.001569,0.001574,261380143.0,2025-10-08 00:00:00+00:00
1759896000000,0.001575,0.001589,0.001566,0.001589,169829099.0,2025-10-08 04:00:00+00:00
1759910400000,0.001589,0.001603,0.001577,0.00158,223790591.0,2025-10-08 08:00:00+00:00
1759924800000,0.001579,0.001601,0.001568,0.001574,232951775.0,2025-10-08 12:00:00+00:00
1759939200000,0.001574,0.001611,0.001569,0.001597,224828985.0,2025-10-08 16:00:00+00:00
1759953600000,0.001596,0.001603,0.001586,0.001599,110245677.0,2025-10-08 20:00:00+00:00
1759968000000,0.0016,0.001604,0.001564,0.001588,206911922.0,2025-10-09 00:00:00+00:00
1759982400000,0.001589,0.001595,0.001569,0.001572,128671190.0,2025-10-09 04:00:00+00:00
1759996800000,0.001572,0.001573,0.001544,0.001556,382638327.0,2025-10-09 08:00:00+00:00
1760011200000,0.001557,0.001571,0.001532,0.001538,357349832.0,2025-10-09 12:00:00+00:00
1760025600000,0.001538,0.00155,0.001523,0.001547,241301727.0,2025-10-09 16:00:00+00:00
1760040000000,0.001547,0.001558,0.001539,0.001551,150973868.0,2025-10-09 20:00:00+00:00
1760054400000,0.001552,0.00156,0.001536,0.00155,132332038.0,2025-10-10 00:00:00+00:00
1760068800000,0.00155,0.00156,0.001533,0.001533,133088210.0,2025-10-10 04:00:00+00:00
1760083200000,0.001533,0.001538,0.001513,0.001536,351390708.0,2025-10-10 08:00:00+00:00
1760097600000,0.001536,0.001551,0.001451,0.001479,521545479.0,2025-10-10 12:00:00+00:00
1760112000000,0.001479,0.001491,0.001425,0.001438,490145556.0,2025-10-10 16:00:00+00:00
1760126400000,0.001437,0.001449,0.000634,0.001235,5409111878.0,2025-10-10 20:00:00+00:00
1760140800000,0.001235,0.001267,0.001164,0.001185,1233697568.0,2025-10-11 00:00:00+00:00
1760155200000,0.001185,0.00121,0.001166,0.001174,1127399077.0,2025-10-11 04:00:00+00:00
1760169600000,0.001174,0.001222,0.001173,0.001199,725410192.0,2025-10-11 08:00:00+00:00
1760184000000,0.001199,0.001204,0.001165,0.001196,506116459.0,2025-10-11 12:00:00+00:00
1760198400000,0.001195,0.0012,0.001145,0.001159,403847208.0,2025-10-11 16:00:00+00:00
1760212800000,0.001156,0.001163,0.001117,0.00116,341354274.0,2025-10-11 20:00:00+00:00
1760227200000,0.001159,0.001168,0.001129,0.001153,292147319.0,2025-10-12 00:00:00+00:00
1760241600000,0.001152,0.001176,0.001148,0.001168,201382934.0,2025-10-12 04:00:00+00:00
1760256000000,0.001168,0.001176,0.00115,0.001168,192576161.0,2025-10-12 08:00:00+00:00
1760270400000,0.001167,0.001227,0.001155,0.001223,387060934.0,2025-10-12 12:00:00+00:00
1760284800000,0.001223,0.001287,0.001223,0.001282,367443023.0,2025-10-12 16:00:00+00:00
1760299200000,0.001283,0.001304,0.001263,0.001273,247873007.0,2025-10-12 20:00:00+00:00
1760313600000,0.001274,0.001283,0.001252,0.001258,249841494.0,2025-10-13 00:00:00+00:00
1760328000000,0.001259,0.001275,0.001244,0.001261,219468648.0,2025-10-13 04:00:00+00:00
1760342400000,0.001262,0.001281,0.001236,0.001263,298943852.0,2025-10-13 08:00:00+00:00
1760356800000,0.001262,0.001309,0.001252,0.001291,357846600.0,2025-10-13 12:00:00+00:00
1760371200000,0.00129,0.001351,0.001286,0.001345,273089402.0,2025-10-13 16:00:00+00:00
1760385600000,0.001346,0.001359,0.001341,0.001343,153803262.0,2025-10-13 20:00:00+00:00
1760400000000,0.001343,0.001352,0.001309,0.001314,239340812.0,2025-10-14 00:00:00+00:00
1760414400000,0.001314,0.001326,0.001235,0.001251,535925672.0,2025-10-14 04:00:00+00:00
1760428800000,0.001251,0.001266,0.001216,0.00125,309758655.0,2025-10-14 08:00:00+00:00
1760443200000,0.00125,0.001287,0.001219,0.001285,339480433.0,2025-10-14 12:00:00+00:00
1760457600000,0.001285,0.001301,0.001265,0.001283,285835640.0,2025-10-14 16:00:00+00:00
1760472000000,0.001285,0.0013,0.001277,0.001294,110690791.0,2025-10-14 20:00:00+00:00
1760486400000,0.001294,0.0013,0.00127,0.001278,228299300.0,2025-10-15 00:00:00+00:00
1760500800000,0.001279,0.001304,0.001275,0.001295,217920081.0,2025-10-15 04:00:00+00:00
1760515200000,0.001296,0.001316,0.001279,0.001285,315429050.0,2025-10-15 08:00:00+00:00
1760529600000,0.001285,0.001289,0.001238,0.001247,445143154.0,2025-10-15 12:00:00+00:00
1760544000000,0.001245,0.001253,0.00123,0.00124,223577796.0,2025-10-15 16:00:00+00:00
1760558400000,0.001241,0.001246,0.001215,0.001242,242445273.0,2025-10-15 20:00:00+00:00
1760572800000,0.001242,0.001253,0.001232,0.001244,186178741.0,2025-10-16 00:00:00+00:00
1760587200000,0.001245,0.001264,0.001236,0.001252,178999806.0,2025-10-16 04:00:00+00:00
1760601600000,0.001251,0.001269,0.001211,0.001261,304251625.0,2025-10-16 08:00:00+00:00
1760616000000,0.001261,0.001272,0.001204,0.001213,435456770.0,2025-10-16 12:00:00+00:00
1760630400000,0.001213,0.001244,0.001192,0.001206,387151067.0,2025-10-16 16:00:00+00:00
1760644800000,0.001207,0.00121,0.001186,0.001205,240488085.0,2025-10-16 20:00:00+00:00
1760659200000,0.001204,0.001218,0.0012,0.00121,197698642.0,2025-10-17 00:00:00+00:00
1760673600000,0.001211,0.001212,0.001121,0.001124,596831696.0,2025-10-17 04:00:00+00:00
1760688000000,0.001125,0.001167,0.001111,0.001153,806986752.0,2025-10-17 08:00:00+00:00
1760702400000,0.001154,0.001165,0.00113,0.001165,453930263.0,2025-10-17 12:00:00+00:00
1760716800000,0.001164,0.001179,0.001154,0.001163,244199995.0,2025-10-17 16:00:00+00:00
1760731200000,0.001164,0.001182,0.00116,0.00117,115353919.0,2025-10-17 20:00:00+00:00
1760745600000,0.001171,0.001186,0.001167,0.001181,107850742.0,2025-10-18 00:00:00+00:00
1760760000000,0.001183,0.001196,0.001171,0.001184,118988920.0,2025-10-18 04:00:00+00:00
1760774400000,0.001184,0.001195,0.001181,0.001192,150331618.0,2025-10-18 08:00:00+00:00
1760788800000,0.001191,0.001194,0.001169,0.001175,144958166.0,2025-10-18 12:00:00+00:00
1760803200000,0.001174,0.001189,0.001164,0.001185,152453232.0,2025-10-18 16:00:00+00:00
1760817600000,0.001185,0.001191,0.001178,0.001185,139002623.0,2025-10-18 20:00:00+00:00
1760832000000,0.001186,0.001194,0.001175,0.001193,151940680.0,2025-10-19 00:00:00+00:00
1760846400000,0.001193,0.001201,0.001176,0.001183,218283530.0,2025-10-19 04:00:00+00:00
1760860800000,0.001183,0.001216,0.001172,0.001208,343188109.0,2025-10-19 08:00:00+00:00
1760875200000,0.001207,0.001232,0.001203,0.001226,211636726.0,2025-10-19 12:00:00+00:00
1760889600000,0.001226,0.001235,0.001218,0.001228,146186516.0,2025-10-19 16:00:00+00:00
1760904000000,0.001228,0.00127,0.001227,0.001248,310528649.0,2025-10-19 20:00:00+00:00
1760918400000,0.001249,0.001261,0.001226,0.001257,216279800.0,2025-10-20 00:00:00+00:00
1760932800000,0.001257,0.001273,0.001245,0.001263,231996162.0,2025-10-20 04:00:00+00:00
1760947200000,0.001263,0.001271,0.001245,0.001265,218891501.0,2025-10-20 08:00:00+00:00
1760961600000,0.001265,0.001271,0.001252,0.001252,212361809.0,2025-10-20 12:00:00+00:00
1760976000000,0.001253,0.001258,0.001232,0.001252,223966067.0,2025-10-20 16:00:00+00:00
1760990400000,0.001251,0.001262,0.001246,0.001247,128296821.0,2025-10-20 20:00:00+00:00
1761004800000,0.001246,0.001249,0.001224,0.001226,129794980.0,2025-10-21 00:00:00+00:00
1761019200000,0.001226,0.001226,0.001194,0.001209,243512558.0,2025-10-21 04:00:00+00:00
1761033600000,0.001208,0.001248,0.001196,0.001242,224136405.0,2025-10-21 08:00:00+00:00
1761048000000,0.001242,0.001292,0.001223,0.00129,345707506.0,2025-10-21 12:00:00+00:00
1761062400000,0.001291,0.0013,0.001267,0.001267,304061092.0,2025-10-21 16:00:00+00:00
1761076800000,0.001268,0.001276,0.001224,0.001228,295795828.0,2025-10-21 20:00:00+00:00
1761091200000,0.001227,0.00123,0.001204,0.001217,231067856.0,2025-10-22 00:00:00+00:00
1761105600000,0.001217,0.00123,0.001203,0.001215,176352911.0,2025-10-22 04:00:00+00:00
1761120000000,0.001216,0.001221,0.001188,0.001212,208233635.0,2025-10-22 08:00:00+00:00
1761134400000,0.001212,0.001226,0.001201,0.001211,362822419.0,2025-10-22 12:00:00+00:00
1761148800000,0.001211,0.001215,0.001181,0.001189,210673124.0,2025-10-22 16:00:00+00:00
1761163200000,0.00119,0.001192,0.001142,0.001179,239575471.0,2025-10-22 20:00:00+00:00
1761177600000,0.001178,0.001196,0.001176,0.001193,106421723.0,2025-10-23 00:00:00+00:00
1761192000000,0.001193,0.001223,0.001191,0.001213,122195587.0,2025-10-23 04:00:00+00:00
1761206400000,0.001212,0.001219,0.001205,0.001209,123580801.0,2025-10-23 08:00:00+00:00
1761220800000,0.001208,0.001224,0.001198,0.001217,220025126.0,2025-10-23 12:00:00+00:00
1761235200000,0.001216,0.001229,0.001209,0.001211,96394739.0,2025-10-23 16:00:00+00:00
1761249600000,0.001211,0.001212,0.001196,0.00121,95964896.0,2025-10-23 20:00:00+00:00
1761264000000,0.00121,0.001225,0.001204,0.001208,115939656.0,2025-10-24 00:00:00+00:00
1761278400000,0.001208,0.00123,0.001206,0.001222,127749617.0,2025-10-24 04:00:00+00:00
1761292800000,0.001222,0.001226,0.001203,0.001215,92261575.0,2025-10-24 08:00:00+00:00
1761307200000,0.001215,0.00124,0.001196,0.0012,229709550.0,2025-10-24 12:00:00+00:00
1761321600000,0.001201,0.001223,0.001188,0.001219,182248953.0,2025-10-24 16:00:00+00:00
1761336000000,0.001218,0.001225,0.001214,0.001215,200352846.0,2025-10-24 20:00:00+00:00
1761350400000,0.001215,0.001216,0.0012,0.0012,128166521.0,2025-10-25 00:00:00+00:00
1761364800000,0.001199,0.001206,0.001196,0.001201,121313374.0,2025-10-25 04:00:00+00:00
1761379200000,0.0012,0.001206,0.001194,0.001202,101773604.0,2025-10-25 08:00:00+00:00
1761393600000,0.001201,0.001208,0.001199,0.001206,104112960.0,2025-10-25 12:00:00+00:00
1761408000000,0.001207,0.00121,0.001201,0.001206,94638199.0,2025-10-25 16:00:00+00:00
1761422400000,0.001206,0.001211,0.001203,0.001207,71811536.0,2025-10-25 20:00:00+00:00
1761436800000,0.001208,0.001209,0.001196,0.001201,99794502.0,2025-10-26 00:00:00+00:00
1761451200000,0.001201,0.001215,0.0012,0.001213,82433205.0,2025-10-26 04:00:00+00:00
1761465600000,0.001214,0.001241,0.001213,0.001236,160111364.0,2025-10-26 08:00:00+00:00
1761480000000,0.001237,0.001251,0.001237,0.001248,233088926.0,2025-10-26 12:00:00+00:00
1761494400000,0.001249,0.00125,0.001241,0.001249,118220089.0,2025-10-26 16:00:00+00:00
1761508800000,0.001248,0.001291,0.00124,0.001274,269481199.0,2025-10-26 20:00:00+00:00
1761523200000,0.001274,0.001283,0.001268,0.001271,139040556.0,2025-10-27 00:00:00+00:00
1761537600000,0.001272,0.00128,0.001258,0.001275,144283865.0,2025-10-27 04:00:00+00:00
1761552000000,0.001275,0.00128,0.001244,0.001253,211828332.0,2025-10-27 08:00:00+00:00
1761566400000,0.001254,0.001254,0.001231,0.00124,155141665.0,2025-10-27 12:00:00+00:00
1761580800000,0.00124,0.001263,0.001239,0.001247,136836459.0,2025-10-27 16:00:00+00:00
1761595200000,0.001246,0.001247,0.001224,0.001231,90088484.0,2025-10-27 20:00:00+00:00
1761609600000,0.001232,0.001238,0.001218,0.001225,129732788.0,2025-10-28 00:00:00+00:00
1761624000000,0.001225,0.001252,0.001219,0.001229,869840896.0,2025-10-28 04:00:00+00:00
1761638400000,0.001229,0.001241,0.001226,0.001232,162082295.0,2025-10-28 08:00:00+00:00
1761652800000,0.001233,0.001254,0.001222,0.001242,243089825.0,2025-10-28 12:00:00+00:00
1761667200000,0.001242,0.001255,0.001215,0.001221,204501930.0,2025-10-28 16:00:00+00:00
1761681600000,0.00122,0.001221,0.001183,0.001204,279511826.0,2025-10-28 20:00:00+00:00
1761696000000,0.001203,0.001211,0.001199,0.001203,95500742.0,2025-10-29 00:00:00+00:00
1761710400000,0.001204,0.001213,0.001198,0.001207,124163715.0,2025-10-29 04:00:00+00:00
1761724800000,0.001207,0.001218,0.001201,0.001216,105761444.0,2025-10-29 08:00:00+00:00
1761739200000,0.001216,0.001221,0.001189,0.001195,146830725.0,2025-10-29 12:00:00+00:00
1761753600000,0.001194,0.001222,0.001164,0.001204,417146362.0,2025-10-29 16:00:00+00:00
1761768000000,0.001204,0.001217,0.001178,0.001182,165297080.0,2025-10-29 20:00:00+00:00
1761782400000,0.001182,0.001194,0.001175,0.001188,176270266.0,2025-10-30 00:00:00+00:00
1761796800000,0.001188,0.001188,0.001149,0.001177,286116797.0,2025-10-30 04:00:00+00:00
1761811200000,0.001177,0.001178,0.001152,0.001156,190359696.0,2025-10-30 08:00:00+00:00
1761825600000,0.001156,0.001164,0.001114,0.00112,309781052.0,2025-10-30 12:00:00+00:00
1761840000000,0.001119,0.001129,0.001088,0.001095,254163916.0,2025-10-30 16:00:00+00:00
1761854400000,0.001095,0.00113,0.001093,0.001121,389555869.0,2025-10-30 20:00:00+00:00
1761868800000,0.001121,0.001133,0.00112,0.001128,191140377.0,2025-10-31 00:00:00+00:00
1761883200000,0.001129,0.001135,0.001117,0.001121,175254307.0,2025-10-31 04:00:00+00:00
1761897600000,0.00112,0.001126,0.001113,0.001125,103127153.0,2025-10-31 08:00:00+00:00
1761912000000,0.001126,0.001134,0.001116,0.00112,234672596.0,2025-10-31 12:00:00+00:00
1761926400000,0.00112,0.001124,0.001093,0.00112,167541445.0,2025-10-31 16:00:00+00:00
1761940800000,0.00112,0.00112,0.001101,0.001101,119693740.0,2025-10-31 20:00:00+00:00
1761955200000,0.001102,0.001112,0.001087,0.001108,212335302.0,2025-11-01 00:00:00+00:00
1761969600000,0.001109,0.001117,0.001093,0.001109,337734716.0,2025-11-01 04:00:00+00:00
1761984000000,0.001109,0.001115,0.001103,0.001107,145867747.0,2025-11-01 08:00:00+00:00
1761998400000,0.001107,0.001118,0.001099,0.001108,158854722.0,2025-11-01 12:00:00+00:00
1762012800000,0.001108,0.001113,0.0011,0.001104,115948264.0,2025-11-01 16:00:00+00:00
1762027200000,0.001105,0.001111,0.001097,0.001108,112404833.0,2025-11-01 20:00:00+00:00
1762041600000,0.001108,0.001108,0.001088,0.001092,201066854.0,2025-11-02 00:00:00+00:00
1762056000000,0.001094,0.001112,0.001092,0.001104,193460755.0,2025-11-02 04:00:00+00:00
1762070400000,0.001105,0.001109,0.001039,0.001043,768754609.0,2025-11-02 08:00:00+00:00
1762084800000,0.001044,0.001066,0.001037,0.001041,789030080.0,2025-11-02 12:00:00+00:00
1762099200000,0.00104,0.001072,0.00103,0.001067,447886220.0,2025-11-02 16:00:00+00:00
1762113600000,0.001067,0.001093,0.00106,0.001086,347093810.0,2025-11-02 20:00:00+00:00
1762128000000,0.001086,0.001098,0.001021,0.001026,459852599.0,2025-11-03 00:00:00+00:00
1762142400000,0.001026,0.00104,0.001001,0.001011,582678033.0,2025-11-03 04:00:00+00:00
1762156800000,0.00101,0.001018,0.000992,0.001009,391303411.0,2025-11-03 08:00:00+00:00
1762171200000,0.001009,0.001028,0.00096,0.000993,1037557308.0,2025-11-03 12:00:00+00:00
1762185600000,0.000993,0.001035,0.000987,0.000998,418152481.0,2025-11-03 16:00:00+00:00
1762200000000,0.000999,0.001002,0.000978,0.000993,317479288.0,2025-11-03 20:00:00+00:00
1762214400000,0.000992,0.001007,0.000979,0.001006,190639156.0,2025-11-04 00:00:00+00:00
1762228800000,0.001005,0.001015,0.000952,0.00096,490788871.0,2025-11-04 04:00:00+00:00
1762243200000,0.00096,0.000981,0.000955,0.000975,344711546.0,2025-11-04 08:00:00+00:00
1762257600000,0.000976,0.000998,0.000962,0.000978,296920559.0,2025-11-04 12:00:00+00:00
1762272000000,0.00098,0.000987,0.000935,0.000948,527621051.0,2025-11-04 16:00:00+00:00
1762286400000,0.000948,0.000979,0.000921,0.000971,743208679.0,2025-11-04 20:00:00+00:00
1762300800000,0.00097,0.000985,0.000928,0.000981,405741466.0,2025-11-05 00:00:00+00:00
1762315200000,0.000981,0.000991,0.000977,0.000988,165716783.0,2025-11-05 04:00:00+00:00
1762329600000,0.000987,0.001004,0.000973,0.001004,291063484.0,2025-11-05 08:00:00+00:00
1762344000000,0.001004,0.001033,0.001001,0.001028,396545900.0,2025-11-05 12:00:00+00:00
1762358400000,0.001028,0.001043,0.001016,0.001038,216893551.0,2025-11-05 16:00:00+00:00
1762372800000,0.001037,0.001047,0.001028,0.00103,191643564.0,2025-11-05 20:00:00+00:00
1762387200000,0.001031,0.00112,0.001019,0.001112,1098414749.0,2025-11-06 00:00:00+00:00
1762401600000,0.001111,0.001112,0.001053,0.001064,537831086.0,2025-11-06 04:00:00+00:00
1762416000000,0.001064,0.001068,0.001032,0.001041,310381101.0,2025-11-06 08:00:00+00:00
1762430400000,0.001042,0.001059,0.001026,0.001031,349075410.0,2025-11-06 12:00:00+00:00
1762444800000,0.001031,0.00106,0.001025,0.001047,365105948.0,2025-11-06 16:00:00+00:00
1762459200000,0.001046,0.001058,0.001037,0.001052,205587292.0,2025-11-06 20:00:00+00:00
1762473600000,0.001051,0.001088,0.00105,0.001085,265167855.0,2025-11-07 00:00:00+00:00
1762488000000,0.001085,0.001106,0.001073,0.001104,151598881.0,2025-11-07 04:00:00+00:00
1762502400000,0.001103,0.001126,0.001083,0.001088,274527390.0,2025-11-07 08:00:00+00:00
1762516800000,0.001088,0.001167,0.001061,0.001163,518970298.0,2025-11-07 12:00:00+00:00
1762531200000,0.001163,0.001264,0.001151,0.001235,710493838.0,2025-11-07 16:00:00+00:00
1762545600000,0.001235,0.001247,0.001208,0.001215,235082296.0,2025-11-07 20:00:00+00:00
1762560000000,0.001215,0.001223,0.001181,0.001186,298513572.0,2025-11-08 00:00:00+00:00
1762574400000,0.001187,0.001228,0.001176,0.001207,310871624.0,2025-11-08 04:00:00+00:00
1762588800000,0.001206,0.001226,0.001189,0.001211,232121444.0,2025-11-08 08:00:00+00:00
1762603200000,0.001211,0.001213,0.001168,0.001177,243976242.0,2025-11-08 12:00:00+00:00
1762617600000,0.001178,0.001192,0.001173,0.001186,162667541.0,2025-11-08 16:00:00+00:00
1762632000000,0.001186,0.001192,0.001177,0.001184,115846319.0,2025-11-08 20:00:00+00:00
1762646400000,0.001183,0.001188,0.001136,0.001144,148023068.0,2025-11-09 00:00:00+00:00
1762660800000,0.001145,0.001163,0.001141,0.001162,137560144.0,2025-11-09 04:00:00+00:00
1762675200000,0.001162,0.001162,0.001131,0.001156,175566709.0,2025-11-09 08:00:00+00:00
1762689600000,0.001157,0.001187,0.001155,0.001181,208729212.0,2025-11-09 12:00:00+00:00
1762704000000,0.001181,0.001194,0.001168,0.001194,111113412.0,2025-11-09 16:00:00+00:00
1762718400000,0.001194,0.001204,0.001181,0.001193,169918633.0,2025-11-09 20:00:00+00:00
1762732800000,0.001193,0.001214,0.001185,0.001205,161866178.0,2025-11-10 00:00:00+00:00
1762747200000,0.001205,0.001209,0.001194,0.001205,103664220.0,2025-11-10 04:00:00+00:00
1762761600000,0.001206,0.001223,0.001195,0.001207,172775429.0,2025-11-10 08:00:00+00:00
1762776000000,0.001208,0.001217,0.001175,0.001183,185127206.0,2025-11-10 12:00:00+00:00
1762790400000,0.001185,0.001195,0.001169,0.001186,123230882.0,2025-11-10 16:00:00+00:00
1762804800000,0.001187,0.001202,0.001173,0.001196,199284171.0,2025-11-10 20:00:00+00:00
1762819200000,0.001196,0.001211,0.001178,0.001206,147401556.0,2025-11-11 00:00:00+00:00
1762833600000,0.001206,0.001209,0.001171,0.001174,142090832.0,2025-11-11 04:00:00+00:00
1762848000000,0.001176,0.001213,0.001173,0.001204,151666562.0,2025-11-11 08:00:00+00:00
1762862400000,0.001205,0.001243,0.001185,0.001232,314277877.0,2025-11-11 12:00:00+00:00
1762876800000,0.001232,0.001288,0.00119,0.00119,1282713184.0,2025-11-11 16:00:00+00:00
1762891200000,0.00119,0.001192,0.001166,0.001169,213930641.0,2025-11-11 20:00:00+00:00
1762905600000,0.001169,0.0012,0.001163,0.001196,201358235.0,2025-11-12 00:00:00+00:00
1762920000000,0.001195,0.001261,0.001188,0.001228,656187396.0,2025-11-12 04:00:00+00:00
1762934400000,0.001227,0.00124,0.001213,0.001219,262590218.0,2025-11-12 08:00:00+00:00
1762948800000,0.001219,0.001227,0.001168,0.001176,292296488.0,2025-11-12 12:00:00+00:00
1762963200000,0.001176,0.001179,0.001128,0.001144,297453891.0,2025-11-12 16:00:00+00:00
1762977600000,0.001143,0.001166,0.001138,0.001158,103952988.0,2025-11-12 20:00:00+00:00
1762992000000,0.001158,0.00132,0.001155,0.001178,2621648174.0,2025-11-13 00:00:00+00:00
1763006400000,0.001178,0.001192,0.001172,0.001177,396979038.0,2025-11-13 04:00:00+00:00
1763020800000,0.001176,0.001193,0.001174,0.001182,245112389.0,2025-11-13 08:00:00+00:00
1763035200000,0.001183,0.001197,0.001167,0.001169,363756979.0,2025-11-13 12:00:00+00:00
1763049600000,0.00117,0.001171,0.001092,0.001098,460751868.0,2025-11-13 16:00:00+00:00
1763064000000,0.001098,0.001137,0.00109,0.001129,252109436.0,2025-11-13 20:00:00+00:00
1763078400000,0.001128,0.001128,0.001102,0.001108,260052458.0,2025-11-14 00:00:00+00:00
1763092800000,0.001108,0.001116,0.001066,0.001108,317186593.0,2025-11-14 04:00:00+00:00
1763107200000,0.001108,0.001109,0.001085,0.00109,182266731.0,2025-11-14 08:00:00+00:00
1763121600000,0.00109,0.001114,0.001071,0.001104,315907336.0,2025-11-14 12:00:00+00:00
1763136000000,0.001105,0.001117,0.001092,0.001103,215513475.0,2025-11-14 16:00:00+00:00
1763150400000,0.001104,0.001104,0.001064,0.001081,502294492.0,2025-11-14 20:00:00+00:00
1763164800000,0.00108,0.001108,0.001075,0.001105,171206236.0,2025-11-15 00:00:00+00:00
1763179200000,0.001105,0.001108,0.00109,0.001096,111627239.0,2025-11-15 04:00:00+00:00
1763193600000,0.001097,0.001098,0.001076,0.001082,159142262.0,2025-11-15 08:00:00+00:00
1763208000000,0.001082,0.001098,0.00108,0.001087,81185031.0,2025-11-15 12:00:00+00:00
1763222400000,0.001087,0.001096,0.001073,0.001092,91658137.0,2025-11-15 16:00:00+00:00
1763236800000,0.001092,0.001093,0.001074,0.001089,428154535.0,2025-11-15 20:00:00+00:00
1763251200000,0.00109,0.001102,0.001074,0.0011,113767583.0,2025-11-16 00:00:00+00:00
1763265600000,0.0011,0.001103,0.00109,0.001102,63445684.0,2025-11-16 04:00:00+00:00
1763280000000,0.001103,0.001106,0.001077,0.001082,102924428.0,2025-11-16 08:00:00+00:00
1763294400000,0.001082,0.001087,0.001033,0.001039,284353235.0,2025-11-16 12:00:00+00:00
1763308800000,0.00104,0.00105,0.001019,0.00104,268640604.0,2025-11-16 16:00:00+00:00
1763323200000,0.001039,0.001066,0.001026,0.001057,331205260.0,2025-11-16 20:00:00+00:00
1763337600000,0.001057,0.001072,0.001047,0.001069,106011585.0,2025-11-17 00:00:00+00:00
1763352000000,0.00107,0.001073,0.001057,0.001062,79932993.0,2025-11-17 04:00:00+00:00
1763366400000,0.001062,0.001071,0.001057,0.001065,74170584.0,2025-11-17 08:00:00+00:00
1763380800000,0.001065,0.001089,0.001028,0.001045,245302807.0,2025-11-17 12:00:00+00:00
1763395200000,0.001047,0.001053,0.001001,0.001007,265571428.0,2025-11-17 16:00:00+00:00
1763409600000,0.001009,0.001022,0.001001,0.001016,837047782.0,2025-11-17 20:00:00+00:00
1763424000000,0.001015,0.001022,0.000991,0.001008,272731293.0,2025-11-18 00:00:00+00:00
1763438400000,0.001009,0.001027,0.000997,0.001009,234956278.0,2025-11-18 04:00:00+00:00
1763452800000,0.001008,0.00102,0.001001,0.001004,165009697.0,2025-11-18 08:00:00+00:00
1763467200000,0.001004,0.00103,0.000998,0.001025,191705011.0,2025-11-18 12:00:00+00:00
1763481600000,0.001025,0.001048,0.001024,0.00104,625131097.0,2025-11-18 16:00:00+00:00
1763496000000,0.001041,0.001049,0.001031,0.001044,101478875.0,2025-11-18 20:00:00+00:00
1763510400000,0.001043,0.00105,0.001025,0.001027,116440451.0,2025-11-19 00:00:00+00:00
1763524800000,0.001027,0.001034,0.001006,0.001033,153441376.0,2025-11-19 04:00:00+00:00
1763539200000,0.001033,0.001035,0.001021,0.001025,91668262.0,2025-11-19 08:00:00+00:00
1763553600000,0.001025,0.001046,0.001009,0.001011,170368053.0,2025-11-19 12:00:00+00:00
1763568000000,0.001011,0.001018,0.000978,0.00099,278404253.0,2025-11-19 16:00:00+00:00
1763582400000,0.000991,0.001031,0.000985,0.001027,200311099.0,2025-11-19 20:00:00+00:00
1763596800000,0.001027,0.001041,0.001026,0.001036,103269981.0,2025-11-20 00:00:00+00:00
1763611200000,0.001036,0.001053,0.001033,0.001052,111951338.0,2025-11-20 04:00:00+00:00
1763625600000,0.001051,0.001055,0.001038,0.001051,148405569.0,2025-11-20 08:00:00+00:00
1763640000000,0.00105,0.001083,0.001049,0.001055,276585528.0,2025-11-20 12:00:00+00:00
1763654400000,0.001056,0.001056,0.000986,0.00101,555819217.0,2025-11-20 16:00:00+00:00
1763668800000,0.001009,0.001032,0.000999,0.001003,172340650.0,2025-11-20 20:00:00+00:00
1763683200000,0.001003,0.001027,0.000985,0.000998,214423964.0,2025-11-21 00:00:00+00:00
1763697600000,0.000998,0.001002,0.000902,0.000953,380374755.0,2025-11-21 04:00:00+00:00
1763712000000,0.000953,0.000964,0.000921,0.000925,384732004.0,2025-11-21 08:00:00+00:00
1763726400000,0.000925,0.000958,0.000908,0.000938,731562480.0,2025-11-21 12:00:00+00:00
1763740800000,0.000938,0.000975,0.000926,0.000962,346092407.0,2025-11-21 16:00:00+00:00
1763755200000,0.000962,0.000967,0.000932,0.000961,242199542.0,2025-11-21 20:00:00+00:00
1763769600000,0.000961,0.000986,0.000949,0.000951,305109765.0,2025-11-22 00:00:00+00:00
1763784000000,0.000952,0.00096,0.000934,0.000957,235560455.0,2025-11-22 04:00:00+00:00
1763798400000,0.000957,0.000959,0.000934,0.00094,182734214.0,2025-11-22 08:00:00+00:00
1763812800000,0.00094,0.00095,0.000925,0.000943,147563921.0,2025-11-22 12:00:00+00:00
1763827200000,0.000943,0.000959,0.000941,0.000955,114292293.0,2025-11-22 16:00:00+00:00
1763841600000,0.000954,0.000971,0.00095,0.000959,86462025.0,2025-11-22 20:00:00+00:00
1763856000000,0.000959,0.000973,0.00095,0.000956,227763558.0,2025-11-23 00:00:00+00:00
1763870400000,0.000957,0.000968,0.000953,0.000964,98187061.0,2025-11-23 04:00:00+00:00
1763884800000,0.000963,0.000972,0.000954,0.000971,276723176.0,2025-11-23 08:00:00+00:00
1763899200000,0.000972,0.000981,0.000965,0.000972,137938036.0,2025-11-23 12:00:00+00:00
1763913600000,0.000973,0.000977,0.000964,0.000972,97609911.0,2025-11-23 16:00:00+00:00
1763928000000,0.000972,0.000976,0.000952,0.000953,169504037.0,2025-11-23 20:00:00+00:00
1763942400000,0.000953,0.000982,0.000948,0.000973,135127802.0,2025-11-24 00:00:00+00:00
1763956800000,0.000975,0.000983,0.000962,0.000967,103723893.0,2025-11-24 04:00:00+00:00
1763971200000,0.000967,0.00097,0.000948,0.000961,94784948.0,2025-11-24 08:00:00+00:00
1763985600000,0.000961,0.000967,0.000945,0.00096,169573338.0,2025-11-24 12:00:00+00:00
1764000000000,0.000961,0.000996,0.000957,0.000989,204359636.0,2025-11-24 16:00:00+00:00
1764014400000,0.00099,0.001054,0.000988,0.001016,1063291836.0,2025-11-24 20:00:00+00:00
1764028800000,0.001016,0.001029,0.001009,0.001018,205762218.0,2025-11-25 00:00:00+00:00
1764043200000,0.001019,0.001031,0.001008,0.001008,351606260.0,2025-11-25 04:00:00+00:00
1764057600000,0.001011,0.001017,0.000997,0.001006,158208347.0,2025-11-25 08:00:00+00:00
1764072000000,0.001007,0.001018,0.000991,0.001011,182421887.0,2025-11-25 12:00:00+00:00
1764086400000,0.001012,0.00102,0.000994,0.001005,139647310.0,2025-11-25 16:00:00+00:00
1764100800000,0.001006,0.001018,0.000999,0.001012,127089352.0,2025-11-25 20:00:00+00:00
1764115200000,0.001012,0.001015,0.001001,0.001004,92101337.0,2025-11-26 00:00:00+00:00
1764129600000,0.001003,0.001015,0.001001,0.001008,82122022.0,2025-11-26 04:00:00+00:00
1764144000000,0.001008,0.001008,0.000991,0.000992,86395191.0,2025-11-26 08:00:00+00:00
1764158400000,0.000993,0.000996,0.000976,0.000978,155098401.0,2025-11-26 12:00:00+00:00
1764172800000,0.000979,0.001005,0.000979,0.001003,202380513.0,2025-11-26 16:00:00+00:00
1764187200000,0.001003,0.001023,0.000995,0.001006,266343557.0,2025-11-26 20:00:00+00:00
1764201600000,0.001007,0.001019,0.001,0.001014,240031789.0,2025-11-27 00:00:00+00:00
1764216000000,0.001014,0.001023,0.001009,0.00102,91347011.0,2025-11-27 04:00:00+00:00
1764230400000,0.001021,0.001036,0.001016,0.001031,171787352.0,2025-11-27 08:00:00+00:00
1764244800000,0.001031,0.001053,0.001025,0.001052,198685261.0,2025-11-27 12:00:00+00:00
1764259200000,0.001051,0.00106,0.001044,0.001058,192437902.0,2025-11-27 16:00:00+00:00
1764273600000,0.001059,0.001077,0.001034,0.00104,337064906.0,2025-11-27 20:00:00+00:00
1764288000000,0.001039,0.001045,0.001027,0.001036,221050960.0,2025-11-28 00:00:00+00:00
1764302400000,0.001035,0.00104,0.00102,0.001033,260004465.0,2025-11-28 04:00:00+00:00
1764316800000,0.001031,0.001046,0.001017,0.001032,314461353.0,2025-11-28 08:00:00+00:00
1764331200000,0.001031,0.001045,0.001026,0.001032,213564556.0,2025-11-28 12:00:00+00:00
1764345600000,0.001033,0.001033,0.001011,0.001025,187005977.0,2025-11-28 16:00:00+00:00
1764360000000,0.001024,0.00103,0.001015,0.001027,107314479.0,2025-11-28 20:00:00+00:00
1764374400000,0.001027,0.001035,0.001026,0.001031,111918946.0,2025-11-29 00:00:00+00:00
1764388800000,0.00103,0.001032,0.001021,0.001023,61262055.0,2025-11-29 04:00:00+00:00
1764403200000,0.001023,0.001026,0.001015,0.001024,74778779.0,2025-11-29 08:00:00+00:00
1764417600000,0.001024,0.00104,0.001019,0.001025,160999542.0,2025-11-29 12:00:00+00:00
1764432000000,0.001024,0.001027,0.001011,0.001014,69204152.0,2025-11-29 16:00:00+00:00
1764446400000,0.001014,0.001017,0.001004,0.001005,57443928.0,2025-11-29 20:00:00+00:00
1764460800000,0.001005,0.001013,0.001,0.001012,56768436.0,2025-11-30 00:00:00+00:00
1764475200000,0.001012,0.001013,0.001,0.001004,93400302.0,2025-11-30 04:00:00+00:00
1764489600000,0.001004,0.001021,0.001003,0.001011,99976549.0,2025-11-30 08:00:00+00:00
1764504000000,0.00101,0.001018,0.001003,0.001009,78653348.0,2025-11-30 12:00:00+00:00
1764518400000,0.001009,0.001014,0.001003,0.001007,47439895.0,2025-11-30 16:00:00+00:00
1764532800000,0.001006,0.001013,0.000991,0.000992,67182378.0,2025-11-30 20:00:00+00:00
1764547200000,0.000992,0.000994,0.00093,0.000935,419476087.0,2025-12-01 00:00:00+00:00
1764561600000,0.000934,0.000935,0.000916,0.000925,184078616.0,2025-12-01 04:00:00+00:00
1764576000000,0.000925,0.000944,0.000924,0.000932,112258897.0,2025-12-01 08:00:00+00:00
1764590400000,0.000932,0.00095,0.000912,0.00093,212623286.0,2025-12-01 12:00:00+00:00
1764604800000,0.000928,0.000933,0.000917,0.000924,219105290.0,2025-12-01 16:00:00+00:00
1764619200000,0.000923,0.000943,0.000923,0.000936,139753921.0,2025-12-01 20:00:00+00:00
1764633600000,0.000936,0.000945,0.000927,0.000931,104367225.0,2025-12-02 00:00:00+00:00
1764648000000,0.000932,0.000937,0.000927,0.00093,76984180.0,2025-12-02 04:00:00+00:00
1764662400000,0.000929,0.000941,0.00092,0.000935,104382431.0,2025-12-02 08:00:00+00:00
1764676800000,0.000935,0.00099,0.000935,0.000986,183862348.0,2025-12-02 12:00:00+00:00
1764691200000,0.000986,0.001,0.000977,0.000997,152838785.0,2025-12-02 16:00:00+00:00
1764705600000,0.000996,0.001,0.000976,0.000995,124369824.0,2025-12-02 20:00:00+00:00
1764720000000,0.000996,0.001008,0.00099,0.001004,107336144.0,2025-12-03 00:00:00+00:00
1764734400000,0.001003,0.001011,0.000995,0.000998,99873300.0,2025-12-03 04:00:00+00:00
1764748800000,0.000999,0.001002,0.000987,0.000991,123057651.0,2025-12-03 08:00:00+00:00
1764763200000,0.000991,0.000996,0.000968,0.000987,227878076.0,2025-12-03 12:00:00+00:00
1764777600000,0.000987,0.000995,0.000978,0.000988,75861177.0,2025-12-03 16:00:00+00:00
1764792000000,0.000988,0.001003,0.000984,0.000995,61338551.0,2025-12-03 20:00:00+00:00
1764806400000,0.000995,0.001003,0.000989,0.000995,83498331.0,2025-12-04 00:00:00+00:00
1764820800000,0.000996,0.000996,0.000986,0.000991,35750502.0,2025-12-04 04:00:00+00:00
1764835200000,0.000992,0.000997,0.000984,0.000985,87780262.0,2025-12-04 08:00:00+00:00
1764849600000,0.000985,0.00099,0.000967,0.000984,155757638.0,2025-12-04 12:00:00+00:00
1764864000000,0.000984,0.000988,0.000962,0.000978,244794572.0,2025-12-04 16:00:00+00:00
1764878400000,0.000978,0.000984,0.000967,0.000969,118283068.0,2025-12-04 20:00:00+00:00
1764892800000,0.000969,0.000976,0.000965,0.000966,84765120.0,2025-12-05 00:00:00+00:00
1764907200000,0.000966,0.000976,0.000954,0.000975,158339931.0,2025-12-05 04:00:00+00:00
1764921600000,0.000975,0.000976,0.000959,0.000968,131154830.0,2025-12-05 08:00:00+00:00
1764936000000,0.000967,0.000969,0.000942,0.000947,173766464.0,2025-12-05 12:00:00+00:00
1764950400000,0.000948,0.000948,0.000924,0.000938,199431894.0,2025-12-05 16:00:00+00:00
1764964800000,0.000938,0.000949,0.000932,0.000943,95765947.0,2025-12-05 20:00:00+00:00
1764979200000,0.000942,0.000949,0.000935,0.000937,92527361.0,2025-12-06 00:00:00+00:00
1764993600000,0.000937,0.000939,0.000932,0.000935,61407966.0,2025-12-06 04:00:00+00:00
1765008000000,0.000936,0.00094,0.000926,0.000939,136838912.0,2025-12-06 08:00:00+00:00
1765022400000,0.000938,0.000943,0.000928,0.000932,108060735.0,2025-12-06 12:00:00+00:00
1765036800000,0.000933,0.000945,0.00093,0.000938,106170479.0,2025-12-06 16:00:00+00:00
1765051200000,0.000938,0.000948,0.000934,0.000942,99112184.0,2025-12-06 20:00:00+00:00
1765065600000,0.000943,0.00095,0.000941,0.000946,62408342.0,2025-12-07 00:00:00+00:00
1765080000000,0.000947,0.00095,0.00094,0.000944,83508347.0,2025-12-07 04:00:00+00:00
1765094400000,0.000944,0.000974,0.000927,0.000928,522576999.0,2025-12-07 08:00:00+00:00
1765108800000,0.000928,0.000933,0.000899,0.000929,357946810.0,2025-12-07 12:00:00+00:00
1765123200000,0.000928,0.000949,0.00092,0.000946,133439436.0,2025-12-07 16:00:00+00:00
1765137600000,0.000947,0.000949,0.000914,0.000928,161015977.0,2025-12-07 20:00:00+00:00
1765152000000,0.000928,0.000943,0.000924,0.000938,95802720.0,2025-12-08 00:00:00+00:00
1765166400000,0.000938,0.000951,0.000938,0.000946,136468142.0,2025-12-08 04:00:00+00:00
1765180800000,0.000947,0.000959,0.000946,0.00095,107164049.0,2025-12-08 08:00:00+00:00
1765195200000,0.00095,0.000977,0.000944,0.000969,344672749.0,2025-12-08 12:00:00+00:00
1765209600000,0.000969,0.00097,0.000933,0.000939,544952104.0,2025-12-08 16:00:00+00:00
1765224000000,0.000938,0.000954,0.000938,0.000948,134439359.0,2025-12-08 20:00:00+00:00
1765238400000,0.000948,0.000951,0.000934,0.000946,118012776.0,2025-12-09 00:00:00+00:00
1765252800000,0.000947,0.000947,0.000932,0.000943,101603992.0,2025-12-09 04:00:00+00:00
1765267200000,0.000943,0.000953,0.000937,0.000941,116290947.0,2025-12-09 08:00:00+00:00
1765281600000,0.000941,0.00098,0.000939,0.000978,172175022.0,2025-12-09 12:00:00+00:00
1765296000000,0.000978,0.001026,0.000978,0.001013,320551410.0,2025-12-09 16:00:00+00:00
1765310400000,0.001013,0.001014,0.000988,0.000997,127074599.0,2025-12-09 20:00:00+00:00
1765324800000,0.000996,0.001,0.000982,0.000988,94194671.0,2025-12-10 00:00:00+00:00
1765339200000,0.000987,0.000991,0.000977,0.000982,134297299.0,2025-12-10 04:00:00+00:00
1765353600000,0.000983,0.000985,0.000965,0.000967,124522896.0,2025-12-10 08:00:00+00:00
1765368000000,0.000967,0.000977,0.000966,0.00097,108248506.0,2025-12-10 12:00:00+00:00
1765382400000,0.00097,0.00099,0.000964,0.000988,166568842.0,2025-12-10 16:00:00+00:00
1765396800000,0.000988,0.001004,0.000953,0.000956,156628719.0,2025-12-10 20:00:00+00:00
1765411200000,0.000956,0.000957,0.000916,0.000919,219137330.0,2025-12-11 00:00:00+00:00
1765425600000,0.000919,0.000931,0.000915,0.000923,127827889.0,2025-12-11 04:00:00+00:00
1765440000000,0.000923,0.000931,0.000915,0.000929,121762707.0,2025-12-11 08:00:00+00:00
1765454400000,0.000929,0.000941,0.000917,0.000932,197310256.0,2025-12-11 12:00:00+00:00
1765468800000,0.000931,0.000951,0.000924,0.000932,119881256.0,2025-12-11 16:00:00+00:00
1765483200000,0.000932,0.000953,0.00093,0.00094,101677360.0,2025-12-11 20:00:00+00:00
1765497600000,0.000939,0.000949,0.000927,0.000946,102916650.0,2025-12-12 00:00:00+00:00
1765512000000,0.000946,0.000953,0.00094,0.000947,65644250.0,2025-12-12 04:00:00+00:00
1765526400000,0.000948,0.00095,0.000941,0.000945,63583063.0,2025-12-12 08:00:00+00:00
1765540800000,0.000945,0.000948,0.000913,0.000916,132569405.0,2025-12-12 12:00:00+00:00
1765555200000,0.000916,0.000928,0.000908,0.000918,131991398.0,2025-12-12 16:00:00+00:00
1765569600000,0.000919,0.000942,0.000916,0.000939,95944480.0,2025-12-12 20:00:00+00:00
1765584000000,0.00094,0.000974,0.000939,0.000956,326166040.0,2025-12-13 00:00:00+00:00
1765598400000,0.000957,0.000961,0.000928,0.000945,587594164.0,2025-12-13 04:00:00+00:00
1765612800000,0.000945,0.000949,0.000936,0.000937,161270635.0,2025-12-13 08:00:00+00:00
1765627200000,0.000938,0.000943,0.000931,0.000939,63246530.0,2025-12-13 12:00:00+00:00
1765641600000,0.000939,0.000965,0.000938,0.000943,164842389.0,2025-12-13 16:00:00+00:00
1765656000000,0.000943,0.000948,0.000932,0.000947,54789510.0,2025-12-13 20:00:00+00:00
1765670400000,0.000947,0.000971,0.000944,0.000956,166274626.0,2025-12-14 00:00:00+00:00
1765684800000,0.000956,0.000961,0.000951,0.000955,88913170.0,2025-12-14 04:00:00+00:00
1765699200000,0.000956,0.000957,0.000933,0.00094,113630704.0,2025-12-14 08:00:00+00:00
1765713600000,0.00094,0.000945,0.000928,0.000931,123541074.0,2025-12-14 12:00:00+00:00
1765728000000,0.000931,0.000934,0.000919,0.000925,78385165.0,2025-12-14 16:00:00+00:00
1765742400000,0.000924,0.000929,0.000908,0.00092,81455811.0,2025-12-14 20:00:00+00:00
1765756800000,0.00092,0.000944,0.000919,0.000929,83134146.0,2025-12-15 00:00:00+00:00
1765771200000,0.000929,0.000935,0.000923,0.000926,83830463.0,2025-12-15 04:00:00+00:00
1765785600000,0.000927,0.000929,0.000921,0.000923,56533708.0,2025-12-15 08:00:00+00:00
1765800000000,0.000923,0.000928,0.000878,0.000881,325456269.0,2025-12-15 12:00:00+00:00
1765814400000,0.00088,0.00088,0.000846,0.000851,369349838.0,2025-12-15 16:00:00+00:00
1765828800000,0.000851,0.000865,0.000845,0.000862,211976876.0,2025-12-15 20:00:00+00:00
1765843200000,0.000863,0.000864,0.000848,0.000854,92034561.0,2025-12-16 00:00:00+00:00
1765857600000,0.000854,0.000856,0.000842,0.000844,145644862.0,2025-12-16 04:00:00+00:00
1765872000000,0.000843,0.000859,0.000842,0.000855,124074263.0,2025-12-16 08:00:00+00:00
1765886400000,0.000856,0.000861,0.000831,0.000843,250640667.0,2025-12-16 12:00:00+00:00
1765900800000,0.000843,0.000844,0.000833,0.000838,140531932.0,2025-12-16 16:00:00+00:00
1765915200000,0.000838,0.000842,0.000835,0.000842,79046099.0,2025-12-16 20:00:00+00:00
1765929600000,0.000841,0.000842,0.000823,0.000831,135068982.0,2025-12-17 00:00:00+00:00
1765944000000,0.00083,0.000836,0.000823,0.000835,113396637.0,2025-12-17 04:00:00+00:00
1765958400000,0.000835,0.000835,0.000829,0.000833,80892939.0,2025-12-17 08:00:00+00:00
1765972800000,0.000833,0.000856,0.000817,0.000817,323608418.0,2025-12-17 12:00:00+00:00
1765987200000,0.000817,0.000824,0.00079,0.000801,312724131.0,2025-12-17 16:00:00+00:00
1766001600000,0.000801,0.000802,0.000788,0.000801,135041484.0,2025-12-17 20:00:00+00:00
1766016000000,0.000801,0.000801,0.000791,0.000793,123808851.0,2025-12-18 00:00:00+00:00
1766030400000,0.000794,0.000796,0.000782,0.000787,201049267.0,2025-12-18 04:00:00+00:00
1766044800000,0.000787,0.000795,0.000786,0.000794,129255545.0,2025-12-18 08:00:00+00:00
1766059200000,0.000794,0.000814,0.000787,0.000804,303174608.0,2025-12-18 12:00:00+00:00
1766073600000,0.000804,0.000804,0.000757,0.000758,369713522.0,2025-12-18 16:00:00+00:00
1766088000000,0.000757,0.000773,0.000756,0.000768,125814450.0,2025-12-18 20:00:00+00:00
1766102400000,0.000768,0.00079,0.000757,0.000782,224085614.0,2025-12-19 00:00:00+00:00
1766116800000,0.000782,0.000798,0.000779,0.000793,103445525.0,2025-12-19 04:00:00+00:00
1766131200000,0.000793,0.000796,0.00079,0.000795,77593122.0,2025-12-19 08:00:00+00:00
1766145600000,0.000795,0.000812,0.000791,0.000797,221268205.0,2025-12-19 12:00:00+00:00
1766160000000,0.000797,0.00082,0.000795,0.000815,220853254.0,2025-12-19 16:00:00+00:00
1766174400000,0.000817,0.000825,0.000813,0.000821,89697538.0,2025-12-19 20:00:00+00:00
1766188800000,0.000821,0.000825,0.000818,0.000823,61215130.0,2025-12-20 00:00:00+00:00
1766203200000,0.000823,0.000826,0.000819,0.000824,51976507.0,2025-12-20 04:00:00+00:00
1766217600000,0.000823,0.000832,0.000817,0.000824,74248223.0,2025-12-20 08:00:00+00:00
1766232000000,0.000824,0.000831,0.000816,0.000823,141331555.0,2025-12-20 12:00:00+00:00
1766246400000,0.000823,0.000824,0.000819,0.000821,56844505.0,2025-12-20 16:00:00+00:00
1766260800000,0.000821,0.000825,0.000816,0.000818,89933834.0,2025-12-20 20:00:00+00:00
1766275200000,0.000818,0.001108,0.000818,0.001059,32796663622.0,2025-12-21 00:00:00+00:00
1766289600000,0.001059,0.001098,0.000945,0.001057,31140240945.0,2025-12-21 04:00:00+00:00
1766304000000,0.001056,0.001099,0.000993,0.001005,23080243380.0,2025-12-21 08:00:00+00:00
1766318400000,0.001003,0.001036,0.000941,0.00096,19915383812.0,2025-12-21 12:00:00+00:00
1766332800000,0.000959,0.000977,0.000944,0.000957,7058939182.0,2025-12-21 16:00:00+00:00
1766347200000,0.000957,0.000975,0.00092,0.000932,6165276110.0,2025-12-21 20:00:00+00:00
1766361600000,0.000932,0.000932,0.000865,0.000881,6570941596.0,2025-12-22 00:00:00+00:00
1766376000000,0.00088,0.0009043,0.000876,0.000892,2724995632.0,2025-12-22 04:00:00+00:00
1766390400000,0.0008921,0.0009131,0.0008794,0.0009022,2910737455.0,2025-12-22 08:00:00+00:00
1766404800000,0.000902,0.0009102,0.0008911,0.0009089,2846322435.0,2025-12-22 12:00:00+00:00
1766419200000,0.0009085,0.0009148,0.000896,0.0009042,2045102872.0,2025-12-22 16:00:00+00:00
1766433600000,0.000904,0.0009388,0.0008979,0.0009304,2063043757.0,2025-12-22 20:00:00+00:00
1766448000000,0.0009304,0.000975,0.0008702,0.00089,5250216459.0,2025-12-23 00:00:00+00:00
1766462400000,0.0008896,0.0008905,0.0008725,0.0008776,1321294521.0,2025-12-23 04:00:00+00:00
1766476800000,0.0008776,0.0008908,0.0008723,0.0008874,1219453916.0,2025-12-23 08:00:00+00:00
1766491200000,0.0008875,0.0008884,0.0008445,0.0008504,2242837436.0,2025-12-23 12:00:00+00:00
1766505600000,0.0008504,0.0008574,0.0008402,0.0008486,1634208293.0,2025-12-23 16:00:00+00:00
1766520000000,0.0008484,0.0008656,0.0008454,0.0008566,1438114914.0,2025-12-23 20:00:00+00:00
1766534400000,0.0008566,0.0008566,0.000823,0.0008276,1468468641.0,2025-12-24 00:00:00+00:00
1766548800000,0.0008276,0.0008299,0.0008134,0.0008214,1223839333.0,2025-12-24 04:00:00+00:00
1766563200000,0.0008215,0.0008239,0.0008116,0.0008188,733481518.0,2025-12-24 08:00:00+00:00
1766577600000,0.0008189,0.0008282,0.0008114,0.0008132,1001764678.0,2025-12-24 12:00:00+00:00
1766592000000,0.0008131,0.000825,0.000813,0.000819,700065644.0,2025-12-24 16:00:00+00:00
1766606400000,0.0008189,0.0008271,0.0008152,0.0008243,472793887.0,2025-12-24 20:00:00+00:00
1766620800000,0.0008243,0.0008271,0.0008147,0.0008263,447197688.0,2025-12-25 00:00:00+00:00
1766635200000,0.0008265,0.000827,0.0008201,0.0008239,260352926.0,2025-12-25 04:00:00+00:00
1766649600000,0.0008241,0.0008254,0.000805,0.000811,531129540.0,2025-12-25 08:00:00+00:00
1766664000000,0.000811,0.0008214,0.0008064,0.0008184,319376520.0,2025-12-25 12:00:00+00:00
1766678400000,0.0008187,0.0008227,0.000814,0.0008196,236263514.0,2025-12-25 16:00:00+00:00
1766692800000,0.0008197,0.0008221,0.0007909,0.0007977,553315780.0,2025-12-25 20:00:00+00:00
1766707200000,0.0007977,0.000806,0.000786,0.0007959,595747498.0,2025-12-26 00:00:00+00:00
1766721600000,0.000796,0.0007982,0.0007878,0.0007889,261671222.0,2025-12-26 04:00:00+00:00
1766736000000,0.0007888,0.0007925,0.0007846,0.0007875,205958930.0,2025-12-26 08:00:00+00:00
1766750400000,0.0007875,0.0007966,0.0007684,0.0007749,722926651.0,2025-12-26 12:00:00+00:00
1766764800000,0.0007745,0.0007836,0.000768,0.000783,335339570.0,2025-12-26 16:00:00+00:00
1766779200000,0.0007828,0.000785,0.0007719,0.0007781,286708349.0,2025-12-26 20:00:00+00:00
1766793600000,0.0007781,0.0007794,0.0007738,0.0007791,334723196.0,2025-12-27 00:00:00+00:00
1766808000000,0.0007792,0.0007805,0.0007692,0.0007774,277619343.0,2025-12-27 04:00:00+00:00
1766822400000,0.0007774,0.000779,0.0007642,0.0007767,590111602.0,2025-12-27 08:00:00+00:00
1766836800000,0.0007766,0.000779,0.0007714,0.0007737,259270282.0,2025-12-27 12:00:00+00:00
1766851200000,0.0007738,0.0007781,0.0007677,0.0007753,278681438.0,2025-12-27 16:00:00+00:00
1766865600000,0.0007745,0.0007868,0.0007724,0.0007826,347092725.0,2025-12-27 20:00:00+00:00
1766880000000,0.0007826,0.0007846,0.0007726,0.0007788,343829689.0,2025-12-28 00:00:00+00:00
1766894400000,0.0007788,0.0007885,0.0007777,0.000788,261382345.0,2025-12-28 04:00:00+00:00
1766908800000,0.000788,0.0008019,0.0007848,0.0007886,524428890.0,2025-12-28 08:00:00+00:00
1766923200000,0.0007885,0.0007924,0.0007835,0.0007884,292503385.0,2025-12-28 12:00:00+00:00
1766937600000,0.0007886,0.0007967,0.0007733,0.0007742,386487111.0,2025-12-28 16:00:00+00:00
1766952000000,0.000774,0.0007873,0.0007705,0.0007864,183402918.0,2025-12-28 20:00:00+00:00
1766966400000,0.0007865,0.0007886,0.000765,0.0007826,666283877.0,2025-12-29 00:00:00+00:00
1766980800000,0.0007822,0.0007958,0.0007774,0.0007874,554061128.0,2025-12-29 04:00:00+00:00
1766995200000,0.0007874,0.0007893,0.0007693,0.0007746,424150459.0,2025-12-29 08:00:00+00:00
1767009600000,0.0007743,0.0007752,0.0007579,0.0007697,498812978.0,2025-12-29 12:00:00+00:00
1767024000000,0.0007696,0.0007749,0.0007649,0.0007714,182122428.0,2025-12-29 16:00:00+00:00
1767038400000,0.0007712,0.000773,0.000763,0.000766,137259247.0,2025-12-29 20:00:00+00:00
1767052800000,0.000766,0.0007678,0.0007576,0.0007652,280370969.0,2025-12-30 00:00:00+00:00
1767067200000,0.0007652,0.0007692,0.0007608,0.0007614,279805352.0,2025-12-30 04:00:00+00:00
1767081600000,0.000761,0.000774,0.000761,0.0007701,218269257.0,2025-12-30 08:00:00+00:00
1767096000000,0.0007701,0.0007724,0.0007583,0.0007694,404154584.0,2025-12-30 12:00:00+00:00
1767110400000,0.0007687,0.000773,0.000756,0.0007652,254333584.0,2025-12-30 16:00:00+00:00
1767124800000,0.0007652,0.0007723,0.0007594,0.0007721,153649088.0,2025-12-30 20:00:00+00:00
1767139200000,0.000772,0.000772,0.0007597,0.0007626,270175666.0,2025-12-31 00:00:00+00:00
1767153600000,0.0007626,0.000763,0.0007526,0.0007563,325274115.0,2025-12-31 04:00:00+00:00
1767168000000,0.0007565,0.0007649,0.0007546,0.0007646,229751937.0,2025-12-31 08:00:00+00:00
1767182400000,0.0007646,0.0007667,0.0007536,0.0007585,411724681.0,2025-12-31 12:00:00+00:00
1767196800000,0.0007587,0.0007606,0.0007322,0.0007453,471278211.0,2025-12-31 16:00:00+00:00
1767211200000,0.0007452,0.000753,0.0007406,0.0007497,202527448.0,2025-12-31 20:00:00+00:00
1767225600000,0.0007497,0.0007611,0.0007492,0.0007584,213467147.0,2026-01-01 00:00:00+00:00
1767240000000,0.000758,0.0008224,0.0007441,0.0007513,3837278565.0,2026-01-01 04:00:00+00:00
1767254400000,0.0007513,0.0007635,0.0007463,0.000763,587851879.0,2026-01-01 08:00:00+00:00
1767268800000,0.0007629,0.0007844,0.00076,0.0007767,719711022.0,2026-01-01 12:00:00+00:00
1767283200000,0.0007765,0.0007868,0.0007722,0.000782,449541440.0,2026-01-01 16:00:00+00:00
1767297600000,0.0007822,0.0007994,0.000782,0.0007955,335282359.0,2026-01-01 20:00:00+00:00
1767312000000,0.0007953,0.0007972,0.000781,0.0007925,419592877.0,2026-01-02 00:00:00+00:00
1767326400000,0.0007924,0.0007934,0.0007828,0.0007873,292078333.0,2026-01-02 04:00:00+00:00
1767340800000,0.0007875,0.0007997,0.0007812,0.000786,433645762.0,2026-01-02 08:00:00+00:00
1767355200000,0.0007858,0.0008003,0.000781,0.0007912,529745475.0,2026-01-02 12:00:00+00:00
1767369600000,0.0007916,0.0008063,0.0007898,0.0008031,416573481.0,2026-01-02 16:00:00+00:00
1767384000000,0.0008028,0.0008159,0.0008021,0.000813,464012100.0,2026-01-02 20:00:00+00:00
1767398400000,0.000813,0.0008157,0.0008023,0.0008151,429712970.0,2026-01-03 00:00:00+00:00
1767412800000,0.0008149,0.0008157,0.0007845,0.000787,337860694.0,2026-01-03 04:00:00+00:00
1767427200000,0.0007869,0.0007972,0.0007841,0.0007953,223181943.0,2026-01-03 08:00:00+00:00
1767441600000,0.0007951,0.0008025,0.0007945,0.0007983,163728631.0,2026-01-03 12:00:00+00:00
1767456000000,0.0007983,0.0008043,0.0007958,0.0008009,145601501.0,2026-01-03 16:00:00+00:00
1767470400000,0.0008008,0.0008053,0.0007965,0.0008044,211121886.0,2026-01-03 20:00:00+00:00
1767484800000,0.0008041,0.0008191,0.0008031,0.0008183,262158699.0,2026-01-04 00:00:00+00:00
1767499200000,0.0008185,0.0008345,0.0008172,0.0008235,318398838.0,2026-01-04 04:00:00+00:00
1767513600000,0.0008235,0.0008309,0.0008189,0.0008293,200830541.0,2026-01-04 08:00:00+00:00
1767528000000,0.0008294,0.0008394,0.0008281,0.0008392,198989577.0,2026-01-04 12:00:00+00:00
1767542400000,0.0008392,0.0008509,0.0008277,0.0008326,383382813.0,2026-01-04 16:00:00+00:00
1767556800000,0.0008326,0.0008404,0.0008296,0.0008381,274721411.0,2026-01-04 20:00:00+00:00
1767571200000,0.000838,0.000855,0.0008343,0.0008425,305851339.0,2026-01-05 00:00:00+00:00
1767585600000,0.0008424,0.0008433,0.000819,0.0008326,309313050.0,2026-01-05 04:00:00+00:00
1767600000000,0.0008324,0.0008357,0.0008188,0.0008272,196665530.0,2026-01-05 08:00:00+00:00
1767614400000,0.0008274,0.0008472,0.000824,0.0008463,350476094.0,2026-01-05 12:00:00+00:00
1767628800000,0.0008462,0.0008566,0.0008335,0.000853,344998222.0,2026-01-05 16:00:00+00:00
1767643200000,0.000853,0.0008672,0.0008508,0.0008599,292797368.0,2026-01-05 20:00:00+00:00
1767657600000,0.0008597,0.0008664,0.0008451,0.0008654,326280485.0,2026-01-06 00:00:00+00:00
1767672000000,0.0008655,0.0008686,0.0008496,0.0008519,242691680.0,2026-01-06 04:00:00+00:00
1767686400000,0.0008521,0.0008659,0.0008513,0.0008623,266244731.0,2026-01-06 08:00:00+00:00
1767700800000,0.0008621,0.0008873,0.0008609,0.0008675,533719257.0,2026-01-06 12:00:00+00:00
1767715200000,0.0008674,0.0008705,0.0008323,0.0008517,404875257.0,2026-01-06 16:00:00+00:00
1767729600000,0.0008514,0.0008742,0.0008512,0.0008667,217982787.0,2026-01-06 20:00:00+00:00
1767744000000,0.0008668,0.0008697,0.0008449,0.0008536,225027115.0,2026-01-07 00:00:00+00:00
1767758400000,0.0008534,0.0008611,0.0008464,0.0008611,167810995.0,2026-01-07 04:00:00+00:00
1767772800000,0.0008613,0.0008699,0.0008438,0.0008528,257314305.0,2026-01-07 08:00:00+00:00
1767787200000,0.0008528,0.0008544,0.0008268,0.0008305,334509685.0,2026-01-07 12:00:00+00:00
1767801600000,0.0008302,0.000845,0.0008288,0.000838,301352356.0,2026-01-07 16:00:00+00:00
1767816000000,0.000838,0.0008393,0.0008173,0.0008283,221835618.0,2026-01-07 20:00:00+00:00
1767830400000,0.0008286,0.0008638,0.0008238,0.0008311,1270983951.0,2026-01-08 00:00:00+00:00
1767844800000,0.0008311,0.0008473,0.0007998,0.0008336,961427015.0,2026-01-08 04:00:00+00:00
1767859200000,0.0008336,0.0008576,0.0008124,0.0008542,732561059.0,2026-01-08 08:00:00+00:00
1767873600000,0.0008544,0.000885,0.0008331,0.0008765,1049001727.0,2026-01-08 12:00:00+00:00
1767888000000,0.0008764,0.0008854,0.0008619,0.0008699,658860443.0,2026-01-08 16:00:00+00:00
1767902400000,0.00087,0.00087,0.0008549,0.0008578,331307098.0,2026-01-08 20:00:00+00:00
1767916800000,0.0008578,0.0008721,0.0008494,0.0008703,922731438.0,2026-01-09 00:00:00+00:00
1767931200000,0.0008703,0.0008887,0.0008624,0.0008695,601981629.0,2026-01-09 04:00:00+00:00
1767945600000,0.0008696,0.000871,0.0008519,0.0008638,290394985.0,2026-01-09 08:00:00+00:00
1767960000000,0.0008636,0.0008675,0.000844,0.0008548,397863316.0,2026-01-09 12:00:00+00:00
1767974400000,0.0008549,0.0008643,0.0008402,0.0008425,248385554.0,2026-01-09 16:00:00+00:00
1767988800000,0.0008426,0.0008539,0.0008416,0.0008496,111700195.0,2026-01-09 20:00:00+00:00
1768003200000,0.0008494,0.0008495,0.0008371,0.0008421,142347828.0,2026-01-10 00:00:00+00:00
1768017600000,0.0008421,0.0008466,0.0008334,0.000846,112356910.0,2026-01-10 04:00:00+00:00
1768032000000,0.0008459,0.000855,0.0008447,0.0008543,174616982.0,2026-01-10 08:00:00+00:00
1768046400000,0.0008542,0.0008646,0.00085,0.000853,230215345.0,2026-01-10 12:00:00+00:00
1768060800000,0.0008532,0.0008566,0.000846,0.0008562,160292830.0,2026-01-10 16:00:00+00:00
1768075200000,0.0008563,0.0008568,0.0008405,0.0008432,129068527.0,2026-01-10 20:00:00+00:00
1768089600000,0.0008434,0.0008498,0.0008417,0.0008459,113842436.0,2026-01-11 00:00:00+00:00
1768104000000,0.000846,0.0008485,0.0008415,0.0008467,100848343.0,2026-01-11 04:00:00+00:00
1768118400000,0.0008466,0.0008499,0.000844,0.000848,77567099.0,2026-01-11 08:00:00+00:00
1768132800000,0.000848,0.0008502,0.000825,0.0008324,175377017.0,2026-01-11 12:00:00+00:00
1768147200000,0.0008325,0.0008434,0.0008312,0.0008375,131583152.0,2026-01-11 16:00:00+00:00
1768161600000,0.0008374,0.0008377,0.0008159,0.0008314,290737353.0,2026-01-11 20:00:00+00:00
1768176000000,0.0008316,0.0008494,0.0008164,0.0008378,356261899.0,2026-01-12 00:00:00+00:00
1768190400000,0.0008376,0.0008424,0.0008263,0.000827,128886894.0,2026-01-12 04:00:00+00:00
1768204800000,0.0008271,0.0008305,0.0008142,0.00082,141948664.0,2026-01-12 08:00:00+00:00
1768219200000,0.0008199,0.00083,0.0008038,0.0008296,200720748.0,2026-01-12 12:00:00+00:00
1768233600000,0.00083,0.0008351,0.0008159,0.0008246,127091873.0,2026-01-12 16:00:00+00:00
1768248000000,0.0008248,0.000828,0.0008092,0.0008158,95578239.0,2026-01-12 20:00:00+00:00
1768262400000,0.0008157,0.0008232,0.0008147,0.0008224,194500799.0,2026-01-13 00:00:00+00:00
1768276800000,0.0008227,0.0008359,0.0008197,0.0008293,242738939.0,2026-01-13 04:00:00+00:00
1768291200000,0.0008288,0.0008368,0.0008261,0.0008313,196678502.0,2026-01-13 08:00:00+00:00
1768305600000,0.0008313,0.0008426,0.0008203,0.0008424,722962605.0,2026-01-13 12:00:00+00:00
1768320000000,0.0008424,0.0008519,0.0008392,0.0008508,201108263.0,2026-01-13 16:00:00+00:00
1768334400000,0.0008508,0.0008734,0.0008449,0.0008615,398791718.0,2026-01-13 20:00:00+00:00
1768348800000,0.0008616,0.0008719,0.0008587,0.0008629,201632893.0,2026-01-14 00:00:00+00:00
1768363200000,0.0008627,0.0008639,0.0008491,0.0008558,284474594.0,2026-01-14 04:00:00+00:00
1768377600000,0.0008559,0.0008706,0.0008552,0.0008645,184058571.0,2026-01-14 08:00:00+00:00
1768392000000,0.0008641,0.0008733,0.0008521,0.0008712,291484820.0,2026-01-14 12:00:00+00:00
1768406400000,0.0008712,0.0008795,0.000851,0.0008698,333117035.0,2026-01-14 16:00:00+00:00
1768420800000,0.0008697,0.0008788,0.0008584,0.0008645,241046995.0,2026-01-14 20:00:00+00:00
1768435200000,0.0008646,0.0008758,0.0008506,0.0008519,369555641.0,2026-01-15 00:00:00+00:00
1768449600000,0.000852,0.0008642,0.0008375,0.000862,341359328.0,2026-01-15 04:00:00+00:00
1768464000000,0.0008623,0.0008694,0.0008571,0.0008591,163182114.0,2026-01-15 08:00:00+00:00
1768478400000,0.0008593,0.0008735,0.0008418,0.0008525,320420583.0,2026-01-15 12:00:00+00:00
1768492800000,0.0008525,0.0008546,0.0008298,0.0008367,246991125.0,2026-01-15 16:00:00+00:00
1768507200000,0.0008365,0.0008502,0.0008276,0.0008499,134842653.0,2026-01-15 20:00:00+00:00
1768521600000,0.0008503,0.0008503,0.0008413,0.0008455,159519220.0,2026-01-16 00:00:00+00:00
1768536000000,0.0008455,0.0008542,0.0008369,0.0008479,118541716.0,2026-01-16 04:00:00+00:00
1768550400000,0.0008479,0.0008593,0.0008478,0.000859,90447328.0,2026-01-16 08:00:00+00:00
1768564800000,0.000859,0.000863,0.0008317,0.0008385,304292594.0,2026-01-16 12:00:00+00:00
1768579200000,0.0008385,0.000848,0.0008323,0.0008439,172630378.0,2026-01-16 16:00:00+00:00
1768593600000,0.0008439,0.0008713,0.0008394,0.0008688,178849074.0,2026-01-16 20:00:00+00:00
1768608000000,0.0008688,0.0008703,0.0008602,0.0008618,99036369.0,2026-01-17 00:00:00+00:00
1768622400000,0.0008618,0.0008635,0.0008534,0.0008575,102956602.0,2026-01-17 04:00:00+00:00
1768636800000,0.0008577,0.0008686,0.0008574,0.0008596,126046377.0,2026-01-17 08:00:00+00:00
1768651200000,0.0008596,0.0008911,0.000858,0.0008807,329767650.0,2026-01-17 12:00:00+00:00
1768665600000,0.0008807,0.0008817,0.0008668,0.00087,133920801.0,2026-01-17 16:00:00+00:00
1768680000000,0.00087,0.000888,0.0008695,0.0008726,304649937.0,2026-01-17 20:00:00+00:00
1768694400000,0.0008726,0.0008854,0.0008675,0.0008688,183428005.0,2026-01-18 00:00:00+00:00
1768708800000,0.0008688,0.0008722,0.000861,0.0008681,166692198.0,2026-01-18 04:00:00+00:00
1768723200000,0.0008679,0.0008701,0.0008634,0.0008648,129192295.0,2026-01-18 08:00:00+00:00
1768737600000,0.0008655,0.0008693,0.000858,0.0008647,163348913.0,2026-01-18 12:00:00+00:00
1768752000000,0.0008648,0.000871,0.0008599,0.0008677,147391804.0,2026-01-18 16:00:00+00:00
1768766400000,0.0008677,0.0008714,0.0008283,0.0008303,298899596.0,2026-01-18 20:00:00+00:00
1768780800000,0.0008303,0.0008303,0.0007597,0.0008173,805849525.0,2026-01-19 00:00:00+00:00
1768795200000,0.0008173,0.0008174,0.0008048,0.0008096,182518229.0,2026-01-19 04:00:00+00:00
1768809600000,0.0008097,0.000821,0.0008068,0.0008091,281183091.0,2026-01-19 08:00:00+00:00
1768824000000,0.0008096,0.0008137,0.0007993,0.0008063,250573467.0,2026-01-19 12:00:00+00:00
1768838400000,0.0008063,0.0008182,0.0008059,0.0008152,140829559.0,2026-01-19 16:00:00+00:00
1768852800000,0.0008159,0.0008168,0.0008062,0.0008113,123463592.0,2026-01-19 20:00:00+00:00
1768867200000,0.0008113,0.0008122,0.000798,0.0008015,145165846.0,2026-01-20 00:00:00+00:00
1768881600000,0.0008013,0.000802,0.0007841,0.0007841,230965788.0,2026-01-20 04:00:00+00:00
1768896000000,0.0007841,0.0007934,0.0007733,0.0007854,343045349.0,2026-01-20 08:00:00+00:00
1768910400000,0.0007852,0.0007959,0.0007739,0.0007801,274997182.0,2026-01-20 12:00:00+00:00
1768924800000,0.0007804,0.0007848,0.0007576,0.0007616,232612442.0,2026-01-20 16:00:00+00:00
1768939200000,0.0007616,0.0007685,0.0007532,0.0007593,213002046.0,2026-01-20 20:00:00+00:00
1768953600000,0.0007595,0.0007843,0.0007573,0.0007809,624008767.0,2026-01-21 00:00:00+00:00
1768968000000,0.0007809,0.0007835,0.0007757,0.0007764,103586112.0,2026-01-21 04:00:00+00:00
1768982400000,0.0007769,0.0007804,0.0007712,0.0007737,130706942.0,2026-01-21 08:00:00+00:00
1768996800000,0.0007739,0.0007901,0.0007634,0.0007868,181112259.0,2026-01-21 12:00:00+00:00
1769011200000,0.0007871,0.0007905,0.0007567,0.0007895,216641158.0,2026-01-21 16:00:00+00:00
1769025600000,0.0007895,0.0007905,0.0007747,0.0007767,108280127.0,2026-01-21 20:00:00+00:00
1769040000000,0.000777,0.0007884,0.0007769,0.0007796,109641877.0,2026-01-22 00:00:00+00:00
1769054400000,0.0007793,0.0007872,0.0007759,0.0007781,206557999.0,2026-01-22 04:00:00+00:00
1769068800000,0.0007778,0.0007819,0.0007718,0.0007734,82311521.0,2026-01-22 08:00:00+00:00
1769083200000,0.0007731,0.0007749,0.0007526,0.000761,187710487.0,2026-01-22 12:00:00+00:00
1769097600000,0.000761,0.0007715,0.0007599,0.0007623,143281462.0,2026-01-22 16:00:00+00:00
1769112000000,0.0007618,0.0007644,0.0007564,0.0007616,126696936.0,2026-01-22 20:00:00+00:00
1769126400000,0.0007623,0.0007674,0.00076,0.0007657,105753932.0,2026-01-23 00:00:00+00:00
1769140800000,0.000766,0.000778,0.0007649,0.0007714,189753363.0,2026-01-23 04:00:00+00:00
1769155200000,0.0007711,0.000775,0.0007662,0.0007704,129792033.0,2026-01-23 08:00:00+00:00
1769169600000,0.0007703,0.0007739,0.00076,0.0007726,131007828.0,2026-01-23 12:00:00+00:00
1769184000000,0.0007728,0.0007872,0.0007681,0.0007725,198391603.0,2026-01-23 16:00:00+00:00
1769198400000,0.0007726,0.0007793,0.0007646,0.0007778,87129421.0,2026-01-23 20:00:00+00:00
1769212800000,0.0007774,0.0007875,0.0007754,0.0007843,104637125.0,2026-01-24 00:00:00+00:00
1769227200000,0.0007843,0.0007844,0.0007766,0.0007776,73244970.0,2026-01-24 04:00:00+00:00
1769241600000,0.0007778,0.0007826,0.0007778,0.0007813,50852387.0,2026-01-24 08:00:00+00:00
1769256000000,0.0007813,0.0007847,0.0007752,0.0007754,80954589.0,2026-01-24 12:00:00+00:00
1769270400000,0.0007755,0.0007755,0.0007702,0.0007714,41910636.0,2026-01-24 16:00:00+00:00
1769284800000,0.0007713,0.0007867,0.000771,0.0007851,68093910.0,2026-01-24 20:00:00+00:00
1769299200000,0.000785,0.000803,0.0007789,0.0007873,411174918.0,2026-01-25 00:00:00+00:00
1769313600000,0.0007873,0.0008012,0.0007805,0.0007888,178181281.0,2026-01-25 04:00:00+00:00
1769328000000,0.0007888,0.0008008,0.0007808,0.000784,250190879.0,2026-01-25 08:00:00+00:00
1769342400000,0.000784,0.0007945,0.0007782,0.0007909,246428126.0,2026-01-25 12:00:00+00:00
1769356800000,0.0007908,0.0007928,0.0007381,0.0007391,498505881.0,2026-01-25 16:00:00+00:00
1769371200000,0.0007397,0.0007531,0.0007354,0.0007517,198753282.0,2026-01-25 20:00:00+00:00
1769385600000,0.0007517,0.0007762,0.0007422,0.0007544,876308064.0,2026-01-26 00:00:00+00:00
1769400000000,0.0007549,0.0007697,0.0007542,0.0007655,193990593.0,2026-01-26 04:00:00+00:00
1769414400000,0.0007658,0.0007717,0.000757,0.0007695,209922526.0,2026-01-26 08:00:00+00:00
1769428800000,0.0007695,0.0007759,0.0007619,0.0007692,156593076.0,2026-01-26 12:00:00+00:00
1769443200000,0.0007692,0.0007722,0.0007618,0.0007666,90079047.0,2026-01-26 16:00:00+00:00
1769457600000,0.0007665,0.0007744,0.0007613,0.000771,95975266.0,2026-01-26 20:00:00+00:00
1769472000000,0.000771,0.0007809,0.0007683,0.0007753,181090072.0,2026-01-27 00:00:00+00:00
1769486400000,0.0007749,0.0007776,0.000766,0.0007664,96507009.0,2026-01-27 04:00:00+00:00
1769500800000,0.0007661,0.000767,0.0007553,0.0007582,133212874.0,2026-01-27 08:00:00+00:00
1769515200000,0.0007579,0.0007593,0.0007468,0.0007574,116966671.0,2026-01-27 12:00:00+00:00
1769529600000,0.0007578,0.0007658,0.000747,0.0007632,165508150.0,2026-01-27 16:00:00+00:00
1769544000000,0.0007632,0.0007731,0.0007624,0.0007664,175311123.0,2026-01-27 20:00:00+00:00
1769558400000,0.0007666,0.0007684,0.0007608,0.0007661,121118699.0,2026-01-28 00:00:00+00:00
1769572800000,0.0007661,0.0007669,0.0007488,0.0007541,218368867.0,2026-01-28 04:00:00+00:00
1769587200000,0.0007541,0.0007643,0.0007471,0.000764,206505600.0,2026-01-28 08:00:00+00:00
1769601600000,0.0007639,0.0007652,0.0007503,0.0007529,287870540.0,2026-01-28 12:00:00+00:00
1769616000000,0.0007533,0.0007612,0.0007493,0.0007552,177041728.0,2026-01-28 16:00:00+00:00
1769630400000,0.0007548,0.0007616,0.0007484,0.0007553,290152331.0,2026-01-28 20:00:00+00:00
1769644800000,0.0007554,0.0007567,0.0007344,0.0007369,296670316.0,2026-01-29 00:00:00+00:00
1769659200000,0.0007369,0.0007404,0.0007322,0.0007373,153367541.0,2026-01-29 04:00:00+00:00
1769673600000,0.0007365,0.0007369,0.0007277,0.0007286,178799037.0,2026-01-29 08:00:00+00:00
1769688000000,0.0007282,0.0007319,0.0006982,0.0007104,396479766.0,2026-01-29 12:00:00+00:00
1769702400000,0.0007108,0.0007217,0.000694,0.0007016,326428074.0,2026-01-29 16:00:00+00:00
1769716800000,0.0007013,0.0007145,0.000699,0.0007103,157934311.0,2026-01-29 20:00:00+00:00
1769731200000,0.0007102,0.0007167,0.0006818,0.0006927,346378554.0,2026-01-30 00:00:00+00:00
1769745600000,0.0006924,0.0007017,0.0006868,0.0006986,132201523.0,2026-01-30 04:00:00+00:00
1769760000000,0.0006979,0.0007043,0.0006923,0.0007027,160925738.0,2026-01-30 08:00:00+00:00
1769774400000,0.0007026,0.0007079,0.0006936,0.0007049,469160722.0,2026-01-30 12:00:00+00:00
1769788800000,0.0007045,0.0007165,0.000691,0.0007084,275523266.0,2026-01-30 16:00:00+00:00
1769803200000,0.0007077,0.0007084,0.0006958,0.0007043,167890612.0,2026-01-30 20:00:00+00:00
1769817600000,0.000704,0.0007068,0.0006992,0.000703,94729571.0,2026-01-31 00:00:00+00:00
1769832000000,0.000703,0.0007117,0.0006948,0.0006989,163189296.0,2026-01-31 04:00:00+00:00
1769846400000,0.0006996,0.0007007,0.0006829,0.0006843,246961084.0,2026-01-31 08:00:00+00:00
1769860800000,0.0006845,0.000687,0.0006424,0.0006529,476144594.0,2026-01-31 12:00:00+00:00
1769875200000,0.0006527,0.0006613,0.0005915,0.000628,750037777.0,2026-01-31 16:00:00+00:00
1769889600000,0.000628,0.0006552,0.000623,0.0006515,234210861.0,2026-01-31 20:00:00+00:00
1769904000000,0.0006518,0.000658,0.0006448,0.0006568,167642332.0,2026-02-01 00:00:00+00:00
1769918400000,0.0006566,0.000669,0.0006551,0.0006634,154995325.0,2026-02-01 04:00:00+00:00
1769932800000,0.0006634,0.0006756,0.0006575,0.0006595,295188768.0,2026-02-01 08:00:00+00:00
1769947200000,0.0006594,0.000671,0.0006422,0.0006504,350591945.0,2026-02-01 12:00:00+00:00
1769961600000,0.0006501,0.0006635,0.0006447,0.0006534,214264269.0,2026-02-01 16:00:00+00:00
1769976000000,0.000653,0.0006609,0.0006331,0.0006459,294948080.0,2026-02-01 20:00:00+00:00
1769990400000,0.0006459,0.0006602,0.000627,0.0006464,335306539.0,2026-02-02 00:00:00+00:00
1770004800000,0.0006472,0.0006554,0.0006279,0.000646,356108209.0,2026-02-02 04:00:00+00:00
1770019200000,0.000646,0.000659,0.0006437,0.000655,259805339.0,2026-02-02 08:00:00+00:00
1770033600000,0.0006553,0.0006811,0.0006552,0.0006776,250535432.0,2026-02-02 12:00:00+00:00
1770048000000,0.0006777,0.0006838,0.0006691,0.0006699,259393786.0,2026-02-02 16:00:00+00:00
1770062400000,0.0006694,0.0006723,0.0006626,0.0006696,123185954.0,2026-02-02 20:00:00+00:00
1770076800000,0.0006694,0.0006915,0.0006545,0.0006703,1109679506.0,2026-02-03 00:00:00+00:00
1770091200000,0.0006705,0.0006876,0.0006661,0.0006817,325543915.0,2026-02-03 04:00:00+00:00
1770105600000,0.0006817,0.0006911,0.0006712,0.0006779,364623027.0,2026-02-03 08:00:00+00:00
1770120000000,0.0006776,0.0006823,0.0006637,0.0006811,323830262.0,2026-02-03 12:00:00+00:00
1770134400000,0.0006817,0.0006818,0.0006433,0.0006696,398389893.0,2026-02-03 16:00:00+00:00
1770148800000,0.0006695,0.0006911,0.0006617,0.0006678,327664655.0,2026-02-03 20:00:00+00:00
1770163200000,0.0006677,0.0006756,0.0006647,0.0006728,197761510.0,2026-02-04 00:00:00+00:00
1770177600000,0.000673,0.0006749,0.0006657,0.0006711,124969756.0,2026-02-04 04:00:00+00:00
1770192000000,0.0006717,0.0006732,0.0006581,0.0006643,135440680.0,2026-02-04 08:00:00+00:00
1770206400000,0.0006647,0.0006673,0.0006391,0.0006428,270224774.0,2026-02-04 12:00:00+00:00
1770220800000,0.000643,0.0006636,0.0006344,0.0006618,506892559.0,2026-02-04 16:00:00+00:00
1770235200000,0.0006622,0.0006633,0.0006413,0.0006532,167489200.0,2026-02-04 20:00:00+00:00
1770249600000,0.0006537,0.0006585,0.0006344,0.0006396,428477431.0,2026-02-05 00:00:00+00:00
1770264000000,0.0006392,0.0006441,0.0006265,0.0006316,223169723.0,2026-02-05 04:00:00+00:00
1770278400000,0.0006317,0.0006388,0.0006078,0.0006157,376901984.0,2026-02-05 08:00:00+00:00
1770292800000,0.0006157,0.000622,0.000573,0.0005895,718192072.0,2026-02-05 12:00:00+00:00
1770307200000,0.0005888,0.0005995,0.0005641,0.0005671,541444240.0,2026-02-05 16:00:00+00:00
1770321600000,0.0005674,0.0005724,0.000538,0.0005428,868459131.0,2026-02-05 20:00:00+00:00
1770336000000,0.0005428,0.0005639,0.0004994,0.0005453,1355502298.0,2026-02-06 00:00:00+00:00
1770350400000,0.0005453,0.0005682,0.0005424,0.0005559,425143036.0,2026-02-06 04:00:00+00:00
1770364800000,0.000556,0.0005757,0.0005489,0.0005743,327496794.0,2026-02-06 08:00:00+00:00
1770379200000,0.000574,0.0005969,0.0005696,0.0005948,403608827.0,2026-02-06 12:00:00+00:00
1770393600000,0.0005947,0.0006227,0.0005932,0.0006062,447068826.0,2026-02-06 16:00:00+00:00
1770408000000,0.0006062,0.0006173,0.0005983,0.0006112,209864606.0,2026-02-06 20:00:00+00:00
1770422400000,0.0006112,0.0006139,0.0005994,0.0006128,247846631.0,2026-02-07 00:00:00+00:00
1770436800000,0.0006127,0.0006183,0.0005815,0.0005844,364877305.0,2026-02-07 04:00:00+00:00
1770451200000,0.0005845,0.0005921,0.0005821,0.0005914,200850844.0,2026-02-07 08:00:00+00:00
1770465600000,0.0005914,0.00061,0.0005904,0.000603,260132087.0,2026-02-07 12:00:00+00:00
1770480000000,0.0006032,0.0006132,0.0005998,0.0006077,354563595.0,2026-02-07 16:00:00+00:00
1770494400000,0.0006079,0.0006097,0.0006015,0.0006046,94500809.0,2026-02-07 20:00:00+00:00
1770508800000,0.0006051,0.0006056,0.0005979,0.0005984,98592207.0,2026-02-08 00:00:00+00:00
1770523200000,0.0005984,0.0006,0.000591,0.0005944,90327953.0,2026-02-08 04:00:00+00:00
1770537600000,0.0005947,0.0006032,0.0005917,0.0006018,153063435.0,2026-02-08 08:00:00+00:00
1770552000000,0.0006021,0.0006027,0.0005944,0.0005966,131276662.0,2026-02-08 12:00:00+00:00
1770566400000,0.0005968,0.0005972,0.0005838,0.0005946,163875934.0,2026-02-08 16:00:00+00:00
1770580800000,0.0005947,0.0005953,0.0005756,0.0005806,293563043.0,2026-02-08 20:00:00+00:00
1770595200000,0.0005805,0.0005956,0.0005775,0.0005952,218509073.0,2026-02-09 00:00:00+00:00
1770609600000,0.000595,0.000595,0.0005835,0.0005841,97700554.0,2026-02-09 04:00:00+00:00
1770624000000,0.0005841,0.0005931,0.0005621,0.0005696,360150399.0,2026-02-09 08:00:00+00:00
1770638400000,0.0005697,0.0005819,0.0005648,0.00058,247196294.0,2026-02-09 12:00:00+00:00
1770652800000,0.0005796,0.0005905,0.000575,0.0005862,234744788.0,2026-02-09 16:00:00+00:00
1770667200000,0.0005863,0.0005881,0.0005772,0.0005809,102199032.0,2026-02-09 20:00:00+00:00
1770681600000,0.0005813,0.0005839,0.0005678,0.0005732,121202659.0,2026-02-10 00:00:00+00:00
1770696000000,0.0005731,0.0005783,0.0005601,0.0005618,190253231.0,2026-02-10 04:00:00+00:00
1770710400000,0.0005617,0.0005645,0.0005584,0.0005595,156352380.0,2026-02-10 08:00:00+00:00
1770724800000,0.0005594,0.0005628,0.0005477,0.0005602,442081808.0,2026-02-10 12:00:00+00:00
1770739200000,0.0005602,0.0005648,0.0005546,0.000559,356331627.0,2026-02-10 16:00:00+00:00
1770753600000,0.000559,0.0005612,0.000552,0.0005602,129001322.0,2026-02-10 20:00:00+00:00
1770768000000,0.0005605,0.0005647,0.0005551,0.0005583,125108657.0,2026-02-11 00:00:00+00:00
1770782400000,0.0005581,0.0005595,0.0005381,0.00054,282255273.0,2026-02-11 04:00:00+00:00
1770796800000,0.00054,0.000542,0.000535,0.0005409,182668641.0,2026-02-11 08:00:00+00:00
1770811200000,0.000541,0.0005605,0.000534,0.0005424,323341188.0,2026-02-11 12:00:00+00:00
1770825600000,0.0005424,0.0005543,0.0005348,0.0005505,286649280.0,2026-02-11 16:00:00+00:00
1770840000000,0.0005505,0.0005637,0.0005464,0.0005557,226419541.0,2026-02-11 20:00:00+00:00
1770854400000,0.000556,0.0007441,0.000556,0.0006538,15716087613.0,2026-02-12 00:00:00+00:00
1770868800000,0.0006541,0.0006747,0.0006277,0.0006388,4189835251.0,2026-02-12 04:00:00+00:00
1770883200000,0.0006387,0.0006417,0.0006012,0.0006197,3764817685.0,2026-02-12 08:00:00+00:00
1770897600000,0.0006197,0.0006197,0.0005954,0.0006038,1954615040.0,2026-02-12 12:00:00+00:00
1770912000000,0.0006038,0.000624,0.0005961,0.0006127,1641689939.0,2026-02-12 16:00:00+00:00
1770926400000,0.0006125,0.0006191,0.0005997,0.0006005,1033129794.0,2026-02-12 20:00:00+00:00
1770940800000,0.0006004,0.0006072,0.000586,0.0005895,1340672208.0,2026-02-13 00:00:00+00:00
1770955200000,0.0005893,0.0005936,0.000584,0.0005907,616849415.0,2026-02-13 04:00:00+00:00
1770969600000,0.0005907,0.0005977,0.0005899,0.0005945,479616054.0,2026-02-13 08:00:00+00:00
1770984000000,0.0005943,0.0006239,0.0005913,0.0006194,701782977.0,2026-02-13 12:00:00+00:00
1770998400000,0.0006198,0.0006357,0.0006194,0.0006231,760077507.0,2026-02-13 16:00:00+00:00
1771012800000,0.000623,0.0006259,0.0006176,0.0006206,266277337.0,2026-02-13 20:00:00+00:00
1771027200000,0.0006204,0.0006253,0.0006164,0.0006194,385712356.0,2026-02-14 00:00:00+00:00
1771041600000,0.0006194,0.0006232,0.0006175,0.0006215,186971608.0,2026-02-14 04:00:00+00:00
1771056000000,0.0006214,0.0006282,0.0006193,0.0006265,248726105.0,2026-02-14 08:00:00+00:00
1771070400000,0.0006266,0.0006281,0.000617,0.0006273,238669268.0,2026-02-14 12:00:00+00:00
1771084800000,0.0006275,0.0006379,0.0006228,0.0006361,491890872.0,2026-02-14 16:00:00+00:00
1771099200000,0.0006363,0.0006445,0.0006318,0.0006363,233974563.0,2026-02-14 20:00:00+00:00
1771113600000,0.0006367,0.0006405,0.0006293,0.0006388,305877684.0,2026-02-15 00:00:00+00:00
1771128000000,0.0006386,0.000645,0.0006356,0.0006424,225923054.0,2026-02-15 04:00:00+00:00
1771142400000,0.0006425,0.0006435,0.0006264,0.0006281,300856184.0,2026-02-15 08:00:00+00:00
1771156800000,0.0006284,0.0006291,0.0006087,0.0006168,263706358.0,2026-02-15 12:00:00+00:00
1771171200000,0.0006168,0.0006171,0.0006038,0.000607,285561143.0,2026-02-15 16:00:00+00:00
1771185600000,0.000607,0.0006139,0.0006053,0.0006133,121331666.0,2026-02-15 20:00:00+00:00
1771200000000,0.0006132,0.0006158,0.00061,0.0006118,96505130.0,2026-02-16 00:00:00+00:00
1771214400000,0.000612,0.0006168,0.0006081,0.0006118,211262366.0,2026-02-16 04:00:00+00:00
1771228800000,0.000612,0.0006181,0.0006079,0.0006165,137600639.0,2026-02-16 08:00:00+00:00
1771243200000,0.0006165,0.0006289,0.0006085,0.000612,259209732.0,2026-02-16 12:00:00+00:00
1771257600000,0.0006122,0.0006213,0.0006122,0.0006206,148102390.0,2026-02-16 16:00:00+00:00
1771272000000,0.0006206,0.0006266,0.000618,0.0006217,113718999.0,2026-02-16 20:00:00+00:00
1771286400000,0.0006219,0.0006249,0.0006173,0.0006213,120456882.0,2026-02-17 00:00:00+00:00
1771300800000,0.0006211,0.0006227,0.0006142,0.0006167,94694423.0,2026-02-17 04:00:00+00:00
1771315200000,0.0006165,0.0006183,0.0006093,0.0006131,132197705.0,2026-02-17 08:00:00+00:00
1771329600000,0.0006133,0.0006169,0.000603,0.0006123,207278469.0,2026-02-17 12:00:00+00:00
1771344000000,0.0006121,0.00062,0.0006034,0.0006113,236147765.0,2026-02-17 16:00:00+00:00
1771358400000,0.0006113,0.0006126,0.0006072,0.0006092,90873470.0,2026-02-17 20:00:00+00:00
1771372800000,0.0006094,0.0006128,0.0006033,0.0006127,235055282.0,2026-02-18 00:00:00+00:00
1771387200000,0.0006125,0.0006196,0.0006085,0.000619,101494666.0,2026-02-18 04:00:00+00:00
1771401600000,0.0006192,0.0006208,0.000607,0.000611,121776121.0,2026-02-18 08:00:00+00:00
1771416000000,0.0006106,0.0006168,0.0005998,0.0006101,184157178.0,2026-02-18 12:00:00+00:00
1771430400000,0.0006101,0.0006106,0.00059,0.0005959,261377821.0,2026-02-18 16:00:00+00:00
1771444800000,0.0005958,0.0006,0.0005928,0.000598,146149103.0,2026-02-18 20:00:00+00:00
1771459200000,0.0005982,0.0006035,0.0005957,0.0006007,122694593.0,2026-02-19 00:00:00+00:00
1771473600000,0.0006005,0.0006027,0.0005963,0.0005996,129053444.0,2026-02-19 04:00:00+00:00
1771488000000,0.0005996,0.0005999,0.0005881,0.0005885,122063362.0,2026-02-19 08:00:00+00:00
1771502400000,0.0005887,0.0005899,0.0005701,0.0005781,358944264.0,2026-02-19 12:00:00+00:00
1771516800000,0.0005783,0.0005907,0.0005735,0.0005901,186374230.0,2026-02-19 16:00:00+00:00
1771531200000,0.0005898,0.0005922,0.0005873,0.000592,119118240.0,2026-02-19 20:00:00+00:00
1771545600000,0.0005918,0.0005964,0.0005904,0.0005937,92286281.0,2026-02-20 00:00:00+00:00
1771560000000,0.0005935,0.0005968,0.0005877,0.0005943,110545646.0,2026-02-20 04:00:00+00:00
1771574400000,0.000594,0.0006044,0.0005911,0.0005919,169948206.0,2026-02-20 08:00:00+00:00
1771588800000,0.0005922,0.0006,0.0005797,0.0005976,250825652.0,2026-02-20 12:00:00+00:00
1771603200000,0.0005979,0.0006011,0.0005903,0.000596,256767221.0,2026-02-20 16:00:00+00:00
1771617600000,0.0005955,0.0005998,0.0005937,0.0005991,122957802.0,2026-02-20 20:00:00+00:00
1771632000000,0.0005991,0.000605,0.0005955,0.0005997,448406986.0,2026-02-21 00:00:00+00:00
1771646400000,0.0005994,0.0006023,0.0005981,0.0006014,88283299.0,2026-02-21 04:00:00+00:00
1771660800000,0.0006016,0.0006088,0.0006,0.0006062,101930470.0,2026-02-21 08:00:00+00:00
1771675200000,0.0006062,0.0006079,0.0006009,0.0006016,129823407.0,2026-02-21 12:00:00+00:00
1771689600000,0.0006015,0.000602,0.0005946,0.0005952,113229450.0,2026-02-21 16:00:00+00:00
1771704000000,0.000595,0.0005962,0.000589,0.0005898,122301409.0,2026-02-21 20:00:00+00:00
1771718400000,0.0005897,0.0007265,0.0005889,0.000667,33974511219.0,2026-02-22 00:00:00+00:00
1771732800000,0.0006668,0.0006925,0.0006513,0.0006563,14759503026.0,2026-02-22 04:00:00+00:00
1771747200000,0.0006564,0.0006614,0.0006153,0.0006171,10538622978.0,2026-02-22 08:00:00+00:00
1771761600000,0.000617,0.0006294,0.0006106,0.0006193,3197302935.0,2026-02-22 12:00:00+00:00
1771776000000,0.0006194,0.0006233,0.0006082,0.0006102,1224700236.0,2026-02-22 16:00:00+00:00
1771790400000,0.0006101,0.000617,0.0006069,0.0006109,991703235.0,2026-02-22 20:00:00+00:00
1771804800000,0.0006107,0.0006107,0.0005676,0.0005758,5202591155.0,2026-02-23 00:00:00+00:00
1771819200000,0.0005758,0.0006037,0.0005745,0.0005983,2052475484.0,2026-02-23 04:00:00+00:00
1771833600000,0.0005982,0.0006082,0.0005905,0.0006052,1188030890.0,2026-02-23 08:00:00+00:00
1771848000000,0.0006052,0.0006276,0.0005995,0.0006126,1748553959.0,2026-02-23 12:00:00+00:00
1771862400000,0.0006127,0.0006252,0.0005986,0.0006187,1727077263.0,2026-02-23 16:00:00+00:00
1771876800000,0.0006188,0.0006272,0.0006074,0.0006105,987092887.0,2026-02-23 20:00:00+00:00
1771891200000,0.0006104,0.0006667,0.0005896,0.0005975,7858389913.0,2026-02-24 00:00:00+00:00
1771905600000,0.0005975,0.0005996,0.0005837,0.0005859,926457899.0,2026-02-24 04:00:00+00:00
1771920000000,0.0005858,0.000593,0.0005758,0.0005894,859586165.0,2026-02-24 08:00:00+00:00
1771934400000,0.0005892,0.0005941,0.0005801,0.0005914,568868167.0,2026-02-24 12:00:00+00:00
1771948800000,0.0005914,0.000595,0.0005852,0.0005876,433289501.0,2026-02-24 16:00:00+00:00
1771963200000,0.000588,0.0005893,0.0005743,0.0005781,524546848.0,2026-02-24 20:00:00+00:00
1771977600000,0.0005782,0.0006142,0.000566,0.0005826,3156514180.0,2026-02-25 00:00:00+00:00
1771992000000,0.0005826,0.0005954,0.0005796,0.0005917,478567144.0,2026-02-25 04:00:00+00:00
1772006400000,0.0005915,0.0006,0.000591,0.000598,365211145.0,2026-02-25 08:00:00+00:00
1772020800000,0.000598,0.0006139,0.0005978,0.0006081,541061547.0,2026-02-25 12:00:00+00:00
1772035200000,0.0006083,0.0006215,0.0006081,0.0006182,334218686.0,2026-02-25 16:00:00+00:00
1772049600000,0.000618,0.0006234,0.0005997,0.0006083,673155321.0,2026-02-25 20:00:00+00:00
1772064000000,0.0006083,0.000611,0.0005999,0.0006047,298499751.0,2026-02-26 00:00:00+00:00
1772078400000,0.0006047,0.0006107,0.0005973,0.0005997,351031548.0,2026-02-26 04:00:00+00:00
1772092800000,0.0006,0.0006039,0.0005892,0.0005914,411571655.0,2026-02-26 08:00:00+00:00
1772107200000,0.000591,0.0005971,0.0005847,0.0005903,289167030.0,2026-02-26 12:00:00+00:00
1772121600000,0.0005902,0.0005983,0.0005762,0.0005947,458689660.0,2026-02-26 16:00:00+00:00
1772136000000,0.0005944,0.0005963,0.0005895,0.0005936,128113962.0,2026-02-26 20:00:00+00:00
1772150400000,0.0005933,0.0005957,0.0005861,0.0005954,176742997.0,2026-02-27 00:00:00+00:00
1772164800000,0.000595,0.0006044,0.0005941,0.0005989,227197420.0,2026-02-27 04:00:00+00:00
1772179200000,0.0005987,0.0006014,0.0005853,0.0005881,363492405.0,2026-02-27 08:00:00+00:00
1772193600000,0.0005881,0.0006024,0.0005858,0.0005975,535474646.0,2026-02-27 12:00:00+00:00
1772208000000,0.0005977,0.0006019,0.000591,0.0005946,257439515.0,2026-02-27 16:00:00+00:00
1772222400000,0.0005946,0.0005976,0.0005795,0.0005971,307038099.0,2026-02-27 20:00:00+00:00
1772236800000,0.000597,0.0006101,0.0005846,0.0005856,1499577241.0,2026-02-28 00:00:00+00:00
1772251200000,0.000586,0.0005876,0.0005563,0.0005642,1001939561.0,2026-02-28 04:00:00+00:00
1772265600000,0.0005638,0.0005651,0.0005554,0.0005593,695452450.0,2026-02-28 08:00:00+00:00
1772280000000,0.0005594,0.0005775,0.0005594,0.0005695,513031946.0,2026-02-28 12:00:00+00:00
1772294400000,0.0005695,0.000588,0.0005654,0.000585,270085085.0,2026-02-28 16:00:00+00:00
1772308800000,0.0005852,0.0006032,0.0005833,0.0006014,376264236.0,2026-02-28 20:00:00+00:00
1772323200000,0.0006016,0.0006129,0.0005908,0.0006032,519057361.0,2026-03-01 00:00:00+00:00
1772337600000,0.0006032,0.0006065,0.0005974,0.000604,232180128.0,2026-03-01 04:00:00+00:00
1772352000000,0.0006035,0.0006057,0.0005939,0.0005987,214179124.0,2026-03-01 08:00:00+00:00
1772366400000,0.0005987,0.0006064,0.0005926,0.0005985,243138938.0,2026-03-01 12:00:00+00:00
1772380800000,0.0005985,0.0006029,0.000589,0.0005902,337382439.0,2026-03-01 16:00:00+00:00
1772395200000,0.0005903,0.0005982,0.000579,0.0005961,431132618.0,2026-03-01 20:00:00+00:00
1772409600000,0.0005958,0.000603,0.0005911,0.0005998,258218858.0,2026-03-02 00:00:00+00:00
1772424000000,0.0006,0.0006012,0.0005866,0.0005895,243596842.0,2026-03-02 04:00:00+00:00
1772438400000,0.0005895,0.000597,0.0005852,0.0005953,228567100.0,2026-03-02 08:00:00+00:00
1772452800000,0.0005955,0.0006116,0.0005917,0.0006094,293419394.0,2026-03-02 12:00:00+00:00
1772467200000,0.0006093,0.0006146,0.0005968,0.0005999,495451343.0,2026-03-02 16:00:00+00:00
1772481600000,0.0006001,0.0006033,0.0005906,0.0005937,303652621.0,2026-03-02 20:00:00+00:00
1772496000000,0.0005937,0.0005947,0.0005819,0.0005847,280026454.0,2026-03-03 00:00:00+00:00
1772510400000,0.0005848,0.0005861,0.0005776,0.0005812,176317306.0,2026-03-03 04:00:00+00:00
1772524800000,0.000581,0.0005822,0.0005718,0.0005784,334788250.0,2026-03-03 08:00:00+00:00
1772539200000,0.0005784,0.0005883,0.0005752,0.0005864,361802112.0,2026-03-03 12:00:00+00:00
1772553600000,0.0005864,0.0005958,0.0005828,0.0005904,264690578.0,2026-03-03 16:00:00+00:00
1772568000000,0.0005903,0.0005922,0.0005827,0.0005882,131201280.0,2026-03-03 20:00:00+00:00
1772582400000,0.0005881,0.0005905,0.0005781,0.0005825,250359822.0,2026-03-04 00:00:00+00:00
1772596800000,0.0005827,0.0005899,0.0005786,0.0005882,150822900.0,2026-03-04 04:00:00+00:00
1772611200000,0.0005883,0.000606,0.0005857,0.0005964,401125650.0,2026-03-04 08:00:00+00:00
1772625600000,0.0005961,0.0006115,0.0005919,0.0006109,248757211.0,2026-03-04 12:00:00+00:00
1772640000000,0.0006106,0.0006128,0.0006016,0.0006094,304614628.0,2026-03-04 16:00:00+00:00
1772654400000,0.0006092,0.0006092,0.0005953,0.0006012,233477165.0,2026-03-04 20:00:00+00:00
1772668800000,0.0006011,0.0006029,0.0005943,0.0006023,195624934.0,2026-03-05 00:00:00+00:00
1772683200000,0.0006023,0.0006052,0.0005932,0.0005965,171144777.0,2026-03-05 04:00:00+00:00
1772697600000,0.0005967,0.0006079,0.0005943,0.0006034,188837466.0,2026-03-05 08:00:00+00:00
1772712000000,0.0006034,0.0006064,0.0005921,0.0005933,288695953.0,2026-03-05 12:00:00+00:00
1772726400000,0.0005935,0.0005951,0.0005829,0.0005882,215772258.0,2026-03-05 16:00:00+00:00
1772740800000,0.0005884,0.0005936,0.0005861,0.000587,105299233.0,2026-03-05 20:00:00+00:00
1772755200000,0.0005874,0.0005912,0.0005827,0.0005908,160070489.0,2026-03-06 00:00:00+00:00
1772769600000,0.0005908,0.0005982,0.0005875,0.0005974,147898692.0,2026-03-06 04:00:00+00:00
1772784000000,0.0005974,0.0005974,0.0005863,0.0005866,115865098.0,2026-03-06 08:00:00+00:00
1772798400000,0.0005866,0.0005917,0.000571,0.0005746,320378857.0,2026-03-06 12:00:00+00:00
1772812800000,0.0005747,0.0005802,0.0005705,0.0005763,139471438.0,2026-03-06 16:00:00+00:00
1772827200000,0.0005763,0.0005805,0.0005743,0.000577,76033939.0,2026-03-06 20:00:00+00:00
1772841600000,0.0005768,0.0005785,0.0005733,0.0005736,79866430.0,2026-03-07 00:00:00+00:00
1772856000000,0.000574,0.0005757,0.0005661,0.0005722,93417654.0,2026-03-07 04:00:00+00:00
1772870400000,0.0005721,0.0005803,0.0005719,0.000575,176733656.0,2026-03-07 08:00:00+00:00
1772884800000,0.000575,0.0005767,0.0005686,0.0005725,184354886.0,2026-03-07 12:00:00+00:00
1772899200000,0.0005722,0.000577,0.0005676,0.0005686,78906639.0,2026-03-07 16:00:00+00:00
1772913600000,0.0005686,0.0005805,0.0005661,0.0005708,293984941.0,2026-03-07 20:00:00+00:00
1772928000000,0.0005709,0.0005714,0.0005643,0.000567,116065911.0,2026-03-08 00:00:00+00:00
1772942400000,0.0005667,0.0005713,0.0005625,0.0005698,122944421.0,2026-03-08 04:00:00+00:00
1772956800000,0.0005697,0.0005757,0.0005686,0.0005706,99011964.0,2026-03-08 08:00:00+00:00
1772971200000,0.0005706,0.0005712,0.000561,0.0005632,128427640.0,2026-03-08 12:00:00+00:00
1772985600000,0.0005629,0.0005701,0.0005597,0.000568,94993944.0,2026-03-08 16:00:00+00:00
1773000000000,0.0005682,0.0005709,0.0005584,0.0005631,164178373.0,2026-03-08 20:00:00+00:00
1773014400000,0.0005632,0.0005787,0.0005614,0.0005736,187387763.0,2026-03-09 00:00:00+00:00
1773028800000,0.0005732,0.0005799,0.0005695,0.0005753,145793340.0,2026-03-09 04:00:00+00:00
1773043200000,0.0005752,0.0005765,0.000569,0.0005729,163547582.0,2026-03-09 08:00:00+00:00
1773057600000,0.000573,0.0005815,0.000573,0.0005792,155134432.0,2026-03-09 12:00:00+00:00
1773072000000,0.000579,0.0005841,0.0005741,0.0005797,124429548.0,2026-03-09 16:00:00+00:00
1773086400000,0.0005799,0.0005821,0.0005728,0.0005746,90965863.0,2026-03-09 20:00:00+00:00
1773100800000,0.0005746,0.0005835,0.0005737,0.0005782,188478016.0,2026-03-10 00:00:00+00:00
1773115200000,0.0005781,0.0005844,0.0005781,0.0005829,101728877.0,2026-03-10 04:00:00+00:00
1773129600000,0.000583,0.0005869,0.0005819,0.0005825,138712677.0,2026-03-10 08:00:00+00:00
1773144000000,0.0005824,0.0005908,0.0005765,0.0005903,191482854.0,2026-03-10 12:00:00+00:00
1773158400000,0.0005905,0.0005918,0.0005771,0.00058,162898276.0,2026-03-10 16:00:00+00:00
1773172800000,0.00058,0.0005864,0.0005787,0.0005825,186817970.0,2026-03-10 20:00:00+00:00
1773187200000,0.0005825,0.0006738,0.0005825,0.0006278,6889428833.0,2026-03-11 00:00:00+00:00
1773201600000,0.0006278,0.0006348,0.0006132,0.000616,3586997928.0,2026-03-11 04:00:00+00:00
1773216000000,0.0006159,0.000617,0.0005903,0.0005914,1943701204.0,2026-03-11 08:00:00+00:00
1773230400000,0.0005913,0.0006045,0.0005891,0.0005945,1142042553.0,2026-03-11 12:00:00+00:00
1773244800000,0.0005945,0.0006001,0.0005852,0.0005934,908829162.0,2026-03-11 16:00:00+00:00
1773259200000,0.0005934,0.0005967,0.0005903,0.0005917,356256544.0,2026-03-11 20:00:00+00:00
1773273600000,0.0005919,0.0005934,0.0005805,0.0005835,649242823.0,2026-03-12 00:00:00+00:00
1773288000000,0.0005833,0.0005845,0.0005763,0.0005813,562900473.0,2026-03-12 04:00:00+00:00
1773302400000,0.0005814,0.0005841,0.0005796,0.0005832,257729713.0,2026-03-12 08:00:00+00:00
1773316800000,0.0005827,0.000593,0.0005814,0.0005897,297374713.0,2026-03-12 12:00:00+00:00
1773331200000,0.0005897,0.0005949,0.0005882,0.0005922,205204101.0,2026-03-12 16:00:00+00:00
1773345600000,0.0005923,0.0005929,0.0005858,0.0005902,187707328.0,2026-03-12 20:00:00+00:00
1773360000000,0.0005902,0.0005992,0.0005892,0.0005977,250346547.0,2026-03-13 00:00:00+00:00
1773374400000,0.0005975,0.0005988,0.0005929,0.0005935,175639933.0,2026-03-13 04:00:00+00:00
1773388800000,0.0005937,0.000595,0.0005901,0.0005945,217917685.0,2026-03-13 08:00:00+00:00
1773403200000,0.0005943,0.0006047,0.0005912,0.0005967,388843990.0,2026-03-13 12:00:00+00:00
1773417600000,0.0005966,0.0005997,0.0005905,0.0005933,137808518.0,2026-03-13 16:00:00+00:00
1773432000000,0.0005933,0.0005938,0.0005857,0.0005885,121012568.0,2026-03-13 20:00:00+00:00
1773446400000,0.0005884,0.0005892,0.0005834,0.0005874,119368043.0,2026-03-14 00:00:00+00:00
1773460800000,0.0005874,0.0005905,0.0005784,0.0005804,190181673.0,2026-03-14 04:00:00+00:00
1773475200000,0.0005804,0.0005824,0.0005785,0.000582,80569986.0,2026-03-14 08:00:00+00:00
1773489600000,0.0005818,0.0005833,0.0005784,0.00058,143157931.0,2026-03-14 12:00:00+00:00
1773504000000,0.00058,0.0005818,0.0005777,0.0005791,111889841.0,2026-03-14 16:00:00+00:00
1773518400000,0.000579,0.0005825,0.0005777,0.0005824,77655028.0,2026-03-14 20:00:00+00:00
1773532800000,0.0005825,0.00062,0.000577,0.0005854,1547066931.0,2026-03-15 00:00:00+00:00
1773547200000,0.0005853,0.0005892,0.0005835,0.0005878,137470527.0,2026-03-15 04:00:00+00:00
1773561600000,0.0005878,0.000602,0.0005878,0.0005995,285675613.0,2026-03-15 08:00:00+00:00
1773576000000,0.0005993,0.0005997,0.000588,0.0005914,180855069.0,2026-03-15 12:00:00+00:00
1773590400000,0.0005909,0.0005948,0.0005903,0.0005932,105432552.0,2026-03-15 16:00:00+00:00
1773604800000,0.0005931,0.0005996,0.0005914,0.0005964,185676254.0,2026-03-15 20:00:00+00:00
1773619200000,0.0005964,0.0006046,0.0005915,0.0005996,288519111.0,2026-03-16 00:00:00+00:00
1773633600000,0.0005999,0.0006045,0.0005967,0.000601,374474128.0,2026-03-16 04:00:00+00:00
1773648000000,0.0006012,0.0006205,0.0005994,0.0006124,555291740.0,2026-03-16 08:00:00+00:00
1773662400000,0.0006124,0.0006193,0.0006106,0.0006152,329232385.0,2026-03-16 12:00:00+00:00
1773676800000,0.0006152,0.0006208,0.0006152,0.0006164,230375671.0,2026-03-16 16:00:00+00:00
1773691200000,0.0006163,0.0006257,0.0006152,0.0006211,207548974.0,2026-03-16 20:00:00+00:00
1773705600000,0.0006212,0.0006254,0.0006134,0.0006163,312312266.0,2026-03-17 00:00:00+00:00
1773720000000,0.0006165,0.0006194,0.0006101,0.000618,244934384.0,2026-03-17 04:00:00+00:00
1773734400000,0.0006183,0.0006362,0.0006172,0.0006352,465982630.0,2026-03-17 08:00:00+00:00
1773748800000,0.000635,0.0006416,0.0006216,0.0006271,653203530.0,2026-03-17 12:00:00+00:00
1773763200000,0.000627,0.0006319,0.000626,0.0006305,193627152.0,2026-03-17 16:00:00+00:00
1773777600000,0.0006307,0.000634,0.0006252,0.000629,150105212.0,2026-03-17 20:00:00+00:00
1773792000000,0.0006289,0.0006317,0.0006184,0.0006256,284423536.0,2026-03-18 00:00:00+00:00
1773806400000,0.0006256,0.0006278,0.00062,0.000625,150921825.0,2026-03-18 04:00:00+00:00
1773820800000,0.000625,0.000634,0.0006079,0.00061,451806466.0,2026-03-18 08:00:00+00:00
1773835200000,0.00061,0.000611,0.000592,0.0005995,602336619.0,2026-03-18 12:00:00+00:00
1773849600000,0.0005991,0.0006039,0.0005907,0.0005988,260522638.0,2026-03-18 16:00:00+00:00
1773864000000,0.0005986,0.0006046,0.0005943,0.0006043,141597199.0,2026-03-18 20:00:00+00:00
1773878400000,0.0006043,0.0006043,0.0005956,0.0006008,127911461.0,2026-03-19 00:00:00+00:00
1773892800000,0.0006005,0.0006006,0.0005901,0.000596,121739103.0,2026-03-19 04:00:00+00:00
1773907200000,0.0005959,0.000604,0.0005946,0.0005989,89470073.0,2026-03-19 08:00:00+00:00
1773921600000,0.0005986,0.0005987,0.0005843,0.0005896,341146291.0,2026-03-19 12:00:00+00:00
1773936000000,0.0005896,0.0005939,0.0005863,0.0005897,182618935.0,2026-03-19 16:00:00+00:00
1773950400000,0.0005897,0.0005926,0.0005731,0.0005854,936496935.0,2026-03-19 20:00:00+00:00
1773964800000,0.0005856,0.0005969,0.0005847,0.0005931,158714923.0,2026-03-20 00:00:00+00:00
1773979200000,0.000593,0.0005962,0.0005863,0.0005902,99674012.0,2026-03-20 04:00:00+00:00
1773993600000,0.0005902,0.000594,0.0005884,0.0005909,102939224.0,2026-03-20 08:00:00+00:00
1774008000000,0.0005909,0.000591,0.0005827,0.0005876,207249420.0,2026-03-20 12:00:00+00:00
1774022400000,0.0005874,0.0005952,0.0005828,0.000595,336768882.0,2026-03-20 16:00:00+00:00
1774036800000,0.0005946,0.0006121,0.0005893,0.0006033,810765634.0,2026-03-20 20:00:00+00:00
1774051200000,0.0006033,0.0006162,0.0005988,0.0006074,347774870.0,2026-03-21 00:00:00+00:00
1774065600000,0.0006075,0.000615,0.0006053,0.0006076,263452749.0,2026-03-21 04:00:00+00:00
1774080000000,0.0006078,0.0006114,0.0006004,0.0006028,186713436.0,2026-03-21 08:00:00+00:00
1774094400000,0.0006028,0.0006195,0.0006001,0.00061,439965125.0,2026-03-21 12:00:00+00:00
1774108800000,0.00061,0.0006142,0.0006046,0.0006084,221045122.0,2026-03-21 16:00:00+00:00
1774123200000,0.0006086,0.000612,0.0005875,0.0005921,313188313.0,2026-03-21 20:00:00+00:00
1774137600000,0.0005917,0.0005977,0.0005835,0.0005941,332960378.0,2026-03-22 00:00:00+00:00
1774152000000,0.000594,0.0006002,0.0005925,0.0005931,161021649.0,2026-03-22 04:00:00+00:00
1774166400000,0.0005931,0.0005936,0.0005849,0.0005864,155219433.0,2026-03-22 08:00:00+00:00
1774180800000,0.0005864,0.0005919,0.0005853,0.000587,106049388.0,2026-03-22 12:00:00+00:00
1774195200000,0.0005874,0.0005898,0.0005802,0.0005803,125114101.0,2026-03-22 16:00:00+00:00
1774209600000,0.0005805,0.0005842,0.0005712,0.0005816,214613198.0,2026-03-22 20:00:00+00:00
1774224000000,0.0005815,0.0005854,0.0005775,0.0005804,140707498.0,2026-03-23 00:00:00+00:00
1774238400000,0.0005806,0.0005835,0.0005733,0.0005754,135156635.0,2026-03-23 04:00:00+00:00
1774252800000,0.0005755,0.0006005,0.0005722,0.0005942,439259297.0,2026-03-23 08:00:00+00:00
1774267200000,0.0005946,0.0006069,0.0005906,0.0005991,252625323.0,2026-03-23 12:00:00+00:00
1774281600000,0.0005992,0.0006022,0.0005947,0.0005954,126337442.0,2026-03-23 16:00:00+00:00
1774296000000,0.0005956,0.0005995,0.000591,0.0005954,109106280.0,2026-03-23 20:00:00+00:00
1774310400000,0.0005954,0.0005963,0.0005905,0.0005932,99228258.0,2026-03-24 00:00:00+00:00
1774324800000,0.0005933,0.0006009,0.0005916,0.0006006,100861162.0,2026-03-24 04:00:00+00:00
1774339200000,0.0006006,0.0006059,0.000595,0.0006036,161698452.0,2026-03-24 08:00:00+00:00
1774353600000,0.0006037,0.0006098,0.0005974,0.0006009,369517809.0,2026-03-24 12:00:00+00:00
1774368000000,0.0006007,0.000605,0.0005891,0.0005916,253770244.0,2026-03-24 16:00:00+00:00
1774382400000,0.0005916,0.0005999,0.0005911,0.0005999,85149235.0,2026-03-24 20:00:00+00:00
1774396800000,0.0005998,0.0006046,0.0005984,0.000601,112276912.0,2026-03-25 00:00:00+00:00
1774411200000,0.000601,0.0006021,0.0005949,0.0005951,90577368.0,2026-03-25 04:00:00+00:00
1774425600000,0.0005954,0.0005974,0.000573,0.0005837,942069091.0,2026-03-25 08:00:00+00:00
1774440000000,0.0005833,0.0005872,0.0005761,0.0005808,333629031.0,2026-03-25 12:00:00+00:00
1774454400000,0.0005805,0.0005853,0.0005781,0.0005796,243321065.0,2026-03-25 16:00:00+00:00
1774468800000,0.0005796,0.0005845,0.0005773,0.0005842,106229590.0,2026-03-25 20:00:00+00:00
1774483200000,0.0005841,0.0005841,0.0005729,0.0005755,127372929.0,2026-03-26 00:00:00+00:00
1774497600000,0.0005755,0.0005755,0.0005635,0.0005674,273100476.0,2026-03-26 04:00:00+00:00
1774512000000,0.0005676,0.0005676,0.0005532,0.0005553,246466353.0,2026-03-26 08:00:00+00:00
1774526400000,0.0005551,0.0005599,0.0005521,0.0005531,188604544.0,2026-03-26 12:00:00+00:00
1774540800000,0.0005533,0.0005548,0.0005475,0.0005506,184737279.0,2026-03-26 16:00:00+00:00
1774555200000,0.0005505,0.0005592,0.0005489,0.0005514,207330123.0,2026-03-26 20:00:00+00:00
1774569600000,0.0005514,0.000553,0.0005467,0.0005486,161322811.0,2026-03-27 00:00:00+00:00
1774584000000,0.0005484,0.0005504,0.0005444,0.0005498,152931444.0,2026-03-27 04:00:00+00:00
1774598400000,0.0005493,0.0005514,0.0005366,0.0005403,321100195.0,2026-03-27 08:00:00+00:00
1774612800000,0.0005403,0.0005458,0.0005363,0.0005427,191230484.0,2026-03-27 12:00:00+00:00
1774627200000,0.000543,0.000544,0.0005375,0.0005415,86439515.0,2026-03-27 16:00:00+00:00
1774641600000,0.0005414,0.0005444,0.0005372,0.0005376,93848398.0,2026-03-27 20:00:00+00:00
1774656000000,0.0005375,0.0005407,0.0005311,0.0005335,107059585.0,2026-03-28 00:00:00+00:00
1774670400000,0.0005332,0.0005459,0.0005319,0.0005406,438480319.0,2026-03-28 04:00:00+00:00
1774684800000,0.0005405,0.0005405,0.0005338,0.0005362,184896797.0,2026-03-28 08:00:00+00:00
1774699200000,0.0005358,0.0005417,0.0005324,0.0005341,155821862.0,2026-03-28 12:00:00+00:00
1774713600000,0.000534,0.0005406,0.0005335,0.0005368,151917674.0,2026-03-28 16:00:00+00:00
1774728000000,0.0005371,0.0005377,0.0005308,0.0005362,129135610.0,2026-03-28 20:00:00+00:00
1774742400000,0.0005364,0.000538,0.0005309,0.000534,207270019.0,2026-03-29 00:00:00+00:00
1774756800000,0.0005343,0.0005361,0.00053,0.0005326,96332162.0,2026-03-29 04:00:00+00:00
1774771200000,0.0005321,0.0005345,0.0005266,0.0005287,189472109.0,2026-03-29 08:00:00+00:00
1774785600000,0.0005285,0.0005296,0.0005251,0.0005268,170381311.0,2026-03-29 12:00:00+00:00
1774800000000,0.000527,0.0005341,0.0005261,0.0005311,178856822.0,2026-03-29 16:00:00+00:00
1774814400000,0.0005311,0.0005338,0.0005187,0.0005261,312796255.0,2026-03-29 20:00:00+00:00
1774828800000,0.0005261,0.0005374,0.0005259,0.0005337,304570338.0,2026-03-30 00:00:00+00:00
1774843200000,0.0005332,0.0005368,0.0005279,0.0005329,173205644.0,2026-03-30 04:00:00+00:00
1774857600000,0.0005326,0.0005392,0.0005303,0.0005357,133384928.0,2026-03-30 08:00:00+00:00
1774872000000,0.0005354,0.0005369,0.0005304,0.0005339,105182396.0,2026-03-30 12:00:00+00:00
1774886400000,0.0005336,0.000535,0.0005207,0.0005226,98211018.0,2026-03-30 16:00:00+00:00
1774900800000,0.0005224,0.0005292,0.00052,0.0005263,94349204.0,2026-03-30 20:00:00+00:00
1774915200000,0.0005263,0.000536,0.000524,0.0005264,603908781.0,2026-03-31 00:00:00+00:00
1774929600000,0.0005264,0.0005301,0.000526,0.0005287,112409672.0,2026-03-31 04:00:00+00:00
1774944000000,0.000529,0.0005327,0.0005256,0.0005281,249199572.0,2026-03-31 08:00:00+00:00
1774958400000,0.0005284,0.0005381,0.0005278,0.0005301,207788092.0,2026-03-31 12:00:00+00:00
1774972800000,0.00053,0.0005405,0.0005298,0.0005361,181294549.0,2026-03-31 16:00:00+00:00
1774987200000,0.0005361,0.0005378,0.0005336,0.000535,81338850.0,2026-03-31 20:00:00+00:00
1775001600000,0.0005352,0.0005379,0.0005323,0.0005375,153026342.0,2026-04-01 00:00:00+00:00
1775016000000,0.0005376,0.0005468,0.0005356,0.0005428,147206812.0,2026-04-01 04:00:00+00:00
1775030400000,0.0005425,0.0005515,0.0005392,0.0005446,283048309.0,2026-04-01 08:00:00+00:00
1775044800000,0.0005442,0.0005492,0.0005411,0.0005439,206550985.0,2026-04-01 12:00:00+00:00
1775059200000,0.0005438,0.0005486,0.0005375,0.00054,238087349.0,2026-04-01 16:00:00+00:00
1775073600000,0.0005398,0.0005429,0.0005368,0.0005412,129392970.0,2026-04-01 20:00:00+00:00
1775088000000,0.0005413,0.00064,0.0005406,0.0005546,12452340387.0,2026-04-02 00:00:00+00:00
1775102400000,0.0005545,0.0005628,0.0005484,0.0005515,1658542117.0,2026-04-02 04:00:00+00:00
1775116800000,0.0005518,0.0005519,0.0005409,0.0005488,1512788443.0,2026-04-02 08:00:00+00:00
1775131200000,0.0005485,0.0005493,0.0005276,0.0005408,1208110721.0,2026-04-02 12:00:00+00:00
1775145600000,0.0005408,0.0005446,0.0005356,0.0005407,544652861.0,2026-04-02 16:00:00+00:00
1775160000000,0.0005407,0.0005476,0.000537,0.0005423,540180768.0,2026-04-02 20:00:00+00:00
1775174400000,0.0005422,0.000573,0.000527,0.0005386,2708988275.0,2026-04-03 00:00:00+00:00
1775188800000,0.0005386,0.0005504,0.0005377,0.0005467,569772722.0,2026-04-03 04:00:00+00:00
1775203200000,0.0005466,0.0005621,0.0005462,0.0005553,437564787.0,2026-04-03 08:00:00+00:00
1775217600000,0.0005554,0.000558,0.0005454,0.0005476,410521748.0,2026-04-03 12:00:00+00:00
1775232000000,0.0005478,0.0005499,0.0005418,0.0005421,265355474.0,2026-04-03 16:00:00+00:00
1775246400000,0.0005421,0.0005485,0.0005405,0.000545,275528720.0,2026-04-03 20:00:00+00:00
1775260800000,0.0005452,0.0005539,0.0005347,0.0005498,504201742.0,2026-04-04 00:00:00+00:00
1775275200000,0.0005496,0.0005605,0.0005443,0.0005509,939514905.0,2026-04-04 04:00:00+00:00
1775289600000,0.0005511,0.0005547,0.0005454,0.0005515,234653411.0,2026-04-04 08:00:00+00:00
1775304000000,0.0005512,0.0005532,0.0005401,0.0005448,295181001.0,2026-04-04 12:00:00+00:00
1775318400000,0.0005448,0.0005464,0.0005398,0.0005411,192194004.0,2026-04-04 16:00:00+00:00
1775332800000,0.0005412,0.0005428,0.0005397,0.0005426,102866727.0,2026-04-04 20:00:00+00:00
1775347200000,0.0005424,0.0005426,0.0005342,0.000535,221741671.0,2026-04-05 00:00:00+00:00
1775361600000,0.0005352,0.0005353,0.0005272,0.0005289,188451241.0,2026-04-05 04:00:00+00:00
1775376000000,0.0005288,0.000536,0.0005277,0.0005313,216352614.0,2026-04-05 08:00:00+00:00
1775390400000,0.0005318,0.0005363,0.000523,0.0005321,217826415.0,2026-04-05 12:00:00+00:00
1775404800000,0.0005321,0.000538,0.0005303,0.0005319,222064177.0,2026-04-05 16:00:00+00:00
1775419200000,0.0005319,0.0005416,0.0005305,0.0005416,156023690.0,2026-04-05 20:00:00+00:00
1775433600000,0.0005418,0.0005474,0.0005396,0.0005405,444107814.0,2026-04-06 00:00:00+00:00
1775448000000,0.0005405,0.0005434,0.0005362,0.0005409,207862679.0,2026-04-06 04:00:00+00:00
1775462400000,0.0005405,0.0005463,0.00054,0.000543,159305349.0,2026-04-06 08:00:00+00:00
1775476800000,0.000543,0.0005514,0.0005416,0.000547,296657876.0,2026-04-06 12:00:00+00:00
1775491200000,0.000547,0.0005528,0.0005435,0.0005523,299701826.0,2026-04-06 16:00:00+00:00
1775505600000,0.0005524,0.0005547,0.0005371,0.0005413,276014015.0,2026-04-06 20:00:00+00:00
1775520000000,0.0005408,0.0005537,0.0005365,0.0005433,717676899.0,2026-04-07 00:00:00+00:00
1775534400000,0.0005432,0.0005434,0.0005338,0.0005394,168317297.0,2026-04-07 04:00:00+00:00
1775548800000,0.0005388,0.0005428,0.0005359,0.0005375,194521781.0,2026-04-07 08:00:00+00:00
1775563200000,0.0005375,0.0005381,0.0005325,0.0005355,186237325.0,2026-04-07 12:00:00+00:00
1775577600000,0.0005355,0.0005434,0.0005344,0.0005413,110867870.0,2026-04-07 16:00:00+00:00
1775592000000,0.0005413,0.0005638,0.000539,0.0005611,197330441.0,2026-04-07 20:00:00+00:00
1775606400000,0.0005611,0.0005663,0.0005549,0.0005612,383888688.0,2026-04-08 00:00:00+00:00
1775620800000,0.0005608,0.0005631,0.000559,0.0005607,135019802.0,2026-04-08 04:00:00+00:00
1775635200000,0.0005606,0.0005639,0.0005599,0.000562,95194576.0,2026-04-08 08:00:00+00:00
1775649600000,0.0005616,0.000564,0.0005538,0.0005605,160905693.0,2026-04-08 12:00:00+00:00
1775664000000,0.0005609,0.0005655,0.0005578,0.000561,152832178.0,2026-04-08 16:00:00+00:00
1775678400000,0.000561,0.0005623,0.0005512,0.0005526,126189509.0,2026-04-08 20:00:00+00:00
1775692800000,0.0005522,0.0005576,0.0005474,0.000553,220909410.0,2026-04-09 00:00:00+00:00
1775707200000,0.0005528,0.000559,0.0005504,0.0005575,112901454.0,2026-04-09 04:00:00+00:00
1775721600000,0.0005575,0.0005636,0.0005571,0.0005591,186540915.0,2026-04-09 08:00:00+00:00
1775736000000,0.0005589,0.0005597,0.000551,0.0005576,251827415.0,2026-04-09 12:00:00+00:00
1775750400000,0.0005573,0.0005682,0.0005573,0.0005658,234513471.0,2026-04-09 16:00:00+00:00
1775764800000,0.0005662,0.0005673,0.0005595,0.0005612,104926672.0,2026-04-09 20:00:00+00:00
1775779200000,0.0005612,0.0005645,0.000559,0.0005594,136431778.0,2026-04-10 00:00:00+00:00
1775793600000,0.0005596,0.0005629,0.0005591,0.0005594,117587085.0,2026-04-10 04:00:00+00:00
1775808000000,0.0005598,0.0005626,0.0005562,0.0005603,136055115.0,2026-04-10 08:00:00+00:00
1775822400000,0.0005607,0.0005692,0.0005607,0.0005659,220474580.0,2026-04-10 12:00:00+00:00
1775836800000,0.0005662,0.000572,0.0005646,0.0005686,192742563.0,2026-04-10 16:00:00+00:00
1775851200000,0.0005686,0.0005747,0.0005647,0.000566,188634101.0,2026-04-10 20:00:00+00:00
1775865600000,0.0005665,0.0005803,0.0005595,0.0005616,727946109.0,2026-04-11 00:00:00+00:00
1775880000000,0.0005621,0.0005627,0.0005563,0.0005583,172427367.0,2026-04-11 04:00:00+00:00
1775894400000,0.0005579,0.0005614,0.0005568,0.0005598,90859858.0,2026-04-11 08:00:00+00:00
1775908800000,0.0005598,0.0005629,0.0005567,0.0005615,147966836.0,2026-04-11 12:00:00+00:00
1775923200000,0.0005615,0.0005676,0.0005597,0.0005669,162978334.0,2026-04-11 16:00:00+00:00
1775937600000,0.0005674,0.000571,0.0005601,0.0005635,170639404.0,2026-04-11 20:00:00+00:00
1775952000000,0.0005635,0.0005635,0.0005448,0.0005482,402171157.0,2026-04-12 00:00:00+00:00
1775966400000,0.0005481,0.0005533,0.0005468,0.0005523,114197208.0,2026-04-12 04:00:00+00:00
1775980800000,0.000552,0.0005533,0.0005466,0.0005486,91031131.0,2026-04-12 08:00:00+00:00
1775995200000,0.0005489,0.0005517,0.0005472,0.0005499,111553297.0,2026-04-12 12:00:00+00:00
1776009600000,0.0005497,0.0005567,0.0005478,0.000553,202022740.0,2026-04-12 16:00:00+00:00
1776024000000,0.0005529,0.0005555,0.0005478,0.0005534,491238787.0,2026-04-12 20:00:00+00:00
1776038400000,0.0005534,0.0005564,0.0005507,0.0005518,135000534.0,2026-04-13 00:00:00+00:00
1776052800000,0.0005516,0.0005578,0.0005507,0.0005544,147908073.0,2026-04-13 04:00:00+00:00
1776067200000,0.0005548,0.0005555,0.0005507,0.0005526,101047441.0,2026-04-13 08:00:00+00:00
1776081600000,0.000553,0.0005564,0.0005492,0.0005524,195560569.0,2026-04-13 12:00:00+00:00
1776096000000,0.000552,0.0005565,0.00055,0.0005561,155542869.0,2026-04-13 16:00:00+00:00
1776110400000,0.000556,0.0005732,0.0005554,0.000571,204277518.0,2026-04-13 20:00:00+00:00
1776124800000,0.0005714,0.0005729,0.0005618,0.0005633,167577451.0,2026-04-14 00:00:00+00:00
1776139200000,0.0005633,0.0005675,0.0005611,0.000566,164790672.0,2026-04-14 04:00:00+00:00
1776153600000,0.000566,0.0005691,0.0005627,0.000564,104898338.0,2026-04-14 08:00:00+00:00
1776168000000,0.000564,0.0005723,0.0005628,0.0005682,235459560.0,2026-04-14 12:00:00+00:00
1776182400000,0.000568,0.0005702,0.0005546,0.0005611,157028359.0,2026-04-14 16:00:00+00:00
1776196800000,0.0005612,0.0005627,0.000558,0.0005625,89357529.0,2026-04-14 20:00:00+00:00
1776211200000,0.0005625,0.0005638,0.0005607,0.0005612,74364255.0,2026-04-15 00:00:00+00:00
1776225600000,0.0005615,0.0005631,0.0005588,0.0005603,96971144.0,2026-04-15 04:00:00+00:00
1776240000000,0.0005603,0.0005627,0.0005589,0.0005618,90953259.0,2026-04-15 08:00:00+00:00
1776254400000,0.0005613,0.0005666,0.0005611,0.0005649,111849836.0,2026-04-15 12:00:00+00:00
1776268800000,0.0005649,0.0005738,0.0005646,0.0005731,100342460.0,2026-04-15 16:00:00+00:00
1776283200000,0.0005731,0.0005746,0.0005691,0.0005722,99956647.0,2026-04-15 20:00:00+00:00
1776297600000,0.0005721,0.0005777,0.0005681,0.0005756,146889739.0,2026-04-16 00:00:00+00:00
1776312000000,0.0005756,0.0005835,0.0005752,0.0005805,171413121.0,2026-04-16 04:00:00+00:00
1776326400000,0.0005807,0.0005818,0.0005774,0.0005791,129168939.0,2026-04-16 08:00:00+00:00
1776340800000,0.0005791,0.0005847,0.0005733,0.0005831,270326793.0,2026-04-16 12:00:00+00:00
1776355200000,0.0005831,0.0005908,0.0005795,0.0005895,157879277.0,2026-04-16 16:00:00+00:00
1776369600000,0.0005895,0.0005926,0.0005831,0.0005923,118225416.0,2026-04-16 20:00:00+00:00
1776384000000,0.0005922,0.0005929,0.000585,0.0005858,161568140.0,2026-04-17 00:00:00+00:00
1776398400000,0.0005855,0.0005915,0.0005789,0.0005913,235332325.0,2026-04-17 04:00:00+00:00
1776412800000,0.000591,0.0005947,0.0005878,0.000594,298245985.0,2026-04-17 08:00:00+00:00
1776427200000,0.0005944,0.0006068,0.0005901,0.0006021,400373904.0,2026-04-17 12:00:00+00:00
1776441600000,0.0006021,0.0006091,0.0006014,0.0006054,222450563.0,2026-04-17 16:00:00+00:00
1776456000000,0.000605,0.0006098,0.0005995,0.0006043,163819279.0,2026-04-17 20:00:00+00:00
1776470400000,0.0006043,0.0006076,0.0005989,0.0006042,187984721.0,2026-04-18 00:00:00+00:00
1776484800000,0.0006042,0.0006123,0.0006023,0.0006096,240986206.0,2026-04-18 04:00:00+00:00
1776499200000,0.0006096,0.0006114,0.0005899,0.0005944,282259083.0,2026-04-18 08:00:00+00:00
1776513600000,0.0005944,0.0005948,0.0005879,0.0005915,215213077.0,2026-04-18 12:00:00+00:00
1776528000000,0.0005912,0.0005922,0.0005761,0.0005848,1109089607.0,2026-04-18 16:00:00+00:00
1776542400000,0.0005847,0.0005865,0.0005796,0.0005813,174291469.0,2026-04-18 20:00:00+00:00
1776556800000,0.0005811,0.0005821,0.0005707,0.0005748,283458809.0,2026-04-19 00:00:00+00:00
1776571200000,0.0005744,0.0005787,0.0005691,0.0005726,340981583.0,2026-04-19 04:00:00+00:00
1776585600000,0.0005726,0.0005751,0.0005675,0.0005743,146408215.0,2026-04-19 08:00:00+00:00
1776600000000,0.0005739,0.0005817,0.0005714,0.0005754,534684159.0,2026-04-19 12:00:00+00:00
1776614400000,0.0005754,0.0005765,0.0005646,0.000572,210736538.0,2026-04-19 16:00:00+00:00
1776628800000,0.0005723,0.0005723,0.0005607,0.0005617,175264932.0,2026-04-19 20:00:00+00:00
1776643200000,0.0005617,0.0005687,0.0005606,0.000568,131794951.0,2026-04-20 00:00:00+00:00
1776657600000,0.0005682,0.0005698,0.000557,0.0005672,246697573.0,2026-04-20 04:00:00+00:00
1776672000000,0.0005671,0.0005758,0.0005648,0.0005735,549116283.0,2026-04-20 08:00:00+00:00
1776686400000,0.0005738,0.000577,0.0005695,0.000575,351427956.0,2026-04-20 12:00:00+00:00
1776700800000,0.0005746,0.0005838,0.0005739,0.0005805,242264525.0,2026-04-20 16:00:00+00:00
1776715200000,0.0005807,0.0005835,0.0005779,0.0005799,173013543.0,2026-04-20 20:00:00+00:00
1776729600000,0.0005799,0.0005817,0.000571,0.000573,142852768.0,2026-04-21 00:00:00+00:00
1776744000000,0.000573,0.0005762,0.0005706,0.0005724,121885342.0,2026-04-21 04:00:00+00:00
1776758400000,0.0005724,0.0005787,0.0005715,0.0005752,124668656.0,2026-04-21 08:00:00+00:00
1776772800000,0.0005751,0.0005768,0.0005701,0.0005732,163599585.0,2026-04-21 12:00:00+00:00
1776787200000,0.0005733,0.0005739,0.0005631,0.000564,163593546.0,2026-04-21 16:00:00+00:00
1776801600000,0.000564,0.0005749,0.000563,0.0005745,131870982.0,2026-04-21 20:00:00+00:00
1776816000000,0.0005746,0.0005814,0.0005732,0.0005798,155630024.0,2026-04-22 00:00:00+00:00
1776830400000,0.0005799,0.0005853,0.000578,0.000583,112426637.0,2026-04-22 04:00:00+00:00
1776844800000,0.000583,0.0005872,0.0005809,0.0005823,142213150.0,2026-04-22 08:00:00+00:00
1776859200000,0.0005829,0.0005843,0.0005786,0.0005823,141146641.0,2026-04-22 12:00:00+00:00
1776873600000,0.0005823,0.000586,0.0005782,0.0005815,100009601.0,2026-04-22 16:00:00+00:00
1776888000000,0.0005816,0.0005816,0.0005738,0.0005745,136554288.0,2026-04-22 20:00:00+00:00
1776902400000,0.0005743,0.0005752,0.000564,0.0005654,233001164.0,2026-04-23 00:00:00+00:00
1776916800000,0.0005653,0.0005704,0.0005644,0.0005679,107639802.0,2026-04-23 04:00:00+00:00
1776931200000,0.0005677,0.0005699,0.0005631,0.0005692,123684941.0,2026-04-23 08:00:00+00:00
1776945600000,0.0005691,0.0005759,0.0005674,0.0005752,121750703.0,2026-04-23 12:00:00+00:00
1776960000000,0.0005752,0.0005755,0.0005656,0.00057,197778380.0,2026-04-23 16:00:00+00:00
1776974400000,0.0005701,0.0005766,0.0005701,0.0005766,165380936.0,2026-04-23 20:00:00+00:00
1776988800000,0.0005765,0.0005776,0.000572,0.0005744,113126372.0,2026-04-24 00:00:00+00:00
1777003200000,0.0005744,0.0005771,0.0005727,0.0005757,92634615.0,2026-04-24 04:00:00+00:00
1777017600000,0.0005757,0.0005804,0.0005731,0.0005796,145696229.0,2026-04-24 08:00:00+00:00
1777032000000,0.0005793,0.0005829,0.0005761,0.0005823,189588425.0,2026-04-24 12:00:00+00:00
1777046400000,0.0005823,0.0005886,0.0005817,0.0005875,225255548.0,2026-04-24 16:00:00+00:00
1777060800000,0.0005874,0.0005884,0.0005803,0.0005825,139508525.0,2026-04-24 20:00:00+00:00
1777075200000,0.0005825,0.0005899,0.0005818,0.0005898,124567911.0,2026-04-25 00:00:00+00:00
1777089600000,0.0005899,0.0005907,0.0005869,0.0005872,119258317.0,2026-04-25 04:00:00+00:00
1777104000000,0.0005873,0.0005897,0.000583,0.0005857,126057168.0,2026-04-25 08:00:00+00:00
1777118400000,0.0005857,0.00059,0.0005833,0.0005861,188878207.0,2026-04-25 12:00:00+00:00
1777132800000,0.0005859,0.0005878,0.0005781,0.0005807,146089302.0,2026-04-25 16:00:00+00:00
1777147200000,0.0005803,0.0005833,0.0005782,0.0005833,68770220.0,2026-04-25 20:00:00+00:00
1777161600000,0.0005833,0.0005845,0.0005792,0.0005813,165015545.0,2026-04-26 00:00:00+00:00
1777176000000,0.0005813,0.0005887,0.0005809,0.0005862,104245155.0,2026-04-26 04:00:00+00:00
1777190400000,0.0005862,0.0005876,0.000584,0.0005874,112062329.0,2026-04-26 08:00:00+00:00
1777204800000,0.0005875,0.0005887,0.0005805,0.000585,172331672.0,2026-04-26 12:00:00+00:00
1777219200000,0.0005848,0.0005862,0.0005827,0.0005854,82022883.0,2026-04-26 16:00:00+00:00
1777233600000,0.0005854,0.0005875,0.0005807,0.0005858,161471605.0,2026-04-26 20:00:00+00:00
1777248000000,0.000586,0.0005893,0.0005828,0.0005875,177783793.0,2026-04-27 00:00:00+00:00
1777262400000,0.0005872,0.0005873,0.0005717,0.0005738,258967244.0,2026-04-27 04:00:00+00:00
1777276800000,0.0005734,0.00058,0.0005726,0.0005774,237772734.0,2026-04-27 08:00:00+00:00
1777291200000,0.0005774,0.0005824,0.0005728,0.0005742,271372457.0,2026-04-27 12:00:00+00:00
1777305600000,0.000574,0.0005759,0.0005715,0.0005741,233570598.0,2026-04-27 16:00:00+00:00
1777320000000,0.0005743,0.00058,0.0005724,0.0005799,130275962.0,2026-04-27 20:00:00+00:00
1777334400000,0.0005799,0.0005799,0.0005734,0.0005759,91238952.0,2026-04-28 00:00:00+00:00
1777348800000,0.0005763,0.0005797,0.0005735,0.0005759,171783365.0,2026-04-28 04:00:00+00:00
1777363200000,0.0005757,0.0005772,0.0005719,0.0005731,152354024.0,2026-04-28 08:00:00+00:00
1777377600000,0.0005733,0.0005778,0.0005721,0.0005748,184763422.0,2026-04-28 12:00:00+00:00
1777392000000,0.0005747,0.0005788,0.0005722,0.0005786,195971058.0,2026-04-28 16:00:00+00:00
1777406400000,0.0005788,0.000579,0.0005747,0.0005765,96873610.0,2026-04-28 20:00:00+00:00
1777420800000,0.0005766,0.0005806,0.0005737,0.0005797,259359164.0,2026-04-29 00:00:00+00:00
1777435200000,0.0005798,0.0005831,0.0005765,0.0005765,114788299.0,2026-04-29 04:00:00+00:00
1777449600000,0.0005769,0.0005838,0.0005765,0.000579,218632882.0,2026-04-29 08:00:00+00:00
1777464000000,0.0005789,0.0005789,0.0005685,0.0005697,307313527.0,2026-04-29 12:00:00+00:00
1777478400000,0.0005696,0.0005723,0.0005592,0.0005653,501781491.0,2026-04-29 16:00:00+00:00
1777492800000,0.0005654,0.0005703,0.0005649,0.000569,147247097.0,2026-04-29 20:00:00+00:00
1777507200000,0.000569,0.000572,0.0005642,0.0005642,153660107.0,2026-04-30 00:00:00+00:00
1777521600000,0.0005644,0.0005672,0.0005594,0.0005667,151851205.0,2026-04-30 04:00:00+00:00
1777536000000,0.0005669,0.0005674,0.0005618,0.0005638,208525830.0,2026-04-30 08:00:00+00:00
1777550400000,0.0005638,0.0005664,0.0005609,0.0005647,188328980.0,2026-04-30 12:00:00+00:00
1777564800000,0.0005645,0.0005654,0.0005617,0.0005622,102436955.0,2026-04-30 16:00:00+00:00
1777579200000,0.0005619,0.0005624,0.0005587,0.0005616,96608514.0,2026-04-30 20:00:00+00:00
1777593600000,0.0005617,0.0005652,0.0005592,0.0005636,146369249.0,2026-05-01 00:00:00+00:00
1777608000000,0.0005639,0.0005653,0.0005604,0.0005626,118742148.0,2026-05-01 04:00:00+00:00
1777622400000,0.0005627,0.000565,0.0005605,0.0005624,145847510.0,2026-05-01 08:00:00+00:00
1777636800000,0.0005624,0.0005689,0.0005618,0.0005666,190484297.0,2026-05-01 12:00:00+00:00
1777651200000,0.000567,0.000568,0.000564,0.0005651,78422531.0,2026-05-01 16:00:00+00:00
1777665600000,0.0005653,0.0005664,0.0005623,0.0005638,97233721.0,2026-05-01 20:00:00+00:00
1777680000000,0.0005638,0.0005658,0.0005625,0.000564,57461447.0,2026-05-02 00:00:00+00:00
1777694400000,0.0005639,0.0005639,0.0005611,0.0005636,72331389.0,2026-05-02 04:00:00+00:00
1777708800000,0.0005634,0.0005642,0.0005613,0.000562,123812362.0,2026-05-02 08:00:00+00:00
1777723200000,0.0005621,0.0005662,0.0005609,0.0005662,63932839.0,2026-05-02 12:00:00+00:00
1777737600000,0.0005662,0.0005685,0.0005646,0.0005664,103041153.0,2026-05-02 16:00:00+00:00
1777752000000,0.0005666,0.0005692,0.0005656,0.0005674,109977923.0,2026-05-02 20:00:00+00:00
1777766400000,0.0005674,0.0005684,0.0005602,0.0005625,157099064.0,2026-05-03 00:00:00+00:00
1777780800000,0.000562,0.0005662,0.0005615,0.0005653,94018356.0,2026-05-03 04:00:00+00:00
1777795200000,0.0005652,0.0005701,0.0005649,0.0005668,166489203.0,2026-05-03 08:00:00+00:00
1777809600000,0.0005668,0.0005681,0.0005652,0.0005662,81851609.0,2026-05-03 12:00:00+00:00
1777824000000,0.0005662,0.0005683,0.0005655,0.0005666,149612862.0,2026-05-03 16:00:00+00:00
1777838400000,0.0005665,0.0005702,0.0005657,0.0005673,112521788.0,2026-05-03 20:00:00+00:00
1777852800000,0.0005672,0.0005769,0.0005633,0.0005752,347827012.0,2026-05-04 00:00:00+00:00
1777867200000,0.0005753,0.000579,0.0005714,0.0005715,402695211.0,2026-05-04 04:00:00+00:00
1777881600000,0.0005713,0.0005738,0.0005646,0.0005657,349789723.0,2026-05-04 08:00:00+00:00
1777896000000,0.0005655,0.0005717,0.0005638,0.0005684,244220348.0,2026-05-04 12:00:00+00:00
1777910400000,0.0005685,0.0005717,0.0005663,0.0005678,159651117.0,2026-05-04 16:00:00+00:00
1777924800000,0.0005676,0.0005699,0.0005654,0.0005661,90671748.0,2026-05-04 20:00:00+00:00
1777939200000,0.0005662,0.0005738,0.0005653,0.0005709,219305678.0,2026-05-05 00:00:00+00:00
1777953600000,0.0005709,0.0005776,0.0005688,0.0005752,220472635.0,2026-05-05 04:00:00+00:00
1777968000000,0.0005751,0.0005771,0.0005718,0.0005738,166885852.0,2026-05-05 08:00:00+00:00
1777982400000,0.0005738,0.0005846,0.0005734,0.0005779,433359021.0,2026-05-05 12:00:00+00:00
1777996800000,0.0005779,0.0005842,0.0005779,0.0005835,179527868.0,2026-05-05 16:00:00+00:00
1778011200000,0.0005837,0.0005919,0.0005837,0.0005858,411487213.0,2026-05-05 20:00:00+00:00
1778025600000,0.0005859,0.0005978,0.000584,0.000596,199249344.0,2026-05-06 00:00:00+00:00
1778040000000,0.000596,0.0005977,0.0005911,0.0005951,186944780.0,2026-05-06 04:00:00+00:00
1778054400000,0.0005949,0.0006051,0.0005949,0.0006006,257420129.0,2026-05-06 08:00:00+00:00
1778068800000,0.0006006,0.0006027,0.0005902,0.0006022,351825051.0,2026-05-06 12:00:00+00:00
1778083200000,0.000602,0.000604,0.0005985,0.0006021,108230291.0,2026-05-06 16:00:00+00:00
1778097600000,0.0006019,0.0006037,0.0005948,0.0006007,208382912.0,2026-05-06 20:00:00+00:00
1778112000000,0.0006007,0.0006009,0.0005919,0.0005956,287797198.0,2026-05-07 00:00:00+00:00
1778126400000,0.0005959,0.0006049,0.0005954,0.0006034,153524003.0,2026-05-07 04:00:00+00:00
1778140800000,0.000603,0.0006053,0.000597,0.0006028,200397643.0,2026-05-07 08:00:00+00:00
1778155200000,0.0006028,0.0006081,0.000594,0.0005956,308801567.0,2026-05-07 12:00:00+00:00
1778169600000,0.0005953,0.0006012,0.0005927,0.0005987,331622978.0,2026-05-07 16:00:00+00:00
1778184000000,0.0005987,0.0006004,0.0005913,0.0005967,180526572.0,2026-05-07 20:00:00+00:00
1778198400000,0.0005965,0.0005965,0.00059,0.0005915,202629884.0,2026-05-08 00:00:00+00:00
1778212800000,0.0005915,0.0005925,0.000585,0.000588,214336242.0,2026-05-08 04:00:00+00:00
1778227200000,0.0005881,0.0005934,0.0005878,0.0005919,196194128.0,2026-05-08 08:00:00+00:00
1778241600000,0.0005919,0.0005951,0.0005836,0.0005945,369905798.0,2026-05-08 12:00:00+00:00
1778256000000,0.0005945,0.0006055,0.0005926,0.0005995,201789762.0,2026-05-08 16:00:00+00:00
1778270400000,0.0005998,0.0006053,0.000598,0.000604,175130494.0,2026-05-08 20:00:00+00:00
1778284800000,0.000604,0.0006118,0.0006028,0.000605,224482511.0,2026-05-09 00:00:00+00:00
1778299200000,0.000605,0.0006064,0.000602,0.0006025,144933646.0,2026-05-09 04:00:00+00:00
1778313600000,0.0006023,0.000606,0.0005988,0.0006025,203227081.0,2026-05-09 08:00:00+00:00
1778328000000,0.0006024,0.0006029,0.0005958,0.000597,208535135.0,2026-05-09 12:00:00+00:00
1778342400000,0.000597,0.0006023,0.0005959,0.0006016,172297566.0,2026-05-09 16:00:00+00:00
1778356800000,0.0006016,0.000602,0.0005973,0.0005987,105460853.0,2026-05-09 20:00:00+00:00
1778371200000,0.0005988,0.0005988,0.0005922,0.0005959,177511006.0,2026-05-10 00:00:00+00:00
1778385600000,0.000596,0.000615,0.0005955,0.0006087,509210742.0,2026-05-10 04:00:00+00:00
1778400000000,0.0006087,0.0006118,0.0006065,0.0006076,214717542.0,2026-05-10 08:00:00+00:00
1778414400000,0.0006076,0.0006237,0.0006067,0.0006135,916761116.0,2026-05-10 12:00:00+00:00
1778428800000,0.0006135,0.000625,0.0006135,0.0006224,289760561.0,2026-05-10 16:00:00+00:00
1778443200000,0.0006224,0.0006245,0.0006072,0.0006209,366777452.0,2026-05-10 20:00:00+00:00
1778457600000,0.0006207,0.000622,0.000607,0.0006108,355779041.0,2026-05-11 00:00:00+00:00
1778472000000,0.0006107,0.000614,0.0006078,0.0006119,202146382.0,2026-05-11 04:00:00+00:00
1778486400000,0.0006118,0.0006219,0.0006109,0.0006176,420565404.0,2026-05-11 08:00:00+00:00
1778500800000,0.0006178,0.0006234,0.0006144,0.0006232,465696354.0,2026-05-11 12:00:00+00:00
1778515200000,0.0006228,0.0006285,0.0006206,0.0006268,275620794.0,2026-05-11 16:00:00+00:00
1778529600000,0.0006267,0.0006281,0.0006237,0.0006266,206189705.0,2026-05-11 20:00:00+00:00
1778544000000,0.0006266,0.0006269,0.0006133,0.0006154,270022019.0,2026-05-12 00:00:00+00:00
1778558400000,0.0006152,0.0006185,0.0006111,0.0006139,191811383.0,2026-05-12 04:00:00+00:00
1778572800000,0.0006138,0.0006143,0.0006013,0.000604,239691744.0,2026-05-12 08:00:00+00:00
1778587200000,0.000604,0.0006083,0.000594,0.0005942,704211107.0,2026-05-12 12:00:00+00:00
1778601600000,0.0005943,0.0006036,0.0005916,0.0006031,233428940.0,2026-05-12 16:00:00+00:00
1778616000000,0.000603,0.0006047,0.000599,0.0006006,155317861.0,2026-05-12 20:00:00+00:00
1778630400000,0.0006005,0.0006096,0.0005987,0.000609,223244883.0,2026-05-13 00:00:00+00:00
1778644800000,0.0006089,0.0006099,0.000604,0.000606,144523746.0,2026-05-13 04:00:00+00:00
1778659200000,0.000606,0.0006121,0.0005999,0.0006005,172497763.0,2026-05-13 08:00:00+00:00
1778673600000,0.0006006,0.0006014,0.000578,0.0005793,606388900.0,2026-05-13 12:00:00+00:00
1778688000000,0.000579,0.0005866,0.000578,0.0005813,215813425.0,2026-05-13 16:00:00+00:00
1778702400000,0.0005811,0.0005865,0.000577,0.0005853,288278497.0,2026-05-13 20:00:00+00:00
1778716800000,0.0005854,0.0006498,0.0005704,0.0005726,16897299772.0,2026-05-14 00:00:00+00:00
1778731200000,0.0005726,0.0005772,0.000571,0.0005727,1437915743.0,2026-05-14 04:00:00+00:00
1778745600000,0.0005725,0.0005774,0.00057,0.0005718,1086398147.0,2026-05-14 08:00:00+00:00
1778760000000,0.0005718,0.0005857,0.0005645,0.0005842,1226705349.0,2026-05-14 12:00:00+00:00
1778774400000,0.0005841,0.0005885,0.0005793,0.000583,618130088.0,2026-05-14 16:00:00+00:00
1778788800000,0.0005831,0.000584,0.0005761,0.0005801,461048926.0,2026-05-14 20:00:00+00:00
1778803200000,0.0005801,0.000581,0.0005723,0.000576,759978325.0,2026-05-15 00:00:00+00:00
1778817600000,0.0005759,0.0005764,0.0005654,0.0005703,419090044.0,2026-05-15 04:00:00+00:00
1778832000000,0.0005703,0.0005707,0.0005651,0.0005651,295294057.0,2026-05-15 08:00:00+00:00
1778846400000,0.0005652,0.0005656,0.0005481,0.0005496,805894814.0,2026-05-15 12:00:00+00:00
1778860800000,0.0005497,0.0005554,0.0005487,0.00055,282111986.0,2026-05-15 16:00:00+00:00
1778875200000,0.0005502,0.0005508,0.0005472,0.000548,257862519.0,2026-05-15 20:00:00+00:00
1778889600000,0.000548,0.0005529,0.0005469,0.0005503,255335673.0,2026-05-16 00:00:00+00:00
1778904000000,0.0005501,0.0005515,0.000532,0.0005354,590613983.0,2026-05-16 04:00:00+00:00
1778918400000,0.0005353,0.0005367,0.0005249,0.0005321,502153843.0,2026-05-16 08:00:00+00:00
1778932800000,0.0005321,0.0005383,0.0005311,0.0005362,210437880.0,2026-05-16 12:00:00+00:00
1778947200000,0.0005361,0.0005392,0.0005351,0.0005353,195052795.0,2026-05-16 16:00:00+00:00
1778961600000,0.0005353,0.0005372,0.0005344,0.0005348,128868776.0,2026-05-16 20:00:00+00:00
1778976000000,0.0005347,0.0005354,0.0005265,0.0005336,310782100.0,2026-05-17 00:00:00+00:00
1778990400000,0.0005335,0.0005375,0.0005332,0.0005363,141504348.0,2026-05-17 04:00:00+00:00
1779004800000,0.0005363,0.0005386,0.0005349,0.0005364,133117896.0,2026-05-17 08:00:00+00:00
1779019200000,0.0005365,0.000537,0.000529,0.0005305,222909275.0,2026-05-17 12:00:00+00:00
1779033600000,0.0005306,0.0005332,0.000525,0.0005328,253403008.0,2026-05-17 16:00:00+00:00
1779048000000,0.0005327,0.0005329,0.0005099,0.0005216,487667353.0,2026-05-17 20:00:00+00:00
1779062400000,0.0005215,0.0005235,0.0005169,0.000519,359542782.0,2026-05-18 00:00:00+00:00
1779076800000,0.0005191,0.0005221,0.0005107,0.0005121,376784012.0,2026-05-18 04:00:00+00:00
1779091200000,0.0005121,0.0005176,0.00051,0.0005157,271059283.0,2026-05-18 08:00:00+00:00
1779105600000,0.000516,0.0005205,0.0005089,0.0005122,369164480.0,2026-05-18 12:00:00+00:00
1779120000000,0.0005123,0.0005174,0.0005069,0.0005167,281348650.0,2026-05-18 16:00:00+00:00
1779134400000,0.0005166,0.0005213,0.0005145,0.0005213,266750220.0,2026-05-18 20:00:00+00:00
1779148800000,0.0005212,0.0005244,0.0005185,0.0005218,218901689.0,2026-05-19 00:00:00+00:00
1779163200000,0.0005218,0.0005259,0.0005206,0.0005224,169470866.0,2026-05-19 04:00:00+00:00
1779177600000,0.0005225,0.000523,0.000515,0.0005153,180067077.0,2026-05-19 08:00:00+00:00
1779192000000,0.0005153,0.0005214,0.0005137,0.000515,257001280.0,2026-05-19 12:00:00+00:00
1779206400000,0.000515,0.0005183,0.0005125,0.0005134,197275402.0,2026-05-19 16:00:00+00:00
1779220800000,0.0005134,0.0005165,0.0005109,0.0005143,114189811.0,2026-05-19 20:00:00+00:00
1779235200000,0.0005144,0.0005173,0.0005113,0.0005142,160965221.0,2026-05-20 00:00:00+00:00
1779249600000,0.0005143,0.0005171,0.0005123,0.0005163,157225481.0,2026-05-20 04:00:00+00:00
1779264000000,0.0005162,0.0005179,0.0005123,0.0005132,178552374.0,2026-05-20 08:00:00+00:00
1779278400000,0.0005132,0.0005211,0.0005095,0.0005197,250231438.0,2026-05-20 12:00:00+00:00
1779292800000,0.0005198,0.0005242,0.0005194,0.0005225,288387201.0,2026-05-20 16:00:00+00:00
1779307200000,0.0005226,0.0005228,0.0005171,0.0005189,162805861.0,2026-05-20 20:00:00+00:00
1779321600000,0.000519,0.0005243,0.0005175,0.0005235,179639542.0,2026-05-21 00:00:00+00:00
1779336000000,0.0005235,0.000525,0.0005195,0.000524,188860596.0,2026-05-21 04:00:00+00:00
1779350400000,0.0005241,0.0005278,0.0005197,0.0005204,338401700.0,2026-05-21 08:00:00+00:00
1779364800000,0.0005203,0.0005273,0.0005182,0.0005254,241788750.0,2026-05-21 12:00:00+00:00
1779379200000,0.0005256,0.0005347,0.0005238,0.0005324,386912107.0,2026-05-21 16:00:00+00:00
1779393600000,0.0005324,0.0005334,0.0005275,0.0005299,228005380.0,2026-05-21 20:00:00+00:00
1779408000000,0.0005299,0.0005304,0.0005232,0.0005303,370375441.0,2026-05-22 00:00:00+00:00
1779422400000,0.0005304,0.000532,0.0005262,0.00053,149974288.0,2026-05-22 04:00:00+00:00
1779436800000,0.00053,0.0005324,0.0005269,0.0005293,203249137.0,2026-05-22 08:00:00+00:00
1779451200000,0.0005293,0.0005324,0.0005218,0.0005246,366179825.0,2026-05-22 12:00:00+00:00
1779465600000,0.0005246,0.0005273,0.0005112,0.0005144,502000211.0,2026-05-22 16:00:00+00:00
1779480000000,0.0005146,0.0005197,0.0005081,0.0005112,243152521.0,2026-05-22 20:00:00+00:00
1779494400000,0.0005112,0.0005189,0.0005068,0.0005182,315260270.0,2026-05-23 00:00:00+00:00
1779508800000,0.0005182,0.0005182,0.0005013,0.0005046,493706061.0,2026-05-23 04:00:00+00:00
1779523200000,0.0005044,0.0005077,0.0005013,0.0005021,280008909.0,2026-05-23 08:00:00+00:00
1779537600000,0.0005023,0.0005149,0.0005013,0.0005137,302443698.0,2026-05-23 12:00:00+00:00
1779552000000,0.0005136,0.0005181,0.000511,0.0005155,208950991.0,2026-05-23 16:00:00+00:00
1779566400000,0.0005156,0.0005281,0.0005151,0.0005218,393035556.0,2026-05-23 20:00:00+00:00
1779580800000,0.0005219,0.0005229,0.000518,0.0005184,207260552.0,2026-05-24 00:00:00+00:00
1779595200000,0.0005185,0.0005218,0.0005171,0.0005193,117989749.0,2026-05-24 04:00:00+00:00
1779609600000,0.0005193,0.0005203,0.0005169,0.0005174,155324353.0,2026-05-24 08:00:00+00:00
1779624000000,0.0005174,0.0005179,0.000506,0.0005116,186591885.0,2026-05-24 12:00:00+00:00
1779638400000,0.0005116,0.0005137,0.0005085,0.000509,113442248.0,2026-05-24 16:00:00+00:00
1779652800000,0.0005091,0.0005091,0.0004987,0.0005081,262110176.0,2026-05-24 20:00:00+00:00
1779667200000,0.0005082,0.0005099,0.000505,0.0005056,177527891.0,2026-05-25 00:00:00+00:00
1779681600000,0.0005056,0.000514,0.0005056,0.0005126,233909390.0,2026-05-25 04:00:00+00:00
1779696000000,0.0005126,0.0005167,0.0005099,0.0005101,303570074.0,2026-05-25 08:00:00+00:00
1779710400000,0.0005101,0.0005148,0.0005086,0.0005122,302726908.0,2026-05-25 12:00:00+00:00
1779724800000,0.0005123,0.0005149,0.0005093,0.0005105,216336559.0,2026-05-25 16:00:00+00:00
1779739200000,0.0005105,0.0005117,0.0005037,0.000506,372798776.0,2026-05-25 20:00:00+00:00
1779753600000,0.000506,0.0005072,0.0004992,0.0005026,390228665.0,2026-05-26 00:00:00+00:00
1779768000000,0.0005024,0.0005093,0.0005018,0.0005039,230690716.0,2026-05-26 04:00:00+00:00
1779782400000,0.0005038,0.0005103,0.0005022,0.0005082,309049790.0,2026-05-26 08:00:00+00:00
1779796800000,0.0005082,0.0005106,0.0005,0.0005022,218497241.0,2026-05-26 12:00:00+00:00
1779811200000,0.0005022,0.0005029,0.0004949,0.0004976,340869821.0,2026-05-26 16:00:00+00:00
1779825600000,0.0004977,0.0004993,0.0004957,0.0004976,241554922.0,2026-05-26 20:00:00+00:00
1779840000000,0.0004978,0.0005018,0.0004952,0.0004957,325395201.0,2026-05-27 00:00:00+00:00
1779854400000,0.0004956,0.0004983,0.0004906,0.0004979,285683493.0,2026-05-27 04:00:00+00:00
1779868800000,0.0004978,0.0004994,0.0004935,0.0004946,213134091.0,2026-05-27 08:00:00+00:00
1779883200000,0.0004946,0.0005034,0.000493,0.0005017,401213367.0,2026-05-27 12:00:00+00:00
1779897600000,0.0005016,0.000503,0.0004942,0.0004995,318332123.0,2026-05-27 16:00:00+00:00
1779912000000,0.0004994,0.0005023,0.0004884,0.0004905,363810186.0,2026-05-27 20:00:00+00:00
1779926400000,0.0004904,0.0004925,0.0004751,0.0004766,562934548.0,2026-05-28 00:00:00+00:00
1779940800000,0.0004766,0.0004786,0.000468,0.0004733,554633454.0,2026-05-28 04:00:00+00:00
1779955200000,0.0004732,0.0004732,0.0004683,0.0004688,184293688.0,2026-05-28 08:00:00+00:00
1779969600000,0.000469,0.0004735,0.0004652,0.0004712,303384932.0,2026-05-28 12:00:00+00:00
1779984000000,0.0004711,0.0004828,0.00047,0.0004776,247246792.0,2026-05-28 16:00:00+00:00
1779998400000,0.0004779,0.0004819,0.0004758,0.0004774,208094883.0,2026-05-28 20:00:00+00:00
1780012800000,0.0004775,0.0004798,0.0004732,0.0004742,206203657.0,2026-05-29 00:00:00+00:00
1780027200000,0.0004741,0.0004789,0.0004726,0.0004772,192457996.0,2026-05-29 04:00:00+00:00
1780041600000,0.0004769,0.0004778,0.0004728,0.0004749,167841006.0,2026-05-29 08:00:00+00:00
1780056000000,0.0004748,0.0004842,0.0004667,0.0004815,499575661.0,2026-05-29 12:00:00+00:00
1780070400000,0.0004815,0.0004836,0.000474,0.000477,305665667.0,2026-05-29 16:00:00+00:00
1780084800000,0.0004771,0.0004799,0.0004752,0.0004794,260534059.0,2026-05-29 20:00:00+00:00
1780099200000,0.0004796,0.0005907,0.0004796,0.0005669,23242608590.0,2026-05-30 00:00:00+00:00
1780113600000,0.000567,0.0006634,0.0005421,0.000637,49324665862.0,2026-05-30 04:00:00+00:00
1780128000000,0.000637,0.00067,0.0005712,0.0005753,40861047605.0,2026-05-30 08:00:00+00:00
1780142400000,0.0005756,0.0005846,0.0005638,0.000571,20035257817.0,2026-05-30 12:00:00+00:00
1780156800000,0.000571,0.0005805,0.0005553,0.0005628,9291480934.0,2026-05-30 16:00:00+00:00
1780171200000,0.000563,0.0005737,0.0005384,0.0005531,9182163631.0,2026-05-30 20:00:00+00:00
1780185600000,0.000553,0.0005738,0.0005357,0.0005414,13284880858.0,2026-05-31 00:00:00+00:00
1780200000000,0.0005412,0.0005479,0.0005269,0.0005295,4783554264.0,2026-05-31 04:00:00+00:00
1780214400000,0.0005292,0.0005314,0.000515,0.0005208,5530599997.0,2026-05-31 08:00:00+00:00
1780228800000,0.0005208,0.000527,0.0005112,0.0005161,3504742391.0,2026-05-31 12:00:00+00:00
1780243200000,0.0005162,0.0005185,0.0005105,0.0005119,1720268385.0,2026-05-31 16:00:00+00:00
1780257600000,0.0005117,0.0005199,0.0005115,0.0005165,1432836806.0,2026-05-31 20:00:00+00:00
1780272000000,0.0005163,0.0005194,0.0004994,0.0005056,4331041372.0,2026-06-01 00:00:00+00:00
1780286400000,0.0005055,0.0005067,0.0004885,0.0004888,2716581347.0,2026-06-01 04:00:00+00:00
1780300800000,0.0004891,0.0004982,0.0004885,0.000495,1595387820.0,2026-06-01 08:00:00+00:00
1780315200000,0.0004954,0.0005013,0.0004924,0.0004951,1276014304.0,2026-06-01 12:00:00+00:00
1780329600000,0.0004951,0.0005035,0.0004944,0.0005,683714408.0,2026-06-01 16:00:00+00:00
1780344000000,0.0005001,0.0005002,0.0004922,0.0004953,762968569.0,2026-06-01 20:00:00+00:00
1780358400000,0.0004953,0.0004954,0.0004832,0.0004879,1503851685.0,2026-06-02 00:00:00+00:00
1780372800000,0.000488,0.0004885,0.0004807,0.0004844,886100896.0,2026-06-02 04:00:00+00:00
1780387200000,0.0004845,0.0004863,0.0004793,0.0004795,683576182.0,2026-06-02 08:00:00+00:00
1780401600000,0.0004796,0.0004805,0.000453,0.0004552,2409331190.0,2026-06-02 12:00:00+00:00
1780416000000,0.0004553,0.0004641,0.0004457,0.000455,1575889488.0,2026-06-02 16:00:00+00:00
1780430400000,0.0004549,0.0004605,0.000443,0.0004535,1229592991.0,2026-06-02 20:00:00+00:00
1780444800000,0.0004536,0.0004607,0.0004492,0.0004496,996999262.0,2026-06-03 00:00:00+00:00
1780459200000,0.0004494,0.0004685,0.0004494,0.0004629,718072267.0,2026-06-03 04:00:00+00:00
1780473600000,0.0004629,0.0004691,0.0004599,0.0004629,784089591.0,2026-06-03 08:00:00+00:00
1780488000000,0.0004627,0.0004658,0.0004593,0.0004632,651381817.0,2026-06-03 12:00:00+00:00
1780502400000,0.0004632,0.0004649,0.000455,0.0004598,688809669.0,2026-06-03 16:00:00+00:00
1780516800000,0.0004598,0.0004671,0.0004529,0.0004601,546967524.0,2026-06-03 20:00:00+00:00
1780531200000,0.0004599,0.0004626,0.0004219,0.0004503,1681662883.0,2026-06-04 00:00:00+00:00
1780545600000,0.0004503,0.000454,0.0004412,0.0004454,1022131929.0,2026-06-04 04:00:00+00:00
1780560000000,0.0004454,0.0004554,0.0004386,0.0004521,1432152165.0,2026-06-04 08:00:00+00:00
1780574400000,0.0004521,0.0004598,0.000449,0.0004546,1093835802.0,2026-06-04 12:00:00+00:00
1780588800000,0.0004546,0.0004553,0.0004475,0.0004486,792130546.0,2026-06-04 16:00:00+00:00
1780603200000,0.0004485,0.000449,0.000435,0.0004402,1057931076.0,2026-06-04 20:00:00+00:00
1780617600000,0.0004402,0.0004414,0.0004202,0.000422,1344092736.0,2026-06-05 00:00:00+00:00
1780632000000,0.0004221,0.0004311,0.0004027,0.0004141,1420796576.0,2026-06-05 04:00:00+00:00
1780646400000,0.0004142,0.0004182,0.0004075,0.0004099,847007657.0,2026-06-05 08:00:00+00:00
1780660800000,0.0004099,0.0004185,0.0003995,0.0004023,1044756257.0,2026-06-05 12:00:00+00:00
1780675200000,0.0004019,0.0004128,0.0003858,0.0003953,1714433086.0,2026-06-05 16:00:00+00:00
1780689600000,0.0003953,0.0004085,0.0003926,0.0004001,923320325.0,2026-06-05 20:00:00+00:00
1780704000000,0.0004002,0.0004054,0.0003913,0.0003942,665483424.0,2026-06-06 00:00:00+00:00
1780718400000,0.0003941,0.0003957,0.0003743,0.0003902,1266177884.0,2026-06-06 04:00:00+00:00
1780732800000,0.00039,0.0004005,0.0003878,0.0003939,508131312.0,2026-06-06 08:00:00+00:00
1780747200000,0.0003939,0.0004001,0.0003918,0.0003961,450422927.0,2026-06-06 12:00:00+00:00
1780761600000,0.0003961,0.0003986,0.0003916,0.0003923,396813206.0,2026-06-06 16:00:00+00:00
1780776000000,0.0003922,0.0003966,0.0003914,0.0003957,283643390.0,2026-06-06 20:00:00+00:00
1780790400000,0.0003957,0.0004024,0.000393,0.0003953,573308200.0,2026-06-07 00:00:00+00:00
1780804800000,0.0003953,0.000401,0.0003929,0.0003988,485910992.0,2026-06-07 04:00:00+00:00
1780819200000,0.0003987,0.0004069,0.0003972,0.0004013,435403781.0,2026-06-07 08:00:00+00:00
1780833600000,0.0004011,0.0004011,0.0003921,0.0003965,534458124.0,2026-06-07 12:00:00+00:00
1780848000000,0.0003966,0.0003997,0.000384,0.0003867,615538166.0,2026-06-07 16:00:00+00:00
1780862400000,0.0003864,0.0004075,0.0003853,0.0004006,850949513.0,2026-06-07 20:00:00+00:00
1780876800000,0.0004005,0.0004038,0.0003949,0.0003989,694808296.0,2026-06-08 00:00:00+00:00
1780891200000,0.000399,0.0003995,0.0003922,0.0003987,366457421.0,2026-06-08 04:00:00+00:00
1780905600000,0.0003987,0.0004083,0.000395,0.0004053,580262477.0,2026-06-08 08:00:00+00:00
1780920000000,0.0004053,0.0004082,0.0004018,0.0004047,491297007.0,2026-06-08 12:00:00+00:00
1780934400000,0.0004047,0.0004084,0.0004025,0.0004028,317722977.0,2026-06-08 16:00:00+00:00
1780948800000,0.0004029,0.0004074,0.0003975,0.0003994,376828774.0,2026-06-08 20:00:00+00:00
1780963200000,0.0003994,0.0003995,0.0003848,0.0003876,494479227.0,2026-06-09 00:00:00+00:00
1780977600000,0.0003876,0.0003952,0.0003854,0.0003945,397006868.0,2026-06-09 04:00:00+00:00
1780992000000,0.0003946,0.000397,0.0003904,0.0003937,379426541.0,2026-06-09 08:00:00+00:00
1781006400000,0.0003939,0.0004038,0.000386,0.0003883,845155963.0,2026-06-09 12:00:00+00:00
1781020800000,0.0003883,0.0003945,0.0003836,0.0003939,462142389.0,2026-06-09 16:00:00+00:00
1781035200000,0.0003941,0.0003976,0.0003903,0.0003926,998407281.0,2026-06-09 20:00:00+00:00
1781049600000,0.0003928,0.0003943,0.0003834,0.0003854,499874366.0,2026-06-10 00:00:00+00:00
1781064000000,0.0003854,0.0003862,0.0003791,0.0003843,568859810.0,2026-06-10 04:00:00+00:00
1781078400000,0.0003846,0.0003847,0.0003778,0.0003792,495953867.0,2026-06-10 08:00:00+00:00
1781092800000,0.000379,0.0003949,0.000378,0.0003921,689138485.0,2026-06-10 12:00:00+00:00
1781107200000,0.0003922,0.0003927,0.0003826,0.0003834,393117677.0,2026-06-10 16:00:00+00:00
1781121600000,0.0003834,0.000385,0.0003755,0.0003831,396980656.0,2026-06-10 20:00:00+00:00
1781136000000,0.0003829,0.0003984,0.0003823,0.0003977,848213942.0,2026-06-11 00:00:00+00:00
1781150400000,0.0003976,0.0004028,0.0003947,0.0003955,558245295.0,2026-06-11 04:00:00+00:00
1781164800000,0.0003955,0.0003998,0.0003919,0.0003949,713450006.0,2026-06-11 08:00:00+00:00
1781179200000,0.0003949,0.0003972,0.0003893,0.0003953,335973847.0,2026-06-11 12:00:00+00:00
1781193600000,0.0003954,0.0004034,0.0003914,0.0003995,418351653.0,2026-06-11 16:00:00+00:00
1781208000000,0.0003995,0.0004012,0.0003965,0.0003976,245385587.0,2026-06-11 20:00:00+00:00
1781222400000,0.0003977,0.0004027,0.0003953,0.0003973,304163628.0,2026-06-12 00:00:00+00:00
1781236800000,0.0003971,0.0003978,0.0003904,0.0003936,282853794.0,2026-06-12 04:00:00+00:00
1781251200000,0.0003936,0.0003985,0.0003935,0.0003952,279910335.0,2026-06-12 08:00:00+00:00
1781265600000,0.000395,0.0004019,0.0003923,0.0003949,399502597.0,2026-06-12 12:00:00+00:00
1781280000000,0.0003948,0.0003975,0.0003922,0.0003934,247940234.0,2026-06-12 16:00:00+00:00
1781294400000,0.0003932,0.0003943,0.0003902,0.0003929,168544090.0,2026-06-12 20:00:00+00:00
1781308800000,0.000393,0.0003969,0.0003906,0.0003919,315350348.0,2026-06-13 00:00:00+00:00
1781323200000,0.0003917,0.0003997,0.0003901,0.0003988,254275784.0,2026-06-13 04:00:00+00:00
1781337600000,0.0003989,0.0004029,0.0003977,0.0004,327821643.0,2026-06-13 08:00:00+00:00
1781352000000,0.0004003,0.0004039,0.000399,0.0004037,309988864.0,2026-06-13 12:00:00+00:00
1781366400000,0.000404,0.0004046,0.0003996,0.0004015,418475162.0,2026-06-13 16:00:00+00:00
1781380800000,0.0004017,0.0004051,0.0003999,0.0004007,378323826.0,2026-06-13 20:00:00+00:00
1781395200000,0.0004009,0.0004012,0.0003975,0.0003991,354825559.0,2026-06-14 00:00:00+00:00
1781409600000,0.0003992,0.000402,0.000396,0.0003968,350765185.0,2026-06-14 04:00:00+00:00
1781424000000,0.0003969,0.0003999,0.000396,0.0003978,202239403.0,2026-06-14 08:00:00+00:00
1781438400000,0.0003978,0.0003996,0.0003911,0.0003936,242274910.0,2026-06-14 12:00:00+00:00
1781452800000,0.0003935,0.0003948,0.0003888,0.0003915,291652549.0,2026-06-14 16:00:00+00:00
1781467200000,0.0003914,0.0004078,0.0003907,0.000407,504498625.0,2026-06-14 20:00:00+00:00
1781481600000,0.0004071,0.000409,0.0004036,0.0004062,360948060.0,2026-06-15 00:00:00+00:00
1781496000000,0.0004063,0.0004069,0.0004041,0.0004044,155753590.0,2026-06-15 04:00:00+00:00
1781510400000,0.0004044,0.0004146,0.0004036,0.0004134,391831201.0,2026-06-15 08:00:00+00:00
1781524800000,0.0004134,0.0004204,0.0004121,0.0004189,395987161.0,2026-06-15 12:00:00+00:00
1781539200000,0.000419,0.0004207,0.0004124,0.0004133,465977561.0,2026-06-15 16:00:00+00:00
1781553600000,0.0004137,0.0004159,0.0004085,0.0004128,366281720.0,2026-06-15 20:00:00+00:00
1781568000000,0.0004127,0.0004154,0.0004037,0.000412,502365875.0,2026-06-16 00:00:00+00:00
1781582400000,0.0004118,0.0004152,0.0004088,0.0004128,227591328.0,2026-06-16 04:00:00+00:00
1781596800000,0.0004127,0.0004174,0.0004123,0.0004137,263708755.0,2026-06-16 08:00:00+00:00
1781611200000,0.0004139,0.0004171,0.0004013,0.0004064,464568134.0,2026-06-16 12:00:00+00:00
1781625600000,0.0004066,0.0004127,0.000405,0.0004087,276467067.0,2026-06-16 16:00:00+00:00
1781640000000,0.0004086,0.0004116,0.0004071,0.0004078,173828318.0,2026-06-16 20:00:00+00:00
1781654400000,0.0004079,0.0004149,0.0004079,0.0004106,248421138.0,2026-06-17 00:00:00+00:00
1781668800000,0.0004105,0.0004122,0.0004082,0.0004104,183854251.0,2026-06-17 04:00:00+00:00
1781683200000,0.0004102,0.0004103,0.0004053,0.000407,218498917.0,2026-06-17 08:00:00+00:00
1781697600000,0.000407,0.0004147,0.000406,0.0004145,229411669.0,2026-06-17 12:00:00+00:00
1781712000000,0.0004147,0.0004172,0.0004017,0.0004038,479676248.0,2026-06-17 16:00:00+00:00
1781726400000,0.0004037,0.0004071,0.0003992,0.0004064,259363068.0,2026-06-17 20:00:00+00:00
1781740800000,0.0004064,0.0004087,0.0004023,0.0004026,252299462.0,2026-06-18 00:00:00+00:00
1781755200000,0.0004027,0.0004032,0.0003963,0.0004002,265137118.0,2026-06-18 04:00:00+00:00
1781769600000,0.0003999,0.0004007,0.0003946,0.0003949,283402190.0,2026-06-18 08:00:00+00:00
1781784000000,0.0003948,0.0003974,0.0003807,0.0003812,698572930.0,2026-06-18 12:00:00+00:00
1781798400000,0.0003814,0.0003903,0.0003811,0.0003896,402304667.0,2026-06-18 16:00:00+00:00
1781812800000,0.0003896,0.0003936,0.0003874,0.0003908,241874009.0,2026-06-18 20:00:00+00:00
1781827200000,0.0003906,0.0003939,0.0003853,0.000388,289659501.0,2026-06-19 00:00:00+00:00
1781841600000,0.000388,0.0003898,0.0003845,0.0003861,195483419.0,2026-06-19 04:00:00+00:00
1781856000000,0.0003861,0.0003885,0.0003842,0.0003865,206011348.0,2026-06-19 08:00:00+00:00
1781870400000,0.0003865,0.0003936,0.0003843,0.0003885,377944128.0,2026-06-19 12:00:00+00:00
1781884800000,0.0003886,0.0003906,0.0003854,0.000387,226023269.0,2026-06-19 16:00:00+00:00
1781899200000,0.000387,0.0003889,0.0003855,0.000388,140644282.0,2026-06-19 20:00:00+00:00
1781913600000,0.0003878,0.0003895,0.0003825,0.0003841,185195586.0,2026-06-20 00:00:00+00:00
1781928000000,0.0003841,0.0003911,0.0003836,0.000388,290054166.0,2026-06-20 04:00:00+00:00
1781942400000,0.0003881,0.0003919,0.0003869,0.0003905,188646914.0,2026-06-20 08:00:00+00:00
1781956800000,0.0003906,0.0003947,0.0003855,0.0003933,314966369.0,2026-06-20 12:00:00+00:00
1781971200000,0.0003935,0.0003936,0.0003892,0.0003915,142218278.0,2026-06-20 16:00:00+00:00
1781985600000,0.0003914,0.000396,0.00039,0.0003945,172752125.0,2026-06-20 20:00:00+00:00
1782000000000,0.0003947,0.0003992,0.0003937,0.000396,287148261.0,2026-06-21 00:00:00+00:00
1782014400000,0.0003961,0.0003961,0.0003924,0.0003944,205026550.0,2026-06-21 04:00:00+00:00
1782028800000,0.0003943,0.000396,0.0003925,0.0003931,156093244.0,2026-06-21 08:00:00+00:00
1782043200000,0.0003931,0.0003962,0.0003927,0.0003946,149289904.0,2026-06-21 12:00:00+00:00
1782057600000,0.0003945,0.000396,0.0003924,0.0003939,136637389.0,2026-06-21 16:00:00+00:00
1782072000000,0.0003941,0.0003941,0.000385,0.0003856,281574499.0,2026-06-21 20:00:00+00:00
1782086400000,0.0003857,0.0003961,0.0003854,0.0003906,232921289.0,2026-06-22 00:00:00+00:00
1782100800000,0.0003905,0.0003926,0.0003895,0.0003915,162539194.0,2026-06-22 04:00:00+00:00
1782115200000,0.0003914,0.0003953,0.0003895,0.0003947,179059713.0,2026-06-22 08:00:00+00:00
1782129600000,0.0003947,0.0004018,0.0003944,0.000398,395148799.0,2026-06-22 12:00:00+00:00
1782144000000,0.0003983,0.0003996,0.0003929,0.0003942,275637396.0,2026-06-22 16:00:00+00:00
1782158400000,0.0003939,0.0003953,0.000387,0.0003902,187402659.0,2026-06-22 20:00:00+00:00
1782172800000,0.0003902,0.0003906,0.0003854,0.0003871,302966110.0,2026-06-23 00:00:00+00:00
1782187200000,0.000387,0.0003877,0.0003743,0.0003745,424054739.0,2026-06-23 04:00:00+00:00
1782201600000,0.0003745,0.0003766,0.0003636,0.0003725,599127360.0,2026-06-23 08:00:00+00:00
1782216000000,0.0003723,0.0003764,0.0003697,0.0003731,254968173.0,2026-06-23 12:00:00+00:00
1782230400000,0.0003729,0.0003757,0.000371,0.0003729,233640116.0,2026-06-23 16:00:00+00:00
1782244800000,0.0003729,0.0003773,0.0003727,0.0003754,224687467.0,2026-06-23 20:00:00+00:00
1782259200000,0.0003754,0.0003766,0.0003739,0.0003743,223103617.0,2026-06-24 00:00:00+00:00
1782273600000,0.0003743,0.0003769,0.0003714,0.0003735,192282846.0,2026-06-24 04:00:00+00:00
1782288000000,0.0003737,0.0003747,0.0003664,0.0003732,252374235.0,2026-06-24 08:00:00+00:00
1782302400000,0.0003733,0.0003743,0.0003599,0.0003609,520742693.0,2026-06-24 12:00:00+00:00
1782316800000,0.0003608,0.0003672,0.0003498,0.0003598,812803602.0,2026-06-24 16:00:00+00:00
1782331200000,0.00036,0.0003691,0.0003593,0.0003664,288276848.0,2026-06-24 20:00:00+00:00
1782345600000,0.0003665,0.0003679,0.0003619,0.0003634,217039585.0,2026-06-25 00:00:00+00:00
1782360000000,0.0003634,0.0003694,0.000362,0.0003672,175669605.0,2026-06-25 04:00:00+00:00
1782374400000,0.0003672,0.0003678,0.0003624,0.0003633,253777961.0,2026-06-25 08:00:00+00:00
1782388800000,0.0003633,0.0003657,0.0003395,0.0003516,944201603.0,2026-06-25 12:00:00+00:00
1782403200000,0.0003517,0.0003568,0.0003499,0.0003532,357103672.0,2026-06-25 16:00:00+00:00
1782417600000,0.0003534,0.0003573,0.0003513,0.0003559,214845956.0,2026-06-25 20:00:00+00:00
1782432000000,0.000356,0.0003561,0.0003424,0.0003536,458539779.0,2026-06-26 00:00:00+00:00
1782446400000,0.0003536,0.0003639,0.0003499,0.0003623,445031088.0,2026-06-26 04:00:00+00:00
1782460800000,0.0003623,0.0003626,0.0003544,0.0003552,257295221.0,2026-06-26 08:00:00+00:00
1782475200000,0.0003552,0.0003642,0.0003498,0.0003636,463695080.0,2026-06-26 12:00:00+00:00
1782489600000,0.0003638,0.0003682,0.0003616,0.000362,254203521.0,2026-06-26 16:00:00+00:00
1782504000000,0.0003618,0.0003654,0.0003606,0.0003635,225321513.0,2026-06-26 20:00:00+00:00
1782518400000,0.0003636,0.0003664,0.0003621,0.0003649,283315915.0,2026-06-27 00:00:00+00:00
1782532800000,0.0003648,0.0003673,0.0003624,0.0003636,242753649.0,2026-06-27 04:00:00+00:00
1782547200000,0.0003638,0.000367,0.0003619,0.0003651,233499931.0,2026-06-27 08:00:00+00:00
1782561600000,0.0003652,0.0003677,0.000364,0.0003667,164623346.0,2026-06-27 12:00:00+00:00
1782576000000,0.0003668,0.0003672,0.0003591,0.0003604,198187213.0,2026-06-27 16:00:00+00:00
1782590400000,0.0003605,0.0003631,0.0003569,0.0003598,175121154.0,2026-06-27 20:00:00+00:00
1782604800000,0.0003599,0.0003655,0.0003579,0.0003631,438721210.0,2026-06-28 00:00:00+00:00
1782619200000,0.0003631,0.0003692,0.0003611,0.0003661,474774173.0,2026-06-28 04:00:00+00:00
1782633600000,0.0003661,0.0003686,0.0003626,0.0003651,212576434.0,2026-06-28 08:00:00+00:00
1782648000000,0.0003651,0.0003678,0.0003614,0.0003651,238653120.0,2026-06-28 12:00:00+00:00
1782662400000,0.0003651,0.0003651,0.0003588,0.0003607,164581729.0,2026-06-28 16:00:00+00:00
1782676800000,0.0003604,0.0003622,0.0003539,0.00036,184372561.0,2026-06-28 20:00:00+00:00
1782691200000,0.00036,0.0003681,0.000356,0.000366,254998059.0,2026-06-29 00:00:00+00:00
1782705600000,0.0003662,0.0003662,0.0003599,0.0003632,167573132.0,2026-06-29 04:00:00+00:00
1782720000000,0.0003631,0.0003656,0.0003613,0.000363,151658747.0,2026-06-29 08:00:00+00:00
1782734400000,0.000363,0.0003677,0.0003572,0.0003621,248642414.0,2026-06-29 12:00:00+00:00
1782748800000,0.0003622,0.0003696,0.0003606,0.0003641,327062684.0,2026-06-29 16:00:00+00:00
1782763200000,0.0003641,0.0003649,0.0003608,0.0003617,114808082.0,2026-06-29 20:00:00+00:00
1782777600000,0.0003618,0.0003621,0.000354,0.0003565,241648453.0,2026-06-30 00:00:00+00:00
1782792000000,0.0003568,0.0003592,0.0003557,0.0003582,154579988.0,2026-06-30 04:00:00+00:00
1782806400000,0.0003581,0.0003584,0.0003516,0.0003517,183742113.0,2026-06-30 08:00:00+00:00
1782820800000,0.0003518,0.0003561,0.0003489,0.0003538,337968198.0,2026-06-30 12:00:00+00:00
1782835200000,0.0003538,0.0003567,0.0003526,0.0003547,144270586.0,2026-06-30 16:00:00+00:00
1782849600000,0.0003546,0.0003549,0.0003493,0.000351,132328289.0,2026-06-30 20:00:00+00:00
1782864000000,0.0003511,0.0003541,0.0003426,0.0003532,374204533.0,2026-07-01 00:00:00+00:00
1782878400000,0.0003533,0.0003549,0.0003474,0.0003506,233361113.0,2026-07-01 04:00:00+00:00
1782892800000,0.0003504,0.0003534,0.000349,0.0003519,210073922.0,2026-07-01 08:00:00+00:00
1782907200000,0.0003517,0.0003632,0.0003476,0.0003613,419790016.0,2026-07-01 12:00:00+00:00
1782921600000,0.0003612,0.0003637,0.0003587,0.0003597,241738575.0,2026-07-01 16:00:00+00:00
1782936000000,0.0003595,0.0003679,0.0003591,0.0003612,344837801.0,2026-07-01 20:00:00+00:00
1782950400000,0.0003615,0.000366,0.0003599,0.0003654,284689524.0,2026-07-02 00:00:00+00:00
1782964800000,0.0003656,0.0003656,0.0003602,0.000363,167378539.0,2026-07-02 04:00:00+00:00
1782979200000,0.0003628,0.0003687,0.0003624,0.0003657,230407018.0,2026-07-02 08:00:00+00:00
1782993600000,0.0003657,0.0003704,0.0003652,0.0003662,272199405.0,2026-07-02 12:00:00+00:00
1783008000000,0.0003662,0.0003668,0.0003627,0.0003639,232721916.0,2026-07-02 16:00:00+00:00
1783022400000,0.0003639,0.0003661,0.000363,0.0003659,126639716.0,2026-07-02 20:00:00+00:00
1783036800000,0.0003659,0.0003691,0.0003648,0.0003682,208652304.0,2026-07-03 00:00:00+00:00
1783051200000,0.0003681,0.0003704,0.0003635,0.0003679,496880037.0,2026-07-03 04:00:00+00:00
1783065600000,0.0003681,0.0003742,0.0003668,0.0003734,293942409.0,2026-07-03 08:00:00+00:00
1783080000000,0.0003734,0.0003759,0.000372,0.0003736,218901708.0,2026-07-03 12:00:00+00:00
1783094400000,0.0003736,0.0003781,0.0003725,0.0003765,146246114.0,2026-07-03 16:00:00+00:00
1783108800000,0.0003765,0.0003795,0.0003762,0.0003779,199705621.0,2026-07-03 20:00:00+00:00
1783123200000,0.0003779,0.0004157,0.000371,0.0003745,7636133701.0,2026-07-04 00:00:00+00:00
1783137600000,0.0003744,0.0003773,0.0003713,0.0003733,499282068.0,2026-07-04 04:00:00+00:00
1783152000000,0.0003733,0.0003784,0.0003718,0.0003781,485412109.0,2026-07-04 08:00:00+00:00
1783166400000,0.0003781,0.0003847,0.0003754,0.0003823,736186330.0,2026-07-04 12:00:00+00:00
1783180800000,0.0003822,0.0003831,0.0003794,0.0003799,388817037.0,2026-07-04 16:00:00+00:00
1783195200000,0.0003797,0.0003801,0.0003763,0.000378,218488349.0,2026-07-04 20:00:00+00:00
1783209600000,0.0003781,0.0003842,0.0003674,0.0003686,1039508947.0,2026-07-05 00:00:00+00:00
1783224000000,0.0003685,0.000371,0.0003654,0.000369,222377254.0,2026-07-05 04:00:00+00:00
1783238400000,0.000369,0.000371,0.0003645,0.0003675,362906136.0,2026-07-05 08:00:00+00:00
1783252800000,0.0003676,0.00037,0.0003661,0.0003682,169947687.0,2026-07-05 12:00:00+00:00
1783267200000,0.0003681,0.0003703,0.0003675,0.0003692,166220379.0,2026-07-05 16:00:00+00:00
1783281600000,0.0003692,0.0003753,0.0003683,0.0003731,441014679.0,2026-07-05 20:00:00+00:00
1783296000000,0.0003734,0.0003794,0.0003706,0.0003712,605590462.0,2026-07-06 00:00:00+00:00
1783310400000,0.0003712,0.0003745,0.0003681,0.0003693,577005624.0,2026-07-06 04:00:00+00:00
1783324800000,0.0003693,0.0003704,0.000367,0.0003676,408657548.0,2026-07-06 08:00:00+00:00
1783339200000,0.0003677,0.0003734,0.000361,0.0003734,685028227.0,2026-07-06 12:00:00+00:00
1783353600000,0.0003734,0.0003768,0.0003726,0.0003762,335385662.0,2026-07-06 16:00:00+00:00
1783368000000,0.0003762,0.0003824,0.000375,0.0003793,562102667.0,2026-07-06 20:00:00+00:00
1783382400000,0.0003796,0.0003807,0.0003743,0.0003747,266090651.0,2026-07-07 00:00:00+00:00
1783396800000,0.0003747,0.0003763,0.0003722,0.0003735,210699080.0,2026-07-07 04:00:00+00:00
1783411200000,0.0003734,0.0003762,0.0003729,0.0003755,181745434.0,2026-07-07 08:00:00+00:00
1783425600000,0.0003754,0.000377,0.0003705,0.000376,353651371.0,2026-07-07 12:00:00+00:00
1783440000000,0.000376,0.0003763,0.000367,0.0003693,288847513.0,2026-07-07 16:00:00+00:00
1783454400000,0.0003695,0.0003702,0.000365,0.0003652,142944083.0,2026-07-07 20:00:00+00:00
1783468800000,0.0003655,0.0003677,0.0003578,0.0003603,475966704.0,2026-07-08 00:00:00+00:00
1783483200000,0.0003601,0.0003622,0.0003574,0.0003611,249660688.0,2026-07-08 04:00:00+00:00
1783497600000,0.0003612,0.0003617,0.0003544,0.0003601,409967335.0,2026-07-08 08:00:00+00:00
1783512000000,0.0003601,0.0003616,0.0003567,0.0003582,338218199.0,2026-07-08 12:00:00+00:00
1783526400000,0.0003581,0.0003627,0.0003577,0.0003603,444671628.0,2026-07-08 16:00:00+00:00
1783540800000,0.0003601,0.0003626,0.0003586,0.0003624,218035356.0,2026-07-08 20:00:00+00:00
1783555200000,0.0003625,0.0003639,0.0003567,0.000359,285165141.0,2026-07-09 00:00:00+00:00
1783569600000,0.0003591,0.0003639,0.0003587,0.0003625,194229092.0,2026-07-09 04:00:00+00:00
1783584000000,0.0003625,0.0003641,0.0003617,0.0003632,165564232.0,2026-07-09 08:00:00+00:00
1783598400000,0.0003632,0.0003642,0.0003615,0.0003621,211122139.0,2026-07-09 12:00:00+00:00
1783612800000,0.0003619,0.0003656,0.000361,0.0003636,215469119.0,2026-07-09 16:00:00+00:00
1783627200000,0.0003636,0.000365,0.0003631,0.0003639,82773433.0,2026-07-09 20:00:00+00:00
1783641600000,0.0003641,0.0003706,0.0003631,0.0003684,351825541.0,2026-07-10 00:00:00+00:00
1783656000000,0.0003684,0.0003692,0.0003668,0.0003677,207145310.0,2026-07-10 04:00:00+00:00
1783670400000,0.0003677,0.0003701,0.0003671,0.0003679,315266771.0,2026-07-10 08:00:00+00:00
1783684800000,0.0003681,0.0003694,0.0003639,0.0003673,279042881.0,2026-07-10 12:00:00+00:00
1783699200000,0.0003674,0.0003681,0.0003656,0.0003661,122951956.0,2026-07-10 16:00:00+00:00
1783713600000,0.0003663,0.0003685,0.0003654,0.0003672,199223755.0,2026-07-10 20:00:00+00:00
1783728000000,0.0003671,0.0003687,0.0003664,0.0003684,105981713.0,2026-07-11 00:00:00+00:00
1783742400000,0.0003682,0.0003689,0.000367,0.0003688,126964080.0,2026-07-11 04:00:00+00:00
1783756800000,0.0003686,0.0003731,0.0003683,0.0003724,264854049.0,2026-07-11 08:00:00+00:00
1783771200000,0.0003725,0.000379,0.0003724,0.0003753,783152934.0,2026-07-11 12:00:00+00:00
1783785600000,0.0003752,0.0003766,0.0003738,0.0003752,138517448.0,2026-07-11 16:00:00+00:00
1783800000000,0.0003752,0.000377,0.0003694,0.0003698,297001913.0,2026-07-11 20:00:00+00:00
1783814400000,0.0003697,0.0003736,0.0003673,0.0003723,315021873.0,2026-07-12 00:00:00+00:00
1783828800000,0.0003723,0.0003732,0.0003676,0.0003688,190237860.0,2026-07-12 04:00:00+00:00
1783843200000,0.0003687,0.0003781,0.0003687,0.0003747,631387622.0,2026-07-12 08:00:00+00:00
1783857600000,0.0003746,0.0003758,0.0003697,0.0003705,293663039.0,2026-07-12 12:00:00+00:00
1783872000000,0.0003704,0.000371,0.0003688,0.0003702,168339197.0,2026-07-12 16:00:00+00:00
1783886400000,0.0003701,0.0003702,0.0003637,0.0003653,264297870.0,2026-07-12 20:00:00+00:00
1783900800000,0.0003652,0.0003705,0.0003567,0.0003589,463303595.0,2026-07-13 00:00:00+00:00
1783915200000,0.0003587,0.0003664,0.0003571,0.0003642,411914106.0,2026-07-13 04:00:00+00:00
1783929600000,0.0003642,0.0003674,0.000364,0.0003648,272140866.0,2026-07-13 08:00:00+00:00
1783944000000,0.0003648,0.000366,0.0003627,0.000365,283974968.0,2026-07-13 12:00:00+00:00
1783958400000,0.000365,0.0003652,0.0003597,0.000362,234193614.0,2026-07-13 16:00:00+00:00
1783972800000,0.000362,0.0003644,0.0003581,0.000364,236037246.0,2026-07-13 20:00:00+00:00
1783987200000,0.000364,0.0003663,0.0003618,0.0003633,236181774.0,2026-07-14 00:00:00+00:00
1784001600000,0.0003632,0.000366,0.000363,0.0003634,320807668.0,2026-07-14 04:00:00+00:00
1784016000000,0.0003634,0.0003648,0.000363,0.0003642,132079594.0,2026-07-14 08:00:00+00:00
1784030400000,0.0003643,0.0003756,0.0003635,0.0003736,423409220.0,2026-07-14 12:00:00+00:00
1784044800000,0.0003736,0.0003742,0.0003704,0.0003718,265839461.0,2026-07-14 16:00:00+00:00
1784059200000,0.0003718,0.0003723,0.0003691,0.000372,193828909.0,2026-07-14 20:00:00+00:00
1784073600000,0.0003721,0.0003732,0.0003701,0.0003722,196002649.0,2026-07-15 00:00:00+00:00
1784088000000,0.000372,0.0003745,0.0003702,0.0003718,165050925.0,2026-07-15 04:00:00+00:00
1784102400000,0.0003718,0.0003743,0.0003716,0.000373,121904867.0,2026-07-15 08:00:00+00:00
1784116800000,0.0003731,0.0003785,0.000373,0.0003751,282664567.0,2026-07-15 12:00:00+00:00
1784131200000,0.0003751,0.0003762,0.0003723,0.0003743,259242442.0,2026-07-15 16:00:00+00:00
1784145600000,0.0003744,0.0003766,0.000374,0.000375,154368980.0,2026-07-15 20:00:00+00:00
1784160000000,0.0003748,0.0003766,0.0003738,0.000375,125105438.0,2026-07-16 00:00:00+00:00
1784174400000,0.0003749,0.0003769,0.0003726,0.0003741,208593806.0,2026-07-16 04:00:00+00:00
1784188800000,0.0003741,0.0003741,0.0003701,0.0003717,238262485.0,2026-07-16 08:00:00+00:00
1784203200000,0.0003717,0.0003732,0.0003696,0.0003724,178798158.0,2026-07-16 12:00:00+00:00
1784217600000,0.0003723,0.0003725,0.0003684,0.0003693,111775514.0,2026-07-16 16:00:00+00:00
1784232000000,0.0003691,0.0003717,0.0003659,0.0003675,136541062.0,2026-07-16 20:00:00+00:00
1784246400000,0.0003676,0.00037,0.0003651,0.0003671,178694156.0,2026-07-17 00:00:00+00:00
1784260800000,0.0003669,0.0003669,0.0003626,0.000363,135505044.0,2026-07-17 04:00:00+00:00
1784275200000,0.000363,0.000365,0.0003612,0.0003645,150072001.0,2026-07-17 08:00:00+00:00
1784289600000,0.0003646,0.0003657,0.0003595,0.0003653,320329973.0,2026-07-17 12:00:00+00:00
1784304000000,0.0003653,0.0003693,0.000364,0.0003659,346108553.0,2026-07-17 16:00:00+00:00
1784318400000,0.0003659,0.0003672,0.000365,0.000366,142442341.0,2026-07-17 20:00:00+00:00
1784332800000,0.0003659,0.0003757,0.0003624,0.0003648,1767288760.0,2026-07-18 00:00:00+00:00
1784347200000,0.0003648,0.0003648,0.0003607,0.0003635,367382840.0,2026-07-18 04:00:00+00:00
1784361600000,0.0003636,0.0003659,0.0003629,0.0003653,252130178.0,2026-07-18 08:00:00+00:00
1784376000000,0.0003652,0.0003709,0.0003641,0.0003709,386244280.0,2026-07-18 12:00:00+00:00
1784390400000,0.000371,0.0003995,0.0003707,0.0003814,3083527197.0,2026-07-18 16:00:00+00:00
1784404800000,0.0003815,0.0003844,0.0003733,0.0003755,806970799.0,2026-07-18 20:00:00+00:00
1784419200000,0.0003755,0.0003765,0.0003714,0.0003729,574250548.0,2026-07-19 00:00:00+00:00
1784433600000,0.000373,0.0003741,0.0003717,0.0003727,223959680.0,2026-07-19 04:00:00+00:00
1784448000000,0.0003727,0.0003755,0.0003703,0.000374,606160393.0,2026-07-19 08:00:00+00:00
1784462400000,0.000374,0.0003806,0.0003722,0.0003732,984186733.0,2026-07-19 12:00:00+00:00
1784476800000,0.0003732,0.0003733,0.0003664,0.0003681,664340850.0,2026-07-19 16:00:00+00:00
1784491200000,0.0003681,0.0003716,0.0003674,0.0003682,252802256.0,2026-07-19 20:00:00+00:00
1784505600000,0.000368,0.0003697,0.0003647,0.0003653,486079674.0,2026-07-20 00:00:00+00:00
1784520000000,0.0003653,0.0003654,0.0003594,0.0003617,372660221.0,2026-07-20 04:00:00+00:00
1784534400000,0.0003617,0.000364,0.0003595,0.0003635,348825413.0,2026-07-20 08:00:00+00:00
1784548800000,0.0003635,0.0003656,0.0003605,0.0003653,412928097.0,2026-07-20 12:00:00+00:00
1784563200000,0.0003653,0.0003667,0.0003638,0.0003656,315639339.0,2026-07-20 16:00:00+00:00
1784577600000,0.0003654,0.0003671,0.0003636,0.0003662,212833374.0,2026-07-20 20:00:00+00:00
1784592000000,0.0003662,0.0003676,0.0003658,0.0003674,175874077.0,2026-07-21 00:00:00+00:00
1784606400000,0.0003673,0.0003725,0.0003669,0.000371,253643372.0,2026-07-21 04:00:00+00:00
1784620800000,0.0003711,0.0003731,0.0003689,0.0003697,208355180.0,2026-07-21 08:00:00+00:00
1784635200000,0.0003697,0.0003716,0.0003688,0.0003701,214828040.0,2026-07-21 12:00:00+00:00
1784649600000,0.00037,0.0003704,0.0003672,0.0003695,204717449.0,2026-07-21 16:00:00+00:00
1784664000000,0.0003692,0.0003724,0.0003689,0.0003705,267662033.0,2026-07-21 20:00:00+00:00
1784678400000,0.0003706,0.0003745,0.0003673,0.0003673,421351255.0,2026-07-22 00:00:00+00:00
1784692800000,0.0003674,0.0003701,0.0003646,0.0003663,250607369.0,2026-07-22 04:00:00+00:00
1784707200000,0.0003665,0.0003686,0.000365,0.0003652,192224434.0,2026-07-22 08:00:00+00:00
1784721600000,0.0003652,0.0003705,0.0003635,0.0003698,275904831.0,2026-07-22 12:00:00+00:00
1784736000000,0.00037,0.0003714,0.000367,0.0003677,173889140.0,2026-07-22 16:00:00+00:00
1784750400000,0.0003677,0.0003688,0.0003649,0.0003659,157363871.0,2026-07-22 20:00:00+00:00
1784764800000,0.0003658,0.0003665,0.0003623,0.0003627,219055049.0,2026-07-23 00:00:00+00:00
1784779200000,0.0003626,0.0003647,0.0003621,0.0003632,106128337.0,2026-07-23 04:00:00+00:00
1784793600000,0.0003632,0.0003656,0.0003626,0.0003642,282351161.0,2026-07-23 08:00:00+00:00
1784808000000,0.0003641,0.0003646,0.0003605,0.000362,257858082.0,2026-07-23 12:00:00+00:00
1784822400000,0.000362,0.0003623,0.0003584,0.0003592,230126379.0,2026-07-23 16:00:00+00:00
1784836800000,0.0003591,0.0003635,0.0003591,0.000361,281310207.0,2026-07-23 20:00:00+00:00
1784851200000,0.0003611,0.0003624,0.0003555,0.0003592,669524063.0,2026-07-24 00:00:00+00:00
1784865600000,0.0003592,0.0003625,0.0003585,0.0003619,224362509.0,2026-07-24 04:00:00+00:00
1784880000000,0.000362,0.000362,0.000359,0.0003602,186351402.0,2026-07-24 08:00:00+00:00
1784894400000,0.0003602,0.0003605,0.0003541,0.000356,303932601.0,2026-07-24 12:00:00+00:00
1784908800000,0.0003559,0.0003583,0.0003553,0.0003567,158929525.0,2026-07-24 16:00:00+00:00
1784923200000,0.0003571,0.0003578,0.000355,0.0003572,170862229.0,2026-07-24 20:00:00+00:00
1784937600000,0.0003572,0.0003581,0.0003549,0.0003574,209826813.0,2026-07-25 00:00:00+00:00
1784952000000,0.0003575,0.0003585,0.0003562,0.0003567,129133164.0,2026-07-25 04:00:00+00:00
1784966400000,0.0003568,0.0003568,0.0003549,0.0003557,165715662.0,2026-07-25 08:00:00+00:00
1784980800000,0.0003557,0.0003594,0.0003554,0.0003588,193273991.0,2026-07-25 12:00:00+00:00
1784995200000,0.0003589,0.0003614,0.0003585,0.000361,238091403.0,2026-07-25 16:00:00+00:00
1785009600000,0.0003611,0.0003612,0.0003594,0.00036,104475656.0,2026-07-25 20:00:00+00:00
1785024000000,0.0003601,0.000361,0.0003586,0.0003599,215093414.0,2026-07-26 00:00:00+00:00
1785038400000,0.0003599,0.0003619,0.0003591,0.0003605,141291046.0,2026-07-26 04:00:00+00:00
1785052800000,0.0003606,0.0003623,0.0003605,0.0003613,115782599.0,2026-07-26 08:00:00+00:00
1785067200000,0.0003614,0.0003623,0.00036,0.0003612,159709694.0,2026-07-26 12:00:00+00:00
1785081600000,0.0003613,0.0003623,0.00036,0.0003603,134830381.0,2026-07-26 16:00:00+00:00
1785096000000,0.0003604,0.0003637,0.0003592,0.000363,197117509.0,2026-07-26 20:00:00+00:00
1785110400000,0.0003628,0.0003628,0.0003596,0.0003604,221334472.0,2026-07-27 00:00:00+00:00
1785124800000,0.0003604,0.0003615,0.0003581,0.0003588,226820099.0,2026-07-27 04:00:00+00:00
1785139200000,0.0003588,0.0003591,0.0003556,0.0003564,243094945.0,2026-07-27 08:00:00+00:00
1785153600000,0.0003564,0.0003574,0.0003459,0.0003473,509106099.0,2026-07-27 12:00:00+00:00
1785168000000,0.0003473,0.0003498,0.0003464,0.0003493,307164721.0,2026-07-27 16:00:00+00:00
1785182400000,0.0003493,0.0003515,0.0003406,0.000342,444726868.0,2026-07-27 20:00:00+00:00
1785196800000,0.0003419,0.0003428,0.0003371,0.0003398,448542030.0,2026-07-28 00:00:00+00:00
1785211200000,0.0003399,0.0003404,0.0003336,0.000334,304098808.0,2026-07-28 04:00:00+00:00
1785225600000,0.0003341,0.0003386,0.0003341,0.0003366,309289521.0,2026-07-28 08:00:00+00:00
1785240000000,0.0003365,0.0003428,0.0003336,0.0003428,490385058.0,2026-07-28 12:00:00+00:00
1785254400000,0.0003426,0.0003429,0.0003392,0.0003407,191503692.0,2026-07-28 16:00:00+00:00
1785268800000,0.0003409,0.0003423,0.0003389,0.0003406,196721938.0,2026-07-28 20:00:00+00:00
1785283200000,0.0003404,0.0003419,0.0003277,0.0003284,633448485.0,2026-07-29 00:00:00+00:00
1785297600000,0.0003285,0.0003327,0.0003262,0.000331,252099979.0,2026-07-29 04:00:00+00:00
1785312000000,0.0003311,0.0003311,0.000328,0.0003292,250818088.0,2026-07-29 08:00:00+00:00
1785326400000,0.0003293,0.0003297,0.0003262,0.0003266,293437563.0,2026-07-29 12:00:00+00:00
1785340800000,0.0003264,0.0003329,0.0003245,0.0003252,443458809.0,2026-07-29 16:00:00+00:00
1785355200000,0.0003248,0.0003277,0.0003216,0.000327,358424681.0,2026-07-29 20:00:00+00:00
1785369600000,0.0003271,0.0003315,0.0003247,0.0003302,297095420.0,2026-07-30 00:00:00+00:00
1785384000000,0.0003302,0.000335,0.0003288,0.0003318,501787592.0,2026-07-30 04:00:00+00:00
1785398400000,0.0003317,0.0003332,0.0003305,0.0003317,254016688.0,2026-07-30 08:00:00+00:00
1785412800000,0.0003317,0.0003362,0.0003296,0.0003338,331575190.0,2026-07-30 12:00:00+00:00
1785427200000,0.0003339,0.0003352,0.0003316,0.0003317,279196965.0,2026-07-30 16:00:00+00:00
1785441600000,0.0003317,0.0003342,0.0003316,0.0003326,304856279.0,2026-07-30 20:00:00+00:00
1785456000000,0.0003327,0.0003356,0.0003313,0.0003337,264467656.0,2026-07-31 00:00:00+00:00
1785470400000,0.0003337,0.0003345,0.0003312,0.0003338,367499376.0,2026-07-31 04:00:00+00:00
1785484800000,0.0003337,0.0003338,0.0003298,0.0003316,234230629.0,2026-07-31 08:00:00+00:00
1785499200000,0.0003314,0.0003349,0.000329,0.0003325,445710820.0,2026-07-31 12:00:00+00:00
1785513600000,0.0003327,0.000336,0.0003325,0.0003332,210524377.0,2026-07-31 16:00:00+00:00
1785528000000,0.0003332,0.000334,0.000332,0.0003337,149586008.0,2026-07-31 20:00:00+00:00
1785542400000,0.0003339,0.0003404,0.0003328,0.0003387,582431294.0,2026-08-01 00:00:00+00:00
1785556800000,0.0003388,0.0003478,0.0003387,0.0003435,774247443.0,2026-08-01 04:00:00+00:00
1785571200000,0.0003435,0.0003453,0.000336,0.0003373,522488877.0,2026-08-01 08:00:00+00:00
1785585600000,0.0003372,0.0003385,0.0003352,0.0003354,189141435.0,2026-08-01 12:00:00+00:00
1785600000000,0.0003353,0.0003379,0.0003283,0.0003319,342910610.0,2026-08-01 16:00:00+00:00
1785614400000,0.0003319,0.0003323,0.0003296,0.0003306,77256009.0,2026-08-01 20:00:00+00:00
1785628800000,0.0003306,0.0003354,0.0003301,0.0003335,252109985.0,2026-08-02 00:00:00+00:00
1785643200000,0.0003335,0.0003343,0.000331,0.0003315,307723166.0,2026-08-02 04:00:00+00:00
1785657600000,0.0003315,0.0003325,0.0003302,0.0003305,140978489.0,2026-08-02 08:00:00+00:00
1785672000000,0.0003306,0.0003323,0.00033,0.0003306,143304017.0,2026-08-02 12:00:00+00:00
1785686400000,0.0003308,0.0003323,0.0003301,0.000331,102136906.0,2026-08-02 16:00:00+00:00
1785700800000,0.0003309,0.0003335,0.0003302,0.0003311,206825258.0,2026-08-02 20:00:00+00:00
1785715200000,0.0003311,0.0003319,0.0003286,0.0003295,221390076.0,2026-08-03 00:00:00+00:00
1785729600000,0.0003294,0.0003315,0.0003273,0.0003279,248884146.0,2026-08-03 04:00:00+00:00
1785744000000,0.0003279,0.0003288,0.0003252,0.0003258,215648453.0,2026-08-03 08:00:00+00:00
1785758400000,0.0003258,0.0003359,0.0003246,0.0003344,464478660.0,2026-08-03 12:00:00+00:00
1785772800000,0.0003347,0.000335,0.0003321,0.0003326,217385875.0,2026-08-03 16:00:00+00:00
1785787200000,0.0003326,0.0003336,0.0003304,0.0003309,152946286.0,2026-08-03 20:00:00+00:00
1785801600000,0.0003307,0.0003332,0.0003298,0.0003305,348581724.0,2026-08-04 00:00:00+00:00
1785816000000,0.0003305,0.0003326,0.0003304,0.0003312,187496001.0,2026-08-04 04:00:00+00:00
1785830400000,0.000331,0.000333,0.0003304,0.000331,173648117.0,2026-08-04 08:00:00+00:00
1785844800000,0.000331,0.0003315,0.0003278,0.0003296,223548918.0,2026-08-04 12:00:00+00:00
1785859200000,0.0003294,0.0003306,0.0003282,0.0003301,154745256.0,2026-08-04 16:00:00+00:00
1785873600000,0.0003302,0.0003306,0.0003279,0.0003281,128992221.0,2026-08-04 20:00:00+00:00
1785888000000,0.0003281,0.0003305,0.0003276,0.0003283,155550650.0,2026-08-05 00:00:00+00:00
1785902400000,0.0003283,0.0003326,0.0003283,0.0003307,226900929.0,2026-08-05 04:00:00+00:00
1785916800000,0.0003307,0.000332,0.0003297,0.0003299,152597651.0,2026-08-05 08:00:00+00:00
1785931200000,0.00033,0.0003316,0.0003281,0.00033,225894360.0,2026-08-05 12:00:00+00:00
1785945600000,0.0003302,0.0003329,0.000329,0.0003309,213721410.0,2026-08-05 16:00:00+00:00
1785960000000,0.0003309,0.0003318,0.0003292,0.00033,149223061.0,2026-08-05 20:00:00+00:00
1785974400000,0.0003301,0.0003321,0.0003291,0.00033,202656201.0,2026-08-06 00:00:00+00:00
1785988800000,0.00033,0.0003337,0.0003298,0.0003332,206243872.0,2026-08-06 04:00:00+00:00
1786003200000,0.0003332,0.0003348,0.0003305,0.0003323,308592323.0,2026-08-06 08:00:00+00:00
1786017600000,0.0003323,0.0003353,0.0003314,0.0003349,194181348.0,2026-08-06 12:00:00+00:00
1786032000000,0.0003349,0.0003362,0.0003327,0.0003335,188949488.0,2026-08-06 16:00:00+00:00
1786046400000,0.0003337,0.0003349,0.0003324,0.0003329,155161489.0,2026-08-06 20:00:00+00:00
1786060800000,0.0003328,0.0003352,0.0003325,0.0003328,249387645.0,2026-08-07 00:00:00+00:00
1786075200000,0.0003328,0.0003385,0.000332,0.0003368,383398542.0,2026-08-07 04:00:00+00:00
1786089600000,0.0003369,0.0003385,0.0003342,0.0003344,302076695.0,2026-08-07 08:00:00+00:00
1786104000000,0.0003344,0.0003359,0.0003322,0.000334,263940221.0,2026-08-07 12:00:00+00:00
1786118400000,0.000334,0.0003354,0.0003319,0.0003336,193226634.0,2026-08-07 16:00:00+00:00
1786132800000,0.0003336,0.0003338,0.0003321,0.0003325,85364377.0,2026-08-07 20:00:00+00:00
1786147200000,0.0003325,0.0003355,0.0003322,0.0003354,212266503.0,2026-08-08 00:00:00+00:00
1786161600000,0.0003352,0.0003416,0.000335,0.0003402,428658953.0,2026-08-08 04:00:00+00:00
1786176000000,0.0003402,0.0003501,0.0003398,0.0003409,970446243.0,2026-08-08 08:00:00+00:00
1786190400000,0.0003409,0.000343,0.0003391,0.0003407,323957978.0,2026-08-08 12:00:00+00:00
1786204800000,0.0003407,0.0003418,0.0003398,0.0003407,162240329.0,2026-08-08 16:00:00+00:00
1786219200000,0.0003407,0.000342,0.0003402,0.0003415,86035959.0,2026-08-08 20:00:00+00:00
1786233600000,0.0003415,0.0003439,0.0003406,0.0003434,154755762.0,2026-08-09 00:00:00+00:00
1786248000000,0.0003433,0.0003449,0.0003425,0.0003435,195330437.0,2026-08-09 04:00:00+00:00
1786262400000,0.0003434,0.0003448,0.0003426,0.0003433,131813549.0,2026-08-09 08:00:00+00:00
1786276800000,0.0003434,0.0003452,0.000343,0.0003446,125848005.0,2026-08-09 12:00:00+00:00
1786291200000,0.0003446,0.0003455,0.0003434,0.0003452,146516369.0,2026-08-09 16:00:00+00:00
1786305600000,0.000345,0.0003464,0.0003422,0.0003425,197485157.0,2026-08-09 20:00:00+00:00
1786320000000,0.0003425,0.0003451,0.0003421,0.0003426,196874275.0,2026-08-10 00:00:00+00:00
1786334400000,0.0003424,0.0003441,0.0003424,0.0003431,69986364.0,2026-08-10 04:00:00+00:00
1786348800000,0.0003431,0.0003435,0.0003415,0.0003425,107769465.0,2026-08-10 08:00:00+00:00
1786363200000,0.0003424,0.0003433,0.0003396,0.00034,181643540.0,2026-08-10 12:00:00+00:00
1786377600000,0.0003399,0.000341,0.0003378,0.0003382,140001608.0,2026-08-10 16:00:00+00:00
1786392000000,0.0003382,0.0003383,0.0003348,0.0003365,137136950.0,2026-08-10 20:00:00+00:00
1786406400000,0.0003365,0.000337,0.0003356,0.0003365,103965262.0,2026-08-11 00:00:00+00:00
1786420800000,0.0003365,0.0003376,0.0003331,0.0003332,240344412.0,2026-08-11 04:00:00+00:00
1786435200000,0.0003332,0.000334,0.0003312,0.0003324,276531201.0,2026-08-11 08:00:00+00:00
1786449600000,0.0003323,0.0003328,0.0003251,0.0003265,270582017.0,2026-08-11 12:00:00+00:00
1786464000000,0.0003265,0.0003273,0.0003255,0.000327,169633014.0,2026-08-11 16:00:00+00:00
1786478400000,0.000327,0.0003288,0.0003267,0.0003272,178227327.0,2026-08-11 20:00:00+00:00
1786492800000,0.0003272,0.0003279,0.0003263,0.0003263,140351810.0,2026-08-12 00:00:00+00:00
1786507200000,0.0003264,0.0003277,0.0003259,0.0003264,144027807.0,2026-08-12 04:00:00+00:00
1786521600000,0.0003265,0.0003289,0.0003257,0.0003285,229511640.0,2026-08-12 08:00:00+00:00
1786536000000,0.0003286,0.0003294,0.000326,0.0003262,338146130.0,2026-08-12 12:00:00+00:00
1786550400000,0.000326,0.000327,0.0003229,0.0003233,198522352.0,2026-08-12 16:00:00+00:00
1786564800000,0.0003233,0.0003252,0.000318,0.0003213,263102421.0,2026-08-12 20:00:00+00:00
1786579200000,0.0003213,0.0003227,0.0003182,0.0003197,198844877.0,2026-08-13 00:00:00+00:00
1786593600000,0.0003196,0.0003223,0.0003191,0.000321,140194920.0,2026-08-13 04:00:00+00:00
1786608000000,0.000321,0.0003225,0.00032,0.0003224,188393011.0,2026-08-13 08:00:00+00:00
1786622400000,0.0003225,0.0003241,0.0003212,0.0003221,346447572.0,2026-08-13 12:00:00+00:00
1786636800000,0.0003223,0.0003224,0.0003181,0.0003211,353773655.0,2026-08-13 16:00:00+00:00
1786651200000,0.0003212,0.0003231,0.0003203,0.0003231,141954469.0,2026-08-13 20:00:00+00:00
1786665600000,0.000323,0.000324,0.0003188,0.0003188,296217891.0,2026-08-14 00:00:00+00:00
1786680000000,0.0003188,0.0003197,0.0003125,0.0003132,311773261.0,2026-08-14 04:00:00+00:00
1786694400000,0.0003132,0.0003157,0.0003115,0.0003136,232409147.0,2026-08-14 08:00:00+00:00
1786708800000,0.0003137,0.0003173,0.0003128,0.0003153,379139168.0,2026-08-14 12:00:00+00:00
1786723200000,0.0003155,0.0003178,0.0003143,0.0003154,464030714.0,2026-08-14 16:00:00+00:00
1786737600000,0.0003154,0.0003168,0.000314,0.0003165,196449911.0,2026-08-14 20:00:00+00:00
1786752000000,0.0003166,0.0003177,0.0003157,0.0003174,237883818.0,2026-08-15 00:00:00+00:00
1786766400000,0.0003175,0.0003183,0.0003167,0.0003168,157333046.0,2026-08-15 04:00:00+00:00
1786780800000,0.0003168,0.0003223,0.0003167,0.0003208,421144883.0,2026-08-15 08:00:00+00:00
1786795200000,0.0003206,0.0003259,0.0003203,0.0003257,301001091.0,2026-08-15 12:00:00+00:00
1786809600000,0.0003259,0.0003264,0.0003202,0.0003206,284051303.0,2026-08-15 16:00:00+00:00
1786824000000,0.0003208,0.0003212,0.0003183,0.0003193,230621738.0,2026-08-15 20:00:00+00:00
1786838400000,0.0003193,0.0003197,0.0003169,0.0003178,276335168.0,2026-08-16 00:00:00+00:00
1786852800000,0.0003177,0.0003178,0.0003154,0.0003168,271606781.0,2026-08-16 04:00:00+00:00
1786867200000,0.0003169,0.0003186,0.0003163,0.0003169,168589595.0,2026-08-16 08:00:00+00:00
1786881600000,0.0003169,0.0003188,0.0003169,0.0003184,160273408.0,2026-08-16 12:00:00+00:00
1786896000000,0.0003183,0.0003191,0.000317,0.0003172,152440704.0,2026-08-16 16:00:00+00:00
1786910400000,0.0003171,0.0003177,0.0003112,0.0003137,377008435.0,2026-08-16 20:00:00+00:00
1786924800000,0.0003133,0.0003172,0.0003122,0.0003158,289231307.0,2026-08-17 00:00:00+00:00
1786939200000,0.0003158,0.0003167,0.0003152,0.0003154,137567598.0,2026-08-17 04:00:00+00:00
1786953600000,0.0003153,0.0003153,0.0003139,0.0003146,141282449.0,2026-08-17 08:00:00+00:00
1786968000000,0.0003146,0.0003164,0.0003126,0.0003163,330487869.0,2026-08-17 12:00:00+00:00
1786982400000,0.0003164,0.0003165,0.0003139,0.0003144,254659383.0,2026-08-17 16:00:00+00:00
1786996800000,0.0003144,0.0003155,0.000313,0.0003138,141239252.0,2026-08-17 20:00:00+00:00
1787011200000,0.0003138,0.0003147,0.0003061,0.0003077,394779642.0,2026-08-18 00:00:00+00:00
1787025600000,0.0003078,0.0003107,0.000307,0.0003092,203903006.0,2026-08-18 04:00:00+00:00
1787040000000,0.0003093,0.0003104,0.0003085,0.0003089,161629617.0,2026-08-18 08:00:00+00:00
1787054400000,0.0003088,0.0003105,0.0003082,0.0003101,195694353.0,2026-08-18 12:00:00+00:00
1787068800000,0.0003103,0.0003105,0.0003092,0.0003094,91002724.0,2026-08-18 16:00:00+00:00
1787083200000,0.0003095,0.0003098,0.0003086,0.0003092,103804552.0,2026-08-18 20:00:00+00:00
1787097600000,0.0003092,0.0003099,0.0003068,0.000309,305087367.0,2026-08-19 00:00:00+00:00
1787112000000,0.0003091,0.0003092,0.0003065,0.0003072,160506617.0,2026-08-19 04:00:00+00:00
1787126400000,0.0003072,0.0003095,0.0003072,0.0003093,228428668.0,2026-08-19 08:00:00+00:00
1787140800000,0.0003093,0.0003263,0.000309,0.0003212,891075168.0,2026-08-19 12:00:00+00:00
1787155200000,0.0003213,0.0003226,0.0003189,0.0003215,364856320.0,2026-08-19 16:00:00+00:00
1787169600000,0.0003216,0.0003347,0.0003211,0.0003304,783683578.0,2026-08-19 20:00:00+00:00
1787184000000,0.0003304,0.0003321,0.0003272,0.0003284,418831749.0,2026-08-20 00:00:00+00:00
1787198400000,0.0003285,0.0003302,0.0003271,0.0003298,326352753.0,2026-08-20 04:00:00+00:00
1787212800000,0.0003297,0.0003381,0.0003295,0.0003366,502618891.0,2026-08-20 08:00:00+00:00
1787227200000,0.0003367,0.0003431,0.0003349,0.0003415,413926532.0,2026-08-20 12:00:00+00:00
1787241600000,0.0003415,0.0003457,0.0003403,0.0003416,389622013.0,2026-08-20 16:00:00+00:00
1787256000000,0.0003416,0.0003569,0.0003415,0.0003528,1183465419.0,2026-08-20 20:00:00+00:00
1787270400000,0.0003527,0.0003643,0.0003521,0.000358,1479328735.0,2026-08-21 00:00:00+00:00
1787284800000,0.0003578,0.000362,0.0003539,0.0003616,852103984.0,2026-08-21 04:00:00+00:00
1787299200000,0.0003616,0.0003725,0.0003615,0.0003686,1256368612.0,2026-08-21 08:00:00+00:00
1787313600000,0.0003686,0.0003785,0.0003681,0.0003768,854217584.0,2026-08-21 12:00:00+00:00
1787328000000,0.000377,0.0003789,0.0003687,0.0003714,713239576.0,2026-08-21 16:00:00+00:00
1787342400000,0.0003713,0.0003824,0.00037,0.0003778,833578062.0,2026-08-21 20:00:00+00:00
1787356800000,0.0003776,0.0003942,0.0003754,0.0003929,880676672.0,2026-08-22 00:00:00+00:00
1787371200000,0.0003929,0.0003986,0.0003523,0.0003798,1912877566.0,2026-08-22 04:00:00+00:00
1787385600000,0.0003799,0.0003824,0.0003672,0.0003719,840500313.0,2026-08-22 08:00:00+00:00
1787400000000,0.0003719,0.0003773,0.0003703,0.0003703,732186599.0,2026-08-22 12:00:00+00:00
1787414400000,0.0003703,0.0003756,0.0003699,0.0003743,316228438.0,2026-08-22 16:00:00+00:00
1787428800000,0.0003743,0.000375,0.0003651,0.0003678,480626704.0,2026-08-22 20:00:00+00:00
1787443200000,0.0003678,0.0003734,0.0003569,0.0003581,679882974.0,2026-08-23 00:00:00+00:00
1787457600000,0.0003581,0.0003596,0.0003515,0.0003546,516957591.0,2026-08-23 04:00:00+00:00
1787472000000,0.0003546,0.0003643,0.0003537,0.000364,420546077.0,2026-08-23 08:00:00+00:00
1787486400000,0.000364,0.0003722,0.000362,0.0003701,621380344.0,2026-08-23 12:00:00+00:00
1787500800000,0.0003702,0.0003723,0.0003689,0.0003707,241124207.0,2026-08-23 16:00:00+00:00
1787515200000,0.0003707,0.0003764,0.0003693,0.0003743,559432748.0,2026-08-23 20:00:00+00:00
1787529600000,0.0003743,0.0003761,0.000366,0.0003661,741580208.0,2026-08-24 00:00:00+00:00
1787544000000,0.0003661,0.000369,0.0003643,0.0003679,613092237.0,2026-08-24 04:00:00+00:00
1787558400000,0.0003679,0.0003847,0.0003651,0.000382,953881473.0,2026-08-24 08:00:00+00:00
1787572800000,0.000382,0.0003823,0.0003732,0.0003776,1083834102.0,2026-08-24 12:00:00+00:00
1787587200000,0.0003776,0.0003803,0.000371,0.0003756,713620470.0,2026-08-24 16:00:00+00:00
1787601600000,0.0003757,0.0003798,0.0003742,0.0003774,374186336.0,2026-08-24 20:00:00+00:00
1787616000000,0.0003774,0.0003832,0.0003754,0.0003789,576598959.0,2026-08-25 00:00:00+00:00
1787630400000,0.0003788,0.0003819,0.0003765,0.0003791,627698507.0,2026-08-25 04:00:00+00:00
1787644800000,0.0003791,0.0003908,0.0003784,0.0003901,911677702.0,2026-08-25 08:00:00+00:00
1787659200000,0.00039,0.0003979,0.0003746,0.0003847,1945425367.0,2026-08-25 12:00:00+00:00
1787673600000,0.0003849,0.0003852,0.0003775,0.0003783,242754137.0,2026-08-25 16:00:00+00:00
1787688000000,0.0003783,0.0003785,0.000364,0.0003724,518283088.0,2026-08-25 20:00:00+00:00
1787702400000,0.0003725,0.0003776,0.000371,0.0003768,312940489.0,2026-08-26 00:00:00+00:00
1787716800000,0.0003768,0.0003786,0.000375,0.0003759,228912152.0,2026-08-26 04:00:00+00:00
1787731200000,0.0003759,0.0003788,0.0003715,0.0003743,414698476.0,2026-08-26 08:00:00+00:00
1787745600000,0.0003742,0.0003836,0.0003685,0.0003751,1126644778.0,2026-08-26 12:00:00+00:00
1787760000000,0.0003751,0.000385,0.0003747,0.0003817,473829541.0,2026-08-26 16:00:00+00:00
1787774400000,0.0003816,0.0004068,0.0003795,0.0004028,1317924949.0,2026-08-26 20:00:00+00:00
1787788800000,0.0004028,0.0004152,0.0003909,0.0003928,1603140804.0,2026-08-27 00:00:00+00:00
1787803200000,0.0003928,0.0003955,0.0003872,0.0003933,675467146.0,2026-08-27 04:00:00+00:00
1787817600000,0.0003933,0.0004077,0.0003932,0.0004011,1546902932.0,2026-08-27 08:00:00+00:00
1787832000000,0.0004013,0.0004211,0.000398,0.000407,2710319638.0,2026-08-27 12:00:00+00:00
1787846400000,0.0004076,0.0004296,0.0004073,0.0004157,3121772456.0,2026-08-27 16:00:00+00:00
1787860800000,0.0004156,0.0004163,0.0004081,0.0004123,920899383.0,2026-08-27 20:00:00+00:00
1787875200000,0.0004124,0.0004125,0.0003956,0.0003988,1012703747.0,2026-08-28 00:00:00+00:00
1787889600000,0.0003987,0.0003991,0.0003907,0.0003922,572011744.0,2026-08-28 04:00:00+00:00
1787904000000,0.0003922,0.0004003,0.0003897,0.0003985,730768596.0,2026-08-28 08:00:00+00:00
1787918400000,0.0003985,0.0004077,0.0003955,0.0003982,952781522.0,2026-08-28 12:00:00+00:00
1787932800000,0.0003983,0.0003994,0.0003892,0.000393,822537885.0,2026-08-28 16:00:00+00:00
1787947200000,0.000393,0.0003983,0.0003898,0.0003982,517319218.0,2026-08-28 20:00:00+00:00
1787961600000,0.0003982,0.0004145,0.0003964,0.0003976,1218671473.0,2026-08-29 00:00:00+00:00
1787976000000,0.0003976,0.0004042,0.0003967,0.0004003,386907670.0,2026-08-29 04:00:00+00:00
1787990400000,0.0004003,0.000402,0.0003942,0.0003973,297479839.0,2026-08-29 08:00:00+00:00
1788004800000,0.0003974,0.000409,0.000397,0.0004011,758293148.0,2026-08-29 12:00:00+00:00
1788019200000,0.000401,0.0004064,0.0003964,0.000401,640384965.0,2026-08-29 16:00:00+00:00
1788033600000,0.000401,0.0004106,0.0003979,0.0004099,470119251.0,2026-08-29 20:00:00+00:00
1788048000000,0.00041,0.0004118,0.0004039,0.0004039,460920358.0,2026-08-30 00:00:00+00:00
1788062400000,0.0004039,0.0004155,0.0004034,0.0004078,772777141.0,2026-08-30 04:00:00+00:00
1788076800000,0.000408,0.0004142,0.000406,0.0004131,346055056.0,2026-08-30 08:00:00+00:00
1788091200000,0.0004131,0.0004145,0.0004088,0.00041,367217596.0,2026-08-30 12:00:00+00:00
1788105600000,0.00041,0.0004147,0.0004095,0.0004107,337394585.0,2026-08-30 16:00:00+00:00
1788120000000,0.0004105,0.0004107,0.0003873,0.0003942,998814530.0,2026-08-30 20:00:00+00:00
1788134400000,0.0003936,0.0004084,0.0003909,0.0004045,769921847.0,2026-08-31 00:00:00+00:00
1788148800000,0.0004046,0.0004086,0.0004032,0.0004064,340257165.0,2026-08-31 04:00:00+00:00
1788163200000,0.0004063,0.0004081,0.0004022,0.0004023,332693191.0,2026-08-31 08:00:00+00:00
1788177600000,0.0004023,0.0004041,0.0003983,0.0003996,326417064.0,2026-08-31 12:00:00+00:00
1788192000000,0.0003995,0.0004015,0.0003985,0.0004002,153583029.0,2026-08-31 16:00:00+00:00
1788206400000,0.0004002,0.0004016,0.0003984,0.0004014,95737281.0,2026-08-31 20:00:00+00:00
1788220800000,0.0004014,0.0004038,0.0004006,0.0004024,231985169.0,2026-09-01 00:00:00+00:00
1788235200000,0.0004025,0.0004037,0.0004006,0.0004014,132874525.0,2026-09-01 04:00:00+00:00
1788249600000,0.0004013,0.0004022,0.0003944,0.0004006,313810855.0,2026-09-01 08:00:00+00:00
1788264000000,0.0004005,0.0004006,0.0003908,0.0003964,399050893.0,2026-09-01 12:00:00+00:00
1788278400000,0.0003963,0.0003963,0.0003847,0.0003897,336331545.0,2026-09-01 16:00:00+00:00
1788292800000,0.0003897,0.0003904,0.0003866,0.0003884,280949853.0,2026-09-01 20:00:00+00:00
1788307200000,0.0003883,0.0003919,0.0003845,0.0003915,391817569.0,2026-09-02 00:00:00+00:00
1788321600000,0.0003915,0.000394,0.0003905,0.000391,185926478.0,2026-09-02 04:00:00+00:00
1788336000000,0.0003913,0.0003919,0.0003836,0.0003874,325814408.0,2026-09-02 08:00:00+00:00
1788350400000,0.0003872,0.0003898,0.0003839,0.0003855,358098376.0,2026-09-02 12:00:00+00:00
1788364800000,0.0003852,0.0003867,0.0003806,0.0003819,206839035.0,2026-09-02 16:00:00+00:00
1788379200000,0.0003817,0.0003844,0.0003802,0.000383,192100984.0,2026-09-02 20:00:00+00:00
1788393600000,0.0003827,0.0003895,0.0003822,0.0003868,369502526.0,2026-09-03 00:00:00+00:00
1788408000000,0.0003868,0.0003912,0.0003853,0.0003888,199244360.0,2026-09-03 04:00:00+00:00
1788422400000,0.0003887,0.0003951,0.0003879,0.0003909,235380020.0,2026-09-03 08:00:00+00:00
1788436800000,0.000391,0.0004019,0.0003887,0.0004015,496794662.0,2026-09-03 12:00:00+00:00
1788451200000,0.0004015,0.0004081,0.0003979,0.000407,221353529.0,2026-09-03 16:00:00+00:00
1788465600000,0.0004069,0.0004077,0.000401,0.0004048,291924566.0,2026-09-03 20:00:00+00:00
1788480000000,0.0004048,0.0004074,0.0003988,0.0004006,487681975.0,2026-09-04 00:00:00+00:00
1788494400000,0.0004005,0.0004026,0.0003988,0.0004005,168391093.0,2026-09-04 04:00:00+00:00
1788508800000,0.0004003,0.000404,0.0004002,0.0004028,194285447.0,2026-09-04 08:00:00+00:00
1788523200000,0.0004026,0.000403,0.0003914,0.0003989,513217946.0,2026-09-04 12:00:00+00:00
1788537600000,0.0003987,0.0004019,0.0003978,0.0004018,180183943.0,2026-09-04 16:00:00+00:00
1788552000000,0.0004016,0.000403,0.0003999,0.000403,176295449.0,2026-09-04 20:00:00+00:00
1788566400000,0.000403,0.0004075,0.0004015,0.000405,264658671.0,2026-09-05 00:00:00+00:00
1788580800000,0.0004049,0.0004117,0.0004046,0.0004094,166338471.0,2026-09-05 04:00:00+00:00
1788595200000,0.0004096,0.000413,0.0004085,0.0004085,212602800.0,2026-09-05 08:00:00+00:00
1788609600000,0.0004084,0.0004168,0.0004084,0.0004103,454173050.0,2026-09-05 12:00:00+00:00
1788624000000,0.0004105,0.0004119,0.0004097,0.0004099,121180977.0,2026-09-05 16:00:00+00:00
1788638400000,0.0004098,0.0004149,0.0004086,0.0004142,215604389.0,2026-09-05 20:00:00+00:00
1788652800000,0.0004142,0.0004264,0.0004137,0.0004254,304188790.0,2026-09-06 00:00:00+00:00
1788667200000,0.0004254,0.0004266,0.0004192,0.0004204,368159512.0,2026-09-06 04:00:00+00:00
1788681600000,0.0004202,0.0004241,0.0004181,0.0004238,193034966.0,2026-09-06 08:00:00+00:00
1788696000000,0.0004239,0.0004246,0.0004153,0.0004215,272518192.0,2026-09-06 12:00:00+00:00
1788710400000,0.0004216,0.0004226,0.0004204,0.000422,87877649.0,2026-09-06 16:00:00+00:00
1788724800000,0.0004219,0.0004257,0.0004207,0.0004254,189174501.0,2026-09-06 20:00:00+00:00
1788739200000,0.0004257,0.0004272,0.0004211,0.0004228,326257633.0,2026-09-07 00:00:00+00:00
1788753600000,0.0004226,0.0004252,0.0004194,0.0004214,171110867.0,2026-09-07 04:00:00+00:00
1788768000000,0.0004215,0.0004261,0.0004211,0.0004242,173365217.0,2026-09-07 08:00:00+00:00
1788782400000,0.0004244,0.0004262,0.0004164,0.0004172,292297529.0,2026-09-07 12:00:00+00:00
1788796800000,0.0004172,0.0004229,0.0004169,0.0004204,155092652.0,2026-09-07 16:00:00+00:00
1788811200000,0.0004203,0.0004206,0.0004159,0.0004178,130561291.0,2026-09-07 20:00:00+00:00
1788825600000,0.0004178,0.0004218,0.000415,0.0004186,180671442.0,2026-09-08 00:00:00+00:00
1788840000000,0.0004185,0.000422,0.0004175,0.0004205,152796737.0,2026-09-08 04:00:00+00:00
1788854400000,0.0004205,0.0004598,0.0004176,0.0004468,3749787469.0,2026-09-08 08:00:00+00:00
1788868800000,0.0004467,0.0004499,0.0004328,0.0004476,1183453416.0,2026-09-08 12:00:00+00:00
1788883200000,0.0004476,0.0004497,0.0004397,0.0004462,894995830.0,2026-09-08 16:00:00+00:00
1788897600000,0.0004464,0.0004565,0.0004418,0.0004529,771535123.0,2026-09-08 20:00:00+00:00
1788912000000,0.0004527,0.0004551,0.0004427,0.0004469,1131216975.0,2026-09-09 00:00:00+00:00
1788926400000,0.0004468,0.0004579,0.0004449,0.0004451,607655272.0,2026-09-09 04:00:00+00:00
1788940800000,0.0004451,0.0004488,0.0004373,0.0004416,569490528.0,2026-09-09 08:00:00+00:00
1788955200000,0.0004415,0.0004447,0.0004283,0.0004328,479049489.0,2026-09-09 12:00:00+00:00
1788969600000,0.0004328,0.0004377,0.0004309,0.0004335,346237148.0,2026-09-09 16:00:00+00:00
1788984000000,0.0004335,0.0004351,0.0004252,0.0004323,879575748.0,2026-09-09 20:00:00+00:00
1788998400000,0.0004324,0.00072,0.0004323,0.0006907,157408309806.0,2026-09-10 00:00:00+00:00
1789012800000,0.0006907,0.0007296,0.0006005,0.000654,188095458353.0,2026-09-10 04:00:00+00:00
1789027200000,0.000654,0.0007346,0.0005501,0.0006689,294169404814.0,2026-09-10 08:00:00+00:00
1789041600000,0.0006689,0.0006825,0.0006036,0.0006284,263753813158.0,2026-09-10 12:00:00+00:00
1789056000000,0.0006283,0.0006344,0.000563,0.0005817,137284537636.0,2026-09-10 16:00:00+00:00
1789070400000,0.0005818,0.0006166,0.0005614,0.000572,83497855429.0,2026-09-10 20:00:00+00:00
1789084800000,0.000572,0.0005739,0.0004826,0.0004992,109873389267.0,2026-09-11 00:00:00+00:00
1789099200000,0.0004992,0.0005626,0.0004956,0.0005439,66790644986.0,2026-09-11 04:00:00+00:00
1789113600000,0.0005439,0.0006321,0.0005373,0.0005625,131873311251.0,2026-09-11 08:00:00+00:00
1789128000000,0.0005625,0.0006011,0.0005501,0.0005745,55862933960.0,2026-09-11 12:00:00+00:00
1789142400000,0.0005748,0.0005797,0.000553,0.0005691,17621941296.0,2026-09-11 16:00:00+00:00
1789156800000,0.000569,0.0005839,0.0005626,0.0005742,13339411077.0,2026-09-11 20:00:00+00:00
1789171200000,0.0005739,0.0006134,0.0005449,0.0005733,45960896443.0,2026-09-12 00:00:00+00:00
1789185600000,0.0005733,0.0008013,0.0005629,0.0007249,142394118146.0,2026-09-12 04:00:00+00:00
1789200000000,0.000725,0.0007273,0.0006632,0.0006844,70908378750.0,2026-09-12 08:00:00+00:00
1789214400000,0.0006844,0.0007122,0.0006472,0.0006605,42753612808.0,2026-09-12 12:00:00+00:00
1789228800000,0.0006602,0.0006727,0.0006445,0.0006658,16779625429.0,2026-09-12 16:00:00+00:00
1789243200000,0.0006659,0.000689,0.0006471,0.0006594,16721538598.0,2026-09-12 20:00:00+00:00
1789257600000,0.0006594,0.0007511,0.000622,0.0006847,29134183257.0,2026-09-13 00:00:00+00:00
